stage,method,metric,ebno_db,value
estimators,ls,ber,-5.0,0.2872327168782552
estimators,ls,ber,-4.5,0.2708454132080078
estimators,ls,ber,-4.0,0.25503985087076825
estimators,ls,ber,-3.5,0.23444493611653647
estimators,ls,ber,-3.0,0.2103710174560547
estimators,ls,ber,-2.5,0.16618855794270834
estimators,ls,ber,-2.0,0.12758839925130208
estimators,ls,ber,-1.5,0.08774029767071759
estimators,ls,ber,-1.0,0.05723506568843483
estimators,ls,ber,-0.5,0.03638522907838983
estimators,ls,ber,0.0,0.02440238721442945
estimators,ls,ber,0.5,0.01418145497639974
estimators,ls,ber,1.0,0.010908285776774088
estimators,ls,ber,1.5,0.006288210550944011
estimators,ls,ber,2.0,0.004159609476725261
estimators,ls,ber,2.5,0.002672274907430013
estimators,ls,ber,3.0,0.001967827479044596
estimators,ls,ber,3.5,0.0017405351003011067
estimators,ls,ber,4.0,0.0008173783620198568
estimators,ls,ber,4.5,0.0006102720896402994
estimators,ls,ber,5.0,0.00045220057169596356
estimators,ls,ber,5.5,0.0005762577056884766
estimators,ls,ber,6.0,0.00032973289489746094
estimators,ls,ber,6.5,0.0004150867462158203
estimators,ls,ber,7.0,0.0005960464477539062
estimators,ls,ber,7.5,0.0003818670908610026
estimators,ls,ber,8.0,0.00037471453348795575
estimators,ls,ber,8.5,0.00037097930908203125
estimators,ls,ber,9.0,0.00010863939921061198
estimators,ls,ber,9.5,0.0003598531087239583
estimators,ls,ber,10.0,0.00012421607971191406
estimators,ls,ber_upper_confidence,-5.0,0.2878265165745924
estimators,ls,ber_upper_confidence,-4.5,0.2714286508682048
estimators,ls,ber_upper_confidence,-4.0,0.2556119508659876
estimators,ls,ber_upper_confidence,-3.5,0.23500102853968724
estimators,ls,ber_upper_confidence,-3.0,0.21090606275929735
estimators,ls,ber_upper_confidence,-2.5,0.16666274190594904
estimators,ls,ber_upper_confidence,-2.0,0.12798028670068043
estimators,ls,ber_upper_confidence,-1.5,0.08802635777292259
estimators,ls,ber_upper_confidence,-1.0,0.05743051646795678
estimators,ls,ber_upper_confidence,-0.5,0.03651333353916458
estimators,ls,ber_upper_confidence,0.0,0.02448882436038983
estimators,ls,ber_upper_confidence,0.5,0.014236386665875699
estimators,ls,ber_upper_confidence,1.0,0.01095655623230946
estimators,ls,ber_upper_confidence,1.5,0.006324971621949383
estimators,ls,ber_upper_confidence,2.0,0.004189560332723075
estimators,ls,ber_upper_confidence,2.5,0.0026963205367336158
estimators,ls,ber_upper_confidence,3.0,0.001988484398077489
estimators,ls,ber_upper_confidence,3.5,0.0017599711023453648
estimators,ls,ber_upper_confidence,4.0,0.000830737800236697
estimators,ls,ber_upper_confidence,4.5,0.0006218315613560997
estimators,ls,ber_upper_confidence,5.0,0.0004621669121927403
estimators,ls,ber_upper_confidence,5.5,0.0005874936781428334
estimators,ls,ber_upper_confidence,6.0,0.00033825973988407153
estimators,ls,ber_upper_confidence,6.5,0.00042464007972833147
estimators,ls,ber_upper_confidence,7.0,0.0006074717519008666
estimators,ls,ber_upper_confidence,7.5,0.0003910347706683422
estimators,ls,ber_upper_confidence,8.0,0.0003837970064182128
estimators,ls,ber_upper_confidence,8.5,0.00038001696145244923
estimators,ls,ber_upper_confidence,9.0,0.00011358096741147411
estimators,ls,ber_upper_confidence,9.5,0.00036875589761997077
estimators,ls,ber_upper_confidence,10.0,0.00012949239436746218
estimators,ls,latency_ms,-5.0,546.4435583334345
estimators,ls,latency_ms,-4.5,570.2163645827605
estimators,ls,latency_ms,-4.0,545.6042333331917
estimators,ls,latency_ms,-3.5,581.147845833497
estimators,ls,latency_ms,-3.0,575.7260270835596
estimators,ls,latency_ms,-2.5,549.6406950983393
estimators,ls,latency_ms,-2.0,581.3895233331589
estimators,ls,latency_ms,-1.5,590.1769685180882
estimators,ls,latency_ms,-1.0,595.1763243592487
estimators,ls,latency_ms,-0.5,588.5750612995538
estimators,ls,latency_ms,0.0,574.5204662879006
estimators,ls,latency_ms,0.5,576.2031513021941
estimators,ls,latency_ms,1.0,565.3954911460334
estimators,ls,latency_ms,1.5,560.6405138021829
estimators,ls,latency_ms,2.0,588.0019286457514
estimators,ls,latency_ms,2.5,578.5614645834288
estimators,ls,latency_ms,3.0,577.10504348958
estimators,ls,latency_ms,3.5,566.525203645965
estimators,ls,latency_ms,4.0,569.1751677085778
estimators,ls,latency_ms,4.5,599.6494200522578
estimators,ls,latency_ms,5.0,788.6797106772566
estimators,ls,latency_ms,5.5,891.0628505208244
estimators,ls,latency_ms,6.0,830.7254489586162
estimators,ls,latency_ms,6.5,782.737630989657
estimators,ls,latency_ms,7.0,751.6176864582737
estimators,ls,latency_ms,7.5,728.5023645829076
estimators,ls,latency_ms,8.0,712.0233864581838
estimators,ls,latency_ms,8.5,792.1469466143938
estimators,ls,latency_ms,9.0,813.7806302082984
estimators,ls,latency_ms,9.5,826.4169325519495
estimators,ls,latency_ms,10.0,842.3700333338777
estimators,ls,throughput_bits_per_batch,-5.0,70067.875
estimators,ls,throughput_bits_per_batch,-4.5,71678.8125
estimators,ls,throughput_bits_per_batch,-4.0,73232.5625
estimators,ls,throughput_bits_per_batch,-3.5,75257.125
estimators,ls,throughput_bits_per_batch,-3.0,77623.6875
estimators,ls,throughput_bits_per_batch,-2.5,81967.0
estimators,ls,throughput_bits_per_batch,-2.0,85761.55
estimators,ls,throughput_bits_per_batch,-1.5,89678.77777777778
estimators,ls,throughput_bits_per_batch,-1.0,92677.56410256411
estimators,ls,throughput_bits_per_batch,-0.5,94727.18644067796
estimators,ls,throughput_bits_per_batch,0.0,95905.14772727272
estimators,ls,throughput_bits_per_batch,0.5,96909.90625
estimators,ls,throughput_bits_per_batch,1.0,97231.671875
estimators,ls,throughput_bits_per_batch,1.5,97685.84375
estimators,ls,throughput_bits_per_batch,2.0,97895.09375
estimators,ls,throughput_bits_per_batch,2.5,98041.3046875
estimators,ls,throughput_bits_per_batch,3.0,98110.5546875
estimators,ls,throughput_bits_per_batch,3.5,98132.8984375
estimators,ls,throughput_bits_per_batch,4.0,98223.6484375
estimators,ls,throughput_bits_per_batch,4.5,98244.0078125
estimators,ls,throughput_bits_per_batch,5.0,98259.546875
estimators,ls,throughput_bits_per_batch,5.5,98247.3515625
estimators,ls,throughput_bits_per_batch,6.0,98271.5859375
estimators,ls,throughput_bits_per_batch,6.5,98263.1953125
estimators,ls,throughput_bits_per_batch,7.0,98245.40625
estimators,ls,throughput_bits_per_batch,7.5,98266.4609375
estimators,ls,throughput_bits_per_batch,8.0,98267.1640625
estimators,ls,throughput_bits_per_batch,8.5,98267.53125
estimators,ls,throughput_bits_per_batch,9.0,98293.3203125
estimators,ls,throughput_bits_per_batch,9.5,98268.625
estimators,ls,throughput_bits_per_batch,10.0,98291.7890625
estimators,ls,energy_joules_per_batch,-5.0,0.00018645100000000005
estimators,ls,energy_joules_per_batch,-4.5,0.00018645100000000008
estimators,ls,energy_joules_per_batch,-4.0,0.00018645100000000008
estimators,ls,energy_joules_per_batch,-3.5,0.00018645100000000002
estimators,ls,energy_joules_per_batch,-3.0,0.00018645100000000005
estimators,ls,energy_joules_per_batch,-2.5,0.00018645100000000002
estimators,ls,energy_joules_per_batch,-2.0,0.00018645100000000008
estimators,ls,energy_joules_per_batch,-1.5,0.000186451
estimators,ls,energy_joules_per_batch,-1.0,0.00018645099999999997
estimators,ls,energy_joules_per_batch,-0.5,0.00018645100000000013
estimators,ls,energy_joules_per_batch,0.0,0.00018645100000000032
estimators,ls,energy_joules_per_batch,0.5,0.00018645100000000043
estimators,ls,energy_joules_per_batch,1.0,0.00018645100000000043
estimators,ls,energy_joules_per_batch,1.5,0.00018645100000000043
estimators,ls,energy_joules_per_batch,2.0,0.00018645100000000043
estimators,ls,energy_joules_per_batch,2.5,0.00018645100000000043
estimators,ls,energy_joules_per_batch,3.0,0.00018645100000000043
estimators,ls,energy_joules_per_batch,3.5,0.00018645100000000043
estimators,ls,energy_joules_per_batch,4.0,0.0001864510000000004
estimators,ls,energy_joules_per_batch,4.5,0.00018645100000000043
estimators,ls,energy_joules_per_batch,5.0,0.00018645100000000043
estimators,ls,energy_joules_per_batch,5.5,0.00018645100000000043
estimators,ls,energy_joules_per_batch,6.0,0.00018645100000000043
estimators,ls,energy_joules_per_batch,6.5,0.00018645100000000043
estimators,ls,energy_joules_per_batch,7.0,0.00018645100000000043
estimators,ls,energy_joules_per_batch,7.5,0.00018645100000000043
estimators,ls,energy_joules_per_batch,8.0,0.00018645100000000043
estimators,ls,energy_joules_per_batch,8.5,0.00018645100000000043
estimators,ls,energy_joules_per_batch,9.0,0.00018645100000000043
estimators,ls,energy_joules_per_batch,9.5,0.00018645100000000043
estimators,ls,energy_joules_per_batch,10.0,0.00018645100000000043
estimators,ls,avg_power_w,-5.0,0.0003412081580184526
estimators,ls,avg_power_w,-4.5,0.0003269828990902957
estimators,ls,avg_power_w,-4.0,0.00034173305229128864
estimators,ls,avg_power_w,-3.5,0.0003208322999676395
estimators,ls,avg_power_w,-3.0,0.00032385369295270534
estimators,ls,avg_power_w,-2.5,0.00033922342661807647
estimators,ls,avg_power_w,-2.0,0.00032069893336064876
estimators,ls,avg_power_w,-1.5,0.0003159238837601056
estimators,ls,avg_power_w,-1.0,0.0003132701896378829
estimators,ls,avg_power_w,-0.5,0.00031678372438737485
estimators,ls,avg_power_w,0.0,0.00032453326024171084
estimators,ls,avg_power_w,0.5,0.0003235855263523451
estimators,ls,avg_power_w,1.0,0.0003297709354244618
estimators,ls,avg_power_w,1.5,0.0003325678316315685
estimators,ls,avg_power_w,2.0,0.0003170924973484738
estimators,ls,avg_power_w,2.5,0.0003222665376344195
estimators,ls,avg_power_w,3.0,0.00032307983113886426
estimators,ls,avg_power_w,3.5,0.00032911333652953955
estimators,ls,avg_power_w,4.0,0.0003275810516306024
estimators,ls,avg_power_w,4.5,0.00031093334499306564
estimators,ls,avg_power_w,5.0,0.00023640902317607595
estimators,ls,avg_power_w,5.5,0.00020924562155298046
estimators,ls,avg_power_w,6.0,0.00022444358750984736
estimators,ls,avg_power_w,6.5,0.00023820370021594651
estimators,ls,avg_power_w,7.0,0.00024806627539405475
estimators,ls,avg_power_w,7.5,0.0002559373985103672
estimators,ls,avg_power_w,8.0,0.0002618607809042104
estimators,ls,avg_power_w,8.5,0.00023537425826973768
estimators,ls,avg_power_w,9.0,0.00022911702869147393
estimators,ls,avg_power_w,9.5,0.0002256137219069866
estimators,ls,avg_power_w,10.0,0.00022134096967110368
estimators,ls,runtime_sec,-5.0,14.142814999999246
estimators,ls,runtime_sec,-4.5,14.464658100001543
estimators,ls,runtime_sec,-4.0,13.873779699999432
estimators,ls,runtime_sec,-3.5,14.731257000003097
estimators,ls,runtime_sec,-3.0,14.58344720000241
estimators,ls,runtime_sec,-2.5,14.809760000000097
estimators,ls,runtime_sec,-2.0,18.313496699996904
estimators,ls,runtime_sec,-1.5,25.112451999997575
estimators,ls,runtime_sec,-1.0,36.588670000001
estimators,ls,runtime_sec,-0.5,54.731873599997925
estimators,ls,runtime_sec,0.0,79.97044140000071
estimators,ls,runtime_sec,0.5,116.64850319999823
estimators,ls,runtime_sec,1.0,114.69808779999948
estimators,ls,runtime_sec,1.5,113.6364573000028
estimators,ls,runtime_sec,2.0,119.02804939999987
estimators,ls,runtime_sec,2.5,117.23916090000057
estimators,ls,runtime_sec,3.0,116.50249029999759
estimators,ls,runtime_sec,3.5,115.04280359999757
estimators,ls,runtime_sec,4.0,115.57548179999867
estimators,ls,runtime_sec,4.5,121.58856949999972
estimators,ls,runtime_sec,5.0,156.83457149999958
estimators,ls,runtime_sec,5.5,175.85167549999824
estimators,ls,runtime_sec,6.0,164.86264329999904
estimators,ls,runtime_sec,6.5,156.09182750000036
estimators,ls,runtime_sec,7.0,150.06357410000055
estimators,ls,runtime_sec,7.5,145.82992650000233
estimators,ls,runtime_sec,8.0,142.11448120000568
estimators,ls,runtime_sec,8.5,157.93654550000065
estimators,ls,runtime_sec,9.0,161.11901719999878
estimators,ls,runtime_sec,9.5,163.19726000000082
estimators,ls,runtime_sec,10.0,166.23106449999614
estimators,ls,bit_errors,-5.0,451778.0
estimators,ls,bit_errors,-4.5,426003.0
estimators,ls,bit_errors,-4.0,401143.0
estimators,ls,bit_errors,-3.5,368750.0
estimators,ls,bit_errors,-3.0,330885.0
estimators,ls,bit_errors,-2.5,277729.0
estimators,ls,bit_errors,-2.0,250849.0
estimators,ls,bit_errors,-1.5,232881.0
estimators,ls,bit_errors,-1.0,219431.0
estimators,ls,bit_errors,-0.5,211032.0
estimators,ls,bit_errors,0.0,211099.0
estimators,ls,bit_errors,0.5,178444.0
estimators,ls,bit_errors,1.0,137258.0
estimators,ls,bit_errors,1.5,79124.0
estimators,ls,bit_errors,2.0,52340.0
estimators,ls,bit_errors,2.5,33625.0
estimators,ls,bit_errors,3.0,24761.0
estimators,ls,bit_errors,3.5,21901.0
estimators,ls,bit_errors,4.0,10285.0
estimators,ls,bit_errors,4.5,7679.0
estimators,ls,bit_errors,5.0,5690.0
estimators,ls,bit_errors,5.5,7251.0
estimators,ls,bit_errors,6.0,4149.0
estimators,ls,bit_errors,6.5,5223.0
estimators,ls,bit_errors,7.0,7500.0
estimators,ls,bit_errors,7.5,4805.0
estimators,ls,bit_errors,8.0,4715.0
estimators,ls,bit_errors,8.5,4668.0
estimators,ls,bit_errors,9.0,1367.0
estimators,ls,bit_errors,9.5,4528.0
estimators,ls,bit_errors,10.0,1563.0
estimators,ls,total_bits,-5.0,1572864.0
estimators,ls,total_bits,-4.5,1572864.0
estimators,ls,total_bits,-4.0,1572864.0
estimators,ls,total_bits,-3.5,1572864.0
estimators,ls,total_bits,-3.0,1572864.0
estimators,ls,total_bits,-2.5,1671168.0
estimators,ls,total_bits,-2.0,1966080.0
estimators,ls,total_bits,-1.5,2654208.0
estimators,ls,total_bits,-1.0,3833856.0
estimators,ls,total_bits,-0.5,5799936.0
estimators,ls,total_bits,0.0,8650752.0
estimators,ls,total_bits,0.5,12582912.0
estimators,ls,total_bits,1.0,12582912.0
estimators,ls,total_bits,1.5,12582912.0
estimators,ls,total_bits,2.0,12582912.0
estimators,ls,total_bits,2.5,12582912.0
estimators,ls,total_bits,3.0,12582912.0
estimators,ls,total_bits,3.5,12582912.0
estimators,ls,total_bits,4.0,12582912.0
estimators,ls,total_bits,4.5,12582912.0
estimators,ls,total_bits,5.0,12582912.0
estimators,ls,total_bits,5.5,12582912.0
estimators,ls,total_bits,6.0,12582912.0
estimators,ls,total_bits,6.5,12582912.0
estimators,ls,total_bits,7.0,12582912.0
estimators,ls,total_bits,7.5,12582912.0
estimators,ls,total_bits,8.0,12582912.0
estimators,ls,total_bits,8.5,12582912.0
estimators,ls,total_bits,9.0,12582912.0
estimators,ls,total_bits,9.5,12582912.0
estimators,ls,total_bits,10.0,12582912.0
estimators,ls,block_errors,-5.0,1024.0
estimators,ls,block_errors,-4.5,1024.0
estimators,ls,block_errors,-4.0,1024.0
estimators,ls,block_errors,-3.5,1024.0
estimators,ls,block_errors,-3.0,1021.0
estimators,ls,block_errors,-2.5,1006.0
estimators,ls,block_errors,-2.0,1007.0
estimators,ls,block_errors,-1.5,1002.0
estimators,ls,block_errors,-1.0,1017.0
estimators,ls,block_errors,-0.5,1011.0
estimators,ls,block_errors,0.0,1003.0
estimators,ls,block_errors,0.5,865.0
estimators,ls,block_errors,1.0,622.0
estimators,ls,block_errors,1.5,367.0
estimators,ls,block_errors,2.0,244.0
estimators,ls,block_errors,2.5,141.0
estimators,ls,block_errors,3.0,110.0
estimators,ls,block_errors,3.5,82.0
estimators,ls,block_errors,4.0,44.0
estimators,ls,block_errors,4.5,36.0
estimators,ls,block_errors,5.0,21.0
estimators,ls,block_errors,5.5,21.0
estimators,ls,block_errors,6.0,16.0
estimators,ls,block_errors,6.5,14.0
estimators,ls,block_errors,7.0,23.0
estimators,ls,block_errors,7.5,14.0
estimators,ls,block_errors,8.0,16.0
estimators,ls,block_errors,8.5,15.0
estimators,ls,block_errors,9.0,5.0
estimators,ls,block_errors,9.5,15.0
estimators,ls,block_errors,10.0,9.0
estimators,ls,total_blocks,-5.0,1024.0
estimators,ls,total_blocks,-4.5,1024.0
estimators,ls,total_blocks,-4.0,1024.0
estimators,ls,total_blocks,-3.5,1024.0
estimators,ls,total_blocks,-3.0,1024.0
estimators,ls,total_blocks,-2.5,1088.0
estimators,ls,total_blocks,-2.0,1280.0
estimators,ls,total_blocks,-1.5,1728.0
estimators,ls,total_blocks,-1.0,2496.0
estimators,ls,total_blocks,-0.5,3776.0
estimators,ls,total_blocks,0.0,5632.0
estimators,ls,total_blocks,0.5,8192.0
estimators,ls,total_blocks,1.0,8192.0
estimators,ls,total_blocks,1.5,8192.0
estimators,ls,total_blocks,2.0,8192.0
estimators,ls,total_blocks,2.5,8192.0
estimators,ls,total_blocks,3.0,8192.0
estimators,ls,total_blocks,3.5,8192.0
estimators,ls,total_blocks,4.0,8192.0
estimators,ls,total_blocks,4.5,8192.0
estimators,ls,total_blocks,5.0,8192.0
estimators,ls,total_blocks,5.5,8192.0
estimators,ls,total_blocks,6.0,8192.0
estimators,ls,total_blocks,6.5,8192.0
estimators,ls,total_blocks,7.0,8192.0
estimators,ls,total_blocks,7.5,8192.0
estimators,ls,total_blocks,8.0,8192.0
estimators,ls,total_blocks,8.5,8192.0
estimators,ls,total_blocks,9.0,8192.0
estimators,ls,total_blocks,9.5,8192.0
estimators,ls,total_blocks,10.0,8192.0
estimators,ls,num_batches,-5.0,16.0
estimators,ls,num_batches,-4.5,16.0
estimators,ls,num_batches,-4.0,16.0
estimators,ls,num_batches,-3.5,16.0
estimators,ls,num_batches,-3.0,16.0
estimators,ls,num_batches,-2.5,17.0
estimators,ls,num_batches,-2.0,20.0
estimators,ls,num_batches,-1.5,27.0
estimators,ls,num_batches,-1.0,39.0
estimators,ls,num_batches,-0.5,59.0
estimators,ls,num_batches,0.0,88.0
estimators,ls,num_batches,0.5,128.0
estimators,ls,num_batches,1.0,128.0
estimators,ls,num_batches,1.5,128.0
estimators,ls,num_batches,2.0,128.0
estimators,ls,num_batches,2.5,128.0
estimators,ls,num_batches,3.0,128.0
estimators,ls,num_batches,3.5,128.0
estimators,ls,num_batches,4.0,128.0
estimators,ls,num_batches,4.5,128.0
estimators,ls,num_batches,5.0,128.0
estimators,ls,num_batches,5.5,128.0
estimators,ls,num_batches,6.0,128.0
estimators,ls,num_batches,6.5,128.0
estimators,ls,num_batches,7.0,128.0
estimators,ls,num_batches,7.5,128.0
estimators,ls,num_batches,8.0,128.0
estimators,ls,num_batches,8.5,128.0
estimators,ls,num_batches,9.0,128.0
estimators,ls,num_batches,9.5,128.0
estimators,ls,num_batches,10.0,128.0
estimators,ls,runtime_total_sec,,3091.4148412999966
estimators,dft,ber,-5.0,0.24537976582845053
estimators,dft,ber,-4.5,0.22945340474446616
estimators,dft,ber,-4.0,0.20428593953450522
estimators,dft,ber,-3.5,0.1687339500144676
estimators,dft,ber,-3.0,0.12705436585441468
estimators,dft,ber,-2.5,0.08513737821030891
estimators,dft,ber,-2.0,0.05835613022502671
estimators,dft,ber,-1.5,0.035671546810963115
estimators,dft,ber,-1.0,0.023770409299616227
estimators,dft,ber,-0.5,0.01456308364868164
estimators,dft,ber,0.0,0.009397109349568685
estimators,dft,ber,0.5,0.004903237024943034
estimators,dft,ber,1.0,0.0037376085917154946
estimators,dft,ber,1.5,0.0024318695068359375
estimators,dft,ber,2.0,0.001527865727742513
estimators,dft,ber,2.5,0.0008909702301025391
estimators,dft,ber,3.0,0.000782012939453125
estimators,dft,ber,3.5,0.0005857149759928385
estimators,dft,ber,4.0,0.000303188959757487
estimators,dft,ber,4.5,0.00013343493143717447
estimators,dft,ber,5.0,0.00034364064534505207
estimators,dft,ber,5.5,4.967053731282552e-05
estimators,dft,ber,6.0,0.00010911623636881511
estimators,dft,ber,6.5,7.828076680501302e-05
estimators,dft,ber,7.0,6.119410196940105e-05
estimators,dft,ber,7.5,0.00013629595438639322
estimators,dft,ber,8.0,7.049242655436198e-05
estimators,dft,ber,8.5,0.00013709068298339844
estimators,dft,ber,9.0,5.443890889485677e-05
estimators,dft,ber,9.5,5.4677327473958336e-05
estimators,dft,ber,10.0,0.00017944971720377603
estimators,dft,ber_upper_confidence,-5.0,0.24594457524523264
estimators,dft,ber_upper_confidence,-4.5,0.2300053480779233
estimators,dft,ber_upper_confidence,-4.0,0.20481523335518453
estimators,dft,ber_upper_confidence,-3.5,0.16919755845840834
estimators,dft,ber_upper_confidence,-3.0,0.1274361139608641
estimators,dft,ber_upper_confidence,-2.5,0.08540965426644048
estimators,dft,ber_upper_confidence,-2.0,0.058553364841946016
estimators,dft,ber_upper_confidence,-1.5,0.03579633699550466
estimators,dft,ber_upper_confidence,-1.0,0.023852539879452263
estimators,dft,ber_upper_confidence,-0.5,0.014618737312223231
estimators,dft,ber_upper_confidence,0.0,0.00944195368320787
estimators,dft,ber_upper_confidence,0.5,0.0049357336380357756
estimators,dft,ber_upper_confidence,1.0,0.0037660111956543917
estimators,dft,ber_upper_confidence,1.5,0.002454815793755811
estimators,dft,ber_upper_confidence,2.0,0.0015460844238512977
estimators,dft,ber_upper_confidence,2.5,0.0009049128201926959
estimators,dft,ber_upper_confidence,3.0,0.000795082775236639
estimators,dft,ber_upper_confidence,3.5,0.0005970418318280776
estimators,dft,ber_upper_confidence,4.0,0.00031136997915263395
estimators,dft,ber_upper_confidence,4.5,0.0001388995125174929
estimators,dft,ber_upper_confidence,5.0,0.00035234312576279246
estimators,dft,ber_upper_confidence,5.5,5.304775184438489e-05
estimators,dft,ber_upper_confidence,6.0,0.00011406839527540466
estimators,dft,ber_upper_confidence,6.5,8.249215313509069e-05
estimators,dft,ber_upper_confidence,7.0,6.493044522368836e-05
estimators,dft,ber_upper_confidence,7.5,0.00014181763132401252
estimators,dft,ber_upper_confidence,8.0,7.449447680490274e-05
estimators,dft,ber_upper_confidence,8.5,0.00014262811327686204
estimators,dft,ber_upper_confidence,9.0,5.796930248788623e-05
estimators,dft,ber_upper_confidence,9.5,5.82152004345469e-05
estimators,dft,ber_upper_confidence,10.0,0.00018576922447882893
estimators,dft,latency_ms,-5.0,766.5120895827878
estimators,dft,latency_ms,-4.5,931.6586645819863
estimators,dft,latency_ms,-4.0,871.1755583337018
estimators,dft,latency_ms,-3.5,901.7630388874535
estimators,dft,latency_ms,-3.0,866.4213261912593
estimators,dft,latency_ms,-2.5,845.1544764365077
estimators,dft,latency_ms,-2.0,843.7955782048258
estimators,dft,latency_ms,-1.5,775.8918013659018
estimators,dft,latency_ms,-1.0,834.2109728070895
estimators,dft,latency_ms,-0.5,805.1613544269278
estimators,dft,latency_ms,0.0,847.1276067708961
estimators,dft,latency_ms,0.5,873.0363575521372
estimators,dft,latency_ms,1.0,838.9445177083693
estimators,dft,latency_ms,1.5,902.2775731775417
estimators,dft,latency_ms,2.0,878.395459895585
estimators,dft,latency_ms,2.5,832.1217427082663
estimators,dft,latency_ms,3.0,876.0727927083556
estimators,dft,latency_ms,3.5,875.6562239582017
estimators,dft,latency_ms,4.0,582.7202114585633
estimators,dft,latency_ms,4.5,573.3348692704952
estimators,dft,latency_ms,5.0,573.4999052085344
estimators,dft,latency_ms,5.5,575.7168794271182
estimators,dft,latency_ms,6.0,576.6614036460554
estimators,dft,latency_ms,6.5,576.470904427565
estimators,dft,latency_ms,7.0,578.8745755208696
estimators,dft,latency_ms,7.5,580.5431177084573
estimators,dft,latency_ms,8.0,583.9166973960049
estimators,dft,latency_ms,8.5,586.2396802082502
estimators,dft,latency_ms,9.0,588.079370833127
estimators,dft,latency_ms,9.5,584.1083153645444
estimators,dft,latency_ms,10.0,584.1823255204007
estimators,dft,throughput_bits_per_batch,-5.0,74182.1875
estimators,dft,throughput_bits_per_batch,-4.5,75747.8125
estimators,dft,throughput_bits_per_batch,-4.0,78221.875
estimators,dft,throughput_bits_per_batch,-3.5,81716.77777777778
estimators,dft,throughput_bits_per_batch,-3.0,85814.04761904762
estimators,dft,throughput_bits_per_batch,-2.5,89934.6551724138
estimators,dft,throughput_bits_per_batch,-2.0,92567.35897435897
estimators,dft,throughput_bits_per_batch,-1.5,94797.34426229508
estimators,dft,throughput_bits_per_batch,-1.0,95967.27368421052
estimators,dft,throughput_bits_per_batch,-0.5,96872.390625
estimators,dft,throughput_bits_per_batch,0.0,97380.2265625
estimators,dft,throughput_bits_per_batch,0.5,97821.9921875
estimators,dft,throughput_bits_per_batch,1.0,97936.578125
estimators,dft,throughput_bits_per_batch,1.5,98064.9375
estimators,dft,throughput_bits_per_batch,2.0,98153.8046875
estimators,dft,throughput_bits_per_batch,2.5,98216.4140625
estimators,dft,throughput_bits_per_batch,3.0,98227.125
estimators,dft,throughput_bits_per_batch,3.5,98246.421875
estimators,dft,throughput_bits_per_batch,4.0,98274.1953125
estimators,dft,throughput_bits_per_batch,4.5,98290.8828125
estimators,dft,throughput_bits_per_batch,5.0,98270.21875
estimators,dft,throughput_bits_per_batch,5.5,98299.1171875
estimators,dft,throughput_bits_per_batch,6.0,98293.2734375
estimators,dft,throughput_bits_per_batch,6.5,98296.3046875
estimators,dft,throughput_bits_per_batch,7.0,98297.984375
estimators,dft,throughput_bits_per_batch,7.5,98290.6015625
estimators,dft,throughput_bits_per_batch,8.0,98297.0703125
estimators,dft,throughput_bits_per_batch,8.5,98290.5234375
estimators,dft,throughput_bits_per_batch,9.0,98298.6484375
estimators,dft,throughput_bits_per_batch,9.5,98298.625
estimators,dft,throughput_bits_per_batch,10.0,98286.359375
estimators,dft,energy_joules_per_batch,-5.0,0.00018645100000000005
estimators,dft,energy_joules_per_batch,-4.5,0.00018645100000000002
estimators,dft,energy_joules_per_batch,-4.0,0.00018645100000000002
estimators,dft,energy_joules_per_batch,-3.5,0.00018645100000000005
estimators,dft,energy_joules_per_batch,-3.0,0.00018645100000000005
estimators,dft,energy_joules_per_batch,-2.5,0.000186451
estimators,dft,energy_joules_per_batch,-2.0,0.0001864509999999999
estimators,dft,energy_joules_per_batch,-1.5,0.00018645100000000018
estimators,dft,energy_joules_per_batch,-1.0,0.00018645100000000035
estimators,dft,energy_joules_per_batch,-0.5,0.00018645100000000043
estimators,dft,energy_joules_per_batch,0.0,0.00018645100000000043
estimators,dft,energy_joules_per_batch,0.5,0.00018645100000000043
estimators,dft,energy_joules_per_batch,1.0,0.00018645100000000043
estimators,dft,energy_joules_per_batch,1.5,0.00018645100000000043
estimators,dft,energy_joules_per_batch,2.0,0.00018645100000000043
estimators,dft,energy_joules_per_batch,2.5,0.00018645100000000043
estimators,dft,energy_joules_per_batch,3.0,0.00018645100000000043
estimators,dft,energy_joules_per_batch,3.5,0.00018645100000000043
estimators,dft,energy_joules_per_batch,4.0,0.00018645100000000043
estimators,dft,energy_joules_per_batch,4.5,0.00018645100000000043
estimators,dft,energy_joules_per_batch,5.0,0.00018645100000000043
estimators,dft,energy_joules_per_batch,5.5,0.00018645100000000043
estimators,dft,energy_joules_per_batch,6.0,0.00018645100000000043
estimators,dft,energy_joules_per_batch,6.5,0.00018645100000000043
estimators,dft,energy_joules_per_batch,7.0,0.00018645100000000043
estimators,dft,energy_joules_per_batch,7.5,0.00018645100000000043
estimators,dft,energy_joules_per_batch,8.0,0.00018645100000000043
estimators,dft,energy_joules_per_batch,8.5,0.00018645100000000043
estimators,dft,energy_joules_per_batch,9.0,0.00018645100000000043
estimators,dft,energy_joules_per_batch,9.5,0.00018645100000000043
estimators,dft,energy_joules_per_batch,10.0,0.00018645100000000043
estimators,dft,avg_power_w,-5.0,0.0002432460003357354
estimators,dft,avg_power_w,-4.5,0.00020012801585831465
estimators,dft,avg_power_w,-4.0,0.0002140223037898641
estimators,dft,avg_power_w,-3.5,0.0002067627436028352
estimators,dft,avg_power_w,-3.0,0.00021519668822053174
estimators,dft,avg_power_w,-2.5,0.00022061174045500913
estimators,dft,avg_power_w,-2.0,0.0002209670266306375
estimators,dft,avg_power_w,-1.5,0.00024030541329572835
estimators,dft,avg_power_w,-1.0,0.00022350581097321164
estimators,dft,avg_power_w,-0.5,0.00023156973316572875
estimators,dft,avg_power_w,0.0,0.0002200978914035388
estimators,dft,avg_power_w,0.5,0.00021356613431630845
estimators,dft,avg_power_w,1.0,0.00022224473259483627
estimators,dft,avg_power_w,1.5,0.00020664483474124026
estimators,dft,avg_power_w,2.0,0.00021226316450014882
estimators,dft,avg_power_w,2.5,0.00022406697293255118
estimators,dft,avg_power_w,3.0,0.00021282592217433457
estimators,dft,avg_power_w,3.5,0.0002129271681039298
estimators,dft,avg_power_w,4.0,0.0003199665917427317
estimators,dft,avg_power_w,4.5,0.0003252043613486104
estimators,dft,avg_power_w,5.0,0.00032511077736308193
estimators,dft,avg_power_w,5.5,0.0003238588387151915
estimators,dft,avg_power_w,6.0,0.0003233283844230379
estimators,dft,avg_power_w,6.5,0.00032343523076007816
estimators,dft,avg_power_w,7.0,0.00032209222495604056
estimators,dft,avg_power_w,7.5,0.00032116649790969384
estimators,dft,avg_power_w,8.0,0.000319310957935412
estimators,dft,avg_power_w,8.5,0.00031804568386392294
estimators,dft,avg_power_w,9.0,0.00031705074050779385
estimators,dft,avg_power_w,9.5,0.0003192062073001573
estimators,dft,avg_power_w,10.0,0.0003191657670127324
estimators,dft,runtime_sec,-5.0,19.197200199996587
estimators,dft,runtime_sec,-4.5,22.83407879999868
estimators,dft,runtime_sec,-4.0,21.567875599997933
estimators,dft,runtime_sec,-3.5,24.98683219999657
estimators,dft,runtime_sec,-3.0,28.024774899997283
estimators,dft,runtime_sec,-2.5,37.914777799996955
estimators,dft,runtime_sec,-2.0,50.904068999996525
estimators,dft,runtime_sec,-1.5,73.20208149999962
estimators,dft,runtime_sec,-1.0,122.58177689999866
estimators,dft,runtime_sec,-0.5,160.14439130000392
estimators,dft,runtime_sec,0.0,167.6458339000019
estimators,dft,runtime_sec,0.5,173.2007850999944
estimators,dft,runtime_sec,1.0,166.1245587999947
estimators,dft,runtime_sec,1.5,178.20541790000425
estimators,dft,runtime_sec,2.0,173.34970199999952
estimators,dft,runtime_sec,2.5,164.53645020000113
estimators,dft,runtime_sec,3.0,172.4334097000028
estimators,dft,runtime_sec,3.5,173.69318000000203
estimators,dft,runtime_sec,4.0,117.03979410000466
estimators,dft,runtime_sec,4.5,115.33065549999446
estimators,dft,runtime_sec,5.0,115.17887879999762
estimators,dft,runtime_sec,5.5,115.48414169999887
estimators,dft,runtime_sec,6.0,115.57659720000083
estimators,dft,runtime_sec,6.5,115.45239130000118
estimators,dft,runtime_sec,7.0,115.85164320000331
estimators,dft,runtime_sec,7.5,116.09253500000341
estimators,dft,runtime_sec,8.0,116.76174989999708
estimators,dft,runtime_sec,8.5,117.0341544000039
estimators,dft,runtime_sec,9.0,117.29112470000109
estimators,dft,runtime_sec,9.5,116.72661939999671
estimators,dft,runtime_sec,10.0,116.69231589999981
estimators,dft,bit_errors,-5.0,385949.0
estimators,dft,bit_errors,-4.5,360899.0
estimators,dft,bit_errors,-4.0,321314.0
estimators,dft,bit_errors,-3.5,298570.0
estimators,dft,bit_errors,-3.0,262289.0
estimators,dft,bit_errors,-2.5,242711.0
estimators,dft,bit_errors,-2.0,223729.0
estimators,dft,bit_errors,-1.5,213906.0
estimators,dft,bit_errors,-1.0,221989.0
estimators,dft,bit_errors,-0.5,183246.0
estimators,dft,bit_errors,0.0,118243.0
estimators,dft,bit_errors,0.5,61697.0
estimators,dft,bit_errors,1.0,47030.0
estimators,dft,bit_errors,1.5,30600.0
estimators,dft,bit_errors,2.0,19225.0
estimators,dft,bit_errors,2.5,11211.0
estimators,dft,bit_errors,3.0,9840.0
estimators,dft,bit_errors,3.5,7370.0
estimators,dft,bit_errors,4.0,3815.0
estimators,dft,bit_errors,4.5,1679.0
estimators,dft,bit_errors,5.0,4324.0
estimators,dft,bit_errors,5.5,625.0
estimators,dft,bit_errors,6.0,1373.0
estimators,dft,bit_errors,6.5,985.0
estimators,dft,bit_errors,7.0,770.0
estimators,dft,bit_errors,7.5,1715.0
estimators,dft,bit_errors,8.0,887.0
estimators,dft,bit_errors,8.5,1725.0
estimators,dft,bit_errors,9.0,685.0
estimators,dft,bit_errors,9.5,688.0
estimators,dft,bit_errors,10.0,2258.0
estimators,dft,total_bits,-5.0,1572864.0
estimators,dft,total_bits,-4.5,1572864.0
estimators,dft,total_bits,-4.0,1572864.0
estimators,dft,total_bits,-3.5,1769472.0
estimators,dft,total_bits,-3.0,2064384.0
estimators,dft,total_bits,-2.5,2850816.0
estimators,dft,total_bits,-2.0,3833856.0
estimators,dft,total_bits,-1.5,5996544.0
estimators,dft,total_bits,-1.0,9338880.0
estimators,dft,total_bits,-0.5,12582912.0
estimators,dft,total_bits,0.0,12582912.0
estimators,dft,total_bits,0.5,12582912.0
estimators,dft,total_bits,1.0,12582912.0
estimators,dft,total_bits,1.5,12582912.0
estimators,dft,total_bits,2.0,12582912.0
estimators,dft,total_bits,2.5,12582912.0
estimators,dft,total_bits,3.0,12582912.0
estimators,dft,total_bits,3.5,12582912.0
estimators,dft,total_bits,4.0,12582912.0
estimators,dft,total_bits,4.5,12582912.0
estimators,dft,total_bits,5.0,12582912.0
estimators,dft,total_bits,5.5,12582912.0
estimators,dft,total_bits,6.0,12582912.0
estimators,dft,total_bits,6.5,12582912.0
estimators,dft,total_bits,7.0,12582912.0
estimators,dft,total_bits,7.5,12582912.0
estimators,dft,total_bits,8.0,12582912.0
estimators,dft,total_bits,8.5,12582912.0
estimators,dft,total_bits,9.0,12582912.0
estimators,dft,total_bits,9.5,12582912.0
estimators,dft,total_bits,10.0,12582912.0
estimators,dft,block_errors,-5.0,1024.0
estimators,dft,block_errors,-4.5,1023.0
estimators,dft,block_errors,-4.0,1001.0
estimators,dft,block_errors,-3.5,1050.0
estimators,dft,block_errors,-3.0,1012.0
estimators,dft,block_errors,-2.5,1026.0
estimators,dft,block_errors,-2.0,1010.0
estimators,dft,block_errors,-1.5,1008.0
estimators,dft,block_errors,-1.0,1006.0
estimators,dft,block_errors,-0.5,843.0
estimators,dft,block_errors,0.0,553.0
estimators,dft,block_errors,0.5,286.0
estimators,dft,block_errors,1.0,217.0
estimators,dft,block_errors,1.5,142.0
estimators,dft,block_errors,2.0,84.0
estimators,dft,block_errors,2.5,55.0
estimators,dft,block_errors,3.0,39.0
estimators,dft,block_errors,3.5,32.0
estimators,dft,block_errors,4.0,17.0
estimators,dft,block_errors,4.5,8.0
estimators,dft,block_errors,5.0,15.0
estimators,dft,block_errors,5.5,3.0
estimators,dft,block_errors,6.0,4.0
estimators,dft,block_errors,6.5,4.0
estimators,dft,block_errors,7.0,2.0
estimators,dft,block_errors,7.5,6.0
estimators,dft,block_errors,8.0,3.0
estimators,dft,block_errors,8.5,6.0
estimators,dft,block_errors,9.0,1.0
estimators,dft,block_errors,9.5,2.0
estimators,dft,block_errors,10.0,7.0
estimators,dft,total_blocks,-5.0,1024.0
estimators,dft,total_blocks,-4.5,1024.0
estimators,dft,total_blocks,-4.0,1024.0
estimators,dft,total_blocks,-3.5,1152.0
estimators,dft,total_blocks,-3.0,1344.0
estimators,dft,total_blocks,-2.5,1856.0
estimators,dft,total_blocks,-2.0,2496.0
estimators,dft,total_blocks,-1.5,3904.0
estimators,dft,total_blocks,-1.0,6080.0
estimators,dft,total_blocks,-0.5,8192.0
estimators,dft,total_blocks,0.0,8192.0
estimators,dft,total_blocks,0.5,8192.0
estimators,dft,total_blocks,1.0,8192.0
estimators,dft,total_blocks,1.5,8192.0
estimators,dft,total_blocks,2.0,8192.0
estimators,dft,total_blocks,2.5,8192.0
estimators,dft,total_blocks,3.0,8192.0
estimators,dft,total_blocks,3.5,8192.0
estimators,dft,total_blocks,4.0,8192.0
estimators,dft,total_blocks,4.5,8192.0
estimators,dft,total_blocks,5.0,8192.0
estimators,dft,total_blocks,5.5,8192.0
estimators,dft,total_blocks,6.0,8192.0
estimators,dft,total_blocks,6.5,8192.0
estimators,dft,total_blocks,7.0,8192.0
estimators,dft,total_blocks,7.5,8192.0
estimators,dft,total_blocks,8.0,8192.0
estimators,dft,total_blocks,8.5,8192.0
estimators,dft,total_blocks,9.0,8192.0
estimators,dft,total_blocks,9.5,8192.0
estimators,dft,total_blocks,10.0,8192.0
estimators,dft,num_batches,-5.0,16.0
estimators,dft,num_batches,-4.5,16.0
estimators,dft,num_batches,-4.0,16.0
estimators,dft,num_batches,-3.5,18.0
estimators,dft,num_batches,-3.0,21.0
estimators,dft,num_batches,-2.5,29.0
estimators,dft,num_batches,-2.0,39.0
estimators,dft,num_batches,-1.5,61.0
estimators,dft,num_batches,-1.0,95.0
estimators,dft,num_batches,-0.5,128.0
estimators,dft,num_batches,0.0,128.0
estimators,dft,num_batches,0.5,128.0
estimators,dft,num_batches,1.0,128.0
estimators,dft,num_batches,1.5,128.0
estimators,dft,num_batches,2.0,128.0
estimators,dft,num_batches,2.5,128.0
estimators,dft,num_batches,3.0,128.0
estimators,dft,num_batches,3.5,128.0
estimators,dft,num_batches,4.0,128.0
estimators,dft,num_batches,4.5,128.0
estimators,dft,num_batches,5.0,128.0
estimators,dft,num_batches,5.5,128.0
estimators,dft,num_batches,6.0,128.0
estimators,dft,num_batches,6.5,128.0
estimators,dft,num_batches,7.0,128.0
estimators,dft,num_batches,7.5,128.0
estimators,dft,num_batches,8.0,128.0
estimators,dft,num_batches,8.5,128.0
estimators,dft,num_batches,9.0,128.0
estimators,dft,num_batches,9.5,128.0
estimators,dft,num_batches,10.0,128.0
estimators,dft,runtime_total_sec,,3441.0597968999864
estimators,lmmse,ber,-5.0,0.15972109194155093
estimators,lmmse,ber,-4.5,0.11757683031486743
estimators,lmmse,ber,-4.0,0.08783649262927827
estimators,lmmse,ber,-3.5,0.06510004266962274
estimators,lmmse,ber,-3.0,0.04483291526245915
estimators,lmmse,ber,-2.5,0.029446614583333332
estimators,lmmse,ber,-2.0,0.023288832770453557
estimators,lmmse,ber,-1.5,0.013147910435994467
estimators,lmmse,ber,-1.0,0.009495099385579428
estimators,lmmse,ber,-0.5,0.0062571366628011065
estimators,lmmse,ber,0.0,0.00443720817565918
estimators,lmmse,ber,0.5,0.003103176752726237
estimators,lmmse,ber,1.0,0.0021484692891438804
estimators,lmmse,ber,1.5,0.001407305399576823
estimators,lmmse,ber,2.0,0.0011566480000813801
estimators,lmmse,ber,2.5,0.0007182757059733073
estimators,lmmse,ber,3.0,0.0005861123402913412
estimators,lmmse,ber,3.5,0.0005207061767578125
estimators,lmmse,ber,4.0,0.0004722277323404948
estimators,lmmse,ber,4.5,0.000356594721476237
estimators,lmmse,ber,5.0,0.00019971529642740885
estimators,lmmse,ber,5.5,0.00020138422648111978
estimators,lmmse,ber,6.0,0.00017905235290527344
estimators,lmmse,ber,6.5,0.0001472632090250651
estimators,lmmse,ber,7.0,0.00025399525960286457
estimators,lmmse,ber,7.5,0.00012993812561035156
estimators,lmmse,ber,8.0,0.00017531712849934897
estimators,lmmse,ber,8.5,9.640057881673177e-05
estimators,lmmse,ber,9.0,8.789698282877605e-05
estimators,lmmse,ber,9.5,0.00014440218607584635
estimators,lmmse,ber,10.0,5.920728047688802e-05
estimators,lmmse,ber_upper_confidence,-5.0,0.16017461226074334
estimators,lmmse,ber_upper_confidence,-4.5,0.11793758010532578
estimators,lmmse,ber_upper_confidence,-4.0,0.0881175294579496
estimators,lmmse,ber_upper_confidence,-3.5,0.06531313810375482
estimators,lmmse,ber_upper_confidence,-3.0,0.04498517895439105
estimators,lmmse,ber_upper_confidence,-2.5,0.02954919645764637
estimators,lmmse,ber_upper_confidence,-2.0,0.023369723345520663
estimators,lmmse,ber_upper_confidence,-1.5,0.013200834325521637
estimators,lmmse,ber_upper_confidence,-1.0,0.009540174128693495
estimators,lmmse,ber_upper_confidence,-0.5,0.006293807633629112
estimators,lmmse,ber_upper_confidence,0.0,0.004468134433733289
estimators,lmmse,ber_upper_confidence,0.5,0.0031290746260571765
estimators,lmmse,ber_upper_confidence,1.0,0.002170046707710982
estimators,lmmse,ber_upper_confidence,1.5,0.0014247959469671596
estimators,lmmse,ber_upper_confidence,2.0,0.0011725167033072796
estimators,lmmse,ber_upper_confidence,2.5,0.0007308065155941183
estimators,lmmse,ber_upper_confidence,3.0,0.0005974429986070099
estimators,lmmse,ber_upper_confidence,3.5,0.0005313925163959901
estimators,lmmse,ber_upper_confidence,4.0,0.00048240989431137517
estimators,lmmse,ber_upper_confidence,4.5,0.00036545762079445867
estimators,lmmse,ber_upper_confidence,5.0,0.000206376021006493
estimators,lmmse,ber_upper_confidence,5.5,0.00020807226221087206
estimators,lmmse,ber_upper_confidence,6.0,0.00018536498193990006
estimators,lmmse,ber_upper_confidence,6.5,0.00015299838670386283
estimators,lmmse,ber_upper_confidence,7.0,0.0002614926413273297
estimators,lmmse,ber_upper_confidence,7.5,0.00013533208502772165
estimators,lmmse,ber_upper_confidence,8.0,0.00018156472518134648
estimators,lmmse,ber_upper_confidence,8.5,0.00010106189375521593
estimators,lmmse,ber_upper_confidence,9.0,9.235295027030708e-05
estimators,lmmse,ber_upper_confidence,9.5,0.0001500824569999798
estimators,lmmse,ber_upper_confidence,10.0,6.288428431195111e-05
estimators,lmmse,latency_ms,-5.0,585.9393777781697
estimators,lmmse,latency_ms,-4.5,586.3565696964209
estimators,lmmse,latency_ms,-4.0,585.9225940468187
estimators,lmmse,latency_ms,-3.5,586.1635454951673
estimators,lmmse,latency_ms,-3.0,586.203765686593
estimators,lmmse,latency_ms,-2.5,589.6836593328354
estimators,lmmse,latency_ms,-2.0,590.1329562501855
estimators,lmmse,latency_ms,-1.5,592.229629427179
estimators,lmmse,latency_ms,-1.0,595.417948958725
estimators,lmmse,latency_ms,-0.5,597.6365348954278
estimators,lmmse,latency_ms,0.0,600.6668903644072
estimators,lmmse,latency_ms,0.5,603.999745833305
estimators,lmmse,latency_ms,1.0,607.9124981772839
estimators,lmmse,latency_ms,1.5,607.6474841143227
estimators,lmmse,latency_ms,2.0,610.1831997395084
estimators,lmmse,latency_ms,2.5,613.1774567706702
estimators,lmmse,latency_ms,3.0,612.513256771108
estimators,lmmse,latency_ms,3.5,615.6752098957827
estimators,lmmse,latency_ms,4.0,615.9672059895047
estimators,lmmse,latency_ms,4.5,619.8391091150188
estimators,lmmse,latency_ms,5.0,623.3000317709229
estimators,lmmse,latency_ms,5.5,626.6760020832567
estimators,lmmse,latency_ms,6.0,632.5159044264683
estimators,lmmse,latency_ms,6.5,635.1595442708049
estimators,lmmse,latency_ms,7.0,637.1658427085254
estimators,lmmse,latency_ms,7.5,642.2135513018634
estimators,lmmse,latency_ms,8.0,645.0024114580788
estimators,lmmse,latency_ms,8.5,648.2362419270362
estimators,lmmse,latency_ms,9.0,651.8499208338812
estimators,lmmse,latency_ms,9.5,654.7979927088069
estimators,lmmse,latency_ms,10.0,658.1198700524443
estimators,lmmse,throughput_bits_per_batch,-5.0,82602.77777777778
estimators,lmmse,throughput_bits_per_batch,-4.5,86745.72727272728
estimators,lmmse,throughput_bits_per_batch,-4.0,89669.32142857143
estimators,lmmse,throughput_bits_per_batch,-3.5,91904.4054054054
estimators,lmmse,throughput_bits_per_batch,-3.0,93896.74509803922
estimators,lmmse,throughput_bits_per_batch,-2.5,95409.28
estimators,lmmse,throughput_bits_per_batch,-2.0,96014.61458333333
estimators,lmmse,throughput_bits_per_batch,-1.5,97011.5078125
estimators,lmmse,throughput_bits_per_batch,-1.0,97370.59375
estimators,lmmse,throughput_bits_per_batch,-0.5,97688.8984375
estimators,lmmse,throughput_bits_per_batch,0.0,97867.8046875
estimators,lmmse,throughput_bits_per_batch,0.5,97998.9453125
estimators,lmmse,throughput_bits_per_batch,1.0,98092.796875
estimators,lmmse,throughput_bits_per_batch,1.5,98165.65625
estimators,lmmse,throughput_bits_per_batch,2.0,98190.296875
estimators,lmmse,throughput_bits_per_batch,2.5,98233.390625
estimators,lmmse,throughput_bits_per_batch,3.0,98246.3828125
estimators,lmmse,throughput_bits_per_batch,3.5,98252.8125
estimators,lmmse,throughput_bits_per_batch,4.0,98257.578125
estimators,lmmse,throughput_bits_per_batch,4.5,98268.9453125
estimators,lmmse,throughput_bits_per_batch,5.0,98284.3671875
estimators,lmmse,throughput_bits_per_batch,5.5,98284.203125
estimators,lmmse,throughput_bits_per_batch,6.0,98286.3984375
estimators,lmmse,throughput_bits_per_batch,6.5,98289.5234375
estimators,lmmse,throughput_bits_per_batch,7.0,98279.03125
estimators,lmmse,throughput_bits_per_batch,7.5,98291.2265625
estimators,lmmse,throughput_bits_per_batch,8.0,98286.765625
estimators,lmmse,throughput_bits_per_batch,8.5,98294.5234375
estimators,lmmse,throughput_bits_per_batch,9.0,98295.359375
estimators,lmmse,throughput_bits_per_batch,9.5,98289.8046875
estimators,lmmse,throughput_bits_per_batch,10.0,98298.1796875
estimators,lmmse,energy_joules_per_batch,-5.0,0.0001864510000000001
estimators,lmmse,energy_joules_per_batch,-4.5,0.000186451
estimators,lmmse,energy_joules_per_batch,-4.0,0.00018645099999999997
estimators,lmmse,energy_joules_per_batch,-3.5,0.00018645099999999997
estimators,lmmse,energy_joules_per_batch,-3.0,0.00018645100000000005
estimators,lmmse,energy_joules_per_batch,-2.5,0.00018645100000000027
estimators,lmmse,energy_joules_per_batch,-2.0,0.00018645100000000035
estimators,lmmse,energy_joules_per_batch,-1.5,0.00018645100000000043
estimators,lmmse,energy_joules_per_batch,-1.0,0.00018645100000000043
estimators,lmmse,energy_joules_per_batch,-0.5,0.00018645100000000043
estimators,lmmse,energy_joules_per_batch,0.0,0.00018645100000000043
estimators,lmmse,energy_joules_per_batch,0.5,0.00018645100000000043
estimators,lmmse,energy_joules_per_batch,1.0,0.00018645100000000043
estimators,lmmse,energy_joules_per_batch,1.5,0.00018645100000000043
estimators,lmmse,energy_joules_per_batch,2.0,0.00018645100000000043
estimators,lmmse,energy_joules_per_batch,2.5,0.00018645100000000043
estimators,lmmse,energy_joules_per_batch,3.0,0.00018645100000000043
estimators,lmmse,energy_joules_per_batch,3.5,0.00018645100000000043
estimators,lmmse,energy_joules_per_batch,4.0,0.00018645100000000043
estimators,lmmse,energy_joules_per_batch,4.5,0.00018645100000000043
estimators,lmmse,energy_joules_per_batch,5.0,0.00018645100000000043
estimators,lmmse,energy_joules_per_batch,5.5,0.00018645100000000043
estimators,lmmse,energy_joules_per_batch,6.0,0.00018645100000000043
estimators,lmmse,energy_joules_per_batch,6.5,0.00018645100000000043
estimators,lmmse,energy_joules_per_batch,7.0,0.00018645100000000043
estimators,lmmse,energy_joules_per_batch,7.5,0.00018645100000000043
estimators,lmmse,energy_joules_per_batch,8.0,0.0001864510000000004
estimators,lmmse,energy_joules_per_batch,8.5,0.00018645100000000043
estimators,lmmse,energy_joules_per_batch,9.0,0.0001864510000000004
estimators,lmmse,energy_joules_per_batch,9.5,0.00018645100000000043
estimators,lmmse,energy_joules_per_batch,10.0,0.00018645100000000043
estimators,lmmse,avg_power_w,-5.0,0.00031820868689011103
estimators,lmmse,avg_power_w,-4.5,0.00031798228183327554
estimators,lmmse,avg_power_w,-4.0,0.00031821780196634883
estimators,lmmse,avg_power_w,-3.5,0.00031808699369472674
estimators,lmmse,avg_power_w,-3.0,0.0003180651693385469
estimators,lmmse,avg_power_w,-2.5,0.00031618817487828955
estimators,lmmse,avg_power_w,-2.0,0.0003159474454447429
estimators,lmmse,avg_power_w,-1.5,0.00031482889530593227
estimators,lmmse,avg_power_w,-1.0,0.0003131430624926045
estimators,lmmse,avg_power_w,-0.5,0.0003119805920711071
estimators,lmmse,avg_power_w,0.0,0.0003104066546549386
estimators,lmmse,avg_power_w,0.5,0.00030869383850942565
estimators,lmmse,avg_power_w,1.0,0.00030670696943892444
estimators,lmmse,avg_power_w,1.5,0.0003068407339359963
estimators,lmmse,avg_power_w,2.0,0.0003055656073120297
estimators,lmmse,avg_power_w,2.5,0.00030407347488271006
estimators,lmmse,avg_power_w,3.0,0.00030440320750425143
estimators,lmmse,avg_power_w,3.5,0.0003028398691439299
estimators,lmmse,avg_power_w,4.0,0.0003026963094577105
estimators,lmmse,avg_power_w,4.5,0.00030080547880595595
estimators,lmmse,avg_power_w,5.0,0.00029913523262666133
estimators,lmmse,avg_power_w,5.5,0.00029752375929536487
estimators,lmmse,avg_power_w,6.0,0.0002947767774615316
estimators,lmmse,avg_power_w,6.5,0.00029354986740230053
estimators,lmmse,avg_power_w,7.0,0.0002926255418956809
estimators,lmmse,avg_power_w,7.5,0.00029032554610851206
estimators,lmmse,avg_power_w,8.0,0.0002890702370840959
estimators,lmmse,avg_power_w,8.5,0.0002876281638399768
estimators,lmmse,avg_power_w,9.0,0.0002860336314246726
estimators,lmmse,avg_power_w,9.5,0.00028474583318235133
estimators,lmmse,avg_power_w,10.0,0.0002833085711044441
estimators,lmmse,runtime_sec,-5.0,16.623957900003006
estimators,lmmse,runtime_sec,-4.5,20.306490099996154
estimators,lmmse,runtime_sec,-4.0,25.820385400002124
estimators,lmmse,runtime_sec,-3.5,34.1429971999969
estimators,lmmse,runtime_sec,-3.0,47.0733246000018
estimators,lmmse,runtime_sec,-2.5,69.52872059999936
estimators,lmmse,runtime_sec,-2.0,89.11433960000431
estimators,lmmse,runtime_sec,-1.5,119.07360270000208
estimators,lmmse,runtime_sec,-1.0,119.60925239999779
estimators,lmmse,runtime_sec,-0.5,119.91523149999557
estimators,lmmse,runtime_sec,0.0,120.53191970000626
estimators,lmmse,runtime_sec,0.5,120.9715073000043
estimators,lmmse,runtime_sec,1.0,121.57485280000401
estimators,lmmse,runtime_sec,1.5,121.54259530000127
estimators,lmmse,runtime_sec,2.0,121.97912399999768
estimators,lmmse,runtime_sec,2.5,122.49461979999614
estimators,lmmse,runtime_sec,3.0,122.36344059999828
estimators,lmmse,runtime_sec,3.5,122.9475631000023
estimators,lmmse,runtime_sec,4.0,122.8684224000026
estimators,lmmse,runtime_sec,4.5,123.47542510000494
estimators,lmmse,runtime_sec,5.0,124.13512730000366
estimators,lmmse,runtime_sec,5.5,124.58102350000263
estimators,lmmse,runtime_sec,6.0,125.55113219999475
estimators,lmmse,runtime_sec,6.5,125.95898429999943
estimators,lmmse,runtime_sec,7.0,126.25700780000625
estimators,lmmse,runtime_sec,7.5,127.25768100000278
estimators,lmmse,runtime_sec,8.0,127.52629389999493
estimators,lmmse,runtime_sec,8.5,128.16158169999835
estimators,lmmse,runtime_sec,9.0,128.58691109999927
estimators,lmmse,runtime_sec,9.5,129.1054049000013
estimators,lmmse,runtime_sec,10.0,129.75896959999955
estimators,lmmse,bit_errors,-5.0,282622.0
estimators,lmmse,bit_errors,-4.5,254282.0
estimators,lmmse,bit_errors,-4.0,241771.0
estimators,lmmse,bit_errors,-3.5,236785.0
estimators,lmmse,bit_errors,-3.0,224770.0
estimators,lmmse,bit_errors,-2.5,217104.0
estimators,lmmse,bit_errors,-2.0,219781.0
estimators,lmmse,bit_errors,-1.5,165439.0
estimators,lmmse,bit_errors,-1.0,119476.0
estimators,lmmse,bit_errors,-0.5,78733.0
estimators,lmmse,bit_errors,0.0,55833.0
estimators,lmmse,bit_errors,0.5,39047.0
estimators,lmmse,bit_errors,1.0,27034.0
estimators,lmmse,bit_errors,1.5,17708.0
estimators,lmmse,bit_errors,2.0,14554.0
estimators,lmmse,bit_errors,2.5,9038.0
estimators,lmmse,bit_errors,3.0,7375.0
estimators,lmmse,bit_errors,3.5,6552.0
estimators,lmmse,bit_errors,4.0,5942.0
estimators,lmmse,bit_errors,4.5,4487.0
estimators,lmmse,bit_errors,5.0,2513.0
estimators,lmmse,bit_errors,5.5,2534.0
estimators,lmmse,bit_errors,6.0,2253.0
estimators,lmmse,bit_errors,6.5,1853.0
estimators,lmmse,bit_errors,7.0,3196.0
estimators,lmmse,bit_errors,7.5,1635.0
estimators,lmmse,bit_errors,8.0,2206.0
estimators,lmmse,bit_errors,8.5,1213.0
estimators,lmmse,bit_errors,9.0,1106.0
estimators,lmmse,bit_errors,9.5,1817.0
estimators,lmmse,bit_errors,10.0,745.0
estimators,lmmse,total_bits,-5.0,1769472.0
estimators,lmmse,total_bits,-4.5,2162688.0
estimators,lmmse,total_bits,-4.0,2752512.0
estimators,lmmse,total_bits,-3.5,3637248.0
estimators,lmmse,total_bits,-3.0,5013504.0
estimators,lmmse,total_bits,-2.5,7372800.0
estimators,lmmse,total_bits,-2.0,9437184.0
estimators,lmmse,total_bits,-1.5,12582912.0
estimators,lmmse,total_bits,-1.0,12582912.0
estimators,lmmse,total_bits,-0.5,12582912.0
estimators,lmmse,total_bits,0.0,12582912.0
estimators,lmmse,total_bits,0.5,12582912.0
estimators,lmmse,total_bits,1.0,12582912.0
estimators,lmmse,total_bits,1.5,12582912.0
estimators,lmmse,total_bits,2.0,12582912.0
estimators,lmmse,total_bits,2.5,12582912.0
estimators,lmmse,total_bits,3.0,12582912.0
estimators,lmmse,total_bits,3.5,12582912.0
estimators,lmmse,total_bits,4.0,12582912.0
estimators,lmmse,total_bits,4.5,12582912.0
estimators,lmmse,total_bits,5.0,12582912.0
estimators,lmmse,total_bits,5.5,12582912.0
estimators,lmmse,total_bits,6.0,12582912.0
estimators,lmmse,total_bits,6.5,12582912.0
estimators,lmmse,total_bits,7.0,12582912.0
estimators,lmmse,total_bits,7.5,12582912.0
estimators,lmmse,total_bits,8.0,12582912.0
estimators,lmmse,total_bits,8.5,12582912.0
estimators,lmmse,total_bits,9.0,12582912.0
estimators,lmmse,total_bits,9.5,12582912.0
estimators,lmmse,total_bits,10.0,12582912.0
estimators,lmmse,block_errors,-5.0,1024.0
estimators,lmmse,block_errors,-4.5,1025.0
estimators,lmmse,block_errors,-4.0,1000.0
estimators,lmmse,block_errors,-3.5,1024.0
estimators,lmmse,block_errors,-3.0,1013.0
estimators,lmmse,block_errors,-2.5,1006.0
estimators,lmmse,block_errors,-2.0,1006.0
estimators,lmmse,block_errors,-1.5,777.0
estimators,lmmse,block_errors,-1.0,566.0
estimators,lmmse,block_errors,-0.5,341.0
estimators,lmmse,block_errors,0.0,230.0
estimators,lmmse,block_errors,0.5,166.0
estimators,lmmse,block_errors,1.0,110.0
estimators,lmmse,block_errors,1.5,70.0
estimators,lmmse,block_errors,2.0,58.0
estimators,lmmse,block_errors,2.5,41.0
estimators,lmmse,block_errors,3.0,33.0
estimators,lmmse,block_errors,3.5,23.0
estimators,lmmse,block_errors,4.0,18.0
estimators,lmmse,block_errors,4.5,11.0
estimators,lmmse,block_errors,5.0,8.0
estimators,lmmse,block_errors,5.5,9.0
estimators,lmmse,block_errors,6.0,6.0
estimators,lmmse,block_errors,6.5,8.0
estimators,lmmse,block_errors,7.0,7.0
estimators,lmmse,block_errors,7.5,3.0
estimators,lmmse,block_errors,8.0,5.0
estimators,lmmse,block_errors,8.5,5.0
estimators,lmmse,block_errors,9.0,3.0
estimators,lmmse,block_errors,9.5,4.0
estimators,lmmse,block_errors,10.0,3.0
estimators,lmmse,total_blocks,-5.0,1152.0
estimators,lmmse,total_blocks,-4.5,1408.0
estimators,lmmse,total_blocks,-4.0,1792.0
estimators,lmmse,total_blocks,-3.5,2368.0
estimators,lmmse,total_blocks,-3.0,3264.0
estimators,lmmse,total_blocks,-2.5,4800.0
estimators,lmmse,total_blocks,-2.0,6144.0
estimators,lmmse,total_blocks,-1.5,8192.0
estimators,lmmse,total_blocks,-1.0,8192.0
estimators,lmmse,total_blocks,-0.5,8192.0
estimators,lmmse,total_blocks,0.0,8192.0
estimators,lmmse,total_blocks,0.5,8192.0
estimators,lmmse,total_blocks,1.0,8192.0
estimators,lmmse,total_blocks,1.5,8192.0
estimators,lmmse,total_blocks,2.0,8192.0
estimators,lmmse,total_blocks,2.5,8192.0
estimators,lmmse,total_blocks,3.0,8192.0
estimators,lmmse,total_blocks,3.5,8192.0
estimators,lmmse,total_blocks,4.0,8192.0
estimators,lmmse,total_blocks,4.5,8192.0
estimators,lmmse,total_blocks,5.0,8192.0
estimators,lmmse,total_blocks,5.5,8192.0
estimators,lmmse,total_blocks,6.0,8192.0
estimators,lmmse,total_blocks,6.5,8192.0
estimators,lmmse,total_blocks,7.0,8192.0
estimators,lmmse,total_blocks,7.5,8192.0
estimators,lmmse,total_blocks,8.0,8192.0
estimators,lmmse,total_blocks,8.5,8192.0
estimators,lmmse,total_blocks,9.0,8192.0
estimators,lmmse,total_blocks,9.5,8192.0
estimators,lmmse,total_blocks,10.0,8192.0
estimators,lmmse,num_batches,-5.0,18.0
estimators,lmmse,num_batches,-4.5,22.0
estimators,lmmse,num_batches,-4.0,28.0
estimators,lmmse,num_batches,-3.5,37.0
estimators,lmmse,num_batches,-3.0,51.0
estimators,lmmse,num_batches,-2.5,75.0
estimators,lmmse,num_batches,-2.0,96.0
estimators,lmmse,num_batches,-1.5,128.0
estimators,lmmse,num_batches,-1.0,128.0
estimators,lmmse,num_batches,-0.5,128.0
estimators,lmmse,num_batches,0.0,128.0
estimators,lmmse,num_batches,0.5,128.0
estimators,lmmse,num_batches,1.0,128.0
estimators,lmmse,num_batches,1.5,128.0
estimators,lmmse,num_batches,2.0,128.0
estimators,lmmse,num_batches,2.5,128.0
estimators,lmmse,num_batches,3.0,128.0
estimators,lmmse,num_batches,3.5,128.0
estimators,lmmse,num_batches,4.0,128.0
estimators,lmmse,num_batches,4.5,128.0
estimators,lmmse,num_batches,5.0,128.0
estimators,lmmse,num_batches,5.5,128.0
estimators,lmmse,num_batches,6.0,128.0
estimators,lmmse,num_batches,6.5,128.0
estimators,lmmse,num_batches,7.0,128.0
estimators,lmmse,num_batches,7.5,128.0
estimators,lmmse,num_batches,8.0,128.0
estimators,lmmse,num_batches,8.5,128.0
estimators,lmmse,num_batches,9.0,128.0
estimators,lmmse,num_batches,9.5,128.0
estimators,lmmse,num_batches,10.0,128.0
estimators,lmmse,runtime_total_sec,,3278.83788940002
estimators,adaptive,ber,-5.0,0.1534654048451206
estimators,adaptive,ber,-4.5,0.11913923783735796
estimators,adaptive,ber,-4.0,0.08809219171971451
estimators,adaptive,ber,-3.5,0.06217073139391447
estimators,adaptive,ber,-3.0,0.047670948262117346
estimators,adaptive,ber,-2.5,0.030010345319634705
estimators,adaptive,ber,-2.0,0.019940491622879794
estimators,adaptive,ber,-1.5,0.013813018798828125
estimators,adaptive,ber,-1.0,0.00885168711344401
estimators,adaptive,ber,-0.5,0.006199280420939128
estimators,adaptive,ber,0.0,0.003979682922363281
estimators,adaptive,ber,0.5,0.0029548009236653647
estimators,adaptive,ber,1.0,0.0017798741658528645
estimators,adaptive,ber,1.5,0.0012370745340983074
estimators,adaptive,ber,2.0,0.0009171962738037109
estimators,adaptive,ber,2.5,0.0008240540822347006
estimators,adaptive,ber,3.0,0.00043511390686035156
estimators,adaptive,ber,3.5,0.0005438327789306641
estimators,adaptive,ber,4.0,0.0002998510996500651
estimators,adaptive,ber,4.5,0.00035953521728515625
estimators,adaptive,ber,5.0,0.00029595692952473957
estimators,adaptive,ber,5.5,0.0003139177958170573
estimators,adaptive,ber,6.0,9.210904439290364e-05
estimators,adaptive,ber,6.5,0.00017070770263671875
estimators,adaptive,ber,7.0,2.86102294921875e-05
estimators,adaptive,ber,7.5,0.00010808308919270833
estimators,adaptive,ber,8.0,9.385744730631511e-05
estimators,adaptive,ber,8.5,5.030632019042969e-05
estimators,adaptive,ber,9.0,5.95251719156901e-05
estimators,adaptive,ber,9.5,0.0
estimators,adaptive,ber,10.0,0.0
estimators,adaptive,ber_upper_confidence,-5.0,0.15389970969966588
estimators,adaptive,ber_upper_confidence,-4.5,0.11950205028128515
estimators,adaptive,ber_upper_confidence,-4.0,0.08837876847971642
estimators,adaptive,ber_upper_confidence,-3.5,0.062376545318433986
estimators,adaptive,ber_upper_confidence,-3.0,0.047830887449813085
estimators,adaptive,ber_upper_confidence,-2.5,0.03011528355772169
estimators,adaptive,ber_upper_confidence,-2.0,0.02000960029646236
estimators,adaptive,ber_upper_confidence,-1.5,0.013867243784362097
estimators,adaptive,ber_upper_confidence,-1.0,0.008895225762437484
estimators,adaptive,ber_upper_confidence,-0.5,0.006235783025382467
estimators,adaptive,ber_upper_confidence,0.0,0.004008983861589901
estimators,adaptive,ber_upper_confidence,0.5,0.0029800765721697017
estimators,adaptive,ber_upper_confidence,1.0,0.0017995269798559024
estimators,adaptive,ber_upper_confidence,1.5,0.0012534813100621362
estimators,adaptive,ber_upper_confidence,2.0,0.0009313408083654514
estimators,adaptive,ber_upper_confidence,2.5,0.0008374674774965308
estimators,adaptive,ber_upper_confidence,3.0,0.0004448922999785063
estimators,adaptive,ber_upper_confidence,3.5,0.000554751338817505
estimators,adaptive,ber_upper_confidence,4.0,0.00030798757639133426
estimators,adaptive,ber_upper_confidence,4.5,0.0003684341224942411
estimators,adaptive,ber_upper_confidence,5.0,0.000304041125087361
estimators,adaptive,ber_upper_confidence,5.5,0.0003222403504131882
estimators,adaptive,ber_upper_confidence,6.0,9.666791064349421e-05
estimators,adaptive,ber_upper_confidence,6.5,0.00017687408381905157
estimators,adaptive,ber_upper_confidence,7.0,3.120028569017071e-05
estimators,adaptive,ber_upper_confidence,7.5,0.00011301227215615546
estimators,adaptive,ber_upper_confidence,8.0,9.845833399514159e-05
estimators,adaptive,ber_upper_confidence,8.5,5.370437070792002e-05
estimators,adaptive,ber_upper_confidence,9.0,6.3211736188174e-05
estimators,adaptive,ber_upper_confidence,9.5,2.3807941067647855e-07
estimators,adaptive,ber_upper_confidence,10.0,2.3807941067647855e-07
estimators,adaptive,latency_ms,-5.0,662.0059991221862
estimators,adaptive,latency_ms,-4.5,661.8701696961328
estimators,adaptive,latency_ms,-4.0,660.3193833341236
estimators,adaptive,latency_ms,-3.5,661.020893859271
estimators,adaptive,latency_ms,-3.0,662.8265547619222
estimators,adaptive,latency_ms,-2.5,663.7358956626244
estimators,adaptive,latency_ms,-2.0,666.3819930675234
estimators,adaptive,latency_ms,-1.5,670.0856536454854
estimators,adaptive,latency_ms,-1.0,671.5961044267534
estimators,adaptive,latency_ms,-0.5,675.1168044271755
estimators,adaptive,latency_ms,0.0,675.6785708329563
estimators,adaptive,latency_ms,0.5,720.1570567715681
estimators,adaptive,latency_ms,1.0,735.2034122394277
estimators,adaptive,latency_ms,1.5,717.7664302080008
estimators,adaptive,latency_ms,2.0,719.0311083332678
estimators,adaptive,latency_ms,2.5,723.5688356771835
estimators,adaptive,latency_ms,3.0,727.1316630210823
estimators,adaptive,latency_ms,3.5,727.3717216146157
estimators,adaptive,latency_ms,4.0,729.946282552162
estimators,adaptive,latency_ms,4.5,733.797593489469
estimators,adaptive,latency_ms,5.0,738.7256091149926
estimators,adaptive,latency_ms,5.5,765.6191052082297
estimators,adaptive,latency_ms,6.0,806.8123395837849
estimators,adaptive,latency_ms,6.5,1163.3954864581417
estimators,adaptive,latency_ms,7.0,1015.4476677081725
estimators,adaptive,latency_ms,7.5,1036.4092083333098
estimators,adaptive,latency_ms,8.0,1173.172066927264
estimators,adaptive,latency_ms,8.5,1233.524882551847
estimators,adaptive,latency_ms,9.0,1088.378035677379
estimators,adaptive,latency_ms,9.5,1062.5778067708602
estimators,adaptive,latency_ms,10.0,1029.795920051668
estimators,adaptive,throughput_bits_per_batch,-5.0,83217.73684210527
estimators,adaptive,throughput_bits_per_batch,-4.5,86592.13636363637
estimators,adaptive,throughput_bits_per_batch,-4.0,89644.18518518518
estimators,adaptive,throughput_bits_per_batch,-3.5,92192.36842105263
estimators,adaptive,throughput_bits_per_batch,-3.0,93617.75510204081
estimators,adaptive,throughput_bits_per_batch,-2.5,95353.86301369863
estimators,adaptive,throughput_bits_per_batch,-2.0,96343.76991150442
estimators,adaptive,throughput_bits_per_batch,-1.5,96946.125
estimators,adaptive,throughput_bits_per_batch,-1.0,97433.84375
estimators,adaptive,throughput_bits_per_batch,-0.5,97694.5859375
estimators,adaptive,throughput_bits_per_batch,0.0,97912.78125
estimators,adaptive,throughput_bits_per_batch,0.5,98013.53125
estimators,adaptive,throughput_bits_per_batch,1.0,98129.03125
estimators,adaptive,throughput_bits_per_batch,1.5,98182.390625
estimators,adaptive,throughput_bits_per_batch,2.0,98213.8359375
estimators,adaptive,throughput_bits_per_batch,2.5,98222.9921875
estimators,adaptive,throughput_bits_per_batch,3.0,98261.2265625
estimators,adaptive,throughput_bits_per_batch,3.5,98250.5390625
estimators,adaptive,throughput_bits_per_batch,4.0,98274.5234375
estimators,adaptive,throughput_bits_per_batch,4.5,98268.65625
estimators,adaptive,throughput_bits_per_batch,5.0,98274.90625
estimators,adaptive,throughput_bits_per_batch,5.5,98273.140625
estimators,adaptive,throughput_bits_per_batch,6.0,98294.9453125
estimators,adaptive,throughput_bits_per_batch,6.5,98287.21875
estimators,adaptive,throughput_bits_per_batch,7.0,98301.1875
estimators,adaptive,throughput_bits_per_batch,7.5,98293.375
estimators,adaptive,throughput_bits_per_batch,8.0,98294.7734375
estimators,adaptive,throughput_bits_per_batch,8.5,98299.0546875
estimators,adaptive,throughput_bits_per_batch,9.0,98298.1484375
estimators,adaptive,throughput_bits_per_batch,9.5,98304.0
estimators,adaptive,throughput_bits_per_batch,10.0,98304.0
estimators,adaptive,energy_joules_per_batch,-5.0,0.00018645100000000013
estimators,adaptive,energy_joules_per_batch,-4.5,0.00018645100000000005
estimators,adaptive,energy_joules_per_batch,-4.0,0.00018645099999999997
estimators,adaptive,energy_joules_per_batch,-3.5,0.00018645099999999997
estimators,adaptive,energy_joules_per_batch,-3.0,0.00018645100000000002
estimators,adaptive,energy_joules_per_batch,-2.5,0.00018645100000000024
estimators,adaptive,energy_joules_per_batch,-2.0,0.0001864510000000004
estimators,adaptive,energy_joules_per_batch,-1.5,0.00018645100000000043
estimators,adaptive,energy_joules_per_batch,-1.0,0.00018645100000000043
estimators,adaptive,energy_joules_per_batch,-0.5,0.00018645100000000043
estimators,adaptive,energy_joules_per_batch,0.0,0.00018645100000000043
estimators,adaptive,energy_joules_per_batch,0.5,0.00018645100000000043
estimators,adaptive,energy_joules_per_batch,1.0,0.00018645100000000043
estimators,adaptive,energy_joules_per_batch,1.5,0.00018645100000000043
estimators,adaptive,energy_joules_per_batch,2.0,0.00018645100000000043
estimators,adaptive,energy_joules_per_batch,2.5,0.00018645100000000043
estimators,adaptive,energy_joules_per_batch,3.0,0.00018645100000000043
estimators,adaptive,energy_joules_per_batch,3.5,0.00018645100000000043
estimators,adaptive,energy_joules_per_batch,4.0,0.00018645100000000043
estimators,adaptive,energy_joules_per_batch,4.5,0.00018645100000000043
estimators,adaptive,energy_joules_per_batch,5.0,0.00018645100000000043
estimators,adaptive,energy_joules_per_batch,5.5,0.00018645100000000043
estimators,adaptive,energy_joules_per_batch,6.0,0.00018645100000000043
estimators,adaptive,energy_joules_per_batch,6.5,0.00018645100000000043
estimators,adaptive,energy_joules_per_batch,7.0,0.00018645100000000043
estimators,adaptive,energy_joules_per_batch,7.5,0.00018645100000000043
estimators,adaptive,energy_joules_per_batch,8.0,0.00018645100000000043
estimators,adaptive,energy_joules_per_batch,8.5,0.00018645100000000043
estimators,adaptive,energy_joules_per_batch,9.0,0.0001864510000000004
estimators,adaptive,energy_joules_per_batch,9.5,0.00018645100000000043
estimators,adaptive,energy_joules_per_batch,10.0,0.00018645100000000043
estimators,adaptive,avg_power_w,-5.0,0.0002816454839491371
estimators,adaptive,avg_power_w,-4.5,0.00028170328341825773
estimators,adaptive,avg_power_w,-4.0,0.000282364874795225
estimators,adaptive,avg_power_w,-3.5,0.0002820652141741449
estimators,adaptive,avg_power_w,-3.0,0.00028129681688291824
estimators,adaptive,avg_power_w,-2.5,0.00028091143061331867
estimators,adaptive,avg_power_w,-2.0,0.00027979597579118207
estimators,adaptive,avg_power_w,-1.5,0.00027824950285929256
estimators,adaptive,avg_power_w,-1.0,0.00027762370682472506
estimators,adaptive,avg_power_w,-0.5,0.00027617591323060125
estimators,adaptive,avg_power_w,0.0,0.00027594629761626036
estimators,adaptive,avg_power_w,0.5,0.0002589032465166028
estimators,adaptive,avg_power_w,1.0,0.00025360464450521406
estimators,adaptive,avg_power_w,1.5,0.00025976556182206653
estimators,adaptive,avg_power_w,2.0,0.00025930866945687305
estimators,adaptive,avg_power_w,2.5,0.0002576824633768287
estimators,adaptive,avg_power_w,3.0,0.00025641986105423456
estimators,adaptive,avg_power_w,3.5,0.0002563352333606227
estimators,adaptive,avg_power_w,4.0,0.0002554311248056485
estimators,adaptive,avg_power_w,4.5,0.00025409050350432396
estimators,adaptive,avg_power_w,5.0,0.0002523954736365134
estimators,adaptive,avg_power_w,5.5,0.0002435297117478414
estimators,adaptive,avg_power_w,6.0,0.0002310958705666128
estimators,adaptive,avg_power_w,6.5,0.00016026450349024008
estimators,adaptive,avg_power_w,7.0,0.00018361458293642387
estimators,adaptive,avg_power_w,7.5,0.00017990094887311892
estimators,adaptive,avg_power_w,8.0,0.00015892894593744217
estimators,adaptive,avg_power_w,8.5,0.00015115301088558592
estimators,adaptive,avg_power_w,9.0,0.0001713108808594782
estimators,adaptive,avg_power_w,9.5,0.00017547044443420008
estimators,adaptive,avg_power_w,10.0,0.00018105626208991547
estimators,adaptive,runtime_sec,-5.0,19.416725499999302
estimators,adaptive,runtime_sec,-4.5,22.431312399996386
estimators,adaptive,runtime_sec,-4.0,27.472055099999125
estimators,adaptive,runtime_sec,-3.5,38.749231800000416
estimators,adaptive,runtime_sec,-3.0,50.03979789999721
estimators,adaptive,runtime_sec,-2.5,74.62970579999819
estimators,adaptive,runtime_sec,-2.0,115.94905719999952
estimators,adaptive,runtime_sec,-1.5,131.978328899997
estimators,adaptive,runtime_sec,-1.0,132.21391040000162
estimators,adaptive,runtime_sec,-0.5,132.75026359999902
estimators,adaptive,runtime_sec,0.0,132.92399800000567
estimators,adaptive,runtime_sec,0.5,141.4309540000031
estimators,adaptive,runtime_sec,1.0,143.7817561999982
estimators,adaptive,runtime_sec,1.5,140.0944701999979
estimators,adaptive,runtime_sec,2.0,140.17124250000052
estimators,adaptive,runtime_sec,2.5,140.98119869999937
estimators,adaptive,runtime_sec,3.0,141.65821159999905
estimators,adaptive,runtime_sec,3.5,141.733751199994
estimators,adaptive,runtime_sec,4.0,142.19591339999897
estimators,adaptive,runtime_sec,4.5,142.7076376000041
estimators,adaptive,runtime_sec,5.0,143.5028772000005
estimators,adaptive,runtime_sec,5.5,148.73252800000046
estimators,adaptive,runtime_sec,6.0,157.6632619000011
estimators,adaptive,runtime_sec,6.5,230.12889859999996
estimators,adaptive,runtime_sec,7.0,202.69847109999682
estimators,adaptive,runtime_sec,7.5,204.42999699999928
estimators,adaptive,runtime_sec,8.0,230.5430204000004
estimators,adaptive,runtime_sec,8.5,242.49781339999754
estimators,adaptive,runtime_sec,9.0,216.22910639999463
estimators,adaptive,runtime_sec,9.5,211.67750510000042
estimators,adaptive,runtime_sec,10.0,204.64332540000032
estimators,adaptive,bit_errors,-5.0,286639.0
estimators,adaptive,bit_errors,-4.5,257661.0
estimators,adaptive,bit_errors,-4.0,233815.0
estimators,adaptive,bit_errors,-3.5,232242.0
estimators,adaptive,bit_errors,-3.0,229626.0
estimators,adaptive,bit_errors,-2.5,215360.0
estimators,adaptive,bit_errors,-2.0,221506.0
estimators,adaptive,bit_errors,-1.5,173808.0
estimators,adaptive,bit_errors,-1.0,111380.0
estimators,adaptive,bit_errors,-0.5,78005.0
estimators,adaptive,bit_errors,0.0,50076.0
estimators,adaptive,bit_errors,0.5,37180.0
estimators,adaptive,bit_errors,1.0,22396.0
estimators,adaptive,bit_errors,1.5,15566.0
estimators,adaptive,bit_errors,2.0,11541.0
estimators,adaptive,bit_errors,2.5,10369.0
estimators,adaptive,bit_errors,3.0,5475.0
estimators,adaptive,bit_errors,3.5,6843.0
estimators,adaptive,bit_errors,4.0,3773.0
estimators,adaptive,bit_errors,4.5,4524.0
estimators,adaptive,bit_errors,5.0,3724.0
estimators,adaptive,bit_errors,5.5,3950.0
estimators,adaptive,bit_errors,6.0,1159.0
estimators,adaptive,bit_errors,6.5,2148.0
estimators,adaptive,bit_errors,7.0,360.0
estimators,adaptive,bit_errors,7.5,1360.0
estimators,adaptive,bit_errors,8.0,1181.0
estimators,adaptive,bit_errors,8.5,633.0
estimators,adaptive,bit_errors,9.0,749.0
estimators,adaptive,bit_errors,9.5,0.0
estimators,adaptive,bit_errors,10.0,0.0
estimators,adaptive,total_bits,-5.0,1867776.0
estimators,adaptive,total_bits,-4.5,2162688.0
estimators,adaptive,total_bits,-4.0,2654208.0
estimators,adaptive,total_bits,-3.5,3735552.0
estimators,adaptive,total_bits,-3.0,4816896.0
estimators,adaptive,total_bits,-2.5,7176192.0
estimators,adaptive,total_bits,-2.0,11108352.0
estimators,adaptive,total_bits,-1.5,12582912.0
estimators,adaptive,total_bits,-1.0,12582912.0
estimators,adaptive,total_bits,-0.5,12582912.0
estimators,adaptive,total_bits,0.0,12582912.0
estimators,adaptive,total_bits,0.5,12582912.0
estimators,adaptive,total_bits,1.0,12582912.0
estimators,adaptive,total_bits,1.5,12582912.0
estimators,adaptive,total_bits,2.0,12582912.0
estimators,adaptive,total_bits,2.5,12582912.0
estimators,adaptive,total_bits,3.0,12582912.0
estimators,adaptive,total_bits,3.5,12582912.0
estimators,adaptive,total_bits,4.0,12582912.0
estimators,adaptive,total_bits,4.5,12582912.0
estimators,adaptive,total_bits,5.0,12582912.0
estimators,adaptive,total_bits,5.5,12582912.0
estimators,adaptive,total_bits,6.0,12582912.0
estimators,adaptive,total_bits,6.5,12582912.0
estimators,adaptive,total_bits,7.0,12582912.0
estimators,adaptive,total_bits,7.5,12582912.0
estimators,adaptive,total_bits,8.0,12582912.0
estimators,adaptive,total_bits,8.5,12582912.0
estimators,adaptive,total_bits,9.0,12582912.0
estimators,adaptive,total_bits,9.5,12582912.0
estimators,adaptive,total_bits,10.0,12582912.0
estimators,adaptive,block_errors,-5.0,1035.0
estimators,adaptive,block_errors,-4.5,1039.0
estimators,adaptive,block_errors,-4.0,1003.0
estimators,adaptive,block_errors,-3.5,1018.0
estimators,adaptive,block_errors,-3.0,1007.0
estimators,adaptive,block_errors,-2.5,1013.0
estimators,adaptive,block_errors,-2.0,1003.0
estimators,adaptive,block_errors,-1.5,808.0
estimators,adaptive,block_errors,-1.0,493.0
estimators,adaptive,block_errors,-0.5,346.0
estimators,adaptive,block_errors,0.0,212.0
estimators,adaptive,block_errors,0.5,170.0
estimators,adaptive,block_errors,1.0,98.0
estimators,adaptive,block_errors,1.5,72.0
estimators,adaptive,block_errors,2.0,48.0
estimators,adaptive,block_errors,2.5,36.0
estimators,adaptive,block_errors,3.0,22.0
estimators,adaptive,block_errors,3.5,22.0
estimators,adaptive,block_errors,4.0,14.0
estimators,adaptive,block_errors,4.5,12.0
estimators,adaptive,block_errors,5.0,14.0
estimators,adaptive,block_errors,5.5,10.0
estimators,adaptive,block_errors,6.0,3.0
estimators,adaptive,block_errors,6.5,6.0
estimators,adaptive,block_errors,7.0,1.0
estimators,adaptive,block_errors,7.5,5.0
estimators,adaptive,block_errors,8.0,4.0
estimators,adaptive,block_errors,8.5,2.0
estimators,adaptive,block_errors,9.0,1.0
estimators,adaptive,block_errors,9.5,0.0
estimators,adaptive,block_errors,10.0,0.0
estimators,adaptive,total_blocks,-5.0,1216.0
estimators,adaptive,total_blocks,-4.5,1408.0
estimators,adaptive,total_blocks,-4.0,1728.0
estimators,adaptive,total_blocks,-3.5,2432.0
estimators,adaptive,total_blocks,-3.0,3136.0
estimators,adaptive,total_blocks,-2.5,4672.0
estimators,adaptive,total_blocks,-2.0,7232.0
estimators,adaptive,total_blocks,-1.5,8192.0
estimators,adaptive,total_blocks,-1.0,8192.0
estimators,adaptive,total_blocks,-0.5,8192.0
estimators,adaptive,total_blocks,0.0,8192.0
estimators,adaptive,total_blocks,0.5,8192.0
estimators,adaptive,total_blocks,1.0,8192.0
estimators,adaptive,total_blocks,1.5,8192.0
estimators,adaptive,total_blocks,2.0,8192.0
estimators,adaptive,total_blocks,2.5,8192.0
estimators,adaptive,total_blocks,3.0,8192.0
estimators,adaptive,total_blocks,3.5,8192.0
estimators,adaptive,total_blocks,4.0,8192.0
estimators,adaptive,total_blocks,4.5,8192.0
estimators,adaptive,total_blocks,5.0,8192.0
estimators,adaptive,total_blocks,5.5,8192.0
estimators,adaptive,total_blocks,6.0,8192.0
estimators,adaptive,total_blocks,6.5,8192.0
estimators,adaptive,total_blocks,7.0,8192.0
estimators,adaptive,total_blocks,7.5,8192.0
estimators,adaptive,total_blocks,8.0,8192.0
estimators,adaptive,total_blocks,8.5,8192.0
estimators,adaptive,total_blocks,9.0,8192.0
estimators,adaptive,total_blocks,9.5,8192.0
estimators,adaptive,total_blocks,10.0,8192.0
estimators,adaptive,num_batches,-5.0,19.0
estimators,adaptive,num_batches,-4.5,22.0
estimators,adaptive,num_batches,-4.0,27.0
estimators,adaptive,num_batches,-3.5,38.0
estimators,adaptive,num_batches,-3.0,49.0
estimators,adaptive,num_batches,-2.5,73.0
estimators,adaptive,num_batches,-2.0,113.0
estimators,adaptive,num_batches,-1.5,128.0
estimators,adaptive,num_batches,-1.0,128.0
estimators,adaptive,num_batches,-0.5,128.0
estimators,adaptive,num_batches,0.0,128.0
estimators,adaptive,num_batches,0.5,128.0
estimators,adaptive,num_batches,1.0,128.0
estimators,adaptive,num_batches,1.5,128.0
estimators,adaptive,num_batches,2.0,128.0
estimators,adaptive,num_batches,2.5,128.0
estimators,adaptive,num_batches,3.0,128.0
estimators,adaptive,num_batches,3.5,128.0
estimators,adaptive,num_batches,4.0,128.0
estimators,adaptive,num_batches,4.5,128.0
estimators,adaptive,num_batches,5.0,128.0
estimators,adaptive,num_batches,5.5,128.0
estimators,adaptive,num_batches,6.0,128.0
estimators,adaptive,num_batches,6.5,128.0
estimators,adaptive,num_batches,7.0,128.0
estimators,adaptive,num_batches,7.5,128.0
estimators,adaptive,num_batches,8.0,128.0
estimators,adaptive,num_batches,8.5,128.0
estimators,adaptive,num_batches,9.0,128.0
estimators,adaptive,num_batches,9.5,128.0
estimators,adaptive,num_batches,10.0,128.0
estimators,adaptive,runtime_total_sec,,4346.05632649998
estimators,pso,ber,-5.0,0.22782071431477866
estimators,pso,ber,-4.5,0.21291396197150736
estimators,pso,ber,-4.0,0.19089366771556712
estimators,pso,ber,-3.5,0.16668141682942708
estimators,pso,ber,-3.0,0.1452384617017663
estimators,pso,ber,-2.5,0.13233846028645832
estimators,pso,ber,-2.0,0.12027819403286638
estimators,pso,ber,-1.5,0.10175188849954044
estimators,pso,ber,-1.0,0.09566243489583333
estimators,pso,ber,-0.5,0.08057730538504464
estimators,pso,ber,0.0,0.07770521375868056
estimators,pso,ber,0.5,0.07624827716367465
estimators,pso,ber,1.0,0.06987175574669471
estimators,pso,ber,1.5,0.06820737398587741
estimators,pso,ber,2.0,0.06198260427891523
estimators,pso,ber,2.5,0.06612878558279454
estimators,pso,ber,3.0,0.061275583095651454
estimators,pso,ber,3.5,0.06288889066769125
estimators,pso,ber,4.0,0.058551807892628205
estimators,pso,ber,4.5,0.05859599393956801
estimators,pso,ber,5.0,0.06326516469319661
estimators,pso,ber,5.5,0.05587825068721065
estimators,pso,ber,6.0,0.057539876302083334
estimators,pso,ber,6.5,0.05868617466517857
estimators,pso,ber,7.0,0.05534383138020833
estimators,pso,ber,7.5,0.06070371409553794
estimators,pso,ber,8.0,0.05614437068904842
estimators,pso,ber,8.5,0.05762750131112558
estimators,pso,ber,9.0,0.059252784365699404
estimators,pso,ber,9.5,0.058276803152901784
estimators,pso,ber,10.0,0.06004857305270522
estimators,pso,ber_upper_confidence,-5.0,0.22837127678439628
estimators,pso,ber_upper_confidence,-4.5,0.21343529777291104
estimators,pso,ber_upper_confidence,-4.0,0.1913801040576825
estimators,pso,ber_upper_confidence,-3.5,0.167119071058581
estimators,pso,ber_upper_confidence,-3.0,0.1456243122559577
estimators,pso,ber_upper_confidence,-2.5,0.13269440622268897
estimators,pso,ber_upper_confidence,-2.0,0.12059544464596006
estimators,pso,ber_upper_confidence,-1.5,0.1020242126407294
estimators,pso,ber_upper_confidence,-1.0,0.09591991771826752
estimators,pso,ber_upper_confidence,-0.5,0.08079791406288106
estimators,pso,ber_upper_confidence,0.0,0.07791483292764348
estimators,pso,ber_upper_confidence,0.5,0.0764516139188305
estimators,pso,ber_upper_confidence,1.0,0.07005744860818691
estimators,pso,ber_upper_confidence,1.5,0.06839100935503528
estimators,pso,ber_upper_confidence,2.0,0.062148911601656844
estimators,pso,ber_upper_confidence,2.5,0.06630017683303417
estimators,pso,ber_upper_confidence,3.0,0.061434294877252965
estimators,pso,ber_upper_confidence,3.5,0.0630521524042723
estimators,pso,ber_upper_confidence,4.0,0.058704770264386356
estimators,pso,ber_upper_confidence,4.5,0.05874559282653728
estimators,pso,ber_upper_confidence,5.0,0.06342499280561363
estimators,pso,ber_upper_confidence,5.5,0.05602042787592541
estimators,pso,ber_upper_confidence,6.0,0.057686069080707114
estimators,pso,ber_upper_confidence,6.5,0.05883372458978777
estimators,pso,ber_upper_confidence,7.0,0.05548250506776817
estimators,pso,ber_upper_confidence,7.5,0.06085693752722471
estimators,pso,ber_upper_confidence,8.0,0.05628492439208036
estimators,pso,ber_upper_confidence,8.5,0.05777174978768968
estimators,pso,ber_upper_confidence,9.0,0.05940099923446324
estimators,pso,ber_upper_confidence,9.5,0.05842387025114948
estimators,pso,ber_upper_confidence,10.0,0.06020102173539081
estimators,pso,latency_ms,-5.0,1025.6935708336223
estimators,pso,latency_ms,-4.5,1028.683206862116
estimators,pso,latency_ms,-4.0,1019.1147944446923
estimators,pso,latency_ms,-3.5,1019.262753334218
estimators,pso,latency_ms,-3.0,1031.6543398546512
estimators,pso,latency_ms,-2.5,1018.0398473330146
estimators,pso,latency_ms,-2.0,1065.8683247132337
estimators,pso,latency_ms,-1.5,1035.9890950977874
estimators,pso,latency_ms,-1.0,1033.047975000589
estimators,pso,latency_ms,-0.5,1055.6412619047405
estimators,pso,latency_ms,0.0,1108.3799322216578
estimators,pso,latency_ms,0.5,1246.992562056942
estimators,pso,latency_ms,1.0,1249.1270621791193
estimators,pso,latency_ms,1.5,980.2363717947705
estimators,pso,latency_ms,2.0,752.5319488503044
estimators,pso,latency_ms,2.5,753.6544540234106
estimators,pso,latency_ms,3.0,751.6724484133022
estimators,pso,latency_ms,3.5,754.1870292349023
estimators,pso,latency_ms,4.0,757.7723002568191
estimators,pso,latency_ms,4.5,751.383802451187
estimators,pso,latency_ms,5.0,751.5379583337829
estimators,pso,latency_ms,5.5,753.0365027774669
estimators,pso,latency_ms,6.0,755.3852133334503
estimators,pso,latency_ms,6.5,754.8859590478555
estimators,pso,latency_ms,7.0,759.0582286663823
estimators,pso,latency_ms,7.5,761.8667609455965
estimators,pso,latency_ms,8.0,761.1663590095161
estimators,pso,latency_ms,8.5,765.6751833331015
estimators,pso,latency_ms,9.0,766.9669076187192
estimators,pso,latency_ms,9.5,771.8829119052161
estimators,pso,latency_ms,10.0,773.1115504975245
estimators,pso,throughput_bits_per_batch,-5.0,75908.3125
estimators,pso,throughput_bits_per_batch,-4.5,77373.70588235294
estimators,pso,throughput_bits_per_batch,-4.0,79538.38888888889
estimators,pso,throughput_bits_per_batch,-3.5,81918.55
estimators,pso,throughput_bits_per_batch,-3.0,84026.47826086957
estimators,pso,throughput_bits_per_batch,-2.5,85294.6
estimators,pso,throughput_bits_per_batch,-2.0,86480.1724137931
estimators,pso,throughput_bits_per_batch,-1.5,88301.38235294117
estimators,pso,throughput_bits_per_batch,-1.0,88900.0
estimators,pso,throughput_bits_per_batch,-0.5,90382.92857142857
estimators,pso,throughput_bits_per_batch,0.0,90665.26666666666
estimators,pso,throughput_bits_per_batch,0.5,90808.48936170213
estimators,pso,throughput_bits_per_batch,1.0,91435.32692307692
estimators,pso,throughput_bits_per_batch,1.5,91598.94230769231
estimators,pso,throughput_bits_per_batch,2.0,92210.86206896552
estimators,pso,throughput_bits_per_batch,2.5,91803.27586206897
estimators,pso,throughput_bits_per_batch,3.0,92280.36507936507
estimators,pso,throughput_bits_per_batch,3.5,92121.77049180328
estimators,pso,throughput_bits_per_batch,4.0,92548.12307692308
estimators,pso,throughput_bits_per_batch,4.5,92543.7794117647
estimators,pso,throughput_bits_per_batch,5.0,92084.78125
estimators,pso,throughput_bits_per_batch,5.5,92810.94444444444
estimators,pso,throughput_bits_per_batch,6.0,92647.6
estimators,pso,throughput_bits_per_batch,6.5,92534.91428571429
estimators,pso,throughput_bits_per_batch,7.0,92863.48
estimators,pso,throughput_bits_per_batch,7.5,92336.58208955223
estimators,pso,throughput_bits_per_batch,8.0,92784.78378378379
estimators,pso,throughput_bits_per_batch,8.5,92638.98611111111
estimators,pso,throughput_bits_per_batch,9.0,92479.21428571429
estimators,pso,throughput_bits_per_batch,9.5,92575.15714285715
estimators,pso,throughput_bits_per_batch,10.0,92400.98507462686
estimators,pso,energy_joules_per_batch,-5.0,0.00018645100000000008
estimators,pso,energy_joules_per_batch,-4.5,0.00018645100000000005
estimators,pso,energy_joules_per_batch,-4.0,0.00018645100000000005
estimators,pso,energy_joules_per_batch,-3.5,0.00018645100000000008
estimators,pso,energy_joules_per_batch,-3.0,0.00018645100000000002
estimators,pso,energy_joules_per_batch,-2.5,0.00018645100000000005
estimators,pso,energy_joules_per_batch,-2.0,0.000186451
estimators,pso,energy_joules_per_batch,-1.5,0.00018645099999999997
estimators,pso,energy_joules_per_batch,-1.0,0.00018645099999999994
estimators,pso,energy_joules_per_batch,-0.5,0.00018645099999999994
estimators,pso,energy_joules_per_batch,0.0,0.00018645099999999997
estimators,pso,energy_joules_per_batch,0.5,0.000186451
estimators,pso,energy_joules_per_batch,1.0,0.00018645100000000008
estimators,pso,energy_joules_per_batch,1.5,0.00018645100000000008
estimators,pso,energy_joules_per_batch,2.0,0.00018645100000000016
estimators,pso,energy_joules_per_batch,2.5,0.00018645100000000013
estimators,pso,energy_joules_per_batch,3.0,0.00018645100000000018
estimators,pso,energy_joules_per_batch,3.5,0.00018645100000000018
estimators,pso,energy_joules_per_batch,4.0,0.0001864510000000002
estimators,pso,energy_joules_per_batch,4.5,0.00018645100000000024
estimators,pso,energy_joules_per_batch,5.0,0.00018645100000000018
estimators,pso,energy_joules_per_batch,5.5,0.0001864510000000002
estimators,pso,energy_joules_per_batch,6.0,0.00018645100000000024
estimators,pso,energy_joules_per_batch,6.5,0.00018645100000000024
estimators,pso,energy_joules_per_batch,7.0,0.00018645100000000027
estimators,pso,energy_joules_per_batch,7.5,0.0001864510000000002
estimators,pso,energy_joules_per_batch,8.0,0.00018645100000000024
estimators,pso,energy_joules_per_batch,8.5,0.00018645100000000027
estimators,pso,energy_joules_per_batch,9.0,0.00018645100000000024
estimators,pso,energy_joules_per_batch,9.5,0.00018645100000000024
estimators,pso,energy_joules_per_batch,10.0,0.00018645100000000024
estimators,pso,avg_power_w,-5.0,0.0001817804121054048
estimators,pso,avg_power_w,-4.5,0.00018125210828389833
estimators,pso,avg_power_w,-4.0,0.00018295387429989742
estimators,pso,avg_power_w,-3.5,0.00018292731622938298
estimators,pso,avg_power_w,-3.0,0.00018073010774739622
estimators,pso,avg_power_w,-2.5,0.000183147055086744
estimators,pso,avg_power_w,-2.0,0.0001749287371403627
estimators,pso,avg_power_w,-1.5,0.00017997390212143186
estimators,pso,avg_power_w,-1.0,0.00018048629348496001
estimators,pso,avg_power_w,-0.5,0.00017662344844647138
estimators,pso,avg_power_w,0.0,0.00016821939353076705
estimators,pso,avg_power_w,0.5,0.00014952053899378913
estimators,pso,avg_power_w,1.0,0.00014926503927849722
estimators,pso,avg_power_w,1.5,0.00019021024455419497
estimators,pso,avg_power_w,2.0,0.0002477648959420984
estimators,pso,avg_power_w,2.5,0.000247395870885689
estimators,pso,avg_power_w,3.0,0.00024804820290217863
estimators,pso,avg_power_w,3.5,0.00024722117030990116
estimators,pso,avg_power_w,4.0,0.00024605148530344734
estimators,pso,avg_power_w,4.5,0.00024814349123810514
estimators,pso,avg_power_w,5.0,0.0002480925919076347
estimators,pso,avg_power_w,5.5,0.00024759888705567725
estimators,pso,avg_power_w,6.0,0.00024682903068383867
estimators,pso,avg_power_w,6.5,0.0002469922744823239
estimators,pso,avg_power_w,7.0,0.00024563464693292764
estimators,pso,avg_power_w,7.5,0.00024472914367413163
estimators,pso,avg_power_w,8.0,0.00024495433592549144
estimators,pso,avg_power_w,8.5,0.00024351187560807505
estimators,pso,avg_power_w,9.0,0.00024310175334538717
estimators,pso,avg_power_w,9.5,0.0002415534754355277
estimators,pso,avg_power_w,10.0,0.0002411695956165866
estimators,pso,runtime_sec,-5.0,70.55522510000446
estimators,pso,runtime_sec,-4.5,76.0493529000014
estimators,pso,runtime_sec,-4.0,83.53095200000098
estimators,pso,runtime_sec,-3.5,91.19619490000332
estimators,pso,runtime_sec,-3.0,106.90431220000028
estimators,pso,runtime_sec,-2.5,113.3028706000041
estimators,pso,runtime_sec,-2.0,132.98752599999716
estimators,pso,runtime_sec,-1.5,150.97691759999725
estimators,pso,runtime_sec,-1.0,159.9754713000002
estimators,pso,runtime_sec,-0.5,195.094794800003
estimators,pso,runtime_sec,0.0,214.00972989999718
estimators,pso,runtime_sec,0.5,243.50939609999477
estimators,pso,runtime_sec,1.0,275.444439400002
estimators,pso,runtime_sec,1.5,226.25500679999823
estimators,pso,runtime_sec,2.0,196.0695238000044
estimators,pso,runtime_sec,2.5,196.1844781999971
estimators,pso,runtime_sec,3.0,212.69670970000152
estimators,pso,runtime_sec,3.5,206.16888610000024
estimators,pso,runtime_sec,4.0,219.9959497000018
estimators,pso,runtime_sec,4.5,228.0765093999944
estimators,pso,runtime_sec,5.0,214.00041889999557
estimators,pso,runtime_sec,5.5,242.28487909999967
estimators,pso,runtime_sec,6.0,234.77821219999896
estimators,pso,runtime_sec,6.5,234.2908643999981
estimators,pso,runtime_sec,7.0,251.78138410000247
estimators,pso,runtime_sec,7.5,225.2069751999952
estimators,pso,runtime_sec,8.0,248.19320999999763
estimators,pso,runtime_sec,8.5,242.23589539999375
estimators,pso,runtime_sec,9.0,234.57669449999958
estimators,pso,runtime_sec,9.5,235.22914950000268
estimators,pso,runtime_sec,10.0,225.97133120000217
estimators,pso,bit_errors,-5.0,358331.0
estimators,pso,bit_errors,-4.5,355815.0
estimators,pso,bit_errors,-4.0,337781.0
estimators,pso,bit_errors,-3.5,327709.0
estimators,pso,bit_errors,-3.0,328383.0
estimators,pso,bit_errors,-2.5,325235.0
estimators,pso,bit_errors,-2.0,342891.0
estimators,pso,bit_errors,-1.5,340089.0
estimators,pso,bit_errors,-1.0,338544.0
estimators,pso,bit_errors,-0.5,332685.0
estimators,pso,bit_errors,0.0,343743.0
estimators,pso,bit_errors,0.5,352289.0
estimators,pso,bit_errors,1.0,357171.0
estimators,pso,bit_errors,1.5,348663.0
estimators,pso,bit_errors,2.0,353402.0
estimators,pso,bit_errors,2.5,377042.0
estimators,pso,bit_errors,3.0,379489.0
estimators,pso,bit_errors,3.5,377116.0
estimators,pso,bit_errors,4.0,374132.0
estimators,pso,bit_errors,4.5,391695.0
estimators,pso,bit_errors,5.0,398030.0
estimators,pso,bit_errors,5.5,395500.0
estimators,pso,bit_errors,6.0,395948.0
estimators,pso,bit_errors,6.5,403836.0
estimators,pso,bit_errors,7.0,408039.0
estimators,pso,bit_errors,7.5,399817.0
estimators,pso,bit_errors,8.0,408422.0
estimators,pso,bit_errors,8.5,407881.0
estimators,pso,bit_errors,9.0,407735.0
estimators,pso,bit_errors,9.5,401019.0
estimators,pso,bit_errors,10.0,395502.0
estimators,pso,total_bits,-5.0,1572864.0
estimators,pso,total_bits,-4.5,1671168.0
estimators,pso,total_bits,-4.0,1769472.0
estimators,pso,total_bits,-3.5,1966080.0
estimators,pso,total_bits,-3.0,2260992.0
estimators,pso,total_bits,-2.5,2457600.0
estimators,pso,total_bits,-2.0,2850816.0
estimators,pso,total_bits,-1.5,3342336.0
estimators,pso,total_bits,-1.0,3538944.0
estimators,pso,total_bits,-0.5,4128768.0
estimators,pso,total_bits,0.0,4423680.0
estimators,pso,total_bits,0.5,4620288.0
estimators,pso,total_bits,1.0,5111808.0
estimators,pso,total_bits,1.5,5111808.0
estimators,pso,total_bits,2.0,5701632.0
estimators,pso,total_bits,2.5,5701632.0
estimators,pso,total_bits,3.0,6193152.0
estimators,pso,total_bits,3.5,5996544.0
estimators,pso,total_bits,4.0,6389760.0
estimators,pso,total_bits,4.5,6684672.0
estimators,pso,total_bits,5.0,6291456.0
estimators,pso,total_bits,5.5,7077888.0
estimators,pso,total_bits,6.0,6881280.0
estimators,pso,total_bits,6.5,6881280.0
estimators,pso,total_bits,7.0,7372800.0
estimators,pso,total_bits,7.5,6586368.0
estimators,pso,total_bits,8.0,7274496.0
estimators,pso,total_bits,8.5,7077888.0
estimators,pso,total_bits,9.0,6881280.0
estimators,pso,total_bits,9.5,6881280.0
estimators,pso,total_bits,10.0,6586368.0
estimators,pso,block_errors,-5.0,1016.0
estimators,pso,block_errors,-4.5,1037.0
estimators,pso,block_errors,-4.0,1021.0
estimators,pso,block_errors,-3.5,1011.0
estimators,pso,block_errors,-3.0,1001.0
estimators,pso,block_errors,-2.5,1030.0
estimators,pso,block_errors,-2.0,1021.0
estimators,pso,block_errors,-1.5,1035.0
estimators,pso,block_errors,-1.0,1027.0
estimators,pso,block_errors,-0.5,1007.0
estimators,pso,block_errors,0.0,1019.0
estimators,pso,block_errors,0.5,1012.0
estimators,pso,block_errors,1.0,1019.0
estimators,pso,block_errors,1.5,1003.0
estimators,pso,block_errors,2.0,1016.0
estimators,pso,block_errors,2.5,1015.0
estimators,pso,block_errors,3.0,1010.0
estimators,pso,block_errors,3.5,1008.0
estimators,pso,block_errors,4.0,1003.0
estimators,pso,block_errors,4.5,1007.0
estimators,pso,block_errors,5.0,1015.0
estimators,pso,block_errors,5.5,1014.0
estimators,pso,block_errors,6.0,1000.0
estimators,pso,block_errors,6.5,1012.0
estimators,pso,block_errors,7.0,1016.0
estimators,pso,block_errors,7.5,1000.0
estimators,pso,block_errors,8.0,1004.0
estimators,pso,block_errors,8.5,1006.0
estimators,pso,block_errors,9.0,1015.0
estimators,pso,block_errors,9.5,1011.0
estimators,pso,block_errors,10.0,1000.0
estimators,pso,total_blocks,-5.0,1024.0
estimators,pso,total_blocks,-4.5,1088.0
estimators,pso,total_blocks,-4.0,1152.0
estimators,pso,total_blocks,-3.5,1280.0
estimators,pso,total_blocks,-3.0,1472.0
estimators,pso,total_blocks,-2.5,1600.0
estimators,pso,total_blocks,-2.0,1856.0
estimators,pso,total_blocks,-1.5,2176.0
estimators,pso,total_blocks,-1.0,2304.0
estimators,pso,total_blocks,-0.5,2688.0
estimators,pso,total_blocks,0.0,2880.0
estimators,pso,total_blocks,0.5,3008.0
estimators,pso,total_blocks,1.0,3328.0
estimators,pso,total_blocks,1.5,3328.0
estimators,pso,total_blocks,2.0,3712.0
estimators,pso,total_blocks,2.5,3712.0
estimators,pso,total_blocks,3.0,4032.0
estimators,pso,total_blocks,3.5,3904.0
estimators,pso,total_blocks,4.0,4160.0
estimators,pso,total_blocks,4.5,4352.0
estimators,pso,total_blocks,5.0,4096.0
estimators,pso,total_blocks,5.5,4608.0
estimators,pso,total_blocks,6.0,4480.0
estimators,pso,total_blocks,6.5,4480.0
estimators,pso,total_blocks,7.0,4800.0
estimators,pso,total_blocks,7.5,4288.0
estimators,pso,total_blocks,8.0,4736.0
estimators,pso,total_blocks,8.5,4608.0
estimators,pso,total_blocks,9.0,4480.0
estimators,pso,total_blocks,9.5,4480.0
estimators,pso,total_blocks,10.0,4288.0
estimators,pso,num_batches,-5.0,16.0
estimators,pso,num_batches,-4.5,17.0
estimators,pso,num_batches,-4.0,18.0
estimators,pso,num_batches,-3.5,20.0
estimators,pso,num_batches,-3.0,23.0
estimators,pso,num_batches,-2.5,25.0
estimators,pso,num_batches,-2.0,29.0
estimators,pso,num_batches,-1.5,34.0
estimators,pso,num_batches,-1.0,36.0
estimators,pso,num_batches,-0.5,42.0
estimators,pso,num_batches,0.0,45.0
estimators,pso,num_batches,0.5,47.0
estimators,pso,num_batches,1.0,52.0
estimators,pso,num_batches,1.5,52.0
estimators,pso,num_batches,2.0,58.0
estimators,pso,num_batches,2.5,58.0
estimators,pso,num_batches,3.0,63.0
estimators,pso,num_batches,3.5,61.0
estimators,pso,num_batches,4.0,65.0
estimators,pso,num_batches,4.5,68.0
estimators,pso,num_batches,5.0,64.0
estimators,pso,num_batches,5.5,72.0
estimators,pso,num_batches,6.0,70.0
estimators,pso,num_batches,6.5,70.0
estimators,pso,num_batches,7.0,75.0
estimators,pso,num_batches,7.5,67.0
estimators,pso,num_batches,8.0,74.0
estimators,pso,num_batches,8.5,72.0
estimators,pso,num_batches,9.0,70.0
estimators,pso,num_batches,9.5,70.0
estimators,pso,num_batches,10.0,67.0
estimators,pso,runtime_total_sec,,5987.53326099999
estimators,perfect,ber,-5.0,0.030999676074857027
estimators,perfect,ber,-4.5,0.016161846858198926
estimators,perfect,ber,-4.0,0.00818196932474772
estimators,perfect,ber,-3.5,0.004023631413777669
estimators,perfect,ber,-3.0,0.0020461082458496094
estimators,perfect,ber,-2.5,0.0010000069936116536
estimators,perfect,ber,-2.0,0.0006842613220214844
estimators,perfect,ber,-1.5,0.0005410512288411459
estimators,perfect,ber,-1.0,0.00019367535909016928
estimators,perfect,ber,-0.5,0.0001293818155924479
estimators,perfect,ber,0.0,1.33514404296875e-05
estimators,perfect,ber,0.5,8.193651835123698e-05
estimators,perfect,ber,1.0,3.6557515462239586e-05
estimators,perfect,ber,1.5,0.0
estimators,perfect,ber,2.0,0.0
estimators,perfect,ber,2.5,0.0
estimators,perfect,ber,3.0,0.0
estimators,perfect,ber,3.5,0.0
estimators,perfect,ber,4.0,1.4861424763997396e-05
estimators,perfect,ber,4.5,0.0
estimators,perfect,ber,5.0,0.0
estimators,perfect,ber,5.5,0.0
estimators,perfect,ber,6.0,0.0
estimators,perfect,ber,6.5,0.0
estimators,perfect,ber,7.0,0.0
estimators,perfect,ber,7.5,0.0
estimators,perfect,ber,8.0,0.0
estimators,perfect,ber,8.5,0.0
estimators,perfect,ber,9.0,0.0
estimators,perfect,ber,9.5,0.0
estimators,perfect,ber,10.0,0.0
estimators,perfect,ber_upper_confidence,-5.0,0.031127249530103557
estimators,perfect,ber_upper_confidence,-4.5,0.01623058756072234
estimators,perfect,ber_upper_confidence,-4.0,0.008223846850558221
estimators,perfect,ber_upper_confidence,-3.5,0.004053092450530775
estimators,perfect,ber_upper_confidence,-3.0,0.0020671690685199282
estimators,perfect,ber_upper_confidence,-2.5,0.0010147708633606786
estimators,perfect,ber_upper_confidence,-2.0,0.0006964946402107096
estimators,perfect,ber_upper_confidence,-1.5,0.0005519421236012988
estimators,perfect,ber_upper_confidence,-1.0,0.00020023627652435952
estimators,perfect,ber_upper_confidence,-0.5,0.0001347644525268889
estimators,perfect,ber_upper_confidence,0.0,1.5156682572768476e-05
estimators,perfect,ber_upper_confidence,0.5,8.624256551829724e-05
estimators,perfect,ber_upper_confidence,1.0,3.9470682755592426e-05
estimators,perfect,ber_upper_confidence,1.5,2.3807941067647855e-07
estimators,perfect,ber_upper_confidence,2.0,2.3807941067647855e-07
estimators,perfect,ber_upper_confidence,2.5,2.3807941067647855e-07
estimators,perfect,ber_upper_confidence,3.0,2.3807941067647855e-07
estimators,perfect,ber_upper_confidence,3.5,2.3807941067647855e-07
estimators,perfect,ber_upper_confidence,4.0,1.6759732321621272e-05
estimators,perfect,ber_upper_confidence,4.5,2.3807941067647855e-07
estimators,perfect,ber_upper_confidence,5.0,2.3807941067647855e-07
estimators,perfect,ber_upper_confidence,5.5,2.3807941067647855e-07
estimators,perfect,ber_upper_confidence,6.0,2.3807941067647855e-07
estimators,perfect,ber_upper_confidence,6.5,2.3807941067647855e-07
estimators,perfect,ber_upper_confidence,7.0,2.3807941067647855e-07
estimators,perfect,ber_upper_confidence,7.5,2.3807941067647855e-07
estimators,perfect,ber_upper_confidence,8.0,2.3807941067647855e-07
estimators,perfect,ber_upper_confidence,8.5,2.3807941067647855e-07
estimators,perfect,ber_upper_confidence,9.0,2.3807941067647855e-07
estimators,perfect,ber_upper_confidence,9.5,2.3807941067647855e-07
estimators,perfect,ber_upper_confidence,10.0,2.3807941067647855e-07
estimators,perfect,latency_ms,-5.0,776.9868852942519
estimators,perfect,latency_ms,-4.5,779.7722994623351
estimators,perfect,latency_ms,-4.0,781.630086458704
estimators,perfect,latency_ms,-3.5,786.0317606768197
estimators,perfect,latency_ms,-3.0,787.6594880209202
estimators,perfect,latency_ms,-2.5,790.9783059897384
estimators,perfect,latency_ms,-2.0,794.1821348958617
estimators,perfect,latency_ms,-1.5,841.1042864582034
estimators,perfect,latency_ms,-1.0,852.9861763020953
estimators,perfect,latency_ms,-0.5,855.3715255209503
estimators,perfect,latency_ms,0.0,865.2622934893933
estimators,perfect,latency_ms,0.5,862.3080317705379
estimators,perfect,latency_ms,1.0,850.2656309891839
estimators,perfect,latency_ms,1.5,866.6943302084454
estimators,perfect,latency_ms,2.0,838.5003270838913
estimators,perfect,latency_ms,2.5,840.7630083331403
estimators,perfect,latency_ms,3.0,845.308323958391
estimators,perfect,latency_ms,3.5,847.9443520836006
estimators,perfect,latency_ms,4.0,851.9930427083003
estimators,perfect,latency_ms,4.5,845.803398958224
estimators,perfect,latency_ms,5.0,848.9138169269658
estimators,perfect,latency_ms,5.5,848.8511372393353
estimators,perfect,latency_ms,6.0,853.7406638017436
estimators,perfect,latency_ms,6.5,853.1173411458602
estimators,perfect,latency_ms,7.0,855.4264286458696
estimators,perfect,latency_ms,7.5,856.2551208331391
estimators,perfect,latency_ms,8.0,859.122945833149
estimators,perfect,latency_ms,8.5,862.5983263018205
estimators,perfect,latency_ms,9.0,865.7764075524873
estimators,perfect,latency_ms,9.5,870.2349575519569
estimators,perfect,latency_ms,10.0,874.4468669268307
estimators,perfect,throughput_bits_per_batch,-5.0,95256.60784313726
estimators,perfect,throughput_bits_per_batch,-4.5,96715.2258064516
estimators,perfect,throughput_bits_per_batch,-4.0,97499.6796875
estimators,perfect,throughput_bits_per_batch,-3.5,97908.4609375
estimators,perfect,throughput_bits_per_batch,-3.0,98102.859375
estimators,perfect,throughput_bits_per_batch,-2.5,98205.6953125
estimators,perfect,throughput_bits_per_batch,-2.0,98236.734375
estimators,perfect,throughput_bits_per_batch,-1.5,98250.8125
estimators,perfect,throughput_bits_per_batch,-1.0,98284.9609375
estimators,perfect,throughput_bits_per_batch,-0.5,98291.28125
estimators,perfect,throughput_bits_per_batch,0.0,98302.6875
estimators,perfect,throughput_bits_per_batch,0.5,98295.9453125
estimators,perfect,throughput_bits_per_batch,1.0,98300.40625
estimators,perfect,throughput_bits_per_batch,1.5,98304.0
estimators,perfect,throughput_bits_per_batch,2.0,98304.0
estimators,perfect,throughput_bits_per_batch,2.5,98304.0
estimators,perfect,throughput_bits_per_batch,3.0,98304.0
estimators,perfect,throughput_bits_per_batch,3.5,98304.0
estimators,perfect,throughput_bits_per_batch,4.0,98302.5390625
estimators,perfect,throughput_bits_per_batch,4.5,98304.0
estimators,perfect,throughput_bits_per_batch,5.0,98304.0
estimators,perfect,throughput_bits_per_batch,5.5,98304.0
estimators,perfect,throughput_bits_per_batch,6.0,98304.0
estimators,perfect,throughput_bits_per_batch,6.5,98304.0
estimators,perfect,throughput_bits_per_batch,7.0,98304.0
estimators,perfect,throughput_bits_per_batch,7.5,98304.0
estimators,perfect,throughput_bits_per_batch,8.0,98304.0
estimators,perfect,throughput_bits_per_batch,8.5,98304.0
estimators,perfect,throughput_bits_per_batch,9.0,98304.0
estimators,perfect,throughput_bits_per_batch,9.5,98304.0
estimators,perfect,throughput_bits_per_batch,10.0,98304.0
estimators,perfect,energy_joules_per_batch,-5.0,0.00018645100000000005
estimators,perfect,energy_joules_per_batch,-4.5,0.00018645100000000035
estimators,perfect,energy_joules_per_batch,-4.0,0.00018645100000000043
estimators,perfect,energy_joules_per_batch,-3.5,0.00018645100000000043
estimators,perfect,energy_joules_per_batch,-3.0,0.00018645100000000043
estimators,perfect,energy_joules_per_batch,-2.5,0.00018645100000000043
estimators,perfect,energy_joules_per_batch,-2.0,0.00018645100000000043
estimators,perfect,energy_joules_per_batch,-1.5,0.00018645100000000043
estimators,perfect,energy_joules_per_batch,-1.0,0.00018645100000000043
estimators,perfect,energy_joules_per_batch,-0.5,0.00018645100000000043
estimators,perfect,energy_joules_per_batch,0.0,0.00018645100000000043
estimators,perfect,energy_joules_per_batch,0.5,0.00018645100000000043
estimators,perfect,energy_joules_per_batch,1.0,0.00018645100000000043
estimators,perfect,energy_joules_per_batch,1.5,0.00018645100000000043
estimators,perfect,energy_joules_per_batch,2.0,0.00018645100000000043
estimators,perfect,energy_joules_per_batch,2.5,0.00018645100000000043
estimators,perfect,energy_joules_per_batch,3.0,0.00018645100000000043
estimators,perfect,energy_joules_per_batch,3.5,0.00018645100000000043
estimators,perfect,energy_joules_per_batch,4.0,0.00018645100000000043
estimators,perfect,energy_joules_per_batch,4.5,0.00018645100000000043
estimators,perfect,energy_joules_per_batch,5.0,0.00018645100000000043
estimators,perfect,energy_joules_per_batch,5.5,0.00018645100000000043
estimators,perfect,energy_joules_per_batch,6.0,0.00018645100000000043
estimators,perfect,energy_joules_per_batch,6.5,0.00018645100000000043
estimators,perfect,energy_joules_per_batch,7.0,0.00018645100000000043
estimators,perfect,energy_joules_per_batch,7.5,0.00018645100000000043
estimators,perfect,energy_joules_per_batch,8.0,0.00018645100000000043
estimators,perfect,energy_joules_per_batch,8.5,0.00018645100000000043
estimators,perfect,energy_joules_per_batch,9.0,0.00018645100000000043
estimators,perfect,energy_joules_per_batch,9.5,0.00018645100000000043
estimators,perfect,energy_joules_per_batch,10.0,0.00018645100000000043
estimators,perfect,avg_power_w,-5.0,0.0002399667272754409
estimators,perfect,avg_power_w,-4.5,0.00023910954534876546
estimators,perfect,avg_power_w,-4.0,0.0002385412271484399
estimators,perfect,avg_power_w,-3.5,0.00023720542772909727
estimators,perfect,avg_power_w,-3.0,0.00023671523397563428
estimators,perfect,avg_power_w,-2.5,0.00023572201486195922
estimators,perfect,avg_power_w,-2.0,0.00023477108311489414
estimators,perfect,avg_power_w,-1.5,0.00022167405754775646
estimators,perfect,avg_power_w,-1.0,0.00021858619187512668
estimators,perfect,avg_power_w,-0.5,0.00021797662704103394
estimators,perfect,avg_power_w,0.0,0.00021548494763141556
estimators,perfect,avg_power_w,0.5,0.0002162231976631008
estimators,perfect,avg_power_w,1.0,0.00021928558935527788
estimators,perfect,avg_power_w,1.5,0.00021512890242994642
estimators,perfect,avg_power_w,2.0,0.0002223624654368753
estimators,perfect,avg_power_w,2.5,0.00022176403832234478
estimators,perfect,avg_power_w,3.0,0.00022057158875106282
estimators,perfect,avg_power_w,3.5,0.00021988589173552018
estimators,perfect,avg_power_w,4.0,0.0002188409888974132
estimators,perfect,avg_power_w,4.5,0.0002204424813492735
estimators,perfect,avg_power_w,5.0,0.00021963478068356295
estimators,perfect,avg_power_w,5.5,0.00021965099865022642
estimators,perfect,avg_power_w,6.0,0.00021839301781612013
estimators,perfect,avg_power_w,6.5,0.00021855258474709905
estimators,perfect,avg_power_w,7.0,0.00021796263682798562
estimators,perfect,avg_power_w,7.5,0.00021775169042911297
estimators,perfect,avg_power_w,8.0,0.00021702481688367248
estimators,perfect,avg_power_w,8.5,0.00021615043098838774
estimators,perfect,avg_power_w,9.0,0.00021535698867920113
estimators,perfect,avg_power_w,9.5,0.00021425363159910578
estimators,perfect,avg_power_w,10.0,0.00021322164565042888
estimators,perfect,runtime_sec,-5.0,58.297361900004034
estimators,perfect,runtime_sec,-4.5,106.64387870000064
estimators,perfect,runtime_sec,-4.0,147.00610949999827
estimators,perfect,runtime_sec,-3.5,147.77034090000234
estimators,perfect,runtime_sec,-3.0,148.06971590000467
estimators,perfect,runtime_sec,-2.5,148.57178930000373
estimators,perfect,runtime_sec,-2.0,149.12479970000277
estimators,perfect,runtime_sec,-1.5,157.3638404999947
estimators,perfect,runtime_sec,-1.0,159.28997070000332
estimators,perfect,runtime_sec,-0.5,159.70041520000086
estimators,perfect,runtime_sec,0.0,161.37619769999583
estimators,perfect,runtime_sec,0.5,160.86214110000583
estimators,perfect,runtime_sec,1.0,158.63998749999882
estimators,perfect,runtime_sec,1.5,161.73818540000502
estimators,perfect,runtime_sec,2.0,156.22759790000418
estimators,perfect,runtime_sec,2.5,156.92887789999804
estimators,perfect,runtime_sec,3.0,157.47843889999785
estimators,perfect,runtime_sec,3.5,157.7081246000016
estimators,perfect,runtime_sec,4.0,158.4580463999955
estimators,perfect,runtime_sec,4.5,157.34561329999997
estimators,perfect,runtime_sec,5.0,157.77990340000542
estimators,perfect,runtime_sec,5.5,157.74097389999952
estimators,perfect,runtime_sec,6.0,158.5418004000021
estimators,perfect,runtime_sec,6.5,158.38915370000177
estimators,perfect,runtime_sec,7.0,158.67983590000222
estimators,perfect,runtime_sec,7.5,158.86290960000042
estimators,perfect,runtime_sec,8.0,159.39872509999987
estimators,perfect,runtime_sec,8.5,159.89513759999681
estimators,perfect,runtime_sec,9.0,160.38542450000386
estimators,perfect,runtime_sec,9.5,161.1175832000008
estimators,perfect,runtime_sec,10.0,161.72933030000422
estimators,perfect,bit_errors,-5.0,155417.0
estimators,perfect,bit_errors,-4.5,147756.0
estimators,perfect,bit_errors,-4.0,102953.0
estimators,perfect,bit_errors,-3.5,50629.0
estimators,perfect,bit_errors,-3.0,25746.0
estimators,perfect,bit_errors,-2.5,12583.0
estimators,perfect,bit_errors,-2.0,8610.0
estimators,perfect,bit_errors,-1.5,6808.0
estimators,perfect,bit_errors,-1.0,2437.0
estimators,perfect,bit_errors,-0.5,1628.0
estimators,perfect,bit_errors,0.0,168.0
estimators,perfect,bit_errors,0.5,1031.0
estimators,perfect,bit_errors,1.0,460.0
estimators,perfect,bit_errors,1.5,0.0
estimators,perfect,bit_errors,2.0,0.0
estimators,perfect,bit_errors,2.5,0.0
estimators,perfect,bit_errors,3.0,0.0
estimators,perfect,bit_errors,3.5,0.0
estimators,perfect,bit_errors,4.0,187.0
estimators,perfect,bit_errors,4.5,0.0
estimators,perfect,bit_errors,5.0,0.0
estimators,perfect,bit_errors,5.5,0.0
estimators,perfect,bit_errors,6.0,0.0
estimators,perfect,bit_errors,6.5,0.0
estimators,perfect,bit_errors,7.0,0.0
estimators,perfect,bit_errors,7.5,0.0
estimators,perfect,bit_errors,8.0,0.0
estimators,perfect,bit_errors,8.5,0.0
estimators,perfect,bit_errors,9.0,0.0
estimators,perfect,bit_errors,9.5,0.0
estimators,perfect,bit_errors,10.0,0.0
estimators,perfect,total_bits,-5.0,5013504.0
estimators,perfect,total_bits,-4.5,9142272.0
estimators,perfect,total_bits,-4.0,12582912.0
estimators,perfect,total_bits,-3.5,12582912.0
estimators,perfect,total_bits,-3.0,12582912.0
estimators,perfect,total_bits,-2.5,12582912.0
estimators,perfect,total_bits,-2.0,12582912.0
estimators,perfect,total_bits,-1.5,12582912.0
estimators,perfect,total_bits,-1.0,12582912.0
estimators,perfect,total_bits,-0.5,12582912.0
estimators,perfect,total_bits,0.0,12582912.0
estimators,perfect,total_bits,0.5,12582912.0
estimators,perfect,total_bits,1.0,12582912.0
estimators,perfect,total_bits,1.5,12582912.0
estimators,perfect,total_bits,2.0,12582912.0
estimators,perfect,total_bits,2.5,12582912.0
estimators,perfect,total_bits,3.0,12582912.0
estimators,perfect,total_bits,3.5,12582912.0
estimators,perfect,total_bits,4.0,12582912.0
estimators,perfect,total_bits,4.5,12582912.0
estimators,perfect,total_bits,5.0,12582912.0
estimators,perfect,total_bits,5.5,12582912.0
estimators,perfect,total_bits,6.0,12582912.0
estimators,perfect,total_bits,6.5,12582912.0
estimators,perfect,total_bits,7.0,12582912.0
estimators,perfect,total_bits,7.5,12582912.0
estimators,perfect,total_bits,8.0,12582912.0
estimators,perfect,total_bits,8.5,12582912.0
estimators,perfect,total_bits,9.0,12582912.0
estimators,perfect,total_bits,9.5,12582912.0
estimators,perfect,total_bits,10.0,12582912.0
estimators,perfect,block_errors,-5.0,1020.0
estimators,perfect,block_errors,-4.5,1009.0
estimators,perfect,block_errors,-4.0,732.0
estimators,perfect,block_errors,-3.5,358.0
estimators,perfect,block_errors,-3.0,192.0
estimators,perfect,block_errors,-2.5,96.0
estimators,perfect,block_errors,-2.0,62.0
estimators,perfect,block_errors,-1.5,41.0
estimators,perfect,block_errors,-1.0,17.0
estimators,perfect,block_errors,-0.5,8.0
estimators,perfect,block_errors,0.0,6.0
estimators,perfect,block_errors,0.5,5.0
estimators,perfect,block_errors,1.0,2.0
estimators,perfect,block_errors,1.5,0.0
estimators,perfect,block_errors,2.0,0.0
estimators,perfect,block_errors,2.5,0.0
estimators,perfect,block_errors,3.0,0.0
estimators,perfect,block_errors,3.5,0.0
estimators,perfect,block_errors,4.0,1.0
estimators,perfect,block_errors,4.5,0.0
estimators,perfect,block_errors,5.0,0.0
estimators,perfect,block_errors,5.5,0.0
estimators,perfect,block_errors,6.0,0.0
estimators,perfect,block_errors,6.5,0.0
estimators,perfect,block_errors,7.0,0.0
estimators,perfect,block_errors,7.5,0.0
estimators,perfect,block_errors,8.0,0.0
estimators,perfect,block_errors,8.5,0.0
estimators,perfect,block_errors,9.0,0.0
estimators,perfect,block_errors,9.5,0.0
estimators,perfect,block_errors,10.0,0.0
estimators,perfect,total_blocks,-5.0,3264.0
estimators,perfect,total_blocks,-4.5,5952.0
estimators,perfect,total_blocks,-4.0,8192.0
estimators,perfect,total_blocks,-3.5,8192.0
estimators,perfect,total_blocks,-3.0,8192.0
estimators,perfect,total_blocks,-2.5,8192.0
estimators,perfect,total_blocks,-2.0,8192.0
estimators,perfect,total_blocks,-1.5,8192.0
estimators,perfect,total_blocks,-1.0,8192.0
estimators,perfect,total_blocks,-0.5,8192.0
estimators,perfect,total_blocks,0.0,8192.0
estimators,perfect,total_blocks,0.5,8192.0
estimators,perfect,total_blocks,1.0,8192.0
estimators,perfect,total_blocks,1.5,8192.0
estimators,perfect,total_blocks,2.0,8192.0
estimators,perfect,total_blocks,2.5,8192.0
estimators,perfect,total_blocks,3.0,8192.0
estimators,perfect,total_blocks,3.5,8192.0
estimators,perfect,total_blocks,4.0,8192.0
estimators,perfect,total_blocks,4.5,8192.0
estimators,perfect,total_blocks,5.0,8192.0
estimators,perfect,total_blocks,5.5,8192.0
estimators,perfect,total_blocks,6.0,8192.0
estimators,perfect,total_blocks,6.5,8192.0
estimators,perfect,total_blocks,7.0,8192.0
estimators,perfect,total_blocks,7.5,8192.0
estimators,perfect,total_blocks,8.0,8192.0
estimators,perfect,total_blocks,8.5,8192.0
estimators,perfect,total_blocks,9.0,8192.0
estimators,perfect,total_blocks,9.5,8192.0
estimators,perfect,total_blocks,10.0,8192.0
estimators,perfect,num_batches,-5.0,51.0
estimators,perfect,num_batches,-4.5,93.0
estimators,perfect,num_batches,-4.0,128.0
estimators,perfect,num_batches,-3.5,128.0
estimators,perfect,num_batches,-3.0,128.0
estimators,perfect,num_batches,-2.5,128.0
estimators,perfect,num_batches,-2.0,128.0
estimators,perfect,num_batches,-1.5,128.0
estimators,perfect,num_batches,-1.0,128.0
estimators,perfect,num_batches,-0.5,128.0
estimators,perfect,num_batches,0.0,128.0
estimators,perfect,num_batches,0.5,128.0
estimators,perfect,num_batches,1.0,128.0
estimators,perfect,num_batches,1.5,128.0
estimators,perfect,num_batches,2.0,128.0
estimators,perfect,num_batches,2.5,128.0
estimators,perfect,num_batches,3.0,128.0
estimators,perfect,num_batches,3.5,128.0
estimators,perfect,num_batches,4.0,128.0
estimators,perfect,num_batches,4.5,128.0
estimators,perfect,num_batches,5.0,128.0
estimators,perfect,num_batches,5.5,128.0
estimators,perfect,num_batches,6.0,128.0
estimators,perfect,num_batches,6.5,128.0
estimators,perfect,num_batches,7.0,128.0
estimators,perfect,num_batches,7.5,128.0
estimators,perfect,num_batches,8.0,128.0
estimators,perfect,num_batches,8.5,128.0
estimators,perfect,num_batches,9.0,128.0
estimators,perfect,num_batches,9.5,128.0
estimators,perfect,num_batches,10.0,128.0
estimators,perfect,runtime_total_sec,,4721.122210600035
