Log file: /app/results/20260320_065944_adaptive_max_throughput_rayleigh_qpsk_s/simulation.log
Loaded configuration for scenario: umi
======================================================================
  6G Smart Factory Simulation Flow
======================================================================
Stages: estimators -> resource_managers
Estimators: ['adaptive']
Resource managers: ['max_throughput']
Factory sizes: Small
Modulations: QPSK
Channels: rayleigh
Scenario: umi
Eb/No Range: [0.0, 2.0, 4.0, 6.0, 8.0, 10.0, 12.0, 14.0, 16.0, 18.0, 20.0]
Run directory: results/20260320_065944_adaptive_max_throughput_rayleigh_qpsk_s
----------------------------------------------------------------------

======================================================================
  Small
======================================================================
[estimators] Starting...
Estimator batch 1/2000 (active points 11/11) [0s elapsed] ...   snr=+0.0dB [adaptive]  snr=+2.0dB [adaptive]  snr=+4.0dB [adaptive]  snr=+6.0dB [adaptive]  snr=+8.0dB [adaptive]  snr=+10.0dB [adaptive]  snr=+12.0dB [adaptive]  snr=+14.0dB [adaptive]  snr=+16.0dB [adaptive]  snr=+18.0dB [adaptive]  snr=+20.0dB [adaptive]Done (6.83s)
Estimator batch 2/2000 (active points 11/11) [6s elapsed] ...   snr=+0.0dB [adaptive]  snr=+2.0dB [adaptive]  snr=+4.0dB [adaptive]  snr=+6.0dB [adaptive]  snr=+8.0dB [adaptive]  snr=+10.0dB [adaptive]  snr=+12.0dB [adaptive]  snr=+14.0dB [adaptive]  snr=+16.0dB [adaptive]  snr=+18.0dB [adaptive]  snr=+20.0dB [adaptive]Done (6.51s)
Estimator batch 3/2000 (active points 11/11) [13s elapsed] ...   snr=+0.0dB [adaptive]  snr=+2.0dB [adaptive]  snr=+4.0dB [adaptive]  snr=+6.0dB [adaptive]  snr=+8.0dB [adaptive]  snr=+10.0dB [adaptive]  snr=+12.0dB [adaptive]  snr=+14.0dB [adaptive]  snr=+16.0dB [adaptive]  snr=+18.0dB [adaptive]  snr=+20.0dB [adaptive]Done (6.28s)
Estimator batch 4/2000 (active points 11/11) [19s elapsed] ...   snr=+0.0dB [adaptive]  snr=+2.0dB [adaptive]  snr=+4.0dB [adaptive]  snr=+6.0dB [adaptive]  snr=+8.0dB [adaptive]  snr=+10.0dB [adaptive]  snr=+12.0dB [adaptive]  snr=+14.0dB [adaptive]  snr=+16.0dB [adaptive]  snr=+18.0dB [adaptive]  snr=+20.0dB [adaptive]Done (6.64s)
Estimator batch 5/2000 (active points 11/11) [26s elapsed] ...   snr=+0.0dB [adaptive]  snr=+2.0dB [adaptive]  snr=+4.0dB [adaptive]  snr=+6.0dB [adaptive]  snr=+8.0dB [adaptive]  snr=+10.0dB [adaptive]  snr=+12.0dB [adaptive]  snr=+14.0dB [adaptive]  snr=+16.0dB [adaptive]  snr=+18.0dB [adaptive]  snr=+20.0dB [adaptive]Done (6.87s)
Estimator batch 6/2000 (active points 11/11) [33s elapsed] ...   snr=+0.0dB [adaptive]  snr=+2.0dB [adaptive]  snr=+4.0dB [adaptive]  snr=+6.0dB [adaptive]  snr=+8.0dB [adaptive]  snr=+10.0dB [adaptive]  snr=+12.0dB [adaptive]  snr=+14.0dB [adaptive]  snr=+16.0dB [adaptive]  snr=+18.0dB [adaptive]  snr=+20.0dB [adaptive]Done (6.54s)
Estimator batch 7/2000 (active points 11/11) [39s elapsed] ...   snr=+0.0dB [adaptive]  snr=+2.0dB [adaptive]  snr=+4.0dB [adaptive]  snr=+6.0dB [adaptive]  snr=+8.0dB [adaptive]  snr=+10.0dB [adaptive]  snr=+12.0dB [adaptive]  snr=+14.0dB [adaptive]  snr=+16.0dB [adaptive]  snr=+18.0dB [adaptive]  snr=+20.0dB [adaptive]Done (6.37s)
Estimator batch 8/2000 (active points 11/11) [46s elapsed] ...   snr=+0.0dB [adaptive]  snr=+2.0dB [adaptive]  snr=+4.0dB [adaptive]  snr=+6.0dB [adaptive]  snr=+8.0dB [adaptive]  snr=+10.0dB [adaptive]  snr=+12.0dB [adaptive]  snr=+14.0dB [adaptive]  snr=+16.0dB [adaptive]  snr=+18.0dB [adaptive]  snr=+20.0dB [adaptive]Done (6.70s)
Estimator batch 9/2000 (active points 11/11) [52s elapsed] ...   snr=+0.0dB [adaptive]  snr=+2.0dB [adaptive]  snr=+4.0dB [adaptive]  snr=+6.0dB [adaptive]  snr=+8.0dB [adaptive]  snr=+10.0dB [adaptive]  snr=+12.0dB [adaptive]  snr=+14.0dB [adaptive]  snr=+16.0dB [adaptive]  snr=+18.0dB [adaptive]  snr=+20.0dB [adaptive]Done (6.69s)
Estimator batch 10/2000 (active points 11/11) [59s elapsed] ...   snr=+0.0dB [adaptive]  snr=+2.0dB [adaptive]  snr=+4.0dB [adaptive]  snr=+6.0dB [adaptive]  snr=+8.0dB [adaptive]  snr=+10.0dB [adaptive]  snr=+12.0dB [adaptive]  snr=+14.0dB [adaptive]  snr=+16.0dB [adaptive]  snr=+18.0dB [adaptive]  snr=+20.0dB [adaptive]Done (6.51s)
Estimator batch 11/2000 (active points 11/11) [1m 05s elapsed] ...   snr=+0.0dB [adaptive]  snr=+2.0dB [adaptive]  snr=+4.0dB [adaptive]  snr=+6.0dB [adaptive]  snr=+8.0dB [adaptive]  snr=+10.0dB [adaptive]  snr=+12.0dB [adaptive]  snr=+14.0dB [adaptive]  snr=+16.0dB [adaptive]  snr=+18.0dB [adaptive]  snr=+20.0dB [adaptive]Done (6.38s)
Estimator batch 12/2000 (active points 11/11) [1m 12s elapsed] ...   snr=+0.0dB [adaptive]  snr=+2.0dB [adaptive]  snr=+4.0dB [adaptive]  snr=+6.0dB [adaptive]  snr=+8.0dB [adaptive]  snr=+10.0dB [adaptive]  snr=+12.0dB [adaptive]  snr=+14.0dB [adaptive]  snr=+16.0dB [adaptive]  snr=+18.0dB [adaptive]  snr=+20.0dB [adaptive]Done (6.38s)
Estimator batch 13/2000 (active points 11/11) [1m 18s elapsed] ...   snr=+0.0dB [adaptive]  snr=+2.0dB [adaptive]  snr=+4.0dB [adaptive]  snr=+6.0dB [adaptive]  snr=+8.0dB [adaptive]  snr=+10.0dB [adaptive]  snr=+12.0dB [adaptive]  snr=+14.0dB [adaptive]  snr=+16.0dB [adaptive]  snr=+18.0dB [adaptive]  snr=+20.0dB [adaptive]Done (6.36s)
Estimator batch 14/2000 (active points 11/11) [1m 25s elapsed] ...   snr=+0.0dB [adaptive]  snr=+2.0dB [adaptive]  snr=+4.0dB [adaptive]  snr=+6.0dB [adaptive]  snr=+8.0dB [adaptive]  snr=+10.0dB [adaptive]  snr=+12.0dB [adaptive]  snr=+14.0dB [adaptive]  snr=+16.0dB [adaptive]  snr=+18.0dB [adaptive]  snr=+20.0dB [adaptive]Done (6.48s)
Estimator batch 15/2000 (active points 11/11) [1m 31s elapsed] ...   snr=+0.0dB [adaptive]  snr=+2.0dB [adaptive]  snr=+4.0dB [adaptive]  snr=+6.0dB [adaptive]  snr=+8.0dB [adaptive]  snr=+10.0dB [adaptive]  snr=+12.0dB [adaptive]  snr=+14.0dB [adaptive]  snr=+16.0dB [adaptive]  snr=+18.0dB [adaptive]  snr=+20.0dB [adaptive]Done (6.75s)
Estimator batch 16/2000 (active points 11/11) [1m 38s elapsed] ...   snr=+0.0dB [adaptive]  snr=+2.0dB [adaptive]  snr=+4.0dB [adaptive]  snr=+6.0dB [adaptive]  snr=+8.0dB [adaptive]  snr=+10.0dB [adaptive]  snr=+12.0dB [adaptive]  snr=+14.0dB [adaptive]  snr=+16.0dB [adaptive]  snr=+18.0dB [adaptive]  snr=+20.0dB [adaptive]Done (6.79s)
Estimator batch 17/2000 (active points 11/11) [1m 45s elapsed] ...   snr=+0.0dB [adaptive]  snr=+2.0dB [adaptive]  snr=+4.0dB [adaptive]  snr=+6.0dB [adaptive]  snr=+8.0dB [adaptive]  snr=+10.0dB [adaptive]  snr=+12.0dB [adaptive]  snr=+14.0dB [adaptive]  snr=+16.0dB [adaptive]  snr=+18.0dB [adaptive]  snr=+20.0dB [adaptive]Done (6.64s)
Estimator batch 18/2000 (active points 11/11) [1m 51s elapsed] ...   snr=+0.0dB [adaptive]  snr=+2.0dB [adaptive]  snr=+4.0dB [adaptive]  snr=+6.0dB [adaptive]  snr=+8.0dB [adaptive]  snr=+10.0dB [adaptive]  snr=+12.0dB [adaptive]  snr=+14.0dB [adaptive]  snr=+16.0dB [adaptive]  snr=+18.0dB [adaptive]  snr=+20.0dB [adaptive]Done (6.49s)
Estimator batch 19/2000 (active points 11/11) [1m 58s elapsed] ...   snr=+0.0dB [adaptive]  snr=+2.0dB [adaptive]  snr=+4.0dB [adaptive]  snr=+6.0dB [adaptive]  snr=+8.0dB [adaptive]  snr=+10.0dB [adaptive]  snr=+12.0dB [adaptive]  snr=+14.0dB [adaptive]  snr=+16.0dB [adaptive]  snr=+18.0dB [adaptive]  snr=+20.0dB [adaptive]Done (6.35s)
Estimator batch 20/2000 (active points 11/11) [2m 04s elapsed] ...   snr=+0.0dB [adaptive]  snr=+2.0dB [adaptive]  snr=+4.0dB [adaptive]  snr=+6.0dB [adaptive]  snr=+8.0dB [adaptive]  snr=+10.0dB [adaptive]  snr=+12.0dB [adaptive]  snr=+14.0dB [adaptive]  snr=+16.0dB [adaptive]  snr=+18.0dB [adaptive]  snr=+20.0dB [adaptive]Done (6.68s)
Estimator batch 21/2000 (active points 11/11) [2m 11s elapsed] ...   snr=+0.0dB [adaptive]  snr=+2.0dB [adaptive]  snr=+4.0dB [adaptive]  snr=+6.0dB [adaptive]  snr=+8.0dB [adaptive]  snr=+10.0dB [adaptive]  snr=+12.0dB [adaptive]  snr=+14.0dB [adaptive]  snr=+16.0dB [adaptive]  snr=+18.0dB [adaptive]  snr=+20.0dB [adaptive]Done (6.59s)
Estimator batch 22/2000 (active points 11/11) [2m 17s elapsed] ...   snr=+0.0dB [adaptive]  snr=+2.0dB [adaptive]  snr=+4.0dB [adaptive]  snr=+6.0dB [adaptive]  snr=+8.0dB [adaptive]  snr=+10.0dB [adaptive]  snr=+12.0dB [adaptive]  snr=+14.0dB [adaptive]  snr=+16.0dB [adaptive]  snr=+18.0dB [adaptive]  snr=+20.0dB [adaptive]Done (7.63s)
Estimator batch 23/2000 (active points 11/11) [2m 25s elapsed] ...   snr=+0.0dB [adaptive]  snr=+2.0dB [adaptive]  snr=+4.0dB [adaptive]  snr=+6.0dB [adaptive]  snr=+8.0dB [adaptive]  snr=+10.0dB [adaptive]  snr=+12.0dB [adaptive]  snr=+14.0dB [adaptive]  snr=+16.0dB [adaptive]  snr=+18.0dB [adaptive]  snr=+20.0dB [adaptive]Done (6.91s)
Estimator batch 24/2000 (active points 11/11) [2m 32s elapsed] ...   snr=+0.0dB [adaptive]  snr=+2.0dB [adaptive]  snr=+4.0dB [adaptive]  snr=+6.0dB [adaptive]  snr=+8.0dB [adaptive]  snr=+10.0dB [adaptive]  snr=+12.0dB [adaptive]  snr=+14.0dB [adaptive]  snr=+16.0dB [adaptive]  snr=+18.0dB [adaptive]  snr=+20.0dB [adaptive]Done (6.73s)
Estimator batch 25/2000 (active points 11/11) [2m 39s elapsed] ...   snr=+0.0dB [adaptive]  snr=+2.0dB [adaptive]  snr=+4.0dB [adaptive]  snr=+6.0dB [adaptive]  snr=+8.0dB [adaptive]  snr=+10.0dB [adaptive]  snr=+12.0dB [adaptive]  snr=+14.0dB [adaptive]  snr=+16.0dB [adaptive]  snr=+18.0dB [adaptive]  snr=+20.0dB [adaptive]Done (6.31s)
Estimator batch 26/2000 (active points 11/11) [2m 45s elapsed] ...   snr=+0.0dB [adaptive]  snr=+2.0dB [adaptive]  snr=+4.0dB [adaptive]  snr=+6.0dB [adaptive]  snr=+8.0dB [adaptive]  snr=+10.0dB [adaptive]  snr=+12.0dB [adaptive]  snr=+14.0dB [adaptive]  snr=+16.0dB [adaptive]  snr=+18.0dB [adaptive]  snr=+20.0dB [adaptive]Done (6.28s)
Estimator batch 27/2000 (active points 11/11) [2m 51s elapsed] ...   snr=+0.0dB [adaptive]  snr=+2.0dB [adaptive]  snr=+4.0dB [adaptive]  snr=+6.0dB [adaptive]  snr=+8.0dB [adaptive]  snr=+10.0dB [adaptive]  snr=+12.0dB [adaptive]  snr=+14.0dB [adaptive]  snr=+16.0dB [adaptive]  snr=+18.0dB [adaptive]  snr=+20.0dB [adaptive]Done (6.34s)
Estimator batch 28/2000 (active points 11/11) [2m 58s elapsed] ...   snr=+0.0dB [adaptive]  snr=+2.0dB [adaptive]  snr=+4.0dB [adaptive]  snr=+6.0dB [adaptive]  snr=+8.0dB [adaptive]  snr=+10.0dB [adaptive]  snr=+12.0dB [adaptive]  snr=+14.0dB [adaptive]  snr=+16.0dB [adaptive]  snr=+18.0dB [adaptive]  snr=+20.0dB [adaptive]Done (6.18s)
Estimator batch 29/2000 (active points 11/11) [3m 04s elapsed] ...   snr=+0.0dB [adaptive]  snr=+2.0dB [adaptive]  snr=+4.0dB [adaptive]  snr=+6.0dB [adaptive]  snr=+8.0dB [adaptive]  snr=+10.0dB [adaptive]  snr=+12.0dB [adaptive]  snr=+14.0dB [adaptive]  snr=+16.0dB [adaptive]  snr=+18.0dB [adaptive]  snr=+20.0dB [adaptive]Done (6.25s)
Estimator batch 30/2000 (active points 11/11) [3m 10s elapsed] ...   snr=+0.0dB [adaptive]  snr=+2.0dB [adaptive]  snr=+4.0dB [adaptive]  snr=+6.0dB [adaptive]  snr=+8.0dB [adaptive]  snr=+10.0dB [adaptive]  snr=+12.0dB [adaptive]  snr=+14.0dB [adaptive]  snr=+16.0dB [adaptive]  snr=+18.0dB [adaptive]  snr=+20.0dB [adaptive]Done (6.28s)
Estimator batch 31/2000 (active points 11/11) [3m 16s elapsed] ...   snr=+0.0dB [adaptive]  snr=+2.0dB [adaptive]  snr=+4.0dB [adaptive]  snr=+6.0dB [adaptive]  snr=+8.0dB [adaptive]  snr=+10.0dB [adaptive]  snr=+12.0dB [adaptive]  snr=+14.0dB [adaptive]  snr=+16.0dB [adaptive]  snr=+18.0dB [adaptive]  snr=+20.0dB [adaptive]Done (6.24s)
Estimator batch 32/2000 (active points 11/11) [3m 22s elapsed] ...   snr=+0.0dB [adaptive]  snr=+2.0dB [adaptive]  snr=+4.0dB [adaptive]  snr=+6.0dB [adaptive]  snr=+8.0dB [adaptive]  snr=+10.0dB [adaptive]  snr=+12.0dB [adaptive]  snr=+14.0dB [adaptive]  snr=+16.0dB [adaptive]  snr=+18.0dB [adaptive]  snr=+20.0dB [adaptive]Done (6.16s)
Estimator batch 33/2000 (active points 11/11) [3m 29s elapsed] ...   snr=+0.0dB [adaptive]  snr=+2.0dB [adaptive]  snr=+4.0dB [adaptive]  snr=+6.0dB [adaptive]  snr=+8.0dB [adaptive]  snr=+10.0dB [adaptive]  snr=+12.0dB [adaptive]  snr=+14.0dB [adaptive]  snr=+16.0dB [adaptive]  snr=+18.0dB [adaptive]  snr=+20.0dB [adaptive]Done (6.44s)
Estimator batch 34/2000 (active points 11/11) [3m 35s elapsed] ...   snr=+0.0dB [adaptive]  snr=+2.0dB [adaptive]  snr=+4.0dB [adaptive]  snr=+6.0dB [adaptive]  snr=+8.0dB [adaptive]  snr=+10.0dB [adaptive]  snr=+12.0dB [adaptive]  snr=+14.0dB [adaptive]  snr=+16.0dB [adaptive]  snr=+18.0dB [adaptive]  snr=+20.0dB [adaptive]Done (6.86s)
Estimator batch 35/2000 (active points 11/11) [3m 42s elapsed] ...   snr=+0.0dB [adaptive]  snr=+2.0dB [adaptive]  snr=+4.0dB [adaptive]  snr=+6.0dB [adaptive]  snr=+8.0dB [adaptive]  snr=+10.0dB [adaptive]  snr=+12.0dB [adaptive]  snr=+14.0dB [adaptive]  snr=+16.0dB [adaptive]  snr=+18.0dB [adaptive]  snr=+20.0dB [adaptive]Done (6.98s)
Estimator batch 36/2000 (active points 11/11) [3m 49s elapsed] ...   snr=+0.0dB [adaptive]  snr=+2.0dB [adaptive]  snr=+4.0dB [adaptive]  snr=+6.0dB [adaptive]  snr=+8.0dB [adaptive]  snr=+10.0dB [adaptive]  snr=+12.0dB [adaptive]  snr=+14.0dB [adaptive]  snr=+16.0dB [adaptive]  snr=+18.0dB [adaptive]  snr=+20.0dB [adaptive]Done (6.99s)
Estimator batch 37/2000 (active points 11/11) [3m 56s elapsed] ...   snr=+0.0dB [adaptive]  snr=+2.0dB [adaptive]  snr=+4.0dB [adaptive]  snr=+6.0dB [adaptive]  snr=+8.0dB [adaptive]  snr=+10.0dB [adaptive]  snr=+12.0dB [adaptive]  snr=+14.0dB [adaptive]  snr=+16.0dB [adaptive]  snr=+18.0dB [adaptive]  snr=+20.0dB [adaptive]Done (6.85s)
Estimator batch 38/2000 (active points 11/11) [4m 03s elapsed] ...   snr=+0.0dB [adaptive]  snr=+2.0dB [adaptive]  snr=+4.0dB [adaptive]  snr=+6.0dB [adaptive]  snr=+8.0dB [adaptive]  snr=+10.0dB [adaptive]  snr=+12.0dB [adaptive]  snr=+14.0dB [adaptive]  snr=+16.0dB [adaptive]  snr=+18.0dB [adaptive]  snr=+20.0dB [adaptive]Done (6.55s)
Estimator batch 39/2000 (active points 11/11) [4m 09s elapsed] ...   snr=+0.0dB [adaptive]  snr=+2.0dB [adaptive]  snr=+4.0dB [adaptive]  snr=+6.0dB [adaptive]  snr=+8.0dB [adaptive]  snr=+10.0dB [adaptive]  snr=+12.0dB [adaptive]  snr=+14.0dB [adaptive]  snr=+16.0dB [adaptive]  snr=+18.0dB [adaptive]  snr=+20.0dB [adaptive]Done (6.21s)
Estimator batch 40/2000 (active points 11/11) [4m 16s elapsed] ...   snr=+0.0dB [adaptive]  snr=+2.0dB [adaptive]  snr=+4.0dB [adaptive]  snr=+6.0dB [adaptive]  snr=+8.0dB [adaptive]  snr=+10.0dB [adaptive]  snr=+12.0dB [adaptive]  snr=+14.0dB [adaptive]  snr=+16.0dB [adaptive]  snr=+18.0dB [adaptive]  snr=+20.0dB [adaptive]Done (6.19s)
Estimator batch 41/2000 (active points 11/11) [4m 22s elapsed] ...   snr=+0.0dB [adaptive]  snr=+2.0dB [adaptive]  snr=+4.0dB [adaptive]  snr=+6.0dB [adaptive]  snr=+8.0dB [adaptive]  snr=+10.0dB [adaptive]  snr=+12.0dB [adaptive]  snr=+14.0dB [adaptive]  snr=+16.0dB [adaptive]  snr=+18.0dB [adaptive]  snr=+20.0dB [adaptive]Done (6.52s)
Estimator batch 42/2000 (active points 11/11) [4m 28s elapsed] ...   snr=+0.0dB [adaptive]  snr=+2.0dB [adaptive]  snr=+4.0dB [adaptive]  snr=+6.0dB [adaptive]  snr=+8.0dB [adaptive]  snr=+10.0dB [adaptive]  snr=+12.0dB [adaptive]  snr=+14.0dB [adaptive]  snr=+16.0dB [adaptive]  snr=+18.0dB [adaptive]  snr=+20.0dB [adaptive]Done (6.77s)
Estimator batch 43/2000 (active points 11/11) [4m 35s elapsed] ...   snr=+0.0dB [adaptive]  snr=+2.0dB [adaptive]  snr=+4.0dB [adaptive]  snr=+6.0dB [adaptive]  snr=+8.0dB [adaptive]  snr=+10.0dB [adaptive]  snr=+12.0dB [adaptive]  snr=+14.0dB [adaptive]  snr=+16.0dB [adaptive]  snr=+18.0dB [adaptive]  snr=+20.0dB [adaptive]Done (6.81s)
Estimator batch 44/2000 (active points 11/11) [4m 42s elapsed] ...   snr=+0.0dB [adaptive]  snr=+2.0dB [adaptive]  snr=+4.0dB [adaptive]  snr=+6.0dB [adaptive]  snr=+8.0dB [adaptive]  snr=+10.0dB [adaptive]  snr=+12.0dB [adaptive]  snr=+14.0dB [adaptive]  snr=+16.0dB [adaptive]  snr=+18.0dB [adaptive]  snr=+20.0dB [adaptive]Done (6.84s)
Estimator batch 45/2000 (active points 11/11) [4m 49s elapsed] ...   snr=+0.0dB [adaptive]  snr=+2.0dB [adaptive]  snr=+4.0dB [adaptive]  snr=+6.0dB [adaptive]  snr=+8.0dB [adaptive]  snr=+10.0dB [adaptive]  snr=+12.0dB [adaptive]  snr=+14.0dB [adaptive]  snr=+16.0dB [adaptive]  snr=+18.0dB [adaptive]  snr=+20.0dB [adaptive]Done (6.40s)
Estimator batch 46/2000 (active points 11/11) [4m 55s elapsed] ...   snr=+0.0dB [adaptive]  snr=+2.0dB [adaptive]  snr=+4.0dB [adaptive]  snr=+6.0dB [adaptive]  snr=+8.0dB [adaptive]  snr=+10.0dB [adaptive]  snr=+12.0dB [adaptive]  snr=+14.0dB [adaptive]  snr=+16.0dB [adaptive]  snr=+18.0dB [adaptive]  snr=+20.0dB [adaptive]Done (6.74s)
Estimator batch 47/2000 (active points 11/11) [5m 02s elapsed] ...   snr=+0.0dB [adaptive]  snr=+2.0dB [adaptive]  snr=+4.0dB [adaptive]  snr=+6.0dB [adaptive]  snr=+8.0dB [adaptive]  snr=+10.0dB [adaptive]  snr=+12.0dB [adaptive]  snr=+14.0dB [adaptive]  snr=+16.0dB [adaptive]  snr=+18.0dB [adaptive]  snr=+20.0dB [adaptive]Done (6.43s)
Estimator batch 48/2000 (active points 11/11) [5m 08s elapsed] ...   snr=+0.0dB [adaptive]  snr=+2.0dB [adaptive]  snr=+4.0dB [adaptive]  snr=+6.0dB [adaptive]  snr=+8.0dB [adaptive]  snr=+10.0dB [adaptive]  snr=+12.0dB [adaptive]  snr=+14.0dB [adaptive]  snr=+16.0dB [adaptive]  snr=+18.0dB [adaptive]  snr=+20.0dB [adaptive]Done (6.68s)
Estimator batch 49/2000 (active points 11/11) [5m 15s elapsed] ...   snr=+0.0dB [adaptive]  snr=+2.0dB [adaptive]  snr=+4.0dB [adaptive]  snr=+6.0dB [adaptive]  snr=+8.0dB [adaptive]  snr=+10.0dB [adaptive]  snr=+12.0dB [adaptive]  snr=+14.0dB [adaptive]  snr=+16.0dB [adaptive]  snr=+18.0dB [adaptive]  snr=+20.0dB [adaptive]Done (6.28s)
Estimator batch 50/2000 (active points 11/11) [5m 21s elapsed] ...   snr=+0.0dB [adaptive]  snr=+2.0dB [adaptive]  snr=+4.0dB [adaptive]  snr=+6.0dB [adaptive]  snr=+8.0dB [adaptive]  snr=+10.0dB [adaptive]  snr=+12.0dB [adaptive]  snr=+14.0dB [adaptive]  snr=+16.0dB [adaptive]  snr=+18.0dB [adaptive]  snr=+20.0dB [adaptive]Done (6.54s)
Estimator batch 51/2000 (active points 11/11) [5m 28s elapsed] ...   snr=+0.0dB [adaptive]  snr=+2.0dB [adaptive]  snr=+4.0dB [adaptive]  snr=+6.0dB [adaptive]  snr=+8.0dB [adaptive]  snr=+10.0dB [adaptive]  snr=+12.0dB [adaptive]  snr=+14.0dB [adaptive]  snr=+16.0dB [adaptive]  snr=+18.0dB [adaptive]  snr=+20.0dB [adaptive]Done (6.59s)
Estimator batch 52/2000 (active points 11/11) [5m 34s elapsed] ...   snr=+0.0dB [adaptive]  snr=+2.0dB [adaptive]  snr=+4.0dB [adaptive]  snr=+6.0dB [adaptive]  snr=+8.0dB [adaptive]  snr=+10.0dB [adaptive]  snr=+12.0dB [adaptive]  snr=+14.0dB [adaptive]  snr=+16.0dB [adaptive]  snr=+18.0dB [adaptive]  snr=+20.0dB [adaptive]Done (6.54s)
Estimator batch 53/2000 (active points 11/11) [5m 41s elapsed] ...   snr=+0.0dB [adaptive]  snr=+2.0dB [adaptive]  snr=+4.0dB [adaptive]  snr=+6.0dB [adaptive]  snr=+8.0dB [adaptive]  snr=+10.0dB [adaptive]  snr=+12.0dB [adaptive]  snr=+14.0dB [adaptive]  snr=+16.0dB [adaptive]  snr=+18.0dB [adaptive]  snr=+20.0dB [adaptive]Done (6.54s)
Estimator batch 54/2000 (active points 11/11) [5m 47s elapsed] ...   snr=+0.0dB [adaptive]  snr=+2.0dB [adaptive]  snr=+4.0dB [adaptive]  snr=+6.0dB [adaptive]  snr=+8.0dB [adaptive]  snr=+10.0dB [adaptive]  snr=+12.0dB [adaptive]  snr=+14.0dB [adaptive]  snr=+16.0dB [adaptive]  snr=+18.0dB [adaptive]  snr=+20.0dB [adaptive]Done (6.36s)
Estimator batch 55/2000 (active points 11/11) [5m 54s elapsed] ...   snr=+0.0dB [adaptive]  snr=+2.0dB [adaptive]  snr=+4.0dB [adaptive]  snr=+6.0dB [adaptive]  snr=+8.0dB [adaptive]  snr=+10.0dB [adaptive]  snr=+12.0dB [adaptive]  snr=+14.0dB [adaptive]  snr=+16.0dB [adaptive]  snr=+18.0dB [adaptive]  snr=+20.0dB [adaptive]Done (6.25s)
Estimator batch 56/2000 (active points 11/11) [6m 00s elapsed] ...   snr=+0.0dB [adaptive]  snr=+2.0dB [adaptive]  snr=+4.0dB [adaptive]  snr=+6.0dB [adaptive]  snr=+8.0dB [adaptive]  snr=+10.0dB [adaptive]  snr=+12.0dB [adaptive]  snr=+14.0dB [adaptive]  snr=+16.0dB [adaptive]  snr=+18.0dB [adaptive]  snr=+20.0dB [adaptive]Done (6.18s)
Estimator batch 57/2000 (active points 11/11) [6m 06s elapsed] ...   snr=+0.0dB [adaptive]  snr=+2.0dB [adaptive]  snr=+4.0dB [adaptive]  snr=+6.0dB [adaptive]  snr=+8.0dB [adaptive]  snr=+10.0dB [adaptive]  snr=+12.0dB [adaptive]  snr=+14.0dB [adaptive]  snr=+16.0dB [adaptive]  snr=+18.0dB [adaptive]  snr=+20.0dB [adaptive]Done (6.15s)
Estimator batch 58/2000 (active points 11/11) [6m 12s elapsed] ...   snr=+0.0dB [adaptive]  snr=+2.0dB [adaptive]  snr=+4.0dB [adaptive]  snr=+6.0dB [adaptive]  snr=+8.0dB [adaptive]  snr=+10.0dB [adaptive]  snr=+12.0dB [adaptive]  snr=+14.0dB [adaptive]  snr=+16.0dB [adaptive]  snr=+18.0dB [adaptive]  snr=+20.0dB [adaptive]Done (6.25s)
Estimator batch 59/2000 (active points 11/11) [6m 19s elapsed] ...   snr=+0.0dB [adaptive]  snr=+2.0dB [adaptive]  snr=+4.0dB [adaptive]  snr=+6.0dB [adaptive]  snr=+8.0dB [adaptive]  snr=+10.0dB [adaptive]  snr=+12.0dB [adaptive]  snr=+14.0dB [adaptive]  snr=+16.0dB [adaptive]  snr=+18.0dB [adaptive]  snr=+20.0dB [adaptive]Done (6.21s)
Estimator batch 60/2000 (active points 11/11) [6m 25s elapsed] ...   snr=+0.0dB [adaptive]  snr=+2.0dB [adaptive]  snr=+4.0dB [adaptive]  snr=+6.0dB [adaptive]  snr=+8.0dB [adaptive]  snr=+10.0dB [adaptive]  snr=+12.0dB [adaptive]  snr=+14.0dB [adaptive]  snr=+16.0dB [adaptive]  snr=+18.0dB [adaptive]  snr=+20.0dB [adaptive]Done (6.18s)
Estimator batch 61/2000 (active points 11/11) [6m 31s elapsed] ...   snr=+0.0dB [adaptive]  snr=+2.0dB [adaptive]  snr=+4.0dB [adaptive]  snr=+6.0dB [adaptive]  snr=+8.0dB [adaptive]  snr=+10.0dB [adaptive]  snr=+12.0dB [adaptive]  snr=+14.0dB [adaptive]  snr=+16.0dB [adaptive]  snr=+18.0dB [adaptive]  snr=+20.0dB [adaptive]Done (6.26s)
Estimator batch 62/2000 (active points 11/11) [6m 37s elapsed] ...   snr=+0.0dB [adaptive]  snr=+2.0dB [adaptive]  snr=+4.0dB [adaptive]  snr=+6.0dB [adaptive]  snr=+8.0dB [adaptive]  snr=+10.0dB [adaptive]  snr=+12.0dB [adaptive]  snr=+14.0dB [adaptive]  snr=+16.0dB [adaptive]  snr=+18.0dB [adaptive]  snr=+20.0dB [adaptive]Done (6.37s)
Estimator batch 63/2000 (active points 11/11) [6m 44s elapsed] ...   snr=+0.0dB [adaptive]  snr=+2.0dB [adaptive]  snr=+4.0dB [adaptive]  snr=+6.0dB [adaptive]  snr=+8.0dB [adaptive]  snr=+10.0dB [adaptive]  snr=+12.0dB [adaptive]  snr=+14.0dB [adaptive]  snr=+16.0dB [adaptive]  snr=+18.0dB [adaptive]  snr=+20.0dB [adaptive]Done (6.27s)
Estimator batch 64/2000 (active points 11/11) [6m 50s elapsed] ...   snr=+0.0dB [adaptive]  snr=+2.0dB [adaptive]  snr=+4.0dB [adaptive]  snr=+6.0dB [adaptive]  snr=+8.0dB [adaptive]  snr=+10.0dB [adaptive]  snr=+12.0dB [adaptive]  snr=+14.0dB [adaptive]  snr=+16.0dB [adaptive]  snr=+18.0dB [adaptive]  snr=+20.0dB [adaptive]Done (6.21s)
Estimator batch 65/2000 (active points 11/11) [6m 56s elapsed] ...   snr=+0.0dB [adaptive]  snr=+2.0dB [adaptive]  snr=+4.0dB [adaptive]  snr=+6.0dB [adaptive]  snr=+8.0dB [adaptive]  snr=+10.0dB [adaptive]  snr=+12.0dB [adaptive]  snr=+14.0dB [adaptive]  snr=+16.0dB [adaptive]  snr=+18.0dB [adaptive]  snr=+20.0dB [adaptive]Done (6.20s)
Estimator batch 66/2000 (active points 11/11) [7m 02s elapsed] ...   snr=+0.0dB [adaptive]  snr=+2.0dB [adaptive]  snr=+4.0dB [adaptive]  snr=+6.0dB [adaptive]  snr=+8.0dB [adaptive]  snr=+10.0dB [adaptive]  snr=+12.0dB [adaptive]  snr=+14.0dB [adaptive]  snr=+16.0dB [adaptive]  snr=+18.0dB [adaptive]  snr=+20.0dB [adaptive]Done (6.16s)
Estimator batch 67/2000 (active points 11/11) [7m 08s elapsed] ...   snr=+0.0dB [adaptive]  snr=+2.0dB [adaptive]  snr=+4.0dB [adaptive]  snr=+6.0dB [adaptive]  snr=+8.0dB [adaptive]  snr=+10.0dB [adaptive]  snr=+12.0dB [adaptive]  snr=+14.0dB [adaptive]  snr=+16.0dB [adaptive]  snr=+18.0dB [adaptive]  snr=+20.0dB [adaptive]Done (6.20s)
Estimator batch 68/2000 (active points 11/11) [7m 15s elapsed] ...   snr=+0.0dB [adaptive]  snr=+2.0dB [adaptive]  snr=+4.0dB [adaptive]  snr=+6.0dB [adaptive]  snr=+8.0dB [adaptive]  snr=+10.0dB [adaptive]  snr=+12.0dB [adaptive]  snr=+14.0dB [adaptive]  snr=+16.0dB [adaptive]  snr=+18.0dB [adaptive]  snr=+20.0dB [adaptive]Done (6.28s)
Estimator batch 69/2000 (active points 11/11) [7m 21s elapsed] ...   snr=+0.0dB [adaptive]  snr=+2.0dB [adaptive]  snr=+4.0dB [adaptive]  snr=+6.0dB [adaptive]  snr=+8.0dB [adaptive]  snr=+10.0dB [adaptive]  snr=+12.0dB [adaptive]  snr=+14.0dB [adaptive]  snr=+16.0dB [adaptive]  snr=+18.0dB [adaptive]  snr=+20.0dB [adaptive]Done (6.18s)
Estimator batch 70/2000 (active points 11/11) [7m 27s elapsed] ...   snr=+0.0dB [adaptive]  snr=+2.0dB [adaptive]  snr=+4.0dB [adaptive]  snr=+6.0dB [adaptive]  snr=+8.0dB [adaptive]  snr=+10.0dB [adaptive]  snr=+12.0dB [adaptive]  snr=+14.0dB [adaptive]  snr=+16.0dB [adaptive]  snr=+18.0dB [adaptive]  snr=+20.0dB [adaptive]Done (6.20s)
Estimator batch 71/2000 (active points 11/11) [7m 33s elapsed] ...   snr=+0.0dB [adaptive]  snr=+2.0dB [adaptive]  snr=+4.0dB [adaptive]  snr=+6.0dB [adaptive]  snr=+8.0dB [adaptive]  snr=+10.0dB [adaptive]  snr=+12.0dB [adaptive]  snr=+14.0dB [adaptive]  snr=+16.0dB [adaptive]  snr=+18.0dB [adaptive]  snr=+20.0dB [adaptive]Done (6.18s)
Estimator batch 72/2000 (active points 11/11) [7m 40s elapsed] ...   snr=+0.0dB [adaptive]  snr=+2.0dB [adaptive]  snr=+4.0dB [adaptive]  snr=+6.0dB [adaptive]  snr=+8.0dB [adaptive]  snr=+10.0dB [adaptive]  snr=+12.0dB [adaptive]  snr=+14.0dB [adaptive]  snr=+16.0dB [adaptive]  snr=+18.0dB [adaptive]  snr=+20.0dB [adaptive]Done (6.14s)
Estimator batch 73/2000 (active points 11/11) [7m 46s elapsed] ...   snr=+0.0dB [adaptive]  snr=+2.0dB [adaptive]  snr=+4.0dB [adaptive]  snr=+6.0dB [adaptive]  snr=+8.0dB [adaptive]  snr=+10.0dB [adaptive]  snr=+12.0dB [adaptive]  snr=+14.0dB [adaptive]  snr=+16.0dB [adaptive]  snr=+18.0dB [adaptive]  snr=+20.0dB [adaptive]Done (6.22s)
Estimator batch 74/2000 (active points 11/11) [7m 52s elapsed] ...   snr=+0.0dB [adaptive]  snr=+2.0dB [adaptive]  snr=+4.0dB [adaptive]  snr=+6.0dB [adaptive]  snr=+8.0dB [adaptive]  snr=+10.0dB [adaptive]  snr=+12.0dB [adaptive]  snr=+14.0dB [adaptive]  snr=+16.0dB [adaptive]  snr=+18.0dB [adaptive]  snr=+20.0dB [adaptive]Done (6.21s)
Estimator batch 75/2000 (active points 11/11) [7m 58s elapsed] ...   snr=+0.0dB [adaptive]  snr=+2.0dB [adaptive]  snr=+4.0dB [adaptive]  snr=+6.0dB [adaptive]  snr=+8.0dB [adaptive]  snr=+10.0dB [adaptive]  snr=+12.0dB [adaptive]  snr=+14.0dB [adaptive]  snr=+16.0dB [adaptive]  snr=+18.0dB [adaptive]  snr=+20.0dB [adaptive]Done (6.19s)
Estimator batch 76/2000 (active points 11/11) [8m 04s elapsed] ...   snr=+0.0dB [adaptive]  snr=+2.0dB [adaptive]  snr=+4.0dB [adaptive]  snr=+6.0dB [adaptive]  snr=+8.0dB [adaptive]  snr=+10.0dB [adaptive]  snr=+12.0dB [adaptive]  snr=+14.0dB [adaptive]  snr=+16.0dB [adaptive]  snr=+18.0dB [adaptive]  snr=+20.0dB [adaptive]Done (6.28s)
Estimator batch 77/2000 (active points 11/11) [8m 11s elapsed] ...   snr=+0.0dB [adaptive]  snr=+2.0dB [adaptive]  snr=+4.0dB [adaptive]  snr=+6.0dB [adaptive]  snr=+8.0dB [adaptive]  snr=+10.0dB [adaptive]  snr=+12.0dB [adaptive]  snr=+14.0dB [adaptive]  snr=+16.0dB [adaptive]  snr=+18.0dB [adaptive]  snr=+20.0dB [adaptive]Done (6.29s)
Estimator batch 78/2000 (active points 11/11) [8m 17s elapsed] ...   snr=+0.0dB [adaptive]  snr=+2.0dB [adaptive]  snr=+4.0dB [adaptive]  snr=+6.0dB [adaptive]  snr=+8.0dB [adaptive]  snr=+10.0dB [adaptive]  snr=+12.0dB [adaptive]  snr=+14.0dB [adaptive]  snr=+16.0dB [adaptive]  snr=+18.0dB [adaptive]  snr=+20.0dB [adaptive]Done (6.54s)
Estimator batch 79/2000 (active points 11/11) [8m 23s elapsed] ...   snr=+0.0dB [adaptive]  snr=+2.0dB [adaptive]  snr=+4.0dB [adaptive]  snr=+6.0dB [adaptive]  snr=+8.0dB [adaptive]  snr=+10.0dB [adaptive]  snr=+12.0dB [adaptive]  snr=+14.0dB [adaptive]  snr=+16.0dB [adaptive]  snr=+18.0dB [adaptive]  snr=+20.0dB [adaptive]Done (6.35s)
Estimator batch 80/2000 (active points 11/11) [8m 30s elapsed] ...   snr=+0.0dB [adaptive]  snr=+2.0dB [adaptive]  snr=+4.0dB [adaptive]  snr=+6.0dB [adaptive]  snr=+8.0dB [adaptive]  snr=+10.0dB [adaptive]  snr=+12.0dB [adaptive]  snr=+14.0dB [adaptive]  snr=+16.0dB [adaptive]  snr=+18.0dB [adaptive]  snr=+20.0dB [adaptive]Done (6.27s)
Estimator batch 81/2000 (active points 11/11) [8m 36s elapsed] ...   snr=+0.0dB [adaptive]  snr=+2.0dB [adaptive]  snr=+4.0dB [adaptive]  snr=+6.0dB [adaptive]  snr=+8.0dB [adaptive]  snr=+10.0dB [adaptive]  snr=+12.0dB [adaptive]  snr=+14.0dB [adaptive]  snr=+16.0dB [adaptive]  snr=+18.0dB [adaptive]  snr=+20.0dB [adaptive]Done (6.69s)
Estimator batch 82/2000 (active points 11/11) [8m 43s elapsed] ...   snr=+0.0dB [adaptive]  snr=+2.0dB [adaptive]  snr=+4.0dB [adaptive]  snr=+6.0dB [adaptive]  snr=+8.0dB [adaptive]  snr=+10.0dB [adaptive]  snr=+12.0dB [adaptive]  snr=+14.0dB [adaptive]  snr=+16.0dB [adaptive]  snr=+18.0dB [adaptive]  snr=+20.0dB [adaptive]Done (7.14s)
Estimator batch 83/2000 (active points 11/11) [8m 50s elapsed] ...   snr=+0.0dB [adaptive]  snr=+2.0dB [adaptive]  snr=+4.0dB [adaptive]  snr=+6.0dB [adaptive]  snr=+8.0dB [adaptive]  snr=+10.0dB [adaptive]  snr=+12.0dB [adaptive]  snr=+14.0dB [adaptive]  snr=+16.0dB [adaptive]  snr=+18.0dB [adaptive]  snr=+20.0dB [adaptive]Done (6.63s)
Estimator batch 84/2000 (active points 11/11) [8m 56s elapsed] ...   snr=+0.0dB [adaptive]  snr=+2.0dB [adaptive]  snr=+4.0dB [adaptive]  snr=+6.0dB [adaptive]  snr=+8.0dB [adaptive]  snr=+10.0dB [adaptive]  snr=+12.0dB [adaptive]  snr=+14.0dB [adaptive]  snr=+16.0dB [adaptive]  snr=+18.0dB [adaptive]  snr=+20.0dB [adaptive]Done (6.16s)
Estimator batch 85/2000 (active points 11/11) [9m 03s elapsed] ...   snr=+0.0dB [adaptive]  snr=+2.0dB [adaptive]  snr=+4.0dB [adaptive]  snr=+6.0dB [adaptive]  snr=+8.0dB [adaptive]  snr=+10.0dB [adaptive]  snr=+12.0dB [adaptive]  snr=+14.0dB [adaptive]  snr=+16.0dB [adaptive]  snr=+18.0dB [adaptive]  snr=+20.0dB [adaptive]Done (6.29s)
Estimator batch 86/2000 (active points 11/11) [9m 09s elapsed] ...   snr=+0.0dB [adaptive]  snr=+2.0dB [adaptive]  snr=+4.0dB [adaptive]  snr=+6.0dB [adaptive]  snr=+8.0dB [adaptive]  snr=+10.0dB [adaptive]  snr=+12.0dB [adaptive]  snr=+14.0dB [adaptive]  snr=+16.0dB [adaptive]  snr=+18.0dB [adaptive]  snr=+20.0dB [adaptive]Done (6.19s)
Estimator batch 87/2000 (active points 11/11) [9m 15s elapsed] ...   snr=+0.0dB [adaptive]  snr=+2.0dB [adaptive]  snr=+4.0dB [adaptive]  snr=+6.0dB [adaptive]  snr=+8.0dB [adaptive]  snr=+10.0dB [adaptive]  snr=+12.0dB [adaptive]  snr=+14.0dB [adaptive]  snr=+16.0dB [adaptive]  snr=+18.0dB [adaptive]  snr=+20.0dB [adaptive]Done (6.20s)
Estimator batch 88/2000 (active points 11/11) [9m 21s elapsed] ...   snr=+0.0dB [adaptive]  snr=+2.0dB [adaptive]  snr=+4.0dB [adaptive]  snr=+6.0dB [adaptive]  snr=+8.0dB [adaptive]  snr=+10.0dB [adaptive]  snr=+12.0dB [adaptive]  snr=+14.0dB [adaptive]  snr=+16.0dB [adaptive]  snr=+18.0dB [adaptive]  snr=+20.0dB [adaptive]Done (6.56s)
Estimator batch 89/2000 (active points 11/11) [9m 28s elapsed] ...   snr=+0.0dB [adaptive]  snr=+2.0dB [adaptive]  snr=+4.0dB [adaptive]  snr=+6.0dB [adaptive]  snr=+8.0dB [adaptive]  snr=+10.0dB [adaptive]  snr=+12.0dB [adaptive]  snr=+14.0dB [adaptive]  snr=+16.0dB [adaptive]  snr=+18.0dB [adaptive]  snr=+20.0dB [adaptive]Done (6.30s)
Estimator batch 90/2000 (active points 11/11) [9m 34s elapsed] ...   snr=+0.0dB [adaptive]  snr=+2.0dB [adaptive]  snr=+4.0dB [adaptive]  snr=+6.0dB [adaptive]  snr=+8.0dB [adaptive]  snr=+10.0dB [adaptive]  snr=+12.0dB [adaptive]  snr=+14.0dB [adaptive]  snr=+16.0dB [adaptive]  snr=+18.0dB [adaptive]  snr=+20.0dB [adaptive]Done (6.38s)
Estimator batch 91/2000 (active points 11/11) [9m 41s elapsed] ...   snr=+0.0dB [adaptive]  snr=+2.0dB [adaptive]  snr=+4.0dB [adaptive]  snr=+6.0dB [adaptive]  snr=+8.0dB [adaptive]  snr=+10.0dB [adaptive]  snr=+12.0dB [adaptive]  snr=+14.0dB [adaptive]  snr=+16.0dB [adaptive]  snr=+18.0dB [adaptive]  snr=+20.0dB [adaptive]Done (6.94s)
Estimator batch 92/2000 (active points 11/11) [9m 48s elapsed] ...   snr=+0.0dB [adaptive]  snr=+2.0dB [adaptive]  snr=+4.0dB [adaptive]  snr=+6.0dB [adaptive]  snr=+8.0dB [adaptive]  snr=+10.0dB [adaptive]  snr=+12.0dB [adaptive]  snr=+14.0dB [adaptive]  snr=+16.0dB [adaptive]  snr=+18.0dB [adaptive]  snr=+20.0dB [adaptive]Done (6.50s)
Estimator batch 93/2000 (active points 11/11) [9m 54s elapsed] ...   snr=+0.0dB [adaptive]  snr=+2.0dB [adaptive]  snr=+4.0dB [adaptive]  snr=+6.0dB [adaptive]  snr=+8.0dB [adaptive]  snr=+10.0dB [adaptive]  snr=+12.0dB [adaptive]  snr=+14.0dB [adaptive]  snr=+16.0dB [adaptive]  snr=+18.0dB [adaptive]  snr=+20.0dB [adaptive]Done (6.84s)
Estimator batch 94/2000 (active points 11/11) [10m 01s elapsed] ...   snr=+0.0dB [adaptive]  snr=+2.0dB [adaptive]  snr=+4.0dB [adaptive]  snr=+6.0dB [adaptive]  snr=+8.0dB [adaptive]  snr=+10.0dB [adaptive]  snr=+12.0dB [adaptive]  snr=+14.0dB [adaptive]  snr=+16.0dB [adaptive]  snr=+18.0dB [adaptive]  snr=+20.0dB [adaptive]Done (6.31s)
Estimator batch 95/2000 (active points 11/11) [10m 07s elapsed] ...   snr=+0.0dB [adaptive]  snr=+2.0dB [adaptive]  snr=+4.0dB [adaptive]  snr=+6.0dB [adaptive]  snr=+8.0dB [adaptive]  snr=+10.0dB [adaptive]  snr=+12.0dB [adaptive]  snr=+14.0dB [adaptive]  snr=+16.0dB [adaptive]  snr=+18.0dB [adaptive]  snr=+20.0dB [adaptive]Done (6.41s)
Estimator batch 96/2000 (active points 11/11) [10m 14s elapsed] ...   snr=+0.0dB [adaptive]  snr=+2.0dB [adaptive]  snr=+4.0dB [adaptive]  snr=+6.0dB [adaptive]  snr=+8.0dB [adaptive]  snr=+10.0dB [adaptive]  snr=+12.0dB [adaptive]  snr=+14.0dB [adaptive]  snr=+16.0dB [adaptive]  snr=+18.0dB [adaptive]  snr=+20.0dB [adaptive]Done (6.52s)
Estimator batch 97/2000 (active points 11/11) [10m 20s elapsed] ...   snr=+0.0dB [adaptive]  snr=+2.0dB [adaptive]  snr=+4.0dB [adaptive]  snr=+6.0dB [adaptive]  snr=+8.0dB [adaptive]  snr=+10.0dB [adaptive]  snr=+12.0dB [adaptive]  snr=+14.0dB [adaptive]  snr=+16.0dB [adaptive]  snr=+18.0dB [adaptive]  snr=+20.0dB [adaptive]Done (6.65s)
Estimator batch 98/2000 (active points 11/11) [10m 27s elapsed] ...   snr=+0.0dB [adaptive]  snr=+2.0dB [adaptive]  snr=+4.0dB [adaptive]  snr=+6.0dB [adaptive]  snr=+8.0dB [adaptive]  snr=+10.0dB [adaptive]  snr=+12.0dB [adaptive]  snr=+14.0dB [adaptive]  snr=+16.0dB [adaptive]  snr=+18.0dB [adaptive]  snr=+20.0dB [adaptive]Done (6.55s)
Estimator batch 99/2000 (active points 11/11) [10m 33s elapsed] ...   snr=+0.0dB [adaptive]  snr=+2.0dB [adaptive]  snr=+4.0dB [adaptive]  snr=+6.0dB [adaptive]  snr=+8.0dB [adaptive]  snr=+10.0dB [adaptive]  snr=+12.0dB [adaptive]  snr=+14.0dB [adaptive]  snr=+16.0dB [adaptive]  snr=+18.0dB [adaptive]  snr=+20.0dB [adaptive]Done (6.67s)
Estimator batch 100/2000 (active points 11/11) [10m 40s elapsed] ...   snr=+0.0dB [adaptive]  snr=+2.0dB [adaptive]  snr=+4.0dB [adaptive]  snr=+6.0dB [adaptive]  snr=+8.0dB [adaptive]  snr=+10.0dB [adaptive]  snr=+12.0dB [adaptive]  snr=+14.0dB [adaptive]  snr=+16.0dB [adaptive]  snr=+18.0dB [adaptive]  snr=+20.0dB [adaptive]Done (6.36s)
Estimator batch 101/2000 (active points 11/11) [10m 46s elapsed] ...   snr=+0.0dB [adaptive]  snr=+2.0dB [adaptive]  snr=+4.0dB [adaptive]  snr=+6.0dB [adaptive]  snr=+8.0dB [adaptive]  snr=+10.0dB [adaptive]  snr=+12.0dB [adaptive]  snr=+14.0dB [adaptive]  snr=+16.0dB [adaptive]  snr=+18.0dB [adaptive]  snr=+20.0dB [adaptive]Done (6.41s)
Estimator batch 102/2000 (active points 11/11) [10m 53s elapsed] ...   snr=+0.0dB [adaptive]  snr=+2.0dB [adaptive]  snr=+4.0dB [adaptive]  snr=+6.0dB [adaptive]  snr=+8.0dB [adaptive]  snr=+10.0dB [adaptive]  snr=+12.0dB [adaptive]  snr=+14.0dB [adaptive]  snr=+16.0dB [adaptive]  snr=+18.0dB [adaptive]  snr=+20.0dB [adaptive]Done (6.45s)
Estimator batch 103/2000 (active points 11/11) [10m 59s elapsed] ...   snr=+0.0dB [adaptive]  snr=+2.0dB [adaptive]  snr=+4.0dB [adaptive]  snr=+6.0dB [adaptive]  snr=+8.0dB [adaptive]  snr=+10.0dB [adaptive]  snr=+12.0dB [adaptive]  snr=+14.0dB [adaptive]  snr=+16.0dB [adaptive]  snr=+18.0dB [adaptive]  snr=+20.0dB [adaptive]Done (6.17s)
Estimator batch 104/2000 (active points 11/11) [11m 05s elapsed] ...   snr=+0.0dB [adaptive]  snr=+2.0dB [adaptive]  snr=+4.0dB [adaptive]  snr=+6.0dB [adaptive]  snr=+8.0dB [adaptive]  snr=+10.0dB [adaptive]  snr=+12.0dB [adaptive]  snr=+14.0dB [adaptive]  snr=+16.0dB [adaptive]  snr=+18.0dB [adaptive]  snr=+20.0dB [adaptive]Done (6.14s)
Estimator batch 105/2000 (active points 11/11) [11m 12s elapsed] ...   snr=+0.0dB [adaptive]  snr=+2.0dB [adaptive]  snr=+4.0dB [adaptive]  snr=+6.0dB [adaptive]  snr=+8.0dB [adaptive]  snr=+10.0dB [adaptive]  snr=+12.0dB [adaptive]  snr=+14.0dB [adaptive]  snr=+16.0dB [adaptive]  snr=+18.0dB [adaptive]  snr=+20.0dB [adaptive]Done (6.08s)
Estimator batch 106/2000 (active points 11/11) [11m 18s elapsed] ...   snr=+0.0dB [adaptive]  snr=+2.0dB [adaptive]  snr=+4.0dB [adaptive]  snr=+6.0dB [adaptive]  snr=+8.0dB [adaptive]  snr=+10.0dB [adaptive]  snr=+12.0dB [adaptive]  snr=+14.0dB [adaptive]  snr=+16.0dB [adaptive]  snr=+18.0dB [adaptive]  snr=+20.0dB [adaptive]Done (6.10s)
Estimator batch 107/2000 (active points 11/11) [11m 24s elapsed] ...   snr=+0.0dB [adaptive]  snr=+2.0dB [adaptive]  snr=+4.0dB [adaptive]  snr=+6.0dB [adaptive]  snr=+8.0dB [adaptive]  snr=+10.0dB [adaptive]  snr=+12.0dB [adaptive]  snr=+14.0dB [adaptive]  snr=+16.0dB [adaptive]  snr=+18.0dB [adaptive]  snr=+20.0dB [adaptive]Done (6.18s)
Estimator batch 108/2000 (active points 11/11) [11m 30s elapsed] ...   snr=+0.0dB [adaptive]  snr=+2.0dB [adaptive]  snr=+4.0dB [adaptive]  snr=+6.0dB [adaptive]  snr=+8.0dB [adaptive]  snr=+10.0dB [adaptive]  snr=+12.0dB [adaptive]  snr=+14.0dB [adaptive]  snr=+16.0dB [adaptive]  snr=+18.0dB [adaptive]  snr=+20.0dB [adaptive]Done (6.22s)
Estimator batch 109/2000 (active points 11/11) [11m 36s elapsed] ...   snr=+0.0dB [adaptive]  snr=+2.0dB [adaptive]  snr=+4.0dB [adaptive]  snr=+6.0dB [adaptive]  snr=+8.0dB [adaptive]  snr=+10.0dB [adaptive]  snr=+12.0dB [adaptive]  snr=+14.0dB [adaptive]  snr=+16.0dB [adaptive]  snr=+18.0dB [adaptive]  snr=+20.0dB [adaptive]Done (6.47s)
Estimator batch 110/2000 (active points 11/11) [11m 43s elapsed] ...   snr=+0.0dB [adaptive]  snr=+2.0dB [adaptive]  snr=+4.0dB [adaptive]  snr=+6.0dB [adaptive]  snr=+8.0dB [adaptive]  snr=+10.0dB [adaptive]  snr=+12.0dB [adaptive]  snr=+14.0dB [adaptive]  snr=+16.0dB [adaptive]  snr=+18.0dB [adaptive]  snr=+20.0dB [adaptive]Done (6.30s)
Estimator batch 111/2000 (active points 11/11) [11m 49s elapsed] ...   snr=+0.0dB [adaptive]  snr=+2.0dB [adaptive]  snr=+4.0dB [adaptive]  snr=+6.0dB [adaptive]  snr=+8.0dB [adaptive]  snr=+10.0dB [adaptive]  snr=+12.0dB [adaptive]  snr=+14.0dB [adaptive]  snr=+16.0dB [adaptive]  snr=+18.0dB [adaptive]  snr=+20.0dB [adaptive]Done (6.77s)
Estimator batch 112/2000 (active points 11/11) [11m 56s elapsed] ...   snr=+0.0dB [adaptive]  snr=+2.0dB [adaptive]  snr=+4.0dB [adaptive]  snr=+6.0dB [adaptive]  snr=+8.0dB [adaptive]  snr=+10.0dB [adaptive]  snr=+12.0dB [adaptive]  snr=+14.0dB [adaptive]  snr=+16.0dB [adaptive]  snr=+18.0dB [adaptive]  snr=+20.0dB [adaptive]Done (7.32s)
Estimator batch 113/2000 (active points 11/11) [12m 03s elapsed] ...   snr=+0.0dB [adaptive]  snr=+2.0dB [adaptive]  snr=+4.0dB [adaptive]  snr=+6.0dB [adaptive]  snr=+8.0dB [adaptive]  snr=+10.0dB [adaptive]  snr=+12.0dB [adaptive]  snr=+14.0dB [adaptive]  snr=+16.0dB [adaptive]  snr=+18.0dB [adaptive]  snr=+20.0dB [adaptive]Done (6.35s)
Estimator batch 114/2000 (active points 11/11) [12m 09s elapsed] ...   snr=+0.0dB [adaptive]  snr=+2.0dB [adaptive]  snr=+4.0dB [adaptive]  snr=+6.0dB [adaptive]  snr=+8.0dB [adaptive]  snr=+10.0dB [adaptive]  snr=+12.0dB [adaptive]  snr=+14.0dB [adaptive]  snr=+16.0dB [adaptive]  snr=+18.0dB [adaptive]  snr=+20.0dB [adaptive]Done (6.75s)
Estimator batch 115/2000 (active points 11/11) [12m 16s elapsed] ...   snr=+0.0dB [adaptive]  snr=+2.0dB [adaptive]  snr=+4.0dB [adaptive]  snr=+6.0dB [adaptive]  snr=+8.0dB [adaptive]  snr=+10.0dB [adaptive]  snr=+12.0dB [adaptive]  snr=+14.0dB [adaptive]  snr=+16.0dB [adaptive]  snr=+18.0dB [adaptive]  snr=+20.0dB [adaptive]Done (6.91s)
Estimator batch 116/2000 (active points 11/11) [12m 23s elapsed] ...   snr=+0.0dB [adaptive]  snr=+2.0dB [adaptive]  snr=+4.0dB [adaptive]  snr=+6.0dB [adaptive]  snr=+8.0dB [adaptive]  snr=+10.0dB [adaptive]  snr=+12.0dB [adaptive]  snr=+14.0dB [adaptive]  snr=+16.0dB [adaptive]  snr=+18.0dB [adaptive]  snr=+20.0dB [adaptive]Done (6.67s)
Estimator batch 117/2000 (active points 11/11) [12m 30s elapsed] ...   snr=+0.0dB [adaptive]  snr=+2.0dB [adaptive]  snr=+4.0dB [adaptive]  snr=+6.0dB [adaptive]  snr=+8.0dB [adaptive]  snr=+10.0dB [adaptive]  snr=+12.0dB [adaptive]  snr=+14.0dB [adaptive]  snr=+16.0dB [adaptive]  snr=+18.0dB [adaptive]  snr=+20.0dB [adaptive]Done (6.61s)
Estimator batch 118/2000 (active points 11/11) [12m 36s elapsed] ...   snr=+0.0dB [adaptive]  snr=+2.0dB [adaptive]  snr=+4.0dB [adaptive]  snr=+6.0dB [adaptive]  snr=+8.0dB [adaptive]  snr=+10.0dB [adaptive]  snr=+12.0dB [adaptive]  snr=+14.0dB [adaptive]  snr=+16.0dB [adaptive]  snr=+18.0dB [adaptive]  snr=+20.0dB [adaptive]Done (6.41s)
Estimator batch 119/2000 (active points 11/11) [12m 43s elapsed] ...   snr=+0.0dB [adaptive]  snr=+2.0dB [adaptive]  snr=+4.0dB [adaptive]  snr=+6.0dB [adaptive]  snr=+8.0dB [adaptive]  snr=+10.0dB [adaptive]  snr=+12.0dB [adaptive]  snr=+14.0dB [adaptive]  snr=+16.0dB [adaptive]  snr=+18.0dB [adaptive]  snr=+20.0dB [adaptive]Done (6.57s)
Estimator batch 120/2000 (active points 11/11) [12m 49s elapsed] ...   snr=+0.0dB [adaptive]  snr=+2.0dB [adaptive]  snr=+4.0dB [adaptive]  snr=+6.0dB [adaptive]  snr=+8.0dB [adaptive]  snr=+10.0dB [adaptive]  snr=+12.0dB [adaptive]  snr=+14.0dB [adaptive]  snr=+16.0dB [adaptive]  snr=+18.0dB [adaptive]  snr=+20.0dB [adaptive]Done (6.91s)
Estimator batch 121/2000 (active points 11/11) [12m 56s elapsed] ...   snr=+0.0dB [adaptive]  snr=+2.0dB [adaptive]  snr=+4.0dB [adaptive]  snr=+6.0dB [adaptive]  snr=+8.0dB [adaptive]  snr=+10.0dB [adaptive]  snr=+12.0dB [adaptive]  snr=+14.0dB [adaptive]  snr=+16.0dB [adaptive]  snr=+18.0dB [adaptive]  snr=+20.0dB [adaptive]Done (6.42s)
Estimator batch 122/2000 (active points 11/11) [13m 03s elapsed] ...   snr=+0.0dB [adaptive]  snr=+2.0dB [adaptive]  snr=+4.0dB [adaptive]  snr=+6.0dB [adaptive]  snr=+8.0dB [adaptive]  snr=+10.0dB [adaptive]  snr=+12.0dB [adaptive]  snr=+14.0dB [adaptive]  snr=+16.0dB [adaptive]  snr=+18.0dB [adaptive]  snr=+20.0dB [adaptive]Done (6.53s)
Estimator batch 123/2000 (active points 11/11) [13m 09s elapsed] ...   snr=+0.0dB [adaptive]  snr=+2.0dB [adaptive]  snr=+4.0dB [adaptive]  snr=+6.0dB [adaptive]  snr=+8.0dB [adaptive]  snr=+10.0dB [adaptive]  snr=+12.0dB [adaptive]  snr=+14.0dB [adaptive]  snr=+16.0dB [adaptive]  snr=+18.0dB [adaptive]  snr=+20.0dB [adaptive]Done (6.37s)
Estimator batch 124/2000 (active points 11/11) [13m 15s elapsed] ...   snr=+0.0dB [adaptive]  snr=+2.0dB [adaptive]  snr=+4.0dB [adaptive]  snr=+6.0dB [adaptive]  snr=+8.0dB [adaptive]  snr=+10.0dB [adaptive]  snr=+12.0dB [adaptive]  snr=+14.0dB [adaptive]  snr=+16.0dB [adaptive]  snr=+18.0dB [adaptive]  snr=+20.0dB [adaptive]Done (6.39s)
Estimator batch 125/2000 (active points 11/11) [13m 22s elapsed] ...   snr=+0.0dB [adaptive]  snr=+2.0dB [adaptive]  snr=+4.0dB [adaptive]  snr=+6.0dB [adaptive]  snr=+8.0dB [adaptive]  snr=+10.0dB [adaptive]  snr=+12.0dB [adaptive]  snr=+14.0dB [adaptive]  snr=+16.0dB [adaptive]  snr=+18.0dB [adaptive]  snr=+20.0dB [adaptive]Done (6.27s)
Estimator batch 126/2000 (active points 11/11) [13m 28s elapsed] ...   snr=+0.0dB [adaptive]  snr=+2.0dB [adaptive]  snr=+4.0dB [adaptive]  snr=+6.0dB [adaptive]  snr=+8.0dB [adaptive]  snr=+10.0dB [adaptive]  snr=+12.0dB [adaptive]  snr=+14.0dB [adaptive]  snr=+16.0dB [adaptive]  snr=+18.0dB [adaptive]  snr=+20.0dB [adaptive]Done (6.16s)
Estimator batch 127/2000 (active points 11/11) [13m 34s elapsed] ...   snr=+0.0dB [adaptive]  snr=+2.0dB [adaptive]  snr=+4.0dB [adaptive]  snr=+6.0dB [adaptive]  snr=+8.0dB [adaptive]  snr=+10.0dB [adaptive]  snr=+12.0dB [adaptive]  snr=+14.0dB [adaptive]  snr=+16.0dB [adaptive]  snr=+18.0dB [adaptive]  snr=+20.0dB [adaptive]Done (6.06s)
Estimator batch 128/2000 (active points 11/11) [13m 40s elapsed] ...   snr=+0.0dB [adaptive]  snr=+2.0dB [adaptive]  snr=+4.0dB [adaptive]  snr=+6.0dB [adaptive]  snr=+8.0dB [adaptive]  snr=+10.0dB [adaptive]  snr=+12.0dB [adaptive]  snr=+14.0dB [adaptive]  snr=+16.0dB [adaptive]  snr=+18.0dB [adaptive]  snr=+20.0dB [adaptive]Done (6.02s)
Estimator batch 129/2000 (active points 11/11) [13m 46s elapsed] ...   snr=+0.0dB [adaptive]  snr=+2.0dB [adaptive]  snr=+4.0dB [adaptive]  snr=+6.0dB [adaptive]  snr=+8.0dB [adaptive]  snr=+10.0dB [adaptive]  snr=+12.0dB [adaptive]  snr=+14.0dB [adaptive]  snr=+16.0dB [adaptive]  snr=+18.0dB [adaptive]  snr=+20.0dB [adaptive]Done (6.87s)
Estimator batch 130/2000 (active points 11/11) [13m 53s elapsed] ...   snr=+0.0dB [adaptive]  snr=+2.0dB [adaptive]  snr=+4.0dB [adaptive]  snr=+6.0dB [adaptive]  snr=+8.0dB [adaptive]  snr=+10.0dB [adaptive]  snr=+12.0dB [adaptive]  snr=+14.0dB [adaptive]  snr=+16.0dB [adaptive]  snr=+18.0dB [adaptive]  snr=+20.0dB [adaptive]Done (6.21s)
Estimator batch 131/2000 (active points 11/11) [13m 59s elapsed] ...   snr=+0.0dB [adaptive]  snr=+2.0dB [adaptive]  snr=+4.0dB [adaptive]  snr=+6.0dB [adaptive]  snr=+8.0dB [adaptive]  snr=+10.0dB [adaptive]  snr=+12.0dB [adaptive]  snr=+14.0dB [adaptive]  snr=+16.0dB [adaptive]  snr=+18.0dB [adaptive]  snr=+20.0dB [adaptive]Done (6.23s)
Estimator batch 132/2000 (active points 11/11) [14m 06s elapsed] ...   snr=+0.0dB [adaptive]  snr=+2.0dB [adaptive]  snr=+4.0dB [adaptive]  snr=+6.0dB [adaptive]  snr=+8.0dB [adaptive]  snr=+10.0dB [adaptive]  snr=+12.0dB [adaptive]  snr=+14.0dB [adaptive]  snr=+16.0dB [adaptive]  snr=+18.0dB [adaptive]  snr=+20.0dB [adaptive]Done (6.11s)
Estimator batch 133/2000 (active points 11/11) [14m 12s elapsed] ...   snr=+0.0dB [adaptive]  snr=+2.0dB [adaptive]  snr=+4.0dB [adaptive]  snr=+6.0dB [adaptive]  snr=+8.0dB [adaptive]  snr=+10.0dB [adaptive]  snr=+12.0dB [adaptive]  snr=+14.0dB [adaptive]  snr=+16.0dB [adaptive]  snr=+18.0dB [adaptive]  snr=+20.0dB [adaptive]Done (6.44s)
Estimator batch 134/2000 (active points 11/11) [14m 18s elapsed] ...   snr=+0.0dB [adaptive]  snr=+2.0dB [adaptive]  snr=+4.0dB [adaptive]  snr=+6.0dB [adaptive]  snr=+8.0dB [adaptive]  snr=+10.0dB [adaptive]  snr=+12.0dB [adaptive]  snr=+14.0dB [adaptive]  snr=+16.0dB [adaptive]  snr=+18.0dB [adaptive]  snr=+20.0dB [adaptive]Done (6.22s)
Estimator batch 135/2000 (active points 11/11) [14m 24s elapsed] ...   snr=+0.0dB [adaptive]  snr=+2.0dB [adaptive]  snr=+4.0dB [adaptive]  snr=+6.0dB [adaptive]  snr=+8.0dB [adaptive]  snr=+10.0dB [adaptive]  snr=+12.0dB [adaptive]  snr=+14.0dB [adaptive]  snr=+16.0dB [adaptive]  snr=+18.0dB [adaptive]  snr=+20.0dB [adaptive]Done (6.15s)
Estimator batch 136/2000 (active points 11/11) [14m 31s elapsed] ...   snr=+0.0dB [adaptive]  snr=+2.0dB [adaptive]  snr=+4.0dB [adaptive]  snr=+6.0dB [adaptive]  snr=+8.0dB [adaptive]  snr=+10.0dB [adaptive]  snr=+12.0dB [adaptive]  snr=+14.0dB [adaptive]  snr=+16.0dB [adaptive]  snr=+18.0dB [adaptive]  snr=+20.0dB [adaptive]Done (6.19s)
Estimator batch 137/2000 (active points 11/11) [14m 37s elapsed] ...   snr=+0.0dB [adaptive]  snr=+2.0dB [adaptive]  snr=+4.0dB [adaptive]  snr=+6.0dB [adaptive]  snr=+8.0dB [adaptive]  snr=+10.0dB [adaptive]  snr=+12.0dB [adaptive]  snr=+14.0dB [adaptive]  snr=+16.0dB [adaptive]  snr=+18.0dB [adaptive]  snr=+20.0dB [adaptive]Done (6.40s)
Estimator batch 138/2000 (active points 11/11) [14m 43s elapsed] ...   snr=+0.0dB [adaptive]  snr=+2.0dB [adaptive]  snr=+4.0dB [adaptive]  snr=+6.0dB [adaptive]  snr=+8.0dB [adaptive]  snr=+10.0dB [adaptive]  snr=+12.0dB [adaptive]  snr=+14.0dB [adaptive]  snr=+16.0dB [adaptive]  snr=+18.0dB [adaptive]  snr=+20.0dB [adaptive]Done (7.47s)
Estimator batch 139/2000 (active points 11/11) [14m 51s elapsed] ...   snr=+0.0dB [adaptive]  snr=+2.0dB [adaptive]  snr=+4.0dB [adaptive]  snr=+6.0dB [adaptive]  snr=+8.0dB [adaptive]  snr=+10.0dB [adaptive]  snr=+12.0dB [adaptive]  snr=+14.0dB [adaptive]  snr=+16.0dB [adaptive]  snr=+18.0dB [adaptive]  snr=+20.0dB [adaptive]Done (7.21s)
Estimator batch 140/2000 (active points 11/11) [14m 58s elapsed] ...   snr=+0.0dB [adaptive]  snr=+2.0dB [adaptive]  snr=+4.0dB [adaptive]  snr=+6.0dB [adaptive]  snr=+8.0dB [adaptive]  snr=+10.0dB [adaptive]  snr=+12.0dB [adaptive]  snr=+14.0dB [adaptive]  snr=+16.0dB [adaptive]  snr=+18.0dB [adaptive]  snr=+20.0dB [adaptive]Done (7.06s)
Estimator batch 141/2000 (active points 11/11) [15m 05s elapsed] ...   snr=+0.0dB [adaptive]  snr=+2.0dB [adaptive]  snr=+4.0dB [adaptive]  snr=+6.0dB [adaptive]  snr=+8.0dB [adaptive]  snr=+10.0dB [adaptive]  snr=+12.0dB [adaptive]  snr=+14.0dB [adaptive]  snr=+16.0dB [adaptive]  snr=+18.0dB [adaptive]  snr=+20.0dB [adaptive]Done (6.49s)
Estimator batch 142/2000 (active points 11/11) [15m 11s elapsed] ...   snr=+0.0dB [adaptive]  snr=+2.0dB [adaptive]  snr=+4.0dB [adaptive]  snr=+6.0dB [adaptive]  snr=+8.0dB [adaptive]  snr=+10.0dB [adaptive]  snr=+12.0dB [adaptive]  snr=+14.0dB [adaptive]  snr=+16.0dB [adaptive]  snr=+18.0dB [adaptive]  snr=+20.0dB [adaptive]Done (6.62s)
Estimator batch 143/2000 (active points 11/11) [15m 18s elapsed] ...   snr=+0.0dB [adaptive]  snr=+2.0dB [adaptive]  snr=+4.0dB [adaptive]  snr=+6.0dB [adaptive]  snr=+8.0dB [adaptive]  snr=+10.0dB [adaptive]  snr=+12.0dB [adaptive]  snr=+14.0dB [adaptive]  snr=+16.0dB [adaptive]  snr=+18.0dB [adaptive]  snr=+20.0dB [adaptive]Done (6.51s)
Estimator batch 144/2000 (active points 11/11) [15m 25s elapsed] ...   snr=+0.0dB [adaptive]  snr=+2.0dB [adaptive]  snr=+4.0dB [adaptive]  snr=+6.0dB [adaptive]  snr=+8.0dB [adaptive]  snr=+10.0dB [adaptive]  snr=+12.0dB [adaptive]  snr=+14.0dB [adaptive]  snr=+16.0dB [adaptive]  snr=+18.0dB [adaptive]  snr=+20.0dB [adaptive]Done (6.23s)
Estimator batch 145/2000 (active points 11/11) [15m 31s elapsed] ...   snr=+0.0dB [adaptive]  snr=+2.0dB [adaptive]  snr=+4.0dB [adaptive]  snr=+6.0dB [adaptive]  snr=+8.0dB [adaptive]  snr=+10.0dB [adaptive]  snr=+12.0dB [adaptive]  snr=+14.0dB [adaptive]  snr=+16.0dB [adaptive]  snr=+18.0dB [adaptive]  snr=+20.0dB [adaptive]Done (6.60s)
Estimator batch 146/2000 (active points 11/11) [15m 37s elapsed] ...   snr=+0.0dB [adaptive]  snr=+2.0dB [adaptive]  snr=+4.0dB [adaptive]  snr=+6.0dB [adaptive]  snr=+8.0dB [adaptive]  snr=+10.0dB [adaptive]  snr=+12.0dB [adaptive]  snr=+14.0dB [adaptive]  snr=+16.0dB [adaptive]  snr=+18.0dB [adaptive]  snr=+20.0dB [adaptive]Done (6.57s)
Estimator batch 147/2000 (active points 11/11) [15m 44s elapsed] ...   snr=+0.0dB [adaptive]  snr=+2.0dB [adaptive]  snr=+4.0dB [adaptive]  snr=+6.0dB [adaptive]  snr=+8.0dB [adaptive]  snr=+10.0dB [adaptive]  snr=+12.0dB [adaptive]  snr=+14.0dB [adaptive]  snr=+16.0dB [adaptive]  snr=+18.0dB [adaptive]  snr=+20.0dB [adaptive]Done (7.64s)
Estimator batch 148/2000 (active points 11/11) [15m 52s elapsed] ...   snr=+0.0dB [adaptive]  snr=+2.0dB [adaptive]  snr=+4.0dB [adaptive]  snr=+6.0dB [adaptive]  snr=+8.0dB [adaptive]  snr=+10.0dB [adaptive]  snr=+12.0dB [adaptive]  snr=+14.0dB [adaptive]  snr=+16.0dB [adaptive]  snr=+18.0dB [adaptive]  snr=+20.0dB [adaptive]Done (9.97s)
Estimator batch 149/2000 (active points 11/11) [16m 02s elapsed] ...   snr=+0.0dB [adaptive]  snr=+2.0dB [adaptive]  snr=+4.0dB [adaptive]  snr=+6.0dB [adaptive]  snr=+8.0dB [adaptive]  snr=+10.0dB [adaptive]  snr=+12.0dB [adaptive]  snr=+14.0dB [adaptive]  snr=+16.0dB [adaptive]  snr=+18.0dB [adaptive]  snr=+20.0dB [adaptive]Done (6.95s)
Estimator batch 150/2000 (active points 11/11) [16m 09s elapsed] ...   snr=+0.0dB [adaptive]  snr=+2.0dB [adaptive]  snr=+4.0dB [adaptive]  snr=+6.0dB [adaptive]  snr=+8.0dB [adaptive]  snr=+10.0dB [adaptive]  snr=+12.0dB [adaptive]  snr=+14.0dB [adaptive]  snr=+16.0dB [adaptive]  snr=+18.0dB [adaptive]  snr=+20.0dB [adaptive]Done (6.76s)
Estimator batch 151/2000 (active points 11/11) [16m 15s elapsed] ...   snr=+0.0dB [adaptive]  snr=+2.0dB [adaptive]  snr=+4.0dB [adaptive]  snr=+6.0dB [adaptive]  snr=+8.0dB [adaptive]  snr=+10.0dB [adaptive]  snr=+12.0dB [adaptive]  snr=+14.0dB [adaptive]  snr=+16.0dB [adaptive]  snr=+18.0dB [adaptive]  snr=+20.0dB [adaptive]Done (6.79s)
Estimator batch 152/2000 (active points 11/11) [16m 22s elapsed] ...   snr=+0.0dB [adaptive]  snr=+2.0dB [adaptive]  snr=+4.0dB [adaptive]  snr=+6.0dB [adaptive]  snr=+8.0dB [adaptive]  snr=+10.0dB [adaptive]  snr=+12.0dB [adaptive]  snr=+14.0dB [adaptive]  snr=+16.0dB [adaptive]  snr=+18.0dB [adaptive]  snr=+20.0dB [adaptive]Done (6.39s)
Estimator batch 153/2000 (active points 11/11) [16m 29s elapsed] ...   snr=+0.0dB [adaptive]  snr=+2.0dB [adaptive]  snr=+4.0dB [adaptive]  snr=+6.0dB [adaptive]  snr=+8.0dB [adaptive]  snr=+10.0dB [adaptive]  snr=+12.0dB [adaptive]  snr=+14.0dB [adaptive]  snr=+16.0dB [adaptive]  snr=+18.0dB [adaptive]  snr=+20.0dB [adaptive]Done (6.98s)
Estimator batch 154/2000 (active points 11/11) [16m 35s elapsed] ...   snr=+0.0dB [adaptive]  snr=+2.0dB [adaptive]  snr=+4.0dB [adaptive]  snr=+6.0dB [adaptive]  snr=+8.0dB [adaptive]  snr=+10.0dB [adaptive]  snr=+12.0dB [adaptive]  snr=+14.0dB [adaptive]  snr=+16.0dB [adaptive]  snr=+18.0dB [adaptive]  snr=+20.0dB [adaptive]Done (7.55s)
Estimator batch 155/2000 (active points 11/11) [16m 43s elapsed] ...   snr=+0.0dB [adaptive]  snr=+2.0dB [adaptive]  snr=+4.0dB [adaptive]  snr=+6.0dB [adaptive]  snr=+8.0dB [adaptive]  snr=+10.0dB [adaptive]  snr=+12.0dB [adaptive]  snr=+14.0dB [adaptive]  snr=+16.0dB [adaptive]  snr=+18.0dB [adaptive]  snr=+20.0dB [adaptive]Done (7.53s)
Estimator batch 156/2000 (active points 11/11) [16m 51s elapsed] ...   snr=+0.0dB [adaptive]  snr=+2.0dB [adaptive]  snr=+4.0dB [adaptive]  snr=+6.0dB [adaptive]  snr=+8.0dB [adaptive]  snr=+10.0dB [adaptive]  snr=+12.0dB [adaptive]  snr=+14.0dB [adaptive]  snr=+16.0dB [adaptive]  snr=+18.0dB [adaptive]  snr=+20.0dB [adaptive]Done (8.67s)
Estimator batch 157/2000 (active points 11/11) [16m 59s elapsed] ...   snr=+0.0dB [adaptive]  snr=+2.0dB [adaptive]  snr=+4.0dB [adaptive]  snr=+6.0dB [adaptive]  snr=+8.0dB [adaptive]  snr=+10.0dB [adaptive]  snr=+12.0dB [adaptive]  snr=+14.0dB [adaptive]  snr=+16.0dB [adaptive]  snr=+18.0dB [adaptive]  snr=+20.0dB [adaptive]Done (7.55s)
Estimator batch 158/2000 (active points 11/11) [17m 07s elapsed] ...   snr=+0.0dB [adaptive]  snr=+2.0dB [adaptive]  snr=+4.0dB [adaptive]  snr=+6.0dB [adaptive]  snr=+8.0dB [adaptive]  snr=+10.0dB [adaptive]  snr=+12.0dB [adaptive]  snr=+14.0dB [adaptive]  snr=+16.0dB [adaptive]  snr=+18.0dB [adaptive]  snr=+20.0dB [adaptive]Done (7.01s)
Estimator batch 159/2000 (active points 11/11) [17m 14s elapsed] ...   snr=+0.0dB [adaptive]  snr=+2.0dB [adaptive]  snr=+4.0dB [adaptive]  snr=+6.0dB [adaptive]  snr=+8.0dB [adaptive]  snr=+10.0dB [adaptive]  snr=+12.0dB [adaptive]  snr=+14.0dB [adaptive]  snr=+16.0dB [adaptive]  snr=+18.0dB [adaptive]  snr=+20.0dB [adaptive]Done (7.12s)
Estimator batch 160/2000 (active points 11/11) [17m 21s elapsed] ...   snr=+0.0dB [adaptive]  snr=+2.0dB [adaptive]  snr=+4.0dB [adaptive]  snr=+6.0dB [adaptive]  snr=+8.0dB [adaptive]  snr=+10.0dB [adaptive]  snr=+12.0dB [adaptive]  snr=+14.0dB [adaptive]  snr=+16.0dB [adaptive]  snr=+18.0dB [adaptive]  snr=+20.0dB [adaptive]Done (7.61s)
Estimator batch 161/2000 (active points 11/11) [17m 29s elapsed] ...   snr=+0.0dB [adaptive]  snr=+2.0dB [adaptive]  snr=+4.0dB [adaptive]  snr=+6.0dB [adaptive]  snr=+8.0dB [adaptive]  snr=+10.0dB [adaptive]  snr=+12.0dB [adaptive]  snr=+14.0dB [adaptive]  snr=+16.0dB [adaptive]  snr=+18.0dB [adaptive]  snr=+20.0dB [adaptive]Done (6.90s)
Estimator batch 162/2000 (active points 11/11) [17m 35s elapsed] ...   snr=+0.0dB [adaptive]  snr=+2.0dB [adaptive]  snr=+4.0dB [adaptive]  snr=+6.0dB [adaptive]  snr=+8.0dB [adaptive]  snr=+10.0dB [adaptive]  snr=+12.0dB [adaptive]  snr=+14.0dB [adaptive]  snr=+16.0dB [adaptive]  snr=+18.0dB [adaptive]  snr=+20.0dB [adaptive]Done (7.78s)
Estimator batch 163/2000 (active points 11/11) [17m 43s elapsed] ...   snr=+0.0dB [adaptive]  snr=+2.0dB [adaptive]  snr=+4.0dB [adaptive]  snr=+6.0dB [adaptive]  snr=+8.0dB [adaptive]  snr=+10.0dB [adaptive]  snr=+12.0dB [adaptive]  snr=+14.0dB [adaptive]  snr=+16.0dB [adaptive]  snr=+18.0dB [adaptive]  snr=+20.0dB [adaptive]Done (7.01s)
Estimator batch 164/2000 (active points 11/11) [17m 50s elapsed] ...   snr=+0.0dB [adaptive]  snr=+2.0dB [adaptive]  snr=+4.0dB [adaptive]  snr=+6.0dB [adaptive]  snr=+8.0dB [adaptive]  snr=+10.0dB [adaptive]  snr=+12.0dB [adaptive]  snr=+14.0dB [adaptive]  snr=+16.0dB [adaptive]  snr=+18.0dB [adaptive]  snr=+20.0dB [adaptive]Done (7.97s)
Estimator batch 165/2000 (active points 11/11) [17m 58s elapsed] ...   snr=+0.0dB [adaptive]  snr=+2.0dB [adaptive]  snr=+4.0dB [adaptive]  snr=+6.0dB [adaptive]  snr=+8.0dB [adaptive]  snr=+10.0dB [adaptive]  snr=+12.0dB [adaptive]  snr=+14.0dB [adaptive]  snr=+16.0dB [adaptive]  snr=+18.0dB [adaptive]  snr=+20.0dB [adaptive]Done (6.99s)
Estimator batch 166/2000 (active points 11/11) [18m 05s elapsed] ...   snr=+0.0dB [adaptive]  snr=+2.0dB [adaptive]  snr=+4.0dB [adaptive]  snr=+6.0dB [adaptive]  snr=+8.0dB [adaptive]  snr=+10.0dB [adaptive]  snr=+12.0dB [adaptive]  snr=+14.0dB [adaptive]  snr=+16.0dB [adaptive]  snr=+18.0dB [adaptive]  snr=+20.0dB [adaptive]Done (7.38s)
Estimator batch 167/2000 (active points 11/11) [18m 13s elapsed] ...   snr=+0.0dB [adaptive]  snr=+2.0dB [adaptive]  snr=+4.0dB [adaptive]  snr=+6.0dB [adaptive]  snr=+8.0dB [adaptive]  snr=+10.0dB [adaptive]  snr=+12.0dB [adaptive]  snr=+14.0dB [adaptive]  snr=+16.0dB [adaptive]  snr=+18.0dB [adaptive]  snr=+20.0dB [adaptive]Done (7.20s)
Estimator batch 168/2000 (active points 11/11) [18m 20s elapsed] ...   snr=+0.0dB [adaptive]  snr=+2.0dB [adaptive]  snr=+4.0dB [adaptive]  snr=+6.0dB [adaptive]  snr=+8.0dB [adaptive]  snr=+10.0dB [adaptive]  snr=+12.0dB [adaptive]  snr=+14.0dB [adaptive]  snr=+16.0dB [adaptive]  snr=+18.0dB [adaptive]  snr=+20.0dB [adaptive]Done (7.31s)
Estimator batch 169/2000 (active points 11/11) [18m 27s elapsed] ...   snr=+0.0dB [adaptive]  snr=+2.0dB [adaptive]  snr=+4.0dB [adaptive]  snr=+6.0dB [adaptive]  snr=+8.0dB [adaptive]  snr=+10.0dB [adaptive]  snr=+12.0dB [adaptive]  snr=+14.0dB [adaptive]  snr=+16.0dB [adaptive]  snr=+18.0dB [adaptive]  snr=+20.0dB [adaptive]Done (7.21s)
Estimator batch 170/2000 (active points 11/11) [18m 34s elapsed] ...   snr=+0.0dB [adaptive]  snr=+2.0dB [adaptive]  snr=+4.0dB [adaptive]  snr=+6.0dB [adaptive]  snr=+8.0dB [adaptive]  snr=+10.0dB [adaptive]  snr=+12.0dB [adaptive]  snr=+14.0dB [adaptive]  snr=+16.0dB [adaptive]  snr=+18.0dB [adaptive]  snr=+20.0dB [adaptive]Done (6.75s)
Estimator batch 171/2000 (active points 11/11) [18m 41s elapsed] ...   snr=+0.0dB [adaptive]  snr=+2.0dB [adaptive]  snr=+4.0dB [adaptive]  snr=+6.0dB [adaptive]  snr=+8.0dB [adaptive]  snr=+10.0dB [adaptive]  snr=+12.0dB [adaptive]  snr=+14.0dB [adaptive]  snr=+16.0dB [adaptive]  snr=+18.0dB [adaptive]  snr=+20.0dB [adaptive]Done (6.96s)
Estimator batch 172/2000 (active points 11/11) [18m 48s elapsed] ...   snr=+0.0dB [adaptive]  snr=+2.0dB [adaptive]  snr=+4.0dB [adaptive]  snr=+6.0dB [adaptive]  snr=+8.0dB [adaptive]  snr=+10.0dB [adaptive]  snr=+12.0dB [adaptive]  snr=+14.0dB [adaptive]  snr=+16.0dB [adaptive]  snr=+18.0dB [adaptive]  snr=+20.0dB [adaptive]Done (6.88s)
Estimator batch 173/2000 (active points 11/11) [18m 55s elapsed] ...   snr=+0.0dB [adaptive]  snr=+2.0dB [adaptive]  snr=+4.0dB [adaptive]  snr=+6.0dB [adaptive]  snr=+8.0dB [adaptive]  snr=+10.0dB [adaptive]  snr=+12.0dB [adaptive]  snr=+14.0dB [adaptive]  snr=+16.0dB [adaptive]  snr=+18.0dB [adaptive]  snr=+20.0dB [adaptive]Done (6.21s)
Estimator batch 174/2000 (active points 11/11) [19m 01s elapsed] ...   snr=+0.0dB [adaptive]  snr=+2.0dB [adaptive]  snr=+4.0dB [adaptive]  snr=+6.0dB [adaptive]  snr=+8.0dB [adaptive]  snr=+10.0dB [adaptive]  snr=+12.0dB [adaptive]  snr=+14.0dB [adaptive]  snr=+16.0dB [adaptive]  snr=+18.0dB [adaptive]  snr=+20.0dB [adaptive]Done (6.30s)
Estimator batch 175/2000 (active points 11/11) [19m 07s elapsed] ...   snr=+0.0dB [adaptive]  snr=+2.0dB [adaptive]  snr=+4.0dB [adaptive]  snr=+6.0dB [adaptive]  snr=+8.0dB [adaptive]  snr=+10.0dB [adaptive]  snr=+12.0dB [adaptive]  snr=+14.0dB [adaptive]  snr=+16.0dB [adaptive]  snr=+18.0dB [adaptive]  snr=+20.0dB [adaptive]Done (6.12s)
Estimator batch 176/2000 (active points 11/11) [19m 14s elapsed] ...   snr=+0.0dB [adaptive]  snr=+2.0dB [adaptive]  snr=+4.0dB [adaptive]  snr=+6.0dB [adaptive]  snr=+8.0dB [adaptive]  snr=+10.0dB [adaptive]  snr=+12.0dB [adaptive]  snr=+14.0dB [adaptive]  snr=+16.0dB [adaptive]  snr=+18.0dB [adaptive]  snr=+20.0dB [adaptive]Done (6.15s)
Estimator batch 177/2000 (active points 11/11) [19m 20s elapsed] ...   snr=+0.0dB [adaptive]  snr=+2.0dB [adaptive]  snr=+4.0dB [adaptive]  snr=+6.0dB [adaptive]  snr=+8.0dB [adaptive]  snr=+10.0dB [adaptive]  snr=+12.0dB [adaptive]  snr=+14.0dB [adaptive]  snr=+16.0dB [adaptive]  snr=+18.0dB [adaptive]  snr=+20.0dB [adaptive]Done (6.33s)
Estimator batch 178/2000 (active points 11/11) [19m 26s elapsed] ...   snr=+0.0dB [adaptive]  snr=+2.0dB [adaptive]  snr=+4.0dB [adaptive]  snr=+6.0dB [adaptive]  snr=+8.0dB [adaptive]  snr=+10.0dB [adaptive]  snr=+12.0dB [adaptive]  snr=+14.0dB [adaptive]  snr=+16.0dB [adaptive]  snr=+18.0dB [adaptive]  snr=+20.0dB [adaptive]Done (6.28s)
Estimator batch 179/2000 (active points 11/11) [19m 32s elapsed] ...   snr=+0.0dB [adaptive]  snr=+2.0dB [adaptive]  snr=+4.0dB [adaptive]  snr=+6.0dB [adaptive]  snr=+8.0dB [adaptive]  snr=+10.0dB [adaptive]  snr=+12.0dB [adaptive]  snr=+14.0dB [adaptive]  snr=+16.0dB [adaptive]  snr=+18.0dB [adaptive]  snr=+20.0dB [adaptive]Done (6.21s)
Estimator batch 180/2000 (active points 11/11) [19m 39s elapsed] ...   snr=+0.0dB [adaptive]  snr=+2.0dB [adaptive]  snr=+4.0dB [adaptive]  snr=+6.0dB [adaptive]  snr=+8.0dB [adaptive]  snr=+10.0dB [adaptive]  snr=+12.0dB [adaptive]  snr=+14.0dB [adaptive]  snr=+16.0dB [adaptive]  snr=+18.0dB [adaptive]  snr=+20.0dB [adaptive]Done (6.20s)
Estimator batch 181/2000 (active points 11/11) [19m 45s elapsed] ...   snr=+0.0dB [adaptive]  snr=+2.0dB [adaptive]  snr=+4.0dB [adaptive]  snr=+6.0dB [adaptive]  snr=+8.0dB [adaptive]  snr=+10.0dB [adaptive]  snr=+12.0dB [adaptive]  snr=+14.0dB [adaptive]  snr=+16.0dB [adaptive]  snr=+18.0dB [adaptive]  snr=+20.0dB [adaptive]Done (6.09s)
Estimator batch 182/2000 (active points 11/11) [19m 51s elapsed] ...   snr=+0.0dB [adaptive]  snr=+2.0dB [adaptive]  snr=+4.0dB [adaptive]  snr=+6.0dB [adaptive]  snr=+8.0dB [adaptive]  snr=+10.0dB [adaptive]  snr=+12.0dB [adaptive]  snr=+14.0dB [adaptive]  snr=+16.0dB [adaptive]  snr=+18.0dB [adaptive]  snr=+20.0dB [adaptive]Done (6.02s)
Estimator batch 183/2000 (active points 11/11) [19m 57s elapsed] ...   snr=+0.0dB [adaptive]  snr=+2.0dB [adaptive]  snr=+4.0dB [adaptive]  snr=+6.0dB [adaptive]  snr=+8.0dB [adaptive]  snr=+10.0dB [adaptive]  snr=+12.0dB [adaptive]  snr=+14.0dB [adaptive]  snr=+16.0dB [adaptive]  snr=+18.0dB [adaptive]  snr=+20.0dB [adaptive]Done (6.07s)
Estimator batch 184/2000 (active points 11/11) [20m 03s elapsed] ...   snr=+0.0dB [adaptive]  snr=+2.0dB [adaptive]  snr=+4.0dB [adaptive]  snr=+6.0dB [adaptive]  snr=+8.0dB [adaptive]  snr=+10.0dB [adaptive]  snr=+12.0dB [adaptive]  snr=+14.0dB [adaptive]  snr=+16.0dB [adaptive]  snr=+18.0dB [adaptive]  snr=+20.0dB [adaptive]Done (6.04s)
Estimator batch 185/2000 (active points 11/11) [20m 09s elapsed] ...   snr=+0.0dB [adaptive]  snr=+2.0dB [adaptive]  snr=+4.0dB [adaptive]  snr=+6.0dB [adaptive]  snr=+8.0dB [adaptive]  snr=+10.0dB [adaptive]  snr=+12.0dB [adaptive]  snr=+14.0dB [adaptive]  snr=+16.0dB [adaptive]  snr=+18.0dB [adaptive]  snr=+20.0dB [adaptive]Done (5.99s)
Estimator batch 186/2000 (active points 11/11) [20m 15s elapsed] ...   snr=+0.0dB [adaptive]  snr=+2.0dB [adaptive]  snr=+4.0dB [adaptive]  snr=+6.0dB [adaptive]  snr=+8.0dB [adaptive]  snr=+10.0dB [adaptive]  snr=+12.0dB [adaptive]  snr=+14.0dB [adaptive]  snr=+16.0dB [adaptive]  snr=+18.0dB [adaptive]  snr=+20.0dB [adaptive]Done (6.03s)
Estimator batch 187/2000 (active points 11/11) [20m 21s elapsed] ...   snr=+0.0dB [adaptive]  snr=+2.0dB [adaptive]  snr=+4.0dB [adaptive]  snr=+6.0dB [adaptive]  snr=+8.0dB [adaptive]  snr=+10.0dB [adaptive]  snr=+12.0dB [adaptive]  snr=+14.0dB [adaptive]  snr=+16.0dB [adaptive]  snr=+18.0dB [adaptive]  snr=+20.0dB [adaptive]Done (6.03s)
Estimator batch 188/2000 (active points 11/11) [20m 27s elapsed] ...   snr=+0.0dB [adaptive]  snr=+2.0dB [adaptive]  snr=+4.0dB [adaptive]  snr=+6.0dB [adaptive]  snr=+8.0dB [adaptive]  snr=+10.0dB [adaptive]  snr=+12.0dB [adaptive]  snr=+14.0dB [adaptive]  snr=+16.0dB [adaptive]  snr=+18.0dB [adaptive]  snr=+20.0dB [adaptive]Done (6.11s)
Estimator batch 189/2000 (active points 11/11) [20m 33s elapsed] ...   snr=+0.0dB [adaptive]  snr=+2.0dB [adaptive]  snr=+4.0dB [adaptive]  snr=+6.0dB [adaptive]  snr=+8.0dB [adaptive]  snr=+10.0dB [adaptive]  snr=+12.0dB [adaptive]  snr=+14.0dB [adaptive]  snr=+16.0dB [adaptive]  snr=+18.0dB [adaptive]  snr=+20.0dB [adaptive]Done (6.05s)
Estimator batch 190/2000 (active points 11/11) [20m 39s elapsed] ...   snr=+0.0dB [adaptive]  snr=+2.0dB [adaptive]  snr=+4.0dB [adaptive]  snr=+6.0dB [adaptive]  snr=+8.0dB [adaptive]  snr=+10.0dB [adaptive]  snr=+12.0dB [adaptive]  snr=+14.0dB [adaptive]  snr=+16.0dB [adaptive]  snr=+18.0dB [adaptive]  snr=+20.0dB [adaptive]Done (6.03s)
Estimator batch 191/2000 (active points 11/11) [20m 45s elapsed] ...   snr=+0.0dB [adaptive]  snr=+2.0dB [adaptive]  snr=+4.0dB [adaptive]  snr=+6.0dB [adaptive]  snr=+8.0dB [adaptive]  snr=+10.0dB [adaptive]  snr=+12.0dB [adaptive]  snr=+14.0dB [adaptive]  snr=+16.0dB [adaptive]  snr=+18.0dB [adaptive]  snr=+20.0dB [adaptive]Done (6.02s)
Estimator batch 192/2000 (active points 11/11) [20m 51s elapsed] ...   snr=+0.0dB [adaptive]  snr=+2.0dB [adaptive]  snr=+4.0dB [adaptive]  snr=+6.0dB [adaptive]  snr=+8.0dB [adaptive]  snr=+10.0dB [adaptive]  snr=+12.0dB [adaptive]  snr=+14.0dB [adaptive]  snr=+16.0dB [adaptive]  snr=+18.0dB [adaptive]  snr=+20.0dB [adaptive]Done (6.01s)
Estimator batch 193/2000 (active points 11/11) [20m 57s elapsed] ...   snr=+0.0dB [adaptive]  snr=+2.0dB [adaptive]  snr=+4.0dB [adaptive]  snr=+6.0dB [adaptive]  snr=+8.0dB [adaptive]  snr=+10.0dB [adaptive]  snr=+12.0dB [adaptive]  snr=+14.0dB [adaptive]  snr=+16.0dB [adaptive]  snr=+18.0dB [adaptive]  snr=+20.0dB [adaptive]Done (6.10s)
Estimator batch 194/2000 (active points 11/11) [21m 03s elapsed] ...   snr=+0.0dB [adaptive]  snr=+2.0dB [adaptive]  snr=+4.0dB [adaptive]  snr=+6.0dB [adaptive]  snr=+8.0dB [adaptive]  snr=+10.0dB [adaptive]  snr=+12.0dB [adaptive]  snr=+14.0dB [adaptive]  snr=+16.0dB [adaptive]  snr=+18.0dB [adaptive]  snr=+20.0dB [adaptive]Done (6.41s)
Estimator batch 195/2000 (active points 11/11) [21m 10s elapsed] ...   snr=+0.0dB [adaptive]  snr=+2.0dB [adaptive]  snr=+4.0dB [adaptive]  snr=+6.0dB [adaptive]  snr=+8.0dB [adaptive]  snr=+10.0dB [adaptive]  snr=+12.0dB [adaptive]  snr=+14.0dB [adaptive]  snr=+16.0dB [adaptive]  snr=+18.0dB [adaptive]  snr=+20.0dB [adaptive]Done (6.70s)
Estimator batch 196/2000 (active points 11/11) [21m 16s elapsed] ...   snr=+0.0dB [adaptive]  snr=+2.0dB [adaptive]  snr=+4.0dB [adaptive]  snr=+6.0dB [adaptive]  snr=+8.0dB [adaptive]  snr=+10.0dB [adaptive]  snr=+12.0dB [adaptive]  snr=+14.0dB [adaptive]  snr=+16.0dB [adaptive]  snr=+18.0dB [adaptive]  snr=+20.0dB [adaptive]Done (6.94s)
Estimator batch 197/2000 (active points 11/11) [21m 23s elapsed] ...   snr=+0.0dB [adaptive]  snr=+2.0dB [adaptive]  snr=+4.0dB [adaptive]  snr=+6.0dB [adaptive]  snr=+8.0dB [adaptive]  snr=+10.0dB [adaptive]  snr=+12.0dB [adaptive]  snr=+14.0dB [adaptive]  snr=+16.0dB [adaptive]  snr=+18.0dB [adaptive]  snr=+20.0dB [adaptive]Done (6.34s)
Estimator batch 198/2000 (active points 11/11) [21m 30s elapsed] ...   snr=+0.0dB [adaptive]  snr=+2.0dB [adaptive]  snr=+4.0dB [adaptive]  snr=+6.0dB [adaptive]  snr=+8.0dB [adaptive]  snr=+10.0dB [adaptive]  snr=+12.0dB [adaptive]  snr=+14.0dB [adaptive]  snr=+16.0dB [adaptive]  snr=+18.0dB [adaptive]  snr=+20.0dB [adaptive]Done (7.14s)
Estimator batch 199/2000 (active points 11/11) [21m 37s elapsed] ...   snr=+0.0dB [adaptive]  snr=+2.0dB [adaptive]  snr=+4.0dB [adaptive]  snr=+6.0dB [adaptive]  snr=+8.0dB [adaptive]  snr=+10.0dB [adaptive]  snr=+12.0dB [adaptive]  snr=+14.0dB [adaptive]  snr=+16.0dB [adaptive]  snr=+18.0dB [adaptive]  snr=+20.0dB [adaptive]Done (6.74s)
Estimator batch 200/2000 (active points 11/11) [21m 44s elapsed] ...   snr=+0.0dB [adaptive]  snr=+2.0dB [adaptive]  snr=+4.0dB [adaptive]  snr=+6.0dB [adaptive]  snr=+8.0dB [adaptive]  snr=+10.0dB [adaptive]  snr=+12.0dB [adaptive]  snr=+14.0dB [adaptive]  snr=+16.0dB [adaptive]  snr=+18.0dB [adaptive]  snr=+20.0dB [adaptive]Done (7.37s)
Estimator batch 201/2000 (active points 11/11) [21m 51s elapsed] ...   snr=+0.0dB [adaptive]  snr=+2.0dB [adaptive]  snr=+4.0dB [adaptive]  snr=+6.0dB [adaptive]  snr=+8.0dB [adaptive]  snr=+10.0dB [adaptive]  snr=+12.0dB [adaptive]  snr=+14.0dB [adaptive]  snr=+16.0dB [adaptive]  snr=+18.0dB [adaptive]  snr=+20.0dB [adaptive]Done (6.49s)
Estimator batch 202/2000 (active points 11/11) [21m 57s elapsed] ...   snr=+0.0dB [adaptive]  snr=+2.0dB [adaptive]  snr=+4.0dB [adaptive]  snr=+6.0dB [adaptive]  snr=+8.0dB [adaptive]  snr=+10.0dB [adaptive]  snr=+12.0dB [adaptive]  snr=+14.0dB [adaptive]  snr=+16.0dB [adaptive]  snr=+18.0dB [adaptive]  snr=+20.0dB [adaptive]Done (6.37s)
Estimator batch 203/2000 (active points 11/11) [22m 04s elapsed] ...   snr=+0.0dB [adaptive]  snr=+2.0dB [adaptive]  snr=+4.0dB [adaptive]  snr=+6.0dB [adaptive]  snr=+8.0dB [adaptive]  snr=+10.0dB [adaptive]  snr=+12.0dB [adaptive]  snr=+14.0dB [adaptive]  snr=+16.0dB [adaptive]  snr=+18.0dB [adaptive]  snr=+20.0dB [adaptive]Done (6.70s)
Estimator batch 204/2000 (active points 11/11) [22m 11s elapsed] ...   snr=+0.0dB [adaptive]  snr=+2.0dB [adaptive]  snr=+4.0dB [adaptive]  snr=+6.0dB [adaptive]  snr=+8.0dB [adaptive]  snr=+10.0dB [adaptive]  snr=+12.0dB [adaptive]  snr=+14.0dB [adaptive]  snr=+16.0dB [adaptive]  snr=+18.0dB [adaptive]  snr=+20.0dB [adaptive]Done (7.08s)
Estimator batch 205/2000 (active points 11/11) [22m 18s elapsed] ...   snr=+0.0dB [adaptive]  snr=+2.0dB [adaptive]  snr=+4.0dB [adaptive]  snr=+6.0dB [adaptive]  snr=+8.0dB [adaptive]  snr=+10.0dB [adaptive]  snr=+12.0dB [adaptive]  snr=+14.0dB [adaptive]  snr=+16.0dB [adaptive]  snr=+18.0dB [adaptive]  snr=+20.0dB [adaptive]Done (6.50s)
Estimator batch 206/2000 (active points 11/11) [22m 24s elapsed] ...   snr=+0.0dB [adaptive]  snr=+2.0dB [adaptive]  snr=+4.0dB [adaptive]  snr=+6.0dB [adaptive]  snr=+8.0dB [adaptive]  snr=+10.0dB [adaptive]  snr=+12.0dB [adaptive]  snr=+14.0dB [adaptive]  snr=+16.0dB [adaptive]  snr=+18.0dB [adaptive]  snr=+20.0dB [adaptive]Done (6.61s)
Estimator batch 207/2000 (active points 11/11) [22m 31s elapsed] ...   snr=+0.0dB [adaptive]  snr=+2.0dB [adaptive]  snr=+4.0dB [adaptive]  snr=+6.0dB [adaptive]  snr=+8.0dB [adaptive]  snr=+10.0dB [adaptive]  snr=+12.0dB [adaptive]  snr=+14.0dB [adaptive]  snr=+16.0dB [adaptive]  snr=+18.0dB [adaptive]  snr=+20.0dB [adaptive]Done (6.08s)
Estimator batch 208/2000 (active points 11/11) [22m 37s elapsed] ...   snr=+0.0dB [adaptive]  snr=+2.0dB [adaptive]  snr=+4.0dB [adaptive]  snr=+6.0dB [adaptive]  snr=+8.0dB [adaptive]  snr=+10.0dB [adaptive]  snr=+12.0dB [adaptive]  snr=+14.0dB [adaptive]  snr=+16.0dB [adaptive]  snr=+18.0dB [adaptive]  snr=+20.0dB [adaptive]Done (6.22s)
Estimator batch 209/2000 (active points 11/11) [22m 43s elapsed] ...   snr=+0.0dB [adaptive]  snr=+2.0dB [adaptive]  snr=+4.0dB [adaptive]  snr=+6.0dB [adaptive]  snr=+8.0dB [adaptive]  snr=+10.0dB [adaptive]  snr=+12.0dB [adaptive]  snr=+14.0dB [adaptive]  snr=+16.0dB [adaptive]  snr=+18.0dB [adaptive]  snr=+20.0dB [adaptive]Done (6.36s)
Estimator batch 210/2000 (active points 11/11) [22m 49s elapsed] ...   snr=+0.0dB [adaptive]  snr=+2.0dB [adaptive]  snr=+4.0dB [adaptive]  snr=+6.0dB [adaptive]  snr=+8.0dB [adaptive]  snr=+10.0dB [adaptive]  snr=+12.0dB [adaptive]  snr=+14.0dB [adaptive]  snr=+16.0dB [adaptive]  snr=+18.0dB [adaptive]  snr=+20.0dB [adaptive]Done (6.35s)
Estimator batch 211/2000 (active points 11/11) [22m 56s elapsed] ...   snr=+0.0dB [adaptive]  snr=+2.0dB [adaptive]  snr=+4.0dB [adaptive]  snr=+6.0dB [adaptive]  snr=+8.0dB [adaptive]  snr=+10.0dB [adaptive]  snr=+12.0dB [adaptive]  snr=+14.0dB [adaptive]  snr=+16.0dB [adaptive]  snr=+18.0dB [adaptive]  snr=+20.0dB [adaptive]Done (6.57s)
Estimator batch 212/2000 (active points 11/11) [23m 02s elapsed] ...   snr=+0.0dB [adaptive]  snr=+2.0dB [adaptive]  snr=+4.0dB [adaptive]  snr=+6.0dB [adaptive]  snr=+8.0dB [adaptive]  snr=+10.0dB [adaptive]  snr=+12.0dB [adaptive]  snr=+14.0dB [adaptive]  snr=+16.0dB [adaptive]  snr=+18.0dB [adaptive]  snr=+20.0dB [adaptive]Done (6.75s)
Estimator batch 213/2000 (active points 11/11) [23m 09s elapsed] ...   snr=+0.0dB [adaptive]  snr=+2.0dB [adaptive]  snr=+4.0dB [adaptive]  snr=+6.0dB [adaptive]  snr=+8.0dB [adaptive]  snr=+10.0dB [adaptive]  snr=+12.0dB [adaptive]  snr=+14.0dB [adaptive]  snr=+16.0dB [adaptive]  snr=+18.0dB [adaptive]  snr=+20.0dB [adaptive]Done (6.62s)
Estimator batch 214/2000 (active points 11/11) [23m 16s elapsed] ...   snr=+0.0dB [adaptive]  snr=+2.0dB [adaptive]  snr=+4.0dB [adaptive]  snr=+6.0dB [adaptive]  snr=+8.0dB [adaptive]  snr=+10.0dB [adaptive]  snr=+12.0dB [adaptive]  snr=+14.0dB [adaptive]  snr=+16.0dB [adaptive]  snr=+18.0dB [adaptive]  snr=+20.0dB [adaptive]Done (6.21s)
Estimator batch 215/2000 (active points 11/11) [23m 22s elapsed] ...   snr=+0.0dB [adaptive]  snr=+2.0dB [adaptive]  snr=+4.0dB [adaptive]  snr=+6.0dB [adaptive]  snr=+8.0dB [adaptive]  snr=+10.0dB [adaptive]  snr=+12.0dB [adaptive]  snr=+14.0dB [adaptive]  snr=+16.0dB [adaptive]  snr=+18.0dB [adaptive]  snr=+20.0dB [adaptive]Done (6.31s)
Estimator batch 216/2000 (active points 11/11) [23m 28s elapsed] ...   snr=+0.0dB [adaptive]  snr=+2.0dB [adaptive]  snr=+4.0dB [adaptive]  snr=+6.0dB [adaptive]  snr=+8.0dB [adaptive]  snr=+10.0dB [adaptive]  snr=+12.0dB [adaptive]  snr=+14.0dB [adaptive]  snr=+16.0dB [adaptive]  snr=+18.0dB [adaptive]  snr=+20.0dB [adaptive]Done (6.29s)
Estimator batch 217/2000 (active points 11/11) [23m 34s elapsed] ...   snr=+0.0dB [adaptive]  snr=+2.0dB [adaptive]  snr=+4.0dB [adaptive]  snr=+6.0dB [adaptive]  snr=+8.0dB [adaptive]  snr=+10.0dB [adaptive]  snr=+12.0dB [adaptive]  snr=+14.0dB [adaptive]  snr=+16.0dB [adaptive]  snr=+18.0dB [adaptive]  snr=+20.0dB [adaptive]Done (6.21s)
Estimator batch 218/2000 (active points 11/11) [23m 41s elapsed] ...   snr=+0.0dB [adaptive]  snr=+2.0dB [adaptive]  snr=+4.0dB [adaptive]  snr=+6.0dB [adaptive]  snr=+8.0dB [adaptive]  snr=+10.0dB [adaptive]  snr=+12.0dB [adaptive]  snr=+14.0dB [adaptive]  snr=+16.0dB [adaptive]  snr=+18.0dB [adaptive]  snr=+20.0dB [adaptive]Done (6.43s)
Estimator batch 219/2000 (active points 11/11) [23m 47s elapsed] ...   snr=+0.0dB [adaptive]  snr=+2.0dB [adaptive]  snr=+4.0dB [adaptive]  snr=+6.0dB [adaptive]  snr=+8.0dB [adaptive]  snr=+10.0dB [adaptive]  snr=+12.0dB [adaptive]  snr=+14.0dB [adaptive]  snr=+16.0dB [adaptive]  snr=+18.0dB [adaptive]  snr=+20.0dB [adaptive]Done (6.48s)
Estimator batch 220/2000 (active points 11/11) [23m 54s elapsed] ...   snr=+0.0dB [adaptive]  snr=+2.0dB [adaptive]  snr=+4.0dB [adaptive]  snr=+6.0dB [adaptive]  snr=+8.0dB [adaptive]  snr=+10.0dB [adaptive]  snr=+12.0dB [adaptive]  snr=+14.0dB [adaptive]  snr=+16.0dB [adaptive]  snr=+18.0dB [adaptive]  snr=+20.0dB [adaptive]Done (6.59s)
Estimator batch 221/2000 (active points 11/11) [24m 00s elapsed] ...   snr=+0.0dB [adaptive]  snr=+2.0dB [adaptive]  snr=+4.0dB [adaptive]  snr=+6.0dB [adaptive]  snr=+8.0dB [adaptive]  snr=+10.0dB [adaptive]  snr=+12.0dB [adaptive]  snr=+14.0dB [adaptive]  snr=+16.0dB [adaptive]  snr=+18.0dB [adaptive]  snr=+20.0dB [adaptive]Done (7.54s)
Estimator batch 222/2000 (active points 11/11) [24m 08s elapsed] ...   snr=+0.0dB [adaptive]  snr=+2.0dB [adaptive]  snr=+4.0dB [adaptive]  snr=+6.0dB [adaptive]  snr=+8.0dB [adaptive]  snr=+10.0dB [adaptive]  snr=+12.0dB [adaptive]  snr=+14.0dB [adaptive]  snr=+16.0dB [adaptive]  snr=+18.0dB [adaptive]  snr=+20.0dB [adaptive]Done (6.78s)
Estimator batch 223/2000 (active points 11/11) [24m 15s elapsed] ...   snr=+0.0dB [adaptive]  snr=+2.0dB [adaptive]  snr=+4.0dB [adaptive]  snr=+6.0dB [adaptive]  snr=+8.0dB [adaptive]  snr=+10.0dB [adaptive]  snr=+12.0dB [adaptive]  snr=+14.0dB [adaptive]  snr=+16.0dB [adaptive]  snr=+18.0dB [adaptive]  snr=+20.0dB [adaptive]Done (6.71s)
Estimator batch 224/2000 (active points 11/11) [24m 21s elapsed] ...   snr=+0.0dB [adaptive]  snr=+2.0dB [adaptive]  snr=+4.0dB [adaptive]  snr=+6.0dB [adaptive]  snr=+8.0dB [adaptive]  snr=+10.0dB [adaptive]  snr=+12.0dB [adaptive]  snr=+14.0dB [adaptive]  snr=+16.0dB [adaptive]  snr=+18.0dB [adaptive]  snr=+20.0dB [adaptive]Done (6.70s)
Estimator batch 225/2000 (active points 11/11) [24m 28s elapsed] ...   snr=+0.0dB [adaptive]  snr=+2.0dB [adaptive]  snr=+4.0dB [adaptive]  snr=+6.0dB [adaptive]  snr=+8.0dB [adaptive]  snr=+10.0dB [adaptive]  snr=+12.0dB [adaptive]  snr=+14.0dB [adaptive]  snr=+16.0dB [adaptive]  snr=+18.0dB [adaptive]  snr=+20.0dB [adaptive]Done (6.82s)
Estimator batch 226/2000 (active points 11/11) [24m 35s elapsed] ...   snr=+0.0dB [adaptive]  snr=+2.0dB [adaptive]  snr=+4.0dB [adaptive]  snr=+6.0dB [adaptive]  snr=+8.0dB [adaptive]  snr=+10.0dB [adaptive]  snr=+12.0dB [adaptive]  snr=+14.0dB [adaptive]  snr=+16.0dB [adaptive]  snr=+18.0dB [adaptive]  snr=+20.0dB [adaptive]Done (6.98s)
Estimator batch 227/2000 (active points 11/11) [24m 42s elapsed] ...   snr=+0.0dB [adaptive]  snr=+2.0dB [adaptive]  snr=+4.0dB [adaptive]  snr=+6.0dB [adaptive]  snr=+8.0dB [adaptive]  snr=+10.0dB [adaptive]  snr=+12.0dB [adaptive]  snr=+14.0dB [adaptive]  snr=+16.0dB [adaptive]  snr=+18.0dB [adaptive]  snr=+20.0dB [adaptive]Done (6.64s)
Estimator batch 228/2000 (active points 11/11) [24m 48s elapsed] ...   snr=+0.0dB [adaptive]  snr=+2.0dB [adaptive]  snr=+4.0dB [adaptive]  snr=+6.0dB [adaptive]  snr=+8.0dB [adaptive]  snr=+10.0dB [adaptive]  snr=+12.0dB [adaptive]  snr=+14.0dB [adaptive]  snr=+16.0dB [adaptive]  snr=+18.0dB [adaptive]  snr=+20.0dB [adaptive]Done (6.38s)
Estimator batch 229/2000 (active points 11/11) [24m 55s elapsed] ...   snr=+0.0dB [adaptive]  snr=+2.0dB [adaptive]  snr=+4.0dB [adaptive]  snr=+6.0dB [adaptive]  snr=+8.0dB [adaptive]  snr=+10.0dB [adaptive]  snr=+12.0dB [adaptive]  snr=+14.0dB [adaptive]  snr=+16.0dB [adaptive]  snr=+18.0dB [adaptive]  snr=+20.0dB [adaptive]Done (6.84s)
Estimator batch 230/2000 (active points 11/11) [25m 02s elapsed] ...   snr=+0.0dB [adaptive]  snr=+2.0dB [adaptive]  snr=+4.0dB [adaptive]  snr=+6.0dB [adaptive]  snr=+8.0dB [adaptive]  snr=+10.0dB [adaptive]  snr=+12.0dB [adaptive]  snr=+14.0dB [adaptive]  snr=+16.0dB [adaptive]  snr=+18.0dB [adaptive]  snr=+20.0dB [adaptive]Done (6.74s)
Estimator batch 231/2000 (active points 11/11) [25m 08s elapsed] ...   snr=+0.0dB [adaptive]  snr=+2.0dB [adaptive]  snr=+4.0dB [adaptive]  snr=+6.0dB [adaptive]  snr=+8.0dB [adaptive]  snr=+10.0dB [adaptive]  snr=+12.0dB [adaptive]  snr=+14.0dB [adaptive]  snr=+16.0dB [adaptive]  snr=+18.0dB [adaptive]  snr=+20.0dB [adaptive]Done (6.47s)
Estimator batch 232/2000 (active points 11/11) [25m 15s elapsed] ...   snr=+0.0dB [adaptive]  snr=+2.0dB [adaptive]  snr=+4.0dB [adaptive]  snr=+6.0dB [adaptive]  snr=+8.0dB [adaptive]  snr=+10.0dB [adaptive]  snr=+12.0dB [adaptive]  snr=+14.0dB [adaptive]  snr=+16.0dB [adaptive]  snr=+18.0dB [adaptive]  snr=+20.0dB [adaptive]Done (6.53s)
Estimator batch 233/2000 (active points 11/11) [25m 21s elapsed] ...   snr=+0.0dB [adaptive]  snr=+2.0dB [adaptive]  snr=+4.0dB [adaptive]  snr=+6.0dB [adaptive]  snr=+8.0dB [adaptive]  snr=+10.0dB [adaptive]  snr=+12.0dB [adaptive]  snr=+14.0dB [adaptive]  snr=+16.0dB [adaptive]  snr=+18.0dB [adaptive]  snr=+20.0dB [adaptive]Done (6.57s)
Estimator batch 234/2000 (active points 11/11) [25m 28s elapsed] ...   snr=+0.0dB [adaptive]  snr=+2.0dB [adaptive]  snr=+4.0dB [adaptive]  snr=+6.0dB [adaptive]  snr=+8.0dB [adaptive]  snr=+10.0dB [adaptive]  snr=+12.0dB [adaptive]  snr=+14.0dB [adaptive]  snr=+16.0dB [adaptive]  snr=+18.0dB [adaptive]  snr=+20.0dB [adaptive]Done (6.28s)
Estimator batch 235/2000 (active points 11/11) [25m 34s elapsed] ...   snr=+0.0dB [adaptive]  snr=+2.0dB [adaptive]  snr=+4.0dB [adaptive]  snr=+6.0dB [adaptive]  snr=+8.0dB [adaptive]  snr=+10.0dB [adaptive]  snr=+12.0dB [adaptive]  snr=+14.0dB [adaptive]  snr=+16.0dB [adaptive]  snr=+18.0dB [adaptive]  snr=+20.0dB [adaptive]Done (6.18s)
Estimator batch 236/2000 (active points 11/11) [25m 40s elapsed] ...   snr=+0.0dB [adaptive]  snr=+2.0dB [adaptive]  snr=+4.0dB [adaptive]  snr=+6.0dB [adaptive]  snr=+8.0dB [adaptive]  snr=+10.0dB [adaptive]  snr=+12.0dB [adaptive]  snr=+14.0dB [adaptive]  snr=+16.0dB [adaptive]  snr=+18.0dB [adaptive]  snr=+20.0dB [adaptive]Done (6.41s)
Estimator batch 237/2000 (active points 11/11) [25m 47s elapsed] ...   snr=+0.0dB [adaptive]  snr=+2.0dB [adaptive]  snr=+4.0dB [adaptive]  snr=+6.0dB [adaptive]  snr=+8.0dB [adaptive]  snr=+10.0dB [adaptive]  snr=+12.0dB [adaptive]  snr=+14.0dB [adaptive]  snr=+16.0dB [adaptive]  snr=+18.0dB [adaptive]  snr=+20.0dB [adaptive]Done (6.53s)
Estimator batch 238/2000 (active points 11/11) [25m 53s elapsed] ...   snr=+0.0dB [adaptive]  snr=+2.0dB [adaptive]  snr=+4.0dB [adaptive]  snr=+6.0dB [adaptive]  snr=+8.0dB [adaptive]  snr=+10.0dB [adaptive]  snr=+12.0dB [adaptive]  snr=+14.0dB [adaptive]  snr=+16.0dB [adaptive]  snr=+18.0dB [adaptive]  snr=+20.0dB [adaptive]Done (6.25s)
Estimator batch 239/2000 (active points 11/11) [26m 00s elapsed] ...   snr=+0.0dB [adaptive]  snr=+2.0dB [adaptive]  snr=+4.0dB [adaptive]  snr=+6.0dB [adaptive]  snr=+8.0dB [adaptive]  snr=+10.0dB [adaptive]  snr=+12.0dB [adaptive]  snr=+14.0dB [adaptive]  snr=+16.0dB [adaptive]  snr=+18.0dB [adaptive]  snr=+20.0dB [adaptive]Done (6.49s)
Estimator batch 240/2000 (active points 11/11) [26m 06s elapsed] ...   snr=+0.0dB [adaptive]  snr=+2.0dB [adaptive]  snr=+4.0dB [adaptive]  snr=+6.0dB [adaptive]  snr=+8.0dB [adaptive]  snr=+10.0dB [adaptive]  snr=+12.0dB [adaptive]  snr=+14.0dB [adaptive]  snr=+16.0dB [adaptive]  snr=+18.0dB [adaptive]  snr=+20.0dB [adaptive]Done (6.30s)
Estimator batch 241/2000 (active points 11/11) [26m 12s elapsed] ...   snr=+0.0dB [adaptive]  snr=+2.0dB [adaptive]  snr=+4.0dB [adaptive]  snr=+6.0dB [adaptive]  snr=+8.0dB [adaptive]  snr=+10.0dB [adaptive]  snr=+12.0dB [adaptive]  snr=+14.0dB [adaptive]  snr=+16.0dB [adaptive]  snr=+18.0dB [adaptive]  snr=+20.0dB [adaptive]Done (6.76s)
Estimator batch 242/2000 (active points 11/11) [26m 19s elapsed] ...   snr=+0.0dB [adaptive]  snr=+2.0dB [adaptive]  snr=+4.0dB [adaptive]  snr=+6.0dB [adaptive]  snr=+8.0dB [adaptive]  snr=+10.0dB [adaptive]  snr=+12.0dB [adaptive]  snr=+14.0dB [adaptive]  snr=+16.0dB [adaptive]  snr=+18.0dB [adaptive]  snr=+20.0dB [adaptive]Done (6.17s)
Estimator batch 243/2000 (active points 11/11) [26m 25s elapsed] ...   snr=+0.0dB [adaptive]  snr=+2.0dB [adaptive]  snr=+4.0dB [adaptive]  snr=+6.0dB [adaptive]  snr=+8.0dB [adaptive]  snr=+10.0dB [adaptive]  snr=+12.0dB [adaptive]  snr=+14.0dB [adaptive]  snr=+16.0dB [adaptive]  snr=+18.0dB [adaptive]  snr=+20.0dB [adaptive]Done (6.41s)
Estimator batch 244/2000 (active points 11/11) [26m 32s elapsed] ...   snr=+0.0dB [adaptive]  snr=+2.0dB [adaptive]  snr=+4.0dB [adaptive]  snr=+6.0dB [adaptive]  snr=+8.0dB [adaptive]  snr=+10.0dB [adaptive]  snr=+12.0dB [adaptive]  snr=+14.0dB [adaptive]  snr=+16.0dB [adaptive]  snr=+18.0dB [adaptive]  snr=+20.0dB [adaptive]Done (7.04s)
Estimator batch 245/2000 (active points 11/11) [26m 39s elapsed] ...   snr=+0.0dB [adaptive]  snr=+2.0dB [adaptive]  snr=+4.0dB [adaptive]  snr=+6.0dB [adaptive]  snr=+8.0dB [adaptive]  snr=+10.0dB [adaptive]  snr=+12.0dB [adaptive]  snr=+14.0dB [adaptive]  snr=+16.0dB [adaptive]  snr=+18.0dB [adaptive]  snr=+20.0dB [adaptive]Done (7.03s)
Estimator batch 246/2000 (active points 11/11) [26m 46s elapsed] ...   snr=+0.0dB [adaptive]  snr=+2.0dB [adaptive]  snr=+4.0dB [adaptive]  snr=+6.0dB [adaptive]  snr=+8.0dB [adaptive]  snr=+10.0dB [adaptive]  snr=+12.0dB [adaptive]  snr=+14.0dB [adaptive]  snr=+16.0dB [adaptive]  snr=+18.0dB [adaptive]  snr=+20.0dB [adaptive]Done (6.71s)
Estimator batch 247/2000 (active points 11/11) [26m 52s elapsed] ...   snr=+0.0dB [adaptive]  snr=+2.0dB [adaptive]  snr=+4.0dB [adaptive]  snr=+6.0dB [adaptive]  snr=+8.0dB [adaptive]  snr=+10.0dB [adaptive]  snr=+12.0dB [adaptive]  snr=+14.0dB [adaptive]  snr=+16.0dB [adaptive]  snr=+18.0dB [adaptive]  snr=+20.0dB [adaptive]Done (6.17s)
Estimator batch 248/2000 (active points 11/11) [26m 59s elapsed] ...   snr=+0.0dB [adaptive]  snr=+2.0dB [adaptive]  snr=+4.0dB [adaptive]  snr=+6.0dB [adaptive]  snr=+8.0dB [adaptive]  snr=+10.0dB [adaptive]  snr=+12.0dB [adaptive]  snr=+14.0dB [adaptive]  snr=+16.0dB [adaptive]  snr=+18.0dB [adaptive]  snr=+20.0dB [adaptive]Done (6.40s)
Estimator batch 249/2000 (active points 11/11) [27m 05s elapsed] ...   snr=+0.0dB [adaptive]  snr=+2.0dB [adaptive]  snr=+4.0dB [adaptive]  snr=+6.0dB [adaptive]  snr=+8.0dB [adaptive]  snr=+10.0dB [adaptive]  snr=+12.0dB [adaptive]  snr=+14.0dB [adaptive]  snr=+16.0dB [adaptive]  snr=+18.0dB [adaptive]  snr=+20.0dB [adaptive]Done (6.09s)
Estimator batch 250/2000 (active points 11/11) [27m 11s elapsed] ...   snr=+0.0dB [adaptive]  snr=+2.0dB [adaptive]  snr=+4.0dB [adaptive]  snr=+6.0dB [adaptive]  snr=+8.0dB [adaptive]  snr=+10.0dB [adaptive]  snr=+12.0dB [adaptive]  snr=+14.0dB [adaptive]  snr=+16.0dB [adaptive]  snr=+18.0dB [adaptive]  snr=+20.0dB [adaptive]Done (6.30s)
Estimator batch 251/2000 (active points 11/11) [27m 17s elapsed] ...   snr=+0.0dB [adaptive]  snr=+2.0dB [adaptive]  snr=+4.0dB [adaptive]  snr=+6.0dB [adaptive]  snr=+8.0dB [adaptive]  snr=+10.0dB [adaptive]  snr=+12.0dB [adaptive]  snr=+14.0dB [adaptive]  snr=+16.0dB [adaptive]  snr=+18.0dB [adaptive]  snr=+20.0dB [adaptive]Done (6.86s)
Estimator batch 252/2000 (active points 11/11) [27m 24s elapsed] ...   snr=+0.0dB [adaptive]  snr=+2.0dB [adaptive]  snr=+4.0dB [adaptive]  snr=+6.0dB [adaptive]  snr=+8.0dB [adaptive]  snr=+10.0dB [adaptive]  snr=+12.0dB [adaptive]  snr=+14.0dB [adaptive]  snr=+16.0dB [adaptive]  snr=+18.0dB [adaptive]  snr=+20.0dB [adaptive]Done (6.52s)
Estimator batch 253/2000 (active points 11/11) [27m 31s elapsed] ...   snr=+0.0dB [adaptive]  snr=+2.0dB [adaptive]  snr=+4.0dB [adaptive]  snr=+6.0dB [adaptive]  snr=+8.0dB [adaptive]  snr=+10.0dB [adaptive]  snr=+12.0dB [adaptive]  snr=+14.0dB [adaptive]  snr=+16.0dB [adaptive]  snr=+18.0dB [adaptive]  snr=+20.0dB [adaptive]Done (6.16s)
Estimator batch 254/2000 (active points 11/11) [27m 37s elapsed] ...   snr=+0.0dB [adaptive]  snr=+2.0dB [adaptive]  snr=+4.0dB [adaptive]  snr=+6.0dB [adaptive]  snr=+8.0dB [adaptive]  snr=+10.0dB [adaptive]  snr=+12.0dB [adaptive]  snr=+14.0dB [adaptive]  snr=+16.0dB [adaptive]  snr=+18.0dB [adaptive]  snr=+20.0dB [adaptive]Done (6.02s)
Estimator batch 255/2000 (active points 11/11) [27m 43s elapsed] ...   snr=+0.0dB [adaptive]  snr=+2.0dB [adaptive]  snr=+4.0dB [adaptive]  snr=+6.0dB [adaptive]  snr=+8.0dB [adaptive]  snr=+10.0dB [adaptive]  snr=+12.0dB [adaptive]  snr=+14.0dB [adaptive]  snr=+16.0dB [adaptive]  snr=+18.0dB [adaptive]  snr=+20.0dB [adaptive]Done (6.05s)
Estimator batch 256/2000 (active points 11/11) [27m 49s elapsed] ...   snr=+0.0dB [adaptive]  snr=+2.0dB [adaptive]  snr=+4.0dB [adaptive]  snr=+6.0dB [adaptive]  snr=+8.0dB [adaptive]  snr=+10.0dB [adaptive]  snr=+12.0dB [adaptive]  snr=+14.0dB [adaptive]  snr=+16.0dB [adaptive]  snr=+18.0dB [adaptive]  snr=+20.0dB [adaptive]Done (6.00s)
Estimator batch 257/2000 (active points 11/11) [27m 55s elapsed] ...   snr=+0.0dB [adaptive]  snr=+2.0dB [adaptive]  snr=+4.0dB [adaptive]  snr=+6.0dB [adaptive]  snr=+8.0dB [adaptive]  snr=+10.0dB [adaptive]  snr=+12.0dB [adaptive]  snr=+14.0dB [adaptive]  snr=+16.0dB [adaptive]  snr=+18.0dB [adaptive]  snr=+20.0dB [adaptive]Done (6.38s)
Estimator batch 258/2000 (active points 11/11) [28m 01s elapsed] ...   snr=+0.0dB [adaptive]  snr=+2.0dB [adaptive]  snr=+4.0dB [adaptive]  snr=+6.0dB [adaptive]  snr=+8.0dB [adaptive]  snr=+10.0dB [adaptive]  snr=+12.0dB [adaptive]  snr=+14.0dB [adaptive]  snr=+16.0dB [adaptive]  snr=+18.0dB [adaptive]  snr=+20.0dB [adaptive]Done (6.31s)
Estimator batch 259/2000 (active points 11/11) [28m 08s elapsed] ...   snr=+0.0dB [adaptive]  snr=+2.0dB [adaptive]  snr=+4.0dB [adaptive]  snr=+6.0dB [adaptive]  snr=+8.0dB [adaptive]  snr=+10.0dB [adaptive]  snr=+12.0dB [adaptive]  snr=+14.0dB [adaptive]  snr=+16.0dB [adaptive]  snr=+18.0dB [adaptive]  snr=+20.0dB [adaptive]Done (6.83s)
Estimator batch 260/2000 (active points 11/11) [28m 15s elapsed] ...   snr=+0.0dB [adaptive]  snr=+2.0dB [adaptive]  snr=+4.0dB [adaptive]  snr=+6.0dB [adaptive]  snr=+8.0dB [adaptive]  snr=+10.0dB [adaptive]  snr=+12.0dB [adaptive]  snr=+14.0dB [adaptive]  snr=+16.0dB [adaptive]  snr=+18.0dB [adaptive]  snr=+20.0dB [adaptive]Done (6.53s)
Estimator batch 261/2000 (active points 11/11) [28m 21s elapsed] ...   snr=+0.0dB [adaptive]  snr=+2.0dB [adaptive]  snr=+4.0dB [adaptive]  snr=+6.0dB [adaptive]  snr=+8.0dB [adaptive]  snr=+10.0dB [adaptive]  snr=+12.0dB [adaptive]  snr=+14.0dB [adaptive]  snr=+16.0dB [adaptive]  snr=+18.0dB [adaptive]  snr=+20.0dB [adaptive]Done (6.58s)
Estimator batch 262/2000 (active points 11/11) [28m 28s elapsed] ...   snr=+0.0dB [adaptive]  snr=+2.0dB [adaptive]  snr=+4.0dB [adaptive]  snr=+6.0dB [adaptive]  snr=+8.0dB [adaptive]  snr=+10.0dB [adaptive]  snr=+12.0dB [adaptive]  snr=+14.0dB [adaptive]  snr=+16.0dB [adaptive]  snr=+18.0dB [adaptive]  snr=+20.0dB [adaptive]Done (7.05s)
Estimator batch 263/2000 (active points 11/11) [28m 35s elapsed] ...   snr=+0.0dB [adaptive]  snr=+2.0dB [adaptive]  snr=+4.0dB [adaptive]  snr=+6.0dB [adaptive]  snr=+8.0dB [adaptive]  snr=+10.0dB [adaptive]  snr=+12.0dB [adaptive]  snr=+14.0dB [adaptive]  snr=+16.0dB [adaptive]  snr=+18.0dB [adaptive]  snr=+20.0dB [adaptive]Done (6.26s)
Estimator batch 264/2000 (active points 11/11) [28m 41s elapsed] ...   snr=+0.0dB [adaptive]  snr=+2.0dB [adaptive]  snr=+4.0dB [adaptive]  snr=+6.0dB [adaptive]  snr=+8.0dB [adaptive]  snr=+10.0dB [adaptive]  snr=+12.0dB [adaptive]  snr=+14.0dB [adaptive]  snr=+16.0dB [adaptive]  snr=+18.0dB [adaptive]  snr=+20.0dB [adaptive]Done (6.95s)
Estimator batch 265/2000 (active points 11/11) [28m 48s elapsed] ...   snr=+0.0dB [adaptive]  snr=+2.0dB [adaptive]  snr=+4.0dB [adaptive]  snr=+6.0dB [adaptive]  snr=+8.0dB [adaptive]  snr=+10.0dB [adaptive]  snr=+12.0dB [adaptive]  snr=+14.0dB [adaptive]  snr=+16.0dB [adaptive]  snr=+18.0dB [adaptive]  snr=+20.0dB [adaptive]Done (6.51s)
Estimator batch 266/2000 (active points 11/11) [28m 54s elapsed] ...   snr=+0.0dB [adaptive]  snr=+2.0dB [adaptive]  snr=+4.0dB [adaptive]  snr=+6.0dB [adaptive]  snr=+8.0dB [adaptive]  snr=+10.0dB [adaptive]  snr=+12.0dB [adaptive]  snr=+14.0dB [adaptive]  snr=+16.0dB [adaptive]  snr=+18.0dB [adaptive]  snr=+20.0dB [adaptive]Done (6.90s)
Estimator batch 267/2000 (active points 11/11) [29m 01s elapsed] ...   snr=+0.0dB [adaptive]  snr=+2.0dB [adaptive]  snr=+4.0dB [adaptive]  snr=+6.0dB [adaptive]  snr=+8.0dB [adaptive]  snr=+10.0dB [adaptive]  snr=+12.0dB [adaptive]  snr=+14.0dB [adaptive]  snr=+16.0dB [adaptive]  snr=+18.0dB [adaptive]  snr=+20.0dB [adaptive]Done (6.51s)
Estimator batch 268/2000 (active points 11/11) [29m 08s elapsed] ...   snr=+0.0dB [adaptive]  snr=+2.0dB [adaptive]  snr=+4.0dB [adaptive]  snr=+6.0dB [adaptive]  snr=+8.0dB [adaptive]  snr=+10.0dB [adaptive]  snr=+12.0dB [adaptive]  snr=+14.0dB [adaptive]  snr=+16.0dB [adaptive]  snr=+18.0dB [adaptive]  snr=+20.0dB [adaptive]Done (6.50s)
Estimator batch 269/2000 (active points 11/11) [29m 14s elapsed] ...   snr=+0.0dB [adaptive]  snr=+2.0dB [adaptive]  snr=+4.0dB [adaptive]  snr=+6.0dB [adaptive]  snr=+8.0dB [adaptive]  snr=+10.0dB [adaptive]  snr=+12.0dB [adaptive]  snr=+14.0dB [adaptive]  snr=+16.0dB [adaptive]  snr=+18.0dB [adaptive]  snr=+20.0dB [adaptive]Done (6.98s)
Estimator batch 270/2000 (active points 11/11) [29m 21s elapsed] ...   snr=+0.0dB [adaptive]  snr=+2.0dB [adaptive]  snr=+4.0dB [adaptive]  snr=+6.0dB [adaptive]  snr=+8.0dB [adaptive]  snr=+10.0dB [adaptive]  snr=+12.0dB [adaptive]  snr=+14.0dB [adaptive]  snr=+16.0dB [adaptive]  snr=+18.0dB [adaptive]  snr=+20.0dB [adaptive]Done (6.67s)
Estimator batch 271/2000 (active points 11/11) [29m 28s elapsed] ...   snr=+0.0dB [adaptive]  snr=+2.0dB [adaptive]  snr=+4.0dB [adaptive]  snr=+6.0dB [adaptive]  snr=+8.0dB [adaptive]  snr=+10.0dB [adaptive]  snr=+12.0dB [adaptive]  snr=+14.0dB [adaptive]  snr=+16.0dB [adaptive]  snr=+18.0dB [adaptive]  snr=+20.0dB [adaptive]Done (6.70s)
Estimator batch 272/2000 (active points 11/11) [29m 35s elapsed] ...   snr=+0.0dB [adaptive]  snr=+2.0dB [adaptive]  snr=+4.0dB [adaptive]  snr=+6.0dB [adaptive]  snr=+8.0dB [adaptive]  snr=+10.0dB [adaptive]  snr=+12.0dB [adaptive]  snr=+14.0dB [adaptive]  snr=+16.0dB [adaptive]  snr=+18.0dB [adaptive]  snr=+20.0dB [adaptive]Done (6.85s)
Estimator batch 273/2000 (active points 11/11) [29m 42s elapsed] ...   snr=+0.0dB [adaptive]  snr=+2.0dB [adaptive]  snr=+4.0dB [adaptive]  snr=+6.0dB [adaptive]  snr=+8.0dB [adaptive]  snr=+10.0dB [adaptive]  snr=+12.0dB [adaptive]  snr=+14.0dB [adaptive]  snr=+16.0dB [adaptive]  snr=+18.0dB [adaptive]  snr=+20.0dB [adaptive]Done (6.30s)
Estimator batch 274/2000 (active points 11/11) [29m 48s elapsed] ...   snr=+0.0dB [adaptive]  snr=+2.0dB [adaptive]  snr=+4.0dB [adaptive]  snr=+6.0dB [adaptive]  snr=+8.0dB [adaptive]  snr=+10.0dB [adaptive]  snr=+12.0dB [adaptive]  snr=+14.0dB [adaptive]  snr=+16.0dB [adaptive]  snr=+18.0dB [adaptive]  snr=+20.0dB [adaptive]Done (6.79s)
Estimator batch 275/2000 (active points 11/11) [29m 55s elapsed] ...   snr=+0.0dB [adaptive]  snr=+2.0dB [adaptive]  snr=+4.0dB [adaptive]  snr=+6.0dB [adaptive]  snr=+8.0dB [adaptive]  snr=+10.0dB [adaptive]  snr=+12.0dB [adaptive]  snr=+14.0dB [adaptive]  snr=+16.0dB [adaptive]  snr=+18.0dB [adaptive]  snr=+20.0dB [adaptive]Done (7.28s)
Estimator batch 276/2000 (active points 11/11) [30m 02s elapsed] ...   snr=+0.0dB [adaptive]  snr=+2.0dB [adaptive]  snr=+4.0dB [adaptive]  snr=+6.0dB [adaptive]  snr=+8.0dB [adaptive]  snr=+10.0dB [adaptive]  snr=+12.0dB [adaptive]  snr=+14.0dB [adaptive]  snr=+16.0dB [adaptive]  snr=+18.0dB [adaptive]  snr=+20.0dB [adaptive]Done (6.69s)
Estimator batch 277/2000 (active points 11/11) [30m 09s elapsed] ...   snr=+0.0dB [adaptive]  snr=+2.0dB [adaptive]  snr=+4.0dB [adaptive]  snr=+6.0dB [adaptive]  snr=+8.0dB [adaptive]  snr=+10.0dB [adaptive]  snr=+12.0dB [adaptive]  snr=+14.0dB [adaptive]  snr=+16.0dB [adaptive]  snr=+18.0dB [adaptive]  snr=+20.0dB [adaptive]Done (6.24s)
Estimator batch 278/2000 (active points 11/11) [30m 15s elapsed] ...   snr=+0.0dB [adaptive]  snr=+2.0dB [adaptive]  snr=+4.0dB [adaptive]  snr=+6.0dB [adaptive]  snr=+8.0dB [adaptive]  snr=+10.0dB [adaptive]  snr=+12.0dB [adaptive]  snr=+14.0dB [adaptive]  snr=+16.0dB [adaptive]  snr=+18.0dB [adaptive]  snr=+20.0dB [adaptive]Done (6.67s)
Estimator batch 279/2000 (active points 11/11) [30m 22s elapsed] ...   snr=+0.0dB [adaptive]  snr=+2.0dB [adaptive]  snr=+4.0dB [adaptive]  snr=+6.0dB [adaptive]  snr=+8.0dB [adaptive]  snr=+10.0dB [adaptive]  snr=+12.0dB [adaptive]  snr=+14.0dB [adaptive]  snr=+16.0dB [adaptive]  snr=+18.0dB [adaptive]  snr=+20.0dB [adaptive]Done (6.62s)
Estimator batch 280/2000 (active points 11/11) [30m 28s elapsed] ...   snr=+0.0dB [adaptive]  snr=+2.0dB [adaptive]  snr=+4.0dB [adaptive]  snr=+6.0dB [adaptive]  snr=+8.0dB [adaptive]  snr=+10.0dB [adaptive]  snr=+12.0dB [adaptive]  snr=+14.0dB [adaptive]  snr=+16.0dB [adaptive]  snr=+18.0dB [adaptive]  snr=+20.0dB [adaptive]Done (6.29s)
Estimator batch 281/2000 (active points 11/11) [30m 34s elapsed] ...   snr=+0.0dB [adaptive]  snr=+2.0dB [adaptive]  snr=+4.0dB [adaptive]  snr=+6.0dB [adaptive]  snr=+8.0dB [adaptive]  snr=+10.0dB [adaptive]  snr=+12.0dB [adaptive]  snr=+14.0dB [adaptive]  snr=+16.0dB [adaptive]  snr=+18.0dB [adaptive]  snr=+20.0dB [adaptive]Done (6.43s)
Estimator batch 282/2000 (active points 11/11) [30m 41s elapsed] ...   snr=+0.0dB [adaptive]  snr=+2.0dB [adaptive]  snr=+4.0dB [adaptive]  snr=+6.0dB [adaptive]  snr=+8.0dB [adaptive]  snr=+10.0dB [adaptive]  snr=+12.0dB [adaptive]  snr=+14.0dB [adaptive]  snr=+16.0dB [adaptive]  snr=+18.0dB [adaptive]  snr=+20.0dB [adaptive]Done (6.25s)
Estimator batch 283/2000 (active points 11/11) [30m 47s elapsed] ...   snr=+0.0dB [adaptive]  snr=+2.0dB [adaptive]  snr=+4.0dB [adaptive]  snr=+6.0dB [adaptive]  snr=+8.0dB [adaptive]  snr=+10.0dB [adaptive]  snr=+12.0dB [adaptive]  snr=+14.0dB [adaptive]  snr=+16.0dB [adaptive]  snr=+18.0dB [adaptive]  snr=+20.0dB [adaptive]Done (6.36s)
Estimator batch 284/2000 (active points 11/11) [30m 54s elapsed] ...   snr=+0.0dB [adaptive]  snr=+2.0dB [adaptive]  snr=+4.0dB [adaptive]  snr=+6.0dB [adaptive]  snr=+8.0dB [adaptive]  snr=+10.0dB [adaptive]  snr=+12.0dB [adaptive]  snr=+14.0dB [adaptive]  snr=+16.0dB [adaptive]  snr=+18.0dB [adaptive]  snr=+20.0dB [adaptive]Done (6.63s)
Estimator batch 285/2000 (active points 11/11) [31m 00s elapsed] ...   snr=+0.0dB [adaptive]  snr=+2.0dB [adaptive]  snr=+4.0dB [adaptive]  snr=+6.0dB [adaptive]  snr=+8.0dB [adaptive]  snr=+10.0dB [adaptive]  snr=+12.0dB [adaptive]  snr=+14.0dB [adaptive]  snr=+16.0dB [adaptive]  snr=+18.0dB [adaptive]  snr=+20.0dB [adaptive]Done (6.45s)
Estimator batch 286/2000 (active points 11/11) [31m 07s elapsed] ...   snr=+0.0dB [adaptive]  snr=+2.0dB [adaptive]  snr=+4.0dB [adaptive]  snr=+6.0dB [adaptive]  snr=+8.0dB [adaptive]  snr=+10.0dB [adaptive]  snr=+12.0dB [adaptive]  snr=+14.0dB [adaptive]  snr=+16.0dB [adaptive]  snr=+18.0dB [adaptive]  snr=+20.0dB [adaptive]Done (6.48s)
Estimator batch 287/2000 (active points 11/11) [31m 13s elapsed] ...   snr=+0.0dB [adaptive]  snr=+2.0dB [adaptive]  snr=+4.0dB [adaptive]  snr=+6.0dB [adaptive]  snr=+8.0dB [adaptive]  snr=+10.0dB [adaptive]  snr=+12.0dB [adaptive]  snr=+14.0dB [adaptive]  snr=+16.0dB [adaptive]  snr=+18.0dB [adaptive]  snr=+20.0dB [adaptive]Done (7.30s)
Estimator batch 288/2000 (active points 11/11) [31m 20s elapsed] ...   snr=+0.0dB [adaptive]  snr=+2.0dB [adaptive]  snr=+4.0dB [adaptive]  snr=+6.0dB [adaptive]  snr=+8.0dB [adaptive]  snr=+10.0dB [adaptive]  snr=+12.0dB [adaptive]  snr=+14.0dB [adaptive]  snr=+16.0dB [adaptive]  snr=+18.0dB [adaptive]  snr=+20.0dB [adaptive]Done (7.62s)
Estimator batch 289/2000 (active points 11/11) [31m 28s elapsed] ...   snr=+0.0dB [adaptive]  snr=+2.0dB [adaptive]  snr=+4.0dB [adaptive]  snr=+6.0dB [adaptive]  snr=+8.0dB [adaptive]  snr=+10.0dB [adaptive]  snr=+12.0dB [adaptive]  snr=+14.0dB [adaptive]  snr=+16.0dB [adaptive]  snr=+18.0dB [adaptive]  snr=+20.0dB [adaptive]Done (6.98s)
Estimator batch 290/2000 (active points 11/11) [31m 35s elapsed] ...   snr=+0.0dB [adaptive]  snr=+2.0dB [adaptive]  snr=+4.0dB [adaptive]  snr=+6.0dB [adaptive]  snr=+8.0dB [adaptive]  snr=+10.0dB [adaptive]  snr=+12.0dB [adaptive]  snr=+14.0dB [adaptive]  snr=+16.0dB [adaptive]  snr=+18.0dB [adaptive]  snr=+20.0dB [adaptive]Done (6.89s)
Estimator batch 291/2000 (active points 11/11) [31m 42s elapsed] ...   snr=+0.0dB [adaptive]  snr=+2.0dB [adaptive]  snr=+4.0dB [adaptive]  snr=+6.0dB [adaptive]  snr=+8.0dB [adaptive]  snr=+10.0dB [adaptive]  snr=+12.0dB [adaptive]  snr=+14.0dB [adaptive]  snr=+16.0dB [adaptive]  snr=+18.0dB [adaptive]  snr=+20.0dB [adaptive]Done (6.47s)
Estimator batch 292/2000 (active points 11/11) [31m 48s elapsed] ...   snr=+0.0dB [adaptive]  snr=+2.0dB [adaptive]  snr=+4.0dB [adaptive]  snr=+6.0dB [adaptive]  snr=+8.0dB [adaptive]  snr=+10.0dB [adaptive]  snr=+12.0dB [adaptive]  snr=+14.0dB [adaptive]  snr=+16.0dB [adaptive]  snr=+18.0dB [adaptive]  snr=+20.0dB [adaptive]Done (6.30s)
Estimator batch 293/2000 (active points 11/11) [31m 55s elapsed] ...   snr=+0.0dB [adaptive]  snr=+2.0dB [adaptive]  snr=+4.0dB [adaptive]  snr=+6.0dB [adaptive]  snr=+8.0dB [adaptive]  snr=+10.0dB [adaptive]  snr=+12.0dB [adaptive]  snr=+14.0dB [adaptive]  snr=+16.0dB [adaptive]  snr=+18.0dB [adaptive]  snr=+20.0dB [adaptive]Done (6.31s)
Estimator batch 294/2000 (active points 11/11) [32m 01s elapsed] ...   snr=+0.0dB [adaptive]  snr=+2.0dB [adaptive]  snr=+4.0dB [adaptive]  snr=+6.0dB [adaptive]  snr=+8.0dB [adaptive]  snr=+10.0dB [adaptive]  snr=+12.0dB [adaptive]  snr=+14.0dB [adaptive]  snr=+16.0dB [adaptive]  snr=+18.0dB [adaptive]  snr=+20.0dB [adaptive]Done (6.33s)
Estimator batch 295/2000 (active points 11/11) [32m 07s elapsed] ...   snr=+0.0dB [adaptive]  snr=+2.0dB [adaptive]  snr=+4.0dB [adaptive]  snr=+6.0dB [adaptive]  snr=+8.0dB [adaptive]  snr=+10.0dB [adaptive]  snr=+12.0dB [adaptive]  snr=+14.0dB [adaptive]  snr=+16.0dB [adaptive]  snr=+18.0dB [adaptive]  snr=+20.0dB [adaptive]Done (6.86s)
Estimator batch 296/2000 (active points 11/11) [32m 14s elapsed] ...   snr=+0.0dB [adaptive]  snr=+2.0dB [adaptive]  snr=+4.0dB [adaptive]  snr=+6.0dB [adaptive]  snr=+8.0dB [adaptive]  snr=+10.0dB [adaptive]  snr=+12.0dB [adaptive]  snr=+14.0dB [adaptive]  snr=+16.0dB [adaptive]  snr=+18.0dB [adaptive]  snr=+20.0dB [adaptive]Done (7.47s)
Estimator batch 297/2000 (active points 11/11) [32m 22s elapsed] ...   snr=+0.0dB [adaptive]  snr=+2.0dB [adaptive]  snr=+4.0dB [adaptive]  snr=+6.0dB [adaptive]  snr=+8.0dB [adaptive]  snr=+10.0dB [adaptive]  snr=+12.0dB [adaptive]  snr=+14.0dB [adaptive]  snr=+16.0dB [adaptive]  snr=+18.0dB [adaptive]  snr=+20.0dB [adaptive]Done (6.51s)
Estimator batch 298/2000 (active points 11/11) [32m 28s elapsed] ...   snr=+0.0dB [adaptive]  snr=+2.0dB [adaptive]  snr=+4.0dB [adaptive]  snr=+6.0dB [adaptive]  snr=+8.0dB [adaptive]  snr=+10.0dB [adaptive]  snr=+12.0dB [adaptive]  snr=+14.0dB [adaptive]  snr=+16.0dB [adaptive]  snr=+18.0dB [adaptive]  snr=+20.0dB [adaptive]Done (7.59s)
Estimator batch 299/2000 (active points 11/11) [32m 36s elapsed] ...   snr=+0.0dB [adaptive]  snr=+2.0dB [adaptive]  snr=+4.0dB [adaptive]  snr=+6.0dB [adaptive]  snr=+8.0dB [adaptive]  snr=+10.0dB [adaptive]  snr=+12.0dB [adaptive]  snr=+14.0dB [adaptive]  snr=+16.0dB [adaptive]  snr=+18.0dB [adaptive]  snr=+20.0dB [adaptive]Done (7.78s)
Estimator batch 300/2000 (active points 11/11) [32m 43s elapsed] ...   snr=+0.0dB [adaptive]  snr=+2.0dB [adaptive]  snr=+4.0dB [adaptive]  snr=+6.0dB [adaptive]  snr=+8.0dB [adaptive]  snr=+10.0dB [adaptive]  snr=+12.0dB [adaptive]  snr=+14.0dB [adaptive]  snr=+16.0dB [adaptive]  snr=+18.0dB [adaptive]  snr=+20.0dB [adaptive]Done (7.38s)
Estimator batch 301/2000 (active points 11/11) [32m 51s elapsed] ...   snr=+0.0dB [adaptive]  snr=+2.0dB [adaptive]  snr=+4.0dB [adaptive]  snr=+6.0dB [adaptive]  snr=+8.0dB [adaptive]  snr=+10.0dB [adaptive]  snr=+12.0dB [adaptive]  snr=+14.0dB [adaptive]  snr=+16.0dB [adaptive]  snr=+18.0dB [adaptive]  snr=+20.0dB [adaptive]Done (6.65s)
Estimator batch 302/2000 (active points 11/11) [32m 58s elapsed] ...   snr=+0.0dB [adaptive]  snr=+2.0dB [adaptive]  snr=+4.0dB [adaptive]  snr=+6.0dB [adaptive]  snr=+8.0dB [adaptive]  snr=+10.0dB [adaptive]  snr=+12.0dB [adaptive]  snr=+14.0dB [adaptive]  snr=+16.0dB [adaptive]  snr=+18.0dB [adaptive]  snr=+20.0dB [adaptive]Done (6.20s)
Estimator batch 303/2000 (active points 11/11) [33m 04s elapsed] ...   snr=+0.0dB [adaptive]  snr=+2.0dB [adaptive]  snr=+4.0dB [adaptive]  snr=+6.0dB [adaptive]  snr=+8.0dB [adaptive]  snr=+10.0dB [adaptive]  snr=+12.0dB [adaptive]  snr=+14.0dB [adaptive]  snr=+16.0dB [adaptive]  snr=+18.0dB [adaptive]  snr=+20.0dB [adaptive]Done (6.08s)
Estimator batch 304/2000 (active points 11/11) [33m 10s elapsed] ...   snr=+0.0dB [adaptive]  snr=+2.0dB [adaptive]  snr=+4.0dB [adaptive]  snr=+6.0dB [adaptive]  snr=+8.0dB [adaptive]  snr=+10.0dB [adaptive]  snr=+12.0dB [adaptive]  snr=+14.0dB [adaptive]  snr=+16.0dB [adaptive]  snr=+18.0dB [adaptive]  snr=+20.0dB [adaptive]Done (6.07s)
Estimator batch 305/2000 (active points 11/11) [33m 16s elapsed] ...   snr=+0.0dB [adaptive]  snr=+2.0dB [adaptive]  snr=+4.0dB [adaptive]  snr=+6.0dB [adaptive]  snr=+8.0dB [adaptive]  snr=+10.0dB [adaptive]  snr=+12.0dB [adaptive]  snr=+14.0dB [adaptive]  snr=+16.0dB [adaptive]  snr=+18.0dB [adaptive]  snr=+20.0dB [adaptive]Done (6.22s)
Estimator batch 306/2000 (active points 11/11) [33m 22s elapsed] ...   snr=+0.0dB [adaptive]  snr=+2.0dB [adaptive]  snr=+4.0dB [adaptive]  snr=+6.0dB [adaptive]  snr=+8.0dB [adaptive]  snr=+10.0dB [adaptive]  snr=+12.0dB [adaptive]  snr=+14.0dB [adaptive]  snr=+16.0dB [adaptive]  snr=+18.0dB [adaptive]  snr=+20.0dB [adaptive]Done (6.63s)
Estimator batch 307/2000 (active points 11/11) [33m 29s elapsed] ...   snr=+0.0dB [adaptive]  snr=+2.0dB [adaptive]  snr=+4.0dB [adaptive]  snr=+6.0dB [adaptive]  snr=+8.0dB [adaptive]  snr=+10.0dB [adaptive]  snr=+12.0dB [adaptive]  snr=+14.0dB [adaptive]  snr=+16.0dB [adaptive]  snr=+18.0dB [adaptive]  snr=+20.0dB [adaptive]Done (6.43s)
Estimator batch 308/2000 (active points 11/11) [33m 35s elapsed] ...   snr=+0.0dB [adaptive]  snr=+2.0dB [adaptive]  snr=+4.0dB [adaptive]  snr=+6.0dB [adaptive]  snr=+8.0dB [adaptive]  snr=+10.0dB [adaptive]  snr=+12.0dB [adaptive]  snr=+14.0dB [adaptive]  snr=+16.0dB [adaptive]  snr=+18.0dB [adaptive]  snr=+20.0dB [adaptive]Done (6.31s)
Estimator batch 309/2000 (active points 11/11) [33m 41s elapsed] ...   snr=+0.0dB [adaptive]  snr=+2.0dB [adaptive]  snr=+4.0dB [adaptive]  snr=+6.0dB [adaptive]  snr=+8.0dB [adaptive]  snr=+10.0dB [adaptive]  snr=+12.0dB [adaptive]  snr=+14.0dB [adaptive]  snr=+16.0dB [adaptive]  snr=+18.0dB [adaptive]  snr=+20.0dB [adaptive]Done (6.17s)
Estimator batch 310/2000 (active points 11/11) [33m 48s elapsed] ...   snr=+0.0dB [adaptive]  snr=+2.0dB [adaptive]  snr=+4.0dB [adaptive]  snr=+6.0dB [adaptive]  snr=+8.0dB [adaptive]  snr=+10.0dB [adaptive]  snr=+12.0dB [adaptive]  snr=+14.0dB [adaptive]  snr=+16.0dB [adaptive]  snr=+18.0dB [adaptive]  snr=+20.0dB [adaptive]Done (6.09s)
Estimator batch 311/2000 (active points 11/11) [33m 54s elapsed] ...   snr=+0.0dB [adaptive]  snr=+2.0dB [adaptive]  snr=+4.0dB [adaptive]  snr=+6.0dB [adaptive]  snr=+8.0dB [adaptive]  snr=+10.0dB [adaptive]  snr=+12.0dB [adaptive]  snr=+14.0dB [adaptive]  snr=+16.0dB [adaptive]  snr=+18.0dB [adaptive]  snr=+20.0dB [adaptive]Done (6.57s)
Estimator batch 312/2000 (active points 11/11) [34m 00s elapsed] ...   snr=+0.0dB [adaptive]  snr=+2.0dB [adaptive]  snr=+4.0dB [adaptive]  snr=+6.0dB [adaptive]  snr=+8.0dB [adaptive]  snr=+10.0dB [adaptive]  snr=+12.0dB [adaptive]  snr=+14.0dB [adaptive]  snr=+16.0dB [adaptive]  snr=+18.0dB [adaptive]  snr=+20.0dB [adaptive]Done (6.32s)
Estimator batch 313/2000 (active points 11/11) [34m 07s elapsed] ...   snr=+0.0dB [adaptive]  snr=+2.0dB [adaptive]  snr=+4.0dB [adaptive]  snr=+6.0dB [adaptive]  snr=+8.0dB [adaptive]  snr=+10.0dB [adaptive]  snr=+12.0dB [adaptive]  snr=+14.0dB [adaptive]  snr=+16.0dB [adaptive]  snr=+18.0dB [adaptive]  snr=+20.0dB [adaptive]Done (6.57s)
Estimator batch 314/2000 (active points 11/11) [34m 13s elapsed] ...   snr=+0.0dB [adaptive]  snr=+2.0dB [adaptive]  snr=+4.0dB [adaptive]  snr=+6.0dB [adaptive]  snr=+8.0dB [adaptive]  snr=+10.0dB [adaptive]  snr=+12.0dB [adaptive]  snr=+14.0dB [adaptive]  snr=+16.0dB [adaptive]  snr=+18.0dB [adaptive]  snr=+20.0dB [adaptive]Done (6.21s)
Estimator batch 315/2000 (active points 11/11) [34m 19s elapsed] ...   snr=+0.0dB [adaptive]  snr=+2.0dB [adaptive]  snr=+4.0dB [adaptive]  snr=+6.0dB [adaptive]  snr=+8.0dB [adaptive]  snr=+10.0dB [adaptive]  snr=+12.0dB [adaptive]  snr=+14.0dB [adaptive]  snr=+16.0dB [adaptive]  snr=+18.0dB [adaptive]  snr=+20.0dB [adaptive]Done (6.09s)
Estimator batch 316/2000 (active points 11/11) [34m 26s elapsed] ...   snr=+0.0dB [adaptive]  snr=+2.0dB [adaptive]  snr=+4.0dB [adaptive]  snr=+6.0dB [adaptive]  snr=+8.0dB [adaptive]  snr=+10.0dB [adaptive]  snr=+12.0dB [adaptive]  snr=+14.0dB [adaptive]  snr=+16.0dB [adaptive]  snr=+18.0dB [adaptive]  snr=+20.0dB [adaptive]Done (6.16s)
Estimator batch 317/2000 (active points 11/11) [34m 32s elapsed] ...   snr=+0.0dB [adaptive]  snr=+2.0dB [adaptive]  snr=+4.0dB [adaptive]  snr=+6.0dB [adaptive]  snr=+8.0dB [adaptive]  snr=+10.0dB [adaptive]  snr=+12.0dB [adaptive]  snr=+14.0dB [adaptive]  snr=+16.0dB [adaptive]  snr=+18.0dB [adaptive]  snr=+20.0dB [adaptive]Done (6.78s)
Estimator batch 318/2000 (active points 11/11) [34m 38s elapsed] ...   snr=+0.0dB [adaptive]  snr=+2.0dB [adaptive]  snr=+4.0dB [adaptive]  snr=+6.0dB [adaptive]  snr=+8.0dB [adaptive]  snr=+10.0dB [adaptive]  snr=+12.0dB [adaptive]  snr=+14.0dB [adaptive]  snr=+16.0dB [adaptive]  snr=+18.0dB [adaptive]  snr=+20.0dB [adaptive]Done (6.30s)
Estimator batch 319/2000 (active points 11/11) [34m 45s elapsed] ...   snr=+0.0dB [adaptive]  snr=+2.0dB [adaptive]  snr=+4.0dB [adaptive]  snr=+6.0dB [adaptive]  snr=+8.0dB [adaptive]  snr=+10.0dB [adaptive]  snr=+12.0dB [adaptive]  snr=+14.0dB [adaptive]  snr=+16.0dB [adaptive]  snr=+18.0dB [adaptive]  snr=+20.0dB [adaptive]Done (6.28s)
Estimator batch 320/2000 (active points 11/11) [34m 51s elapsed] ...   snr=+0.0dB [adaptive]  snr=+2.0dB [adaptive]  snr=+4.0dB [adaptive]  snr=+6.0dB [adaptive]  snr=+8.0dB [adaptive]  snr=+10.0dB [adaptive]  snr=+12.0dB [adaptive]  snr=+14.0dB [adaptive]  snr=+16.0dB [adaptive]  snr=+18.0dB [adaptive]  snr=+20.0dB [adaptive]Done (6.21s)
Estimator batch 321/2000 (active points 11/11) [34m 57s elapsed] ...   snr=+0.0dB [adaptive]  snr=+2.0dB [adaptive]  snr=+4.0dB [adaptive]  snr=+6.0dB [adaptive]  snr=+8.0dB [adaptive]  snr=+10.0dB [adaptive]  snr=+12.0dB [adaptive]  snr=+14.0dB [adaptive]  snr=+16.0dB [adaptive]  snr=+18.0dB [adaptive]  snr=+20.0dB [adaptive]Done (6.21s)
Estimator batch 322/2000 (active points 11/11) [35m 03s elapsed] ...   snr=+0.0dB [adaptive]  snr=+2.0dB [adaptive]  snr=+4.0dB [adaptive]  snr=+6.0dB [adaptive]  snr=+8.0dB [adaptive]  snr=+10.0dB [adaptive]  snr=+12.0dB [adaptive]  snr=+14.0dB [adaptive]  snr=+16.0dB [adaptive]  snr=+18.0dB [adaptive]  snr=+20.0dB [adaptive]Done (6.33s)
Estimator batch 323/2000 (active points 11/11) [35m 10s elapsed] ...   snr=+0.0dB [adaptive]  snr=+2.0dB [adaptive]  snr=+4.0dB [adaptive]  snr=+6.0dB [adaptive]  snr=+8.0dB [adaptive]  snr=+10.0dB [adaptive]  snr=+12.0dB [adaptive]  snr=+14.0dB [adaptive]  snr=+16.0dB [adaptive]  snr=+18.0dB [adaptive]  snr=+20.0dB [adaptive]Done (6.34s)
Estimator batch 324/2000 (active points 11/11) [35m 16s elapsed] ...   snr=+0.0dB [adaptive]  snr=+2.0dB [adaptive]  snr=+4.0dB [adaptive]  snr=+6.0dB [adaptive]  snr=+8.0dB [adaptive]  snr=+10.0dB [adaptive]  snr=+12.0dB [adaptive]  snr=+14.0dB [adaptive]  snr=+16.0dB [adaptive]  snr=+18.0dB [adaptive]  snr=+20.0dB [adaptive]Done (6.50s)
Estimator batch 325/2000 (active points 11/11) [35m 23s elapsed] ...   snr=+0.0dB [adaptive]  snr=+2.0dB [adaptive]  snr=+4.0dB [adaptive]  snr=+6.0dB [adaptive]  snr=+8.0dB [adaptive]  snr=+10.0dB [adaptive]  snr=+12.0dB [adaptive]  snr=+14.0dB [adaptive]  snr=+16.0dB [adaptive]  snr=+18.0dB [adaptive]  snr=+20.0dB [adaptive]Done (6.51s)
Estimator batch 326/2000 (active points 11/11) [35m 29s elapsed] ...   snr=+0.0dB [adaptive]  snr=+2.0dB [adaptive]  snr=+4.0dB [adaptive]  snr=+6.0dB [adaptive]  snr=+8.0dB [adaptive]  snr=+10.0dB [adaptive]  snr=+12.0dB [adaptive]  snr=+14.0dB [adaptive]  snr=+16.0dB [adaptive]  snr=+18.0dB [adaptive]  snr=+20.0dB [adaptive]Done (6.47s)
Estimator batch 327/2000 (active points 11/11) [35m 36s elapsed] ...   snr=+0.0dB [adaptive]  snr=+2.0dB [adaptive]  snr=+4.0dB [adaptive]  snr=+6.0dB [adaptive]  snr=+8.0dB [adaptive]  snr=+10.0dB [adaptive]  snr=+12.0dB [adaptive]  snr=+14.0dB [adaptive]  snr=+16.0dB [adaptive]  snr=+18.0dB [adaptive]  snr=+20.0dB [adaptive]Done (6.61s)
Estimator batch 328/2000 (active points 11/11) [35m 42s elapsed] ...   snr=+0.0dB [adaptive]  snr=+2.0dB [adaptive]  snr=+4.0dB [adaptive]  snr=+6.0dB [adaptive]  snr=+8.0dB [adaptive]  snr=+10.0dB [adaptive]  snr=+12.0dB [adaptive]  snr=+14.0dB [adaptive]  snr=+16.0dB [adaptive]  snr=+18.0dB [adaptive]  snr=+20.0dB [adaptive]Done (6.76s)
Estimator batch 329/2000 (active points 11/11) [35m 49s elapsed] ...   snr=+0.0dB [adaptive]  snr=+2.0dB [adaptive]  snr=+4.0dB [adaptive]  snr=+6.0dB [adaptive]  snr=+8.0dB [adaptive]  snr=+10.0dB [adaptive]  snr=+12.0dB [adaptive]  snr=+14.0dB [adaptive]  snr=+16.0dB [adaptive]  snr=+18.0dB [adaptive]  snr=+20.0dB [adaptive]Done (6.26s)
Estimator batch 330/2000 (active points 11/11) [35m 55s elapsed] ...   snr=+0.0dB [adaptive]  snr=+2.0dB [adaptive]  snr=+4.0dB [adaptive]  snr=+6.0dB [adaptive]  snr=+8.0dB [adaptive]  snr=+10.0dB [adaptive]  snr=+12.0dB [adaptive]  snr=+14.0dB [adaptive]  snr=+16.0dB [adaptive]  snr=+18.0dB [adaptive]  snr=+20.0dB [adaptive]Done (6.60s)
Estimator batch 331/2000 (active points 11/11) [36m 02s elapsed] ...   snr=+0.0dB [adaptive]  snr=+2.0dB [adaptive]  snr=+4.0dB [adaptive]  snr=+6.0dB [adaptive]  snr=+8.0dB [adaptive]  snr=+10.0dB [adaptive]  snr=+12.0dB [adaptive]  snr=+14.0dB [adaptive]  snr=+16.0dB [adaptive]  snr=+18.0dB [adaptive]  snr=+20.0dB [adaptive]Done (6.66s)
Estimator batch 332/2000 (active points 11/11) [36m 09s elapsed] ...   snr=+0.0dB [adaptive]  snr=+2.0dB [adaptive]  snr=+4.0dB [adaptive]  snr=+6.0dB [adaptive]  snr=+8.0dB [adaptive]  snr=+10.0dB [adaptive]  snr=+12.0dB [adaptive]  snr=+14.0dB [adaptive]  snr=+16.0dB [adaptive]  snr=+18.0dB [adaptive]  snr=+20.0dB [adaptive]Done (6.60s)
Estimator batch 333/2000 (active points 11/11) [36m 15s elapsed] ...   snr=+0.0dB [adaptive]  snr=+2.0dB [adaptive]  snr=+4.0dB [adaptive]  snr=+6.0dB [adaptive]  snr=+8.0dB [adaptive]  snr=+10.0dB [adaptive]  snr=+12.0dB [adaptive]  snr=+14.0dB [adaptive]  snr=+16.0dB [adaptive]  snr=+18.0dB [adaptive]  snr=+20.0dB [adaptive]Done (6.09s)
Estimator batch 334/2000 (active points 11/11) [36m 21s elapsed] ...   snr=+0.0dB [adaptive]  snr=+2.0dB [adaptive]  snr=+4.0dB [adaptive]  snr=+6.0dB [adaptive]  snr=+8.0dB [adaptive]  snr=+10.0dB [adaptive]  snr=+12.0dB [adaptive]  snr=+14.0dB [adaptive]  snr=+16.0dB [adaptive]  snr=+18.0dB [adaptive]  snr=+20.0dB [adaptive]Done (6.07s)
Estimator batch 335/2000 (active points 11/11) [36m 27s elapsed] ...   snr=+0.0dB [adaptive]  snr=+2.0dB [adaptive]  snr=+4.0dB [adaptive]  snr=+6.0dB [adaptive]  snr=+8.0dB [adaptive]  snr=+10.0dB [adaptive]  snr=+12.0dB [adaptive]  snr=+14.0dB [adaptive]  snr=+16.0dB [adaptive]  snr=+18.0dB [adaptive]  snr=+20.0dB [adaptive]Done (6.03s)
Estimator batch 336/2000 (active points 11/11) [36m 33s elapsed] ...   snr=+0.0dB [adaptive]  snr=+2.0dB [adaptive]  snr=+4.0dB [adaptive]  snr=+6.0dB [adaptive]  snr=+8.0dB [adaptive]  snr=+10.0dB [adaptive]  snr=+12.0dB [adaptive]  snr=+14.0dB [adaptive]  snr=+16.0dB [adaptive]  snr=+18.0dB [adaptive]  snr=+20.0dB [adaptive]Done (6.29s)
Estimator batch 337/2000 (active points 11/11) [36m 40s elapsed] ...   snr=+0.0dB [adaptive]  snr=+2.0dB [adaptive]  snr=+4.0dB [adaptive]  snr=+6.0dB [adaptive]  snr=+8.0dB [adaptive]  snr=+10.0dB [adaptive]  snr=+12.0dB [adaptive]  snr=+14.0dB [adaptive]  snr=+16.0dB [adaptive]  snr=+18.0dB [adaptive]  snr=+20.0dB [adaptive]Done (6.40s)
Estimator batch 338/2000 (active points 11/11) [36m 46s elapsed] ...   snr=+0.0dB [adaptive]  snr=+2.0dB [adaptive]  snr=+4.0dB [adaptive]  snr=+6.0dB [adaptive]  snr=+8.0dB [adaptive]  snr=+10.0dB [adaptive]  snr=+12.0dB [adaptive]  snr=+14.0dB [adaptive]  snr=+16.0dB [adaptive]  snr=+18.0dB [adaptive]  snr=+20.0dB [adaptive]Done (6.37s)
Estimator batch 339/2000 (active points 11/11) [36m 52s elapsed] ...   snr=+0.0dB [adaptive]  snr=+2.0dB [adaptive]  snr=+4.0dB [adaptive]  snr=+6.0dB [adaptive]  snr=+8.0dB [adaptive]  snr=+10.0dB [adaptive]  snr=+12.0dB [adaptive]  snr=+14.0dB [adaptive]  snr=+16.0dB [adaptive]  snr=+18.0dB [adaptive]  snr=+20.0dB [adaptive]Done (6.58s)
Estimator batch 340/2000 (active points 11/11) [36m 59s elapsed] ...   snr=+0.0dB [adaptive]  snr=+2.0dB [adaptive]  snr=+4.0dB [adaptive]  snr=+6.0dB [adaptive]  snr=+8.0dB [adaptive]  snr=+10.0dB [adaptive]  snr=+12.0dB [adaptive]  snr=+14.0dB [adaptive]  snr=+16.0dB [adaptive]  snr=+18.0dB [adaptive]  snr=+20.0dB [adaptive]Done (6.18s)
Estimator batch 341/2000 (active points 11/11) [37m 05s elapsed] ...   snr=+0.0dB [adaptive]  snr=+2.0dB [adaptive]  snr=+4.0dB [adaptive]  snr=+6.0dB [adaptive]  snr=+8.0dB [adaptive]  snr=+10.0dB [adaptive]  snr=+12.0dB [adaptive]  snr=+14.0dB [adaptive]  snr=+16.0dB [adaptive]  snr=+18.0dB [adaptive]  snr=+20.0dB [adaptive]Done (6.39s)
Estimator batch 342/2000 (active points 11/11) [37m 12s elapsed] ...   snr=+0.0dB [adaptive]  snr=+2.0dB [adaptive]  snr=+4.0dB [adaptive]  snr=+6.0dB [adaptive]  snr=+8.0dB [adaptive]  snr=+10.0dB [adaptive]  snr=+12.0dB [adaptive]  snr=+14.0dB [adaptive]  snr=+16.0dB [adaptive]  snr=+18.0dB [adaptive]  snr=+20.0dB [adaptive]Done (6.74s)
Estimator batch 343/2000 (active points 11/11) [37m 18s elapsed] ...   snr=+0.0dB [adaptive]  snr=+2.0dB [adaptive]  snr=+4.0dB [adaptive]  snr=+6.0dB [adaptive]  snr=+8.0dB [adaptive]  snr=+10.0dB [adaptive]  snr=+12.0dB [adaptive]  snr=+14.0dB [adaptive]  snr=+16.0dB [adaptive]  snr=+18.0dB [adaptive]  snr=+20.0dB [adaptive]Done (6.14s)
Estimator batch 344/2000 (active points 11/11) [37m 24s elapsed] ...   snr=+0.0dB [adaptive]  snr=+2.0dB [adaptive]  snr=+4.0dB [adaptive]  snr=+6.0dB [adaptive]  snr=+8.0dB [adaptive]  snr=+10.0dB [adaptive]  snr=+12.0dB [adaptive]  snr=+14.0dB [adaptive]  snr=+16.0dB [adaptive]  snr=+18.0dB [adaptive]  snr=+20.0dB [adaptive]Done (6.16s)
Estimator batch 345/2000 (active points 11/11) [37m 31s elapsed] ...   snr=+0.0dB [adaptive]  snr=+2.0dB [adaptive]  snr=+4.0dB [adaptive]  snr=+6.0dB [adaptive]  snr=+8.0dB [adaptive]  snr=+10.0dB [adaptive]  snr=+12.0dB [adaptive]  snr=+14.0dB [adaptive]  snr=+16.0dB [adaptive]  snr=+18.0dB [adaptive]  snr=+20.0dB [adaptive]Done (6.23s)
Estimator batch 346/2000 (active points 11/11) [37m 37s elapsed] ...   snr=+0.0dB [adaptive]  snr=+2.0dB [adaptive]  snr=+4.0dB [adaptive]  snr=+6.0dB [adaptive]  snr=+8.0dB [adaptive]  snr=+10.0dB [adaptive]  snr=+12.0dB [adaptive]  snr=+14.0dB [adaptive]  snr=+16.0dB [adaptive]  snr=+18.0dB [adaptive]  snr=+20.0dB [adaptive]Done (6.15s)
Estimator batch 347/2000 (active points 11/11) [37m 43s elapsed] ...   snr=+0.0dB [adaptive]  snr=+2.0dB [adaptive]  snr=+4.0dB [adaptive]  snr=+6.0dB [adaptive]  snr=+8.0dB [adaptive]  snr=+10.0dB [adaptive]  snr=+12.0dB [adaptive]  snr=+14.0dB [adaptive]  snr=+16.0dB [adaptive]  snr=+18.0dB [adaptive]  snr=+20.0dB [adaptive]Done (6.42s)
Estimator batch 348/2000 (active points 11/11) [37m 49s elapsed] ...   snr=+0.0dB [adaptive]  snr=+2.0dB [adaptive]  snr=+4.0dB [adaptive]  snr=+6.0dB [adaptive]  snr=+8.0dB [adaptive]  snr=+10.0dB [adaptive]  snr=+12.0dB [adaptive]  snr=+14.0dB [adaptive]  snr=+16.0dB [adaptive]  snr=+18.0dB [adaptive]  snr=+20.0dB [adaptive]Done (6.03s)
Estimator batch 349/2000 (active points 11/11) [37m 55s elapsed] ...   snr=+0.0dB [adaptive]  snr=+2.0dB [adaptive]  snr=+4.0dB [adaptive]  snr=+6.0dB [adaptive]  snr=+8.0dB [adaptive]  snr=+10.0dB [adaptive]  snr=+12.0dB [adaptive]  snr=+14.0dB [adaptive]  snr=+16.0dB [adaptive]  snr=+18.0dB [adaptive]  snr=+20.0dB [adaptive]Done (5.92s)
Estimator batch 350/2000 (active points 11/11) [38m 01s elapsed] ...   snr=+0.0dB [adaptive]  snr=+2.0dB [adaptive]  snr=+4.0dB [adaptive]  snr=+6.0dB [adaptive]  snr=+8.0dB [adaptive]  snr=+10.0dB [adaptive]  snr=+12.0dB [adaptive]  snr=+14.0dB [adaptive]  snr=+16.0dB [adaptive]  snr=+18.0dB [adaptive]  snr=+20.0dB [adaptive]Done (5.75s)
Estimator batch 351/2000 (active points 11/11) [38m 07s elapsed] ...   snr=+0.0dB [adaptive]  snr=+2.0dB [adaptive]  snr=+4.0dB [adaptive]  snr=+6.0dB [adaptive]  snr=+8.0dB [adaptive]  snr=+10.0dB [adaptive]  snr=+12.0dB [adaptive]  snr=+14.0dB [adaptive]  snr=+16.0dB [adaptive]  snr=+18.0dB [adaptive]  snr=+20.0dB [adaptive]Done (5.79s)
Estimator batch 352/2000 (active points 11/11) [38m 13s elapsed] ...   snr=+0.0dB [adaptive]  snr=+2.0dB [adaptive]  snr=+4.0dB [adaptive]  snr=+6.0dB [adaptive]  snr=+8.0dB [adaptive]  snr=+10.0dB [adaptive]  snr=+12.0dB [adaptive]  snr=+14.0dB [adaptive]  snr=+16.0dB [adaptive]  snr=+18.0dB [adaptive]  snr=+20.0dB [adaptive]Done (5.78s)
Estimator batch 353/2000 (active points 11/11) [38m 19s elapsed] ...   snr=+0.0dB [adaptive]  snr=+2.0dB [adaptive]  snr=+4.0dB [adaptive]  snr=+6.0dB [adaptive]  snr=+8.0dB [adaptive]  snr=+10.0dB [adaptive]  snr=+12.0dB [adaptive]  snr=+14.0dB [adaptive]  snr=+16.0dB [adaptive]  snr=+18.0dB [adaptive]  snr=+20.0dB [adaptive]Done (6.03s)
Estimator batch 354/2000 (active points 11/11) [38m 25s elapsed] ...   snr=+0.0dB [adaptive]  snr=+2.0dB [adaptive]  snr=+4.0dB [adaptive]  snr=+6.0dB [adaptive]  snr=+8.0dB [adaptive]  snr=+10.0dB [adaptive]  snr=+12.0dB [adaptive]  snr=+14.0dB [adaptive]  snr=+16.0dB [adaptive]  snr=+18.0dB [adaptive]  snr=+20.0dB [adaptive]Done (6.03s)
Estimator batch 355/2000 (active points 11/11) [38m 31s elapsed] ...   snr=+0.0dB [adaptive]  snr=+2.0dB [adaptive]  snr=+4.0dB [adaptive]  snr=+6.0dB [adaptive]  snr=+8.0dB [adaptive]  snr=+10.0dB [adaptive]  snr=+12.0dB [adaptive]  snr=+14.0dB [adaptive]  snr=+16.0dB [adaptive]  snr=+18.0dB [adaptive]  snr=+20.0dB [adaptive]Done (5.92s)
Estimator batch 356/2000 (active points 11/11) [38m 37s elapsed] ...   snr=+0.0dB [adaptive]  snr=+2.0dB [adaptive]  snr=+4.0dB [adaptive]  snr=+6.0dB [adaptive]  snr=+8.0dB [adaptive]  snr=+10.0dB [adaptive]  snr=+12.0dB [adaptive]  snr=+14.0dB [adaptive]  snr=+16.0dB [adaptive]  snr=+18.0dB [adaptive]  snr=+20.0dB [adaptive]Done (5.94s)
Estimator batch 357/2000 (active points 11/11) [38m 43s elapsed] ...   snr=+0.0dB [adaptive]  snr=+2.0dB [adaptive]  snr=+4.0dB [adaptive]  snr=+6.0dB [adaptive]  snr=+8.0dB [adaptive]  snr=+10.0dB [adaptive]  snr=+12.0dB [adaptive]  snr=+14.0dB [adaptive]  snr=+16.0dB [adaptive]  snr=+18.0dB [adaptive]  snr=+20.0dB [adaptive]Done (6.46s)
Estimator batch 358/2000 (active points 11/11) [38m 49s elapsed] ...   snr=+0.0dB [adaptive]  snr=+2.0dB [adaptive]  snr=+4.0dB [adaptive]  snr=+6.0dB [adaptive]  snr=+8.0dB [adaptive]  snr=+10.0dB [adaptive]  snr=+12.0dB [adaptive]  snr=+14.0dB [adaptive]  snr=+16.0dB [adaptive]  snr=+18.0dB [adaptive]  snr=+20.0dB [adaptive]Done (5.96s)
Estimator batch 359/2000 (active points 11/11) [38m 55s elapsed] ...   snr=+0.0dB [adaptive]  snr=+2.0dB [adaptive]  snr=+4.0dB [adaptive]  snr=+6.0dB [adaptive]  snr=+8.0dB [adaptive]  snr=+10.0dB [adaptive]  snr=+12.0dB [adaptive]  snr=+14.0dB [adaptive]  snr=+16.0dB [adaptive]  snr=+18.0dB [adaptive]  snr=+20.0dB [adaptive]Done (5.98s)
Estimator batch 360/2000 (active points 11/11) [39m 01s elapsed] ...   snr=+0.0dB [adaptive]  snr=+2.0dB [adaptive]  snr=+4.0dB [adaptive]  snr=+6.0dB [adaptive]  snr=+8.0dB [adaptive]  snr=+10.0dB [adaptive]  snr=+12.0dB [adaptive]  snr=+14.0dB [adaptive]  snr=+16.0dB [adaptive]  snr=+18.0dB [adaptive]  snr=+20.0dB [adaptive]Done (5.77s)
Estimator batch 361/2000 (active points 11/11) [39m 07s elapsed] ...   snr=+0.0dB [adaptive]  snr=+2.0dB [adaptive]  snr=+4.0dB [adaptive]  snr=+6.0dB [adaptive]  snr=+8.0dB [adaptive]  snr=+10.0dB [adaptive]  snr=+12.0dB [adaptive]  snr=+14.0dB [adaptive]  snr=+16.0dB [adaptive]  snr=+18.0dB [adaptive]  snr=+20.0dB [adaptive]Done (5.80s)
Estimator batch 362/2000 (active points 11/11) [39m 13s elapsed] ...   snr=+0.0dB [adaptive]  snr=+2.0dB [adaptive]  snr=+4.0dB [adaptive]  snr=+6.0dB [adaptive]  snr=+8.0dB [adaptive]  snr=+10.0dB [adaptive]  snr=+12.0dB [adaptive]  snr=+14.0dB [adaptive]  snr=+16.0dB [adaptive]  snr=+18.0dB [adaptive]  snr=+20.0dB [adaptive]Done (5.97s)
Estimator batch 363/2000 (active points 11/11) [39m 19s elapsed] ...   snr=+0.0dB [adaptive]  snr=+2.0dB [adaptive]  snr=+4.0dB [adaptive]  snr=+6.0dB [adaptive]  snr=+8.0dB [adaptive]  snr=+10.0dB [adaptive]  snr=+12.0dB [adaptive]  snr=+14.0dB [adaptive]  snr=+16.0dB [adaptive]  snr=+18.0dB [adaptive]  snr=+20.0dB [adaptive]Done (6.09s)
Estimator batch 364/2000 (active points 11/11) [39m 25s elapsed] ...   snr=+0.0dB [adaptive]  snr=+2.0dB [adaptive]  snr=+4.0dB [adaptive]  snr=+6.0dB [adaptive]  snr=+8.0dB [adaptive]  snr=+10.0dB [adaptive]  snr=+12.0dB [adaptive]  snr=+14.0dB [adaptive]  snr=+16.0dB [adaptive]  snr=+18.0dB [adaptive]  snr=+20.0dB [adaptive]Done (6.02s)
Estimator batch 365/2000 (active points 11/11) [39m 31s elapsed] ...   snr=+0.0dB [adaptive]  snr=+2.0dB [adaptive]  snr=+4.0dB [adaptive]  snr=+6.0dB [adaptive]  snr=+8.0dB [adaptive]  snr=+10.0dB [adaptive]  snr=+12.0dB [adaptive]  snr=+14.0dB [adaptive]  snr=+16.0dB [adaptive]  snr=+18.0dB [adaptive]  snr=+20.0dB [adaptive]Done (6.32s)
Estimator batch 366/2000 (active points 11/11) [39m 37s elapsed] ...   snr=+0.0dB [adaptive]  snr=+2.0dB [adaptive]  snr=+4.0dB [adaptive]  snr=+6.0dB [adaptive]  snr=+8.0dB [adaptive]  snr=+10.0dB [adaptive]  snr=+12.0dB [adaptive]  snr=+14.0dB [adaptive]  snr=+16.0dB [adaptive]  snr=+18.0dB [adaptive]  snr=+20.0dB [adaptive]Done (6.14s)
Estimator batch 367/2000 (active points 11/11) [39m 43s elapsed] ...   snr=+0.0dB [adaptive]  snr=+2.0dB [adaptive]  snr=+4.0dB [adaptive]  snr=+6.0dB [adaptive]  snr=+8.0dB [adaptive]  snr=+10.0dB [adaptive]  snr=+12.0dB [adaptive]  snr=+14.0dB [adaptive]  snr=+16.0dB [adaptive]  snr=+18.0dB [adaptive]  snr=+20.0dB [adaptive]Done (6.40s)
Estimator batch 368/2000 (active points 11/11) [39m 49s elapsed] ...   snr=+0.0dB [adaptive]  snr=+2.0dB [adaptive]  snr=+4.0dB [adaptive]  snr=+6.0dB [adaptive]  snr=+8.0dB [adaptive]  snr=+10.0dB [adaptive]  snr=+12.0dB [adaptive]  snr=+14.0dB [adaptive]  snr=+16.0dB [adaptive]  snr=+18.0dB [adaptive]  snr=+20.0dB [adaptive]Done (5.84s)
Estimator batch 369/2000 (active points 11/11) [39m 55s elapsed] ...   snr=+0.0dB [adaptive]  snr=+2.0dB [adaptive]  snr=+4.0dB [adaptive]  snr=+6.0dB [adaptive]  snr=+8.0dB [adaptive]  snr=+10.0dB [adaptive]  snr=+12.0dB [adaptive]  snr=+14.0dB [adaptive]  snr=+16.0dB [adaptive]  snr=+18.0dB [adaptive]  snr=+20.0dB [adaptive]Done (6.26s)
Estimator batch 370/2000 (active points 11/11) [40m 02s elapsed] ...   snr=+0.0dB [adaptive]  snr=+2.0dB [adaptive]  snr=+4.0dB [adaptive]  snr=+6.0dB [adaptive]  snr=+8.0dB [adaptive]  snr=+10.0dB [adaptive]  snr=+12.0dB [adaptive]  snr=+14.0dB [adaptive]  snr=+16.0dB [adaptive]  snr=+18.0dB [adaptive]  snr=+20.0dB [adaptive]Done (6.28s)
Estimator batch 371/2000 (active points 11/11) [40m 08s elapsed] ...   snr=+0.0dB [adaptive]  snr=+2.0dB [adaptive]  snr=+4.0dB [adaptive]  snr=+6.0dB [adaptive]  snr=+8.0dB [adaptive]  snr=+10.0dB [adaptive]  snr=+12.0dB [adaptive]  snr=+14.0dB [adaptive]  snr=+16.0dB [adaptive]  snr=+18.0dB [adaptive]  snr=+20.0dB [adaptive]Done (5.83s)
Estimator batch 372/2000 (active points 11/11) [40m 14s elapsed] ...   snr=+0.0dB [adaptive]  snr=+2.0dB [adaptive]  snr=+4.0dB [adaptive]  snr=+6.0dB [adaptive]  snr=+8.0dB [adaptive]  snr=+10.0dB [adaptive]  snr=+12.0dB [adaptive]  snr=+14.0dB [adaptive]  snr=+16.0dB [adaptive]  snr=+18.0dB [adaptive]  snr=+20.0dB [adaptive]Done (6.21s)
Estimator batch 373/2000 (active points 11/11) [40m 20s elapsed] ...   snr=+0.0dB [adaptive]  snr=+2.0dB [adaptive]  snr=+4.0dB [adaptive]  snr=+6.0dB [adaptive]  snr=+8.0dB [adaptive]  snr=+10.0dB [adaptive]  snr=+12.0dB [adaptive]  snr=+14.0dB [adaptive]  snr=+16.0dB [adaptive]  snr=+18.0dB [adaptive]  snr=+20.0dB [adaptive]Done (6.15s)
Estimator batch 374/2000 (active points 11/11) [40m 26s elapsed] ...   snr=+0.0dB [adaptive]  snr=+2.0dB [adaptive]  snr=+4.0dB [adaptive]  snr=+6.0dB [adaptive]  snr=+8.0dB [adaptive]  snr=+10.0dB [adaptive]  snr=+12.0dB [adaptive]  snr=+14.0dB [adaptive]  snr=+16.0dB [adaptive]  snr=+18.0dB [adaptive]  snr=+20.0dB [adaptive]Done (6.40s)
Estimator batch 375/2000 (active points 11/11) [40m 32s elapsed] ...   snr=+0.0dB [adaptive]  snr=+2.0dB [adaptive]  snr=+4.0dB [adaptive]  snr=+6.0dB [adaptive]  snr=+8.0dB [adaptive]  snr=+10.0dB [adaptive]  snr=+12.0dB [adaptive]  snr=+14.0dB [adaptive]  snr=+16.0dB [adaptive]  snr=+18.0dB [adaptive]  snr=+20.0dB [adaptive]Done (6.17s)
Estimator batch 376/2000 (active points 11/11) [40m 39s elapsed] ...   snr=+0.0dB [adaptive]  snr=+2.0dB [adaptive]  snr=+4.0dB [adaptive]  snr=+6.0dB [adaptive]  snr=+8.0dB [adaptive]  snr=+10.0dB [adaptive]  snr=+12.0dB [adaptive]  snr=+14.0dB [adaptive]  snr=+16.0dB [adaptive]  snr=+18.0dB [adaptive]  snr=+20.0dB [adaptive]Done (6.06s)
Estimator batch 377/2000 (active points 11/11) [40m 45s elapsed] ...   snr=+0.0dB [adaptive]  snr=+2.0dB [adaptive]  snr=+4.0dB [adaptive]  snr=+6.0dB [adaptive]  snr=+8.0dB [adaptive]  snr=+10.0dB [adaptive]  snr=+12.0dB [adaptive]  snr=+14.0dB [adaptive]  snr=+16.0dB [adaptive]  snr=+18.0dB [adaptive]  snr=+20.0dB [adaptive]Done (5.96s)
Estimator batch 378/2000 (active points 11/11) [40m 51s elapsed] ...   snr=+0.0dB [adaptive]  snr=+2.0dB [adaptive]  snr=+4.0dB [adaptive]  snr=+6.0dB [adaptive]  snr=+8.0dB [adaptive]  snr=+10.0dB [adaptive]  snr=+12.0dB [adaptive]  snr=+14.0dB [adaptive]  snr=+16.0dB [adaptive]  snr=+18.0dB [adaptive]  snr=+20.0dB [adaptive]Done (5.86s)
Estimator batch 379/2000 (active points 11/11) [40m 57s elapsed] ...   snr=+0.0dB [adaptive]  snr=+2.0dB [adaptive]  snr=+4.0dB [adaptive]  snr=+6.0dB [adaptive]  snr=+8.0dB [adaptive]  snr=+10.0dB [adaptive]  snr=+12.0dB [adaptive]  snr=+14.0dB [adaptive]  snr=+16.0dB [adaptive]  snr=+18.0dB [adaptive]  snr=+20.0dB [adaptive]Done (5.88s)
Estimator batch 380/2000 (active points 11/11) [41m 02s elapsed] ...   snr=+0.0dB [adaptive]  snr=+2.0dB [adaptive]  snr=+4.0dB [adaptive]  snr=+6.0dB [adaptive]  snr=+8.0dB [adaptive]  snr=+10.0dB [adaptive]  snr=+12.0dB [adaptive]  snr=+14.0dB [adaptive]  snr=+16.0dB [adaptive]  snr=+18.0dB [adaptive]  snr=+20.0dB [adaptive]Done (5.77s)
Estimator batch 381/2000 (active points 11/11) [41m 08s elapsed] ...   snr=+0.0dB [adaptive]  snr=+2.0dB [adaptive]  snr=+4.0dB [adaptive]  snr=+6.0dB [adaptive]  snr=+8.0dB [adaptive]  snr=+10.0dB [adaptive]  snr=+12.0dB [adaptive]  snr=+14.0dB [adaptive]  snr=+16.0dB [adaptive]  snr=+18.0dB [adaptive]  snr=+20.0dB [adaptive]Done (5.93s)
Estimator batch 382/2000 (active points 11/11) [41m 14s elapsed] ...   snr=+0.0dB [adaptive]  snr=+2.0dB [adaptive]  snr=+4.0dB [adaptive]  snr=+6.0dB [adaptive]  snr=+8.0dB [adaptive]  snr=+10.0dB [adaptive]  snr=+12.0dB [adaptive]  snr=+14.0dB [adaptive]  snr=+16.0dB [adaptive]  snr=+18.0dB [adaptive]  snr=+20.0dB [adaptive]Done (6.00s)
Estimator batch 383/2000 (active points 11/11) [41m 20s elapsed] ...   snr=+0.0dB [adaptive]  snr=+2.0dB [adaptive]  snr=+4.0dB [adaptive]  snr=+6.0dB [adaptive]  snr=+8.0dB [adaptive]  snr=+10.0dB [adaptive]  snr=+12.0dB [adaptive]  snr=+14.0dB [adaptive]  snr=+16.0dB [adaptive]  snr=+18.0dB [adaptive]  snr=+20.0dB [adaptive]Done (5.96s)
Estimator batch 384/2000 (active points 11/11) [41m 26s elapsed] ...   snr=+0.0dB [adaptive]  snr=+2.0dB [adaptive]  snr=+4.0dB [adaptive]  snr=+6.0dB [adaptive]  snr=+8.0dB [adaptive]  snr=+10.0dB [adaptive]  snr=+12.0dB [adaptive]  snr=+14.0dB [adaptive]  snr=+16.0dB [adaptive]  snr=+18.0dB [adaptive]  snr=+20.0dB [adaptive]Done (5.92s)
Estimator batch 385/2000 (active points 11/11) [41m 32s elapsed] ...   snr=+0.0dB [adaptive]  snr=+2.0dB [adaptive]  snr=+4.0dB [adaptive]  snr=+6.0dB [adaptive]  snr=+8.0dB [adaptive]  snr=+10.0dB [adaptive]  snr=+12.0dB [adaptive]  snr=+14.0dB [adaptive]  snr=+16.0dB [adaptive]  snr=+18.0dB [adaptive]  snr=+20.0dB [adaptive]Done (5.84s)
Estimator batch 386/2000 (active points 11/11) [41m 38s elapsed] ...   snr=+0.0dB [adaptive]  snr=+2.0dB [adaptive]  snr=+4.0dB [adaptive]  snr=+6.0dB [adaptive]  snr=+8.0dB [adaptive]  snr=+10.0dB [adaptive]  snr=+12.0dB [adaptive]  snr=+14.0dB [adaptive]  snr=+16.0dB [adaptive]  snr=+18.0dB [adaptive]  snr=+20.0dB [adaptive]Done (5.72s)
Estimator batch 387/2000 (active points 11/11) [41m 44s elapsed] ...   snr=+0.0dB [adaptive]  snr=+2.0dB [adaptive]  snr=+4.0dB [adaptive]  snr=+6.0dB [adaptive]  snr=+8.0dB [adaptive]  snr=+10.0dB [adaptive]  snr=+12.0dB [adaptive]  snr=+14.0dB [adaptive]  snr=+16.0dB [adaptive]  snr=+18.0dB [adaptive]  snr=+20.0dB [adaptive]Done (5.76s)
Estimator batch 388/2000 (active points 11/11) [41m 49s elapsed] ...   snr=+0.0dB [adaptive]  snr=+2.0dB [adaptive]  snr=+4.0dB [adaptive]  snr=+6.0dB [adaptive]  snr=+8.0dB [adaptive]  snr=+10.0dB [adaptive]  snr=+12.0dB [adaptive]  snr=+14.0dB [adaptive]  snr=+16.0dB [adaptive]  snr=+18.0dB [adaptive]  snr=+20.0dB [adaptive]Done (5.71s)
Estimator batch 389/2000 (active points 11/11) [41m 55s elapsed] ...   snr=+0.0dB [adaptive]  snr=+2.0dB [adaptive]  snr=+4.0dB [adaptive]  snr=+6.0dB [adaptive]  snr=+8.0dB [adaptive]  snr=+10.0dB [adaptive]  snr=+12.0dB [adaptive]  snr=+14.0dB [adaptive]  snr=+16.0dB [adaptive]  snr=+18.0dB [adaptive]  snr=+20.0dB [adaptive]Done (5.73s)
Estimator batch 390/2000 (active points 11/11) [42m 01s elapsed] ...   snr=+0.0dB [adaptive]  snr=+2.0dB [adaptive]  snr=+4.0dB [adaptive]  snr=+6.0dB [adaptive]  snr=+8.0dB [adaptive]  snr=+10.0dB [adaptive]  snr=+12.0dB [adaptive]  snr=+14.0dB [adaptive]  snr=+16.0dB [adaptive]  snr=+18.0dB [adaptive]  snr=+20.0dB [adaptive]Done (5.69s)
Estimator batch 391/2000 (active points 11/11) [42m 06s elapsed] ...   snr=+0.0dB [adaptive]  snr=+2.0dB [adaptive]  snr=+4.0dB [adaptive]  snr=+6.0dB [adaptive]  snr=+8.0dB [adaptive]  snr=+10.0dB [adaptive]  snr=+12.0dB [adaptive]  snr=+14.0dB [adaptive]  snr=+16.0dB [adaptive]  snr=+18.0dB [adaptive]  snr=+20.0dB [adaptive]Done (5.78s)
Estimator batch 392/2000 (active points 11/11) [42m 12s elapsed] ...   snr=+0.0dB [adaptive]  snr=+2.0dB [adaptive]  snr=+4.0dB [adaptive]  snr=+6.0dB [adaptive]  snr=+8.0dB [adaptive]  snr=+10.0dB [adaptive]  snr=+12.0dB [adaptive]  snr=+14.0dB [adaptive]  snr=+16.0dB [adaptive]  snr=+18.0dB [adaptive]  snr=+20.0dB [adaptive]Done (6.29s)
Estimator batch 393/2000 (active points 11/11) [42m 19s elapsed] ...   snr=+0.0dB [adaptive]  snr=+2.0dB [adaptive]  snr=+4.0dB [adaptive]  snr=+6.0dB [adaptive]  snr=+8.0dB [adaptive]  snr=+10.0dB [adaptive]  snr=+12.0dB [adaptive]  snr=+14.0dB [adaptive]  snr=+16.0dB [adaptive]  snr=+18.0dB [adaptive]  snr=+20.0dB [adaptive]Done (6.04s)
Estimator batch 394/2000 (active points 11/11) [42m 25s elapsed] ...   snr=+0.0dB [adaptive]  snr=+2.0dB [adaptive]  snr=+4.0dB [adaptive]  snr=+6.0dB [adaptive]  snr=+8.0dB [adaptive]  snr=+10.0dB [adaptive]  snr=+12.0dB [adaptive]  snr=+14.0dB [adaptive]  snr=+16.0dB [adaptive]  snr=+18.0dB [adaptive]  snr=+20.0dB [adaptive]Done (5.81s)
Estimator batch 395/2000 (active points 11/11) [42m 30s elapsed] ...   snr=+0.0dB [adaptive]  snr=+2.0dB [adaptive]  snr=+4.0dB [adaptive]  snr=+6.0dB [adaptive]  snr=+8.0dB [adaptive]  snr=+10.0dB [adaptive]  snr=+12.0dB [adaptive]  snr=+14.0dB [adaptive]  snr=+16.0dB [adaptive]  snr=+18.0dB [adaptive]  snr=+20.0dB [adaptive]Done (5.71s)
Estimator batch 396/2000 (active points 11/11) [42m 36s elapsed] ...   snr=+0.0dB [adaptive]  snr=+2.0dB [adaptive]  snr=+4.0dB [adaptive]  snr=+6.0dB [adaptive]  snr=+8.0dB [adaptive]  snr=+10.0dB [adaptive]  snr=+12.0dB [adaptive]  snr=+14.0dB [adaptive]  snr=+16.0dB [adaptive]  snr=+18.0dB [adaptive]  snr=+20.0dB [adaptive]Done (5.74s)
Estimator batch 397/2000 (active points 11/11) [42m 42s elapsed] ...   snr=+0.0dB [adaptive]  snr=+2.0dB [adaptive]  snr=+4.0dB [adaptive]  snr=+6.0dB [adaptive]  snr=+8.0dB [adaptive]  snr=+10.0dB [adaptive]  snr=+12.0dB [adaptive]  snr=+14.0dB [adaptive]  snr=+16.0dB [adaptive]  snr=+18.0dB [adaptive]  snr=+20.0dB [adaptive]Done (5.78s)
Estimator batch 398/2000 (active points 11/11) [42m 48s elapsed] ...   snr=+0.0dB [adaptive]  snr=+2.0dB [adaptive]  snr=+4.0dB [adaptive]  snr=+6.0dB [adaptive]  snr=+8.0dB [adaptive]  snr=+10.0dB [adaptive]  snr=+12.0dB [adaptive]  snr=+14.0dB [adaptive]  snr=+16.0dB [adaptive]  snr=+18.0dB [adaptive]  snr=+20.0dB [adaptive]Done (5.78s)
Estimator batch 399/2000 (active points 11/11) [42m 53s elapsed] ...   snr=+0.0dB [adaptive]  snr=+2.0dB [adaptive]  snr=+4.0dB [adaptive]  snr=+6.0dB [adaptive]  snr=+8.0dB [adaptive]  snr=+10.0dB [adaptive]  snr=+12.0dB [adaptive]  snr=+14.0dB [adaptive]  snr=+16.0dB [adaptive]  snr=+18.0dB [adaptive]  snr=+20.0dB [adaptive]Done (5.77s)
Estimator batch 400/2000 (active points 11/11) [42m 59s elapsed] ...   snr=+0.0dB [adaptive]  snr=+2.0dB [adaptive]  snr=+4.0dB [adaptive]  snr=+6.0dB [adaptive]  snr=+8.0dB [adaptive]  snr=+10.0dB [adaptive]  snr=+12.0dB [adaptive]  snr=+14.0dB [adaptive]  snr=+16.0dB [adaptive]  snr=+18.0dB [adaptive]  snr=+20.0dB [adaptive]Done (5.77s)
Estimator batch 401/2000 (active points 11/11) [43m 05s elapsed] ...   snr=+0.0dB [adaptive]  snr=+2.0dB [adaptive]  snr=+4.0dB [adaptive]  snr=+6.0dB [adaptive]  snr=+8.0dB [adaptive]  snr=+10.0dB [adaptive]  snr=+12.0dB [adaptive]  snr=+14.0dB [adaptive]  snr=+16.0dB [adaptive]  snr=+18.0dB [adaptive]  snr=+20.0dB [adaptive]Done (5.78s)
Estimator batch 402/2000 (active points 11/11) [43m 11s elapsed] ...   snr=+0.0dB [adaptive]  snr=+2.0dB [adaptive]  snr=+4.0dB [adaptive]  snr=+6.0dB [adaptive]  snr=+8.0dB [adaptive]  snr=+10.0dB [adaptive]  snr=+12.0dB [adaptive]  snr=+14.0dB [adaptive]  snr=+16.0dB [adaptive]  snr=+18.0dB [adaptive]  snr=+20.0dB [adaptive]Done (5.78s)
Estimator batch 403/2000 (active points 11/11) [43m 16s elapsed] ...   snr=+0.0dB [adaptive]  snr=+2.0dB [adaptive]  snr=+4.0dB [adaptive]  snr=+6.0dB [adaptive]  snr=+8.0dB [adaptive]  snr=+10.0dB [adaptive]  snr=+12.0dB [adaptive]  snr=+14.0dB [adaptive]  snr=+16.0dB [adaptive]  snr=+18.0dB [adaptive]  snr=+20.0dB [adaptive]Done (5.79s)
Estimator batch 404/2000 (active points 11/11) [43m 22s elapsed] ...   snr=+0.0dB [adaptive]  snr=+2.0dB [adaptive]  snr=+4.0dB [adaptive]  snr=+6.0dB [adaptive]  snr=+8.0dB [adaptive]  snr=+10.0dB [adaptive]  snr=+12.0dB [adaptive]  snr=+14.0dB [adaptive]  snr=+16.0dB [adaptive]  snr=+18.0dB [adaptive]  snr=+20.0dB [adaptive]Done (5.78s)
Estimator batch 405/2000 (active points 11/11) [43m 28s elapsed] ...   snr=+0.0dB [adaptive]  snr=+2.0dB [adaptive]  snr=+4.0dB [adaptive]  snr=+6.0dB [adaptive]  snr=+8.0dB [adaptive]  snr=+10.0dB [adaptive]  snr=+12.0dB [adaptive]  snr=+14.0dB [adaptive]  snr=+16.0dB [adaptive]  snr=+18.0dB [adaptive]  snr=+20.0dB [adaptive]Done (5.76s)
Estimator batch 406/2000 (active points 11/11) [43m 34s elapsed] ...   snr=+0.0dB [adaptive]  snr=+2.0dB [adaptive]  snr=+4.0dB [adaptive]  snr=+6.0dB [adaptive]  snr=+8.0dB [adaptive]  snr=+10.0dB [adaptive]  snr=+12.0dB [adaptive]  snr=+14.0dB [adaptive]  snr=+16.0dB [adaptive]  snr=+18.0dB [adaptive]  snr=+20.0dB [adaptive]Done (5.77s)
Estimator batch 407/2000 (active points 11/11) [43m 40s elapsed] ...   snr=+0.0dB [adaptive]  snr=+2.0dB [adaptive]  snr=+4.0dB [adaptive]  snr=+6.0dB [adaptive]  snr=+8.0dB [adaptive]  snr=+10.0dB [adaptive]  snr=+12.0dB [adaptive]  snr=+14.0dB [adaptive]  snr=+16.0dB [adaptive]  snr=+18.0dB [adaptive]  snr=+20.0dB [adaptive]Done (5.77s)
Estimator batch 408/2000 (active points 11/11) [43m 45s elapsed] ...   snr=+0.0dB [adaptive]  snr=+2.0dB [adaptive]  snr=+4.0dB [adaptive]  snr=+6.0dB [adaptive]  snr=+8.0dB [adaptive]  snr=+10.0dB [adaptive]  snr=+12.0dB [adaptive]  snr=+14.0dB [adaptive]  snr=+16.0dB [adaptive]  snr=+18.0dB [adaptive]  snr=+20.0dB [adaptive]Done (5.81s)
Estimator batch 409/2000 (active points 11/11) [43m 51s elapsed] ...   snr=+0.0dB [adaptive]  snr=+2.0dB [adaptive]  snr=+4.0dB [adaptive]  snr=+6.0dB [adaptive]  snr=+8.0dB [adaptive]  snr=+10.0dB [adaptive]  snr=+12.0dB [adaptive]  snr=+14.0dB [adaptive]  snr=+16.0dB [adaptive]  snr=+18.0dB [adaptive]  snr=+20.0dB [adaptive]Done (5.79s)
Estimator batch 410/2000 (active points 11/11) [43m 57s elapsed] ...   snr=+0.0dB [adaptive]  snr=+2.0dB [adaptive]  snr=+4.0dB [adaptive]  snr=+6.0dB [adaptive]  snr=+8.0dB [adaptive]  snr=+10.0dB [adaptive]  snr=+12.0dB [adaptive]  snr=+14.0dB [adaptive]  snr=+16.0dB [adaptive]  snr=+18.0dB [adaptive]  snr=+20.0dB [adaptive]Done (5.78s)
Estimator batch 411/2000 (active points 10/11) [44m 03s elapsed] ...   snr=+2.0dB [adaptive]  snr=+4.0dB [adaptive]  snr=+6.0dB [adaptive]  snr=+8.0dB [adaptive]  snr=+10.0dB [adaptive]  snr=+12.0dB [adaptive]  snr=+14.0dB [adaptive]  snr=+16.0dB [adaptive]  snr=+18.0dB [adaptive]  snr=+20.0dB [adaptive]Done (5.25s)
Estimator batch 412/2000 (active points 10/11) [44m 08s elapsed] ...   snr=+2.0dB [adaptive]  snr=+4.0dB [adaptive]  snr=+6.0dB [adaptive]  snr=+8.0dB [adaptive]  snr=+10.0dB [adaptive]  snr=+12.0dB [adaptive]  snr=+14.0dB [adaptive]  snr=+16.0dB [adaptive]  snr=+18.0dB [adaptive]  snr=+20.0dB [adaptive]Done (5.25s)
Estimator batch 413/2000 (active points 10/11) [44m 13s elapsed] ...   snr=+2.0dB [adaptive]  snr=+4.0dB [adaptive]  snr=+6.0dB [adaptive]  snr=+8.0dB [adaptive]  snr=+10.0dB [adaptive]  snr=+12.0dB [adaptive]  snr=+14.0dB [adaptive]  snr=+16.0dB [adaptive]  snr=+18.0dB [adaptive]  snr=+20.0dB [adaptive]Done (5.23s)
Estimator batch 414/2000 (active points 10/11) [44m 18s elapsed] ...   snr=+2.0dB [adaptive]  snr=+4.0dB [adaptive]  snr=+6.0dB [adaptive]  snr=+8.0dB [adaptive]  snr=+10.0dB [adaptive]  snr=+12.0dB [adaptive]  snr=+14.0dB [adaptive]  snr=+16.0dB [adaptive]  snr=+18.0dB [adaptive]  snr=+20.0dB [adaptive]Done (5.22s)
Estimator batch 415/2000 (active points 10/11) [44m 24s elapsed] ...   snr=+2.0dB [adaptive]  snr=+4.0dB [adaptive]  snr=+6.0dB [adaptive]  snr=+8.0dB [adaptive]  snr=+10.0dB [adaptive]  snr=+12.0dB [adaptive]  snr=+14.0dB [adaptive]  snr=+16.0dB [adaptive]  snr=+18.0dB [adaptive]  snr=+20.0dB [adaptive]Done (5.24s)
Estimator batch 416/2000 (active points 10/11) [44m 29s elapsed] ...   snr=+2.0dB [adaptive]  snr=+4.0dB [adaptive]  snr=+6.0dB [adaptive]  snr=+8.0dB [adaptive]  snr=+10.0dB [adaptive]  snr=+12.0dB [adaptive]  snr=+14.0dB [adaptive]  snr=+16.0dB [adaptive]  snr=+18.0dB [adaptive]  snr=+20.0dB [adaptive]Done (5.26s)
Estimator batch 417/2000 (active points 10/11) [44m 34s elapsed] ...   snr=+2.0dB [adaptive]  snr=+4.0dB [adaptive]  snr=+6.0dB [adaptive]  snr=+8.0dB [adaptive]  snr=+10.0dB [adaptive]  snr=+12.0dB [adaptive]  snr=+14.0dB [adaptive]  snr=+16.0dB [adaptive]  snr=+18.0dB [adaptive]  snr=+20.0dB [adaptive]Done (5.25s)
Estimator batch 418/2000 (active points 10/11) [44m 39s elapsed] ...   snr=+2.0dB [adaptive]  snr=+4.0dB [adaptive]  snr=+6.0dB [adaptive]  snr=+8.0dB [adaptive]  snr=+10.0dB [adaptive]  snr=+12.0dB [adaptive]  snr=+14.0dB [adaptive]  snr=+16.0dB [adaptive]  snr=+18.0dB [adaptive]  snr=+20.0dB [adaptive]Done (5.25s)
Estimator batch 419/2000 (active points 10/11) [44m 45s elapsed] ...   snr=+2.0dB [adaptive]  snr=+4.0dB [adaptive]  snr=+6.0dB [adaptive]  snr=+8.0dB [adaptive]  snr=+10.0dB [adaptive]  snr=+12.0dB [adaptive]  snr=+14.0dB [adaptive]  snr=+16.0dB [adaptive]  snr=+18.0dB [adaptive]  snr=+20.0dB [adaptive]Done (5.25s)
Estimator batch 420/2000 (active points 10/11) [44m 50s elapsed] ...   snr=+2.0dB [adaptive]  snr=+4.0dB [adaptive]  snr=+6.0dB [adaptive]  snr=+8.0dB [adaptive]  snr=+10.0dB [adaptive]  snr=+12.0dB [adaptive]  snr=+14.0dB [adaptive]  snr=+16.0dB [adaptive]  snr=+18.0dB [adaptive]  snr=+20.0dB [adaptive]Done (5.24s)
Estimator batch 421/2000 (active points 10/11) [44m 55s elapsed] ...   snr=+2.0dB [adaptive]  snr=+4.0dB [adaptive]  snr=+6.0dB [adaptive]  snr=+8.0dB [adaptive]  snr=+10.0dB [adaptive]  snr=+12.0dB [adaptive]  snr=+14.0dB [adaptive]  snr=+16.0dB [adaptive]  snr=+18.0dB [adaptive]  snr=+20.0dB [adaptive]Done (5.27s)
Estimator batch 422/2000 (active points 10/11) [45m 00s elapsed] ...   snr=+2.0dB [adaptive]  snr=+4.0dB [adaptive]  snr=+6.0dB [adaptive]  snr=+8.0dB [adaptive]  snr=+10.0dB [adaptive]  snr=+12.0dB [adaptive]  snr=+14.0dB [adaptive]  snr=+16.0dB [adaptive]  snr=+18.0dB [adaptive]  snr=+20.0dB [adaptive]Done (5.25s)
Estimator batch 423/2000 (active points 10/11) [45m 06s elapsed] ...   snr=+2.0dB [adaptive]  snr=+4.0dB [adaptive]  snr=+6.0dB [adaptive]  snr=+8.0dB [adaptive]  snr=+10.0dB [adaptive]  snr=+12.0dB [adaptive]  snr=+14.0dB [adaptive]  snr=+16.0dB [adaptive]  snr=+18.0dB [adaptive]  snr=+20.0dB [adaptive]Done (5.22s)
Estimator batch 424/2000 (active points 10/11) [45m 11s elapsed] ...   snr=+2.0dB [adaptive]  snr=+4.0dB [adaptive]  snr=+6.0dB [adaptive]  snr=+8.0dB [adaptive]  snr=+10.0dB [adaptive]  snr=+12.0dB [adaptive]  snr=+14.0dB [adaptive]  snr=+16.0dB [adaptive]  snr=+18.0dB [adaptive]  snr=+20.0dB [adaptive]Done (5.24s)
Estimator batch 425/2000 (active points 10/11) [45m 16s elapsed] ...   snr=+2.0dB [adaptive]  snr=+4.0dB [adaptive]  snr=+6.0dB [adaptive]  snr=+8.0dB [adaptive]  snr=+10.0dB [adaptive]  snr=+12.0dB [adaptive]  snr=+14.0dB [adaptive]  snr=+16.0dB [adaptive]  snr=+18.0dB [adaptive]  snr=+20.0dB [adaptive]Done (5.24s)
Estimator batch 426/2000 (active points 10/11) [45m 21s elapsed] ...   snr=+2.0dB [adaptive]  snr=+4.0dB [adaptive]  snr=+6.0dB [adaptive]  snr=+8.0dB [adaptive]  snr=+10.0dB [adaptive]  snr=+12.0dB [adaptive]  snr=+14.0dB [adaptive]  snr=+16.0dB [adaptive]  snr=+18.0dB [adaptive]  snr=+20.0dB [adaptive]Done (5.26s)
Estimator batch 427/2000 (active points 10/11) [45m 27s elapsed] ...   snr=+2.0dB [adaptive]  snr=+4.0dB [adaptive]  snr=+6.0dB [adaptive]  snr=+8.0dB [adaptive]  snr=+10.0dB [adaptive]  snr=+12.0dB [adaptive]  snr=+14.0dB [adaptive]  snr=+16.0dB [adaptive]  snr=+18.0dB [adaptive]  snr=+20.0dB [adaptive]Done (5.23s)
Estimator batch 428/2000 (active points 10/11) [45m 32s elapsed] ...   snr=+2.0dB [adaptive]  snr=+4.0dB [adaptive]  snr=+6.0dB [adaptive]  snr=+8.0dB [adaptive]  snr=+10.0dB [adaptive]  snr=+12.0dB [adaptive]  snr=+14.0dB [adaptive]  snr=+16.0dB [adaptive]  snr=+18.0dB [adaptive]  snr=+20.0dB [adaptive]Done (5.24s)
Estimator batch 429/2000 (active points 10/11) [45m 37s elapsed] ...   snr=+2.0dB [adaptive]  snr=+4.0dB [adaptive]  snr=+6.0dB [adaptive]  snr=+8.0dB [adaptive]  snr=+10.0dB [adaptive]  snr=+12.0dB [adaptive]  snr=+14.0dB [adaptive]  snr=+16.0dB [adaptive]  snr=+18.0dB [adaptive]  snr=+20.0dB [adaptive]Done (5.23s)
Estimator batch 430/2000 (active points 10/11) [45m 42s elapsed] ...   snr=+2.0dB [adaptive]  snr=+4.0dB [adaptive]  snr=+6.0dB [adaptive]  snr=+8.0dB [adaptive]  snr=+10.0dB [adaptive]  snr=+12.0dB [adaptive]  snr=+14.0dB [adaptive]  snr=+16.0dB [adaptive]  snr=+18.0dB [adaptive]  snr=+20.0dB [adaptive]Done (5.25s)
Estimator batch 431/2000 (active points 10/11) [45m 48s elapsed] ...   snr=+2.0dB [adaptive]  snr=+4.0dB [adaptive]  snr=+6.0dB [adaptive]  snr=+8.0dB [adaptive]  snr=+10.0dB [adaptive]  snr=+12.0dB [adaptive]  snr=+14.0dB [adaptive]  snr=+16.0dB [adaptive]  snr=+18.0dB [adaptive]  snr=+20.0dB [adaptive]Done (5.23s)
Estimator batch 432/2000 (active points 10/11) [45m 53s elapsed] ...   snr=+2.0dB [adaptive]  snr=+4.0dB [adaptive]  snr=+6.0dB [adaptive]  snr=+8.0dB [adaptive]  snr=+10.0dB [adaptive]  snr=+12.0dB [adaptive]  snr=+14.0dB [adaptive]  snr=+16.0dB [adaptive]  snr=+18.0dB [adaptive]  snr=+20.0dB [adaptive]Done (5.24s)
Estimator batch 433/2000 (active points 10/11) [45m 58s elapsed] ...   snr=+2.0dB [adaptive]  snr=+4.0dB [adaptive]  snr=+6.0dB [adaptive]  snr=+8.0dB [adaptive]  snr=+10.0dB [adaptive]  snr=+12.0dB [adaptive]  snr=+14.0dB [adaptive]  snr=+16.0dB [adaptive]  snr=+18.0dB [adaptive]  snr=+20.0dB [adaptive]Done (5.24s)
Estimator batch 434/2000 (active points 10/11) [46m 03s elapsed] ...   snr=+2.0dB [adaptive]  snr=+4.0dB [adaptive]  snr=+6.0dB [adaptive]  snr=+8.0dB [adaptive]  snr=+10.0dB [adaptive]  snr=+12.0dB [adaptive]  snr=+14.0dB [adaptive]  snr=+16.0dB [adaptive]  snr=+18.0dB [adaptive]  snr=+20.0dB [adaptive]Done (5.24s)
Estimator batch 435/2000 (active points 10/11) [46m 09s elapsed] ...   snr=+2.0dB [adaptive]  snr=+4.0dB [adaptive]  snr=+6.0dB [adaptive]  snr=+8.0dB [adaptive]  snr=+10.0dB [adaptive]  snr=+12.0dB [adaptive]  snr=+14.0dB [adaptive]  snr=+16.0dB [adaptive]  snr=+18.0dB [adaptive]  snr=+20.0dB [adaptive]Done (5.22s)
Estimator batch 436/2000 (active points 10/11) [46m 14s elapsed] ...   snr=+2.0dB [adaptive]  snr=+4.0dB [adaptive]  snr=+6.0dB [adaptive]  snr=+8.0dB [adaptive]  snr=+10.0dB [adaptive]  snr=+12.0dB [adaptive]  snr=+14.0dB [adaptive]  snr=+16.0dB [adaptive]  snr=+18.0dB [adaptive]  snr=+20.0dB [adaptive]Done (5.30s)
Estimator batch 437/2000 (active points 10/11) [46m 19s elapsed] ...   snr=+2.0dB [adaptive]  snr=+4.0dB [adaptive]  snr=+6.0dB [adaptive]  snr=+8.0dB [adaptive]  snr=+10.0dB [adaptive]  snr=+12.0dB [adaptive]  snr=+14.0dB [adaptive]  snr=+16.0dB [adaptive]  snr=+18.0dB [adaptive]  snr=+20.0dB [adaptive]Done (5.25s)
Estimator batch 438/2000 (active points 10/11) [46m 24s elapsed] ...   snr=+2.0dB [adaptive]  snr=+4.0dB [adaptive]  snr=+6.0dB [adaptive]  snr=+8.0dB [adaptive]  snr=+10.0dB [adaptive]  snr=+12.0dB [adaptive]  snr=+14.0dB [adaptive]  snr=+16.0dB [adaptive]  snr=+18.0dB [adaptive]  snr=+20.0dB [adaptive]Done (5.24s)
Estimator batch 439/2000 (active points 10/11) [46m 30s elapsed] ...   snr=+2.0dB [adaptive]  snr=+4.0dB [adaptive]  snr=+6.0dB [adaptive]  snr=+8.0dB [adaptive]  snr=+10.0dB [adaptive]  snr=+12.0dB [adaptive]  snr=+14.0dB [adaptive]  snr=+16.0dB [adaptive]  snr=+18.0dB [adaptive]  snr=+20.0dB [adaptive]Done (5.19s)
Estimator batch 440/2000 (active points 10/11) [46m 35s elapsed] ...   snr=+2.0dB [adaptive]  snr=+4.0dB [adaptive]  snr=+6.0dB [adaptive]  snr=+8.0dB [adaptive]  snr=+10.0dB [adaptive]  snr=+12.0dB [adaptive]  snr=+14.0dB [adaptive]  snr=+16.0dB [adaptive]  snr=+18.0dB [adaptive]  snr=+20.0dB [adaptive]Done (5.20s)
Estimator batch 441/2000 (active points 10/11) [46m 40s elapsed] ...   snr=+2.0dB [adaptive]  snr=+4.0dB [adaptive]  snr=+6.0dB [adaptive]  snr=+8.0dB [adaptive]  snr=+10.0dB [adaptive]  snr=+12.0dB [adaptive]  snr=+14.0dB [adaptive]  snr=+16.0dB [adaptive]  snr=+18.0dB [adaptive]  snr=+20.0dB [adaptive]Done (5.22s)
Estimator batch 442/2000 (active points 10/11) [46m 45s elapsed] ...   snr=+2.0dB [adaptive]  snr=+4.0dB [adaptive]  snr=+6.0dB [adaptive]  snr=+8.0dB [adaptive]  snr=+10.0dB [adaptive]  snr=+12.0dB [adaptive]  snr=+14.0dB [adaptive]  snr=+16.0dB [adaptive]  snr=+18.0dB [adaptive]  snr=+20.0dB [adaptive]Done (5.25s)
Estimator batch 443/2000 (active points 10/11) [46m 50s elapsed] ...   snr=+2.0dB [adaptive]  snr=+4.0dB [adaptive]  snr=+6.0dB [adaptive]  snr=+8.0dB [adaptive]  snr=+10.0dB [adaptive]  snr=+12.0dB [adaptive]  snr=+14.0dB [adaptive]  snr=+16.0dB [adaptive]  snr=+18.0dB [adaptive]  snr=+20.0dB [adaptive]Done (5.22s)
Estimator batch 444/2000 (active points 10/11) [46m 56s elapsed] ...   snr=+2.0dB [adaptive]  snr=+4.0dB [adaptive]  snr=+6.0dB [adaptive]  snr=+8.0dB [adaptive]  snr=+10.0dB [adaptive]  snr=+12.0dB [adaptive]  snr=+14.0dB [adaptive]  snr=+16.0dB [adaptive]  snr=+18.0dB [adaptive]  snr=+20.0dB [adaptive]Done (5.22s)
Estimator batch 445/2000 (active points 10/11) [47m 01s elapsed] ...   snr=+2.0dB [adaptive]  snr=+4.0dB [adaptive]  snr=+6.0dB [adaptive]  snr=+8.0dB [adaptive]  snr=+10.0dB [adaptive]  snr=+12.0dB [adaptive]  snr=+14.0dB [adaptive]  snr=+16.0dB [adaptive]  snr=+18.0dB [adaptive]  snr=+20.0dB [adaptive]Done (5.20s)
Estimator batch 446/2000 (active points 10/11) [47m 06s elapsed] ...   snr=+2.0dB [adaptive]  snr=+4.0dB [adaptive]  snr=+6.0dB [adaptive]  snr=+8.0dB [adaptive]  snr=+10.0dB [adaptive]  snr=+12.0dB [adaptive]  snr=+14.0dB [adaptive]  snr=+16.0dB [adaptive]  snr=+18.0dB [adaptive]  snr=+20.0dB [adaptive]Done (5.22s)
Estimator batch 447/2000 (active points 10/11) [47m 11s elapsed] ...   snr=+2.0dB [adaptive]  snr=+4.0dB [adaptive]  snr=+6.0dB [adaptive]  snr=+8.0dB [adaptive]  snr=+10.0dB [adaptive]  snr=+12.0dB [adaptive]  snr=+14.0dB [adaptive]  snr=+16.0dB [adaptive]  snr=+18.0dB [adaptive]  snr=+20.0dB [adaptive]Done (5.23s)
Estimator batch 448/2000 (active points 10/11) [47m 17s elapsed] ...   snr=+2.0dB [adaptive]  snr=+4.0dB [adaptive]  snr=+6.0dB [adaptive]  snr=+8.0dB [adaptive]  snr=+10.0dB [adaptive]  snr=+12.0dB [adaptive]  snr=+14.0dB [adaptive]  snr=+16.0dB [adaptive]  snr=+18.0dB [adaptive]  snr=+20.0dB [adaptive]Done (5.20s)
Estimator batch 449/2000 (active points 10/11) [47m 22s elapsed] ...   snr=+2.0dB [adaptive]  snr=+4.0dB [adaptive]  snr=+6.0dB [adaptive]  snr=+8.0dB [adaptive]  snr=+10.0dB [adaptive]  snr=+12.0dB [adaptive]  snr=+14.0dB [adaptive]  snr=+16.0dB [adaptive]  snr=+18.0dB [adaptive]  snr=+20.0dB [adaptive]Done (5.28s)
Estimator batch 450/2000 (active points 10/11) [47m 27s elapsed] ...   snr=+2.0dB [adaptive]  snr=+4.0dB [adaptive]  snr=+6.0dB [adaptive]  snr=+8.0dB [adaptive]  snr=+10.0dB [adaptive]  snr=+12.0dB [adaptive]  snr=+14.0dB [adaptive]  snr=+16.0dB [adaptive]  snr=+18.0dB [adaptive]  snr=+20.0dB [adaptive]Done (5.20s)
Estimator batch 451/2000 (active points 10/11) [47m 32s elapsed] ...   snr=+2.0dB [adaptive]  snr=+4.0dB [adaptive]  snr=+6.0dB [adaptive]  snr=+8.0dB [adaptive]  snr=+10.0dB [adaptive]  snr=+12.0dB [adaptive]  snr=+14.0dB [adaptive]  snr=+16.0dB [adaptive]  snr=+18.0dB [adaptive]  snr=+20.0dB [adaptive]Done (5.29s)
Estimator batch 452/2000 (active points 10/11) [47m 38s elapsed] ...   snr=+2.0dB [adaptive]  snr=+4.0dB [adaptive]  snr=+6.0dB [adaptive]  snr=+8.0dB [adaptive]  snr=+10.0dB [adaptive]  snr=+12.0dB [adaptive]  snr=+14.0dB [adaptive]  snr=+16.0dB [adaptive]  snr=+18.0dB [adaptive]  snr=+20.0dB [adaptive]Done (5.25s)
Estimator batch 453/2000 (active points 10/11) [47m 43s elapsed] ...   snr=+2.0dB [adaptive]  snr=+4.0dB [adaptive]  snr=+6.0dB [adaptive]  snr=+8.0dB [adaptive]  snr=+10.0dB [adaptive]  snr=+12.0dB [adaptive]  snr=+14.0dB [adaptive]  snr=+16.0dB [adaptive]  snr=+18.0dB [adaptive]  snr=+20.0dB [adaptive]Done (5.26s)
Estimator batch 454/2000 (active points 10/11) [47m 48s elapsed] ...   snr=+2.0dB [adaptive]  snr=+4.0dB [adaptive]  snr=+6.0dB [adaptive]  snr=+8.0dB [adaptive]  snr=+10.0dB [adaptive]  snr=+12.0dB [adaptive]  snr=+14.0dB [adaptive]  snr=+16.0dB [adaptive]  snr=+18.0dB [adaptive]  snr=+20.0dB [adaptive]Done (5.23s)
Estimator batch 455/2000 (active points 10/11) [47m 53s elapsed] ...   snr=+2.0dB [adaptive]  snr=+4.0dB [adaptive]  snr=+6.0dB [adaptive]  snr=+8.0dB [adaptive]  snr=+10.0dB [adaptive]  snr=+12.0dB [adaptive]  snr=+14.0dB [adaptive]  snr=+16.0dB [adaptive]  snr=+18.0dB [adaptive]  snr=+20.0dB [adaptive]Done (5.26s)
Estimator batch 456/2000 (active points 10/11) [47m 59s elapsed] ...   snr=+2.0dB [adaptive]  snr=+4.0dB [adaptive]  snr=+6.0dB [adaptive]  snr=+8.0dB [adaptive]  snr=+10.0dB [adaptive]  snr=+12.0dB [adaptive]  snr=+14.0dB [adaptive]  snr=+16.0dB [adaptive]  snr=+18.0dB [adaptive]  snr=+20.0dB [adaptive]Done (5.22s)
Estimator batch 457/2000 (active points 10/11) [48m 04s elapsed] ...   snr=+2.0dB [adaptive]  snr=+4.0dB [adaptive]  snr=+6.0dB [adaptive]  snr=+8.0dB [adaptive]  snr=+10.0dB [adaptive]  snr=+12.0dB [adaptive]  snr=+14.0dB [adaptive]  snr=+16.0dB [adaptive]  snr=+18.0dB [adaptive]  snr=+20.0dB [adaptive]Done (5.20s)
Estimator batch 458/2000 (active points 10/11) [48m 09s elapsed] ...   snr=+2.0dB [adaptive]  snr=+4.0dB [adaptive]  snr=+6.0dB [adaptive]  snr=+8.0dB [adaptive]  snr=+10.0dB [adaptive]  snr=+12.0dB [adaptive]  snr=+14.0dB [adaptive]  snr=+16.0dB [adaptive]  snr=+18.0dB [adaptive]  snr=+20.0dB [adaptive]Done (5.43s)
Estimator batch 459/2000 (active points 10/11) [48m 14s elapsed] ...   snr=+2.0dB [adaptive]  snr=+4.0dB [adaptive]  snr=+6.0dB [adaptive]  snr=+8.0dB [adaptive]  snr=+10.0dB [adaptive]  snr=+12.0dB [adaptive]  snr=+14.0dB [adaptive]  snr=+16.0dB [adaptive]  snr=+18.0dB [adaptive]  snr=+20.0dB [adaptive]Done (5.63s)
Estimator batch 460/2000 (active points 10/11) [48m 20s elapsed] ...   snr=+2.0dB [adaptive]  snr=+4.0dB [adaptive]  snr=+6.0dB [adaptive]  snr=+8.0dB [adaptive]  snr=+10.0dB [adaptive]  snr=+12.0dB [adaptive]  snr=+14.0dB [adaptive]  snr=+16.0dB [adaptive]  snr=+18.0dB [adaptive]  snr=+20.0dB [adaptive]Done (6.04s)
Estimator batch 461/2000 (active points 10/11) [48m 26s elapsed] ...   snr=+2.0dB [adaptive]  snr=+4.0dB [adaptive]  snr=+6.0dB [adaptive]  snr=+8.0dB [adaptive]  snr=+10.0dB [adaptive]  snr=+12.0dB [adaptive]  snr=+14.0dB [adaptive]  snr=+16.0dB [adaptive]  snr=+18.0dB [adaptive]  snr=+20.0dB [adaptive]Done (5.59s)
Estimator batch 462/2000 (active points 10/11) [48m 32s elapsed] ...   snr=+2.0dB [adaptive]  snr=+4.0dB [adaptive]  snr=+6.0dB [adaptive]  snr=+8.0dB [adaptive]  snr=+10.0dB [adaptive]  snr=+12.0dB [adaptive]  snr=+14.0dB [adaptive]  snr=+16.0dB [adaptive]  snr=+18.0dB [adaptive]  snr=+20.0dB [adaptive]Done (5.61s)
Estimator batch 463/2000 (active points 10/11) [48m 37s elapsed] ...   snr=+2.0dB [adaptive]  snr=+4.0dB [adaptive]  snr=+6.0dB [adaptive]  snr=+8.0dB [adaptive]  snr=+10.0dB [adaptive]  snr=+12.0dB [adaptive]  snr=+14.0dB [adaptive]  snr=+16.0dB [adaptive]  snr=+18.0dB [adaptive]  snr=+20.0dB [adaptive]Done (5.65s)
Estimator batch 464/2000 (active points 10/11) [48m 43s elapsed] ...   snr=+2.0dB [adaptive]  snr=+4.0dB [adaptive]  snr=+6.0dB [adaptive]  snr=+8.0dB [adaptive]  snr=+10.0dB [adaptive]  snr=+12.0dB [adaptive]  snr=+14.0dB [adaptive]  snr=+16.0dB [adaptive]  snr=+18.0dB [adaptive]  snr=+20.0dB [adaptive]Done (6.02s)
Estimator batch 465/2000 (active points 10/11) [48m 49s elapsed] ...   snr=+2.0dB [adaptive]  snr=+4.0dB [adaptive]  snr=+6.0dB [adaptive]  snr=+8.0dB [adaptive]  snr=+10.0dB [adaptive]  snr=+12.0dB [adaptive]  snr=+14.0dB [adaptive]  snr=+16.0dB [adaptive]  snr=+18.0dB [adaptive]  snr=+20.0dB [adaptive]Done (5.69s)
Estimator batch 466/2000 (active points 10/11) [48m 55s elapsed] ...   snr=+2.0dB [adaptive]  snr=+4.0dB [adaptive]  snr=+6.0dB [adaptive]  snr=+8.0dB [adaptive]  snr=+10.0dB [adaptive]  snr=+12.0dB [adaptive]  snr=+14.0dB [adaptive]  snr=+16.0dB [adaptive]  snr=+18.0dB [adaptive]  snr=+20.0dB [adaptive]Done (5.60s)
Estimator batch 467/2000 (active points 10/11) [49m 00s elapsed] ...   snr=+2.0dB [adaptive]  snr=+4.0dB [adaptive]  snr=+6.0dB [adaptive]  snr=+8.0dB [adaptive]  snr=+10.0dB [adaptive]  snr=+12.0dB [adaptive]  snr=+14.0dB [adaptive]  snr=+16.0dB [adaptive]  snr=+18.0dB [adaptive]  snr=+20.0dB [adaptive]Done (5.89s)
Estimator batch 468/2000 (active points 10/11) [49m 06s elapsed] ...   snr=+2.0dB [adaptive]  snr=+4.0dB [adaptive]  snr=+6.0dB [adaptive]  snr=+8.0dB [adaptive]  snr=+10.0dB [adaptive]  snr=+12.0dB [adaptive]  snr=+14.0dB [adaptive]  snr=+16.0dB [adaptive]  snr=+18.0dB [adaptive]  snr=+20.0dB [adaptive]Done (5.86s)
Estimator batch 469/2000 (active points 10/11) [49m 12s elapsed] ...   snr=+2.0dB [adaptive]  snr=+4.0dB [adaptive]  snr=+6.0dB [adaptive]  snr=+8.0dB [adaptive]  snr=+10.0dB [adaptive]  snr=+12.0dB [adaptive]  snr=+14.0dB [adaptive]  snr=+16.0dB [adaptive]  snr=+18.0dB [adaptive]  snr=+20.0dB [adaptive]Done (5.75s)
Estimator batch 470/2000 (active points 10/11) [49m 18s elapsed] ...   snr=+2.0dB [adaptive]  snr=+4.0dB [adaptive]  snr=+6.0dB [adaptive]  snr=+8.0dB [adaptive]  snr=+10.0dB [adaptive]  snr=+12.0dB [adaptive]  snr=+14.0dB [adaptive]  snr=+16.0dB [adaptive]  snr=+18.0dB [adaptive]  snr=+20.0dB [adaptive]Done (5.50s)
Estimator batch 471/2000 (active points 10/11) [49m 23s elapsed] ...   snr=+2.0dB [adaptive]  snr=+4.0dB [adaptive]  snr=+6.0dB [adaptive]  snr=+8.0dB [adaptive]  snr=+10.0dB [adaptive]  snr=+12.0dB [adaptive]  snr=+14.0dB [adaptive]  snr=+16.0dB [adaptive]  snr=+18.0dB [adaptive]  snr=+20.0dB [adaptive]Done (5.35s)
Estimator batch 472/2000 (active points 10/11) [49m 29s elapsed] ...   snr=+2.0dB [adaptive]  snr=+4.0dB [adaptive]  snr=+6.0dB [adaptive]  snr=+8.0dB [adaptive]  snr=+10.0dB [adaptive]  snr=+12.0dB [adaptive]  snr=+14.0dB [adaptive]  snr=+16.0dB [adaptive]  snr=+18.0dB [adaptive]  snr=+20.0dB [adaptive]Done (5.33s)
Estimator batch 473/2000 (active points 10/11) [49m 34s elapsed] ...   snr=+2.0dB [adaptive]  snr=+4.0dB [adaptive]  snr=+6.0dB [adaptive]  snr=+8.0dB [adaptive]  snr=+10.0dB [adaptive]  snr=+12.0dB [adaptive]  snr=+14.0dB [adaptive]  snr=+16.0dB [adaptive]  snr=+18.0dB [adaptive]  snr=+20.0dB [adaptive]Done (5.34s)
Estimator batch 474/2000 (active points 10/11) [49m 39s elapsed] ...   snr=+2.0dB [adaptive]  snr=+4.0dB [adaptive]  snr=+6.0dB [adaptive]  snr=+8.0dB [adaptive]  snr=+10.0dB [adaptive]  snr=+12.0dB [adaptive]  snr=+14.0dB [adaptive]  snr=+16.0dB [adaptive]  snr=+18.0dB [adaptive]  snr=+20.0dB [adaptive]Done (5.34s)
Estimator batch 475/2000 (active points 10/11) [49m 45s elapsed] ...   snr=+2.0dB [adaptive]  snr=+4.0dB [adaptive]  snr=+6.0dB [adaptive]  snr=+8.0dB [adaptive]  snr=+10.0dB [adaptive]  snr=+12.0dB [adaptive]  snr=+14.0dB [adaptive]  snr=+16.0dB [adaptive]  snr=+18.0dB [adaptive]  snr=+20.0dB [adaptive]Done (5.57s)
Estimator batch 476/2000 (active points 10/11) [49m 50s elapsed] ...   snr=+2.0dB [adaptive]  snr=+4.0dB [adaptive]  snr=+6.0dB [adaptive]  snr=+8.0dB [adaptive]  snr=+10.0dB [adaptive]  snr=+12.0dB [adaptive]  snr=+14.0dB [adaptive]  snr=+16.0dB [adaptive]  snr=+18.0dB [adaptive]  snr=+20.0dB [adaptive]Done (5.56s)
Estimator batch 477/2000 (active points 10/11) [49m 56s elapsed] ...   snr=+2.0dB [adaptive]  snr=+4.0dB [adaptive]  snr=+6.0dB [adaptive]  snr=+8.0dB [adaptive]  snr=+10.0dB [adaptive]  snr=+12.0dB [adaptive]  snr=+14.0dB [adaptive]  snr=+16.0dB [adaptive]  snr=+18.0dB [adaptive]  snr=+20.0dB [adaptive]Done (5.66s)
Estimator batch 478/2000 (active points 10/11) [50m 01s elapsed] ...   snr=+2.0dB [adaptive]  snr=+4.0dB [adaptive]  snr=+6.0dB [adaptive]  snr=+8.0dB [adaptive]  snr=+10.0dB [adaptive]  snr=+12.0dB [adaptive]  snr=+14.0dB [adaptive]  snr=+16.0dB [adaptive]  snr=+18.0dB [adaptive]  snr=+20.0dB [adaptive]Done (5.54s)
Estimator batch 479/2000 (active points 10/11) [50m 07s elapsed] ...   snr=+2.0dB [adaptive]  snr=+4.0dB [adaptive]  snr=+6.0dB [adaptive]  snr=+8.0dB [adaptive]  snr=+10.0dB [adaptive]  snr=+12.0dB [adaptive]  snr=+14.0dB [adaptive]  snr=+16.0dB [adaptive]  snr=+18.0dB [adaptive]  snr=+20.0dB [adaptive]Done (5.61s)
Estimator batch 480/2000 (active points 10/11) [50m 13s elapsed] ...   snr=+2.0dB [adaptive]  snr=+4.0dB [adaptive]  snr=+6.0dB [adaptive]  snr=+8.0dB [adaptive]  snr=+10.0dB [adaptive]  snr=+12.0dB [adaptive]  snr=+14.0dB [adaptive]  snr=+16.0dB [adaptive]  snr=+18.0dB [adaptive]  snr=+20.0dB [adaptive]Done (5.40s)
Estimator batch 481/2000 (active points 10/11) [50m 18s elapsed] ...   snr=+2.0dB [adaptive]  snr=+4.0dB [adaptive]  snr=+6.0dB [adaptive]  snr=+8.0dB [adaptive]  snr=+10.0dB [adaptive]  snr=+12.0dB [adaptive]  snr=+14.0dB [adaptive]  snr=+16.0dB [adaptive]  snr=+18.0dB [adaptive]  snr=+20.0dB [adaptive]Done (5.56s)
Estimator batch 482/2000 (active points 10/11) [50m 24s elapsed] ...   snr=+2.0dB [adaptive]  snr=+4.0dB [adaptive]  snr=+6.0dB [adaptive]  snr=+8.0dB [adaptive]  snr=+10.0dB [adaptive]  snr=+12.0dB [adaptive]  snr=+14.0dB [adaptive]  snr=+16.0dB [adaptive]  snr=+18.0dB [adaptive]  snr=+20.0dB [adaptive]Done (5.38s)
Estimator batch 483/2000 (active points 10/11) [50m 29s elapsed] ...   snr=+2.0dB [adaptive]  snr=+4.0dB [adaptive]  snr=+6.0dB [adaptive]  snr=+8.0dB [adaptive]  snr=+10.0dB [adaptive]  snr=+12.0dB [adaptive]  snr=+14.0dB [adaptive]  snr=+16.0dB [adaptive]  snr=+18.0dB [adaptive]  snr=+20.0dB [adaptive]Done (5.72s)
Estimator batch 484/2000 (active points 10/11) [50m 35s elapsed] ...   snr=+2.0dB [adaptive]  snr=+4.0dB [adaptive]  snr=+6.0dB [adaptive]  snr=+8.0dB [adaptive]  snr=+10.0dB [adaptive]  snr=+12.0dB [adaptive]  snr=+14.0dB [adaptive]  snr=+16.0dB [adaptive]  snr=+18.0dB [adaptive]  snr=+20.0dB [adaptive]Done (5.64s)
Estimator batch 485/2000 (active points 10/11) [50m 40s elapsed] ...   snr=+2.0dB [adaptive]  snr=+4.0dB [adaptive]  snr=+6.0dB [adaptive]  snr=+8.0dB [adaptive]  snr=+10.0dB [adaptive]  snr=+12.0dB [adaptive]  snr=+14.0dB [adaptive]  snr=+16.0dB [adaptive]  snr=+18.0dB [adaptive]  snr=+20.0dB [adaptive]Done (5.47s)
Estimator batch 486/2000 (active points 10/11) [50m 46s elapsed] ...   snr=+2.0dB [adaptive]  snr=+4.0dB [adaptive]  snr=+6.0dB [adaptive]  snr=+8.0dB [adaptive]  snr=+10.0dB [adaptive]  snr=+12.0dB [adaptive]  snr=+14.0dB [adaptive]  snr=+16.0dB [adaptive]  snr=+18.0dB [adaptive]  snr=+20.0dB [adaptive]Done (5.34s)
Estimator batch 487/2000 (active points 10/11) [50m 51s elapsed] ...   snr=+2.0dB [adaptive]  snr=+4.0dB [adaptive]  snr=+6.0dB [adaptive]  snr=+8.0dB [adaptive]  snr=+10.0dB [adaptive]  snr=+12.0dB [adaptive]  snr=+14.0dB [adaptive]  snr=+16.0dB [adaptive]  snr=+18.0dB [adaptive]  snr=+20.0dB [adaptive]Done (5.49s)
Estimator batch 488/2000 (active points 10/11) [50m 57s elapsed] ...   snr=+2.0dB [adaptive]  snr=+4.0dB [adaptive]  snr=+6.0dB [adaptive]  snr=+8.0dB [adaptive]  snr=+10.0dB [adaptive]  snr=+12.0dB [adaptive]  snr=+14.0dB [adaptive]  snr=+16.0dB [adaptive]  snr=+18.0dB [adaptive]  snr=+20.0dB [adaptive]Done (5.54s)
Estimator batch 489/2000 (active points 10/11) [51m 02s elapsed] ...   snr=+2.0dB [adaptive]  snr=+4.0dB [adaptive]  snr=+6.0dB [adaptive]  snr=+8.0dB [adaptive]  snr=+10.0dB [adaptive]  snr=+12.0dB [adaptive]  snr=+14.0dB [adaptive]  snr=+16.0dB [adaptive]  snr=+18.0dB [adaptive]  snr=+20.0dB [adaptive]Done (5.32s)
Estimator batch 490/2000 (active points 10/11) [51m 07s elapsed] ...   snr=+2.0dB [adaptive]  snr=+4.0dB [adaptive]  snr=+6.0dB [adaptive]  snr=+8.0dB [adaptive]  snr=+10.0dB [adaptive]  snr=+12.0dB [adaptive]  snr=+14.0dB [adaptive]  snr=+16.0dB [adaptive]  snr=+18.0dB [adaptive]  snr=+20.0dB [adaptive]Done (5.50s)
Estimator batch 491/2000 (active points 10/11) [51m 13s elapsed] ...   snr=+2.0dB [adaptive]  snr=+4.0dB [adaptive]  snr=+6.0dB [adaptive]  snr=+8.0dB [adaptive]  snr=+10.0dB [adaptive]  snr=+12.0dB [adaptive]  snr=+14.0dB [adaptive]  snr=+16.0dB [adaptive]  snr=+18.0dB [adaptive]  snr=+20.0dB [adaptive]Done (5.32s)
Estimator batch 492/2000 (active points 10/11) [51m 18s elapsed] ...   snr=+2.0dB [adaptive]  snr=+4.0dB [adaptive]  snr=+6.0dB [adaptive]  snr=+8.0dB [adaptive]  snr=+10.0dB [adaptive]  snr=+12.0dB [adaptive]  snr=+14.0dB [adaptive]  snr=+16.0dB [adaptive]  snr=+18.0dB [adaptive]  snr=+20.0dB [adaptive]Done (5.58s)
Estimator batch 493/2000 (active points 10/11) [51m 24s elapsed] ...   snr=+2.0dB [adaptive]  snr=+4.0dB [adaptive]  snr=+6.0dB [adaptive]  snr=+8.0dB [adaptive]  snr=+10.0dB [adaptive]  snr=+12.0dB [adaptive]  snr=+14.0dB [adaptive]  snr=+16.0dB [adaptive]  snr=+18.0dB [adaptive]  snr=+20.0dB [adaptive]Done (5.33s)
Estimator batch 494/2000 (active points 10/11) [51m 29s elapsed] ...   snr=+2.0dB [adaptive]  snr=+4.0dB [adaptive]  snr=+6.0dB [adaptive]  snr=+8.0dB [adaptive]  snr=+10.0dB [adaptive]  snr=+12.0dB [adaptive]  snr=+14.0dB [adaptive]  snr=+16.0dB [adaptive]  snr=+18.0dB [adaptive]  snr=+20.0dB [adaptive]Done (5.46s)
Estimator batch 495/2000 (active points 10/11) [51m 35s elapsed] ...   snr=+2.0dB [adaptive]  snr=+4.0dB [adaptive]  snr=+6.0dB [adaptive]  snr=+8.0dB [adaptive]  snr=+10.0dB [adaptive]  snr=+12.0dB [adaptive]  snr=+14.0dB [adaptive]  snr=+16.0dB [adaptive]  snr=+18.0dB [adaptive]  snr=+20.0dB [adaptive]Done (5.86s)
Estimator batch 496/2000 (active points 10/11) [51m 40s elapsed] ...   snr=+2.0dB [adaptive]  snr=+4.0dB [adaptive]  snr=+6.0dB [adaptive]  snr=+8.0dB [adaptive]  snr=+10.0dB [adaptive]  snr=+12.0dB [adaptive]  snr=+14.0dB [adaptive]  snr=+16.0dB [adaptive]  snr=+18.0dB [adaptive]  snr=+20.0dB [adaptive]Done (5.62s)
Estimator batch 497/2000 (active points 10/11) [51m 46s elapsed] ...   snr=+2.0dB [adaptive]  snr=+4.0dB [adaptive]  snr=+6.0dB [adaptive]  snr=+8.0dB [adaptive]  snr=+10.0dB [adaptive]  snr=+12.0dB [adaptive]  snr=+14.0dB [adaptive]  snr=+16.0dB [adaptive]  snr=+18.0dB [adaptive]  snr=+20.0dB [adaptive]Done (5.68s)
Estimator batch 498/2000 (active points 10/11) [51m 52s elapsed] ...   snr=+2.0dB [adaptive]  snr=+4.0dB [adaptive]  snr=+6.0dB [adaptive]  snr=+8.0dB [adaptive]  snr=+10.0dB [adaptive]  snr=+12.0dB [adaptive]  snr=+14.0dB [adaptive]  snr=+16.0dB [adaptive]  snr=+18.0dB [adaptive]  snr=+20.0dB [adaptive]Done (5.52s)
Estimator batch 499/2000 (active points 10/11) [51m 57s elapsed] ...   snr=+2.0dB [adaptive]  snr=+4.0dB [adaptive]  snr=+6.0dB [adaptive]  snr=+8.0dB [adaptive]  snr=+10.0dB [adaptive]