stage,method,metric,ebno_db,value
estimators,ls,ber,-5.0,0.28765614827473956
estimators,ls,ber,-4.5,0.2713877360026042
estimators,ls,ber,-4.0,0.25259653727213544
estimators,ls,ber,-3.5,0.2364323933919271
estimators,ls,ber,-3.0,0.1997502644856771
estimators,ls,ber,-2.5,0.1648279825846354
estimators,ls,ber,-2.0,0.1353607177734375
estimators,ls,ber,-1.5,0.09235466851128472
estimators,ls,ber,-1.0,0.06508127848307292
estimators,ls,ber,-0.5,0.04040989731297349
estimators,ls,ber,0.0,0.024755407262731483
estimators,ls,ber,0.5,0.01338507539482527
estimators,ls,ber,1.0,0.010541575823643411
estimators,ls,ber,1.5,0.005517160790598291
estimators,ls,ber,2.0,0.00449696153697401
estimators,ls,ber,2.5,0.0030031204223632812
estimators,ls,ber,3.0,0.0026528040568033853
estimators,ls,ber,3.5,0.0014314651489257812
estimators,ls,ber,4.0,0.0011376539866129558
estimators,ls,ber,4.5,0.0008408228556315104
estimators,ls,ber,5.0,0.0
estimators,ls,ber,5.5,0.0
estimators,ls,ber,6.0,3.814697265625e-06
estimators,ls,ber,6.5,0.00047651926676432293
estimators,ls,ber,7.0,0.0
estimators,ls,ber,7.5,0.0004581610361735026
estimators,ls,ber,8.0,0.0
estimators,ls,ber,8.5,0.0003528594970703125
estimators,ls,ber,9.0,0.0
estimators,ls,ber,9.5,0.00010395050048828125
estimators,ls,ber,10.0,0.0
estimators,ls,ber_upper_confidence,-5.0,0.28884499598454133
estimators,ls,ber_upper_confidence,-4.5,0.2725557261691544
estimators,ls,ber_upper_confidence,-4.0,0.2537379693383695
estimators,ls,ber_upper_confidence,-3.5,0.23754872717308548
estimators,ls,ber_upper_confidence,-3.0,0.20080106946990883
estimators,ls,ber_upper_confidence,-2.5,0.1658035172646729
estimators,ls,ber_upper_confidence,-2.0,0.13626060520681055
estimators,ls,ber_upper_confidence,-1.5,0.0929766281057875
estimators,ls,ber_upper_confidence,-1.0,0.06554029801214231
estimators,ls,ber_upper_confidence,-0.5,0.040722530313784346
estimators,ls,ber_upper_confidence,0.0,0.02494826604587347
estimators,ls,ber_upper_confidence,0.5,0.013493787438382686
estimators,ls,ber_upper_confidence,1.0,0.010623596622407756
estimators,ls,ber_upper_confidence,1.5,0.00556133541912434
estimators,ls,ber_upper_confidence,2.0,0.004532023862357494
estimators,ls,ber_upper_confidence,2.5,0.0030286003983623997
estimators,ls,ber_upper_confidence,3.0,0.0026767625538317973
estimators,ls,ber_upper_confidence,3.5,0.001449104051656605
estimators,ls,ber_upper_confidence,4.0,0.0011533928988294593
estimators,ls,ber_upper_confidence,4.5,0.0008543708272751419
estimators,ls,ber_upper_confidence,5.0,7.618541141647314e-06
estimators,ls,ber_upper_confidence,5.5,7.618541141647314e-06
estimators,ls,ber_upper_confidence,6.0,9.545094187417805e-06
estimators,ls,ber_upper_confidence,6.5,0.00048674707628770846
estimators,ls,ber_upper_confidence,7.0,7.618541141647314e-06
estimators,ls,ber_upper_confidence,7.5,0.00046819210078468825
estimators,ls,ber_upper_confidence,8.0,7.618541141647314e-06
estimators,ls,ber_upper_confidence,8.5,0.0003616764442299442
estimators,ls,ber_upper_confidence,9.0,7.618541141647314e-06
estimators,ls,ber_upper_confidence,9.5,0.00010878666293674962
estimators,ls,ber_upper_confidence,10.0,7.618541141647314e-06
estimators,ls,latency_ms,-5.0,553.9414833375796
estimators,ls,latency_ms,-4.5,539.7719583317249
estimators,ls,latency_ms,-4.0,545.3094833402739
estimators,ls,latency_ms,-3.5,568.1611583178475
estimators,ls,latency_ms,-3.0,552.9709083322397
estimators,ls,latency_ms,-2.5,577.7498833387236
estimators,ls,latency_ms,-2.0,574.7053833375995
estimators,ls,latency_ms,-1.5,560.2612000025033
estimators,ls,latency_ms,-1.0,565.6724083393366
estimators,ls,latency_ms,-0.5,556.3636106057191
estimators,ls,latency_ms,0.0,530.1233999972775
estimators,ls,latency_ms,0.5,528.4081381743695
estimators,ls,latency_ms,1.0,526.4460368204606
estimators,ls,latency_ms,1.5,528.4157602569302
estimators,ls,latency_ms,2.0,529.1366130347783
estimators,ls,latency_ms,2.5,536.1063802094166
estimators,ls,latency_ms,3.0,538.322761459908
estimators,ls,latency_ms,3.5,537.1607364594681
estimators,ls,latency_ms,4.0,541.3117200511394
estimators,ls,latency_ms,4.5,560.5482755217098
estimators,ls,latency_ms,5.0,554.9798083276565
estimators,ls,latency_ms,5.5,558.4096833310051
estimators,ls,latency_ms,6.0,555.5643958333841
estimators,ls,latency_ms,6.5,556.8717138022793
estimators,ls,latency_ms,7.0,560.1600583223936
estimators,ls,latency_ms,7.5,559.7931958335765
estimators,ls,latency_ms,8.0,557.243133346814
estimators,ls,latency_ms,8.5,551.1590161464982
estimators,ls,latency_ms,9.0,551.6505333336264
estimators,ls,latency_ms,9.5,553.0412200513682
estimators,ls,latency_ms,10.0,556.5771833400087
estimators,ls,throughput_bits_per_batch,-5.0,70026.25
estimators,ls,throughput_bits_per_batch,-4.5,71625.5
estimators,ls,throughput_bits_per_batch,-4.0,73472.75
estimators,ls,throughput_bits_per_batch,-3.5,75061.75
estimators,ls,throughput_bits_per_batch,-3.0,78667.75
estimators,ls,throughput_bits_per_batch,-2.5,82100.75
estimators,ls,throughput_bits_per_batch,-2.0,84997.5
estimators,ls,throughput_bits_per_batch,-1.5,89225.16666666667
estimators,ls,throughput_bits_per_batch,-1.0,91906.25
estimators,ls,throughput_bits_per_batch,-0.5,94331.54545454546
estimators,ls,throughput_bits_per_batch,0.0,95870.44444444444
estimators,ls,throughput_bits_per_batch,0.5,96988.19354838709
estimators,ls,throughput_bits_per_batch,1.0,97267.72093023256
estimators,ls,throughput_bits_per_batch,1.5,97761.64102564103
estimators,ls,throughput_bits_per_batch,2.0,97861.93069306931
estimators,ls,throughput_bits_per_batch,2.5,98008.78125
estimators,ls,throughput_bits_per_batch,3.0,98043.21875
estimators,ls,throughput_bits_per_batch,3.5,98163.28125
estimators,ls,throughput_bits_per_batch,4.0,98192.1640625
estimators,ls,throughput_bits_per_batch,4.5,98221.34375
estimators,ls,throughput_bits_per_batch,5.0,98304.0
estimators,ls,throughput_bits_per_batch,5.5,98304.0
estimators,ls,throughput_bits_per_batch,6.0,98303.625
estimators,ls,throughput_bits_per_batch,6.5,98257.15625
estimators,ls,throughput_bits_per_batch,7.0,98304.0
estimators,ls,throughput_bits_per_batch,7.5,98258.9609375
estimators,ls,throughput_bits_per_batch,8.0,98304.0
estimators,ls,throughput_bits_per_batch,8.5,98269.3125
estimators,ls,throughput_bits_per_batch,9.0,98304.0
estimators,ls,throughput_bits_per_batch,9.5,98293.78125
estimators,ls,throughput_bits_per_batch,10.0,98304.0
estimators,ls,energy_joules_per_batch,-5.0,0.00018645100000000002
estimators,ls,energy_joules_per_batch,-4.5,0.00018645100000000005
estimators,ls,energy_joules_per_batch,-4.0,0.00018645100000000002
estimators,ls,energy_joules_per_batch,-3.5,0.00018645100000000002
estimators,ls,energy_joules_per_batch,-3.0,0.00018645100000000002
estimators,ls,energy_joules_per_batch,-2.5,0.00018645100000000002
estimators,ls,energy_joules_per_batch,-2.0,0.00018645100000000002
estimators,ls,energy_joules_per_batch,-1.5,0.00018645100000000002
estimators,ls,energy_joules_per_batch,-1.0,0.00018645100000000002
estimators,ls,energy_joules_per_batch,-0.5,0.00018645100000000005
estimators,ls,energy_joules_per_batch,0.0,0.00018645100000000008
estimators,ls,energy_joules_per_batch,0.5,0.000186451
estimators,ls,energy_joules_per_batch,1.0,0.000186451
estimators,ls,energy_joules_per_batch,1.5,0.00018645100000000027
estimators,ls,energy_joules_per_batch,2.0,0.00018645100000000037
estimators,ls,energy_joules_per_batch,2.5,0.00018645100000000043
estimators,ls,energy_joules_per_batch,3.0,0.00018645100000000043
estimators,ls,energy_joules_per_batch,3.5,0.00018645100000000043
estimators,ls,energy_joules_per_batch,4.0,0.00018645100000000043
estimators,ls,energy_joules_per_batch,4.5,0.00018645100000000043
estimators,ls,energy_joules_per_batch,5.0,0.00018645100000000005
estimators,ls,energy_joules_per_batch,5.5,0.00018645100000000002
estimators,ls,energy_joules_per_batch,6.0,0.00018645100000000002
estimators,ls,energy_joules_per_batch,6.5,0.00018645100000000043
estimators,ls,energy_joules_per_batch,7.0,0.00018645100000000002
estimators,ls,energy_joules_per_batch,7.5,0.00018645100000000043
estimators,ls,energy_joules_per_batch,8.0,0.00018645100000000005
estimators,ls,energy_joules_per_batch,8.5,0.00018645100000000043
estimators,ls,energy_joules_per_batch,9.0,0.00018645100000000002
estimators,ls,energy_joules_per_batch,9.5,0.00018645100000000043
estimators,ls,energy_joules_per_batch,10.0,0.00018645100000000002
estimators,ls,avg_power_w,-5.0,0.00033658970416262213
estimators,ls,avg_power_w,-4.5,0.00034542550260718396
estimators,ls,avg_power_w,-4.0,0.0003419177654089216
estimators,ls,avg_power_w,-3.5,0.00032816569255107963
estimators,ls,avg_power_w,-3.0,0.00033718048669564957
estimators,ls,avg_power_w,-2.5,0.00032271923435540944
estimators,ls,avg_power_w,-2.0,0.00032442883850710856
estimators,ls,avg_power_w,-1.5,0.00033279299012526107
estimators,ls,avg_power_w,-1.0,0.00032960950057184235
estimators,ls,avg_power_w,-0.5,0.0003351243619204513
estimators,ls,avg_power_w,0.0,0.0003517124503482729
estimators,ls,avg_power_w,0.5,0.00035285414158112946
estimators,ls,avg_power_w,1.0,0.00035416925374933984
estimators,ls,avg_power_w,1.5,0.0003528490518703354
estimators,ls,avg_power_w,2.0,0.00035236835895864497
estimators,ls,avg_power_w,2.5,0.0003477873177468397
estimators,ls,avg_power_w,3.0,0.00034635540859233484
estimators,ls,avg_power_w,3.5,0.00034710466969148856
estimators,ls,avg_power_w,4.0,0.000344442939425708
estimators,ls,avg_power_w,4.5,0.0003326225557048908
estimators,ls,avg_power_w,5.0,0.0003359599704389976
estimators,ls,avg_power_w,5.5,0.0003338964304626476
estimators,ls,avg_power_w,6.0,0.00033560645966217997
estimators,ls,avg_power_w,6.5,0.00033481858636152776
estimators,ls,avg_power_w,7.0,0.00033285307874038084
estimators,ls,avg_power_w,7.5,0.000333071215205394
estimators,ls,avg_power_w,8.0,0.0003345954195616039
estimators,ls,avg_power_w,8.5,0.0003382889411908699
estimators,ls,avg_power_w,9.0,0.00033798752785259875
estimators,ls,avg_power_w,9.5,0.00033713761875232785
estimators,ls,avg_power_w,10.0,0.0003349957662315786
estimators,ls,runtime_sec,-5.0,3.631554399995366
estimators,ls,runtime_sec,-4.5,3.4356748999853153
estimators,ls,runtime_sec,-4.0,3.4532908000110183
estimators,ls,runtime_sec,-3.5,3.5601236000075005
estimators,ls,runtime_sec,-3.0,3.497379099979298
estimators,ls,runtime_sec,-2.5,3.635075300000608
estimators,ls,runtime_sec,-2.0,3.642353600007482
estimators,ls,runtime_sec,-1.5,5.3021190999716055
estimators,ls,runtime_sec,-1.0,7.147393799998099
estimators,ls,runtime_sec,-0.5,9.661226900003385
estimators,ls,runtime_sec,0.0,15.209089700016193
estimators,ls,runtime_sec,0.5,26.09527540000272
estimators,ls,runtime_sec,1.0,36.06472379999468
estimators,ls,runtime_sec,1.5,65.64060879999306
estimators,ls,runtime_sec,2.0,85.1661843000038
estimators,ls,runtime_sec,2.5,108.87586719999672
estimators,ls,runtime_sec,3.0,109.54384339999524
estimators,ls,runtime_sec,3.5,109.18011140002636
estimators,ls,runtime_sec,4.0,109.92852329998277
estimators,ls,runtime_sec,4.5,113.31501779999235
estimators,ls,runtime_sec,5.0,3.52477099999669
estimators,ls,runtime_sec,5.5,3.5219103999843355
estimators,ls,runtime_sec,6.0,7.024629699997604
estimators,ls,runtime_sec,6.5,112.64871100001619
estimators,ls,runtime_sec,7.0,3.5380390000063926
estimators,ls,runtime_sec,7.5,113.4226931000012
estimators,ls,runtime_sec,8.0,3.526214399986202
estimators,ls,runtime_sec,8.5,111.72180729999673
estimators,ls,runtime_sec,9.0,3.492027100000996
estimators,ls,runtime_sec,9.5,112.0776373000117
estimators,ls,runtime_sec,10.0,3.5236812999937683
estimators,ls,bit_errors,-5.0,113111.0
estimators,ls,bit_errors,-4.5,106714.0
estimators,ls,bit_errors,-4.0,99325.0
estimators,ls,bit_errors,-3.5,92969.0
estimators,ls,bit_errors,-3.0,78545.0
estimators,ls,bit_errors,-2.5,64813.0
estimators,ls,bit_errors,-2.0,53226.0
estimators,ls,bit_errors,-1.5,54473.0
estimators,ls,bit_errors,-1.0,51182.0
estimators,ls,bit_errors,-0.5,43697.0
estimators,ls,bit_errors,0.0,43804.0
estimators,ls,bit_errors,0.5,40790.0
estimators,ls,bit_errors,1.0,44560.0
estimators,ls,bit_errors,1.5,42304.0
estimators,ls,bit_errors,2.0,44649.0
estimators,ls,bit_errors,2.5,37788.0
estimators,ls,bit_errors,3.0,33380.0
estimators,ls,bit_errors,3.5,18012.0
estimators,ls,bit_errors,4.0,14315.0
estimators,ls,bit_errors,4.5,10580.0
estimators,ls,bit_errors,5.0,0.0
estimators,ls,bit_errors,5.5,0.0
estimators,ls,bit_errors,6.0,3.0
estimators,ls,bit_errors,6.5,5996.0
estimators,ls,bit_errors,7.0,0.0
estimators,ls,bit_errors,7.5,5765.0
estimators,ls,bit_errors,8.0,0.0
estimators,ls,bit_errors,8.5,4440.0
estimators,ls,bit_errors,9.0,0.0
estimators,ls,bit_errors,9.5,1308.0
estimators,ls,bit_errors,10.0,0.0
estimators,ls,total_bits,-5.0,393216.0
estimators,ls,total_bits,-4.5,393216.0
estimators,ls,total_bits,-4.0,393216.0
estimators,ls,total_bits,-3.5,393216.0
estimators,ls,total_bits,-3.0,393216.0
estimators,ls,total_bits,-2.5,393216.0
estimators,ls,total_bits,-2.0,393216.0
estimators,ls,total_bits,-1.5,589824.0
estimators,ls,total_bits,-1.0,786432.0
estimators,ls,total_bits,-0.5,1081344.0
estimators,ls,total_bits,0.0,1769472.0
estimators,ls,total_bits,0.5,3047424.0
estimators,ls,total_bits,1.0,4227072.0
estimators,ls,total_bits,1.5,7667712.0
estimators,ls,total_bits,2.0,9928704.0
estimators,ls,total_bits,2.5,12582912.0
estimators,ls,total_bits,3.0,12582912.0
estimators,ls,total_bits,3.5,12582912.0
estimators,ls,total_bits,4.0,12582912.0
estimators,ls,total_bits,4.5,12582912.0
estimators,ls,total_bits,5.0,393216.0
estimators,ls,total_bits,5.5,393216.0
estimators,ls,total_bits,6.0,786432.0
estimators,ls,total_bits,6.5,12582912.0
estimators,ls,total_bits,7.0,393216.0
estimators,ls,total_bits,7.5,12582912.0
estimators,ls,total_bits,8.0,393216.0
estimators,ls,total_bits,8.5,12582912.0
estimators,ls,total_bits,9.0,393216.0
estimators,ls,total_bits,9.5,12582912.0
estimators,ls,total_bits,10.0,393216.0
estimators,ls,block_errors,-5.0,256.0
estimators,ls,block_errors,-4.5,256.0
estimators,ls,block_errors,-4.0,256.0
estimators,ls,block_errors,-3.5,256.0
estimators,ls,block_errors,-3.0,253.0
estimators,ls,block_errors,-2.5,234.0
estimators,ls,block_errors,-2.0,205.0
estimators,ls,block_errors,-1.5,240.0
estimators,ls,block_errors,-1.0,216.0
estimators,ls,block_errors,-0.5,207.0
estimators,ls,block_errors,0.0,200.0
estimators,ls,block_errors,0.5,200.0
estimators,ls,block_errors,1.0,202.0
estimators,ls,block_errors,1.5,200.0
estimators,ls,block_errors,2.0,200.0
estimators,ls,block_errors,2.5,155.0
estimators,ls,block_errors,3.0,147.0
estimators,ls,block_errors,3.5,75.0
estimators,ls,block_errors,4.0,58.0
estimators,ls,block_errors,4.5,37.0
estimators,ls,block_errors,5.0,0.0
estimators,ls,block_errors,5.5,0.0
estimators,ls,block_errors,6.0,1.0
estimators,ls,block_errors,6.5,20.0
estimators,ls,block_errors,7.0,0.0
estimators,ls,block_errors,7.5,17.0
estimators,ls,block_errors,8.0,0.0
estimators,ls,block_errors,8.5,13.0
estimators,ls,block_errors,9.0,0.0
estimators,ls,block_errors,9.5,9.0
estimators,ls,block_errors,10.0,0.0
estimators,ls,total_blocks,-5.0,256.0
estimators,ls,total_blocks,-4.5,256.0
estimators,ls,total_blocks,-4.0,256.0
estimators,ls,total_blocks,-3.5,256.0
estimators,ls,total_blocks,-3.0,256.0
estimators,ls,total_blocks,-2.5,256.0
estimators,ls,total_blocks,-2.0,256.0
estimators,ls,total_blocks,-1.5,384.0
estimators,ls,total_blocks,-1.0,512.0
estimators,ls,total_blocks,-0.5,704.0
estimators,ls,total_blocks,0.0,1152.0
estimators,ls,total_blocks,0.5,1984.0
estimators,ls,total_blocks,1.0,2752.0
estimators,ls,total_blocks,1.5,4992.0
estimators,ls,total_blocks,2.0,6464.0
estimators,ls,total_blocks,2.5,8192.0
estimators,ls,total_blocks,3.0,8192.0
estimators,ls,total_blocks,3.5,8192.0
estimators,ls,total_blocks,4.0,8192.0
estimators,ls,total_blocks,4.5,8192.0
estimators,ls,total_blocks,5.0,256.0
estimators,ls,total_blocks,5.5,256.0
estimators,ls,total_blocks,6.0,512.0
estimators,ls,total_blocks,6.5,8192.0
estimators,ls,total_blocks,7.0,256.0
estimators,ls,total_blocks,7.5,8192.0
estimators,ls,total_blocks,8.0,256.0
estimators,ls,total_blocks,8.5,8192.0
estimators,ls,total_blocks,9.0,256.0
estimators,ls,total_blocks,9.5,8192.0
estimators,ls,total_blocks,10.0,256.0
estimators,ls,num_batches,-5.0,4.0
estimators,ls,num_batches,-4.5,4.0
estimators,ls,num_batches,-4.0,4.0
estimators,ls,num_batches,-3.5,4.0
estimators,ls,num_batches,-3.0,4.0
estimators,ls,num_batches,-2.5,4.0
estimators,ls,num_batches,-2.0,4.0
estimators,ls,num_batches,-1.5,6.0
estimators,ls,num_batches,-1.0,8.0
estimators,ls,num_batches,-0.5,11.0
estimators,ls,num_batches,0.0,18.0
estimators,ls,num_batches,0.5,31.0
estimators,ls,num_batches,1.0,43.0
estimators,ls,num_batches,1.5,78.0
estimators,ls,num_batches,2.0,101.0
estimators,ls,num_batches,2.5,128.0
estimators,ls,num_batches,3.0,128.0
estimators,ls,num_batches,3.5,128.0
estimators,ls,num_batches,4.0,128.0
estimators,ls,num_batches,4.5,128.0
estimators,ls,num_batches,5.0,4.0
estimators,ls,num_batches,5.5,4.0
estimators,ls,num_batches,6.0,8.0
estimators,ls,num_batches,6.5,128.0
estimators,ls,num_batches,7.0,4.0
estimators,ls,num_batches,7.5,128.0
estimators,ls,num_batches,8.0,4.0
estimators,ls,num_batches,8.5,128.0
estimators,ls,num_batches,9.0,4.0
estimators,ls,num_batches,9.5,128.0
estimators,ls,num_batches,10.0,4.0
estimators,ls,runtime_total_sec,,1304.0075581999554
estimators,dft,ber,-5.0,0.25065867106119794
estimators,dft,ber,-4.5,0.2253901163736979
estimators,dft,ber,-4.0,0.19816080729166666
estimators,dft,ber,-3.5,0.17447408040364584
estimators,dft,ber,-3.0,0.14069112141927084
estimators,dft,ber,-2.5,0.0777587890625
estimators,dft,ber,-2.0,0.059954325358072914
estimators,dft,ber,-1.5,0.034934019431089744
estimators,dft,ber,-1.0,0.027509053548177082
estimators,dft,ber,-0.5,0.015101453993055555
estimators,dft,ber,0.0,0.009382099124556738
estimators,dft,ber,0.5,0.006059434678819444
estimators,dft,ber,1.0,0.0036571093198269774
estimators,dft,ber,1.5,0.0019890467325846353
estimators,dft,ber,2.0,0.0017139116923014324
estimators,dft,ber,2.5,0.0012064774831136067
estimators,dft,ber,3.0,0.0
estimators,dft,ber,3.5,0.0
estimators,dft,ber,4.0,0.00032862027486165363
estimators,dft,ber,4.5,0.0
estimators,dft,ber,5.0,3.814697265625e-06
estimators,dft,ber,5.5,0.0
estimators,dft,ber,6.0,0.0
estimators,dft,ber,6.5,0.0
estimators,dft,ber,7.0,0.0
estimators,dft,ber,7.5,0.0
estimators,dft,ber,8.0,0.0
estimators,dft,ber,8.5,0.0
estimators,dft,ber,9.0,0.0
estimators,dft,ber,9.5,0.0
estimators,dft,ber,10.0,0.0
estimators,dft,ber_upper_confidence,-5.0,0.25179720710251224
estimators,dft,ber_upper_confidence,-4.5,0.22648802908231788
estimators,dft,ber_upper_confidence,-4.0,0.19920847922445187
estimators,dft,ber_upper_confidence,-3.5,0.17547182207271725
estimators,dft,ber_upper_confidence,-3.0,0.14160564598796135
estimators,dft,ber_upper_confidence,-2.5,0.07833426696115671
estimators,dft,ber_upper_confidence,-2.0,0.06039617425120249
estimators,dft,ber_upper_confidence,-1.5,0.035202166368535986
estimators,dft,ber_upper_confidence,-1.0,0.027724384930058597
estimators,dft,ber_upper_confidence,-0.5,0.015218711287115551
estimators,dft,ber_upper_confidence,0.0,0.009456159683008468
estimators,dft,ber_upper_confidence,0.5,0.006107605114297664
estimators,dft,ber_upper_confidence,1.0,0.0036863776945905338
estimators,dft,ber_upper_confidence,1.5,0.0020098139226480067
estimators,dft,ber_upper_confidence,2.0,0.0017331995625783029
estimators,dft,ber_upper_confidence,2.5,0.0012226816876576185
estimators,dft,ber_upper_confidence,3.0,7.618541141647314e-06
estimators,dft,ber_upper_confidence,3.5,7.618541141647314e-06
estimators,dft,ber_upper_confidence,4.0,0.00033713291024836363
estimators,dft,ber_upper_confidence,4.5,7.618541141647314e-06
estimators,dft,ber_upper_confidence,5.0,9.545094187417805e-06
estimators,dft,ber_upper_confidence,5.5,7.618541141647314e-06
estimators,dft,ber_upper_confidence,6.0,7.618541141647314e-06
estimators,dft,ber_upper_confidence,6.5,7.618541141647314e-06
estimators,dft,ber_upper_confidence,7.0,7.618541141647314e-06
estimators,dft,ber_upper_confidence,7.5,7.618541141647314e-06
estimators,dft,ber_upper_confidence,8.0,7.618541141647314e-06
estimators,dft,ber_upper_confidence,8.5,7.618541141647314e-06
estimators,dft,ber_upper_confidence,9.0,7.618541141647314e-06
estimators,dft,ber_upper_confidence,9.5,7.618541141647314e-06
estimators,dft,ber_upper_confidence,10.0,7.618541141647314e-06
estimators,dft,latency_ms,-5.0,548.1025333257586
estimators,dft,latency_ms,-4.5,547.4748583266356
estimators,dft,latency_ms,-4.0,552.3647833444139
estimators,dft,latency_ms,-3.5,554.1898083294237
estimators,dft,latency_ms,-3.0,552.4258333290655
estimators,dft,latency_ms,-2.5,550.9357833311583
estimators,dft,latency_ms,-2.0,549.8611208323874
estimators,dft,latency_ms,-1.5,550.5551679482852
estimators,dft,latency_ms,-1.0,549.6115458328442
estimators,dft,latency_ms,-0.5,550.0777800032248
estimators,dft,latency_ms,0.0,550.8021918460882
estimators,dft,latency_ms,0.5,551.1808402753038
estimators,dft,latency_ms,1.0,550.519437567625
estimators,dft,latency_ms,1.5,555.7764122401339
estimators,dft,latency_ms,2.0,2383.232749739032
estimators,dft,latency_ms,2.5,564.3807700525075
estimators,dft,latency_ms,3.0,562.3787333289821
estimators,dft,latency_ms,3.5,559.8194333262237
estimators,dft,latency_ms,4.0,566.9518341141201
estimators,dft,latency_ms,4.5,561.225108334069
estimators,dft,latency_ms,5.0,559.1786958331378
estimators,dft,latency_ms,5.5,555.9402333284689
estimators,dft,latency_ms,6.0,560.0965333261721
estimators,dft,latency_ms,6.5,549.0500083371027
estimators,dft,latency_ms,7.0,554.0375083193377
estimators,dft,latency_ms,7.5,551.1032833284427
estimators,dft,latency_ms,8.0,556.0994333256114
estimators,dft,latency_ms,8.5,550.8634083281814
estimators,dft,latency_ms,9.0,550.3182583317122
estimators,dft,latency_ms,9.5,552.0140083291645
estimators,dft,latency_ms,10.0,554.8773583406311
estimators,dft,throughput_bits_per_batch,-5.0,73663.25
estimators,dft,throughput_bits_per_batch,-4.5,76147.25
estimators,dft,throughput_bits_per_batch,-4.0,78824.0
estimators,dft,throughput_bits_per_batch,-3.5,81152.5
estimators,dft,throughput_bits_per_batch,-3.0,84473.5
estimators,dft,throughput_bits_per_batch,-2.5,90660.0
estimators,dft,throughput_bits_per_batch,-2.0,92410.25
estimators,dft,throughput_bits_per_batch,-1.5,94869.84615384616
estimators,dft,throughput_bits_per_batch,-1.0,95599.75
estimators,dft,throughput_bits_per_batch,-0.5,96819.46666666666
estimators,dft,throughput_bits_per_batch,0.0,97381.70212765958
estimators,dft,throughput_bits_per_batch,0.5,97708.33333333333
estimators,dft,throughput_bits_per_batch,1.0,97944.49152542373
estimators,dft,throughput_bits_per_batch,1.5,98108.46875
estimators,dft,throughput_bits_per_batch,2.0,98135.515625
estimators,dft,throughput_bits_per_batch,2.5,98185.3984375
estimators,dft,throughput_bits_per_batch,3.0,98304.0
estimators,dft,throughput_bits_per_batch,3.5,98304.0
estimators,dft,throughput_bits_per_batch,4.0,98271.6953125
estimators,dft,throughput_bits_per_batch,4.5,98304.0
estimators,dft,throughput_bits_per_batch,5.0,98303.625
estimators,dft,throughput_bits_per_batch,5.5,98304.0
estimators,dft,throughput_bits_per_batch,6.0,98304.0
estimators,dft,throughput_bits_per_batch,6.5,98304.0
estimators,dft,throughput_bits_per_batch,7.0,98304.0
estimators,dft,throughput_bits_per_batch,7.5,98304.0
estimators,dft,throughput_bits_per_batch,8.0,98304.0
estimators,dft,throughput_bits_per_batch,8.5,98304.0
estimators,dft,throughput_bits_per_batch,9.0,98304.0
estimators,dft,throughput_bits_per_batch,9.5,98304.0
estimators,dft,throughput_bits_per_batch,10.0,98304.0
estimators,dft,energy_joules_per_batch,-5.0,0.00018645100000000002
estimators,dft,energy_joules_per_batch,-4.5,0.00018645100000000002
estimators,dft,energy_joules_per_batch,-4.0,0.00018645100000000002
estimators,dft,energy_joules_per_batch,-3.5,0.00018645100000000002
estimators,dft,energy_joules_per_batch,-3.0,0.00018645100000000002
estimators,dft,energy_joules_per_batch,-2.5,0.00018645100000000002
estimators,dft,energy_joules_per_batch,-2.0,0.00018645100000000002
estimators,dft,energy_joules_per_batch,-1.5,0.000186451
estimators,dft,energy_joules_per_batch,-1.0,0.00018645100000000008
estimators,dft,energy_joules_per_batch,-0.5,0.00018645099999999997
estimators,dft,energy_joules_per_batch,0.0,0.000186451
estimators,dft,energy_joules_per_batch,0.5,0.00018645100000000027
estimators,dft,energy_joules_per_batch,1.0,0.0001864510000000004
estimators,dft,energy_joules_per_batch,1.5,0.00018645100000000043
estimators,dft,energy_joules_per_batch,2.0,0.00018645100000000043
estimators,dft,energy_joules_per_batch,2.5,0.00018645100000000043
estimators,dft,energy_joules_per_batch,3.0,0.00018645100000000002
estimators,dft,energy_joules_per_batch,3.5,0.00018645100000000002
estimators,dft,energy_joules_per_batch,4.0,0.00018645100000000043
estimators,dft,energy_joules_per_batch,4.5,0.00018645100000000002
estimators,dft,energy_joules_per_batch,5.0,0.00018645100000000002
estimators,dft,energy_joules_per_batch,5.5,0.00018645100000000002
estimators,dft,energy_joules_per_batch,6.0,0.00018645100000000002
estimators,dft,energy_joules_per_batch,6.5,0.00018645100000000002
estimators,dft,energy_joules_per_batch,7.0,0.00018645100000000002
estimators,dft,energy_joules_per_batch,7.5,0.00018645100000000002
estimators,dft,energy_joules_per_batch,8.0,0.00018645100000000002
estimators,dft,energy_joules_per_batch,8.5,0.00018645100000000002
estimators,dft,energy_joules_per_batch,9.0,0.00018645100000000002
estimators,dft,energy_joules_per_batch,9.5,0.00018645100000000002
estimators,dft,energy_joules_per_batch,10.0,0.00018645100000000002
estimators,dft,avg_power_w,-5.0,0.0003401754027091587
estimators,dft,avg_power_w,-4.5,0.00034056541074760957
estimators,dft,avg_power_w,-4.0,0.0003375504840679586
estimators,dft,avg_power_w,-3.5,0.0003364388828478222
estimators,dft,avg_power_w,-3.0,0.00033751318050496753
estimators,dft,avg_power_w,-2.5,0.0003384260119621372
estimators,dft,avg_power_w,-2.0,0.0003390874403299289
estimators,dft,avg_power_w,-1.5,0.00033865997606531185
estimators,dft,avg_power_w,-1.0,0.0003392414177134231
estimators,dft,avg_power_w,-0.5,0.000338953883937844
estimators,dft,avg_power_w,0.0,0.00033850809375882146
estimators,dft,avg_power_w,0.5,0.00033827554656448456
estimators,dft,avg_power_w,1.0,0.0003386819561245683
estimators,dft,avg_power_w,1.5,0.0003354784332218847
estimators,dft,avg_power_w,2.0,7.823449053409371e-05
estimators,dft,avg_power_w,2.5,0.0003303638428053703
estimators,dft,avg_power_w,3.0,0.0003315399195419598
estimators,dft,avg_power_w,3.5,0.00033305560489778384
estimators,dft,avg_power_w,4.0,0.00032886567920066074
estimators,dft,avg_power_w,4.5,0.00033222141566947703
estimators,dft,avg_power_w,5.0,0.0003334372382020042
estimators,dft,avg_power_w,5.5,0.00033537957647659266
estimators,dft,avg_power_w,6.0,0.0003328908302516136
estimators,dft,avg_power_w,6.5,0.0003395883747724558
estimators,dft,avg_power_w,7.0,0.00033653136692061807
estimators,dft,avg_power_w,7.5,0.0003383231521937427
estimators,dft,avg_power_w,8.0,0.00033528356410107664
estimators,dft,avg_power_w,8.5,0.00033847047594949396
estimators,dft,avg_power_w,9.0,0.00033880576771198824
estimators,dft,avg_power_w,9.5,0.0003377649791249858
estimators,dft,avg_power_w,10.0,0.0003360220005328465
estimators,dft,runtime_sec,-5.0,3.4916299000033177
estimators,dft,runtime_sec,-4.5,3.4846351000014693
estimators,dft,runtime_sec,-4.0,3.514365999988513
estimators,dft,runtime_sec,-3.5,3.534263200010173
estimators,dft,runtime_sec,-3.0,3.5136201000132132
estimators,dft,runtime_sec,-2.5,5.259996000007959
estimators,dft,runtime_sec,-2.0,7.004235099971993
estimators,dft,runtime_sec,-1.5,11.386431799997808
estimators,dft,runtime_sec,-1.0,13.984309699997539
estimators,dft,runtime_sec,-0.5,26.242218999977922
estimators,dft,runtime_sec,0.0,41.153985399985686
estimators,dft,runtime_sec,0.5,63.126052999985404
estimators,dft,runtime_sec,1.0,103.37079549999908
estimators,dft,runtime_sec,1.5,112.99081570000271
estimators,dft,runtime_sec,2.0,348.13782240002183
estimators,dft,runtime_sec,2.5,114.31001640000613
estimators,dft,runtime_sec,3.0,3.5652774999907706
estimators,dft,runtime_sec,3.5,3.546018599998206
estimators,dft,runtime_sec,4.0,115.20992620001198
estimators,dft,runtime_sec,4.5,3.5552951999998186
estimators,dft,runtime_sec,5.0,7.086224900005618
estimators,dft,runtime_sec,5.5,3.5272094999963883
estimators,dft,runtime_sec,6.0,3.5385014999774285
estimators,dft,runtime_sec,6.5,3.4845170000044163
estimators,dft,runtime_sec,7.0,3.5122205000079703
estimators,dft,runtime_sec,7.5,3.50976190000074
estimators,dft,runtime_sec,8.0,3.5233048999798484
estimators,dft,runtime_sec,8.5,3.4980221000150777
estimators,dft,runtime_sec,9.0,3.4921926999813877
estimators,dft,runtime_sec,9.5,3.5172898999881
estimators,dft,runtime_sec,10.0,3.5231314999982715
estimators,dft,bit_errors,-5.0,98563.0
estimators,dft,bit_errors,-4.5,88627.0
estimators,dft,bit_errors,-4.0,77920.0
estimators,dft,bit_errors,-3.5,68606.0
estimators,dft,bit_errors,-3.0,55322.0
estimators,dft,bit_errors,-2.5,45864.0
estimators,dft,bit_errors,-2.0,47150.0
estimators,dft,bit_errors,-1.5,44644.0
estimators,dft,bit_errors,-1.0,43268.0
estimators,dft,bit_errors,-0.5,44536.0
estimators,dft,bit_errors,0.0,43348.0
estimators,dft,bit_errors,0.5,42888.0
estimators,dft,bit_errors,1.0,42422.0
estimators,dft,bit_errors,1.5,25028.0
estimators,dft,bit_errors,2.0,21566.0
estimators,dft,bit_errors,2.5,15181.0
estimators,dft,bit_errors,3.0,0.0
estimators,dft,bit_errors,3.5,0.0
estimators,dft,bit_errors,4.0,4135.0
estimators,dft,bit_errors,4.5,0.0
estimators,dft,bit_errors,5.0,3.0
estimators,dft,bit_errors,5.5,0.0
estimators,dft,bit_errors,6.0,0.0
estimators,dft,bit_errors,6.5,0.0
estimators,dft,bit_errors,7.0,0.0
estimators,dft,bit_errors,7.5,0.0
estimators,dft,bit_errors,8.0,0.0
estimators,dft,bit_errors,8.5,0.0
estimators,dft,bit_errors,9.0,0.0
estimators,dft,bit_errors,9.5,0.0
estimators,dft,bit_errors,10.0,0.0
estimators,dft,total_bits,-5.0,393216.0
estimators,dft,total_bits,-4.5,393216.0
estimators,dft,total_bits,-4.0,393216.0
estimators,dft,total_bits,-3.5,393216.0
estimators,dft,total_bits,-3.0,393216.0
estimators,dft,total_bits,-2.5,589824.0
estimators,dft,total_bits,-2.0,786432.0
estimators,dft,total_bits,-1.5,1277952.0
estimators,dft,total_bits,-1.0,1572864.0
estimators,dft,total_bits,-0.5,2949120.0
estimators,dft,total_bits,0.0,4620288.0
estimators,dft,total_bits,0.5,7077888.0
estimators,dft,total_bits,1.0,11599872.0
estimators,dft,total_bits,1.5,12582912.0
estimators,dft,total_bits,2.0,12582912.0
estimators,dft,total_bits,2.5,12582912.0
estimators,dft,total_bits,3.0,393216.0
estimators,dft,total_bits,3.5,393216.0
estimators,dft,total_bits,4.0,12582912.0
estimators,dft,total_bits,4.5,393216.0
estimators,dft,total_bits,5.0,786432.0
estimators,dft,total_bits,5.5,393216.0
estimators,dft,total_bits,6.0,393216.0
estimators,dft,total_bits,6.5,393216.0
estimators,dft,total_bits,7.0,393216.0
estimators,dft,total_bits,7.5,393216.0
estimators,dft,total_bits,8.0,393216.0
estimators,dft,total_bits,8.5,393216.0
estimators,dft,total_bits,9.0,393216.0
estimators,dft,total_bits,9.5,393216.0
estimators,dft,total_bits,10.0,393216.0
estimators,dft,block_errors,-5.0,256.0
estimators,dft,block_errors,-4.5,256.0
estimators,dft,block_errors,-4.0,247.0
estimators,dft,block_errors,-3.5,242.0
estimators,dft,block_errors,-3.0,203.0
estimators,dft,block_errors,-2.5,205.0
estimators,dft,block_errors,-2.0,216.0
estimators,dft,block_errors,-1.5,208.0
estimators,dft,block_errors,-1.0,202.0
estimators,dft,block_errors,-0.5,202.0
estimators,dft,block_errors,0.0,204.0
estimators,dft,block_errors,0.5,200.0
estimators,dft,block_errors,1.0,200.0
estimators,dft,block_errors,1.5,120.0
estimators,dft,block_errors,2.0,97.0
estimators,dft,block_errors,2.5,60.0
estimators,dft,block_errors,3.0,0.0
estimators,dft,block_errors,3.5,0.0
estimators,dft,block_errors,4.0,21.0
estimators,dft,block_errors,4.5,0.0
estimators,dft,block_errors,5.0,1.0
estimators,dft,block_errors,5.5,0.0
estimators,dft,block_errors,6.0,0.0
estimators,dft,block_errors,6.5,0.0
estimators,dft,block_errors,7.0,0.0
estimators,dft,block_errors,7.5,0.0
estimators,dft,block_errors,8.0,0.0
estimators,dft,block_errors,8.5,0.0
estimators,dft,block_errors,9.0,0.0
estimators,dft,block_errors,9.5,0.0
estimators,dft,block_errors,10.0,0.0
estimators,dft,total_blocks,-5.0,256.0
estimators,dft,total_blocks,-4.5,256.0
estimators,dft,total_blocks,-4.0,256.0
estimators,dft,total_blocks,-3.5,256.0
estimators,dft,total_blocks,-3.0,256.0
estimators,dft,total_blocks,-2.5,384.0
estimators,dft,total_blocks,-2.0,512.0
estimators,dft,total_blocks,-1.5,832.0
estimators,dft,total_blocks,-1.0,1024.0
estimators,dft,total_blocks,-0.5,1920.0
estimators,dft,total_blocks,0.0,3008.0
estimators,dft,total_blocks,0.5,4608.0
estimators,dft,total_blocks,1.0,7552.0
estimators,dft,total_blocks,1.5,8192.0
estimators,dft,total_blocks,2.0,8192.0
estimators,dft,total_blocks,2.5,8192.0
estimators,dft,total_blocks,3.0,256.0
estimators,dft,total_blocks,3.5,256.0
estimators,dft,total_blocks,4.0,8192.0
estimators,dft,total_blocks,4.5,256.0
estimators,dft,total_blocks,5.0,512.0
estimators,dft,total_blocks,5.5,256.0
estimators,dft,total_blocks,6.0,256.0
estimators,dft,total_blocks,6.5,256.0
estimators,dft,total_blocks,7.0,256.0
estimators,dft,total_blocks,7.5,256.0
estimators,dft,total_blocks,8.0,256.0
estimators,dft,total_blocks,8.5,256.0
estimators,dft,total_blocks,9.0,256.0
estimators,dft,total_blocks,9.5,256.0
estimators,dft,total_blocks,10.0,256.0
estimators,dft,num_batches,-5.0,4.0
estimators,dft,num_batches,-4.5,4.0
estimators,dft,num_batches,-4.0,4.0
estimators,dft,num_batches,-3.5,4.0
estimators,dft,num_batches,-3.0,4.0
estimators,dft,num_batches,-2.5,6.0
estimators,dft,num_batches,-2.0,8.0
estimators,dft,num_batches,-1.5,13.0
estimators,dft,num_batches,-1.0,16.0
estimators,dft,num_batches,-0.5,30.0
estimators,dft,num_batches,0.0,47.0
estimators,dft,num_batches,0.5,72.0
estimators,dft,num_batches,1.0,118.0
estimators,dft,num_batches,1.5,128.0
estimators,dft,num_batches,2.0,128.0
estimators,dft,num_batches,2.5,128.0
estimators,dft,num_batches,3.0,4.0
estimators,dft,num_batches,3.5,4.0
estimators,dft,num_batches,4.0,128.0
estimators,dft,num_batches,4.5,4.0
estimators,dft,num_batches,5.0,8.0
estimators,dft,num_batches,5.5,4.0
estimators,dft,num_batches,6.0,4.0
estimators,dft,num_batches,6.5,4.0
estimators,dft,num_batches,7.0,4.0
estimators,dft,num_batches,7.5,4.0
estimators,dft,num_batches,8.0,4.0
estimators,dft,num_batches,8.5,4.0
estimators,dft,num_batches,9.0,4.0
estimators,dft,num_batches,9.5,4.0
estimators,dft,num_batches,10.0,4.0
estimators,dft,runtime_total_sec,,1032.5940881999268
estimators,lmmse,ber,-5.0,0.1549402872721354
estimators,lmmse,ber,-4.5,0.110772705078125
estimators,lmmse,ber,-4.0,0.08770921495225695
estimators,lmmse,ber,-3.5,0.058933258056640625
estimators,lmmse,ber,-3.0,0.050567626953125
estimators,lmmse,ber,-2.5,0.02560198748553241
estimators,lmmse,ber,-2.0,0.02015038692589962
estimators,lmmse,ber,-1.5,0.01519611317624328
estimators,lmmse,ber,-1.0,0.008795705782312925
estimators,lmmse,ber,-0.5,0.005978054470486111
estimators,lmmse,ber,0.0,0.0037034296356471237
estimators,lmmse,ber,0.5,0.0024886131286621094
estimators,lmmse,ber,1.0,0.002183993657430013
estimators,lmmse,ber,1.5,0.001738150914510091
estimators,lmmse,ber,2.0,0.0012557506561279297
estimators,lmmse,ber,2.5,0.0008202393849690756
estimators,lmmse,ber,3.0,0.0008911291758219401
estimators,lmmse,ber,3.5,0.0
estimators,lmmse,ber,4.0,0.00034157435099283856
estimators,lmmse,ber,4.5,0.0
estimators,lmmse,ber,5.0,0.0
estimators,lmmse,ber,5.5,0.0
estimators,lmmse,ber,6.0,0.0
estimators,lmmse,ber,6.5,0.0
estimators,lmmse,ber,7.0,0.0
estimators,lmmse,ber,7.5,0.0
estimators,lmmse,ber,8.0,0.0
estimators,lmmse,ber,8.5,0.0
estimators,lmmse,ber,9.0,0.0
estimators,lmmse,ber,9.5,0.0
estimators,lmmse,ber,10.0,0.0
estimators,lmmse,ber_upper_confidence,-5.0,0.1558918170436562
estimators,lmmse,ber_upper_confidence,-4.5,0.11151119039869078
estimators,lmmse,ber_upper_confidence,-4.0,0.08831694399997432
estimators,lmmse,ber_upper_confidence,-3.5,0.0593715818300453
estimators,lmmse,ber_upper_confidence,-3.0,0.050932370137808235
estimators,lmmse,ber_upper_confidence,-2.5,0.025798017730357933
estimators,lmmse,ber_upper_confidence,-2.0,0.020308151783241902
estimators,lmmse,ber_upper_confidence,-1.5,0.015311810537194591
estimators,lmmse,ber_upper_confidence,-1.0,0.008865960048667255
estimators,lmmse,ber_upper_confidence,-0.5,0.006024019281854597
estimators,lmmse,ber_upper_confidence,0.0,0.00373352848770435
estimators,lmmse,ber_upper_confidence,0.5,0.002511823662489598
estimators,lmmse,ber_upper_confidence,1.0,0.0022057474543279317
estimators,lmmse,ber_upper_confidence,1.5,0.001757573697659708
estimators,lmmse,ber_upper_confidence,2.0,0.001272279845407083
estimators,lmmse,ber_upper_confidence,2.5,0.0008336219745775826
estimators,lmmse,ber_upper_confidence,3.0,0.0009050729987280292
estimators,lmmse,ber_upper_confidence,3.5,7.618541141647314e-06
estimators,lmmse,ber_upper_confidence,4.0,0.0003502509650086089
estimators,lmmse,ber_upper_confidence,4.5,7.618541141647314e-06
estimators,lmmse,ber_upper_confidence,5.0,7.618541141647314e-06
estimators,lmmse,ber_upper_confidence,5.5,7.618541141647314e-06
estimators,lmmse,ber_upper_confidence,6.0,7.618541141647314e-06
estimators,lmmse,ber_upper_confidence,6.5,7.618541141647314e-06
estimators,lmmse,ber_upper_confidence,7.0,7.618541141647314e-06
estimators,lmmse,ber_upper_confidence,7.5,7.618541141647314e-06
estimators,lmmse,ber_upper_confidence,8.0,7.618541141647314e-06
estimators,lmmse,ber_upper_confidence,8.5,7.618541141647314e-06
estimators,lmmse,ber_upper_confidence,9.0,7.618541141647314e-06
estimators,lmmse,ber_upper_confidence,9.5,7.618541141647314e-06
estimators,lmmse,ber_upper_confidence,10.0,7.618541141647314e-06
estimators,lmmse,latency_ms,-5.0,555.5796583404609
estimators,lmmse,latency_ms,-4.5,558.6783233261979
estimators,lmmse,latency_ms,-4.0,562.1356833287981
estimators,lmmse,latency_ms,-3.5,572.3632208329528
estimators,lmmse,latency_ms,-3.0,557.7759433322665
estimators,lmmse,latency_ms,-2.5,559.0227722227496
estimators,lmmse,latency_ms,-2.0,566.3636742465891
estimators,lmmse,latency_ms,-1.5,558.5913091387174
estimators,lmmse,latency_ms,-1.0,557.1085914959295
estimators,lmmse,latency_ms,-0.5,556.2517653864771
estimators,lmmse,latency_ms,0.0,558.057242623053
estimators,lmmse,latency_ms,0.5,558.3834684897782
estimators,lmmse,latency_ms,1.0,567.2802559901401
estimators,lmmse,latency_ms,1.5,587.3841067706553
estimators,lmmse,latency_ms,2.0,546.0943763017939
estimators,lmmse,latency_ms,2.5,549.2759348971093
estimators,lmmse,latency_ms,3.0,548.03215442726
estimators,lmmse,latency_ms,3.5,545.6313833321057
estimators,lmmse,latency_ms,4.0,548.7551716149982
estimators,lmmse,latency_ms,4.5,547.4797583275669
estimators,lmmse,latency_ms,5.0,559.7248333262124
estimators,lmmse,latency_ms,5.5,550.1233833321331
estimators,lmmse,latency_ms,6.0,547.137008329768
estimators,lmmse,latency_ms,6.5,547.7860583388557
estimators,lmmse,latency_ms,7.0,551.8337083314274
estimators,lmmse,latency_ms,7.5,547.3901583292483
estimators,lmmse,latency_ms,8.0,622.7510833388388
estimators,lmmse,latency_ms,8.5,550.8819583311871
estimators,lmmse,latency_ms,9.0,561.2025333295188
estimators,lmmse,latency_ms,9.5,549.9026833323607
estimators,lmmse,latency_ms,10.0,552.3525083237056
estimators,lmmse,throughput_bits_per_batch,-5.0,83072.75
estimators,lmmse,throughput_bits_per_batch,-4.5,87414.6
estimators,lmmse,throughput_bits_per_batch,-4.0,89681.83333333333
estimators,lmmse,throughput_bits_per_batch,-3.5,92510.625
estimators,lmmse,throughput_bits_per_batch,-3.0,93333.0
estimators,lmmse,throughput_bits_per_batch,-2.5,95787.22222222222
estimators,lmmse,throughput_bits_per_batch,-2.0,96323.13636363637
estimators,lmmse,throughput_bits_per_batch,-1.5,96810.16129032258
estimators,lmmse,throughput_bits_per_batch,-1.0,97439.3469387755
estimators,lmmse,throughput_bits_per_batch,-0.5,97716.33333333333
estimators,lmmse,throughput_bits_per_batch,0.0,97939.93805309734
estimators,lmmse,throughput_bits_per_batch,0.5,98059.359375
estimators,lmmse,throughput_bits_per_batch,1.0,98089.3046875
estimators,lmmse,throughput_bits_per_batch,1.5,98133.1328125
estimators,lmmse,throughput_bits_per_batch,2.0,98180.5546875
estimators,lmmse,throughput_bits_per_batch,2.5,98223.3671875
estimators,lmmse,throughput_bits_per_batch,3.0,98216.3984375
estimators,lmmse,throughput_bits_per_batch,3.5,98304.0
estimators,lmmse,throughput_bits_per_batch,4.0,98270.421875
estimators,lmmse,throughput_bits_per_batch,4.5,98304.0
estimators,lmmse,throughput_bits_per_batch,5.0,98304.0
estimators,lmmse,throughput_bits_per_batch,5.5,98304.0
estimators,lmmse,throughput_bits_per_batch,6.0,98304.0
estimators,lmmse,throughput_bits_per_batch,6.5,98304.0
estimators,lmmse,throughput_bits_per_batch,7.0,98304.0
estimators,lmmse,throughput_bits_per_batch,7.5,98304.0
estimators,lmmse,throughput_bits_per_batch,8.0,98304.0
estimators,lmmse,throughput_bits_per_batch,8.5,98304.0
estimators,lmmse,throughput_bits_per_batch,9.0,98304.0
estimators,lmmse,throughput_bits_per_batch,9.5,98304.0
estimators,lmmse,throughput_bits_per_batch,10.0,98304.0
estimators,lmmse,energy_joules_per_batch,-5.0,0.00018645100000000002
estimators,lmmse,energy_joules_per_batch,-4.5,0.00018645100000000005
estimators,lmmse,energy_joules_per_batch,-4.0,0.00018645100000000002
estimators,lmmse,energy_joules_per_batch,-3.5,0.00018645100000000002
estimators,lmmse,energy_joules_per_batch,-3.0,0.00018645100000000002
estimators,lmmse,energy_joules_per_batch,-2.5,0.00018645100000000005
estimators,lmmse,energy_joules_per_batch,-2.0,0.000186451
estimators,lmmse,energy_joules_per_batch,-1.5,0.00018645099999999994
estimators,lmmse,energy_joules_per_batch,-1.0,0.00018645100000000002
estimators,lmmse,energy_joules_per_batch,-0.5,0.0001864510000000003
estimators,lmmse,energy_joules_per_batch,0.0,0.0001864510000000004
estimators,lmmse,energy_joules_per_batch,0.5,0.00018645100000000043
estimators,lmmse,energy_joules_per_batch,1.0,0.00018645100000000043
estimators,lmmse,energy_joules_per_batch,1.5,0.00018645100000000043
estimators,lmmse,energy_joules_per_batch,2.0,0.00018645100000000043
estimators,lmmse,energy_joules_per_batch,2.5,0.00018645100000000043
estimators,lmmse,energy_joules_per_batch,3.0,0.00018645100000000043
estimators,lmmse,energy_joules_per_batch,3.5,0.00018645100000000002
estimators,lmmse,energy_joules_per_batch,4.0,0.00018645100000000043
estimators,lmmse,energy_joules_per_batch,4.5,0.00018645100000000005
estimators,lmmse,energy_joules_per_batch,5.0,0.00018645100000000002
estimators,lmmse,energy_joules_per_batch,5.5,0.00018645100000000002
estimators,lmmse,energy_joules_per_batch,6.0,0.00018645100000000002
estimators,lmmse,energy_joules_per_batch,6.5,0.00018645100000000002
estimators,lmmse,energy_joules_per_batch,7.0,0.00018645100000000002
estimators,lmmse,energy_joules_per_batch,7.5,0.00018645100000000002
estimators,lmmse,energy_joules_per_batch,8.0,0.00018645100000000002
estimators,lmmse,energy_joules_per_batch,8.5,0.00018645100000000002
estimators,lmmse,energy_joules_per_batch,9.0,0.00018645100000000002
estimators,lmmse,energy_joules_per_batch,9.5,0.00018645100000000002
estimators,lmmse,energy_joules_per_batch,10.0,0.00018645100000000002
estimators,lmmse,avg_power_w,-5.0,0.00033559724010943226
estimators,lmmse,avg_power_w,-4.5,0.00033373587664888894
estimators,lmmse,avg_power_w,-4.0,0.00033168326710002357
estimators,lmmse,avg_power_w,-3.5,0.00032575643090529166
estimators,lmmse,avg_power_w,-3.0,0.0003342758005770274
estimators,lmmse,avg_power_w,-2.5,0.000333530241100279
estimators,lmmse,avg_power_w,-2.0,0.00032920720109394074
estimators,lmmse,avg_power_w,-1.5,0.0003337878641318026
estimators,lmmse,avg_power_w,-1.0,0.0003346762244311257
estimators,lmmse,avg_power_w,-0.5,0.0003351917451811705
estimators,lmmse,avg_power_w,0.0,0.0003341073025477086
estimators,lmmse,avg_power_w,0.5,0.0003339121061450507
estimators,lmmse,avg_power_w,1.0,0.00032867528533064464
estimators,lmmse,avg_power_w,1.5,0.0003174260213220246
estimators,lmmse,avg_power_w,2.0,0.0003414263323176213
estimators,lmmse,avg_power_w,2.5,0.000339448696282182
estimators,lmmse,avg_power_w,3.0,0.00034021908841253576
estimators,lmmse,avg_power_w,3.5,0.00034171604804211596
estimators,lmmse,avg_power_w,4.0,0.00033977082976962414
estimators,lmmse,avg_power_w,4.5,0.00034056236265166736
estimators,lmmse,avg_power_w,5.0,0.00033311189516462773
estimators,lmmse,avg_power_w,5.5,0.00033892578583126964
estimators,lmmse,avg_power_w,6.0,0.00034077570546575615
estimators,lmmse,avg_power_w,6.5,0.0003403719338265141
estimators,lmmse,avg_power_w,7.0,0.00033787533669113755
estimators,lmmse,avg_power_w,7.5,0.0003406181078759039
estimators,lmmse,avg_power_w,8.0,0.00029939891714094705
estimators,lmmse,avg_power_w,8.5,0.0003384590785380318
estimators,lmmse,avg_power_w,9.0,0.0003322347796504375
estimators,lmmse,avg_power_w,9.5,0.0003390618115738657
estimators,lmmse,avg_power_w,10.0,0.000337557985507926
estimators,lmmse,runtime_sec,-5.0,3.606705600017449
estimators,lmmse,runtime_sec,-4.5,4.4610608000075445
estimators,lmmse,runtime_sec,-4.0,5.3854722999967635
estimators,lmmse,runtime_sec,-3.5,7.324110400018981
estimators,lmmse,runtime_sec,-3.0,8.921450399997411
estimators,lmmse,runtime_sec,-2.5,16.06433749999269
estimators,lmmse,runtime_sec,-2.0,19.885757299984107
estimators,lmmse,runtime_sec,-1.5,27.65048250000109
estimators,lmmse,runtime_sec,-1.0,43.63089329999639
estimators,lmmse,runtime_sec,-0.5,69.30649240000639
estimators,lmmse,runtime_sec,0.0,100.74246629999834
estimators,lmmse,runtime_sec,0.5,114.17647590002161
estimators,lmmse,runtime_sec,1.0,115.95747039999696
estimators,lmmse,runtime_sec,1.5,1799.8019885999965
estimators,lmmse,runtime_sec,2.0,112.40160979999928
estimators,lmmse,runtime_sec,2.5,112.94663140000193
estimators,lmmse,runtime_sec,3.0,112.70818100002361
estimators,lmmse,runtime_sec,3.5,3.5160614000051282
estimators,lmmse,runtime_sec,4.0,112.91700509999646
estimators,lmmse,runtime_sec,4.5,3.5261326000036206
estimators,lmmse,runtime_sec,5.0,3.58947080001235
estimators,lmmse,runtime_sec,5.5,3.5365300999837928
estimators,lmmse,runtime_sec,6.0,3.5156218000047375
estimators,lmmse,runtime_sec,6.5,3.5279999999911524
estimators,lmmse,runtime_sec,7.0,3.5380109999969136
estimators,lmmse,runtime_sec,7.5,3.524356300011277
estimators,lmmse,runtime_sec,8.0,3.9421804000157863
estimators,lmmse,runtime_sec,8.5,3.532286799978465
estimators,lmmse,runtime_sec,9.0,3.600731500016991
estimators,lmmse,runtime_sec,9.5,3.542048400006024
estimators,lmmse,runtime_sec,10.0,3.5433588000014424
estimators,lmmse,bit_errors,-5.0,60925.0
estimators,lmmse,bit_errors,-4.5,54447.0
estimators,lmmse,bit_errors,-4.0,51733.0
estimators,lmmse,bit_errors,-3.5,46347.0
estimators,lmmse,bit_errors,-3.0,49710.0
estimators,lmmse,bit_errors,-2.5,45302.0
estimators,lmmse,bit_errors,-2.0,43579.0
estimators,lmmse,bit_errors,-1.5,46309.0
estimators,lmmse,bit_errors,-1.0,42368.0
estimators,lmmse,bit_errors,-0.5,45838.0
estimators,lmmse,bit_errors,0.0,41139.0
estimators,lmmse,bit_errors,0.5,31314.0
estimators,lmmse,bit_errors,1.0,27481.0
estimators,lmmse,bit_errors,1.5,21871.0
estimators,lmmse,bit_errors,2.0,15801.0
estimators,lmmse,bit_errors,2.5,10321.0
estimators,lmmse,bit_errors,3.0,11213.0
estimators,lmmse,bit_errors,3.5,0.0
estimators,lmmse,bit_errors,4.0,4298.0
estimators,lmmse,bit_errors,4.5,0.0
estimators,lmmse,bit_errors,5.0,0.0
estimators,lmmse,bit_errors,5.5,0.0
estimators,lmmse,bit_errors,6.0,0.0
estimators,lmmse,bit_errors,6.5,0.0
estimators,lmmse,bit_errors,7.0,0.0
estimators,lmmse,bit_errors,7.5,0.0
estimators,lmmse,bit_errors,8.0,0.0
estimators,lmmse,bit_errors,8.5,0.0
estimators,lmmse,bit_errors,9.0,0.0
estimators,lmmse,bit_errors,9.5,0.0
estimators,lmmse,bit_errors,10.0,0.0
estimators,lmmse,total_bits,-5.0,393216.0
estimators,lmmse,total_bits,-4.5,491520.0
estimators,lmmse,total_bits,-4.0,589824.0
estimators,lmmse,total_bits,-3.5,786432.0
estimators,lmmse,total_bits,-3.0,983040.0
estimators,lmmse,total_bits,-2.5,1769472.0
estimators,lmmse,total_bits,-2.0,2162688.0
estimators,lmmse,total_bits,-1.5,3047424.0
estimators,lmmse,total_bits,-1.0,4816896.0
estimators,lmmse,total_bits,-0.5,7667712.0
estimators,lmmse,total_bits,0.0,11108352.0
estimators,lmmse,total_bits,0.5,12582912.0
estimators,lmmse,total_bits,1.0,12582912.0
estimators,lmmse,total_bits,1.5,12582912.0
estimators,lmmse,total_bits,2.0,12582912.0
estimators,lmmse,total_bits,2.5,12582912.0
estimators,lmmse,total_bits,3.0,12582912.0
estimators,lmmse,total_bits,3.5,393216.0
estimators,lmmse,total_bits,4.0,12582912.0
estimators,lmmse,total_bits,4.5,393216.0
estimators,lmmse,total_bits,5.0,393216.0
estimators,lmmse,total_bits,5.5,393216.0
estimators,lmmse,total_bits,6.0,393216.0
estimators,lmmse,total_bits,6.5,393216.0
estimators,lmmse,total_bits,7.0,393216.0
estimators,lmmse,total_bits,7.5,393216.0
estimators,lmmse,total_bits,8.0,393216.0
estimators,lmmse,total_bits,8.5,393216.0
estimators,lmmse,total_bits,9.0,393216.0
estimators,lmmse,total_bits,9.5,393216.0
estimators,lmmse,total_bits,10.0,393216.0
estimators,lmmse,block_errors,-5.0,221.0
estimators,lmmse,block_errors,-4.5,231.0
estimators,lmmse,block_errors,-4.0,213.0
estimators,lmmse,block_errors,-3.5,203.0
estimators,lmmse,block_errors,-3.0,211.0
estimators,lmmse,block_errors,-2.5,219.0
estimators,lmmse,block_errors,-2.0,202.0
estimators,lmmse,block_errors,-1.5,203.0
estimators,lmmse,block_errors,-1.0,203.0
estimators,lmmse,block_errors,-0.5,200.0
estimators,lmmse,block_errors,0.0,201.0
estimators,lmmse,block_errors,0.5,143.0
estimators,lmmse,block_errors,1.0,113.0
estimators,lmmse,block_errors,1.5,88.0
estimators,lmmse,block_errors,2.0,61.0
estimators,lmmse,block_errors,2.5,39.0
estimators,lmmse,block_errors,3.0,41.0
estimators,lmmse,block_errors,3.5,0.0
estimators,lmmse,block_errors,4.0,16.0
estimators,lmmse,block_errors,4.5,0.0
estimators,lmmse,block_errors,5.0,0.0
estimators,lmmse,block_errors,5.5,0.0
estimators,lmmse,block_errors,6.0,0.0
estimators,lmmse,block_errors,6.5,0.0
estimators,lmmse,block_errors,7.0,0.0
estimators,lmmse,block_errors,7.5,0.0
estimators,lmmse,block_errors,8.0,0.0
estimators,lmmse,block_errors,8.5,0.0
estimators,lmmse,block_errors,9.0,0.0
estimators,lmmse,block_errors,9.5,0.0
estimators,lmmse,block_errors,10.0,0.0
estimators,lmmse,total_blocks,-5.0,256.0
estimators,lmmse,total_blocks,-4.5,320.0
estimators,lmmse,total_blocks,-4.0,384.0
estimators,lmmse,total_blocks,-3.5,512.0
estimators,lmmse,total_blocks,-3.0,640.0
estimators,lmmse,total_blocks,-2.5,1152.0
estimators,lmmse,total_blocks,-2.0,1408.0
estimators,lmmse,total_blocks,-1.5,1984.0
estimators,lmmse,total_blocks,-1.0,3136.0
estimators,lmmse,total_blocks,-0.5,4992.0
estimators,lmmse,total_blocks,0.0,7232.0
estimators,lmmse,total_blocks,0.5,8192.0
estimators,lmmse,total_blocks,1.0,8192.0
estimators,lmmse,total_blocks,1.5,8192.0
estimators,lmmse,total_blocks,2.0,8192.0
estimators,lmmse,total_blocks,2.5,8192.0
estimators,lmmse,total_blocks,3.0,8192.0
estimators,lmmse,total_blocks,3.5,256.0
estimators,lmmse,total_blocks,4.0,8192.0
estimators,lmmse,total_blocks,4.5,256.0
estimators,lmmse,total_blocks,5.0,256.0
estimators,lmmse,total_blocks,5.5,256.0
estimators,lmmse,total_blocks,6.0,256.0
estimators,lmmse,total_blocks,6.5,256.0
estimators,lmmse,total_blocks,7.0,256.0
estimators,lmmse,total_blocks,7.5,256.0
estimators,lmmse,total_blocks,8.0,256.0
estimators,lmmse,total_blocks,8.5,256.0
estimators,lmmse,total_blocks,9.0,256.0
estimators,lmmse,total_blocks,9.5,256.0
estimators,lmmse,total_blocks,10.0,256.0
estimators,lmmse,num_batches,-5.0,4.0
estimators,lmmse,num_batches,-4.5,5.0
estimators,lmmse,num_batches,-4.0,6.0
estimators,lmmse,num_batches,-3.5,8.0
estimators,lmmse,num_batches,-3.0,10.0
estimators,lmmse,num_batches,-2.5,18.0
estimators,lmmse,num_batches,-2.0,22.0
estimators,lmmse,num_batches,-1.5,31.0
estimators,lmmse,num_batches,-1.0,49.0
estimators,lmmse,num_batches,-0.5,78.0
estimators,lmmse,num_batches,0.0,113.0
estimators,lmmse,num_batches,0.5,128.0
estimators,lmmse,num_batches,1.0,128.0
estimators,lmmse,num_batches,1.5,128.0
estimators,lmmse,num_batches,2.0,128.0
estimators,lmmse,num_batches,2.5,128.0
estimators,lmmse,num_batches,3.0,128.0
estimators,lmmse,num_batches,3.5,4.0
estimators,lmmse,num_batches,4.0,128.0
estimators,lmmse,num_batches,4.5,4.0
estimators,lmmse,num_batches,5.0,4.0
estimators,lmmse,num_batches,5.5,4.0
estimators,lmmse,num_batches,6.0,4.0
estimators,lmmse,num_batches,6.5,4.0
estimators,lmmse,num_batches,7.0,4.0
estimators,lmmse,num_batches,7.5,4.0
estimators,lmmse,num_batches,8.0,4.0
estimators,lmmse,num_batches,8.5,4.0
estimators,lmmse,num_batches,9.0,4.0
estimators,lmmse,num_batches,9.5,4.0
estimators,lmmse,num_batches,10.0,4.0
estimators,lmmse,runtime_total_sec,,2834.3233809000812
estimators,adaptive,ber,-5.0,0.16552734375
estimators,adaptive,ber,-4.5,0.11222330729166667
estimators,adaptive,ber,-4.0,0.08354865180121528
estimators,adaptive,ber,-3.5,0.06634902954101562
estimators,adaptive,ber,-3.0,0.043534712357954544
estimators,adaptive,ber,-2.5,0.03114691840277778
estimators,adaptive,ber,-2.0,0.018203514209692028
estimators,adaptive,ber,-1.5,0.012568438494646991
estimators,adaptive,ber,-1.0,0.009390610914963942
estimators,adaptive,ber,-0.5,0.006194781809345657
estimators,adaptive,ber,0.0,0.004775594075520834
estimators,adaptive,ber,0.5,0.002777258555094401
estimators,adaptive,ber,1.0,0.001938184102376302
estimators,adaptive,ber,1.5,0.0015899340311686199
estimators,adaptive,ber,2.0,0.0014544328053792317
estimators,adaptive,ber,2.5,0.0
estimators,adaptive,ber,3.0,0.0003819465637207031
estimators,adaptive,ber,3.5,0.0003445943196614583
estimators,adaptive,ber,4.0,0.0
estimators,adaptive,ber,4.5,0.0
estimators,adaptive,ber,5.0,0.0
estimators,adaptive,ber,5.5,0.0
estimators,adaptive,ber,6.0,0.0
estimators,adaptive,ber,6.5,0.0
estimators,adaptive,ber,7.0,0.0
estimators,adaptive,ber,7.5,0.0
estimators,adaptive,ber,8.0,0.0
estimators,adaptive,ber,8.5,0.0
estimators,adaptive,ber,9.0,0.0
estimators,adaptive,ber,9.5,0.0
estimators,adaptive,ber,10.0,0.0
estimators,adaptive,ber_upper_confidence,-5.0,0.1665045276716273
estimators,adaptive,ber_upper_confidence,-4.5,0.11296598543710874
estimators,adaptive,ber_upper_confidence,-4.0,0.08414320311539658
estimators,adaptive,ber_upper_confidence,-3.5,0.06681216600801665
estimators,adaptive,ber_upper_confidence,-3.0,0.043858629478010516
estimators,adaptive,ber_upper_confidence,-2.5,0.03138308576477647
estimators,adaptive,ber_upper_confidence,-2.0,0.018350331757533558
estimators,adaptive,ber_upper_confidence,-1.5,0.01266621756002982
estimators,adaptive,ber_upper_confidence,-1.0,0.009461038887324445
estimators,adaptive,ber_upper_confidence,-0.5,0.006243824892538353
estimators,adaptive,ber_upper_confidence,0.0,0.004811897906093805
estimators,adaptive,ber_upper_confidence,0.5,0.0028017685689293195
estimators,adaptive,ber_upper_confidence,1.0,0.0019586859661087012
estimators,adaptive,ber_upper_confidence,1.5,0.001608516347570469
estimators,adaptive,ber_upper_confidence,2.0,0.001472211581859114
estimators,adaptive,ber_upper_confidence,2.5,7.618541141647314e-06
estimators,adaptive,ber_upper_confidence,3.0,0.00039111518576333607
estimators,adaptive,ber_upper_confidence,3.5,0.000353308712163073
estimators,adaptive,ber_upper_confidence,4.0,7.618541141647314e-06
estimators,adaptive,ber_upper_confidence,4.5,7.618541141647314e-06
estimators,adaptive,ber_upper_confidence,5.0,7.618541141647314e-06
estimators,adaptive,ber_upper_confidence,5.5,7.618541141647314e-06
estimators,adaptive,ber_upper_confidence,6.0,7.618541141647314e-06
estimators,adaptive,ber_upper_confidence,6.5,7.618541141647314e-06
estimators,adaptive,ber_upper_confidence,7.0,7.618541141647314e-06
estimators,adaptive,ber_upper_confidence,7.5,7.618541141647314e-06
estimators,adaptive,ber_upper_confidence,8.0,7.618541141647314e-06
estimators,adaptive,ber_upper_confidence,8.5,7.618541141647314e-06
estimators,adaptive,ber_upper_confidence,9.0,7.618541141647314e-06
estimators,adaptive,ber_upper_confidence,9.5,7.618541141647314e-06
estimators,adaptive,ber_upper_confidence,10.0,7.618541141647314e-06
estimators,adaptive,latency_ms,-5.0,550.0528583335418
estimators,adaptive,latency_ms,-4.5,548.2641633414042
estimators,adaptive,latency_ms,-4.0,547.5716333310819
estimators,adaptive,latency_ms,-3.5,549.4170208341112
estimators,adaptive,latency_ms,-3.0,547.5573833306123
estimators,adaptive,latency_ms,-2.5,548.8092166670754
estimators,adaptive,latency_ms,-2.0,550.0721137653132
estimators,adaptive,latency_ms,-1.5,549.8699694449881
estimators,adaptive,latency_ms,-1.0,550.2576621770804
estimators,adaptive,latency_ms,-0.5,549.4639227676028
estimators,adaptive,latency_ms,0.0,551.3891663335694
estimators,adaptive,latency_ms,0.5,551.5308700520608
estimators,adaptive,latency_ms,1.0,553.9739513036737
estimators,adaptive,latency_ms,1.5,555.7848591160154
estimators,adaptive,latency_ms,2.0,554.2549614569042
estimators,adaptive,latency_ms,2.5,550.7154333292002
estimators,adaptive,latency_ms,3.0,555.1031278643267
estimators,adaptive,latency_ms,3.5,554.8753880204048
estimators,adaptive,latency_ms,4.0,552.97643333793
estimators,adaptive,latency_ms,4.5,555.91650833699
estimators,adaptive,latency_ms,5.0,554.632058328165
estimators,adaptive,latency_ms,5.5,553.5792833299221
estimators,adaptive,latency_ms,6.0,555.8664583342344
estimators,adaptive,latency_ms,6.5,553.7130333297265
estimators,adaptive,latency_ms,7.0,556.6658833241983
estimators,adaptive,latency_ms,7.5,554.777408336262
estimators,adaptive,latency_ms,8.0,554.6696583307076
estimators,adaptive,latency_ms,8.5,556.9132833308269
estimators,adaptive,latency_ms,9.0,555.8659583304271
estimators,adaptive,latency_ms,9.5,553.6653583305034
estimators,adaptive,latency_ms,10.0,558.2421083428509
estimators,adaptive,throughput_bits_per_batch,-5.0,82032.0
estimators,adaptive,throughput_bits_per_batch,-4.5,87272.0
estimators,adaptive,throughput_bits_per_batch,-4.0,90090.83333333333
estimators,adaptive,throughput_bits_per_batch,-3.5,91781.625
estimators,adaptive,throughput_bits_per_batch,-3.0,94024.36363636363
estimators,adaptive,throughput_bits_per_batch,-2.5,95242.13333333333
estimators,adaptive,throughput_bits_per_batch,-2.0,96514.52173913043
estimators,adaptive,throughput_bits_per_batch,-1.5,97068.47222222222
estimators,adaptive,throughput_bits_per_batch,-1.0,97380.86538461539
estimators,adaptive,throughput_bits_per_batch,-0.5,97695.02816901408
estimators,adaptive,throughput_bits_per_batch,0.0,97834.54
estimators,adaptive,throughput_bits_per_batch,0.5,98030.984375
estimators,adaptive,throughput_bits_per_batch,1.0,98113.46875
estimators,adaptive,throughput_bits_per_batch,1.5,98147.703125
estimators,adaptive,throughput_bits_per_batch,2.0,98161.0234375
estimators,adaptive,throughput_bits_per_batch,2.5,98304.0
estimators,adaptive,throughput_bits_per_batch,3.0,98266.453125
estimators,adaptive,throughput_bits_per_batch,3.5,98270.125
estimators,adaptive,throughput_bits_per_batch,4.0,98304.0
estimators,adaptive,throughput_bits_per_batch,4.5,98304.0
estimators,adaptive,throughput_bits_per_batch,5.0,98304.0
estimators,adaptive,throughput_bits_per_batch,5.5,98304.0
estimators,adaptive,throughput_bits_per_batch,6.0,98304.0
estimators,adaptive,throughput_bits_per_batch,6.5,98304.0
estimators,adaptive,throughput_bits_per_batch,7.0,98304.0
estimators,adaptive,throughput_bits_per_batch,7.5,98304.0
estimators,adaptive,throughput_bits_per_batch,8.0,98304.0
estimators,adaptive,throughput_bits_per_batch,8.5,98304.0
estimators,adaptive,throughput_bits_per_batch,9.0,98304.0
estimators,adaptive,throughput_bits_per_batch,9.5,98304.0
estimators,adaptive,throughput_bits_per_batch,10.0,98304.0
estimators,adaptive,energy_joules_per_batch,-5.0,0.00018645100000000002
estimators,adaptive,energy_joules_per_batch,-4.5,0.00018645100000000002
estimators,adaptive,energy_joules_per_batch,-4.0,0.00018645100000000002
estimators,adaptive,energy_joules_per_batch,-3.5,0.00018645100000000002
estimators,adaptive,energy_joules_per_batch,-3.0,0.00018645100000000005
estimators,adaptive,energy_joules_per_batch,-2.5,0.0001864510000000001
estimators,adaptive,energy_joules_per_batch,-2.0,0.00018645100000000008
estimators,adaptive,energy_joules_per_batch,-1.5,0.00018645099999999997
estimators,adaptive,energy_joules_per_batch,-1.0,0.00018645100000000008
estimators,adaptive,energy_joules_per_batch,-0.5,0.00018645100000000027
estimators,adaptive,energy_joules_per_batch,0.0,0.00018645100000000035
estimators,adaptive,energy_joules_per_batch,0.5,0.00018645100000000043
estimators,adaptive,energy_joules_per_batch,1.0,0.00018645100000000043
estimators,adaptive,energy_joules_per_batch,1.5,0.00018645100000000043
estimators,adaptive,energy_joules_per_batch,2.0,0.00018645100000000043
estimators,adaptive,energy_joules_per_batch,2.5,0.00018645100000000002
estimators,adaptive,energy_joules_per_batch,3.0,0.00018645100000000043
estimators,adaptive,energy_joules_per_batch,3.5,0.00018645100000000043
estimators,adaptive,energy_joules_per_batch,4.0,0.00018645100000000002
estimators,adaptive,energy_joules_per_batch,4.5,0.00018645100000000002
estimators,adaptive,energy_joules_per_batch,5.0,0.00018645100000000002
estimators,adaptive,energy_joules_per_batch,5.5,0.00018645100000000002
estimators,adaptive,energy_joules_per_batch,6.0,0.00018645100000000005
estimators,adaptive,energy_joules_per_batch,6.5,0.00018645100000000002
estimators,adaptive,energy_joules_per_batch,7.0,0.00018645100000000002
estimators,adaptive,energy_joules_per_batch,7.5,0.00018645100000000002
estimators,adaptive,energy_joules_per_batch,8.0,0.00018645100000000002
estimators,adaptive,energy_joules_per_batch,8.5,0.00018645100000000002
estimators,adaptive,energy_joules_per_batch,9.0,0.00018645100000000005
estimators,adaptive,energy_joules_per_batch,9.5,0.00018645100000000002
estimators,adaptive,energy_joules_per_batch,10.0,0.00018645100000000002
estimators,adaptive,avg_power_w,-5.0,0.00033896924118325295
estimators,adaptive,avg_power_w,-4.5,0.00034007511792065996
estimators,adaptive,avg_power_w,-4.0,0.0003405052209621401
estimators,adaptive,avg_power_w,-3.5,0.0003393615285469947
estimators,adaptive,avg_power_w,-3.0,0.00034051408249831215
estimators,adaptive,avg_power_w,-2.5,0.00033973737017814525
estimators,adaptive,avg_power_w,-2.0,0.0003389573754679534
estimators,adaptive,avg_power_w,-1.5,0.00033908198367005657
estimators,adaptive,avg_power_w,-1.0,0.00033884307809965144
estimators,adaptive,avg_power_w,-0.5,0.00033933256083650134
estimators,adaptive,avg_power_w,0.0,0.00033814773917267106
estimators,adaptive,avg_power_w,0.5,0.0003380608595533387
estimators,adaptive,avg_power_w,1.0,0.0003365699769117717
estimators,adaptive,avg_power_w,1.5,0.000335473334585893
estimators,adaptive,avg_power_w,2.0,0.000336399334179885
estimators,adaptive,avg_power_w,2.5,0.00033856142159093173
estimators,adaptive,avg_power_w,3.0,0.00033588533488784647
estimators,adaptive,avg_power_w,3.5,0.00033602319372136926
estimators,adaptive,avg_power_w,4.0,0.00033717711779239197
estimators,adaptive,avg_power_w,4.5,0.000335393889556839
estimators,adaptive,avg_power_w,5.0,0.00033617061473514853
estimators,adaptive,avg_power_w,5.5,0.0003368099306000925
estimators,adaptive,avg_power_w,6.0,0.0003354240882940445
estimators,adaptive,avg_power_w,6.5,0.0003367285737862913
estimators,adaptive,avg_power_w,7.0,0.0003349423874992753
estimators,adaptive,avg_power_w,7.5,0.00033608253904778365
estimators,adaptive,avg_power_w,8.0,0.00033614782636773213
estimators,adaptive,avg_power_w,8.5,0.0003347935945877615
estimators,adaptive,avg_power_w,9.0,0.0003354243900094467
estimators,adaptive,avg_power_w,9.5,0.00033675756879970897
estimators,adaptive,avg_power_w,10.0,0.0003339966606128697
estimators,adaptive,runtime_sec,-5.0,3.557818800007226
estimators,adaptive,runtime_sec,-4.5,4.42339529999299
estimators,adaptive,runtime_sec,-4.0,5.304859600000782
estimators,adaptive,runtime_sec,-3.5,7.088817800016841
estimators,adaptive,runtime_sec,-3.0,9.727897700009635
estimators,adaptive,runtime_sec,-2.5,13.276912000001175
estimators,adaptive,runtime_sec,-2.0,20.42670640000142
estimators,adaptive,runtime_sec,-1.5,31.94244179999805
estimators,adaptive,runtime_sec,-1.0,46.15440279999166
estimators,adaptive,runtime_sec,-0.5,62.90880229999311
estimators,adaptive,runtime_sec,0.0,88.92609900000389
estimators,adaptive,runtime_sec,0.5,113.81369889999041
estimators,adaptive,runtime_sec,1.0,114.14290609999443
estimators,adaptive,runtime_sec,1.5,114.61275699999533
estimators,adaptive,runtime_sec,2.0,114.23120720000588
estimators,adaptive,runtime_sec,2.5,3.5564729000034276
estimators,adaptive,runtime_sec,3.0,114.33151310001267
estimators,adaptive,runtime_sec,3.5,114.3296832999913
estimators,adaptive,runtime_sec,4.0,3.5642545000009704
estimators,adaptive,runtime_sec,4.5,3.5757565000094473
estimators,adaptive,runtime_sec,5.0,3.566785900009563
estimators,adaptive,runtime_sec,5.5,3.562923800025601
estimators,adaptive,runtime_sec,6.0,3.596159400010947
estimators,adaptive,runtime_sec,6.5,3.593029099982232
estimators,adaptive,runtime_sec,7.0,3.605488899978809
estimators,adaptive,runtime_sec,7.5,3.6020827000029385
estimators,adaptive,runtime_sec,8.0,3.5937442000140436
estimators,adaptive,runtime_sec,8.5,3.6031963999848813
estimators,adaptive,runtime_sec,9.0,3.595961900020484
estimators,adaptive,runtime_sec,9.5,3.5942046999989543
estimators,adaptive,runtime_sec,10.0,3.606831899989629
estimators,adaptive,bit_errors,-5.0,65088.0
estimators,adaptive,bit_errors,-4.5,55160.0
estimators,adaptive,bit_errors,-4.0,49279.0
estimators,adaptive,bit_errors,-3.5,52179.0
estimators,adaptive,bit_errors,-3.0,47076.0
estimators,adaptive,bit_errors,-2.5,45928.0
estimators,adaptive,bit_errors,-2.0,41158.0
estimators,adaptive,bit_errors,-1.5,44479.0
estimators,adaptive,bit_errors,-1.0,48003.0
estimators,adaptive,bit_errors,-0.5,43237.0
estimators,adaptive,bit_errors,0.0,46946.0
estimators,adaptive,bit_errors,0.5,34946.0
estimators,adaptive,bit_errors,1.0,24388.0
estimators,adaptive,bit_errors,1.5,20006.0
estimators,adaptive,bit_errors,2.0,18301.0
estimators,adaptive,bit_errors,2.5,0.0
estimators,adaptive,bit_errors,3.0,4806.0
estimators,adaptive,bit_errors,3.5,4336.0
estimators,adaptive,bit_errors,4.0,0.0
estimators,adaptive,bit_errors,4.5,0.0
estimators,adaptive,bit_errors,5.0,0.0
estimators,adaptive,bit_errors,5.5,0.0
estimators,adaptive,bit_errors,6.0,0.0
estimators,adaptive,bit_errors,6.5,0.0
estimators,adaptive,bit_errors,7.0,0.0
estimators,adaptive,bit_errors,7.5,0.0
estimators,adaptive,bit_errors,8.0,0.0
estimators,adaptive,bit_errors,8.5,0.0
estimators,adaptive,bit_errors,9.0,0.0
estimators,adaptive,bit_errors,9.5,0.0
estimators,adaptive,bit_errors,10.0,0.0
estimators,adaptive,total_bits,-5.0,393216.0
estimators,adaptive,total_bits,-4.5,491520.0
estimators,adaptive,total_bits,-4.0,589824.0
estimators,adaptive,total_bits,-3.5,786432.0
estimators,adaptive,total_bits,-3.0,1081344.0
estimators,adaptive,total_bits,-2.5,1474560.0
estimators,adaptive,total_bits,-2.0,2260992.0
estimators,adaptive,total_bits,-1.5,3538944.0
estimators,adaptive,total_bits,-1.0,5111808.0
estimators,adaptive,total_bits,-0.5,6979584.0
estimators,adaptive,total_bits,0.0,9830400.0
estimators,adaptive,total_bits,0.5,12582912.0
estimators,adaptive,total_bits,1.0,12582912.0
estimators,adaptive,total_bits,1.5,12582912.0
estimators,adaptive,total_bits,2.0,12582912.0
estimators,adaptive,total_bits,2.5,393216.0
estimators,adaptive,total_bits,3.0,12582912.0
estimators,adaptive,total_bits,3.5,12582912.0
estimators,adaptive,total_bits,4.0,393216.0
estimators,adaptive,total_bits,4.5,393216.0
estimators,adaptive,total_bits,5.0,393216.0
estimators,adaptive,total_bits,5.5,393216.0
estimators,adaptive,total_bits,6.0,393216.0
estimators,adaptive,total_bits,6.5,393216.0
estimators,adaptive,total_bits,7.0,393216.0
estimators,adaptive,total_bits,7.5,393216.0
estimators,adaptive,total_bits,8.0,393216.0
estimators,adaptive,total_bits,8.5,393216.0
estimators,adaptive,total_bits,9.0,393216.0
estimators,adaptive,total_bits,9.5,393216.0
estimators,adaptive,total_bits,10.0,393216.0
estimators,adaptive,block_errors,-5.0,228.0
estimators,adaptive,block_errors,-4.5,223.0
estimators,adaptive,block_errors,-4.0,213.0
estimators,adaptive,block_errors,-3.5,233.0
estimators,adaptive,block_errors,-3.0,210.0
estimators,adaptive,block_errors,-2.5,200.0
estimators,adaptive,block_errors,-2.0,204.0
estimators,adaptive,block_errors,-1.5,202.0
estimators,adaptive,block_errors,-1.0,201.0
estimators,adaptive,block_errors,-0.5,200.0
estimators,adaptive,block_errors,0.0,203.0
estimators,adaptive,block_errors,0.5,147.0
estimators,adaptive,block_errors,1.0,101.0
estimators,adaptive,block_errors,1.5,82.0
estimators,adaptive,block_errors,2.0,65.0
estimators,adaptive,block_errors,2.5,0.0
estimators,adaptive,block_errors,3.0,21.0
estimators,adaptive,block_errors,3.5,18.0
estimators,adaptive,block_errors,4.0,0.0
estimators,adaptive,block_errors,4.5,0.0
estimators,adaptive,block_errors,5.0,0.0
estimators,adaptive,block_errors,5.5,0.0
estimators,adaptive,block_errors,6.0,0.0
estimators,adaptive,block_errors,6.5,0.0
estimators,adaptive,block_errors,7.0,0.0
estimators,adaptive,block_errors,7.5,0.0
estimators,adaptive,block_errors,8.0,0.0
estimators,adaptive,block_errors,8.5,0.0
estimators,adaptive,block_errors,9.0,0.0
estimators,adaptive,block_errors,9.5,0.0
estimators,adaptive,block_errors,10.0,0.0
estimators,adaptive,total_blocks,-5.0,256.0
estimators,adaptive,total_blocks,-4.5,320.0
estimators,adaptive,total_blocks,-4.0,384.0
estimators,adaptive,total_blocks,-3.5,512.0
estimators,adaptive,total_blocks,-3.0,704.0
estimators,adaptive,total_blocks,-2.5,960.0
estimators,adaptive,total_blocks,-2.0,1472.0
estimators,adaptive,total_blocks,-1.5,2304.0
estimators,adaptive,total_blocks,-1.0,3328.0
estimators,adaptive,total_blocks,-0.5,4544.0
estimators,adaptive,total_blocks,0.0,6400.0
estimators,adaptive,total_blocks,0.5,8192.0
estimators,adaptive,total_blocks,1.0,8192.0
estimators,adaptive,total_blocks,1.5,8192.0
estimators,adaptive,total_blocks,2.0,8192.0
estimators,adaptive,total_blocks,2.5,256.0
estimators,adaptive,total_blocks,3.0,8192.0
estimators,adaptive,total_blocks,3.5,8192.0
estimators,adaptive,total_blocks,4.0,256.0
estimators,adaptive,total_blocks,4.5,256.0
estimators,adaptive,total_blocks,5.0,256.0
estimators,adaptive,total_blocks,5.5,256.0
estimators,adaptive,total_blocks,6.0,256.0
estimators,adaptive,total_blocks,6.5,256.0
estimators,adaptive,total_blocks,7.0,256.0
estimators,adaptive,total_blocks,7.5,256.0
estimators,adaptive,total_blocks,8.0,256.0
estimators,adaptive,total_blocks,8.5,256.0
estimators,adaptive,total_blocks,9.0,256.0
estimators,adaptive,total_blocks,9.5,256.0
estimators,adaptive,total_blocks,10.0,256.0
estimators,adaptive,num_batches,-5.0,4.0
estimators,adaptive,num_batches,-4.5,5.0
estimators,adaptive,num_batches,-4.0,6.0
estimators,adaptive,num_batches,-3.5,8.0
estimators,adaptive,num_batches,-3.0,11.0
estimators,adaptive,num_batches,-2.5,15.0
estimators,adaptive,num_batches,-2.0,23.0
estimators,adaptive,num_batches,-1.5,36.0
estimators,adaptive,num_batches,-1.0,52.0
estimators,adaptive,num_batches,-0.5,71.0
estimators,adaptive,num_batches,0.0,100.0
estimators,adaptive,num_batches,0.5,128.0
estimators,adaptive,num_batches,1.0,128.0
estimators,adaptive,num_batches,1.5,128.0
estimators,adaptive,num_batches,2.0,128.0
estimators,adaptive,num_batches,2.5,4.0
estimators,adaptive,num_batches,3.0,128.0
estimators,adaptive,num_batches,3.5,128.0
estimators,adaptive,num_batches,4.0,4.0
estimators,adaptive,num_batches,4.5,4.0
estimators,adaptive,num_batches,5.0,4.0
estimators,adaptive,num_batches,5.5,4.0
estimators,adaptive,num_batches,6.0,4.0
estimators,adaptive,num_batches,6.5,4.0
estimators,adaptive,num_batches,7.0,4.0
estimators,adaptive,num_batches,7.5,4.0
estimators,adaptive,num_batches,8.0,4.0
estimators,adaptive,num_batches,8.5,4.0
estimators,adaptive,num_batches,9.0,4.0
estimators,adaptive,num_batches,9.5,4.0
estimators,adaptive,num_batches,10.0,4.0
estimators,adaptive,runtime_total_sec,,1029.4168119000387
estimators,pso,ber,-5.0,0.22864532470703125
estimators,pso,ber,-4.5,0.2159703572591146
estimators,pso,ber,-4.0,0.1919733683268229
estimators,pso,ber,-3.5,0.17161865234375
estimators,pso,ber,-3.0,0.13784586588541667
estimators,pso,ber,-2.5,0.12979295518663195
estimators,pso,ber,-2.0,0.1186557345920139
estimators,pso,ber,-1.5,0.10465349469866071
estimators,pso,ber,-1.0,0.09519322713216145
estimators,pso,ber,-0.5,0.07493873878761574
estimators,pso,ber,0.0,0.07369283040364584
estimators,pso,ber,0.5,0.07253214518229166
estimators,pso,ber,1.0,0.07200520833333333
estimators,pso,ber,1.5,0.06385387073863637
estimators,pso,ber,2.0,0.06708411014441287
estimators,pso,ber,2.5,0.0661502414279514
estimators,pso,ber,3.0,0.0710720486111111
estimators,pso,ber,3.5,0.05651312934027778
estimators,pso,ber,4.0,0.06057113256209936
estimators,pso,ber,4.5,0.05324910481770833
estimators,pso,ber,5.0,0.05537632533482143
estimators,pso,ber,5.5,0.05110486348470052
estimators,pso,ber,6.0,0.05983770461309524
estimators,pso,ber,6.5,0.06320033929286858
estimators,pso,ber,7.0,0.051981608072916664
estimators,pso,ber,7.5,0.06068638392857143
estimators,pso,ber,8.0,0.0744230482313368
estimators,pso,ber,8.5,0.06469508579799108
estimators,pso,ber,9.0,0.06847296820746528
estimators,pso,ber,9.5,0.05915614536830357
estimators,pso,ber,10.0,0.05351829528808594
estimators,pso,ber_upper_confidence,-5.0,0.2297487793089351
estimators,pso,ber_upper_confidence,-4.5,0.21705169110939354
estimators,pso,ber_upper_confidence,-4.0,0.19300859259292324
estimators,pso,ber_upper_confidence,-3.5,0.1725050738130721
estimators,pso,ber_upper_confidence,-3.0,0.13865666858943418
estimators,pso,ber_upper_confidence,-2.5,0.13051443885405373
estimators,pso,ber_upper_confidence,-2.0,0.11935008557192242
estimators,pso,ber_upper_confidence,-1.5,0.10526201689296456
estimators,pso,ber_upper_confidence,-1.0,0.09573896985208338
estimators,pso,ber_upper_confidence,-0.5,0.07540046470611647
estimators,pso,ber_upper_confidence,0.0,0.07412744748368025
estimators,pso,ber_upper_confidence,0.5,0.07296360782959678
estimators,pso,ber_upper_confidence,1.0,0.07243522837985183
estimators,pso,ber_upper_confidence,1.5,0.06424169561437086
estimators,pso,ber_upper_confidence,2.0,0.06748090371958408
estimators,pso,ber_upper_confidence,2.5,0.06652764224500338
estimators,pso,ber_upper_confidence,3.0,0.07146216025449025
estimators,pso,ber_upper_confidence,3.5,0.05682672358559478
estimators,pso,ber_upper_confidence,4.0,0.060919147902973966
estimators,pso,ber_upper_confidence,4.5,0.05355406290160243
estimators,pso,ber_upper_confidence,5.0,0.055697878251038814
estimators,pso,ber_upper_confidence,5.5,0.05139445286001618
estimators,pso,ber_upper_confidence,6.0,0.06017112804097221
estimators,pso,ber_upper_confidence,6.5,0.06355530545719998
estimators,pso,ber_upper_confidence,7.0,0.0522647898569264
estimators,pso,ber_upper_confidence,7.5,0.061022004510748365
estimators,pso,ber_upper_confidence,8.0,0.07482150115071567
estimators,pso,ber_upper_confidence,8.5,0.06504083965556329
estimators,pso,ber_upper_confidence,9.0,0.06885643842415441
estimators,pso,ber_upper_confidence,9.5,0.05948779061927136
estimators,pso,ber_upper_confidence,10.0,0.05381424539460755
estimators,pso,latency_ms,-5.0,558.2190833348742
estimators,pso,latency_ms,-4.5,557.2604333403016
estimators,pso,latency_ms,-4.0,554.3593333251503
estimators,pso,latency_ms,-3.5,558.517403334876
estimators,pso,latency_ms,-3.0,554.8584233317835
estimators,pso,latency_ms,-2.5,554.1397166718108
estimators,pso,latency_ms,-2.0,553.3035499973456
estimators,pso,latency_ms,-1.5,552.8530547666742
estimators,pso,latency_ms,-1.0,553.3194833343751
estimators,pso,latency_ms,-0.5,558.4389055485682
estimators,pso,latency_ms,0.0,556.4558633388098
estimators,pso,latency_ms,0.5,552.2300033353115
estimators,pso,latency_ms,1.0,554.9854733358682
estimators,pso,latency_ms,1.5,554.2163378817594
estimators,pso,latency_ms,2.0,552.911983341941
estimators,pso,latency_ms,2.5,557.2859083281287
estimators,pso,latency_ms,3.0,556.6188333345849
estimators,pso,latency_ms,3.5,556.7344299991305
estimators,pso,latency_ms,4.0,557.1562448729034
estimators,pso,latency_ms,4.5,557.1515100084866
estimators,pso,latency_ms,5.0,557.5062261845596
estimators,pso,latency_ms,5.5,556.2945708344652
estimators,pso,latency_ms,6.0,555.2294976104063
estimators,pso,latency_ms,6.5,552.9084679529453
estimators,pso,latency_ms,7.0,554.8850127409167
estimators,pso,latency_ms,7.5,556.2238976214992
estimators,pso,latency_ms,8.0,555.395191666158
estimators,pso,latency_ms,8.5,554.8965476217459
estimators,pso,latency_ms,9.0,555.394208332613
estimators,pso,latency_ms,9.5,553.6137547569627
estimators,pso,latency_ms,10.0,556.4451520814638
estimators,pso,throughput_bits_per_batch,-5.0,75827.25
estimators,pso,throughput_bits_per_batch,-4.5,77073.25
estimators,pso,throughput_bits_per_batch,-4.0,79432.25
estimators,pso,throughput_bits_per_batch,-3.5,81433.2
estimators,pso,throughput_bits_per_batch,-3.0,84753.2
estimators,pso,throughput_bits_per_batch,-2.5,85544.83333333333
estimators,pso,throughput_bits_per_batch,-2.0,86639.66666666667
estimators,pso,throughput_bits_per_batch,-1.5,88016.14285714286
estimators,pso,throughput_bits_per_batch,-1.0,88946.125
estimators,pso,throughput_bits_per_batch,-0.5,90937.22222222222
estimators,pso,throughput_bits_per_batch,0.0,91059.7
estimators,pso,throughput_bits_per_batch,0.5,91173.8
estimators,pso,throughput_bits_per_batch,1.0,91225.6
estimators,pso,throughput_bits_per_batch,1.5,92026.90909090909
estimators,pso,throughput_bits_per_batch,2.0,91709.36363636363
estimators,pso,throughput_bits_per_batch,2.5,91801.16666666667
estimators,pso,throughput_bits_per_batch,3.0,91317.33333333333
estimators,pso,throughput_bits_per_batch,3.5,92748.53333333334
estimators,pso,throughput_bits_per_batch,4.0,92349.61538461539
estimators,pso,throughput_bits_per_batch,4.5,93069.4
estimators,pso,throughput_bits_per_batch,5.0,92860.28571428571
estimators,pso,throughput_bits_per_batch,5.5,93280.1875
estimators,pso,throughput_bits_per_batch,6.0,92421.71428571429
estimators,pso,throughput_bits_per_batch,6.5,92091.15384615384
estimators,pso,throughput_bits_per_batch,7.0,93194.0
estimators,pso,throughput_bits_per_batch,7.5,92338.28571428571
estimators,pso,throughput_bits_per_batch,8.0,90987.91666666667
estimators,pso,throughput_bits_per_batch,8.5,91944.21428571429
estimators,pso,throughput_bits_per_batch,9.0,91572.83333333333
estimators,pso,throughput_bits_per_batch,9.5,92488.71428571429
estimators,pso,throughput_bits_per_batch,10.0,93042.9375
estimators,pso,energy_joules_per_batch,-5.0,0.00018645100000000002
estimators,pso,energy_joules_per_batch,-4.5,0.00018645100000000005
estimators,pso,energy_joules_per_batch,-4.0,0.00018645100000000005
estimators,pso,energy_joules_per_batch,-3.5,0.00018645100000000002
estimators,pso,energy_joules_per_batch,-3.0,0.00018645100000000002
estimators,pso,energy_joules_per_batch,-2.5,0.00018645100000000002
estimators,pso,energy_joules_per_batch,-2.0,0.00018645100000000002
estimators,pso,energy_joules_per_batch,-1.5,0.00018645100000000002
estimators,pso,energy_joules_per_batch,-1.0,0.00018645100000000002
estimators,pso,energy_joules_per_batch,-0.5,0.00018645100000000002
estimators,pso,energy_joules_per_batch,0.0,0.00018645100000000002
estimators,pso,energy_joules_per_batch,0.5,0.00018645100000000002
estimators,pso,energy_joules_per_batch,1.0,0.00018645100000000002
estimators,pso,energy_joules_per_batch,1.5,0.00018645100000000005
estimators,pso,energy_joules_per_batch,2.0,0.00018645100000000005
estimators,pso,energy_joules_per_batch,2.5,0.00018645100000000002
estimators,pso,energy_joules_per_batch,3.0,0.00018645100000000002
estimators,pso,energy_joules_per_batch,3.5,0.00018645100000000008
estimators,pso,energy_joules_per_batch,4.0,0.00018645100000000008
estimators,pso,energy_joules_per_batch,4.5,0.00018645100000000005
estimators,pso,energy_joules_per_batch,5.0,0.00018645100000000005
estimators,pso,energy_joules_per_batch,5.5,0.0001864510000000001
estimators,pso,energy_joules_per_batch,6.0,0.00018645100000000008
estimators,pso,energy_joules_per_batch,6.5,0.00018645100000000008
estimators,pso,energy_joules_per_batch,7.0,0.0001864510000000001
estimators,pso,energy_joules_per_batch,7.5,0.00018645100000000005
estimators,pso,energy_joules_per_batch,8.0,0.00018645100000000002
estimators,pso,energy_joules_per_batch,8.5,0.00018645100000000005
estimators,pso,energy_joules_per_batch,9.0,0.00018645100000000005
estimators,pso,energy_joules_per_batch,9.5,0.00018645100000000002
estimators,pso,energy_joules_per_batch,10.0,0.00018645100000000008
estimators,pso,avg_power_w,-5.0,0.00033401043706015427
estimators,pso,avg_power_w,-4.5,0.00033458503214087013
estimators,pso,avg_power_w,-4.0,0.0003363359986773061
estimators,pso,avg_power_w,-3.5,0.0003338320326040184
estimators,pso,avg_power_w,-3.0,0.0003360334675653102
estimators,pso,avg_power_w,-2.5,0.00033646929536080444
estimators,pso,avg_power_w,-2.0,0.0003369777764861521
estimators,pso,avg_power_w,-1.5,0.0003372523646065223
estimators,pso,avg_power_w,-1.0,0.0003369680729050458
estimators,pso,avg_power_w,-0.5,0.00033387895819479956
estimators,pso,avg_power_w,0.0,0.0003350688029078695
estimators,pso,avg_power_w,0.5,0.0003376328683227808
estimators,pso,avg_power_w,1.0,0.00033595654113123595
estimators,pso,avg_power_w,1.5,0.0003364227779942837
estimators,pso,avg_power_w,2.0,0.00033721642072765843
estimators,pso,avg_power_w,2.5,0.0003345697373891214
estimators,pso,avg_power_w,3.0,0.0003349706995773243
estimators,pso,avg_power_w,3.5,0.0003349011484708989
estimators,pso,avg_power_w,4.0,0.0003346475996917752
estimators,pso,avg_power_w,4.5,0.0003346504436417304
estimators,pso,avg_power_w,5.0,0.0003344375205924183
estimators,pso,avg_power_w,5.5,0.0003351659530315311
estimators,pso,avg_power_w,6.0,0.00033580888768058414
estimators,pso,avg_power_w,6.5,0.0003372185647478052
estimators,pso,avg_power_w,7.0,0.0003360173652537568
estimators,pso,avg_power_w,7.5,0.0003352085388587111
estimators,pso,avg_power_w,8.0,0.00033570870399625945
estimators,pso,avg_power_w,8.5,0.00033601038031164207
estimators,pso,avg_power_w,9.0,0.00033570929837341545
estimators,pso,avg_power_w,9.5,0.0003367889587242143
estimators,pso,avg_power_w,10.0,0.00033507525279455314
estimators,pso,runtime_sec,-5.0,12.441667899984168
estimators,pso,runtime_sec,-4.5,12.402664499997627
estimators,pso,runtime_sec,-4.0,12.37297050000052
estimators,pso,runtime_sec,-3.5,15.53436540000257
estimators,pso,runtime_sec,-3.0,15.465328099991893
estimators,pso,runtime_sec,-2.5,18.630348900012905
estimators,pso,runtime_sec,-2.0,18.73716119999881
estimators,pso,runtime_sec,-1.5,21.65786969999317
estimators,pso,runtime_sec,-1.0,24.820879700011574
estimators,pso,runtime_sec,-0.5,28.37386989998049
estimators,pso,runtime_sec,0.0,31.20635350001976
estimators,pso,runtime_sec,0.5,31.23251689999597
estimators,pso,runtime_sec,1.0,31.194240999990143
estimators,pso,runtime_sec,1.5,34.13722269999562
estimators,pso,runtime_sec,2.0,33.99613079999108
estimators,pso,runtime_sec,2.5,37.09108730001026
estimators,pso,runtime_sec,3.0,37.03224490000866
estimators,pso,runtime_sec,3.5,46.15850130000035
estimators,pso,runtime_sec,4.0,40.08017080000718
estimators,pso,runtime_sec,4.5,46.28299690000131
estimators,pso,runtime_sec,5.0,43.04081139998743
estimators,pso,runtime_sec,5.5,49.305958900018595
estimators,pso,runtime_sec,6.0,43.21653630002402
estimators,pso,runtime_sec,6.5,39.99933229997987
estimators,pso,runtime_sec,7.0,52.984672599995974
estimators,pso,runtime_sec,7.5,43.38929429999553
estimators,pso,runtime_sec,8.0,37.19197110002278
estimators,pso,runtime_sec,8.5,43.370480300014606
estimators,pso,runtime_sec,9.0,37.05755440000212
estimators,pso,runtime_sec,9.5,43.40184340000269
estimators,pso,runtime_sec,10.0,50.006755999987945
estimators,pso,bit_errors,-5.0,89907.0
estimators,pso,bit_errors,-4.5,84923.0
estimators,pso,bit_errors,-4.0,75487.0
estimators,pso,bit_errors,-3.5,84354.0
estimators,pso,bit_errors,-3.0,67754.0
estimators,pso,bit_errors,-2.5,76555.0
estimators,pso,bit_errors,-2.0,69986.0
estimators,pso,bit_errors,-1.5,72015.0
estimators,pso,bit_errors,-1.0,74863.0
estimators,pso,bit_errors,-0.5,66301.0
estimators,pso,bit_errors,0.0,72443.0
estimators,pso,bit_errors,0.5,71302.0
estimators,pso,bit_errors,1.0,70784.0
estimators,pso,bit_errors,1.5,69048.0
estimators,pso,bit_errors,2.0,72541.0
estimators,pso,bit_errors,2.5,78034.0
estimators,pso,bit_errors,3.0,83840.0
estimators,pso,bit_errors,3.5,83332.0
estimators,pso,bit_errors,4.0,77407.0
estimators,pso,bit_errors,4.5,78519.0
estimators,pso,bit_errors,5.0,76212.0
estimators,pso,bit_errors,5.5,80381.0
estimators,pso,bit_errors,6.0,82352.0
estimators,pso,bit_errors,6.5,80767.0
estimators,pso,bit_errors,7.0,86870.0
estimators,pso,bit_errors,7.5,83520.0
estimators,pso,bit_errors,8.0,87793.0
estimators,pso,bit_errors,8.5,89037.0
estimators,pso,bit_errors,9.0,80774.0
estimators,pso,bit_errors,9.5,81414.0
estimators,pso,bit_errors,10.0,84177.0
estimators,pso,total_bits,-5.0,393216.0
estimators,pso,total_bits,-4.5,393216.0
estimators,pso,total_bits,-4.0,393216.0
estimators,pso,total_bits,-3.5,491520.0
estimators,pso,total_bits,-3.0,491520.0
estimators,pso,total_bits,-2.5,589824.0
estimators,pso,total_bits,-2.0,589824.0
estimators,pso,total_bits,-1.5,688128.0
estimators,pso,total_bits,-1.0,786432.0
estimators,pso,total_bits,-0.5,884736.0
estimators,pso,total_bits,0.0,983040.0
estimators,pso,total_bits,0.5,983040.0
estimators,pso,total_bits,1.0,983040.0
estimators,pso,total_bits,1.5,1081344.0
estimators,pso,total_bits,2.0,1081344.0
estimators,pso,total_bits,2.5,1179648.0
estimators,pso,total_bits,3.0,1179648.0
estimators,pso,total_bits,3.5,1474560.0
estimators,pso,total_bits,4.0,1277952.0
estimators,pso,total_bits,4.5,1474560.0
estimators,pso,total_bits,5.0,1376256.0
estimators,pso,total_bits,5.5,1572864.0
estimators,pso,total_bits,6.0,1376256.0
estimators,pso,total_bits,6.5,1277952.0
estimators,pso,total_bits,7.0,1671168.0
estimators,pso,total_bits,7.5,1376256.0
estimators,pso,total_bits,8.0,1179648.0
estimators,pso,total_bits,8.5,1376256.0
estimators,pso,total_bits,9.0,1179648.0
estimators,pso,total_bits,9.5,1376256.0
estimators,pso,total_bits,10.0,1572864.0
estimators,pso,block_errors,-5.0,254.0
estimators,pso,block_errors,-4.5,241.0
estimators,pso,block_errors,-4.0,231.0
estimators,pso,block_errors,-3.5,253.0
estimators,pso,block_errors,-3.0,216.0
estimators,pso,block_errors,-2.5,233.0
estimators,pso,block_errors,-2.0,217.0
estimators,pso,block_errors,-1.5,218.0
estimators,pso,block_errors,-1.0,226.0
estimators,pso,block_errors,-0.5,203.0
estimators,pso,block_errors,0.0,207.0
estimators,pso,block_errors,0.5,207.0
estimators,pso,block_errors,1.0,203.0
estimators,pso,block_errors,1.5,201.0
estimators,pso,block_errors,2.0,203.0
estimators,pso,block_errors,2.5,207.0
estimators,pso,block_errors,3.0,217.0
estimators,pso,block_errors,3.5,215.0
estimators,pso,block_errors,4.0,203.0
estimators,pso,block_errors,4.5,203.0
estimators,pso,block_errors,5.0,207.0
estimators,pso,block_errors,5.5,209.0
estimators,pso,block_errors,6.0,211.0
estimators,pso,block_errors,6.5,206.0
estimators,pso,block_errors,7.0,213.0
estimators,pso,block_errors,7.5,200.0
estimators,pso,block_errors,8.0,212.0
estimators,pso,block_errors,8.5,213.0
estimators,pso,block_errors,9.0,201.0
estimators,pso,block_errors,9.5,200.0
estimators,pso,block_errors,10.0,208.0
estimators,pso,total_blocks,-5.0,256.0
estimators,pso,total_blocks,-4.5,256.0
estimators,pso,total_blocks,-4.0,256.0
estimators,pso,total_blocks,-3.5,320.0
estimators,pso,total_blocks,-3.0,320.0
estimators,pso,total_blocks,-2.5,384.0
estimators,pso,total_blocks,-2.0,384.0
estimators,pso,total_blocks,-1.5,448.0
estimators,pso,total_blocks,-1.0,512.0
estimators,pso,total_blocks,-0.5,576.0
estimators,pso,total_blocks,0.0,640.0
estimators,pso,total_blocks,0.5,640.0
estimators,pso,total_blocks,1.0,640.0
estimators,pso,total_blocks,1.5,704.0
estimators,pso,total_blocks,2.0,704.0
estimators,pso,total_blocks,2.5,768.0
estimators,pso,total_blocks,3.0,768.0
estimators,pso,total_blocks,3.5,960.0
estimators,pso,total_blocks,4.0,832.0
estimators,pso,total_blocks,4.5,960.0
estimators,pso,total_blocks,5.0,896.0
estimators,pso,total_blocks,5.5,1024.0
estimators,pso,total_blocks,6.0,896.0
estimators,pso,total_blocks,6.5,832.0
estimators,pso,total_blocks,7.0,1088.0
estimators,pso,total_blocks,7.5,896.0
estimators,pso,total_blocks,8.0,768.0
estimators,pso,total_blocks,8.5,896.0
estimators,pso,total_blocks,9.0,768.0
estimators,pso,total_blocks,9.5,896.0
estimators,pso,total_blocks,10.0,1024.0
estimators,pso,num_batches,-5.0,4.0
estimators,pso,num_batches,-4.5,4.0
estimators,pso,num_batches,-4.0,4.0
estimators,pso,num_batches,-3.5,5.0
estimators,pso,num_batches,-3.0,5.0
estimators,pso,num_batches,-2.5,6.0
estimators,pso,num_batches,-2.0,6.0
estimators,pso,num_batches,-1.5,7.0
estimators,pso,num_batches,-1.0,8.0
estimators,pso,num_batches,-0.5,9.0
estimators,pso,num_batches,0.0,10.0
estimators,pso,num_batches,0.5,10.0
estimators,pso,num_batches,1.0,10.0
estimators,pso,num_batches,1.5,11.0
estimators,pso,num_batches,2.0,11.0
estimators,pso,num_batches,2.5,12.0
estimators,pso,num_batches,3.0,12.0
estimators,pso,num_batches,3.5,15.0
estimators,pso,num_batches,4.0,13.0
estimators,pso,num_batches,4.5,15.0
estimators,pso,num_batches,5.0,14.0
estimators,pso,num_batches,5.5,16.0
estimators,pso,num_batches,6.0,14.0
estimators,pso,num_batches,6.5,13.0
estimators,pso,num_batches,7.0,17.0
estimators,pso,num_batches,7.5,14.0
estimators,pso,num_batches,8.0,12.0
estimators,pso,num_batches,8.5,14.0
estimators,pso,num_batches,9.0,12.0
estimators,pso,num_batches,9.5,14.0
estimators,pso,num_batches,10.0,16.0
estimators,pso,runtime_total_sec,,1031.8138029000256
estimators,perfect,ber,-5.0,0.030979040897253788
estimators,perfect,ber,-4.5,0.019428327971813725
estimators,perfect,ber,-4.0,0.008307562934027778
estimators,perfect,ber,-3.5,0.0047563122164818545
estimators,perfect,ber,-3.0,0.001871665318806966
estimators,perfect,ber,-2.5,0.0015602906545003254
estimators,perfect,ber,-2.0,0.0008343855539957682
estimators,perfect,ber,-1.5,0.0006106694539388021
estimators,perfect,ber,-1.0,0.0
estimators,perfect,ber,-0.5,0.0
estimators,perfect,ber,0.0,0.0
estimators,perfect,ber,0.5,0.0
estimators,perfect,ber,1.0,0.0
estimators,perfect,ber,1.5,0.0
estimators,perfect,ber,2.0,0.0
estimators,perfect,ber,2.5,0.0
estimators,perfect,ber,3.0,0.0
estimators,perfect,ber,3.5,0.0
estimators,perfect,ber,4.0,0.0
estimators,perfect,ber,4.5,0.0
estimators,perfect,ber,5.0,0.0
estimators,perfect,ber,5.5,0.0
estimators,perfect,ber,6.0,0.0
estimators,perfect,ber,6.5,0.0
estimators,perfect,ber,7.0,0.0
estimators,perfect,ber,7.5,0.0
estimators,perfect,ber,8.0,0.0
estimators,perfect,ber,8.5,0.0
estimators,perfect,ber,9.0,0.0
estimators,perfect,ber,9.5,0.0
estimators,perfect,ber,10.0,0.0
estimators,perfect,ber_upper_confidence,-5.0,0.031254276711762695
estimators,perfect,ber_upper_confidence,-4.5,0.019604727822840475
estimators,perfect,ber_upper_confidence,-4.0,0.008390865490753715
estimators,perfect,ber_upper_confidence,-3.5,0.004802372691611902
estimators,perfect,ber_upper_confidence,-3.0,0.0018918148432202075
estimators,perfect,ber_upper_confidence,-2.5,0.0015787002154008716
estimators,perfect,ber_upper_confidence,-2.0,0.0008478820241222042
estimators,perfect,ber_upper_confidence,-1.5,0.0006222326507374739
estimators,perfect,ber_upper_confidence,-1.0,7.618541141647314e-06
estimators,perfect,ber_upper_confidence,-0.5,7.618541141647314e-06
estimators,perfect,ber_upper_confidence,0.0,7.618541141647314e-06
estimators,perfect,ber_upper_confidence,0.5,7.618541141647314e-06
estimators,perfect,ber_upper_confidence,1.0,7.618541141647314e-06
estimators,perfect,ber_upper_confidence,1.5,7.618541141647314e-06
estimators,perfect,ber_upper_confidence,2.0,7.618541141647314e-06
estimators,perfect,ber_upper_confidence,2.5,7.618541141647314e-06
estimators,perfect,ber_upper_confidence,3.0,7.618541141647314e-06
estimators,perfect,ber_upper_confidence,3.5,7.618541141647314e-06
estimators,perfect,ber_upper_confidence,4.0,7.618541141647314e-06
estimators,perfect,ber_upper_confidence,4.5,7.618541141647314e-06
estimators,perfect,ber_upper_confidence,5.0,7.618541141647314e-06
estimators,perfect,ber_upper_confidence,5.5,7.618541141647314e-06
estimators,perfect,ber_upper_confidence,6.0,7.618541141647314e-06
estimators,perfect,ber_upper_confidence,6.5,7.618541141647314e-06
estimators,perfect,ber_upper_confidence,7.0,7.618541141647314e-06
estimators,perfect,ber_upper_confidence,7.5,7.618541141647314e-06
estimators,perfect,ber_upper_confidence,8.0,7.618541141647314e-06
estimators,perfect,ber_upper_confidence,8.5,7.618541141647314e-06
estimators,perfect,ber_upper_confidence,9.0,7.618541141647314e-06
estimators,perfect,ber_upper_confidence,9.5,7.618541141647314e-06
estimators,perfect,ber_upper_confidence,10.0,7.618541141647314e-06
estimators,perfect,latency_ms,-5.0,557.9646651505337
estimators,perfect,latency_ms,-4.5,560.6641539193398
estimators,perfect,latency_ms,-4.0,559.3252833318063
estimators,perfect,latency_ms,-3.5,557.7226688178381
estimators,perfect,latency_ms,-3.0,558.969066146942
estimators,perfect,latency_ms,-2.5,564.9435169281377
estimators,perfect,latency_ms,-2.0,561.4397044277256
estimators,perfect,latency_ms,-1.5,561.6194309904175
estimators,perfect,latency_ms,-1.0,562.2097333227013
estimators,perfect,latency_ms,-0.5,564.8784833366827
estimators,perfect,latency_ms,0.0,564.4704833295274
estimators,perfect,latency_ms,0.5,564.1895583295574
estimators,perfect,latency_ms,1.0,563.826408321942
estimators,perfect,latency_ms,1.5,563.3727833311733
estimators,perfect,latency_ms,2.0,563.894508331172
estimators,perfect,latency_ms,2.5,564.6384083348986
estimators,perfect,latency_ms,3.0,563.1936083347265
estimators,perfect,latency_ms,3.5,564.1178333218287
estimators,perfect,latency_ms,4.0,577.42798333234
estimators,perfect,latency_ms,4.5,562.3027333396332
estimators,perfect,latency_ms,5.0,562.1674083351119
estimators,perfect,latency_ms,5.5,565.0037083297813
estimators,perfect,latency_ms,6.0,565.7265833407602
estimators,perfect,latency_ms,6.5,567.1087333368215
estimators,perfect,latency_ms,7.0,564.7674333278284
estimators,perfect,latency_ms,7.5,564.5187833335095
estimators,perfect,latency_ms,8.0,567.5053333299312
estimators,perfect,latency_ms,8.5,568.0531833396836
estimators,perfect,latency_ms,9.0,563.5579583369273
estimators,perfect,latency_ms,9.5,567.7918083430578
estimators,perfect,latency_ms,10.0,563.9622833379273
estimators,perfect,throughput_bits_per_batch,-5.0,95258.63636363637
estimators,perfect,throughput_bits_per_batch,-4.5,96394.11764705883
estimators,perfect,throughput_bits_per_batch,-4.0,97487.33333333333
estimators,perfect,throughput_bits_per_batch,-3.5,97836.43548387097
estimators,perfect,throughput_bits_per_batch,-3.0,98120.0078125
estimators,perfect,throughput_bits_per_batch,-2.5,98150.6171875
estimators,perfect,throughput_bits_per_batch,-2.0,98221.9765625
estimators,perfect,throughput_bits_per_batch,-1.5,98243.96875
estimators,perfect,throughput_bits_per_batch,-1.0,98304.0
estimators,perfect,throughput_bits_per_batch,-0.5,98304.0
estimators,perfect,throughput_bits_per_batch,0.0,98304.0
estimators,perfect,throughput_bits_per_batch,0.5,98304.0
estimators,perfect,throughput_bits_per_batch,1.0,98304.0
estimators,perfect,throughput_bits_per_batch,1.5,98304.0
estimators,perfect,throughput_bits_per_batch,2.0,98304.0
estimators,perfect,throughput_bits_per_batch,2.5,98304.0
estimators,perfect,throughput_bits_per_batch,3.0,98304.0
estimators,perfect,throughput_bits_per_batch,3.5,98304.0
estimators,perfect,throughput_bits_per_batch,4.0,98304.0
estimators,perfect,throughput_bits_per_batch,4.5,98304.0
estimators,perfect,throughput_bits_per_batch,5.0,98304.0
estimators,perfect,throughput_bits_per_batch,5.5,98304.0
estimators,perfect,throughput_bits_per_batch,6.0,98304.0
estimators,perfect,throughput_bits_per_batch,6.5,98304.0
estimators,perfect,throughput_bits_per_batch,7.0,98304.0
estimators,perfect,throughput_bits_per_batch,7.5,98304.0
estimators,perfect,throughput_bits_per_batch,8.0,98304.0
estimators,perfect,throughput_bits_per_batch,8.5,98304.0
estimators,perfect,throughput_bits_per_batch,9.0,98304.0
estimators,perfect,throughput_bits_per_batch,9.5,98304.0
estimators,perfect,throughput_bits_per_batch,10.0,98304.0
estimators,perfect,energy_joules_per_batch,-5.0,0.00018645100000000005
estimators,perfect,energy_joules_per_batch,-4.5,0.00018645100000000008
estimators,perfect,energy_joules_per_batch,-4.0,0.000186451
estimators,perfect,energy_joules_per_batch,-3.5,0.00018645100000000016
estimators,perfect,energy_joules_per_batch,-3.0,0.00018645100000000043
estimators,perfect,energy_joules_per_batch,-2.5,0.00018645100000000043
estimators,perfect,energy_joules_per_batch,-2.0,0.00018645100000000043
estimators,perfect,energy_joules_per_batch,-1.5,0.00018645100000000043
estimators,perfect,energy_joules_per_batch,-1.0,0.00018645100000000002
estimators,perfect,energy_joules_per_batch,-0.5,0.00018645100000000002
estimators,perfect,energy_joules_per_batch,0.0,0.00018645100000000002
estimators,perfect,energy_joules_per_batch,0.5,0.00018645100000000002
estimators,perfect,energy_joules_per_batch,1.0,0.00018645100000000002
estimators,perfect,energy_joules_per_batch,1.5,0.00018645100000000002
estimators,perfect,energy_joules_per_batch,2.0,0.00018645100000000002
estimators,perfect,energy_joules_per_batch,2.5,0.00018645100000000002
estimators,perfect,energy_joules_per_batch,3.0,0.00018645100000000002
estimators,perfect,energy_joules_per_batch,3.5,0.00018645100000000005
estimators,perfect,energy_joules_per_batch,4.0,0.00018645100000000002
estimators,perfect,energy_joules_per_batch,4.5,0.00018645100000000002
estimators,perfect,energy_joules_per_batch,5.0,0.00018645100000000002
estimators,perfect,energy_joules_per_batch,5.5,0.00018645100000000002
estimators,perfect,energy_joules_per_batch,6.0,0.00018645100000000002
estimators,perfect,energy_joules_per_batch,6.5,0.00018645100000000002
estimators,perfect,energy_joules_per_batch,7.0,0.00018645100000000005
estimators,perfect,energy_joules_per_batch,7.5,0.00018645100000000002
estimators,perfect,energy_joules_per_batch,8.0,0.00018645100000000002
estimators,perfect,energy_joules_per_batch,8.5,0.00018645100000000002
estimators,perfect,energy_joules_per_batch,9.0,0.00018645100000000002
estimators,perfect,energy_joules_per_batch,9.5,0.00018645100000000002
estimators,perfect,energy_joules_per_batch,10.0,0.00018645100000000002
estimators,perfect,avg_power_w,-5.0,0.0003341627376165429
estimators,perfect,avg_power_w,-4.5,0.00033255380907912284
estimators,perfect,avg_power_w,-4.0,0.000333349851251749
estimators,perfect,avg_power_w,-3.5,0.0003343077311080183
estimators,perfect,avg_power_w,-3.0,0.00033356228688151787
estimators,perfect,avg_power_w,-2.5,0.0003300347634995827
estimators,perfect,avg_power_w,-2.0,0.0003320944324556625
estimators,perfect,avg_power_w,-1.5,0.0003319881573028795
estimators,perfect,avg_power_w,-1.0,0.00033163958030050595
estimators,perfect,avg_power_w,-0.5,0.000330072759894574
estimators,perfect,avg_power_w,0.0,0.0003303113369191944
estimators,perfect,avg_power_w,0.5,0.00033047580772682303
estimators,perfect,avg_power_w,1.0,0.00033068866099215667
estimators,perfect,avg_power_w,1.5,0.0003309549298734876
estimators,perfect,avg_power_w,2.0,0.0003306487246201348
estimators,perfect,avg_power_w,2.5,0.000330213101425102
estimators,perfect,avg_power_w,3.0,0.00033106022021682
estimators,perfect,avg_power_w,3.5,0.00033051782621739935
estimators,perfect,avg_power_w,4.0,0.00032289914133359156
estimators,perfect,avg_power_w,4.5,0.0003315847299774423
estimators,perfect,avg_power_w,5.0,0.0003316645490925637
estimators,perfect,avg_power_w,5.5,0.00032999960398697473
estimators,perfect,avg_power_w,6.0,0.0003295779365695689
estimators,perfect,avg_power_w,6.5,0.00032877469352823673
estimators,perfect,avg_power_w,7.0,0.00033013766197770745
estimators,perfect,avg_power_w,7.5,0.0003302830756117595
estimators,perfect,avg_power_w,8.0,0.000328544929976196
estimators,perfect,avg_power_w,8.5,0.00032822806995609475
estimators,perfect,avg_power_w,9.0,0.00033084618403796703
estimators,perfect,avg_power_w,9.5,0.00032837916514524097
estimators,perfect,avg_power_w,10.0,0.0003306089884175432
estimators,perfect,runtime_sec,-5.0,9.606018000020413
estimators,perfect,runtime_sec,-4.5,14.896799700014526
estimators,perfect,runtime_sec,-4.0,28.90032029998838
estimators,perfect,runtime_sec,-3.5,54.14090629998827
estimators,perfect,runtime_sec,-3.0,111.98370869999053
estimators,perfect,runtime_sec,-2.5,112.97343109999201
estimators,perfect,runtime_sec,-2.0,112.29750349998358
estimators,perfect,runtime_sec,-1.5,112.32965369999874
estimators,perfect,runtime_sec,-1.0,3.5127710000087973
estimators,perfect,runtime_sec,-0.5,3.518967799987877
estimators,perfect,runtime_sec,0.0,3.5188621999986935
estimators,perfect,runtime_sec,0.5,3.5249869999825023
estimators,perfect,runtime_sec,1.0,3.5252719999989495
estimators,perfect,runtime_sec,1.5,3.51416039999458
estimators,perfect,runtime_sec,2.0,3.5135665999841876
estimators,perfect,runtime_sec,2.5,3.514809200016316
estimators,perfect,runtime_sec,3.0,3.5233822999871336
estimators,perfect,runtime_sec,3.5,3.5208467000047676
estimators,perfect,runtime_sec,4.0,3.5969497000041883
estimators,perfect,runtime_sec,4.5,3.51058900001226
estimators,perfect,runtime_sec,5.0,3.5120628000004217
estimators,perfect,runtime_sec,5.5,3.5339477000234183
estimators,perfect,runtime_sec,6.0,3.5263154999993276
estimators,perfect,runtime_sec,6.5,3.5310567999840714
estimators,perfect,runtime_sec,7.0,3.519153000001097
estimators,perfect,runtime_sec,7.5,3.5265201999864075
estimators,perfect,runtime_sec,8.0,3.5480546000180766
estimators,perfect,runtime_sec,8.5,3.5431549999921117
estimators,perfect,runtime_sec,9.0,3.5134221000189427
estimators,perfect,runtime_sec,9.5,3.536700099997688
estimators,perfect,runtime_sec,10.0,3.524608999985503
estimators,perfect,bit_errors,-5.0,33499.0
estimators,perfect,bit_errors,-4.5,32468.0
estimators,perfect,bit_errors,-4.0,26950.0
estimators,perfect,bit_errors,-3.5,28989.0
estimators,perfect,bit_errors,-3.0,23551.0
estimators,perfect,bit_errors,-2.5,19633.0
estimators,perfect,bit_errors,-2.0,10499.0
estimators,perfect,bit_errors,-1.5,7684.0
estimators,perfect,bit_errors,-1.0,0.0
estimators,perfect,bit_errors,-0.5,0.0
estimators,perfect,bit_errors,0.0,0.0
estimators,perfect,bit_errors,0.5,0.0
estimators,perfect,bit_errors,1.0,0.0
estimators,perfect,bit_errors,1.5,0.0
estimators,perfect,bit_errors,2.0,0.0
estimators,perfect,bit_errors,2.5,0.0
estimators,perfect,bit_errors,3.0,0.0
estimators,perfect,bit_errors,3.5,0.0
estimators,perfect,bit_errors,4.0,0.0
estimators,perfect,bit_errors,4.5,0.0
estimators,perfect,bit_errors,5.0,0.0
estimators,perfect,bit_errors,5.5,0.0
estimators,perfect,bit_errors,6.0,0.0
estimators,perfect,bit_errors,6.5,0.0
estimators,perfect,bit_errors,7.0,0.0
estimators,perfect,bit_errors,7.5,0.0
estimators,perfect,bit_errors,8.0,0.0
estimators,perfect,bit_errors,8.5,0.0
estimators,perfect,bit_errors,9.0,0.0
estimators,perfect,bit_errors,9.5,0.0
estimators,perfect,bit_errors,10.0,0.0
estimators,perfect,total_bits,-5.0,1081344.0
estimators,perfect,total_bits,-4.5,1671168.0
estimators,perfect,total_bits,-4.0,3244032.0
estimators,perfect,total_bits,-3.5,6094848.0
estimators,perfect,total_bits,-3.0,12582912.0
estimators,perfect,total_bits,-2.5,12582912.0
estimators,perfect,total_bits,-2.0,12582912.0
estimators,perfect,total_bits,-1.5,12582912.0
estimators,perfect,total_bits,-1.0,393216.0
estimators,perfect,total_bits,-0.5,393216.0
estimators,perfect,total_bits,0.0,393216.0
estimators,perfect,total_bits,0.5,393216.0
estimators,perfect,total_bits,1.0,393216.0
estimators,perfect,total_bits,1.5,393216.0
estimators,perfect,total_bits,2.0,393216.0
estimators,perfect,total_bits,2.5,393216.0
estimators,perfect,total_bits,3.0,393216.0
estimators,perfect,total_bits,3.5,393216.0
estimators,perfect,total_bits,4.0,393216.0
estimators,perfect,total_bits,4.5,393216.0
estimators,perfect,total_bits,5.0,393216.0
estimators,perfect,total_bits,5.5,393216.0
estimators,perfect,total_bits,6.0,393216.0
estimators,perfect,total_bits,6.5,393216.0
estimators,perfect,total_bits,7.0,393216.0
estimators,perfect,total_bits,7.5,393216.0
estimators,perfect,total_bits,8.0,393216.0
estimators,perfect,total_bits,8.5,393216.0
estimators,perfect,total_bits,9.0,393216.0
estimators,perfect,total_bits,9.5,393216.0
estimators,perfect,total_bits,10.0,393216.0
estimators,perfect,block_errors,-5.0,225.0
estimators,perfect,block_errors,-4.5,204.0
estimators,perfect,block_errors,-4.0,203.0
estimators,perfect,block_errors,-3.5,204.0
estimators,perfect,block_errors,-3.0,181.0
estimators,perfect,block_errors,-2.5,130.0
estimators,perfect,block_errors,-2.0,70.0
estimators,perfect,block_errors,-1.5,49.0
estimators,perfect,block_errors,-1.0,0.0
estimators,perfect,block_errors,-0.5,0.0
estimators,perfect,block_errors,0.0,0.0
estimators,perfect,block_errors,0.5,0.0
estimators,perfect,block_errors,1.0,0.0
estimators,perfect,block_errors,1.5,0.0
estimators,perfect,block_errors,2.0,0.0
estimators,perfect,block_errors,2.5,0.0
estimators,perfect,block_errors,3.0,0.0
estimators,perfect,block_errors,3.5,0.0
estimators,perfect,block_errors,4.0,0.0
estimators,perfect,block_errors,4.5,0.0
estimators,perfect,block_errors,5.0,0.0
estimators,perfect,block_errors,5.5,0.0
estimators,perfect,block_errors,6.0,0.0
estimators,perfect,block_errors,6.5,0.0
estimators,perfect,block_errors,7.0,0.0
estimators,perfect,block_errors,7.5,0.0
estimators,perfect,block_errors,8.0,0.0
estimators,perfect,block_errors,8.5,0.0
estimators,perfect,block_errors,9.0,0.0
estimators,perfect,block_errors,9.5,0.0
estimators,perfect,block_errors,10.0,0.0
estimators,perfect,total_blocks,-5.0,704.0
estimators,perfect,total_blocks,-4.5,1088.0
estimators,perfect,total_blocks,-4.0,2112.0
estimators,perfect,total_blocks,-3.5,3968.0
estimators,perfect,total_blocks,-3.0,8192.0
estimators,perfect,total_blocks,-2.5,8192.0
estimators,perfect,total_blocks,-2.0,8192.0
estimators,perfect,total_blocks,-1.5,8192.0
estimators,perfect,total_blocks,-1.0,256.0
estimators,perfect,total_blocks,-0.5,256.0
estimators,perfect,total_blocks,0.0,256.0
estimators,perfect,total_blocks,0.5,256.0
estimators,perfect,total_blocks,1.0,256.0
estimators,perfect,total_blocks,1.5,256.0
estimators,perfect,total_blocks,2.0,256.0
estimators,perfect,total_blocks,2.5,256.0
estimators,perfect,total_blocks,3.0,256.0
estimators,perfect,total_blocks,3.5,256.0
estimators,perfect,total_blocks,4.0,256.0
estimators,perfect,total_blocks,4.5,256.0
estimators,perfect,total_blocks,5.0,256.0
estimators,perfect,total_blocks,5.5,256.0
estimators,perfect,total_blocks,6.0,256.0
estimators,perfect,total_blocks,6.5,256.0
estimators,perfect,total_blocks,7.0,256.0
estimators,perfect,total_blocks,7.5,256.0
estimators,perfect,total_blocks,8.0,256.0
estimators,perfect,total_blocks,8.5,256.0
estimators,perfect,total_blocks,9.0,256.0
estimators,perfect,total_blocks,9.5,256.0
estimators,perfect,total_blocks,10.0,256.0
estimators,perfect,num_batches,-5.0,11.0
estimators,perfect,num_batches,-4.5,17.0
estimators,perfect,num_batches,-4.0,33.0
estimators,perfect,num_batches,-3.5,62.0
estimators,perfect,num_batches,-3.0,128.0
estimators,perfect,num_batches,-2.5,128.0
estimators,perfect,num_batches,-2.0,128.0
estimators,perfect,num_batches,-1.5,128.0
estimators,perfect,num_batches,-1.0,4.0
estimators,perfect,num_batches,-0.5,4.0
estimators,perfect,num_batches,0.0,4.0
estimators,perfect,num_batches,0.5,4.0
estimators,perfect,num_batches,1.0,4.0
estimators,perfect,num_batches,1.5,4.0
estimators,perfect,num_batches,2.0,4.0
estimators,perfect,num_batches,2.5,4.0
estimators,perfect,num_batches,3.0,4.0
estimators,perfect,num_batches,3.5,4.0
estimators,perfect,num_batches,4.0,4.0
estimators,perfect,num_batches,4.5,4.0
estimators,perfect,num_batches,5.0,4.0
estimators,perfect,num_batches,5.5,4.0
estimators,perfect,num_batches,6.0,4.0
estimators,perfect,num_batches,6.5,4.0
estimators,perfect,num_batches,7.0,4.0
estimators,perfect,num_batches,7.5,4.0
estimators,perfect,num_batches,8.0,4.0
estimators,perfect,num_batches,8.5,4.0
estimators,perfect,num_batches,9.0,4.0
estimators,perfect,num_batches,9.5,4.0
estimators,perfect,num_batches,10.0,4.0
estimators,perfect,runtime_total_sec,,638.2385019999638
