stage,method,metric,ebno_db,value
resource_managers,static,ber,-5.0,0.15032691286321273
resource_managers,static,ber,-4.5,0.11691515373461174
resource_managers,static,ber,-4.0,0.08696565173921131
resource_managers,static,ber,-3.5,0.060880962171052634
resource_managers,static,ber,-3.0,0.04727533128526476
resource_managers,static,ber,-2.5,0.03167352094336855
resource_managers,static,ber,-2.0,0.020532720928251556
resource_managers,static,ber,-1.5,0.014738957087198893
resource_managers,static,ber,-1.0,0.008873462677001953
resource_managers,static,ber,-0.5,0.0060091813405354815
resource_managers,static,ber,0.0,0.003991762797037761
resource_managers,static,ber,0.5,0.0030682881673177085
resource_managers,static,ber,1.0,0.001559893290201823
resource_managers,static,ber,1.5,0.0021060307820638022
resource_managers,static,ber,2.0,0.0011054674784342449
resource_managers,static,ber,2.5,0.0012714068094889324
resource_managers,static,ber,3.0,0.0005009174346923828
resource_managers,static,ber,3.5,0.0005860328674316406
resource_managers,static,ber,4.0,0.00030549367268880207
resource_managers,static,ber,4.5,0.00022339820861816406
resource_managers,static,ber,5.0,0.00020305315653483072
resource_managers,static,ber,5.5,0.00038202603658040363
resource_managers,static,ber,6.0,5.7856241861979164e-05
resource_managers,static,ber,6.5,5.6425730387369794e-06
resource_managers,static,ber,7.0,8.368492126464844e-05
resource_managers,static,ber,7.5,6.111462910970052e-05
resource_managers,static,ber,8.0,2.9166539510091145e-05
resource_managers,static,ber,8.5,8.106231689453125e-05
resource_managers,static,ber,9.0,2.7179718017578125e-05
resource_managers,static,ber,9.5,0.0
resource_managers,static,ber,10.0,0.0
resource_managers,static,ber_upper_confidence,-5.0,0.1507575587014682
resource_managers,static,ber_upper_confidence,-4.5,0.11727502385896582
resource_managers,static,ber_upper_confidence,-4.0,0.08724542808516803
resource_managers,static,ber_upper_confidence,-3.5,0.06108477407241669
resource_managers,static,ber_upper_confidence,-3.0,0.04743629331187317
resource_managers,static,ber_upper_confidence,-2.5,0.031782739028736656
resource_managers,static,ber_upper_confidence,-2.0,0.020604767384485877
resource_managers,static,ber_upper_confidence,-1.5,0.014794940142960386
resource_managers,static,ber_upper_confidence,-1.0,0.008917054234129168
resource_managers,static,ber_upper_confidence,-0.5,0.006045125030126227
resource_managers,static,ber_upper_confidence,0.0,0.0040211078301592915
resource_managers,static,ber_upper_confidence,0.5,0.0030940411071273505
resource_managers,static,ber_upper_confidence,1.0,0.0015783005241969547
resource_managers,static,ber_upper_confidence,1.5,0.002127395558421373
resource_managers,static,ber_upper_confidence,2.0,0.001120983944580911
resource_managers,static,ber_upper_confidence,2.5,0.0012880379152989388
resource_managers,static,ber_upper_confidence,3.0,0.0005114009361220822
resource_managers,static,ber_upper_confidence,3.5,0.0005973627653545405
resource_managers,static,ber_upper_confidence,4.0,0.00031370530467040306
resource_managers,static,ber_upper_confidence,4.5,0.00023043641813094595
resource_managers,static,ber_upper_confidence,5.0,0.0002097683904404983
resource_managers,static,ber_upper_confidence,5.5,0.0003911956007602076
resource_managers,static,ber_upper_confidence,6.0,6.149232479356647e-05
resource_managers,static,ber_upper_confidence,6.5,6.856787906046628e-06
resource_managers,static,ber_upper_confidence,7.0,8.803549429345895e-05
resource_managers,static,ber_upper_confidence,7.5,6.484861743439304e-05
resource_managers,static,ber_upper_confidence,8.0,3.178056980043452e-05
resource_managers,static,ber_upper_confidence,8.5,8.534592304646269e-05
resource_managers,static,ber_upper_confidence,9.0,2.9707036000091043e-05
resource_managers,static,ber_upper_confidence,9.5,2.3807941067647855e-07
resource_managers,static,ber_upper_confidence,10.0,2.3807941067647855e-07
resource_managers,static,latency_ms,-5.0,892.2945043857297
resource_managers,static,latency_ms,-4.5,880.3365333340391
resource_managers,static,latency_ms,-4.0,876.3839797624672
resource_managers,static,latency_ms,-3.5,880.1798228061247
resource_managers,static,latency_ms,-3.0,881.8452895831377
resource_managers,static,latency_ms,-2.5,923.7389495295974
resource_managers,static,latency_ms,-2.0,931.4603422123473
resource_managers,static,latency_ms,-1.5,933.9745223955155
resource_managers,static,latency_ms,-1.0,931.1167513025956
resource_managers,static,latency_ms,-0.5,933.0619966138719
resource_managers,static,latency_ms,0.0,934.7724075527416
resource_managers,static,latency_ms,0.5,932.7133489591964
resource_managers,static,latency_ms,1.0,932.0720013015197
resource_managers,static,latency_ms,1.5,931.1028513014597
resource_managers,static,latency_ms,2.0,935.8669583332065
resource_managers,static,latency_ms,2.5,930.2238513020874
resource_managers,static,latency_ms,3.0,928.9968911457144
resource_managers,static,latency_ms,3.5,928.1168692709506
resource_managers,static,latency_ms,4.0,921.9832739576353
resource_managers,static,latency_ms,4.5,923.7932153647242
resource_managers,static,latency_ms,5.0,924.2581684908649
resource_managers,static,latency_ms,5.5,924.1822661457198
resource_managers,static,latency_ms,6.0,929.026175520817
resource_managers,static,latency_ms,6.5,935.6339356768038
resource_managers,static,latency_ms,7.0,933.143914583325
resource_managers,static,latency_ms,7.5,934.4256763014577
resource_managers,static,latency_ms,8.0,935.9688059887211
resource_managers,static,latency_ms,8.5,932.3580684895481
resource_managers,static,latency_ms,9.0,932.3468192711451
resource_managers,static,latency_ms,9.5,932.958830207638
resource_managers,static,latency_ms,10.0,934.7667270830292
resource_managers,static,throughput_bits_per_batch,-5.0,83526.26315789473
resource_managers,static,throughput_bits_per_batch,-4.5,86810.77272727272
resource_managers,static,throughput_bits_per_batch,-4.0,89754.92857142857
resource_managers,static,throughput_bits_per_batch,-3.5,92319.15789473684
resource_managers,static,throughput_bits_per_batch,-3.0,93656.64583333333
resource_managers,static,throughput_bits_per_batch,-2.5,95190.3661971831
resource_managers,static,throughput_bits_per_batch,-2.0,96285.55140186916
resource_managers,static,throughput_bits_per_batch,-1.5,96855.1015625
resource_managers,static,throughput_bits_per_batch,-1.0,97431.703125
resource_managers,static,throughput_bits_per_batch,-0.5,97713.2734375
resource_managers,static,throughput_bits_per_batch,0.0,97911.59375
resource_managers,static,throughput_bits_per_batch,0.5,98002.375
resource_managers,static,throughput_bits_per_batch,1.0,98150.65625
resource_managers,static,throughput_bits_per_batch,1.5,98096.96875
resource_managers,static,throughput_bits_per_batch,2.0,98195.328125
resource_managers,static,throughput_bits_per_batch,2.5,98179.015625
resource_managers,static,throughput_bits_per_batch,3.0,98254.7578125
resource_managers,static,throughput_bits_per_batch,3.5,98246.390625
resource_managers,static,throughput_bits_per_batch,4.0,98273.96875
resource_managers,static,throughput_bits_per_batch,4.5,98282.0390625
resource_managers,static,throughput_bits_per_batch,5.0,98284.0390625
resource_managers,static,throughput_bits_per_batch,5.5,98266.4453125
resource_managers,static,throughput_bits_per_batch,6.0,98298.3125
resource_managers,static,throughput_bits_per_batch,6.5,98303.4453125
resource_managers,static,throughput_bits_per_batch,7.0,98295.7734375
resource_managers,static,throughput_bits_per_batch,7.5,98297.9921875
resource_managers,static,throughput_bits_per_batch,8.0,98301.1328125
resource_managers,static,throughput_bits_per_batch,8.5,98296.03125
resource_managers,static,throughput_bits_per_batch,9.0,98301.328125
resource_managers,static,throughput_bits_per_batch,9.5,98304.0
resource_managers,static,throughput_bits_per_batch,10.0,98304.0
resource_managers,static,energy_joules_per_batch,-5.0,0.00018645100000000008
resource_managers,static,energy_joules_per_batch,-4.5,0.00018645100000000005
resource_managers,static,energy_joules_per_batch,-4.0,0.00018645099999999997
resource_managers,static,energy_joules_per_batch,-3.5,0.0001864509999999999
resource_managers,static,energy_joules_per_batch,-3.0,0.00018645100000000002
resource_managers,static,energy_joules_per_batch,-2.5,0.00018645100000000027
resource_managers,static,energy_joules_per_batch,-2.0,0.00018645100000000037
resource_managers,static,energy_joules_per_batch,-1.5,0.00018645100000000043
resource_managers,static,energy_joules_per_batch,-1.0,0.00018645100000000043
resource_managers,static,energy_joules_per_batch,-0.5,0.00018645100000000043
resource_managers,static,energy_joules_per_batch,0.0,0.00018645100000000043
resource_managers,static,energy_joules_per_batch,0.5,0.00018645100000000043
resource_managers,static,energy_joules_per_batch,1.0,0.00018645100000000043
resource_managers,static,energy_joules_per_batch,1.5,0.00018645100000000043
resource_managers,static,energy_joules_per_batch,2.0,0.00018645100000000043
resource_managers,static,energy_joules_per_batch,2.5,0.00018645100000000043
resource_managers,static,energy_joules_per_batch,3.0,0.00018645100000000043
resource_managers,static,energy_joules_per_batch,3.5,0.00018645100000000043
resource_managers,static,energy_joules_per_batch,4.0,0.00018645100000000043
resource_managers,static,energy_joules_per_batch,4.5,0.00018645100000000043
resource_managers,static,energy_joules_per_batch,5.0,0.00018645100000000043
resource_managers,static,energy_joules_per_batch,5.5,0.00018645100000000043
resource_managers,static,energy_joules_per_batch,6.0,0.00018645100000000043
resource_managers,static,energy_joules_per_batch,6.5,0.00018645100000000043
resource_managers,static,energy_joules_per_batch,7.0,0.00018645100000000043
resource_managers,static,energy_joules_per_batch,7.5,0.00018645100000000043
resource_managers,static,energy_joules_per_batch,8.0,0.00018645100000000043
resource_managers,static,energy_joules_per_batch,8.5,0.00018645100000000043
resource_managers,static,energy_joules_per_batch,9.0,0.00018645100000000043
resource_managers,static,energy_joules_per_batch,9.5,0.00018645100000000043
resource_managers,static,energy_joules_per_batch,10.0,0.00018645100000000043
resource_managers,static,avg_power_w,-5.0,0.00020895679518765614
resource_managers,static,avg_power_w,-4.5,0.0002117951407672095
resource_managers,static,avg_power_w,-4.0,0.00021275035179275546
resource_managers,static,avg_power_w,-3.5,0.00021183284957109166
resource_managers,static,avg_power_w,-3.0,0.0002114327787452812
resource_managers,static,avg_power_w,-2.5,0.00020184382188815153
resource_managers,static,avg_power_w,-2.0,0.0002001706262202784
resource_managers,static,avg_power_w,-1.5,0.00019963178387540957
resource_managers,static,avg_power_w,-1.0,0.0002002444910793011
resource_managers,static,avg_power_w,-0.5,0.00019982702186632862
resource_managers,static,avg_power_w,0.0,0.000199461385994623
resource_managers,static,avg_power_w,0.5,0.0001999017170795924
resource_managers,static,avg_power_w,1.0,0.00020003926707340782
resource_managers,static,avg_power_w,1.5,0.0002002474804361155
resource_managers,static,avg_power_w,2.0,0.0001992281043152464
resource_managers,static,avg_power_w,2.5,0.00020043670105750818
resource_managers,static,avg_power_w,3.0,0.00020070142513615294
resource_managers,static,avg_power_w,3.5,0.0002008917262181221
resource_managers,static,avg_power_w,4.0,0.00020222818056086315
resource_managers,static,avg_power_w,4.5,0.00020183196509663412
resource_managers,static,avg_power_w,5.0,0.0002017304324228358
resource_managers,static,avg_power_w,5.5,0.0002017470003807689
resource_managers,static,avg_power_w,6.0,0.00020069509870965154
resource_managers,static,avg_power_w,6.5,0.0001992777227186918
resource_managers,static,avg_power_w,7.0,0.00019980947963772132
resource_managers,static,avg_power_w,7.5,0.00019953539883235075
resource_managers,static,avg_power_w,8.0,0.00019920642526439846
resource_managers,static,avg_power_w,8.5,0.00019997789079259794
resource_managers,static,avg_power_w,9.0,0.00019998030362323438
resource_managers,static,avg_power_w,9.5,0.0001998491186995938
resource_managers,static,avg_power_w,10.0,0.0001994625980984871
resource_managers,static,runtime_sec,-5.0,17.853086399991298
resource_managers,static,runtime_sec,-4.5,20.410064599978796
resource_managers,static,runtime_sec,-4.0,25.835054100003617
resource_managers,static,runtime_sec,-3.5,35.22811990001355
resource_managers,static,runtime_sec,-3.0,44.57974309999554
resource_managers,static,runtime_sec,-2.5,69.07938049998484
resource_managers,static,runtime_sec,-2.0,105.02231350004877
resource_managers,static,runtime_sec,-1.5,125.92037849991902
resource_managers,static,runtime_sec,-1.0,125.55754010003147
resource_managers,static,runtime_sec,-0.5,125.78318010007206
resource_managers,static,runtime_sec,0.0,126.0027039000197
resource_managers,static,runtime_sec,0.5,125.75091999994038
resource_managers,static,runtime_sec,1.0,125.63663350002753
resource_managers,static,runtime_sec,1.5,125.52459239997552
resource_managers,static,runtime_sec,2.0,126.11312889995315
resource_managers,static,runtime_sec,2.5,125.42216140001256
resource_managers,static,runtime_sec,3.0,125.20976040003006
resource_managers,static,runtime_sec,3.5,125.08562330004497
resource_managers,static,runtime_sec,4.0,124.28590040007111
resource_managers,static,runtime_sec,4.5,124.49663920002058
resource_managers,static,runtime_sec,5.0,124.62010260008537
resource_managers,static,runtime_sec,5.5,124.5696814000039
resource_managers,static,runtime_sec,6.0,126.04729170003702
resource_managers,static,runtime_sec,6.5,126.92652739996993
resource_managers,static,runtime_sec,7.0,126.57939069998974
resource_managers,static,runtime_sec,7.5,126.76048169997375
resource_managers,static,runtime_sec,8.0,127.07512920004956
resource_managers,static,runtime_sec,8.5,126.49089830007142
resource_managers,static,runtime_sec,9.0,126.53484940003545
resource_managers,static,runtime_sec,9.5,126.61209759995836
resource_managers,static,runtime_sec,10.0,126.84848849995615
resource_managers,static,bit_errors,-5.0,280777.0
resource_managers,static,bit_errors,-4.5,252851.0
resource_managers,static,bit_errors,-4.0,239374.0
resource_managers,static,bit_errors,-3.5,227424.0
resource_managers,static,bit_errors,-3.0,223073.0
resource_managers,static,bit_errors,-2.5,221068.0
resource_managers,static,bit_errors,-2.0,215974.0
resource_managers,static,bit_errors,-1.5,185459.0
resource_managers,static,bit_errors,-1.0,111654.0
resource_managers,static,bit_errors,-0.5,75613.0
resource_managers,static,bit_errors,0.0,50228.0
resource_managers,static,bit_errors,0.5,38608.0
resource_managers,static,bit_errors,1.0,19628.0
resource_managers,static,bit_errors,1.5,26500.0
resource_managers,static,bit_errors,2.0,13910.0
resource_managers,static,bit_errors,2.5,15998.0
resource_managers,static,bit_errors,3.0,6303.0
resource_managers,static,bit_errors,3.5,7374.0
resource_managers,static,bit_errors,4.0,3844.0
resource_managers,static,bit_errors,4.5,2811.0
resource_managers,static,bit_errors,5.0,2555.0
resource_managers,static,bit_errors,5.5,4807.0
resource_managers,static,bit_errors,6.0,728.0
resource_managers,static,bit_errors,6.5,71.0
resource_managers,static,bit_errors,7.0,1053.0
resource_managers,static,bit_errors,7.5,769.0
resource_managers,static,bit_errors,8.0,367.0
resource_managers,static,bit_errors,8.5,1020.0
resource_managers,static,bit_errors,9.0,342.0
resource_managers,static,bit_errors,9.5,0.0
resource_managers,static,bit_errors,10.0,0.0
resource_managers,static,total_bits,-5.0,1867776.0
resource_managers,static,total_bits,-4.5,2162688.0
resource_managers,static,total_bits,-4.0,2752512.0
resource_managers,static,total_bits,-3.5,3735552.0
resource_managers,static,total_bits,-3.0,4718592.0
resource_managers,static,total_bits,-2.5,6979584.0
resource_managers,static,total_bits,-2.0,10518528.0
resource_managers,static,total_bits,-1.5,12582912.0
resource_managers,static,total_bits,-1.0,12582912.0
resource_managers,static,total_bits,-0.5,12582912.0
resource_managers,static,total_bits,0.0,12582912.0
resource_managers,static,total_bits,0.5,12582912.0
resource_managers,static,total_bits,1.0,12582912.0
resource_managers,static,total_bits,1.5,12582912.0
resource_managers,static,total_bits,2.0,12582912.0
resource_managers,static,total_bits,2.5,12582912.0
resource_managers,static,total_bits,3.0,12582912.0
resource_managers,static,total_bits,3.5,12582912.0
resource_managers,static,total_bits,4.0,12582912.0
resource_managers,static,total_bits,4.5,12582912.0
resource_managers,static,total_bits,5.0,12582912.0
resource_managers,static,total_bits,5.5,12582912.0
resource_managers,static,total_bits,6.0,12582912.0
resource_managers,static,total_bits,6.5,12582912.0
resource_managers,static,total_bits,7.0,12582912.0
resource_managers,static,total_bits,7.5,12582912.0
resource_managers,static,total_bits,8.0,12582912.0
resource_managers,static,total_bits,8.5,12582912.0
resource_managers,static,total_bits,9.0,12582912.0
resource_managers,static,total_bits,9.5,12582912.0
resource_managers,static,total_bits,10.0,12582912.0
resource_managers,static,block_errors,-5.0,1050.0
resource_managers,static,block_errors,-4.5,1008.0
resource_managers,static,block_errors,-4.0,1014.0
resource_managers,static,block_errors,-3.5,1015.0
resource_managers,static,block_errors,-3.0,1011.0
resource_managers,static,block_errors,-2.5,1006.0
resource_managers,static,block_errors,-2.0,1006.0
resource_managers,static,block_errors,-1.5,831.0
resource_managers,static,block_errors,-1.0,519.0
resource_managers,static,block_errors,-0.5,314.0
resource_managers,static,block_errors,0.0,225.0
resource_managers,static,block_errors,0.5,173.0
resource_managers,static,block_errors,1.0,88.0
resource_managers,static,block_errors,1.5,100.0
resource_managers,static,block_errors,2.0,51.0
resource_managers,static,block_errors,2.5,58.0
resource_managers,static,block_errors,3.0,26.0
resource_managers,static,block_errors,3.5,21.0
resource_managers,static,block_errors,4.0,12.0
resource_managers,static,block_errors,4.5,8.0
resource_managers,static,block_errors,5.0,9.0
resource_managers,static,block_errors,5.5,12.0
resource_managers,static,block_errors,6.0,2.0
resource_managers,static,block_errors,6.5,1.0
resource_managers,static,block_errors,7.0,3.0
resource_managers,static,block_errors,7.5,2.0
resource_managers,static,block_errors,8.0,3.0
resource_managers,static,block_errors,8.5,2.0
resource_managers,static,block_errors,9.0,1.0
resource_managers,static,block_errors,9.5,0.0
resource_managers,static,block_errors,10.0,0.0
resource_managers,static,total_blocks,-5.0,1216.0
resource_managers,static,total_blocks,-4.5,1408.0
resource_managers,static,total_blocks,-4.0,1792.0
resource_managers,static,total_blocks,-3.5,2432.0
resource_managers,static,total_blocks,-3.0,3072.0
resource_managers,static,total_blocks,-2.5,4544.0
resource_managers,static,total_blocks,-2.0,6848.0
resource_managers,static,total_blocks,-1.5,8192.0
resource_managers,static,total_blocks,-1.0,8192.0
resource_managers,static,total_blocks,-0.5,8192.0
resource_managers,static,total_blocks,0.0,8192.0
resource_managers,static,total_blocks,0.5,8192.0
resource_managers,static,total_blocks,1.0,8192.0
resource_managers,static,total_blocks,1.5,8192.0
resource_managers,static,total_blocks,2.0,8192.0
resource_managers,static,total_blocks,2.5,8192.0
resource_managers,static,total_blocks,3.0,8192.0
resource_managers,static,total_blocks,3.5,8192.0
resource_managers,static,total_blocks,4.0,8192.0
resource_managers,static,total_blocks,4.5,8192.0
resource_managers,static,total_blocks,5.0,8192.0
resource_managers,static,total_blocks,5.5,8192.0
resource_managers,static,total_blocks,6.0,8192.0
resource_managers,static,total_blocks,6.5,8192.0
resource_managers,static,total_blocks,7.0,8192.0
resource_managers,static,total_blocks,7.5,8192.0
resource_managers,static,total_blocks,8.0,8192.0
resource_managers,static,total_blocks,8.5,8192.0
resource_managers,static,total_blocks,9.0,8192.0
resource_managers,static,total_blocks,9.5,8192.0
resource_managers,static,total_blocks,10.0,8192.0
resource_managers,static,num_batches,-5.0,19.0
resource_managers,static,num_batches,-4.5,22.0
resource_managers,static,num_batches,-4.0,28.0
resource_managers,static,num_batches,-3.5,38.0
resource_managers,static,num_batches,-3.0,48.0
resource_managers,static,num_batches,-2.5,71.0
resource_managers,static,num_batches,-2.0,107.0
resource_managers,static,num_batches,-1.5,128.0
resource_managers,static,num_batches,-1.0,128.0
resource_managers,static,num_batches,-0.5,128.0
resource_managers,static,num_batches,0.0,128.0
resource_managers,static,num_batches,0.5,128.0
resource_managers,static,num_batches,1.0,128.0
resource_managers,static,num_batches,1.5,128.0
resource_managers,static,num_batches,2.0,128.0
resource_managers,static,num_batches,2.5,128.0
resource_managers,static,num_batches,3.0,128.0
resource_managers,static,num_batches,3.5,128.0
resource_managers,static,num_batches,4.0,128.0
resource_managers,static,num_batches,4.5,128.0
resource_managers,static,num_batches,5.0,128.0
resource_managers,static,num_batches,5.5,128.0
resource_managers,static,num_batches,6.0,128.0
resource_managers,static,num_batches,6.5,128.0
resource_managers,static,num_batches,7.0,128.0
resource_managers,static,num_batches,7.5,128.0
resource_managers,static,num_batches,8.0,128.0
resource_managers,static,num_batches,8.5,128.0
resource_managers,static,num_batches,9.0,128.0
resource_managers,static,num_batches,9.5,128.0
resource_managers,static,num_batches,10.0,128.0
resource_managers,static,runtime_total_sec,,3337.861862700265
resource_managers,round_robin,ber,-5.0,0.06761224208733975
resource_managers,round_robin,ber,-4.5,0.043274332682291666
resource_managers,round_robin,ber,-4.0,0.028956095377604168
resource_managers,round_robin,ber,-3.5,0.01696332295735677
resource_managers,round_robin,ber,-3.0,0.010928789774576822
resource_managers,round_robin,ber,-2.5,0.0076452891031901045
resource_managers,round_robin,ber,-2.0,0.0047957102457682295
resource_managers,round_robin,ber,-1.5,0.0033686955769856772
resource_managers,round_robin,ber,-1.0,0.002106348673502604
resource_managers,round_robin,ber,-0.5,0.0017091433207194011
resource_managers,round_robin,ber,0.0,0.0010623931884765625
resource_managers,round_robin,ber,0.5,0.0005108515421549479
resource_managers,round_robin,ber,1.0,0.0006275177001953125
resource_managers,round_robin,ber,1.5,0.0005124409993489584
resource_managers,round_robin,ber,2.0,0.000385284423828125
resource_managers,round_robin,ber,2.5,0.0002586046854654948
resource_managers,round_robin,ber,3.0,0.0003517468770345052
resource_managers,round_robin,ber,3.5,0.0002504984537760417
resource_managers,round_robin,ber,4.0,0.0
resource_managers,round_robin,ber,4.5,0.00014781951904296875
resource_managers,round_robin,ber,5.0,0.0
resource_managers,round_robin,ber,5.5,0.00028212865193684894
resource_managers,round_robin,ber,6.0,0.00014607111612955728
resource_managers,round_robin,ber,6.5,3.353754679361979e-05
resource_managers,round_robin,ber,7.0,6.119410196940105e-05
resource_managers,round_robin,ber,7.5,8.7738037109375e-05
resource_managers,round_robin,ber,8.0,0.0
resource_managers,round_robin,ber,8.5,0.0
resource_managers,round_robin,ber,9.0,0.0
resource_managers,round_robin,ber,9.5,0.0
resource_managers,round_robin,ber,10.0,0.0
resource_managers,round_robin,ber_upper_confidence,-5.0,0.06784366107958674
resource_managers,round_robin,ber_upper_confidence,-4.5,0.04342554552941994
resource_managers,round_robin,ber_upper_confidence,-4.0,0.02906625972003577
resource_managers,round_robin,ber_upper_confidence,-3.5,0.01704821309070338
resource_managers,round_robin,ber_upper_confidence,-3.0,0.010997179537413134
resource_managers,round_robin,ber_upper_confidence,-2.5,0.0077026204105369945
resource_managers,round_robin,ber_upper_confidence,-2.0,0.004841227452897813
resource_managers,round_robin,ber_upper_confidence,-1.5,0.0034069067822841328
resource_managers,round_robin,ber_upper_confidence,-1.0,0.0021366283835640453
resource_managers,round_robin,ber_upper_confidence,-0.5,0.001736445978221115
resource_managers,round_robin,ber_upper_confidence,0.0,0.0010839718833711017
resource_managers,round_robin,ber_upper_confidence,0.5,0.0005258858413705346
resource_managers,round_robin,ber_upper_confidence,1.0,0.0006441559354101165
resource_managers,round_robin,ber_upper_confidence,1.5,0.0005274983179383285
resource_managers,round_robin,ber_upper_confidence,2.0,0.0003983704783749865
resource_managers,round_robin,ber_upper_confidence,2.5,0.00026936598074241505
resource_managers,round_robin,ber_upper_confidence,3.0,0.00036426036914409006
resource_managers,round_robin,ber_upper_confidence,3.5,0.0002610932546292721
resource_managers,round_robin,ber_upper_confidence,4.0,4.761588213529571e-07
resource_managers,round_robin,ber_upper_confidence,4.5,0.00015600970191281525
resource_managers,round_robin,ber_upper_confidence,5.0,4.761588213529571e-07
resource_managers,round_robin,ber_upper_confidence,5.5,0.00029335885382145084
resource_managers,round_robin,ber_upper_confidence,6.0,0.0001542140355330048
resource_managers,round_robin,ber_upper_confidence,6.5,3.755623725994613e-05
resource_managers,round_robin,ber_upper_confidence,7.0,6.654330918818428e-05
resource_managers,round_robin,ber_upper_confidence,7.5,9.409901338233002e-05
resource_managers,round_robin,ber_upper_confidence,8.0,4.761588213529571e-07
resource_managers,round_robin,ber_upper_confidence,8.5,4.761588213529571e-07
resource_managers,round_robin,ber_upper_confidence,9.0,4.761588213529571e-07
resource_managers,round_robin,ber_upper_confidence,9.5,4.761588213529571e-07
resource_managers,round_robin,ber_upper_confidence,10.0,4.761588213529571e-07
resource_managers,round_robin,latency_ms,-5.0,893.3721110257053
resource_managers,round_robin,latency_ms,-4.5,945.3449463328753
resource_managers,round_robin,latency_ms,-4.0,934.0573153648669
resource_managers,round_robin,latency_ms,-3.5,934.3898653646355
resource_managers,round_robin,latency_ms,-3.0,935.9639778645309
resource_managers,round_robin,latency_ms,-2.5,933.6670731771327
resource_managers,round_robin,latency_ms,-2.0,931.3636622393054
resource_managers,round_robin,latency_ms,-1.5,934.3466364576037
resource_managers,round_robin,latency_ms,-1.0,935.73656302081
resource_managers,round_robin,latency_ms,-0.5,933.3985184894394
resource_managers,round_robin,latency_ms,0.0,941.7543755212981
resource_managers,round_robin,latency_ms,0.5,931.4327005199337
resource_managers,round_robin,latency_ms,1.0,934.5778763015168
resource_managers,round_robin,latency_ms,1.5,931.8110450523412
resource_managers,round_robin,latency_ms,2.0,932.5618341150906
resource_managers,round_robin,latency_ms,2.5,928.3994989579859
resource_managers,round_robin,latency_ms,3.0,930.0575997399668
resource_managers,round_robin,latency_ms,3.5,925.6780591151418
resource_managers,round_robin,latency_ms,4.0,922.7188403647509
resource_managers,round_robin,latency_ms,4.5,924.2867177080419
resource_managers,round_robin,latency_ms,5.0,923.9040075521237
resource_managers,round_robin,latency_ms,5.5,925.552629427414
resource_managers,round_robin,latency_ms,6.0,931.0342372401968
resource_managers,round_robin,latency_ms,6.5,936.8297044270824
resource_managers,round_robin,latency_ms,7.0,931.5796958326522
resource_managers,round_robin,latency_ms,7.5,939.4507723958717
resource_managers,round_robin,latency_ms,8.0,934.0167927075803
resource_managers,round_robin,latency_ms,8.5,935.5573122395234
resource_managers,round_robin,latency_ms,9.0,933.1929708334591
resource_managers,round_robin,latency_ms,9.5,935.7553513015367
resource_managers,round_robin,latency_ms,10.0,936.697535677495
resource_managers,round_robin,throughput_bits_per_batch,-5.0,45828.723076923074
resource_managers,round_robin,throughput_bits_per_batch,-4.5,47024.98
resource_managers,round_robin,throughput_bits_per_batch,-4.0,47728.75
resource_managers,round_robin,throughput_bits_per_batch,-3.5,48318.21875
resource_managers,round_robin,throughput_bits_per_batch,-3.0,48614.828125
resource_managers,round_robin,throughput_bits_per_batch,-2.5,48776.21875
resource_managers,round_robin,throughput_bits_per_batch,-2.0,48916.28125
resource_managers,round_robin,throughput_bits_per_batch,-1.5,48986.421875
resource_managers,round_robin,throughput_bits_per_batch,-1.0,49048.46875
resource_managers,round_robin,throughput_bits_per_batch,-0.5,49067.9921875
resource_managers,round_robin,throughput_bits_per_batch,0.0,49099.78125
resource_managers,round_robin,throughput_bits_per_batch,0.5,49126.890625
resource_managers,round_robin,throughput_bits_per_batch,1.0,49121.15625
resource_managers,round_robin,throughput_bits_per_batch,1.5,49126.8125
resource_managers,round_robin,throughput_bits_per_batch,2.0,49133.0625
resource_managers,round_robin,throughput_bits_per_batch,2.5,49139.2890625
resource_managers,round_robin,throughput_bits_per_batch,3.0,49134.7109375
resource_managers,round_robin,throughput_bits_per_batch,3.5,49139.6875
resource_managers,round_robin,throughput_bits_per_batch,4.0,49152.0
resource_managers,round_robin,throughput_bits_per_batch,4.5,49144.734375
resource_managers,round_robin,throughput_bits_per_batch,5.0,49152.0
resource_managers,round_robin,throughput_bits_per_batch,5.5,49138.1328125
resource_managers,round_robin,throughput_bits_per_batch,6.0,49144.8203125
resource_managers,round_robin,throughput_bits_per_batch,6.5,49150.3515625
resource_managers,round_robin,throughput_bits_per_batch,7.0,49148.9921875
resource_managers,round_robin,throughput_bits_per_batch,7.5,49147.6875
resource_managers,round_robin,throughput_bits_per_batch,8.0,49152.0
resource_managers,round_robin,throughput_bits_per_batch,8.5,49152.0
resource_managers,round_robin,throughput_bits_per_batch,9.0,49152.0
resource_managers,round_robin,throughput_bits_per_batch,9.5,49152.0
resource_managers,round_robin,throughput_bits_per_batch,10.0,49152.0
resource_managers,round_robin,energy_joules_per_batch,-5.0,0.00018645100000000018
resource_managers,round_robin,energy_joules_per_batch,-4.5,0.00018645100000000035
resource_managers,round_robin,energy_joules_per_batch,-4.0,0.0001864510000000004
resource_managers,round_robin,energy_joules_per_batch,-3.5,0.00018645100000000043
resource_managers,round_robin,energy_joules_per_batch,-3.0,0.00018645100000000043
resource_managers,round_robin,energy_joules_per_batch,-2.5,0.00018645100000000043
resource_managers,round_robin,energy_joules_per_batch,-2.0,0.00018645100000000043
resource_managers,round_robin,energy_joules_per_batch,-1.5,0.00018645100000000043
resource_managers,round_robin,energy_joules_per_batch,-1.0,0.00018645100000000043
resource_managers,round_robin,energy_joules_per_batch,-0.5,0.00018645100000000043
resource_managers,round_robin,energy_joules_per_batch,0.0,0.00018645100000000043
resource_managers,round_robin,energy_joules_per_batch,0.5,0.00018645100000000043
resource_managers,round_robin,energy_joules_per_batch,1.0,0.00018645100000000043
resource_managers,round_robin,energy_joules_per_batch,1.5,0.00018645100000000043
resource_managers,round_robin,energy_joules_per_batch,2.0,0.00018645100000000043
resource_managers,round_robin,energy_joules_per_batch,2.5,0.00018645100000000043
resource_managers,round_robin,energy_joules_per_batch,3.0,0.00018645100000000043
resource_managers,round_robin,energy_joules_per_batch,3.5,0.00018645100000000043
resource_managers,round_robin,energy_joules_per_batch,4.0,0.00018645100000000043
resource_managers,round_robin,energy_joules_per_batch,4.5,0.00018645100000000043
resource_managers,round_robin,energy_joules_per_batch,5.0,0.00018645100000000043
resource_managers,round_robin,energy_joules_per_batch,5.5,0.00018645100000000043
resource_managers,round_robin,energy_joules_per_batch,6.0,0.00018645100000000043
resource_managers,round_robin,energy_joules_per_batch,6.5,0.00018645100000000043
resource_managers,round_robin,energy_joules_per_batch,7.0,0.00018645100000000043
resource_managers,round_robin,energy_joules_per_batch,7.5,0.00018645100000000043
resource_managers,round_robin,energy_joules_per_batch,8.0,0.00018645100000000043
resource_managers,round_robin,energy_joules_per_batch,8.5,0.00018645100000000043
resource_managers,round_robin,energy_joules_per_batch,9.0,0.00018645100000000043
resource_managers,round_robin,energy_joules_per_batch,9.5,0.00018645100000000043
resource_managers,round_robin,energy_joules_per_batch,10.0,0.00018645100000000043
resource_managers,round_robin,avg_power_w,-5.0,0.0002087047465427711
resource_managers,round_robin,avg_power_w,-4.5,0.00019723065186233842
resource_managers,round_robin,avg_power_w,-4.0,0.0001996140889139847
resource_managers,round_robin,avg_power_w,-3.5,0.0001995430461215886
resource_managers,round_robin,avg_power_w,-3.0,0.00019920745286095495
resource_managers,round_robin,avg_power_w,-2.5,0.0001996975210505549
resource_managers,round_robin,avg_power_w,-2.0,0.0002001914048822892
resource_managers,round_robin,avg_power_w,-1.5,0.0001995522782710426
resource_managers,round_robin,avg_power_w,-1.0,0.00019925586684150324
resource_managers,round_robin,avg_power_w,-0.5,0.00019975497743637136
resource_managers,round_robin,avg_power_w,0.0,0.00019798262142057207
resource_managers,round_robin,avg_power_w,0.5,0.00020017656659028813
resource_managers,round_robin,avg_power_w,1.0,0.0001995029036401531
resource_managers,round_robin,avg_power_w,1.5,0.00020009528862101778
resource_managers,round_robin,avg_power_w,2.0,0.0001999341954380152
resource_managers,round_robin,avg_power_w,2.5,0.0002008305693930993
resource_managers,round_robin,avg_power_w,3.0,0.0002004725299294688
resource_managers,round_robin,avg_power_w,3.5,0.00020142099962726723
resource_managers,round_robin,avg_power_w,4.0,0.00020206696974594808
resource_managers,round_robin,avg_power_w,4.5,0.00020172420140618686
resource_managers,round_robin,avg_power_w,5.0,0.00020180776192756306
resource_managers,round_robin,avg_power_w,5.5,0.00020144829593898609
resource_managers,round_robin,avg_power_w,6.0,0.00020026223799533385
resource_managers,round_robin,avg_power_w,6.5,0.00019902336477900688
resource_managers,round_robin,avg_power_w,7.0,0.00020014498043921972
resource_managers,round_robin,avg_power_w,7.5,0.00019846808952479368
resource_managers,round_robin,avg_power_w,8.0,0.00019962274924362528
resource_managers,round_robin,avg_power_w,8.5,0.0001992940438396839
resource_managers,round_robin,avg_power_w,9.0,0.0001997989760183
resource_managers,round_robin,avg_power_w,9.5,0.0001992518661428618
resource_managers,round_robin,avg_power_w,10.0,0.00019905144713030986
resource_managers,round_robin,runtime_sec,-5.0,61.114633099976345
resource_managers,round_robin,runtime_sec,-4.5,99.58740850003232
resource_managers,round_robin,runtime_sec,-4.0,125.90682470001775
resource_managers,round_robin,runtime_sec,-3.5,125.95966070001305
resource_managers,round_robin,runtime_sec,-3.0,126.19053430014901
resource_managers,round_robin,runtime_sec,-2.5,125.79192409999814
resource_managers,round_robin,runtime_sec,-2.0,125.45561969999835
resource_managers,round_robin,runtime_sec,-1.5,125.85825869990367
resource_managers,round_robin,runtime_sec,-1.0,125.99548870002764
resource_managers,round_robin,runtime_sec,-0.5,125.72879470011685
resource_managers,round_robin,runtime_sec,0.0,126.84611059987219
resource_managers,round_robin,runtime_sec,0.5,125.51374370001577
resource_managers,round_robin,runtime_sec,1.0,125.90077140000358
resource_managers,round_robin,runtime_sec,1.5,125.48700799999642
resource_managers,round_robin,runtime_sec,2.0,125.63967679997586
resource_managers,round_robin,runtime_sec,2.5,125.0406106999144
resource_managers,round_robin,runtime_sec,3.0,125.26687420009694
resource_managers,round_robin,runtime_sec,3.5,124.67541049994179
resource_managers,round_robin,runtime_sec,4.0,124.24969109990343
resource_managers,round_robin,runtime_sec,4.5,124.46077049998712
resource_managers,round_robin,runtime_sec,5.0,124.4490034999908
resource_managers,round_robin,runtime_sec,5.5,124.61276839998754
resource_managers,round_robin,runtime_sec,6.0,125.35500150005828
resource_managers,round_robin,runtime_sec,6.5,126.1748067999797
resource_managers,round_robin,runtime_sec,7.0,125.51916729994264
resource_managers,round_robin,runtime_sec,7.5,126.55226239991316
resource_managers,round_robin,runtime_sec,8.0,125.83996230003686
resource_managers,round_robin,runtime_sec,8.5,126.00345750000997
resource_managers,round_robin,runtime_sec,9.0,126.51881230000436
resource_managers,round_robin,runtime_sec,9.5,126.78857270003937
resource_managers,round_robin,runtime_sec,10.0,126.95795820001513
resource_managers,round_robin,bit_errors,-5.0,216013.0
resource_managers,round_robin,bit_errors,-4.5,212702.0
resource_managers,round_robin,bit_errors,-4.0,182176.0
resource_managers,round_robin,bit_errors,-3.5,106724.0
resource_managers,round_robin,bit_errors,-3.0,68758.0
resource_managers,round_robin,bit_errors,-2.5,48100.0
resource_managers,round_robin,bit_errors,-2.0,30172.0
resource_managers,round_robin,bit_errors,-1.5,21194.0
resource_managers,round_robin,bit_errors,-1.0,13252.0
resource_managers,round_robin,bit_errors,-0.5,10753.0
resource_managers,round_robin,bit_errors,0.0,6684.0
resource_managers,round_robin,bit_errors,0.5,3214.0
resource_managers,round_robin,bit_errors,1.0,3948.0
resource_managers,round_robin,bit_errors,1.5,3224.0
resource_managers,round_robin,bit_errors,2.0,2424.0
resource_managers,round_robin,bit_errors,2.5,1627.0
resource_managers,round_robin,bit_errors,3.0,2213.0
resource_managers,round_robin,bit_errors,3.5,1576.0
resource_managers,round_robin,bit_errors,4.0,0.0
resource_managers,round_robin,bit_errors,4.5,930.0
resource_managers,round_robin,bit_errors,5.0,0.0
resource_managers,round_robin,bit_errors,5.5,1775.0
resource_managers,round_robin,bit_errors,6.0,919.0
resource_managers,round_robin,bit_errors,6.5,211.0
resource_managers,round_robin,bit_errors,7.0,385.0
resource_managers,round_robin,bit_errors,7.5,552.0
resource_managers,round_robin,bit_errors,8.0,0.0
resource_managers,round_robin,bit_errors,8.5,0.0
resource_managers,round_robin,bit_errors,9.0,0.0
resource_managers,round_robin,bit_errors,9.5,0.0
resource_managers,round_robin,bit_errors,10.0,0.0
resource_managers,round_robin,total_bits,-5.0,3194880.0
resource_managers,round_robin,total_bits,-4.5,4915200.0
resource_managers,round_robin,total_bits,-4.0,6291456.0
resource_managers,round_robin,total_bits,-3.5,6291456.0
resource_managers,round_robin,total_bits,-3.0,6291456.0
resource_managers,round_robin,total_bits,-2.5,6291456.0
resource_managers,round_robin,total_bits,-2.0,6291456.0
resource_managers,round_robin,total_bits,-1.5,6291456.0
resource_managers,round_robin,total_bits,-1.0,6291456.0
resource_managers,round_robin,total_bits,-0.5,6291456.0
resource_managers,round_robin,total_bits,0.0,6291456.0
resource_managers,round_robin,total_bits,0.5,6291456.0
resource_managers,round_robin,total_bits,1.0,6291456.0
resource_managers,round_robin,total_bits,1.5,6291456.0
resource_managers,round_robin,total_bits,2.0,6291456.0
resource_managers,round_robin,total_bits,2.5,6291456.0
resource_managers,round_robin,total_bits,3.0,6291456.0
resource_managers,round_robin,total_bits,3.5,6291456.0
resource_managers,round_robin,total_bits,4.0,6291456.0
resource_managers,round_robin,total_bits,4.5,6291456.0
resource_managers,round_robin,total_bits,5.0,6291456.0
resource_managers,round_robin,total_bits,5.5,6291456.0
resource_managers,round_robin,total_bits,6.0,6291456.0
resource_managers,round_robin,total_bits,6.5,6291456.0
resource_managers,round_robin,total_bits,7.0,6291456.0
resource_managers,round_robin,total_bits,7.5,6291456.0
resource_managers,round_robin,total_bits,8.0,6291456.0
resource_managers,round_robin,total_bits,8.5,6291456.0
resource_managers,round_robin,total_bits,9.0,6291456.0
resource_managers,round_robin,total_bits,9.5,6291456.0
resource_managers,round_robin,total_bits,10.0,6291456.0
resource_managers,round_robin,block_errors,-5.0,1007.0
resource_managers,round_robin,block_errors,-4.5,1002.0
resource_managers,round_robin,block_errors,-4.0,842.0
resource_managers,round_robin,block_errors,-3.5,497.0
resource_managers,round_robin,block_errors,-3.0,314.0
resource_managers,round_robin,block_errors,-2.5,203.0
resource_managers,round_robin,block_errors,-2.0,126.0
resource_managers,round_robin,block_errors,-1.5,84.0
resource_managers,round_robin,block_errors,-1.0,46.0
resource_managers,round_robin,block_errors,-0.5,35.0
resource_managers,round_robin,block_errors,0.0,26.0
resource_managers,round_robin,block_errors,0.5,12.0
resource_managers,round_robin,block_errors,1.0,14.0
resource_managers,round_robin,block_errors,1.5,12.0
resource_managers,round_robin,block_errors,2.0,10.0
resource_managers,round_robin,block_errors,2.5,8.0
resource_managers,round_robin,block_errors,3.0,9.0
resource_managers,round_robin,block_errors,3.5,4.0
resource_managers,round_robin,block_errors,4.0,0.0
resource_managers,round_robin,block_errors,4.5,2.0
resource_managers,round_robin,block_errors,5.0,0.0
resource_managers,round_robin,block_errors,5.5,3.0
resource_managers,round_robin,block_errors,6.0,2.0
resource_managers,round_robin,block_errors,6.5,1.0
resource_managers,round_robin,block_errors,7.0,1.0
resource_managers,round_robin,block_errors,7.5,1.0
resource_managers,round_robin,block_errors,8.0,0.0
resource_managers,round_robin,block_errors,8.5,0.0
resource_managers,round_robin,block_errors,9.0,0.0
resource_managers,round_robin,block_errors,9.5,0.0
resource_managers,round_robin,block_errors,10.0,0.0
resource_managers,round_robin,total_blocks,-5.0,2080.0
resource_managers,round_robin,total_blocks,-4.5,3200.0
resource_managers,round_robin,total_blocks,-4.0,4096.0
resource_managers,round_robin,total_blocks,-3.5,4096.0
resource_managers,round_robin,total_blocks,-3.0,4096.0
resource_managers,round_robin,total_blocks,-2.5,4096.0
resource_managers,round_robin,total_blocks,-2.0,4096.0
resource_managers,round_robin,total_blocks,-1.5,4096.0
resource_managers,round_robin,total_blocks,-1.0,4096.0
resource_managers,round_robin,total_blocks,-0.5,4096.0
resource_managers,round_robin,total_blocks,0.0,4096.0
resource_managers,round_robin,total_blocks,0.5,4096.0
resource_managers,round_robin,total_blocks,1.0,4096.0
resource_managers,round_robin,total_blocks,1.5,4096.0
resource_managers,round_robin,total_blocks,2.0,4096.0
resource_managers,round_robin,total_blocks,2.5,4096.0
resource_managers,round_robin,total_blocks,3.0,4096.0
resource_managers,round_robin,total_blocks,3.5,4096.0
resource_managers,round_robin,total_blocks,4.0,4096.0
resource_managers,round_robin,total_blocks,4.5,4096.0
resource_managers,round_robin,total_blocks,5.0,4096.0
resource_managers,round_robin,total_blocks,5.5,4096.0
resource_managers,round_robin,total_blocks,6.0,4096.0
resource_managers,round_robin,total_blocks,6.5,4096.0
resource_managers,round_robin,total_blocks,7.0,4096.0
resource_managers,round_robin,total_blocks,7.5,4096.0
resource_managers,round_robin,total_blocks,8.0,4096.0
resource_managers,round_robin,total_blocks,8.5,4096.0
resource_managers,round_robin,total_blocks,9.0,4096.0
resource_managers,round_robin,total_blocks,9.5,4096.0
resource_managers,round_robin,total_blocks,10.0,4096.0
resource_managers,round_robin,num_batches,-5.0,65.0
resource_managers,round_robin,num_batches,-4.5,100.0
resource_managers,round_robin,num_batches,-4.0,128.0
resource_managers,round_robin,num_batches,-3.5,128.0
resource_managers,round_robin,num_batches,-3.0,128.0
resource_managers,round_robin,num_batches,-2.5,128.0
resource_managers,round_robin,num_batches,-2.0,128.0
resource_managers,round_robin,num_batches,-1.5,128.0
resource_managers,round_robin,num_batches,-1.0,128.0
resource_managers,round_robin,num_batches,-0.5,128.0
resource_managers,round_robin,num_batches,0.0,128.0
resource_managers,round_robin,num_batches,0.5,128.0
resource_managers,round_robin,num_batches,1.0,128.0
resource_managers,round_robin,num_batches,1.5,128.0
resource_managers,round_robin,num_batches,2.0,128.0
resource_managers,round_robin,num_batches,2.5,128.0
resource_managers,round_robin,num_batches,3.0,128.0
resource_managers,round_robin,num_batches,3.5,128.0
resource_managers,round_robin,num_batches,4.0,128.0
resource_managers,round_robin,num_batches,4.5,128.0
resource_managers,round_robin,num_batches,5.0,128.0
resource_managers,round_robin,num_batches,5.5,128.0
resource_managers,round_robin,num_batches,6.0,128.0
resource_managers,round_robin,num_batches,6.5,128.0
resource_managers,round_robin,num_batches,7.0,128.0
resource_managers,round_robin,num_batches,7.5,128.0
resource_managers,round_robin,num_batches,8.0,128.0
resource_managers,round_robin,num_batches,8.5,128.0
resource_managers,round_robin,num_batches,9.0,128.0
resource_managers,round_robin,num_batches,9.5,128.0
resource_managers,round_robin,num_batches,10.0,128.0
resource_managers,round_robin,runtime_total_sec,,3805.4415875999184
resource_managers,max_throughput,ber,-5.0,0.05953231512331495
resource_managers,max_throughput,ber,-4.5,0.03545935679290254
resource_managers,max_throughput,ber,-4.0,0.02024698257446289
resource_managers,max_throughput,ber,-3.5,0.011764844258626303
resource_managers,max_throughput,ber,-3.0,0.007369518280029297
resource_managers,max_throughput,ber,-2.5,0.003566741943359375
resource_managers,max_throughput,ber,-2.0,0.0019067128499348958
resource_managers,max_throughput,ber,-1.5,0.0017522176106770833
resource_managers,max_throughput,ber,-1.0,0.0006051063537597656
resource_managers,max_throughput,ber,-0.5,0.0010142326354980469
resource_managers,max_throughput,ber,0.0,0.000640710194905599
resource_managers,max_throughput,ber,0.5,0.00021839141845703125
resource_managers,max_throughput,ber,1.0,2.5590260823567707e-05
resource_managers,max_throughput,ber,1.5,0.00012350082397460938
resource_managers,max_throughput,ber,2.0,1.430511474609375e-06
resource_managers,max_throughput,ber,2.5,0.000392913818359375
resource_managers,max_throughput,ber,3.0,0.0
resource_managers,max_throughput,ber,3.5,9.07580057779948e-05
resource_managers,max_throughput,ber,4.0,1.5576680501302082e-05
resource_managers,max_throughput,ber,4.5,5.7697296142578125e-05
resource_managers,max_throughput,ber,5.0,0.0
resource_managers,max_throughput,ber,5.5,0.0
resource_managers,max_throughput,ber,6.0,7.343292236328125e-05
resource_managers,max_throughput,ber,6.5,0.0
resource_managers,max_throughput,ber,7.0,0.0
resource_managers,max_throughput,ber,7.5,0.0
resource_managers,max_throughput,ber,8.0,0.0
resource_managers,max_throughput,ber,8.5,0.0
resource_managers,max_throughput,ber,9.0,0.0
resource_managers,max_throughput,ber,9.5,0.0
resource_managers,max_throughput,ber,10.0,0.0
resource_managers,max_throughput,ber_upper_confidence,-5.0,0.05974555956331707
resource_managers,max_throughput,ber_upper_confidence,-4.5,0.035585884698374114
resource_managers,max_throughput,ber_upper_confidence,-4.0,0.020339550416000385
resource_managers,max_throughput,ber_upper_confidence,-3.5,0.011835763548958577
resource_managers,max_throughput,ber_upper_confidence,-3.0,0.0074258178800158696
resource_managers,max_throughput,ber_upper_confidence,-2.5,0.0036060501378551726
resource_managers,max_throughput,ber_upper_confidence,-2.0,0.0019355353417397623
resource_managers,max_throughput,ber_upper_confidence,-1.5,0.0017798588570029769
resource_managers,max_throughput,ber_upper_confidence,-1.0,0.0006214488876632043
resource_managers,max_throughput,ber_upper_confidence,-0.5,0.0010353220475583479
resource_managers,max_throughput,ber_upper_confidence,0.0,0.000657520025685879
resource_managers,max_throughput,ber_upper_confidence,0.5,0.00022829868389327758
resource_managers,max_throughput,ber_upper_confidence,1.0,2.912951693616299e-05
resource_managers,max_throughput,ber_upper_confidence,1.5,0.00013100614119306703
resource_managers,max_throughput,ber_upper_confidence,2.0,2.4587932752307605e-06
resource_managers,max_throughput,ber_upper_confidence,2.5,0.0004061265977642171
resource_managers,max_throughput,ber_upper_confidence,3.0,4.761588213529571e-07
resource_managers,max_throughput,ber_upper_confidence,3.5,9.722372267683157e-05
resource_managers,max_throughput,ber_upper_confidence,4.0,1.8388734128895875e-05
resource_managers,max_throughput,ber_upper_confidence,4.5,6.289792892354897e-05
resource_managers,max_throughput,ber_upper_confidence,5.0,4.761588213529571e-07
resource_managers,max_throughput,ber_upper_confidence,5.5,4.761588213529571e-07
resource_managers,max_throughput,ber_upper_confidence,6.0,7.927130374663727e-05
resource_managers,max_throughput,ber_upper_confidence,6.5,4.761588213529571e-07
resource_managers,max_throughput,ber_upper_confidence,7.0,4.761588213529571e-07
resource_managers,max_throughput,ber_upper_confidence,7.5,4.761588213529571e-07
resource_managers,max_throughput,ber_upper_confidence,8.0,4.761588213529571e-07
resource_managers,max_throughput,ber_upper_confidence,8.5,4.761588213529571e-07
resource_managers,max_throughput,ber_upper_confidence,9.0,4.761588213529571e-07
resource_managers,max_throughput,ber_upper_confidence,9.5,4.761588213529571e-07
resource_managers,max_throughput,ber_upper_confidence,10.0,4.761588213529571e-07
resource_managers,max_throughput,latency_ms,-5.0,889.9794950972366
resource_managers,max_throughput,latency_ms,-4.5,941.8950384192099
resource_managers,max_throughput,latency_ms,-4.0,933.7391747394853
resource_managers,max_throughput,latency_ms,-3.5,934.6519817695188
resource_managers,max_throughput,latency_ms,-3.0,935.1326981773972
resource_managers,max_throughput,latency_ms,-2.5,934.7140645834592
resource_managers,max_throughput,latency_ms,-2.0,932.7363958336995
resource_managers,max_throughput,latency_ms,-1.5,933.432482551921
resource_managers,max_throughput,latency_ms,-1.0,935.2722278643163
resource_managers,max_throughput,latency_ms,-0.5,931.2225044267556
resource_managers,max_throughput,latency_ms,0.0,933.1048997399015
resource_managers,max_throughput,latency_ms,0.5,929.8706052076958
resource_managers,max_throughput,latency_ms,1.0,935.7870825514559
resource_managers,max_throughput,latency_ms,1.5,934.0855630206014
resource_managers,max_throughput,latency_ms,2.0,928.3910294264209
resource_managers,max_throughput,latency_ms,2.5,927.185648958612
resource_managers,max_throughput,latency_ms,3.0,931.7594802072612
resource_managers,max_throughput,latency_ms,3.5,928.7885575519957
resource_managers,max_throughput,latency_ms,4.0,922.942128645814
resource_managers,max_throughput,latency_ms,4.5,923.8998325520519
resource_managers,max_throughput,latency_ms,5.0,926.930588802093
resource_managers,max_throughput,latency_ms,5.5,927.4489028647671
resource_managers,max_throughput,latency_ms,6.0,936.4305294267573
resource_managers,max_throughput,latency_ms,6.5,933.7092302082218
resource_managers,max_throughput,latency_ms,7.0,931.5662458332944
resource_managers,max_throughput,latency_ms,7.5,935.9012723960794
resource_managers,max_throughput,latency_ms,8.0,933.1921505196013
resource_managers,max_throughput,latency_ms,8.5,932.851132551746
resource_managers,max_throughput,latency_ms,9.0,932.3215138012691
resource_managers,max_throughput,latency_ms,9.5,934.458133333549
resource_managers,max_throughput,latency_ms,10.0,935.879965364932
resource_managers,max_throughput,throughput_bits_per_batch,-5.0,46225.867647058825
resource_managers,max_throughput,throughput_bits_per_batch,-4.5,47409.101694915254
resource_managers,max_throughput,throughput_bits_per_batch,-4.0,48156.8203125
resource_managers,max_throughput,throughput_bits_per_batch,-3.5,48573.734375
resource_managers,max_throughput,throughput_bits_per_batch,-3.0,48789.7734375
resource_managers,max_throughput,throughput_bits_per_batch,-2.5,48976.6875
resource_managers,max_throughput,throughput_bits_per_batch,-2.0,49058.28125
resource_managers,max_throughput,throughput_bits_per_batch,-1.5,49065.875
resource_managers,max_throughput,throughput_bits_per_batch,-1.0,49122.2578125
resource_managers,max_throughput,throughput_bits_per_batch,-0.5,49102.1484375
resource_managers,max_throughput,throughput_bits_per_batch,0.0,49120.5078125
resource_managers,max_throughput,throughput_bits_per_batch,0.5,49141.265625
resource_managers,max_throughput,throughput_bits_per_batch,1.0,49150.7421875
resource_managers,max_throughput,throughput_bits_per_batch,1.5,49145.9296875
resource_managers,max_throughput,throughput_bits_per_batch,2.0,49151.9296875
resource_managers,max_throughput,throughput_bits_per_batch,2.5,49132.6875
resource_managers,max_throughput,throughput_bits_per_batch,3.0,49152.0
resource_managers,max_throughput,throughput_bits_per_batch,3.5,49147.5390625
resource_managers,max_throughput,throughput_bits_per_batch,4.0,49151.234375
resource_managers,max_throughput,throughput_bits_per_batch,4.5,49149.1640625
resource_managers,max_throughput,throughput_bits_per_batch,5.0,49152.0
resource_managers,max_throughput,throughput_bits_per_batch,5.5,49152.0
resource_managers,max_throughput,throughput_bits_per_batch,6.0,49148.390625
resource_managers,max_throughput,throughput_bits_per_batch,6.5,49152.0
resource_managers,max_throughput,throughput_bits_per_batch,7.0,49152.0
resource_managers,max_throughput,throughput_bits_per_batch,7.5,49152.0
resource_managers,max_throughput,throughput_bits_per_batch,8.0,49152.0
resource_managers,max_throughput,throughput_bits_per_batch,8.5,49152.0
resource_managers,max_throughput,throughput_bits_per_batch,9.0,49152.0
resource_managers,max_throughput,throughput_bits_per_batch,9.5,49152.0
resource_managers,max_throughput,throughput_bits_per_batch,10.0,49152.0
resource_managers,max_throughput,energy_joules_per_batch,-5.0,0.00018645100000000024
resource_managers,max_throughput,energy_joules_per_batch,-4.5,0.0001864510000000004
resource_managers,max_throughput,energy_joules_per_batch,-4.0,0.00018645100000000043
resource_managers,max_throughput,energy_joules_per_batch,-3.5,0.00018645100000000043
resource_managers,max_throughput,energy_joules_per_batch,-3.0,0.00018645100000000043
resource_managers,max_throughput,energy_joules_per_batch,-2.5,0.00018645100000000043
resource_managers,max_throughput,energy_joules_per_batch,-2.0,0.00018645100000000043
resource_managers,max_throughput,energy_joules_per_batch,-1.5,0.00018645100000000043
resource_managers,max_throughput,energy_joules_per_batch,-1.0,0.00018645100000000043
resource_managers,max_throughput,energy_joules_per_batch,-0.5,0.00018645100000000043
resource_managers,max_throughput,energy_joules_per_batch,0.0,0.00018645100000000043
resource_managers,max_throughput,energy_joules_per_batch,0.5,0.00018645100000000043
resource_managers,max_throughput,energy_joules_per_batch,1.0,0.00018645100000000043
resource_managers,max_throughput,energy_joules_per_batch,1.5,0.00018645100000000043
resource_managers,max_throughput,energy_joules_per_batch,2.0,0.00018645100000000043
resource_managers,max_throughput,energy_joules_per_batch,2.5,0.00018645100000000043
resource_managers,max_throughput,energy_joules_per_batch,3.0,0.00018645100000000043
resource_managers,max_throughput,energy_joules_per_batch,3.5,0.00018645100000000043
resource_managers,max_throughput,energy_joules_per_batch,4.0,0.00018645100000000043
resource_managers,max_throughput,energy_joules_per_batch,4.5,0.00018645100000000043
resource_managers,max_throughput,energy_joules_per_batch,5.0,0.00018645100000000043
resource_managers,max_throughput,energy_joules_per_batch,5.5,0.00018645100000000043
resource_managers,max_throughput,energy_joules_per_batch,6.0,0.00018645100000000043
resource_managers,max_throughput,energy_joules_per_batch,6.5,0.00018645100000000043
resource_managers,max_throughput,energy_joules_per_batch,7.0,0.00018645100000000043
resource_managers,max_throughput,energy_joules_per_batch,7.5,0.00018645100000000043
resource_managers,max_throughput,energy_joules_per_batch,8.0,0.00018645100000000043
resource_managers,max_throughput,energy_joules_per_batch,8.5,0.00018645100000000043
resource_managers,max_throughput,energy_joules_per_batch,9.0,0.00018645100000000043
resource_managers,max_throughput,energy_joules_per_batch,9.5,0.00018645100000000043
resource_managers,max_throughput,energy_joules_per_batch,10.0,0.00018645100000000043
resource_managers,max_throughput,avg_power_w,-5.0,0.00020950033234150989
resource_managers,max_throughput,avg_power_w,-4.5,0.00019795305463432807
resource_managers,max_throughput,avg_power_w,-4.0,0.0001996821007879642
resource_managers,max_throughput,avg_power_w,-3.5,0.0001994870857139834
resource_managers,max_throughput,avg_power_w,-3.0,0.00019938453693620086
resource_managers,max_throughput,avg_power_w,-2.5,0.00019947383597259706
resource_managers,max_throughput,avg_power_w,-2.0,0.00019989677773144747
resource_managers,max_throughput,avg_power_w,-1.5,0.00019974770911149357
resource_managers,max_throughput,avg_power_w,-1.0,0.00019935479151964044
resource_managers,max_throughput,avg_power_w,-0.5,0.00020022175056301546
resource_managers,max_throughput,avg_power_w,0.0,0.00019981783404199544
resource_managers,max_throughput,avg_power_w,0.5,0.00020051284442780589
resource_managers,max_throughput,avg_power_w,1.0,0.000199245109786764
resource_managers,max_throughput,avg_power_w,1.5,0.0001996080523898304
resource_managers,max_throughput,avg_power_w,2.0,0.00020083240153149012
resource_managers,max_throughput,avg_power_w,2.5,0.00020109349212794306
resource_managers,max_throughput,avg_power_w,3.0,0.0002001063621681919
resource_managers,max_throughput,avg_power_w,3.5,0.00020074644383155256
resource_managers,max_throughput,avg_power_w,4.0,0.00020201808348869118
resource_managers,max_throughput,avg_power_w,4.5,0.00020180867387428162
resource_managers,max_throughput,avg_power_w,5.0,0.00020114882630096177
resource_managers,max_throughput,avg_power_w,5.5,0.00020103641227465786
resource_managers,max_throughput,avg_power_w,6.0,0.00019910820305499624
resource_managers,max_throughput,avg_power_w,6.5,0.00019968850469478697
resource_managers,max_throughput,avg_power_w,7.0,0.00020014787014230892
resource_managers,max_throughput,avg_power_w,7.5,0.00019922079977800604
resource_managers,max_throughput,avg_power_w,8.0,0.0001997991516497267
resource_managers,max_throughput,avg_power_w,8.5,0.00019987219127877065
resource_managers,max_throughput,avg_power_w,9.0,0.0001999857315742944
resource_managers,max_throughput,avg_power_w,9.5,0.00019952846826305906
resource_managers,max_throughput,avg_power_w,10.0,0.0001992253354064447
resource_managers,max_throughput,runtime_sec,-5.0,63.924267099973804
resource_managers,max_throughput,runtime_sec,-4.5,117.53277029995661
resource_managers,max_throughput,runtime_sec,-4.0,126.29761859996506
resource_managers,max_throughput,runtime_sec,-3.5,126.44472209986998
resource_managers,max_throughput,runtime_sec,-3.0,126.49786050001421
resource_managers,max_throughput,runtime_sec,-2.5,126.36496159995295
resource_managers,max_throughput,runtime_sec,-2.0,126.1341515000604
resource_managers,max_throughput,runtime_sec,-1.5,126.30086090002442
resource_managers,max_throughput,runtime_sec,-1.0,126.46415859992703
resource_managers,max_throughput,runtime_sec,-0.5,125.95261050001136
resource_managers,max_throughput,runtime_sec,0.0,126.22613799990359
resource_managers,max_throughput,runtime_sec,0.5,125.77258839997376
resource_managers,max_throughput,runtime_sec,1.0,126.54403540005296
resource_managers,max_throughput,runtime_sec,1.5,126.32449600001564
resource_managers,max_throughput,runtime_sec,2.0,125.5397969999176
resource_managers,max_throughput,runtime_sec,2.5,125.36375689998385
resource_managers,max_throughput,runtime_sec,3.0,126.02591109996865
resource_managers,max_throughput,runtime_sec,3.5,125.65613099994516
resource_managers,max_throughput,runtime_sec,4.0,124.76592379996146
resource_managers,max_throughput,runtime_sec,4.5,124.92589189995488
resource_managers,max_throughput,runtime_sec,5.0,125.32133439990139
resource_managers,max_throughput,runtime_sec,5.5,125.39487190005457
resource_managers,max_throughput,runtime_sec,6.0,126.57159839996166
resource_managers,max_throughput,runtime_sec,6.5,126.25484289997257
resource_managers,max_throughput,runtime_sec,7.0,126.00665500005562
resource_managers,max_throughput,runtime_sec,7.5,126.55884739995236
resource_managers,max_throughput,runtime_sec,8.0,126.23103089987126
resource_managers,max_throughput,runtime_sec,8.5,126.137893000021
resource_managers,max_throughput,runtime_sec,9.0,126.80730150015006
resource_managers,max_throughput,runtime_sec,9.5,127.12616669989075
resource_managers,max_throughput,runtime_sec,10.0,127.33390079989476
resource_managers,max_throughput,bit_errors,-5.0,198977.0
resource_managers,max_throughput,bit_errors,-4.5,205662.0
resource_managers,max_throughput,bit_errors,-4.0,127383.0
resource_managers,max_throughput,bit_errors,-3.5,74018.0
resource_managers,max_throughput,bit_errors,-3.0,46365.0
resource_managers,max_throughput,bit_errors,-2.5,22440.0
resource_managers,max_throughput,bit_errors,-2.0,11996.0
resource_managers,max_throughput,bit_errors,-1.5,11024.0
resource_managers,max_throughput,bit_errors,-1.0,3807.0
resource_managers,max_throughput,bit_errors,-0.5,6381.0
resource_managers,max_throughput,bit_errors,0.0,4031.0
resource_managers,max_throughput,bit_errors,0.5,1374.0
resource_managers,max_throughput,bit_errors,1.0,161.0
resource_managers,max_throughput,bit_errors,1.5,777.0
resource_managers,max_throughput,bit_errors,2.0,9.0
resource_managers,max_throughput,bit_errors,2.5,2472.0
resource_managers,max_throughput,bit_errors,3.0,0.0
resource_managers,max_throughput,bit_errors,3.5,571.0
resource_managers,max_throughput,bit_errors,4.0,98.0
resource_managers,max_throughput,bit_errors,4.5,363.0
resource_managers,max_throughput,bit_errors,5.0,0.0
resource_managers,max_throughput,bit_errors,5.5,0.0
resource_managers,max_throughput,bit_errors,6.0,462.0
resource_managers,max_throughput,bit_errors,6.5,0.0
resource_managers,max_throughput,bit_errors,7.0,0.0
resource_managers,max_throughput,bit_errors,7.5,0.0
resource_managers,max_throughput,bit_errors,8.0,0.0
resource_managers,max_throughput,bit_errors,8.5,0.0
resource_managers,max_throughput,bit_errors,9.0,0.0
resource_managers,max_throughput,bit_errors,9.5,0.0
resource_managers,max_throughput,bit_errors,10.0,0.0
resource_managers,max_throughput,total_bits,-5.0,3342336.0
resource_managers,max_throughput,total_bits,-4.5,5799936.0
resource_managers,max_throughput,total_bits,-4.0,6291456.0
resource_managers,max_throughput,total_bits,-3.5,6291456.0
resource_managers,max_throughput,total_bits,-3.0,6291456.0
resource_managers,max_throughput,total_bits,-2.5,6291456.0
resource_managers,max_throughput,total_bits,-2.0,6291456.0
resource_managers,max_throughput,total_bits,-1.5,6291456.0
resource_managers,max_throughput,total_bits,-1.0,6291456.0
resource_managers,max_throughput,total_bits,-0.5,6291456.0
resource_managers,max_throughput,total_bits,0.0,6291456.0
resource_managers,max_throughput,total_bits,0.5,6291456.0
resource_managers,max_throughput,total_bits,1.0,6291456.0
resource_managers,max_throughput,total_bits,1.5,6291456.0
resource_managers,max_throughput,total_bits,2.0,6291456.0
resource_managers,max_throughput,total_bits,2.5,6291456.0
resource_managers,max_throughput,total_bits,3.0,6291456.0
resource_managers,max_throughput,total_bits,3.5,6291456.0
resource_managers,max_throughput,total_bits,4.0,6291456.0
resource_managers,max_throughput,total_bits,4.5,6291456.0
resource_managers,max_throughput,total_bits,5.0,6291456.0
resource_managers,max_throughput,total_bits,5.5,6291456.0
resource_managers,max_throughput,total_bits,6.0,6291456.0
resource_managers,max_throughput,total_bits,6.5,6291456.0
resource_managers,max_throughput,total_bits,7.0,6291456.0
resource_managers,max_throughput,total_bits,7.5,6291456.0
resource_managers,max_throughput,total_bits,8.0,6291456.0
resource_managers,max_throughput,total_bits,8.5,6291456.0
resource_managers,max_throughput,total_bits,9.0,6291456.0
resource_managers,max_throughput,total_bits,9.5,6291456.0
resource_managers,max_throughput,total_bits,10.0,6291456.0
resource_managers,max_throughput,block_errors,-5.0,1007.0
resource_managers,max_throughput,block_errors,-4.5,1003.0
resource_managers,max_throughput,block_errors,-4.0,641.0
resource_managers,max_throughput,block_errors,-3.5,364.0
resource_managers,max_throughput,block_errors,-3.0,220.0
resource_managers,max_throughput,block_errors,-2.5,97.0
resource_managers,max_throughput,block_errors,-2.0,65.0
resource_managers,max_throughput,block_errors,-1.5,46.0
resource_managers,max_throughput,block_errors,-1.0,17.0
resource_managers,max_throughput,block_errors,-0.5,21.0
resource_managers,max_throughput,block_errors,0.0,15.0
resource_managers,max_throughput,block_errors,0.5,7.0
resource_managers,max_throughput,block_errors,1.0,2.0
resource_managers,max_throughput,block_errors,1.5,4.0
resource_managers,max_throughput,block_errors,2.0,1.0
resource_managers,max_throughput,block_errors,2.5,5.0
resource_managers,max_throughput,block_errors,3.0,0.0
resource_managers,max_throughput,block_errors,3.5,1.0
resource_managers,max_throughput,block_errors,4.0,2.0
resource_managers,max_throughput,block_errors,4.5,1.0
resource_managers,max_throughput,block_errors,5.0,0.0
resource_managers,max_throughput,block_errors,5.5,0.0
resource_managers,max_throughput,block_errors,6.0,1.0
resource_managers,max_throughput,block_errors,6.5,0.0
resource_managers,max_throughput,block_errors,7.0,0.0
resource_managers,max_throughput,block_errors,7.5,0.0
resource_managers,max_throughput,block_errors,8.0,0.0
resource_managers,max_throughput,block_errors,8.5,0.0
resource_managers,max_throughput,block_errors,9.0,0.0
resource_managers,max_throughput,block_errors,9.5,0.0
resource_managers,max_throughput,block_errors,10.0,0.0
resource_managers,max_throughput,total_blocks,-5.0,2176.0
resource_managers,max_throughput,total_blocks,-4.5,3776.0
resource_managers,max_throughput,total_blocks,-4.0,4096.0
resource_managers,max_throughput,total_blocks,-3.5,4096.0
resource_managers,max_throughput,total_blocks,-3.0,4096.0
resource_managers,max_throughput,total_blocks,-2.5,4096.0
resource_managers,max_throughput,total_blocks,-2.0,4096.0
resource_managers,max_throughput,total_blocks,-1.5,4096.0
resource_managers,max_throughput,total_blocks,-1.0,4096.0
resource_managers,max_throughput,total_blocks,-0.5,4096.0
resource_managers,max_throughput,total_blocks,0.0,4096.0
resource_managers,max_throughput,total_blocks,0.5,4096.0
resource_managers,max_throughput,total_blocks,1.0,4096.0
resource_managers,max_throughput,total_blocks,1.5,4096.0
resource_managers,max_throughput,total_blocks,2.0,4096.0
resource_managers,max_throughput,total_blocks,2.5,4096.0
resource_managers,max_throughput,total_blocks,3.0,4096.0
resource_managers,max_throughput,total_blocks,3.5,4096.0
resource_managers,max_throughput,total_blocks,4.0,4096.0
resource_managers,max_throughput,total_blocks,4.5,4096.0
resource_managers,max_throughput,total_blocks,5.0,4096.0
resource_managers,max_throughput,total_blocks,5.5,4096.0
resource_managers,max_throughput,total_blocks,6.0,4096.0
resource_managers,max_throughput,total_blocks,6.5,4096.0
resource_managers,max_throughput,total_blocks,7.0,4096.0
resource_managers,max_throughput,total_blocks,7.5,4096.0
resource_managers,max_throughput,total_blocks,8.0,4096.0
resource_managers,max_throughput,total_blocks,8.5,4096.0
resource_managers,max_throughput,total_blocks,9.0,4096.0
resource_managers,max_throughput,total_blocks,9.5,4096.0
resource_managers,max_throughput,total_blocks,10.0,4096.0
resource_managers,max_throughput,num_batches,-5.0,68.0
resource_managers,max_throughput,num_batches,-4.5,118.0
resource_managers,max_throughput,num_batches,-4.0,128.0
resource_managers,max_throughput,num_batches,-3.5,128.0
resource_managers,max_throughput,num_batches,-3.0,128.0
resource_managers,max_throughput,num_batches,-2.5,128.0
resource_managers,max_throughput,num_batches,-2.0,128.0
resource_managers,max_throughput,num_batches,-1.5,128.0
resource_managers,max_throughput,num_batches,-1.0,128.0
resource_managers,max_throughput,num_batches,-0.5,128.0
resource_managers,max_throughput,num_batches,0.0,128.0
resource_managers,max_throughput,num_batches,0.5,128.0
resource_managers,max_throughput,num_batches,1.0,128.0
resource_managers,max_throughput,num_batches,1.5,128.0
resource_managers,max_throughput,num_batches,2.0,128.0
resource_managers,max_throughput,num_batches,2.5,128.0
resource_managers,max_throughput,num_batches,3.0,128.0
resource_managers,max_throughput,num_batches,3.5,128.0
resource_managers,max_throughput,num_batches,4.0,128.0
resource_managers,max_throughput,num_batches,4.5,128.0
resource_managers,max_throughput,num_batches,5.0,128.0
resource_managers,max_throughput,num_batches,5.5,128.0
resource_managers,max_throughput,num_batches,6.0,128.0
resource_managers,max_throughput,num_batches,6.5,128.0
resource_managers,max_throughput,num_batches,7.0,128.0
resource_managers,max_throughput,num_batches,7.5,128.0
resource_managers,max_throughput,num_batches,8.0,128.0
resource_managers,max_throughput,num_batches,8.5,128.0
resource_managers,max_throughput,num_batches,9.0,128.0
resource_managers,max_throughput,num_batches,9.5,128.0
resource_managers,max_throughput,num_batches,10.0,128.0
resource_managers,max_throughput,runtime_total_sec,,3838.8030940991594
resource_managers,pf,ber,-5.0,0.07246940366683467
resource_managers,pf,ber,-4.5,0.0438245006443299
resource_managers,pf,ber,-4.0,0.028411229451497395
resource_managers,pf,ber,-3.5,0.016952991485595703
resource_managers,pf,ber,-3.0,0.012009143829345703
resource_managers,pf,ber,-2.5,0.007648785909016927
resource_managers,pf,ber,-2.0,0.004739920298258464
resource_managers,pf,ber,-1.5,0.003491560618082682
resource_managers,pf,ber,-1.0,0.0013597806294759114
resource_managers,pf,ber,-0.5,0.0017892519632975261
resource_managers,pf,ber,0.0,0.0007809003194173177
resource_managers,pf,ber,0.5,0.0007632573445638021
resource_managers,pf,ber,1.0,0.00028578440348307293
resource_managers,pf,ber,1.5,0.0008970896402994791
resource_managers,pf,ber,2.0,0.00019343694051106772
resource_managers,pf,ber,2.5,0.0004208882649739583
resource_managers,pf,ber,3.0,0.00010156631469726562
resource_managers,pf,ber,3.5,0.00035826365152994793
resource_managers,pf,ber,4.0,7.295608520507812e-05
resource_managers,pf,ber,4.5,6.643931070963542e-05
resource_managers,pf,ber,5.0,0.0
resource_managers,pf,ber,5.5,0.0003695487976074219
resource_managers,pf,ber,6.0,0.00015354156494140625
resource_managers,pf,ber,6.5,0.0
resource_managers,pf,ber,7.0,8.551279703776042e-05
resource_managers,pf,ber,7.5,0.0
resource_managers,pf,ber,8.0,0.000179290771484375
resource_managers,pf,ber,8.5,6.75519307454427e-05
resource_managers,pf,ber,9.0,0.0
resource_managers,pf,ber,9.5,4.76837158203125e-07
resource_managers,pf,ber,10.0,0.0
resource_managers,pf,ber_upper_confidence,-5.0,0.07271407150306339
resource_managers,pf,ber_upper_confidence,-4.5,0.043978964551729505
resource_managers,pf,ber_upper_confidence,-4.0,0.028520385099863665
resource_managers,pf,ber_upper_confidence,-3.5,0.017037856276668668
resource_managers,pf,ber_upper_confidence,-3.0,0.0120807845524826
resource_managers,pf,ber_upper_confidence,-2.5,0.007706130175211917
resource_managers,pf,ber_upper_confidence,-2.0,0.00478517450782386
resource_managers,pf,ber_upper_confidence,-1.5,0.0035304560946580275
resource_managers,pf,ber_upper_confidence,-1.0,0.001384161221031058
resource_managers,pf,ber_upper_confidence,-0.5,0.0018171809907360848
resource_managers,pf,ber_upper_confidence,0.0,0.0007994343300432469
resource_managers,pf,ber_upper_confidence,0.5,0.0007815834237988419
resource_managers,pf,ber_upper_confidence,1.0,0.0002970856935839402
resource_managers,pf,ber_upper_confidence,1.5,0.0009169379000596615
resource_managers,pf,ber_upper_confidence,2.0,0.00020277408025627054
resource_managers,pf,ber_upper_confidence,2.5,0.0004345554761700316
resource_managers,pf,ber_upper_confidence,3.0,0.0001083933062928239
resource_managers,pf,ber_upper_confidence,3.5,0.0003708904706647511
resource_managers,pf,ber_upper_confidence,4.0,7.877620739361207e-05
resource_managers,pf,ber_upper_confidence,4.5,7.200364588845208e-05
resource_managers,pf,ber_upper_confidence,5.0,4.761588213529571e-07
resource_managers,pf,ber_upper_confidence,5.5,0.0003823694528975552
resource_managers,pf,ber_upper_confidence,6.0,0.00016188450572639907
resource_managers,pf,ber_upper_confidence,6.5,4.761588213529571e-07
resource_managers,pf,ber_upper_confidence,7.0,9.17954387276597e-05
resource_managers,pf,ber_upper_confidence,7.5,4.761588213529571e-07
resource_managers,pf,ber_upper_confidence,8.0,0.0001882882834505821
resource_managers,pf,ber_upper_confidence,8.5,7.316079589161718e-05
resource_managers,pf,ber_upper_confidence,9.0,4.761588213529571e-07
resource_managers,pf,ber_upper_confidence,9.5,1.193141047748437e-06
resource_managers,pf,ber_upper_confidence,10.0,4.761588213529571e-07
resource_managers,pf,latency_ms,-5.0,887.2677284942253
resource_managers,pf,latency_ms,-4.5,940.1417338491776
resource_managers,pf,latency_ms,-4.0,931.6761786448345
resource_managers,pf,latency_ms,-3.5,933.2415380198134
resource_managers,pf,latency_ms,-3.0,933.5452333334323
resource_managers,pf,latency_ms,-2.5,933.4188684896666
resource_managers,pf,latency_ms,-2.0,931.847995833123
resource_managers,pf,latency_ms,-1.5,935.1628575511476
resource_managers,pf,latency_ms,-1.0,935.9284278649219
resource_managers,pf,latency_ms,-0.5,934.3111434897359
resource_managers,pf,latency_ms,0.0,934.4146130208904
resource_managers,pf,latency_ms,0.5,932.2125505211424
resource_managers,pf,latency_ms,1.0,931.5540130204162
resource_managers,pf,latency_ms,1.5,933.1625161462674
resource_managers,pf,latency_ms,2.0,932.467763021264
resource_managers,pf,latency_ms,2.5,927.2773653650851
resource_managers,pf,latency_ms,3.0,929.3972622383811
resource_managers,pf,latency_ms,3.5,926.8110638027728
resource_managers,pf,latency_ms,4.0,924.9893684894054
resource_managers,pf,latency_ms,4.5,924.1741059887253
resource_managers,pf,latency_ms,5.0,924.289771614638
resource_managers,pf,latency_ms,5.5,931.89500286499
resource_managers,pf,latency_ms,6.0,942.7210848956796
resource_managers,pf,latency_ms,6.5,936.5088809897478
resource_managers,pf,latency_ms,7.0,932.3137973956071
resource_managers,pf,latency_ms,7.5,937.0610747395452
resource_managers,pf,latency_ms,8.0,932.8309333328938
resource_managers,pf,latency_ms,8.5,934.7093598955488
resource_managers,pf,latency_ms,9.0,933.5985419274087
resource_managers,pf,latency_ms,9.5,936.5963020833013
resource_managers,pf,latency_ms,10.0,932.8182294273396
resource_managers,pf,throughput_bits_per_batch,-5.0,45589.98387096774
resource_managers,pf,throughput_bits_per_batch,-4.5,46997.9381443299
resource_managers,pf,throughput_bits_per_batch,-4.0,47755.53125
resource_managers,pf,throughput_bits_per_batch,-3.5,48318.7265625
resource_managers,pf,throughput_bits_per_batch,-3.0,48561.7265625
resource_managers,pf,throughput_bits_per_batch,-2.5,48776.046875
resource_managers,pf,throughput_bits_per_batch,-2.0,48919.0234375
resource_managers,pf,throughput_bits_per_batch,-1.5,48980.3828125
resource_managers,pf,throughput_bits_per_batch,-1.0,49085.1640625
resource_managers,pf,throughput_bits_per_batch,-0.5,49064.0546875
resource_managers,pf,throughput_bits_per_batch,0.0,49113.6171875
resource_managers,pf,throughput_bits_per_batch,0.5,49114.484375
resource_managers,pf,throughput_bits_per_batch,1.0,49137.953125
resource_managers,pf,throughput_bits_per_batch,1.5,49107.90625
resource_managers,pf,throughput_bits_per_batch,2.0,49142.4921875
resource_managers,pf,throughput_bits_per_batch,2.5,49131.3125
resource_managers,pf,throughput_bits_per_batch,3.0,49147.0078125
resource_managers,pf,throughput_bits_per_batch,3.5,49134.390625
resource_managers,pf,throughput_bits_per_batch,4.0,49148.4140625
resource_managers,pf,throughput_bits_per_batch,4.5,49148.734375
resource_managers,pf,throughput_bits_per_batch,5.0,49152.0
resource_managers,pf,throughput_bits_per_batch,5.5,49133.8359375
resource_managers,pf,throughput_bits_per_batch,6.0,49144.453125
resource_managers,pf,throughput_bits_per_batch,6.5,49152.0
resource_managers,pf,throughput_bits_per_batch,7.0,49147.796875
resource_managers,pf,throughput_bits_per_batch,7.5,49152.0
resource_managers,pf,throughput_bits_per_batch,8.0,49143.1875
resource_managers,pf,throughput_bits_per_batch,8.5,49148.6796875
resource_managers,pf,throughput_bits_per_batch,9.0,49152.0
resource_managers,pf,throughput_bits_per_batch,9.5,49151.9765625
resource_managers,pf,throughput_bits_per_batch,10.0,49152.0
resource_managers,pf,energy_joules_per_batch,-5.0,0.00018645100000000018
resource_managers,pf,energy_joules_per_batch,-4.5,0.00018645100000000035
resource_managers,pf,energy_joules_per_batch,-4.0,0.00018645100000000043
resource_managers,pf,energy_joules_per_batch,-3.5,0.00018645100000000043
resource_managers,pf,energy_joules_per_batch,-3.0,0.0001864510000000004
resource_managers,pf,energy_joules_per_batch,-2.5,0.00018645100000000043
resource_managers,pf,energy_joules_per_batch,-2.0,0.00018645100000000043
resource_managers,pf,energy_joules_per_batch,-1.5,0.00018645100000000043
resource_managers,pf,energy_joules_per_batch,-1.0,0.00018645100000000043
resource_managers,pf,energy_joules_per_batch,-0.5,0.00018645100000000043
resource_managers,pf,energy_joules_per_batch,0.0,0.0001864510000000004
resource_managers,pf,energy_joules_per_batch,0.5,0.00018645100000000043
resource_managers,pf,energy_joules_per_batch,1.0,0.00018645100000000043
resource_managers,pf,energy_joules_per_batch,1.5,0.0001864510000000004
resource_managers,pf,energy_joules_per_batch,2.0,0.00018645100000000043
resource_managers,pf,energy_joules_per_batch,2.5,0.00018645100000000043
resource_managers,pf,energy_joules_per_batch,3.0,0.00018645100000000043
resource_managers,pf,energy_joules_per_batch,3.5,0.00018645100000000043
resource_managers,pf,energy_joules_per_batch,4.0,0.00018645100000000043
resource_managers,pf,energy_joules_per_batch,4.5,0.00018645100000000043
resource_managers,pf,energy_joules_per_batch,5.0,0.00018645100000000043
resource_managers,pf,energy_joules_per_batch,5.5,0.00018645100000000043
resource_managers,pf,energy_joules_per_batch,6.0,0.00018645100000000043
resource_managers,pf,energy_joules_per_batch,6.5,0.00018645100000000043
resource_managers,pf,energy_joules_per_batch,7.0,0.00018645100000000043
resource_managers,pf,energy_joules_per_batch,7.5,0.00018645100000000043
resource_managers,pf,energy_joules_per_batch,8.0,0.00018645100000000043
resource_managers,pf,energy_joules_per_batch,8.5,0.00018645100000000043
resource_managers,pf,energy_joules_per_batch,9.0,0.00018645100000000043
resource_managers,pf,energy_joules_per_batch,9.5,0.00018645100000000043
resource_managers,pf,energy_joules_per_batch,10.0,0.00018645100000000043
resource_managers,pf,avg_power_w,-5.0,0.00021014063062614103
resource_managers,pf,avg_power_w,-4.5,0.0001983222244976009
resource_managers,pf,avg_power_w,-4.0,0.000200124253762935
resource_managers,pf,avg_power_w,-3.5,0.0001997885782019723
resource_managers,pf,avg_power_w,-3.0,0.0001997235841848127
resource_managers,pf,avg_power_w,-2.5,0.00019975062246351466
resource_managers,pf,avg_power_w,-2.0,0.00020008735419697183
resource_managers,pf,avg_power_w,-1.5,0.00019937810670565766
resource_managers,pf,avg_power_w,-1.0,0.00019921501949175756
resource_managers,pf,avg_power_w,-0.5,0.00019955985893905666
resource_managers,pf,avg_power_w,0.0,0.00019953776129123097
resource_managers,pf,avg_power_w,0.5,0.00020000910725324092
resource_managers,pf,avg_power_w,1.0,0.000200150498407991
resource_managers,pf,avg_power_w,1.5,0.00019980549665667813
resource_managers,pf,avg_power_w,2.0,0.0001999543656028231
resource_managers,pf,avg_power_w,2.5,0.0002010736021002642
resource_managers,pf,avg_power_w,3.0,0.0002006149658230622
resource_managers,pf,avg_power_w,3.5,0.0002011747672011796
resource_managers,pf,avg_power_w,4.0,0.0002015709654095727
resource_managers,pf,avg_power_w,4.5,0.00020174878174121348
resource_managers,pf,avg_power_w,5.0,0.00020172353489781667
resource_managers,pf,avg_power_w,5.5,0.00020007726130817427
resource_managers,pf,avg_power_w,6.0,0.0001977796009735296
resource_managers,pf,avg_power_w,6.5,0.00019909154497600707
resource_managers,pf,avg_power_w,7.0,0.0001999873867799084
resource_managers,pf,avg_power_w,7.5,0.00019897422380053958
resource_managers,pf,avg_power_w,8.0,0.00019987651924645468
resource_managers,pf,avg_power_w,8.5,0.00019947483998751847
resource_managers,pf,avg_power_w,9.0,0.00019971217994307642
resource_managers,pf,avg_power_w,9.5,0.00019907296194237738
resource_managers,pf,avg_power_w,10.0,0.0001998792413335054
resource_managers,pf,runtime_sec,-5.0,58.10784830003831
resource_managers,pf,runtime_sec,-4.5,96.42927199998667
resource_managers,pf,runtime_sec,-4.0,125.98112790007144
resource_managers,pf,runtime_sec,-3.5,126.25708779999695
resource_managers,pf,runtime_sec,-3.0,126.29446119987551
resource_managers,pf,runtime_sec,-2.5,126.2558568999957
resource_managers,pf,runtime_sec,-2.0,126.02370929993776
resource_managers,pf,runtime_sec,-1.5,126.48477360003744
resource_managers,pf,runtime_sec,-1.0,126.60010210002656
resource_managers,pf,runtime_sec,-0.5,126.34178439999232
resource_managers,pf,runtime_sec,0.0,126.35874990005686
resource_managers,pf,runtime_sec,0.5,126.0926424999343
resource_managers,pf,runtime_sec,1.0,126.0482641000417
resource_managers,pf,runtime_sec,1.5,126.25167250000231
resource_managers,pf,runtime_sec,2.0,126.09547049995308
resource_managers,pf,runtime_sec,2.5,125.38175510003202
resource_managers,pf,runtime_sec,3.0,125.73332480006502
resource_managers,pf,runtime_sec,3.5,125.30932239993126
resource_managers,pf,runtime_sec,4.0,125.05441759993846
resource_managers,pf,runtime_sec,4.5,124.94693600000755
resource_managers,pf,runtime_sec,5.0,124.98193029996764
resource_managers,pf,runtime_sec,5.5,125.95084420004423
resource_managers,pf,runtime_sec,6.0,127.50447819998226
resource_managers,pf,runtime_sec,6.5,126.61710350002977
resource_managers,pf,runtime_sec,7.0,126.10706620006385
resource_managers,pf,runtime_sec,7.5,126.7151964000077
resource_managers,pf,runtime_sec,8.0,126.13721509990864
resource_managers,pf,runtime_sec,8.5,126.4034792001039
resource_managers,pf,runtime_sec,9.0,126.9961202999184
resource_managers,pf,runtime_sec,9.5,127.43605479993857
resource_managers,pf,runtime_sec,10.0,126.93491590008489
resource_managers,pf,bit_errors,-5.0,220845.0
resource_managers,pf,bit_errors,-4.5,208944.0
resource_managers,pf,bit_errors,-4.0,178748.0
resource_managers,pf,bit_errors,-3.5,106659.0
resource_managers,pf,bit_errors,-3.0,75555.0
resource_managers,pf,bit_errors,-2.5,48122.0
resource_managers,pf,bit_errors,-2.0,29821.0
resource_managers,pf,bit_errors,-1.5,21967.0
resource_managers,pf,bit_errors,-1.0,8555.0
resource_managers,pf,bit_errors,-0.5,11257.0
resource_managers,pf,bit_errors,0.0,4913.0
resource_managers,pf,bit_errors,0.5,4802.0
resource_managers,pf,bit_errors,1.0,1798.0
resource_managers,pf,bit_errors,1.5,5644.0
resource_managers,pf,bit_errors,2.0,1217.0
resource_managers,pf,bit_errors,2.5,2648.0
resource_managers,pf,bit_errors,3.0,639.0
resource_managers,pf,bit_errors,3.5,2254.0
resource_managers,pf,bit_errors,4.0,459.0
resource_managers,pf,bit_errors,4.5,418.0
resource_managers,pf,bit_errors,5.0,0.0
resource_managers,pf,bit_errors,5.5,2325.0
resource_managers,pf,bit_errors,6.0,966.0
resource_managers,pf,bit_errors,6.5,0.0
resource_managers,pf,bit_errors,7.0,538.0
resource_managers,pf,bit_errors,7.5,0.0
resource_managers,pf,bit_errors,8.0,1128.0
resource_managers,pf,bit_errors,8.5,425.0
resource_managers,pf,bit_errors,9.0,0.0
resource_managers,pf,bit_errors,9.5,3.0
resource_managers,pf,bit_errors,10.0,0.0
resource_managers,pf,total_bits,-5.0,3047424.0
resource_managers,pf,total_bits,-4.5,4767744.0
resource_managers,pf,total_bits,-4.0,6291456.0
resource_managers,pf,total_bits,-3.5,6291456.0
resource_managers,pf,total_bits,-3.0,6291456.0
resource_managers,pf,total_bits,-2.5,6291456.0
resource_managers,pf,total_bits,-2.0,6291456.0
resource_managers,pf,total_bits,-1.5,6291456.0
resource_managers,pf,total_bits,-1.0,6291456.0
resource_managers,pf,total_bits,-0.5,6291456.0
resource_managers,pf,total_bits,0.0,6291456.0
resource_managers,pf,total_bits,0.5,6291456.0
resource_managers,pf,total_bits,1.0,6291456.0
resource_managers,pf,total_bits,1.5,6291456.0
resource_managers,pf,total_bits,2.0,6291456.0
resource_managers,pf,total_bits,2.5,6291456.0
resource_managers,pf,total_bits,3.0,6291456.0
resource_managers,pf,total_bits,3.5,6291456.0
resource_managers,pf,total_bits,4.0,6291456.0
resource_managers,pf,total_bits,4.5,6291456.0
resource_managers,pf,total_bits,5.0,6291456.0
resource_managers,pf,total_bits,5.5,6291456.0
resource_managers,pf,total_bits,6.0,6291456.0
resource_managers,pf,total_bits,6.5,6291456.0
resource_managers,pf,total_bits,7.0,6291456.0
resource_managers,pf,total_bits,7.5,6291456.0
resource_managers,pf,total_bits,8.0,6291456.0
resource_managers,pf,total_bits,8.5,6291456.0
resource_managers,pf,total_bits,9.0,6291456.0
resource_managers,pf,total_bits,9.5,6291456.0
resource_managers,pf,total_bits,10.0,6291456.0
resource_managers,pf,block_errors,-5.0,1002.0
resource_managers,pf,block_errors,-4.5,1006.0
resource_managers,pf,block_errors,-4.0,824.0
resource_managers,pf,block_errors,-3.5,491.0
resource_managers,pf,block_errors,-3.0,329.0
resource_managers,pf,block_errors,-2.5,209.0
resource_managers,pf,block_errors,-2.0,118.0
resource_managers,pf,block_errors,-1.5,84.0
resource_managers,pf,block_errors,-1.0,37.0
resource_managers,pf,block_errors,-0.5,42.0
resource_managers,pf,block_errors,0.0,20.0
resource_managers,pf,block_errors,0.5,18.0
resource_managers,pf,block_errors,1.0,6.0
resource_managers,pf,block_errors,1.5,16.0
resource_managers,pf,block_errors,2.0,6.0
resource_managers,pf,block_errors,2.5,7.0
resource_managers,pf,block_errors,3.0,3.0
resource_managers,pf,block_errors,3.5,6.0
resource_managers,pf,block_errors,4.0,1.0
resource_managers,pf,block_errors,4.5,1.0
resource_managers,pf,block_errors,5.0,0.0
resource_managers,pf,block_errors,5.5,4.0
resource_managers,pf,block_errors,6.0,2.0
resource_managers,pf,block_errors,6.5,0.0
resource_managers,pf,block_errors,7.0,1.0
resource_managers,pf,block_errors,7.5,0.0
resource_managers,pf,block_errors,8.0,2.0
resource_managers,pf,block_errors,8.5,1.0
resource_managers,pf,block_errors,9.0,0.0
resource_managers,pf,block_errors,9.5,1.0
resource_managers,pf,block_errors,10.0,0.0
resource_managers,pf,total_blocks,-5.0,1984.0
resource_managers,pf,total_blocks,-4.5,3104.0
resource_managers,pf,total_blocks,-4.0,4096.0
resource_managers,pf,total_blocks,-3.5,4096.0
resource_managers,pf,total_blocks,-3.0,4096.0
resource_managers,pf,total_blocks,-2.5,4096.0
resource_managers,pf,total_blocks,-2.0,4096.0
resource_managers,pf,total_blocks,-1.5,4096.0
resource_managers,pf,total_blocks,-1.0,4096.0
resource_managers,pf,total_blocks,-0.5,4096.0
resource_managers,pf,total_blocks,0.0,4096.0
resource_managers,pf,total_blocks,0.5,4096.0
resource_managers,pf,total_blocks,1.0,4096.0
resource_managers,pf,total_blocks,1.5,4096.0
resource_managers,pf,total_blocks,2.0,4096.0
resource_managers,pf,total_blocks,2.5,4096.0
resource_managers,pf,total_blocks,3.0,4096.0
resource_managers,pf,total_blocks,3.5,4096.0
resource_managers,pf,total_blocks,4.0,4096.0
resource_managers,pf,total_blocks,4.5,4096.0
resource_managers,pf,total_blocks,5.0,4096.0
resource_managers,pf,total_blocks,5.5,4096.0
resource_managers,pf,total_blocks,6.0,4096.0
resource_managers,pf,total_blocks,6.5,4096.0
resource_managers,pf,total_blocks,7.0,4096.0
resource_managers,pf,total_blocks,7.5,4096.0
resource_managers,pf,total_blocks,8.0,4096.0
resource_managers,pf,total_blocks,8.5,4096.0
resource_managers,pf,total_blocks,9.0,4096.0
resource_managers,pf,total_blocks,9.5,4096.0
resource_managers,pf,total_blocks,10.0,4096.0
resource_managers,pf,num_batches,-5.0,62.0
resource_managers,pf,num_batches,-4.5,97.0
resource_managers,pf,num_batches,-4.0,128.0
resource_managers,pf,num_batches,-3.5,128.0
resource_managers,pf,num_batches,-3.0,128.0
resource_managers,pf,num_batches,-2.5,128.0
resource_managers,pf,num_batches,-2.0,128.0
resource_managers,pf,num_batches,-1.5,128.0
resource_managers,pf,num_batches,-1.0,128.0
resource_managers,pf,num_batches,-0.5,128.0
resource_managers,pf,num_batches,0.0,128.0
resource_managers,pf,num_batches,0.5,128.0
resource_managers,pf,num_batches,1.0,128.0
resource_managers,pf,num_batches,1.5,128.0
resource_managers,pf,num_batches,2.0,128.0
resource_managers,pf,num_batches,2.5,128.0
resource_managers,pf,num_batches,3.0,128.0
resource_managers,pf,num_batches,3.5,128.0
resource_managers,pf,num_batches,4.0,128.0
resource_managers,pf,num_batches,4.5,128.0
resource_managers,pf,num_batches,5.0,128.0
resource_managers,pf,num_batches,5.5,128.0
resource_managers,pf,num_batches,6.0,128.0
resource_managers,pf,num_batches,6.5,128.0
resource_managers,pf,num_batches,7.0,128.0
resource_managers,pf,num_batches,7.5,128.0
resource_managers,pf,num_batches,8.0,128.0
resource_managers,pf,num_batches,8.5,128.0
resource_managers,pf,num_batches,9.0,128.0
resource_managers,pf,num_batches,9.5,128.0
resource_managers,pf,num_batches,10.0,128.0
resource_managers,pf,runtime_total_sec,,3813.832982999971
resource_managers,wmmse,ber,-5.0,0.06563375453756314
resource_managers,wmmse,ber,-4.5,0.04198788373898237
resource_managers,wmmse,ber,-4.0,0.026700337727864582
resource_managers,wmmse,ber,-3.5,0.015434741973876953
resource_managers,wmmse,ber,-3.0,0.010539372762044271
resource_managers,wmmse,ber,-2.5,0.007208188374837239
resource_managers,wmmse,ber,-2.0,0.004190762837727864
resource_managers,wmmse,ber,-1.5,0.003422419230143229
resource_managers,wmmse,ber,-1.0,0.001563707987467448
resource_managers,wmmse,ber,-0.5,0.001464525858561198
resource_managers,wmmse,ber,0.0,0.0008799235026041666
resource_managers,wmmse,ber,0.5,0.0003554026285807292
resource_managers,wmmse,ber,1.0,0.0003108978271484375
resource_managers,wmmse,ber,1.5,0.0003825823465983073
resource_managers,wmmse,ber,2.0,0.0004520416259765625
resource_managers,wmmse,ber,2.5,0.00035444895426432293
resource_managers,wmmse,ber,3.0,0.0003288586934407552
resource_managers,wmmse,ber,3.5,0.0003326733907063802
resource_managers,wmmse,ber,4.0,7.486343383789062e-05
resource_managers,wmmse,ber,4.5,0.00014797846476236978
resource_managers,wmmse,ber,5.0,5.7538350423177086e-05
resource_managers,wmmse,ber,5.5,0.00019566218058268228
resource_managers,wmmse,ber,6.0,0.0003331502278645833
resource_managers,wmmse,ber,6.5,3.417332967122396e-05
resource_managers,wmmse,ber,7.0,7.2479248046875e-05
resource_managers,wmmse,ber,7.5,8.869171142578125e-05
resource_managers,wmmse,ber,8.0,0.00014988581339518228
resource_managers,wmmse,ber,8.5,0.0
resource_managers,wmmse,ber,9.0,0.0
resource_managers,wmmse,ber,9.5,4.76837158203125e-07
resource_managers,wmmse,ber,10.0,6.469090779622395e-05
resource_managers,wmmse,ber_upper_confidence,-5.0,0.06586027235811392
resource_managers,wmmse,ber_upper_confidence,-4.5,0.04213403713044707
resource_managers,wmmse,ber_upper_confidence,-4.0,0.026806255638885685
resource_managers,wmmse,ber_upper_confidence,-3.5,0.01551579010413847
resource_managers,wmmse,ber_upper_confidence,-3.0,0.010606550173585938
resource_managers,wmmse,ber_upper_confidence,-2.5,0.007263875240725136
resource_managers,wmmse,ber_upper_confidence,-2.0,0.004233339539658143
resource_managers,wmmse,ber_upper_confidence,-1.5,0.0034609311634212505
resource_managers,wmmse,ber_upper_confidence,-1.0,0.0015898345417509154
resource_managers,wmmse,ber_upper_confidence,-0.5,0.0014898185245464637
resource_managers,wmmse,ber_upper_confidence,0.0,0.0008995832038592222
resource_managers,wmmse,ber_upper_confidence,0.5,0.00036797982250537923
resource_managers,wmmse,ber_upper_confidence,1.0,0.00032267564100688393
resource_managers,wmmse,ber_upper_confidence,1.5,0.000395623218695638
resource_managers,wmmse,ber_upper_confidence,2.0,0.00046619745693713083
resource_managers,wmmse,ber_upper_confidence,2.5,0.00036700956205910017
resource_managers,wmmse,ber_upper_confidence,3.0,0.00034096559190216534
resource_managers,wmmse,ber_upper_confidence,3.5,0.00034484901601197255
resource_managers,wmmse,ber_upper_confidence,4.0,8.075624038909434e-05
resource_managers,wmmse,ber_upper_confidence,4.5,0.00015617293042074416
resource_managers,wmmse,ber_upper_confidence,5.0,6.273212444860957e-05
resource_managers,wmmse,ber_upper_confidence,5.5,0.00020505159969357254
resource_managers,wmmse,ber_upper_confidence,6.0,0.00034533441624064307
resource_managers,wmmse,ber_upper_confidence,6.5,3.822778915373702e-05
resource_managers,wmmse,ber_upper_confidence,7.0,7.828105134619136e-05
resource_managers,wmmse,ber_upper_confidence,7.5,9.508595556317912e-05
resource_managers,wmmse,ber_upper_confidence,8.0,0.00015813149425374359
resource_managers,wmmse,ber_upper_confidence,8.5,4.761588213529571e-07
resource_managers,wmmse,ber_upper_confidence,9.0,4.761588213529571e-07
resource_managers,wmmse,ber_upper_confidence,9.5,1.193141047748437e-06
resource_managers,wmmse,ber_upper_confidence,10.0,7.018450817726958e-05
resource_managers,wmmse,latency_ms,-5.0,890.7454984846785
resource_managers,wmmse,latency_ms,-4.5,939.7423775648222
resource_managers,wmmse,latency_ms,-4.0,932.9729958327838
resource_managers,wmmse,latency_ms,-3.5,939.3636153639299
resource_managers,wmmse,latency_ms,-3.0,934.1577161457329
resource_managers,wmmse,latency_ms,-2.5,935.1253208330653
resource_managers,wmmse,latency_ms,-2.0,935.3194684893245
resource_managers,wmmse,latency_ms,-1.5,933.5014708330781
resource_managers,wmmse,latency_ms,-1.0,934.1438450515788
resource_managers,wmmse,latency_ms,-0.5,933.4199364579653
resource_managers,wmmse,latency_ms,0.0,932.6322669265031
resource_managers,wmmse,latency_ms,0.5,934.1565614589334
resource_managers,wmmse,latency_ms,1.0,931.5874505206515
resource_managers,wmmse,latency_ms,1.5,931.472795051632
resource_managers,wmmse,latency_ms,2.0,934.3882934900015
resource_managers,wmmse,latency_ms,2.5,927.0884098963555
resource_managers,wmmse,latency_ms,3.0,927.902175520699
resource_managers,wmmse,latency_ms,3.5,925.5850122390533
resource_managers,wmmse,latency_ms,4.0,932.4712388020365
resource_managers,wmmse,latency_ms,4.5,922.7003575517464
resource_managers,wmmse,latency_ms,5.0,924.3980138021747
resource_managers,wmmse,latency_ms,5.5,929.115374739495
resource_managers,wmmse,latency_ms,6.0,935.8218809900612
resource_managers,wmmse,latency_ms,6.5,936.7624450518114
resource_managers,wmmse,latency_ms,7.0,932.6338942710485
resource_managers,wmmse,latency_ms,7.5,937.4292294266119
resource_managers,wmmse,latency_ms,8.0,931.3412145831129
resource_managers,wmmse,latency_ms,8.5,934.8433223958913
resource_managers,wmmse,latency_ms,9.0,933.5335700522754
resource_managers,wmmse,latency_ms,9.5,935.4421333329973
resource_managers,wmmse,latency_ms,10.0,934.1359036452267
resource_managers,wmmse,throughput_bits_per_batch,-5.0,45925.969696969696
resource_managers,wmmse,throughput_bits_per_batch,-4.5,47088.21153846154
resource_managers,wmmse,throughput_bits_per_batch,-4.0,47839.625
resource_managers,wmmse,throughput_bits_per_batch,-3.5,48393.3515625
resource_managers,wmmse,throughput_bits_per_batch,-3.0,48633.96875
resource_managers,wmmse,throughput_bits_per_batch,-2.5,48797.703125
resource_managers,wmmse,throughput_bits_per_batch,-2.0,48946.015625
resource_managers,wmmse,throughput_bits_per_batch,-1.5,48983.78125
resource_managers,wmmse,throughput_bits_per_batch,-1.0,49075.140625
resource_managers,wmmse,throughput_bits_per_batch,-0.5,49080.015625
resource_managers,wmmse,throughput_bits_per_batch,0.0,49108.75
resource_managers,wmmse,throughput_bits_per_batch,0.5,49134.53125
resource_managers,wmmse,throughput_bits_per_batch,1.0,49136.71875
resource_managers,wmmse,throughput_bits_per_batch,1.5,49133.1953125
resource_managers,wmmse,throughput_bits_per_batch,2.0,49129.78125
resource_managers,wmmse,throughput_bits_per_batch,2.5,49134.578125
resource_managers,wmmse,throughput_bits_per_batch,3.0,49135.8359375
resource_managers,wmmse,throughput_bits_per_batch,3.5,49135.6484375
resource_managers,wmmse,throughput_bits_per_batch,4.0,49148.3203125
resource_managers,wmmse,throughput_bits_per_batch,4.5,49144.7265625
resource_managers,wmmse,throughput_bits_per_batch,5.0,49149.171875
resource_managers,wmmse,throughput_bits_per_batch,5.5,49142.3828125
resource_managers,wmmse,throughput_bits_per_batch,6.0,49135.625
resource_managers,wmmse,throughput_bits_per_batch,6.5,49150.3203125
resource_managers,wmmse,throughput_bits_per_batch,7.0,49148.4375
resource_managers,wmmse,throughput_bits_per_batch,7.5,49147.640625
resource_managers,wmmse,throughput_bits_per_batch,8.0,49144.6328125
resource_managers,wmmse,throughput_bits_per_batch,8.5,49152.0
resource_managers,wmmse,throughput_bits_per_batch,9.0,49152.0
resource_managers,wmmse,throughput_bits_per_batch,9.5,49151.9765625
resource_managers,wmmse,throughput_bits_per_batch,10.0,49148.8203125
resource_managers,wmmse,energy_joules_per_batch,-5.0,0.0001864510000000002
resource_managers,wmmse,energy_joules_per_batch,-4.5,0.00018645100000000037
resource_managers,wmmse,energy_joules_per_batch,-4.0,0.00018645100000000043
resource_managers,wmmse,energy_joules_per_batch,-3.5,0.00018645100000000043
resource_managers,wmmse,energy_joules_per_batch,-3.0,0.00018645100000000043
resource_managers,wmmse,energy_joules_per_batch,-2.5,0.00018645100000000043
resource_managers,wmmse,energy_joules_per_batch,-2.0,0.00018645100000000043
resource_managers,wmmse,energy_joules_per_batch,-1.5,0.00018645100000000043
resource_managers,wmmse,energy_joules_per_batch,-1.0,0.00018645100000000043
resource_managers,wmmse,energy_joules_per_batch,-0.5,0.00018645100000000043
resource_managers,wmmse,energy_joules_per_batch,0.0,0.00018645100000000043
resource_managers,wmmse,energy_joules_per_batch,0.5,0.00018645100000000043
resource_managers,wmmse,energy_joules_per_batch,1.0,0.0001864510000000004
resource_managers,wmmse,energy_joules_per_batch,1.5,0.00018645100000000043
resource_managers,wmmse,energy_joules_per_batch,2.0,0.00018645100000000043
resource_managers,wmmse,energy_joules_per_batch,2.5,0.00018645100000000043
resource_managers,wmmse,energy_joules_per_batch,3.0,0.00018645100000000043
resource_managers,wmmse,energy_joules_per_batch,3.5,0.00018645100000000043
resource_managers,wmmse,energy_joules_per_batch,4.0,0.00018645100000000043
resource_managers,wmmse,energy_joules_per_batch,4.5,0.00018645100000000043
resource_managers,wmmse,energy_joules_per_batch,5.0,0.00018645100000000043
resource_managers,wmmse,energy_joules_per_batch,5.5,0.00018645100000000043
resource_managers,wmmse,energy_joules_per_batch,6.0,0.00018645100000000043
resource_managers,wmmse,energy_joules_per_batch,6.5,0.00018645100000000043
resource_managers,wmmse,energy_joules_per_batch,7.0,0.00018645100000000043
resource_managers,wmmse,energy_joules_per_batch,7.5,0.00018645100000000043
resource_managers,wmmse,energy_joules_per_batch,8.0,0.00018645100000000043
resource_managers,wmmse,energy_joules_per_batch,8.5,0.00018645100000000043
resource_managers,wmmse,energy_joules_per_batch,9.0,0.00018645100000000043
resource_managers,wmmse,energy_joules_per_batch,9.5,0.00018645100000000043
resource_managers,wmmse,energy_joules_per_batch,10.0,0.00018645100000000043
resource_managers,wmmse,avg_power_w,-5.0,0.00020932017093231185
resource_managers,wmmse,avg_power_w,-4.5,0.0001984065042199709
resource_managers,wmmse,avg_power_w,-4.0,0.00019984608432698723
resource_managers,wmmse,avg_power_w,-3.5,0.00019848650400171745
resource_managers,wmmse,avg_power_w,-3.0,0.0001995926349238796
resource_managers,wmmse,avg_power_w,-2.5,0.00019938610991080723
resource_managers,wmmse,avg_power_w,-2.0,0.00019934472261241991
resource_managers,wmmse,avg_power_w,-1.5,0.00019973294721604165
resource_managers,wmmse,avg_power_w,-1.0,0.0001995955986732488
resource_managers,wmmse,avg_power_w,-0.5,0.00019975039391972199
resource_managers,wmmse,avg_power_w,0.0,0.00019991909631697727
resource_managers,wmmse,avg_power_w,0.5,0.00019959288163518083
resource_managers,wmmse,avg_power_w,1.0,0.00020014331439930356
resource_managers,wmmse,avg_power_w,1.5,0.00020016795014358453
resource_managers,wmmse,avg_power_w,2.0,0.0001995433818028624
resource_managers,wmmse,avg_power_w,2.5,0.00020111458412131895
resource_managers,wmmse,avg_power_w,3.0,0.00020093820762449673
resource_managers,wmmse,avg_power_w,3.5,0.00020144124800482966
resource_managers,wmmse,avg_power_w,4.0,0.00019995362027416263
resource_managers,wmmse,avg_power_w,4.5,0.00020207101739368728
resource_managers,wmmse,avg_power_w,5.0,0.00020169991412368154
resource_managers,wmmse,avg_power_w,5.5,0.00020067583108532403
resource_managers,wmmse,avg_power_w,6.0,0.00019923770087823005
resource_managers,wmmse,avg_power_w,6.5,0.00019903765462084467
resource_managers,wmmse,avg_power_w,7.0,0.00019991874747993317
resource_managers,wmmse,avg_power_w,7.5,0.00019889608105568148
resource_managers,wmmse,avg_power_w,8.0,0.00020019622999660727
resource_managers,wmmse,avg_power_w,8.5,0.00019944625535982745
resource_managers,wmmse,avg_power_w,9.0,0.00019972607946981452
resource_managers,wmmse,avg_power_w,9.5,0.00019931858247144817
resource_managers,wmmse,avg_power_w,10.0,0.00019959729550317361
resource_managers,wmmse,runtime_sec,-5.0,62.08480219995545
resource_managers,wmmse,runtime_sec,-4.5,103.35362979996717
resource_managers,wmmse,runtime_sec,-4.0,126.22334409999894
resource_managers,wmmse,runtime_sec,-3.5,127.09188310009631
resource_managers,wmmse,runtime_sec,-3.0,126.43679919998249
resource_managers,wmmse,runtime_sec,-2.5,126.50801539997337
resource_managers,wmmse,runtime_sec,-2.0,126.52561619997869
resource_managers,wmmse,runtime_sec,-1.5,126.28954280000471
resource_managers,wmmse,runtime_sec,-1.0,126.37590630008344
resource_managers,wmmse,runtime_sec,-0.5,126.27038610009186
resource_managers,wmmse,runtime_sec,0.0,126.17876400003297
resource_managers,wmmse,runtime_sec,0.5,126.38026639999589
resource_managers,wmmse,runtime_sec,1.0,126.05453999994643
resource_managers,wmmse,runtime_sec,1.5,126.04767869997158
resource_managers,wmmse,runtime_sec,2.0,126.41675499999837
resource_managers,wmmse,runtime_sec,2.5,125.39770440002758
resource_managers,wmmse,runtime_sec,3.0,125.50096240006678
resource_managers,wmmse,runtime_sec,3.5,125.18585959995107
resource_managers,wmmse,runtime_sec,4.0,126.05483989993809
resource_managers,wmmse,runtime_sec,4.5,124.78218799994647
resource_managers,wmmse,runtime_sec,5.0,125.0241562000665
resource_managers,wmmse,runtime_sec,5.5,125.67173890008416
resource_managers,wmmse,runtime_sec,6.0,126.53875219995825
resource_managers,wmmse,runtime_sec,6.5,126.6990715999782
resource_managers,wmmse,runtime_sec,7.0,126.17103589997714
resource_managers,wmmse,runtime_sec,7.5,126.81799270003103
resource_managers,wmmse,runtime_sec,8.0,126.01254550003796
resource_managers,wmmse,runtime_sec,8.5,126.44136680001975
resource_managers,wmmse,runtime_sec,9.0,127.05313719998958
resource_managers,wmmse,runtime_sec,9.5,127.28894779999973
resource_managers,wmmse,runtime_sec,10.0,127.12325040009455
resource_managers,wmmse,bit_errors,-5.0,212918.0
resource_managers,wmmse,bit_errors,-4.5,214634.0
resource_managers,wmmse,bit_errors,-4.0,167984.0
resource_managers,wmmse,bit_errors,-3.5,97107.0
resource_managers,wmmse,bit_errors,-3.0,66308.0
resource_managers,wmmse,bit_errors,-2.5,45350.0
resource_managers,wmmse,bit_errors,-2.0,26366.0
resource_managers,wmmse,bit_errors,-1.5,21532.0
resource_managers,wmmse,bit_errors,-1.0,9838.0
resource_managers,wmmse,bit_errors,-0.5,9214.0
resource_managers,wmmse,bit_errors,0.0,5536.0
resource_managers,wmmse,bit_errors,0.5,2236.0
resource_managers,wmmse,bit_errors,1.0,1956.0
resource_managers,wmmse,bit_errors,1.5,2407.0
resource_managers,wmmse,bit_errors,2.0,2844.0
resource_managers,wmmse,bit_errors,2.5,2230.0
resource_managers,wmmse,bit_errors,3.0,2069.0
resource_managers,wmmse,bit_errors,3.5,2093.0
resource_managers,wmmse,bit_errors,4.0,471.0
resource_managers,wmmse,bit_errors,4.5,931.0
resource_managers,wmmse,bit_errors,5.0,362.0
resource_managers,wmmse,bit_errors,5.5,1231.0
resource_managers,wmmse,bit_errors,6.0,2096.0
resource_managers,wmmse,bit_errors,6.5,215.0
resource_managers,wmmse,bit_errors,7.0,456.0
resource_managers,wmmse,bit_errors,7.5,558.0
resource_managers,wmmse,bit_errors,8.0,943.0
resource_managers,wmmse,bit_errors,8.5,0.0
resource_managers,wmmse,bit_errors,9.0,0.0
resource_managers,wmmse,bit_errors,9.5,3.0
resource_managers,wmmse,bit_errors,10.0,407.0
resource_managers,wmmse,total_bits,-5.0,3244032.0
resource_managers,wmmse,total_bits,-4.5,5111808.0
resource_managers,wmmse,total_bits,-4.0,6291456.0
resource_managers,wmmse,total_bits,-3.5,6291456.0
resource_managers,wmmse,total_bits,-3.0,6291456.0
resource_managers,wmmse,total_bits,-2.5,6291456.0
resource_managers,wmmse,total_bits,-2.0,6291456.0
resource_managers,wmmse,total_bits,-1.5,6291456.0
resource_managers,wmmse,total_bits,-1.0,6291456.0
resource_managers,wmmse,total_bits,-0.5,6291456.0
resource_managers,wmmse,total_bits,0.0,6291456.0
resource_managers,wmmse,total_bits,0.5,6291456.0
resource_managers,wmmse,total_bits,1.0,6291456.0
resource_managers,wmmse,total_bits,1.5,6291456.0
resource_managers,wmmse,total_bits,2.0,6291456.0
resource_managers,wmmse,total_bits,2.5,6291456.0
resource_managers,wmmse,total_bits,3.0,6291456.0
resource_managers,wmmse,total_bits,3.5,6291456.0
resource_managers,wmmse,total_bits,4.0,6291456.0
resource_managers,wmmse,total_bits,4.5,6291456.0
resource_managers,wmmse,total_bits,5.0,6291456.0
resource_managers,wmmse,total_bits,5.5,6291456.0
resource_managers,wmmse,total_bits,6.0,6291456.0
resource_managers,wmmse,total_bits,6.5,6291456.0
resource_managers,wmmse,total_bits,7.0,6291456.0
resource_managers,wmmse,total_bits,7.5,6291456.0
resource_managers,wmmse,total_bits,8.0,6291456.0
resource_managers,wmmse,total_bits,8.5,6291456.0
resource_managers,wmmse,total_bits,9.0,6291456.0
resource_managers,wmmse,total_bits,9.5,6291456.0
resource_managers,wmmse,total_bits,10.0,6291456.0
resource_managers,wmmse,block_errors,-5.0,1010.0
resource_managers,wmmse,block_errors,-4.5,1009.0
resource_managers,wmmse,block_errors,-4.0,787.0
resource_managers,wmmse,block_errors,-3.5,458.0
resource_managers,wmmse,block_errors,-3.0,296.0
resource_managers,wmmse,block_errors,-2.5,194.0
resource_managers,wmmse,block_errors,-2.0,120.0
resource_managers,wmmse,block_errors,-1.5,93.0
resource_managers,wmmse,block_errors,-1.0,35.0
resource_managers,wmmse,block_errors,-0.5,30.0
resource_managers,wmmse,block_errors,0.0,22.0
resource_managers,wmmse,block_errors,0.5,9.0
resource_managers,wmmse,block_errors,1.0,7.0
resource_managers,wmmse,block_errors,1.5,7.0
resource_managers,wmmse,block_errors,2.0,11.0
resource_managers,wmmse,block_errors,2.5,6.0
resource_managers,wmmse,block_errors,3.0,7.0
resource_managers,wmmse,block_errors,3.5,6.0
resource_managers,wmmse,block_errors,4.0,1.0
resource_managers,wmmse,block_errors,4.5,2.0
resource_managers,wmmse,block_errors,5.0,3.0
resource_managers,wmmse,block_errors,5.5,2.0
resource_managers,wmmse,block_errors,6.0,4.0
resource_managers,wmmse,block_errors,6.5,1.0
resource_managers,wmmse,block_errors,7.0,1.0
resource_managers,wmmse,block_errors,7.5,1.0
resource_managers,wmmse,block_errors,8.0,2.0
resource_managers,wmmse,block_errors,8.5,0.0
resource_managers,wmmse,block_errors,9.0,0.0
resource_managers,wmmse,block_errors,9.5,1.0
resource_managers,wmmse,block_errors,10.0,1.0
resource_managers,wmmse,total_blocks,-5.0,2112.0
resource_managers,wmmse,total_blocks,-4.5,3328.0
resource_managers,wmmse,total_blocks,-4.0,4096.0
resource_managers,wmmse,total_blocks,-3.5,4096.0
resource_managers,wmmse,total_blocks,-3.0,4096.0
resource_managers,wmmse,total_blocks,-2.5,4096.0
resource_managers,wmmse,total_blocks,-2.0,4096.0
resource_managers,wmmse,total_blocks,-1.5,4096.0
resource_managers,wmmse,total_blocks,-1.0,4096.0
resource_managers,wmmse,total_blocks,-0.5,4096.0
resource_managers,wmmse,total_blocks,0.0,4096.0
resource_managers,wmmse,total_blocks,0.5,4096.0
resource_managers,wmmse,total_blocks,1.0,4096.0
resource_managers,wmmse,total_blocks,1.5,4096.0
resource_managers,wmmse,total_blocks,2.0,4096.0
resource_managers,wmmse,total_blocks,2.5,4096.0
resource_managers,wmmse,total_blocks,3.0,4096.0
resource_managers,wmmse,total_blocks,3.5,4096.0
resource_managers,wmmse,total_blocks,4.0,4096.0
resource_managers,wmmse,total_blocks,4.5,4096.0
resource_managers,wmmse,total_blocks,5.0,4096.0
resource_managers,wmmse,total_blocks,5.5,4096.0
resource_managers,wmmse,total_blocks,6.0,4096.0
resource_managers,wmmse,total_blocks,6.5,4096.0
resource_managers,wmmse,total_blocks,7.0,4096.0
resource_managers,wmmse,total_blocks,7.5,4096.0
resource_managers,wmmse,total_blocks,8.0,4096.0
resource_managers,wmmse,total_blocks,8.5,4096.0
resource_managers,wmmse,total_blocks,9.0,4096.0
resource_managers,wmmse,total_blocks,9.5,4096.0
resource_managers,wmmse,total_blocks,10.0,4096.0
resource_managers,wmmse,num_batches,-5.0,66.0
resource_managers,wmmse,num_batches,-4.5,104.0
resource_managers,wmmse,num_batches,-4.0,128.0
resource_managers,wmmse,num_batches,-3.5,128.0
resource_managers,wmmse,num_batches,-3.0,128.0
resource_managers,wmmse,num_batches,-2.5,128.0
resource_managers,wmmse,num_batches,-2.0,128.0
resource_managers,wmmse,num_batches,-1.5,128.0
resource_managers,wmmse,num_batches,-1.0,128.0
resource_managers,wmmse,num_batches,-0.5,128.0
resource_managers,wmmse,num_batches,0.0,128.0
resource_managers,wmmse,num_batches,0.5,128.0
resource_managers,wmmse,num_batches,1.0,128.0
resource_managers,wmmse,num_batches,1.5,128.0
resource_managers,wmmse,num_batches,2.0,128.0
resource_managers,wmmse,num_batches,2.5,128.0
resource_managers,wmmse,num_batches,3.0,128.0
resource_managers,wmmse,num_batches,3.5,128.0
resource_managers,wmmse,num_batches,4.0,128.0
resource_managers,wmmse,num_batches,4.5,128.0
resource_managers,wmmse,num_batches,5.0,128.0
resource_managers,wmmse,num_batches,5.5,128.0
resource_managers,wmmse,num_batches,6.0,128.0
resource_managers,wmmse,num_batches,6.5,128.0
resource_managers,wmmse,num_batches,7.0,128.0
resource_managers,wmmse,num_batches,7.5,128.0
resource_managers,wmmse,num_batches,8.0,128.0
resource_managers,wmmse,num_batches,8.5,128.0
resource_managers,wmmse,num_batches,9.0,128.0
resource_managers,wmmse,num_batches,9.5,128.0
resource_managers,wmmse,num_batches,10.0,128.0
resource_managers,wmmse,runtime_total_sec,,3826.0014788002445
resource_managers,queue_aware,ber,-5.0,0.07386988238558743
resource_managers,queue_aware,ber,-4.5,0.043829083836117985
resource_managers,queue_aware,ber,-4.0,0.030382633209228516
resource_managers,queue_aware,ber,-3.5,0.016630172729492188
resource_managers,queue_aware,ber,-3.0,0.012327035268147787
resource_managers,queue_aware,ber,-2.5,0.007482051849365234
resource_managers,queue_aware,ber,-2.0,0.003306229909261068
resource_managers,queue_aware,ber,-1.5,0.003586928049723307
resource_managers,queue_aware,ber,-1.0,0.0022753079732259116
resource_managers,queue_aware,ber,-0.5,0.0017517407735188801
resource_managers,queue_aware,ber,0.0,0.0009740193684895834
resource_managers,queue_aware,ber,0.5,0.0010544459025065105
resource_managers,queue_aware,ber,1.0,0.0008131663004557291
resource_managers,queue_aware,ber,1.5,0.0005064010620117188
resource_managers,queue_aware,ber,2.0,0.000492095947265625
resource_managers,queue_aware,ber,2.5,0.0005505879720052084
resource_managers,queue_aware,ber,3.0,0.0002171198527018229
resource_managers,queue_aware,ber,3.5,0.00024318695068359375
resource_managers,queue_aware,ber,4.0,7.470448811848958e-05
resource_managers,queue_aware,ber,4.5,0.00030676523844401043
resource_managers,queue_aware,ber,5.0,4.975001017252604e-05
resource_managers,queue_aware,ber,5.5,0.00018819173177083334
resource_managers,queue_aware,ber,6.0,0.00014050801595052084
resource_managers,queue_aware,ber,6.5,0.0
resource_managers,queue_aware,ber,7.0,0.0
resource_managers,queue_aware,ber,7.5,8.837381998697917e-05
resource_managers,queue_aware,ber,8.0,0.0
resource_managers,queue_aware,ber,8.5,0.00018978118896484375
resource_managers,queue_aware,ber,9.0,0.0
resource_managers,queue_aware,ber,9.5,4.76837158203125e-07
resource_managers,queue_aware,ber,10.0,0.0
resource_managers,queue_aware,ber_upper_confidence,-5.0,0.0741187299394616
resource_managers,queue_aware,ber_upper_confidence,-4.5,0.04398046060948633
resource_managers,queue_aware,ber_upper_confidence,-4.0,0.03049539026099033
resource_managers,queue_aware,ber_upper_confidence,-3.5,0.016714241536863583
resource_managers,queue_aware,ber_upper_confidence,-3.0,0.012399603443072605
resource_managers,queue_aware,ber_upper_confidence,-2.5,0.007538774802632353
resource_managers,queue_aware,ber_upper_confidence,-2.0,0.0033440883891940176
resource_managers,queue_aware,ber_upper_confidence,-1.5,0.003626346307982279
resource_managers,queue_aware,ber_upper_confidence,-1.0,0.0023067674937732124
resource_managers,queue_aware,ber_upper_confidence,-0.5,0.001779378294673819
resource_managers,queue_aware,ber_upper_confidence,0.0,0.0009946912362836615
resource_managers,queue_aware,ber_upper_confidence,0.5,0.0010759446358550408
resource_managers,queue_aware,ber_upper_confidence,1.0,0.0008320745813163028
resource_managers,queue_aware,ber_upper_confidence,1.5,0.0005213707155215477
resource_managers,queue_aware,ber_upper_confidence,2.0,0.000506855861065034
resource_managers,queue_aware,ber_upper_confidence,2.5,0.0005661874043876942
resource_managers,queue_aware,ber_upper_confidence,3.0,0.0002269988811370053
resource_managers,queue_aware,ber_upper_confidence,3.5,0.0002536292530494132
resource_managers,queue_aware,ber_upper_confidence,4.0,8.059127322725991e-05
resource_managers,queue_aware,ber_upper_confidence,4.5,0.0003184659977306117
resource_managers,queue_aware,ber_upper_confidence,5.0,5.459527300505175e-05
resource_managers,queue_aware,ber_upper_confidence,5.5,0.0001974044388294508
resource_managers,queue_aware,ber_upper_confidence,6.0,0.00014849863936812187
resource_managers,queue_aware,ber_upper_confidence,6.5,4.761588213529571e-07
resource_managers,queue_aware,ber_upper_confidence,7.0,4.761588213529571e-07
resource_managers,queue_aware,ber_upper_confidence,7.5,9.475699478031148e-05
resource_managers,queue_aware,ber_upper_confidence,8.0,4.761588213529571e-07
resource_managers,queue_aware,ber_upper_confidence,8.5,0.00019903178400336376
resource_managers,queue_aware,ber_upper_confidence,9.0,4.761588213529571e-07
resource_managers,queue_aware,ber_upper_confidence,9.5,1.193141047748437e-06
resource_managers,queue_aware,ber_upper_confidence,10.0,4.761588213529571e-07
resource_managers,queue_aware,latency_ms,-5.0,888.1382062838566
resource_managers,queue_aware,latency_ms,-4.5,940.7081823432441
resource_managers,queue_aware,latency_ms,-4.0,933.0508559897615
resource_managers,queue_aware,latency_ms,-3.5,933.0111317703703
resource_managers,queue_aware,latency_ms,-3.0,935.0158348954373
resource_managers,queue_aware,latency_ms,-2.5,933.2040223968924
resource_managers,queue_aware,latency_ms,-2.0,933.3846114582506
resource_managers,queue_aware,latency_ms,-1.5,933.9182481768652
resource_managers,queue_aware,latency_ms,-1.0,931.9238989588988
resource_managers,queue_aware,latency_ms,-0.5,934.8255489580587
resource_managers,queue_aware,latency_ms,0.0,934.8671380214163
resource_managers,queue_aware,latency_ms,0.5,932.5586864579512
resource_managers,queue_aware,latency_ms,1.0,932.5839098957821
resource_managers,queue_aware,latency_ms,1.5,934.5803177084512
resource_managers,queue_aware,latency_ms,2.0,928.1497872395611
resource_managers,queue_aware,latency_ms,2.5,926.0996958335276
resource_managers,queue_aware,latency_ms,3.0,930.7873755206791
resource_managers,queue_aware,latency_ms,3.5,925.593757552604
resource_managers,queue_aware,latency_ms,4.0,924.1303677081013
resource_managers,queue_aware,latency_ms,4.5,923.5154927094121
resource_managers,queue_aware,latency_ms,5.0,924.1192356778064
resource_managers,queue_aware,latency_ms,5.5,928.7773661455097
resource_managers,queue_aware,latency_ms,6.0,940.4499302081311
resource_managers,queue_aware,latency_ms,6.5,934.8395419269472
resource_managers,queue_aware,latency_ms,7.0,933.690697395405
resource_managers,queue_aware,latency_ms,7.5,938.2381247395123
resource_managers,queue_aware,latency_ms,8.0,936.4611247395081
resource_managers,queue_aware,latency_ms,8.5,932.7963356767262
resource_managers,queue_aware,latency_ms,9.0,933.505845053019
resource_managers,queue_aware,latency_ms,9.5,935.3342247401023
resource_managers,queue_aware,latency_ms,10.0,933.5018794268129
resource_managers,queue_aware,throughput_bits_per_batch,-5.0,45521.147540983606
resource_managers,queue_aware,throughput_bits_per_batch,-4.5,46997.71287128713
resource_managers,queue_aware,throughput_bits_per_batch,-4.0,47658.6328125
resource_managers,queue_aware,throughput_bits_per_batch,-3.5,48334.59375
resource_managers,queue_aware,throughput_bits_per_batch,-3.0,48546.1015625
resource_managers,queue_aware,throughput_bits_per_batch,-2.5,48784.2421875
resource_managers,queue_aware,throughput_bits_per_batch,-2.0,48989.4921875
resource_managers,queue_aware,throughput_bits_per_batch,-1.5,48975.6953125
resource_managers,queue_aware,throughput_bits_per_batch,-1.0,49040.1640625
resource_managers,queue_aware,throughput_bits_per_batch,-0.5,49065.8984375
resource_managers,queue_aware,throughput_bits_per_batch,0.0,49104.125
resource_managers,queue_aware,throughput_bits_per_batch,0.5,49100.171875
resource_managers,queue_aware,throughput_bits_per_batch,1.0,49112.03125
resource_managers,queue_aware,throughput_bits_per_batch,1.5,49127.109375
resource_managers,queue_aware,throughput_bits_per_batch,2.0,49127.8125
resource_managers,queue_aware,throughput_bits_per_batch,2.5,49124.9375
resource_managers,queue_aware,throughput_bits_per_batch,3.0,49141.328125
resource_managers,queue_aware,throughput_bits_per_batch,3.5,49140.046875
resource_managers,queue_aware,throughput_bits_per_batch,4.0,49148.328125
resource_managers,queue_aware,throughput_bits_per_batch,4.5,49136.921875
resource_managers,queue_aware,throughput_bits_per_batch,5.0,49149.5546875
resource_managers,queue_aware,throughput_bits_per_batch,5.5,49142.75
resource_managers,queue_aware,throughput_bits_per_batch,6.0,49145.09375
resource_managers,queue_aware,throughput_bits_per_batch,6.5,49152.0
resource_managers,queue_aware,throughput_bits_per_batch,7.0,49152.0
resource_managers,queue_aware,throughput_bits_per_batch,7.5,49147.65625
resource_managers,queue_aware,throughput_bits_per_batch,8.0,49152.0
resource_managers,queue_aware,throughput_bits_per_batch,8.5,49142.671875
resource_managers,queue_aware,throughput_bits_per_batch,9.0,49152.0
resource_managers,queue_aware,throughput_bits_per_batch,9.5,49151.9765625
resource_managers,queue_aware,throughput_bits_per_batch,10.0,49152.0
resource_managers,queue_aware,energy_joules_per_batch,-5.0,0.00018645100000000016
resource_managers,queue_aware,energy_joules_per_batch,-4.5,0.00018645100000000037
resource_managers,queue_aware,energy_joules_per_batch,-4.0,0.00018645100000000043
resource_managers,queue_aware,energy_joules_per_batch,-3.5,0.00018645100000000043
resource_managers,queue_aware,energy_joules_per_batch,-3.0,0.00018645100000000043
resource_managers,queue_aware,energy_joules_per_batch,-2.5,0.00018645100000000043
resource_managers,queue_aware,energy_joules_per_batch,-2.0,0.00018645100000000043
resource_managers,queue_aware,energy_joules_per_batch,-1.5,0.00018645100000000043
resource_managers,queue_aware,energy_joules_per_batch,-1.0,0.0001864510000000004
resource_managers,queue_aware,energy_joules_per_batch,-0.5,0.00018645100000000043
resource_managers,queue_aware,energy_joules_per_batch,0.0,0.0001864510000000004
resource_managers,queue_aware,energy_joules_per_batch,0.5,0.00018645100000000043
resource_managers,queue_aware,energy_joules_per_batch,1.0,0.00018645100000000043
resource_managers,queue_aware,energy_joules_per_batch,1.5,0.00018645100000000043
resource_managers,queue_aware,energy_joules_per_batch,2.0,0.00018645100000000043
resource_managers,queue_aware,energy_joules_per_batch,2.5,0.00018645100000000043
resource_managers,queue_aware,energy_joules_per_batch,3.0,0.00018645100000000043
resource_managers,queue_aware,energy_joules_per_batch,3.5,0.00018645100000000043
resource_managers,queue_aware,energy_joules_per_batch,4.0,0.00018645100000000043
resource_managers,queue_aware,energy_joules_per_batch,4.5,0.00018645100000000043
resource_managers,queue_aware,energy_joules_per_batch,5.0,0.00018645100000000043
resource_managers,queue_aware,energy_joules_per_batch,5.5,0.00018645100000000043
resource_managers,queue_aware,energy_joules_per_batch,6.0,0.00018645100000000043
resource_managers,queue_aware,energy_joules_per_batch,6.5,0.00018645100000000043
resource_managers,queue_aware,energy_joules_per_batch,7.0,0.00018645100000000043
resource_managers,queue_aware,energy_joules_per_batch,7.5,0.00018645100000000043
resource_managers,queue_aware,energy_joules_per_batch,8.0,0.00018645100000000043
resource_managers,queue_aware,energy_joules_per_batch,8.5,0.00018645100000000043
resource_managers,queue_aware,energy_joules_per_batch,9.0,0.00018645100000000043
resource_managers,queue_aware,energy_joules_per_batch,9.5,0.00018645100000000043
resource_managers,queue_aware,energy_joules_per_batch,10.0,0.00018645100000000043
resource_managers,queue_aware,avg_power_w,-5.0,0.0002099346685918935
resource_managers,queue_aware,avg_power_w,-4.5,0.000198202804546212
resource_managers,queue_aware,avg_power_w,-4.0,0.00019982940780030362
resource_managers,queue_aware,avg_power_w,-3.5,0.00019983791580944303
resource_managers,queue_aware,avg_power_w,-3.0,0.0001994094570824581
resource_managers,queue_aware,avg_power_w,-2.5,0.00019979660987863023
resource_managers,queue_aware,avg_power_w,-2.0,0.0001997579537000329
resource_managers,queue_aware,avg_power_w,-1.5,0.00019964381289687617
resource_managers,queue_aware,avg_power_w,-1.0,0.00020007105752765285
resource_managers,queue_aware,avg_power_w,-0.5,0.00019945004734606972
resource_managers,queue_aware,avg_power_w,0.0,0.00019944117449096718
resource_managers,queue_aware,avg_power_w,0.5,0.0001999348702741481
resource_managers,queue_aware,avg_power_w,1.0,0.0001999294626698381
resource_managers,queue_aware,avg_power_w,1.5,0.0001995023824781265
resource_managers,queue_aware,avg_power_w,2.0,0.0002008846013470844
resource_managers,queue_aware,avg_power_w,2.5,0.000201329296228941
resource_managers,queue_aware,avg_power_w,3.0,0.00020031535117856578
resource_managers,queue_aware,avg_power_w,3.5,0.0002014393447218165
resource_managers,queue_aware,avg_power_w,4.0,0.00020175833033429048
resource_managers,queue_aware,avg_power_w,4.5,0.00020189266067750526
resource_managers,queue_aware,avg_power_w,5.0,0.000201760760734783
resource_managers,queue_aware,avg_power_w,5.5,0.0002007488627482224
resource_managers,queue_aware,avg_power_w,6.0,0.00019825723200249154
resource_managers,queue_aware,avg_power_w,6.5,0.0001994470619157556
resource_managers,queue_aware,avg_power_w,7.0,0.0001996924683089576
resource_managers,queue_aware,avg_power_w,7.5,0.00019872460421683008
resource_managers,queue_aware,avg_power_w,8.0,0.000199101697950211
resource_managers,queue_aware,avg_power_w,8.5,0.0001998839327179965
resource_managers,queue_aware,avg_power_w,9.0,0.00019973201130777155
resource_managers,queue_aware,avg_power_w,9.5,0.00019934157766097872
resource_managers,queue_aware,avg_power_w,10.0,0.00019973285979293874
resource_managers,queue_aware,runtime_sec,-5.0,57.23959320000722
resource_managers,queue_aware,runtime_sec,-4.5,100.52067549996718
resource_managers,queue_aware,runtime_sec,-4.0,126.22617089996493
resource_managers,queue_aware,runtime_sec,-3.5,126.24368780006625
resource_managers,queue_aware,runtime_sec,-3.0,126.5447473999593
resource_managers,queue_aware,runtime_sec,-2.5,126.26504780003597
resource_managers,queue_aware,runtime_sec,-2.0,126.359858099946
resource_managers,queue_aware,runtime_sec,-1.5,126.40424869994604
resource_managers,queue_aware,runtime_sec,-1.0,126.1095036999468
resource_managers,queue_aware,runtime_sec,-0.5,126.49530869989394
resource_managers,queue_aware,runtime_sec,0.0,126.463681400106
resource_managers,queue_aware,runtime_sec,0.5,126.18785830001434
resource_managers,queue_aware,runtime_sec,1.0,126.2479102000143
resource_managers,queue_aware,runtime_sec,1.5,126.42089519989531
resource_managers,queue_aware,runtime_sec,2.0,125.63423990005685
resource_managers,queue_aware,runtime_sec,2.5,125.29302340005961
resource_managers,queue_aware,runtime_sec,3.0,125.8942884000353
resource_managers,queue_aware,runtime_sec,3.5,125.2207208999098
resource_managers,queue_aware,runtime_sec,4.0,125.01487670000643
resource_managers,queue_aware,runtime_sec,4.5,124.91368190008507
resource_managers,queue_aware,runtime_sec,5.0,125.01378540013684
resource_managers,queue_aware,runtime_sec,5.5,125.79529090003052
resource_managers,queue_aware,runtime_sec,6.0,127.21501230004651
resource_managers,queue_aware,runtime_sec,6.5,126.45214840001427
resource_managers,queue_aware,runtime_sec,7.0,126.30677199995262
resource_managers,queue_aware,runtime_sec,7.5,126.93267299995205
resource_managers,queue_aware,runtime_sec,8.0,126.65076750003936
resource_managers,queue_aware,runtime_sec,8.5,126.20223349996377
resource_managers,queue_aware,runtime_sec,9.0,127.05833940000593
resource_managers,queue_aware,runtime_sec,9.5,127.3143386999509
resource_managers,queue_aware,runtime_sec,10.0,127.07593029997224
resource_managers,queue_aware,bit_errors,-5.0,221482.0
resource_managers,queue_aware,bit_errors,-4.5,217583.0
resource_managers,queue_aware,bit_errors,-4.0,191151.0
resource_managers,queue_aware,bit_errors,-3.5,104628.0
resource_managers,queue_aware,bit_errors,-3.0,77555.0
resource_managers,queue_aware,bit_errors,-2.5,47073.0
resource_managers,queue_aware,bit_errors,-2.0,20801.0
resource_managers,queue_aware,bit_errors,-1.5,22567.0
resource_managers,queue_aware,bit_errors,-1.0,14315.0
resource_managers,queue_aware,bit_errors,-0.5,11021.0
resource_managers,queue_aware,bit_errors,0.0,6128.0
resource_managers,queue_aware,bit_errors,0.5,6634.0
resource_managers,queue_aware,bit_errors,1.0,5116.0
resource_managers,queue_aware,bit_errors,1.5,3186.0
resource_managers,queue_aware,bit_errors,2.0,3096.0
resource_managers,queue_aware,bit_errors,2.5,3464.0
resource_managers,queue_aware,bit_errors,3.0,1366.0
resource_managers,queue_aware,bit_errors,3.5,1530.0
resource_managers,queue_aware,bit_errors,4.0,470.0
resource_managers,queue_aware,bit_errors,4.5,1930.0
resource_managers,queue_aware,bit_errors,5.0,313.0
resource_managers,queue_aware,bit_errors,5.5,1184.0
resource_managers,queue_aware,bit_errors,6.0,884.0
resource_managers,queue_aware,bit_errors,6.5,0.0
resource_managers,queue_aware,bit_errors,7.0,0.0
resource_managers,queue_aware,bit_errors,7.5,556.0
resource_managers,queue_aware,bit_errors,8.0,0.0
resource_managers,queue_aware,bit_errors,8.5,1194.0
resource_managers,queue_aware,bit_errors,9.0,0.0
resource_managers,queue_aware,bit_errors,9.5,3.0
resource_managers,queue_aware,bit_errors,10.0,0.0
resource_managers,queue_aware,total_bits,-5.0,2998272.0
resource_managers,queue_aware,total_bits,-4.5,4964352.0
resource_managers,queue_aware,total_bits,-4.0,6291456.0
resource_managers,queue_aware,total_bits,-3.5,6291456.0
resource_managers,queue_aware,total_bits,-3.0,6291456.0
resource_managers,queue_aware,total_bits,-2.5,6291456.0
resource_managers,queue_aware,total_bits,-2.0,6291456.0
resource_managers,queue_aware,total_bits,-1.5,6291456.0
resource_managers,queue_aware,total_bits,-1.0,6291456.0
resource_managers,queue_aware,total_bits,-0.5,6291456.0
resource_managers,queue_aware,total_bits,0.0,6291456.0
resource_managers,queue_aware,total_bits,0.5,6291456.0
resource_managers,queue_aware,total_bits,1.0,6291456.0
resource_managers,queue_aware,total_bits,1.5,6291456.0
resource_managers,queue_aware,total_bits,2.0,6291456.0
resource_managers,queue_aware,total_bits,2.5,6291456.0
resource_managers,queue_aware,total_bits,3.0,6291456.0
resource_managers,queue_aware,total_bits,3.5,6291456.0
resource_managers,queue_aware,total_bits,4.0,6291456.0
resource_managers,queue_aware,total_bits,4.5,6291456.0
resource_managers,queue_aware,total_bits,5.0,6291456.0
resource_managers,queue_aware,total_bits,5.5,6291456.0
resource_managers,queue_aware,total_bits,6.0,6291456.0
resource_managers,queue_aware,total_bits,6.5,6291456.0
resource_managers,queue_aware,total_bits,7.0,6291456.0
resource_managers,queue_aware,total_bits,7.5,6291456.0
resource_managers,queue_aware,total_bits,8.0,6291456.0
resource_managers,queue_aware,total_bits,8.5,6291456.0
resource_managers,queue_aware,total_bits,9.0,6291456.0
resource_managers,queue_aware,total_bits,9.5,6291456.0
resource_managers,queue_aware,total_bits,10.0,6291456.0
resource_managers,queue_aware,block_errors,-5.0,1006.0
resource_managers,queue_aware,block_errors,-4.5,1007.0
resource_managers,queue_aware,block_errors,-4.0,883.0
resource_managers,queue_aware,block_errors,-3.5,503.0
resource_managers,queue_aware,block_errors,-3.0,328.0
resource_managers,queue_aware,block_errors,-2.5,196.0
resource_managers,queue_aware,block_errors,-2.0,101.0
resource_managers,queue_aware,block_errors,-1.5,88.0
resource_managers,queue_aware,block_errors,-1.0,50.0
resource_managers,queue_aware,block_errors,-0.5,42.0
resource_managers,queue_aware,block_errors,0.0,22.0
resource_managers,queue_aware,block_errors,0.5,24.0
resource_managers,queue_aware,block_errors,1.0,15.0
resource_managers,queue_aware,block_errors,1.5,11.0
resource_managers,queue_aware,block_errors,2.0,10.0
resource_managers,queue_aware,block_errors,2.5,8.0
resource_managers,queue_aware,block_errors,3.0,6.0
resource_managers,queue_aware,block_errors,3.5,5.0
resource_managers,queue_aware,block_errors,4.0,1.0
resource_managers,queue_aware,block_errors,4.5,5.0
resource_managers,queue_aware,block_errors,5.0,2.0
resource_managers,queue_aware,block_errors,5.5,2.0
resource_managers,queue_aware,block_errors,6.0,2.0
resource_managers,queue_aware,block_errors,6.5,0.0
resource_managers,queue_aware,block_errors,7.0,0.0
resource_managers,queue_aware,block_errors,7.5,1.0
resource_managers,queue_aware,block_errors,8.0,0.0
resource_managers,queue_aware,block_errors,8.5,2.0
resource_managers,queue_aware,block_errors,9.0,0.0
resource_managers,queue_aware,block_errors,9.5,1.0
resource_managers,queue_aware,block_errors,10.0,0.0
resource_managers,queue_aware,total_blocks,-5.0,1952.0
resource_managers,queue_aware,total_blocks,-4.5,3232.0
resource_managers,queue_aware,total_blocks,-4.0,4096.0
resource_managers,queue_aware,total_blocks,-3.5,4096.0
resource_managers,queue_aware,total_blocks,-3.0,4096.0
resource_managers,queue_aware,total_blocks,-2.5,4096.0
resource_managers,queue_aware,total_blocks,-2.0,4096.0
resource_managers,queue_aware,total_blocks,-1.5,4096.0
resource_managers,queue_aware,total_blocks,-1.0,4096.0
resource_managers,queue_aware,total_blocks,-0.5,4096.0
resource_managers,queue_aware,total_blocks,0.0,4096.0
resource_managers,queue_aware,total_blocks,0.5,4096.0
resource_managers,queue_aware,total_blocks,1.0,4096.0
resource_managers,queue_aware,total_blocks,1.5,4096.0
resource_managers,queue_aware,total_blocks,2.0,4096.0
resource_managers,queue_aware,total_blocks,2.5,4096.0
resource_managers,queue_aware,total_blocks,3.0,4096.0
resource_managers,queue_aware,total_blocks,3.5,4096.0
resource_managers,queue_aware,total_blocks,4.0,4096.0
resource_managers,queue_aware,total_blocks,4.5,4096.0
resource_managers,queue_aware,total_blocks,5.0,4096.0
resource_managers,queue_aware,total_blocks,5.5,4096.0
resource_managers,queue_aware,total_blocks,6.0,4096.0
resource_managers,queue_aware,total_blocks,6.5,4096.0
resource_managers,queue_aware,total_blocks,7.0,4096.0
resource_managers,queue_aware,total_blocks,7.5,4096.0
resource_managers,queue_aware,total_blocks,8.0,4096.0
resource_managers,queue_aware,total_blocks,8.5,4096.0
resource_managers,queue_aware,total_blocks,9.0,4096.0
resource_managers,queue_aware,total_blocks,9.5,4096.0
resource_managers,queue_aware,total_blocks,10.0,4096.0
resource_managers,queue_aware,num_batches,-5.0,61.0
resource_managers,queue_aware,num_batches,-4.5,101.0
resource_managers,queue_aware,num_batches,-4.0,128.0
resource_managers,queue_aware,num_batches,-3.5,128.0
resource_managers,queue_aware,num_batches,-3.0,128.0
resource_managers,queue_aware,num_batches,-2.5,128.0
resource_managers,queue_aware,num_batches,-2.0,128.0
resource_managers,queue_aware,num_batches,-1.5,128.0
resource_managers,queue_aware,num_batches,-1.0,128.0
resource_managers,queue_aware,num_batches,-0.5,128.0
resource_managers,queue_aware,num_batches,0.0,128.0
resource_managers,queue_aware,num_batches,0.5,128.0
resource_managers,queue_aware,num_batches,1.0,128.0
resource_managers,queue_aware,num_batches,1.5,128.0
resource_managers,queue_aware,num_batches,2.0,128.0
resource_managers,queue_aware,num_batches,2.5,128.0
resource_managers,queue_aware,num_batches,3.0,128.0
resource_managers,queue_aware,num_batches,3.5,128.0
resource_managers,queue_aware,num_batches,4.0,128.0
resource_managers,queue_aware,num_batches,4.5,128.0
resource_managers,queue_aware,num_batches,5.0,128.0
resource_managers,queue_aware,num_batches,5.5,128.0
resource_managers,queue_aware,num_batches,6.0,128.0
resource_managers,queue_aware,num_batches,6.5,128.0
resource_managers,queue_aware,num_batches,7.0,128.0
resource_managers,queue_aware,num_batches,7.5,128.0
resource_managers,queue_aware,num_batches,8.0,128.0
resource_managers,queue_aware,num_batches,8.5,128.0
resource_managers,queue_aware,num_batches,9.0,128.0
resource_managers,queue_aware,num_batches,9.5,128.0
resource_managers,queue_aware,num_batches,10.0,128.0
resource_managers,queue_aware,runtime_total_sec,,3817.7173094999816
resource_managers,drl,ber,-5.0,0.06899459273726852
resource_managers,drl,ber,-4.5,0.043877495659722224
resource_managers,drl,ber,-4.0,0.029027462005615234
resource_managers,drl,ber,-3.5,0.01650889714558919
resource_managers,drl,ber,-3.0,0.010619799296061197
resource_managers,drl,ber,-2.5,0.007563273111979167
resource_managers,drl,ber,-2.0,0.0047448476155598955
resource_managers,drl,ber,-1.5,0.004142920176188151
resource_managers,drl,ber,-1.0,0.002246379852294922
resource_managers,drl,ber,-0.5,0.0018294652303059895
resource_managers,drl,ber,0.0,0.0012237230936686199
resource_managers,drl,ber,0.5,0.0007718404134114584
resource_managers,drl,ber,1.0,0.00023126602172851562
resource_managers,drl,ber,1.5,0.0004013379414876302
resource_managers,drl,ber,2.0,0.0003005663553873698
resource_managers,drl,ber,2.5,0.0005577405293782552
resource_managers,drl,ber,3.0,0.0001904169718424479
resource_managers,drl,ber,3.5,0.0002522468566894531
resource_managers,drl,ber,4.0,7.200241088867188e-05
resource_managers,drl,ber,4.5,0.00016005833943684897
resource_managers,drl,ber,5.0,1.5894571940104166e-07
resource_managers,drl,ber,5.5,0.0001018842061360677
resource_managers,drl,ber,6.0,0.0002589225769042969
resource_managers,drl,ber,6.5,0.0
resource_managers,drl,ber,7.0,0.0
resource_managers,drl,ber,7.5,8.28107198079427e-05
resource_managers,drl,ber,8.0,0.00019089380900065103
resource_managers,drl,ber,8.5,0.00017213821411132812
resource_managers,drl,ber,9.0,0.0
resource_managers,drl,ber,9.5,0.0
resource_managers,drl,ber,10.0,0.0
resource_managers,drl,ber_upper_confidence,-5.0,0.06923187221340907
resource_managers,drl,ber_upper_confidence,-4.5,0.04403285269979744
resource_managers,drl,ber_upper_confidence,-4.0,0.029137757696228277
resource_managers,drl,ber_upper_confidence,-3.5,0.01659266482159054
resource_managers,drl,ber_upper_confidence,-3.0,0.010687228966900227
resource_managers,drl,ber_upper_confidence,-2.5,0.007620299601028415
resource_managers,drl,ber_upper_confidence,-2.0,0.004790125115830028
resource_managers,drl,ber_upper_confidence,-1.5,0.004185255407229457
resource_managers,drl,ber_upper_confidence,-1.0,0.00227764058289088
resource_managers,drl,ber_upper_confidence,-0.5,0.001857703370442919
resource_managers,drl,ber_upper_confidence,0.0,0.0012468645341463945
resource_managers,drl,ber_upper_confidence,0.5,0.0007902679459210344
resource_managers,drl,ber_upper_confidence,1.0,0.00024145468131748815
resource_managers,drl,ber_upper_confidence,1.5,0.00041468922390763206
resource_managers,drl,ber_upper_confidence,2.0,0.0003121505524187575
resource_managers,drl,ber_upper_confidence,2.5,0.0005734394906243795
resource_managers,drl,ber_upper_confidence,3.0,0.00019968267762837685
resource_managers,drl,ber_upper_confidence,3.5,0.0002628777934481007
resource_managers,drl,ber_upper_confidence,4.0,7.778583501522578e-05
resource_managers,drl,ber_upper_confidence,4.5,0.00016857182816488398
resource_managers,drl,ber_upper_confidence,5.0,7.124661135334953e-07
resource_managers,drl,ber_upper_confidence,5.5,0.00010872152498023727
resource_managers,drl,ber_upper_confidence,6.0,0.0002696903477916671
resource_managers,drl,ber_upper_confidence,6.5,4.761588213529571e-07
resource_managers,drl,ber_upper_confidence,7.0,4.761588213529571e-07
resource_managers,drl,ber_upper_confidence,7.5,8.89968590088271e-05
resource_managers,drl,ber_upper_confidence,8.0,0.00020017083129863128
resource_managers,drl,ber_upper_confidence,8.5,0.0001809588998688253
resource_managers,drl,ber_upper_confidence,9.0,4.761588213529571e-07
resource_managers,drl,ber_upper_confidence,9.5,4.761588213529571e-07
resource_managers,drl,ber_upper_confidence,10.0,4.761588213529571e-07
resource_managers,drl,latency_ms,-5.0,889.7927928571571
resource_managers,drl,latency_ms,-4.5,942.3631197919243
resource_managers,drl,latency_ms,-4.0,934.0943864577574
resource_managers,drl,latency_ms,-3.5,930.7059653649779
resource_managers,drl,latency_ms,-3.0,935.1463020838358
resource_managers,drl,latency_ms,-2.5,931.559869270898
resource_managers,drl,latency_ms,-2.0,937.1796255216785
resource_managers,drl,latency_ms,-1.5,931.7820153650863
resource_managers,drl,latency_ms,-1.0,937.1638794269464
resource_managers,drl,latency_ms,-0.5,938.8166598957063
resource_managers,drl,latency_ms,0.0,929.752703645618
resource_managers,drl,latency_ms,0.5,933.2097606766459
resource_managers,drl,latency_ms,1.0,931.1283278640011
resource_managers,drl,latency_ms,1.5,935.4361903656062
resource_managers,drl,latency_ms,2.0,926.8758106769318
resource_managers,drl,latency_ms,2.5,926.8257348952878
resource_managers,drl,latency_ms,3.0,931.6250833331018
resource_managers,drl,latency_ms,3.5,925.5465208331365
resource_managers,drl,latency_ms,4.0,923.1276872397692
resource_managers,drl,latency_ms,4.5,923.662770833146
resource_managers,drl,latency_ms,5.0,924.2177239584342
resource_managers,drl,latency_ms,5.5,927.8158653648055
resource_managers,drl,latency_ms,6.0,940.7753809898899
resource_managers,drl,latency_ms,6.5,935.0452638018672
resource_managers,drl,latency_ms,7.0,931.6540263019127
resource_managers,drl,latency_ms,7.5,939.6112403648821
resource_managers,drl,latency_ms,8.0,930.0676161462028
resource_managers,drl,latency_ms,8.5,934.3703880201409
resource_managers,drl,latency_ms,9.0,933.2682958333002
resource_managers,drl,latency_ms,9.5,932.8488966143303
resource_managers,drl,latency_ms,10.0,937.2166380214529
resource_managers,drl,throughput_bits_per_batch,-5.0,45760.77777777778
resource_managers,drl,throughput_bits_per_batch,-4.5,46995.333333333336
resource_managers,drl,throughput_bits_per_batch,-4.0,47725.2421875
resource_managers,drl,throughput_bits_per_batch,-3.5,48340.5546875
resource_managers,drl,throughput_bits_per_batch,-3.0,48630.015625
resource_managers,drl,throughput_bits_per_batch,-2.5,48780.25
resource_managers,drl,throughput_bits_per_batch,-2.0,48918.78125
resource_managers,drl,throughput_bits_per_batch,-1.5,48948.3671875
resource_managers,drl,throughput_bits_per_batch,-1.0,49041.5859375
resource_managers,drl,throughput_bits_per_batch,-0.5,49062.078125
resource_managers,drl,throughput_bits_per_batch,0.0,49091.8515625
resource_managers,drl,throughput_bits_per_batch,0.5,49114.0625
resource_managers,drl,throughput_bits_per_batch,1.0,49140.6328125
resource_managers,drl,throughput_bits_per_batch,1.5,49132.2734375
resource_managers,drl,throughput_bits_per_batch,2.0,49137.2265625
resource_managers,drl,throughput_bits_per_batch,2.5,49124.5859375
resource_managers,drl,throughput_bits_per_batch,3.0,49142.640625
resource_managers,drl,throughput_bits_per_batch,3.5,49139.6015625
resource_managers,drl,throughput_bits_per_batch,4.0,49148.4609375
resource_managers,drl,throughput_bits_per_batch,4.5,49144.1328125
resource_managers,drl,throughput_bits_per_batch,5.0,49151.9921875
resource_managers,drl,throughput_bits_per_batch,5.5,49146.9921875
resource_managers,drl,throughput_bits_per_batch,6.0,49139.2734375
resource_managers,drl,throughput_bits_per_batch,6.5,49152.0
resource_managers,drl,throughput_bits_per_batch,7.0,49152.0
resource_managers,drl,throughput_bits_per_batch,7.5,49147.9296875
resource_managers,drl,throughput_bits_per_batch,8.0,49142.6171875
resource_managers,drl,throughput_bits_per_batch,8.5,49143.5390625
resource_managers,drl,throughput_bits_per_batch,9.0,49152.0
resource_managers,drl,throughput_bits_per_batch,9.5,49152.0
resource_managers,drl,throughput_bits_per_batch,10.0,49152.0
resource_managers,drl,energy_joules_per_batch,-5.0,0.00018645100000000018
resource_managers,drl,energy_joules_per_batch,-4.5,0.00018645100000000035
resource_managers,drl,energy_joules_per_batch,-4.0,0.00018645100000000043
resource_managers,drl,energy_joules_per_batch,-3.5,0.00018645100000000043
resource_managers,drl,energy_joules_per_batch,-3.0,0.00018645100000000043
resource_managers,drl,energy_joules_per_batch,-2.5,0.00018645100000000043
resource_managers,drl,energy_joules_per_batch,-2.0,0.00018645100000000043
resource_managers,drl,energy_joules_per_batch,-1.5,0.00018645100000000043
resource_managers,drl,energy_joules_per_batch,-1.0,0.00018645100000000043
resource_managers,drl,energy_joules_per_batch,-0.5,0.00018645100000000043
resource_managers,drl,energy_joules_per_batch,0.0,0.00018645100000000043
resource_managers,drl,energy_joules_per_batch,0.5,0.00018645100000000043
resource_managers,drl,energy_joules_per_batch,1.0,0.00018645100000000043
resource_managers,drl,energy_joules_per_batch,1.5,0.00018645100000000043
resource_managers,drl,energy_joules_per_batch,2.0,0.00018645100000000043
resource_managers,drl,energy_joules_per_batch,2.5,0.00018645100000000043
resource_managers,drl,energy_joules_per_batch,3.0,0.00018645100000000043
resource_managers,drl,energy_joules_per_batch,3.5,0.00018645100000000043
resource_managers,drl,energy_joules_per_batch,4.0,0.00018645100000000043
resource_managers,drl,energy_joules_per_batch,4.5,0.00018645100000000043
resource_managers,drl,energy_joules_per_batch,5.0,0.00018645100000000043
resource_managers,drl,energy_joules_per_batch,5.5,0.00018645100000000043
resource_managers,drl,energy_joules_per_batch,6.0,0.00018645100000000043
resource_managers,drl,energy_joules_per_batch,6.5,0.00018645100000000043
resource_managers,drl,energy_joules_per_batch,7.0,0.00018645100000000043
resource_managers,drl,energy_joules_per_batch,7.5,0.00018645100000000043
resource_managers,drl,energy_joules_per_batch,8.0,0.00018645100000000043
resource_managers,drl,energy_joules_per_batch,8.5,0.00018645100000000043
resource_managers,drl,energy_joules_per_batch,9.0,0.00018645100000000043
resource_managers,drl,energy_joules_per_batch,9.5,0.00018645100000000043
resource_managers,drl,energy_joules_per_batch,10.0,0.00018645100000000043
resource_managers,drl,avg_power_w,-5.0,0.0002095442910942212
resource_managers,drl,avg_power_w,-4.5,0.00019785472933317796
resource_managers,drl,avg_power_w,-4.0,0.0001996061668961034
resource_managers,drl,avg_power_w,-3.5,0.0002003328730431886
resource_managers,drl,avg_power_w,-3.0,0.00019938163641830355
resource_managers,drl,avg_power_w,-2.5,0.00020014924016201945
resource_managers,drl,avg_power_w,-2.0,0.00019894905407937457
resource_managers,drl,avg_power_w,-1.5,0.00020010152259372177
resource_managers,drl,avg_power_w,-1.0,0.00019895239679319567
resource_managers,drl,avg_power_w,-0.5,0.00019860214242545864
resource_managers,drl,avg_power_w,0.0,0.0002005382713800288
resource_managers,drl,avg_power_w,0.5,0.00019979538133507057
resource_managers,drl,avg_power_w,1.0,0.00020024200147332764
resource_managers,drl,avg_power_w,1.5,0.00019931984877250456
resource_managers,drl,avg_power_w,2.0,0.0002011607141455427
resource_managers,drl,avg_power_w,2.5,0.00020117158272592154
resource_managers,drl,avg_power_w,3.0,0.00020013522964938785
resource_managers,drl,avg_power_w,3.5,0.00020144962549496203
resource_managers,drl,avg_power_w,4.0,0.00020197747568107818
resource_managers,drl,avg_power_w,4.5,0.00020186046887201177
resource_managers,drl,avg_power_w,5.0,0.0002017392603134993
resource_managers,drl,avg_power_w,5.5,0.00020095689991967344
resource_managers,drl,avg_power_w,6.0,0.0001981886471176738
resource_managers,drl,avg_power_w,6.5,0.00019940318102023853
resource_managers,drl,avg_power_w,7.0,0.0002001290122043426
resource_managers,drl,avg_power_w,7.5,0.00019843419489915356
resource_managers,drl,avg_power_w,8.0,0.0002004703709312798
resource_managers,drl,avg_power_w,8.5,0.00019954720568047513
resource_managers,drl,avg_power_w,9.0,0.00019978285004691105
resource_managers,drl,avg_power_w,9.5,0.00019987267035068945
resource_managers,drl,avg_power_w,10.0,0.00019894119719600256
resource_managers,drl,runtime_sec,-5.0,60.64029739995749
resource_managers,drl,runtime_sec,-4.5,97.91648660002829
resource_managers,drl,runtime_sec,-4.0,129.27410820002842
resource_managers,drl,runtime_sec,-3.5,128.82792290005455
resource_managers,drl,runtime_sec,-3.0,129.42598819999694
resource_managers,drl,runtime_sec,-2.5,128.90646770002058
resource_managers,drl,runtime_sec,-2.0,129.65532929999608
resource_managers,drl,runtime_sec,-1.5,128.9235923000524
resource_managers,drl,runtime_sec,-1.0,129.7398071001371
resource_managers,drl,runtime_sec,-0.5,129.94993379990046
resource_managers,drl,runtime_sec,0.0,128.62984540004982
resource_managers,drl,runtime_sec,0.5,129.12925689997064
resource_managers,drl,runtime_sec,1.0,128.88072879998072
resource_managers,drl,runtime_sec,1.5,129.45053979994555
resource_managers,drl,runtime_sec,2.0,128.23699410002882
resource_managers,drl,runtime_sec,2.5,128.23602949998894
resource_managers,drl,runtime_sec,3.0,128.8775188000145
resource_managers,drl,runtime_sec,3.5,128.0286406000887
resource_managers,drl,runtime_sec,4.0,127.68197659996804
resource_managers,drl,runtime_sec,4.5,127.77666500001214
resource_managers,drl,runtime_sec,5.0,127.86556139989261
resource_managers,drl,runtime_sec,5.5,128.45379040003172
resource_managers,drl,runtime_sec,6.0,130.04704099994706
resource_managers,drl,runtime_sec,6.5,129.3078051000266
resource_managers,drl,runtime_sec,7.0,128.88223309985915
resource_managers,drl,runtime_sec,7.5,130.02556849989924
resource_managers,drl,runtime_sec,8.0,128.7159554999671
resource_managers,drl,runtime_sec,8.5,129.29663440005243
resource_managers,drl,runtime_sec,9.0,129.8890964000675
resource_managers,drl,runtime_sec,9.5,129.80091469983017
resource_managers,drl,runtime_sec,10.0,130.3958342999831
resource_managers,drl,bit_errors,-5.0,213647.0
resource_managers,drl,bit_errors,-4.5,207040.0
resource_managers,drl,bit_errors,-4.0,182625.0
resource_managers,drl,bit_errors,-3.5,103865.0
resource_managers,drl,bit_errors,-3.0,66814.0
resource_managers,drl,bit_errors,-2.5,47584.0
resource_managers,drl,bit_errors,-2.0,29852.0
resource_managers,drl,bit_errors,-1.5,26065.0
resource_managers,drl,bit_errors,-1.0,14133.0
resource_managers,drl,bit_errors,-0.5,11510.0
resource_managers,drl,bit_errors,0.0,7699.0
resource_managers,drl,bit_errors,0.5,4856.0
resource_managers,drl,bit_errors,1.0,1455.0
resource_managers,drl,bit_errors,1.5,2525.0
resource_managers,drl,bit_errors,2.0,1891.0
resource_managers,drl,bit_errors,2.5,3509.0
resource_managers,drl,bit_errors,3.0,1198.0
resource_managers,drl,bit_errors,3.5,1587.0
resource_managers,drl,bit_errors,4.0,453.0
resource_managers,drl,bit_errors,4.5,1007.0
resource_managers,drl,bit_errors,5.0,1.0
resource_managers,drl,bit_errors,5.5,641.0
resource_managers,drl,bit_errors,6.0,1629.0
resource_managers,drl,bit_errors,6.5,0.0
resource_managers,drl,bit_errors,7.0,0.0
resource_managers,drl,bit_errors,7.5,521.0
resource_managers,drl,bit_errors,8.0,1201.0
resource_managers,drl,bit_errors,8.5,1083.0
resource_managers,drl,bit_errors,9.0,0.0
resource_managers,drl,bit_errors,9.5,0.0
resource_managers,drl,bit_errors,10.0,0.0
resource_managers,drl,total_bits,-5.0,3096576.0
resource_managers,drl,total_bits,-4.5,4718592.0
resource_managers,drl,total_bits,-4.0,6291456.0
resource_managers,drl,total_bits,-3.5,6291456.0
resource_managers,drl,total_bits,-3.0,6291456.0
resource_managers,drl,total_bits,-2.5,6291456.0
resource_managers,drl,total_bits,-2.0,6291456.0
resource_managers,drl,total_bits,-1.5,6291456.0
resource_managers,drl,total_bits,-1.0,6291456.0
resource_managers,drl,total_bits,-0.5,6291456.0
resource_managers,drl,total_bits,0.0,6291456.0
resource_managers,drl,total_bits,0.5,6291456.0
resource_managers,drl,total_bits,1.0,6291456.0
resource_managers,drl,total_bits,1.5,6291456.0
resource_managers,drl,total_bits,2.0,6291456.0
resource_managers,drl,total_bits,2.5,6291456.0
resource_managers,drl,total_bits,3.0,6291456.0
resource_managers,drl,total_bits,3.5,6291456.0
resource_managers,drl,total_bits,4.0,6291456.0
resource_managers,drl,total_bits,4.5,6291456.0
resource_managers,drl,total_bits,5.0,6291456.0
resource_managers,drl,total_bits,5.5,6291456.0
resource_managers,drl,total_bits,6.0,6291456.0
resource_managers,drl,total_bits,6.5,6291456.0
resource_managers,drl,total_bits,7.0,6291456.0
resource_managers,drl,total_bits,7.5,6291456.0
resource_managers,drl,total_bits,8.0,6291456.0
resource_managers,drl,total_bits,8.5,6291456.0
resource_managers,drl,total_bits,9.0,6291456.0
resource_managers,drl,total_bits,9.5,6291456.0
resource_managers,drl,total_bits,10.0,6291456.0
resource_managers,drl,block_errors,-5.0,1002.0
resource_managers,drl,block_errors,-4.5,1001.0
resource_managers,drl,block_errors,-4.0,900.0
resource_managers,drl,block_errors,-3.5,510.0
resource_managers,drl,block_errors,-3.0,294.0
resource_managers,drl,block_errors,-2.5,200.0
resource_managers,drl,block_errors,-2.0,127.0
resource_managers,drl,block_errors,-1.5,100.0
resource_managers,drl,block_errors,-1.0,49.0
resource_managers,drl,block_errors,-0.5,37.0
resource_managers,drl,block_errors,0.0,31.0
resource_managers,drl,block_errors,0.5,16.0
resource_managers,drl,block_errors,1.0,6.0
resource_managers,drl,block_errors,1.5,8.0
resource_managers,drl,block_errors,2.0,6.0
resource_managers,drl,block_errors,2.5,7.0
resource_managers,drl,block_errors,3.0,4.0
resource_managers,drl,block_errors,3.5,5.0
resource_managers,drl,block_errors,4.0,2.0
resource_managers,drl,block_errors,4.5,2.0
resource_managers,drl,block_errors,5.0,1.0
resource_managers,drl,block_errors,5.5,1.0
resource_managers,drl,block_errors,6.0,3.0
resource_managers,drl,block_errors,6.5,0.0
resource_managers,drl,block_errors,7.0,0.0
resource_managers,drl,block_errors,7.5,1.0
resource_managers,drl,block_errors,8.0,2.0
resource_managers,drl,block_errors,8.5,2.0
resource_managers,drl,block_errors,9.0,0.0
resource_managers,drl,block_errors,9.5,0.0
resource_managers,drl,block_errors,10.0,0.0
resource_managers,drl,total_blocks,-5.0,2016.0
resource_managers,drl,total_blocks,-4.5,3072.0
resource_managers,drl,total_blocks,-4.0,4096.0
resource_managers,drl,total_blocks,-3.5,4096.0
resource_managers,drl,total_blocks,-3.0,4096.0
resource_managers,drl,total_blocks,-2.5,4096.0
resource_managers,drl,total_blocks,-2.0,4096.0
resource_managers,drl,total_blocks,-1.5,4096.0
resource_managers,drl,total_blocks,-1.0,4096.0
resource_managers,drl,total_blocks,-0.5,4096.0
resource_managers,drl,total_blocks,0.0,4096.0
resource_managers,drl,total_blocks,0.5,4096.0
resource_managers,drl,total_blocks,1.0,4096.0
resource_managers,drl,total_blocks,1.5,4096.0
resource_managers,drl,total_blocks,2.0,4096.0
resource_managers,drl,total_blocks,2.5,4096.0
resource_managers,drl,total_blocks,3.0,4096.0
resource_managers,drl,total_blocks,3.5,4096.0
resource_managers,drl,total_blocks,4.0,4096.0
resource_managers,drl,total_blocks,4.5,4096.0
resource_managers,drl,total_blocks,5.0,4096.0
resource_managers,drl,total_blocks,5.5,4096.0
resource_managers,drl,total_blocks,6.0,4096.0
resource_managers,drl,total_blocks,6.5,4096.0
resource_managers,drl,total_blocks,7.0,4096.0
resource_managers,drl,total_blocks,7.5,4096.0
resource_managers,drl,total_blocks,8.0,4096.0
resource_managers,drl,total_blocks,8.5,4096.0
resource_managers,drl,total_blocks,9.0,4096.0
resource_managers,drl,total_blocks,9.5,4096.0
resource_managers,drl,total_blocks,10.0,4096.0
resource_managers,drl,num_batches,-5.0,63.0
resource_managers,drl,num_batches,-4.5,96.0
resource_managers,drl,num_batches,-4.0,128.0
resource_managers,drl,num_batches,-3.5,128.0
resource_managers,drl,num_batches,-3.0,128.0
resource_managers,drl,num_batches,-2.5,128.0
resource_managers,drl,num_batches,-2.0,128.0
resource_managers,drl,num_batches,-1.5,128.0
resource_managers,drl,num_batches,-1.0,128.0
resource_managers,drl,num_batches,-0.5,128.0
resource_managers,drl,num_batches,0.0,128.0
resource_managers,drl,num_batches,0.5,128.0
resource_managers,drl,num_batches,1.0,128.0
resource_managers,drl,num_batches,1.5,128.0
resource_managers,drl,num_batches,2.0,128.0
resource_managers,drl,num_batches,2.5,128.0
resource_managers,drl,num_batches,3.0,128.0
resource_managers,drl,num_batches,3.5,128.0
resource_managers,drl,num_batches,4.0,128.0
resource_managers,drl,num_batches,4.5,128.0
resource_managers,drl,num_batches,5.0,128.0
resource_managers,drl,num_batches,5.5,128.0
resource_managers,drl,num_batches,6.0,128.0
resource_managers,drl,num_batches,6.5,128.0
resource_managers,drl,num_batches,7.0,128.0
resource_managers,drl,num_batches,7.5,128.0
resource_managers,drl,num_batches,8.0,128.0
resource_managers,drl,num_batches,8.5,128.0
resource_managers,drl,num_batches,9.0,128.0
resource_managers,drl,num_batches,9.5,128.0
resource_managers,drl,num_batches,10.0,128.0
resource_managers,drl,runtime_total_sec,,3900.868563799777
