Log file: /app/results/20260317_083505_ls_pso_umi_qpsk/simulation.log
Loaded configuration for scenario: umi
======================================================================
  6G Smart Factory Simulation Flow
======================================================================
Stages: estimators
Estimators: ['ls', 'pso']
Scenario: umi
Eb/No Range: [0.0, 2.0, 4.0, 6.0, 8.0, 10.0, 12.0, 14.0, 16.0, 18.0, 20.0]
Run directory: results/20260317_083505_ls_pso_umi_qpsk
----------------------------------------------------------------------
Estimator batch 1/2000 (active points 22/22) ...   snr=+0.0dB [ls][pso]  snr=+2.0dB [ls][pso]  snr=+4.0dB [ls][pso]  snr=+6.0dB [ls][pso]  snr=+8.0dB [ls][pso]  snr=+10.0dB [ls][pso]  snr=+12.0dB [ls][pso]  snr=+14.0dB [ls][pso]  snr=+16.0dB [ls][pso]  snr=+18.0dB [ls][pso]  snr=+20.0dB [ls][pso]Done (70.11s)
Estimator batch 2/2000 (active points 22/22) ...   snr=+0.0dB [ls][pso]  snr=+2.0dB [ls][pso]  snr=+4.0dB [ls][pso]  snr=+6.0dB [ls][pso]  snr=+8.0dB [ls][pso]  snr=+10.0dB [ls][pso]  snr=+12.0dB [ls][pso]  snr=+14.0dB [ls][pso]  snr=+16.0dB [ls][pso]  snr=+18.0dB [ls][pso]  snr=+20.0dB [ls][pso]Done (69.93s)
Estimator batch 3/2000 (active points 22/22) ...   snr=+0.0dB [ls][pso]  snr=+2.0dB [ls][pso]  snr=+4.0dB [ls][pso]  snr=+6.0dB [ls][pso]  snr=+8.0dB [ls][pso]  snr=+10.0dB [ls][pso]  snr=+12.0dB [ls][pso]  snr=+14.0dB [ls][pso]  snr=+16.0dB [ls][pso]  snr=+18.0dB [ls][pso]  snr=+20.0dB [ls][pso]Done (72.23s)
Estimator batch 4/2000 (active points 22/22) ...   snr=+0.0dB [ls][pso]  snr=+2.0dB [ls][pso]  snr=+4.0dB [ls][pso]  snr=+6.0dB [ls][pso]  snr=+8.0dB [ls][pso]  snr=+10.0dB [ls][pso]  snr=+12.0dB [ls][pso]  snr=+14.0dB [ls][pso]  snr=+16.0dB [ls][pso]  snr=+18.0dB [ls][pso]  snr=+20.0dB [ls][pso]Done (77.03s)
Estimator batch 5/2000 (active points 22/22) ...   snr=+0.0dB [ls][pso]  snr=+2.0dB [ls][pso]  snr=+4.0dB [ls][pso]  snr=+6.0dB [ls][pso]  snr=+8.0dB [ls][pso]  snr=+10.0dB [ls][pso]  snr=+12.0dB [ls][pso]  snr=+14.0dB [ls][pso]  snr=+16.0dB [ls][pso]  snr=+18.0dB [ls][pso]  snr=+20.0dB [ls][pso]Done (69.72s)
Estimator batch 6/2000 (active points 22/22) ...   snr=+0.0dB [ls][pso]  snr=+2.0dB [ls][pso]  snr=+4.0dB [ls][pso]  snr=+6.0dB [ls][pso]  snr=+8.0dB [ls][pso]  snr=+10.0dB [ls][pso]  snr=+12.0dB [ls][pso]  snr=+14.0dB [ls][pso]  snr=+16.0dB [ls][pso]  snr=+18.0dB [ls][pso]  snr=+20.0dB [ls][pso]Done (72.77s)
Estimator batch 7/2000 (active points 22/22) ...   snr=+0.0dB [ls][pso]  snr=+2.0dB [ls][pso]  snr=+4.0dB [ls][pso]  snr=+6.0dB [ls][pso]  snr=+8.0dB [ls][pso]  snr=+10.0dB [ls][pso]  snr=+12.0dB [ls][pso]  snr=+14.0dB [ls][pso]  snr=+16.0dB [ls][pso]  snr=+18.0dB [ls][pso]  snr=+20.0dB [ls][pso]Done (72.50s)
Estimator batch 8/2000 (active points 22/22) ...   snr=+0.0dB [ls][pso]  snr=+2.0dB [ls][pso]  snr=+4.0dB [ls][pso]  snr=+6.0dB [ls][pso]  snr=+8.0dB [ls][pso]  snr=+10.0dB [ls][pso]  snr=+12.0dB [ls][pso]  snr=+14.0dB [ls][pso]  snr=+16.0dB [ls][pso]  snr=+18.0dB [ls][pso]  snr=+20.0dB [ls][pso]Done (65.11s)
Estimator batch 9/2000 (active points 22/22) ...   snr=+0.0dB [ls][pso]  snr=+2.0dB [ls][pso]  snr=+4.0dB [ls][pso]  snr=+6.0dB [ls][pso]  snr=+8.0dB [ls][pso]  snr=+10.0dB [ls][pso]  snr=+12.0dB [ls][pso]  snr=+14.0dB [ls][pso]  snr=+16.0dB [ls][pso]  snr=+18.0dB [ls][pso]  snr=+20.0dB [ls][pso]Done (67.48s)
Estimator batch 10/2000 (active points 22/22) ...   snr=+0.0dB [ls][pso]  snr=+2.0dB [ls][pso]  snr=+4.0dB [ls][pso]  snr=+6.0dB [ls][pso]  snr=+8.0dB [ls][pso]  snr=+10.0dB [ls][pso]  snr=+12.0dB [ls][pso]  snr=+14.0dB [ls][pso]  snr=+16.0dB [ls][pso]  snr=+18.0dB [ls][pso]  snr=+20.0dB [ls][pso]Done (64.74s)
Estimator batch 11/2000 (active points 21/22) ...   snr=+0.0dB [pso]  snr=+2.0dB [ls][pso]  snr=+4.0dB [ls][pso]  snr=+6.0dB [ls][pso]  snr=+8.0dB [ls][pso]  snr=+10.0dB [ls][pso]  snr=+12.0dB [ls][pso]  snr=+14.0dB [ls][pso]  snr=+16.0dB [ls][pso]  snr=+18.0dB [ls][pso]  snr=+20.0dB [ls][pso]Done (67.77s)
Estimator batch 12/2000 (active points 21/22) ...   snr=+0.0dB [pso]  snr=+2.0dB [ls][pso]  snr=+4.0dB [ls][pso]  snr=+6.0dB [ls][pso]  snr=+8.0dB [ls][pso]  snr=+10.0dB [ls][pso]  snr=+12.0dB [ls][pso]  snr=+14.0dB [ls][pso]  snr=+16.0dB [ls][pso]  snr=+18.0dB [ls][pso]  snr=+20.0dB [ls][pso]Done (72.06s)
Estimator batch 13/2000 (active points 20/22) ...   snr=+2.0dB [ls][pso]  snr=+4.0dB [ls][pso]  snr=+6.0dB [ls][pso]  snr=+8.0dB [ls][pso]  snr=+10.0dB [ls][pso]  snr=+12.0dB [ls][pso]  snr=+14.0dB [ls][pso]  snr=+16.0dB [ls][pso]  snr=+18.0dB [ls][pso]  snr=+20.0dB [ls][pso]Done (67.25s)
Estimator batch 14/2000 (active points 19/22) ...   snr=+2.0dB [pso]  snr=+4.0dB [ls][pso]  snr=+6.0dB [ls][pso]  snr=+8.0dB [ls][pso]  snr=+10.0dB [ls][pso]  snr=+12.0dB [ls][pso]  snr=+14.0dB [ls][pso]  snr=+16.0dB [ls][pso]  snr=+18.0dB [ls][pso]  snr=+20.0dB [ls][pso]Done (63.03s)
Estimator batch 15/2000 (active points 19/22) ...   snr=+2.0dB [pso]  snr=+4.0dB [ls][pso]  snr=+6.0dB [ls][pso]  snr=+8.0dB [ls][pso]  snr=+10.0dB [ls][pso]  snr=+12.0dB [ls][pso]  snr=+14.0dB [ls][pso]  snr=+16.0dB [ls][pso]  snr=+18.0dB [ls][pso]  snr=+20.0dB [ls][pso]Done (64.49s)
Estimator batch 16/2000 (active points 19/22) ...   snr=+2.0dB [pso]  snr=+4.0dB [ls][pso]  snr=+6.0dB [ls][pso]  snr=+8.0dB [ls][pso]  snr=+10.0dB [ls][pso]  snr=+12.0dB [ls][pso]  snr=+14.0dB [ls][pso]  snr=+16.0dB [ls][pso]  snr=+18.0dB [ls][pso]  snr=+20.0dB [ls][pso]Done (65.31s)
Estimator batch 17/2000 (active points 19/22) ...   snr=+2.0dB [pso]  snr=+4.0dB [ls][pso]  snr=+6.0dB [ls][pso]  snr=+8.0dB [ls][pso]  snr=+10.0dB [ls][pso]  snr=+12.0dB [ls][pso]  snr=+14.0dB [ls][pso]  snr=+16.0dB [ls][pso]  snr=+18.0dB [ls][pso]  snr=+20.0dB [ls][pso]Done (64.20s)
Estimator batch 18/2000 (active points 19/22) ...   snr=+2.0dB [pso]  snr=+4.0dB [ls][pso]  snr=+6.0dB [ls][pso]  snr=+8.0dB [ls][pso]  snr=+10.0dB [ls][pso]  snr=+12.0dB [ls][pso]  snr=+14.0dB [ls][pso]  snr=+16.0dB [ls][pso]  snr=+18.0dB [ls][pso]  snr=+20.0dB [ls][pso]Done (73.90s)
Estimator batch 19/2000 (active points 19/22) ...   snr=+2.0dB [pso]  snr=+4.0dB [ls][pso]  snr=+6.0dB [ls][pso]  snr=+8.0dB [ls][pso]  snr=+10.0dB [ls][pso]  snr=+12.0dB [ls][pso]  snr=+14.0dB [ls][pso]  snr=+16.0dB [ls][pso]  snr=+18.0dB [ls][pso]  snr=+20.0dB [ls][pso]Done (76.87s)
Estimator batch 20/2000 (active points 19/22) ...   snr=+2.0dB [pso]  snr=+4.0dB [ls][pso]  snr=+6.0dB [ls][pso]  snr=+8.0dB [ls][pso]  snr=+10.0dB [ls][pso]  snr=+12.0dB [ls][pso]  snr=+14.0dB [ls][pso]  snr=+16.0dB [ls][pso]  snr=+18.0dB [ls][pso]  snr=+20.0dB [ls][pso]Done (64.42s)
Estimator batch 21/2000 (active points 19/22) ...   snr=+2.0dB [pso]  snr=+4.0dB [ls][pso]  snr=+6.0dB [ls][pso]  snr=+8.0dB [ls][pso]  snr=+10.0dB [ls][pso]  snr=+12.0dB [ls][pso]  snr=+14.0dB [ls][pso]  snr=+16.0dB [ls][pso]  snr=+18.0dB [ls][pso]  snr=+20.0dB [ls][pso]Done (63.60s)
Estimator batch 22/2000 (active points 19/22) ...   snr=+2.0dB [pso]  snr=+4.0dB [ls][pso]  snr=+6.0dB [ls][pso]  snr=+8.0dB [ls][pso]  snr=+10.0dB [ls][pso]  snr=+12.0dB [ls][pso]  snr=+14.0dB [ls][pso]  snr=+16.0dB [ls][pso]  snr=+18.0dB [ls][pso]  snr=+20.0dB [ls][pso]Done (63.42s)
Estimator batch 23/2000 (active points 19/22) ...   snr=+2.0dB [pso]  snr=+4.0dB [ls][pso]  snr=+6.0dB [ls][pso]  snr=+8.0dB [ls][pso]  snr=+10.0dB [ls][pso]  snr=+12.0dB [ls][pso]  snr=+14.0dB [ls][pso]  snr=+16.0dB [ls][pso]  snr=+18.0dB [ls][pso]  snr=+20.0dB [ls][pso]Done (66.75s)
Estimator batch 24/2000 (active points 19/22) ...   snr=+2.0dB [pso]  snr=+4.0dB [ls][pso]  snr=+6.0dB [ls][pso]  snr=+8.0dB [ls][pso]  snr=+10.0dB [ls][pso]  snr=+12.0dB [ls][pso]  snr=+14.0dB [ls][pso]  snr=+16.0dB [ls][pso]  snr=+18.0dB [ls][pso]  snr=+20.0dB [ls][pso]Done (59.64s)
Estimator batch 25/2000 (active points 19/22) ...   snr=+2.0dB [pso]  snr=+4.0dB [ls][pso]  snr=+6.0dB [ls][pso]  snr=+8.0dB [ls][pso]  snr=+10.0dB [ls][pso]  snr=+12.0dB [ls][pso]  snr=+14.0dB [ls][pso]  snr=+16.0dB [ls][pso]  snr=+18.0dB [ls][pso]  snr=+20.0dB [ls][pso]Done (67.58s)
Estimator batch 26/2000 (active points 19/22) ...   snr=+2.0dB [pso]  snr=+4.0dB [ls][pso]  snr=+6.0dB [ls][pso]  snr=+8.0dB [ls][pso]  snr=+10.0dB [ls][pso]  snr=+12.0dB [ls][pso]  snr=+14.0dB [ls][pso]  snr=+16.0dB [ls][pso]  snr=+18.0dB [ls][pso]  snr=+20.0dB [ls][pso]Done (67.59s)
Estimator batch 27/2000 (active points 19/22) ...   snr=+2.0dB [pso]  snr=+4.0dB [ls][pso]  snr=+6.0dB [ls][pso]  snr=+8.0dB [ls][pso]  snr=+10.0dB [ls][pso]  snr=+12.0dB [ls][pso]  snr=+14.0dB [ls][pso]  snr=+16.0dB [ls][pso]  snr=+18.0dB [ls][pso]  snr=+20.0dB [ls][pso]Done (66.91s)
Estimator batch 28/2000 (active points 19/22) ...   snr=+2.0dB [pso]  snr=+4.0dB [ls][pso]  snr=+6.0dB [ls][pso]  snr=+8.0dB [ls][pso]  snr=+10.0dB [ls][pso]  snr=+12.0dB [ls][pso]  snr=+14.0dB [ls][pso]  snr=+16.0dB [ls][pso]  snr=+18.0dB [ls][pso]  snr=+20.0dB [ls][pso]Done (64.16s)
Estimator batch 29/2000 (active points 19/22) ...   snr=+2.0dB [pso]  snr=+4.0dB [ls][pso]  snr=+6.0dB [ls][pso]  snr=+8.0dB [ls][pso]  snr=+10.0dB [ls][pso]  snr=+12.0dB [ls][pso]  snr=+14.0dB [ls][pso]  snr=+16.0dB [ls][pso]  snr=+18.0dB [ls][pso]  snr=+20.0dB [ls][pso]Done (56.33s)
Estimator batch 30/2000 (active points 19/22) ...   snr=+2.0dB [pso]  snr=+4.0dB [ls][pso]  snr=+6.0dB [ls][pso]  snr=+8.0dB [ls][pso]  snr=+10.0dB [ls][pso]  snr=+12.0dB [ls][pso]  snr=+14.0dB [ls][pso]  snr=+16.0dB [ls][pso]  snr=+18.0dB [ls][pso]  snr=+20.0dB [ls][pso]Done (61.52s)
Estimator batch 31/2000 (active points 19/22) ...   snr=+2.0dB [pso]  snr=+4.0dB [ls][pso]  snr=+6.0dB [ls][pso]  snr=+8.0dB [ls][pso]  snr=+10.0dB [ls][pso]  snr=+12.0dB [ls][pso]  snr=+14.0dB [ls][pso]  snr=+16.0dB [ls][pso]  snr=+18.0dB [ls][pso]  snr=+20.0dB [ls][pso]Done (61.21s)
Estimator batch 32/2000 (active points 19/22) ...   snr=+2.0dB [pso]  snr=+4.0dB [ls][pso]  snr=+6.0dB [ls][pso]  snr=+8.0dB [ls][pso]  snr=+10.0dB [ls][pso]  snr=+12.0dB [ls][pso]  snr=+14.0dB [ls][pso]  snr=+16.0dB [ls][pso]  snr=+18.0dB [ls][pso]  snr=+20.0dB [ls][pso]Done (65.28s)
Estimator batch 33/2000 (active points 19/22) ...   snr=+2.0dB [pso]  snr=+4.0dB [ls][pso]  snr=+6.0dB [ls][pso]  snr=+8.0dB [ls][pso]  snr=+10.0dB [ls][pso]  snr=+12.0dB [ls][pso]  snr=+14.0dB [ls][pso]  snr=+16.0dB [ls][pso]  snr=+18.0dB [ls][pso]  snr=+20.0dB [ls][pso]Done (66.48s)
Estimator batch 34/2000 (active points 19/22) ...   snr=+2.0dB [pso]  snr=+4.0dB [ls][pso]  snr=+6.0dB [ls][pso]  snr=+8.0dB [ls][pso]  snr=+10.0dB [ls][pso]  snr=+12.0dB [ls][pso]  snr=+14.0dB [ls][pso]  snr=+16.0dB [ls][pso]  snr=+18.0dB [ls][pso]  snr=+20.0dB [ls][pso]Done (61.90s)
Estimator batch 35/2000 (active points 19/22) ...   snr=+2.0dB [pso]  snr=+4.0dB [ls][pso]  snr=+6.0dB [ls][pso]  snr=+8.0dB [ls][pso]  snr=+10.0dB [ls][pso]  snr=+12.0dB [ls][pso]  snr=+14.0dB [ls][pso]  snr=+16.0dB [ls][pso]  snr=+18.0dB [ls][pso]  snr=+20.0dB [ls][pso]Done (60.13s)
Estimator batch 36/2000 (active points 19/22) ...   snr=+2.0dB [pso]  snr=+4.0dB [ls][pso]  snr=+6.0dB [ls][pso]  snr=+8.0dB [ls][pso]  snr=+10.0dB [ls][pso]  snr=+12.0dB [ls][pso]  snr=+14.0dB [ls][pso]  snr=+16.0dB [ls][pso]  snr=+18.0dB [ls][pso]  snr=+20.0dB [ls][pso]Done (60.46s)
Estimator batch 37/2000 (active points 19/22) ...   snr=+2.0dB [pso]  snr=+4.0dB [ls][pso]  snr=+6.0dB [ls][pso]  snr=+8.0dB [ls][pso]  snr=+10.0dB [ls][pso]  snr=+12.0dB [ls][pso]  snr=+14.0dB [ls][pso]  snr=+16.0dB [ls][pso]  snr=+18.0dB [ls][pso]  snr=+20.0dB [ls][pso]Done (63.20s)
Estimator batch 38/2000 (active points 19/22) ...   snr=+2.0dB [pso]  snr=+4.0dB [ls][pso]  snr=+6.0dB [ls][pso]  snr=+8.0dB [ls][pso]  snr=+10.0dB [ls][pso]  snr=+12.0dB [ls][pso]  snr=+14.0dB [ls][pso]  snr=+16.0dB [ls][pso]  snr=+18.0dB [ls][pso]  snr=+20.0dB [ls][pso]Done (61.86s)
Estimator batch 39/2000 (active points 19/22) ...   snr=+2.0dB [pso]  snr=+4.0dB [ls][pso]  snr=+6.0dB [ls][pso]  snr=+8.0dB [ls][pso]  snr=+10.0dB [ls][pso]  snr=+12.0dB [ls][pso]  snr=+14.0dB [ls][pso]  snr=+16.0dB [ls][pso]  snr=+18.0dB [ls][pso]  snr=+20.0dB [ls][pso]Done (66.09s)
Estimator batch 40/2000 (active points 19/22) ...   snr=+2.0dB [pso]  snr=+4.0dB [ls][pso]  snr=+6.0dB [ls][pso]  snr=+8.0dB [ls][pso]  snr=+10.0dB [ls][pso]  snr=+12.0dB [ls][pso]  snr=+14.0dB [ls][pso]  snr=+16.0dB [ls][pso]  snr=+18.0dB [ls][pso]  snr=+20.0dB [ls][pso]Done (66.72s)
Estimator batch 41/2000 (active points 19/22) ...   snr=+2.0dB [pso]  snr=+4.0dB [ls][pso]  snr=+6.0dB [ls][pso]  snr=+8.0dB [ls][pso]  snr=+10.0dB [ls][pso]  snr=+12.0dB [ls][pso]  snr=+14.0dB [ls][pso]  snr=+16.0dB [ls][pso]  snr=+18.0dB [ls][pso]  snr=+20.0dB [ls][pso]Done (62.00s)
Estimator batch 42/2000 (active points 19/22) ...   snr=+2.0dB [pso]  snr=+4.0dB [ls][pso]  snr=+6.0dB [ls][pso]  snr=+8.0dB [ls][pso]  snr=+10.0dB [ls][pso]  snr=+12.0dB [ls][pso]  snr=+14.0dB [ls][pso]  snr=+16.0dB [ls][pso]  snr=+18.0dB [ls][pso]  snr=+20.0dB [ls][pso]Done (62.59s)
Estimator batch 43/2000 (active points 19/22) ...   snr=+2.0dB [pso]  snr=+4.0dB [ls][pso]  snr=+6.0dB [ls][pso]  snr=+8.0dB [ls][pso]  snr=+10.0dB [ls][pso]  snr=+12.0dB [ls][pso]  snr=+14.0dB [ls][pso]  snr=+16.0dB [ls][pso]  snr=+18.0dB [ls][pso]  snr=+20.0dB [ls][pso]Done (62.72s)
Estimator batch 44/2000 (active points 19/22) ...   snr=+2.0dB [pso]  snr=+4.0dB [ls][pso]  snr=+6.0dB [ls][pso]  snr=+8.0dB [ls][pso]  snr=+10.0dB [ls][pso]  snr=+12.0dB [ls][pso]  snr=+14.0dB [ls][pso]  snr=+16.0dB [ls][pso]  snr=+18.0dB [ls][pso]  snr=+20.0dB [ls][pso]Done (64.56s)
Estimator batch 45/2000 (active points 19/22) ...   snr=+2.0dB [pso]  snr=+4.0dB [ls][pso]  snr=+6.0dB [ls][pso]  snr=+8.0dB [ls][pso]  snr=+10.0dB [ls][pso]  snr=+12.0dB [ls][pso]  snr=+14.0dB [ls][pso]  snr=+16.0dB [ls][pso]  snr=+18.0dB [ls][pso]  snr=+20.0dB [ls][pso]Done (67.09s)
Estimator batch 46/2000 (active points 19/22) ...   snr=+2.0dB [pso]  snr=+4.0dB [ls][pso]  snr=+6.0dB [ls][pso]  snr=+8.0dB [ls][pso]  snr=+10.0dB [ls][pso]  snr=+12.0dB [ls][pso]  snr=+14.0dB [ls][pso]  snr=+16.0dB [ls][pso]  snr=+18.0dB [ls][pso]  snr=+20.0dB [ls][pso]Done (70.72s)
Estimator batch 47/2000 (active points 19/22) ...   snr=+2.0dB [pso]  snr=+4.0dB [ls][pso]  snr=+6.0dB [ls][pso]  snr=+8.0dB [ls][pso]  snr=+10.0dB [ls][pso]  snr=+12.0dB [ls][pso]  snr=+14.0dB [ls][pso]  snr=+16.0dB [ls][pso]  snr=+18.0dB [ls][pso]  snr=+20.0dB [ls][pso]Done (65.78s)
Estimator batch 48/2000 (active points 19/22) ...   snr=+2.0dB [pso]  snr=+4.0dB [ls][pso]  snr=+6.0dB [ls][pso]  snr=+8.0dB [ls][pso]  snr=+10.0dB [ls][pso]  snr=+12.0dB [ls][pso]  snr=+14.0dB [ls][pso]  snr=+16.0dB [ls][pso]  snr=+18.0dB [ls][pso]  snr=+20.0dB [ls][pso]Done (65.02s)
Estimator batch 49/2000 (active points 19/22) ...   snr=+2.0dB [pso]  snr=+4.0dB [ls][pso]  snr=+6.0dB [ls][pso]  snr=+8.0dB [ls][pso]  snr=+10.0dB [ls][pso]  snr=+12.0dB [ls][pso]  snr=+14.0dB [ls][pso]  snr=+16.0dB [ls][pso]  snr=+18.0dB [ls][pso]  snr=+20.0dB [ls][pso]Done (60.54s)
Estimator batch 50/2000 (active points 19/22) ...   snr=+2.0dB [pso]  snr=+4.0dB [ls][pso]  snr=+6.0dB [ls][pso]  snr=+8.0dB [ls][pso]  snr=+10.0dB [ls][pso]  snr=+12.0dB [ls][pso]  snr=+14.0dB [ls][pso]  snr=+16.0dB [ls][pso]  snr=+18.0dB [ls][pso]  snr=+20.0dB [ls][pso]Done (64.96s)
Estimator batch 51/2000 (active points 19/22) ...   snr=+2.0dB [pso]  snr=+4.0dB [ls][pso]  snr=+6.0dB [ls][pso]  snr=+8.0dB [ls][pso]  snr=+10.0dB [ls][pso]  snr=+12.0dB [ls][pso]  snr=+14.0dB [ls][pso]  snr=+16.0dB [ls][pso]  snr=+18.0dB [ls][pso]  snr=+20.0dB [ls][pso]Done (71.01s)
Estimator batch 52/2000 (active points 19/22) ...   snr=+2.0dB [pso]  snr=+4.0dB [ls][pso]  snr=+6.0dB [ls][pso]  snr=+8.0dB [ls][pso]  snr=+10.0dB [ls][pso]  snr=+12.0dB [ls][pso]  snr=+14.0dB [ls][pso]  snr=+16.0dB [ls][pso]  snr=+18.0dB [ls][pso]  snr=+20.0dB [ls][pso]Done (65.07s)
Estimator batch 53/2000 (active points 19/22) ...   snr=+2.0dB [pso]  snr=+4.0dB [ls][pso]  snr=+6.0dB [ls][pso]  snr=+8.0dB [ls][pso]  snr=+10.0dB [ls][pso]  snr=+12.0dB [ls][pso]  snr=+14.0dB [ls][pso]  snr=+16.0dB [ls][pso]  snr=+18.0dB [ls][pso]  snr=+20.0dB [ls][pso]Done (71.28s)
Estimator batch 54/2000 (active points 19/22) ...   snr=+2.0dB [pso]  snr=+4.0dB [ls][pso]  snr=+6.0dB [ls][pso]  snr=+8.0dB [ls][pso]  snr=+10.0dB [ls][pso]  snr=+12.0dB [ls][pso]  snr=+14.0dB [ls][pso]  snr=+16.0dB [ls][pso]  snr=+18.0dB [ls][pso]  snr=+20.0dB [ls][pso]Done (63.26s)
Estimator batch 55/2000 (active points 19/22) ...   snr=+2.0dB [pso]  snr=+4.0dB [ls][pso]  snr=+6.0dB [ls][pso]  snr=+8.0dB [ls][pso]  snr=+10.0dB [ls][pso]  snr=+12.0dB [ls][pso]  snr=+14.0dB [ls][pso]  snr=+16.0dB [ls][pso]  snr=+18.0dB [ls][pso]  snr=+20.0dB [ls][pso]Done (63.48s)
Estimator batch 56/2000 (active points 19/22) ...   snr=+2.0dB [pso]  snr=+4.0dB [ls][pso]  snr=+6.0dB [ls][pso]  snr=+8.0dB [ls][pso]  snr=+10.0dB [ls][pso]  snr=+12.0dB [ls][pso]  snr=+14.0dB [ls][pso]  snr=+16.0dB [ls][pso]  snr=+18.0dB [ls][pso]  snr=+20.0dB [ls][pso]Done (59.38s)
Estimator batch 57/2000 (active points 19/22) ...   snr=+2.0dB [pso]  snr=+4.0dB [ls][pso]  snr=+6.0dB [ls][pso]  snr=+8.0dB [ls][pso]  snr=+10.0dB [ls][pso]  snr=+12.0dB [ls][pso]  snr=+14.0dB [ls][pso]  snr=+16.0dB [ls][pso]  snr=+18.0dB [ls][pso]  snr=+20.0dB [ls][pso]Done (64.83s)
Estimator batch 58/2000 (active points 19/22) ...   snr=+2.0dB [pso]  snr=+4.0dB [ls][pso]  snr=+6.0dB [ls][pso]  snr=+8.0dB [ls][pso]  snr=+10.0dB [ls][pso]  snr=+12.0dB [ls][pso]  snr=+14.0dB [ls][pso]  snr=+16.0dB [ls][pso]  snr=+18.0dB [ls][pso]  snr=+20.0dB [ls][pso]Done (72.40s)
Estimator batch 59/2000 (active points 19/22) ...   snr=+2.0dB [pso]  snr=+4.0dB [ls][pso]  snr=+6.0dB [ls][pso]  snr=+8.0dB [ls][pso]  snr=+10.0dB [ls][pso]  snr=+12.0dB [ls][pso]  snr=+14.0dB [ls][pso]  snr=+16.0dB [ls][pso]  snr=+18.0dB [ls][pso]  snr=+20.0dB [ls][pso]Done (64.62s)
Estimator batch 60/2000 (active points 18/22) ...   snr=+2.0dB [pso]  snr=+4.0dB [pso]  snr=+6.0dB [ls][pso]  snr=+8.0dB [ls][pso]  snr=+10.0dB [ls][pso]  snr=+12.0dB [ls][pso]  snr=+14.0dB [ls][pso]  snr=+16.0dB [ls][pso]  snr=+18.0dB [ls][pso]  snr=+20.0dB [ls][pso]Done (68.82s)
Estimator batch 61/2000 (active points 18/22) ...   snr=+2.0dB [pso]  snr=+4.0dB [pso]  snr=+6.0dB [ls][pso]  snr=+8.0dB [ls][pso]  snr=+10.0dB [ls][pso]  snr=+12.0dB [ls][pso]  snr=+14.0dB [ls][pso]  snr=+16.0dB [ls][pso]  snr=+18.0dB [ls][pso]  snr=+20.0dB [ls][pso]Done (53.70s)
Estimator batch 62/2000 (active points 18/22) ...   snr=+2.0dB [pso]  snr=+4.0dB [pso]  snr=+6.0dB [ls][pso]  snr=+8.0dB [ls][pso]  snr=+10.0dB [ls][pso]  snr=+12.0dB [ls][pso]  snr=+14.0dB [ls][pso]  snr=+16.0dB [ls][pso]  snr=+18.0dB [ls][pso]  snr=+20.0dB [ls][pso]Done (66.08s)
Estimator batch 63/2000 (active points 18/22) ...   snr=+2.0dB [pso]  snr=+4.0dB [pso]  snr=+6.0dB [ls][pso]  snr=+8.0dB [ls][pso]  snr=+10.0dB [ls][pso]  snr=+12.0dB [ls][pso]  snr=+14.0dB [ls][pso]  snr=+16.0dB [ls][pso]  snr=+18.0dB [ls][pso]  snr=+20.0dB [ls][pso]Done (64.72s)
Estimator batch 64/2000 (active points 18/22) ...   snr=+2.0dB [pso]  snr=+4.0dB [pso]  snr=+6.0dB [ls][pso]  snr=+8.0dB [ls][pso]  snr=+10.0dB [ls][pso]  snr=+12.0dB [ls][pso]  snr=+14.0dB [ls][pso]  snr=+16.0dB [ls][pso]  snr=+18.0dB [ls][pso]  snr=+20.0dB [ls][pso]Done (65.98s)
Estimator batch 65/2000 (active points 18/22) ...   snr=+2.0dB [pso]  snr=+4.0dB [pso]  snr=+6.0dB [ls][pso]  snr=+8.0dB [ls][pso]  snr=+10.0dB [ls][pso]  snr=+12.0dB [ls][pso]  snr=+14.0dB [ls][pso]  snr=+16.0dB [ls][pso]  snr=+18.0dB [ls][pso]  snr=+20.0dB [ls][pso]Done (69.89s)
Estimator batch 66/2000 (active points 18/22) ...   snr=+2.0dB [pso]  snr=+4.0dB [pso]  snr=+6.0dB [ls][pso]  snr=+8.0dB [ls][pso]  snr=+10.0dB [ls][pso]  snr=+12.0dB [ls][pso]  snr=+14.0dB [ls][pso]  snr=+16.0dB [ls][pso]  snr=+18.0dB [ls][pso]  snr=+20.0dB [ls][pso]Done (60.93s)
Estimator batch 67/2000 (active points 18/22) ...   snr=+2.0dB [pso]  snr=+4.0dB [pso]  snr=+6.0dB [ls][pso]  snr=+8.0dB [ls][pso]  snr=+10.0dB [ls][pso]  snr=+12.0dB [ls][pso]  snr=+14.0dB [ls][pso]  snr=+16.0dB [ls][pso]  snr=+18.0dB [ls][pso]  snr=+20.0dB [ls][pso]Done (61.57s)
Estimator batch 68/2000 (active points 18/22) ...   snr=+2.0dB [pso]  snr=+4.0dB [pso]  snr=+6.0dB [ls][pso]  snr=+8.0dB [ls][pso]  snr=+10.0dB [ls][pso]  snr=+12.0dB [ls][pso]  snr=+14.0dB [ls][pso]  snr=+16.0dB [ls][pso]  snr=+18.0dB [ls][pso]  snr=+20.0dB [ls][pso]Done (63.69s)
Estimator batch 69/2000 (active points 18/22) ...   snr=+2.0dB [pso]  snr=+4.0dB [pso]  snr=+6.0dB [ls][pso]  snr=+8.0dB [ls][pso]  snr=+10.0dB [ls][pso]  snr=+12.0dB [ls][pso]  snr=+14.0dB [ls][pso]  snr=+16.0dB [ls][pso]  snr=+18.0dB [ls][pso]  snr=+20.0dB [ls][pso]Done (65.82s)
Estimator batch 70/2000 (active points 18/22) ...   snr=+2.0dB [pso]  snr=+4.0dB [pso]  snr=+6.0dB [ls][pso]  snr=+8.0dB [ls][pso]  snr=+10.0dB [ls][pso]  snr=+12.0dB [ls][pso]  snr=+14.0dB [ls][pso]  snr=+16.0dB [ls][pso]  snr=+18.0dB [ls][pso]  snr=+20.0dB [ls][pso]Done (62.84s)
Estimator batch 71/2000 (active points 18/22) ...   snr=+2.0dB [pso]  snr=+4.0dB [pso]  snr=+6.0dB [ls][pso]  snr=+8.0dB [ls][pso]  snr=+10.0dB [ls][pso]  snr=+12.0dB [ls][pso]  snr=+14.0dB [ls][pso]  snr=+16.0dB [ls][pso]  snr=+18.0dB [ls][pso]  snr=+20.0dB [ls][pso]Done (63.05s)
Estimator batch 72/2000 (active points 18/22) ...   snr=+2.0dB [pso]  snr=+4.0dB [pso]  snr=+6.0dB [ls][pso]  snr=+8.0dB [ls][pso]  snr=+10.0dB [ls][pso]  snr=+12.0dB [ls][pso]  snr=+14.0dB [ls][pso]  snr=+16.0dB [ls][pso]  snr=+18.0dB [ls][pso]  snr=+20.0dB [ls][pso]Done (65.50s)
Estimator batch 73/2000 (active points 18/22) ...   snr=+2.0dB [pso]  snr=+4.0dB [pso]  snr=+6.0dB [ls][pso]  snr=+8.0dB [ls][pso]  snr=+10.0dB [ls][pso]  snr=+12.0dB [ls][pso]  snr=+14.0dB [ls][pso]  snr=+16.0dB [ls][pso]  snr=+18.0dB [ls][pso]  snr=+20.0dB [ls][pso]Done (57.94s)
Estimator batch 74/2000 (active points 18/22) ...   snr=+2.0dB [pso]  snr=+4.0dB [pso]  snr=+6.0dB [ls][pso]  snr=+8.0dB [ls][pso]  snr=+10.0dB [ls][pso]  snr=+12.0dB [ls][pso]  snr=+14.0dB [ls][pso]  snr=+16.0dB [ls][pso]  snr=+18.0dB [ls][pso]  snr=+20.0dB [ls][pso]Done (61.51s)
Estimator batch 75/2000 (active points 18/22) ...   snr=+2.0dB [pso]  snr=+4.0dB [pso]  snr=+6.0dB [ls][pso]  snr=+8.0dB [ls][pso]  snr=+10.0dB [ls][pso]  snr=+12.0dB [ls][pso]  snr=+14.0dB [ls][pso]  snr=+16.0dB [ls][pso]  snr=+18.0dB [ls][pso]  snr=+20.0dB [ls][pso]Done (66.49s)
Estimator batch 76/2000 (active points 18/22) ...   snr=+2.0dB [pso]  snr=+4.0dB [pso]  snr=+6.0dB [ls][pso]  snr=+8.0dB [ls][pso]  snr=+10.0dB [ls][pso]  snr=+12.0dB [ls][pso]  snr=+14.0dB [ls][pso]  snr=+16.0dB [ls][pso]  snr=+18.0dB [ls][pso]  snr=+20.0dB [ls][pso]Done (63.55s)
Estimator batch 77/2000 (active points 18/22) ...   snr=+2.0dB [pso]  snr=+4.0dB [pso]  snr=+6.0dB [ls][pso]  snr=+8.0dB [ls][pso]  snr=+10.0dB [ls][pso]  snr=+12.0dB [ls][pso]  snr=+14.0dB [ls][pso]  snr=+16.0dB [ls][pso]  snr=+18.0dB [ls][pso]  snr=+20.0dB [ls][pso]Done (65.36s)
Estimator batch 78/2000 (active points 18/22) ...   snr=+2.0dB [pso]  snr=+4.0dB [pso]  snr=+6.0dB [ls][pso]  snr=+8.0dB [ls][pso]  snr=+10.0dB [ls][pso]  snr=+12.0dB [ls][pso]  snr=+14.0dB [ls][pso]  snr=+16.0dB [ls][pso]  snr=+18.0dB [ls][pso]  snr=+20.0dB [ls][pso]Done (68.19s)
Estimator batch 79/2000 (active points 18/22) ...   snr=+2.0dB [pso]  snr=+4.0dB [pso]  snr=+6.0dB [ls][pso]  snr=+8.0dB [ls][pso]  snr=+10.0dB [ls][pso]  snr=+12.0dB [ls][pso]  snr=+14.0dB [ls][pso]  snr=+16.0dB [ls][pso]  snr=+18.0dB [ls][pso]  snr=+20.0dB [ls][pso]Done (59.53s)
Estimator batch 80/2000 (active points 18/22) ...   snr=+2.0dB [pso]  snr=+4.0dB [pso]  snr=+6.0dB [ls][pso]  snr=+8.0dB [ls][pso]  snr=+10.0dB [ls][pso]  snr=+12.0dB [ls][pso]  snr=+14.0dB [ls][pso]  snr=+16.0dB [ls][pso]  snr=+18.0dB [ls][pso]  snr=+20.0dB [ls][pso]Done (65.28s)
Estimator batch 81/2000 (active points 18/22) ...   snr=+2.0dB [pso]  snr=+4.0dB [pso]  snr=+6.0dB [ls][pso]  snr=+8.0dB [ls][pso]  snr=+10.0dB [ls][pso]  snr=+12.0dB [ls][pso]  snr=+14.0dB [ls][pso]  snr=+16.0dB [ls][pso]  snr=+18.0dB [ls][pso]  snr=+20.0dB [ls][pso]Done (63.94s)
Estimator batch 82/2000 (active points 17/22) ...   snr=+4.0dB [pso]  snr=+6.0dB [ls][pso]  snr=+8.0dB [ls][pso]  snr=+10.0dB [ls][pso]  snr=+12.0dB [ls][pso]  snr=+14.0dB [ls][pso]  snr=+16.0dB [ls][pso]  snr=+18.0dB [ls][pso]  snr=+20.0dB [ls][pso]Done (58.18s)
Estimator batch 83/2000 (active points 17/22) ...   snr=+4.0dB [pso]  snr=+6.0dB [ls][pso]  snr=+8.0dB [ls][pso]  snr=+10.0dB [ls][pso]  snr=+12.0dB [ls][pso]  snr=+14.0dB [ls][pso]  snr=+16.0dB [ls][pso]  snr=+18.0dB [ls][pso]  snr=+20.0dB [ls][pso]Done (53.51s)
Estimator batch 84/2000 (active points 17/22) ...   snr=+4.0dB [pso]  snr=+6.0dB [ls][pso]  snr=+8.0dB [ls][pso]  snr=+10.0dB [ls][pso]  snr=+12.0dB [ls][pso]  snr=+14.0dB [ls][pso]  snr=+16.0dB [ls][pso]  snr=+18.0dB [ls][pso]  snr=+20.0dB [ls][pso]Done (54.13s)
Estimator batch 85/2000 (active points 17/22) ...   snr=+4.0dB [pso]  snr=+6.0dB [ls][pso]  snr=+8.0dB [ls][pso]  snr=+10.0dB [ls][pso]  snr=+12.0dB [ls][pso]  snr=+14.0dB [ls][pso]  snr=+16.0dB [ls][pso]  snr=+18.0dB [ls][pso]  snr=+20.0dB [ls][pso]Done (63.19s)
Estimator batch 86/2000 (active points 17/22) ...   snr=+4.0dB [pso]  snr=+6.0dB [ls][pso]  snr=+8.0dB [ls][pso]  snr=+10.0dB [ls][pso]  snr=+12.0dB [ls][pso]  snr=+14.0dB [ls][pso]  snr=+16.0dB [ls][pso]  snr=+18.0dB [ls][pso]  snr=+20.0dB [ls][pso]Done (62.90s)
Estimator batch 87/2000 (active points 17/22) ...   snr=+4.0dB [pso]  snr=+6.0dB [ls][pso]  snr=+8.0dB [ls][pso]  snr=+10.0dB [ls][pso]  snr=+12.0dB [ls][pso]  snr=+14.0dB [ls][pso]  snr=+16.0dB [ls][pso]  snr=+18.0dB [ls][pso]  snr=+20.0dB [ls][pso]Done (58.49s)
Estimator batch 88/2000 (active points 17/22) ...   snr=+4.0dB [pso]  snr=+6.0dB [ls][pso]  snr=+8.0dB [ls][pso]  snr=+10.0dB [ls][pso]  snr=+12.0dB [ls][pso]  snr=+14.0dB [ls][pso]  snr=+16.0dB [ls][pso]  snr=+18.0dB [ls][pso]  snr=+20.0dB [ls][pso]Done (55.45s)
Estimator batch 89/2000 (active points 17/22) ...   snr=+4.0dB [pso]  snr=+6.0dB [ls][pso]  snr=+8.0dB [ls][pso]  snr=+10.0dB [ls][pso]  snr=+12.0dB [ls][pso]  snr=+14.0dB [ls][pso]  snr=+16.0dB [ls][pso]  snr=+18.0dB [ls][pso]  snr=+20.0dB [ls][pso]Done (63.20s)
Estimator batch 90/2000 (active points 17/22) ...   snr=+4.0dB [pso]  snr=+6.0dB [ls][pso]  snr=+8.0dB [ls][pso]  snr=+10.0dB [ls][pso]  snr=+12.0dB [ls][pso]  snr=+14.0dB [ls][pso]  snr=+16.0dB [ls][pso]  snr=+18.0dB [ls][pso]  snr=+20.0dB [ls][pso]Done (60.37s)
Estimator batch 91/2000 (active points 17/22) ...   snr=+4.0dB [pso]  snr=+6.0dB [ls][pso]  snr=+8.0dB [ls][pso]  snr=+10.0dB [ls][pso]  snr=+12.0dB [ls][pso]  snr=+14.0dB [ls][pso]  snr=+16.0dB [ls][pso]  snr=+18.0dB [ls][pso]  snr=+20.0dB [ls][pso]Done (57.62s)
Estimator batch 92/2000 (active points 17/22) ...   snr=+4.0dB [pso]  snr=+6.0dB [ls][pso]  snr=+8.0dB [ls][pso]  snr=+10.0dB [ls][pso]  snr=+12.0dB [ls][pso]  snr=+14.0dB [ls][pso]  snr=+16.0dB [ls][pso]  snr=+18.0dB [ls][pso]  snr=+20.0dB [ls][pso]Done (59.60s)
Estimator batch 93/2000 (active points 17/22) ...   snr=+4.0dB [pso]  snr=+6.0dB [ls][pso]  snr=+8.0dB [ls][pso]  snr=+10.0dB [ls][pso]  snr=+12.0dB [ls][pso]  snr=+14.0dB [ls][pso]  snr=+16.0dB [ls][pso]  snr=+18.0dB [ls][pso]  snr=+20.0dB [ls][pso]Done (72.03s)
Estimator batch 94/2000 (active points 17/22) ...   snr=+4.0dB [pso]  snr=+6.0dB [ls][pso]  snr=+8.0dB [ls][pso]  snr=+10.0dB [ls][pso]  snr=+12.0dB [ls][pso]  snr=+14.0dB [ls][pso]  snr=+16.0dB [ls][pso]  snr=+18.0dB [ls][pso]  snr=+20.0dB [ls][pso]Done (54.24s)
Estimator batch 95/2000 (active points 17/22) ...   snr=+4.0dB [pso]  snr=+6.0dB [ls][pso]  snr=+8.0dB [ls][pso]  snr=+10.0dB [ls][pso]  snr=+12.0dB [ls][pso]  snr=+14.0dB [ls][pso]  snr=+16.0dB [ls][pso]  snr=+18.0dB [ls][pso]  snr=+20.0dB [ls][pso]Done (63.30s)
Estimator batch 96/2000 (active points 17/22) ...   snr=+4.0dB [pso]  snr=+6.0dB [ls][pso]  snr=+8.0dB [ls][pso]  snr=+10.0dB [ls][pso]  snr=+12.0dB [ls][pso]  snr=+14.0dB [ls][pso]  snr=+16.0dB [ls][pso]  snr=+18.0dB [ls][pso]  snr=+20.0dB [ls][pso]Done (64.05s)
Estimator batch 97/2000 (active points 17/22) ...   snr=+4.0dB [pso]  snr=+6.0dB [ls][pso]  snr=+8.0dB [ls][pso]  snr=+10.0dB [ls][pso]  snr=+12.0dB [ls][pso]  snr=+14.0dB [ls][pso]  snr=+16.0dB [ls][pso]  snr=+18.0dB [ls][pso]  snr=+20.0dB [ls][pso]Done (54.51s)
Estimator batch 98/2000 (active points 17/22) ...   snr=+4.0dB [pso]  snr=+6.0dB [ls][pso]  snr=+8.0dB [ls][pso]  snr=+10.0dB [ls][pso]  snr=+12.0dB [ls][pso]  snr=+14.0dB [ls][pso]  snr=+16.0dB [ls][pso]  snr=+18.0dB [ls][pso]  snr=+20.0dB [ls][pso]Done (62.87s)
Estimator batch 99/2000 (active points 17/22) ...   snr=+4.0dB [pso]  snr=+6.0dB [ls][pso]  snr=+8.0dB [ls][pso]  snr=+10.0dB [ls][pso]  snr=+12.0dB [ls][pso]  snr=+14.0dB [ls][pso]  snr=+16.0dB [ls][pso]  snr=+18.0dB [ls][pso]  snr=+20.0dB [ls][pso]Done (62.31s)
Estimator batch 100/2000 (active points 17/22) ...   snr=+4.0dB [pso]  snr=+6.0dB [ls][pso]  snr=+8.0dB [ls][pso]  snr=+10.0dB [ls][pso]  snr=+12.0dB [ls][pso]  snr=+14.0dB [ls][pso]  snr=+16.0dB [ls][pso]  snr=+18.0dB [ls][pso]  snr=+20.0dB [ls][pso]Done (55.91s)
Estimator batch 101/2000 (active points 17/22) ...   snr=+4.0dB [pso]  snr=+6.0dB [ls][pso]  snr=+8.0dB [ls][pso]  snr=+10.0dB [ls][pso]  snr=+12.0dB [ls][pso]  snr=+14.0dB [ls][pso]  snr=+16.0dB [ls][pso]  snr=+18.0dB [ls][pso]  snr=+20.0dB [ls][pso]Done (62.61s)
Estimator batch 102/2000 (active points 17/22) ...   snr=+4.0dB [pso]  snr=+6.0dB [ls][pso]  snr=+8.0dB [ls][pso]  snr=+10.0dB [ls][pso]  snr=+12.0dB [ls][pso]  snr=+14.0dB [ls][pso]  snr=+16.0dB [ls][pso]  snr=+18.0dB [ls][pso]  snr=+20.0dB [ls][pso]Done (67.50s)
Estimator batch 103/2000 (active points 17/22) ...   snr=+4.0dB [pso]  snr=+6.0dB [ls][pso]  snr=+8.0dB [ls][pso]  snr=+10.0dB [ls][pso]  snr=+12.0dB [ls][pso]  snr=+14.0dB [ls][pso]  snr=+16.0dB [ls][pso]  snr=+18.0dB [ls][pso]  snr=+20.0dB [ls][pso]Done (57.14s)
Estimator batch 104/2000 (active points 17/22) ...   snr=+4.0dB [pso]  snr=+6.0dB [ls][pso]  snr=+8.0dB [ls][pso]  snr=+10.0dB [ls][pso]  snr=+12.0dB [ls][pso]  snr=+14.0dB [ls][pso]  snr=+16.0dB [ls][pso]  snr=+18.0dB [ls][pso]  snr=+20.0dB [ls][pso]Done (51.06s)
Estimator batch 105/2000 (active points 17/22) ...   snr=+4.0dB [pso]  snr=+6.0dB [ls][pso]  snr=+8.0dB [ls][pso]  snr=+10.0dB [ls][pso]  snr=+12.0dB [ls][pso]  snr=+14.0dB [ls][pso]  snr=+16.0dB [ls][pso]  snr=+18.0dB [ls][pso]  snr=+20.0dB [ls][pso]Done (56.02s)
Estimator batch 106/2000 (active points 17/22) ...   snr=+4.0dB [pso]  snr=+6.0dB [ls][pso]  snr=+8.0dB [ls][pso]  snr=+10.0dB [ls][pso]  snr=+12.0dB [ls][pso]  snr=+14.0dB [ls][pso]  snr=+16.0dB [ls][pso]  snr=+18.0dB [ls][pso]  snr=+20.0dB [ls][pso]Done (61.48s)
Estimator batch 107/2000 (active points 17/22) ...   snr=+4.0dB [pso]  snr=+6.0dB [ls][pso]  snr=+8.0dB [ls][pso]  snr=+10.0dB [ls][pso]  snr=+12.0dB [ls][pso]  snr=+14.0dB [ls][pso]  snr=+16.0dB [ls][pso]  snr=+18.0dB [ls][pso]  snr=+20.0dB [ls][pso]Done (56.37s)
Estimator batch 108/2000 (active points 17/22) ...   snr=+4.0dB [pso]  snr=+6.0dB [ls][pso]  snr=+8.0dB [ls][pso]  snr=+10.0dB [ls][pso]  snr=+12.0dB [ls][pso]  snr=+14.0dB [ls][pso]  snr=+16.0dB [ls][pso]  snr=+18.0dB [ls][pso]  snr=+20.0dB [ls][pso]Done (58.75s)
Estimator batch 109/2000 (active points 17/22) ...   snr=+4.0dB [pso]  snr=+6.0dB [ls][pso]  snr=+8.0dB [ls][pso]  snr=+10.0dB [ls][pso]  snr=+12.0dB [ls][pso]  snr=+14.0dB [ls][pso]  snr=+16.0dB [ls][pso]  snr=+18.0dB [ls][pso]  snr=+20.0dB [ls][pso]Done (60.32s)
Estimator batch 110/2000 (active points 17/22) ...   snr=+4.0dB [pso]  snr=+6.0dB [ls][pso]  snr=+8.0dB [ls][pso]  snr=+10.0dB [ls][pso]  snr=+12.0dB [ls][pso]  snr=+14.0dB [ls][pso]  snr=+16.0dB [ls][pso]  snr=+18.0dB [ls][pso]  snr=+20.0dB [ls][pso]Done (65.89s)
Estimator batch 111/2000 (active points 17/22) ...   snr=+4.0dB [pso]  snr=+6.0dB [ls][pso]  snr=+8.0dB [ls][pso]  snr=+10.0dB [ls][pso]  snr=+12.0dB [ls][pso]  snr=+14.0dB [ls][pso]  snr=+16.0dB [ls][pso]  snr=+18.0dB [ls][pso]  snr=+20.0dB [ls][pso]Done (57.81s)
Estimator batch 112/2000 (active points 17/22) ...   snr=+4.0dB [pso]  snr=+6.0dB [ls][pso]  snr=+8.0dB [ls][pso]  snr=+10.0dB [ls][pso]  snr=+12.0dB [ls][pso]  snr=+14.0dB [ls][pso]  snr=+16.0dB [ls][pso]  snr=+18.0dB [ls][pso]  snr=+20.0dB [ls][pso]Done (55.85s)
Estimator batch 113/2000 (active points 17/22) ...   snr=+4.0dB [pso]  snr=+6.0dB [ls][pso]  snr=+8.0dB [ls][pso]  snr=+10.0dB [ls][pso]  snr=+12.0dB [ls][pso]  snr=+14.0dB [ls][pso]  snr=+16.0dB [ls][pso]  snr=+18.0dB [ls][pso]  snr=+20.0dB [ls][pso]Done (52.59s)
Estimator batch 114/2000 (active points 17/22) ...   snr=+4.0dB [pso]  snr=+6.0dB [ls][pso]  snr=+8.0dB [ls][pso]  snr=+10.0dB [ls][pso]  snr=+12.0dB [ls][pso]  snr=+14.0dB [ls][pso]  snr=+16.0dB [ls][pso]  snr=+18.0dB [ls][pso]  snr=+20.0dB [ls][pso]Done (54.85s)
Estimator batch 115/2000 (active points 17/22) ...   snr=+4.0dB [pso]  snr=+6.0dB [ls][pso]  snr=+8.0dB [ls][pso]  snr=+10.0dB [ls][pso]  snr=+12.0dB [ls][pso]  snr=+14.0dB [ls][pso]  snr=+16.0dB [ls][pso]  snr=+18.0dB [ls][pso]  snr=+20.0dB [ls][pso]Done (57.48s)
Estimator batch 116/2000 (active points 17/22) ...   snr=+4.0dB [pso]  snr=+6.0dB [ls][pso]  snr=+8.0dB [ls][pso]  snr=+10.0dB [ls][pso]  snr=+12.0dB [ls][pso]  snr=+14.0dB [ls][pso]  snr=+16.0dB [ls][pso]  snr=+18.0dB [ls][pso]  snr=+20.0dB [ls][pso]Done (53.91s)
Estimator batch 117/2000 (active points 17/22) ...   snr=+4.0dB [pso]  snr=+6.0dB [ls][pso]  snr=+8.0dB [ls][pso]  snr=+10.0dB [ls][pso]  snr=+12.0dB [ls][pso]  snr=+14.0dB [ls][pso]  snr=+16.0dB [ls][pso]  snr=+18.0dB [ls][pso]  snr=+20.0dB [ls][pso]Done (62.75s)
Estimator batch 118/2000 (active points 17/22) ...   snr=+4.0dB [pso]  snr=+6.0dB [ls][pso]  snr=+8.0dB [ls][pso]  snr=+10.0dB [ls][pso]  snr=+12.0dB [ls][pso]  snr=+14.0dB [ls][pso]  snr=+16.0dB [ls][pso]  snr=+18.0dB [ls][pso]  snr=+20.0dB [ls][pso]Done (57.29s)
Estimator batch 119/2000 (active points 17/22) ...   snr=+4.0dB [pso]  snr=+6.0dB [ls][pso]  snr=+8.0dB [ls][pso]  snr=+10.0dB [ls][pso]  snr=+12.0dB [ls][pso]  snr=+14.0dB [ls][pso]  snr=+16.0dB [ls][pso]  snr=+18.0dB [ls][pso]  snr=+20.0dB [ls][pso]Done (55.54s)
Estimator batch 120/2000 (active points 17/22) ...   snr=+4.0dB [pso]  snr=+6.0dB [ls][pso]  snr=+8.0dB [ls][pso]  snr=+10.0dB [ls][pso]  snr=+12.0dB [ls][pso]  snr=+14.0dB [ls][pso]  snr=+16.0dB [ls][pso]  snr=+18.0dB [ls][pso]  snr=+20.0dB [ls][pso]Done (59.66s)
Estimator batch 121/2000 (active points 17/22) ...   snr=+4.0dB [pso]  snr=+6.0dB [ls][pso]  snr=+8.0dB [ls][pso]  snr=+10.0dB [ls][pso]  snr=+12.0dB [ls][pso]  snr=+14.0dB [ls][pso]  snr=+16.0dB [ls][pso]  snr=+18.0dB [ls][pso]  snr=+20.0dB [ls][pso]Done (59.92s)
Estimator batch 122/2000 (active points 17/22) ...   snr=+4.0dB [pso]  snr=+6.0dB [ls][pso]  snr=+8.0dB [ls][pso]  snr=+10.0dB [ls][pso]  snr=+12.0dB [ls][pso]  snr=+14.0dB [ls][pso]  snr=+16.0dB [ls][pso]  snr=+18.0dB [ls][pso]  snr=+20.0dB [ls][pso]Done (55.09s)
Estimator batch 123/2000 (active points 17/22) ...   snr=+4.0dB [pso]  snr=+6.0dB [ls][pso]  snr=+8.0dB [ls][pso]  snr=+10.0dB [ls][pso]  snr=+12.0dB [ls][pso]  snr=+14.0dB [ls][pso]  snr=+16.0dB [ls][pso]  snr=+18.0dB [ls][pso]  snr=+20.0dB [ls][pso]Done (54.63s)
Estimator batch 124/2000 (active points 17/22) ...   snr=+4.0dB [pso]  snr=+6.0dB [ls][pso]  snr=+8.0dB [ls][pso]  snr=+10.0dB [ls][pso]  snr=+12.0dB [ls][pso]  snr=+14.0dB [ls][pso]  snr=+16.0dB [ls][pso]  snr=+18.0dB [ls][pso]  snr=+20.0dB [ls][pso]Done (58.59s)
Estimator batch 125/2000 (active points 17/22) ...   snr=+4.0dB [pso]  snr=+6.0dB [ls][pso]  snr=+8.0dB [ls][pso]  snr=+10.0dB [ls][pso]  snr=+12.0dB [ls][pso]  snr=+14.0dB [ls][pso]  snr=+16.0dB [ls][pso]  snr=+18.0dB [ls][pso]  snr=+20.0dB [ls][pso]Done (57.27s)
Estimator batch 126/2000 (active points 17/22) ...   snr=+4.0dB [pso]  snr=+6.0dB [ls][pso]  snr=+8.0dB [ls][pso]  snr=+10.0dB [ls][pso]  snr=+12.0dB [ls][pso]  snr=+14.0dB [ls][pso]  snr=+16.0dB [ls][pso]  snr=+18.0dB [ls][pso]  snr=+20.0dB [ls][pso]Done (57.47s)
Estimator batch 127/2000 (active points 17/22) ...   snr=+4.0dB [pso]  snr=+6.0dB [ls][pso]  snr=+8.0dB [ls][pso]  snr=+10.0dB [ls][pso]  snr=+12.0dB [ls][pso]  snr=+14.0dB [ls][pso]  snr=+16.0dB [ls][pso]  snr=+18.0dB [ls][pso]  snr=+20.0dB [ls][pso]Done (54.81s)
Estimator batch 128/2000 (active points 17/22) ...   snr=+4.0dB [pso]  snr=+6.0dB [ls][pso]  snr=+8.0dB [ls][pso]  snr=+10.0dB [ls][pso]  snr=+12.0dB [ls][pso]  snr=+14.0dB [ls][pso]  snr=+16.0dB [ls][pso]  snr=+18.0dB [ls][pso]  snr=+20.0dB [ls][pso]Done (55.61s)
Estimator batch 129/2000 (active points 17/22) ...   snr=+4.0dB [pso]  snr=+6.0dB [ls][pso]  snr=+8.0dB [ls][pso]  snr=+10.0dB [ls][pso]  snr=+12.0dB [ls][pso]  snr=+14.0dB [ls][pso]  snr=+16.0dB [ls][pso]  snr=+18.0dB [ls][pso]  snr=+20.0dB [ls][pso]Done (59.18s)
Estimator batch 130/2000 (active points 17/22) ...   snr=+4.0dB [pso]  snr=+6.0dB [ls][pso]  snr=+8.0dB [ls][pso]  snr=+10.0dB [ls][pso]  snr=+12.0dB [ls][pso]  snr=+14.0dB [ls][pso]  snr=+16.0dB [ls][pso]  snr=+18.0dB [ls][pso]  snr=+20.0dB [ls][pso]Done (59.66s)
Estimator batch 131/2000 (active points 17/22) ...   snr=+4.0dB [pso]  snr=+6.0dB [ls][pso]  snr=+8.0dB [ls][pso]  snr=+10.0dB [ls][pso]  snr=+12.0dB [ls][pso]  snr=+14.0dB [ls][pso]  snr=+16.0dB [ls][pso]  snr=+18.0dB [ls][pso]  snr=+20.0dB [ls][pso]Done (54.82s)
Estimator batch 132/2000 (active points 17/22) ...   snr=+4.0dB [pso]  snr=+6.0dB [ls][pso]  snr=+8.0dB [ls][pso]  snr=+10.0dB [ls][pso]  snr=+12.0dB [ls][pso]  snr=+14.0dB [ls][pso]  snr=+16.0dB [ls][pso]  snr=+18.0dB [ls][pso]  snr=+20.0dB [ls][pso]Done (57.91s)
Estimator batch 133/2000 (active points 17/22) ...   snr=+4.0dB [pso]  snr=+6.0dB [ls][pso]  snr=+8.0dB [ls][pso]  snr=+10.0dB [ls][pso]  snr=+12.0dB [ls][pso]  snr=+14.0dB [ls][pso]  snr=+16.0dB [ls][pso]  snr=+18.0dB [ls][pso]  snr=+20.0dB [ls][pso]Done (54.50s)
Estimator batch 134/2000 (active points 17/22) ...   snr=+4.0dB [pso]  snr=+6.0dB [ls][pso]  snr=+8.0dB [ls][pso]  snr=+10.0dB [ls][pso]  snr=+12.0dB [ls][pso]  snr=+14.0dB [ls][pso]  snr=+16.0dB [ls][pso]  snr=+18.0dB [ls][pso]  snr=+20.0dB [ls][pso]Done (61.52s)
Estimator batch 135/2000 (active points 17/22) ...   snr=+4.0dB [pso]  snr=+6.0dB [ls][pso]  snr=+8.0dB [ls][pso]  snr=+10.0dB [ls][pso]  snr=+12.0dB [ls][pso]  snr=+14.0dB [ls][pso]  snr=+16.0dB [ls][pso]  snr=+18.0dB [ls][pso]  snr=+20.0dB [ls][pso]Done (54.16s)
Estimator batch 136/2000 (active points 17/22) ...   snr=+4.0dB [pso]  snr=+6.0dB [ls][pso]  snr=+8.0dB [ls][pso]  snr=+10.0dB [ls][pso]  snr=+12.0dB [ls][pso]  snr=+14.0dB [ls][pso]  snr=+16.0dB [ls][pso]  snr=+18.0dB [ls][pso]  snr=+20.0dB [ls][pso]Done (57.56s)
Estimator batch 137/2000 (active points 17/22) ...   snr=+4.0dB [pso]  snr=+6.0dB [ls][pso]  snr=+8.0dB [ls][pso]  snr=+10.0dB [ls][pso]  snr=+12.0dB [ls][pso]  snr=+14.0dB [ls][pso]  snr=+16.0dB [ls][pso]  snr=+18.0dB [ls][pso]  snr=+20.0dB [ls][pso]Done (58.00s)
Estimator batch 138/2000 (active points 17/22) ...   snr=+4.0dB [pso]  snr=+6.0dB [ls][pso]  snr=+8.0dB [ls][pso]  snr=+10.0dB [ls][pso]  snr=+12.0dB [ls][pso]  snr=+14.0dB [ls][pso]  snr=+16.0dB [ls][pso]  snr=+18.0dB [ls][pso]  snr=+20.0dB [ls][pso]Done (56.04s)
Estimator batch 139/2000 (active points 17/22) ...   snr=+4.0dB [pso]  snr=+6.0dB [ls][pso]  snr=+8.0dB [ls][pso]  snr=+10.0dB [ls][pso]  snr=+12.0dB [ls][pso]  snr=+14.0dB [ls][pso]  snr=+16.0dB [ls][pso]  snr=+18.0dB [ls][pso]  snr=+20.0dB [ls][pso]Done (60.07s)
Estimator batch 140/2000 (active points 17/22) ...   snr=+4.0dB [pso]  snr=+6.0dB [ls][pso]  snr=+8.0dB [ls][pso]  snr=+10.0dB [ls][pso]  snr=+12.0dB [ls][pso]  snr=+14.0dB [ls][pso]  snr=+16.0dB [ls][pso]  snr=+18.0dB [ls][pso]  snr=+20.0dB [ls][pso]Done (57.75s)
Estimator batch 141/2000 (active points 17/22) ...   snr=+4.0dB [pso]  snr=+6.0dB [ls][pso]  snr=+8.0dB [ls][pso]  snr=+10.0dB [ls][pso]  snr=+12.0dB [ls][pso]  snr=+14.0dB [ls][pso]  snr=+16.0dB [ls][pso]  snr=+18.0dB [ls][pso]  snr=+20.0dB [ls][pso]Done (51.20s)
Estimator batch 142/2000 (active points 17/22) ...   snr=+4.0dB [pso]  snr=+6.0dB [ls][pso]  snr=+8.0dB [ls][pso]  snr=+10.0dB [ls][pso]  snr=+12.0dB [ls][pso]  snr=+14.0dB [ls][pso]  snr=+16.0dB [ls][pso]  snr=+18.0dB [ls][pso]  snr=+20.0dB [ls][pso]Done (51.68s)
Estimator batch 143/2000 (active points 17/22) ...   snr=+4.0dB [pso]  snr=+6.0dB [ls][pso]  snr=+8.0dB [ls][pso]  snr=+10.0dB [ls][pso]  snr=+12.0dB [ls][pso]  snr=+14.0dB [ls][pso]  snr=+16.0dB [ls][pso]  snr=+18.0dB [ls][pso]  snr=+20.0dB [ls][pso]Done (51.79s)
Estimator batch 144/2000 (active points 17/22) ...   snr=+4.0dB [pso]  snr=+6.0dB [ls][pso]  snr=+8.0dB [ls][pso]  snr=+10.0dB [ls][pso]  snr=+12.0dB [ls][pso]  snr=+14.0dB [ls][pso]  snr=+16.0dB [ls][pso]  snr=+18.0dB [ls][pso]  snr=+20.0dB [ls][pso]Done (55.22s)
Estimator batch 145/2000 (active points 17/22) ...   snr=+4.0dB [pso]  snr=+6.0dB [ls][pso]  snr=+8.0dB [ls][pso]  snr=+10.0dB [ls][pso]  snr=+12.0dB [ls][pso]  snr=+14.0dB [ls][pso]  snr=+16.0dB [ls][pso]  snr=+18.0dB [ls][pso]  snr=+20.0dB [ls][pso]Done (55.97s)
Estimator batch 146/2000 (active points 16/22) ...   snr=+4.0dB [pso]  snr=+6.0dB [ls][pso]  snr=+8.0dB [ls][pso]  snr=+10.0dB [ls][pso]  snr=+12.0dB [ls][pso]  snr=+14.0dB [ls][pso]  snr=+16.0dB [ls][pso]  snr=+18.0dB [pso]  snr=+20.0dB [ls][pso]Done (55.44s)
Estimator batch 147/2000 (active points 16/22) ...   snr=+4.0dB [pso]  snr=+6.0dB [ls][pso]  snr=+8.0dB [ls][pso]  snr=+10.0dB [ls][pso]  snr=+12.0dB [ls][pso]  snr=+14.0dB [ls][pso]  snr=+16.0dB [ls][pso]  snr=+18.0dB [pso]  snr=+20.0dB [ls][pso]Done (52.97s)
Estimator batch 148/2000 (active points 16/22) ...   snr=+4.0dB [pso]  snr=+6.0dB [ls][pso]  snr=+8.0dB [ls][pso]  snr=+10.0dB [ls][pso]  snr=+12.0dB [ls][pso]  snr=+14.0dB [ls][pso]  snr=+16.0dB [ls][pso]  snr=+18.0dB [pso]  snr=+20.0dB [ls][pso]Done (55.55s)
Estimator batch 149/2000 (active points 16/22) ...   snr=+4.0dB [pso]  snr=+6.0dB [ls][pso]  snr=+8.0dB [ls][pso]  snr=+10.0dB [ls][pso]  snr=+12.0dB [ls][pso]  snr=+14.0dB [ls][pso]  snr=+16.0dB [ls][pso]  snr=+18.0dB [pso]  snr=+20.0dB [ls][pso]Done (58.44s)
Estimator batch 150/2000 (active points 15/22) ...   snr=+4.0dB [pso]  snr=+6.0dB [pso]  snr=+8.0dB [ls][pso]  snr=+10.0dB [ls][pso]  snr=+12.0dB [ls][pso]  snr=+14.0dB [ls][pso]  snr=+16.0dB [ls][pso]  snr=+18.0dB [pso]  snr=+20.0dB [ls][pso]Done (54.21s)
Estimator batch 151/2000 (active points 15/22) ...   snr=+4.0dB [pso]  snr=+6.0dB [pso]  snr=+8.0dB [ls][pso]  snr=+10.0dB [ls][pso]  snr=+12.0dB [ls][pso]  snr=+14.0dB [ls][pso]  snr=+16.0dB [ls][pso]  snr=+18.0dB [pso]  snr=+20.0dB [ls][pso]Done (55.90s)
Estimator batch 152/2000 (active points 15/22) ...   snr=+4.0dB [pso]  snr=+6.0dB [pso]  snr=+8.0dB [ls][pso]  snr=+10.0dB [ls][pso]  snr=+12.0dB [ls][pso]  snr=+14.0dB [ls][pso]  snr=+16.0dB [ls][pso]  snr=+18.0dB [pso]  snr=+20.0dB [ls][pso]Done (53.24s)
Estimator batch 153/2000 (active points 15/22) ...   snr=+4.0dB [pso]  snr=+6.0dB [pso]  snr=+8.0dB [ls][pso]  snr=+10.0dB [ls][pso]  snr=+12.0dB [ls][pso]  snr=+14.0dB [ls][pso]  snr=+16.0dB [ls][pso]  snr=+18.0dB [pso]  snr=+20.0dB [ls][pso]Done (45.54s)
Estimator batch 154/2000 (active points 15/22) ...   snr=+4.0dB [pso]  snr=+6.0dB [pso]  snr=+8.0dB [ls][pso]  snr=+10.0dB [ls][pso]  snr=+12.0dB [ls][pso]  snr=+14.0dB [ls][pso]  snr=+16.0dB [ls][pso]  snr=+18.0dB [pso]  snr=+20.0dB [ls][pso]Done (53.90s)
Estimator batch 155/2000 (active points 15/22) ...   snr=+4.0dB [pso]  snr=+6.0dB [pso]  snr=+8.0dB [ls][pso]  snr=+10.0dB [ls][pso]  snr=+12.0dB [ls][pso]  snr=+14.0dB [ls][pso]  snr=+16.0dB [ls][pso]  snr=+18.0dB [pso]  snr=+20.0dB [ls][pso]Done (57.18s)
Estimator batch 156/2000 (active points 15/22) ...   snr=+4.0dB [pso]  snr=+6.0dB [pso]  snr=+8.0dB [ls][pso]  snr=+10.0dB [ls][pso]  snr=+12.0dB [ls][pso]  snr=+14.0dB [ls][pso]  snr=+16.0dB [ls][pso]  snr=+18.0dB [pso]  snr=+20.0dB [ls][pso]Done (57.58s)
Estimator batch 157/2000 (active points 15/22) ...   snr=+4.0dB [pso]  snr=+6.0dB [pso]  snr=+8.0dB [ls][pso]  snr=+10.0dB [ls][pso]  snr=+12.0dB [ls][pso]  snr=+14.0dB [ls][pso]  snr=+16.0dB [ls][pso]  snr=+18.0dB [pso]  snr=+20.0dB [ls][pso]Done (60.78s)
Estimator batch 158/2000 (active points 15/22) ...   snr=+4.0dB [pso]  snr=+6.0dB [pso]  snr=+8.0dB [ls][pso]  snr=+10.0dB [ls][pso]  snr=+12.0dB [ls][pso]  snr=+14.0dB [ls][pso]  snr=+16.0dB [ls][pso]  snr=+18.0dB [pso]  snr=+20.0dB [ls][pso]Done (54.01s)
Estimator batch 159/2000 (active points 15/22) ...   snr=+4.0dB [pso]  snr=+6.0dB [pso]  snr=+8.0dB [ls][pso]  snr=+10.0dB [ls][pso]  snr=+12.0dB [ls][pso]  snr=+14.0dB [ls][pso]  snr=+16.0dB [ls][pso]  snr=+18.0dB [pso]  snr=+20.0dB [ls][pso]Done (61.61s)
Estimator batch 160/2000 (active points 15/22) ...   snr=+4.0dB [pso]  snr=+6.0dB [pso]  snr=+8.0dB [ls][pso]  snr=+10.0dB [ls][pso]  snr=+12.0dB [ls][pso]  snr=+14.0dB [ls][pso]  snr=+16.0dB [ls][pso]  snr=+18.0dB [pso]  snr=+20.0dB [ls][pso]Done (56.23s)
Estimator batch 161/2000 (active points 15/22) ...   snr=+4.0dB [pso]  snr=+6.0dB [pso]  snr=+8.0dB [ls][pso]  snr=+10.0dB [ls][pso]  snr=+12.0dB [ls][pso]  snr=+14.0dB [ls][pso]  snr=+16.0dB [ls][pso]  snr=+18.0dB [pso]  snr=+20.0dB [ls][pso]Done (59.66s)
Estimator batch 162/2000 (active points 15/22) ...   snr=+4.0dB [pso]  snr=+6.0dB [pso]  snr=+8.0dB [ls][pso]  snr=+10.0dB [ls][pso]  snr=+12.0dB [ls][pso]  snr=+14.0dB [ls][pso]  snr=+16.0dB [ls][pso]  snr=+18.0dB [pso]  snr=+20.0dB [ls][pso]Done (58.08s)
Estimator batch 163/2000 (active points 15/22) ...   snr=+4.0dB [pso]  snr=+6.0dB [pso]  snr=+8.0dB [ls][pso]  snr=+10.0dB [ls][pso]  snr=+12.0dB [ls][pso]  snr=+14.0dB [ls][pso]  snr=+16.0dB [ls][pso]  snr=+18.0dB [pso]  snr=+20.0dB [ls][pso]Done (57.73s)
Estimator batch 164/2000 (active points 15/22) ...   snr=+4.0dB [pso]  snr=+6.0dB [pso]  snr=+8.0dB [ls][pso]  snr=+10.0dB [ls][pso]  snr=+12.0dB [ls][pso]  snr=+14.0dB [ls][pso]  snr=+16.0dB [ls][pso]  snr=+18.0dB [pso]  snr=+20.0dB [ls][pso]Done (53.13s)
Estimator batch 165/2000 (active points 14/22) ...   snr=+4.0dB [pso]  snr=+6.0dB [pso]  snr=+8.0dB [ls][pso]  snr=+10.0dB [ls][pso]  snr=+12.0dB [ls][pso]  snr=+14.0dB [ls][pso]  snr=+16.0dB [ls][pso]  snr=+18.0dB [pso]  snr=+20.0dB [pso]Done (53.68s)
Estimator batch 166/2000 (active points 14/22) ...   snr=+4.0dB [pso]  snr=+6.0dB [pso]  snr=+8.0dB [ls][pso]  snr=+10.0dB [ls][pso]  snr=+12.0dB [ls][pso]  snr=+14.0dB [ls][pso]  snr=+16.0dB [ls][pso]  snr=+18.0dB [pso]  snr=+20.0dB [pso]Done (54.15s)
Estimator batch 167/2000 (active points 14/22) ...   snr=+4.0dB [pso]  snr=+6.0dB [pso]  snr=+8.0dB [ls][pso]  snr=+10.0dB [ls][pso]  snr=+12.0dB [ls][pso]  snr=+14.0dB [ls][pso]  snr=+16.0dB [ls][pso]  snr=+18.0dB [pso]  snr=+20.0dB [pso]Done (60.95s)
Estimator batch 168/2000 (active points 14/22) ...   snr=+4.0dB [pso]  snr=+6.0dB [pso]  snr=+8.0dB [ls][pso]  snr=+10.0dB [ls][pso]  snr=+12.0dB [ls][pso]  snr=+14.0dB [ls][pso]  snr=+16.0dB [ls][pso]  snr=+18.0dB [pso]  snr=+20.0dB [pso]Done (59.37s)
Estimator batch 169/2000 (active points 14/22) ...   snr=+4.0dB [pso]  snr=+6.0dB [pso]  snr=+8.0dB [ls][pso]  snr=+10.0dB [ls][pso]  snr=+12.0dB [ls][pso]  snr=+14.0dB [ls][pso]  snr=+16.0dB [ls][pso]  snr=+18.0dB [pso]  snr=+20.0dB [pso]Done (63.49s)
Estimator batch 170/2000 (active points 14/22) ...   snr=+4.0dB [pso]  snr=+6.0dB [pso]  snr=+8.0dB [ls][pso]  snr=+10.0dB [ls][pso]  snr=+12.0dB [ls][pso]  snr=+14.0dB [ls][pso]  snr=+16.0dB [ls][pso]  snr=+18.0dB [pso]  snr=+20.0dB [pso]Done (56.84s)
Estimator batch 171/2000 (active points 14/22) ...   snr=+4.0dB [pso]  snr=+6.0dB [pso]  snr=+8.0dB [ls][pso]  snr=+10.0dB [ls][pso]  snr=+12.0dB [ls][pso]  snr=+14.0dB [ls][pso]  snr=+16.0dB [ls][pso]  snr=+18.0dB [pso]  snr=+20.0dB [pso]Done (50.84s)
Estimator batch 172/2000 (active points 14/22) ...   snr=+4.0dB [pso]  snr=+6.0dB [pso]  snr=+8.0dB [ls][pso]  snr=+10.0dB [ls][pso]  snr=+12.0dB [ls][pso]  snr=+14.0dB [ls][pso]  snr=+16.0dB [ls][pso]  snr=+18.0dB [pso]  snr=+20.0dB [pso]Done (53.74s)
Estimator batch 173/2000 (active points 14/22) ...   snr=+4.0dB [pso]  snr=+6.0dB [pso]  snr=+8.0dB [ls][pso]  snr=+10.0dB [ls][pso]  snr=+12.0dB [ls][pso]  snr=+14.0dB [ls][pso]  snr=+16.0dB [ls][pso]  snr=+18.0dB [pso]  snr=+20.0dB [pso]Done (57.49s)
Estimator batch 174/2000 (active points 14/22) ...   snr=+4.0dB [pso]  snr=+6.0dB [pso]  snr=+8.0dB [ls][pso]  snr=+10.0dB [ls][pso]  snr=+12.0dB [ls][pso]  snr=+14.0dB [ls][pso]  snr=+16.0dB [ls][pso]  snr=+18.0dB [pso]  snr=+20.0dB [pso]Done (54.56s)
Estimator batch 175/2000 (active points 14/22) ...   snr=+4.0dB [pso]  snr=+6.0dB [pso]  snr=+8.0dB [ls][pso]  snr=+10.0dB [ls][pso]  snr=+12.0dB [ls][pso]  snr=+14.0dB [ls][pso]  snr=+16.0dB [ls][pso]  snr=+18.0dB [pso]  snr=+20.0dB [pso]Done (57.05s)
Estimator batch 176/2000 (active points 14/22) ...   snr=+4.0dB [pso]  snr=+6.0dB [pso]  snr=+8.0dB [ls][pso]  snr=+10.0dB [ls][pso]  snr=+12.0dB [ls][pso]  snr=+14.0dB [ls][pso]  snr=+16.0dB [ls][pso]  snr=+18.0dB [pso]  snr=+20.0dB [pso]Done (57.34s)
Estimator batch 177/2000 (active points 14/22) ...   snr=+4.0dB [pso]  snr=+6.0dB [pso]  snr=+8.0dB [ls][pso]  snr=+10.0dB [ls][pso]  snr=+12.0dB [ls][pso]  snr=+14.0dB [ls][pso]  snr=+16.0dB [ls][pso]  snr=+18.0dB [pso]  snr=+20.0dB [pso]Done (55.88s)
Estimator batch 178/2000 (active points 14/22) ...   snr=+4.0dB [pso]  snr=+6.0dB [pso]  snr=+8.0dB [ls][pso]  snr=+10.0dB [ls][pso]  snr=+12.0dB [ls][pso]  snr=+14.0dB [ls][pso]  snr=+16.0dB [ls][pso]  snr=+18.0dB [pso]  snr=+20.0dB [pso]Done (57.27s)
Estimator batch 179/2000 (active points 14/22) ...   snr=+4.0dB [pso]  snr=+6.0dB [pso]  snr=+8.0dB [ls][pso]  snr=+10.0dB [ls][pso]  snr=+12.0dB [ls][pso]  snr=+14.0dB [ls][pso]  snr=+16.0dB [ls][pso]  snr=+18.0dB [pso]  snr=+20.0dB [pso]Done (56.84s)
Estimator batch 180/2000 (active points 13/22) ...   snr=+4.0dB [pso]  snr=+6.0dB [pso]  snr=+8.0dB [ls][pso]  snr=+10.0dB [ls][pso]  snr=+12.0dB [ls][pso]  snr=+14.0dB [ls][pso]  snr=+16.0dB [pso]  snr=+18.0dB [pso]  snr=+20.0dB [pso]Done (56.73s)
Estimator batch 181/2000 (active points 12/22) ...   snr=+4.0dB [pso]  snr=+6.0dB [pso]  snr=+8.0dB [ls][pso]  snr=+10.0dB [ls][pso]  snr=+12.0dB [pso]  snr=+14.0dB [ls][pso]  snr=+16.0dB [pso]  snr=+18.0dB [pso]  snr=+20.0dB [pso]Done (63.75s)
Estimator batch 182/2000 (active points 12/22) ...   snr=+4.0dB [pso]  snr=+6.0dB [pso]  snr=+8.0dB [ls][pso]  snr=+10.0dB [ls][pso]  snr=+12.0dB [pso]  snr=+14.0dB [ls][pso]  snr=+16.0dB [pso]  snr=+18.0dB [pso]  snr=+20.0dB [pso]Done (54.94s)
Estimator batch 183/2000 (active points 12/22) ...   snr=+4.0dB [pso]  snr=+6.0dB [pso]  snr=+8.0dB [ls][pso]  snr=+10.0dB [ls][pso]  snr=+12.0dB [pso]  snr=+14.0dB [ls][pso]  snr=+16.0dB [pso]  snr=+18.0dB [pso]  snr=+20.0dB [pso]Done (59.18s)
Estimator batch 184/2000 (active points 12/22) ...   snr=+4.0dB [pso]  snr=+6.0dB [pso]  snr=+8.0dB [ls][pso]  snr=+10.0dB [ls][pso]  snr=+12.0dB [pso]  snr=+14.0dB [ls][pso]  snr=+16.0dB [pso]  snr=+18.0dB [pso]  snr=+20.0dB [pso]Done (59.23s)
Estimator batch 185/2000 (active points 12/22) ...   snr=+4.0dB [pso]  snr=+6.0dB [pso]  snr=+8.0dB [ls][pso]  snr=+10.0dB [ls][pso]  snr=+12.0dB [pso]  snr=+14.0dB [ls][pso]  snr=+16.0dB [pso]  snr=+18.0dB [pso]  snr=+20.0dB [pso]Done (56.98s)
Estimator batch 186/2000 (active points 12/22) ...   snr=+4.0dB [pso]  snr=+6.0dB [pso]  snr=+8.0dB [ls][pso]  snr=+10.0dB [ls][pso]  snr=+12.0dB [pso]  snr=+14.0dB [ls][pso]  snr=+16.0dB [pso]  snr=+18.0dB [pso]  snr=+20.0dB [pso]Done (54.66s)
Estimator batch 187/2000 (active points 12/22) ...   snr=+4.0dB [pso]  snr=+6.0dB [pso]  snr=+8.0dB [ls][pso]  snr=+10.0dB [ls][pso]  snr=+12.0dB [pso]  snr=+14.0dB [ls][pso]  snr=+16.0dB [pso]  snr=+18.0dB [pso]  snr=+20.0dB [pso]Done (57.60s)
Estimator batch 188/2000 (active points 12/22) ...   snr=+4.0dB [pso]  snr=+6.0dB [pso]  snr=+8.0dB [ls][pso]  snr=+10.0dB [ls][pso]  snr=+12.0dB [pso]  snr=+14.0dB [ls][pso]  snr=+16.0dB [pso]  snr=+18.0dB [pso]  snr=+20.0dB [pso]Done (56.93s)
Estimator batch 189/2000 (active points 12/22) ...   snr=+4.0dB [pso]  snr=+6.0dB [pso]  snr=+8.0dB [ls][pso]  snr=+10.0dB [ls][pso]  snr=+12.0dB [pso]  snr=+14.0dB [ls][pso]  snr=+16.0dB [pso]  snr=+18.0dB [pso]  snr=+20.0dB [pso]Done (54.15s)
Estimator batch 190/2000 (active points 12/22) ...   snr=+4.0dB [pso]  snr=+6.0dB [pso]  snr=+8.0dB [ls][pso]  snr=+10.0dB [ls][pso]  snr=+12.0dB [pso]  snr=+14.0dB [ls][pso]  snr=+16.0dB [pso]  snr=+18.0dB [pso]  snr=+20.0dB [pso]Done (54.15s)
Estimator batch 191/2000 (active points 12/22) ...   snr=+4.0dB [pso]  snr=+6.0dB [pso]  snr=+8.0dB [ls][pso]  snr=+10.0dB [ls][pso]  snr=+12.0dB [pso]  snr=+14.0dB [ls][pso]  snr=+16.0dB [pso]  snr=+18.0dB [pso]  snr=+20.0dB [pso]Done (55.00s)
Estimator batch 192/2000 (active points 12/22) ...   snr=+4.0dB [pso]  snr=+6.0dB [pso]  snr=+8.0dB [ls][pso]  snr=+10.0dB [ls][pso]  snr=+12.0dB [pso]  snr=+14.0dB [ls][pso]  snr=+16.0dB [pso]  snr=+18.0dB [pso]  snr=+20.0dB [pso]Done (53.89s)
Estimator batch 193/2000 (active points 12/22) ...   snr=+4.0dB [pso]  snr=+6.0dB [pso]  snr=+8.0dB [ls][pso]  snr=+10.0dB [ls][pso]  snr=+12.0dB [pso]  snr=+14.0dB [ls][pso]  snr=+16.0dB [pso]  snr=+18.0dB [pso]  snr=+20.0dB [pso]Done (63.51s)
Estimator batch 194/2000 (active points 12/22) ...   snr=+4.0dB [pso]  snr=+6.0dB [pso]  snr=+8.0dB [ls][pso]  snr=+10.0dB [ls][pso]  snr=+12.0dB [pso]  snr=+14.0dB [ls][pso]  snr=+16.0dB [pso]  snr=+18.0dB [pso]  snr=+20.0dB [pso]Done (60.96s)
Estimator batch 195/2000 (active points 12/22) ...   snr=+4.0dB [pso]  snr=+6.0dB [pso]  snr=+8.0dB [ls][pso]  snr=+10.0dB [ls][pso]  snr=+12.0dB [pso]  snr=+14.0dB [ls][pso]  snr=+16.0dB [pso]  snr=+18.0dB [pso]  snr=+20.0dB [pso]Done (56.67s)
Estimator batch 196/2000 (active points 12/22) ...   snr=+4.0dB [pso]  snr=+6.0dB [pso]  snr=+8.0dB [ls][pso]  snr=+10.0dB [ls][pso]  snr=+12.0dB [pso]  snr=+14.0dB [ls][pso]  snr=+16.0dB [pso]  snr=+18.0dB [pso]  snr=+20.0dB [pso]Done (57.29s)
Estimator batch 197/2000 (active points 12/22) ...   snr=+4.0dB [pso]  snr=+6.0dB [pso]  snr=+8.0dB [ls][pso]  snr=+10.0dB [ls][pso]  snr=+12.0dB [pso]  snr=+14.0dB [ls][pso]  snr=+16.0dB [pso]  snr=+18.0dB [pso]  snr=+20.0dB [pso]Done (54.12s)
Estimator batch 198/2000 (active points 12/22) ...   snr=+4.0dB [pso]  snr=+6.0dB [pso]  snr=+8.0dB [ls][pso]  snr=+10.0dB [ls][pso]  snr=+12.0dB [pso]  snr=+14.0dB [ls][pso]  snr=+16.0dB [pso]  snr=+18.0dB [pso]  snr=+20.0dB [pso]Done (53.61s)
Estimator batch 199/2000 (active points 12/22) ...   snr=+4.0dB [pso]  snr=+6.0dB [pso]  snr=+8.0dB [ls][pso]  snr=+10.0dB [ls][pso]  snr=+12.0dB [pso]  snr=+14.0dB [ls][pso]  snr=+16.0dB [pso]  snr=+18.0dB [pso]  snr=+20.0dB [pso]Done (58.50s)
Estimator batch 200/2000 (active points 12/22) ...   snr=+4.0dB [pso]  snr=+6.0dB [pso]  snr=+8.0dB [ls][pso]  snr=+10.0dB [ls][pso]  snr=+12.0dB [pso]  snr=+14.0dB [ls][pso]  snr=+16.0dB [pso]  snr=+18.0dB [pso]  snr=+20.0dB [pso]Done (55.42s)
Estimator batch 201/2000 (active points 12/22) ...   snr=+4.0dB [pso]  snr=+6.0dB [pso]  snr=+8.0dB [ls][pso]  snr=+10.0dB [ls][pso]  snr=+12.0dB [pso]  snr=+14.0dB [ls][pso]  snr=+16.0dB [pso]  snr=+18.0dB [pso]  snr=+20.0dB [pso]Done (47.77s)
Estimator batch 202/2000 (active points 12/22) ...   snr=+4.0dB [pso]  snr=+6.0dB [pso]  snr=+8.0dB [ls][pso]  snr=+10.0dB [ls][pso]  snr=+12.0dB [pso]  snr=+14.0dB [ls][pso]  snr=+16.0dB [pso]  snr=+18.0dB [pso]  snr=+20.0dB [pso]Done (56.01s)
Estimator batch 203/2000 (active points 12/22) ...   snr=+4.0dB [pso]  snr=+6.0dB [pso]  snr=+8.0dB [ls][pso]  snr=+10.0dB [ls][pso]  snr=+12.0dB [pso]  snr=+14.0dB [ls][pso]  snr=+16.0dB [pso]  snr=+18.0dB [pso]  snr=+20.0dB [pso]Done (56.58s)
Estimator batch 204/2000 (active points 12/22) ...   snr=+4.0dB [pso]  snr=+6.0dB [pso]  snr=+8.0dB [ls][pso]  snr=+10.0dB [ls][pso]  snr=+12.0dB [pso]  snr=+14.0dB [ls][pso]  snr=+16.0dB [pso]  snr=+18.0dB [pso]  snr=+20.0dB [pso]Done (56.12s)
Estimator batch 205/2000 (active points 12/22) ...   snr=+4.0dB [pso]  snr=+6.0dB [pso]  snr=+8.0dB [ls][pso]  snr=+10.0dB [ls][pso]  snr=+12.0dB [pso]  snr=+14.0dB [ls][pso]  snr=+16.0dB [pso]  snr=+18.0dB [pso]  snr=+20.0dB [pso]Done (54.10s)
Estimator batch 206/2000 (active points 12/22) ...   snr=+4.0dB [pso]  snr=+6.0dB [pso]  snr=+8.0dB [ls][pso]  snr=+10.0dB [ls][pso]  snr=+12.0dB [pso]  snr=+14.0dB [ls][pso]  snr=+16.0dB [pso]  snr=+18.0dB [pso]  snr=+20.0dB [pso]Done (62.96s)
Estimator batch 207/2000 (active points 12/22) ...   snr=+4.0dB [pso]  snr=+6.0dB [pso]  snr=+8.0dB [ls][pso]  snr=+10.0dB [ls][pso]  snr=+12.0dB [pso]  snr=+14.0dB [ls][pso]  snr=+16.0dB [pso]  snr=+18.0dB [pso]  snr=+20.0dB [pso]Done (54.19s)
Estimator batch 208/2000 (active points 12/22) ...   snr=+4.0dB [pso]  snr=+6.0dB [pso]  snr=+8.0dB [ls][pso]  snr=+10.0dB [ls][pso]  snr=+12.0dB [pso]  snr=+14.0dB [ls][pso]  snr=+16.0dB [pso]  snr=+18.0dB [pso]  snr=+20.0dB [pso]Done (57.08s)
Estimator batch 209/2000 (active points 12/22) ...   snr=+4.0dB [pso]  snr=+6.0dB [pso]  snr=+8.0dB [ls][pso]  snr=+10.0dB [ls][pso]  snr=+12.0dB [pso]  snr=+14.0dB [ls][pso]  snr=+16.0dB [pso]  snr=+18.0dB [pso]  snr=+20.0dB [pso]Done (53.75s)
Estimator batch 210/2000 (active points 12/22) ...   snr=+4.0dB [pso]  snr=+6.0dB [pso]  snr=+8.0dB [ls][pso]  snr=+10.0dB [ls][pso]  snr=+12.0dB [pso]  snr=+14.0dB [ls][pso]  snr=+16.0dB [pso]  snr=+18.0dB [pso]  snr=+20.0dB [pso]Done (52.02s)
Estimator batch 211/2000 (active points 12/22) ...   snr=+4.0dB [pso]  snr=+6.0dB [pso]  snr=+8.0dB [ls][pso]  snr=+10.0dB [ls][pso]  snr=+12.0dB [pso]  snr=+14.0dB [ls][pso]  snr=+16.0dB [pso]  snr=+18.0dB [pso]  snr=+20.0dB [pso]Done (55.95s)
Estimator batch 212/2000 (active points 12/22) ...   snr=+4.0dB [pso]  snr=+6.0dB [pso]  snr=+8.0dB [ls][pso]  snr=+10.0dB [ls][pso]  snr=+12.0dB [pso]  snr=+14.0dB [ls][pso]  snr=+16.0dB [pso]  snr=+18.0dB [pso]  snr=+20.0dB [pso]Done (60.46s)
Estimator batch 213/2000 (active points 12/22) ...   snr=+4.0dB [pso]  snr=+6.0dB [pso]  snr=+8.0dB [ls][pso]  snr=+10.0dB [ls][pso]  snr=+12.0dB [pso]  snr=+14.0dB [ls][pso]  snr=+16.0dB [pso]  snr=+18.0dB [pso]  snr=+20.0dB [pso]Done (61.75s)
Estimator batch 214/2000 (active points 12/22) ...   snr=+4.0dB [pso]  snr=+6.0dB [pso]  snr=+8.0dB [ls][pso]  snr=+10.0dB [ls][pso]  snr=+12.0dB [pso]  snr=+14.0dB [ls][pso]  snr=+16.0dB [pso]  snr=+18.0dB [pso]  snr=+20.0dB [pso]Done (54.81s)
Estimator batch 215/2000 (active points 12/22) ...   snr=+4.0dB [pso]  snr=+6.0dB [pso]  snr=+8.0dB [ls][pso]  snr=+10.0dB [ls][pso]  snr=+12.0dB [pso]  snr=+14.0dB [ls][pso]  snr=+16.0dB [pso]  snr=+18.0dB [pso]  snr=+20.0dB [pso]Done (47.58s)
Estimator batch 216/2000 (active points 12/22) ...   snr=+4.0dB [pso]  snr=+6.0dB [pso]  snr=+8.0dB [ls][pso]  snr=+10.0dB [ls][pso]  snr=+12.0dB [pso]  snr=+14.0dB [ls][pso]  snr=+16.0dB [pso]  snr=+18.0dB [pso]  snr=+20.0dB [pso]Done (57.27s)
Estimator batch 217/2000 (active points 12/22) ...   snr=+4.0dB [pso]  snr=+6.0dB [pso]  snr=+8.0dB [ls][pso]  snr=+10.0dB [ls][pso]  snr=+12.0dB [pso]  snr=+14.0dB [ls][pso]  snr=+16.0dB [pso]  snr=+18.0dB [pso]  snr=+20.0dB [pso]Done (56.68s)
Estimator batch 218/2000 (active points 11/22) ...   snr=+4.0dB [pso]  snr=+6.0dB [pso]  snr=+8.0dB [ls][pso]  snr=+10.0dB [ls][pso]  snr=+12.0dB [pso]  snr=+14.0dB [pso]  snr=+16.0dB [pso]  snr=+18.0dB [pso]  snr=+20.0dB [pso]Done (63.52s)
Estimator batch 219/2000 (active points 11/22) ...   snr=+4.0dB [pso]  snr=+6.0dB [pso]  snr=+8.0dB [ls][pso]  snr=+10.0dB [ls][pso]  snr=+12.0dB [pso]  snr=+14.0dB [pso]  snr=+16.0dB [pso]  snr=+18.0dB [pso]  snr=+20.0dB [pso]Done (59.44s)
Estimator batch 220/2000 (active points 11/22) ...   snr=+4.0dB [pso]  snr=+6.0dB [pso]  snr=+8.0dB [ls][pso]  snr=+10.0dB [ls][pso]  snr=+12.0dB [pso]  snr=+14.0dB [pso]  snr=+16.0dB [pso]  snr=+18.0dB [pso]  snr=+20.0dB [pso]Done (57.99s)
Estimator batch 221/2000 (active points 11/22) ...   snr=+4.0dB [pso]  snr=+6.0dB [pso]  snr=+8.0dB [ls][pso]  snr=+10.0dB [ls][pso]  snr=+12.0dB [pso]  snr=+14.0dB [pso]  snr=+16.0dB [pso]  snr=+18.0dB [pso]  snr=+20.0dB [pso]Done (57.61s)
Estimator batch 222/2000 (active points 11/22) ...   snr=+4.0dB [pso]  snr=+6.0dB [pso]  snr=+8.0dB [ls][pso]  snr=+10.0dB [ls][pso]  snr=+12.0dB [pso]  snr=+14.0dB [pso]  snr=+16.0dB [pso]  snr=+18.0dB [pso]  snr=+20.0dB [pso]Done (55.21s)
Estimator batch 223/2000 (active points 11/22) ...   snr=+4.0dB [pso]  snr=+6.0dB [pso]  snr=+8.0dB [ls][pso]  snr=+10.0dB [ls][pso]  snr=+12.0dB [pso]  snr=+14.0dB [pso]  snr=+16.0dB [pso]  snr=+18.0dB [pso]  snr=+20.0dB [pso]Done (53.63s)
Estimator batch 224/2000 (active points 11/22) ...   snr=+4.0dB [pso]  snr=+6.0dB [pso]  snr=+8.0dB [ls][pso]  snr=+10.0dB [ls][pso]  snr=+12.0dB [pso]  snr=+14.0dB [pso]  snr=+16.0dB [pso]  snr=+18.0dB [pso]  snr=+20.0dB [pso]Done (57.63s)
Estimator batch 225/2000 (active points 11/22) ...   snr=+4.0dB [pso]  snr=+6.0dB [pso]  snr=+8.0dB [ls][pso]  snr=+10.0dB [ls][pso]  snr=+12.0dB [pso]  snr=+14.0dB [pso]  snr=+16.0dB [pso]  snr=+18.0dB [pso]  snr=+20.0dB [pso]Done (57.44s)
Estimator batch 226/2000 (active points 11/22) ...   snr=+4.0dB [pso]  snr=+6.0dB [pso]  snr=+8.0dB [ls][pso]  snr=+10.0dB [ls][pso]  snr=+12.0dB [pso]  snr=+14.0dB [pso]  snr=+16.0dB [pso]  snr=+18.0dB [pso]  snr=+20.0dB [pso]Done (49.89s)
Estimator batch 227/2000 (active points 11/22) ...   snr=+4.0dB [pso]  snr=+6.0dB [pso]  snr=+8.0dB [ls][pso]  snr=+10.0dB [ls][pso]  snr=+12.0dB [pso]  snr=+14.0dB [pso]  snr=+16.0dB [pso]  snr=+18.0dB [pso]  snr=+20.0dB [pso]Done (53.00s)
Estimator batch 228/2000 (active points 11/22) ...   snr=+4.0dB [pso]  snr=+6.0dB [pso]  snr=+8.0dB [ls][pso]  snr=+10.0dB [ls][pso]  snr=+12.0dB [pso]  snr=+14.0dB [pso]  snr=+16.0dB [pso]  snr=+18.0dB [pso]  snr=+20.0dB [pso]Done (55.06s)
Estimator batch 229/2000 (active points 11/22) ...   snr=+4.0dB [pso]  snr=+6.0dB [pso]  snr=+8.0dB [ls][pso]  snr=+10.0dB [ls][pso]  snr=+12.0dB [pso]  snr=+14.0dB [pso]  snr=+16.0dB [pso]  snr=+18.0dB [pso]  snr=+20.0dB [pso]Done (59.03s)
Estimator batch 230/2000 (active points 11/22) ...   snr=+4.0dB [pso]  snr=+6.0dB [pso]  snr=+8.0dB [ls][pso]  snr=+10.0dB [ls][pso]  snr=+12.0dB [pso]  snr=+14.0dB [pso]  snr=+16.0dB [pso]  snr=+18.0dB [pso]  snr=+20.0dB [pso]Done (54.54s)
Estimator batch 231/2000 (active points 11/22) ...   snr=+4.0dB [pso]  snr=+6.0dB [pso]  snr=+8.0dB [ls][pso]  snr=+10.0dB [ls][pso]  snr=+12.0dB [pso]  snr=+14.0dB [pso]  snr=+16.0dB [pso]  snr=+18.0dB [pso]  snr=+20.0dB [pso]Done (57.67s)
Estimator batch 232/2000 (active points 11/22) ...   snr=+4.0dB [pso]  snr=+6.0dB [pso]  snr=+8.0dB [ls][pso]  snr=+10.0dB [ls][pso]  snr=+12.0dB [pso]  snr=+14.0dB [pso]  snr=+16.0dB [pso]  snr=+18.0dB [pso]  snr=+20.0dB [pso]Done (59.20s)
Estimator batch 233/2000 (active points 11/22) ...   snr=+4.0dB [pso]  snr=+6.0dB [pso]  snr=+8.0dB [ls][pso]  snr=+10.0dB [ls][pso]  snr=+12.0dB [pso]  snr=+14.0dB [pso]  snr=+16.0dB [pso]  snr=+18.0dB [pso]  snr=+20.0dB [pso]Done (57.85s)
Estimator batch 234/2000 (active points 11/22) ...   snr=+4.0dB [pso]  snr=+6.0dB [pso]  snr=+8.0dB [ls][pso]  snr=+10.0dB [ls][pso]  snr=+12.0dB [pso]  snr=+14.0dB [pso]  snr=+16.0dB [pso]  snr=+18.0dB [pso]  snr=+20.0dB [pso]Done (53.30s)
Estimator batch 235/2000 (active points 11/22) ...   snr=+4.0dB [pso]  snr=+6.0dB [pso]  snr=+8.0dB [ls][pso]  snr=+10.0dB [ls][pso]  snr=+12.0dB [pso]  snr=+14.0dB [pso]  snr=+16.0dB [pso]  snr=+18.0dB [pso]  snr=+20.0dB [pso]Done (51.83s)
Estimator batch 236/2000 (active points 11/22) ...   snr=+4.0dB [pso]  snr=+6.0dB [pso]  snr=+8.0dB [ls][pso]  snr=+10.0dB [ls][pso]  snr=+12.0dB [pso]  snr=+14.0dB [pso]  snr=+16.0dB [pso]  snr=+18.0dB [pso]  snr=+20.0dB [pso]Done (51.73s)
Estimator batch 237/2000 (active points 11/22) ...   snr=+4.0dB [pso]  snr=+6.0dB [pso]  snr=+8.0dB [ls][pso]  snr=+10.0dB [ls][pso]  snr=+12.0dB [pso]  snr=+14.0dB [pso]  snr=+16.0dB [pso]  snr=+18.0dB [pso]  snr=+20.0dB [pso]Done (52.79s)
Estimator batch 238/2000 (active points 11/22) ...   snr=+4.0dB [pso]  snr=+6.0dB [pso]  snr=+8.0dB [ls][pso]  snr=+10.0dB [ls][pso]  snr=+12.0dB [pso]  snr=+14.0dB [pso]  snr=+16.0dB [pso]  snr=+18.0dB [pso]  snr=+20.0dB [pso]Done (57.35s)
Estimator batch 239/2000 (active points 11/22) ...   snr=+4.0dB [pso]  snr=+6.0dB [pso]  snr=+8.0dB [ls][pso]  snr=+10.0dB [ls][pso]  snr=+12.0dB [pso]  snr=+14.0dB [pso]  snr=+16.0dB [pso]  snr=+18.0dB [pso]  snr=+20.0dB [pso]Done (57.43s)
Estimator batch 240/2000 (active points 11/22) ...   snr=+4.0dB [pso]  snr=+6.0dB [pso]  snr=+8.0dB [ls][pso]  snr=+10.0dB [ls][pso]  snr=+12.0dB [pso]  snr=+14.0dB [pso]  snr=+16.0dB [pso]  snr=+18.0dB [pso]  snr=+20.0dB [pso]Done (56.92s)
Estimator batch 241/2000 (active points 10/22) ...   snr=+4.0dB [pso]  snr=+6.0dB [pso]  snr=+8.0dB [pso]  snr=+10.0dB [ls][pso]  snr=+12.0dB [pso]  snr=+14.0dB [pso]  snr=+16.0dB [pso]  snr=+18.0dB [pso]  snr=+20.0dB [pso]Done (54.57s)
Estimator batch 242/2000 (active points 10/22) ...   snr=+4.0dB [pso]  snr=+6.0dB [pso]  snr=+8.0dB [pso]  snr=+10.0dB [ls][pso]  snr=+12.0dB [pso]  snr=+14.0dB [pso]  snr=+16.0dB [pso]  snr=+18.0dB [pso]  snr=+20.0dB [pso]Done (54.29s)
Estimator batch 243/2000 (active points 10/22) ...   snr=+4.0dB [pso]  snr=+6.0dB [pso]  snr=+8.0dB [pso]  snr=+10.0dB [ls][pso]  snr=+12.0dB [pso]  snr=+14.0dB [pso]  snr=+16.0dB [pso]  snr=+18.0dB [pso]  snr=+20.0dB [pso]Done (58.48s)
Estimator batch 244/2000 (active points 10/22) ...   snr=+4.0dB [pso]  snr=+6.0dB [pso]  snr=+8.0dB [pso]  snr=+10.0dB [ls][pso]  snr=+12.0dB [pso]  snr=+14.0dB [pso]  snr=+16.0dB [pso]  snr=+18.0dB [pso]  snr=+20.0dB [pso]Done (54.32s)
Estimator batch 245/2000 (active points 10/22) ...   snr=+4.0dB [pso]  snr=+6.0dB [pso]  snr=+8.0dB [pso]  snr=+10.0dB [ls][pso]  snr=+12.0dB [pso]  snr=+14.0dB [pso]  snr=+16.0dB [pso]  snr=+18.0dB [pso]  snr=+20.0dB [pso]Done (52.26s)
Estimator batch 246/2000 (active points 10/22) ...   snr=+4.0dB [pso]  snr=+6.0dB [pso]  snr=+8.0dB [pso]  snr=+10.0dB [ls][pso]  snr=+12.0dB [pso]  snr=+14.0dB [pso]  snr=+16.0dB [pso]  snr=+18.0dB [pso]  snr=+20.0dB [pso]Done (53.33s)
Estimator batch 247/2000 (active points 10/22) ...   snr=+4.0dB [pso]  snr=+6.0dB [pso]  snr=+8.0dB [pso]  snr=+10.0dB [ls][pso]  snr=+12.0dB [pso]  snr=+14.0dB [pso]  snr=+16.0dB [pso]  snr=+18.0dB [pso]  snr=+20.0dB [pso]Done (53.24s)
Estimator batch 248/2000 (active points 10/22) ...   snr=+4.0dB [pso]  snr=+6.0dB [pso]  snr=+8.0dB [pso]  snr=+10.0dB [ls][pso]  snr=+12.0dB [pso]  snr=+14.0dB [pso]  snr=+16.0dB [pso]  snr=+18.0dB [pso]  snr=+20.0dB [pso]Done (49.90s)
Estimator batch 249/2000 (active points 10/22) ...   snr=+4.0dB [pso]  snr=+6.0dB [pso]  snr=+8.0dB [pso]  snr=+10.0dB [ls][pso]  snr=+12.0dB [pso]  snr=+14.0dB [pso]  snr=+16.0dB [pso]  snr=+18.0dB [pso]  snr=+20.0dB [pso]Done (54.95s)
Estimator batch 250/2000 (active points 10/22) ...   snr=+4.0dB [pso]  snr=+6.0dB [pso]  snr=+8.0dB [pso]  snr=+10.0dB [ls][pso]  snr=+12.0dB [pso]  snr=+14.0dB [pso]  snr=+16.0dB [pso]  snr=+18.0dB [pso]  snr=+20.0dB [pso]Done (56.59s)
Estimator batch 251/2000 (active points 10/22) ...   snr=+4.0dB [pso]  snr=+6.0dB [pso]  snr=+8.0dB [pso]  snr=+10.0dB [ls][pso]  snr=+12.0dB [pso]  snr=+14.0dB [pso]  snr=+16.0dB [pso]  snr=+18.0dB [pso]  snr=+20.0dB [pso]Done (59.68s)
Estimator batch 252/2000 (active points 10/22) ...   snr=+4.0dB [pso]  snr=+6.0dB [pso]  snr=+8.0dB [pso]  snr=+10.0dB [ls][pso]  snr=+12.0dB [pso]  snr=+14.0dB [pso]  snr=+16.0dB [pso]  snr=+18.0dB [pso]  snr=+20.0dB [pso]Done (54.64s)
Estimator batch 253/2000 (active points 10/22) ...   snr=+4.0dB [pso]  snr=+6.0dB [pso]  snr=+8.0dB [pso]  snr=+10.0dB [ls][pso]  snr=+12.0dB [pso]  snr=+14.0dB [pso]  snr=+16.0dB [pso]  snr=+18.0dB [pso]  snr=+20.0dB [pso]Done (56.92s)
Estimator batch 254/2000 (active points 10/22) ...   snr=+4.0dB [pso]  snr=+6.0dB [pso]  snr=+8.0dB [pso]  snr=+10.0dB [ls][pso]  snr=+12.0dB [pso]  snr=+14.0dB [pso]  snr=+16.0dB [pso]  snr=+18.0dB [pso]  snr=+20.0dB [pso]Done (56.68s)
Estimator batch 255/2000 (active points 10/22) ...   snr=+4.0dB [pso]  snr=+6.0dB [pso]  snr=+8.0dB [pso]  snr=+10.0dB [ls][pso]  snr=+12.0dB [pso]  snr=+14.0dB [pso]  snr=+16.0dB [pso]  snr=+18.0dB [pso]  snr=+20.0dB [pso]Done (57.78s)
Estimator batch 256/2000 (active points 10/22) ...   snr=+4.0dB [pso]  snr=+6.0dB [pso]  snr=+8.0dB [pso]  snr=+10.0dB [ls][pso]  snr=+12.0dB [pso]  snr=+14.0dB [pso]  snr=+16.0dB [pso]  snr=+18.0dB [pso]  snr=+20.0dB [pso]Done (54.67s)
Estimator batch 257/2000 (active points 10/22) ...   snr=+4.0dB [pso]  snr=+6.0dB [pso]  snr=+8.0dB [pso]  snr=+10.0dB [ls][pso]  snr=+12.0dB [pso]  snr=+14.0dB [pso]  snr=+16.0dB [pso]  snr=+18.0dB [pso]  snr=+20.0dB [pso]Done (59.45s)
Estimator batch 258/2000 (active points 10/22) ...   snr=+4.0dB [pso]  snr=+6.0dB [pso]  snr=+8.0dB [pso]  snr=+10.0dB [ls][pso]  snr=+12.0dB [pso]  snr=+14.0dB [pso]  snr=+16.0dB [pso]  snr=+18.0dB [pso]  snr=+20.0dB [pso]Done (54.14s)
Estimator batch 259/2000 (active points 10/22) ...   snr=+4.0dB [pso]  snr=+6.0dB [pso]  snr=+8.0dB [pso]  snr=+10.0dB [ls][pso]  snr=+12.0dB [pso]  snr=+14.0dB [pso]  snr=+16.0dB [pso]  snr=+18.0dB [pso]  snr=+20.0dB [pso]Done (55.42s)
Estimator batch 260/2000 (active points 10/22) ...   snr=+4.0dB [pso]  snr=+6.0dB [pso]  snr=+8.0dB [pso]  snr=+10.0dB [ls][pso]  snr=+12.0dB [pso]  snr=+14.0dB [pso]  snr=+16.0dB [pso]  snr=+18.0dB [pso]  snr=+20.0dB [pso]Done (56.54s)
Estimator batch 261/2000 (active points 10/22) ...   snr=+4.0dB [pso]  snr=+6.0dB [pso]  snr=+8.0dB [pso]  snr=+10.0dB [ls][pso]  snr=+12.0dB [pso]  snr=+14.0dB [pso]  snr=+16.0dB [pso]  snr=+18.0dB [pso]  snr=+20.0dB [pso]Done (51.63s)
Estimator batch 262/2000 (active points 10/22) ...   snr=+4.0dB [pso]  snr=+6.0dB [pso]  snr=+8.0dB [pso]  snr=+10.0dB [ls][pso]  snr=+12.0dB [pso]  snr=+14.0dB [pso]  snr=+16.0dB [pso]  snr=+18.0dB [pso]  snr=+20.0dB [pso]Done (55.90s)
Estimator batch 263/2000 (active points 10/22) ...   snr=+4.0dB [pso]  snr=+6.0dB [pso]  snr=+8.0dB [pso]  snr=+10.0dB [ls][pso]  snr=+12.0dB [pso]  snr=+14.0dB [pso]  snr=+16.0dB [pso]  snr=+18.0dB [pso]  snr=+20.0dB [pso]Done (53.50s)
Estimator batch 264/2000 (active points 10/22) ...   snr=+4.0dB [pso]  snr=+6.0dB [pso]  snr=+8.0dB [pso]  snr=+10.0dB [ls][pso]  snr=+12.0dB [pso]  snr=+14.0dB [pso]  snr=+16.0dB [pso]  snr=+18.0dB [pso]  snr=+20.0dB [pso]Done (53.15s)
Estimator batch 265/2000 (active points 9/22) ...   snr=+6.0dB [pso]  snr=+8.0dB [pso]  snr=+10.0dB [ls][pso]  snr=+12.0dB [pso]  snr=+14.0dB [pso]  snr=+16.0dB [pso]  snr=+18.0dB [pso]  snr=+20.0dB [pso]Done (48.05s)
Estimator batch 266/2000 (active points 9/22) ...   snr=+6.0dB [pso]  snr=+8.0dB [pso]  snr=+10.0dB [ls][pso]  snr=+12.0dB [pso]  snr=+14.0dB [pso]  snr=+16.0dB [pso]  snr=+18.0dB [pso]  snr=+20.0dB [pso]Done (50.12s)
Estimator batch 267/2000 (active points 9/22) ...   snr=+6.0dB [pso]  snr=+8.0dB [pso]  snr=+10.0dB [ls][pso]  snr=+12.0dB [pso]  snr=+14.0dB [pso]  snr=+16.0dB [pso]  snr=+18.0dB [pso]  snr=+20.0dB [pso]Done (53.05s)
Estimator batch 268/2000 (active points 9/22) ...   snr=+6.0dB [pso]  snr=+8.0dB [pso]  snr=+10.0dB [ls][pso]  snr=+12.0dB [pso]  snr=+14.0dB [pso]  snr=+16.0dB [pso]  snr=+18.0dB [pso]  snr=+20.0dB [pso]Done (52.46s)
Estimator batch 269/2000 (active points 9/22) ...   snr=+6.0dB [pso]  snr=+8.0dB [pso]  snr=+10.0dB [ls][pso]  snr=+12.0dB [pso]  snr=+14.0dB [pso]  snr=+16.0dB [pso]  snr=+18.0dB [pso]  snr=+20.0dB [pso]Done (45.34s)
Estimator batch 270/2000 (active points 9/22) ...   snr=+6.0dB [pso]  snr=+8.0dB [pso]  snr=+10.0dB [ls][pso]  snr=+12.0dB [pso]  snr=+14.0dB [pso]  snr=+16.0dB [pso]  snr=+18.0dB [pso]  snr=+20.0dB [pso]Done (49.98s)
Estimator batch 271/2000 (active points 9/22) ...   snr=+6.0dB [pso]  snr=+8.0dB [pso]  snr=+10.0dB [ls][pso]  snr=+12.0dB [pso]  snr=+14.0dB [pso]  snr=+16.0dB [pso]  snr=+18.0dB [pso]  snr=+20.0dB [pso]Done (46.87s)
Estimator batch 272/2000 (active points 9/22) ...   snr=+6.0dB [pso]  snr=+8.0dB [pso]  snr=+10.0dB [ls][pso]  snr=+12.0dB [pso]  snr=+14.0dB [pso]  snr=+16.0dB [pso]  snr=+18.0dB [pso]  snr=+20.0dB [pso]Done (47.33s)
Estimator batch 273/2000 (active points 9/22) ...   snr=+6.0dB [pso]  snr=+8.0dB [pso]  snr=+10.0dB [ls][pso]  snr=+12.0dB [pso]  snr=+14.0dB [pso]  snr=+16.0dB [pso]  snr=+18.0dB [pso]  snr=+20.0dB [pso]Done (49.32s)
Estimator batch 274/2000 (active points 9/22) ...   snr=+6.0dB [pso]  snr=+8.0dB [pso]  snr=+10.0dB [ls][pso]  snr=+12.0dB [pso]  snr=+14.0dB [pso]  snr=+16.0dB [pso]  snr=+18.0dB [pso]  snr=+20.0dB [pso]Done (46.76s)
Estimator batch 275/2000 (active points 9/22) ...   snr=+6.0dB [pso]  snr=+8.0dB [pso]  snr=+10.0dB [ls][pso]  snr=+12.0dB [pso]  snr=+14.0dB [pso]  snr=+16.0dB [pso]  snr=+18.0dB [pso]  snr=+20.0dB [pso]Done (46.99s)
Estimator batch 276/2000 (active points 9/22) ...   snr=+6.0dB [pso]  snr=+8.0dB [pso]  snr=+10.0dB [ls][pso]  snr=+12.0dB [pso]  snr=+14.0dB [pso]  snr=+16.0dB [pso]  snr=+18.0dB [pso]  snr=+20.0dB [pso]Done (51.92s)
Estimator batch 277/2000 (active points 9/22) ...   snr=+6.0dB [pso]  snr=+8.0dB [pso]  snr=+10.0dB [ls][pso]  snr=+12.0dB [pso]  snr=+14.0dB [pso]  snr=+16.0dB [pso]  snr=+18.0dB [pso]  snr=+20.0dB [pso]Done (52.68s)
Estimator batch 278/2000 (active points 9/22) ...   snr=+6.0dB [pso]  snr=+8.0dB [pso]  snr=+10.0dB [ls][pso]  snr=+12.0dB [pso]  snr=+14.0dB [pso]  snr=+16.0dB [pso]  snr=+18.0dB [pso]  snr=+20.0dB [pso]Done (52.77s)
Estimator batch 279/2000 (active points 9/22) ...   snr=+6.0dB [pso]  snr=+8.0dB [pso]  snr=+10.0dB [ls][pso]  snr=+12.0dB [pso]  snr=+14.0dB [pso]  snr=+16.0dB [pso]  snr=+18.0dB [pso]  snr=+20.0dB [pso]Done (51.55s)
Estimator batch 280/2000 (active points 8/22) ...   snr=+6.0dB [pso]  snr=+8.0dB [pso]  snr=+10.0dB [pso]  snr=+12.0dB [pso]  snr=+14.0dB [pso]  snr=+16.0dB [pso]  snr=+18.0dB [pso]  snr=+20.0dB [pso]Done (45.80s)
Estimator batch 281/2000 (active points 8/22) ...   snr=+6.0dB [pso]  snr=+8.0dB [pso]  snr=+10.0dB [pso]  snr=+12.0dB [pso]  snr=+14.0dB [pso]  snr=+16.0dB [pso]  snr=+18.0dB [pso]  snr=+20.0dB [pso]Done (51.74s)
Estimator batch 282/2000 (active points 8/22) ...   snr=+6.0dB [pso]  snr=+8.0dB [pso]  snr=+10.0dB [pso]  snr=+12.0dB [pso]  snr=+14.0dB [pso]  snr=+16.0dB [pso]  snr=+18.0dB [pso]  snr=+20.0dB [pso]Done (44.69s)
Estimator batch 283/2000 (active points 8/22) ...   snr=+6.0dB [pso]  snr=+8.0dB [pso]  snr=+10.0dB [pso]  snr=+12.0dB [pso]  snr=+14.0dB [pso]  snr=+16.0dB [pso]  snr=+18.0dB [pso]  snr=+20.0dB [pso]Done (46.47s)
Estimator batch 284/2000 (active points 8/22) ...   snr=+6.0dB [pso]  snr=+8.0dB [pso]  snr=+10.0dB [pso]  snr=+12.0dB [pso]  snr=+14.0dB [pso]  snr=+16.0dB [pso]  snr=+18.0dB [pso]  snr=+20.0dB [pso]Done (50.02s)
Estimator batch 285/2000 (active points 8/22) ...   snr=+6.0dB [pso]  snr=+8.0dB [pso]  snr=+10.0dB [pso]  snr=+12.0dB [pso]  snr=+14.0dB [pso]  snr=+16.0dB [pso]  snr=+18.0dB [pso]  snr=+20.0dB [pso]Done (49.19s)
Estimator batch 286/2000 (active points 8/22) ...   snr=+6.0dB [pso]  snr=+8.0dB [pso]  snr=+10.0dB [pso]  snr=+12.0dB [pso]  snr=+14.0dB [pso]  snr=+16.0dB [pso]  snr=+18.0dB [pso]  snr=+20.0dB [pso]Done (47.53s)
Estimator batch 287/2000 (active points 8/22) ...   snr=+6.0dB [pso]  snr=+8.0dB [pso]  snr=+10.0dB [pso]  snr=+12.0dB [pso]  snr=+14.0dB [pso]  snr=+16.0dB [pso]  snr=+18.0dB [pso]  snr=+20.0dB [pso]Done (50.19s)
Estimator batch 288/2000 (active points 8/22) ...   snr=+6.0dB [pso]  snr=+8.0dB [pso]  snr=+10.0dB [pso]  snr=+12.0dB [pso]  snr=+14.0dB [pso]  snr=+16.0dB [pso]  snr=+18.0dB [pso]  snr=+20.0dB [pso]Done (43.40s)
Estimator batch 289/2000 (active points 8/22) ...   snr=+6.0dB [pso]  snr=+8.0dB [pso]  snr=+10.0dB [pso]  snr=+12.0dB [pso]  snr=+14.0dB [pso]  snr=+16.0dB [pso]  snr=+18.0dB [pso]  snr=+20.0dB [pso]Done (45.55s)
Estimator batch 290/2000 (active points 8/22) ...   snr=+6.0dB [pso]  snr=+8.0dB [pso]  snr=+10.0dB [pso]  snr=+12.0dB [pso]  snr=+14.0dB [pso]  snr=+16.0dB [pso]  snr=+18.0dB [pso]  snr=+20.0dB [pso]Done (46.27s)
Estimator batch 291/2000 (active points 8/22) ...   snr=+6.0dB [pso]  snr=+8.0dB [pso]  snr=+10.0dB [pso]  snr=+12.0dB [pso]  snr=+14.0dB [pso]  snr=+16.0dB [pso]  snr=+18.0dB [pso]  snr=+20.0dB [pso]Done (54.47s)
Estimator batch 292/2000 (active points 8/22) ...   snr=+6.0dB [pso]  snr=+8.0dB [pso]  snr=+10.0dB [pso]  snr=+12.0dB [pso]  snr=+14.0dB [pso]  snr=+16.0dB [pso]  snr=+18.0dB [pso]  snr=+20.0dB [pso]Done (47.83s)
Estimator batch 293/2000 (active points 8/22) ...   snr=+6.0dB [pso]  snr=+8.0dB [pso]  snr=+10.0dB [pso]  snr=+12.0dB [pso]  snr=+14.0dB [pso]  snr=+16.0dB [pso]  snr=+18.0dB [pso]  snr=+20.0dB [pso]Done (46.67s)
Estimator batch 294/2000 (active points 8/22) ...   snr=+6.0dB [pso]  snr=+8.0dB [pso]  snr=+10.0dB [pso]  snr=+12.0dB [pso]  snr=+14.0dB [pso]  snr=+16.0dB [pso]  snr=+18.0dB [pso]  snr=+20.0dB [pso]Done (55.07s)
Estimator batch 295/2000 (active points 8/22) ...   snr=+6.0dB [pso]  snr=+8.0dB [pso]  snr=+10.0dB [pso]  snr=+12.0dB [pso]  snr=+14.0dB [pso]  snr=+16.0dB [pso]  snr=+18.0dB [pso]  snr=+20.0dB [pso]Done (49.48s)
Estimator batch 296/2000 (active points 8/22) ...   snr=+6.0dB [pso]  snr=+8.0dB [pso]  snr=+10.0dB [pso]  snr=+12.0dB [pso]  snr=+14.0dB [pso]  snr=+16.0dB [pso]  snr=+18.0dB [pso]  snr=+20.0dB [pso]Done (49.17s)
Estimator batch 297/2000 (active points 8/22) ...   snr=+6.0dB [pso]  snr=+8.0dB [pso]  snr=+10.0dB [pso]  snr=+12.0dB [pso]  snr=+14.0dB [pso]  snr=+16.0dB [pso]  snr=+18.0dB [pso]  snr=+20.0dB [pso]Done (47.16s)
Estimator batch 298/2000 (active points 8/22) ...   snr=+6.0dB [pso]  snr=+8.0dB [pso]  snr=+10.0dB [pso]  snr=+12.0dB [pso]  snr=+14.0dB [pso]  snr=+16.0dB [pso]  snr=+18.0dB [pso]  snr=+20.0dB [pso]Done (47.91s)
Estimator batch 299/2000 (active points 8/22) ...   snr=+6.0dB [pso]  snr=+8.0dB [pso]  snr=+10.0dB [pso]  snr=+12.0dB [pso]  snr=+14.0dB [pso]  snr=+16.0dB [pso]  snr=+18.0dB [pso]  snr=+20.0dB [pso]Done (46.45s)
Estimator batch 300/2000 (active points 8/22) ...   snr=+6.0dB [pso]  snr=+8.0dB [pso]  snr=+10.0dB [pso]  snr=+12.0dB [pso]  snr=+14.0dB [pso]  snr=+16.0dB [pso]  snr=+18.0dB [pso]  snr=+20.0dB [pso]Done (47.43s)
Estimator batch 301/2000 (active points 8/22) ...   snr=+6.0dB [pso]  snr=+8.0dB [pso]  snr=+10.0dB [pso]  snr=+12.0dB [pso]  snr=+14.0dB [pso]  snr=+16.0dB [pso]  snr=+18.0dB [pso]  snr=+20.0dB [pso]Done (53.63s)
Estimator batch 302/2000 (active points 8/22) ...   snr=+6.0dB [pso]  snr=+8.0dB [pso]  snr=+10.0dB [pso]  snr=+12.0dB [pso]  snr=+14.0dB [pso]  snr=+16.0dB [pso]  snr=+18.0dB [pso]  snr=+20.0dB [pso]Done (53.98s)
Estimator batch 303/2000 (active points 8/22) ...   snr=+6.0dB [pso]  snr=+8.0dB [pso]  snr=+10.0dB [pso]  snr=+12.0dB [pso]  snr=+14.0dB [pso]  snr=+16.0dB [pso]  snr=+18.0dB [pso]  snr=+20.0dB [pso]Done (48.56s)
Estimator batch 304/2000 (active points 8/22) ...   snr=+6.0dB [pso]  snr=+8.0dB [pso]  snr=+10.0dB [pso]  snr=+12.0dB [pso]  snr=+14.0dB [pso]  snr=+16.0dB [pso]  snr=+18.0dB [pso]  snr=+20.0dB [pso]Done (47.33s)
Estimator batch 305/2000 (active points 8/22) ...   snr=+6.0dB [pso]  snr=+8.0dB [pso]  snr=+10.0dB [pso]  snr=+12.0dB [pso]  snr=+14.0dB [pso]  snr=+16.0dB [pso]  snr=+18.0dB [pso]  snr=+20.0dB [pso]Done (45.81s)
Estimator batch 306/2000 (active points 8/22) ...   snr=+6.0dB [pso]  snr=+8.0dB [pso]  snr=+10.0dB [pso]  snr=+12.0dB [pso]  snr=+14.0dB [pso]  snr=+16.0dB [pso]  snr=+18.0dB [pso]  snr=+20.0dB [pso]Done (45.90s)
Estimator batch 307/2000 (active points 8/22) ...   snr=+6.0dB [pso]  snr=+8.0dB [pso]  snr=+10.0dB [pso]  snr=+12.0dB [pso]  snr=+14.0dB [pso]  snr=+16.0dB [pso]  snr=+18.0dB [pso]  snr=+20.0dB [pso]Done (48.43s)
Estimator batch 308/2000 (active points 8/22) ...   snr=+6.0dB [pso]  snr=+8.0dB [pso]  snr=+10.0dB [pso]  snr=+12.0dB [pso]  snr=+14.0dB [pso]  snr=+16.0dB [pso]  snr=+18.0dB [pso]  snr=+20.0dB [pso]Done (48.89s)
Estimator batch 309/2000 (active points 8/22) ...   snr=+6.0dB [pso]  snr=+8.0dB [pso]  snr=+10.0dB [pso]  snr=+12.0dB [pso]  snr=+14.0dB [pso]  snr=+16.0dB [pso]  snr=+18.0dB [pso]  snr=+20.0dB [pso]Done (51.41s)
Estimator batch 310/2000 (active points 8/22) ...   snr=+6.0dB [pso]  snr=+8.0dB [pso]  snr=+10.0dB [pso]  snr=+12.0dB [pso]  snr=+14.0dB [pso]  snr=+16.0dB [pso]  snr=+18.0dB [pso]  snr=+20.0dB [pso]Done (50.35s)
Estimator batch 311/2000 (active points 8/22) ...   snr=+6.0dB [pso]  snr=+8.0dB [pso]  snr=+10.0dB [pso]  snr=+12.0dB [pso]  snr=+14.0dB [pso]  snr=+16.0dB [pso]  snr=+18.0dB [pso]  snr=+20.0dB [pso]Done (45.97s)
Estimator batch 312/2000 (active points 8/22) ...   snr=+6.0dB [pso]  snr=+8.0dB [pso]  snr=+10.0dB [pso]  snr=+12.0dB [pso]  snr=+14.0dB [pso]  snr=+16.0dB [pso]  snr=+18.0dB [pso]  snr=+20.0dB [pso]Done (53.86s)
Estimator batch 313/2000 (active points 8/22) ...   snr=+6.0dB [pso]  snr=+8.0dB [pso]  snr=+10.0dB [pso]  snr=+12.0dB [pso]  snr=+14.0dB [pso]  snr=+16.0dB [pso]  snr=+18.0dB [pso]  snr=+20.0dB [pso]Done (49.64s)
Estimator batch 314/2000 (active points 8/22) ...   snr=+6.0dB [pso]  snr=+8.0dB [pso]  snr=+10.0dB [pso]  snr=+12.0dB [pso]  snr=+14.0dB [pso]  snr=+16.0dB [pso]  snr=+18.0dB [pso]  snr=+20.0dB [pso]Done (48.24s)
Estimator batch 315/2000 (active points 8/22) ...   snr=+6.0dB [pso]  snr=+8.0dB [pso]  snr=+10.0dB [pso]  snr=+12.0dB [pso]  snr=+14.0dB [pso]  snr=+16.0dB [pso]  snr=+18.0dB [pso]  snr=+20.0dB [pso]Done (46.93s)
Estimator batch 316/2000 (active points 8/22) ...   snr=+6.0dB [pso]  snr=+8.0dB [pso]  snr=+10.0dB [pso]  snr=+12.0dB [pso]  snr=+14.0dB [pso]  snr=+16.0dB [pso]  snr=+18.0dB [pso]  snr=+20.0dB [pso]Done (48.66s)
Estimator batch 317/2000 (active points 8/22) ...   snr=+6.0dB [pso]  snr=+8.0dB [pso]  snr=+10.0dB [pso]  snr=+12.0dB [pso]  snr=+14.0dB [pso]  snr=+16.0dB [pso]  snr=+18.0dB [pso]  snr=+20.0dB [pso]Done (48.81s)
Estimator batch 318/2000 (active points 8/22) ...   snr=+6.0dB [pso]  snr=+8.0dB [pso]  snr=+10.0dB [pso]  snr=+12.0dB [pso]  snr=+14.0dB [pso]  snr=+16.0dB [pso]  snr=+18.0dB [pso]  snr=+20.0dB [pso]Done (42.59s)
Estimator batch 319/2000 (active points 8/22) ...   snr=+6.0dB [pso]  snr=+8.0dB [pso]  snr=+10.0dB [pso]  snr=+12.0dB [pso]  snr=+14.0dB [pso]  snr=+16.0dB [pso]  snr=+18.0dB [pso]  snr=+20.0dB [pso]Done (44.09s)
Estimator batch 320/2000 (active points 8/22) ...   snr=+6.0dB [pso]  snr=+8.0dB [pso]  snr=+10.0dB [pso]  snr=+12.0dB [pso]  snr=+14.0dB [pso]  snr=+16.0dB [pso]  snr=+18.0dB [pso]  snr=+20.0dB [pso]Done (51.24s)
Estimator batch 321/2000 (active points 8/22) ...   snr=+6.0dB [pso]  snr=+8.0dB [pso]  snr=+10.0dB [pso]  snr=+12.0dB [pso]  snr=+14.0dB [pso]  snr=+16.0dB [pso]  snr=+18.0dB [pso]  snr=+20.0dB [pso]Done (52.85s)
Estimator batch 322/2000 (active points 8/22) ...   snr=+6.0dB [pso]  snr=+8.0dB [pso]  snr=+10.0dB [pso]  snr=+12.0dB [pso]  snr=+14.0dB [pso]  snr=+16.0dB [pso]  snr=+18.0dB [pso]  snr=+20.0dB [pso]Done (43.43s)
Estimator batch 323/2000 (active points 8/22) ...   snr=+6.0dB [pso]  snr=+8.0dB [pso]  snr=+10.0dB [pso]  snr=+12.0dB [pso]  snr=+14.0dB [pso]  snr=+16.0dB [pso]  snr=+18.0dB [pso]  snr=+20.0dB [pso]Done (45.16s)
Estimator batch 324/2000 (active points 8/22) ...   snr=+6.0dB [pso]  snr=+8.0dB [pso]  snr=+10.0dB [pso]  snr=+12.0dB [pso]  snr=+14.0dB [pso]  snr=+16.0dB [pso]  snr=+18.0dB [pso]  snr=+20.0dB [pso]Done (44.69s)
Estimator batch 325/2000 (active points 8/22) ...   snr=+6.0dB [pso]  snr=+8.0dB [pso]  snr=+10.0dB [pso]  snr=+12.0dB [pso]  snr=+14.0dB [pso]  snr=+16.0dB [pso]  snr=+18.0dB [pso]  snr=+20.0dB [pso]Done (43.71s)
Estimator batch 326/2000 (active points 8/22) ...   snr=+6.0dB [pso]  snr=+8.0dB [pso]  snr=+10.0dB [pso]  snr=+12.0dB [pso]  snr=+14.0dB [pso]  snr=+16.0dB [pso]  snr=+18.0dB [pso]  snr=+20.0dB [pso]Done (47.38s)
Estimator batch 327/2000 (active points 8/22) ...   snr=+6.0dB [pso]  snr=+8.0dB [pso]  snr=+10.0dB [pso]  snr=+12.0dB [pso]  snr=+14.0dB [pso]  snr=+16.0dB [pso]  snr=+18.0dB [pso]  snr=+20.0dB [pso]Done (52.00s)
Estimator batch 328/2000 (active points 8/22) ...   snr=+6.0dB [pso]  snr=+8.0dB [pso]  snr=+10.0dB [pso]  snr=+12.0dB [pso]  snr=+14.0dB [pso]  snr=+16.0dB [pso]  snr=+18.0dB [pso]  snr=+20.0dB [pso]Done (57.09s)
Estimator batch 329/2000 (active points 8/22) ...   snr=+6.0dB [pso]  snr=+8.0dB [pso]  snr=+10.0dB [pso]  snr=+12.0dB [pso]  snr=+14.0dB [pso]  snr=+16.0dB [pso]  snr=+18.0dB [pso]  snr=+20.0dB [pso]Done (45.27s)
Estimator batch 330/2000 (active points 8/22) ...   snr=+6.0dB [pso]  snr=+8.0dB [pso]  snr=+10.0dB [pso]  snr=+12.0dB [pso]  snr=+14.0dB [pso]  snr=+16.0dB [pso]  snr=+18.0dB [pso]  snr=+20.0dB [pso]Done (47.62s)
Estimator batch 331/2000 (active points 8/22) ...   snr=+6.0dB [pso]  snr=+8.0dB [pso]  snr=+10.0dB [pso]  snr=+12.0dB [pso]  snr=+14.0dB [pso]  snr=+16.0dB [pso]  snr=+18.0dB [pso]  snr=+20.0dB [pso]Done (45.25s)
Estimator batch 332/2000 (active points 8/22) ...   snr=+6.0dB [pso]  snr=+8.0dB [pso]  snr=+10.0dB [pso]  snr=+12.0dB [pso]  snr=+14.0dB [pso]  snr=+16.0dB [pso]  snr=+18.0dB [pso]  snr=+20.0dB [pso]Done (49.98s)
Estimator batch 333/2000 (active points 8/22) ...   snr=+6.0dB [pso]  snr=+8.0dB [pso]  snr=+10.0dB [pso]  snr=+12.0dB [pso]  snr=+14.0dB [pso]  snr=+16.0dB [pso]  snr=+18.0dB [pso]  snr=+20.0dB [pso]Done (44.13s)
Estimator batch 334/2000 (active points 8/22) ...   snr=+6.0dB [pso]  snr=+8.0dB [pso]  snr=+10.0dB [pso]  snr=+12.0dB [pso]  snr=+14.0dB [pso]  snr=+16.0dB [pso]  snr=+18.0dB [pso]  snr=+20.0dB [pso]Done (52.40s)
Estimator batch 335/2000 (active points 8/22) ...   snr=+6.0dB [pso]  snr=+8.0dB [pso]  snr=+10.0dB [pso]  snr=+12.0dB [pso]  snr=+14.0dB [pso]  snr=+16.0dB [pso]  snr=+18.0dB [pso]  snr=+20.0dB [pso]Done (49.72s)
Estimator batch 336/2000 (active points 8/22) ...   snr=+6.0dB [pso]  snr=+8.0dB [pso]  snr=+10.0dB [pso]  snr=+12.0dB [pso]  snr=+14.0dB [pso]  snr=+16.0dB [pso]  snr=+18.0dB [pso]  snr=+20.0dB [pso]Done (49.00s)
Estimator batch 337/2000 (active points 8/22) ...   snr=+6.0dB [pso]  snr=+8.0dB [pso]  snr=+10.0dB [pso]  snr=+12.0dB [pso]  snr=+14.0dB [pso]  snr=+16.0dB [pso]  snr=+18.0dB [pso]  snr=+20.0dB [pso]Done (45.33s)
Estimator batch 338/2000 (active points 8/22) ...   snr=+6.0dB [pso]  snr=+8.0dB [pso]  snr=+10.0dB [pso]  snr=+12.0dB [pso]  snr=+14.0dB [pso]  snr=+16.0dB [pso]  snr=+18.0dB [pso]  snr=+20.0dB [pso]Done (46.20s)
Estimator batch 339/2000 (active points 8/22) ...   snr=+6.0dB [pso]  snr=+8.0dB [pso]  snr=+10.0dB [pso]  snr=+12.0dB [pso]  snr=+14.0dB [pso]  snr=+16.0dB [pso]  snr=+18.0dB [pso]  snr=+20.0dB [pso]Done (53.75s)
Estimator batch 340/2000 (active points 8/22) ...   snr=+6.0dB [pso]  snr=+8.0dB [pso]  snr=+10.0dB [pso]  snr=+12.0dB [pso]  snr=+14.0dB [pso]  snr=+16.0dB [pso]  snr=+18.0dB [pso]  snr=+20.0dB [pso]Done (48.90s)
Estimator batch 341/2000 (active points 8/22) ...   snr=+6.0dB [pso]  snr=+8.0dB [pso]  snr=+10.0dB [pso]  snr=+12.0dB [pso]  snr=+14.0dB [pso]  snr=+16.0dB [pso]  snr=+18.0dB [pso]  snr=+20.0dB [pso]Done (49.86s)
Estimator batch 342/2000 (active points 8/22) ...   snr=+6.0dB [pso]  snr=+8.0dB [pso]  snr=+10.0dB [pso]  snr=+12.0dB [pso]  snr=+14.0dB [pso]  snr=+16.0dB [pso]  snr=+18.0dB [pso]  snr=+20.0dB [pso]Done (50.26s)
Estimator batch 343/2000 (active points 8/22) ...   snr=+6.0dB [pso]  snr=+8.0dB [pso]  snr=+10.0dB [pso]  snr=+12.0dB [pso]  snr=+14.0dB [pso]  snr=+16.0dB [pso]  snr=+18.0dB [pso]  snr=+20.0dB [pso]Done (48.95s)
Estimator batch 344/2000 (active points 8/22) ...   snr=+6.0dB [pso]  snr=+8.0dB [pso]  snr=+10.0dB [pso]  snr=+12.0dB [pso]  snr=+14.0dB [pso]  snr=+16.0dB [pso]  snr=+18.0dB [pso]  snr=+20.0dB [pso]Done (45.78s)
Estimator batch 345/2000 (active points 8/22) ...   snr=+6.0dB [pso]  snr=+8.0dB [pso]  snr=+10.0dB [pso]  snr=+12.0dB [pso]  snr=+14.0dB [pso]  snr=+16.0dB [pso]  snr=+18.0dB [pso]  snr=+20.0dB [pso]Done (46.80s)
Estimator batch 346/2000 (active points 8/22) ...   snr=+6.0dB [pso]  snr=+8.0dB [pso]  snr=+10.0dB [pso]  snr=+12.0dB [pso]  snr=+14.0dB [pso]  snr=+16.0dB [pso]  snr=+18.0dB [pso]  snr=+20.0dB [pso]Done (46.23s)
Estimator batch 347/2000 (active points 8/22) ...   snr=+6.0dB [pso]  snr=+8.0dB [pso]  snr=+10.0dB [pso]  snr=+12.0dB [pso]  snr=+14.0dB [pso]  snr=+16.0dB [pso]  snr=+18.0dB [pso]  snr=+20.0dB [pso]Done (58.43s)
Estimator batch 348/2000 (active points 8/22) ...   snr=+6.0dB [pso]  snr=+8.0dB [pso]  snr=+10.0dB [pso]  snr=+12.0dB [pso]  snr=+14.0dB [pso]  snr=+16.0dB [pso]  snr=+18.0dB [pso]  snr=+20.0dB [pso]Done (54.08s)
Estimator batch 349/2000 (active points 8/22) ...   snr=+6.0dB [pso]  snr=+8.0dB [pso]  snr=+10.0dB [pso]  snr=+12.0dB [pso]  snr=+14.0dB [pso]  snr=+16.0dB [pso]  snr=+18.0dB [pso]  snr=+20.0dB [pso]Done (46.54s)
Estimator batch 350/2000 (active points 8/22) ...   snr=+6.0dB [pso]  snr=+8.0dB [pso]  snr=+10.0dB [pso]  snr=+12.0dB [pso]  snr=+14.0dB [pso]  snr=+16.0dB [pso]  snr=+18.0dB [pso]  snr=+20.0dB [pso]Done (44.00s)
Estimator batch 351/2000 (active points 8/22) ...   snr=+6.0dB [pso]  snr=+8.0dB [pso]  snr=+10.0dB [pso]  snr=+12.0dB [pso]  snr=+14.0dB [pso]  snr=+16.0dB [pso]  snr=+18.0dB [pso]  snr=+20.0dB [pso]Done (53.56s)
Estimator batch 352/2000 (active points 8/22) ...   snr=+6.0dB [pso]  snr=+8.0dB [pso]  snr=+10.0dB [pso]  snr=+12.0dB [pso]  snr=+14.0dB [pso]  snr=+16.0dB [pso]  snr=+18.0dB [pso]  snr=+20.0dB [pso]Done (53.95s)
Estimator batch 353/2000 (active points 8/22) ...   snr=+6.0dB [pso]  snr=+8.0dB [pso]  snr=+10.0dB [pso]  snr=+12.0dB [pso]  snr=+14.0dB [pso]  snr=+16.0dB [pso]  snr=+18.0dB [pso]  snr=+20.0dB [pso]Done (49.17s)
Estimator batch 354/2000 (active points 8/22) ...   snr=+6.0dB [pso]  snr=+8.0dB [pso]  snr=+10.0dB [pso]  snr=+12.0dB [pso]  snr=+14.0dB [pso]  snr=+16.0dB [pso]  snr=+18.0dB [pso]  snr=+20.0dB [pso]Done (51.01s)
Estimator batch 355/2000 (active points 8/22) ...   snr=+6.0dB [pso]  snr=+8.0dB [pso]  snr=+10.0dB [pso]  snr=+12.0dB [pso]  snr=+14.0dB [pso]  snr=+16.0dB [pso]  snr=+18.0dB [pso]  snr=+20.0dB [pso]Done (48.28s)
Estimator batch 356/2000 (active points 8/22) ...   snr=+6.0dB [pso]  snr=+8.0dB [pso]  snr=+10.0dB [pso]  snr=+12.0dB [pso]  snr=+14.0dB [pso]  snr=+16.0dB [pso]  snr=+18.0dB [pso]  snr=+20.0dB [pso]Done (46.64s)
Estimator batch 357/2000 (active points 8/22) ...   snr=+6.0dB [pso]  snr=+8.0dB [pso]  snr=+10.0dB [pso]  snr=+12.0dB [pso]  snr=+14.0dB [pso]  snr=+16.0dB [pso]  snr=+18.0dB [pso]  snr=+20.0dB [pso]Done (45.81s)
Estimator batch 358/2000 (active points 8/22) ...   snr=+6.0dB [pso]  snr=+8.0dB [pso]  snr=+10.0dB [pso]  snr=+12.0dB [pso]  snr=+14.0dB [pso]  snr=+16.0dB [pso]  snr=+18.0dB [pso]  snr=+20.0dB [pso]Done (48.79s)
Estimator batch 359/2000 (active points 8/22) ...   snr=+6.0dB [pso]  snr=+8.0dB [pso]  snr=+10.0dB [pso]  snr=+12.0dB [pso]  snr=+14.0dB [pso]  snr=+16.0dB [pso]  snr=+18.0dB [pso]  snr=+20.0dB [pso]Done (49.72s)
Estimator batch 360/2000 (active points 8/22) ...   snr=+6.0dB [pso]  snr=+8.0dB [pso]  snr=+10.0dB [pso]  snr=+12.0dB [pso]  snr=+14.0dB [pso]  snr=+16.0dB [pso]  snr=+18.0dB [pso]  snr=+20.0dB [pso]Done (50.08s)
Estimator batch 361/2000 (active points 8/22) ...   snr=+6.0dB [pso]  snr=+8.0dB [pso]  snr=+10.0dB [pso]  snr=+12.0dB [pso]  snr=+14.0dB [pso]  snr=+16.0dB [pso]  snr=+18.0dB [pso]  snr=+20.0dB [pso]Done (49.34s)
Estimator batch 362/2000 (active points 8/22) ...   snr=+6.0dB [pso]  snr=+8.0dB [pso]  snr=+10.0dB [pso]  snr=+12.0dB [pso]  snr=+14.0dB [pso]  snr=+16.0dB [pso]  snr=+18.0dB [pso]  snr=+20.0dB [pso]Done (49.62s)
Estimator batch 363/2000 (active points 8/22) ...   snr=+6.0dB [pso]  snr=+8.0dB [pso]  snr=+10.0dB [pso]  snr=+12.0dB [pso]  snr=+14.0dB [pso]  snr=+16.0dB [pso]  snr=+18.0dB [pso]  snr=+20.0dB [pso]Done (48.96s)
Estimator batch 364/2000 (active points 8/22) ...   snr=+6.0dB [pso]  snr=+8.0dB [pso]  snr=+10.0dB [pso]  snr=+12.0dB [pso]  snr=+14.0dB [pso]  snr=+16.0dB [pso]  snr=+18.0dB [pso]  snr=+20.0dB [pso]Done (42.32s)
Estimator batch 365/2000 (active points 8/22) ...   snr=+6.0dB [pso]  snr=+8.0dB [pso]  snr=+10.0dB [pso]  snr=+12.0dB [pso]  snr=+14.0dB [pso]  snr=+16.0dB [pso]  snr=+18.0dB [pso]  snr=+20.0dB [pso]Done (45.98s)
Estimator batch 366/2000 (active points 8/22) ...   snr=+6.0dB [pso]  snr=+8.0dB [pso]  snr=+10.0dB [pso]  snr=+12.0dB [pso]  snr=+14.0dB [pso]  snr=+16.0dB [pso]  snr=+18.0dB [pso]  snr=+20.0dB [pso]Done (45.23s)
Estimator batch 367/2000 (active points 8/22) ...   snr=+6.0dB [pso]  snr=+8.0dB [pso]  snr=+10.0dB [pso]  snr=+12.0dB [pso]  snr=+14.0dB [pso]  snr=+16.0dB [pso]  snr=+18.0dB [pso]  snr=+20.0dB [pso]Done (46.84s)
Estimator batch 368/2000 (active points 8/22) ...   snr=+6.0dB [pso]  snr=+8.0dB [pso]  snr=+10.0dB [pso]  snr=+12.0dB [pso]  snr=+14.0dB [pso]  snr=+16.0dB [pso]  snr=+18.0dB [pso]  snr=+20.0dB [pso]Done (52.02s)
Estimator batch 369/2000 (active points 8/22) ...   snr=+6.0dB [pso]  snr=+8.0dB [pso]  snr=+10.0dB [pso]  snr=+12.0dB [pso]  snr=+14.0dB [pso]  snr=+16.0dB [pso]  snr=+18.0dB [pso]  snr=+20.0dB [pso]Done (46.61s)
Estimator batch 370/2000 (active points 8/22) ...   snr=+6.0dB [pso]  snr=+8.0dB [pso]  snr=+10.0dB [pso]  snr=+12.0dB [pso]  snr=+14.0dB [pso]  snr=+16.0dB [pso]  snr=+18.0dB [pso]  snr=+20.0dB [pso]Done (50.30s)
Estimator batch 371/2000 (active points 8/22) ...   snr=+6.0dB [pso]  snr=+8.0dB [pso]  snr=+10.0dB [pso]  snr=+12.0dB [pso]  snr=+14.0dB [pso]  snr=+16.0dB [pso]  snr=+18.0dB [pso]  snr=+20.0dB [pso]Done (47.82s)
Estimator batch 372/2000 (active points 8/22) ...   snr=+6.0dB [pso]  snr=+8.0dB [pso]  snr=+10.0dB [pso]  snr=+12.0dB [pso]  snr=+14.0dB [pso]  snr=+16.0dB [pso]  snr=+18.0dB [pso]  snr=+20.0dB [pso]Done (46.81s)
Estimator batch 373/2000 (active points 8/22) ...   snr=+6.0dB [pso]  snr=+8.0dB [pso]  snr=+10.0dB [pso]  snr=+12.0dB [pso]  snr=+14.0dB [pso]  snr=+16.0dB [pso]  snr=+18.0dB [pso]  snr=+20.0dB [pso]Done (54.70s)
Estimator batch 374/2000 (active points 8/22) ...   snr=+6.0dB [pso]  snr=+8.0dB [pso]  snr=+10.0dB [pso]  snr=+12.0dB [pso]  snr=+14.0dB [pso]  snr=+16.0dB [pso]  snr=+18.0dB [pso]  snr=+20.0dB [pso]Done (48.25s)
Estimator batch 375/2000 (active points 8/22) ...   snr=+6.0dB [pso]  snr=+8.0dB [pso]  snr=+10.0dB [pso]  snr=+12.0dB [pso]  snr=+14.0dB [pso]  snr=+16.0dB [pso]  snr=+18.0dB [pso]  snr=+20.0dB [pso]Done (45.07s)
Estimator batch 376/2000 (active points 8/22) ...   snr=+6.0dB [pso]  snr=+8.0dB [pso]  snr=+10.0dB [pso]  snr=+12.0dB [pso]  snr=+14.0dB [pso]  snr=+16.0dB [pso]  snr=+18.0dB [pso]  snr=+20.0dB [pso]Done (50.09s)
Estimator batch 377/2000 (active points 8/22) ...   snr=+6.0dB [pso]  snr=+8.0dB [pso]  snr=+10.0dB [pso]  snr=+12.0dB [pso]  snr=+14.0dB [pso]  snr=+16.0dB [pso]  snr=+18.0dB [pso]  snr=+20.0dB [pso]Done (44.59s)
Estimator batch 378/2000 (active points 8/22) ...   snr=+6.0dB [pso]  snr=+8.0dB [pso]  snr=+10.0dB [pso]  snr=+12.0dB [pso]  snr=+14.0dB [pso]  snr=+16.0dB [pso]  snr=+18.0dB [pso]  snr=+20.0dB [pso]Done (46.70s)
Estimator batch 379/2000 (active points 8/22) ...   snr=+6.0dB [pso]  snr=+8.0dB [pso]  snr=+10.0dB [pso]  snr=+12.0dB [pso]  snr=+14.0dB [pso]  snr=+16.0dB [pso]  snr=+18.0dB [pso]  snr=+20.0dB [pso]Done (47.36s)
Estimator batch 380/2000 (active points 8/22) ...   snr=+6.0dB [pso]  snr=+8.0dB [pso]  snr=+10.0dB [pso]  snr=+12.0dB [pso]  snr=+14.0dB [pso]  snr=+16.0dB [pso]  snr=+18.0dB [pso]  snr=+20.0dB [pso]Done (46.36s)
Estimator batch 381/2000 (active points 8/22) ...   snr=+6.0dB [pso]  snr=+8.0dB [pso]  snr=+10.0dB [pso]  snr=+12.0dB [pso]  snr=+14.0dB [pso]  snr=+16.0dB [pso]  snr=+18.0dB [pso]  snr=+20.0dB [pso]Done (47.09s)
Estimator batch 382/2000 (active points 8/22) ...   snr=+6.0dB [pso]  snr=+8.0dB [pso]  snr=+10.0dB [pso]  snr=+12.0dB [pso]  snr=+14.0dB [pso]  snr=+16.0dB [pso]  snr=+18.0dB [pso]  snr=+20.0dB [pso]Done (48.22s)
Estimator batch 383/2000 (active points 8/22) ...   snr=+6.0dB [pso]  snr=+8.0dB [pso]  snr=+10.0dB [pso]  snr=+12.0dB [pso]  snr=+14.0dB [pso]  snr=+16.0dB [pso]  snr=+18.0dB [pso]  snr=+20.0dB [pso]Done (47.57s)
Estimator batch 384/2000 (active points 8/22) ...   snr=+6.0dB [pso]  snr=+8.0dB [pso]  snr=+10.0dB [pso]  snr=+12.0dB [pso]  snr=+14.0dB [pso]  snr=+16.0dB [pso]  snr=+18.0dB [pso]  snr=+20.0dB [pso]Done (46.11s)
Estimator batch 385/2000 (active points 8/22) ...   snr=+6.0dB [pso]  snr=+8.0dB [pso]  snr=+10.0dB [pso]  snr=+12.0dB [pso]  snr=+14.0dB [pso]  snr=+16.0dB [pso]  snr=+18.0dB [pso]  snr=+20.0dB [pso]Done (46.55s)
Estimator batch 386/2000 (active points 8/22) ...   snr=+6.0dB [pso]  snr=+8.0dB [pso]  snr=+10.0dB [pso]  snr=+12.0dB [pso]  snr=+14.0dB [pso]  snr=+16.0dB [pso]  snr=+18.0dB [pso]  snr=+20.0dB [pso]Done (46.12s)
Estimator batch 387/2000 (active points 8/22) ...   snr=+6.0dB [pso]  snr=+8.0dB [pso]  snr=+10.0dB [pso]  snr=+12.0dB [pso]  snr=+14.0dB [pso]  snr=+16.0dB [pso]  snr=+18.0dB [pso]  snr=+20.0dB [pso]Done (46.88s)
Estimator batch 388/2000 (active points 8/22) ...   snr=+6.0dB [pso]  snr=+8.0dB [pso]  snr=+10.0dB [pso]  snr=+12.0dB [pso]  snr=+14.0dB [pso]  snr=+16.0dB [pso]  snr=+18.0dB [pso]  snr=+20.0dB [pso]Done (46.86s)
Estimator batch 389/2000 (active points 8/22) ...   snr=+6.0dB [pso]  snr=+8.0dB [pso]  snr=+10.0dB [pso]  snr=+12.0dB [pso]  snr=+14.0dB [pso]  snr=+16.0dB [pso]  snr=+18.0dB [pso]  snr=+20.0dB [pso]Done (51.27s)
Estimator batch 390/2000 (active points 8/22) ...   snr=+6.0dB [pso]  snr=+8.0dB [pso]  snr=+10.0dB [pso]  snr=+12.0dB [pso]  snr=+14.0dB [pso]  snr=+16.0dB [pso]  snr=+18.0dB [pso]  snr=+20.0dB [pso]Done (43.81s)
Estimator batch 391/2000 (active points 8/22) ...   snr=+6.0dB [pso]  snr=+8.0dB [pso]  snr=+10.0dB [pso]  snr=+12.0dB [pso]  snr=+14.0dB [pso]  snr=+16.0dB [pso]  snr=+18.0dB [pso]  snr=+20.0dB [pso]Done (46.80s)
Estimator batch 392/2000 (active points 8/22) ...   snr=+6.0dB [pso]  snr=+8.0dB [pso]  snr=+10.0dB [pso]  snr=+12.0dB [pso]  snr=+14.0dB [pso]  snr=+16.0dB [pso]  snr=+18.0dB [pso]  snr=+20.0dB [pso]Done (47.02s)
Estimator batch 393/2000 (active points 8/22) ...   snr=+6.0dB [pso]  snr=+8.0dB [pso]  snr=+10.0dB [pso]  snr=+12.0dB [pso]  snr=+14.0dB [pso]  snr=+16.0dB [pso]  snr=+18.0dB [pso]  snr=+20.0dB [pso]Done (48.80s)
Estimator batch 394/2000 (active points 8/22) ...   snr=+6.0dB [pso]  snr=+8.0dB [pso]  snr=+10.0dB [pso]  snr=+12.0dB [pso]  snr=+14.0dB [pso]  snr=+16.0dB [pso]  snr=+18.0dB [pso]  snr=+20.0dB [pso]Done (43.19s)
Estimator batch 395/2000 (active points 8/22) ...   snr=+6.0dB [pso]  snr=+8.0dB [pso]  snr=+10.0dB [pso]  snr=+12.0dB [pso]  snr=+14.0dB [pso]  snr=+16.0dB [pso]  snr=+18.0dB [pso]  snr=+20.0dB [pso]Done (46.15s)
Estimator batch 396/2000 (active points 8/22) ...   snr=+6.0dB [pso]  snr=+8.0dB [pso]  snr=+10.0dB [pso]  snr=+12.0dB [pso]  snr=+14.0dB [pso]  snr=+16.0dB [pso]  snr=+18.0dB [pso]  snr=+20.0dB [pso]Done (47.28s)
Estimator batch 397/2000 (active points 8/22) ...   snr=+6.0dB [pso]  snr=+8.0dB [pso]  snr=+10.0dB [pso]  snr=+12.0dB [pso]  snr=+14.0dB [pso]  snr=+16.0dB [pso]  snr=+18.0dB [pso]  snr=+20.0dB [pso]Done (49.88s)
Estimator batch 398/2000 (active points 8/22) ...   snr=+6.0dB [pso]  snr=+8.0dB [pso]  snr=+10.0dB [pso]  snr=+12.0dB [pso]  snr=+14.0dB [pso]  snr=+16.0dB [pso]  snr=+18.0dB [pso]  snr=+20.0dB [pso]Done (48.84s)
Estimator batch 399/2000 (active points 8/22) ...   snr=+6.0dB [pso]  snr=+8.0dB [pso]  snr=+10.0dB [pso]  snr=+12.0dB [pso]  snr=+14.0dB [pso]  snr=+16.0dB [pso]  snr=+18.0dB [pso]  snr=+20.0dB [pso]Done (44.71s)
Estimator batch 400/2000 (active points 8/22) ...   snr=+6.0dB [pso]  snr=+8.0dB [pso]  snr=+10.0dB [pso]  snr=+12.0dB [pso]  snr=+14.0dB [pso]  snr=+16.0dB [pso]  snr=+18.0dB [pso]  snr=+20.0dB [pso]Done (49.85s)
Estimator batch 401/2000 (active points 8/22) ...   snr=+6.0dB [pso]  snr=+8.0dB [pso]  snr=+10.0dB [pso]  snr=+12.0dB [pso]  snr=+14.0dB [pso]  snr=+16.0dB [pso]  snr=+18.0dB [pso]  snr=+20.0dB [pso]Done (43.32s)
Estimator batch 402/2000 (active points 8/22) ...   snr=+6.0dB [pso]  snr=+8.0dB [pso]  snr=+10.0dB [pso]  snr=+12.0dB [pso]  snr=+14.0dB [pso]  snr=+16.0dB [pso]  snr=+18.0dB [pso]  snr=+20.0dB [pso]Done (45.08s)
Estimator batch 403/2000 (active points 8/22) ...   snr=+6.0dB [pso]  snr=+8.0dB [pso]  snr=+10.0dB [pso]  snr=+12.0dB [pso]  snr=+14.0dB [pso]  snr=+16.0dB [pso]  snr=+18.0dB [pso]  snr=+20.0dB [pso]Done (46.59s)
Estimator batch 404/2000 (active points 8/22) ...   snr=+6.0dB [pso]  snr=+8.0dB [pso]  snr=+10.0dB [pso]  snr=+12.0dB [pso]  snr=+14.0dB [pso]  snr=+16.0dB [pso]  snr=+18.0dB [pso]  snr=+20.0dB [pso]Done (44.37s)
Estimator batch 405/2000 (active points 8/22) ...   snr=+6.0dB [pso]  snr=+8.0dB [pso]  snr=+10.0dB [pso]  snr=+12.0dB [pso]  snr=+14.0dB [pso]  snr=+16.0dB [pso]  snr=+18.0dB [pso]  snr=+20.0dB [pso]Done (46.93s)
Estimator batch 406/2000 (active points 8/22) ...   snr=+6.0dB [pso]  snr=+8.0dB [pso]  snr=+10.0dB [pso]  snr=+12.0dB [pso]  snr=+14.0dB [pso]  snr=+16.0dB [pso]  snr=+18.0dB [pso]  snr=+20.0dB [pso]Done (46.28s)
Estimator batch 407/2000 (active points 8/22) ...   snr=+6.0dB [pso]  snr=+8.0dB [pso]  snr=+10.0dB [pso]  snr=+12.0dB [pso]  snr=+14.0dB [pso]  snr=+16.0dB [pso]  snr=+18.0dB [pso]  snr=+20.0dB [pso]Done (42.92s)
Estimator batch 408/2000 (active points 8/22) ...   snr=+6.0dB [pso]  snr=+8.0dB [pso]  snr=+10.0dB [pso]  snr=+12.0dB [pso]  snr=+14.0dB [pso]  snr=+16.0dB [pso]  snr=+18.0dB [pso]  snr=+20.0dB [pso]Done (48.36s)
Estimator batch 409/2000 (active points 8/22) ...   snr=+6.0dB [pso]  snr=+8.0dB [pso]  snr=+10.0dB [pso]  snr=+12.0dB [pso]  snr=+14.0dB [pso]  snr=+16.0dB [pso]  snr=+18.0dB [pso]  snr=+20.0dB [pso]Done (47.27s)
Estimator batch 410/2000 (active points 8/22) ...   snr=+6.0dB [pso]  snr=+8.0dB [pso]  snr=+10.0dB [pso]  snr=+12.0dB [pso]  snr=+14.0dB [pso]  snr=+16.0dB [pso]  snr=+18.0dB [pso]  snr=+20.0dB [pso]Done (50.07s)
Estimator batch 411/2000 (active points 8/22) ...   snr=+6.0dB [pso]  snr=+8.0dB [pso]  snr=+10.0dB [pso]  snr=+12.0dB [pso]  snr=+14.0dB [pso]  snr=+16.0dB [pso]  snr=+18.0dB [pso]  snr=+20.0dB [pso]Done (45.15s)
Estimator batch 412/2000 (active points 8/22) ...   snr=+6.0dB [pso]  snr=+8.0dB [pso]  snr=+10.0dB [pso]  snr=+12.0dB [pso]  snr=+14.0dB [pso]  snr=+16.0dB [pso]  snr=+18.0dB [pso]  snr=+20.0dB [pso]Done (47.96s)
Estimator batch 413/2000 (active points 8/22) ...   snr=+6.0dB [pso]  snr=+8.0dB [pso]  snr=+10.0dB [pso]  snr=+12.0dB [pso]  snr=+14.0dB [pso]  snr=+16.0dB [pso]  snr=+18.0dB [pso]  snr=+20.0dB [pso]Done (49.33s)
Estimator batch 414/2000 (active points 8/22) ...   snr=+6.0dB [pso]  snr=+8.0dB [pso]  snr=+10.0dB [pso]  snr=+12.0dB [pso]  snr=+14.0dB [pso]  snr=+16.0dB [pso]  snr=+18.0dB [pso]  snr=+20.0dB [pso]Done (42.84s)
Estimator batch 415/2000 (active points 8/22) ...   snr=+6.0dB [pso]  snr=+8.0dB [pso]  snr=+10.0dB [pso]  snr=+12.0dB [pso]  snr=+14.0dB [pso]  snr=+16.0dB [pso]  snr=+18.0dB [pso]  snr=+20.0dB [pso]Done (46.81s)
Estimator batch 416/2000 (active points 8/22) ...   snr=+6.0dB [pso]  snr=+8.0dB [pso]  snr=+10.0dB [pso]  snr=+12.0dB [pso]  snr=+14.0dB [pso]  snr=+16.0dB [pso]  snr=+18.0dB [pso]  snr=+20.0dB [pso]Done (45.10s)
Estimator batch 417/2000 (active points 8/22) ...   snr=+6.0dB [pso]  snr=+8.0dB [pso]  snr=+10.0dB [pso]  snr=+12.0dB [pso]  snr=+14.0dB [pso]  snr=+16.0dB [pso]  snr=+18.0dB [pso]  snr=+20.0dB [pso]Done (50.73s)
Estimator batch 418/2000 (active points 8/22) ...   snr=+6.0dB [pso]  snr=+8.0dB [pso]  snr=+10.0dB [pso]  snr=+12.0dB [pso]  snr=+14.0dB [pso]  snr=+16.0dB [pso]  snr=+18.0dB [pso]  snr=+20.0dB [pso]Done (45.94s)
Estimator batch 419/2000 (active points 8/22) ...   snr=+6.0dB [pso]  snr=+8.0dB [pso]  snr=+10.0dB [pso]  snr=+12.0dB [pso]  snr=+14.0dB [pso]  snr=+16.0dB [pso]  snr=+18.0dB [pso]  snr=+20.0dB [pso]Done (45.76s)
Estimator batch 420/2000 (active points 8/22) ...   snr=+6.0dB [pso]  snr=+8.0dB [pso]  snr=+10.0dB [pso]  snr=+12.0dB [pso]  snr=+14.0dB [pso]  snr=+16.0dB [pso]  snr=+18.0dB [pso]  snr=+20.0dB [pso]Done (48.49s)
Estimator batch 421/2000 (active points 8/22) ...   snr=+6.0dB [pso]  snr=+8.0dB [pso]  snr=+10.0dB [pso]  snr=+12.0dB [pso]  snr=+14.0dB [pso]  snr=+16.0dB [pso]  snr=+18.0dB [pso]  snr=+20.0dB [pso]Done (47.39s)
Estimator batch 422/2000 (active points 8/22) ...   snr=+6.0dB [pso]  snr=+8.0dB [pso]  snr=+10.0dB [pso]  snr=+12.0dB [pso]  snr=+14.0dB [pso]  snr=+16.0dB [pso]  snr=+18.0dB [pso]  snr=+20.0dB [pso]Done (47.82s)
Estimator batch 423/2000 (active points 8/22) ...   snr=+6.0dB [pso]  snr=+8.0dB [pso]  snr=+10.0dB [pso]  snr=+12.0dB [pso]  snr=+14.0dB [pso]  snr=+16.0dB [pso]  snr=+18.0dB [pso]  snr=+20.0dB [pso]Done (45.44s)
Estimator batch 424/2000 (active points 8/22) ...   snr=+6.0dB [pso]  snr=+8.0dB [pso]  snr=+10.0dB [pso]  snr=+12.0dB [pso]  snr=+14.0dB [pso]  snr=+16.0dB [pso]  snr=+18.0dB [pso]  snr=+20.0dB [pso]Done (47.86s)
Estimator batch 425/2000 (active points 8/22) ...   snr=+6.0dB [pso]  snr=+8.0dB [pso]  snr=+10.0dB [pso]  snr=+12.0dB [pso]  snr=+14.0dB [pso]  snr=+16.0dB [pso]  snr=+18.0dB [pso]  snr=+20.0dB [pso]Done (48.23s)
Estimator batch 426/2000 (active points 8/22) ...   snr=+6.0dB [pso]  snr=+8.0dB [pso]  snr=+10.0dB [pso]  snr=+12.0dB [pso]  snr=+14.0dB [pso]  snr=+16.0dB [pso]  snr=+18.0dB [pso]  snr=+20.0dB [pso]Done (48.10s)
Estimator batch 427/2000 (active points 8/22) ...   snr=+6.0dB [pso]  snr=+8.0dB [pso]  snr=+10.0dB [pso]  snr=+12.0dB [pso]  snr=+14.0dB [pso]  snr=+16.0dB [pso]  snr=+18.0dB [pso]  snr=+20.0dB [pso]Done (44.18s)
Estimator batch 428/2000 (active points 8/22) ...   snr=+6.0dB [pso]  snr=+8.0dB [pso]  snr=+10.0dB [pso]  snr=+12.0dB [pso]  snr=+14.0dB [pso]  snr=+16.0dB [pso]  snr=+18.0dB [pso]  snr=+20.0dB [pso]Done (45.31s)
Estimator batch 429/2000 (active points 8/22) ...   snr=+6.0dB [pso]  snr=+8.0dB [pso]  snr=+10.0dB [pso]  snr=+12.0dB [pso]  snr=+14.0dB [pso]  snr=+16.0dB [pso]  snr=+18.0dB [pso]  snr=+20.0dB [pso]Done (45.16s)
Estimator batch 430/2000 (active points 8/22) ...   snr=+6.0dB [pso]  snr=+8.0dB [pso]  snr=+10.0dB [pso]  snr=+12.0dB [pso]  snr=+14.0dB [pso]  snr=+16.0dB [pso]  snr=+18.0dB [pso]  snr=+20.0dB [pso]Done (47.58s)
Estimator batch 431/2000 (active points 8/22) ...   snr=+6.0dB [pso]  snr=+8.0dB [pso]  snr=+10.0dB [pso]  snr=+12.0dB [pso]  snr=+14.0dB [pso]  snr=+16.0dB [pso]  snr=+18.0dB [pso]  snr=+20.0dB [pso]Done (47.06s)
Estimator batch 432/2000 (active points 8/22) ...   snr=+6.0dB [pso]  snr=+8.0dB [pso]  snr=+10.0dB [pso]  snr=+12.0dB [pso]  snr=+14.0dB [pso]  snr=+16.0dB [pso]  snr=+18.0dB [pso]  snr=+20.0dB [pso]Done (46.73s)
Estimator batch 433/2000 (active points 8/22) ...   snr=+6.0dB [pso]  snr=+8.0dB [pso]  snr=+10.0dB [pso]  snr=+12.0dB [pso]  snr=+14.0dB [pso]  snr=+16.0dB [pso]  snr=+18.0dB [pso]  snr=+20.0dB [pso]Done (47.42s)
Estimator batch 434/2000 (active points 8/22) ...   snr=+6.0dB [pso]  snr=+8.0dB [pso]  snr=+10.0dB [pso]  snr=+12.0dB [pso]  snr=+14.0dB [pso]  snr=+16.0dB [pso]  snr=+18.0dB [pso]  snr=+20.0dB [pso]Done (46.28s)
Estimator batch 435/2000 (active points 8/22) ...   snr=+6.0dB [pso]  snr=+8.0dB [pso]  snr=+10.0dB [pso]  snr=+12.0dB [pso]  snr=+14.0dB [pso]  snr=+16.0dB [pso]  snr=+18.0dB [pso]  snr=+20.0dB [pso]Done (49.09s)
Estimator batch 436/2000 (active points 8/22) ...   snr=+6.0dB [pso]  snr=+8.0dB [pso]  snr=+10.0dB [pso]  snr=+12.0dB [pso]  snr=+14.0dB [pso]  snr=+16.0dB [pso]  snr=+18.0dB [pso]  snr=+20.0dB [pso]Done (49.22s)
Estimator batch 437/2000 (active points 8/22) ...   snr=+6.0dB [pso]  snr=+8.0dB [pso]  snr=+10.0dB [pso]  snr=+12.0dB [pso]  snr=+14.0dB [pso]  snr=+16.0dB [pso]  snr=+18.0dB [pso]  snr=+20.0dB [pso]Done (45.80s)
Estimator batch 438/2000 (active points 8/22) ...   snr=+6.0dB [pso]  snr=+8.0dB [pso]  snr=+10.0dB [pso]  snr=+12.0dB [pso]  snr=+14.0dB [pso]  snr=+16.0dB [pso]  snr=+18.0dB [pso]  snr=+20.0dB [pso]Done (49.10s)
Estimator batch 439/2000 (active points 8/22) ...   snr=+6.0dB [pso]  snr=+8.0dB [pso]  snr=+10.0dB [pso]  snr=+12.0dB [pso]  snr=+14.0dB [pso]  snr=+16.0dB [pso]  snr=+18.0dB [pso]  snr=+20.0dB [pso]Done (46.05s)
Estimator batch 440/2000 (active points 8/22) ...   snr=+6.0dB [pso]  snr=+8.0dB [pso]  snr=+10.0dB [pso]  snr=+12.0dB [pso]  snr=+14.0dB [pso]  snr=+16.0dB [pso]  snr=+18.0dB [pso]  snr=+20.0dB [pso]Done (49.49s)
Estimator batch 441/2000 (active points 8/22) ...   snr=+6.0dB [pso]  snr=+8.0dB [pso]  snr=+10.0dB [pso]  snr=+12.0dB [pso]  snr=+14.0dB [pso]  snr=+16.0dB [pso]  snr=+18.0dB [pso]  snr=+20.0dB [pso]Done (47.67s)
Estimator batch 442/2000 (active points 8/22) ...   snr=+6.0dB [pso]  snr=+8.0dB [pso]  snr=+10.0dB [pso]  snr=+12.0dB [pso]  snr=+14.0dB [pso]  snr=+16.0dB [pso]  snr=+18.0dB [pso]  snr=+20.0dB [pso]Done (43.68s)
Estimator batch 443/2000 (active points 8/22) ...   snr=+6.0dB [pso]  snr=+8.0dB [pso]  snr=+10.0dB [pso]  snr=+12.0dB [pso]  snr=+14.0dB [pso]  snr=+16.0dB [pso]  snr=+18.0dB [pso]  snr=+20.0dB [pso]Done (51.68s)
Estimator batch 444/2000 (active points 8/22) ...   snr=+6.0dB [pso]  snr=+8.0dB [pso]  snr=+10.0dB [pso]  snr=+12.0dB [pso]  snr=+14.0dB [pso]  snr=+16.0dB [pso]  snr=+18.0dB [pso]  snr=+20.0dB [pso]Done (45.43s)
Estimator batch 445/2000 (active points 8/22) ...   snr=+6.0dB [pso]  snr=+8.0dB [pso]  snr=+10.0dB [pso]  snr=+12.0dB [pso]  snr=+14.0dB [pso]  snr=+16.0dB [pso]  snr=+18.0dB [pso]  snr=+20.0dB [pso]Done (47.29s)
Estimator batch 446/2000 (active points 8/22) ...   snr=+6.0dB [pso]  snr=+8.0dB [pso]  snr=+10.0dB [pso]  snr=+12.0dB [pso]  snr=+14.0dB [pso]  snr=+16.0dB [pso]  snr=+18.0dB [pso]  snr=+20.0dB [pso]Done (42.55s)
Estimator batch 447/2000 (active points 8/22) ...   snr=+6.0dB [pso]  snr=+8.0dB [pso]  snr=+10.0dB [pso]  snr=+12.0dB [pso]  snr=+14.0dB [pso]  snr=+16.0dB [pso]  snr=+18.0dB [pso]  snr=+20.0dB [pso]Done (43.01s)
Estimator batch 448/2000 (active points 8/22) ...   snr=+6.0dB [pso]  snr=+8.0dB [pso]  snr=+10.0dB [pso]  snr=+12.0dB [pso]  snr=+14.0dB [pso]  snr=+16.0dB [pso]  snr=+18.0dB [pso]  snr=+20.0dB [pso]Done (51.65s)
Estimator batch 449/2000 (active points 8/22) ...   snr=+6.0dB [pso]  snr=+8.0dB [pso]  snr=+10.0dB [pso]  snr=+12.0dB [pso]  snr=+14.0dB [pso]  snr=+16.0dB [pso]  snr=+18.0dB [pso]  snr=+20.0dB [pso]Done (45.90s)
Estimator batch 450/2000 (active points 8/22) ...   snr=+6.0dB [pso]  snr=+8.0dB [pso]  snr=+10.0dB [pso]  snr=+12.0dB [pso]  snr=+14.0dB [pso]  snr=+16.0dB [pso]  snr=+18.0dB [pso]  snr=+20.0dB [pso]Done (44.97s)
Estimator batch 451/2000 (active points 8/22) ...   snr=+6.0dB [pso]  snr=+8.0dB [pso]  snr=+10.0dB [pso]  snr=+12.0dB [pso]  snr=+14.0dB [pso]  snr=+16.0dB [pso]  snr=+18.0dB [pso]  snr=+20.0dB [pso]Done (43.61s)
Estimator batch 452/2000 (active points 8/22) ...   snr=+6.0dB [pso]  snr=+8.0dB [pso]  snr=+10.0dB [pso]  snr=+12.0dB [pso]  snr=+14.0dB [pso]  snr=+16.0dB [pso]  snr=+18.0dB [pso]  snr=+20.0dB [pso]Done (46.61s)
Estimator batch 453/2000 (active points 8/22) ...   snr=+6.0dB [pso]  snr=+8.0dB [pso]  snr=+10.0dB [pso]  snr=+12.0dB [pso]  snr=+14.0dB [pso]  snr=+16.0dB [pso]  snr=+18.0dB [pso]  snr=+20.0dB [pso]Done (48.78s)
Estimator batch 454/2000 (active points 8/22) ...   snr=+6.0dB [pso]  snr=+8.0dB [pso]  snr=+10.0dB [pso]  snr=+12.0dB [pso]  snr=+14.0dB [pso]  snr=+16.0dB [pso]  snr=+18.0dB [pso]  snr=+20.0dB [pso]Done (44.31s)
Estimator batch 455/2000 (active points 8/22) ...   snr=+6.0dB [pso]  snr=+8.0dB [pso]  snr=+10.0dB [pso]  snr=+12.0dB [pso]  snr=+14.0dB [pso]  snr=+16.0dB [pso]  snr=+18.0dB [pso]  snr=+20.0dB [pso]Done (47.05s)
Estimator batch 456/2000 (active points 8/22) ...   snr=+6.0dB [pso]  snr=+8.0dB [pso]  snr=+10.0dB [pso]  snr=+12.0dB [pso]  snr=+14.0dB [pso]  snr=+16.0dB [pso]  snr=+18.0dB [pso]  snr=+20.0dB [pso]Done (46.56s)
Estimator batch 457/2000 (active points 8/22) ...   snr=+6.0dB [pso]  snr=+8.0dB [pso]  snr=+10.0dB [pso]  snr=+12.0dB [pso]  snr=+14.0dB [pso]  snr=+16.0dB [pso]  snr=+18.0dB [pso]  snr=+20.0dB [pso]Done (47.02s)
Estimator batch 458/2000 (active points 8/22) ...   snr=+6.0dB [pso]  snr=+8.0dB [pso]  snr=+10.0dB [pso]  snr=+12.0dB [pso]  snr=+14.0dB [pso]  snr=+16.0dB [pso]  snr=+18.0dB [pso]  snr=+20.0dB [pso]Done (48.36s)
Estimator batch 459/2000 (active points 8/22) ...   snr=+6.0dB [pso]  snr=+8.0dB [pso]  snr=+10.0dB [pso]  snr=+12.0dB [pso]  snr=+14.0dB [pso]  snr=+16.0dB [pso]  snr=+18.0dB [pso]  snr=+20.0dB [pso]Done (53.17s)
Estimator batch 460/2000 (active points 8/22) ...   snr=+6.0dB [pso]  snr=+8.0dB [pso]  snr=+10.0dB [pso]  snr=+12.0dB [pso]  snr=+14.0dB [pso]  snr=+16.0dB [pso]  snr=+18.0dB [pso]  snr=+20.0dB [pso]Done (46.60s)
Estimator batch 461/2000 (active points 8/22) ...   snr=+6.0dB [pso]  snr=+8.0dB [pso]  snr=+10.0dB [pso]  snr=+12.0dB [pso]  snr=+14.0dB [pso]  snr=+16.0dB [pso]  snr=+18.0dB [pso]  snr=+20.0dB [pso]Done (46.21s)
Estimator batch 462/2000 (active points 8/22) ...   snr=+6.0dB [pso]  snr=+8.0dB [pso]  snr=+10.0dB [pso]  snr=+12.0dB [pso]  snr=+14.0dB [pso]  snr=+16.0dB [pso]  snr=+18.0dB [pso]  snr=+20.0dB [pso]Done (44.79s)
Estimator batch 463/2000 (active points 8/22) ...   snr=+6.0dB [pso]  snr=+8.0dB [pso]  snr=+10.0dB [pso]  snr=+12.0dB [pso]  snr=+14.0dB [pso]  snr=+16.0dB [pso]  snr=+18.0dB [pso]  snr=+20.0dB [pso]Done (43.70s)
Estimator batch 464/2000 (active points 8/22) ...   snr=+6.0dB [pso]  snr=+8.0dB [pso]  snr=+10.0dB [pso]  snr=+12.0dB [pso]  snr=+14.0dB [pso]  snr=+16.0dB [pso]  snr=+18.0dB [pso]  snr=+20.0dB [pso]Done (50.04s)
Estimator batch 465/2000 (active points 8/22) ...   snr=+6.0dB [pso]  snr=+8.0dB [pso]  snr=+10.0dB [pso]  snr=+12.0dB [pso]  snr=+14.0dB [pso]  snr=+16.0dB [pso]  snr=+18.0dB [pso]  snr=+20.0dB [pso]Done (50.01s)
Estimator batch 466/2000 (active points 8/22) ...   snr=+6.0dB [pso]  snr=+8.0dB [pso]  snr=+10.0dB [pso]  snr=+12.0dB [pso]  snr=+14.0dB [pso]  snr=+16.0dB [pso]  snr=+18.0dB [pso]  snr=+20.0dB [pso]Done (48.80s)
Estimator batch 467/2000 (active points 8/22) ...   snr=+6.0dB [pso]  snr=+8.0dB [pso]  snr=+10.0dB [pso]  snr=+12.0dB [pso]  snr=+14.0dB [pso]  snr=+16.0dB [pso]  snr=+18.0dB [pso]  snr=+20.0dB [pso]Done (47.91s)
Estimator batch 468/2000 (active points 8/22) ...   snr=+6.0dB [pso]  snr=+8.0dB [pso]  snr=+10.0dB [pso]  snr=+12.0dB [pso]  snr=+14.0dB [pso]  snr=+16.0dB [pso]  snr=+18.0dB [pso]  snr=+20.0dB [pso]Done (44.30s)
Estimator batch 469/2000 (active points 8/22) ...   snr=+6.0dB [pso]  snr=+8.0dB [pso]  snr=+10.0dB [pso]  snr=+12.0dB [pso]  snr=+14.0dB [pso]  snr=+16.0dB [pso]  snr=+18.0dB [pso]  snr=+20.0dB [pso]Done (48.65s)
Estimator batch 470/2000 (active points 8/22) ...   snr=+6.0dB [pso]  snr=+8.0dB [pso]  snr=+10.0dB [pso]  snr=+12.0dB [pso]  snr=+14.0dB [pso]  snr=+16.0dB [pso]  snr=+18.0dB [pso]  snr=+20.0dB [pso]Done (44.40s)
Estimator batch 471/2000 (active points 8/22) ...   snr=+6.0dB [pso]  snr=+8.0dB [pso]  snr=+10.0dB [pso]  snr=+12.0dB [pso]  snr=+14.0dB [pso]  snr=+16.0dB [pso]  snr=+18.0dB [pso]  snr=+20.0dB [pso]Done (42.83s)
Estimator batch 472/2000 (active points 8/22) ...   snr=+6.0dB [pso]  snr=+8.0dB [pso]  snr=+10.0dB [pso]  snr=+12.0dB [pso]  snr=+14.0dB [pso]  snr=+16.0dB [pso]  snr=+18.0dB [pso]  snr=+20.0dB [pso]Done (48.53s)
Estimator batch 473/2000 (active points 8/22) ...   snr=+6.0dB [pso]  snr=+8.0dB [pso]  snr=+10.0dB [pso]  snr=+12.0dB [pso]  snr=+14.0dB [pso]  snr=+16.0dB [pso]  snr=+18.0dB [pso]  snr=+20.0dB [pso]Done (43.71s)
Estimator batch 474/2000 (active points 8/22) ...   snr=+6.0dB [pso]  snr=+8.0dB [pso]  snr=+10.0dB [pso]  snr=+12.0dB [pso]  snr=+14.0dB [pso]  snr=+16.0dB [pso]  snr=+18.0dB [pso]  snr=+20.0dB [pso]Done (43.28s)
Estimator batch 475/2000 (active points 8/22) ...   snr=+6.0dB [pso]  snr=+8.0dB [pso]  snr=+10.0dB [pso]  snr=+12.0dB [pso]  snr=+14.0dB [pso]  snr=+16.0dB [pso]  snr=+18.0dB [pso]  snr=+20.0dB [pso]Done (50.07s)
Estimator batch 476/2000 (active points 8/22) ...   snr=+6.0dB [pso]  snr=+8.0dB [pso]  snr=+10.0dB [pso]  snr=+12.0dB [pso]  snr=+14.0dB [pso]  snr=+16.0dB [pso]  snr=+18.0dB [pso]  snr=+20.0dB [pso]Done (44.77s)
Estimator batch 477/2000 (active points 8/22) ...   snr=+6.0dB [pso]  snr=+8.0dB [pso]  snr=+10.0dB [pso]  snr=+12.0dB [pso]  snr=+14.0dB [pso]  snr=+16.0dB [pso]  snr=+18.0dB [pso]  snr=+20.0dB [pso]Done (49.85s)
Estimator batch 478/2000 (active points 8/22) ...   snr=+6.0dB [pso]  snr=+8.0dB [pso]  snr=+10.0dB [pso]  snr=+12.0dB [pso]  snr=+14.0dB [pso]  snr=+16.0dB [pso]  snr=+18.0dB [pso]  snr=+20.0dB [pso]Done (47.86s)
Estimator batch 479/2000 (active points 8/22) ...   snr=+6.0dB [pso]  snr=+8.0dB [pso]  snr=+10.0dB [pso]  snr=+12.0dB [pso]  snr=+14.0dB [pso]  snr=+16.0dB [pso]  snr=+18.0dB [pso]  snr=+20.0dB [pso]Done (48.52s)
Estimator batch 480/2000 (active points 8/22) ...   snr=+6.0dB [pso]  snr=+8.0dB [pso]  snr=+10.0dB [pso]  snr=+12.0dB [pso]  snr=+14.0dB [pso]  snr=+16.0dB [pso]  snr=+18.0dB [pso]  snr=+20.0dB [pso]Done (46.29s)
Estimator batch 481/2000 (active points 8/22) ...   snr=+6.0dB [pso]  snr=+8.0dB [pso]  snr=+10.0dB [pso]  snr=+12.0dB [pso]  snr=+14.0dB [pso]  snr=+16.0dB [pso]  snr=+18.0dB [pso]  snr=+20.0dB [pso]Done (48.71s)
Estimator batch 482/2000 (active points 8/22) ...   snr=+6.0dB [pso]  snr=+8.0dB [pso]  snr=+10.0dB [pso]  snr=+12.0dB [pso]  snr=+14.0dB [pso]  snr=+16.0dB [pso]  snr=+18.0dB [pso]  snr=+20.0dB [pso]Done (47.48s)
Estimator batch 483/2000 (active points 8/22) ...   snr=+6.0dB [pso]  snr=+8.0dB [pso]  snr=+10.0dB [pso]  snr=+12.0dB [pso]  snr=+14.0dB [pso]  snr=+16.0dB [pso]  snr=+18.0dB [pso]  snr=+20.0dB [pso]Done (48.62s)
Estimator batch 484/2000 (active points 8/22) ...   snr=+6.0dB [pso]  snr=+8.0dB [pso]  snr=+10.0dB [pso]  snr=+12.0dB [pso]  snr=+14.0dB [pso]  snr=+16.0dB [pso]  snr=+18.0dB [pso]  snr=+20.0dB [pso]Done (45.44s)
Estimator batch 485/2000 (active points 8/22) ...   snr=+6.0dB [pso]  snr=+8.0dB [pso]  snr=+10.0dB [pso]  snr=+12.0dB [pso]  snr=+14.0dB [pso]  snr=+16.0dB [pso]  snr=+18.0dB [pso]  snr=+20.0dB [pso]Done (44.32s)
Estimator batch 486/2000 (active points 8/22) ...   snr=+6.0dB [pso]  snr=+8.0dB [pso]  snr=+10.0dB [pso]  snr=+12.0dB [pso]  snr=+14.0dB [pso]  snr=+16.0dB [pso]  snr=+18.0dB [pso]  snr=+20.0dB [pso]Done (46.48s)
Estimator batch 487/2000 (active points 8/22) ...   snr=+6.0dB [pso]  snr=+8.0dB [pso]  snr=+10.0dB [pso]  snr=+12.0dB [pso]  snr=+14.0dB [pso]  snr=+16.0dB [pso]  snr=+18.0dB [pso]  snr=+20.0dB [pso]Done (50.41s)
Estimator batch 488/2000 (active points 8/22) ...   snr=+6.0dB [pso]  snr=+8.0dB [pso]  snr=+10.0dB [pso]  snr=+12.0dB [pso]  snr=+14.0dB [pso]  snr=+16.0dB [pso]  snr=+18.0dB [pso]  snr=+20.0dB [pso]Done (44.02s)
Estimator batch 489/2000 (active points 8/22) ...   snr=+6.0dB [pso]  snr=+8.0dB [pso]  snr=+10.0dB [pso]  snr=+12.0dB [pso]  snr=+14.0dB [pso]  snr=+16.0dB [pso]  snr=+18.0dB [pso]  snr=+20.0dB [pso]Done (46.05s)
Estimator batch 490/2000 (active points 8/22) ...   snr=+6.0dB [pso]  snr=+8.0dB [pso]  snr=+10.0dB [pso]  snr=+12.0dB [pso]  snr=+14.0dB [pso]  snr=+16.0dB [pso]  snr=+18.0dB [pso]  snr=+20.0dB [pso]Done (49.16s)
Estimator batch 491/2000 (active points 8/22) ...   snr=+6.0dB [pso]  snr=+8.0dB [pso]  snr=+10.0dB [pso]  snr=+12.0dB [pso]  snr=+14.0dB [pso]  snr=+16.0dB [pso]  snr=+18.0dB [pso]  snr=+20.0dB [pso]Done (47.89s)
Estimator batch 492/2000 (active points 8/22) ...   snr=+6.0dB [pso]  snr=+8.0dB [pso]  snr=+10.0dB [pso]  snr=+12.0dB [pso]  snr=+14.0dB [pso]  snr=+16.0dB [pso]  snr=+18.0dB [pso]  snr=+20.0dB [pso]Done (49.77s)
Estimator batch 493/2000 (active points 8/22) ...   snr=+6.0dB [pso]  snr=+8.0dB [pso]  snr=+10.0dB [pso]  snr=+12.0dB [pso]  snr=+14.0dB [pso]  snr=+16.0dB [pso]  snr=+18.0dB [pso]  snr=+20.0dB [pso]Done (48.71s)
Estimator batch 494/2000 (active points 8/22) ...   snr=+6.0dB [pso]  snr=+8.0dB [pso]  snr=+10.0dB [pso]  snr=+12.0dB [pso]  snr=+14.0dB [pso]  snr=+16.0dB [pso]  snr=+18.0dB [pso]  snr=+20.0dB [pso]Done (45.65s)
Estimator batch 495/2000 (active points 8/22) ...   snr=+6.0dB [pso]  snr=+8.0dB [pso]  snr=+10.0dB [pso]  snr=+12.0dB [pso]  snr=+14.0dB [pso]  snr=+16.0dB [pso]  snr=+18.0dB [pso]  snr=+20.0dB [pso]Done (43.83s)
Estimator batch 496/2000 (active points 8/22) ...   snr=+6.0dB [pso]  snr=+8.0dB [pso]  snr=+10.0dB [pso]  snr=+12.0dB [pso]  snr=+14.0dB [pso]  snr=+16.0dB [pso]  snr=+18.0dB [pso]  snr=+20.0dB [pso]Done (43.26s)
Estimator batch 497/2000 (active points 8/22) ...   snr=+6.0dB [pso]  snr=+8.0dB [pso]  snr=+10.0dB [pso]  snr=+12.0dB [pso]  snr=+14.0dB [pso]  snr=+16.0dB [pso]  snr=+18.0dB [pso]  snr=+20.0dB [pso]Done (46.16s)
Estimator batch 498/2000 (active points 8/22) ...   snr=+6.0dB [pso]  snr=+8.0dB [pso]  snr=+10.0dB [pso]  snr=+12.0dB [pso]  snr=+14.0dB [pso]  snr=+16.0dB [pso]  snr=+18.0dB [pso]  snr=+20.0dB [pso]Done (48.24s)
Estimator batch 499/2000 (active points 8/22) ...   snr=+6.0dB [pso]  snr=+8.0dB [pso]  snr=+10.0dB [pso]  snr=+12.0dB [pso]  snr=+14.0dB [pso]  snr=+16.0dB [pso]  snr=+18.0dB [pso]  snr=+20.0dB [pso]Done (46.01s)
Estimator batch 500/2000 (active points 8/22) ...   snr=+6.0dB [pso]  snr=+8.0dB [pso]  snr=+10.0dB [pso]  snr=+12.0dB [pso]  snr=+14.0dB [pso]  snr=+16.0dB [pso]  snr=+18.0dB [pso]  snr=+20.0dB [pso]Done (43.90s)
Estimator batch 501/2000 (active points 8/22) ...   snr=+6.0dB [pso]  snr=+8.0dB [pso]  snr=+10.0dB [pso]  snr=+12.0dB [pso]  snr=+14.0dB [pso]  snr=+16.0dB [pso]  snr=+18.0dB [pso]  snr=+20.0dB [pso]Done (49.79s)
Estimator batch 502/2000 (active points 8/22) ...   snr=+6.0dB [pso]  snr=+8.0dB [pso]  snr=+10.0dB [pso]  snr=+12.0dB [pso]  snr=+14.0dB [pso]  snr=+16.0dB [pso]  snr=+18.0dB [pso]  snr=+20.0dB [pso]Done (45.78s)
Estimator batch 503/2000 (active points 8/22) ...   snr=+6.0dB [pso]  snr=+8.0dB [pso]  snr=+10.0dB [pso]  snr=+12.0dB [pso]  snr=+14.0dB [pso]  snr=+16.0dB [pso]  snr=+18.0dB [pso]  snr=+20.0dB [pso]Done (46.12s)
Estimator batch 504/2000 (active points 8/22) ...   snr=+6.0dB [pso]  snr=+8.0dB [pso]  snr=+10.0dB [pso]  snr=+12.0dB [pso]  snr=+14.0dB [pso]  snr=+16.0dB [pso]  snr=+18.0dB [pso]  snr=+20.0dB [pso]Done (43.38s)
Estimator batch 505/2000 (active points 8/22) ...   snr=+6.0dB [pso]  snr=+8.0dB [pso]  snr=+10.0dB [pso]  snr=+12.0dB [pso]  snr=+14.0dB [pso]  snr=+16.0dB [pso]  snr=+18.0dB [pso]  snr=+20.0dB [pso]Done (41.67s)
Estimator batch 506/2000 (active points 8/22) ...   snr=+6.0dB [pso]  snr=+8.0dB [pso]  snr=+10.0dB [pso]  snr=+12.0dB [pso]  snr=+14.0dB [pso]  snr=+16.0dB [pso]  snr=+18.0dB [pso]  snr=+20.0dB [pso]Done (49.45s)
Estimator batch 507/2000 (active points 8/22) ...   snr=+6.0dB [pso]  snr=+8.0dB [pso]  snr=+10.0dB [pso]  snr=+12.0dB [pso]  snr=+14.0dB [pso]  snr=+16.0dB [pso]  snr=+18.0dB [pso]  snr=+20.0dB [pso]Done (47.12s)
Estimator batch 508/2000 (active points 8/22) ...   snr=+6.0dB [pso]  snr=+8.0dB [pso]  snr=+10.0dB [pso]  snr=+12.0dB [pso]  snr=+14.0dB [pso]  snr=+16.0dB [pso]  snr=+18.0dB [pso]  snr=+20.0dB [pso]Done (42.96s)
Estimator batch 509/2000 (active points 8/22) ...   snr=+6.0dB [pso]  snr=+8.0dB [pso]  snr=+10.0dB [pso]  snr=+12.0dB [pso]  snr=+14.0dB [pso]  snr=+16.0dB [pso]  snr=+18.0dB [pso]  snr=+20.0dB [pso]Done (45.57s)
Estimator batch 510/2000 (active points 8/22) ...   snr=+6.0dB [pso]  snr=+8.0dB [pso]  snr=+10.0dB [pso]  snr=+12.0dB [pso]  snr=+14.0dB [pso]  snr=+16.0dB [pso]  snr=+18.0dB [pso]  snr=+20.0dB [pso]Done (46.18s)
Estimator batch 511/2000 (active points 8/22) ...   snr=+6.0dB [pso]  snr=+8.0dB [pso]  snr=+10.0dB [pso]  snr=+12.0dB [pso]  snr=+14.0dB [pso]  snr=+16.0dB [pso]  snr=+18.0dB [pso]  snr=+20.0dB [pso]Done (46.60s)
Estimator batch 512/2000 (active points 8/22) ...   snr=+6.0dB [pso]  snr=+8.0dB [pso]  snr=+10.0dB [pso]  snr=+12.0dB [pso]  snr=+14.0dB [pso]  snr=+16.0dB [pso]  snr=+18.0dB [pso]  snr=+20.0dB [pso]Done (50.12s)
Estimator batch 513/2000 (active points 8/22) ...   snr=+6.0dB [pso]  snr=+8.0dB [pso]  snr=+10.0dB [pso]  snr=+12.0dB [pso]  snr=+14.0dB [pso]  snr=+16.0dB [pso]  snr=+18.0dB [pso]  snr=+20.0dB [pso]Done (48.74s)
Estimator batch 514/2000 (active points 8/22) ...   snr=+6.0dB [pso]  snr=+8.0dB [pso]  snr=+10.0dB [pso]  snr=+12.0dB [pso]  snr=+14.0dB [pso]  snr=+16.0dB [pso]  snr=+18.0dB [pso]  snr=+20.0dB [pso]Done (48.96s)
Estimator batch 515/2000 (active points 8/22) ...   snr=+6.0dB [pso]  snr=+8.0dB [pso]  snr=+10.0dB [pso]  snr=+12.0dB [pso]  snr=+14.0dB [pso]  snr=+16.0dB [pso]  snr=+18.0dB [pso]  snr=+20.0dB [pso]Done (49.17s)
Estimator batch 516/2000 (active points 8/22) ...   snr=+6.0dB [pso]  snr=+8.0dB [pso]  snr=+10.0dB [pso]  snr=+12.0dB [pso]  snr=+14.0dB [pso]  snr=+16.0dB [pso]  snr=+18.0dB [pso]  snr=+20.0dB [pso]Done (49.98s)
Estimator batch 517/2000 (active points 8/22) ...   snr=+6.0dB [pso]  snr=+8.0dB [pso]  snr=+10.0dB [pso]  snr=+12.0dB [pso]  snr=+14.0dB [pso]  snr=+16.0dB [pso]  snr=+18.0dB [pso]  snr=+20.0dB [pso]Done (46.72s)
Estimator batch 518/2000 (active points 8/22) ...   snr=+6.0dB [pso]  snr=+8.0dB [pso]  snr=+10.0dB [pso]  snr=+12.0dB [pso]  snr=+14.0dB [pso]  snr=+16.0dB [pso]  snr=+18.0dB [pso]  snr=+20.0dB [pso]Done (46.60s)
Estimator batch 519/2000 (active points 8/22) ...   snr=+6.0dB [pso]  snr=+8.0dB [pso]  snr=+10.0dB [pso]  snr=+12.0dB [pso]  snr=+14.0dB [pso]  snr=+16.0dB [pso]  snr=+18.0dB [pso]  snr=+20.0dB [pso]Done (48.88s)
Estimator batch 520/2000 (active points 8/22) ...   snr=+6.0dB [pso]  snr=+8.0dB [pso]  snr=+10.0dB [pso]  snr=+12.0dB [pso]  snr=+14.0dB [pso]  snr=+16.0dB [pso]  snr=+18.0dB [pso]  snr=+20.0dB [pso]Done (49.34s)
Estimator batch 521/2000 (active points 8/22) ...   snr=+6.0dB [pso]  snr=+8.0dB [pso]  snr=+10.0dB [pso]  snr=+12.0dB [pso]  snr=+14.0dB [pso]  snr=+16.0dB [pso]  snr=+18.0dB [pso]  snr=+20.0dB [pso]Done (46.01s)
Estimator batch 522/2000 (active points 8/22) ...   snr=+6.0dB [pso]  snr=+8.0dB [pso]  snr=+10.0dB [pso]  snr=+12.0dB [pso]  snr=+14.0dB [pso]  snr=+16.0dB [pso]  snr=+18.0dB [pso]  snr=+20.0dB [pso]Done (44.72s)
Estimator batch 523/2000 (active points 8/22) ...   snr=+6.0dB [pso]  snr=+8.0dB [pso]  snr=+10.0dB [pso]  snr=+12.0dB [pso]  snr=+14.0dB [pso]  snr=+16.0dB [pso]  snr=+18.0dB [pso]  snr=+20.0dB [pso]Done (47.93s)
Estimator batch 524/2000 (active points 8/22) ...   snr=+6.0dB [pso]  snr=+8.0dB [pso]  snr=+10.0dB [pso]  snr=+12.0dB [pso]  snr=+14.0dB [pso]  snr=+16.0dB [pso]  snr=+18.0dB [pso]  snr=+20.0dB [pso]Done (48.88s)
Estimator batch 525/2000 (active points 8/22) ...   snr=+6.0dB [pso]  snr=+8.0dB [pso]  snr=+10.0dB [pso]  snr=+12.0dB [pso]  snr=+14.0dB [pso]  snr=+16.0dB [pso]  snr=+18.0dB [pso]  snr=+20.0dB [pso]Done (50.67s)
Estimator batch 526/2000 (active points 8/22) ...   snr=+6.0dB [pso]  snr=+8.0dB [pso]  snr=+10.0dB [pso]  snr=+12.0dB [pso]  snr=+14.0dB [pso]  snr=+16.0dB [pso]  snr=+18.0dB [pso]  snr=+20.0dB [pso]Done (49.24s)
Estimator batch 527/2000 (active points 8/22) ...   snr=+6.0dB [pso]  snr=+8.0dB [pso]  snr=+10.0dB [pso]  snr=+12.0dB [pso]  snr=+14.0dB [pso]  snr=+16.0dB [pso]  snr=+18.0dB [pso]  snr=+20.0dB [pso]Done (45.50s)
Estimator batch 528/2000 (active points 8/22) ...   snr=+6.0dB [pso]  snr=+8.0dB [pso]  snr=+10.0dB [pso]  snr=+12.0dB [pso]  snr=+14.0dB [pso]  snr=+16.0dB [pso]  snr=+18.0dB [pso]  snr=+20.0dB [pso]Done (44.42s)
Estimator batch 529/2000 (active points 8/22) ...   snr=+6.0dB [pso]  snr=+8.0dB [pso]  snr=+10.0dB [pso]  snr=+12.0dB [pso]  snr=+14.0dB [pso]  snr=+16.0dB [pso]  snr=+18.0dB [pso]  snr=+20.0dB [pso]Done (39.99s)
Estimator batch 530/2000 (active points 8/22) ...   snr=+6.0dB [pso]  snr=+8.0dB [pso]  snr=+10.0dB [pso]  snr=+12.0dB [pso]  snr=+14.0dB [pso]  snr=+16.0dB [pso]  snr=+18.0dB [pso]  snr=+20.0dB [pso]Done (47.96s)
Estimator batch 531/2000 (active points 8/22) ...   snr=+6.0dB [pso]  snr=+8.0dB [pso]  snr=+10.0dB [pso]  snr=+12.0dB [pso]  snr=+14.0dB [pso]  snr=+16.0dB [pso]  snr=+18.0dB [pso]  snr=+20.0dB [pso]Done (47.04s)
Estimator batch 532/2000 (active points 8/22) ...   snr=+6.0dB [pso]  snr=+8.0dB [pso]  snr=+10.0dB [pso]  snr=+12.0dB [pso]  snr=+14.0dB [pso]  snr=+16.0dB [pso]  snr=+18.0dB [pso]  snr=+20.0dB [pso]Done (44.08s)
Estimator batch 533/2000 (active points 8/22) ...   snr=+6.0dB [pso]  snr=+8.0dB [pso]  snr=+10.0dB [pso]  snr=+12.0dB [pso]  snr=+14.0dB [pso]  snr=+16.0dB [pso]  snr=+18.0dB [pso]  snr=+20.0dB [pso]Done (43.42s)
Estimator batch 534/2000 (active points 8/22) ...   snr=+6.0dB [pso]  snr=+8.0dB [pso]  snr=+10.0dB [pso]  snr=+12.0dB [pso]  snr=+14.0dB [pso]  snr=+16.0dB [pso]  snr=+18.0dB [pso]  snr=+20.0dB [pso]Done (48.05s)
Estimator batch 535/2000 (active points 8/22) ...   snr=+6.0dB [pso]  snr=+8.0dB [pso]  snr=+10.0dB [pso]  snr=+12.0dB [pso]  snr=+14.0dB [pso]  snr=+16.0dB [pso]  snr=+18.0dB [pso]  snr=+20.0dB [pso]Done (50.62s)
Estimator batch 536/2000 (active points 8/22) ...   snr=+6.0dB [pso]  snr=+8.0dB [pso]  snr=+10.0dB [pso]  snr=+12.0dB [pso]  snr=+14.0dB [pso]  snr=+16.0dB [pso]  snr=+18.0dB [pso]  snr=+20.0dB [pso]Done (49.00s)
Estimator batch 537/2000 (active points 8/22) ...   snr=+6.0dB [pso]  snr=+8.0dB [pso]  snr=+10.0dB [pso]  snr=+12.0dB [pso]  snr=+14.0dB [pso]  snr=+16.0dB [pso]  snr=+18.0dB [pso]  snr=+20.0dB [pso]Done (52.53s)
Estimator batch 538/2000 (active points 8/22) ...   snr=+6.0dB [pso]  snr=+8.0dB [pso]  snr=+10.0dB [pso]  snr=+12.0dB [pso]  snr=+14.0dB [pso]  snr=+16.0dB [pso]  snr=+18.0dB [pso]  snr=+20.0dB [pso]Done (48.07s)
Estimator batch 539/2000 (active points 8/22) ...   snr=+6.0dB [pso]  snr=+8.0dB [pso]  snr=+10.0dB [pso]  snr=+12.0dB [pso]  snr=+14.0dB [pso]  snr=+16.0dB [pso]  snr=+18.0dB [pso]  snr=+20.0dB [pso]Done (48.97s)
Estimator batch 540/2000 (active points 8/22) ...   snr=+6.0dB [pso]  snr=+8.0dB [pso]  snr=+10.0dB [pso]  snr=+12.0dB [pso]  snr=+14.0dB [pso]  snr=+16.0dB [pso]  snr=+18.0dB [pso]  snr=+20.0dB [pso]Done (45.71s)
Estimator batch 541/2000 (active points 8/22) ...   snr=+6.0dB [pso]  snr=+8.0dB [pso]  snr=+10.0dB [pso]  snr=+12.0dB [pso]  snr=+14.0dB [pso]  snr=+16.0dB [pso]  snr=+18.0dB [pso]  snr=+20.0dB [pso]Done (48.65s)
Estimator batch 542/2000 (active points 8/22) ...   snr=+6.0dB [pso]  snr=+8.0dB [pso]  snr=+10.0dB [pso]  snr=+12.0dB [pso]  snr=+14.0dB [pso]  snr=+16.0dB [pso]  snr=+18.0dB [pso]  snr=+20.0dB [pso]Done (43.31s)
Estimator batch 543/2000 (active points 8/22) ...   snr=+6.0dB [pso]  snr=+8.0dB [pso]  snr=+10.0dB [pso]  snr=+12.0dB [pso]  snr=+14.0dB [pso]  snr=+16.0dB [pso]  snr=+18.0dB [pso]  snr=+20.0dB [pso]Done (49.76s)
Estimator batch 544/2000 (active points 8/22) ...   snr=+6.0dB [pso]  snr=+8.0dB [pso]  snr=+10.0dB [pso]  snr=+12.0dB [pso]  snr=+14.0dB [pso]  snr=+16.0dB [pso]  snr=+18.0dB [pso]  snr=+20.0dB [pso]Done (43.95s)
Estimator batch 545/2000 (active points 8/22) ...   snr=+6.0dB [pso]  snr=+8.0dB [pso]  snr=+10.0dB [pso]  snr=+12.0dB [pso]  snr=+14.0dB [pso]  snr=+16.0dB [pso]  snr=+18.0dB [pso]  snr=+20.0dB [pso]Done (44.02s)
Estimator batch 546/2000 (active points 8/22) ...   snr=+6.0dB [pso]  snr=+8.0dB [pso]  snr=+10.0dB [pso]  snr=+12.0dB [pso]  snr=+14.0dB [pso]  snr=+16.0dB [pso]  snr=+18.0dB [pso]  snr=+20.0dB [pso]Done (46.23s)
Estimator batch 547/2000 (active points 8/22) ...   snr=+6.0dB [pso]  snr=+8.0dB [pso]  snr=+10.0dB [pso]  snr=+12.0dB [pso]  snr=+14.0dB [pso]  snr=+16.0dB [pso]  snr=+18.0dB [pso]  snr=+20.0dB [pso]Done (46.13s)
Estimator batch 548/2000 (active points 8/22) ...   snr=+6.0dB [pso]  snr=+8.0dB [pso]  snr=+10.0dB [pso]  snr=+12.0dB [pso]  snr=+14.0dB [pso]  snr=+16.0dB [pso]  snr=+18.0dB [pso]  snr=+20.0dB [pso]Done (44.12s)
Estimator batch 549/2000 (active points 8/22) ...   snr=+6.0dB [pso]  snr=+8.0dB [pso]  snr=+10.0dB [pso]  snr=+12.0dB [pso]  snr=+14.0dB [pso]  snr=+16.0dB [pso]  snr=+18.0dB [pso]  snr=+20.0dB [pso]Done (49.82s)
Estimator batch 550/2000 (active points 8/22) ...   snr=+6.0dB [pso]  snr=+8.0dB [pso]  snr=+10.0dB [pso]  snr=+12.0dB [pso]  snr=+14.0dB [pso]  snr=+16.0dB [pso]  snr=+18.0dB [pso]  snr=+20.0dB [pso]Done (47.77s)
Estimator batch 551/2000 (active points 8/22) ...   snr=+6.0dB [pso]  snr=+8.0dB [pso]  snr=+10.0dB [pso]  snr=+12.0dB [pso]  snr=+14.0dB [pso]  snr=+16.0dB [pso]  snr=+18.0dB [pso]  snr=+20.0dB [pso]Done (50.06s)
Estimator batch 552/2000 (active points 8/22) ...   snr=+6.0dB [pso]  snr=+8.0dB [pso]  snr=+10.0dB [pso]  snr=+12.0dB [pso]  snr=+14.0dB [pso]  snr=+16.0dB [pso]  snr=+18.0dB [pso]  snr=+20.0dB [pso]Done (47.56s)
Estimator batch 553/2000 (active points 8/22) ...   snr=+6.0dB [pso]  snr=+8.0dB [pso]  snr=+10.0dB [pso]  snr=+12.0dB [pso]  snr=+14.0dB [pso]  snr=+16.0dB [pso]  snr=+18.0dB [pso]  snr=+20.0dB [pso]Done (43.09s)
Estimator batch 554/2000 (active points 8/22) ...   snr=+6.0dB [pso]  snr=+8.0dB [pso]  snr=+10.0dB [pso]  snr=+12.0dB [pso]  snr=+14.0dB [pso]  snr=+16.0dB [pso]  snr=+18.0dB [pso]  snr=+20.0dB [pso]Done (44.70s)
Estimator batch 555/2000 (active points 8/22) ...   snr=+6.0dB [pso]  snr=+8.0dB [pso]  snr=+10.0dB [pso]  snr=+12.0dB [pso]  snr=+14.0dB [pso]  snr=+16.0dB [pso]  snr=+18.0dB [pso]  snr=+20.0dB [pso]Done (49.72s)
Estimator batch 556/2000 (active points 8/22) ...   snr=+6.0dB [pso]  snr=+8.0dB [pso]  snr=+10.0dB [pso]  snr=+12.0dB [pso]  snr=+14.0dB [pso]  snr=+16.0dB [pso]  snr=+18.0dB [pso]  snr=+20.0dB [pso]Done (43.97s)
Estimator batch 557/2000 (active points 8/22) ...   snr=+6.0dB [pso]  snr=+8.0dB [pso]  snr=+10.0dB [pso]  snr=+12.0dB [pso]  snr=+14.0dB [pso]  snr=+16.0dB [pso]  snr=+18.0dB [pso]  snr=+20.0dB [pso]Done (48.00s)
Estimator batch 558/2000 (active points 8/22) ...   snr=+6.0dB [pso]  snr=+8.0dB [pso]  snr=+10.0dB [pso]  snr=+12.0dB [pso]  snr=+14.0dB [pso]  snr=+16.0dB [pso]  snr=+18.0dB [pso]  snr=+20.0dB [pso]Done (49.81s)
Estimator batch 559/2000 (active points 8/22) ...   snr=+6.0dB [pso]  snr=+8.0dB [pso]  snr=+10.0dB [pso]  snr=+12.0dB [pso]  snr=+14.0dB [pso]  snr=+16.0dB [pso]  snr=+18.0dB [pso]  snr=+20.0dB [pso]Done (46.95s)
Estimator batch 560/2000 (active points 8/22) ...   snr=+6.0dB [pso]  snr=+8.0dB [pso]  snr=+10.0dB [pso]  snr=+12.0dB [pso]  snr=+14.0dB [pso]  snr=+16.0dB [pso]  snr=+18.0dB [pso]  snr=+20.0dB [pso]Done (47.08s)
Estimator batch 561/2000 (active points 8/22) ...   snr=+6.0dB [pso]  snr=+8.0dB [pso]  snr=+10.0dB [pso]  snr=+12.0dB [pso]  snr=+14.0dB [pso]  snr=+16.0dB [pso]  snr=+18.0dB [pso]  snr=+20.0dB [pso]Done (47.13s)
Estimator batch 562/2000 (active points 8/22) ...   snr=+6.0dB [pso]  snr=+8.0dB [pso]  snr=+10.0dB [pso]  snr=+12.0dB [pso]  snr=+14.0dB [pso]  snr=+16.0dB [pso]  snr=+18.0dB [pso]  snr=+20.0dB [pso]Done (43.93s)
Estimator batch 563/2000 (active points 8/22) ...   snr=+6.0dB [pso]  snr=+8.0dB [pso]  snr=+10.0dB [pso]  snr=+12.0dB [pso]  snr=+14.0dB [pso]  snr=+16.0dB [pso]  snr=+18.0dB [pso]  snr=+20.0dB [pso]Done (45.32s)
Estimator batch 564/2000 (active points 8/22) ...   snr=+6.0dB [pso]  snr=+8.0dB [pso]  snr=+10.0dB [pso]  snr=+12.0dB [pso]  snr=+14.0dB [pso]  snr=+16.0dB [pso]  snr=+18.0dB [pso]  snr=+20.0dB [pso]Done (46.16s)
Estimator batch 565/2000 (active points 8/22) ...   snr=+6.0dB [pso]  snr=+8.0dB [pso]  snr=+10.0dB [pso]  snr=+12.0dB [pso]  snr=+14.0dB [pso]  snr=+16.0dB [pso]  snr=+18.0dB [pso]  snr=+20.0dB [pso]Done (53.13s)
Estimator batch 566/2000 (active points 8/22) ...   snr=+6.0dB [pso]  snr=+8.0dB [pso]  snr=+10.0dB [pso]  snr=+12.0dB [pso]  snr=+14.0dB [pso]  snr=+16.0dB [pso]  snr=+18.0dB [pso]  snr=+20.0dB [pso]Done (46.17s)
Estimator batch 567/2000 (active points 8/22) ...   snr=+6.0dB [pso]  snr=+8.0dB [pso]  snr=+10.0dB [pso]  snr=+12.0dB [pso]  snr=+14.0dB [pso]  snr=+16.0dB [pso]  snr=+18.0dB [pso]  snr=+20.0dB [pso]Done (49.26s)
Estimator batch 568/2000 (active points 8/22) ...   snr=+6.0dB [pso]  snr=+8.0dB [pso]  snr=+10.0dB [pso]  snr=+12.0dB [pso]  snr=+14.0dB [pso]  snr=+16.0dB [pso]  snr=+18.0dB [pso]  snr=+20.0dB [pso]Done (40.87s)
Estimator batch 569/2000 (active points 8/22) ...   snr=+6.0dB [pso]  snr=+8.0dB [pso]  snr=+10.0dB [pso]  snr=+12.0dB [pso]  snr=+14.0dB [pso]  snr=+16.0dB [pso]  snr=+18.0dB [pso]  snr=+20.0dB [pso]Done (47.11s)
Estimator batch 570/2000 (active points 8/22) ...   snr=+6.0dB [pso]  snr=+8.0dB [pso]  snr=+10.0dB [pso]  snr=+12.0dB [pso]  snr=+14.0dB [pso]  snr=+16.0dB [pso]  snr=+18.0dB [pso]  snr=+20.0dB [pso]Done (48.64s)
Estimator batch 571/2000 (active points 8/22) ...   snr=+6.0dB [pso]  snr=+8.0dB [pso]  snr=+10.0dB [pso]  snr=+12.0dB [pso]  snr=+14.0dB [pso]  snr=+16.0dB [pso]  snr=+18.0dB [pso]  snr=+20.0dB [pso]Done (50.51s)
Estimator batch 572/2000 (active points 8/22) ...   snr=+6.0dB [pso]  snr=+8.0dB [pso]  snr=+10.0dB [pso]  snr=+12.0dB [pso]  snr=+14.0dB [pso]  snr=+16.0dB [pso]  snr=+18.0dB [pso]  snr=+20.0dB [pso]Done (42.70s)
Estimator batch 573/2000 (active points 8/22) ...   snr=+6.0dB [pso]  snr=+8.0dB [pso]  snr=+10.0dB [pso]  snr=+12.0dB [pso]  snr=+14.0dB [pso]  snr=+16.0dB [pso]  snr=+18.0dB [pso]  snr=+20.0dB [pso]Done (48.78s)
Estimator batch 574/2000 (active points 8/22) ...   snr=+6.0dB [pso]  snr=+8.0dB [pso]  snr=+10.0dB [pso]  snr=+12.0dB [pso]  snr=+14.0dB [pso]  snr=+16.0dB [pso]  snr=+18.0dB [pso]  snr=+20.0dB [pso]Done (48.49s)
Estimator batch 575/2000 (active points 8/22) ...   snr=+6.0dB [pso]  snr=+8.0dB [pso]  snr=+10.0dB [pso]  snr=+12.0dB [pso]  snr=+14.0dB [pso]  snr=+16.0dB [pso]  snr=+18.0dB [pso]  snr=+20.0dB [pso]Done (47.03s)
Estimator batch 576/2000 (active points 8/22) ...   snr=+6.0dB [pso]  snr=+8.0dB [pso]  snr=+10.0dB [pso]  snr=+12.0dB [pso]  snr=+14.0dB [pso]  snr=+16.0dB [pso]  snr=+18.0dB [pso]  snr=+20.0dB [pso]Done (50.49s)
Estimator batch 577/2000 (active points 8/22) ...   snr=+6.0dB [pso]  snr=+8.0dB [pso]  snr=+10.0dB [pso]  snr=+12.0dB [pso]  snr=+14.0dB [pso]  snr=+16.0dB [pso]  snr=+18.0dB [pso]  snr=+20.0dB [pso]Done (46.34s)
Estimator batch 578/2000 (active points 8/22) ...   snr=+6.0dB [pso]  snr=+8.0dB [pso]  snr=+10.0dB [pso]  snr=+12.0dB [pso]  snr=+14.0dB [pso]  snr=+16.0dB [pso]  snr=+18.0dB [pso]  snr=+20.0dB [pso]Done (43.67s)
Estimator batch 579/2000 (active points 8/22) ...   snr=+6.0dB [pso]  snr=+8.0dB [pso]  snr=+10.0dB [pso]  snr=+12.0dB [pso]  snr=+14.0dB [pso]  snr=+16.0dB [pso]  snr=+18.0dB [pso]  snr=+20.0dB [pso]Done (46.26s)
Estimator batch 580/2000 (active points 8/22) ...   snr=+6.0dB [pso]  snr=+8.0dB [pso]  snr=+10.0dB [pso]  snr=+12.0dB [pso]  snr=+14.0dB [pso]  snr=+16.0dB [pso]  snr=+18.0dB [pso]  snr=+20.0dB [pso]Done (44.88s)
Estimator batch 581/2000 (active points 8/22) ...   snr=+6.0dB [pso]  snr=+8.0dB [pso]  snr=+10.0dB [pso]  snr=+12.0dB [pso]  snr=+14.0dB [pso]  snr=+16.0dB [pso]  snr=+18.0dB [pso]  snr=+20.0dB [pso]Done (48.45s)
Estimator batch 582/2000 (active points 8/22) ...   snr=+6.0dB [pso]  snr=+8.0dB [pso]  snr=+10.0dB [pso]  snr=+12.0dB [pso]  snr=+14.0dB [pso]  snr=+16.0dB [pso]  snr=+18.0dB [pso]  snr=+20.0dB [pso]Done (50.31s)
Estimator batch 583/2000 (active points 8/22) ...   snr=+6.0dB [pso]  snr=+8.0dB [pso]  snr=+10.0dB [pso]  snr=+12.0dB [pso]  snr=+14.0dB [pso]  snr=+16.0dB [pso]  snr=+18.0dB [pso]  snr=+20.0dB [pso]Done (45.64s)
Estimator batch 584/2000 (active points 8/22) ...   snr=+6.0dB [pso]  snr=+8.0dB [pso]  snr=+10.0dB [pso]  snr=+12.0dB [pso]  snr=+14.0dB [pso]  snr=+16.0dB [pso]  snr=+18.0dB [pso]  snr=+20.0dB [pso]Done (45.01s)
Estimator batch 585/2000 (active points 8/22) ...   snr=+6.0dB [pso]  snr=+8.0dB [pso]  snr=+10.0dB [pso]  snr=+12.0dB [pso]  snr=+14.0dB [pso]  snr=+16.0dB [pso]  snr=+18.0dB [pso]  snr=+20.0dB [pso]Done (45.29s)
Estimator batch 586/2000 (active points 8/22) ...   snr=+6.0dB [pso]  snr=+8.0dB [pso]  snr=+10.0dB [pso]  snr=+12.0dB [pso]  snr=+14.0dB [pso]  snr=+16.0dB [pso]  snr=+18.0dB [pso]  snr=+20.0dB [pso]Done (41.93s)
Estimator batch 587/2000 (active points 8/22) ...   snr=+6.0dB [pso]  snr=+8.0dB [pso]  snr=+10.0dB [pso]  snr=+12.0dB [pso]  snr=+14.0dB [pso]  snr=+16.0dB [pso]  snr=+18.0dB [pso]  snr=+20.0dB [pso]Done (48.91s)
Estimator batch 588/2000 (active points 8/22) ...   snr=+6.0dB [pso]  snr=+8.0dB [pso]  snr=+10.0dB [pso]  snr=+12.0dB [pso]  snr=+14.0dB [pso]  snr=+16.0dB [pso]  snr=+18.0dB [pso]  snr=+20.0dB [pso]Done (50.95s)
Estimator batch 589/2000 (active points 8/22) ...   snr=+6.0dB [pso]  snr=+8.0dB [pso]  snr=+10.0dB [pso]  snr=+12.0dB [pso]  snr=+14.0dB [pso]  snr=+16.0dB [pso]  snr=+18.0dB [pso]  snr=+20.0dB [pso]Done (48.01s)
Estimator batch 590/2000 (active points 8/22) ...   snr=+6.0dB [pso]  snr=+8.0dB [pso]  snr=+10.0dB [pso]  snr=+12.0dB [pso]  snr=+14.0dB [pso]  snr=+16.0dB [pso]  snr=+18.0dB [pso]  snr=+20.0dB [pso]Done (45.86s)
Estimator batch 591/2000 (active points 8/22) ...   snr=+6.0dB [pso]  snr=+8.0dB [pso]  snr=+10.0dB [pso]  snr=+12.0dB [pso]  snr=+14.0dB [pso]  snr=+16.0dB [pso]  snr=+18.0dB [pso]  snr=+20.0dB [pso]Done (47.09s)
Estimator batch 592/2000 (active points 8/22) ...   snr=+6.0dB [pso]  snr=+8.0dB [pso]  snr=+10.0dB [pso]  snr=+12.0dB [pso]  snr=+14.0dB [pso]  snr=+16.0dB [pso]  snr=+18.0dB [pso]  snr=+20.0dB [pso]Done (46.67s)
Estimator batch 593/2000 (active points 8/22) ...   snr=+6.0dB [pso]  snr=+8.0dB [pso]  snr=+10.0dB [pso]  snr=+12.0dB [pso]  snr=+14.0dB [pso]  snr=+16.0dB [pso]  snr=+18.0dB [pso]  snr=+20.0dB [pso]Done (44.69s)
Estimator batch 594/2000 (active points 8/22) ...   snr=+6.0dB [pso]  snr=+8.0dB [pso]  snr=+10.0dB [pso]  snr=+12.0dB [pso]  snr=+14.0dB [pso]  snr=+16.0dB [pso]  snr=+18.0dB [pso]  snr=+20.0dB [pso]Done (48.23s)
Estimator batch 595/2000 (active points 8/22) ...   snr=+6.0dB [pso]  snr=+8.0dB [pso]  snr=+10.0dB [pso]  snr=+12.0dB [pso]  snr=+14.0dB [pso]  snr=+16.0dB [pso]  snr=+18.0dB [pso]  snr=+20.0dB [pso]Done (47.21s)
Estimator batch 596/2000 (active points 8/22) ...   snr=+6.0dB [pso]  snr=+8.0dB [pso]  snr=+10.0dB [pso]  snr=+12.0dB [pso]  snr=+14.0dB [pso]  snr=+16.0dB [pso]  snr=+18.0dB [pso]  snr=+20.0dB [pso]Done (45.50s)
Estimator batch 597/2000 (active points 8/22) ...   snr=+6.0dB [pso]  snr=+8.0dB [pso]  snr=+10.0dB [pso]  snr=+12.0dB [pso]  snr=+14.0dB [pso]  snr=+16.0dB [pso]  snr=+18.0dB [pso]  snr=+20.0dB [pso]Done (45.56s)
Estimator batch 598/2000 (active points 8/22) ...   snr=+6.0dB [pso]  snr=+8.0dB [pso]  snr=+10.0dB [pso]  snr=+12.0dB [pso]  snr=+14.0dB [pso]  snr=+16.0dB [pso]  snr=+18.0dB [pso]  snr=+20.0dB [pso]Done (45.76s)
Estimator batch 599/2000 (active points 8/22) ...   snr=+6.0dB [pso]  snr=+8.0dB [pso]  snr=+10.0dB [pso]  snr=+12.0dB [pso]  snr=+14.0dB [pso]  snr=+16.0dB [pso]  snr=+18.0dB [pso]  snr=+20.0dB [pso]Done (44.94s)
Estimator batch 600/2000 (active points 8/22) ...   snr=+6.0dB [pso]  snr=+8.0dB [pso]  snr=+10.0dB [pso]  snr=+12.0dB [pso]  snr=+14.0dB [pso]  snr=+16.0dB [pso]  snr=+18.0dB [pso]  snr=+20.0dB [pso]Done (43.91s)
Estimator batch 601/2000 (active points 8/22) ...   snr=+6.0dB [pso]  snr=+8.0dB [pso]  snr=+10.0dB [pso]  snr=+12.0dB [pso]  snr=+14.0dB [pso]  snr=+16.0dB [pso]  snr=+18.0dB [pso]  snr=+20.0dB [pso]Done (46.71s)
Estimator batch 602/2000 (active points 8/22) ...   snr=+6.0dB [pso]  snr=+8.0dB [pso]  snr=+10.0dB [pso]  snr=+12.0dB [pso]  snr=+14.0dB [pso]  snr=+16.0dB [pso]  snr=+18.0dB [pso]  snr=+20.0dB [pso]Done (51.45s)
Estimator batch 603/2000 (active points 8/22) ...   snr=+6.0dB [pso]  snr=+8.0dB [pso]  snr=+10.0dB [pso]  snr=+12.0dB [pso]  snr=+14.0dB [pso]  snr=+16.0dB [pso]  snr=+18.0dB [pso]  snr=+20.0dB [pso]Done (45.56s)
Estimator batch 604/2000 (active points 8/22) ...   snr=+6.0dB [pso]  snr=+8.0dB [pso]  snr=+10.0dB [pso]  snr=+12.0dB [pso]  snr=+14.0dB [pso]  snr=+16.0dB [pso]  snr=+18.0dB [pso]  snr=+20.0dB [pso]Done (49.03s)
Estimator batch 605/2000 (active points 8/22) ...   snr=+6.0dB [pso]  snr=+8.0dB [pso]  snr=+10.0dB [pso]  snr=+12.0dB [pso]  snr=+14.0dB [pso]  snr=+16.0dB [pso]  snr=+18.0dB [pso]  snr=+20.0dB [pso]Done (50.69s)
Estimator batch 606/2000 (active points 8/22) ...   snr=+6.0dB [pso]  snr=+8.0dB [pso]  snr=+10.0dB [pso]  snr=+12.0dB [pso]  snr=+14.0dB [pso]  snr=+16.0dB [pso]  snr=+18.0dB [pso]  snr=+20.0dB [pso]Done (46.14s)
Estimator batch 607/2000 (active points 8/22) ...   snr=+6.0dB [pso]  snr=+8.0dB [pso]  snr=+10.0dB [pso]  snr=+12.0dB [pso]  snr=+14.0dB [pso]  snr=+16.0dB [pso]  snr=+18.0dB [pso]  snr=+20.0dB [pso]Done (49.82s)
Estimator batch 608/2000 (active points 8/22) ...   snr=+6.0dB [pso]  snr=+8.0dB [pso]  snr=+10.0dB [pso]  snr=+12.0dB [pso]  snr=+14.0dB [pso]  snr=+16.0dB [pso]  snr=+18.0dB [pso]  snr=+20.0dB [pso]Done (47.00s)
Estimator batch 609/2000 (active points 8/22) ...   snr=+6.0dB [pso]  snr=+8.0dB [pso]  snr=+10.0dB [pso]  snr=+12.0dB [pso]  snr=+14.0dB [pso]  snr=+16.0dB [pso]  snr=+18.0dB [pso]  snr=+20.0dB [pso]Done (49.91s)
Estimator batch 610/2000 (active points 8/22) ...   snr=+6.0dB [pso]  snr=+8.0dB [pso]  snr=+10.0dB [pso]  snr=+12.0dB [pso]  snr=+14.0dB [pso]  snr=+16.0dB [pso]  snr=+18.0dB [pso]  snr=+20.0dB [pso]Done (48.17s)
Estimator batch 611/2000 (active points 8/22) ...   snr=+6.0dB [pso]  snr=+8.0dB [pso]  snr=+10.0dB [pso]  snr=+12.0dB [pso]  snr=+14.0dB [pso]  snr=+16.0dB [pso]  snr=+18.0dB [pso]  snr=+20.0dB [pso]Done (44.55s)
Estimator batch 612/2000 (active points 8/22) ...   snr=+6.0dB [pso]  snr=+8.0dB [pso]  snr=+10.0dB [pso]  snr=+12.0dB [pso]  snr=+14.0dB [pso]  snr=+16.0dB [pso]  snr=+18.0dB [pso]  snr=+20.0dB [pso]Done (49.05s)
Estimator batch 613/2000 (active points 8/22) ...   snr=+6.0dB [pso]  snr=+8.0dB [pso]  snr=+10.0dB [pso]  snr=+12.0dB [pso]  snr=+14.0dB [pso]  snr=+16.0dB [pso]  snr=+18.0dB [pso]  snr=+20.0dB [pso]Done (47.20s)
Estimator batch 614/2000 (active points 8/22) ...   snr=+6.0dB [pso]  snr=+8.0dB [pso]  snr=+10.0dB [pso]  snr=+12.0dB [pso]  snr=+14.0dB [pso]  snr=+16.0dB [pso]  snr=+18.0dB [pso]  snr=+20.0dB [pso]Done (43.45s)
Estimator batch 615/2000 (active points 8/22) ...   snr=+6.0dB [pso]  snr=+8.0dB [pso]  snr=+10.0dB [pso]  snr=+12.0dB [pso]  snr=+14.0dB [pso]  snr=+16.0dB [pso]  snr=+18.0dB [pso]  snr=+20.0dB [pso]Done (47.49s)
Estimator batch 616/2000 (active points 8/22) ...   snr=+6.0dB [pso]  snr=+8.0dB [pso]  snr=+10.0dB [pso]  snr=+12.0dB [pso]  snr=+14.0dB [pso]  snr=+16.0dB [pso]  snr=+18.0dB [pso]  snr=+20.0dB [pso]Done (48.33s)
Estimator batch 617/2000 (active points 8/22) ...   snr=+6.0dB [pso]  snr=+8.0dB [pso]  snr=+10.0dB [pso]  snr=+12.0dB [pso]  snr=+14.0dB [pso]  snr=+16.0dB [pso]  snr=+18.0dB [pso]  snr=+20.0dB [pso]Done (46.49s)
Estimator batch 618/2000 (active points 8/22) ...   snr=+6.0dB [pso]  snr=+8.0dB [pso]  snr=+10.0dB [pso]  snr=+12.0dB [pso]  snr=+14.0dB [pso]  snr=+16.0dB [pso]  snr=+18.0dB [pso]  snr=+20.0dB [pso]Done (41.43s)
Estimator batch 619/2000 (active points 8/22) ...   snr=+6.0dB [pso]  snr=+8.0dB [pso]  snr=+10.0dB [pso]  snr=+12.0dB [pso]  snr=+14.0dB [pso]  snr=+16.0dB [pso]  snr=+18.0dB [pso]  snr=+20.0dB [pso]Done (44.29s)
Estimator batch 620/2000 (active points 8/22) ...   snr=+6.0dB [pso]  snr=+8.0dB [pso]  snr=+10.0dB [pso]  snr=+12.0dB [pso]  snr=+14.0dB [pso]  snr=+16.0dB [pso]  snr=+18.0dB [pso]  snr=+20.0dB [pso]Done (50.28s)
Estimator batch 621/2000 (active points 8/22) ...   snr=+6.0dB [pso]  snr=+8.0dB [pso]  snr=+10.0dB [pso]  snr=+12.0dB [pso]  snr=+14.0dB [pso]  snr=+16.0dB [pso]  snr=+18.0dB [pso]  snr=+20.0dB [pso]Done (47.48s)
Estimator batch 622/2000 (active points 8/22) ...   snr=+6.0dB [pso]  snr=+8.0dB [pso]  snr=+10.0dB [pso]  snr=+12.0dB [pso]  snr=+14.0dB [pso]  snr=+16.0dB [pso]  snr=+18.0dB [pso]  snr=+20.0dB [pso]Done (46.22s)
Estimator batch 623/2000 (active points 8/22) ...   snr=+6.0dB [pso]  snr=+8.0dB [pso]  snr=+10.0dB [pso]  snr=+12.0dB [pso]  snr=+14.0dB [pso]  snr=+16.0dB [pso]  snr=+18.0dB [pso]  snr=+20.0dB [pso]Done (45.14s)
Estimator batch 624/2000 (active points 8/22) ...   snr=+6.0dB [pso]  snr=+8.0dB [pso]  snr=+10.0dB [pso]  snr=+12.0dB [pso]  snr=+14.0dB [pso]  snr=+16.0dB [pso]  snr=+18.0dB [pso]  snr=+20.0dB [pso]Done (48.58s)
Estimator batch 625/2000 (active points 8/22) ...   snr=+6.0dB [pso]  snr=+8.0dB [pso]  snr=+10.0dB [pso]  snr=+12.0dB [pso]  snr=+14.0dB [pso]  snr=+16.0dB [pso]  snr=+18.0dB [pso]  snr=+20.0dB [pso]Done (47.48s)
Estimator batch 626/2000 (active points 8/22) ...   snr=+6.0dB [pso]  snr=+8.0dB [pso]  snr=+10.0dB [pso]  snr=+12.0dB [pso]  snr=+14.0dB [pso]  snr=+16.0dB [pso]  snr=+18.0dB [pso]  snr=+20.0dB [pso]Done (47.75s)
Estimator batch 627/2000 (active points 8/22) ...   snr=+6.0dB [pso]  snr=+8.0dB [pso]  snr=+10.0dB [pso]  snr=+12.0dB [pso]  snr=+14.0dB [pso]  snr=+16.0dB [pso]  snr=+18.0dB [pso]  snr=+20.0dB [pso]Done (49.40s)
Estimator batch 628/2000 (active points 8/22) ...   snr=+6.0dB [pso]  snr=+8.0dB [pso]  snr=+10.0dB [pso]  snr=+12.0dB [pso]  snr=+14.0dB [pso]  snr=+16.0dB [pso]  snr=+18.0dB [pso]  snr=+20.0dB [pso]Done (47.25s)
Estimator batch 629/2000 (active points 8/22) ...   snr=+6.0dB [pso]  snr=+8.0dB [pso]  snr=+10.0dB [pso]  snr=+12.0dB [pso]  snr=+14.0dB [pso]  snr=+16.0dB [pso]  snr=+18.0dB [pso]  snr=+20.0dB [pso]Done (51.50s)
Estimator batch 630/2000 (active points 8/22) ...   snr=+6.0dB [pso]  snr=+8.0dB [pso]  snr=+10.0dB [pso]  snr=+12.0dB [pso]  snr=+14.0dB [pso]  snr=+16.0dB [pso]  snr=+18.0dB [pso]  snr=+20.0dB [pso]Done (43.03s)
Estimator batch 631/2000 (active points 8/22) ...   snr=+6.0dB [pso]  snr=+8.0dB [pso]  snr=+10.0dB [pso]  snr=+12.0dB [pso]  snr=+14.0dB [pso]  snr=+16.0dB [pso]  snr=+18.0dB [pso]  snr=+20.0dB [pso]Done (45.15s)
Estimator batch 632/2000 (active points 8/22) ...   snr=+6.0dB [pso]  snr=+8.0dB [pso]  snr=+10.0dB [pso]  snr=+12.0dB [pso]  snr=+14.0dB [pso]  snr=+16.0dB [pso]  snr=+18.0dB [pso]  snr=+20.0dB [pso]Done (48.62s)
Estimator batch 633/2000 (active points 8/22) ...   snr=+6.0dB [pso]  snr=+8.0dB [pso]  snr=+10.0dB [pso]  snr=+12.0dB [pso]  snr=+14.0dB [pso]  snr=+16.0dB [pso]  snr=+18.0dB [pso]  snr=+20.0dB [pso]Done (51.22s)
Estimator batch 634/2000 (active points 8/22) ...   snr=+6.0dB [pso]  snr=+8.0dB [pso]  snr=+10.0dB [pso]  snr=+12.0dB [pso]  snr=+14.0dB [pso]  snr=+16.0dB [pso]  snr=+18.0dB [pso]  snr=+20.0dB [pso]Done (44.58s)
Estimator batch 635/2000 (active points 8/22) ...   snr=+6.0dB [pso]  snr=+8.0dB [pso]  snr=+10.0dB [pso]  snr=+12.0dB [pso]  snr=+14.0dB [pso]  snr=+16.0dB [pso]  snr=+18.0dB [pso]  snr=+20.0dB [pso]Done (44.17s)
Estimator batch 636/2000 (active points 8/22) ...   snr=+6.0dB [pso]  snr=+8.0dB [pso]  snr=+10.0dB [pso]  snr=+12.0dB [pso]  snr=+14.0dB [pso]  snr=+16.0dB [pso]  snr=+18.0dB [pso]  snr=+20.0dB [pso]Done (47.21s)
Estimator batch 637/2000 (active points 8/22) ...   snr=+6.0dB [pso]  snr=+8.0dB [pso]  snr=+10.0dB [pso]  snr=+12.0dB [pso]  snr=+14.0dB [pso]  snr=+16.0dB [pso]  snr=+18.0dB [pso]  snr=+20.0dB [pso]Done (49.37s)
Estimator batch 638/2000 (active points 8/22) ...   snr=+6.0dB [pso]  snr=+8.0dB [pso]  snr=+10.0dB [pso]  snr=+12.0dB [pso]  snr=+14.0dB [pso]  snr=+16.0dB [pso]  snr=+18.0dB [pso]  snr=+20.0dB [pso]Done (47.43s)
Estimator batch 639/2000 (active points 8/22) ...   snr=+6.0dB [pso]  snr=+8.0dB [pso]  snr=+10.0dB [pso]  snr=+12.0dB [pso]  snr=+14.0dB [pso]  snr=+16.0dB [pso]  snr=+18.0dB [pso]  snr=+20.0dB [pso]Done (44.33s)
Estimator batch 640/2000 (active points 8/22) ...   snr=+6.0dB [pso]  snr=+8.0dB [pso]  snr=+10.0dB [pso]  snr=+12.0dB [pso]  snr=+14.0dB [pso]  snr=+16.0dB [pso]  snr=+18.0dB [pso]  snr=+20.0dB [pso]Done (50.95s)
Estimator batch 641/2000 (active points 8/22) ...   snr=+6.0dB [pso]  snr=+8.0dB [pso]  snr=+10.0dB [pso]  snr=+12.0dB [pso]  snr=+14.0dB [pso]  snr=+16.0dB [pso]  snr=+18.0dB [pso]  snr=+20.0dB [pso]Done (46.75s)
Estimator batch 642/2000 (active points 8/22) ...   snr=+6.0dB [pso]  snr=+8.0dB [pso]  snr=+10.0dB [pso]  snr=+12.0dB [pso]  snr=+14.0dB [pso]  snr=+16.0dB [pso]  snr=+18.0dB [pso]  snr=+20.0dB [pso]Done (49.09s)
Estimator batch 643/2000 (active points 8/22) ...   snr=+6.0dB [pso]  snr=+8.0dB [pso]  snr=+10.0dB [pso]  snr=+12.0dB [pso]  snr=+14.0dB [pso]  snr=+16.0dB [pso]  snr=+18.0dB [pso]  snr=+20.0dB [pso]Done (47.95s)
Estimator batch 644/2000 (active points 8/22) ...   snr=+6.0dB [pso]  snr=+8.0dB [pso]  snr=+10.0dB [pso]  snr=+12.0dB [pso]  snr=+14.0dB [pso]  snr=+16.0dB [pso]  snr=+18.0dB [pso]  snr=+20.0dB [pso]Done (45.02s)
Estimator batch 645/2000 (active points 8/22) ...   snr=+6.0dB [pso]  snr=+8.0dB [pso]  snr=+10.0dB [pso]  snr=+12.0dB [pso]  snr=+14.0dB [pso]  snr=+16.0dB [pso]  snr=+18.0dB [pso]  snr=+20.0dB [pso]Done (48.14s)
Estimator batch 646/2000 (active points 8/22) ...   snr=+6.0dB [pso]  snr=+8.0dB [pso]  snr=+10.0dB [pso]  snr=+12.0dB [pso]  snr=+14.0dB [pso]  snr=+16.0dB [pso]  snr=+18.0dB [pso]  snr=+20.0dB [pso]Done (46.96s)
Estimator batch 647/2000 (active points 8/22) ...   snr=+6.0dB [pso]  snr=+8.0dB [pso]  snr=+10.0dB [pso]  snr=+12.0dB [pso]  snr=+14.0dB [pso]  snr=+16.0dB [pso]  snr=+18.0dB [pso]  snr=+20.0dB [pso]Done (51.64s)
Estimator batch 648/2000 (active points 8/22) ...   snr=+6.0dB [pso]  snr=+8.0dB [pso]  snr=+10.0dB [pso]  snr=+12.0dB [pso]  snr=+14.0dB [pso]  snr=+16.0dB [pso]  snr=+18.0dB [pso]  snr=+20.0dB [pso]Done (41.44s)
Estimator batch 649/2000 (active points 8/22) ...   snr=+6.0dB [pso]  snr=+8.0dB [pso]  snr=+10.0dB [pso]  snr=+12.0dB [pso]  snr=+14.0dB [pso]  snr=+16.0dB [pso]  snr=+18.0dB [pso]  snr=+20.0dB [pso]Done (51.07s)
Estimator batch 650/2000 (active points 8/22) ...   snr=+6.0dB [pso]  snr=+8.0dB [pso]  snr=+10.0dB [pso]  snr=+12.0dB [pso]  snr=+14.0dB [pso]  snr=+16.0dB [pso]  snr=+18.0dB [pso]  snr=+20.0dB [pso]Done (51.74s)
Estimator batch 651/2000 (active points 8/22) ...   snr=+6.0dB [pso]  snr=+8.0dB [pso]  snr=+10.0dB [pso]  snr=+12.0dB [pso]  snr=+14.0dB [pso]  snr=+16.0dB [pso]  snr=+18.0dB [pso]  snr=+20.0dB [pso]Done (45.45s)
Estimator batch 652/2000 (active points 8/22) ...   snr=+6.0dB [pso]  snr=+8.0dB [pso]  snr=+10.0dB [pso]  snr=+12.0dB [pso]  snr=+14.0dB [pso]  snr=+16.0dB [pso]  snr=+18.0dB [pso]  snr=+20.0dB [pso]Done (48.11s)
Estimator batch 653/2000 (active points 8/22) ...   snr=+6.0dB [pso]  snr=+8.0dB [pso]  snr=+10.0dB [pso]  snr=+12.0dB [pso]  snr=+14.0dB [pso]  snr=+16.0dB [pso]  snr=+18.0dB [pso]  snr=+20.0dB [pso]Done (44.79s)
Estimator batch 654/2000 (active points 8/22) ...   snr=+6.0dB [pso]  snr=+8.0dB [pso]  snr=+10.0dB [pso]  snr=+12.0dB [pso]  snr=+14.0dB [pso]  snr=+16.0dB [pso]  snr=+18.0dB [pso]  snr=+20.0dB [pso]Done (46.35s)
Estimator batch 655/2000 (active points 8/22) ...   snr=+6.0dB [pso]  snr=+8.0dB [pso]  snr=+10.0dB [pso]  snr=+12.0dB [pso]  snr=+14.0dB [pso]  snr=+16.0dB [pso]  snr=+18.0dB [pso]  snr=+20.0dB [pso]Done (51.19s)
Estimator batch 656/2000 (active points 8/22) ...   snr=+6.0dB [pso]  snr=+8.0dB [pso]  snr=+10.0dB [pso]  snr=+12.0dB [pso]  snr=+14.0dB [pso]  snr=+16.0dB [pso]  snr=+18.0dB [pso]  snr=+20.0dB [pso]Done (45.58s)
Estimator batch 657/2000 (active points 8/22) ...   snr=+6.0dB [pso]  snr=+8.0dB [pso]  snr=+10.0dB [pso]  snr=+12.0dB [pso]  snr=+14.0dB [pso]  snr=+16.0dB [pso]  snr=+18.0dB [pso]  snr=+20.0dB [pso]Done (42.69s)
Estimator batch 658/2000 (active points 8/22) ...   snr=+6.0dB [pso]  snr=+8.0dB [pso]  snr=+10.0dB [pso]  snr=+12.0dB [pso]  snr=+14.0dB [pso]  snr=+16.0dB [pso]  snr=+18.0dB [pso]  snr=+20.0dB [pso]Done (48.07s)
Estimator batch 659/2000 (active points 8/22) ...   snr=+6.0dB [pso]  snr=+8.0dB [pso]  snr=+10.0dB [pso]  snr=+12.0dB [pso]  snr=+14.0dB [pso]  snr=+16.0dB [pso]  snr=+18.0dB [pso]  snr=+20.0dB [pso]Done (46.53s)
Estimator batch 660/2000 (active points 8/22) ...   snr=+6.0dB [pso]  snr=+8.0dB [pso]  snr=+10.0dB [pso]  snr=+12.0dB [pso]  snr=+14.0dB [pso]  snr=+16.0dB [pso]  snr=+18.0dB [pso]  snr=+20.0dB [pso]Done (46.98s)
Estimator batch 661/2000 (active points 8/22) ...   snr=+6.0dB [pso]  snr=+8.0dB [pso]  snr=+10.0dB [pso]  snr=+12.0dB [pso]  snr=+14.0dB [pso]  snr=+16.0dB [pso]  snr=+18.0dB [pso]  snr=+20.0dB [pso]Done (46.85s)
Estimator batch 662/2000 (active points 8/22) ...   snr=+6.0dB [pso]  snr=+8.0dB [pso]  snr=+10.0dB [pso]  snr=+12.0dB [pso]  snr=+14.0dB [pso]  snr=+16.0dB [pso]  snr=+18.0dB [pso]  snr=+20.0dB [pso]Done (49.27s)
Estimator batch 663/2000 (active points 8/22) ...   snr=+6.0dB [pso]  snr=+8.0dB [pso]  snr=+10.0dB [pso]  snr=+12.0dB [pso]  snr=+14.0dB [pso]  snr=+16.0dB [pso]  snr=+18.0dB [pso]  snr=+20.0dB [pso]Done (50.35s)
Estimator batch 664/2000 (active points 8/22) ...   snr=+6.0dB [pso]  snr=+8.0dB [pso]  snr=+10.0dB [pso]  snr=+12.0dB [pso]  snr=+14.0dB [pso]  snr=+16.0dB [pso]  snr=+18.0dB [pso]  snr=+20.0dB [pso]Done (48.98s)
Estimator batch 665/2000 (active points 8/22) ...   snr=+6.0dB [pso]  snr=+8.0dB [pso]  snr=+10.0dB [pso]  snr=+12.0dB [pso]  snr=+14.0dB [pso]  snr=+16.0dB [pso]  snr=+18.0dB [pso]  snr=+20.0dB [pso]Done (40.71s)
Estimator batch 666/2000 (active points 8/22) ...   snr=+6.0dB [pso]  snr=+8.0dB [pso]  snr=+10.0dB [pso]  snr=+12.0dB [pso]  snr=+14.0dB [pso]  snr=+16.0dB [pso]  snr=+18.0dB [pso]  snr=+20.0dB [pso]Done (52.30s)
Estimator batch 667/2000 (active points 8/22) ...   snr=+6.0dB [pso]  snr=+8.0dB [pso]  snr=+10.0dB [pso]  snr=+12.0dB [pso]  snr=+14.0dB [pso]  snr=+16.0dB [pso]  snr=+18.0dB [pso]  snr=+20.0dB [pso]Done (47.67s)
Estimator batch 668/2000 (active points 8/22) ...   snr=+6.0dB [pso]  snr=+8.0dB [pso]  snr=+10.0dB [pso]  snr=+12.0dB [pso]  snr=+14.0dB [pso]  snr=+16.0dB [pso]  snr=+18.0dB [pso]  snr=+20.0dB [pso]Done (55.99s)
Estimator batch 669/2000 (active points 8/22) ...   snr=+6.0dB [pso]  snr=+8.0dB [pso]  snr=+10.0dB [pso]  snr=+12.0dB [pso]  snr=+14.0dB [pso]  snr=+16.0dB [pso]  snr=+18.0dB [pso]  snr=+20.0dB [pso]Done (51.35s)
Estimator batch 670/2000 (active points 8/22) ...   snr=+6.0dB [pso]  snr=+8.0dB [pso]  snr=+10.0dB [pso]  snr=+12.0dB [pso]  snr=+14.0dB [pso]  snr=+16.0dB [pso]  snr=+18.0dB [pso]  snr=+20.0dB [pso]Done (50.95s)
Estimator batch 671/2000 (active points 8/22) ...   snr=+6.0dB [pso]  snr=+8.0dB [pso]  snr=+10.0dB [pso]  snr=+12.0dB [pso]  snr=+14.0dB [pso]  snr=+16.0dB [pso]  snr=+18.0dB [pso]  snr=+20.0dB [pso]Done (48.31s)
Estimator batch 672/2000 (active points 8/22) ...   snr=+6.0dB [pso]  snr=+8.0dB [pso]  snr=+10.0dB [pso]  snr=+12.0dB [pso]  snr=+14.0dB [pso]  snr=+16.0dB [pso]  snr=+18.0dB [pso]  snr=+20.0dB [pso]Done (47.32s)
Estimator batch 673/2000 (active points 8/22) ...   snr=+6.0dB [pso]  snr=+8.0dB [pso]  snr=+10.0dB [pso]  snr=+12.0dB [pso]  snr=+14.0dB [pso]  snr=+16.0dB [pso]  snr=+18.0dB [pso]  snr=+20.0dB [pso]Done (44.64s)
Estimator batch 674/2000 (active points 8/22) ...   snr=+6.0dB [pso]  snr=+8.0dB [pso]  snr=+10.0dB [pso]  snr=+12.0dB [pso]  snr=+14.0dB [pso]  snr=+16.0dB [pso]  snr=+18.0dB [pso]  snr=+20.0dB [pso]Done (50.46s)
Estimator batch 675/2000 (active points 8/22) ...   snr=+6.0dB [pso]  snr=+8.0dB [pso]  snr=+10.0dB [pso]  snr=+12.0dB [pso]  snr=+14.0dB [pso]  snr=+16.0dB [pso]  snr=+18.0dB [pso]  snr=+20.0dB [pso]Done (50.29s)
Estimator batch 676/2000 (active points 8/22) ...   snr=+6.0dB [pso]  snr=+8.0dB [pso]  snr=+10.0dB [pso]  snr=+12.0dB [pso]  snr=+14.0dB [pso]  snr=+16.0dB [pso]  snr=+18.0dB [pso]  snr=+20.0dB [pso]Done (48.42s)
Estimator batch 677/2000 (active points 8/22) ...   snr=+6.0dB [pso]  snr=+8.0dB [pso]  snr=+10.0dB [pso]  snr=+12.0dB [pso]  snr=+14.0dB [pso]  snr=+16.0dB [pso]  snr=+18.0dB [pso]  snr=+20.0dB [pso]Done (49.11s)
Estimator batch 678/2000 (active points 8/22) ...   snr=+6.0dB [pso]  snr=+8.0dB [pso]  snr=+10.0dB [pso]  snr=+12.0dB [pso]  snr=+14.0dB [pso]  snr=+16.0dB [pso]  snr=+18.0dB [pso]  snr=+20.0dB [pso]Done (41.31s)
Estimator batch 679/2000 (active points 8/22) ...   snr=+6.0dB [pso]  snr=+8.0dB [pso]  snr=+10.0dB [pso]  snr=+12.0dB [pso]  snr=+14.0dB [pso]  snr=+16.0dB [pso]  snr=+18.0dB [pso]  snr=+20.0dB [pso]Done (46.70s)
Estimator batch 680/2000 (active points 8/22) ...   snr=+6.0dB [pso]  snr=+8.0dB [pso]  snr=+10.0dB [pso]  snr=+12.0dB [pso]  snr=+14.0dB [pso]  snr=+16.0dB [pso]  snr=+18.0dB [pso]  snr=+20.0dB [pso]Done (47.25s)
Estimator batch 681/2000 (active points 8/22) ...   snr=+6.0dB [pso]  snr=+8.0dB [pso]  snr=+10.0dB [pso]  snr=+12.0dB [pso]  snr=+14.0dB [pso]  snr=+16.0dB [pso]  snr=+18.0dB [pso]  snr=+20.0dB [pso]Done (47.55s)
Estimator batch 682/2000 (active points 8/22) ...   snr=+6.0dB [pso]  snr=+8.0dB [pso]  snr=+10.0dB [pso]  snr=+12.0dB [pso]  snr=+14.0dB [pso]  snr=+16.0dB [pso]  snr=+18.0dB [pso]  snr=+20.0dB [pso]Done (49.57s)
Estimator batch 683/2000 (active points 8/22) ...   snr=+6.0dB [pso]  snr=+8.0dB [pso]  snr=+10.0dB [pso]  snr=+12.0dB [pso]  snr=+14.0dB [pso]  snr=+16.0dB [pso]  snr=+18.0dB [pso]  snr=+20.0dB [pso]Done (47.56s)
Estimator batch 684/2000 (active points 8/22) ...   snr=+6.0dB [pso]  snr=+8.0dB [pso]  snr=+10.0dB [pso]  snr=+12.0dB [pso]  snr=+14.0dB [pso]  snr=+16.0dB [pso]  snr=+18.0dB [pso]  snr=+20.0dB [pso]Done (45.37s)
Estimator batch 685/2000 (active points 8/22) ...   snr=+6.0dB [pso]  snr=+8.0dB [pso]  snr=+10.0dB [pso]  snr=+12.0dB [pso]  snr=+14.0dB [pso]  snr=+16.0dB [pso]  snr=+18.0dB [pso]  snr=+20.0dB [pso]Done (46.10s)
Estimator batch 686/2000 (active points 8/22) ...   snr=+6.0dB [pso]  snr=+8.0dB [pso]  snr=+10.0dB [pso]  snr=+12.0dB [pso]  snr=+14.0dB [pso]  snr=+16.0dB [pso]  snr=+18.0dB [pso]  snr=+20.0dB [pso]Done (46.27s)
Estimator batch 687/2000 (active points 8/22) ...   snr=+6.0dB [pso]  snr=+8.0dB [pso]  snr=+10.0dB [pso]  snr=+12.0dB [pso]  snr=+14.0dB [pso]  snr=+16.0dB [pso]  snr=+18.0dB [pso]  snr=+20.0dB [pso]Done (42.93s)
Estimator batch 688/2000 (active points 8/22) ...   snr=+6.0dB [pso]  snr=+8.0dB [pso]  snr=+10.0dB [pso]  snr=+12.0dB [pso]  snr=+14.0dB [pso]  snr=+16.0dB [pso]  snr=+18.0dB [pso]  snr=+20.0dB [pso]Done (46.99s)
Estimator batch 689/2000 (active points 8/22) ...   snr=+6.0dB [pso]  snr=+8.0dB [pso]  snr=+10.0dB [pso]  snr=+12.0dB [pso]  snr=+14.0dB [pso]  snr=+16.0dB [pso]  snr=+18.0dB [pso]  snr=+20.0dB [pso]Done (46.66s)
Estimator batch 690/2000 (active points 8/22) ...   snr=+6.0dB [pso]  snr=+8.0dB [pso]  snr=+10.0dB [pso]  snr=+12.0dB [pso]  snr=+14.0dB [pso]  snr=+16.0dB [pso]  snr=+18.0dB [pso]  snr=+20.0dB [pso]Done (42.61s)
Estimator batch 691/2000 (active points 8/22) ...   snr=+6.0dB [pso]  snr=+8.0dB [pso]  snr=+10.0dB [pso]  snr=+12.0dB [pso]  snr=+14.0dB [pso]  snr=+16.0dB [pso]  snr=+18.0dB [pso]  snr=+20.0dB [pso]Done (48.80s)
Estimator batch 692/2000 (active points 8/22) ...   snr=+6.0dB [pso]  snr=+8.0dB [pso]  snr=+10.0dB [pso]  snr=+12.0dB [pso]  snr=+14.0dB [pso]  snr=+16.0dB [pso]  snr=+18.0dB [pso]  snr=+20.0dB [pso]Done (46.18s)
Estimator batch 693/2000 (active points 8/22) ...   snr=+6.0dB [pso]  snr=+8.0dB [pso]  snr=+10.0dB [pso]  snr=+12.0dB [pso]  snr=+14.0dB [pso]  snr=+16.0dB [pso]  snr=+18.0dB [pso]  snr=+20.0dB [pso]Done (50.42s)
Estimator batch 694/2000 (active points 8/22) ...   snr=+6.0dB [pso]  snr=+8.0dB [pso]  snr=+10.0dB [pso]  snr=+12.0dB [pso]  snr=+14.0dB [pso]  snr=+16.0dB [pso]  snr=+18.0dB [pso]  snr=+20.0dB [pso]Done (48.95s)
Estimator batch 695/2000 (active points 8/22) ...   snr=+6.0dB [pso]  snr=+8.0dB [pso]  snr=+10.0dB [pso]  snr=+12.0dB [pso]  snr=+14.0dB [pso]  snr=+16.0dB [pso]  snr=+18.0dB [pso]  snr=+20.0dB [pso]Done (46.75s)
Estimator batch 696/2000 (active points 8/22) ...   snr=+6.0dB [pso]  snr=+8.0dB [pso]  snr=+10.0dB [pso]  snr=+12.0dB [pso]  snr=+14.0dB [pso]  snr=+16.0dB [pso]  snr=+18.0dB [pso]  snr=+20.0dB [pso]Done (48.12s)
Estimator batch 697/2000 (active points 8/22) ...   snr=+6.0dB [pso]  snr=+8.0dB [pso]  snr=+10.0dB [pso]  snr=+12.0dB [pso]  snr=+14.0dB [pso]  snr=+16.0dB [pso]  snr=+18.0dB [pso]  snr=+20.0dB [pso]Done (47.24s)
Estimator batch 698/2000 (active points 8/22) ...   snr=+6.0dB [pso]  snr=+8.0dB [pso]  snr=+10.0dB [pso]  snr=+12.0dB [pso]  snr=+14.0dB [pso]  snr=+16.0dB [pso]  snr=+18.0dB [pso]  snr=+20.0dB [pso]Done (43.67s)
Estimator batch 699/2000 (active points 8/22) ...   snr=+6.0dB [pso]  snr=+8.0dB [pso]  snr=+10.0dB [pso]  snr=+12.0dB [pso]  snr=+14.0dB [pso]  snr=+16.0dB [pso]  snr=+18.0dB [pso]  snr=+20.0dB [pso]Done (41.53s)
Estimator batch 700/2000 (active points 8/22) ...   snr=+6.0dB [pso]  snr=+8.0dB [pso]  snr=+10.0dB [pso]  snr=+12.0dB [pso]  snr=+14.0dB [pso]  snr=+16.0dB [pso]  snr=+18.0dB [pso]  snr=+20.0dB [pso]Done (46.44s)
Estimator batch 701/2000 (active points 8/22) ...   snr=+6.0dB [pso]  snr=+8.0dB [pso]  snr=+10.0dB [pso]  snr=+12.0dB [pso]  snr=+14.0dB [pso]  snr=+16.0dB [pso]  snr=+18.0dB [pso]  snr=+20.0dB [pso]Done (50.96s)
Estimator batch 702/2000 (active points 8/22) ...   snr=+6.0dB [pso]  snr=+8.0dB [pso]  snr=+10.0dB [pso]  snr=+12.0dB [pso]  snr=+14.0dB [pso]  snr=+16.0dB [pso]  snr=+18.0dB [pso]  snr=+20.0dB [pso]Done (49.05s)
Estimator batch 703/2000 (active points 8/22) ...   snr=+6.0dB [pso]  snr=+8.0dB [pso]  snr=+10.0dB [pso]  snr=+12.0dB [pso]  snr=+14.0dB [pso]  snr=+16.0dB [pso]  snr=+18.0dB [pso]  snr=+20.0dB [pso]Done (46.80s)
Estimator batch 704/2000 (active points 8/22) ...   snr=+6.0dB [pso]  snr=+8.0dB [pso]  snr=+10.0dB [pso]  snr=+12.0dB [pso]  snr=+14.0dB [pso]  snr=+16.0dB [pso]  snr=+18.0dB [pso]  snr=+20.0dB [pso]Done (45.64s)
Estimator batch 705/2000 (active points 8/22) ...   snr=+6.0dB [pso]  snr=+8.0dB [pso]  snr=+10.0dB [pso]  snr=+12.0dB [pso]  snr=+14.0dB [pso]  snr=+16.0dB [pso]  snr=+18.0dB [pso]  snr=+20.0dB [pso]Done (43.21s)
Estimator batch 706/2000 (active points 8/22) ...   snr=+6.0dB [pso]  snr=+8.0dB [pso]  snr=+10.0dB [pso]  snr=+12.0dB [pso]  snr=+14.0dB [pso]  snr=+16.0dB [pso]  snr=+18.0dB [pso]  snr=+20.0dB [pso]Done (44.06s)
Estimator batch 707/2000 (active points 8/22) ...   snr=+6.0dB [pso]  snr=+8.0dB [pso]  snr=+10.0dB [pso]  snr=+12.0dB [pso]  snr=+14.0dB [pso]  snr=+16.0dB [pso]  snr=+18.0dB [pso]  snr=+20.0dB [pso]Done (49.06s)
Estimator batch 708/2000 (active points 8/22) ...   snr=+6.0dB [pso]  snr=+8.0dB [pso]  snr=+10.0dB [pso]  snr=+12.0dB [pso]  snr=+14.0dB [pso]  snr=+16.0dB [pso]  snr=+18.0dB [pso]  snr=+20.0dB [pso]Done (49.59s)
Estimator batch 709/2000 (active points 8/22) ...   snr=+6.0dB [pso]  snr=+8.0dB [pso]  snr=+10.0dB [pso]  snr=+12.0dB [pso]  snr=+14.0dB [pso]  snr=+16.0dB [pso]  snr=+18.0dB [pso]  snr=+20.0dB [pso]Done (46.32s)
Estimator batch 710/2000 (active points 8/22) ...   snr=+6.0dB [pso]  snr=+8.0dB [pso]  snr=+10.0dB [pso]  snr=+12.0dB [pso]  snr=+14.0dB [pso]  snr=+16.0dB [pso]  snr=+18.0dB [pso]  snr=+20.0dB [pso]Done (42.33s)
Estimator batch 711/2000 (active points 8/22) ...   snr=+6.0dB [pso]  snr=+8.0dB [pso]  snr=+10.0dB [pso]  snr=+12.0dB [pso]  snr=+14.0dB [pso]  snr=+16.0dB [pso]  snr=+18.0dB [pso]  snr=+20.0dB [pso]Done (44.89s)
Estimator batch 712/2000 (active points 8/22) ...   snr=+6.0dB [pso]  snr=+8.0dB [pso]  snr=+10.0dB [pso]  snr=+12.0dB [pso]  snr=+14.0dB [pso]  snr=+16.0dB [pso]  snr=+18.0dB [pso]  snr=+20.0dB [pso]Done (50.93s)
Estimator batch 713/2000 (active points 8/22) ...   snr=+6.0dB [pso]  snr=+8.0dB [pso]  snr=+10.0dB [pso]  snr=+12.0dB [pso]  snr=+14.0dB [pso]  snr=+16.0dB [pso]  snr=+18.0dB [pso]  snr=+20.0dB [pso]Done (47.46s)
Estimator batch 714/2000 (active points 8/22) ...   snr=+6.0dB [pso]  snr=+8.0dB [pso]  snr=+10.0dB [pso]  snr=+12.0dB [pso]  snr=+14.0dB [pso]  snr=+16.0dB [pso]  snr=+18.0dB [pso]  snr=+20.0dB [pso]Done (46.66s)
Estimator batch 715/2000 (active points 8/22) ...   snr=+6.0dB [pso]  snr=+8.0dB [pso]  snr=+10.0dB [pso]  snr=+12.0dB [pso]  snr=+14.0dB [pso]  snr=+16.0dB [pso]  snr=+18.0dB [pso]  snr=+20.0dB [pso]Done (46.75s)
Estimator batch 716/2000 (active points 8/22) ...   snr=+6.0dB [pso]  snr=+8.0dB [pso]  snr=+10.0dB [pso]  snr=+12.0dB [pso]  snr=+14.0dB [pso]  snr=+16.0dB [pso]  snr=+18.0dB [pso]  snr=+20.0dB [pso]Done (50.96s)
Estimator batch 717/2000 (active points 8/22) ...   snr=+6.0dB [pso]  snr=+8.0dB [pso]  snr=+10.0dB [pso]  snr=+12.0dB [pso]  snr=+14.0dB [pso]  snr=+16.0dB [pso]  snr=+18.0dB [pso]  snr=+20.0dB [pso]Done (48.95s)
Estimator batch 718/2000 (active points 8/22) ...   snr=+6.0dB [pso]  snr=+8.0dB [pso]  snr=+10.0dB [pso]  snr=+12.0dB [pso]  snr=+14.0dB [pso]  snr=+16.0dB [pso]  snr=+18.0dB [pso]  snr=+20.0dB [pso]Done (47.01s)
Estimator batch 719/2000 (active points 8/22) ...   snr=+6.0dB [pso]  snr=+8.0dB [pso]  snr=+10.0dB [pso]  snr=+12.0dB [pso]  snr=+14.0dB [pso]  snr=+16.0dB [pso]  snr=+18.0dB [pso]  snr=+20.0dB [pso]Done (47.36s)
Estimator batch 720/2000 (active points 8/22) ...   snr=+6.0dB [pso]  snr=+8.0dB [pso]  snr=+10.0dB [pso]  snr=+12.0dB [pso]  snr=+14.0dB [pso]  snr=+16.0dB [pso]  snr=+18.0dB [pso]  snr=+20.0dB [pso]Done (49.67s)
Estimator batch 721/2000 (active points 8/22) ...   snr=+6.0dB [pso]  snr=+8.0dB [pso]  snr=+10.0dB [pso]  snr=+12.0dB [pso]  snr=+14.0dB [pso]  snr=+16.0dB [pso]  snr=+18.0dB [pso]  snr=+20.0dB [pso]Done (49.03s)
Estimator batch 722/2000 (active points 8/22) ...   snr=+6.0dB [pso]  snr=+8.0dB [pso]  snr=+10.0dB [pso]  snr=+12.0dB [pso]  snr=+14.0dB [pso]  snr=+16.0dB [pso]  snr=+18.0dB [pso]  snr=+20.0dB [pso]Done (44.47s)
Estimator batch 723/2000 (active points 8/22) ...   snr=+6.0dB [pso]  snr=+8.0dB [pso]  snr=+10.0dB [pso]  snr=+12.0dB [pso]  snr=+14.0dB [pso]  snr=+16.0dB [pso]  snr=+18.0dB [pso]  snr=+20.0dB [pso]Done (49.44s)
Estimator batch 724/2000 (active points 8/22) ...   snr=+6.0dB [pso]  snr=+8.0dB [pso]  snr=+10.0dB [pso]  snr=+12.0dB [pso]  snr=+14.0dB [pso]  snr=+16.0dB [pso]  snr=+18.0dB [pso]  snr=+20.0dB [pso]Done (48.97s)
Estimator batch 725/2000 (active points 8/22) ...   snr=+6.0dB [pso]  snr=+8.0dB [pso]  snr=+10.0dB [pso]  snr=+12.0dB [pso]  snr=+14.0dB [pso]  snr=+16.0dB [pso]  snr=+18.0dB [pso]  snr=+20.0dB [pso]Done (45.87s)
Estimator batch 726/2000 (active points 8/22) ...   snr=+6.0dB [pso]  snr=+8.0dB [pso]  snr=+10.0dB [pso]  snr=+12.0dB [pso]  snr=+14.0dB [pso]  snr=+16.0dB [pso]  snr=+18.0dB [pso]  snr=+20.0dB [pso]Done (48.76s)
Estimator batch 727/2000 (active points 8/22) ...   snr=+6.0dB [pso]  snr=+8.0dB [pso]  snr=+10.0dB [pso]  snr=+12.0dB [pso]  snr=+14.0dB [pso]  snr=+16.0dB [pso]  snr=+18.0dB [pso]  snr=+20.0dB [pso]Done (46.50s)
Estimator batch 728/2000 (active points 8/22) ...   snr=+6.0dB [pso]  snr=+8.0dB [pso]  snr=+10.0dB [pso]  snr=+12.0dB [pso]  snr=+14.0dB [pso]  snr=+16.0dB [pso]  snr=+18.0dB [pso]  snr=+20.0dB [pso]Done (45.63s)
Estimator batch 729/2000 (active points 8/22) ...   snr=+6.0dB [pso]  snr=+8.0dB [pso]  snr=+10.0dB [pso]  snr=+12.0dB [pso]  snr=+14.0dB [pso]  snr=+16.0dB [pso]  snr=+18.0dB [pso]  snr=+20.0dB [pso]Done (43.80s)
Estimator batch 730/2000 (active points 8/22) ...   snr=+6.0dB [pso]  snr=+8.0dB [pso]  snr=+10.0dB [pso]  snr=+12.0dB [pso]  snr=+14.0dB [pso]  snr=+16.0dB [pso]  snr=+18.0dB [pso]  snr=+20.0dB [pso]Done (48.30s)
Estimator batch 731/2000 (active points 8/22) ...   snr=+6.0dB [pso]  snr=+8.0dB [pso]  snr=+10.0dB [pso]  snr=+12.0dB [pso]  snr=+14.0dB [pso]  snr=+16.0dB [pso]  snr=+18.0dB [pso]  snr=+20.0dB [pso]Done (45.97s)
Estimator batch 732/2000 (active points 8/22) ...   snr=+6.0dB [pso]  snr=+8.0dB [pso]  snr=+10.0dB [pso]  snr=+12.0dB [pso]  snr=+14.0dB [pso]  snr=+16.0dB [pso]  snr=+18.0dB [pso]  snr=+20.0dB [pso]Done (48.02s)
Estimator batch 733/2000 (active points 8/22) ...   snr=+6.0dB [pso]  snr=+8.0dB [pso]  snr=+10.0dB [pso]  snr=+12.0dB [pso]  snr=+14.0dB [pso]  snr=+16.0dB [pso]  snr=+18.0dB [pso]  snr=+20.0dB [pso]Done (49.54s)
Estimator batch 734/2000 (active points 8/22) ...   snr=+6.0dB [pso]  snr=+8.0dB [pso]  snr=+10.0dB [pso]  snr=+12.0dB [pso]  snr=+14.0dB [pso]  snr=+16.0dB [pso]  snr=+18.0dB [pso]  snr=+20.0dB [pso]Done (43.11s)
Estimator batch 735/2000 (active points 8/22) ...   snr=+6.0dB [pso]  snr=+8.0dB [pso]  snr=+10.0dB [pso]  snr=+12.0dB [pso]  snr=+14.0dB [pso]  snr=+16.0dB [pso]  snr=+18.0dB [pso]  snr=+20.0dB [pso]Done (48.90s)
Estimator batch 736/2000 (active points 8/22) ...   snr=+6.0dB [pso]  snr=+8.0dB [pso]  snr=+10.0dB [pso]  snr=+12.0dB [pso]  snr=+14.0dB [pso]  snr=+16.0dB [pso]  snr=+18.0dB [pso]  snr=+20.0dB [pso]Done (46.12s)
Estimator batch 737/2000 (active points 8/22) ...   snr=+6.0dB [pso]  snr=+8.0dB [pso]  snr=+10.0dB [pso]  snr=+12.0dB [pso]  snr=+14.0dB [pso]  snr=+16.0dB [pso]  snr=+18.0dB [pso]  snr=+20.0dB [pso]Done (48.12s)
Estimator batch 738/2000 (active points 8/22) ...   snr=+6.0dB [pso]  snr=+8.0dB [pso]  snr=+10.0dB [pso]  snr=+12.0dB [pso]  snr=+14.0dB [pso]  snr=+16.0dB [pso]  snr=+18.0dB [pso]  snr=+20.0dB [pso]Done (49.56s)
Estimator batch 739/2000 (active points 8/22) ...   snr=+6.0dB [pso]  snr=+8.0dB [pso]  snr=+10.0dB [pso]  snr=+12.0dB [pso]  snr=+14.0dB [pso]  snr=+16.0dB [pso]  snr=+18.0dB [pso]  snr=+20.0dB [pso]Done (48.77s)
Estimator batch 740/2000 (active points 8/22) ...   snr=+6.0dB [pso]  snr=+8.0dB [pso]  snr=+10.0dB [pso]  snr=+12.0dB [pso]  snr=+14.0dB [pso]  snr=+16.0dB [pso]  snr=+18.0dB [pso]  snr=+20.0dB [pso]Done (51.73s)
Estimator batch 741/2000 (active points 8/22) ...   snr=+6.0dB [pso]  snr=+8.0dB [pso]  snr=+10.0dB [pso]  snr=+12.0dB [pso]  snr=+14.0dB [pso]  snr=+16.0dB [pso]  snr=+18.0dB [pso]  snr=+20.0dB [pso]Done (44.36s)
Estimator batch 742/2000 (active points 8/22) ...   snr=+6.0dB [pso]  snr=+8.0dB [pso]  snr=+10.0dB [pso]  snr=+12.0dB [pso]  snr=+14.0dB [pso]  snr=+16.0dB [pso]  snr=+18.0dB [pso]  snr=+20.0dB [pso]Done (50.52s)
Estimator batch 743/2000 (active points 8/22) ...   snr=+6.0dB [pso]  snr=+8.0dB [pso]  snr=+10.0dB [pso]  snr=+12.0dB [pso]  snr=+14.0dB [pso]  snr=+16.0dB [pso]  snr=+18.0dB [pso]  snr=+20.0dB [pso]Done (47.62s)
Estimator batch 744/2000 (active points 8/22) ...   snr=+6.0dB [pso]  snr=+8.0dB [pso]  snr=+10.0dB [pso]  snr=+12.0dB [pso]  snr=+14.0dB [pso]  snr=+16.0dB [pso]  snr=+18.0dB [pso]  snr=+20.0dB [pso]Done (49.53s)
Estimator batch 745/2000 (active points 8/22) ...   snr=+6.0dB [pso]  snr=+8.0dB [pso]  snr=+10.0dB [pso]  snr=+12.0dB [pso]  snr=+14.0dB [pso]  snr=+16.0dB [pso]  snr=+18.0dB [pso]  snr=+20.0dB [pso]Done (48.40s)
Estimator batch 746/2000 (active points 8/22) ...   snr=+6.0dB [pso]  snr=+8.0dB [pso]  snr=+10.0dB [pso]  snr=+12.0dB [pso]  snr=+14.0dB [pso]  snr=+16.0dB [pso]  snr=+18.0dB [pso]  snr=+20.0dB [pso]Done (50.52s)
Estimator batch 747/2000 (active points 8/22) ...   snr=+6.0dB [pso]  snr=+8.0dB [pso]  snr=+10.0dB [pso]  snr=+12.0dB [pso]  snr=+14.0dB [pso]  snr=+16.0dB [pso]  snr=+18.0dB [pso]  snr=+20.0dB [pso]Done (48.53s)
Estimator batch 748/2000 (active points 8/22) ...   snr=+6.0dB [pso]  snr=+8.0dB [pso]  snr=+10.0dB [pso]  snr=+12.0dB [pso]  snr=+14.0dB [pso]  snr=+16.0dB [pso]  snr=+18.0dB [pso]  snr=+20.0dB [pso]Done (47.82s)
Estimator batch 749/2000 (active points 8/22) ...   snr=+6.0dB [pso]  snr=+8.0dB [pso]  snr=+10.0dB [pso]  snr=+12.0dB [pso]  snr=+14.0dB [pso]  snr=+16.0dB [pso]  snr=+18.0dB [pso]  snr=+20.0dB [pso]Done (49.89s)
Estimator batch 750/2000 (active points 8/22) ...   snr=+6.0dB [pso]  snr=+8.0dB [pso]  snr=+10.0dB [pso]  snr=+12.0dB [pso]  snr=+14.0dB [pso]  snr=+16.0dB [pso]  snr=+18.0dB [pso]  snr=+20.0dB [pso]Done (48.78s)
Estimator batch 751/2000 (active points 8/22) ...   snr=+6.0dB [pso]  snr=+8.0dB [pso]  snr=+10.0dB [pso]  snr=+12.0dB [pso]  snr=+14.0dB [pso]  snr=+16.0dB [pso]  snr=+18.0dB [pso]  snr=+20.0dB [pso]Done (51.13s)
Estimator batch 752/2000 (active points 8/22) ...   snr=+6.0dB [pso]  snr=+8.0dB [pso]  snr=+10.0dB [pso]  snr=+12.0dB [pso]  snr=+14.0dB [pso]  snr=+16.0dB [pso]  snr=+18.0dB [pso]  snr=+20.0dB [pso]Done (48.94s)
Estimator batch 753/2000 (active points 8/22) ...   snr=+6.0dB [pso]  snr=+8.0dB [pso]  snr=+10.0dB [pso]  snr=+12.0dB [pso]  snr=+14.0dB [pso]  snr=+16.0dB [pso]  snr=+18.0dB [pso]  snr=+20.0dB [pso]Done (47.95s)
Estimator batch 754/2000 (active points 8/22) ...   snr=+6.0dB [pso]  snr=+8.0dB [pso]  snr=+10.0dB [pso]  snr=+12.0dB [pso]  snr=+14.0dB [pso]  snr=+16.0dB [pso]  snr=+18.0dB [pso]  snr=+20.0dB [pso]Done (47.26s)
Estimator batch 755/2000 (active points 8/22) ...   snr=+6.0dB [pso]  snr=+8.0dB [pso]  snr=+10.0dB [pso]  snr=+12.0dB [pso]  snr=+14.0dB [pso]  snr=+16.0dB [pso]  snr=+18.0dB [pso]  snr=+20.0dB [pso]Done (46.96s)
Estimator batch 756/2000 (active points 8/22) ...   snr=+6.0dB [pso]  snr=+8.0dB [pso]  snr=+10.0dB [pso]  snr=+12.0dB [pso]  snr=+14.0dB [pso]  snr=+16.0dB [pso]  snr=+18.0dB [pso]  snr=+20.0dB [pso]Done (46.62s)
Estimator batch 757/2000 (active points 8/22) ...   snr=+6.0dB [pso]  snr=+8.0dB [pso]  snr=+10.0dB [pso]  snr=+12.0dB [pso]  snr=+14.0dB [pso]  snr=+16.0dB [pso]  snr=+18.0dB [pso]  snr=+20.0dB [pso]Done (49.15s)
Estimator batch 758/2000 (active points 8/22) ...   snr=+6.0dB [pso]  snr=+8.0dB [pso]  snr=+10.0dB [pso]  snr=+12.0dB [pso]  snr=+14.0dB [pso]  snr=+16.0dB [pso]  snr=+18.0dB [pso]  snr=+20.0dB [pso]Done (49.75s)
Estimator batch 759/2000 (active points 8/22) ...   snr=+6.0dB [pso]  snr=+8.0dB [pso]  snr=+10.0dB [pso]  snr=+12.0dB [pso]  snr=+14.0dB [pso]  snr=+16.0dB [pso]  snr=+18.0dB [pso]  snr=+20.0dB [pso]Done (50.86s)
Estimator batch 760/2000 (active points 8/22) ...   snr=+6.0dB [pso]  snr=+8.0dB [pso]  snr=+10.0dB [pso]  snr=+12.0dB [pso]  snr=+14.0dB [pso]  snr=+16.0dB [pso]  snr=+18.0dB [pso]  snr=+20.0dB [pso]Done (45.58s)
Estimator batch 761/2000 (active points 8/22) ...   snr=+6.0dB [pso]  snr=+8.0dB [pso]  snr=+10.0dB [pso]  snr=+12.0dB [pso]  snr=+14.0dB [pso]  snr=+16.0dB [pso]  snr=+18.0dB [pso]  snr=+20.0dB [pso]Done (47.22s)
Estimator batch 762/2000 (active points 8/22) ...   snr=+6.0dB [pso]  snr=+8.0dB [pso]  snr=+10.0dB [pso]  snr=+12.0dB [pso]  snr=+14.0dB [pso]  snr=+16.0dB [pso]  snr=+18.0dB [pso]  snr=+20.0dB [pso]Done (45.76s)
Estimator batch 763/2000 (active points 8/22) ...   snr=+6.0dB [pso]  snr=+8.0dB [pso]  snr=+10.0dB [pso]  snr=+12.0dB [pso]  snr=+14.0dB [pso]  snr=+16.0dB [pso]  snr=+18.0dB [pso]  snr=+20.0dB [pso]Done (48.19s)
Estimator batch 764/2000 (active points 8/22) ...   snr=+6.0dB [pso]  snr=+8.0dB [pso]  snr=+10.0dB [pso]  snr=+12.0dB [pso]  snr=+14.0dB [pso]  snr=+16.0dB [pso]  snr=+18.0dB [pso]  snr=+20.0dB [pso]Done (49.91s)
Estimator batch 765/2000 (active points 8/22) ...   snr=+6.0dB [pso]  snr=+8.0dB [pso]  snr=+10.0dB [pso]  snr=+12.0dB [pso]  snr=+14.0dB [pso]  snr=+16.0dB [pso]  snr=+18.0dB [pso]  snr=+20.0dB [pso]Done (48.58s)
Estimator batch 766/2000 (active points 8/22) ...   snr=+6.0dB [pso]  snr=+8.0dB [pso]  snr=+10.0dB [pso]  snr=+12.0dB [pso]  snr=+14.0dB [pso]  snr=+16.0dB [pso]  snr=+18.0dB [pso]  snr=+20.0dB [pso]Done (50.57s)
Estimator batch 767/2000 (active points 8/22) ...   snr=+6.0dB [pso]  snr=+8.0dB [pso]  snr=+10.0dB [pso]  snr=+12.0dB [pso]  snr=+14.0dB [pso]  snr=+16.0dB [pso]  snr=+18.0dB [pso]  snr=+20.0dB [pso]Done (50.14s)
Estimator batch 768/2000 (active points 8/22) ...   snr=+6.0dB [pso]  snr=+8.0dB [pso]  snr=+10.0dB [pso]  snr=+12.0dB [pso]  snr=+14.0dB [pso]  snr=+16.0dB [pso]  snr=+18.0dB [pso]  snr=+20.0dB [pso]Done (48.85s)
Estimator batch 769/2000 (active points 8/22) ...   snr=+6.0dB [pso]  snr=+8.0dB [pso]  snr=+10.0dB [pso]  snr=+12.0dB [pso]  snr=+14.0dB [pso]  snr=+16.0dB [pso]  snr=+18.0dB [pso]  snr=+20.0dB [pso]Done (47.46s)
Estimator batch 770/2000 (active points 8/22) ...   snr=+6.0dB [pso]  snr=+8.0dB [pso]  snr=+10.0dB [pso]  snr=+12.0dB [pso]  snr=+14.0dB [pso]  snr=+16.0dB [pso]  snr=+18.0dB [pso]  snr=+20.0dB [pso]Done (42.20s)
Estimator batch 771/2000 (active points 8/22) ...   snr=+6.0dB [pso]  snr=+8.0dB [pso]  snr=+10.0dB [pso]  snr=+12.0dB [pso]  snr=+14.0dB [pso]  snr=+16.0dB [pso]  snr=+18.0dB [pso]  snr=+20.0dB [pso]Done (49.81s)
Estimator batch 772/2000 (active points 8/22) ...   snr=+6.0dB [pso]  snr=+8.0dB [pso]  snr=+10.0dB [pso]  snr=+12.0dB [pso]  snr=+14.0dB [pso]  snr=+16.0dB [pso]  snr=+18.0dB [pso]  snr=+20.0dB [pso]Done (44.93s)
Estimator batch 773/2000 (active points 8/22) ...   snr=+6.0dB [pso]  snr=+8.0dB [pso]  snr=+10.0dB [pso]  snr=+12.0dB [pso]  snr=+14.0dB [pso]  snr=+16.0dB [pso]  snr=+18.0dB [pso]  snr=+20.0dB [pso]Done (51.45s)
Estimator batch 774/2000 (active points 8/22) ...   snr=+6.0dB [pso]  snr=+8.0dB [pso]  snr=+10.0dB [pso]  snr=+12.0dB [pso]  snr=+14.0dB [pso]  snr=+16.0dB [pso]  snr=+18.0dB [pso]  snr=+20.0dB [pso]Done (49.91s)
Estimator batch 775/2000 (active points 8/22) ...   snr=+6.0dB [pso]  snr=+8.0dB [pso]  snr=+10.0dB [pso]  snr=+12.0dB [pso]  snr=+14.0dB [pso]  snr=+16.0dB [pso]  snr=+18.0dB [pso]  snr=+20.0dB [pso]Done (44.05s)
Estimator batch 776/2000 (active points 8/22) ...   snr=+6.0dB [pso]  snr=+8.0dB [pso]  snr=+10.0dB [pso]  snr=+12.0dB [pso]  snr=+14.0dB [pso]  snr=+16.0dB [pso]  snr=+18.0dB [pso]  snr=+20.0dB [pso]Done (51.99s)
Estimator batch 777/2000 (active points 8/22) ...   snr=+6.0dB [pso]  snr=+8.0dB [pso]  snr=+10.0dB [pso]  snr=+12.0dB [pso]  snr=+14.0dB [pso]  snr=+16.0dB [pso]  snr=+18.0dB [pso]  snr=+20.0dB [pso]Done (47.62s)
Estimator batch 778/2000 (active points 8/22) ...   snr=+6.0dB [pso]  snr=+8.0dB [pso]  snr=+10.0dB [pso]  snr=+12.0dB [pso]  snr=+14.0dB [pso]  snr=+16.0dB [pso]  snr=+18.0dB [pso]  snr=+20.0dB [pso]Done (49.17s)
Estimator batch 779/2000 (active points 8/22) ...   snr=+6.0dB [pso]  snr=+8.0dB [pso]  snr=+10.0dB [pso]  snr=+12.0dB [pso]  snr=+14.0dB [pso]  snr=+16.0dB [pso]  snr=+18.0dB [pso]  snr=+20.0dB [pso]Done (50.28s)
Estimator batch 780/2000 (active points 8/22) ...   snr=+6.0dB [pso]  snr=+8.0dB [pso]  snr=+10.0dB [pso]  snr=+12.0dB [pso]  snr=+14.0dB [pso]  snr=+16.0dB [pso]  snr=+18.0dB [pso]  snr=+20.0dB [pso]Done (49.09s)
Estimator batch 781/2000 (active points 8/22) ...   snr=+6.0dB [pso]  snr=+8.0dB [pso]  snr=+10.0dB [pso]  snr=+12.0dB [pso]  snr=+14.0dB [pso]  snr=+16.0dB [pso]  snr=+18.0dB [pso]  snr=+20.0dB [pso]Done (48.16s)
Estimator batch 782/2000 (active points 8/22) ...   snr=+6.0dB [pso]  snr=+8.0dB [pso]  snr=+10.0dB [pso]  snr=+12.0dB [pso]  snr=+14.0dB [pso]  snr=+16.0dB [pso]  snr=+18.0dB [pso]  snr=+20.0dB [pso]Done (43.39s)
Estimator batch 783/2000 (active points 8/22) ...   snr=+6.0dB [pso]  snr=+8.0dB [pso]  snr=+10.0dB [pso]  snr=+12.0dB [pso]  snr=+14.0dB [pso]  snr=+16.0dB [pso]  snr=+18.0dB [pso]  snr=+20.0dB [pso]Done (49.07s)
Estimator batch 784/2000 (active points 8/22) ...   snr=+6.0dB [pso]  snr=+8.0dB [pso]  snr=+10.0dB [pso]  snr=+12.0dB [pso]  snr=+14.0dB [pso]  snr=+16.0dB [pso]  snr=+18.0dB [pso]  snr=+20.0dB [pso]Done (44.79s)
Estimator batch 785/2000 (active points 8/22) ...   snr=+6.0dB [pso]  snr=+8.0dB [pso]  snr=+10.0dB [pso]  snr=+12.0dB [pso]  snr=+14.0dB [pso]  snr=+16.0dB [pso]  snr=+18.0dB [pso]  snr=+20.0dB [pso]Done (44.83s)
Estimator batch 786/2000 (active points 8/22) ...   snr=+6.0dB [pso]  snr=+8.0dB [pso]  snr=+10.0dB [pso]  snr=+12.0dB [pso]  snr=+14.0dB [pso]  snr=+16.0dB [pso]  snr=+18.0dB [pso]  snr=+20.0dB [pso]Done (51.07s)
Estimator batch 787/2000 (active points 8/22) ...   snr=+6.0dB [pso]  snr=+8.0dB [pso]  snr=+10.0dB [pso]  snr=+12.0dB [pso]  snr=+14.0dB [pso]  snr=+16.0dB [pso]  snr=+18.0dB [pso]  snr=+20.0dB [pso]Done (54.97s)
Estimator batch 788/2000 (active points 8/22) ...   snr=+6.0dB [pso]  snr=+8.0dB [pso]  snr=+10.0dB [pso]  snr=+12.0dB [pso]  snr=+14.0dB [pso]  snr=+16.0dB [pso]  snr=+18.0dB [pso]  snr=+20.0dB [pso]Done (52.62s)
Estimator batch 789/2000 (active points 8/22) ...   snr=+6.0dB [pso]  snr=+8.0dB [pso]  snr=+10.0dB [pso]  snr=+12.0dB [pso]  snr=+14.0dB [pso]  snr=+16.0dB [pso]  snr=+18.0dB [pso]  snr=+20.0dB [pso]Done (48.08s)
Estimator batch 790/2000 (active points 8/22) ...   snr=+6.0dB [pso]  snr=+8.0dB [pso]  snr=+10.0dB [pso]  snr=+12.0dB [pso]  snr=+14.0dB [pso]  snr=+16.0dB [pso]  snr=+18.0dB [pso]  snr=+20.0dB [pso]Done (58.07s)
Estimator batch 791/2000 (active points 8/22) ...   snr=+6.0dB [pso]  snr=+8.0dB [pso]  snr=+10.0dB [pso]  snr=+12.0dB [pso]  snr=+14.0dB [pso]  snr=+16.0dB [pso]  snr=+18.0dB [pso]  snr=+20.0dB [pso]Done (58.25s)
Estimator batch 792/2000 (active points 8/22) ...   snr=+6.0dB [pso]  snr=+8.0dB [pso]  snr=+10.0dB [pso]  snr=+12.0dB [pso]  snr=+14.0dB [pso]  snr=+16.0dB [pso]  snr=+18.0dB [pso]  snr=+20.0dB [pso]Done (50.11s)
Estimator batch 793/2000 (active points 8/22) ...   snr=+6.0dB [pso]  snr=+8.0dB [pso]  snr=+10.0dB [pso]  snr=+12.0dB [pso]  snr=+14.0dB [pso]  snr=+16.0dB [pso]  snr=+18.0dB [pso]  snr=+20.0dB [pso]Done (48.56s)
Estimator batch 794/2000 (active points 8/22) ...   snr=+6.0dB [pso]  snr=+8.0dB [pso]  snr=+10.0dB [pso]  snr=+12.0dB [pso]  snr=+14.0dB [pso]  snr=+16.0dB [pso]  snr=+18.0dB [pso]  snr=+20.0dB [pso]Done (381.90s)
Estimator batch 795/2000 (active points 8/22) ...   snr=+6.0dB [pso]  snr=+8.0dB [pso]  snr=+10.0dB [pso]  snr=+12.0dB [pso]  snr=+14.0dB [pso]  snr=+16.0dB [pso]  snr=+18.0dB [pso]  snr=+20.0dB [pso]Done (45.43s)
Estimator batch 796/2000 (active points 8/22) ...   snr=+6.0dB [pso]  snr=+8.0dB [pso]  snr=+10.0dB [pso]  snr=+12.0dB [pso]  snr=+14.0dB [pso]  snr=+16.0dB [pso]  snr=+18.0dB [pso]  snr=+20.0dB [pso]Done (55.17s)
Estimator batch 797/2000 (active points 8/22) ...   snr=+6.0dB [pso]  snr=+8.0dB [pso]  snr=+10.0dB [pso]  snr=+12.0dB [pso]  snr=+14.0dB [pso]  snr=+16.0dB [pso]  snr=+18.0dB [pso]  snr=+20.0dB [pso]Done (51.55s)
Estimator batch 798/2000 (active points 8/22) ...   snr=+6.0dB [pso]  snr=+8.0dB [pso]  snr=+10.0dB [pso]  snr=+12.0dB [pso]  snr=+14.0dB [pso]  snr=+16.0dB [pso]  snr=+18.0dB [pso]  snr=+20.0dB [pso]Done (52.81s)
Estimator batch 799/2000 (active points 8/22) ...   snr=+6.0dB [pso]  snr=+8.0dB [pso]  snr=+10.0dB [pso]  snr=+12.0dB [pso]  snr=+14.0dB [pso]  snr=+16.0dB [pso]  snr=+18.0dB [pso]  snr=+20.0dB [pso]Done (50.64s)
Estimator batch 800/2000 (active points 8/22) ...   snr=+6.0dB [pso]  snr=+8.0dB [pso]  snr=+10.0dB [pso]  snr=+12.0dB [pso]  snr=+14.0dB [pso]  snr=+16.0dB [pso]  snr=+18.0dB [pso]  snr=+20.0dB [pso]Done (53.15s)
Estimator batch 801/2000 (active points 8/22) ...   snr=+6.0dB [pso]  snr=+8.0dB [pso]  snr=+10.0dB [pso]  snr=+12.0dB [pso]  snr=+14.0dB [pso]  snr=+16.0dB [pso]  snr=+18.0dB [pso]  snr=+20.0dB [pso]Done (47.44s)
Estimator batch 802/2000 (active points 8/22) ...   snr=+6.0dB [pso]  snr=+8.0dB [pso]  snr=+10.0dB [pso]  snr=+12.0dB [pso]  snr=+14.0dB [pso]  snr=+16.0dB [pso]  snr=+18.0dB [pso]  snr=+20.0dB [pso]Done (42.36s)
Estimator batch 803/2000 (active points 8/22) ...   snr=+6.0dB [pso]  snr=+8.0dB [pso]  snr=+10.0dB [pso]  snr=+12.0dB [pso]  snr=+14.0dB [pso]  snr=+16.0dB [pso]  snr=+18.0dB [pso]  snr=+20.0dB [pso]Done (42.30s)
Estimator batch 804/2000 (active points 8/22) ...   snr=+6.0dB [pso]  snr=+8.0dB [pso]  snr=+10.0dB [pso]  snr=+12.0dB [pso]  snr=+14.0dB [pso]  snr=+16.0dB [pso]  snr=+18.0dB [pso]  snr=+20.0dB [pso]Done (43.86s)
Estimator batch 805/2000 (active points 8/22) ...   snr=+6.0dB [pso]  snr=+8.0dB [pso]  snr=+10.0dB [pso]  snr=+12.0dB [pso]  snr=+14.0dB [pso]  snr=+16.0dB [pso]  snr=+18.0dB [pso]  snr=+20.0dB [pso]Done (41.83s)
Estimator batch 806/2000 (active points 8/22) ...   snr=+6.0dB [pso]  snr=+8.0dB [pso]  snr=+10.0dB [pso]  snr=+12.0dB [pso]  snr=+14.0dB [pso]  snr=+16.0dB [pso]  snr=+18.0dB [pso]  snr=+20.0dB [pso]Done (48.53s)
Estimator batch 807/2000 (active points 8/22) ...   snr=+6.0dB [pso]  snr=+8.0dB [pso]  snr=+10.0dB [pso]  snr=+12.0dB [pso]  snr=+14.0dB [pso]  snr=+16.0dB [pso]  snr=+18.0dB [pso]  snr=+20.0dB [pso]Done (48.52s)
Estimator batch 808/2000 (active points 8/22) ...   snr=+6.0dB [pso]  snr=+8.0dB [pso]  snr=+10.0dB [pso]  snr=+12.0dB [pso]  snr=+14.0dB [pso]  snr=+16.0dB [pso]  snr=+18.0dB [pso]  snr=+20.0dB [pso]Done (49.45s)
Estimator batch 809/2000 (active points 8/22) ...   snr=+6.0dB [pso]  snr=+8.0dB [pso]  snr=+10.0dB [pso]  snr=+12.0dB [pso]  snr=+14.0dB [pso]  snr=+16.0dB [pso]  snr=+18.0dB [pso]  snr=+20.0dB [pso]Done (50.20s)
Estimator batch 810/2000 (active points 8/22) ...   snr=+6.0dB [pso]  snr=+8.0dB [pso]  snr=+10.0dB [pso]  snr=+12.0dB [pso]  snr=+14.0dB [pso]  snr=+16.0dB [pso]  snr=+18.0dB [pso]  snr=+20.0dB [pso]Done (47.91s)
Estimator batch 811/2000 (active points 8/22) ...   snr=+6.0dB [pso]  snr=+8.0dB [pso]  snr=+10.0dB [pso]  snr=+12.0dB [pso]  snr=+14.0dB [pso]  snr=+16.0dB [pso]  snr=+18.0dB [pso]  snr=+20.0dB [pso]Done (50.39s)
Estimator batch 812/2000 (active points 8/22) ...   snr=+6.0dB [pso]  snr=+8.0dB [pso]  snr=+10.0dB [pso]  snr=+12.0dB [pso]  snr=+14.0dB [pso]  snr=+16.0dB [pso]  snr=+18.0dB [pso]  snr=+20.0dB [pso]Done (48.16s)
Estimator batch 813/2000 (active points 8/22) ...   snr=+6.0dB [pso]  snr=+8.0dB [pso]  snr=+10.0dB [pso]  snr=+12.0dB [pso]  snr=+14.0dB [pso]  snr=+16.0dB [pso]  snr=+18.0dB [pso]  snr=+20.0dB [pso]Done (44.33s)
Estimator batch 814/2000 (active points 8/22) ...   snr=+6.0dB [pso]  snr=+8.0dB [pso]  snr=+10.0dB [pso]  snr=+12.0dB [pso]  snr=+14.0dB [pso]  snr=+16.0dB [pso]  snr=+18.0dB [pso]  snr=+20.0dB [pso]Done (48.34s)
Estimator batch 815/2000 (active points 8/22) ...   snr=+6.0dB [pso]  snr=+8.0dB [pso]  snr=+10.0dB [pso]  snr=+12.0dB [pso]  snr=+14.0dB [pso]  snr=+16.0dB [pso]  snr=+18.0dB [pso]  snr=+20.0dB [pso]Done (46.99s)
Estimator batch 816/2000 (active points 8/22) ...   snr=+6.0dB [pso]  snr=+8.0dB [pso]  snr=+10.0dB [pso]  snr=+12.0dB [pso]  snr=+14.0dB [pso]  snr=+16.0dB [pso]  snr=+18.0dB [pso]  snr=+20.0dB [pso]Done (47.91s)
Estimator batch 817/2000 (active points 8/22) ...   snr=+6.0dB [pso]  snr=+8.0dB [pso]  snr=+10.0dB [pso]  snr=+12.0dB [pso]  snr=+14.0dB [pso]  snr=+16.0dB [pso]  snr=+18.0dB [pso]  snr=+20.0dB [pso]Done (45.67s)
Estimator batch 818/2000 (active points 8/22) ...   snr=+6.0dB [pso]  snr=+8.0dB [pso]  snr=+10.0dB [pso]  snr=+12.0dB [pso]  snr=+14.0dB [pso]  snr=+16.0dB [pso]  snr=+18.0dB [pso]  snr=+20.0dB [pso]Done (50.28s)
Estimator batch 819/2000 (active points 8/22) ...   snr=+6.0dB [pso]  snr=+8.0dB [pso]  snr=+10.0dB [pso]  snr=+12.0dB [pso]  snr=+14.0dB [pso]  snr=+16.0dB [pso]  snr=+18.0dB [pso]  snr=+20.0dB [pso]Done (46.40s)
Estimator batch 820/2000 (active points 8/22) ...   snr=+6.0dB [pso]  snr=+8.0dB [pso]  snr=+10.0dB [pso]  snr=+12.0dB [pso]  snr=+14.0dB [pso]  snr=+16.0dB [pso]  snr=+18.0dB [pso]  snr=+20.0dB [pso]Done (46.11s)
Estimator batch 821/2000 (active points 8/22) ...   snr=+6.0dB [pso]  snr=+8.0dB [pso]  snr=+10.0dB [pso]  snr=+12.0dB [pso]  snr=+14.0dB [pso]  snr=+16.0dB [pso]  snr=+18.0dB [pso]  snr=+20.0dB [pso]Done (49.21s)
Estimator batch 822/2000 (active points 8/22) ...   snr=+6.0dB [pso]  snr=+8.0dB [pso]  snr=+10.0dB [pso]  snr=+12.0dB [pso]  snr=+14.0dB [pso]  snr=+16.0dB [pso]  snr=+18.0dB [pso]  snr=+20.0dB [pso]Done (45.88s)
Estimator batch 823/2000 (active points 8/22) ...   snr=+6.0dB [pso]  snr=+8.0dB [pso]  snr=+10.0dB [pso]  snr=+12.0dB [pso]  snr=+14.0dB [pso]  snr=+16.0dB [pso]  snr=+18.0dB [pso]  snr=+20.0dB [pso]Done (44.32s)
Estimator batch 824/2000 (active points 8/22) ...   snr=+6.0dB [pso]  snr=+8.0dB [pso]  snr=+10.0dB [pso]  snr=+12.0dB [pso]  snr=+14.0dB [pso]  snr=+16.0dB [pso]  snr=+18.0dB [pso]  snr=+20.0dB [pso]Done (50.88s)
Estimator batch 825/2000 (active points 8/22) ...   snr=+6.0dB [pso]  snr=+8.0dB [pso]  snr=+10.0dB [pso]  snr=+12.0dB [pso]  snr=+14.0dB [pso]  snr=+16.0dB [pso]  snr=+18.0dB [pso]  snr=+20.0dB [pso]Done (46.12s)
Estimator batch 826/2000 (active points 8/22) ...   snr=+6.0dB [pso]  snr=+8.0dB [pso]  snr=+10.0dB [pso]  snr=+12.0dB [pso]  snr=+14.0dB [pso]  snr=+16.0dB [pso]  snr=+18.0dB [pso]  snr=+20.0dB [pso]Done (48.32s)
Estimator batch 827/2000 (active points 8/22) ...   snr=+6.0dB [pso]  snr=+8.0dB [pso]  snr=+10.0dB [pso]  snr=+12.0dB [pso]  snr=+14.0dB [pso]  snr=+16.0dB [pso]  snr=+18.0dB [pso]  snr=+20.0dB [pso]Done (47.96s)
Estimator batch 828/2000 (active points 8/22) ...   snr=+6.0dB [pso]  snr=+8.0dB [pso]  snr=+10.0dB [pso]  snr=+12.0dB [pso]  snr=+14.0dB [pso]  snr=+16.0dB [pso]  snr=+18.0dB [pso]  snr=+20.0dB [pso]Done (52.64s)
Estimator batch 829/2000 (active points 8/22) ...   snr=+6.0dB [pso]  snr=+8.0dB [pso]  snr=+10.0dB [pso]  snr=+12.0dB [pso]  snr=+14.0dB [pso]  snr=+16.0dB [pso]  snr=+18.0dB [pso]  snr=+20.0dB [pso]Done (47.69s)
Estimator batch 830/2000 (active points 8/22) ...   snr=+6.0dB [pso]  snr=+8.0dB [pso]  snr=+10.0dB [pso]  snr=+12.0dB [pso]  snr=+14.0dB [pso]  snr=+16.0dB [pso]  snr=+18.0dB [pso]  snr=+20.0dB [pso]Done (52.18s)
Estimator batch 831/2000 (active points 8/22) ...   snr=+6.0dB [pso]  snr=+8.0dB [pso]  snr=+10.0dB [pso]  snr=+12.0dB [pso]  snr=+14.0dB [pso]  snr=+16.0dB [pso]  snr=+18.0dB [pso]  snr=+20.0dB [pso]Done (47.36s)
Estimator batch 832/2000 (active points 8/22) ...   snr=+6.0dB [pso]  snr=+8.0dB [pso]  snr=+10.0dB [pso]  snr=+12.0dB [pso]  snr=+14.0dB [pso]  snr=+16.0dB [pso]  snr=+18.0dB [pso]  snr=+20.0dB [pso]Done (46.98s)
Estimator batch 833/2000 (active points 8/22) ...   snr=+6.0dB [pso]  snr=+8.0dB [pso]  snr=+10.0dB [pso]  snr=+12.0dB [pso]  snr=+14.0dB [pso]  snr=+16.0dB [pso]  snr=+18.0dB [pso]  snr=+20.0dB [pso]Done (51.07s)
Estimator batch 834/2000 (active points 8/22) ...   snr=+6.0dB [pso]  snr=+8.0dB [pso]  snr=+10.0dB [pso]  snr=+12.0dB [pso]  snr=+14.0dB [pso]  snr=+16.0dB [pso]  snr=+18.0dB [pso]  snr=+20.0dB [pso]Done (46.63s)
Estimator batch 835/2000 (active points 8/22) ...   snr=+6.0dB [pso]  snr=+8.0dB [pso]  snr=+10.0dB [pso]  snr=+12.0dB [pso]  snr=+14.0dB [pso]  snr=+16.0dB [pso]  snr=+18.0dB [pso]  snr=+20.0dB [pso]Done (47.94s)
Estimator batch 836/2000 (active points 8/22) ...   snr=+6.0dB [pso]  snr=+8.0dB [pso]  snr=+10.0dB [pso]  snr=+12.0dB [pso]  snr=+14.0dB [pso]  snr=+16.0dB [pso]  snr=+18.0dB [pso]  snr=+20.0dB [pso]Done (49.33s)
Estimator batch 837/2000 (active points 8/22) ...   snr=+6.0dB [pso]  snr=+8.0dB [pso]  snr=+10.0dB [pso]  snr=+12.0dB [pso]  snr=+14.0dB [pso]  snr=+16.0dB [pso]  snr=+18.0dB [pso]  snr=+20.0dB [pso]Done (48.21s)
Estimator batch 838/2000 (active points 8/22) ...   snr=+6.0dB [pso]  snr=+8.0dB [pso]  snr=+10.0dB [pso]  snr=+12.0dB [pso]  snr=+14.0dB [pso]  snr=+16.0dB [pso]  snr=+18.0dB [pso]  snr=+20.0dB [pso]Done (48.55s)
Estimator batch 839/2000 (active points 8/22) ...   snr=+6.0dB [pso]  snr=+8.0dB [pso]  snr=+10.0dB [pso]  snr=+12.0dB [pso]  snr=+14.0dB [pso]  snr=+16.0dB [pso]  snr=+18.0dB [pso]  snr=+20.0dB [pso]Done (45.42s)
Estimator batch 840/2000 (active points 8/22) ...   snr=+6.0dB [pso]  snr=+8.0dB [pso]  snr=+10.0dB [pso]  snr=+12.0dB [pso]  snr=+14.0dB [pso]  snr=+16.0dB [pso]  snr=+18.0dB [pso]  snr=+20.0dB [pso]Done (48.45s)
Estimator batch 841/2000 (active points 8/22) ...   snr=+6.0dB [pso]  snr=+8.0dB [pso]  snr=+10.0dB [pso]  snr=+12.0dB [pso]  snr=+14.0dB [pso]  snr=+16.0dB [pso]  snr=+18.0dB [pso]  snr=+20.0dB [pso]Done (46.38s)
Estimator batch 842/2000 (active points 8/22) ...   snr=+6.0dB [pso]  snr=+8.0dB [pso]  snr=+10.0dB [pso]  snr=+12.0dB [pso]  snr=+14.0dB [pso]  snr=+16.0dB [pso]  snr=+18.0dB [pso]  snr=+20.0dB [pso]Done (48.08s)
Estimator batch 843/2000 (active points 8/22) ...   snr=+6.0dB [pso]  snr=+8.0dB [pso]  snr=+10.0dB [pso]  snr=+12.0dB [pso]  snr=+14.0dB [pso]  snr=+16.0dB [pso]  snr=+18.0dB [pso]  snr=+20.0dB [pso]Done (45.77s)
Estimator batch 844/2000 (active points 8/22) ...   snr=+6.0dB [pso]  snr=+8.0dB [pso]  snr=+10.0dB [pso]  snr=+12.0dB [pso]  snr=+14.0dB [pso]  snr=+16.0dB [pso]  snr=+18.0dB [pso]  snr=+20.0dB [pso]Done (48.67s)
Estimator batch 845/2000 (active points 8/22) ...   snr=+6.0dB [pso]  snr=+8.0dB [pso]  snr=+10.0dB [pso]  snr=+12.0dB [pso]  snr=+14.0dB [pso]  snr=+16.0dB [pso]  snr=+18.0dB [pso]  snr=+20.0dB [pso]Done (46.09s)
Estimator batch 846/2000 (active points 8/22) ...   snr=+6.0dB [pso]  snr=+8.0dB [pso]  snr=+10.0dB [pso]  snr=+12.0dB [pso]  snr=+14.0dB [pso]  snr=+16.0dB [pso]  snr=+18.0dB [pso]  snr=+20.0dB [pso]Done (47.37s)
Estimator batch 847/2000 (active points 8/22) ...   snr=+6.0dB [pso]  snr=+8.0dB [pso]  snr=+10.0dB [pso]  snr=+12.0dB [pso]  snr=+14.0dB [pso]  snr=+16.0dB [pso]  snr=+18.0dB [pso]  snr=+20.0dB [pso]Done (49.75s)
Estimator batch 848/2000 (active points 8/22) ...   snr=+6.0dB [pso]  snr=+8.0dB [pso]  snr=+10.0dB [pso]  snr=+12.0dB [pso]  snr=+14.0dB [pso]  snr=+16.0dB [pso]  snr=+18.0dB [pso]  snr=+20.0dB [pso]Done (48.99s)
Estimator batch 849/2000 (active points 8/22) ...   snr=+6.0dB [pso]  snr=+8.0dB [pso]  snr=+10.0dB [pso]  snr=+12.0dB [pso]  snr=+14.0dB [pso]  snr=+16.0dB [pso]  snr=+18.0dB [pso]  snr=+20.0dB [pso]Done (47.15s)
Estimator batch 850/2000 (active points 8/22) ...   snr=+6.0dB [pso]  snr=+8.0dB [pso]  snr=+10.0dB [pso]  snr=+12.0dB [pso]  snr=+14.0dB [pso]  snr=+16.0dB [pso]  snr=+18.0dB [pso]  snr=+20.0dB [pso]Done (47.58s)
Estimator batch 851/2000 (active points 8/22) ...   snr=+6.0dB [pso]  snr=+8.0dB [pso]  snr=+10.0dB [pso]  snr=+12.0dB [pso]  snr=+14.0dB [pso]  snr=+16.0dB [pso]  snr=+18.0dB [pso]  snr=+20.0dB [pso]Done (47.13s)
Estimator batch 852/2000 (active points 8/22) ...   snr=+6.0dB [pso]  snr=+8.0dB [pso]  snr=+10.0dB [pso]  snr=+12.0dB [pso]  snr=+14.0dB [pso]  snr=+16.0dB [pso]  snr=+18.0dB [pso]  snr=+20.0dB [pso]Done (47.83s)
Estimator batch 853/2000 (active points 8/22) ...   snr=+6.0dB [pso]  snr=+8.0dB [pso]  snr=+10.0dB [pso]  snr=+12.0dB [pso]  snr=+14.0dB [pso]  snr=+16.0dB [pso]  snr=+18.0dB [pso]  snr=+20.0dB [pso]Done (42.27s)
Estimator batch 854/2000 (active points 8/22) ...   snr=+6.0dB [pso]  snr=+8.0dB [pso]  snr=+10.0dB [pso]  snr=+12.0dB [pso]  snr=+14.0dB [pso]  snr=+16.0dB [pso]  snr=+18.0dB [pso]  snr=+20.0dB [pso]Done (47.03s)
Estimator batch 855/2000 (active points 8/22) ...   snr=+6.0dB [pso]  snr=+8.0dB [pso]  snr=+10.0dB [pso]  snr=+12.0dB [pso]  snr=+14.0dB [pso]  snr=+16.0dB [pso]  snr=+18.0dB [pso]  snr=+20.0dB [pso]Done (48.41s)
Estimator batch 856/2000 (active points 8/22) ...   snr=+6.0dB [pso]  snr=+8.0dB [pso]  snr=+10.0dB [pso]  snr=+12.0dB [pso]  snr=+14.0dB [pso]  snr=+16.0dB [pso]  snr=+18.0dB [pso]  snr=+20.0dB [pso]Done (48.22s)
Estimator batch 857/2000 (active points 8/22) ...   snr=+6.0dB [pso]  snr=+8.0dB [pso]  snr=+10.0dB [pso]  snr=+12.0dB [pso]  snr=+14.0dB [pso]  snr=+16.0dB [pso]  snr=+18.0dB [pso]  snr=+20.0dB [pso]Done (44.79s)
Estimator batch 858/2000 (active points 8/22) ...   snr=+6.0dB [pso]  snr=+8.0dB [pso]  snr=+10.0dB [pso]  snr=+12.0dB [pso]  snr=+14.0dB [pso]  snr=+16.0dB [pso]  snr=+18.0dB [pso]  snr=+20.0dB [pso]Done (48.51s)
Estimator batch 859/2000 (active points 8/22) ...   snr=+6.0dB [pso]  snr=+8.0dB [pso]  snr=+10.0dB [pso]  snr=+12.0dB [pso]  snr=+14.0dB [pso]  snr=+16.0dB [pso]  snr=+18.0dB [pso]  snr=+20.0dB [pso]Done (50.02s)
Estimator batch 860/2000 (active points 8/22) ...   snr=+6.0dB [pso]  snr=+8.0dB [pso]  snr=+10.0dB [pso]  snr=+12.0dB [pso]  snr=+14.0dB [pso]  snr=+16.0dB [pso]  snr=+18.0dB [pso]  snr=+20.0dB [pso]Done (49.42s)
Estimator batch 861/2000 (active points 8/22) ...   snr=+6.0dB [pso]  snr=+8.0dB [pso]  snr=+10.0dB [pso]  snr=+12.0dB [pso]  snr=+14.0dB [pso]  snr=+16.0dB [pso]  snr=+18.0dB [pso]  snr=+20.0dB [pso]Done (48.10s)
Estimator batch 862/2000 (active points 8/22) ...   snr=+6.0dB [pso]  snr=+8.0dB [pso]  snr=+10.0dB [pso]  snr=+12.0dB [pso]  snr=+14.0dB [pso]  snr=+16.0dB [pso]  snr=+18.0dB [pso]  snr=+20.0dB [pso]Done (45.53s)
Estimator batch 863/2000 (active points 8/22) ...   snr=+6.0dB [pso]  snr=+8.0dB [pso]  snr=+10.0dB [pso]  snr=+12.0dB [pso]  snr=+14.0dB [pso]  snr=+16.0dB [pso]  snr=+18.0dB [pso]  snr=+20.0dB [pso]Done (52.42s)
Estimator batch 864/2000 (active points 8/22) ...   snr=+6.0dB [pso]  snr=+8.0dB [pso]  snr=+10.0dB [pso]  snr=+12.0dB [pso]  snr=+14.0dB [pso]  snr=+16.0dB [pso]  snr=+18.0dB [pso]  snr=+20.0dB [pso]Done (50.11s)
Estimator batch 865/2000 (active points 8/22) ...   snr=+6.0dB [pso]  snr=+8.0dB [pso]  snr=+10.0dB [pso]  snr=+12.0dB [pso]  snr=+14.0dB [pso]  snr=+16.0dB [pso]  snr=+18.0dB [pso]  snr=+20.0dB [pso]Done (47.52s)
Estimator batch 866/2000 (active points 8/22) ...   snr=+6.0dB [pso]  snr=+8.0dB [pso]  snr=+10.0dB [pso]  snr=+12.0dB [pso]  snr=+14.0dB [pso]  snr=+16.0dB [pso]  snr=+18.0dB [pso]  snr=+20.0dB [pso]Done (42.51s)
Estimator batch 867/2000 (active points 8/22) ...   snr=+6.0dB [pso]  snr=+8.0dB [pso]  snr=+10.0dB [pso]  snr=+12.0dB [pso]  snr=+14.0dB [pso]  snr=+16.0dB [pso]  snr=+18.0dB [pso]  snr=+20.0dB [pso]Done (46.45s)
Estimator batch 868/2000 (active points 7/22) ...   snr=+8.0dB [pso]  snr=+10.0dB [pso]  snr=+12.0dB [pso]  snr=+14.0dB [pso]  snr=+16.0dB [pso]  snr=+18.0dB [pso]  snr=+20.0dB [pso]Done (42.71s)
Estimator batch 869/2000 (active points 7/22) ...   snr=+8.0dB [pso]  snr=+10.0dB [pso]  snr=+12.0dB [pso]  snr=+14.0dB [pso]  snr=+16.0dB [pso]  snr=+18.0dB [pso]  snr=+20.0dB [pso]Done (43.71s)
Estimator batch 870/2000 (active points 7/22) ...   snr=+8.0dB [pso]  snr=+10.0dB [pso]  snr=+12.0dB [pso]  snr=+14.0dB [pso]  snr=+16.0dB [pso]  snr=+18.0dB [pso]  snr=+20.0dB [pso]Done (43.13s)
Estimator batch 871/2000 (active points 7/22) ...   snr=+8.0dB [pso]  snr=+10.0dB [pso]  snr=+12.0dB [pso]  snr=+14.0dB [pso]  snr=+16.0dB [pso]  snr=+18.0dB [pso]  snr=+20.0dB [pso]Done (43.51s)
Estimator batch 872/2000 (active points 7/22) ...   snr=+8.0dB [pso]  snr=+10.0dB [pso]  snr=+12.0dB [pso]  snr=+14.0dB [pso]  snr=+16.0dB [pso]  snr=+18.0dB [pso]  snr=+20.0dB [pso]Done (42.13s)
Estimator batch 873/2000 (active points 7/22) ...   snr=+8.0dB [pso]  snr=+10.0dB [pso]  snr=+12.0dB [pso]  snr=+14.0dB [pso]  snr=+16.0dB [pso]  snr=+18.0dB [pso]  snr=+20.0dB [pso]Done (40.25s)
Estimator batch 874/2000 (active points 7/22) ...   snr=+8.0dB [pso]  snr=+10.0dB [pso]  snr=+12.0dB [pso]  snr=+14.0dB [pso]  snr=+16.0dB [pso]  snr=+18.0dB [pso]  snr=+20.0dB [pso]Done (37.83s)
Estimator batch 875/2000 (active points 7/22) ...   snr=+8.0dB [pso]  snr=+10.0dB [pso]  snr=+12.0dB [pso]  snr=+14.0dB [pso]  snr=+16.0dB [pso]  snr=+18.0dB [pso]  snr=+20.0dB [pso]Done (41.35s)
Estimator batch 876/2000 (active points 7/22) ...   snr=+8.0dB [pso]  snr=+10.0dB [pso]  snr=+12.0dB [pso]  snr=+14.0dB [pso]  snr=+16.0dB [pso]  snr=+18.0dB [pso]  snr=+20.0dB [pso]Done (40.57s)
Estimator batch 877/2000 (active points 7/22) ...   snr=+8.0dB [pso]  snr=+10.0dB [pso]  snr=+12.0dB [pso]  snr=+14.0dB [pso]  snr=+16.0dB [pso]  snr=+18.0dB [pso]  snr=+20.0dB [pso]Done (39.59s)
Estimator batch 878/2000 (active points 7/22) ...   snr=+8.0dB [pso]  snr=+10.0dB [pso]  snr=+12.0dB [pso]  snr=+14.0dB [pso]  snr=+16.0dB [pso]  snr=+18.0dB [pso]  snr=+20.0dB [pso]Done (43.41s)
Estimator batch 879/2000 (active points 7/22) ...   snr=+8.0dB [pso]  snr=+10.0dB [pso]  snr=+12.0dB [pso]  snr=+14.0dB [pso]  snr=+16.0dB [pso]  snr=+18.0dB [pso]  snr=+20.0dB [pso]Done (43.85s)
Estimator batch 880/2000 (active points 7/22) ...   snr=+8.0dB [pso]  snr=+10.0dB [pso]  snr=+12.0dB [pso]  snr=+14.0dB [pso]  snr=+16.0dB [pso]  snr=+18.0dB [pso]  snr=+20.0dB [pso]Done (40.08s)
Estimator batch 881/2000 (active points 7/22) ...   snr=+8.0dB [pso]  snr=+10.0dB [pso]  snr=+12.0dB [pso]  snr=+14.0dB [pso]  snr=+16.0dB [pso]  snr=+18.0dB [pso]  snr=+20.0dB [pso]Done (40.86s)
Estimator batch 882/2000 (active points 7/22) ...   snr=+8.0dB [pso]  snr=+10.0dB [pso]  snr=+12.0dB [pso]  snr=+14.0dB [pso]  snr=+16.0dB [pso]  snr=+18.0dB [pso]  snr=+20.0dB [pso]Done (38.06s)
Estimator batch 883/2000 (active points 7/22) ...   snr=+8.0dB [pso]  snr=+10.0dB [pso]  snr=+12.0dB [pso]  snr=+14.0dB [pso]  snr=+16.0dB [pso]  snr=+18.0dB [pso]  snr=+20.0dB [pso]Done (42.79s)
Estimator batch 884/2000 (active points 7/22) ...   snr=+8.0dB [pso]  snr=+10.0dB [pso]  snr=+12.0dB [pso]  snr=+14.0dB [pso]  snr=+16.0dB [pso]  snr=+18.0dB [pso]  snr=+20.0dB [pso]Done (41.74s)
Estimator batch 885/2000 (active points 7/22) ...   snr=+8.0dB [pso]  snr=+10.0dB [pso]  snr=+12.0dB [pso]  snr=+14.0dB [pso]  snr=+16.0dB [pso]  snr=+18.0dB [pso]  snr=+20.0dB [pso]Done (40.36s)
Estimator batch 886/2000 (active points 7/22) ...   snr=+8.0dB [pso]  snr=+10.0dB [pso]  snr=+12.0dB [pso]  snr=+14.0dB [pso]  snr=+16.0dB [pso]  snr=+18.0dB [pso]  snr=+20.0dB [pso]Done (42.32s)
Estimator batch 887/2000 (active points 7/22) ...   snr=+8.0dB [pso]  snr=+10.0dB [pso]  snr=+12.0dB [pso]  snr=+14.0dB [pso]  snr=+16.0dB [pso]  snr=+18.0dB [pso]  snr=+20.0dB [pso]Done (42.08s)
Estimator batch 888/2000 (active points 7/22) ...   snr=+8.0dB [pso]  snr=+10.0dB [pso]  snr=+12.0dB [pso]  snr=+14.0dB [pso]  snr=+16.0dB [pso]  snr=+18.0dB [pso]  snr=+20.0dB [pso]Done (42.03s)
Estimator batch 889/2000 (active points 7/22) ...   snr=+8.0dB [pso]  snr=+10.0dB [pso]  snr=+12.0dB [pso]  snr=+14.0dB [pso]  snr=+16.0dB [pso]  snr=+18.0dB [pso]  snr=+20.0dB [pso]Done (41.10s)
Estimator batch 890/2000 (active points 7/22) ...   snr=+8.0dB [pso]  snr=+10.0dB [pso]  snr=+12.0dB [pso]  snr=+14.0dB [pso]  snr=+16.0dB [pso]  snr=+18.0dB [pso]  snr=+20.0dB [pso]Done (52.63s)
Estimator batch 891/2000 (active points 7/22) ...   snr=+8.0dB [pso]  snr=+10.0dB [pso]  snr=+12.0dB [pso]  snr=+14.0dB [pso]  snr=+16.0dB [pso]  snr=+18.0dB [pso]  snr=+20.0dB [pso]Done (43.38s)
Estimator batch 892/2000 (active points 7/22) ...   snr=+8.0dB [pso]  snr=+10.0dB [pso]  snr=+12.0dB [pso]  snr=+14.0dB [pso]  snr=+16.0dB [pso]  snr=+18.0dB [pso]  snr=+20.0dB [pso]Done (46.41s)
Estimator batch 893/2000 (active points 7/22) ...   snr=+8.0dB [pso]  snr=+10.0dB [pso]  snr=+12.0dB [pso]  snr=+14.0dB [pso]  snr=+16.0dB [pso]  snr=+18.0dB [pso]  snr=+20.0dB [pso]Done (40.41s)
Estimator batch 894/2000 (active points 7/22) ...   snr=+8.0dB [pso]  snr=+10.0dB [pso]  snr=+12.0dB [pso]  snr=+14.0dB [pso]  snr=+16.0dB [pso]  snr=+18.0dB [pso]  snr=+20.0dB [pso]Done (42.89s)
Estimator batch 895/2000 (active points 7/22) ...   snr=+8.0dB [pso]  snr=+10.0dB [pso]  snr=+12.0dB [pso]  snr=+14.0dB [pso]  snr=+16.0dB [pso]  snr=+18.0dB [pso]  snr=+20.0dB [pso]Done (43.03s)
Estimator batch 896/2000 (active points 7/22) ...   snr=+8.0dB [pso]  snr=+10.0dB [pso]  snr=+12.0dB [pso]  snr=+14.0dB [pso]  snr=+16.0dB [pso]  snr=+18.0dB [pso]  snr=+20.0dB [pso]Done (42.71s)
Estimator batch 897/2000 (active points 7/22) ...   snr=+8.0dB [pso]  snr=+10.0dB [pso]  snr=+12.0dB [pso]  snr=+14.0dB [pso]  snr=+16.0dB [pso]  snr=+18.0dB [pso]  snr=+20.0dB [pso]Done (40.57s)
Estimator batch 898/2000 (active points 7/22) ...   snr=+8.0dB [pso]  snr=+10.0dB [pso]  snr=+12.0dB [pso]  snr=+14.0dB [pso]  snr=+16.0dB [pso]  snr=+18.0dB [pso]  snr=+20.0dB [pso]Done (41.09s)
Estimator batch 899/2000 (active points 7/22) ...   snr=+8.0dB [pso]  snr=+10.0dB [pso]  snr=+12.0dB [pso]  snr=+14.0dB [pso]  snr=+16.0dB [pso]  snr=+18.0dB [pso]  snr=+20.0dB [pso]Done (40.24s)
Estimator batch 900/2000 (active points 7/22) ...   snr=+8.0dB [pso]  snr=+10.0dB [pso]  snr=+12.0dB [pso]  snr=+14.0dB [pso]  snr=+16.0dB [pso]  snr=+18.0dB [pso]  snr=+20.0dB [pso]Done (42.30s)
Estimator batch 901/2000 (active points 7/22) ...   snr=+8.0dB [pso]  snr=+10.0dB [pso]  snr=+12.0dB [pso]  snr=+14.0dB [pso]  snr=+16.0dB [pso]  snr=+18.0dB [pso]  snr=+20.0dB [pso]Done (42.82s)
Estimator batch 902/2000 (active points 7/22) ...   snr=+8.0dB [pso]  snr=+10.0dB [pso]  snr=+12.0dB [pso]  snr=+14.0dB [pso]  snr=+16.0dB [pso]  snr=+18.0dB [pso]  snr=+20.0dB [pso]Done (44.16s)
Estimator batch 903/2000 (active points 7/22) ...   snr=+8.0dB [pso]  snr=+10.0dB [pso]  snr=+12.0dB [pso]  snr=+14.0dB [pso]  snr=+16.0dB [pso]  snr=+18.0dB [pso]  snr=+20.0dB [pso]Done (42.02s)
Estimator batch 904/2000 (active points 7/22) ...   snr=+8.0dB [pso]  snr=+10.0dB [pso]  snr=+12.0dB [pso]  snr=+14.0dB [pso]  snr=+16.0dB [pso]  snr=+18.0dB [pso]  snr=+20.0dB [pso]Done (43.09s)
Estimator batch 905/2000 (active points 7/22) ...   snr=+8.0dB [pso]  snr=+10.0dB [pso]  snr=+12.0dB [pso]  snr=+14.0dB [pso]  snr=+16.0dB [pso]  snr=+18.0dB [pso]  snr=+20.0dB [pso]Done (43.91s)
Estimator batch 906/2000 (active points 7/22) ...   snr=+8.0dB [pso]  snr=+10.0dB [pso]  snr=+12.0dB [pso]  snr=+14.0dB [pso]  snr=+16.0dB [pso]  snr=+18.0dB [pso]  snr=+20.0dB [pso]Done (35.92s)
Estimator batch 907/2000 (active points 7/22) ...   snr=+8.0dB [pso]  snr=+10.0dB [pso]  snr=+12.0dB [pso]  snr=+14.0dB [pso]  snr=+16.0dB [pso]  snr=+18.0dB [pso]  snr=+20.0dB [pso]Done (44.82s)
Estimator batch 908/2000 (active points 7/22) ...   snr=+8.0dB [pso]  snr=+10.0dB [pso]  snr=+12.0dB [pso]  snr=+14.0dB [pso]  snr=+16.0dB [pso]  snr=+18.0dB [pso]  snr=+20.0dB [pso]Done (43.26s)
Estimator batch 909/2000 (active points 7/22) ...   snr=+8.0dB [pso]  snr=+10.0dB [pso]  snr=+12.0dB [pso]  snr=+14.0dB [pso]  snr=+16.0dB [pso]  snr=+18.0dB [pso]  snr=+20.0dB [pso]Done (44.94s)
Estimator batch 910/2000 (active points 7/22) ...   snr=+8.0dB [pso]  snr=+10.0dB [pso]  snr=+12.0dB [pso]  snr=+14.0dB [pso]  snr=+16.0dB [pso]  snr=+18.0dB [pso]  snr=+20.0dB [pso]Done (38.95s)
Estimator batch 911/2000 (active points 7/22) ...   snr=+8.0dB [pso]  snr=+10.0dB [pso]  snr=+12.0dB [pso]  snr=+14.0dB [pso]  snr=+16.0dB [pso]  snr=+18.0dB [pso]  snr=+20.0dB [pso]Done (42.98s)
Estimator batch 912/2000 (active points 7/22) ...   snr=+8.0dB [pso]  snr=+10.0dB [pso]  snr=+12.0dB [pso]  snr=+14.0dB [pso]  snr=+16.0dB [pso]  snr=+18.0dB [pso]  snr=+20.0dB [pso]Done (42.31s)
Estimator batch 913/2000 (active points 7/22) ...   snr=+8.0dB [pso]  snr=+10.0dB [pso]  snr=+12.0dB [pso]  snr=+14.0dB [pso]  snr=+16.0dB [pso]  snr=+18.0dB [pso]  snr=+20.0dB [pso]Done (44.89s)
Estimator batch 914/2000 (active points 7/22) ...   snr=+8.0dB [pso]  snr=+10.0dB [pso]  snr=+12.0dB [pso]  snr=+14.0dB [pso]  snr=+16.0dB [pso]  snr=+18.0dB [pso]  snr=+20.0dB [pso]Done (41.29s)
Estimator batch 915/2000 (active points 7/22) ...   snr=+8.0dB [pso]  snr=+10.0dB [pso]  snr=+12.0dB [pso]  snr=+14.0dB [pso]  snr=+16.0dB [pso]  snr=+18.0dB [pso]  snr=+20.0dB [pso]Done (41.12s)
Estimator batch 916/2000 (active points 7/22) ...   snr=+8.0dB [pso]  snr=+10.0dB [pso]  snr=+12.0dB [pso]  snr=+14.0dB [pso]  snr=+16.0dB [pso]  snr=+18.0dB [pso]  snr=+20.0dB [pso]Done (43.69s)
Estimator batch 917/2000 (active points 7/22) ...   snr=+8.0dB [pso]  snr=+10.0dB [pso]  snr=+12.0dB [pso]  snr=+14.0dB [pso]  snr=+16.0dB [pso]  snr=+18.0dB [pso]  snr=+20.0dB [pso]Done (41.78s)
Estimator batch 918/2000 (active points 7/22) ...   snr=+8.0dB [pso]  snr=+10.0dB [pso]  snr=+12.0dB [pso]  snr=+14.0dB [pso]  snr=+16.0dB [pso]  snr=+18.0dB [pso]  snr=+20.0dB [pso]Done (38.69s)
Estimator batch 919/2000 (active points 7/22) ...   snr=+8.0dB [pso]  snr=+10.0dB [pso]  snr=+12.0dB [pso]  snr=+14.0dB [pso]  snr=+16.0dB [pso]  snr=+18.0dB [pso]  snr=+20.0dB [pso]Done (42.17s)
Estimator batch 920/2000 (active points 7/22) ...   snr=+8.0dB [pso]  snr=+10.0dB [pso]  snr=+12.0dB [pso]  snr=+14.0dB [pso]  snr=+16.0dB [pso]  snr=+18.0dB [pso]  snr=+20.0dB [pso]Done (39.99s)
Estimator batch 921/2000 (active points 7/22) ...   snr=+8.0dB [pso]  snr=+10.0dB [pso]  snr=+12.0dB [pso]  snr=+14.0dB [pso]  snr=+16.0dB [pso]  snr=+18.0dB [pso]  snr=+20.0dB [pso]Done (40.48s)
Estimator batch 922/2000 (active points 7/22) ...   snr=+8.0dB [pso]  snr=+10.0dB [pso]  snr=+12.0dB [pso]  snr=+14.0dB [pso]  snr=+16.0dB [pso]  snr=+18.0dB [pso]  snr=+20.0dB [pso]Done (42.16s)
Estimator batch 923/2000 (active points 7/22) ...   snr=+8.0dB [pso]  snr=+10.0dB [pso]  snr=+12.0dB [pso]  snr=+14.0dB [pso]  snr=+16.0dB [pso]  snr=+18.0dB [pso]  snr=+20.0dB [pso]Done (39.27s)
Estimator batch 924/2000 (active points 7/22) ...   snr=+8.0dB [pso]  snr=+10.0dB [pso]  snr=+12.0dB [pso]  snr=+14.0dB [pso]  snr=+16.0dB [pso]  snr=+18.0dB [pso]  snr=+20.0dB [pso]Done (44.98s)
Estimator batch 925/2000 (active points 7/22) ...   snr=+8.0dB [pso]  snr=+10.0dB [pso]  snr=+12.0dB [pso]  snr=+14.0dB [pso]  snr=+16.0dB [pso]  snr=+18.0dB [pso]  snr=+20.0dB [pso]Done (37.66s)
Estimator batch 926/2000 (active points 7/22) ...   snr=+8.0dB [pso]  snr=+10.0dB [pso]  snr=+12.0dB [pso]  snr=+14.0dB [pso]  snr=+16.0dB [pso]  snr=+18.0dB [pso]  snr=+20.0dB [pso]Done (43.86s)
Estimator batch 927/2000 (active points 7/22) ...   snr=+8.0dB [pso]  snr=+10.0dB [pso]  snr=+12.0dB [pso]  snr=+14.0dB [pso]  snr=+16.0dB [pso]  snr=+18.0dB [pso]  snr=+20.0dB [pso]Done (37.82s)
Estimator batch 928/2000 (active points 7/22) ...   snr=+8.0dB [pso]  snr=+10.0dB [pso]  snr=+12.0dB [pso]  snr=+14.0dB [pso]  snr=+16.0dB [pso]  snr=+18.0dB [pso]  snr=+20.0dB [pso]Done (41.56s)
Estimator batch 929/2000 (active points 7/22) ...   snr=+8.0dB [pso]  snr=+10.0dB [pso]  snr=+12.0dB [pso]  snr=+14.0dB [pso]  snr=+16.0dB [pso]  snr=+18.0dB [pso]  snr=+20.0dB [pso]Done (41.71s)
Estimator batch 930/2000 (active points 7/22) ...   snr=+8.0dB [pso]  snr=+10.0dB [pso]  snr=+12.0dB [pso]  snr=+14.0dB [pso]  snr=+16.0dB [pso]  snr=+18.0dB [pso]  snr=+20.0dB [pso]Done (41.12s)
Estimator batch 931/2000 (active points 7/22) ...   snr=+8.0dB [pso]  snr=+10.0dB [pso]  snr=+12.0dB [pso]  snr=+14.0dB [pso]  snr=+16.0dB [pso]  snr=+18.0dB [pso]  snr=+20.0dB [pso]Done (39.08s)
Estimator batch 932/2000 (active points 7/22) ...   snr=+8.0dB [pso]  snr=+10.0dB [pso]  snr=+12.0dB [pso]  snr=+14.0dB [pso]  snr=+16.0dB [pso]  snr=+18.0dB [pso]  snr=+20.0dB [pso]Done (39.81s)
Estimator batch 933/2000 (active points 7/22) ...   snr=+8.0dB [pso]  snr=+10.0dB [pso]  snr=+12.0dB [pso]  snr=+14.0dB [pso]  snr=+16.0dB [pso]  snr=+18.0dB [pso]  snr=+20.0dB [pso]Done (40.76s)
Estimator batch 934/2000 (active points 7/22) ...   snr=+8.0dB [pso]  snr=+10.0dB [pso]  snr=+12.0dB [pso]  snr=+14.0dB [pso]  snr=+16.0dB [pso]  snr=+18.0dB [pso]  snr=+20.0dB [pso]Done (38.53s)
Estimator batch 935/2000 (active points 7/22) ...   snr=+8.0dB [pso]  snr=+10.0dB [pso]  snr=+12.0dB [pso]  snr=+14.0dB [pso]  snr=+16.0dB [pso]  snr=+18.0dB [pso]  snr=+20.0dB [pso]Done (46.05s)
Estimator batch 936/2000 (active points 7/22) ...   snr=+8.0dB [pso]  snr=+10.0dB [pso]  snr=+12.0dB [pso]  snr=+14.0dB [pso]  snr=+16.0dB [pso]  snr=+18.0dB [pso]  snr=+20.0dB [pso]Done (42.49s)
Estimator batch 937/2000 (active points 7/22) ...   snr=+8.0dB [pso]  snr=+10.0dB [pso]  snr=+12.0dB [pso]  snr=+14.0dB [pso]  snr=+16.0dB [pso]  snr=+18.0dB [pso]  snr=+20.0dB [pso]Done (43.08s)
Estimator batch 938/2000 (active points 7/22) ...   snr=+8.0dB [pso]  snr=+10.0dB [pso]  snr=+12.0dB [pso]  snr=+14.0dB [pso]  snr=+16.0dB [pso]  snr=+18.0dB [pso]  snr=+20.0dB [pso]Done (43.32s)
Estimator batch 939/2000 (active points 7/22) ...   snr=+8.0dB [pso]  snr=+10.0dB [pso]  snr=+12.0dB [pso]  snr=+14.0dB [pso]  snr=+16.0dB [pso]  snr=+18.0dB [pso]  snr=+20.0dB [pso]Done (43.27s)
Estimator batch 940/2000 (active points 7/22) ...   snr=+8.0dB [pso]  snr=+10.0dB [pso]  snr=+12.0dB [pso]  snr=+14.0dB [pso]  snr=+16.0dB [pso]  snr=+18.0dB [pso]  snr=+20.0dB [pso]Done (40.76s)
Estimator batch 941/2000 (active points 7/22) ...   snr=+8.0dB [pso]  snr=+10.0dB [pso]  snr=+12.0dB [pso]  snr=+14.0dB [pso]  snr=+16.0dB [pso]  snr=+18.0dB [pso]  snr=+20.0dB [pso]Done (34.66s)
Estimator batch 942/2000 (active points 7/22) ...   snr=+8.0dB [pso]  snr=+10.0dB [pso]  snr=+12.0dB [pso]  snr=+14.0dB [pso]  snr=+16.0dB [pso]  snr=+18.0dB [pso]  snr=+20.0dB [pso]Done (40.25s)
Estimator batch 943/2000 (active points 7/22) ...   snr=+8.0dB [pso]  snr=+10.0dB [pso]  snr=+12.0dB [pso]  snr=+14.0dB [pso]  snr=+16.0dB [pso]  snr=+18.0dB [pso]  snr=+20.0dB [pso]Done (41.93s)
Estimator batch 944/2000 (active points 7/22) ...   snr=+8.0dB [pso]  snr=+10.0dB [pso]  snr=+12.0dB [pso]  snr=+14.0dB [pso]  snr=+16.0dB [pso]  snr=+18.0dB [pso]  snr=+20.0dB [pso]Done (40.13s)
Estimator batch 945/2000 (active points 7/22) ...   snr=+8.0dB [pso]  snr=+10.0dB [pso]  snr=+12.0dB [pso]  snr=+14.0dB [pso]  snr=+16.0dB [pso]  snr=+18.0dB [pso]  snr=+20.0dB [pso]Done (40.56s)
Estimator batch 946/2000 (active points 7/22) ...   snr=+8.0dB [pso]  snr=+10.0dB [pso]  snr=+12.0dB [pso]  snr=+14.0dB [pso]  snr=+16.0dB [pso]  snr=+18.0dB [pso]  snr=+20.0dB [pso]Done (36.52s)
Estimator batch 947/2000 (active points 7/22) ...   snr=+8.0dB [pso]  snr=+10.0dB [pso]  snr=+12.0dB [pso]  snr=+14.0dB [pso]  snr=+16.0dB [pso]  snr=+18.0dB [pso]  snr=+20.0dB [pso]Done (43.70s)
Estimator batch 948/2000 (active points 7/22) ...   snr=+8.0dB [pso]  snr=+10.0dB [pso]  snr=+12.0dB [pso]  snr=+14.0dB [pso]  snr=+16.0dB [pso]  snr=+18.0dB [pso]  snr=+20.0dB [pso]Done (43.09s)
Estimator batch 949/2000 (active points 7/22) ...   snr=+8.0dB [pso]  snr=+10.0dB [pso]  snr=+12.0dB [pso]  snr=+14.0dB [pso]  snr=+16.0dB [pso]  snr=+18.0dB [pso]  snr=+20.0dB [pso]Done (46.28s)
Estimator batch 950/2000 (active points 7/22) ...   snr=+8.0dB [pso]  snr=+10.0dB [pso]  snr=+12.0dB [pso]  snr=+14.0dB [pso]  snr=+16.0dB [pso]  snr=+18.0dB [pso]  snr=+20.0dB [pso]Done (35.22s)
Estimator batch 951/2000 (active points 7/22) ...   snr=+8.0dB [pso]  snr=+10.0dB [pso]  snr=+12.0dB [pso]  snr=+14.0dB [pso]  snr=+16.0dB [pso]  snr=+18.0dB [pso]  snr=+20.0dB [pso]Done (40.20s)
Estimator batch 952/2000 (active points 7/22) ...   snr=+8.0dB [pso]  snr=+10.0dB [pso]  snr=+12.0dB [pso]  snr=+14.0dB [pso]  snr=+16.0dB [pso]  snr=+18.0dB [pso]  snr=+20.0dB [pso]Done (41.59s)
Estimator batch 953/2000 (active points 7/22) ...   snr=+8.0dB [pso]  snr=+10.0dB [pso]  snr=+12.0dB [pso]  snr=+14.0dB [pso]  snr=+16.0dB [pso]  snr=+18.0dB [pso]  snr=+20.0dB [pso]Done (44.59s)
Estimator batch 954/2000 (active points 7/22) ...   snr=+8.0dB [pso]  snr=+10.0dB [pso]  snr=+12.0dB [pso]  snr=+14.0dB [pso]  snr=+16.0dB [pso]  snr=+18.0dB [pso]  snr=+20.0dB [pso]Done (38.99s)
Estimator batch 955/2000 (active points 7/22) ...   snr=+8.0dB [pso]  snr=+10.0dB [pso]  snr=+12.0dB [pso]  snr=+14.0dB [pso]  snr=+16.0dB [pso]  snr=+18.0dB [pso]  snr=+20.0dB [pso]Done (38.11s)
Estimator batch 956/2000 (active points 7/22) ...   snr=+8.0dB [pso]  snr=+10.0dB [pso]  snr=+12.0dB [pso]  snr=+14.0dB [pso]  snr=+16.0dB [pso]  snr=+18.0dB [pso]  snr=+20.0dB [pso]Done (43.45s)
Estimator batch 957/2000 (active points 7/22) ...   snr=+8.0dB [pso]  snr=+10.0dB [pso]  snr=+12.0dB [pso]  snr=+14.0dB [pso]  snr=+16.0dB [pso]  snr=+18.0dB [pso]  snr=+20.0dB [pso]Done (40.44s)
Estimator batch 958/2000 (active points 7/22) ...   snr=+8.0dB [pso]  snr=+10.0dB [pso]  snr=+12.0dB [pso]  snr=+14.0dB [pso]  snr=+16.0dB [pso]  snr=+18.0dB [pso]  snr=+20.0dB [pso]Done (40.46s)
Estimator batch 959/2000 (active points 7/22) ...   snr=+8.0dB [pso]  snr=+10.0dB [pso]  snr=+12.0dB [pso]  snr=+14.0dB [pso]  snr=+16.0dB [pso]  snr=+18.0dB [pso]  snr=+20.0dB [pso]Done (38.95s)
Estimator batch 960/2000 (active points 7/22) ...   snr=+8.0dB [pso]  snr=+10.0dB [pso]  snr=+12.0dB [pso]  snr=+14.0dB [pso]  snr=+16.0dB [pso]  snr=+18.0dB [pso]  snr=+20.0dB [pso]Done (43.02s)
Estimator batch 961/2000 (active points 7/22) ...   snr=+8.0dB [pso]  snr=+10.0dB [pso]  snr=+12.0dB [pso]  snr=+14.0dB [pso]  snr=+16.0dB [pso]  snr=+18.0dB [pso]  snr=+20.0dB [pso]Done (36.59s)
Estimator batch 962/2000 (active points 7/22) ...   snr=+8.0dB [pso]  snr=+10.0dB [pso]  snr=+12.0dB [pso]  snr=+14.0dB [pso]  snr=+16.0dB [pso]  snr=+18.0dB [pso]  snr=+20.0dB [pso]Done (42.73s)
Estimator batch 963/2000 (active points 7/22) ...   snr=+8.0dB [pso]  snr=+10.0dB [pso]  snr=+12.0dB [pso]  snr=+14.0dB [pso]  snr=+16.0dB [pso]  snr=+18.0dB [pso]  snr=+20.0dB [pso]Done (36.53s)
Estimator batch 964/2000 (active points 7/22) ...   snr=+8.0dB [pso]  snr=+10.0dB [pso]  snr=+12.0dB [pso]  snr=+14.0dB [pso]  snr=+16.0dB [pso]  snr=+18.0dB [pso]  snr=+20.0dB [pso]Done (43.41s)
Estimator batch 965/2000 (active points 7/22) ...   snr=+8.0dB [pso]  snr=+10.0dB [pso]  snr=+12.0dB [pso]  snr=+14.0dB [pso]  snr=+16.0dB [pso]  snr=+18.0dB [pso]  snr=+20.0dB [pso]Done (42.92s)
Estimator batch 966/2000 (active points 7/22) ...   snr=+8.0dB [pso]  snr=+10.0dB [pso]  snr=+12.0dB [pso]  snr=+14.0dB [pso]  snr=+16.0dB [pso]  snr=+18.0dB [pso]  snr=+20.0dB [pso]Done (44.43s)
Estimator batch 967/2000 (active points 7/22) ...   snr=+8.0dB [pso]  snr=+10.0dB [pso]  snr=+12.0dB [pso]  snr=+14.0dB [pso]  snr=+16.0dB [pso]  snr=+18.0dB [pso]  snr=+20.0dB [pso]Done (41.71s)
Estimator batch 968/2000 (active points 7/22) ...   snr=+8.0dB [pso]  snr=+10.0dB [pso]  snr=+12.0dB [pso]  snr=+14.0dB [pso]  snr=+16.0dB [pso]  snr=+18.0dB [pso]  snr=+20.0dB [pso]Done (38.40s)
Estimator batch 969/2000 (active points 7/22) ...   snr=+8.0dB [pso]  snr=+10.0dB [pso]  snr=+12.0dB [pso]  snr=+14.0dB [pso]  snr=+16.0dB [pso]  snr=+18.0dB [pso]  snr=+20.0dB [pso]Done (43.13s)
Estimator batch 970/2000 (active points 7/22) ...   snr=+8.0dB [pso]  snr=+10.0dB [pso]  snr=+12.0dB [pso]  snr=+14.0dB [pso]  snr=+16.0dB [pso]  snr=+18.0dB [pso]  snr=+20.0dB [pso]Done (43.65s)
Estimator batch 971/2000 (active points 7/22) ...   snr=+8.0dB [pso]  snr=+10.0dB [pso]  snr=+12.0dB [pso]  snr=+14.0dB [pso]  snr=+16.0dB [pso]  snr=+18.0dB [pso]  snr=+20.0dB [pso]Done (40.68s)
Estimator batch 972/2000 (active points 7/22) ...   snr=+8.0dB [pso]  snr=+10.0dB [pso]  snr=+12.0dB [pso]  snr=+14.0dB [pso]  snr=+16.0dB [pso]  snr=+18.0dB [pso]  snr=+20.0dB [pso]Done (39.47s)
Estimator batch 973/2000 (active points 7/22) ...   snr=+8.0dB [pso]  snr=+10.0dB [pso]  snr=+12.0dB [pso]  snr=+14.0dB [pso]  snr=+16.0dB [pso]  snr=+18.0dB [pso]  snr=+20.0dB [pso]Done (41.93s)
Estimator batch 974/2000 (active points 7/22) ...   snr=+8.0dB [pso]  snr=+10.0dB [pso]  snr=+12.0dB [pso]  snr=+14.0dB [pso]  snr=+16.0dB [pso]  snr=+18.0dB [pso]  snr=+20.0dB [pso]Done (43.93s)
Estimator batch 975/2000 (active points 7/22) ...   snr=+8.0dB [pso]  snr=+10.0dB [pso]  snr=+12.0dB [pso]  snr=+14.0dB [pso]  snr=+16.0dB [pso]  snr=+18.0dB [pso]  snr=+20.0dB [pso]Done (39.96s)
Estimator batch 976/2000 (active points 7/22) ...   snr=+8.0dB [pso]  snr=+10.0dB [pso]  snr=+12.0dB [pso]  snr=+14.0dB [pso]  snr=+16.0dB [pso]  snr=+18.0dB [pso]  snr=+20.0dB [pso]Done (36.60s)
Estimator batch 977/2000 (active points 7/22) ...   snr=+8.0dB [pso]  snr=+10.0dB [pso]  snr=+12.0dB [pso]  snr=+14.0dB [pso]  snr=+16.0dB [pso]  snr=+18.0dB [pso]  snr=+20.0dB [pso]Done (40.65s)
Estimator batch 978/2000 (active points 7/22) ...   snr=+8.0dB [pso]  snr=+10.0dB [pso]  snr=+12.0dB [pso]  snr=+14.0dB [pso]  snr=+16.0dB [pso]  snr=+18.0dB [pso]  snr=+20.0dB [pso]Done (42.41s)
Estimator batch 979/2000 (active points 7/22) ...   snr=+8.0dB [pso]  snr=+10.0dB [pso]  snr=+12.0dB [pso]  snr=+14.0dB [pso]  snr=+16.0dB [pso]  snr=+18.0dB [pso]  snr=+20.0dB [pso]Done (41.48s)
Estimator batch 980/2000 (active points 7/22) ...   snr=+8.0dB [pso]  snr=+10.0dB [pso]  snr=+12.0dB [pso]  snr=+14.0dB [pso]  snr=+16.0dB [pso]  snr=+18.0dB [pso]  snr=+20.0dB [pso]Done (40.97s)
Estimator batch 981/2000 (active points 7/22) ...   snr=+8.0dB [pso]  snr=+10.0dB [pso]  snr=+12.0dB [pso]  snr=+14.0dB [pso]  snr=+16.0dB [pso]  snr=+18.0dB [pso]  snr=+20.0dB [pso]Done (40.14s)
Estimator batch 982/2000 (active points 7/22) ...   snr=+8.0dB [pso]  snr=+10.0dB [pso]  snr=+12.0dB [pso]  snr=+14.0dB [pso]  snr=+16.0dB [pso]  snr=+18.0dB [pso]  snr=+20.0dB [pso]Done (38.20s)
Estimator batch 983/2000 (active points 7/22) ...   snr=+8.0dB [pso]  snr=+10.0dB [pso]  snr=+12.0dB [pso]  snr=+14.0dB [pso]  snr=+16.0dB [pso]  snr=+18.0dB [pso]  snr=+20.0dB [pso]Done (44.28s)
Estimator batch 984/2000 (active points 7/22) ...   snr=+8.0dB [pso]  snr=+10.0dB [pso]  snr=+12.0dB [pso]  snr=+14.0dB [pso]  snr=+16.0dB [pso]  snr=+18.0dB [pso]  snr=+20.0dB [pso]Done (42.57s)
Estimator batch 985/2000 (active points 7/22) ...   snr=+8.0dB [pso]  snr=+10.0dB [pso]  snr=+12.0dB [pso]  snr=+14.0dB [pso]  snr=+16.0dB [pso]  snr=+18.0dB [pso]  snr=+20.0dB [pso]Done (41.98s)
Estimator batch 986/2000 (active points 7/22) ...   snr=+8.0dB [pso]  snr=+10.0dB [pso]  snr=+12.0dB [pso]  snr=+14.0dB [pso]  snr=+16.0dB [pso]  snr=+18.0dB [pso]  snr=+20.0dB [pso]Done (36.80s)
Estimator batch 987/2000 (active points 7/22) ...   snr=+8.0dB [pso]  snr=+10.0dB [pso]  snr=+12.0dB [pso]  snr=+14.0dB [pso]  snr=+16.0dB [pso]  snr=+18.0dB [pso]  snr=+20.0dB [pso]Done (42.44s)
Estimator batch 988/2000 (active points 7/22) ...   snr=+8.0dB [pso]  snr=+10.0dB [pso]  snr=+12.0dB [pso]  snr=+14.0dB [pso]  snr=+16.0dB [pso]  snr=+18.0dB [pso]  snr=+20.0dB [pso]Done (43.29s)
Estimator batch 989/2000 (active points 7/22) ...   snr=+8.0dB [pso]  snr=+10.0dB [pso]  snr=+12.0dB [pso]  snr=+14.0dB [pso]  snr=+16.0dB [pso]  snr=+18.0dB [pso]  snr=+20.0dB [pso]Done (44.44s)
Estimator batch 990/2000 (active points 7/22) ...   snr=+8.0dB [pso]  snr=+10.0dB [pso]  snr=+12.0dB [pso]  snr=+14.0dB [pso]  snr=+16.0dB [pso]  snr=+18.0dB [pso]  snr=+20.0dB [pso]Done (40.97s)
Estimator batch 991/2000 (active points 7/22) ...   snr=+8.0dB [pso]  snr=+10.0dB [pso]  snr=+12.0dB [pso]  snr=+14.0dB [pso]  snr=+16.0dB [pso]  snr=+18.0dB [pso]  snr=+20.0dB [pso]Done (41.32s)
Estimator batch 992/2000 (active points 7/22) ...   snr=+8.0dB [pso]  snr=+10.0dB [pso]  snr=+12.0dB [pso]  snr=+14.0dB [pso]  snr=+16.0dB [pso]  snr=+18.0dB [pso]  snr=+20.0dB [pso]Done (43.71s)
Estimator batch 993/2000 (active points 7/22) ...   snr=+8.0dB [pso]  snr=+10.0dB [pso]  snr=+12.0dB [pso]  snr=+14.0dB [pso]  snr=+16.0dB [pso]  snr=+18.0dB [pso]  snr=+20.0dB [pso]Done (38.92s)
Estimator batch 994/2000 (active points 7/22) ...   snr=+8.0dB [pso]  snr=+10.0dB [pso]  snr=+12.0dB [pso]  snr=+14.0dB [pso]  snr=+16.0dB [pso]  snr=+18.0dB [pso]  snr=+20.0dB [pso]Done (41.73s)
Estimator batch 995/2000 (active points 7/22) ...   snr=+8.0dB [pso]  snr=+10.0dB [pso]  snr=+12.0dB [pso]  snr=+14.0dB [pso]  snr=+16.0dB [pso]  snr=+18.0dB [pso]  snr=+20.0dB [pso]Done (43.63s)
Estimator batch 996/2000 (active points 7/22) ...   snr=+8.0dB [pso]  snr=+10.0dB [pso]  snr=+12.0dB [pso]  snr=+14.0dB [pso]  snr=+16.0dB [pso]  snr=+18.0dB [pso]  snr=+20.0dB [pso]Done (42.07s)
Estimator batch 997/2000 (active points 7/22) ...   snr=+8.0dB [pso]  snr=+10.0dB [pso]  snr=+12.0dB [pso]  snr=+14.0dB [pso]  snr=+16.0dB [pso]  snr=+18.0dB [pso]  snr=+20.0dB [pso]Done (45.45s)
Estimator batch 998/2000 (active points 7/22) ...   snr=+8.0dB [pso]  snr=+10.0dB [pso]  snr=+12.0dB [pso]  snr=+14.0dB [pso]  snr=+16.0dB [pso]  snr=+18.0dB [pso]  snr=+20.0dB [pso]Done (37.57s)
Estimator batch 999/2000 (active points 7/22) ...   snr=+8.0dB [pso]  snr=+10.0dB [pso]  snr=+12.0dB [pso]  snr=+14.0dB [pso]  snr=+16.0dB [pso]  snr=+18.0dB [pso]  snr=+20.0dB [pso]Done (37.75s)
Estimator batch 1000/2000 (active points 7/22) ...   snr=+8.0dB [pso]  snr=+10.0dB [pso]  snr=+12.0dB [pso]  snr=+14.0dB [pso]  snr=+16.0dB [pso]  snr=+18.0dB [pso]  snr=+20.0dB [pso]Done (41.62s)
Estimator batch 1001/2000 (active points 7/22) ...   snr=+8.0dB [pso]  snr=+10.0dB [pso]  snr=+12.0dB [pso]  snr=+14.0dB [pso]  snr=+16.0dB [pso]  snr=+18.0dB [pso]  snr=+20.0dB [pso]Done (41.70s)
Estimator batch 1002/2000 (active points 7/22) ...   snr=+8.0dB [pso]  snr=+10.0dB [pso]  snr=+12.0dB [pso]  snr=+14.0dB [pso]  snr=+16.0dB [pso]  snr=+18.0dB [pso]  snr=+20.0dB [pso]Done (38.53s)
Estimator batch 1003/2000 (active points 7/22) ...   snr=+8.0dB [pso]  snr=+10.0dB [pso]  snr=+12.0dB [pso]  snr=+14.0dB [pso]  snr=+16.0dB [pso]  snr=+18.0dB [pso]  snr=+20.0dB [pso]Done (46.41s)
Estimator batch 1004/2000 (active points 7/22) ...   snr=+8.0dB [pso]  snr=+10.0dB [pso]  snr=+12.0dB [pso]  snr=+14.0dB [pso]  snr=+16.0dB [pso]  snr=+18.0dB [pso]  snr=+20.0dB [pso]Done (42.06s)
Estimator batch 1005/2000 (active points 7/22) ...   snr=+8.0dB [pso]  snr=+10.0dB [pso]  snr=+12.0dB [pso]  snr=+14.0dB [pso]  snr=+16.0dB [pso]  snr=+18.0dB [pso]  snr=+20.0dB [pso]Done (40.38s)
Estimator batch 1006/2000 (active points 7/22) ...   snr=+8.0dB [pso]  snr=+10.0dB [pso]  snr=+12.0dB [pso]  snr=+14.0dB [pso]  snr=+16.0dB [pso]  snr=+18.0dB [pso]  snr=+20.0dB [pso]Done (41.98s)
Estimator batch 1007/2000 (active points 7/22) ...   snr=+8.0dB [pso]  snr=+10.0dB [pso]  snr=+12.0dB [pso]  snr=+14.0dB [pso]  snr=+16.0dB [pso]  snr=+18.0dB [pso]  snr=+20.0dB [pso]Done (42.38s)
Estimator batch 1008/2000 (active points 7/22) ...   snr=+8.0dB [pso]  snr=+10.0dB [pso]  snr=+12.0dB [pso]  snr=+14.0dB [pso]  snr=+16.0dB [pso]  snr=+18.0dB [pso]  snr=+20.0dB [pso]Done (37.79s)
Estimator batch 1009/2000 (active points 7/22) ...   snr=+8.0dB [pso]  snr=+10.0dB [pso]  snr=+12.0dB [pso]  snr=+14.0dB [pso]  snr=+16.0dB [pso]  snr=+18.0dB [pso]  snr=+20.0dB [pso]Done (37.94s)
Estimator batch 1010/2000 (active points 7/22) ...   snr=+8.0dB [pso]  snr=+10.0dB [pso]  snr=+12.0dB [pso]  snr=+14.0dB [pso]  snr=+16.0dB [pso]  snr=+18.0dB [pso]  snr=+20.0dB [pso]Done (38.50s)
Estimator batch 1011/2000 (active points 7/22) ...   snr=+8.0dB [pso]  snr=+10.0dB [pso]  snr=+12.0dB [pso]  snr=+14.0dB [pso]  snr=+16.0dB [pso]  snr=+18.0dB [pso]  snr=+20.0dB [pso]Done (47.37s)
Estimator batch 1012/2000 (active points 7/22) ...   snr=+8.0dB [pso]  snr=+10.0dB [pso]  snr=+12.0dB [pso]  snr=+14.0dB [pso]  snr=+16.0dB [pso]  snr=+18.0dB [pso]  snr=+20.0dB [pso]Done (42.18s)
Estimator batch 1013/2000 (active points 7/22) ...   snr=+8.0dB [pso]  snr=+10.0dB [pso]  snr=+12.0dB [pso]  snr=+14.0dB [pso]  snr=+16.0dB [pso]  snr=+18.0dB [pso]  snr=+20.0dB [pso]Done (40.61s)
Estimator batch 1014/2000 (active points 7/22) ...   snr=+8.0dB [pso]  snr=+10.0dB [pso]  snr=+12.0dB [pso]  snr=+14.0dB [pso]  snr=+16.0dB [pso]  snr=+18.0dB [pso]  snr=+20.0dB [pso]Done (39.89s)
Estimator batch 1015/2000 (active points 7/22) ...   snr=+8.0dB [pso]  snr=+10.0dB [pso]  snr=+12.0dB [pso]  snr=+14.0dB [pso]  snr=+16.0dB [pso]  snr=+18.0dB [pso]  snr=+20.0dB [pso]Done (39.96s)
Estimator batch 1016/2000 (active points 7/22) ...   snr=+8.0dB [pso]  snr=+10.0dB [pso]  snr=+12.0dB [pso]  snr=+14.0dB [pso]  snr=+16.0dB [pso]  snr=+18.0dB [pso]  snr=+20.0dB [pso]Done (38.97s)
Estimator batch 1017/2000 (active points 7/22) ...   snr=+8.0dB [pso]  snr=+10.0dB [pso]  snr=+12.0dB [pso]  snr=+14.0dB [pso]  snr=+16.0dB [pso]  snr=+18.0dB [pso]  snr=+20.0dB [pso]Done (44.70s)
Estimator batch 1018/2000 (active points 7/22) ...   snr=+8.0dB [pso]  snr=+10.0dB [pso]  snr=+12.0dB [pso]  snr=+14.0dB [pso]  snr=+16.0dB [pso]  snr=+18.0dB [pso]  snr=+20.0dB [pso]Done (43.70s)
Estimator batch 1019/2000 (active points 7/22) ...   snr=+8.0dB [pso]  snr=+10.0dB [pso]  snr=+12.0dB [pso]  snr=+14.0dB [pso]  snr=+16.0dB [pso]  snr=+18.0dB [pso]  snr=+20.0dB [pso]Done (47.02s)
Estimator batch 1020/2000 (active points 7/22) ...   snr=+8.0dB [pso]  snr=+10.0dB [pso]  snr=+12.0dB [pso]  snr=+14.0dB [pso]  snr=+16.0dB [pso]  snr=+18.0dB [pso]  snr=+20.0dB [pso]Done (40.17s)
Estimator batch 1021/2000 (active points 7/22) ...   snr=+8.0dB [pso]  snr=+10.0dB [pso]  snr=+12.0dB [pso]  snr=+14.0dB [pso]  snr=+16.0dB [pso]  snr=+18.0dB [pso]  snr=+20.0dB [pso]Done (42.99s)
Estimator batch 1022/2000 (active points 7/22) ...   snr=+8.0dB [pso]  snr=+10.0dB [pso]  snr=+12.0dB [pso]  snr=+14.0dB [pso]  snr=+16.0dB [pso]  snr=+18.0dB [pso]  snr=+20.0dB [pso]Done (39.11s)
Estimator batch 1023/2000 (active points 7/22) ...   snr=+8.0dB [pso]  snr=+10.0dB [pso]  snr=+12.0dB [pso]  snr=+14.0dB [pso]  snr=+16.0dB [pso]  snr=+18.0dB [pso]  snr=+20.0dB [pso]Done (43.69s)
Estimator batch 1024/2000 (active points 7/22) ...   snr=+8.0dB [pso]  snr=+10.0dB [pso]  snr=+12.0dB [pso]  snr=+14.0dB [pso]  snr=+16.0dB [pso]  snr=+18.0dB [pso]  snr=+20.0dB [pso]Done (44.00s)
Estimator batch 1025/2000 (active points 7/22) ...   snr=+8.0dB [pso]  snr=+10.0dB [pso]  snr=+12.0dB [pso]  snr=+14.0dB [pso]  snr=+16.0dB [pso]  snr=+18.0dB [pso]  snr=+20.0dB [pso]Done (42.67s)
Estimator batch 1026/2000 (active points 7/22) ...   snr=+8.0dB [pso]  snr=+10.0dB [pso]  snr=+12.0dB [pso]  snr=+14.0dB [pso]  snr=+16.0dB [pso]  snr=+18.0dB [pso]  snr=+20.0dB [pso]Done (39.06s)
Estimator batch 1027/2000 (active points 7/22) ...   snr=+8.0dB [pso]  snr=+10.0dB [pso]  snr=+12.0dB [pso]  snr=+14.0dB [pso]  snr=+16.0dB [pso]  snr=+18.0dB [pso]  snr=+20.0dB [pso]Done (39.50s)
Estimator batch 1028/2000 (active points 7/22) ...   snr=+8.0dB [pso]  snr=+10.0dB [pso]  snr=+12.0dB [pso]  snr=+14.0dB [pso]  snr=+16.0dB [pso]  snr=+18.0dB [pso]  snr=+20.0dB [pso]Done (41.94s)
Estimator batch 1029/2000 (active points 7/22) ...   snr=+8.0dB [pso]  snr=+10.0dB [pso]  snr=+12.0dB [pso]  snr=+14.0dB [pso]  snr=+16.0dB [pso]  snr=+18.0dB [pso]  snr=+20.0dB [pso]Done (40.82s)
Estimator batch 1030/2000 (active points 7/22) ...   snr=+8.0dB [pso]  snr=+10.0dB [pso]  snr=+12.0dB [pso]  snr=+14.0dB [pso]  snr=+16.0dB [pso]  snr=+18.0dB [pso]  snr=+20.0dB [pso]Done (41.40s)
Estimator batch 1031/2000 (active points 7/22) ...   snr=+8.0dB [pso]  snr=+10.0dB [pso]  snr=+12.0dB [pso]  snr=+14.0dB [pso]  snr=+16.0dB [pso]  snr=+18.0dB [pso]  snr=+20.0dB [pso]Done (44.14s)
Estimator batch 1032/2000 (active points 7/22) ...   snr=+8.0dB [pso]  snr=+10.0dB [pso]  snr=+12.0dB [pso]  snr=+14.0dB [pso]  snr=+16.0dB [pso]  snr=+18.0dB [pso]  snr=+20.0dB [pso]Done (42.51s)
Estimator batch 1033/2000 (active points 7/22) ...   snr=+8.0dB [pso]  snr=+10.0dB [pso]  snr=+12.0dB [pso]  snr=+14.0dB [pso]  snr=+16.0dB [pso]  snr=+18.0dB [pso]  snr=+20.0dB [pso]Done (37.34s)
Estimator batch 1034/2000 (active points 7/22) ...   snr=+8.0dB [pso]  snr=+10.0dB [pso]  snr=+12.0dB [pso]  snr=+14.0dB [pso]  snr=+16.0dB [pso]  snr=+18.0dB [pso]  snr=+20.0dB [pso]Done (42.24s)
Estimator batch 1035/2000 (active points 7/22) ...   snr=+8.0dB [pso]  snr=+10.0dB [pso]  snr=+12.0dB [pso]  snr=+14.0dB [pso]  snr=+16.0dB [pso]  snr=+18.0dB [pso]  snr=+20.0dB [pso]Done (43.67s)
Estimator batch 1036/2000 (active points 7/22) ...   snr=+8.0dB [pso]  snr=+10.0dB [pso]  snr=+12.0dB [pso]  snr=+14.0dB [pso]  snr=+16.0dB [pso]  snr=+18.0dB [pso]  snr=+20.0dB [pso]Done (41.55s)
Estimator batch 1037/2000 (active points 7/22) ...   snr=+8.0dB [pso]  snr=+10.0dB [pso]  snr=+12.0dB [pso]  snr=+14.0dB [pso]  snr=+16.0dB [pso]  snr=+18.0dB [pso]  snr=+20.0dB [pso]Done (41.26s)
Estimator batch 1038/2000 (active points 7/22) ...   snr=+8.0dB [pso]  snr=+10.0dB [pso]  snr=+12.0dB [pso]  snr=+14.0dB [pso]  snr=+16.0dB [pso]  snr=+18.0dB [pso]  snr=+20.0dB [pso]Done (44.74s)
Estimator batch 1039/2000 (active points 7/22) ...   snr=+8.0dB [pso]  snr=+10.0dB [pso]  snr=+12.0dB [pso]  snr=+14.0dB [pso]  snr=+16.0dB [pso]  snr=+18.0dB [pso]  snr=+20.0dB [pso]Done (40.38s)
Estimator batch 1040/2000 (active points 7/22) ...   snr=+8.0dB [pso]  snr=+10.0dB [pso]  snr=+12.0dB [pso]  snr=+14.0dB [pso]  snr=+16.0dB [pso]  snr=+18.0dB [pso]  snr=+20.0dB [pso]Done (42.82s)
Estimator batch 1041/2000 (active points 7/22) ...   snr=+8.0dB [pso]  snr=+10.0dB [pso]  snr=+12.0dB [pso]  snr=+14.0dB [pso]  snr=+16.0dB [pso]  snr=+18.0dB [pso]  snr=+20.0dB [pso]Done (46.40s)
Estimator batch 1042/2000 (active points 7/22) ...   snr=+8.0dB [pso]  snr=+10.0dB [pso]  snr=+12.0dB [pso]  snr=+14.0dB [pso]  snr=+16.0dB [pso]  snr=+18.0dB [pso]  snr=+20.0dB [pso]Done (38.62s)
Estimator batch 1043/2000 (active points 7/22) ...   snr=+8.0dB [pso]  snr=+10.0dB [pso]  snr=+12.0dB [pso]  snr=+14.0dB [pso]  snr=+16.0dB [pso]  snr=+18.0dB [pso]  snr=+20.0dB [pso]Done (42.59s)
Estimator batch 1044/2000 (active points 7/22) ...   snr=+8.0dB [pso]  snr=+10.0dB [pso]  snr=+12.0dB [pso]  snr=+14.0dB [pso]  snr=+16.0dB [pso]  snr=+18.0dB [pso]  snr=+20.0dB [pso]Done (41.31s)
Estimator batch 1045/2000 (active points 7/22) ...   snr=+8.0dB [pso]  snr=+10.0dB [pso]  snr=+12.0dB [pso]  snr=+14.0dB [pso]  snr=+16.0dB [pso]  snr=+18.0dB [pso]  snr=+20.0dB [pso]Done (41.07s)
Estimator batch 1046/2000 (active points 7/22) ...   snr=+8.0dB [pso]  snr=+10.0dB [pso]  snr=+12.0dB [pso]  snr=+14.0dB [pso]  snr=+16.0dB [pso]  snr=+18.0dB [pso]  snr=+20.0dB [pso]Done (41.67s)
Estimator batch 1047/2000 (active points 7/22) ...   snr=+8.0dB [pso]  snr=+10.0dB [pso]  snr=+12.0dB [pso]  snr=+14.0dB [pso]  snr=+16.0dB [pso]  snr=+18.0dB [pso]  snr=+20.0dB [pso]Done (40.04s)
Estimator batch 1048/2000 (active points 7/22) ...   snr=+8.0dB [pso]  snr=+10.0dB [pso]  snr=+12.0dB [pso]  snr=+14.0dB [pso]  snr=+16.0dB [pso]  snr=+18.0dB [pso]  snr=+20.0dB [pso]Done (42.07s)
Estimator batch 1049/2000 (active points 7/22) ...   snr=+8.0dB [pso]  snr=+10.0dB [pso]  snr=+12.0dB [pso]  snr=+14.0dB [pso]  snr=+16.0dB [pso]  snr=+18.0dB [pso]  snr=+20.0dB [pso]Done (38.41s)
Estimator batch 1050/2000 (active points 7/22) ...   snr=+8.0dB [pso]  snr=+10.0dB [pso]  snr=+12.0dB [pso]  snr=+14.0dB [pso]  snr=+16.0dB [pso]  snr=+18.0dB [pso]  snr=+20.0dB [pso]Done (44.90s)
Estimator batch 1051/2000 (active points 7/22) ...   snr=+8.0dB [pso]  snr=+10.0dB [pso]  snr=+12.0dB [pso]  snr=+14.0dB [pso]  snr=+16.0dB [pso]  snr=+18.0dB [pso]  snr=+20.0dB [pso]Done (39.62s)
Estimator batch 1052/2000 (active points 7/22) ...   snr=+8.0dB [pso]  snr=+10.0dB [pso]  snr=+12.0dB [pso]  snr=+14.0dB [pso]  snr=+16.0dB [pso]  snr=+18.0dB [pso]  snr=+20.0dB [pso]Done (42.98s)
Estimator batch 1053/2000 (active points 7/22) ...   snr=+8.0dB [pso]  snr=+10.0dB [pso]  snr=+12.0dB [pso]  snr=+14.0dB [pso]  snr=+16.0dB [pso]  snr=+18.0dB [pso]  snr=+20.0dB [pso]Done (39.14s)
Estimator batch 1054/2000 (active points 7/22) ...   snr=+8.0dB [pso]  snr=+10.0dB [pso]  snr=+12.0dB [pso]  snr=+14.0dB [pso]  snr=+16.0dB [pso]  snr=+18.0dB [pso]  snr=+20.0dB [pso]Done (43.61s)
Estimator batch 1055/2000 (active points 7/22) ...   snr=+8.0dB [pso]  snr=+10.0dB [pso]  snr=+12.0dB [pso]  snr=+14.0dB [pso]  snr=+16.0dB [pso]  snr=+18.0dB [pso]  snr=+20.0dB [pso]Done (41.31s)
Estimator batch 1056/2000 (active points 7/22) ...   snr=+8.0dB [pso]  snr=+10.0dB [pso]  snr=+12.0dB [pso]  snr=+14.0dB [pso]  snr=+16.0dB [pso]  snr=+18.0dB [pso]  snr=+20.0dB [pso]Done (38.66s)
Estimator batch 1057/2000 (active points 7/22) ...   snr=+8.0dB [pso]  snr=+10.0dB [pso]  snr=+12.0dB [pso]  snr=+14.0dB [pso]  snr=+16.0dB [pso]  snr=+18.0dB [pso]  snr=+20.0dB [pso]Done (44.31s)
Estimator batch 1058/2000 (active points 7/22) ...   snr=+8.0dB [pso]  snr=+10.0dB [pso]  snr=+12.0dB [pso]  snr=+14.0dB [pso]  snr=+16.0dB [pso]  snr=+18.0dB [pso]  snr=+20.0dB [pso]Done (41.38s)
Estimator batch 1059/2000 (active points 7/22) ...   snr=+8.0dB [pso]  snr=+10.0dB [pso]  snr=+12.0dB [pso]  snr=+14.0dB [pso]  snr=+16.0dB [pso]  snr=+18.0dB [pso]  snr=+20.0dB [pso]Done (40.02s)
Estimator batch 1060/2000 (active points 7/22) ...   snr=+8.0dB [pso]  snr=+10.0dB [pso]  snr=+12.0dB [pso]  snr=+14.0dB [pso]  snr=+16.0dB [pso]  snr=+18.0dB [pso]  snr=+20.0dB [pso]Done (44.28s)
Estimator batch 1061/2000 (active points 7/22) ...   snr=+8.0dB [pso]  snr=+10.0dB [pso]  snr=+12.0dB [pso]  snr=+14.0dB [pso]  snr=+16.0dB [pso]  snr=+18.0dB [pso]  snr=+20.0dB [pso]Done (42.92s)
Estimator batch 1062/2000 (active points 7/22) ...   snr=+8.0dB [pso]  snr=+10.0dB [pso]  snr=+12.0dB [pso]  snr=+14.0dB [pso]  snr=+16.0dB [pso]  snr=+18.0dB [pso]  snr=+20.0dB [pso]Done (41.21s)
Estimator batch 1063/2000 (active points 7/22) ...   snr=+8.0dB [pso]  snr=+10.0dB [pso]  snr=+12.0dB [pso]  snr=+14.0dB [pso]  snr=+16.0dB [pso]  snr=+18.0dB [pso]  snr=+20.0dB [pso]Done (44.08s)
Estimator batch 1064/2000 (active points 7/22) ...   snr=+8.0dB [pso]  snr=+10.0dB [pso]  snr=+12.0dB [pso]  snr=+14.0dB [pso]  snr=+16.0dB [pso]  snr=+18.0dB [pso]  snr=+20.0dB [pso]Done (43.42s)
Estimator batch 1065/2000 (active points 7/22) ...   snr=+8.0dB [pso]  snr=+10.0dB [pso]  snr=+12.0dB [pso]  snr=+14.0dB [pso]  snr=+16.0dB [pso]  snr=+18.0dB [pso]  snr=+20.0dB [pso]Done (40.12s)
Estimator batch 1066/2000 (active points 7/22) ...   snr=+8.0dB [pso]  snr=+10.0dB [pso]  snr=+12.0dB [pso]  snr=+14.0dB [pso]  snr=+16.0dB [pso]  snr=+18.0dB [pso]  snr=+20.0dB [pso]Done (41.24s)
Estimator batch 1067/2000 (active points 7/22) ...   snr=+8.0dB [pso]  snr=+10.0dB [pso]  snr=+12.0dB [pso]  snr=+14.0dB [pso]  snr=+16.0dB [pso]  snr=+18.0dB [pso]  snr=+20.0dB [pso]Done (33.85s)
Estimator batch 1068/2000 (active points 7/22) ...   snr=+8.0dB [pso]  snr=+10.0dB [pso]  snr=+12.0dB [pso]  snr=+14.0dB [pso]  snr=+16.0dB [pso]  snr=+18.0dB [pso]  snr=+20.0dB [pso]Done (39.68s)
Estimator batch 1069/2000 (active points 7/22) ...   snr=+8.0dB [pso]  snr=+10.0dB [pso]  snr=+12.0dB [pso]  snr=+14.0dB [pso]  snr=+16.0dB [pso]  snr=+18.0dB [pso]  snr=+20.0dB [pso]Done (41.35s)
Estimator batch 1070/2000 (active points 7/22) ...   snr=+8.0dB [pso]  snr=+10.0dB [pso]  snr=+12.0dB [pso]  snr=+14.0dB [pso]  snr=+16.0dB [pso]  snr=+18.0dB [pso]  snr=+20.0dB [pso]Done (39.06s)
Estimator batch 1071/2000 (active points 7/22) ...   snr=+8.0dB [pso]  snr=+10.0dB [pso]  snr=+12.0dB [pso]  snr=+14.0dB [pso]  snr=+16.0dB [pso]  snr=+18.0dB [pso]  snr=+20.0dB [pso]Done (39.75s)
Estimator batch 1072/2000 (active points 7/22) ...   snr=+8.0dB [pso]  snr=+10.0dB [pso]  snr=+12.0dB [pso]  snr=+14.0dB [pso]  snr=+16.0dB [pso]  snr=+18.0dB [pso]  snr=+20.0dB [pso]Done (41.50s)
Estimator batch 1073/2000 (active points 7/22) ...   snr=+8.0dB [pso]  snr=+10.0dB [pso]  snr=+12.0dB [pso]  snr=+14.0dB [pso]  snr=+16.0dB [pso]  snr=+18.0dB [pso]  snr=+20.0dB [pso]Done (37.41s)
Estimator batch 1074/2000 (active points 7/22) ...   snr=+8.0dB [pso]  snr=+10.0dB [pso]  snr=+12.0dB [pso]  snr=+14.0dB [pso]  snr=+16.0dB [pso]  snr=+18.0dB [pso]  snr=+20.0dB [pso]Done (40.40s)
Estimator batch 1075/2000 (active points 7/22) ...   snr=+8.0dB [pso]  snr=+10.0dB [pso]  snr=+12.0dB [pso]  snr=+14.0dB [pso]  snr=+16.0dB [pso]  snr=+18.0dB [pso]  snr=+20.0dB [pso]Done (42.76s)
Estimator batch 1076/2000 (active points 7/22) ...   snr=+8.0dB [pso]  snr=+10.0dB [pso]  snr=+12.0dB [pso]  snr=+14.0dB [pso]  snr=+16.0dB [pso]  snr=+18.0dB [pso]  snr=+20.0dB [pso]Done (37.00s)
Estimator batch 1077/2000 (active points 7/22) ...   snr=+8.0dB [pso]  snr=+10.0dB [pso]  snr=+12.0dB [pso]  snr=+14.0dB [pso]  snr=+16.0dB [pso]  snr=+18.0dB [pso]  snr=+20.0dB [pso]Done (41.52s)
Estimator batch 1078/2000 (active points 7/22) ...   snr=+8.0dB [pso]  snr=+10.0dB [pso]  snr=+12.0dB [pso]  snr=+14.0dB [pso]  snr=+16.0dB [pso]  snr=+18.0dB [pso]  snr=+20.0dB [pso]Done (37.19s)
Estimator batch 1079/2000 (active points 7/22) ...   snr=+8.0dB [pso]  snr=+10.0dB [pso]  snr=+12.0dB [pso]  snr=+14.0dB [pso]  snr=+16.0dB [pso]  snr=+18.0dB [pso]  snr=+20.0dB [pso]Done (38.78s)
Estimator batch 1080/2000 (active points 7/22) ...   snr=+8.0dB [pso]  snr=+10.0dB [pso]  snr=+12.0dB [pso]  snr=+14.0dB [pso]  snr=+16.0dB [pso]  snr=+18.0dB [pso]  snr=+20.0dB [pso]Done (39.63s)
Estimator batch 1081/2000 (active points 7/22) ...   snr=+8.0dB [pso]  snr=+10.0dB [pso]  snr=+12.0dB [pso]  snr=+14.0dB [pso]  snr=+16.0dB [pso]  snr=+18.0dB [pso]  snr=+20.0dB [pso]Done (39.12s)
Estimator batch 1082/2000 (active points 7/22) ...   snr=+8.0dB [pso]  snr=+10.0dB [pso]  snr=+12.0dB [pso]  snr=+14.0dB [pso]  snr=+16.0dB [pso]  snr=+18.0dB [pso]  snr=+20.0dB [pso]Done (36.59s)
Estimator batch 1083/2000 (active points 7/22) ...   snr=+8.0dB [pso]  snr=+10.0dB [pso]  snr=+12.0dB [pso]  snr=+14.0dB [pso]  snr=+16.0dB [pso]  snr=+18.0dB [pso]  snr=+20.0dB [pso]Done (44.21s)
Estimator batch 1084/2000 (active points 7/22) ...   snr=+8.0dB [pso]  snr=+10.0dB [pso]  snr=+12.0dB [pso]  snr=+14.0dB [pso]  snr=+16.0dB [pso]  snr=+18.0dB [pso]  snr=+20.0dB [pso]Done (43.76s)
Estimator batch 1085/2000 (active points 7/22) ...   snr=+8.0dB [pso]  snr=+10.0dB [pso]  snr=+12.0dB [pso]  snr=+14.0dB [pso]  snr=+16.0dB [pso]  snr=+18.0dB [pso]  snr=+20.0dB [pso]Done (38.13s)
Estimator batch 1086/2000 (active points 7/22) ...   snr=+8.0dB [pso]  snr=+10.0dB [pso]  snr=+12.0dB [pso]  snr=+14.0dB [pso]  snr=+16.0dB [pso]  snr=+18.0dB [pso]  snr=+20.0dB [pso]Done (38.21s)
Estimator batch 1087/2000 (active points 7/22) ...   snr=+8.0dB [pso]  snr=+10.0dB [pso]  snr=+12.0dB [pso]  snr=+14.0dB [pso]  snr=+16.0dB [pso]  snr=+18.0dB [pso]  snr=+20.0dB [pso]Done (42.07s)
Estimator batch 1088/2000 (active points 7/22) ...   snr=+8.0dB [pso]  snr=+10.0dB [pso]  snr=+12.0dB [pso]  snr=+14.0dB [pso]  snr=+16.0dB [pso]  snr=+18.0dB [pso]  snr=+20.0dB [pso]Done (40.82s)
Estimator batch 1089/2000 (active points 7/22) ...   snr=+8.0dB [pso]  snr=+10.0dB [pso]  snr=+12.0dB [pso]  snr=+14.0dB [pso]  snr=+16.0dB [pso]  snr=+18.0dB [pso]  snr=+20.0dB [pso]Done (40.26s)
Estimator batch 1090/2000 (active points 7/22) ...   snr=+8.0dB [pso]  snr=+10.0dB [pso]  snr=+12.0dB [pso]  snr=+14.0dB [pso]  snr=+16.0dB [pso]  snr=+18.0dB [pso]  snr=+20.0dB [pso]Done (41.82s)
Estimator batch 1091/2000 (active points 7/22) ...   snr=+8.0dB [pso]  snr=+10.0dB [pso]  snr=+12.0dB [pso]  snr=+14.0dB [pso]  snr=+16.0dB [pso]  snr=+18.0dB [pso]  snr=+20.0dB [pso]Done (41.21s)
Estimator batch 1092/2000 (active points 7/22) ...   snr=+8.0dB [pso]  snr=+10.0dB [pso]  snr=+12.0dB [pso]  snr=+14.0dB [pso]  snr=+16.0dB [pso]  snr=+18.0dB [pso]  snr=+20.0dB [pso]Done (41.68s)
Estimator batch 1093/2000 (active points 7/22) ...   snr=+8.0dB [pso]  snr=+10.0dB [pso]  snr=+12.0dB [pso]  snr=+14.0dB [pso]  snr=+16.0dB [pso]  snr=+18.0dB [pso]  snr=+20.0dB [pso]Done (41.80s)
Estimator batch 1094/2000 (active points 7/22) ...   snr=+8.0dB [pso]  snr=+10.0dB [pso]  snr=+12.0dB [pso]  snr=+14.0dB [pso]  snr=+16.0dB [pso]  snr=+18.0dB [pso]  snr=+20.0dB [pso]Done (43.55s)
Estimator batch 1095/2000 (active points 7/22) ...   snr=+8.0dB [pso]  snr=+10.0dB [pso]  snr=+12.0dB [pso]  snr=+14.0dB [pso]  snr=+16.0dB [pso]  snr=+18.0dB [pso]  snr=+20.0dB [pso]Done (40.51s)
Estimator batch 1096/2000 (active points 7/22) ...   snr=+8.0dB [pso]  snr=+10.0dB [pso]  snr=+12.0dB [pso]  snr=+14.0dB [pso]  snr=+16.0dB [pso]  snr=+18.0dB [pso]  snr=+20.0dB [pso]Done (41.90s)
Estimator batch 1097/2000 (active points 7/22) ...   snr=+8.0dB [pso]  snr=+10.0dB [pso]  snr=+12.0dB [pso]  snr=+14.0dB [pso]  snr=+16.0dB [pso]  snr=+18.0dB [pso]  snr=+20.0dB [pso]Done (43.31s)
Estimator batch 1098/2000 (active points 7/22) ...   snr=+8.0dB [pso]  snr=+10.0dB [pso]  snr=+12.0dB [pso]  snr=+14.0dB [pso]  snr=+16.0dB [pso]  snr=+18.0dB [pso]  snr=+20.0dB [pso]Done (38.40s)
Estimator batch 1099/2000 (active points 7/22) ...   snr=+8.0dB [pso]  snr=+10.0dB [pso]  snr=+12.0dB [pso]  snr=+14.0dB [pso]  snr=+16.0dB [pso]  snr=+18.0dB [pso]  snr=+20.0dB [pso]Done (43.86s)
Estimator batch 1100/2000 (active points 7/22) ...   snr=+8.0dB [pso]  snr=+10.0dB [pso]  snr=+12.0dB [pso]  snr=+14.0dB [pso]  snr=+16.0dB [pso]  snr=+18.0dB [pso]  snr=+20.0dB [pso]Done (39.56s)
Estimator batch 1101/2000 (active points 7/22) ...   snr=+8.0dB [pso]  snr=+10.0dB [pso]  snr=+12.0dB [pso]  snr=+14.0dB [pso]  snr=+16.0dB [pso]  snr=+18.0dB [pso]  snr=+20.0dB [pso]Done (43.56s)
Estimator batch 1102/2000 (active points 7/22) ...   snr=+8.0dB [pso]  snr=+10.0dB [pso]  snr=+12.0dB [pso]  snr=+14.0dB [pso]  snr=+16.0dB [pso]  snr=+18.0dB [pso]  snr=+20.0dB [pso]Done (40.72s)
Estimator batch 1103/2000 (active points 7/22) ...   snr=+8.0dB [pso]  snr=+10.0dB [pso]  snr=+12.0dB [pso]  snr=+14.0dB [pso]  snr=+16.0dB [pso]  snr=+18.0dB [pso]  snr=+20.0dB [pso]Done (43.90s)
Estimator batch 1104/2000 (active points 7/22) ...   snr=+8.0dB [pso]  snr=+10.0dB [pso]  snr=+12.0dB [pso]  snr=+14.0dB [pso]  snr=+16.0dB [pso]  snr=+18.0dB [pso]  snr=+20.0dB [pso]Done (40.51s)
Estimator batch 1105/2000 (active points 7/22) ...   snr=+8.0dB [pso]  snr=+10.0dB [pso]  snr=+12.0dB [pso]  snr=+14.0dB [pso]  snr=+16.0dB [pso]  snr=+18.0dB [pso]  snr=+20.0dB [pso]Done (37.19s)
Estimator batch 1106/2000 (active points 7/22) ...   snr=+8.0dB [pso]  snr=+10.0dB [pso]  snr=+12.0dB [pso]  snr=+14.0dB [pso]  snr=+16.0dB [pso]  snr=+18.0dB [pso]  snr=+20.0dB [pso]Done (42.84s)
Estimator batch 1107/2000 (active points 7/22) ...   snr=+8.0dB [pso]  snr=+10.0dB [pso]  snr=+12.0dB [pso]  snr=+14.0dB [pso]  snr=+16.0dB [pso]  snr=+18.0dB [pso]  snr=+20.0dB [pso]Done (42.61s)
Estimator batch 1108/2000 (active points 7/22) ...   snr=+8.0dB [pso]  snr=+10.0dB [pso]  snr=+12.0dB [pso]  snr=+14.0dB [pso]  snr=+16.0dB [pso]  snr=+18.0dB [pso]  snr=+20.0dB [pso]Done (41.56s)
Estimator batch 1109/2000 (active points 7/22) ...   snr=+8.0dB [pso]  snr=+10.0dB [pso]  snr=+12.0dB [pso]  snr=+14.0dB [pso]  snr=+16.0dB [pso]  snr=+18.0dB [pso]  snr=+20.0dB [pso]Done (43.29s)
Estimator batch 1110/2000 (active points 7/22) ...   snr=+8.0dB [pso]  snr=+10.0dB [pso]  snr=+12.0dB [pso]  snr=+14.0dB [pso]  snr=+16.0dB [pso]  snr=+18.0dB [pso]  snr=+20.0dB [pso]Done (36.93s)
Estimator batch 1111/2000 (active points 7/22) ...   snr=+8.0dB [pso]  snr=+10.0dB [pso]  snr=+12.0dB [pso]  snr=+14.0dB [pso]  snr=+16.0dB [pso]  snr=+18.0dB [pso]  snr=+20.0dB [pso]Done (43.30s)
Estimator batch 1112/2000 (active points 7/22) ...   snr=+8.0dB [pso]  snr=+10.0dB [pso]  snr=+12.0dB [pso]  snr=+14.0dB [pso]  snr=+16.0dB [pso]  snr=+18.0dB [pso]  snr=+20.0dB [pso]Done (41.52s)
Estimator batch 1113/2000 (active points 7/22) ...   snr=+8.0dB [pso]  snr=+10.0dB [pso]  snr=+12.0dB [pso]  snr=+14.0dB [pso]  snr=+16.0dB [pso]  snr=+18.0dB [pso]  snr=+20.0dB [pso]Done (43.15s)
Estimator batch 1114/2000 (active points 7/22) ...   snr=+8.0dB [pso]  snr=+10.0dB [pso]  snr=+12.0dB [pso]  snr=+14.0dB [pso]  snr=+16.0dB [pso]  snr=+18.0dB [pso]  snr=+20.0dB [pso]Done (38.99s)
Estimator batch 1115/2000 (active points 7/22) ...   snr=+8.0dB [pso]  snr=+10.0dB [pso]  snr=+12.0dB [pso]  snr=+14.0dB [pso]  snr=+16.0dB [pso]  snr=+18.0dB [pso]  snr=+20.0dB [pso]Done (38.76s)
Estimator batch 1116/2000 (active points 7/22) ...   snr=+8.0dB [pso]  snr=+10.0dB [pso]  snr=+12.0dB [pso]  snr=+14.0dB [pso]  snr=+16.0dB [pso]  snr=+18.0dB [pso]  snr=+20.0dB [pso]Done (40.11s)
Estimator batch 1117/2000 (active points 7/22) ...   snr=+8.0dB [pso]  snr=+10.0dB [pso]  snr=+12.0dB [pso]  snr=+14.0dB [pso]  snr=+16.0dB [pso]  snr=+18.0dB [pso]  snr=+20.0dB [pso]Done (42.12s)
Estimator batch 1118/2000 (active points 7/22) ...   snr=+8.0dB [pso]  snr=+10.0dB [pso]  snr=+12.0dB [pso]  snr=+14.0dB [pso]  snr=+16.0dB [pso]  snr=+18.0dB [pso]  snr=+20.0dB [pso]Done (40.31s)
Estimator batch 1119/2000 (active points 7/22) ...   snr=+8.0dB [pso]  snr=+10.0dB [pso]  snr=+12.0dB [pso]  snr=+14.0dB [pso]  snr=+16.0dB [pso]  snr=+18.0dB [pso]  snr=+20.0dB [pso]Done (40.40s)
Estimator batch 1120/2000 (active points 7/22) ...   snr=+8.0dB [pso]  snr=+10.0dB [pso]  snr=+12.0dB [pso]  snr=+14.0dB [pso]  snr=+16.0dB [pso]  snr=+18.0dB [pso]  snr=+20.0dB [pso]Done (40.45s)
Estimator batch 1121/2000 (active points 7/22) ...   snr=+8.0dB [pso]  snr=+10.0dB [pso]  snr=+12.0dB [pso]  snr=+14.0dB [pso]  snr=+16.0dB [pso]  snr=+18.0dB [pso]  snr=+20.0dB [pso]Done (37.46s)
Estimator batch 1122/2000 (active points 7/22) ...   snr=+8.0dB [pso]  snr=+10.0dB [pso]  snr=+12.0dB [pso]  snr=+14.0dB [pso]  snr=+16.0dB [pso]  snr=+18.0dB [pso]  snr=+20.0dB [pso]Done (43.65s)
Estimator batch 1123/2000 (active points 7/22) ...   snr=+8.0dB [pso]  snr=+10.0dB [pso]  snr=+12.0dB [pso]  snr=+14.0dB [pso]  snr=+16.0dB [pso]  snr=+18.0dB [pso]  snr=+20.0dB [pso]Done (43.25s)
Estimator batch 1124/2000 (active points 7/22) ...   snr=+8.0dB [pso]  snr=+10.0dB [pso]  snr=+12.0dB [pso]  snr=+14.0dB [pso]  snr=+16.0dB [pso]  snr=+18.0dB [pso]  snr=+20.0dB [pso]Done (43.90s)
Estimator batch 1125/2000 (active points 7/22) ...   snr=+8.0dB [pso]  snr=+10.0dB [pso]  snr=+12.0dB [pso]  snr=+14.0dB [pso]  snr=+16.0dB [pso]  snr=+18.0dB [pso]  snr=+20.0dB [pso]Done (41.66s)
Estimator batch 1126/2000 (active points 7/22) ...   snr=+8.0dB [pso]  snr=+10.0dB [pso]  snr=+12.0dB [pso]  snr=+14.0dB [pso]  snr=+16.0dB [pso]  snr=+18.0dB [pso]  snr=+20.0dB [pso]Done (43.74s)
Estimator batch 1127/2000 (active points 7/22) ...   snr=+8.0dB [pso]  snr=+10.0dB [pso]  snr=+12.0dB [pso]  snr=+14.0dB [pso]  snr=+16.0dB [pso]  snr=+18.0dB [pso]  snr=+20.0dB [pso]Done (40.20s)
Estimator batch 1128/2000 (active points 7/22) ...   snr=+8.0dB [pso]  snr=+10.0dB [pso]  snr=+12.0dB [pso]  snr=+14.0dB [pso]  snr=+16.0dB [pso]  snr=+18.0dB [pso]  snr=+20.0dB [pso]Done (34.70s)
Estimator batch 1129/2000 (active points 7/22) ...   snr=+8.0dB [pso]  snr=+10.0dB [pso]  snr=+12.0dB [pso]  snr=+14.0dB [pso]  snr=+16.0dB [pso]  snr=+18.0dB [pso]  snr=+20.0dB [pso]Done (44.99s)
Estimator batch 1130/2000 (active points 7/22) ...   snr=+8.0dB [pso]  snr=+10.0dB [pso]  snr=+12.0dB [pso]  snr=+14.0dB [pso]  snr=+16.0dB [pso]  snr=+18.0dB [pso]  snr=+20.0dB [pso]Done (43.43s)
Estimator batch 1131/2000 (active points 7/22) ...   snr=+8.0dB [pso]  snr=+10.0dB [pso]  snr=+12.0dB [pso]  snr=+14.0dB [pso]  snr=+16.0dB [pso]  snr=+18.0dB [pso]  snr=+20.0dB [pso]Done (41.67s)
Estimator batch 1132/2000 (active points 7/22) ...   snr=+8.0dB [pso]  snr=+10.0dB [pso]  snr=+12.0dB [pso]  snr=+14.0dB [pso]  snr=+16.0dB [pso]  snr=+18.0dB [pso]  snr=+20.0dB [pso]Done (44.08s)
Estimator batch 1133/2000 (active points 7/22) ...   snr=+8.0dB [pso]  snr=+10.0dB [pso]  snr=+12.0dB [pso]  snr=+14.0dB [pso]  snr=+16.0dB [pso]  snr=+18.0dB [pso]  snr=+20.0dB [pso]Done (41.98s)
Estimator batch 1134/2000 (active points 7/22) ...   snr=+8.0dB [pso]  snr=+10.0dB [pso]  snr=+12.0dB [pso]  snr=+14.0dB [pso]  snr=+16.0dB [pso]  snr=+18.0dB [pso]  snr=+20.0dB [pso]Done (39.38s)
Estimator batch 1135/2000 (active points 7/22) ...   snr=+8.0dB [pso]  snr=+10.0dB [pso]  snr=+12.0dB [pso]  snr=+14.0dB [pso]  snr=+16.0dB [pso]  snr=+18.0dB [pso]  snr=+20.0dB [pso]Done (39.71s)
Estimator batch 1136/2000 (active points 7/22) ...   snr=+8.0dB [pso]  snr=+10.0dB [pso]  snr=+12.0dB [pso]  snr=+14.0dB [pso]  snr=+16.0dB [pso]  snr=+18.0dB [pso]  snr=+20.0dB [pso]Done (35.47s)
Estimator batch 1137/2000 (active points 7/22) ...   snr=+8.0dB [pso]  snr=+10.0dB [pso]  snr=+12.0dB [pso]  snr=+14.0dB [pso]  snr=+16.0dB [pso]  snr=+18.0dB [pso]  snr=+20.0dB [pso]Done (41.74s)
Estimator batch 1138/2000 (active points 7/22) ...   snr=+8.0dB [pso]  snr=+10.0dB [pso]  snr=+12.0dB [pso]  snr=+14.0dB [pso]  snr=+16.0dB [pso]  snr=+18.0dB [pso]  snr=+20.0dB [pso]Done (41.03s)
Estimator batch 1139/2000 (active points 7/22) ...   snr=+8.0dB [pso]  snr=+10.0dB [pso]  snr=+12.0dB [pso]  snr=+14.0dB [pso]  snr=+16.0dB [pso]  snr=+18.0dB [pso]  snr=+20.0dB [pso]Done (40.78s)
Estimator batch 1140/2000 (active points 7/22) ...   snr=+8.0dB [pso]  snr=+10.0dB [pso]  snr=+12.0dB [pso]  snr=+14.0dB [pso]  snr=+16.0dB [pso]  snr=+18.0dB [pso]  snr=+20.0dB [pso]Done (44.25s)
Estimator batch 1141/2000 (active points 7/22) ...   snr=+8.0dB [pso]  snr=+10.0dB [pso]  snr=+12.0dB [pso]  snr=+14.0dB [pso]  snr=+16.0dB [pso]  snr=+18.0dB [pso]  snr=+20.0dB [pso]Done (40.98s)
Estimator batch 1142/2000 (active points 7/22) ...   snr=+8.0dB [pso]  snr=+10.0dB [pso]  snr=+12.0dB [pso]  snr=+14.0dB [pso]  snr=+16.0dB [pso]  snr=+18.0dB [pso]  snr=+20.0dB [pso]Done (41.68s)
Estimator batch 1143/2000 (active points 7/22) ...   snr=+8.0dB [pso]  snr=+10.0dB [pso]  snr=+12.0dB [pso]  snr=+14.0dB [pso]  snr=+16.0dB [pso]  snr=+18.0dB [pso]  snr=+20.0dB [pso]Done (38.96s)
Estimator batch 1144/2000 (active points 7/22) ...   snr=+8.0dB [pso]  snr=+10.0dB [pso]  snr=+12.0dB [pso]  snr=+14.0dB [pso]  snr=+16.0dB [pso]  snr=+18.0dB [pso]  snr=+20.0dB [pso]Done (44.91s)
Estimator batch 1145/2000 (active points 7/22) ...   snr=+8.0dB [pso]  snr=+10.0dB [pso]  snr=+12.0dB [pso]  snr=+14.0dB [pso]  snr=+16.0dB [pso]  snr=+18.0dB [pso]  snr=+20.0dB [pso]Done (37.02s)
Estimator batch 1146/2000 (active points 7/22) ...   snr=+8.0dB [pso]  snr=+10.0dB [pso]  snr=+12.0dB [pso]  snr=+14.0dB [pso]  snr=+16.0dB [pso]  snr=+18.0dB [pso]  snr=+20.0dB [pso]Done (44.55s)
Estimator batch 1147/2000 (active points 7/22) ...   snr=+8.0dB [pso]  snr=+10.0dB [pso]  snr=+12.0dB [pso]  snr=+14.0dB [pso]  snr=+16.0dB [pso]  snr=+18.0dB [pso]  snr=+20.0dB [pso]Done (41.18s)
Estimator batch 1148/2000 (active points 7/22) ...   snr=+8.0dB [pso]  snr=+10.0dB [pso]  snr=+12.0dB [pso]  snr=+14.0dB [pso]  snr=+16.0dB [pso]  snr=+18.0dB [pso]  snr=+20.0dB [pso]Done (43.98s)
Estimator batch 1149/2000 (active points 7/22) ...   snr=+8.0dB [pso]  snr=+10.0dB [pso]  snr=+12.0dB [pso]  snr=+14.0dB [pso]  snr=+16.0dB [pso]  snr=+18.0dB [pso]  snr=+20.0dB [pso]Done (44.01s)
Estimator batch 1150/2000 (active points 7/22) ...   snr=+8.0dB [pso]  snr=+10.0dB [pso]  snr=+12.0dB [pso]  snr=+14.0dB [pso]  snr=+16.0dB [pso]  snr=+18.0dB [pso]  snr=+20.0dB [pso]Done (42.08s)
Estimator batch 1151/2000 (active points 7/22) ...   snr=+8.0dB [pso]  snr=+10.0dB [pso]  snr=+12.0dB [pso]  snr=+14.0dB [pso]  snr=+16.0dB [pso]  snr=+18.0dB [pso]  snr=+20.0dB [pso]Done (38.75s)
Estimator batch 1152/2000 (active points 7/22) ...   snr=+8.0dB [pso]  snr=+10.0dB [pso]  snr=+12.0dB [pso]  snr=+14.0dB [pso]  snr=+16.0dB [pso]  snr=+18.0dB [pso]  snr=+20.0dB [pso]Done (39.31s)
Estimator batch 1153/2000 (active points 7/22) ...   snr=+8.0dB [pso]  snr=+10.0dB [pso]  snr=+12.0dB [pso]  snr=+14.0dB [pso]  snr=+16.0dB [pso]  snr=+18.0dB [pso]  snr=+20.0dB [pso]Done (45.49s)
Estimator batch 1154/2000 (active points 7/22) ...   snr=+8.0dB [pso]  snr=+10.0dB [pso]  snr=+12.0dB [pso]  snr=+14.0dB [pso]  snr=+16.0dB [pso]  snr=+18.0dB [pso]  snr=+20.0dB [pso]Done (40.24s)
Estimator batch 1155/2000 (active points 7/22) ...   snr=+8.0dB [pso]  snr=+10.0dB [pso]  snr=+12.0dB [pso]  snr=+14.0dB [pso]  snr=+16.0dB [pso]  snr=+18.0dB [pso]  snr=+20.0dB [pso]Done (43.91s)
Estimator batch 1156/2000 (active points 7/22) ...   snr=+8.0dB [pso]  snr=+10.0dB [pso]  snr=+12.0dB [pso]  snr=+14.0dB [pso]  snr=+16.0dB [pso]  snr=+18.0dB [pso]  snr=+20.0dB [pso]Done (38.45s)
Estimator batch 1157/2000 (active points 7/22) ...   snr=+8.0dB [pso]  snr=+10.0dB [pso]  snr=+12.0dB [pso]  snr=+14.0dB [pso]  snr=+16.0dB [pso]  snr=+18.0dB [pso]  snr=+20.0dB [pso]Done (42.63s)
Estimator batch 1158/2000 (active points 7/22) ...   snr=+8.0dB [pso]  snr=+10.0dB [pso]  snr=+12.0dB [pso]  snr=+14.0dB [pso]  snr=+16.0dB [pso]  snr=+18.0dB [pso]  snr=+20.0dB [pso]Done (41.11s)
Estimator batch 1159/2000 (active points 7/22) ...   snr=+8.0dB [pso]  snr=+10.0dB [pso]  snr=+12.0dB [pso]  snr=+14.0dB [pso]  snr=+16.0dB [pso]  snr=+18.0dB [pso]  snr=+20.0dB [pso]Done (40.78s)
Estimator batch 1160/2000 (active points 7/22) ...   snr=+8.0dB [pso]  snr=+10.0dB [pso]  snr=+12.0dB [pso]  snr=+14.0dB [pso]  snr=+16.0dB [pso]  snr=+18.0dB [pso]  snr=+20.0dB [pso]Done (39.81s)
Estimator batch 1161/2000 (active points 7/22) ...   snr=+8.0dB [pso]  snr=+10.0dB [pso]  snr=+12.0dB [pso]  snr=+14.0dB [pso]  snr=+16.0dB [pso]  snr=+18.0dB [pso]  snr=+20.0dB [pso]Done (42.74s)
Estimator batch 1162/2000 (active points 7/22) ...   snr=+8.0dB [pso]  snr=+10.0dB [pso]  snr=+12.0dB [pso]  snr=+14.0dB [pso]  snr=+16.0dB [pso]  snr=+18.0dB [pso]  snr=+20.0dB [pso]Done (39.12s)
Estimator batch 1163/2000 (active points 7/22) ...   snr=+8.0dB [pso]  snr=+10.0dB [pso]  snr=+12.0dB [pso]  snr=+14.0dB [pso]  snr=+16.0dB [pso]  snr=+18.0dB [pso]  snr=+20.0dB [pso]Done (39.35s)
Estimator batch 1164/2000 (active points 7/22) ...   snr=+8.0dB [pso]  snr=+10.0dB [pso]  snr=+12.0dB [pso]  snr=+14.0dB [pso]  snr=+16.0dB [pso]  snr=+18.0dB [pso]  snr=+20.0dB [pso]Done (40.27s)
Estimator batch 1165/2000 (active points 7/22) ...   snr=+8.0dB [pso]  snr=+10.0dB [pso]  snr=+12.0dB [pso]  snr=+14.0dB [pso]  snr=+16.0dB [pso]  snr=+18.0dB [pso]  snr=+20.0dB [pso]Done (42.03s)
Estimator batch 1166/2000 (active points 7/22) ...   snr=+8.0dB [pso]  snr=+10.0dB [pso]  snr=+12.0dB [pso]  snr=+14.0dB [pso]  snr=+16.0dB [pso]  snr=+18.0dB [pso]  snr=+20.0dB [pso]Done (42.28s)
Estimator batch 1167/2000 (active points 7/22) ...   snr=+8.0dB [pso]  snr=+10.0dB [pso]  snr=+12.0dB [pso]  snr=+14.0dB [pso]  snr=+16.0dB [pso]  snr=+18.0dB [pso]  snr=+20.0dB [pso]Done (39.69s)
Estimator batch 1168/2000 (active points 7/22) ...   snr=+8.0dB [pso]  snr=+10.0dB [pso]  snr=+12.0dB [pso]  snr=+14.0dB [pso]  snr=+16.0dB [pso]  snr=+18.0dB [pso]  snr=+20.0dB [pso]Done (37.43s)
Estimator batch 1169/2000 (active points 7/22) ...   snr=+8.0dB [pso]  snr=+10.0dB [pso]  snr=+12.0dB [pso]  snr=+14.0dB [pso]  snr=+16.0dB [pso]  snr=+18.0dB [pso]  snr=+20.0dB [pso]Done (40.93s)
Estimator batch 1170/2000 (active points 7/22) ...   snr=+8.0dB [pso]  snr=+10.0dB [pso]  snr=+12.0dB [pso]  snr=+14.0dB [pso]  snr=+16.0dB [pso]  snr=+18.0dB [pso]  snr=+20.0dB [pso]Done (43.46s)
Estimator batch 1171/2000 (active points 7/22) ...   snr=+8.0dB [pso]  snr=+10.0dB [pso]  snr=+12.0dB [pso]  snr=+14.0dB [pso]  snr=+16.0dB [pso]  snr=+18.0dB [pso]  snr=+20.0dB [pso]Done (37.32s)
Estimator batch 1172/2000 (active points 7/22) ...   snr=+8.0dB [pso]  snr=+10.0dB [pso]  snr=+12.0dB [pso]  snr=+14.0dB [pso]  snr=+16.0dB [pso]  snr=+18.0dB [pso]  snr=+20.0dB [pso]Done (39.06s)
Estimator batch 1173/2000 (active points 7/22) ...   snr=+8.0dB [pso]  snr=+10.0dB [pso]  snr=+12.0dB [pso]  snr=+14.0dB [pso]  snr=+16.0dB [pso]  snr=+18.0dB [pso]  snr=+20.0dB [pso]Done (40.30s)
Estimator batch 1174/2000 (active points 7/22) ...   snr=+8.0dB [pso]  snr=+10.0dB [pso]  snr=+12.0dB [pso]  snr=+14.0dB [pso]  snr=+16.0dB [pso]  snr=+18.0dB [pso]  snr=+20.0dB [pso]Done (43.78s)
Estimator batch 1175/2000 (active points 7/22) ...   snr=+8.0dB [pso]  snr=+10.0dB [pso]  snr=+12.0dB [pso]  snr=+14.0dB [pso]  snr=+16.0dB [pso]  snr=+18.0dB [pso]  snr=+20.0dB [pso]Done (44.28s)
Estimator batch 1176/2000 (active points 7/22) ...   snr=+8.0dB [pso]  snr=+10.0dB [pso]  snr=+12.0dB [pso]  snr=+14.0dB [pso]  snr=+16.0dB [pso]  snr=+18.0dB [pso]  snr=+20.0dB [pso]Done (44.93s)
Estimator batch 1177/2000 (active points 7/22) ...   snr=+8.0dB [pso]  snr=+10.0dB [pso]  snr=+12.0dB [pso]  snr=+14.0dB [pso]  snr=+16.0dB [pso]  snr=+18.0dB [pso]  snr=+20.0dB [pso]Done (43.01s)
Estimator batch 1178/2000 (active points 7/22) ...   snr=+8.0dB [pso]  snr=+10.0dB [pso]  snr=+12.0dB [pso]  snr=+14.0dB [pso]  snr=+16.0dB [pso]  snr=+18.0dB [pso]  snr=+20.0dB [pso]Done (40.36s)
Estimator batch 1179/2000 (active points 7/22) ...   snr=+8.0dB [pso]  snr=+10.0dB [pso]  snr=+12.0dB [pso]  snr=+14.0dB [pso]  snr=+16.0dB [pso]  snr=+18.0dB [pso]  snr=+20.0dB [pso]Done (41.65s)
Estimator batch 1180/2000 (active points 7/22) ...   snr=+8.0dB [pso]  snr=+10.0dB [pso]  snr=+12.0dB [pso]  snr=+14.0dB [pso]  snr=+16.0dB [pso]  snr=+18.0dB [pso]  snr=+20.0dB [pso]Done (40.84s)
Estimator batch 1181/2000 (active points 7/22) ...   snr=+8.0dB [pso]  snr=+10.0dB [pso]  snr=+12.0dB [pso]  snr=+14.0dB [pso]  snr=+16.0dB [pso]  snr=+18.0dB [pso]  snr=+20.0dB [pso]Done (43.27s)
Estimator batch 1182/2000 (active points 7/22) ...   snr=+8.0dB [pso]  snr=+10.0dB [pso]  snr=+12.0dB [pso]  snr=+14.0dB [pso]  snr=+16.0dB [pso]  snr=+18.0dB [pso]  snr=+20.0dB [pso]Done (37.79s)
Estimator batch 1183/2000 (active points 7/22) ...   snr=+8.0dB [pso]  snr=+10.0dB [pso]  snr=+12.0dB [pso]  snr=+14.0dB [pso]  snr=+16.0dB [pso]  snr=+18.0dB [pso]  snr=+20.0dB [pso]Done (40.47s)
Estimator batch 1184/2000 (active points 7/22) ...   snr=+8.0dB [pso]  snr=+10.0dB [pso]  snr=+12.0dB [pso]  snr=+14.0dB [pso]  snr=+16.0dB [pso]  snr=+18.0dB [pso]  snr=+20.0dB [pso]Done (41.80s)
Estimator batch 1185/2000 (active points 7/22) ...   snr=+8.0dB [pso]  snr=+10.0dB [pso]  snr=+12.0dB [pso]  snr=+14.0dB [pso]  snr=+16.0dB [pso]  snr=+18.0dB [pso]  snr=+20.0dB [pso]Done (36.17s)
Estimator batch 1186/2000 (active points 7/22) ...   snr=+8.0dB [pso]  snr=+10.0dB [pso]  snr=+12.0dB [pso]  snr=+14.0dB [pso]  snr=+16.0dB [pso]  snr=+18.0dB [pso]  snr=+20.0dB [pso]Done (43.78s)
Estimator batch 1187/2000 (active points 7/22) ...   snr=+8.0dB [pso]  snr=+10.0dB [pso]  snr=+12.0dB [pso]  snr=+14.0dB [pso]  snr=+16.0dB [pso]  snr=+18.0dB [pso]  snr=+20.0dB [pso]Done (42.87s)
Estimator batch 1188/2000 (active points 7/22) ...   snr=+8.0dB [pso]  snr=+10.0dB [pso]  snr=+12.0dB [pso]  snr=+14.0dB [pso]  snr=+16.0dB [pso]  snr=+18.0dB [pso]  snr=+20.0dB [pso]Done (39.67s)
Estimator batch 1189/2000 (active points 7/22) ...   snr=+8.0dB [pso]  snr=+10.0dB [pso]  snr=+12.0dB [pso]  snr=+14.0dB [pso]  snr=+16.0dB [pso]  snr=+18.0dB [pso]  snr=+20.0dB [pso]Done (41.48s)
Estimator batch 1190/2000 (active points 7/22) ...   snr=+8.0dB [pso]  snr=+10.0dB [pso]  snr=+12.0dB [pso]  snr=+14.0dB [pso]  snr=+16.0dB [pso]  snr=+18.0dB [pso]  snr=+20.0dB [pso]Done (42.63s)
Estimator batch 1191/2000 (active points 7/22) ...   snr=+8.0dB [pso]  snr=+10.0dB [pso]  snr=+12.0dB [pso]  snr=+14.0dB [pso]  snr=+16.0dB [pso]  snr=+18.0dB [pso]  snr=+20.0dB [pso]Done (38.28s)
Estimator batch 1192/2000 (active points 7/22) ...   snr=+8.0dB [pso]  snr=+10.0dB [pso]  snr=+12.0dB [pso]  snr=+14.0dB [pso]  snr=+16.0dB [pso]  snr=+18.0dB [pso]  snr=+20.0dB [pso]Done (40.45s)
Estimator batch 1193/2000 (active points 7/22) ...   snr=+8.0dB [pso]  snr=+10.0dB [pso]  snr=+12.0dB [pso]  snr=+14.0dB [pso]  snr=+16.0dB [pso]  snr=+18.0dB [pso]  snr=+20.0dB [pso]Done (39.47s)
Estimator batch 1194/2000 (active points 7/22) ...   snr=+8.0dB [pso]  snr=+10.0dB [pso]  snr=+12.0dB [pso]  snr=+14.0dB [pso]  snr=+16.0dB [pso]  snr=+18.0dB [pso]  snr=+20.0dB [pso]Done (42.61s)
Estimator batch 1195/2000 (active points 7/22) ...   snr=+8.0dB [pso]  snr=+10.0dB [pso]  snr=+12.0dB [pso]  snr=+14.0dB [pso]  snr=+16.0dB [pso]  snr=+18.0dB [pso]  snr=+20.0dB [pso]Done (38.20s)
Estimator batch 1196/2000 (active points 7/22) ...   snr=+8.0dB [pso]  snr=+10.0dB [pso]  snr=+12.0dB [pso]  snr=+14.0dB [pso]  snr=+16.0dB [pso]  snr=+18.0dB [pso]  snr=+20.0dB [pso]Done (39.58s)
Estimator batch 1197/2000 (active points 7/22) ...   snr=+8.0dB [pso]  snr=+10.0dB [pso]  snr=+12.0dB [pso]  snr=+14.0dB [pso]  snr=+16.0dB [pso]  snr=+18.0dB [pso]  snr=+20.0dB [pso]Done (40.05s)
Estimator batch 1198/2000 (active points 7/22) ...   snr=+8.0dB [pso]  snr=+10.0dB [pso]  snr=+12.0dB [pso]  snr=+14.0dB [pso]  snr=+16.0dB [pso]  snr=+18.0dB [pso]  snr=+20.0dB [pso]Done (40.50s)
Estimator batch 1199/2000 (active points 7/22) ...   snr=+8.0dB [pso]  snr=+10.0dB [pso]  snr=+12.0dB [pso]  snr=+14.0dB [pso]  snr=+16.0dB [pso]  snr=+18.0dB [pso]  snr=+20.0dB [pso]Done (41.66s)
Estimator batch 1200/2000 (active points 7/22) ...   snr=+8.0dB [pso]  snr=+10.0dB [pso]  snr=+12.0dB [pso]  snr=+14.0dB [pso]  snr=+16.0dB [pso]  snr=+18.0dB [pso]  snr=+20.0dB [pso]Done (43.21s)
Estimator batch 1201/2000 (active points 7/22) ...   snr=+8.0dB [pso]  snr=+10.0dB [pso]  snr=+12.0dB [pso]  snr=+14.0dB [pso]  snr=+16.0dB [pso]  snr=+18.0dB [pso]  snr=+20.0dB [pso]Done (39.23s)
Estimator batch 1202/2000 (active points 7/22) ...   snr=+8.0dB [pso]  snr=+10.0dB [pso]  snr=+12.0dB [pso]  snr=+14.0dB [pso]  snr=+16.0dB [pso]  snr=+18.0dB [pso]  snr=+20.0dB [pso]Done (41.22s)
Estimator batch 1203/2000 (active points 7/22) ...   snr=+8.0dB [pso]  snr=+10.0dB [pso]  snr=+12.0dB [pso]  snr=+14.0dB [pso]  snr=+16.0dB [pso]  snr=+18.0dB [pso]  snr=+20.0dB [pso]Done (44.54s)
Estimator batch 1204/2000 (active points 7/22) ...   snr=+8.0dB [pso]  snr=+10.0dB [pso]  snr=+12.0dB [pso]  snr=+14.0dB [pso]  snr=+16.0dB [pso]  snr=+18.0dB [pso]  snr=+20.0dB [pso]Done (48.56s)
Estimator batch 1205/2000 (active points 7/22) ...   snr=+8.0dB [pso]  snr=+10.0dB [pso]  snr=+12.0dB [pso]  snr=+14.0dB [pso]  snr=+16.0dB [pso]  snr=+18.0dB [pso]  snr=+20.0dB [pso]Done (46.77s)
Estimator batch 1206/2000 (active points 7/22) ...   snr=+8.0dB [pso]  snr=+10.0dB [pso]  snr=+12.0dB [pso]  snr=+14.0dB [pso]  snr=+16.0dB [pso]  snr=+18.0dB [pso]  snr=+20.0dB [pso]Done (46.32s)
Estimator batch 1207/2000 (active points 7/22) ...   snr=+8.0dB [pso]  snr=+10.0dB [pso]  snr=+12.0dB [pso]  snr=+14.0dB [pso]  snr=+16.0dB [pso]  snr=+18.0dB [pso]  snr=+20.0dB [pso]Done (47.38s)
Estimator batch 1208/2000 (active points 7/22) ...   snr=+8.0dB [pso]  snr=+10.0dB [pso]  snr=+12.0dB [pso]  snr=+14.0dB [pso]  snr=+16.0dB [pso]  snr=+18.0dB [pso]  snr=+20.0dB [pso]Done (45.78s)
Estimator batch 1209/2000 (active points 7/22) ...   snr=+8.0dB [pso]  snr=+10.0dB [pso]  snr=+12.0dB [pso]  snr=+14.0dB [pso]  snr=+16.0dB [pso]  snr=+18.0dB [pso]  snr=+20.0dB [pso]Done (47.15s)
Estimator batch 1210/2000 (active points 7/22) ...   snr=+8.0dB [pso]  snr=+10.0dB [pso]  snr=+12.0dB [pso]  snr=+14.0dB [pso]  snr=+16.0dB [pso]  snr=+18.0dB [pso]  snr=+20.0dB [pso]Done (48.55s)
Estimator batch 1211/2000 (active points 7/22) ...   snr=+8.0dB [pso]  snr=+10.0dB [pso]  snr=+12.0dB [pso]  snr=+14.0dB [pso]  snr=+16.0dB [pso]  snr=+18.0dB [pso]  snr=+20.0dB [pso]Done (49.61s)
Estimator batch 1212/2000 (active points 7/22) ...   snr=+8.0dB [pso]  snr=+10.0dB [pso]  snr=+12.0dB [pso]  snr=+14.0dB [pso]  snr=+16.0dB [pso]  snr=+18.0dB [pso]  snr=+20.0dB [pso]Done (47.37s)
Estimator batch 1213/2000 (active points 7/22) ...   snr=+8.0dB [pso]  snr=+10.0dB [pso]  snr=+12.0dB [pso]  snr=+14.0dB [pso]  snr=+16.0dB [pso]  snr=+18.0dB [pso]  snr=+20.0dB [pso]Done (46.76s)
Estimator batch 1214/2000 (active points 7/22) ...   snr=+8.0dB [pso]  snr=+10.0dB [pso]  snr=+12.0dB [pso]  snr=+14.0dB [pso]  snr=+16.0dB [pso]  snr=+18.0dB [pso]  snr=+20.0dB [pso]Done (48.26s)
Estimator batch 1215/2000 (active points 7/22) ...   snr=+8.0dB [pso]  snr=+10.0dB [pso]  snr=+12.0dB [pso]  snr=+14.0dB [pso]  snr=+16.0dB [pso]  snr=+18.0dB [pso]  snr=+20.0dB [pso]Done (43.91s)
Estimator batch 1216/2000 (active points 7/22) ...   snr=+8.0dB [pso]  snr=+10.0dB [pso]  snr=+12.0dB [pso]  snr=+14.0dB [pso]  snr=+16.0dB [pso]  snr=+18.0dB [pso]  snr=+20.0dB [pso]Done (39.41s)
Estimator batch 1217/2000 (active points 7/22) ...   snr=+8.0dB [pso]  snr=+10.0dB [pso]  snr=+12.0dB [pso]  snr=+14.0dB [pso]  snr=+16.0dB [pso]  snr=+18.0dB [pso]  snr=+20.0dB [pso]Done (48.15s)
Estimator batch 1218/2000 (active points 7/22) ...   snr=+8.0dB [pso]  snr=+10.0dB [pso]  snr=+12.0dB [pso]  snr=+14.0dB [pso]  snr=+16.0dB [pso]  snr=+18.0dB [pso]  snr=+20.0dB [pso]Done (50.44s)
Estimator batch 1219/2000 (active points 7/22) ...   snr=+8.0dB [pso]  snr=+10.0dB [pso]  snr=+12.0dB [pso]  snr=+14.0dB [pso]  snr=+16.0dB [pso]  snr=+18.0dB [pso]  snr=+20.0dB [pso]Done (46.37s)
Estimator batch 1220/2000 (active points 7/22) ...   snr=+8.0dB [pso]  snr=+10.0dB [pso]  snr=+12.0dB [pso]  snr=+14.0dB [pso]  snr=+16.0dB [pso]  snr=+18.0dB [pso]  snr=+20.0dB [pso]Done (44.14s)
Estimator batch 1221/2000 (active points 7/22) ...   snr=+8.0dB [pso]  snr=+10.0dB [pso]  snr=+12.0dB [pso]  snr=+14.0dB [pso]  snr=+16.0dB [pso]  snr=+18.0dB [pso]  snr=+20.0dB [pso]Done (47.55s)
Estimator batch 1222/2000 (active points 7/22) ...   snr=+8.0dB [pso]  snr=+10.0dB [pso]  snr=+12.0dB [pso]  snr=+14.0dB [pso]  snr=+16.0dB [pso]  snr=+18.0dB [pso]  snr=+20.0dB [pso]Done (40.99s)
Estimator batch 1223/2000 (active points 7/22) ...   snr=+8.0dB [pso]  snr=+10.0dB [pso]  snr=+12.0dB [pso]  snr=+14.0dB [pso]  snr=+16.0dB [pso]  snr=+18.0dB [pso]  snr=+20.0dB [pso]Done (38.53s)
Estimator batch 1224/2000 (active points 7/22) ...   snr=+8.0dB [pso]  snr=+10.0dB [pso]  snr=+12.0dB [pso]  snr=+14.0dB [pso]  snr=+16.0dB [pso]  snr=+18.0dB [pso]  snr=+20.0dB [pso]Done (38.35s)
Estimator batch 1225/2000 (active points 7/22) ...   snr=+8.0dB [pso]  snr=+10.0dB [pso]  snr=+12.0dB [pso]  snr=+14.0dB [pso]  snr=+16.0dB [pso]  snr=+18.0dB [pso]  snr=+20.0dB [pso]Done (43.31s)
Estimator batch 1226/2000 (active points 7/22) ...   snr=+8.0dB [pso]  snr=+10.0dB [pso]  snr=+12.0dB [pso]  snr=+14.0dB [pso]  snr=+16.0dB [pso]  snr=+18.0dB [pso]  snr=+20.0dB [pso]Done (42.97s)
Estimator batch 1227/2000 (active points 7/22) ...   snr=+8.0dB [pso]  snr=+10.0dB [pso]  snr=+12.0dB [pso]  snr=+14.0dB [pso]  snr=+16.0dB [pso]  snr=+18.0dB [pso]  snr=+20.0dB [pso]Done (40.49s)
Estimator batch 1228/2000 (active points 7/22) ...   snr=+8.0dB [pso]  snr=+10.0dB [pso]  snr=+12.0dB [pso]  snr=+14.0dB [pso]  snr=+16.0dB [pso]  snr=+18.0dB [pso]  snr=+20.0dB [pso]Done (41.18s)
Estimator batch 1229/2000 (active points 7/22) ...   snr=+8.0dB [pso]  snr=+10.0dB [pso]  snr=+12.0dB [pso]  snr=+14.0dB [pso]  snr=+16.0dB [pso]  snr=+18.0dB [pso]  snr=+20.0dB [pso]Done (42.04s)
Estimator batch 1230/2000 (active points 7/22) ...   snr=+8.0dB [pso]  snr=+10.0dB [pso]  snr=+12.0dB [pso]  snr=+14.0dB [pso]  snr=+16.0dB [pso]  snr=+18.0dB [pso]  snr=+20.0dB [pso]Done (43.47s)
Estimator batch 1231/2000 (active points 7/22) ...   snr=+8.0dB [pso]  snr=+10.0dB [pso]  snr=+12.0dB [pso]  snr=+14.0dB [pso]  snr=+16.0dB [pso]  snr=+18.0dB [pso]  snr=+20.0dB [pso]Done (40.43s)
Estimator batch 1232/2000 (active points 7/22) ...   snr=+8.0dB [pso]  snr=+10.0dB [pso]  snr=+12.0dB [pso]  snr=+14.0dB [pso]  snr=+16.0dB [pso]  snr=+18.0dB [pso]  snr=+20.0dB [pso]Done (37.86s)
Estimator batch 1233/2000 (active points 7/22) ...   snr=+8.0dB [pso]  snr=+10.0dB [pso]  snr=+12.0dB [pso]  snr=+14.0dB [pso]  snr=+16.0dB [pso]  snr=+18.0dB [pso]  snr=+20.0dB [pso]Done (40.58s)
Estimator batch 1234/2000 (active points 7/22) ...   snr=+8.0dB [pso]  snr=+10.0dB [pso]  snr=+12.0dB [pso]  snr=+14.0dB [pso]  snr=+16.0dB [pso]  snr=+18.0dB [pso]  snr=+20.0dB [pso]Done (42.81s)
Estimator batch 1235/2000 (active points 7/22) ...   snr=+8.0dB [pso]  snr=+10.0dB [pso]  snr=+12.0dB [pso]  snr=+14.0dB [pso]  snr=+16.0dB [pso]  snr=+18.0dB [pso]  snr=+20.0dB [pso]Done (42.26s)
Estimator batch 1236/2000 (active points 7/22) ...   snr=+8.0dB [pso]  snr=+10.0dB [pso]  snr=+12.0dB [pso]  snr=+14.0dB [pso]  snr=+16.0dB [pso]  snr=+18.0dB [pso]  snr=+20.0dB [pso]Done (38.59s)
Estimator batch 1237/2000 (active points 7/22) ...   snr=+8.0dB [pso]  snr=+10.0dB [pso]  snr=+12.0dB [pso]  snr=+14.0dB [pso]  snr=+16.0dB [pso]  snr=+18.0dB [pso]  snr=+20.0dB [pso]Done (34.28s)
Estimator batch 1238/2000 (active points 7/22) ...   snr=+8.0dB [pso]  snr=+10.0dB [pso]  snr=+12.0dB [pso]  snr=+14.0dB [pso]  snr=+16.0dB [pso]  snr=+18.0dB [pso]  snr=+20.0dB [pso]Done (40.31s)
Estimator batch 1239/2000 (active points 7/22) ...   snr=+8.0dB [pso]  snr=+10.0dB [pso]  snr=+12.0dB [pso]  snr=+14.0dB [pso]  snr=+16.0dB [pso]  snr=+18.0dB [pso]  snr=+20.0dB [pso]Done (45.73s)
Estimator batch 1240/2000 (active points 7/22) ...   snr=+8.0dB [pso]  snr=+10.0dB [pso]  snr=+12.0dB [pso]  snr=+14.0dB [pso]  snr=+16.0dB [pso]  snr=+18.0dB [pso]  snr=+20.0dB [pso]Done (43.24s)
Estimator batch 1241/2000 (active points 7/22) ...   snr=+8.0dB [pso]  snr=+10.0dB [pso]  snr=+12.0dB [pso]  snr=+14.0dB [pso]  snr=+16.0dB [pso]  snr=+18.0dB [pso]  snr=+20.0dB [pso]Done (43.57s)
Estimator batch 1242/2000 (active points 7/22) ...   snr=+8.0dB [pso]  snr=+10.0dB [pso]  snr=+12.0dB [pso]  snr=+14.0dB [pso]  snr=+16.0dB [pso]  snr=+18.0dB [pso]  snr=+20.0dB [pso]Done (42.62s)
Estimator batch 1243/2000 (active points 7/22) ...   snr=+8.0dB [pso]  snr=+10.0dB [pso]  snr=+12.0dB [pso]  snr=+14.0dB [pso]  snr=+16.0dB [pso]  snr=+18.0dB [pso]  snr=+20.0dB [pso]Done (40.42s)
Estimator batch 1244/2000 (active points 7/22) ...   snr=+8.0dB [pso]  snr=+10.0dB [pso]  snr=+12.0dB [pso]  snr=+14.0dB [pso]  snr=+16.0dB [pso]  snr=+18.0dB [pso]  snr=+20.0dB [pso]Done (38.54s)
Estimator batch 1245/2000 (active points 7/22) ...   snr=+8.0dB [pso]  snr=+10.0dB [pso]  snr=+12.0dB [pso]  snr=+14.0dB [pso]  snr=+16.0dB [pso]  snr=+18.0dB [pso]  snr=+20.0dB [pso]Done (38.60s)
Estimator batch 1246/2000 (active points 7/22) ...   snr=+8.0dB [pso]  snr=+10.0dB [pso]  snr=+12.0dB [pso]  snr=+14.0dB [pso]  snr=+16.0dB [pso]  snr=+18.0dB [pso]  snr=+20.0dB [pso]Done (42.26s)
Estimator batch 1247/2000 (active points 7/22) ...   snr=+8.0dB [pso]  snr=+10.0dB [pso]  snr=+12.0dB [pso]  snr=+14.0dB [pso]  snr=+16.0dB [pso]  snr=+18.0dB [pso]  snr=+20.0dB [pso]Done (41.46s)
Estimator batch 1248/2000 (active points 7/22) ...   snr=+8.0dB [pso]  snr=+10.0dB [pso]  snr=+12.0dB [pso]  snr=+14.0dB [pso]  snr=+16.0dB [pso]  snr=+18.0dB [pso]  snr=+20.0dB [pso]Done (38.15s)
Estimator batch 1249/2000 (active points 7/22) ...   snr=+8.0dB [pso]  snr=+10.0dB [pso]  snr=+12.0dB [pso]  snr=+14.0dB [pso]  snr=+16.0dB [pso]  snr=+18.0dB [pso]  snr=+20.0dB [pso]Done (36.69s)
Estimator batch 1250/2000 (active points 7/22) ...   snr=+8.0dB [pso]  snr=+10.0dB [pso]  snr=+12.0dB [pso]  snr=+14.0dB [pso]  snr=+16.0dB [pso]  snr=+18.0dB [pso]  snr=+20.0dB [pso]Done (43.51s)
Estimator batch 1251/2000 (active points 7/22) ...   snr=+8.0dB [pso]  snr=+10.0dB [pso]  snr=+12.0dB [pso]  snr=+14.0dB [pso]  snr=+16.0dB [pso]  snr=+18.0dB [pso]  snr=+20.0dB [pso]Done (42.85s)
Estimator batch 1252/2000 (active points 7/22) ...   snr=+8.0dB [pso]  snr=+10.0dB [pso]  snr=+12.0dB [pso]  snr=+14.0dB [pso]  snr=+16.0dB [pso]  snr=+18.0dB [pso]  snr=+20.0dB [pso]Done (36.16s)
Estimator batch 1253/2000 (active points 7/22) ...   snr=+8.0dB [pso]  snr=+10.0dB [pso]  snr=+12.0dB [pso]  snr=+14.0dB [pso]  snr=+16.0dB [pso]  snr=+18.0dB [pso]  snr=+20.0dB [pso]Done (38.14s)
Estimator batch 1254/2000 (active points 7/22) ...   snr=+8.0dB [pso]  snr=+10.0dB [pso]  snr=+12.0dB [pso]  snr=+14.0dB [pso]  snr=+16.0dB [pso]  snr=+18.0dB [pso]  snr=+20.0dB [pso]Done (41.51s)
Estimator batch 1255/2000 (active points 7/22) ...   snr=+8.0dB [pso]  snr=+10.0dB [pso]  snr=+12.0dB [pso]  snr=+14.0dB [pso]  snr=+16.0dB [pso]  snr=+18.0dB [pso]  snr=+20.0dB [pso]Done (40.57s)
Estimator batch 1256/2000 (active points 7/22) ...   snr=+8.0dB [pso]  snr=+10.0dB [pso]  snr=+12.0dB [pso]  snr=+14.0dB [pso]  snr=+16.0dB [pso]  snr=+18.0dB [pso]  snr=+20.0dB [pso]Done (40.53s)
Estimator batch 1257/2000 (active points 7/22) ...   snr=+8.0dB [pso]  snr=+10.0dB [pso]  snr=+12.0dB [pso]  snr=+14.0dB [pso]  snr=+16.0dB [pso]  snr=+18.0dB [pso]  snr=+20.0dB [pso]Done (40.67s)
Estimator batch 1258/2000 (active points 7/22) ...   snr=+8.0dB [pso]  snr=+10.0dB [pso]  snr=+12.0dB [pso]  snr=+14.0dB [pso]  snr=+16.0dB [pso]  snr=+18.0dB [pso]  snr=+20.0dB [pso]Done (39.38s)
Estimator batch 1259/2000 (active points 7/22) ...   snr=+8.0dB [pso]  snr=+10.0dB [pso]  snr=+12.0dB [pso]  snr=+14.0dB [pso]  snr=+16.0dB [pso]  snr=+18.0dB [pso]  snr=+20.0dB [pso]Done (41.34s)
Estimator batch 1260/2000 (active points 7/22) ...   snr=+8.0dB [pso]  snr=+10.0dB [pso]  snr=+12.0dB [pso]  snr=+14.0dB [pso]  snr=+16.0dB [pso]  snr=+18.0dB [pso]  snr=+20.0dB [pso]Done (35.11s)
Estimator batch 1261/2000 (active points 7/22) ...   snr=+8.0dB [pso]  snr=+10.0dB [pso]  snr=+12.0dB [pso]  snr=+14.0dB [pso]  snr=+16.0dB [pso]  snr=+18.0dB [pso]  snr=+20.0dB [pso]Done (41.42s)
Estimator batch 1262/2000 (active points 7/22) ...   snr=+8.0dB [pso]  snr=+10.0dB [pso]  snr=+12.0dB [pso]  snr=+14.0dB [pso]  snr=+16.0dB [pso]  snr=+18.0dB [pso]  snr=+20.0dB [pso]Done (40.86s)
Estimator batch 1263/2000 (active points 7/22) ...   snr=+8.0dB [pso]  snr=+10.0dB [pso]  snr=+12.0dB [pso]  snr=+14.0dB [pso]  snr=+16.0dB [pso]  snr=+18.0dB [pso]  snr=+20.0dB [pso]Done (42.45s)
Estimator batch 1264/2000 (active points 7/22) ...   snr=+8.0dB [pso]  snr=+10.0dB [pso]  snr=+12.0dB [pso]  snr=+14.0dB [pso]  snr=+16.0dB [pso]  snr=+18.0dB [pso]  snr=+20.0dB [pso]Done (40.71s)
Estimator batch 1265/2000 (active points 7/22) ...   snr=+8.0dB [pso]  snr=+10.0dB [pso]  snr=+12.0dB [pso]  snr=+14.0dB [pso]  snr=+16.0dB [pso]  snr=+18.0dB [pso]  snr=+20.0dB [pso]Done (39.58s)
Estimator batch 1266/2000 (active points 7/22) ...   snr=+8.0dB [pso]  snr=+10.0dB [pso]  snr=+12.0dB [pso]  snr=+14.0dB [pso]  snr=+16.0dB [pso]  snr=+18.0dB [pso]  snr=+20.0dB [pso]Done (38.74s)
Estimator batch 1267/2000 (active points 7/22) ...   snr=+8.0dB [pso]  snr=+10.0dB [pso]  snr=+12.0dB [pso]  snr=+14.0dB [pso]  snr=+16.0dB [pso]  snr=+18.0dB [pso]  snr=+20.0dB [pso]Done (41.42s)
Estimator batch 1268/2000 (active points 7/22) ...   snr=+8.0dB [pso]  snr=+10.0dB [pso]  snr=+12.0dB [pso]  snr=+14.0dB [pso]  snr=+16.0dB [pso]  snr=+18.0dB [pso]  snr=+20.0dB [pso]Done (40.14s)
Estimator batch 1269/2000 (active points 7/22) ...   snr=+8.0dB [pso]  snr=+10.0dB [pso]  snr=+12.0dB [pso]  snr=+14.0dB [pso]  snr=+16.0dB [pso]  snr=+18.0dB [pso]  snr=+20.0dB [pso]Done (36.79s)
Estimator batch 1270/2000 (active points 7/22) ...   snr=+8.0dB [pso]  snr=+10.0dB [pso]  snr=+12.0dB [pso]  snr=+14.0dB [pso]  snr=+16.0dB [pso]  snr=+18.0dB [pso]  snr=+20.0dB [pso]Done (39.28s)
Estimator batch 1271/2000 (active points 7/22) ...   snr=+8.0dB [pso]  snr=+10.0dB [pso]  snr=+12.0dB [pso]  snr=+14.0dB [pso]  snr=+16.0dB [pso]  snr=+18.0dB [pso]  snr=+20.0dB [pso]Done (43.49s)
Estimator batch 1272/2000 (active points 7/22) ...   snr=+8.0dB [pso]  snr=+10.0dB [pso]  snr=+12.0dB [pso]  snr=+14.0dB [pso]  snr=+16.0dB [pso]  snr=+18.0dB [pso]  snr=+20.0dB [pso]Done (43.05s)
Estimator batch 1273/2000 (active points 7/22) ...   snr=+8.0dB [pso]  snr=+10.0dB [pso]  snr=+12.0dB [pso]  snr=+14.0dB [pso]  snr=+16.0dB [pso]  snr=+18.0dB [pso]  snr=+20.0dB [pso]Done (45.11s)
Estimator batch 1274/2000 (active points 7/22) ...   snr=+8.0dB [pso]  snr=+10.0dB [pso]  snr=+12.0dB [pso]  snr=+14.0dB [pso]  snr=+16.0dB [pso]  snr=+18.0dB [pso]  snr=+20.0dB [pso]Done (43.36s)
Estimator batch 1275/2000 (active points 7/22) ...   snr=+8.0dB [pso]  snr=+10.0dB [pso]  snr=+12.0dB [pso]  snr=+14.0dB [pso]  snr=+16.0dB [pso]  snr=+18.0dB [pso]  snr=+20.0dB [pso]Done (39.52s)
Estimator batch 1276/2000 (active points 7/22) ...   snr=+8.0dB [pso]  snr=+10.0dB [pso]  snr=+12.0dB [pso]  snr=+14.0dB [pso]  snr=+16.0dB [pso]  snr=+18.0dB [pso]  snr=+20.0dB [pso]Done (41.72s)
Estimator batch 1277/2000 (active points 7/22) ...   snr=+8.0dB [pso]  snr=+10.0dB [pso]  snr=+12.0dB [pso]  snr=+14.0dB [pso]  snr=+16.0dB [pso]  snr=+18.0dB [pso]  snr=+20.0dB [pso]Done (40.85s)
Estimator batch 1278/2000 (active points 7/22) ...   snr=+8.0dB [pso]  snr=+10.0dB [pso]  snr=+12.0dB [pso]  snr=+14.0dB [pso]  snr=+16.0dB [pso]  snr=+18.0dB [pso]  snr=+20.0dB [pso]Done (42.23s)
Estimator batch 1279/2000 (active points 7/22) ...   snr=+8.0dB [pso]  snr=+10.0dB [pso]  snr=+12.0dB [pso]  snr=+14.0dB [pso]  snr=+16.0dB [pso]  snr=+18.0dB [pso]  snr=+20.0dB [pso]Done (38.35s)
Estimator batch 1280/2000 (active points 7/22) ...   snr=+8.0dB [pso]  snr=+10.0dB [pso]  snr=+12.0dB [pso]  snr=+14.0dB [pso]  snr=+16.0dB [pso]  snr=+18.0dB [pso]  snr=+20.0dB [pso]Done (40.11s)
Estimator batch 1281/2000 (active points 7/22) ...   snr=+8.0dB [pso]  snr=+10.0dB [pso]  snr=+12.0dB [pso]  snr=+14.0dB [pso]  snr=+16.0dB [pso]  snr=+18.0dB [pso]  snr=+20.0dB [pso]Done (45.71s)
Estimator batch 1282/2000 (active points 7/22) ...   snr=+8.0dB [pso]  snr=+10.0dB [pso]  snr=+12.0dB [pso]  snr=+14.0dB [pso]  snr=+16.0dB [pso]  snr=+18.0dB [pso]  snr=+20.0dB [pso]Done (42.15s)
Estimator batch 1283/2000 (active points 7/22) ...   snr=+8.0dB [pso]  snr=+10.0dB [pso]  snr=+12.0dB [pso]  snr=+14.0dB [pso]  snr=+16.0dB [pso]  snr=+18.0dB [pso]  snr=+20.0dB [pso]Done (38.66s)
Estimator batch 1284/2000 (active points 7/22) ...   snr=+8.0dB [pso]  snr=+10.0dB [pso]  snr=+12.0dB [pso]  snr=+14.0dB [pso]  snr=+16.0dB [pso]  snr=+18.0dB [pso]  snr=+20.0dB [pso]Done (40.59s)
Estimator batch 1285/2000 (active points 7/22) ...   snr=+8.0dB [pso]  snr=+10.0dB [pso]  snr=+12.0dB [pso]  snr=+14.0dB [pso]  snr=+16.0dB [pso]  snr=+18.0dB [pso]  snr=+20.0dB [pso]Done (42.27s)
Estimator batch 1286/2000 (active points 7/22) ...   snr=+8.0dB [pso]  snr=+10.0dB [pso]  snr=+12.0dB [pso]  snr=+14.0dB [pso]  snr=+16.0dB [pso]  snr=+18.0dB [pso]  snr=+20.0dB [pso]Done (41.52s)
Estimator batch 1287/2000 (active points 7/22) ...   snr=+8.0dB [pso]  snr=+10.0dB [pso]  snr=+12.0dB [pso]  snr=+14.0dB [pso]  snr=+16.0dB [pso]  snr=+18.0dB [pso]  snr=+20.0dB [pso]Done (42.72s)
Estimator batch 1288/2000 (active points 7/22) ...   snr=+8.0dB [pso]  snr=+10.0dB [pso]  snr=+12.0dB [pso]  snr=+14.0dB [pso]  snr=+16.0dB [pso]  snr=+18.0dB [pso]  snr=+20.0dB [pso]Done (42.05s)
Estimator batch 1289/2000 (active points 7/22) ...   snr=+8.0dB [pso]  snr=+10.0dB [pso]  snr=+12.0dB [pso]  snr=+14.0dB [pso]  snr=+16.0dB [pso]  snr=+18.0dB [pso]  snr=+20.0dB [pso]Done (40.42s)
Estimator batch 1290/2000 (active points 7/22) ...   snr=+8.0dB [pso]  snr=+10.0dB [pso]  snr=+12.0dB [pso]  snr=+14.0dB [pso]  snr=+16.0dB [pso]  snr=+18.0dB [pso]  snr=+20.0dB [pso]Done (40.78s)
Estimator batch 1291/2000 (active points 7/22) ...   snr=+8.0dB [pso]  snr=+10.0dB [pso]  snr=+12.0dB [pso]  snr=+14.0dB [pso]  snr=+16.0dB [pso]  snr=+18.0dB [pso]  snr=+20.0dB [pso]Done (43.75s)
Estimator batch 1292/2000 (active points 7/22) ...   snr=+8.0dB [pso]  snr=+10.0dB [pso]  snr=+12.0dB [pso]  snr=+14.0dB [pso]  snr=+16.0dB [pso]  snr=+18.0dB [pso]  snr=+20.0dB [pso]Done (40.28s)
Estimator batch 1293/2000 (active points 7/22) ...   snr=+8.0dB [pso]  snr=+10.0dB [pso]  snr=+12.0dB [pso]  snr=+14.0dB [pso]  snr=+16.0dB [pso]  snr=+18.0dB [pso]  snr=+20.0dB [pso]Done (35.27s)
Estimator batch 1294/2000 (active points 7/22) ...   snr=+8.0dB [pso]  snr=+10.0dB [pso]  snr=+12.0dB [pso]  snr=+14.0dB [pso]  snr=+16.0dB [pso]  snr=+18.0dB [pso]  snr=+20.0dB [pso]Done (42.67s)
Estimator batch 1295/2000 (active points 7/22) ...   snr=+8.0dB [pso]  snr=+10.0dB [pso]  snr=+12.0dB [pso]  snr=+14.0dB [pso]  snr=+16.0dB [pso]  snr=+18.0dB [pso]  snr=+20.0dB [pso]Done (41.09s)
Estimator batch 1296/2000 (active points 7/22) ...   snr=+8.0dB [pso]  snr=+10.0dB [pso]  snr=+12.0dB [pso]  snr=+14.0dB [pso]  snr=+16.0dB [pso]  snr=+18.0dB [pso]  snr=+20.0dB [pso]Done (44.19s)
Estimator batch 1297/2000 (active points 7/22) ...   snr=+8.0dB [pso]  snr=+10.0dB [pso]  snr=+12.0dB [pso]  snr=+14.0dB [pso]  snr=+16.0dB [pso]  snr=+18.0dB [pso]  snr=+20.0dB [pso]Done (39.57s)
Estimator batch 1298/2000 (active points 7/22) ...   snr=+8.0dB [pso]  snr=+10.0dB [pso]  snr=+12.0dB [pso]  snr=+14.0dB [pso]  snr=+16.0dB [pso]  snr=+18.0dB [pso]  snr=+20.0dB [pso]Done (41.50s)
Estimator batch 1299/2000 (active points 7/22) ...   snr=+8.0dB [pso]  snr=+10.0dB [pso]  snr=+12.0dB [pso]  snr=+14.0dB [pso]  snr=+16.0dB [pso]  snr=+18.0dB [pso]  snr=+20.0dB [pso]Done (43.54s)
Estimator batch 1300/2000 (active points 7/22) ...   snr=+8.0dB [pso]  snr=+10.0dB [pso]  snr=+12.0dB [pso]  snr=+14.0dB [pso]  snr=+16.0dB [pso]  snr=+18.0dB [pso]  snr=+20.0dB [pso]Done (39.57s)
Estimator batch 1301/2000 (active points 7/22) ...   snr=+8.0dB [pso]  snr=+10.0dB [pso]  snr=+12.0dB [pso]  snr=+14.0dB [pso]  snr=+16.0dB [pso]  snr=+18.0dB [pso]  snr=+20.0dB [pso]Done (45.74s)
Estimator batch 1302/2000 (active points 7/22) ...   snr=+8.0dB [pso]  snr=+10.0dB [pso]  snr=+12.0dB [pso]  snr=+14.0dB [pso]  snr=+16.0dB [pso]  snr=+18.0dB [pso]  snr=+20.0dB [pso]Done (43.30s)
Estimator batch 1303/2000 (active points 7/22) ...   snr=+8.0dB [pso]  snr=+10.0dB [pso]  snr=+12.0dB [pso]  snr=+14.0dB [pso]  snr=+16.0dB [pso]  snr=+18.0dB [pso]  snr=+20.0dB [pso]Done (41.66s)
Estimator batch 1304/2000 (active points 7/22) ...   snr=+8.0dB [pso]  snr=+10.0dB [pso]  snr=+12.0dB [pso]  snr=+14.0dB [pso]  snr=+16.0dB [pso]  snr=+18.0dB [pso]  snr=+20.0dB [pso]Done (44.19s)
Estimator batch 1305/2000 (active points 7/22) ...   snr=+8.0dB [pso]  snr=+10.0dB [pso]  snr=+12.0dB [pso]  snr=+14.0dB [pso]  snr=+16.0dB [pso]  snr=+18.0dB [pso]  snr=+20.0dB [pso]Done (42.27s)
Estimator batch 1306/2000 (active points 7/22) ...   snr=+8.0dB [pso]  snr=+10.0dB [pso]  snr=+12.0dB [pso]  snr=+14.0dB [pso]  snr=+16.0dB [pso]  snr=+18.0dB [pso]  snr=+20.0dB [pso]Done (42.42s)
Estimator batch 1307/2000 (active points 7/22) ...   snr=+8.0dB [pso]  snr=+10.0dB [pso]  snr=+12.0dB [pso]  snr=+14.0dB [pso]  snr=+16.0dB [pso]  snr=+18.0dB [pso]  snr=+20.0dB [pso]Done (43.14s)
Estimator batch 1308/2000 (active points 7/22) ...   snr=+8.0dB [pso]  snr=+10.0dB [pso]  snr=+12.0dB [pso]  snr=+14.0dB [pso]  snr=+16.0dB [pso]  snr=+18.0dB [pso]  snr=+20.0dB [pso]Done (41.43s)
Estimator batch 1309/2000 (active points 7/22) ...   snr=+8.0dB [pso]  snr=+10.0dB [pso]  snr=+12.0dB [pso]  snr=+14.0dB [pso]  snr=+16.0dB [pso]  snr=+18.0dB [pso]  snr=+20.0dB [pso]Done (41.76s)
Estimator batch 1310/2000 (active points 7/22) ...   snr=+8.0dB [pso]  snr=+10.0dB [pso]  snr=+12.0dB [pso]  snr=+14.0dB [pso]  snr=+16.0dB [pso]  snr=+18.0dB [pso]  snr=+20.0dB [pso]Done (39.56s)
Estimator batch 1311/2000 (active points 7/22) ...   snr=+8.0dB [pso]  snr=+10.0dB [pso]  snr=+12.0dB [pso]  snr=+14.0dB [pso]  snr=+16.0dB [pso]  snr=+18.0dB [pso]  snr=+20.0dB [pso]Done (41.77s)
Estimator batch 1312/2000 (active points 7/22) ...   snr=+8.0dB [pso]  snr=+10.0dB [pso]  snr=+12.0dB [pso]  snr=+14.0dB [pso]  snr=+16.0dB [pso]  snr=+18.0dB [pso]  snr=+20.0dB [pso]Done (36.67s)
Estimator batch 1313/2000 (active points 7/22) ...   snr=+8.0dB [pso]  snr=+10.0dB [pso]  snr=+12.0dB [pso]  snr=+14.0dB [pso]  snr=+16.0dB [pso]  snr=+18.0dB [pso]  snr=+20.0dB [pso]Done (37.58s)
Estimator batch 1314/2000 (active points 7/22) ...   snr=+8.0dB [pso]  snr=+10.0dB [pso]  snr=+12.0dB [pso]  snr=+14.0dB [pso]  snr=+16.0dB [pso]  snr=+18.0dB [pso]  snr=+20.0dB [pso]Done (37.44s)
Estimator batch 1315/2000 (active points 7/22) ...   snr=+8.0dB [pso]  snr=+10.0dB [pso]  snr=+12.0dB [pso]  snr=+14.0dB [pso]  snr=+16.0dB [pso]  snr=+18.0dB [pso]  snr=+20.0dB [pso]Done (39.66s)
Estimator batch 1316/2000 (active points 7/22) ...   snr=+8.0dB [pso]  snr=+10.0dB [pso]  snr=+12.0dB [pso]  snr=+14.0dB [pso]  snr=+16.0dB [pso]  snr=+18.0dB [pso]  snr=+20.0dB [pso]Done (37.53s)
Estimator batch 1317/2000 (active points 7/22) ...   snr=+8.0dB [pso]  snr=+10.0dB [pso]  snr=+12.0dB [pso]  snr=+14.0dB [pso]  snr=+16.0dB [pso]  snr=+18.0dB [pso]  snr=+20.0dB [pso]Done (41.67s)
Estimator batch 1318/2000 (active points 7/22) ...   snr=+8.0dB [pso]  snr=+10.0dB [pso]  snr=+12.0dB [pso]  snr=+14.0dB [pso]  snr=+16.0dB [pso]  snr=+18.0dB [pso]  snr=+20.0dB [pso]Done (43.85s)
Estimator batch 1319/2000 (active points 7/22) ...   snr=+8.0dB [pso]  snr=+10.0dB [pso]  snr=+12.0dB [pso]  snr=+14.0dB [pso]  snr=+16.0dB [pso]  snr=+18.0dB [pso]  snr=+20.0dB [pso]Done (41.29s)
Estimator batch 1320/2000 (active points 7/22) ...   snr=+8.0dB [pso]  snr=+10.0dB [pso]  snr=+12.0dB [pso]  snr=+14.0dB [pso]  snr=+16.0dB [pso]  snr=+18.0dB [pso]  snr=+20.0dB [pso]Done (36.53s)
Estimator batch 1321/2000 (active points 7/22) ...   snr=+8.0dB [pso]  snr=+10.0dB [pso]  snr=+12.0dB [pso]  snr=+14.0dB [pso]  snr=+16.0dB [pso]  snr=+18.0dB [pso]  snr=+20.0dB [pso]Done (40.21s)
Estimator batch 1322/2000 (active points 7/22) ...   snr=+8.0dB [pso]  snr=+10.0dB [pso]  snr=+12.0dB [pso]  snr=+14.0dB [pso]  snr=+16.0dB [pso]  snr=+18.0dB [pso]  snr=+20.0dB [pso]Done (41.85s)
Estimator batch 1323/2000 (active points 7/22) ...   snr=+8.0dB [pso]  snr=+10.0dB [pso]  snr=+12.0dB [pso]  snr=+14.0dB [pso]  snr=+16.0dB [pso]  snr=+18.0dB [pso]  snr=+20.0dB [pso]Done (40.84s)
Estimator batch 1324/2000 (active points 7/22) ...   snr=+8.0dB [pso]  snr=+10.0dB [pso]  snr=+12.0dB [pso]  snr=+14.0dB [pso]  snr=+16.0dB [pso]  snr=+18.0dB [pso]  snr=+20.0dB [pso]Done (42.16s)
Estimator batch 1325/2000 (active points 7/22) ...   snr=+8.0dB [pso]  snr=+10.0dB [pso]  snr=+12.0dB [pso]  snr=+14.0dB [pso]  snr=+16.0dB [pso]  snr=+18.0dB [pso]  snr=+20.0dB [pso]Done (40.44s)
Estimator batch 1326/2000 (active points 7/22) ...   snr=+8.0dB [pso]  snr=+10.0dB [pso]  snr=+12.0dB [pso]  snr=+14.0dB [pso]  snr=+16.0dB [pso]  snr=+18.0dB [pso]  snr=+20.0dB [pso]Done (39.83s)
Estimator batch 1327/2000 (active points 7/22) ...   snr=+8.0dB [pso]  snr=+10.0dB [pso]  snr=+12.0dB [pso]  snr=+14.0dB [pso]  snr=+16.0dB [pso]  snr=+18.0dB [pso]  snr=+20.0dB [pso]Done (39.07s)
Estimator batch 1328/2000 (active points 7/22) ...   snr=+8.0dB [pso]  snr=+10.0dB [pso]  snr=+12.0dB [pso]  snr=+14.0dB [pso]  snr=+16.0dB [pso]  snr=+18.0dB [pso]  snr=+20.0dB [pso]Done (36.32s)
Estimator batch 1329/2000 (active points 7/22) ...   snr=+8.0dB [pso]  snr=+10.0dB [pso]  snr=+12.0dB [pso]  snr=+14.0dB [pso]  snr=+16.0dB [pso]  snr=+18.0dB [pso]  snr=+20.0dB [pso]Done (39.09s)
Estimator batch 1330/2000 (active points 7/22) ...   snr=+8.0dB [pso]  snr=+10.0dB [pso]  snr=+12.0dB [pso]  snr=+14.0dB [pso]  snr=+16.0dB [pso]  snr=+18.0dB [pso]  snr=+20.0dB [pso]Done (38.54s)
Estimator batch 1331/2000 (active points 7/22) ...   snr=+8.0dB [pso]  snr=+10.0dB [pso]  snr=+12.0dB [pso]  snr=+14.0dB [pso]  snr=+16.0dB [pso]  snr=+18.0dB [pso]  snr=+20.0dB [pso]Done (40.18s)
Estimator batch 1332/2000 (active points 7/22) ...   snr=+8.0dB [pso]  snr=+10.0dB [pso]  snr=+12.0dB [pso]  snr=+14.0dB [pso]  snr=+16.0dB [pso]  snr=+18.0dB [pso]  snr=+20.0dB [pso]Done (42.29s)
Estimator batch 1333/2000 (active points 7/22) ...   snr=+8.0dB [pso]  snr=+10.0dB [pso]  snr=+12.0dB [pso]  snr=+14.0dB [pso]  snr=+16.0dB [pso]  snr=+18.0dB [pso]  snr=+20.0dB [pso]Done (41.79s)
Estimator batch 1334/2000 (active points 7/22) ...   snr=+8.0dB [pso]  snr=+10.0dB [pso]  snr=+12.0dB [pso]  snr=+14.0dB [pso]  snr=+16.0dB [pso]  snr=+18.0dB [pso]  snr=+20.0dB [pso]Done (43.34s)
Estimator batch 1335/2000 (active points 7/22) ...   snr=+8.0dB [pso]  snr=+10.0dB [pso]  snr=+12.0dB [pso]  snr=+14.0dB [pso]  snr=+16.0dB [pso]  snr=+18.0dB [pso]  snr=+20.0dB [pso]Done (42.59s)
Estimator batch 1336/2000 (active points 7/22) ...   snr=+8.0dB [pso]  snr=+10.0dB [pso]  snr=+12.0dB [pso]  snr=+14.0dB [pso]  snr=+16.0dB [pso]  snr=+18.0dB [pso]  snr=+20.0dB [pso]Done (41.97s)
Estimator batch 1337/2000 (active points 7/22) ...   snr=+8.0dB [pso]  snr=+10.0dB [pso]  snr=+12.0dB [pso]  snr=+14.0dB [pso]  snr=+16.0dB [pso]  snr=+18.0dB [pso]  snr=+20.0dB [pso]Done (42.64s)
Estimator batch 1338/2000 (active points 7/22) ...   snr=+8.0dB [pso]  snr=+10.0dB [pso]  snr=+12.0dB [pso]  snr=+14.0dB [pso]  snr=+16.0dB [pso]  snr=+18.0dB [pso]  snr=+20.0dB [pso]Done (41.21s)
Estimator batch 1339/2000 (active points 7/22) ...   snr=+8.0dB [pso]  snr=+10.0dB [pso]  snr=+12.0dB [pso]  snr=+14.0dB [pso]  snr=+16.0dB [pso]  snr=+18.0dB [pso]  snr=+20.0dB [pso]Done (44.12s)
Estimator batch 1340/2000 (active points 7/22) ...   snr=+8.0dB [pso]  snr=+10.0dB [pso]  snr=+12.0dB [pso]  snr=+14.0dB [pso]  snr=+16.0dB [pso]  snr=+18.0dB [pso]  snr=+20.0dB [pso]Done (39.90s)
Estimator batch 1341/2000 (active points 7/22) ...   snr=+8.0dB [pso]  snr=+10.0dB [pso]  snr=+12.0dB [pso]  snr=+14.0dB [pso]  snr=+16.0dB [pso]  snr=+18.0dB [pso]  snr=+20.0dB [pso]Done (38.00s)
Estimator batch 1342/2000 (active points 7/22) ...   snr=+8.0dB [pso]  snr=+10.0dB [pso]  snr=+12.0dB [pso]  snr=+14.0dB [pso]  snr=+16.0dB [pso]  snr=+18.0dB [pso]  snr=+20.0dB [pso]Done (43.30s)
Estimator batch 1343/2000 (active points 7/22) ...   snr=+8.0dB [pso]  snr=+10.0dB [pso]  snr=+12.0dB [pso]  snr=+14.0dB [pso]  snr=+16.0dB [pso]  snr=+18.0dB [pso]  snr=+20.0dB [pso]Done (43.91s)
Estimator batch 1344/2000 (active points 7/22) ...   snr=+8.0dB [pso]  snr=+10.0dB [pso]  snr=+12.0dB [pso]  snr=+14.0dB [pso]  snr=+16.0dB [pso]  snr=+18.0dB [pso]  snr=+20.0dB [pso]Done (44.46s)
Estimator batch 1345/2000 (active points 7/22) ...   snr=+8.0dB [pso]  snr=+10.0dB [pso]  snr=+12.0dB [pso]  snr=+14.0dB [pso]  snr=+16.0dB [pso]  snr=+18.0dB [pso]  snr=+20.0dB [pso]Done (36.98s)
Estimator batch 1346/2000 (active points 7/22) ...   snr=+8.0dB [pso]  snr=+10.0dB [pso]  snr=+12.0dB [pso]  snr=+14.0dB [pso]  snr=+16.0dB [pso]  snr=+18.0dB [pso]  snr=+20.0dB [pso]Done (36.93s)
Estimator batch 1347/2000 (active points 7/22) ...   snr=+8.0dB [pso]  snr=+10.0dB [pso]  snr=+12.0dB [pso]  snr=+14.0dB [pso]  snr=+16.0dB [pso]  snr=+18.0dB [pso]  snr=+20.0dB [pso]Done (41.12s)
Estimator batch 1348/2000 (active points 7/22) ...   snr=+8.0dB [pso]  snr=+10.0dB [pso]  snr=+12.0dB [pso]  snr=+14.0dB [pso]  snr=+16.0dB [pso]  snr=+18.0dB [pso]  snr=+20.0dB [pso]Done (44.21s)
Estimator batch 1349/2000 (active points 7/22) ...   snr=+8.0dB [pso]  snr=+10.0dB [pso]  snr=+12.0dB [pso]  snr=+14.0dB [pso]  snr=+16.0dB [pso]  snr=+18.0dB [pso]  snr=+20.0dB [pso]Done (41.99s)
Estimator batch 1350/2000 (active points 7/22) ...   snr=+8.0dB [pso]  snr=+10.0dB [pso]  snr=+12.0dB [pso]  snr=+14.0dB [pso]  snr=+16.0dB [pso]  snr=+18.0dB [pso]  snr=+20.0dB [pso]Done (38.50s)
Estimator batch 1351/2000 (active points 7/22) ...   snr=+8.0dB [pso]  snr=+10.0dB [pso]  snr=+12.0dB [pso]  snr=+14.0dB [pso]  snr=+16.0dB [pso]  snr=+18.0dB [pso]  snr=+20.0dB [pso]Done (43.73s)
Estimator batch 1352/2000 (active points 7/22) ...   snr=+8.0dB [pso]  snr=+10.0dB [pso]  snr=+12.0dB [pso]  snr=+14.0dB [pso]  snr=+16.0dB [pso]  snr=+18.0dB [pso]  snr=+20.0dB [pso]Done (42.31s)
Estimator batch 1353/2000 (active points 7/22) ...   snr=+8.0dB [pso]  snr=+10.0dB [pso]  snr=+12.0dB [pso]  snr=+14.0dB [pso]  snr=+16.0dB [pso]  snr=+18.0dB [pso]  snr=+20.0dB [pso]Done (43.32s)
Estimator batch 1354/2000 (active points 7/22) ...   snr=+8.0dB [pso]  snr=+10.0dB [pso]  snr=+12.0dB [pso]  snr=+14.0dB [pso]  snr=+16.0dB [pso]  snr=+18.0dB [pso]  snr=+20.0dB [pso]Done (42.06s)
Estimator batch 1355/2000 (active points 7/22) ...   snr=+8.0dB [pso]  snr=+10.0dB [pso]  snr=+12.0dB [pso]  snr=+14.0dB [pso]  snr=+16.0dB [pso]  snr=+18.0dB [pso]  snr=+20.0dB [pso]Done (43.35s)
Estimator batch 1356/2000 (active points 7/22) ...   snr=+8.0dB [pso]  snr=+10.0dB [pso]  snr=+12.0dB [pso]  snr=+14.0dB [pso]  snr=+16.0dB [pso]  snr=+18.0dB [pso]  snr=+20.0dB [pso]Done (37.13s)
Estimator batch 1357/2000 (active points 7/22) ...   snr=+8.0dB [pso]  snr=+10.0dB [pso]  snr=+12.0dB [pso]  snr=+14.0dB [pso]  snr=+16.0dB [pso]  snr=+18.0dB [pso]  snr=+20.0dB [pso]Done (39.74s)
Estimator batch 1358/2000 (active points 7/22) ...   snr=+8.0dB [pso]  snr=+10.0dB [pso]  snr=+12.0dB [pso]  snr=+14.0dB [pso]  snr=+16.0dB [pso]  snr=+18.0dB [pso]  snr=+20.0dB [pso]Done (40.29s)
Estimator batch 1359/2000 (active points 7/22) ...   snr=+8.0dB [pso]  snr=+10.0dB [pso]  snr=+12.0dB [pso]  snr=+14.0dB [pso]  snr=+16.0dB [pso]  snr=+18.0dB [pso]  snr=+20.0dB [pso]Done (38.45s)
Estimator batch 1360/2000 (active points 7/22) ...   snr=+8.0dB [pso]  snr=+10.0dB [pso]  snr=+12.0dB [pso]  snr=+14.0dB [pso]  snr=+16.0dB [pso]  snr=+18.0dB [pso]  snr=+20.0dB [pso]Done (36.92s)
Estimator batch 1361/2000 (active points 7/22) ...   snr=+8.0dB [pso]  snr=+10.0dB [pso]  snr=+12.0dB [pso]  snr=+14.0dB [pso]  snr=+16.0dB [pso]  snr=+18.0dB [pso]  snr=+20.0dB [pso]Done (41.79s)
Estimator batch 1362/2000 (active points 7/22) ...   snr=+8.0dB [pso]  snr=+10.0dB [pso]  snr=+12.0dB [pso]  snr=+14.0dB [pso]  snr=+16.0dB [pso]  snr=+18.0dB [pso]  snr=+20.0dB [pso]Done (41.36s)
Estimator batch 1363/2000 (active points 7/22) ...   snr=+8.0dB [pso]  snr=+10.0dB [pso]  snr=+12.0dB [pso]  snr=+14.0dB [pso]  snr=+16.0dB [pso]  snr=+18.0dB [pso]  snr=+20.0dB [pso]Done (39.45s)
Estimator batch 1364/2000 (active points 7/22) ...   snr=+8.0dB [pso]  snr=+10.0dB [pso]  snr=+12.0dB [pso]  snr=+14.0dB [pso]  snr=+16.0dB [pso]  snr=+18.0dB [pso]  snr=+20.0dB [pso]Done (42.86s)
Estimator batch 1365/2000 (active points 7/22) ...   snr=+8.0dB [pso]  snr=+10.0dB [pso]  snr=+12.0dB [pso]  snr=+14.0dB [pso]  snr=+16.0dB [pso]  snr=+18.0dB [pso]  snr=+20.0dB [pso]Done (40.10s)
Estimator batch 1366/2000 (active points 7/22) ...   snr=+8.0dB [pso]  snr=+10.0dB [pso]  snr=+12.0dB [pso]  snr=+14.0dB [pso]  snr=+16.0dB [pso]  snr=+18.0dB [pso]  snr=+20.0dB [pso]Done (42.84s)
Estimator batch 1367/2000 (active points 7/22) ...   snr=+8.0dB [pso]  snr=+10.0dB [pso]  snr=+12.0dB [pso]  snr=+14.0dB [pso]  snr=+16.0dB [pso]  snr=+18.0dB [pso]  snr=+20.0dB [pso]Done (39.00s)
Estimator batch 1368/2000 (active points 7/22) ...   snr=+8.0dB [pso]  snr=+10.0dB [pso]  snr=+12.0dB [pso]  snr=+14.0dB [pso]  snr=+16.0dB [pso]  snr=+18.0dB [pso]  snr=+20.0dB [pso]Done (42.95s)
Estimator batch 1369/2000 (active points 7/22) ...   snr=+8.0dB [pso]  snr=+10.0dB [pso]  snr=+12.0dB [pso]  snr=+14.0dB [pso]  snr=+16.0dB [pso]  snr=+18.0dB [pso]  snr=+20.0dB [pso]Done (43.03s)
Estimator batch 1370/2000 (active points 7/22) ...   snr=+8.0dB [pso]  snr=+10.0dB [pso]  snr=+12.0dB [pso]  snr=+14.0dB [pso]  snr=+16.0dB [pso]  snr=+18.0dB [pso]  snr=+20.0dB [pso]Done (43.21s)
Estimator batch 1371/2000 (active points 7/22) ...   snr=+8.0dB [pso]  snr=+10.0dB [pso]  snr=+12.0dB [pso]  snr=+14.0dB [pso]  snr=+16.0dB [pso]  snr=+18.0dB [pso]  snr=+20.0dB [pso]Done (38.21s)
Estimator batch 1372/2000 (active points 7/22) ...   snr=+8.0dB [pso]  snr=+10.0dB [pso]  snr=+12.0dB [pso]  snr=+14.0dB [pso]  snr=+16.0dB [pso]  snr=+18.0dB [pso]  snr=+20.0dB [pso]Done (39.56s)
Estimator batch 1373/2000 (active points 7/22) ...   snr=+8.0dB [pso]  snr=+10.0dB [pso]  snr=+12.0dB [pso]  snr=+14.0dB [pso]  snr=+16.0dB [pso]  snr=+18.0dB [pso]  snr=+20.0dB [pso]Done (40.57s)
Estimator batch 1374/2000 (active points 7/22) ...   snr=+8.0dB [pso]  snr=+10.0dB [pso]  snr=+12.0dB [pso]  snr=+14.0dB [pso]  snr=+16.0dB [pso]  snr=+18.0dB [pso]  snr=+20.0dB [pso]Done (39.09s)
Estimator batch 1375/2000 (active points 7/22) ...   snr=+8.0dB [pso]  snr=+10.0dB [pso]  snr=+12.0dB [pso]  snr=+14.0dB [pso]  snr=+16.0dB [pso]  snr=+18.0dB [pso]  snr=+20.0dB [pso]Done (41.50s)
Estimator batch 1376/2000 (active points 7/22) ...   snr=+8.0dB [pso]  snr=+10.0dB [pso]  snr=+12.0dB [pso]  snr=+14.0dB [pso]  snr=+16.0dB [pso]  snr=+18.0dB [pso]  snr=+20.0dB [pso]Done (44.23s)
Estimator batch 1377/2000 (active points 7/22) ...   snr=+8.0dB [pso]  snr=+10.0dB [pso]  snr=+12.0dB [pso]  snr=+14.0dB [pso]  snr=+16.0dB [pso]  snr=+18.0dB [pso]  snr=+20.0dB [pso]Done (41.33s)
Estimator batch 1378/2000 (active points 7/22) ...   snr=+8.0dB [pso]  snr=+10.0dB [pso]  snr=+12.0dB [pso]  snr=+14.0dB [pso]  snr=+16.0dB [pso]  snr=+18.0dB [pso]  snr=+20.0dB [pso]Done (39.75s)
Estimator batch 1379/2000 (active points 7/22) ...   snr=+8.0dB [pso]  snr=+10.0dB [pso]  snr=+12.0dB [pso]  snr=+14.0dB [pso]  snr=+16.0dB [pso]  snr=+18.0dB [pso]  snr=+20.0dB [pso]Done (41.92s)
Estimator batch 1380/2000 (active points 7/22) ...   snr=+8.0dB [pso]  snr=+10.0dB [pso]  snr=+12.0dB [pso]  snr=+14.0dB [pso]  snr=+16.0dB [pso]  snr=+18.0dB [pso]  snr=+20.0dB [pso]Done (41.68s)
Estimator batch 1381/2000 (active points 7/22) ...   snr=+8.0dB [pso]  snr=+10.0dB [pso]  snr=+12.0dB [pso]  snr=+14.0dB [pso]  snr=+16.0dB [pso]  snr=+18.0dB [pso]  snr=+20.0dB [pso]Done (40.21s)
Estimator batch 1382/2000 (active points 7/22) ...   snr=+8.0dB [pso]  snr=+10.0dB [pso]  snr=+12.0dB [pso]  snr=+14.0dB [pso]  snr=+16.0dB [pso]  snr=+18.0dB [pso]  snr=+20.0dB [pso]Done (35.92s)
Estimator batch 1383/2000 (active points 7/22) ...   snr=+8.0dB [pso]  snr=+10.0dB [pso]  snr=+12.0dB [pso]  snr=+14.0dB [pso]  snr=+16.0dB [pso]  snr=+18.0dB [pso]  snr=+20.0dB [pso]Done (46.67s)
Estimator batch 1384/2000 (active points 7/22) ...   snr=+8.0dB [pso]  snr=+10.0dB [pso]  snr=+12.0dB [pso]  snr=+14.0dB [pso]  snr=+16.0dB [pso]  snr=+18.0dB [pso]  snr=+20.0dB [pso]Done (42.83s)
Estimator batch 1385/2000 (active points 7/22) ...   snr=+8.0dB [pso]  snr=+10.0dB [pso]  snr=+12.0dB [pso]  snr=+14.0dB [pso]  snr=+16.0dB [pso]  snr=+18.0dB [pso]  snr=+20.0dB [pso]Done (42.83s)
Estimator batch 1386/2000 (active points 7/22) ...   snr=+8.0dB [pso]  snr=+10.0dB [pso]  snr=+12.0dB [pso]  snr=+14.0dB [pso]  snr=+16.0dB [pso]  snr=+18.0dB [pso]  snr=+20.0dB [pso]Done (41.74s)
Estimator batch 1387/2000 (active points 7/22) ...   snr=+8.0dB [pso]  snr=+10.0dB [pso]  snr=+12.0dB [pso]  snr=+14.0dB [pso]  snr=+16.0dB [pso]  snr=+18.0dB [pso]  snr=+20.0dB [pso]Done (38.24s)
Estimator batch 1388/2000 (active points 7/22) ...   snr=+8.0dB [pso]  snr=+10.0dB [pso]  snr=+12.0dB [pso]  snr=+14.0dB [pso]  snr=+16.0dB [pso]  snr=+18.0dB [pso]  snr=+20.0dB [pso]Done (44.10s)
Estimator batch 1389/2000 (active points 7/22) ...   snr=+8.0dB [pso]  snr=+10.0dB [pso]  snr=+12.0dB [pso]  snr=+14.0dB [pso]  snr=+16.0dB [pso]  snr=+18.0dB [pso]  snr=+20.0dB [pso]Done (43.49s)
Estimator batch 1390/2000 (active points 7/22) ...   snr=+8.0dB [pso]  snr=+10.0dB [pso]  snr=+12.0dB [pso]  snr=+14.0dB [pso]  snr=+16.0dB [pso]  snr=+18.0dB [pso]  snr=+20.0dB [pso]Done (41.36s)
Estimator batch 1391/2000 (active points 7/22) ...   snr=+8.0dB [pso]  snr=+10.0dB [pso]  snr=+12.0dB [pso]  snr=+14.0dB [pso]  snr=+16.0dB [pso]  snr=+18.0dB [pso]  snr=+20.0dB [pso]Done (43.44s)
Estimator batch 1392/2000 (active points 7/22) ...   snr=+8.0dB [pso]  snr=+10.0dB [pso]  snr=+12.0dB [pso]  snr=+14.0dB [pso]  snr=+16.0dB [pso]  snr=+18.0dB [pso]  snr=+20.0dB [pso]Done (44.26s)
Estimator batch 1393/2000 (active points 7/22) ...   snr=+8.0dB [pso]  snr=+10.0dB [pso]  snr=+12.0dB [pso]  snr=+14.0dB [pso]  snr=+16.0dB [pso]  snr=+18.0dB [pso]  snr=+20.0dB [pso]Done (41.08s)
Estimator batch 1394/2000 (active points 7/22) ...   snr=+8.0dB [pso]  snr=+10.0dB [pso]  snr=+12.0dB [pso]  snr=+14.0dB [pso]  snr=+16.0dB [pso]  snr=+18.0dB [pso]  snr=+20.0dB [pso]Done (43.24s)
Estimator batch 1395/2000 (active points 7/22) ...   snr=+8.0dB [pso]  snr=+10.0dB [pso]  snr=+12.0dB [pso]  snr=+14.0dB [pso]  snr=+16.0dB [pso]  snr=+18.0dB [pso]  snr=+20.0dB [pso]Done (37.44s)
Estimator batch 1396/2000 (active points 7/22) ...   snr=+8.0dB [pso]  snr=+10.0dB [pso]  snr=+12.0dB [pso]  snr=+14.0dB [pso]  snr=+16.0dB [pso]  snr=+18.0dB [pso]  snr=+20.0dB [pso]Done (43.12s)
Estimator batch 1397/2000 (active points 7/22) ...   snr=+8.0dB [pso]  snr=+10.0dB [pso]  snr=+12.0dB [pso]  snr=+14.0dB [pso]  snr=+16.0dB [pso]  snr=+18.0dB [pso]  snr=+20.0dB [pso]Done (38.05s)
Estimator batch 1398/2000 (active points 7/22) ...   snr=+8.0dB [pso]  snr=+10.0dB [pso]  snr=+12.0dB [pso]  snr=+14.0dB [pso]  snr=+16.0dB [pso]  snr=+18.0dB [pso]  snr=+20.0dB [pso]Done (37.85s)
Estimator batch 1399/2000 (active points 7/22) ...   snr=+8.0dB [pso]  snr=+10.0dB [pso]  snr=+12.0dB [pso]  snr=+14.0dB [pso]  snr=+16.0dB [pso]  snr=+18.0dB [pso]  snr=+20.0dB [pso]Done (39.33s)
Estimator batch 1400/2000 (active points 7/22) ...   snr=+8.0dB [pso]  snr=+10.0dB [pso]  snr=+12.0dB [pso]  snr=+14.0dB [pso]  snr=+16.0dB [pso]  snr=+18.0dB [pso]  snr=+20.0dB [pso]Done (39.90s)
Estimator batch 1401/2000 (active points 7/22) ...   snr=+8.0dB [pso]  snr=+10.0dB [pso]  snr=+12.0dB [pso]  snr=+14.0dB [pso]  snr=+16.0dB [pso]  snr=+18.0dB [pso]  snr=+20.0dB [pso]Done (41.78s)
Estimator batch 1402/2000 (active points 7/22) ...   snr=+8.0dB [pso]  snr=+10.0dB [pso]  snr=+12.0dB [pso]  snr=+14.0dB [pso]  snr=+16.0dB [pso]  snr=+18.0dB [pso]  snr=+20.0dB [pso]Done (42.13s)
Estimator batch 1403/2000 (active points 7/22) ...   snr=+8.0dB [pso]  snr=+10.0dB [pso]  snr=+12.0dB [pso]  snr=+14.0dB [pso]  snr=+16.0dB [pso]  snr=+18.0dB [pso]  snr=+20.0dB [pso]Done (42.88s)
Estimator batch 1404/2000 (active points 7/22) ...   snr=+8.0dB [pso]  snr=+10.0dB [pso]  snr=+12.0dB [pso]  snr=+14.0dB [pso]  snr=+16.0dB [pso]  snr=+18.0dB [pso]  snr=+20.0dB [pso]Done (41.91s)
Estimator batch 1405/2000 (active points 7/22) ...   snr=+8.0dB [pso]  snr=+10.0dB [pso]  snr=+12.0dB [pso]  snr=+14.0dB [pso]  snr=+16.0dB [pso]  snr=+18.0dB [pso]  snr=+20.0dB [pso]Done (43.14s)
Estimator batch 1406/2000 (active points 7/22) ...   snr=+8.0dB [pso]  snr=+10.0dB [pso]  snr=+12.0dB [pso]  snr=+14.0dB [pso]  snr=+16.0dB [pso]  snr=+18.0dB [pso]  snr=+20.0dB [pso]Done (43.64s)
Estimator batch 1407/2000 (active points 7/22) ...   snr=+8.0dB [pso]  snr=+10.0dB [pso]  snr=+12.0dB [pso]  snr=+14.0dB [pso]  snr=+16.0dB [pso]  snr=+18.0dB [pso]  snr=+20.0dB [pso]Done (43.59s)
Estimator batch 1408/2000 (active points 7/22) ...   snr=+8.0dB [pso]  snr=+10.0dB [pso]  snr=+12.0dB [pso]  snr=+14.0dB [pso]  snr=+16.0dB [pso]  snr=+18.0dB [pso]  snr=+20.0dB [pso]Done (40.27s)
Estimator batch 1409/2000 (active points 7/22) ...   snr=+8.0dB [pso]  snr=+10.0dB [pso]  snr=+12.0dB [pso]  snr=+14.0dB [pso]  snr=+16.0dB [pso]  snr=+18.0dB [pso]  snr=+20.0dB [pso]Done (42.35s)
Estimator batch 1410/2000 (active points 7/22) ...   snr=+8.0dB [pso]  snr=+10.0dB [pso]  snr=+12.0dB [pso]  snr=+14.0dB [pso]  snr=+16.0dB [pso]  snr=+18.0dB [pso]  snr=+20.0dB [pso]Done (38.19s)
Estimator batch 1411/2000 (active points 7/22) ...   snr=+8.0dB [pso]  snr=+10.0dB [pso]  snr=+12.0dB [pso]  snr=+14.0dB [pso]  snr=+16.0dB [pso]  snr=+18.0dB [pso]  snr=+20.0dB [pso]Done (40.19s)
Estimator batch 1412/2000 (active points 7/22) ...   snr=+8.0dB [pso]  snr=+10.0dB [pso]  snr=+12.0dB [pso]  snr=+14.0dB [pso]  snr=+16.0dB [pso]  snr=+18.0dB [pso]  snr=+20.0dB [pso]Done (41.61s)
Estimator batch 1413/2000 (active points 7/22) ...   snr=+8.0dB [pso]  snr=+10.0dB [pso]  snr=+12.0dB [pso]  snr=+14.0dB [pso]  snr=+16.0dB [pso]  snr=+18.0dB [pso]  snr=+20.0dB [pso]Done (40.85s)
Estimator batch 1414/2000 (active points 7/22) ...   snr=+8.0dB [pso]  snr=+10.0dB [pso]  snr=+12.0dB [pso]  snr=+14.0dB [pso]  snr=+16.0dB [pso]  snr=+18.0dB [pso]  snr=+20.0dB [pso]Done (42.72s)
Estimator batch 1415/2000 (active points 7/22) ...   snr=+8.0dB [pso]  snr=+10.0dB [pso]  snr=+12.0dB [pso]  snr=+14.0dB [pso]  snr=+16.0dB [pso]  snr=+18.0dB [pso]  snr=+20.0dB [pso]Done (41.81s)
Estimator batch 1416/2000 (active points 7/22) ...   snr=+8.0dB [pso]  snr=+10.0dB [pso]  snr=+12.0dB [pso]  snr=+14.0dB [pso]  snr=+16.0dB [pso]  snr=+18.0dB [pso]  snr=+20.0dB [pso]Done (41.93s)
Estimator batch 1417/2000 (active points 7/22) ...   snr=+8.0dB [pso]  snr=+10.0dB [pso]  snr=+12.0dB [pso]  snr=+14.0dB [pso]  snr=+16.0dB [pso]  snr=+18.0dB [pso]  snr=+20.0dB [pso]Done (40.68s)
Estimator batch 1418/2000 (active points 7/22) ...   snr=+8.0dB [pso]  snr=+10.0dB [pso]  snr=+12.0dB [pso]  snr=+14.0dB [pso]  snr=+16.0dB [pso]  snr=+18.0dB [pso]  snr=+20.0dB [pso]Done (40.89s)
Estimator batch 1419/2000 (active points 7/22) ...   snr=+8.0dB [pso]  snr=+10.0dB [pso]  snr=+12.0dB [pso]  snr=+14.0dB [pso]  snr=+16.0dB [pso]  snr=+18.0dB [pso]  snr=+20.0dB [pso]Done (42.81s)
Estimator batch 1420/2000 (active points 7/22) ...   snr=+8.0dB [pso]  snr=+10.0dB [pso]  snr=+12.0dB [pso]  snr=+14.0dB [pso]  snr=+16.0dB [pso]  snr=+18.0dB [pso]  snr=+20.0dB [pso]Done (41.46s)
Estimator batch 1421/2000 (active points 7/22) ...   snr=+8.0dB [pso]  snr=+10.0dB [pso]  snr=+12.0dB [pso]  snr=+14.0dB [pso]  snr=+16.0dB [pso]  snr=+18.0dB [pso]  snr=+20.0dB [pso]Done (35.78s)
Estimator batch 1422/2000 (active points 7/22) ...   snr=+8.0dB [pso]  snr=+10.0dB [pso]  snr=+12.0dB [pso]  snr=+14.0dB [pso]  snr=+16.0dB [pso]  snr=+18.0dB [pso]  snr=+20.0dB [pso]Done (38.77s)
Estimator batch 1423/2000 (active points 7/22) ...   snr=+8.0dB [pso]  snr=+10.0dB [pso]  snr=+12.0dB [pso]  snr=+14.0dB [pso]  snr=+16.0dB [pso]  snr=+18.0dB [pso]  snr=+20.0dB [pso]Done (40.09s)
Estimator batch 1424/2000 (active points 7/22) ...   snr=+8.0dB [pso]  snr=+10.0dB [pso]  snr=+12.0dB [pso]  snr=+14.0dB [pso]  snr=+16.0dB [pso]  snr=+18.0dB [pso]  snr=+20.0dB [pso]Done (37.67s)
Estimator batch 1425/2000 (active points 7/22) ...   snr=+8.0dB [pso]  snr=+10.0dB [pso]  snr=+12.0dB [pso]  snr=+14.0dB [pso]  snr=+16.0dB [pso]  snr=+18.0dB [pso]  snr=+20.0dB [pso]Done (41.94s)
Estimator batch 1426/2000 (active points 7/22) ...   snr=+8.0dB [pso]  snr=+10.0dB [pso]  snr=+12.0dB [pso]  snr=+14.0dB [pso]  snr=+16.0dB [pso]  snr=+18.0dB [pso]  snr=+20.0dB [pso]Done (41.13s)
Estimator batch 1427/2000 (active points 7/22) ...   snr=+8.0dB [pso]  snr=+10.0dB [pso]  snr=+12.0dB [pso]  snr=+14.0dB [pso]  snr=+16.0dB [pso]  snr=+18.0dB [pso]  snr=+20.0dB [pso]Done (42.78s)
Estimator batch 1428/2000 (active points 7/22) ...   snr=+8.0dB [pso]  snr=+10.0dB [pso]  snr=+12.0dB [pso]  snr=+14.0dB [pso]  snr=+16.0dB [pso]  snr=+18.0dB [pso]  snr=+20.0dB [pso]Done (42.07s)
Estimator batch 1429/2000 (active points 7/22) ...   snr=+8.0dB [pso]  snr=+10.0dB [pso]  snr=+12.0dB [pso]  snr=+14.0dB [pso]  snr=+16.0dB [pso]  snr=+18.0dB [pso]  snr=+20.0dB [pso]Done (44.19s)
Estimator batch 1430/2000 (active points 7/22) ...   snr=+8.0dB [pso]  snr=+10.0dB [pso]  snr=+12.0dB [pso]  snr=+14.0dB [pso]  snr=+16.0dB [pso]  snr=+18.0dB [pso]  snr=+20.0dB [pso]Done (37.69s)
Estimator batch 1431/2000 (active points 7/22) ...   snr=+8.0dB [pso]  snr=+10.0dB [pso]  snr=+12.0dB [pso]  snr=+14.0dB [pso]  snr=+16.0dB [pso]  snr=+18.0dB [pso]  snr=+20.0dB [pso]Done (39.35s)
Estimator batch 1432/2000 (active points 7/22) ...   snr=+8.0dB [pso]  snr=+10.0dB [pso]  snr=+12.0dB [pso]  snr=+14.0dB [pso]  snr=+16.0dB [pso]  snr=+18.0dB [pso]  snr=+20.0dB [pso]Done (42.12s)
Estimator batch 1433/2000 (active points 7/22) ...   snr=+8.0dB [pso]  snr=+10.0dB [pso]  snr=+12.0dB [pso]  snr=+14.0dB [pso]  snr=+16.0dB [pso]  snr=+18.0dB [pso]  snr=+20.0dB [pso]Done (43.65s)
Estimator batch 1434/2000 (active points 7/22) ...   snr=+8.0dB [pso]  snr=+10.0dB [pso]  snr=+12.0dB [pso]  snr=+14.0dB [pso]  snr=+16.0dB [pso]  snr=+18.0dB [pso]  snr=+20.0dB [pso]Done (38.95s)
Estimator batch 1435/2000 (active points 7/22) ...   snr=+8.0dB [pso]  snr=+10.0dB [pso]  snr=+12.0dB [pso]  snr=+14.0dB [pso]  snr=+16.0dB [pso]  snr=+18.0dB [pso]  snr=+20.0dB [pso]Done (39.55s)
Estimator batch 1436/2000 (active points 7/22) ...   snr=+8.0dB [pso]  snr=+10.0dB [pso]  snr=+12.0dB [pso]  snr=+14.0dB [pso]  snr=+16.0dB [pso]  snr=+18.0dB [pso]  snr=+20.0dB [pso]Done (37.48s)
Estimator batch 1437/2000 (active points 7/22) ...   snr=+8.0dB [pso]  snr=+10.0dB [pso]  snr=+12.0dB [pso]  snr=+14.0dB [pso]  snr=+16.0dB [pso]  snr=+18.0dB [pso]  snr=+20.0dB [pso]Done (43.77s)
Estimator batch 1438/2000 (active points 7/22) ...   snr=+8.0dB [pso]  snr=+10.0dB [pso]  snr=+12.0dB [pso]  snr=+14.0dB [pso]  snr=+16.0dB [pso]  snr=+18.0dB [pso]  snr=+20.0dB [pso]Done (38.47s)
Estimator batch 1439/2000 (active points 7/22) ...   snr=+8.0dB [pso]  snr=+10.0dB [pso]  snr=+12.0dB [pso]  snr=+14.0dB [pso]  snr=+16.0dB [pso]  snr=+18.0dB [pso]  snr=+20.0dB [pso]Done (41.54s)
Estimator batch 1440/2000 (active points 7/22) ...   snr=+8.0dB [pso]  snr=+10.0dB [pso]  snr=+12.0dB [pso]  snr=+14.0dB [pso]  snr=+16.0dB [pso]  snr=+18.0dB [pso]  snr=+20.0dB [pso]Done (38.67s)
Estimator batch 1441/2000 (active points 7/22) ...   snr=+8.0dB [pso]  snr=+10.0dB [pso]  snr=+12.0dB [pso]  snr=+14.0dB [pso]  snr=+16.0dB [pso]  snr=+18.0dB [pso]  snr=+20.0dB [pso]Done (39.52s)
Estimator batch 1442/2000 (active points 7/22) ...   snr=+8.0dB [pso]  snr=+10.0dB [pso]  snr=+12.0dB [pso]  snr=+14.0dB [pso]  snr=+16.0dB [pso]  snr=+18.0dB [pso]  snr=+20.0dB [pso]Done (43.87s)
Estimator batch 1443/2000 (active points 7/22) ...   snr=+8.0dB [pso]  snr=+10.0dB [pso]  snr=+12.0dB [pso]  snr=+14.0dB [pso]  snr=+16.0dB [pso]  snr=+18.0dB [pso]  snr=+20.0dB [pso]Done (40.61s)
Estimator batch 1444/2000 (active points 7/22) ...   snr=+8.0dB [pso]  snr=+10.0dB [pso]  snr=+12.0dB [pso]  snr=+14.0dB [pso]  snr=+16.0dB [pso]  snr=+18.0dB [pso]  snr=+20.0dB [pso]Done (39.33s)
Estimator batch 1445/2000 (active points 7/22) ...   snr=+8.0dB [pso]  snr=+10.0dB [pso]  snr=+12.0dB [pso]  snr=+14.0dB [pso]  snr=+16.0dB [pso]  snr=+18.0dB [pso]  snr=+20.0dB [pso]Done (42.91s)
Estimator batch 1446/2000 (active points 7/22) ...   snr=+8.0dB [pso]  snr=+10.0dB [pso]  snr=+12.0dB [pso]  snr=+14.0dB [pso]  snr=+16.0dB [pso]  snr=+18.0dB [pso]  snr=+20.0dB [pso]Done (40.65s)
Estimator batch 1447/2000 (active points 7/22) ...   snr=+8.0dB [pso]  snr=+10.0dB [pso]  snr=+12.0dB [pso]  snr=+14.0dB [pso]  snr=+16.0dB [pso]  snr=+18.0dB [pso]  snr=+20.0dB [pso]Done (41.16s)
Estimator batch 1448/2000 (active points 7/22) ...   snr=+8.0dB [pso]  snr=+10.0dB [pso]  snr=+12.0dB [pso]  snr=+14.0dB [pso]  snr=+16.0dB [pso]  snr=+18.0dB [pso]  snr=+20.0dB [pso]Done (39.59s)
Estimator batch 1449/2000 (active points 7/22) ...   snr=+8.0dB [pso]  snr=+10.0dB [pso]  snr=+12.0dB [pso]  snr=+14.0dB [pso]  snr=+16.0dB [pso]  snr=+18.0dB [pso]  snr=+20.0dB [pso]Done (40.98s)
Estimator batch 1450/2000 (active points 7/22) ...   snr=+8.0dB [pso]  snr=+10.0dB [pso]  snr=+12.0dB [pso]  snr=+14.0dB [pso]  snr=+16.0dB [pso]  snr=+18.0dB [pso]  snr=+20.0dB [pso]Done (41.00s)
Estimator batch 1451/2000 (active points 7/22) ...   snr=+8.0dB [pso]  snr=+10.0dB [pso]  snr=+12.0dB [pso]  snr=+14.0dB [pso]  snr=+16.0dB [pso]  snr=+18.0dB [pso]  snr=+20.0dB [pso]Done (43.92s)
Estimator batch 1452/2000 (active points 7/22) ...   snr=+8.0dB [pso]  snr=+10.0dB [pso]  snr=+12.0dB [pso]  snr=+14.0dB [pso]  snr=+16.0dB [pso]  snr=+18.0dB [pso]  snr=+20.0dB [pso]Done (40.62s)
Estimator batch 1453/2000 (active points 7/22) ...   snr=+8.0dB [pso]  snr=+10.0dB [pso]  snr=+12.0dB [pso]  snr=+14.0dB [pso]  snr=+16.0dB [pso]  snr=+18.0dB [pso]  snr=+20.0dB [pso]Done (41.33s)
Estimator batch 1454/2000 (active points 7/22) ...   snr=+8.0dB [pso]  snr=+10.0dB [pso]  snr=+12.0dB [pso]  snr=+14.0dB [pso]  snr=+16.0dB [pso]  snr=+18.0dB [pso]  snr=+20.0dB [pso]Done (42.73s)
Estimator batch 1455/2000 (active points 7/22) ...   snr=+8.0dB [pso]  snr=+10.0dB [pso]  snr=+12.0dB [pso]  snr=+14.0dB [pso]  snr=+16.0dB [pso]  snr=+18.0dB [pso]  snr=+20.0dB [pso]Done (44.30s)
Estimator batch 1456/2000 (active points 7/22) ...   snr=+8.0dB [pso]  snr=+10.0dB [pso]  snr=+12.0dB [pso]  snr=+14.0dB [pso]  snr=+16.0dB [pso]  snr=+18.0dB [pso]  snr=+20.0dB [pso]Done (35.87s)
Estimator batch 1457/2000 (active points 7/22) ...   snr=+8.0dB [pso]  snr=+10.0dB [pso]  snr=+12.0dB [pso]  snr=+14.0dB [pso]  snr=+16.0dB [pso]  snr=+18.0dB [pso]  snr=+20.0dB [pso]Done (41.15s)
Estimator batch 1458/2000 (active points 7/22) ...   snr=+8.0dB [pso]  snr=+10.0dB [pso]  snr=+12.0dB [pso]  snr=+14.0dB [pso]  snr=+16.0dB [pso]  snr=+18.0dB [pso]  snr=+20.0dB [pso]Done (41.61s)
Estimator batch 1459/2000 (active points 7/22) ...   snr=+8.0dB [pso]  snr=+10.0dB [pso]  snr=+12.0dB [pso]  snr=+14.0dB [pso]  snr=+16.0dB [pso]  snr=+18.0dB [pso]  snr=+20.0dB [pso]Done (46.69s)
Estimator batch 1460/2000 (active points 7/22) ...   snr=+8.0dB [pso]  snr=+10.0dB [pso]  snr=+12.0dB [pso]  snr=+14.0dB [pso]  snr=+16.0dB [pso]  snr=+18.0dB [pso]  snr=+20.0dB [pso]Done (43.09s)
Estimator batch 1461/2000 (active points 7/22) ...   snr=+8.0dB [pso]  snr=+10.0dB [pso]  snr=+12.0dB [pso]  snr=+14.0dB [pso]  snr=+16.0dB [pso]  snr=+18.0dB [pso]  snr=+20.0dB [pso]Done (41.16s)
Estimator batch 1462/2000 (active points 7/22) ...   snr=+8.0dB [pso]  snr=+10.0dB [pso]  snr=+12.0dB [pso]  snr=+14.0dB [pso]  snr=+16.0dB [pso]  snr=+18.0dB [pso]  snr=+20.0dB [pso]Done (48.34s)
Estimator batch 1463/2000 (active points 7/22) ...   snr=+8.0dB [pso]  snr=+10.0dB [pso]  snr=+12.0dB [pso]  snr=+14.0dB [pso]  snr=+16.0dB [pso]  snr=+18.0dB [pso]  snr=+20.0dB [pso]Done (41.39s)
Estimator batch 1464/2000 (active points 7/22) ...   snr=+8.0dB [pso]  snr=+10.0dB [pso]  snr=+12.0dB [pso]  snr=+14.0dB [pso]  snr=+16.0dB [pso]  snr=+18.0dB [pso]  snr=+20.0dB [pso]Done (39.53s)
Estimator batch 1465/2000 (active points 7/22) ...   snr=+8.0dB [pso]  snr=+10.0dB [pso]  snr=+12.0dB [pso]  snr=+14.0dB [pso]  snr=+16.0dB [pso]  snr=+18.0dB [pso]  snr=+20.0dB [pso]Done (44.65s)
Estimator batch 1466/2000 (active points 7/22) ...   snr=+8.0dB [pso]  snr=+10.0dB [pso]  snr=+12.0dB [pso]  snr=+14.0dB [pso]  snr=+16.0dB [pso]  snr=+18.0dB [pso]  snr=+20.0dB [pso]Done (42.56s)
Estimator batch 1467/2000 (active points 7/22) ...   snr=+8.0dB [pso]  snr=+10.0dB [pso]  snr=+12.0dB [pso]  snr=+14.0dB [pso]  snr=+16.0dB [pso]  snr=+18.0dB [pso]  snr=+20.0dB [pso]Done (47.53s)
Estimator batch 1468/2000 (active points 6/22) ...   snr=+8.0dB [pso]  snr=+10.0dB [pso]  snr=+12.0dB [pso]  snr=+14.0dB [pso]  snr=+16.0dB [pso]  snr=+18.0dB [pso]Done (43.00s)
Estimator batch 1469/2000 (active points 6/22) ...   snr=+8.0dB [pso]  snr=+10.0dB [pso]  snr=+12.0dB [pso]  snr=+14.0dB [pso]  snr=+16.0dB [pso]  snr=+18.0dB [pso]Done (39.73s)
Estimator batch 1470/2000 (active points 6/22) ...   snr=+8.0dB [pso]  snr=+10.0dB [pso]  snr=+12.0dB [pso]  snr=+14.0dB [pso]  snr=+16.0dB [pso]  snr=+18.0dB [pso]Done (38.42s)
Estimator batch 1471/2000 (active points 6/22) ...   snr=+8.0dB [pso]  snr=+10.0dB [pso]  snr=+12.0dB [pso]  snr=+14.0dB [pso]  snr=+16.0dB [pso]  snr=+18.0dB [pso]Done (38.04s)
Estimator batch 1472/2000 (active points 6/22) ...   snr=+8.0dB [pso]  snr=+10.0dB [pso]  snr=+12.0dB [pso]  snr=+14.0dB [pso]  snr=+16.0dB [pso]  snr=+18.0dB [pso]Done (31.84s)
Estimator batch 1473/2000 (active points 6/22) ...   snr=+8.0dB [pso]  snr=+10.0dB [pso]  snr=+12.0dB [pso]  snr=+14.0dB [pso]  snr=+16.0dB [pso]  snr=+18.0dB [pso]Done (42.23s)
Estimator batch 1474/2000 (active points 6/22) ...   snr=+8.0dB [pso]  snr=+10.0dB [pso]  snr=+12.0dB [pso]  snr=+14.0dB [pso]  snr=+16.0dB [pso]  snr=+18.0dB [pso]Done (43.35s)
Estimator batch 1475/2000 (active points 6/22) ...   snr=+8.0dB [pso]  snr=+10.0dB [pso]  snr=+12.0dB [pso]  snr=+14.0dB [pso]  snr=+16.0dB [pso]  snr=+18.0dB [pso]Done (37.56s)
Estimator batch 1476/2000 (active points 6/22) ...   snr=+8.0dB [pso]  snr=+10.0dB [pso]  snr=+12.0dB [pso]  snr=+14.0dB [pso]  snr=+16.0dB [pso]  snr=+18.0dB [pso]Done (41.19s)
Estimator batch 1477/2000 (active points 6/22) ...   snr=+8.0dB [pso]  snr=+10.0dB [pso]  snr=+12.0dB [pso]  snr=+14.0dB [pso]  snr=+16.0dB [pso]  snr=+18.0dB [pso]Done (43.55s)
Estimator batch 1478/2000 (active points 6/22) ...   snr=+8.0dB [pso]  snr=+10.0dB [pso]  snr=+12.0dB [pso]  snr=+14.0dB [pso]  snr=+16.0dB [pso]  snr=+18.0dB [pso]Done (42.93s)
Estimator batch 1479/2000 (active points 6/22) ...   snr=+8.0dB [pso]  snr=+10.0dB [pso]  snr=+12.0dB [pso]  snr=+14.0dB [pso]  snr=+16.0dB [pso]  snr=+18.0dB [pso]Done (41.92s)
Estimator batch 1480/2000 (active points 6/22) ...   snr=+8.0dB [pso]  snr=+10.0dB [pso]  snr=+12.0dB [pso]  snr=+14.0dB [pso]  snr=+16.0dB [pso]  snr=+18.0dB [pso]Done (39.57s)
Estimator batch 1481/2000 (active points 6/22) ...   snr=+8.0dB [pso]  snr=+10.0dB [pso]  snr=+12.0dB [pso]  snr=+14.0dB [pso]  snr=+16.0dB [pso]  snr=+18.0dB [pso]Done (54.97s)
Estimator batch 1482/2000 (active points 6/22) ...   snr=+8.0dB [pso]  snr=+10.0dB [pso]  snr=+12.0dB [pso]  snr=+14.0dB [pso]  snr=+16.0dB [pso]  snr=+18.0dB [pso]Done (45.37s)
Estimator batch 1483/2000 (active points 6/22) ...   snr=+8.0dB [pso]  snr=+10.0dB [pso]  snr=+12.0dB [pso]  snr=+14.0dB [pso]  snr=+16.0dB [pso]  snr=+18.0dB [pso]Done (41.35s)
Estimator batch 1484/2000 (active points 6/22) ...   snr=+8.0dB [pso]  snr=+10.0dB [pso]  snr=+12.0dB [pso]  snr=+14.0dB [pso]  snr=+16.0dB [pso]  snr=+18.0dB [pso]Done (45.49s)
Estimator batch 1485/2000 (active points 6/22) ...   snr=+8.0dB [pso]  snr=+10.0dB [pso]  snr=+12.0dB [pso]  snr=+14.0dB [pso]  snr=+16.0dB [pso]  snr=+18.0dB [pso]Done (45.87s)
Estimator batch 1486/2000 (active points 6/22) ...   snr=+8.0dB [pso]  snr=+10.0dB [pso]  snr=+12.0dB [pso]  snr=+14.0dB [pso]  snr=+16.0dB [pso]  snr=+18.0dB [pso]Done (48.22s)
Estimator batch 1487/2000 (active points 6/22) ...   snr=+8.0dB [pso]  snr=+10.0dB [pso]  snr=+12.0dB [pso]  snr=+14.0dB [pso]  snr=+16.0dB [pso]  snr=+18.0dB [pso]Done (36.39s)
Estimator batch 1488/2000 (active points 6/22) ...   snr=+8.0dB [pso]  snr=+10.0dB [pso]  snr=+12.0dB [pso]  snr=+14.0dB [pso]  snr=+16.0dB [pso]  snr=+18.0dB [pso]Done (41.43s)
Estimator batch 1489/2000 (active points 6/22) ...   snr=+8.0dB [pso]  snr=+10.0dB [pso]  snr=+12.0dB [pso]  snr=+14.0dB [pso]  snr=+16.0dB [pso]  snr=+18.0dB [pso]Done (43.56s)
Estimator batch 1490/2000 (active points 6/22) ...   snr=+8.0dB [pso]  snr=+10.0dB [pso]  snr=+12.0dB [pso]  snr=+14.0dB [pso]  snr=+16.0dB [pso]  snr=+18.0dB [pso]Done (43.97s)
Estimator batch 1491/2000 (active points 6/22) ...   snr=+8.0dB [pso]  snr=+10.0dB [pso]  snr=+12.0dB [pso]  snr=+14.0dB [pso]  snr=+16.0dB [pso]  snr=+18.0dB [pso]Done (41.90s)
Estimator batch 1492/2000 (active points 6/22) ...   snr=+8.0dB [pso]  snr=+10.0dB [pso]  snr=+12.0dB [pso]  snr=+14.0dB [pso]  snr=+16.0dB [pso]  snr=+18.0dB [pso]Done (37.63s)
Estimator batch 1493/2000 (active points 6/22) ...   snr=+8.0dB [pso]  snr=+10.0dB [pso]  snr=+12.0dB [pso]  snr=+14.0dB [pso]  snr=+16.0dB [pso]  snr=+18.0dB [pso]Done (43.55s)
Estimator batch 1494/2000 (active points 6/22) ...   snr=+8.0dB [pso]  snr=+10.0dB [pso]  snr=+12.0dB [pso]  snr=+14.0dB [pso]  snr=+16.0dB [pso]  snr=+18.0dB [pso]Done (40.16s)
Estimator batch 1495/2000 (active points 6/22) ...   snr=+8.0dB [pso]  snr=+10.0dB [pso]  snr=+12.0dB [pso]  snr=+14.0dB [pso]  snr=+16.0dB [pso]  snr=+18.0dB [pso]Done (39.20s)
Estimator batch 1496/2000 (active points 6/22) ...   snr=+8.0dB [pso]  snr=+10.0dB [pso]  snr=+12.0dB [pso]  snr=+14.0dB [pso]  snr=+16.0dB [pso]  snr=+18.0dB [pso]Done (41.08s)
Estimator batch 1497/2000 (active points 6/22) ...   snr=+8.0dB [pso]  snr=+10.0dB [pso]  snr=+12.0dB [pso]  snr=+14.0dB [pso]  snr=+16.0dB [pso]  snr=+18.0dB [pso]Done (45.01s)
Estimator batch 1498/2000 (active points 6/22) ...   snr=+8.0dB [pso]  snr=+10.0dB [pso]  snr=+12.0dB [pso]  snr=+14.0dB [pso]  snr=+16.0dB [pso]  snr=+18.0dB [pso]Done (41.59s)
Estimator batch 1499/2000 (active points 6/22) ...   snr=+8.0dB [pso]  snr=+10.0dB [pso]  snr=+12.0dB [pso]  snr=+14.0dB [pso]  snr=+16.0dB [pso]  snr=+18.0dB [pso]Done (40.14s)
Estimator batch 1500/2000 (active points 6/22) ...   snr=+8.0dB [pso]  snr=+10.0dB [pso]  snr=+12.0dB [pso]  snr=+14.0dB [pso]  snr=+16.0dB [pso]  snr=+18.0dB [pso]Done (35.44s)
Estimator batch 1501/2000 (active points 6/22) ...   snr=+8.0dB [pso]  snr=+10.0dB [pso]  snr=+12.0dB [pso]  snr=+14.0dB [pso]  snr=+16.0dB [pso]  snr=+18.0dB [pso]Done (36.92s)
Estimator batch 1502/2000 (active points 6/22) ...   snr=+8.0dB [pso]  snr=+10.0dB [pso]  snr=+12.0dB [pso]  snr=+14.0dB [pso]  snr=+16.0dB [pso]  snr=+18.0dB [pso]Done (40.36s)
Estimator batch 1503/2000 (active points 6/22) ...   snr=+8.0dB [pso]  snr=+10.0dB [pso]  snr=+12.0dB [pso]  snr=+14.0dB [pso]  snr=+16.0dB [pso]  snr=+18.0dB [pso]Done (44.08s)
Estimator batch 1504/2000 (active points 6/22) ...   snr=+8.0dB [pso]  snr=+10.0dB [pso]  snr=+12.0dB [pso]  snr=+14.0dB [pso]  snr=+16.0dB [pso]  snr=+18.0dB [pso]Done (43.75s)
Estimator batch 1505/2000 (active points 6/22) ...   snr=+8.0dB [pso]  snr=+10.0dB [pso]  snr=+12.0dB [pso]  snr=+14.0dB [pso]  snr=+16.0dB [pso]  snr=+18.0dB [pso]Done (45.23s)
Estimator batch 1506/2000 (active points 6/22) ...   snr=+8.0dB [pso]  snr=+10.0dB [pso]  snr=+12.0dB [pso]  snr=+14.0dB [pso]  snr=+16.0dB [pso]  snr=+18.0dB [pso]Done (40.15s)
Estimator batch 1507/2000 (active points 6/22) ...   snr=+8.0dB [pso]  snr=+10.0dB [pso]  snr=+12.0dB [pso]  snr=+14.0dB [pso]  snr=+16.0dB [pso]  snr=+18.0dB [pso]Done (45.90s)
Estimator batch 1508/2000 (active points 6/22) ...   snr=+8.0dB [pso]  snr=+10.0dB [pso]  snr=+12.0dB [pso]  snr=+14.0dB [pso]  snr=+16.0dB [pso]  snr=+18.0dB [pso]Done (40.94s)
Estimator batch 1509/2000 (active points 6/22) ...   snr=+8.0dB [pso]  snr=+10.0dB [pso]  snr=+12.0dB [pso]  snr=+14.0dB [pso]  snr=+16.0dB [pso]  snr=+18.0dB [pso]Done (51.45s)
Estimator batch 1510/2000 (active points 6/22) ...   snr=+8.0dB [pso]  snr=+10.0dB [pso]  snr=+12.0dB [pso]  snr=+14.0dB [pso]  snr=+16.0dB [pso]  snr=+18.0dB [pso]Done (39.69s)
Estimator batch 1511/2000 (active points 6/22) ...   snr=+8.0dB [pso]  snr=+10.0dB [pso]  snr=+12.0dB [pso]  snr=+14.0dB [pso]  snr=+16.0dB [pso]  snr=+18.0dB [pso]Done (39.89s)
Estimator batch 1512/2000 (active points 6/22) ...   snr=+8.0dB [pso]  snr=+10.0dB [pso]  snr=+12.0dB [pso]  snr=+14.0dB [pso]  snr=+16.0dB [pso]  snr=+18.0dB [pso]Done (42.76s)
Estimator batch 1513/2000 (active points 6/22) ...   snr=+8.0dB [pso]  snr=+10.0dB [pso]  snr=+12.0dB [pso]  snr=+14.0dB [pso]  snr=+16.0dB [pso]  snr=+18.0dB [pso]Done (43.37s)
Estimator batch 1514/2000 (active points 6/22) ...   snr=+8.0dB [pso]  snr=+10.0dB [pso]  snr=+12.0dB [pso]  snr=+14.0dB [pso]  snr=+16.0dB [pso]  snr=+18.0dB [pso]Done (48.89s)
Estimator batch 1515/2000 (active points 6/22) ...   snr=+8.0dB [pso]  snr=+10.0dB [pso]  snr=+12.0dB [pso]  snr=+14.0dB [pso]  snr=+16.0dB [pso]  snr=+18.0dB [pso]Done (48.27s)
Estimator batch 1516/2000 (active points 6/22) ...   snr=+8.0dB [pso]  snr=+10.0dB [pso]  snr=+12.0dB [pso]  snr=+14.0dB [pso]  snr=+16.0dB [pso]  snr=+18.0dB [pso]Done (40.89s)
Estimator batch 1517/2000 (active points 6/22) ...   snr=+8.0dB [pso]  snr=+10.0dB [pso]  snr=+12.0dB [pso]  snr=+14.0dB [pso]  snr=+16.0dB [pso]  snr=+18.0dB [pso]Done (38.70s)
Estimator batch 1518/2000 (active points 6/22) ...   snr=+8.0dB [pso]  snr=+10.0dB [pso]  snr=+12.0dB [pso]  snr=+14.0dB [pso]  snr=+16.0dB [pso]  snr=+18.0dB [pso]Done (37.67s)
Estimator batch 1519/2000 (active points 6/22) ...   snr=+8.0dB [pso]  snr=+10.0dB [pso]  snr=+12.0dB [pso]  snr=+14.0dB [pso]  snr=+16.0dB [pso]  snr=+18.0dB [pso]Done (42.32s)
Estimator batch 1520/2000 (active points 6/22) ...   snr=+8.0dB [pso]  snr=+10.0dB [pso]  snr=+12.0dB [pso]  snr=+14.0dB [pso]  snr=+16.0dB [pso]  snr=+18.0dB [pso]Done (40.69s)
Estimator batch 1521/2000 (active points 6/22) ...   snr=+8.0dB [pso]  snr=+10.0dB [pso]  snr=+12.0dB [pso]  snr=+14.0dB [pso]  snr=+16.0dB [pso]  snr=+18.0dB [pso]Done (43.50s)
Estimator batch 1522/2000 (active points 6/22) ...   snr=+8.0dB [pso]  snr=+10.0dB [pso]  snr=+12.0dB [pso]  snr=+14.0dB [pso]  snr=+16.0dB [pso]  snr=+18.0dB [pso]Done (40.67s)
Estimator batch 1523/2000 (active points 6/22) ...   snr=+8.0dB [pso]  snr=+10.0dB [pso]  snr=+12.0dB [pso]  snr=+14.0dB [pso]  snr=+16.0dB [pso]  snr=+18.0dB [pso]Done (38.44s)
Estimator batch 1524/2000 (active points 6/22) ...   snr=+8.0dB [pso]  snr=+10.0dB [pso]  snr=+12.0dB [pso]  snr=+14.0dB [pso]  snr=+16.0dB [pso]  snr=+18.0dB [pso]Done (42.26s)
Estimator batch 1525/2000 (active points 6/22) ...   snr=+8.0dB [pso]  snr=+10.0dB [pso]  snr=+12.0dB [pso]  snr=+14.0dB [pso]  snr=+16.0dB [pso]  snr=+18.0dB [pso]Done (44.16s)
Estimator batch 1526/2000 (active points 6/22) ...   snr=+8.0dB [pso]  snr=+10.0dB [pso]  snr=+12.0dB [pso]  snr=+14.0dB [pso]  snr=+16.0dB [pso]  snr=+18.0dB [pso]Done (40.46s)
Estimator batch 1527/2000 (active points 6/22) ...   snr=+8.0dB [pso]  snr=+10.0dB [pso]  snr=+12.0dB [pso]  snr=+14.0dB [pso]  snr=+16.0dB [pso]  snr=+18.0dB [pso]Done (43.66s)
Estimator batch 1528/2000 (active points 6/22) ...   snr=+8.0dB [pso]  snr=+10.0dB [pso]  snr=+12.0dB [pso]  snr=+14.0dB [pso]  snr=+16.0dB [pso]  snr=+18.0dB [pso]Done (46.88s)
Estimator batch 1529/2000 (active points 6/22) ...   snr=+8.0dB [pso]  snr=+10.0dB [pso]  snr=+12.0dB [pso]  snr=+14.0dB [pso]  snr=+16.0dB [pso]  snr=+18.0dB [pso]Done (40.04s)
Estimator batch 1530/2000 (active points 6/22) ...   snr=+8.0dB [pso]  snr=+10.0dB [pso]  snr=+12.0dB [pso]  snr=+14.0dB [pso]  snr=+16.0dB [pso]  snr=+18.0dB [pso]Done (42.59s)
Estimator batch 1531/2000 (active points 6/22) ...   snr=+8.0dB [pso]  snr=+10.0dB [pso]  snr=+12.0dB [pso]  snr=+14.0dB [pso]  snr=+16.0dB [pso]  snr=+18.0dB [pso]Done (43.15s)
Estimator batch 1532/2000 (active points 6/22) ...   snr=+8.0dB [pso]  snr=+10.0dB [pso]  snr=+12.0dB [pso]  snr=+14.0dB [pso]  snr=+16.0dB [pso]  snr=+18.0dB [pso]Done (39.95s)
Estimator batch 1533/2000 (active points 6/22) ...   snr=+8.0dB [pso]  snr=+10.0dB [pso]  snr=+12.0dB [pso]  snr=+14.0dB [pso]  snr=+16.0dB [pso]  snr=+18.0dB [pso]Done (46.83s)
Estimator batch 1534/2000 (active points 6/22) ...   snr=+8.0dB [pso]  snr=+10.0dB [pso]  snr=+12.0dB [pso]  snr=+14.0dB [pso]  snr=+16.0dB [pso]  snr=+18.0dB [pso]Done (47.63s)
Estimator batch 1535/2000 (active points 6/22) ...   snr=+8.0dB [pso]  snr=+10.0dB [pso]  snr=+12.0dB [pso]  snr=+14.0dB [pso]  snr=+16.0dB [pso]  snr=+18.0dB [pso]Done (39.37s)
Estimator batch 1536/2000 (active points 6/22) ...   snr=+8.0dB [pso]  snr=+10.0dB [pso]  snr=+12.0dB [pso]  snr=+14.0dB [pso]  snr=+16.0dB [pso]  snr=+18.0dB [pso]Done (48.48s)
Estimator batch 1537/2000 (active points 6/22) ...   snr=+8.0dB [pso]  snr=+10.0dB [pso]  snr=+12.0dB [pso]  snr=+14.0dB [pso]  snr=+16.0dB [pso]  snr=+18.0dB [pso]Done (38.82s)
Estimator batch 1538/2000 (active points 6/22) ...   snr=+8.0dB [pso]  snr=+10.0dB [pso]  snr=+12.0dB [pso]  snr=+14.0dB [pso]  snr=+16.0dB [pso]  snr=+18.0dB [pso]Done (39.05s)
Estimator batch 1539/2000 (active points 6/22) ...   snr=+8.0dB [pso]  snr=+10.0dB [pso]  snr=+12.0dB [pso]  snr=+14.0dB [pso]  snr=+16.0dB [pso]  snr=+18.0dB [pso]Done (40.54s)
Estimator batch 1540/2000 (active points 6/22) ...   snr=+8.0dB [pso]  snr=+10.0dB [pso]  snr=+12.0dB [pso]  snr=+14.0dB [pso]  snr=+16.0dB [pso]  snr=+18.0dB [pso]Done (44.28s)
Estimator batch 1541/2000 (active points 6/22) ...   snr=+8.0dB [pso]  snr=+10.0dB [pso]  snr=+12.0dB [pso]  snr=+14.0dB [pso]  snr=+16.0dB [pso]  snr=+18.0dB [pso]Done (38.33s)
Estimator batch 1542/2000 (active points 6/22) ...   snr=+8.0dB [pso]  snr=+10.0dB [pso]  snr=+12.0dB [pso]  snr=+14.0dB [pso]  snr=+16.0dB [pso]  snr=+18.0dB [pso]Done (40.53s)
Estimator batch 1543/2000 (active points 6/22) ...   snr=+8.0dB [pso]  snr=+10.0dB [pso]  snr=+12.0dB [pso]  snr=+14.0dB [pso]  snr=+16.0dB [pso]  snr=+18.0dB [pso]Done (42.22s)
Estimator batch 1544/2000 (active points 6/22) ...   snr=+8.0dB [pso]  snr=+10.0dB [pso]  snr=+12.0dB [pso]  snr=+14.0dB [pso]  snr=+16.0dB [pso]  snr=+18.0dB [pso]Done (39.66s)
Estimator batch 1545/2000 (active points 6/22) ...   snr=+8.0dB [pso]  snr=+10.0dB [pso]  snr=+12.0dB [pso]  snr=+14.0dB [pso]  snr=+16.0dB [pso]  snr=+18.0dB [pso]Done (40.69s)
Estimator batch 1546/2000 (active points 6/22) ...   snr=+8.0dB [pso]  snr=+10.0dB [pso]  snr=+12.0dB [pso]  snr=+14.0dB [pso]  snr=+16.0dB [pso]  snr=+18.0dB [pso]Done (45.35s)
Estimator batch 1547/2000 (active points 6/22) ...   snr=+8.0dB [pso]  snr=+10.0dB [pso]  snr=+12.0dB [pso]  snr=+14.0dB [pso]  snr=+16.0dB [pso]  snr=+18.0dB [pso]Done (37.21s)
Estimator batch 1548/2000 (active points 6/22) ...   snr=+8.0dB [pso]  snr=+10.0dB [pso]  snr=+12.0dB [pso]  snr=+14.0dB [pso]  snr=+16.0dB [pso]  snr=+18.0dB [pso]Done (37.96s)
Estimator batch 1549/2000 (active points 6/22) ...   snr=+8.0dB [pso]  snr=+10.0dB [pso]  snr=+12.0dB [pso]  snr=+14.0dB [pso]  snr=+16.0dB [pso]  snr=+18.0dB [pso]Done (41.18s)
Estimator batch 1550/2000 (active points 6/22) ...   snr=+8.0dB [pso]  snr=+10.0dB [pso]  snr=+12.0dB [pso]  snr=+14.0dB [pso]  snr=+16.0dB [pso]  snr=+18.0dB [pso]Done (39.52s)
Estimator batch 1551/2000 (active points 6/22) ...   snr=+8.0dB [pso]  snr=+10.0dB [pso]  snr=+12.0dB [pso]  snr=+14.0dB [pso]  snr=+16.0dB [pso]  snr=+18.0dB [pso]Done (44.14s)
Estimator batch 1552/2000 (active points 6/22) ...   snr=+8.0dB [pso]  snr=+10.0dB [pso]  snr=+12.0dB [pso]  snr=+14.0dB [pso]  snr=+16.0dB [pso]  snr=+18.0dB [pso]Done (42.74s)
Estimator batch 1553/2000 (active points 6/22) ...   snr=+8.0dB [pso]  snr=+10.0dB [pso]  snr=+12.0dB [pso]  snr=+14.0dB [pso]  snr=+16.0dB [pso]  snr=+18.0dB [pso]Done (43.15s)
Estimator batch 1554/2000 (active points 6/22) ...   snr=+8.0dB [pso]  snr=+10.0dB [pso]  snr=+12.0dB [pso]  snr=+14.0dB [pso]  snr=+16.0dB [pso]  snr=+18.0dB [pso]Done (44.58s)
Estimator batch 1555/2000 (active points 6/22) ...   snr=+8.0dB [pso]  snr=+10.0dB [pso]  snr=+12.0dB [pso]  snr=+14.0dB [pso]  snr=+16.0dB [pso]  snr=+18.0dB [pso]Done (37.68s)
Estimator batch 1556/2000 (active points 6/22) ...   snr=+8.0dB [pso]  snr=+10.0dB [pso]  snr=+12.0dB [pso]  snr=+14.0dB [pso]  snr=+16.0dB [pso]  snr=+18.0dB [pso]Done (41.60s)
Estimator batch 1557/2000 (active points 6/22) ...   snr=+8.0dB [pso]  snr=+10.0dB [pso]  snr=+12.0dB [pso]  snr=+14.0dB [pso]  snr=+16.0dB [pso]  snr=+18.0dB [pso]Done (45.05s)
Estimator batch 1558/2000 (active points 6/22) ...   snr=+8.0dB [pso]  snr=+10.0dB [pso]  snr=+12.0dB [pso]  snr=+14.0dB [pso]  snr=+16.0dB [pso]  snr=+18.0dB [pso]Done (43.10s)
Estimator batch 1559/2000 (active points 6/22) ...   snr=+8.0dB [pso]  snr=+10.0dB [pso]  snr=+12.0dB [pso]  snr=+14.0dB [pso]  snr=+16.0dB [pso]  snr=+18.0dB [pso]Done (42.30s)
Estimator batch 1560/2000 (active points 6/22) ...   snr=+8.0dB [pso]  snr=+10.0dB [pso]  snr=+12.0dB [pso]  snr=+14.0dB [pso]  snr=+16.0dB [pso]  snr=+18.0dB [pso]Done (39.64s)
Estimator batch 1561/2000 (active points 6/22) ...   snr=+8.0dB [pso]  snr=+10.0dB [pso]  snr=+12.0dB [pso]  snr=+14.0dB [pso]  snr=+16.0dB [pso]  snr=+18.0dB [pso]Done (43.70s)
Estimator batch 1562/2000 (active points 6/22) ...   snr=+8.0dB [pso]  snr=+10.0dB [pso]  snr=+12.0dB [pso]  snr=+14.0dB [pso]  snr=+16.0dB [pso]  snr=+18.0dB [pso]Done (46.38s)
Estimator batch 1563/2000 (active points 6/22) ...   snr=+8.0dB [pso]  snr=+10.0dB [pso]  snr=+12.0dB [pso]  snr=+14.0dB [pso]  snr=+16.0dB [pso]  snr=+18.0dB [pso]Done (40.18s)
Estimator batch 1564/2000 (active points 6/22) ...   snr=+8.0dB [pso]  snr=+10.0dB [pso]  snr=+12.0dB [pso]  snr=+14.0dB [pso]  snr=+16.0dB [pso]  snr=+18.0dB [pso]Done (43.05s)
Estimator batch 1565/2000 (active points 6/22) ...   snr=+8.0dB [pso]  snr=+10.0dB [pso]  snr=+12.0dB [pso]  snr=+14.0dB [pso]  snr=+16.0dB [pso]  snr=+18.0dB [pso]Done (42.98s)
Estimator batch 1566/2000 (active points 6/22) ...   snr=+8.0dB [pso]  snr=+10.0dB [pso]  snr=+12.0dB [pso]  snr=+14.0dB [pso]  snr=+16.0dB [pso]  snr=+18.0dB [pso]Done (42.02s)
Estimator batch 1567/2000 (active points 6/22) ...   snr=+8.0dB [pso]  snr=+10.0dB [pso]  snr=+12.0dB [pso]  snr=+14.0dB [pso]  snr=+16.0dB [pso]  snr=+18.0dB [pso]Done (39.25s)
Estimator batch 1568/2000 (active points 6/22) ...   snr=+8.0dB [pso]  snr=+10.0dB [pso]  snr=+12.0dB [pso]  snr=+14.0dB [pso]  snr=+16.0dB [pso]  snr=+18.0dB [pso]Done (32.63s)
Estimator batch 1569/2000 (active points 6/22) ...   snr=+8.0dB [pso]  snr=+10.0dB [pso]  snr=+12.0dB [pso]  snr=+14.0dB [pso]  snr=+16.0dB [pso]  snr=+18.0dB [pso]Done (45.05s)
Estimator batch 1570/2000 (active points 6/22) ...   snr=+8.0dB [pso]  snr=+10.0dB [pso]  snr=+12.0dB [pso]  snr=+14.0dB [pso]  snr=+16.0dB [pso]  snr=+18.0dB [pso]Done (41.31s)
Estimator batch 1571/2000 (active points 6/22) ...   snr=+8.0dB [pso]  snr=+10.0dB [pso]  snr=+12.0dB [pso]  snr=+14.0dB [pso]  snr=+16.0dB [pso]  snr=+18.0dB [pso]Done (38.76s)
Estimator batch 1572/2000 (active points 6/22) ...   snr=+8.0dB [pso]  snr=+10.0dB [pso]  snr=+12.0dB [pso]  snr=+14.0dB [pso]  snr=+16.0dB [pso]  snr=+18.0dB [pso]Done (41.05s)
Estimator batch 1573/2000 (active points 6/22) ...   snr=+8.0dB [pso]  snr=+10.0dB [pso]  snr=+12.0dB [pso]  snr=+14.0dB [pso]  snr=+16.0dB [pso]  snr=+18.0dB [pso]Done (34.87s)
Estimator batch 1574/2000 (active points 6/22) ...   snr=+8.0dB [pso]  snr=+10.0dB [pso]  snr=+12.0dB [pso]  snr=+14.0dB [pso]  snr=+16.0dB [pso]  snr=+18.0dB [pso]Done (48.47s)
Estimator batch 1575/2000 (active points 6/22) ...   snr=+8.0dB [pso]  snr=+10.0dB [pso]  snr=+12.0dB [pso]  snr=+14.0dB [pso]  snr=+16.0dB [pso]  snr=+18.0dB [pso]Done (37.19s)
Estimator batch 1576/2000 (active points 6/22) ...   snr=+8.0dB [pso]  snr=+10.0dB [pso]  snr=+12.0dB [pso]  snr=+14.0dB [pso]  snr=+16.0dB [pso]  snr=+18.0dB [pso]Done (41.48s)
Estimator batch 1577/2000 (active points 6/22) ...   snr=+8.0dB [pso]  snr=+10.0dB [pso]  snr=+12.0dB [pso]  snr=+14.0dB [pso]  snr=+16.0dB [pso]  snr=+18.0dB [pso]Done (40.27s)
Estimator batch 1578/2000 (active points 6/22) ...   snr=+8.0dB [pso]  snr=+10.0dB [pso]  snr=+12.0dB [pso]  snr=+14.0dB [pso]  snr=+16.0dB [pso]  snr=+18.0dB [pso]Done (42.62s)
Estimator batch 1579/2000 (active points 6/22) ...   snr=+8.0dB [pso]  snr=+10.0dB [pso]  snr=+12.0dB [pso]  snr=+14.0dB [pso]  snr=+16.0dB [pso]  snr=+18.0dB [pso]Done (37.93s)
Estimator batch 1580/2000 (active points 6/22) ...   snr=+8.0dB [pso]  snr=+10.0dB [pso]  snr=+12.0dB [pso]  snr=+14.0dB [pso]  snr=+16.0dB [pso]  snr=+18.0dB [pso]Done (44.44s)
Estimator batch 1581/2000 (active points 6/22) ...   snr=+8.0dB [pso]  snr=+10.0dB [pso]  snr=+12.0dB [pso]  snr=+14.0dB [pso]  snr=+16.0dB [pso]  snr=+18.0dB [pso]Done (41.28s)
Estimator batch 1582/2000 (active points 6/22) ...   snr=+8.0dB [pso]  snr=+10.0dB [pso]  snr=+12.0dB [pso]  snr=+14.0dB [pso]  snr=+16.0dB [pso]  snr=+18.0dB [pso]Done (45.00s)
Estimator batch 1583/2000 (active points 6/22) ...   snr=+8.0dB [pso]  snr=+10.0dB [pso]  snr=+12.0dB [pso]  snr=+14.0dB [pso]  snr=+16.0dB [pso]  snr=+18.0dB [pso]Done (40.10s)
Estimator batch 1584/2000 (active points 6/22) ...   snr=+8.0dB [pso]  snr=+10.0dB [pso]  snr=+12.0dB [pso]  snr=+14.0dB [pso]  snr=+16.0dB [pso]  snr=+18.0dB [pso]Done (42.10s)
Estimator batch 1585/2000 (active points 6/22) ...   snr=+8.0dB [pso]  snr=+10.0dB [pso]  snr=+12.0dB [pso]  snr=+14.0dB [pso]  snr=+16.0dB [pso]  snr=+18.0dB [pso]Done (38.50s)
Estimator batch 1586/2000 (active points 6/22) ...   snr=+8.0dB [pso]  snr=+10.0dB [pso]  snr=+12.0dB [pso]  snr=+14.0dB [pso]  snr=+16.0dB [pso]  snr=+18.0dB [pso]Done (42.65s)
Estimator batch 1587/2000 (active points 6/22) ...   snr=+8.0dB [pso]  snr=+10.0dB [pso]  snr=+12.0dB [pso]  snr=+14.0dB [pso]  snr=+16.0dB [pso]  snr=+18.0dB [pso]Done (42.20s)
Estimator batch 1588/2000 (active points 6/22) ...   snr=+8.0dB [pso]  snr=+10.0dB [pso]  snr=+12.0dB [pso]  snr=+14.0dB [pso]  snr=+16.0dB [pso]  snr=+18.0dB [pso]Done (43.89s)
Estimator batch 1589/2000 (active points 6/22) ...   snr=+8.0dB [pso]  snr=+10.0dB [pso]  snr=+12.0dB [pso]  snr=+14.0dB [pso]  snr=+16.0dB [pso]  snr=+18.0dB [pso]Done (40.82s)
Estimator batch 1590/2000 (active points 6/22) ...   snr=+8.0dB [pso]  snr=+10.0dB [pso]  snr=+12.0dB [pso]  snr=+14.0dB [pso]  snr=+16.0dB [pso]  snr=+18.0dB [pso]Done (46.23s)
Estimator batch 1591/2000 (active points 6/22) ...   snr=+8.0dB [pso]  snr=+10.0dB [pso]  snr=+12.0dB [pso]  snr=+14.0dB [pso]  snr=+16.0dB [pso]  snr=+18.0dB [pso]Done (40.93s)
Estimator batch 1592/2000 (active points 6/22) ...   snr=+8.0dB [pso]  snr=+10.0dB [pso]  snr=+12.0dB [pso]  snr=+14.0dB [pso]  snr=+16.0dB [pso]  snr=+18.0dB [pso]Done (41.51s)
Estimator batch 1593/2000 (active points 6/22) ...   snr=+8.0dB [pso]  snr=+10.0dB [pso]  snr=+12.0dB [pso]  snr=+14.0dB [pso]  snr=+16.0dB [pso]  snr=+18.0dB [pso]Done (39.21s)
Estimator batch 1594/2000 (active points 6/22) ...   snr=+8.0dB [pso]  snr=+10.0dB [pso]  snr=+12.0dB [pso]  snr=+14.0dB [pso]  snr=+16.0dB [pso]  snr=+18.0dB [pso]Done (41.89s)
Estimator batch 1595/2000 (active points 6/22) ...   snr=+8.0dB [pso]  snr=+10.0dB [pso]  snr=+12.0dB [pso]  snr=+14.0dB [pso]  snr=+16.0dB [pso]  snr=+18.0dB [pso]Done (38.47s)
Estimator batch 1596/2000 (active points 6/22) ...   snr=+8.0dB [pso]  snr=+10.0dB [pso]  snr=+12.0dB [pso]  snr=+14.0dB [pso]  snr=+16.0dB [pso]  snr=+18.0dB [pso]Done (39.72s)
Estimator batch 1597/2000 (active points 6/22) ...   snr=+8.0dB [pso]  snr=+10.0dB [pso]  snr=+12.0dB [pso]  snr=+14.0dB [pso]  snr=+16.0dB [pso]  snr=+18.0dB [pso]Done (38.84s)
Estimator batch 1598/2000 (active points 6/22) ...   snr=+8.0dB [pso]  snr=+10.0dB [pso]  snr=+12.0dB [pso]  snr=+14.0dB [pso]  snr=+16.0dB [pso]  snr=+18.0dB [pso]Done (38.15s)
Estimator batch 1599/2000 (active points 6/22) ...   snr=+8.0dB [pso]  snr=+10.0dB [pso]  snr=+12.0dB [pso]  snr=+14.0dB [pso]  snr=+16.0dB [pso]  snr=+18.0dB [pso]Done (36.92s)
Estimator batch 1600/2000 (active points 6/22) ...   snr=+8.0dB [pso]  snr=+10.0dB [pso]  snr=+12.0dB [pso]  snr=+14.0dB [pso]  snr=+16.0dB [pso]  snr=+18.0dB [pso]Done (37.02s)
Estimator batch 1601/2000 (active points 6/22) ...   snr=+8.0dB [pso]  snr=+10.0dB [pso]  snr=+12.0dB [pso]  snr=+14.0dB [pso]  snr=+16.0dB [pso]  snr=+18.0dB [pso]Done (39.74s)
Estimator batch 1602/2000 (active points 6/22) ...   snr=+8.0dB [pso]  snr=+10.0dB [pso]  snr=+12.0dB [pso]  snr=+14.0dB [pso]  snr=+16.0dB [pso]  snr=+18.0dB [pso]Done (40.81s)
Estimator batch 1603/2000 (active points 6/22) ...   snr=+8.0dB [pso]  snr=+10.0dB [pso]  snr=+12.0dB [pso]  snr=+14.0dB [pso]  snr=+16.0dB [pso]  snr=+18.0dB [pso]Done (36.67s)
Estimator batch 1604/2000 (active points 6/22) ...   snr=+8.0dB [pso]  snr=+10.0dB [pso]  snr=+12.0dB [pso]  snr=+14.0dB [pso]  snr=+16.0dB [pso]  snr=+18.0dB [pso]Done (34.49s)
Estimator batch 1605/2000 (active points 6/22) ...   snr=+8.0dB [pso]  snr=+10.0dB [pso]  snr=+12.0dB [pso]  snr=+14.0dB [pso]  snr=+16.0dB [pso]  snr=+18.0dB [pso]Done (39.42s)
Estimator batch 1606/2000 (active points 6/22) ...   snr=+8.0dB [pso]  snr=+10.0dB [pso]  snr=+12.0dB [pso]  snr=+14.0dB [pso]  snr=+16.0dB [pso]  snr=+18.0dB [pso]Done (40.59s)
Estimator batch 1607/2000 (active points 6/22) ...   snr=+8.0dB [pso]  snr=+10.0dB [pso]  snr=+12.0dB [pso]  snr=+14.0dB [pso]  snr=+16.0dB [pso]  snr=+18.0dB [pso]Done (40.32s)
Estimator batch 1608/2000 (active points 6/22) ...   snr=+8.0dB [pso]  snr=+10.0dB [pso]  snr=+12.0dB [pso]  snr=+14.0dB [pso]  snr=+16.0dB [pso]  snr=+18.0dB [pso]Done (38.60s)
Estimator batch 1609/2000 (active points 6/22) ...   snr=+8.0dB [pso]  snr=+10.0dB [pso]  snr=+12.0dB [pso]  snr=+14.0dB [pso]  snr=+16.0dB [pso]  snr=+18.0dB [pso]Done (43.66s)
Estimator batch 1610/2000 (active points 6/22) ...   snr=+8.0dB [pso]  snr=+10.0dB [pso]  snr=+12.0dB [pso]  snr=+14.0dB [pso]  snr=+16.0dB [pso]  snr=+18.0dB [pso]Done (37.20s)
Estimator batch 1611/2000 (active points 6/22) ...   snr=+8.0dB [pso]  snr=+10.0dB [pso]  snr=+12.0dB [pso]  snr=+14.0dB [pso]  snr=+16.0dB [pso]  snr=+18.0dB [pso]Done (34.40s)
Estimator batch 1612/2000 (active points 6/22) ...   snr=+8.0dB [pso]  snr=+10.0dB [pso]  snr=+12.0dB [pso]  snr=+14.0dB [pso]  snr=+16.0dB [pso]  snr=+18.0dB [pso]Done (38.93s)
Estimator batch 1613/2000 (active points 6/22) ...   snr=+8.0dB [pso]  snr=+10.0dB [pso]  snr=+12.0dB [pso]  snr=+14.0dB [pso]  snr=+16.0dB [pso]  snr=+18.0dB [pso]Done (38.20s)
Estimator batch 1614/2000 (active points 6/22) ...   snr=+8.0dB [pso]  snr=+10.0dB [pso]  snr=+12.0dB [pso]  snr=+14.0dB [pso]  snr=+16.0dB [pso]  snr=+18.0dB [pso]Done (37.18s)
Estimator batch 1615/2000 (active points 6/22) ...   snr=+8.0dB [pso]  snr=+10.0dB [pso]  snr=+12.0dB [pso]  snr=+14.0dB [pso]  snr=+16.0dB [pso]  snr=+18.0dB [pso]Done (34.95s)
Estimator batch 1616/2000 (active points 6/22) ...   snr=+8.0dB [pso]  snr=+10.0dB [pso]  snr=+12.0dB [pso]  snr=+14.0dB [pso]  snr=+16.0dB [pso]  snr=+18.0dB [pso]Done (43.09s)
Estimator batch 1617/2000 (active points 6/22) ...   snr=+8.0dB [pso]  snr=+10.0dB [pso]  snr=+12.0dB [pso]  snr=+14.0dB [pso]  snr=+16.0dB [pso]  snr=+18.0dB [pso]Done (39.51s)
Estimator batch 1618/2000 (active points 6/22) ...   snr=+8.0dB [pso]  snr=+10.0dB [pso]  snr=+12.0dB [pso]  snr=+14.0dB [pso]  snr=+16.0dB [pso]  snr=+18.0dB [pso]Done (39.17s)
Estimator batch 1619/2000 (active points 6/22) ...   snr=+8.0dB [pso]  snr=+10.0dB [pso]  snr=+12.0dB [pso]  snr=+14.0dB [pso]  snr=+16.0dB [pso]  snr=+18.0dB [pso]Done (42.43s)
Estimator batch 1620/2000 (active points 6/22) ...   snr=+8.0dB [pso]  snr=+10.0dB [pso]  snr=+12.0dB [pso]  snr=+14.0dB [pso]  snr=+16.0dB [pso]  snr=+18.0dB [pso]Done (44.04s)
Estimator batch 1621/2000 (active points 6/22) ...   snr=+8.0dB [pso]  snr=+10.0dB [pso]  snr=+12.0dB [pso]  snr=+14.0dB [pso]  snr=+16.0dB [pso]  snr=+18.0dB [pso]Done (37.73s)
Estimator batch 1622/2000 (active points 6/22) ...   snr=+8.0dB [pso]  snr=+10.0dB [pso]  snr=+12.0dB [pso]  snr=+14.0dB [pso]  snr=+16.0dB [pso]  snr=+18.0dB [pso]Done (42.55s)
Estimator batch 1623/2000 (active points 6/22) ...   snr=+8.0dB [pso]  snr=+10.0dB [pso]  snr=+12.0dB [pso]  snr=+14.0dB [pso]  snr=+16.0dB [pso]  snr=+18.0dB [pso]Done (44.12s)
Estimator batch 1624/2000 (active points 6/22) ...   snr=+8.0dB [pso]  snr=+10.0dB [pso]  snr=+12.0dB [pso]  snr=+14.0dB [pso]  snr=+16.0dB [pso]  snr=+18.0dB [pso]Done (38.66s)
Estimator batch 1625/2000 (active points 6/22) ...   snr=+8.0dB [pso]  snr=+10.0dB [pso]  snr=+12.0dB [pso]  snr=+14.0dB [pso]  snr=+16.0dB [pso]  snr=+18.0dB [pso]Done (38.89s)
Estimator batch 1626/2000 (active points 6/22) ...   snr=+8.0dB [pso]  snr=+10.0dB [pso]  snr=+12.0dB [pso]  snr=+14.0dB [pso]  snr=+16.0dB [pso]  snr=+18.0dB [pso]Done (42.72s)
Estimator batch 1627/2000 (active points 6/22) ...   snr=+8.0dB [pso]  snr=+10.0dB [pso]  snr=+12.0dB [pso]  snr=+14.0dB [pso]  snr=+16.0dB [pso]  snr=+18.0dB [pso]Done (45.53s)
Estimator batch 1628/2000 (active points 6/22) ...   snr=+8.0dB [pso]  snr=+10.0dB [pso]  snr=+12.0dB [pso]  snr=+14.0dB [pso]  snr=+16.0dB [pso]  snr=+18.0dB [pso]Done (42.29s)
Estimator batch 1629/2000 (active points 6/22) ...   snr=+8.0dB [pso]  snr=+10.0dB [pso]  snr=+12.0dB [pso]  snr=+14.0dB [pso]  snr=+16.0dB [pso]  snr=+18.0dB [pso]Done (35.25s)
Estimator batch 1630/2000 (active points 6/22) ...   snr=+8.0dB [pso]  snr=+10.0dB [pso]  snr=+12.0dB [pso]  snr=+14.0dB [pso]  snr=+16.0dB [pso]  snr=+18.0dB [pso]Done (44.26s)
Estimator batch 1631/2000 (active points 6/22) ...   snr=+8.0dB [pso]  snr=+10.0dB [pso]  snr=+12.0dB [pso]  snr=+14.0dB [pso]  snr=+16.0dB [pso]  snr=+18.0dB [pso]Done (42.20s)
Estimator batch 1632/2000 (active points 6/22) ...   snr=+8.0dB [pso]  snr=+10.0dB [pso]  snr=+12.0dB [pso]  snr=+14.0dB [pso]  snr=+16.0dB [pso]  snr=+18.0dB [pso]Done (43.77s)
Estimator batch 1633/2000 (active points 6/22) ...   snr=+8.0dB [pso]  snr=+10.0dB [pso]  snr=+12.0dB [pso]  snr=+14.0dB [pso]  snr=+16.0dB [pso]  snr=+18.0dB [pso]Done (43.86s)
Estimator batch 1634/2000 (active points 6/22) ...   snr=+8.0dB [pso]  snr=+10.0dB [pso]  snr=+12.0dB [pso]  snr=+14.0dB [pso]  snr=+16.0dB [pso]  snr=+18.0dB [pso]Done (43.95s)
Estimator batch 1635/2000 (active points 6/22) ...   snr=+8.0dB [pso]  snr=+10.0dB [pso]  snr=+12.0dB [pso]  snr=+14.0dB [pso]  snr=+16.0dB [pso]  snr=+18.0dB [pso]Done (41.53s)
Estimator batch 1636/2000 (active points 6/22) ...   snr=+8.0dB [pso]  snr=+10.0dB [pso]  snr=+12.0dB [pso]  snr=+14.0dB [pso]  snr=+16.0dB [pso]  snr=+18.0dB [pso]Done (43.65s)
Estimator batch 1637/2000 (active points 6/22) ...   snr=+8.0dB [pso]  snr=+10.0dB [pso]  snr=+12.0dB [pso]  snr=+14.0dB [pso]  snr=+16.0dB [pso]  snr=+18.0dB [pso]Done (46.22s)
Estimator batch 1638/2000 (active points 6/22) ...   snr=+8.0dB [pso]  snr=+10.0dB [pso]  snr=+12.0dB [pso]  snr=+14.0dB [pso]  snr=+16.0dB [pso]  snr=+18.0dB [pso]Done (43.70s)
Estimator batch 1639/2000 (active points 6/22) ...   snr=+8.0dB [pso]  snr=+10.0dB [pso]  snr=+12.0dB [pso]  snr=+14.0dB [pso]  snr=+16.0dB [pso]  snr=+18.0dB [pso]Done (47.59s)
Estimator batch 1640/2000 (active points 6/22) ...   snr=+8.0dB [pso]  snr=+10.0dB [pso]  snr=+12.0dB [pso]  snr=+14.0dB [pso]  snr=+16.0dB [pso]  snr=+18.0dB [pso]Done (50.81s)
Estimator batch 1641/2000 (active points 6/22) ...   snr=+8.0dB [pso]  snr=+10.0dB [pso]  snr=+12.0dB [pso]  snr=+14.0dB [pso]  snr=+16.0dB [pso]  snr=+18.0dB [pso]Done (39.40s)
Estimator batch 1642/2000 (active points 6/22) ...   snr=+8.0dB [pso]  snr=+10.0dB [pso]  snr=+12.0dB [pso]  snr=+14.0dB [pso]  snr=+16.0dB [pso]  snr=+18.0dB [pso]Done (40.34s)
Estimator batch 1643/2000 (active points 6/22) ...   snr=+8.0dB [pso]  snr=+10.0dB [pso]  snr=+12.0dB [pso]  snr=+14.0dB [pso]  snr=+16.0dB [pso]  snr=+18.0dB [pso]Done (41.65s)
Estimator batch 1644/2000 (active points 6/22) ...   snr=+8.0dB [pso]  snr=+10.0dB [pso]  snr=+12.0dB [pso]  snr=+14.0dB [pso]  snr=+16.0dB [pso]  snr=+18.0dB [pso]Done (39.87s)
Estimator batch 1645/2000 (active points 6/22) ...   snr=+8.0dB [pso]  snr=+10.0dB [pso]  snr=+12.0dB [pso]  snr=+14.0dB [pso]  snr=+16.0dB [pso]  snr=+18.0dB [pso]Done (43.88s)
Estimator batch 1646/2000 (active points 6/22) ...   snr=+8.0dB [pso]  snr=+10.0dB [pso]  snr=+12.0dB [pso]  snr=+14.0dB [pso]  snr=+16.0dB [pso]  snr=+18.0dB [pso]Done (36.92s)
Estimator batch 1647/2000 (active points 6/22) ...   snr=+8.0dB [pso]  snr=+10.0dB [pso]  snr=+12.0dB [pso]  snr=+14.0dB [pso]  snr=+16.0dB [pso]  snr=+18.0dB [pso]Done (38.87s)
Estimator batch 1648/2000 (active points 6/22) ...   snr=+8.0dB [pso]  snr=+10.0dB [pso]  snr=+12.0dB [pso]  snr=+14.0dB [pso]  snr=+16.0dB [pso]  snr=+18.0dB [pso]Done (39.32s)
Estimator batch 1649/2000 (active points 6/22) ...   snr=+8.0dB [pso]  snr=+10.0dB [pso]  snr=+12.0dB [pso]  snr=+14.0dB [pso]  snr=+16.0dB [pso]  snr=+18.0dB [pso]Done (40.44s)
Estimator batch 1650/2000 (active points 6/22) ...   snr=+8.0dB [pso]  snr=+10.0dB [pso]  snr=+12.0dB [pso]  snr=+14.0dB [pso]  snr=+16.0dB [pso]  snr=+18.0dB [pso]Done (40.36s)
Estimator batch 1651/2000 (active points 6/22) ...   snr=+8.0dB [pso]  snr=+10.0dB [pso]  snr=+12.0dB [pso]  snr=+14.0dB [pso]  snr=+16.0dB [pso]  snr=+18.0dB [pso]Done (39.15s)
Estimator batch 1652/2000 (active points 6/22) ...   snr=+8.0dB [pso]  snr=+10.0dB [pso]  snr=+12.0dB [pso]  snr=+14.0dB [pso]  snr=+16.0dB [pso]  snr=+18.0dB [pso]Done (38.88s)
Estimator batch 1653/2000 (active points 6/22) ...   snr=+8.0dB [pso]  snr=+10.0dB [pso]  snr=+12.0dB [pso]  snr=+14.0dB [pso]  snr=+16.0dB [pso]  snr=+18.0dB [pso]Done (41.78s)
Estimator batch 1654/2000 (active points 6/22) ...   snr=+8.0dB [pso]  snr=+10.0dB [pso]  snr=+12.0dB [pso]  snr=+14.0dB [pso]  snr=+16.0dB [pso]  snr=+18.0dB [pso]Done (36.99s)
Estimator batch 1655/2000 (active points 6/22) ...   snr=+8.0dB [pso]  snr=+10.0dB [pso]  snr=+12.0dB [pso]  snr=+14.0dB [pso]  snr=+16.0dB [pso]  snr=+18.0dB [pso]Done (44.75s)
Estimator batch 1656/2000 (active points 6/22) ...   snr=+8.0dB [pso]  snr=+10.0dB [pso]  snr=+12.0dB [pso]  snr=+14.0dB [pso]  snr=+16.0dB [pso]  snr=+18.0dB [pso]Done (37.58s)
Estimator batch 1657/2000 (active points 6/22) ...   snr=+8.0dB [pso]  snr=+10.0dB [pso]  snr=+12.0dB [pso]  snr=+14.0dB [pso]  snr=+16.0dB [pso]  snr=+18.0dB [pso]Done (40.71s)
Estimator batch 1658/2000 (active points 6/22) ...   snr=+8.0dB [pso]  snr=+10.0dB [pso]  snr=+12.0dB [pso]  snr=+14.0dB [pso]  snr=+16.0dB [pso]  snr=+18.0dB [pso]Done (39.87s)
Estimator batch 1659/2000 (active points 6/22) ...   snr=+8.0dB [pso]  snr=+10.0dB [pso]  snr=+12.0dB [pso]  snr=+14.0dB [pso]  snr=+16.0dB [pso]  snr=+18.0dB [pso]Done (38.42s)
Estimator batch 1660/2000 (active points 6/22) ...   snr=+8.0dB [pso]  snr=+10.0dB [pso]  snr=+12.0dB [pso]  snr=+14.0dB [pso]  snr=+16.0dB [pso]  snr=+18.0dB [pso]Done (41.73s)
Estimator batch 1661/2000 (active points 6/22) ...   snr=+8.0dB [pso]  snr=+10.0dB [pso]  snr=+12.0dB [pso]  snr=+14.0dB [pso]  snr=+16.0dB [pso]  snr=+18.0dB [pso]Done (38.90s)
Estimator batch 1662/2000 (active points 6/22) ...   snr=+8.0dB [pso]  snr=+10.0dB [pso]  snr=+12.0dB [pso]  snr=+14.0dB [pso]  snr=+16.0dB [pso]  snr=+18.0dB [pso]Done (34.13s)
Estimator batch 1663/2000 (active points 6/22) ...   snr=+8.0dB [pso]  snr=+10.0dB [pso]  snr=+12.0dB [pso]  snr=+14.0dB [pso]  snr=+16.0dB [pso]  snr=+18.0dB [pso]Done (41.65s)
Estimator batch 1664/2000 (active points 6/22) ...   snr=+8.0dB [pso]  snr=+10.0dB [pso]  snr=+12.0dB [pso]  snr=+14.0dB [pso]  snr=+16.0dB [pso]  snr=+18.0dB [pso]Done (39.44s)
Estimator batch 1665/2000 (active points 6/22) ...   snr=+8.0dB [pso]  snr=+10.0dB [pso]  snr=+12.0dB [pso]  snr=+14.0dB [pso]  snr=+16.0dB [pso]  snr=+18.0dB [pso]Done (38.54s)
Estimator batch 1666/2000 (active points 6/22) ...   snr=+8.0dB [pso]  snr=+10.0dB [pso]  snr=+12.0dB [pso]  snr=+14.0dB [pso]  snr=+16.0dB [pso]  snr=+18.0dB [pso]Done (43.69s)
Estimator batch 1667/2000 (active points 6/22) ...   snr=+8.0dB [pso]  snr=+10.0dB [pso]  snr=+12.0dB [pso]  snr=+14.0dB [pso]  snr=+16.0dB [pso]  snr=+18.0dB [pso]Done (39.76s)
Estimator batch 1668/2000 (active points 6/22) ...   snr=+8.0dB [pso]  snr=+10.0dB [pso]  snr=+12.0dB [pso]  snr=+14.0dB [pso]  snr=+16.0dB [pso]  snr=+18.0dB [pso]Done (39.26s)
Estimator batch 1669/2000 (active points 6/22) ...   snr=+8.0dB [pso]  snr=+10.0dB [pso]  snr=+12.0dB [pso]  snr=+14.0dB [pso]  snr=+16.0dB [pso]  snr=+18.0dB [pso]Done (39.91s)
Estimator batch 1670/2000 (active points 6/22) ...   snr=+8.0dB [pso]  snr=+10.0dB [pso]  snr=+12.0dB [pso]  snr=+14.0dB [pso]  snr=+16.0dB [pso]  snr=+18.0dB [pso]Done (36.55s)
Estimator batch 1671/2000 (active points 6/22) ...   snr=+8.0dB [pso]  snr=+10.0dB [pso]  snr=+12.0dB [pso]  snr=+14.0dB [pso]  snr=+16.0dB [pso]  snr=+18.0dB [pso]Done (37.19s)
Estimator batch 1672/2000 (active points 6/22) ...   snr=+8.0dB [pso]  snr=+10.0dB [pso]  snr=+12.0dB [pso]  snr=+14.0dB [pso]  snr=+16.0dB [pso]  snr=+18.0dB [pso]Done (45.05s)
Estimator batch 1673/2000 (active points 6/22) ...   snr=+8.0dB [pso]  snr=+10.0dB [pso]  snr=+12.0dB [pso]  snr=+14.0dB [pso]  snr=+16.0dB [pso]  snr=+18.0dB [pso]Done (40.38s)
Estimator batch 1674/2000 (active points 6/22) ...   snr=+8.0dB [pso]  snr=+10.0dB [pso]  snr=+12.0dB [pso]  snr=+14.0dB [pso]  snr=+16.0dB [pso]  snr=+18.0dB [pso]Done (39.64s)
Estimator batch 1675/2000 (active points 6/22) ...   snr=+8.0dB [pso]  snr=+10.0dB [pso]  snr=+12.0dB [pso]  snr=+14.0dB [pso]  snr=+16.0dB [pso]  snr=+18.0dB [pso]Done (35.38s)
Estimator batch 1676/2000 (active points 6/22) ...   snr=+8.0dB [pso]  snr=+10.0dB [pso]  snr=+12.0dB [pso]  snr=+14.0dB [pso]  snr=+16.0dB [pso]  snr=+18.0dB [pso]Done (45.31s)
Estimator batch 1677/2000 (active points 6/22) ...   snr=+8.0dB [pso]  snr=+10.0dB [pso]  snr=+12.0dB [pso]  snr=+14.0dB [pso]  snr=+16.0dB [pso]  snr=+18.0dB [pso]Done (43.51s)
Estimator batch 1678/2000 (active points 6/22) ...   snr=+8.0dB [pso]  snr=+10.0dB [pso]  snr=+12.0dB [pso]  snr=+14.0dB [pso]  snr=+16.0dB [pso]  snr=+18.0dB [pso]Done (38.78s)
Estimator batch 1679/2000 (active points 6/22) ...   snr=+8.0dB [pso]  snr=+10.0dB [pso]  snr=+12.0dB [pso]  snr=+14.0dB [pso]  snr=+16.0dB [pso]  snr=+18.0dB [pso]Done (40.79s)
Estimator batch 1680/2000 (active points 6/22) ...   snr=+8.0dB [pso]  snr=+10.0dB [pso]  snr=+12.0dB [pso]  snr=+14.0dB [pso]  snr=+16.0dB [pso]  snr=+18.0dB [pso]Done (43.83s)
Estimator batch 1681/2000 (active points 6/22) ...   snr=+8.0dB [pso]  snr=+10.0dB [pso]  snr=+12.0dB [pso]  snr=+14.0dB [pso]  snr=+16.0dB [pso]  snr=+18.0dB [pso]Done (38.14s)
Estimator batch 1682/2000 (active points 6/22) ...   snr=+8.0dB [pso]  snr=+10.0dB [pso]  snr=+12.0dB [pso]  snr=+14.0dB [pso]  snr=+16.0dB [pso]  snr=+18.0dB [pso]Done (31.71s)
Estimator batch 1683/2000 (active points 6/22) ...   snr=+8.0dB [pso]  snr=+10.0dB [pso]  snr=+12.0dB [pso]  snr=+14.0dB [pso]  snr=+16.0dB [pso]  snr=+18.0dB [pso]Done (39.85s)
Estimator batch 1684/2000 (active points 6/22) ...   snr=+8.0dB [pso]  snr=+10.0dB [pso]  snr=+12.0dB [pso]  snr=+14.0dB [pso]  snr=+16.0dB [pso]  snr=+18.0dB [pso]Done (40.64s)
Estimator batch 1685/2000 (active points 6/22) ...   snr=+8.0dB [pso]  snr=+10.0dB [pso]  snr=+12.0dB [pso]  snr=+14.0dB [pso]  snr=+16.0dB [pso]  snr=+18.0dB [pso]Done (43.60s)
Estimator batch 1686/2000 (active points 6/22) ...   snr=+8.0dB [pso]  snr=+10.0dB [pso]  snr=+12.0dB [pso]  snr=+14.0dB [pso]  snr=+16.0dB [pso]  snr=+18.0dB [pso]Done (34.18s)
Estimator batch 1687/2000 (active points 6/22) ...   snr=+8.0dB [pso]  snr=+10.0dB [pso]  snr=+12.0dB [pso]  snr=+14.0dB [pso]  snr=+16.0dB [pso]  snr=+18.0dB [pso]Done (44.40s)
Estimator batch 1688/2000 (active points 6/22) ...   snr=+8.0dB [pso]  snr=+10.0dB [pso]  snr=+12.0dB [pso]  snr=+14.0dB [pso]  snr=+16.0dB [pso]  snr=+18.0dB [pso]Done (39.79s)
Estimator batch 1689/2000 (active points 6/22) ...   snr=+8.0dB [pso]  snr=+10.0dB [pso]  snr=+12.0dB [pso]  snr=+14.0dB [pso]  snr=+16.0dB [pso]  snr=+18.0dB [pso]Done (41.67s)
Estimator batch 1690/2000 (active points 6/22) ...   snr=+8.0dB [pso]  snr=+10.0dB [pso]  snr=+12.0dB [pso]  snr=+14.0dB [pso]  snr=+16.0dB [pso]  snr=+18.0dB [pso]Done (38.00s)
Estimator batch 1691/2000 (active points 6/22) ...   snr=+8.0dB [pso]  snr=+10.0dB [pso]  snr=+12.0dB [pso]  snr=+14.0dB [pso]  snr=+16.0dB [pso]  snr=+18.0dB [pso]Done (38.47s)
Estimator batch 1692/2000 (active points 6/22) ...   snr=+8.0dB [pso]  snr=+10.0dB [pso]  snr=+12.0dB [pso]  snr=+14.0dB [pso]  snr=+16.0dB [pso]  snr=+18.0dB [pso]Done (41.55s)
Estimator batch 1693/2000 (active points 6/22) ...   snr=+8.0dB [pso]  snr=+10.0dB [pso]  snr=+12.0dB [pso]  snr=+14.0dB [pso]  snr=+16.0dB [pso]  snr=+18.0dB [pso]Done (43.93s)
Estimator batch 1694/2000 (active points 6/22) ...   snr=+8.0dB [pso]  snr=+10.0dB [pso]  snr=+12.0dB [pso]  snr=+14.0dB [pso]  snr=+16.0dB [pso]  snr=+18.0dB [pso]Done (39.74s)
Estimator batch 1695/2000 (active points 6/22) ...   snr=+8.0dB [pso]  snr=+10.0dB [pso]  snr=+12.0dB [pso]  snr=+14.0dB [pso]  snr=+16.0dB [pso]  snr=+18.0dB [pso]Done (45.17s)
Estimator batch 1696/2000 (active points 6/22) ...   snr=+8.0dB [pso]  snr=+10.0dB [pso]  snr=+12.0dB [pso]  snr=+14.0dB [pso]  snr=+16.0dB [pso]  snr=+18.0dB [pso]Done (39.27s)
Estimator batch 1697/2000 (active points 6/22) ...   snr=+8.0dB [pso]  snr=+10.0dB [pso]  snr=+12.0dB [pso]  snr=+14.0dB [pso]  snr=+16.0dB [pso]  snr=+18.0dB [pso]Done (37.69s)
Estimator batch 1698/2000 (active points 6/22) ...   snr=+8.0dB [pso]  snr=+10.0dB [pso]  snr=+12.0dB [pso]  snr=+14.0dB [pso]  snr=+16.0dB [pso]  snr=+18.0dB [pso]Done (37.56s)
Estimator batch 1699/2000 (active points 6/22) ...   snr=+8.0dB [pso]  snr=+10.0dB [pso]  snr=+12.0dB [pso]  snr=+14.0dB [pso]  snr=+16.0dB [pso]  snr=+18.0dB [pso]Done (41.96s)
Estimator batch 1700/2000 (active points 6/22) ...   snr=+8.0dB [pso]  snr=+10.0dB [pso]  snr=+12.0dB [pso]  snr=+14.0dB [pso]  snr=+16.0dB [pso]  snr=+18.0dB [pso]Done (37.31s)
Estimator batch 1701/2000 (active points 6/22) ...   snr=+8.0dB [pso]  snr=+10.0dB [pso]  snr=+12.0dB [pso]  snr=+14.0dB [pso]  snr=+16.0dB [pso]  snr=+18.0dB [pso]Done (37.54s)
Estimator batch 1702/2000 (active points 6/22) ...   snr=+8.0dB [pso]  snr=+10.0dB [pso]  snr=+12.0dB [pso]  snr=+14.0dB [pso]  snr=+16.0dB [pso]  snr=+18.0dB [pso]Done (38.21s)
Estimator batch 1703/2000 (active points 6/22) ...   snr=+8.0dB [pso]  snr=+10.0dB [pso]  snr=+12.0dB [pso]  snr=+14.0dB [pso]  snr=+16.0dB [pso]  snr=+18.0dB [pso]Done (37.87s)
Estimator batch 1704/2000 (active points 6/22) ...   snr=+8.0dB [pso]  snr=+10.0dB [pso]  snr=+12.0dB [pso]  snr=+14.0dB [pso]  snr=+16.0dB [pso]  snr=+18.0dB [pso]Done (39.89s)
Estimator batch 1705/2000 (active points 6/22) ...   snr=+8.0dB [pso]  snr=+10.0dB [pso]  snr=+12.0dB [pso]  snr=+14.0dB [pso]  snr=+16.0dB [pso]  snr=+18.0dB [pso]Done (39.68s)
Estimator batch 1706/2000 (active points 6/22) ...   snr=+8.0dB [pso]  snr=+10.0dB [pso]  snr=+12.0dB [pso]  snr=+14.0dB [pso]  snr=+16.0dB [pso]  snr=+18.0dB [pso]Done (42.27s)
Estimator batch 1707/2000 (active points 6/22) ...   snr=+8.0dB [pso]  snr=+10.0dB [pso]  snr=+12.0dB [pso]  snr=+14.0dB [pso]  snr=+16.0dB [pso]  snr=+18.0dB [pso]Done (39.37s)
Estimator batch 1708/2000 (active points 6/22) ...   snr=+8.0dB [pso]  snr=+10.0dB [pso]  snr=+12.0dB [pso]  snr=+14.0dB [pso]  snr=+16.0dB [pso]  snr=+18.0dB [pso]Done (40.69s)
Estimator batch 1709/2000 (active points 6/22) ...   snr=+8.0dB [pso]  snr=+10.0dB [pso]  snr=+12.0dB [pso]  snr=+14.0dB [pso]  snr=+16.0dB [pso]  snr=+18.0dB [pso]Done (42.06s)
Estimator batch 1710/2000 (active points 6/22) ...   snr=+8.0dB [pso]  snr=+10.0dB [pso]  snr=+12.0dB [pso]  snr=+14.0dB [pso]  snr=+16.0dB [pso]  snr=+18.0dB [pso]Done (45.71s)
Estimator batch 1711/2000 (active points 5/22) ...   snr=+8.0dB [pso]  snr=+10.0dB [pso]  snr=+12.0dB [pso]  snr=+14.0dB [pso]  snr=+16.0dB [pso]Done (30.82s)
Estimator batch 1712/2000 (active points 5/22) ...   snr=+8.0dB [pso]  snr=+10.0dB [pso]  snr=+12.0dB [pso]  snr=+14.0dB [pso]  snr=+16.0dB [pso]Done (32.28s)
Estimator batch 1713/2000 (active points 5/22) ...   snr=+8.0dB [pso]  snr=+10.0dB [pso]  snr=+12.0dB [pso]  snr=+14.0dB [pso]  snr=+16.0dB [pso]Done (33.04s)
Estimator batch 1714/2000 (active points 5/22) ...   snr=+8.0dB [pso]  snr=+10.0dB [pso]  snr=+12.0dB [pso]  snr=+14.0dB [pso]  snr=+16.0dB [pso]Done (33.34s)
Estimator batch 1715/2000 (active points 5/22) ...   snr=+8.0dB [pso]  snr=+10.0dB [pso]  snr=+12.0dB [pso]  snr=+14.0dB [pso]  snr=+16.0dB [pso]Done (33.42s)
Estimator batch 1716/2000 (active points 5/22) ...   snr=+8.0dB [pso]  snr=+10.0dB [pso]  snr=+12.0dB [pso]  snr=+14.0dB [pso]  snr=+16.0dB [pso]Done (33.40s)
Estimator batch 1717/2000 (active points 5/22) ...   snr=+8.0dB [pso]  snr=+10.0dB [pso]  snr=+12.0dB [pso]  snr=+14.0dB [pso]  snr=+16.0dB [pso]Done (32.78s)
Estimator batch 1718/2000 (active points 5/22) ...   snr=+8.0dB [pso]  snr=+10.0dB [pso]  snr=+12.0dB [pso]  snr=+14.0dB [pso]  snr=+16.0dB [pso]Done (31.24s)
Estimator batch 1719/2000 (active points 5/22) ...   snr=+8.0dB [pso]  snr=+10.0dB [pso]  snr=+12.0dB [pso]  snr=+14.0dB [pso]  snr=+16.0dB [pso]Done (30.68s)
Estimator batch 1720/2000 (active points 5/22) ...   snr=+8.0dB [pso]  snr=+10.0dB [pso]  snr=+12.0dB [pso]  snr=+14.0dB [pso]  snr=+16.0dB [pso]Done (34.11s)
Estimator batch 1721/2000 (active points 5/22) ...   snr=+8.0dB [pso]  snr=+10.0dB [pso]  snr=+12.0dB [pso]  snr=+14.0dB [pso]  snr=+16.0dB [pso]Done (33.68s)
Estimator batch 1722/2000 (active points 5/22) ...   snr=+8.0dB [pso]  snr=+10.0dB [pso]  snr=+12.0dB [pso]  snr=+14.0dB [pso]  snr=+16.0dB [pso]Done (30.21s)
Estimator batch 1723/2000 (active points 5/22) ...   snr=+8.0dB [pso]  snr=+10.0dB [pso]  snr=+12.0dB [pso]  snr=+14.0dB [pso]  snr=+16.0dB [pso]Done (38.60s)
Estimator batch 1724/2000 (active points 5/22) ...   snr=+8.0dB [pso]  snr=+10.0dB [pso]  snr=+12.0dB [pso]  snr=+14.0dB [pso]  snr=+16.0dB [pso]Done (32.81s)
Estimator batch 1725/2000 (active points 5/22) ...   snr=+8.0dB [pso]  snr=+10.0dB [pso]  snr=+12.0dB [pso]  snr=+14.0dB [pso]  snr=+16.0dB [pso]Done (35.51s)
Estimator batch 1726/2000 (active points 5/22) ...   snr=+8.0dB [pso]  snr=+10.0dB [pso]  snr=+12.0dB [pso]  snr=+14.0dB [pso]  snr=+16.0dB [pso]Done (34.74s)
Estimator batch 1727/2000 (active points 5/22) ...   snr=+8.0dB [pso]  snr=+10.0dB [pso]  snr=+12.0dB [pso]  snr=+14.0dB [pso]  snr=+16.0dB [pso]Done (30.81s)
Estimator batch 1728/2000 (active points 5/22) ...   snr=+8.0dB [pso]  snr=+10.0dB [pso]  snr=+12.0dB [pso]  snr=+14.0dB [pso]  snr=+16.0dB [pso]Done (31.01s)
Estimator batch 1729/2000 (active points 5/22) ...   snr=+8.0dB [pso]  snr=+10.0dB [pso]  snr=+12.0dB [pso]  snr=+14.0dB [pso]  snr=+16.0dB [pso]Done (35.08s)
Estimator batch 1730/2000 (active points 5/22) ...   snr=+8.0dB [pso]  snr=+10.0dB [pso]  snr=+12.0dB [pso]  snr=+14.0dB [pso]  snr=+16.0dB [pso]Done (30.87s)
Estimator batch 1731/2000 (active points 5/22) ...   snr=+8.0dB [pso]  snr=+10.0dB [pso]  snr=+12.0dB [pso]  snr=+14.0dB [pso]  snr=+16.0dB [pso]Done (30.70s)
Estimator batch 1732/2000 (active points 5/22) ...   snr=+8.0dB [pso]  snr=+10.0dB [pso]  snr=+12.0dB [pso]  snr=+14.0dB [pso]  snr=+16.0dB [pso]Done (34.26s)
Estimator batch 1733/2000 (active points 5/22) ...   snr=+8.0dB [pso]  snr=+10.0dB [pso]  snr=+12.0dB [pso]  snr=+14.0dB [pso]  snr=+16.0dB [pso]Done (36.12s)
Estimator batch 1734/2000 (active points 5/22) ...   snr=+8.0dB [pso]  snr=+10.0dB [pso]  snr=+12.0dB [pso]  snr=+14.0dB [pso]  snr=+16.0dB [pso]Done (36.52s)
Estimator batch 1735/2000 (active points 5/22) ...   snr=+8.0dB [pso]  snr=+10.0dB [pso]  snr=+12.0dB [pso]  snr=+14.0dB [pso]  snr=+16.0dB [pso]Done (35.20s)
Estimator batch 1736/2000 (active points 5/22) ...   snr=+8.0dB [pso]  snr=+10.0dB [pso]  snr=+12.0dB [pso]  snr=+14.0dB [pso]  snr=+16.0dB [pso]Done (36.39s)
Estimator batch 1737/2000 (active points 5/22) ...   snr=+8.0dB [pso]  snr=+10.0dB [pso]  snr=+12.0dB [pso]  snr=+14.0dB [pso]  snr=+16.0dB [pso]Done (32.36s)
Estimator batch 1738/2000 (active points 5/22) ...   snr=+8.0dB [pso]  snr=+10.0dB [pso]  snr=+12.0dB [pso]  snr=+14.0dB [pso]  snr=+16.0dB [pso]Done (32.43s)
Estimator batch 1739/2000 (active points 5/22) ...   snr=+8.0dB [pso]  snr=+10.0dB [pso]  snr=+12.0dB [pso]  snr=+14.0dB [pso]  snr=+16.0dB [pso]Done (31.36s)
Estimator batch 1740/2000 (active points 5/22) ...   snr=+8.0dB [pso]  snr=+10.0dB [pso]  snr=+12.0dB [pso]  snr=+14.0dB [pso]  snr=+16.0dB [pso]Done (33.96s)
Estimator batch 1741/2000 (active points 5/22) ...   snr=+8.0dB [pso]  snr=+10.0dB [pso]  snr=+12.0dB [pso]  snr=+14.0dB [pso]  snr=+16.0dB [pso]Done (33.32s)
Estimator batch 1742/2000 (active points 5/22) ...   snr=+8.0dB [pso]  snr=+10.0dB [pso]  snr=+12.0dB [pso]  snr=+14.0dB [pso]  snr=+16.0dB [pso]Done (33.05s)
Estimator batch 1743/2000 (active points 5/22) ...   snr=+8.0dB [pso]  snr=+10.0dB [pso]  snr=+12.0dB [pso]  snr=+14.0dB [pso]  snr=+16.0dB [pso]Done (37.12s)
Estimator batch 1744/2000 (active points 5/22) ...   snr=+8.0dB [pso]  snr=+10.0dB [pso]  snr=+12.0dB [pso]  snr=+14.0dB [pso]  snr=+16.0dB [pso]Done (31.70s)
Estimator batch 1745/2000 (active points 5/22) ...   snr=+8.0dB [pso]  snr=+10.0dB [pso]  snr=+12.0dB [pso]  snr=+14.0dB [pso]  snr=+16.0dB [pso]Done (31.36s)
Estimator batch 1746/2000 (active points 5/22) ...   snr=+8.0dB [pso]  snr=+10.0dB [pso]  snr=+12.0dB [pso]  snr=+14.0dB [pso]  snr=+16.0dB [pso]Done (31.98s)
Estimator batch 1747/2000 (active points 5/22) ...   snr=+8.0dB [pso]  snr=+10.0dB [pso]  snr=+12.0dB [pso]  snr=+14.0dB [pso]  snr=+16.0dB [pso]Done (27.27s)
Estimator batch 1748/2000 (active points 5/22) ...   snr=+8.0dB [pso]  snr=+10.0dB [pso]  snr=+12.0dB [pso]  snr=+14.0dB [pso]  snr=+16.0dB [pso]Done (31.29s)
Estimator batch 1749/2000 (active points 5/22) ...   snr=+8.0dB [pso]  snr=+10.0dB [pso]  snr=+12.0dB [pso]  snr=+14.0dB [pso]  snr=+16.0dB [pso]Done (32.10s)
Estimator batch 1750/2000 (active points 5/22) ...   snr=+8.0dB [pso]  snr=+10.0dB [pso]  snr=+12.0dB [pso]  snr=+14.0dB [pso]  snr=+16.0dB [pso]Done (33.82s)
Estimator batch 1751/2000 (active points 5/22) ...   snr=+8.0dB [pso]  snr=+10.0dB [pso]  snr=+12.0dB [pso]  snr=+14.0dB [pso]  snr=+16.0dB [pso]Done (32.99s)
Estimator batch 1752/2000 (active points 5/22) ...   snr=+8.0dB [pso]  snr=+10.0dB [pso]  snr=+12.0dB [pso]  snr=+14.0dB [pso]  snr=+16.0dB [pso]Done (32.08s)
Estimator batch 1753/2000 (active points 5/22) ...   snr=+8.0dB [pso]  snr=+10.0dB [pso]  snr=+12.0dB [pso]  snr=+14.0dB [pso]  snr=+16.0dB [pso]Done (32.18s)
Estimator batch 1754/2000 (active points 5/22) ...   snr=+8.0dB [pso]  snr=+10.0dB [pso]  snr=+12.0dB [pso]  snr=+14.0dB [pso]  snr=+16.0dB [pso]Done (33.19s)
Estimator batch 1755/2000 (active points 5/22) ...   snr=+8.0dB [pso]  snr=+10.0dB [pso]  snr=+12.0dB [pso]  snr=+14.0dB [pso]  snr=+16.0dB [pso]Done (34.79s)
Estimator batch 1756/2000 (active points 5/22) ...   snr=+8.0dB [pso]  snr=+10.0dB [pso]  snr=+12.0dB [pso]  snr=+14.0dB [pso]  snr=+16.0dB [pso]Done (34.95s)
Estimator batch 1757/2000 (active points 5/22) ...   snr=+8.0dB [pso]  snr=+10.0dB [pso]  snr=+12.0dB [pso]  snr=+14.0dB [pso]  snr=+16.0dB [pso]Done (37.93s)
Estimator batch 1758/2000 (active points 5/22) ...   snr=+8.0dB [pso]  snr=+10.0dB [pso]  snr=+12.0dB [pso]  snr=+14.0dB [pso]  snr=+16.0dB [pso]Done (30.47s)
Estimator batch 1759/2000 (active points 5/22) ...   snr=+8.0dB [pso]  snr=+10.0dB [pso]  snr=+12.0dB [pso]  snr=+14.0dB [pso]  snr=+16.0dB [pso]Done (35.64s)
Estimator batch 1760/2000 (active points 5/22) ...   snr=+8.0dB [pso]  snr=+10.0dB [pso]  snr=+12.0dB [pso]  snr=+14.0dB [pso]  snr=+16.0dB [pso]Done (36.27s)
Estimator batch 1761/2000 (active points 5/22) ...   snr=+8.0dB [pso]  snr=+10.0dB [pso]  snr=+12.0dB [pso]  snr=+14.0dB [pso]  snr=+16.0dB [pso]Done (35.00s)
Estimator batch 1762/2000 (active points 5/22) ...   snr=+8.0dB [pso]  snr=+10.0dB [pso]  snr=+12.0dB [pso]  snr=+14.0dB [pso]  snr=+16.0dB [pso]Done (34.68s)
Estimator batch 1763/2000 (active points 5/22) ...   snr=+8.0dB [pso]  snr=+10.0dB [pso]  snr=+12.0dB [pso]  snr=+14.0dB [pso]  snr=+16.0dB [pso]Done (31.91s)
Estimator batch 1764/2000 (active points 5/22) ...   snr=+8.0dB [pso]  snr=+10.0dB [pso]  snr=+12.0dB [pso]  snr=+14.0dB [pso]  snr=+16.0dB [pso]Done (35.01s)
Estimator batch 1765/2000 (active points 5/22) ...   snr=+8.0dB [pso]  snr=+10.0dB [pso]  snr=+12.0dB [pso]  snr=+14.0dB [pso]  snr=+16.0dB [pso]Done (30.45s)
Estimator batch 1766/2000 (active points 5/22) ...   snr=+8.0dB [pso]  snr=+10.0dB [pso]  snr=+12.0dB [pso]  snr=+14.0dB [pso]  snr=+16.0dB [pso]Done (33.66s)
Estimator batch 1767/2000 (active points 5/22) ...   snr=+8.0dB [pso]  snr=+10.0dB [pso]  snr=+12.0dB [pso]  snr=+14.0dB [pso]  snr=+16.0dB [pso]Done (36.67s)
Estimator batch 1768/2000 (active points 5/22) ...   snr=+8.0dB [pso]  snr=+10.0dB [pso]  snr=+12.0dB [pso]  snr=+14.0dB [pso]  snr=+16.0dB [pso]Done (35.98s)
Estimator batch 1769/2000 (active points 5/22) ...   snr=+8.0dB [pso]  snr=+10.0dB [pso]  snr=+12.0dB [pso]  snr=+14.0dB [pso]  snr=+16.0dB [pso]Done (36.54s)
Estimator batch 1770/2000 (active points 5/22) ...   snr=+8.0dB [pso]  snr=+10.0dB [pso]  snr=+12.0dB [pso]  snr=+14.0dB [pso]  snr=+16.0dB [pso]Done (31.34s)
Estimator batch 1771/2000 (active points 5/22) ...   snr=+8.0dB [pso]  snr=+10.0dB [pso]  snr=+12.0dB [pso]  snr=+14.0dB [pso]  snr=+16.0dB [pso]Done (36.19s)
Estimator batch 1772/2000 (active points 5/22) ...   snr=+8.0dB [pso]  snr=+10.0dB [pso]  snr=+12.0dB [pso]  snr=+14.0dB [pso]  snr=+16.0dB [pso]Done (35.90s)
Estimator batch 1773/2000 (active points 5/22) ...   snr=+8.0dB [pso]  snr=+10.0dB [pso]  snr=+12.0dB [pso]  snr=+14.0dB [pso]  snr=+16.0dB [pso]Done (35.47s)
Estimator batch 1774/2000 (active points 5/22) ...   snr=+8.0dB [pso]  snr=+10.0dB [pso]  snr=+12.0dB [pso]  snr=+14.0dB [pso]  snr=+16.0dB [pso]Done (38.28s)
Estimator batch 1775/2000 (active points 5/22) ...   snr=+8.0dB [pso]  snr=+10.0dB [pso]  snr=+12.0dB [pso]  snr=+14.0dB [pso]  snr=+16.0dB [pso]Done (36.65s)
Estimator batch 1776/2000 (active points 5/22) ...   snr=+8.0dB [pso]  snr=+10.0dB [pso]  snr=+12.0dB [pso]  snr=+14.0dB [pso]  snr=+16.0dB [pso]Done (41.54s)
Estimator batch 1777/2000 (active points 5/22) ...   snr=+8.0dB [pso]  snr=+10.0dB [pso]  snr=+12.0dB [pso]  snr=+14.0dB [pso]  snr=+16.0dB [pso]Done (28.71s)
Estimator batch 1778/2000 (active points 5/22) ...   snr=+8.0dB [pso]  snr=+10.0dB [pso]  snr=+12.0dB [pso]  snr=+14.0dB [pso]  snr=+16.0dB [pso]Done (37.74s)
Estimator batch 1779/2000 (active points 5/22) ...   snr=+8.0dB [pso]  snr=+10.0dB [pso]  snr=+12.0dB [pso]  snr=+14.0dB [pso]  snr=+16.0dB [pso]Done (40.46s)
Estimator batch 1780/2000 (active points 5/22) ...   snr=+8.0dB [pso]  snr=+10.0dB [pso]  snr=+12.0dB [pso]  snr=+14.0dB [pso]  snr=+16.0dB [pso]Done (41.75s)
Estimator batch 1781/2000 (active points 5/22) ...   snr=+8.0dB [pso]  snr=+10.0dB [pso]  snr=+12.0dB [pso]  snr=+14.0dB [pso]  snr=+16.0dB [pso]Done (34.01s)
Estimator batch 1782/2000 (active points 5/22) ...   snr=+8.0dB [pso]  snr=+10.0dB [pso]  snr=+12.0dB [pso]  snr=+14.0dB [pso]  snr=+16.0dB [pso]Done (36.31s)
Estimator batch 1783/2000 (active points 5/22) ...   snr=+8.0dB [pso]  snr=+10.0dB [pso]  snr=+12.0dB [pso]  snr=+14.0dB [pso]  snr=+16.0dB [pso]Done (34.26s)
Estimator batch 1784/2000 (active points 5/22) ...   snr=+8.0dB [pso]  snr=+10.0dB [pso]  snr=+12.0dB [pso]  snr=+14.0dB [pso]  snr=+16.0dB [pso]Done (38.58s)
Estimator batch 1785/2000 (active points 5/22) ...   snr=+8.0dB [pso]  snr=+10.0dB [pso]  snr=+12.0dB [pso]  snr=+14.0dB [pso]  snr=+16.0dB [pso]Done (36.33s)
Estimator batch 1786/2000 (active points 5/22) ...   snr=+8.0dB [pso]  snr=+10.0dB [pso]  snr=+12.0dB [pso]  snr=+14.0dB [pso]  snr=+16.0dB [pso]Done (33.67s)
Estimator batch 1787/2000 (active points 5/22) ...   snr=+8.0dB [pso]  snr=+10.0dB [pso]  snr=+12.0dB [pso]  snr=+14.0dB [pso]  snr=+16.0dB [pso]Done (33.02s)
Estimator batch 1788/2000 (active points 5/22) ...   snr=+8.0dB [pso]  snr=+10.0dB [pso]  snr=+12.0dB [pso]  snr=+14.0dB [pso]  snr=+16.0dB [pso]Done (33.85s)
Estimator batch 1789/2000 (active points 5/22) ...   snr=+8.0dB [pso]  snr=+10.0dB [pso]  snr=+12.0dB [pso]  snr=+14.0dB [pso]  snr=+16.0dB [pso]Done (40.60s)
Estimator batch 1790/2000 (active points 5/22) ...   snr=+8.0dB [pso]  snr=+10.0dB [pso]  snr=+12.0dB [pso]  snr=+14.0dB [pso]  snr=+16.0dB [pso]Done (34.19s)
Estimator batch 1791/2000 (active points 5/22) ...   snr=+8.0dB [pso]  snr=+10.0dB [pso]  snr=+12.0dB [pso]  snr=+14.0dB [pso]  snr=+16.0dB [pso]Done (40.73s)
Estimator batch 1792/2000 (active points 5/22) ...   snr=+8.0dB [pso]  snr=+10.0dB [pso]  snr=+12.0dB [pso]  snr=+14.0dB [pso]  snr=+16.0dB [pso]Done (35.76s)
Estimator batch 1793/2000 (active points 5/22) ...   snr=+8.0dB [pso]  snr=+10.0dB [pso]  snr=+12.0dB [pso]  snr=+14.0dB [pso]  snr=+16.0dB [pso]Done (36.51s)
Estimator batch 1794/2000 (active points 5/22) ...   snr=+8.0dB [pso]  snr=+10.0dB [pso]  snr=+12.0dB [pso]  snr=+14.0dB [pso]  snr=+16.0dB [pso]Done (37.57s)
Estimator batch 1795/2000 (active points 5/22) ...   snr=+8.0dB [pso]  snr=+10.0dB [pso]  snr=+12.0dB [pso]  snr=+14.0dB [pso]  snr=+16.0dB [pso]Done (38.56s)
Estimator batch 1796/2000 (active points 5/22) ...   snr=+8.0dB [pso]  snr=+10.0dB [pso]  snr=+12.0dB [pso]  snr=+14.0dB [pso]  snr=+16.0dB [pso]Done (34.39s)
Estimator batch 1797/2000 (active points 5/22) ...   snr=+8.0dB [pso]  snr=+10.0dB [pso]  snr=+12.0dB [pso]  snr=+14.0dB [pso]  snr=+16.0dB [pso]Done (37.77s)
Estimator batch 1798/2000 (active points 5/22) ...   snr=+8.0dB [pso]  snr=+10.0dB [pso]  snr=+12.0dB [pso]  snr=+14.0dB [pso]  snr=+16.0dB [pso]Done (37.93s)
Estimator batch 1799/2000 (active points 5/22) ...   snr=+8.0dB [pso]  snr=+10.0dB [pso]  snr=+12.0dB [pso]  snr=+14.0dB [pso]  snr=+16.0dB [pso]Done (35.74s)
Estimator batch 1800/2000 (active points 5/22) ...   snr=+8.0dB [pso]  snr=+10.0dB [pso]  snr=+12.0dB [pso]  snr=+14.0dB [pso]  snr=+16.0dB [pso]Done (38.58s)
Estimator batch 1801/2000 (active points 5/22) ...   snr=+8.0dB [pso]  snr=+10.0dB [pso]  snr=+12.0dB [pso]  snr=+14.0dB [pso]  snr=+16.0dB [pso]Done (36.94s)
Estimator batch 1802/2000 (active points 5/22) ...   snr=+8.0dB [pso]  snr=+10.0dB [pso]  snr=+12.0dB [pso]  snr=+14.0dB [pso]  snr=+16.0dB [pso]Done (32.40s)
Estimator batch 1803/2000 (active points 5/22) ...   snr=+8.0dB [pso]  snr=+10.0dB [pso]  snr=+12.0dB [pso]  snr=+14.0dB [pso]  snr=+16.0dB [pso]Done (31.43s)
Estimator batch 1804/2000 (active points 5/22) ...   snr=+8.0dB [pso]  snr=+10.0dB [pso]  snr=+12.0dB [pso]  snr=+14.0dB [pso]  snr=+16.0dB [pso]Done (36.54s)
Estimator batch 1805/2000 (active points 5/22) ...   snr=+8.0dB [pso]  snr=+10.0dB [pso]  snr=+12.0dB [pso]  snr=+14.0dB [pso]  snr=+16.0dB [pso]Done (32.63s)
Estimator batch 1806/2000 (active points 5/22) ...   snr=+8.0dB [pso]  snr=+10.0dB [pso]  snr=+12.0dB [pso]  snr=+14.0dB [pso]  snr=+16.0dB [pso]Done (31.91s)
Estimator batch 1807/2000 (active points 5/22) ...   snr=+8.0dB [pso]  snr=+10.0dB [pso]  snr=+12.0dB [pso]  snr=+14.0dB [pso]  snr=+16.0dB [pso]Done (35.58s)
Estimator batch 1808/2000 (active points 5/22) ...   snr=+8.0dB [pso]  snr=+10.0dB [pso]  snr=+12.0dB [pso]  snr=+14.0dB [pso]  snr=+16.0dB [pso]Done (33.57s)
Estimator batch 1809/2000 (active points 5/22) ...   snr=+8.0dB [pso]  snr=+10.0dB [pso]  snr=+12.0dB [pso]  snr=+14.0dB [pso]  snr=+16.0dB [pso]Done (37.64s)
Estimator batch 1810/2000 (active points 5/22) ...   snr=+8.0dB [pso]  snr=+10.0dB [pso]  snr=+12.0dB [pso]  snr=+14.0dB [pso]  snr=+16.0dB [pso]Done (38.66s)
Estimator batch 1811/2000 (active points 5/22) ...   snr=+8.0dB [pso]  snr=+10.0dB [pso]  snr=+12.0dB [pso]  snr=+14.0dB [pso]  snr=+16.0dB [pso]Done (36.98s)
Estimator batch 1812/2000 (active points 5/22) ...   snr=+8.0dB [pso]  snr=+10.0dB [pso]  snr=+12.0dB [pso]  snr=+14.0dB [pso]  snr=+16.0dB [pso]Done (30.67s)
Estimator batch 1813/2000 (active points 5/22) ...   snr=+8.0dB [pso]  snr=+10.0dB [pso]  snr=+12.0dB [pso]  snr=+14.0dB [pso]  snr=+16.0dB [pso]Done (39.99s)
Estimator batch 1814/2000 (active points 5/22) ...   snr=+8.0dB [pso]  snr=+10.0dB [pso]  snr=+12.0dB [pso]  snr=+14.0dB [pso]  snr=+16.0dB [pso]Done (33.84s)
Estimator batch 1815/2000 (active points 5/22) ...   snr=+8.0dB [pso]  snr=+10.0dB [pso]  snr=+12.0dB [pso]  snr=+14.0dB [pso]  snr=+16.0dB [pso]Done (34.78s)
Estimator batch 1816/2000 (active points 5/22) ...   snr=+8.0dB [pso]  snr=+10.0dB [pso]  snr=+12.0dB [pso]  snr=+14.0dB [pso]  snr=+16.0dB [pso]Done (37.21s)
Estimator batch 1817/2000 (active points 5/22) ...   snr=+8.0dB [pso]  snr=+10.0dB [pso]  snr=+12.0dB [pso]  snr=+14.0dB [pso]  snr=+16.0dB [pso]Done (32.88s)
Estimator batch 1818/2000 (active points 5/22) ...   snr=+8.0dB [pso]  snr=+10.0dB [pso]  snr=+12.0dB [pso]  snr=+14.0dB [pso]  snr=+16.0dB [pso]Done (38.25s)
Estimator batch 1819/2000 (active points 5/22) ...   snr=+8.0dB [pso]  snr=+10.0dB [pso]  snr=+12.0dB [pso]  snr=+14.0dB [pso]  snr=+16.0dB [pso]Done (37.40s)
Estimator batch 1820/2000 (active points 5/22) ...   snr=+8.0dB [pso]  snr=+10.0dB [pso]  snr=+12.0dB [pso]  snr=+14.0dB [pso]  snr=+16.0dB [pso]Done (31.98s)
Estimator batch 1821/2000 (active points 5/22) ...   snr=+8.0dB [pso]  snr=+10.0dB [pso]  snr=+12.0dB [pso]  snr=+14.0dB [pso]  snr=+16.0dB [pso]Done (31.06s)
Estimator batch 1822/2000 (active points 5/22) ...   snr=+8.0dB [pso]  snr=+10.0dB [pso]  snr=+12.0dB [pso]  snr=+14.0dB [pso]  snr=+16.0dB [pso]Done (34.86s)
Estimator batch 1823/2000 (active points 5/22) ...   snr=+8.0dB [pso]  snr=+10.0dB [pso]  snr=+12.0dB [pso]  snr=+14.0dB [pso]  snr=+16.0dB [pso]Done (37.84s)
Estimator batch 1824/2000 (active points 5/22) ...   snr=+8.0dB [pso]  snr=+10.0dB [pso]  snr=+12.0dB [pso]  snr=+14.0dB [pso]  snr=+16.0dB [pso]Done (34.44s)
Estimator batch 1825/2000 (active points 5/22) ...   snr=+8.0dB [pso]  snr=+10.0dB [pso]  snr=+12.0dB [pso]  snr=+14.0dB [pso]  snr=+16.0dB [pso]Done (34.37s)
Estimator batch 1826/2000 (active points 5/22) ...   snr=+8.0dB [pso]  snr=+10.0dB [pso]  snr=+12.0dB [pso]  snr=+14.0dB [pso]  snr=+16.0dB [pso]Done (37.00s)
Estimator batch 1827/2000 (active points 5/22) ...   snr=+8.0dB [pso]  snr=+10.0dB [pso]  snr=+12.0dB [pso]  snr=+14.0dB [pso]  snr=+16.0dB [pso]Done (39.45s)
Estimator batch 1828/2000 (active points 5/22) ...   snr=+8.0dB [pso]  snr=+10.0dB [pso]  snr=+12.0dB [pso]  snr=+14.0dB [pso]  snr=+16.0dB [pso]Done (35.34s)
Estimator batch 1829/2000 (active points 5/22) ...   snr=+8.0dB [pso]  snr=+10.0dB [pso]  snr=+12.0dB [pso]  snr=+14.0dB [pso]  snr=+16.0dB [pso]Done (36.93s)
Estimator batch 1830/2000 (active points 5/22) ...   snr=+8.0dB [pso]  snr=+10.0dB [pso]  snr=+12.0dB [pso]  snr=+14.0dB [pso]  snr=+16.0dB [pso]Done (32.60s)
Estimator batch 1831/2000 (active points 5/22) ...   snr=+8.0dB [pso]  snr=+10.0dB [pso]  snr=+12.0dB [pso]  snr=+14.0dB [pso]  snr=+16.0dB [pso]Done (43.18s)
Estimator batch 1832/2000 (active points 5/22) ...   snr=+8.0dB [pso]  snr=+10.0dB [pso]  snr=+12.0dB [pso]  snr=+14.0dB [pso]  snr=+16.0dB [pso]Done (32.37s)
Estimator batch 1833/2000 (active points 5/22) ...   snr=+8.0dB [pso]  snr=+10.0dB [pso]  snr=+12.0dB [pso]  snr=+14.0dB [pso]  snr=+16.0dB [pso]Done (36.39s)
Estimator batch 1834/2000 (active points 4/22) ...   snr=+8.0dB [pso]  snr=+10.0dB [pso]  snr=+12.0dB [pso]  snr=+16.0dB [pso]Done (28.60s)
Estimator batch 1835/2000 (active points 4/22) ...   snr=+8.0dB [pso]  snr=+10.0dB [pso]  snr=+12.0dB [pso]  snr=+16.0dB [pso]Done (28.62s)
Estimator batch 1836/2000 (active points 4/22) ...   snr=+8.0dB [pso]  snr=+10.0dB [pso]  snr=+12.0dB [pso]  snr=+16.0dB [pso]Done (28.26s)
Estimator batch 1837/2000 (active points 4/22) ...   snr=+8.0dB [pso]  snr=+10.0dB [pso]  snr=+12.0dB [pso]  snr=+16.0dB [pso]Done (26.68s)
Estimator batch 1838/2000 (active points 4/22) ...   snr=+8.0dB [pso]  snr=+10.0dB [pso]  snr=+12.0dB [pso]  snr=+16.0dB [pso]Done (29.29s)
Estimator batch 1839/2000 (active points 4/22) ...   snr=+8.0dB [pso]  snr=+10.0dB [pso]  snr=+12.0dB [pso]  snr=+16.0dB [pso]Done (31.67s)
Estimator batch 1840/2000 (active points 4/22) ...   snr=+8.0dB [pso]  snr=+10.0dB [pso]  snr=+12.0dB [pso]  snr=+16.0dB [pso]Done (32.13s)
Estimator batch 1841/2000 (active points 3/22) ...   snr=+10.0dB [pso]  snr=+12.0dB [pso]  snr=+16.0dB [pso]Done (20.36s)
Estimator batch 1842/2000 (active points 3/22) ...   snr=+10.0dB [pso]  snr=+12.0dB [pso]  snr=+16.0dB [pso]Done (22.47s)
Estimator batch 1843/2000 (active points 3/22) ...   snr=+10.0dB [pso]  snr=+12.0dB [pso]  snr=+16.0dB [pso]Done (23.13s)
Estimator batch 1844/2000 (active points 3/22) ...   snr=+10.0dB [pso]  snr=+12.0dB [pso]  snr=+16.0dB [pso]Done (23.57s)
Estimator batch 1845/2000 (active points 3/22) ...   snr=+10.0dB [pso]  snr=+12.0dB [pso]  snr=+16.0dB [pso]Done (23.12s)
Estimator batch 1846/2000 (active points 3/22) ...   snr=+10.0dB [pso]  snr=+12.0dB [pso]  snr=+16.0dB [pso]Done (19.60s)
Estimator batch 1847/2000 (active points 3/22) ...   snr=+10.0dB [pso]  snr=+12.0dB [pso]  snr=+16.0dB [pso]Done (23.62s)
Estimator batch 1848/2000 (active points 3/22) ...   snr=+10.0dB [pso]  snr=+12.0dB [pso]  snr=+16.0dB [pso]Done (23.93s)
Estimator batch 1849/2000 (active points 3/22) ...   snr=+10.0dB [pso]  snr=+12.0dB [pso]  snr=+16.0dB [pso]Done (21.82s)
Estimator batch 1850/2000 (active points 3/22) ...   snr=+10.0dB [pso]  snr=+12.0dB [pso]  snr=+16.0dB [pso]Done (22.18s)
Estimator batch 1851/2000 (active points 3/22) ...   snr=+10.0dB [pso]  snr=+12.0dB [pso]  snr=+16.0dB [pso]Done (25.25s)
Estimator batch 1852/2000 (active points 3/22) ...   snr=+10.0dB [pso]  snr=+12.0dB [pso]  snr=+16.0dB [pso]Done (19.33s)
Estimator batch 1853/2000 (active points 3/22) ...   snr=+10.0dB [pso]  snr=+12.0dB [pso]  snr=+16.0dB [pso]Done (23.65s)
Estimator batch 1854/2000 (active points 3/22) ...   snr=+10.0dB [pso]  snr=+12.0dB [pso]  snr=+16.0dB [pso]Done (20.29s)
Estimator batch 1855/2000 (active points 3/22) ...   snr=+10.0dB [pso]  snr=+12.0dB [pso]  snr=+16.0dB [pso]Done (18.74s)
Estimator batch 1856/2000 (active points 3/22) ...   snr=+10.0dB [pso]  snr=+12.0dB [pso]  snr=+16.0dB [pso]Done (19.15s)
Estimator batch 1857/2000 (active points 3/22) ...   snr=+10.0dB [pso]  snr=+12.0dB [pso]  snr=+16.0dB [pso]Done (17.61s)
Estimator batch 1858/2000 (active points 3/22) ...   snr=+10.0dB [pso]  snr=+12.0dB [pso]  snr=+16.0dB [pso]Done (18.95s)
Estimator batch 1859/2000 (active points 3/22) ...   snr=+10.0dB [pso]  snr=+12.0dB [pso]  snr=+16.0dB [pso]Done (22.98s)
Estimator batch 1860/2000 (active points 3/22) ...   snr=+10.0dB [pso]  snr=+12.0dB [pso]  snr=+16.0dB [pso]Done (19.50s)
Estimator batch 1861/2000 (active points 3/22) ...   snr=+10.0dB [pso]  snr=+12.0dB [pso]  snr=+16.0dB [pso]Done (22.29s)
Estimator batch 1862/2000 (active points 3/22) ...   snr=+10.0dB [pso]  snr=+12.0dB [pso]  snr=+16.0dB [pso]Done (21.84s)
Estimator batch 1863/2000 (active points 3/22) ...   snr=+10.0dB [pso]  snr=+12.0dB [pso]  snr=+16.0dB [pso]Done (20.75s)
Estimator batch 1864/2000 (active points 3/22) ...   snr=+10.0dB [pso]  snr=+12.0dB [pso]  snr=+16.0dB [pso]Done (22.96s)
Estimator batch 1865/2000 (active points 3/22) ...   snr=+10.0dB [pso]  snr=+12.0dB [pso]  snr=+16.0dB [pso]Done (21.58s)
Estimator batch 1866/2000 (active points 3/22) ...   snr=+10.0dB [pso]  snr=+12.0dB [pso]  snr=+16.0dB [pso]Done (21.19s)
Estimator batch 1867/2000 (active points 3/22) ...   snr=+10.0dB [pso]  snr=+12.0dB [pso]  snr=+16.0dB [pso]Done (22.30s)
Estimator batch 1868/2000 (active points 3/22) ...   snr=+10.0dB [pso]  snr=+12.0dB [pso]  snr=+16.0dB [pso]Done (22.51s)
Estimator batch 1869/2000 (active points 3/22) ...   snr=+10.0dB [pso]  snr=+12.0dB [pso]  snr=+16.0dB [pso]Done (21.52s)
Estimator batch 1870/2000 (active points 3/22) ...   snr=+10.0dB [pso]  snr=+12.0dB [pso]  snr=+16.0dB [pso]Done (18.65s)
Estimator batch 1871/2000 (active points 3/22) ...   snr=+10.0dB [pso]  snr=+12.0dB [pso]  snr=+16.0dB [pso]Done (20.11s)
Estimator batch 1872/2000 (active points 3/22) ...   snr=+10.0dB [pso]  snr=+12.0dB [pso]  snr=+16.0dB [pso]Done (24.32s)
Estimator batch 1873/2000 (active points 3/22) ...   snr=+10.0dB [pso]  snr=+12.0dB [pso]  snr=+16.0dB [pso]Done (19.50s)
Estimator batch 1874/2000 (active points 3/22) ...   snr=+10.0dB [pso]  snr=+12.0dB [pso]  snr=+16.0dB [pso]Done (20.84s)
Estimator batch 1875/2000 (active points 3/22) ...   snr=+10.0dB [pso]  snr=+12.0dB [pso]  snr=+16.0dB [pso]Done (20.26s)
Estimator batch 1876/2000 (active points 3/22) ...   snr=+10.0dB [pso]  snr=+12.0dB [pso]  snr=+16.0dB [pso]Done (22.28s)
Estimator batch 1877/2000 (active points 3/22) ...   snr=+10.0dB [pso]  snr=+12.0dB [pso]  snr=+16.0dB [pso]Done (20.89s)
Estimator batch 1878/2000 (active points 3/22) ...   snr=+10.0dB [pso]  snr=+12.0dB [pso]  snr=+16.0dB [pso]Done (16.51s)
Estimator batch 1879/2000 (active points 3/22) ...   snr=+10.0dB [pso]  snr=+12.0dB [pso]  snr=+16.0dB [pso]Done (23.09s)
Estimator batch 1880/2000 (active points 3/22) ...   snr=+10.0dB [pso]  snr=+12.0dB [pso]  snr=+16.0dB [pso]Done (23.57s)
Estimator batch 1881/2000 (active points 3/22) ...   snr=+10.0dB [pso]  snr=+12.0dB [pso]  snr=+16.0dB [pso]Done (20.28s)
Estimator batch 1882/2000 (active points 3/22) ...   snr=+10.0dB [pso]  snr=+12.0dB [pso]  snr=+16.0dB [pso]Done (24.18s)
Estimator batch 1883/2000 (active points 3/22) ...   snr=+10.0dB [pso]  snr=+12.0dB [pso]  snr=+16.0dB [pso]Done (19.60s)
Estimator batch 1884/2000 (active points 3/22) ...   snr=+10.0dB [pso]  snr=+12.0dB [pso]  snr=+16.0dB [pso]Done (20.67s)
Estimator batch 1885/2000 (active points 3/22) ...   snr=+10.0dB [pso]  snr=+12.0dB [pso]  snr=+16.0dB [pso]Done (19.37s)
Estimator batch 1886/2000 (active points 3/22) ...   snr=+10.0dB [pso]  snr=+12.0dB [pso]  snr=+16.0dB [pso]Done (18.67s)
Estimator batch 1887/2000 (active points 3/22) ...   snr=+10.0dB [pso]  snr=+12.0dB [pso]  snr=+16.0dB [pso]Done (21.52s)
Estimator batch 1888/2000 (active points 3/22) ...   snr=+10.0dB [pso]  snr=+12.0dB [pso]  snr=+16.0dB [pso]Done (19.78s)
Estimator batch 1889/2000 (active points 2/22) ...   snr=+10.0dB [pso]  snr=+12.0dB [pso]Done (11.97s)
Estimator batch 1890/2000 (active points 2/22) ...   snr=+10.0dB [pso]  snr=+12.0dB [pso]Done (13.16s)
Estimator batch 1891/2000 (active points 2/22) ...   snr=+10.0dB [pso]  snr=+12.0dB [pso]Done (14.17s)
Estimator batch 1892/2000 (active points 2/22) ...   snr=+10.0dB [pso]  snr=+12.0dB [pso]Done (12.88s)
Estimator batch 1893/2000 (active points 2/22) ...   snr=+10.0dB [pso]  snr=+12.0dB [pso]Done (15.22s)
Estimator batch 1894/2000 (active points 2/22) ...   snr=+10.0dB [pso]  snr=+12.0dB [pso]Done (15.24s)
Estimator batch 1895/2000 (active points 2/22) ...   snr=+10.0dB [pso]  snr=+12.0dB [pso]Done (14.70s)
Estimator batch 1896/2000 (active points 2/22) ...   snr=+10.0dB [pso]  snr=+12.0dB [pso]Done (12.27s)
Estimator batch 1897/2000 (active points 2/22) ...   snr=+10.0dB [pso]  snr=+12.0dB [pso]Done (15.51s)
Estimator batch 1898/2000 (active points 2/22) ...   snr=+10.0dB [pso]  snr=+12.0dB [pso]Done (15.28s)
Estimator batch 1899/2000 (active points 2/22) ...   snr=+10.0dB [pso]  snr=+12.0dB [pso]Done (14.32s)
Estimator batch 1900/2000 (active points 2/22) ...   snr=+10.0dB [pso]  snr=+12.0dB [pso]Done (14.79s)
Estimator batch 1901/2000 (active points 2/22) ...   snr=+10.0dB [pso]  snr=+12.0dB [pso]Done (13.95s)
Estimator batch 1902/2000 (active points 2/22) ...   snr=+10.0dB [pso]  snr=+12.0dB [pso]Done (15.18s)
Estimator batch 1903/2000 (active points 2/22) ...   snr=+10.0dB [pso]  snr=+12.0dB [pso]Done (14.85s)
Estimator batch 1904/2000 (active points 2/22) ...   snr=+10.0dB [pso]  snr=+12.0dB [pso]Done (13.57s)
Estimator batch 1905/2000 (active points 2/22) ...   snr=+10.0dB [pso]  snr=+12.0dB [pso]Done (16.26s)
Estimator batch 1906/2000 (active points 2/22) ...   snr=+10.0dB [pso]  snr=+12.0dB [pso]Done (13.51s)
Estimator batch 1907/2000 (active points 2/22) ...   snr=+10.0dB [pso]  snr=+12.0dB [pso]Done (15.27s)
Estimator batch 1908/2000 (active points 2/22) ...   snr=+10.0dB [pso]  snr=+12.0dB [pso]Done (12.20s)
Estimator batch 1909/2000 (active points 2/22) ...   snr=+10.0dB [pso]  snr=+12.0dB [pso]Done (13.77s)
Estimator batch 1910/2000 (active points 2/22) ...   snr=+10.0dB [pso]  snr=+12.0dB [pso]Done (12.50s)
Estimator batch 1911/2000 (active points 2/22) ...   snr=+10.0dB [pso]  snr=+12.0dB [pso]Done (14.94s)
Estimator batch 1912/2000 (active points 2/22) ...   snr=+10.0dB [pso]  snr=+12.0dB [pso]Done (11.94s)
Estimator batch 1913/2000 (active points 2/22) ...   snr=+10.0dB [pso]  snr=+12.0dB [pso]Done (15.44s)
Estimator batch 1914/2000 (active points 2/22) ...   snr=+10.0dB [pso]  snr=+12.0dB [pso]Done (15.02s)
Estimator batch 1915/2000 (active points 2/22) ...   snr=+10.0dB [pso]  snr=+12.0dB [pso]Done (14.70s)
Estimator batch 1916/2000 (active points 2/22) ...   snr=+10.0dB [pso]  snr=+12.0dB [pso]Done (12.78s)
Estimator batch 1917/2000 (active points 2/22) ...   snr=+10.0dB [pso]  snr=+12.0dB [pso]Done (12.60s)
Estimator batch 1918/2000 (active points 2/22) ...   snr=+10.0dB [pso]  snr=+12.0dB [pso]Done (13.51s)
Estimator batch 1919/2000 (active points 2/22) ...   snr=+10.0dB [pso]  snr=+12.0dB [pso]Done (14.56s)
Estimator batch 1920/2000 (active points 2/22) ...   snr=+10.0dB [pso]  snr=+12.0dB [pso]Done (11.42s)
Estimator batch 1921/2000 (active points 2/22) ...   snr=+10.0dB [pso]  snr=+12.0dB [pso]Done (11.67s)
Estimator batch 1922/2000 (active points 2/22) ...   snr=+10.0dB [pso]  snr=+12.0dB [pso]Done (12.80s)
Estimator batch 1923/2000 (active points 2/22) ...   snr=+10.0dB [pso]  snr=+12.0dB [pso]Done (12.01s)
Estimator batch 1924/2000 (active points 2/22) ...   snr=+10.0dB [pso]  snr=+12.0dB [pso]Done (14.45s)
Estimator batch 1925/2000 (active points 2/22) ...   snr=+10.0dB [pso]  snr=+12.0dB [pso]Done (13.64s)
Estimator batch 1926/2000 (active points 2/22) ...   snr=+10.0dB [pso]  snr=+12.0dB [pso]Done (14.97s)
Estimator batch 1927/2000 (active points 2/22) ...   snr=+10.0dB [pso]  snr=+12.0dB [pso]Done (13.28s)
Estimator batch 1928/2000 (active points 2/22) ...   snr=+10.0dB [pso]  snr=+12.0dB [pso]Done (14.20s)
Estimator batch 1929/2000 (active points 2/22) ...   snr=+10.0dB [pso]  snr=+12.0dB [pso]Done (15.36s)
Estimator batch 1930/2000 (active points 2/22) ...   snr=+10.0dB [pso]  snr=+12.0dB [pso]Done (13.77s)
Estimator batch 1931/2000 (active points 2/22) ...   snr=+10.0dB [pso]  snr=+12.0dB [pso]Done (10.99s)
Estimator batch 1932/2000 (active points 2/22) ...   snr=+10.0dB [pso]  snr=+12.0dB [pso]Done (10.58s)
Estimator batch 1933/2000 (active points 2/22) ...   snr=+10.0dB [pso]  snr=+12.0dB [pso]Done (12.47s)
Estimator batch 1934/2000 (active points 2/22) ...   snr=+10.0dB [pso]  snr=+12.0dB [pso]Done (12.18s)
Estimator batch 1935/2000 (active points 2/22) ...   snr=+10.0dB [pso]  snr=+12.0dB [pso]Done (14.86s)
Estimator batch 1936/2000 (active points 2/22) ...   snr=+10.0dB [pso]  snr=+12.0dB [pso]Done (15.82s)
Estimator batch 1937/2000 (active points 2/22) ...   snr=+10.0dB [pso]  snr=+12.0dB [pso]Done (11.57s)
Estimator batch 1938/2000 (active points 2/22) ...   snr=+10.0dB [pso]  snr=+12.0dB [pso]Done (12.75s)
Estimator batch 1939/2000 (active points 2/22) ...   snr=+10.0dB [pso]  snr=+12.0dB [pso]Done (14.96s)
Estimator batch 1940/2000 (active points 2/22) ...   snr=+10.0dB [pso]  snr=+12.0dB [pso]Done (13.37s)
Estimator batch 1941/2000 (active points 2/22) ...   snr=+10.0dB [pso]  snr=+12.0dB [pso]Done (14.94s)
Estimator batch 1942/2000 (active points 2/22) ...   snr=+10.0dB [pso]  snr=+12.0dB [pso]Done (15.70s)
Estimator batch 1943/2000 (active points 2/22) ...   snr=+10.0dB [pso]  snr=+12.0dB [pso]Done (12.16s)
Estimator batch 1944/2000 (active points 2/22) ...   snr=+10.0dB [pso]  snr=+12.0dB [pso]Done (15.40s)
Estimator batch 1945/2000 (active points 2/22) ...   snr=+10.0dB [pso]  snr=+12.0dB [pso]Done (11.09s)
Estimator batch 1946/2000 (active points 2/22) ...   snr=+10.0dB [pso]  snr=+12.0dB [pso]Done (15.57s)
Estimator batch 1947/2000 (active points 2/22) ...   snr=+10.0dB [pso]  snr=+12.0dB [pso]Done (13.76s)
Estimator batch 1948/2000 (active points 2/22) ...   snr=+10.0dB [pso]  snr=+12.0dB [pso]Done (13.70s)
Estimator batch 1949/2000 (active points 2/22) ...   snr=+10.0dB [pso]  snr=+12.0dB [pso]Done (14.76s)
Estimator batch 1950/2000 (active points 2/22) ...   snr=+10.0dB [pso]  snr=+12.0dB [pso]Done (15.11s)
Estimator batch 1951/2000 (active points 2/22) ...   snr=+10.0dB [pso]  snr=+12.0dB [pso]Done (15.03s)
Estimator batch 1952/2000 (active points 2/22) ...   snr=+10.0dB [pso]  snr=+12.0dB [pso]Done (13.84s)
Estimator batch 1953/2000 (active points 2/22) ...   snr=+10.0dB [pso]  snr=+12.0dB [pso]Done (13.62s)
Estimator batch 1954/2000 (active points 2/22) ...   snr=+10.0dB [pso]  snr=+12.0dB [pso]Done (13.68s)
Estimator batch 1955/2000 (active points 2/22) ...   snr=+10.0dB [pso]  snr=+12.0dB [pso]Done (13.91s)
Estimator batch 1956/2000 (active points 2/22) ...   snr=+10.0dB [pso]  snr=+12.0dB [pso]Done (14.35s)
Estimator batch 1957/2000 (active points 2/22) ...   snr=+10.0dB [pso]  snr=+12.0dB [pso]Done (11.74s)
Estimator batch 1958/2000 (active points 2/22) ...   snr=+10.0dB [pso]  snr=+12.0dB [pso]Done (14.46s)
Estimator batch 1959/2000 (active points 2/22) ...   snr=+10.0dB [pso]  snr=+12.0dB [pso]Done (12.64s)
Estimator batch 1960/2000 (active points 2/22) ...   snr=+10.0dB [pso]  snr=+12.0dB [pso]Done (12.62s)
Estimator batch 1961/2000 (active points 2/22) ...   snr=+10.0dB [pso]  snr=+12.0dB [pso]Done (13.41s)
Estimator batch 1962/2000 (active points 2/22) ...   snr=+10.0dB [pso]  snr=+12.0dB [pso]Done (12.72s)
Estimator batch 1963/2000 (active points 2/22) ...   snr=+10.0dB [pso]  snr=+12.0dB [pso]Done (13.97s)
Estimator batch 1964/2000 (active points 2/22) ...   snr=+10.0dB [pso]  snr=+12.0dB [pso]Done (14.59s)
Estimator batch 1965/2000 (active points 2/22) ...   snr=+10.0dB [pso]  snr=+12.0dB [pso]Done (12.76s)
Estimator batch 1966/2000 (active points 2/22) ...   snr=+10.0dB [pso]  snr=+12.0dB [pso]Done (14.26s)
Estimator batch 1967/2000 (active points 2/22) ...   snr=+10.0dB [pso]  snr=+12.0dB [pso]Done (13.25s)
Estimator batch 1968/2000 (active points 2/22) ...   snr=+10.0dB [pso]  snr=+12.0dB [pso]Done (12.02s)
Estimator batch 1969/2000 (active points 2/22) ...   snr=+10.0dB [pso]  snr=+12.0dB [pso]Done (14.20s)
Estimator batch 1970/2000 (active points 2/22) ...   snr=+10.0dB [pso]  snr=+12.0dB [pso]Done (14.85s)
Estimator batch 1971/2000 (active points 2/22) ...   snr=+10.0dB [pso]  snr=+12.0dB [pso]Done (12.51s)
Estimator batch 1972/2000 (active points 2/22) ...   snr=+10.0dB [pso]  snr=+12.0dB [pso]Done (12.54s)
Estimator batch 1973/2000 (active points 2/22) ...   snr=+10.0dB [pso]  snr=+12.0dB [pso]Done (15.47s)
Estimator batch 1974/2000 (active points 2/22) ...   snr=+10.0dB [pso]  snr=+12.0dB [pso]Done (12.73s)
Estimator batch 1975/2000 (active points 2/22) ...   snr=+10.0dB [pso]  snr=+12.0dB [pso]Done (11.86s)
Estimator batch 1976/2000 (active points 2/22) ...   snr=+10.0dB [pso]  snr=+12.0dB [pso]Done (15.15s)
Estimator batch 1977/2000 (active points 2/22) ...   snr=+10.0dB [pso]  snr=+12.0dB [pso]Done (11.90s)
Estimator batch 1978/2000 (active points 2/22) ...   snr=+10.0dB [pso]  snr=+12.0dB [pso]Done (12.41s)
Estimator batch 1979/2000 (active points 2/22) ...   snr=+10.0dB [pso]  snr=+12.0dB [pso]Done (14.85s)
Estimator batch 1980/2000 (active points 2/22) ...   snr=+10.0dB [pso]  snr=+12.0dB [pso]Done (12.95s)
Estimator batch 1981/2000 (active points 2/22) ...   snr=+10.0dB [pso]  snr=+12.0dB [pso]Done (13.96s)
Estimator batch 1982/2000 (active points 2/22) ...   snr=+10.0dB [pso]  snr=+12.0dB [pso]Done (12.50s)
Estimator batch 1983/2000 (active points 2/22) ...   snr=+10.0dB [pso]  snr=+12.0dB [pso]Done (15.81s)
Estimator batch 1984/2000 (active points 2/22) ...   snr=+10.0dB [pso]  snr=+12.0dB [pso]Done (14.44s)
Estimator batch 1985/2000 (active points 2/22) ...   snr=+10.0dB [pso]  snr=+12.0dB [pso]Done (13.53s)
Estimator batch 1986/2000 (active points 2/22) ...   snr=+10.0dB [pso]  snr=+12.0dB [pso]Done (11.79s)
Estimator batch 1987/2000 (active points 2/22) ...   snr=+10.0dB [pso]  snr=+12.0dB [pso]Done (13.13s)
Estimator batch 1988/2000 (active points 2/22) ...   snr=+10.0dB [pso]  snr=+12.0dB [pso]Done (11.92s)
Estimator batch 1989/2000 (active points 2/22) ...   snr=+10.0dB [pso]  snr=+12.0dB [pso]Done (11.95s)
Estimator batch 1990/2000 (active points 2/22) ...   snr=+10.0dB [pso]  snr=+12.0dB [pso]Done (13.19s)
Estimator batch 1991/2000 (active points 2/22) ...   snr=+10.0dB [pso]  snr=+12.0dB [pso]Done (12.65s)
Estimator batch 1992/2000 (active points 2/22) ...   snr=+10.0dB [pso]  snr=+12.0dB [pso]Done (13.10s)
Estimator batch 1993/2000 (active points 2/22) ...   snr=+10.0dB [pso]  snr=+12.0dB [pso]Done (15.31s)
Estimator batch 1994/2000 (active points 2/22) ...   snr=+10.0dB [pso]  snr=+12.0dB [pso]Done (15.35s)
Estimator batch 1995/2000 (active points 2/22) ...   snr=+10.0dB [pso]  snr=+12.0dB [pso]Done (14.72s)
Estimator batch 1996/2000 (active points 2/22) ...   snr=+10.0dB [pso]  snr=+12.0dB [pso]Done (12.91s)
Estimator batch 1997/2000 (active points 2/22) ...   snr=+10.0dB [pso]  snr=+12.0dB [pso]Done (14.50s)
Estimator batch 1998/2000 (active points 2/22) ...   snr=+10.0dB [pso]  snr=+12.0dB [pso]Done (15.71s)
Estimator batch 1999/2000 (active points 2/22) ...   snr=+10.0dB [pso]  snr=+12.0dB [pso]Done (13.69s)
Estimator batch 2000/2000 (active points 2/22) ...   snr=+10.0dB [pso]  snr=+12.0dB [pso]Done (16.29s)
Estimator: ls
  Eb/No= 0.0 dB | BER=2.420e-02 | BERub=2.433e-02 | Status=resolved | Stop=target_block_errors | Latency=474.883 ms
  Eb/No= 2.0 dB | BER=4.136e-03 | BERub=4.183e-03 | Status=resolved | Stop=target_block_errors | Latency=473.148 ms
  Eb/No= 4.0 dB | BER=1.118e-03 | BERub=1.130e-03 | Status=resolved | Stop=target_block_errors | Latency=480.411 ms
  Eb/No= 6.0 dB | BER=5.331e-04 | BERub=5.380e-04 | Status=resolved | Stop=target_block_errors | Latency=464.883 ms
  Eb/No= 8.0 dB | BER=3.223e-04 | BERub=3.253e-04 | Status=resolved | Stop=target_block_errors | Latency=464.535 ms
  Eb/No=10.0 dB | BER=2.574e-04 | BERub=2.599e-04 | Status=resolved | Stop=target_block_errors | Latency=466.504 ms
  Eb/No=12.0 dB | BER=3.523e-04 | BERub=3.560e-04 | Status=resolved | Stop=target_block_errors | Latency=467.862 ms
  Eb/No=14.0 dB | BER=2.941e-04 | BERub=2.972e-04 | Status=resolved | Stop=target_block_errors | Latency=463.443 ms
  Eb/No=16.0 dB | BER=2.898e-04 | BERub=2.932e-04 | Status=resolved | Stop=target_block_errors | Latency=462.167 ms
  Eb/No=18.0 dB | BER=3.865e-04 | BERub=3.908e-04 | Status=resolved | Stop=target_block_errors | Latency=463.775 ms
  Eb/No=20.0 dB | BER=3.327e-04 | BERub=3.364e-04 | Status=resolved | Stop=target_block_errors | Latency=462.103 ms
Estimator: pso
  Eb/No= 0.0 dB | BER=4.791e-03 | BERub=4.844e-03 | Status=resolved | Stop=target_block_errors | Latency=467.175 ms
  Eb/No= 2.0 dB | BER=7.089e-04 | BERub=7.167e-04 | Status=resolved | Stop=target_block_errors | Latency=466.726 ms
  Eb/No= 4.0 dB | BER=2.603e-04 | BERub=2.629e-04 | Status=resolved | Stop=target_block_errors | Latency=462.075 ms
  Eb/No= 6.0 dB | BER=8.535e-05 | BERub=8.618e-05 | Status=resolved | Stop=target_block_errors | Latency=462.165 ms
  Eb/No= 8.0 dB | BER=4.939e-05 | BERub=4.983e-05 | Status=resolved | Stop=target_block_errors | Latency=473.980 ms
  Eb/No=10.0 dB | BER=4.720e-05 | BERub=4.760e-05 | Status=resolved | Stop=max_batches | Latency=474.909 ms
  Eb/No=12.0 dB | BER=3.746e-05 | BERub=3.782e-05 | Status=resolved | Stop=max_batches | Latency=475.887 ms
  Eb/No=14.0 dB | BER=4.589e-05 | BERub=4.630e-05 | Status=resolved | Stop=target_block_errors | Latency=473.675 ms
  Eb/No=16.0 dB | BER=4.199e-05 | BERub=4.238e-05 | Status=resolved | Stop=target_block_errors | Latency=474.547 ms
  Eb/No=18.0 dB | BER=3.155e-05 | BERub=3.191e-05 | Status=resolved | Stop=target_block_errors | Latency=469.983 ms
  Eb/No=20.0 dB | BER=3.944e-05 | BERub=3.987e-05 | Status=resolved | Stop=target_block_errors | Latency=462.825 ms
