Log file: /app/results/20260415_052116_dft_umi_qpsk_s/simulation.log
Loaded configuration for scenario: umi
======================================================================
  6G Smart Factory Simulation Flow
======================================================================
Stages: estimators
Estimators: ['dft']
Factory sizes: Small
Modulations: QPSK
Channels: tr38901
Scenario: umi
Eb/No Range: [0.0, 2.0, 4.0, 6.0, 8.0, 10.0, 12.0, 14.0, 16.0, 18.0, 20.0]
Run directory: results/20260415_052116_dft_umi_qpsk_s
----------------------------------------------------------------------

======================================================================
  Small
======================================================================
[estimators] Starting...
Estimator batch 1/2000 (active points 11/11) [0s elapsed] ...   snr=+0.0dB [dft]  snr=+2.0dB [dft]  snr=+4.0dB [dft]  snr=+6.0dB [dft]  snr=+8.0dB [dft]  snr=+10.0dB [dft]  snr=+12.0dB [dft]  snr=+14.0dB [dft]  snr=+16.0dB [dft]  snr=+18.0dB [dft]  snr=+20.0dB [dft]Done (7.64s)
Estimator batch 2/2000 (active points 11/11) [7s elapsed] ...   snr=+0.0dB [dft]  snr=+2.0dB [dft]  snr=+4.0dB [dft]  snr=+6.0dB [dft]  snr=+8.0dB [dft]  snr=+10.0dB [dft]  snr=+12.0dB [dft]  snr=+14.0dB [dft]  snr=+16.0dB [dft]  snr=+18.0dB [dft]  snr=+20.0dB [dft]Done (7.93s)
Estimator batch 3/2000 (active points 11/11) [15s elapsed] ...   snr=+0.0dB [dft]  snr=+2.0dB [dft]  snr=+4.0dB [dft]  snr=+6.0dB [dft]  snr=+8.0dB [dft]  snr=+10.0dB [dft]  snr=+12.0dB [dft]  snr=+14.0dB [dft]  snr=+16.0dB [dft]  snr=+18.0dB [dft]  snr=+20.0dB [dft]Done (7.70s)
Estimator batch 4/2000 (active points 11/11) [23s elapsed] ...   snr=+0.0dB [dft]  snr=+2.0dB [dft]  snr=+4.0dB [dft]  snr=+6.0dB [dft]  snr=+8.0dB [dft]  snr=+10.0dB [dft]  snr=+12.0dB [dft]  snr=+14.0dB [dft]  snr=+16.0dB [dft]  snr=+18.0dB [dft]  snr=+20.0dB [dft]Done (7.70s)
Estimator batch 5/2000 (active points 11/11) [30s elapsed] ...   snr=+0.0dB [dft]  snr=+2.0dB [dft]  snr=+4.0dB [dft]  snr=+6.0dB [dft]  snr=+8.0dB [dft]  snr=+10.0dB [dft]  snr=+12.0dB [dft]  snr=+14.0dB [dft]  snr=+16.0dB [dft]  snr=+18.0dB [dft]  snr=+20.0dB [dft]Done (7.62s)
Estimator batch 6/2000 (active points 11/11) [38s elapsed] ...   snr=+0.0dB [dft]  snr=+2.0dB [dft]  snr=+4.0dB [dft]  snr=+6.0dB [dft]  snr=+8.0dB [dft]  snr=+10.0dB [dft]  snr=+12.0dB [dft]  snr=+14.0dB [dft]  snr=+16.0dB [dft]  snr=+18.0dB [dft]  snr=+20.0dB [dft]Done (7.70s)
Estimator batch 7/2000 (active points 11/11) [46s elapsed] ...   snr=+0.0dB [dft]  snr=+2.0dB [dft]  snr=+4.0dB [dft]  snr=+6.0dB [dft]  snr=+8.0dB [dft]  snr=+10.0dB [dft]  snr=+12.0dB [dft]  snr=+14.0dB [dft]  snr=+16.0dB [dft]  snr=+18.0dB [dft]  snr=+20.0dB [dft]Done (8.12s)
Estimator batch 8/2000 (active points 11/11) [54s elapsed] ...   snr=+0.0dB [dft]  snr=+2.0dB [dft]  snr=+4.0dB [dft]  snr=+6.0dB [dft]  snr=+8.0dB [dft]  snr=+10.0dB [dft]  snr=+12.0dB [dft]  snr=+14.0dB [dft]  snr=+16.0dB [dft]  snr=+18.0dB [dft]  snr=+20.0dB [dft]Done (7.63s)
Estimator batch 9/2000 (active points 11/11) [1m 02s elapsed] ...   snr=+0.0dB [dft]  snr=+2.0dB [dft]  snr=+4.0dB [dft]  snr=+6.0dB [dft]  snr=+8.0dB [dft]  snr=+10.0dB [dft]  snr=+12.0dB [dft]  snr=+14.0dB [dft]  snr=+16.0dB [dft]  snr=+18.0dB [dft]  snr=+20.0dB [dft]Done (7.66s)
Estimator batch 10/2000 (active points 11/11) [1m 09s elapsed] ...   snr=+0.0dB [dft]  snr=+2.0dB [dft]  snr=+4.0dB [dft]  snr=+6.0dB [dft]  snr=+8.0dB [dft]  snr=+10.0dB [dft]  snr=+12.0dB [dft]  snr=+14.0dB [dft]  snr=+16.0dB [dft]  snr=+18.0dB [dft]  snr=+20.0dB [dft]Done (8.00s)
Estimator batch 11/2000 (active points 10/11) [1m 17s elapsed] ...   snr=+2.0dB [dft]  snr=+4.0dB [dft]  snr=+6.0dB [dft]  snr=+8.0dB [dft]  snr=+10.0dB [dft]  snr=+12.0dB [dft]  snr=+14.0dB [dft]  snr=+16.0dB [dft]  snr=+18.0dB [dft]  snr=+20.0dB [dft]Done (7.06s)
Estimator batch 12/2000 (active points 10/11) [1m 24s elapsed] ...   snr=+2.0dB [dft]  snr=+4.0dB [dft]  snr=+6.0dB [dft]  snr=+8.0dB [dft]  snr=+10.0dB [dft]  snr=+12.0dB [dft]  snr=+14.0dB [dft]  snr=+16.0dB [dft]  snr=+18.0dB [dft]  snr=+20.0dB [dft]Done (7.65s)
Estimator batch 13/2000 (active points 10/11) [1m 32s elapsed] ...   snr=+2.0dB [dft]  snr=+4.0dB [dft]  snr=+6.0dB [dft]  snr=+8.0dB [dft]  snr=+10.0dB [dft]  snr=+12.0dB [dft]  snr=+14.0dB [dft]  snr=+16.0dB [dft]  snr=+18.0dB [dft]  snr=+20.0dB [dft]Done (7.66s)
Estimator batch 14/2000 (active points 10/11) [1m 40s elapsed] ...   snr=+2.0dB [dft]  snr=+4.0dB [dft]  snr=+6.0dB [dft]  snr=+8.0dB [dft]  snr=+10.0dB [dft]  snr=+12.0dB [dft]  snr=+14.0dB [dft]  snr=+16.0dB [dft]  snr=+18.0dB [dft]  snr=+20.0dB [dft]Done (7.13s)
Estimator batch 15/2000 (active points 10/11) [1m 47s elapsed] ...   snr=+2.0dB [dft]  snr=+4.0dB [dft]  snr=+6.0dB [dft]  snr=+8.0dB [dft]  snr=+10.0dB [dft]  snr=+12.0dB [dft]  snr=+14.0dB [dft]  snr=+16.0dB [dft]  snr=+18.0dB [dft]  snr=+20.0dB [dft]Done (6.75s)
Estimator batch 16/2000 (active points 10/11) [1m 53s elapsed] ...   snr=+2.0dB [dft]  snr=+4.0dB [dft]  snr=+6.0dB [dft]  snr=+8.0dB [dft]  snr=+10.0dB [dft]  snr=+12.0dB [dft]  snr=+14.0dB [dft]  snr=+16.0dB [dft]  snr=+18.0dB [dft]  snr=+20.0dB [dft]Done (7.22s)
Estimator batch 17/2000 (active points 10/11) [2m 01s elapsed] ...   snr=+2.0dB [dft]  snr=+4.0dB [dft]  snr=+6.0dB [dft]  snr=+8.0dB [dft]  snr=+10.0dB [dft]  snr=+12.0dB [dft]  snr=+14.0dB [dft]  snr=+16.0dB [dft]  snr=+18.0dB [dft]  snr=+20.0dB [dft]Done (7.56s)
Estimator batch 18/2000 (active points 10/11) [2m 08s elapsed] ...   snr=+2.0dB [dft]  snr=+4.0dB [dft]  snr=+6.0dB [dft]  snr=+8.0dB [dft]  snr=+10.0dB [dft]  snr=+12.0dB [dft]  snr=+14.0dB [dft]  snr=+16.0dB [dft]  snr=+18.0dB [dft]  snr=+20.0dB [dft]Done (7.22s)
Estimator batch 19/2000 (active points 10/11) [2m 15s elapsed] ...   snr=+2.0dB [dft]  snr=+4.0dB [dft]  snr=+6.0dB [dft]  snr=+8.0dB [dft]  snr=+10.0dB [dft]  snr=+12.0dB [dft]  snr=+14.0dB [dft]  snr=+16.0dB [dft]  snr=+18.0dB [dft]  snr=+20.0dB [dft]Done (7.26s)
Estimator batch 20/2000 (active points 10/11) [2m 23s elapsed] ...   snr=+2.0dB [dft]  snr=+4.0dB [dft]  snr=+6.0dB [dft]  snr=+8.0dB [dft]  snr=+10.0dB [dft]  snr=+12.0dB [dft]  snr=+14.0dB [dft]  snr=+16.0dB [dft]  snr=+18.0dB [dft]  snr=+20.0dB [dft]Done (7.94s)
Estimator batch 21/2000 (active points 10/11) [2m 31s elapsed] ...   snr=+2.0dB [dft]  snr=+4.0dB [dft]  snr=+6.0dB [dft]  snr=+8.0dB [dft]  snr=+10.0dB [dft]  snr=+12.0dB [dft]  snr=+14.0dB [dft]  snr=+16.0dB [dft]  snr=+18.0dB [dft]  snr=+20.0dB [dft]Done (7.18s)
Estimator batch 22/2000 (active points 10/11) [2m 38s elapsed] ...   snr=+2.0dB [dft]  snr=+4.0dB [dft]  snr=+6.0dB [dft]  snr=+8.0dB [dft]  snr=+10.0dB [dft]  snr=+12.0dB [dft]  snr=+14.0dB [dft]  snr=+16.0dB [dft]  snr=+18.0dB [dft]  snr=+20.0dB [dft]Done (7.20s)
Estimator batch 23/2000 (active points 10/11) [2m 45s elapsed] ...   snr=+2.0dB [dft]  snr=+4.0dB [dft]  snr=+6.0dB [dft]  snr=+8.0dB [dft]  snr=+10.0dB [dft]  snr=+12.0dB [dft]  snr=+14.0dB [dft]  snr=+16.0dB [dft]  snr=+18.0dB [dft]  snr=+20.0dB [dft]Done (7.46s)
Estimator batch 24/2000 (active points 10/11) [2m 52s elapsed] ...   snr=+2.0dB [dft]  snr=+4.0dB [dft]  snr=+6.0dB [dft]  snr=+8.0dB [dft]  snr=+10.0dB [dft]  snr=+12.0dB [dft]  snr=+14.0dB [dft]  snr=+16.0dB [dft]  snr=+18.0dB [dft]  snr=+20.0dB [dft]Done (7.09s)
Estimator batch 25/2000 (active points 10/11) [3m 00s elapsed] ...   snr=+2.0dB [dft]  snr=+4.0dB [dft]  snr=+6.0dB [dft]  snr=+8.0dB [dft]  snr=+10.0dB [dft]  snr=+12.0dB [dft]  snr=+14.0dB [dft]  snr=+16.0dB [dft]  snr=+18.0dB [dft]  snr=+20.0dB [dft]Done (6.89s)
Estimator batch 26/2000 (active points 10/11) [3m 06s elapsed] ...   snr=+2.0dB [dft]  snr=+4.0dB [dft]  snr=+6.0dB [dft]  snr=+8.0dB [dft]  snr=+10.0dB [dft]  snr=+12.0dB [dft]  snr=+14.0dB [dft]  snr=+16.0dB [dft]  snr=+18.0dB [dft]  snr=+20.0dB [dft]Done (7.32s)
Estimator batch 27/2000 (active points 10/11) [3m 14s elapsed] ...   snr=+2.0dB [dft]  snr=+4.0dB [dft]  snr=+6.0dB [dft]  snr=+8.0dB [dft]  snr=+10.0dB [dft]  snr=+12.0dB [dft]  snr=+14.0dB [dft]  snr=+16.0dB [dft]  snr=+18.0dB [dft]  snr=+20.0dB [dft]Done (6.92s)
Estimator batch 28/2000 (active points 10/11) [3m 21s elapsed] ...   snr=+2.0dB [dft]  snr=+4.0dB [dft]  snr=+6.0dB [dft]  snr=+8.0dB [dft]  snr=+10.0dB [dft]  snr=+12.0dB [dft]  snr=+14.0dB [dft]  snr=+16.0dB [dft]  snr=+18.0dB [dft]  snr=+20.0dB [dft]Done (6.94s)
Estimator batch 29/2000 (active points 10/11) [3m 28s elapsed] ...   snr=+2.0dB [dft]  snr=+4.0dB [dft]  snr=+6.0dB [dft]  snr=+8.0dB [dft]  snr=+10.0dB [dft]  snr=+12.0dB [dft]  snr=+14.0dB [dft]  snr=+16.0dB [dft]  snr=+18.0dB [dft]  snr=+20.0dB [dft]Done (6.85s)
Estimator batch 30/2000 (active points 10/11) [3m 35s elapsed] ...   snr=+2.0dB [dft]  snr=+4.0dB [dft]  snr=+6.0dB [dft]  snr=+8.0dB [dft]  snr=+10.0dB [dft]  snr=+12.0dB [dft]  snr=+14.0dB [dft]  snr=+16.0dB [dft]  snr=+18.0dB [dft]  snr=+20.0dB [dft]Done (6.87s)
Estimator batch 31/2000 (active points 10/11) [3m 41s elapsed] ...   snr=+2.0dB [dft]  snr=+4.0dB [dft]  snr=+6.0dB [dft]  snr=+8.0dB [dft]  snr=+10.0dB [dft]  snr=+12.0dB [dft]  snr=+14.0dB [dft]  snr=+16.0dB [dft]  snr=+18.0dB [dft]  snr=+20.0dB [dft]Done (7.28s)
Estimator batch 32/2000 (active points 10/11) [3m 49s elapsed] ...   snr=+2.0dB [dft]  snr=+4.0dB [dft]  snr=+6.0dB [dft]  snr=+8.0dB [dft]  snr=+10.0dB [dft]  snr=+12.0dB [dft]  snr=+14.0dB [dft]  snr=+16.0dB [dft]  snr=+18.0dB [dft]  snr=+20.0dB [dft]Done (6.95s)
Estimator batch 33/2000 (active points 10/11) [3m 56s elapsed] ...   snr=+2.0dB [dft]  snr=+4.0dB [dft]  snr=+6.0dB [dft]  snr=+8.0dB [dft]  snr=+10.0dB [dft]  snr=+12.0dB [dft]  snr=+14.0dB [dft]  snr=+16.0dB [dft]  snr=+18.0dB [dft]  snr=+20.0dB [dft]Done (6.85s)
Estimator batch 34/2000 (active points 10/11) [4m 02s elapsed] ...   snr=+2.0dB [dft]  snr=+4.0dB [dft]  snr=+6.0dB [dft]  snr=+8.0dB [dft]  snr=+10.0dB [dft]  snr=+12.0dB [dft]  snr=+14.0dB [dft]  snr=+16.0dB [dft]  snr=+18.0dB [dft]  snr=+20.0dB [dft]Done (6.97s)
Estimator batch 35/2000 (active points 9/11) [4m 09s elapsed] ...   snr=+4.0dB [dft]  snr=+6.0dB [dft]  snr=+8.0dB [dft]  snr=+10.0dB [dft]  snr=+12.0dB [dft]  snr=+14.0dB [dft]  snr=+16.0dB [dft]  snr=+18.0dB [dft]  snr=+20.0dB [dft]Done (6.59s)
Estimator batch 36/2000 (active points 9/11) [4m 16s elapsed] ...   snr=+4.0dB [dft]  snr=+6.0dB [dft]  snr=+8.0dB [dft]  snr=+10.0dB [dft]  snr=+12.0dB [dft]  snr=+14.0dB [dft]  snr=+16.0dB [dft]  snr=+18.0dB [dft]  snr=+20.0dB [dft]Done (6.39s)
Estimator batch 37/2000 (active points 9/11) [4m 22s elapsed] ...   snr=+4.0dB [dft]  snr=+6.0dB [dft]  snr=+8.0dB [dft]  snr=+10.0dB [dft]  snr=+12.0dB [dft]  snr=+14.0dB [dft]  snr=+16.0dB [dft]  snr=+18.0dB [dft]  snr=+20.0dB [dft]Done (6.22s)
Estimator batch 38/2000 (active points 9/11) [4m 29s elapsed] ...   snr=+4.0dB [dft]  snr=+6.0dB [dft]  snr=+8.0dB [dft]  snr=+10.0dB [dft]  snr=+12.0dB [dft]  snr=+14.0dB [dft]  snr=+16.0dB [dft]  snr=+18.0dB [dft]  snr=+20.0dB [dft]Done (6.25s)
Estimator batch 39/2000 (active points 9/11) [4m 35s elapsed] ...   snr=+4.0dB [dft]  snr=+6.0dB [dft]  snr=+8.0dB [dft]  snr=+10.0dB [dft]  snr=+12.0dB [dft]  snr=+14.0dB [dft]  snr=+16.0dB [dft]  snr=+18.0dB [dft]  snr=+20.0dB [dft]Done (6.37s)
Estimator batch 40/2000 (active points 9/11) [4m 41s elapsed] ...   snr=+4.0dB [dft]  snr=+6.0dB [dft]  snr=+8.0dB [dft]  snr=+10.0dB [dft]  snr=+12.0dB [dft]  snr=+14.0dB [dft]  snr=+16.0dB [dft]  snr=+18.0dB [dft]  snr=+20.0dB [dft]Done (6.33s)
Estimator batch 41/2000 (active points 9/11) [4m 48s elapsed] ...   snr=+4.0dB [dft]  snr=+6.0dB [dft]  snr=+8.0dB [dft]  snr=+10.0dB [dft]  snr=+12.0dB [dft]  snr=+14.0dB [dft]  snr=+16.0dB [dft]  snr=+18.0dB [dft]  snr=+20.0dB [dft]Done (6.42s)
Estimator batch 42/2000 (active points 9/11) [4m 54s elapsed] ...   snr=+4.0dB [dft]  snr=+6.0dB [dft]  snr=+8.0dB [dft]  snr=+10.0dB [dft]  snr=+12.0dB [dft]  snr=+14.0dB [dft]  snr=+16.0dB [dft]  snr=+18.0dB [dft]  snr=+20.0dB [dft]Done (6.70s)
Estimator batch 43/2000 (active points 9/11) [5m 01s elapsed] ...   snr=+4.0dB [dft]  snr=+6.0dB [dft]  snr=+8.0dB [dft]  snr=+10.0dB [dft]  snr=+12.0dB [dft]  snr=+14.0dB [dft]  snr=+16.0dB [dft]  snr=+18.0dB [dft]  snr=+20.0dB [dft]Done (6.86s)
Estimator batch 44/2000 (active points 9/11) [5m 08s elapsed] ...   snr=+4.0dB [dft]  snr=+6.0dB [dft]  snr=+8.0dB [dft]  snr=+10.0dB [dft]  snr=+12.0dB [dft]  snr=+14.0dB [dft]  snr=+16.0dB [dft]  snr=+18.0dB [dft]  snr=+20.0dB [dft]Done (6.50s)
Estimator batch 45/2000 (active points 9/11) [5m 14s elapsed] ...   snr=+4.0dB [dft]  snr=+6.0dB [dft]  snr=+8.0dB [dft]  snr=+10.0dB [dft]  snr=+12.0dB [dft]  snr=+14.0dB [dft]  snr=+16.0dB [dft]  snr=+18.0dB [dft]  snr=+20.0dB [dft]Done (6.76s)
Estimator batch 46/2000 (active points 9/11) [5m 21s elapsed] ...   snr=+4.0dB [dft]  snr=+6.0dB [dft]  snr=+8.0dB [dft]  snr=+10.0dB [dft]  snr=+12.0dB [dft]  snr=+14.0dB [dft]  snr=+16.0dB [dft]  snr=+18.0dB [dft]  snr=+20.0dB [dft]Done (6.59s)
Estimator batch 47/2000 (active points 9/11) [5m 27s elapsed] ...   snr=+4.0dB [dft]  snr=+6.0dB [dft]  snr=+8.0dB [dft]  snr=+10.0dB [dft]  snr=+12.0dB [dft]  snr=+14.0dB [dft]  snr=+16.0dB [dft]  snr=+18.0dB [dft]  snr=+20.0dB [dft]Done (6.39s)
Estimator batch 48/2000 (active points 9/11) [5m 34s elapsed] ...   snr=+4.0dB [dft]  snr=+6.0dB [dft]  snr=+8.0dB [dft]  snr=+10.0dB [dft]  snr=+12.0dB [dft]  snr=+14.0dB [dft]  snr=+16.0dB [dft]  snr=+18.0dB [dft]  snr=+20.0dB [dft]Done (6.64s)
Estimator batch 49/2000 (active points 9/11) [5m 40s elapsed] ...   snr=+4.0dB [dft]  snr=+6.0dB [dft]  snr=+8.0dB [dft]  snr=+10.0dB [dft]  snr=+12.0dB [dft]  snr=+14.0dB [dft]  snr=+16.0dB [dft]  snr=+18.0dB [dft]  snr=+20.0dB [dft]Done (6.40s)
Estimator batch 50/2000 (active points 9/11) [5m 47s elapsed] ...   snr=+4.0dB [dft]  snr=+6.0dB [dft]  snr=+8.0dB [dft]  snr=+10.0dB [dft]  snr=+12.0dB [dft]  snr=+14.0dB [dft]  snr=+16.0dB [dft]  snr=+18.0dB [dft]  snr=+20.0dB [dft]Done (6.33s)
Estimator batch 51/2000 (active points 9/11) [5m 53s elapsed] ...   snr=+4.0dB [dft]  snr=+6.0dB [dft]  snr=+8.0dB [dft]  snr=+10.0dB [dft]  snr=+12.0dB [dft]  snr=+14.0dB [dft]  snr=+16.0dB [dft]  snr=+18.0dB [dft]  snr=+20.0dB [dft]Done (6.33s)
Estimator batch 52/2000 (active points 9/11) [6m 00s elapsed] ...   snr=+4.0dB [dft]  snr=+6.0dB [dft]  snr=+8.0dB [dft]  snr=+10.0dB [dft]  snr=+12.0dB [dft]  snr=+14.0dB [dft]  snr=+16.0dB [dft]  snr=+18.0dB [dft]  snr=+20.0dB [dft]Done (6.34s)
Estimator batch 53/2000 (active points 9/11) [6m 06s elapsed] ...   snr=+4.0dB [dft]  snr=+6.0dB [dft]  snr=+8.0dB [dft]  snr=+10.0dB [dft]  snr=+12.0dB [dft]  snr=+14.0dB [dft]  snr=+16.0dB [dft]  snr=+18.0dB [dft]  snr=+20.0dB [dft]Done (6.37s)
Estimator batch 54/2000 (active points 9/11) [6m 12s elapsed] ...   snr=+4.0dB [dft]  snr=+6.0dB [dft]  snr=+8.0dB [dft]  snr=+10.0dB [dft]  snr=+12.0dB [dft]  snr=+14.0dB [dft]  snr=+16.0dB [dft]  snr=+18.0dB [dft]  snr=+20.0dB [dft]Done (6.33s)
Estimator batch 55/2000 (active points 9/11) [6m 19s elapsed] ...   snr=+4.0dB [dft]  snr=+6.0dB [dft]  snr=+8.0dB [dft]  snr=+10.0dB [dft]  snr=+12.0dB [dft]  snr=+14.0dB [dft]  snr=+16.0dB [dft]  snr=+18.0dB [dft]  snr=+20.0dB [dft]Done (6.35s)
Estimator batch 56/2000 (active points 9/11) [6m 25s elapsed] ...   snr=+4.0dB [dft]  snr=+6.0dB [dft]  snr=+8.0dB [dft]  snr=+10.0dB [dft]  snr=+12.0dB [dft]  snr=+14.0dB [dft]  snr=+16.0dB [dft]  snr=+18.0dB [dft]  snr=+20.0dB [dft]Done (6.37s)
Estimator batch 57/2000 (active points 9/11) [6m 31s elapsed] ...   snr=+4.0dB [dft]  snr=+6.0dB [dft]  snr=+8.0dB [dft]  snr=+10.0dB [dft]  snr=+12.0dB [dft]  snr=+14.0dB [dft]  snr=+16.0dB [dft]  snr=+18.0dB [dft]  snr=+20.0dB [dft]Done (6.34s)
Estimator batch 58/2000 (active points 9/11) [6m 38s elapsed] ...   snr=+4.0dB [dft]  snr=+6.0dB [dft]  snr=+8.0dB [dft]  snr=+10.0dB [dft]  snr=+12.0dB [dft]  snr=+14.0dB [dft]  snr=+16.0dB [dft]  snr=+18.0dB [dft]  snr=+20.0dB [dft]Done (6.31s)
Estimator batch 59/2000 (active points 9/11) [6m 44s elapsed] ...   snr=+4.0dB [dft]  snr=+6.0dB [dft]  snr=+8.0dB [dft]  snr=+10.0dB [dft]  snr=+12.0dB [dft]  snr=+14.0dB [dft]  snr=+16.0dB [dft]  snr=+18.0dB [dft]  snr=+20.0dB [dft]Done (6.33s)
Estimator batch 60/2000 (active points 9/11) [6m 50s elapsed] ...   snr=+4.0dB [dft]  snr=+6.0dB [dft]  snr=+8.0dB [dft]  snr=+10.0dB [dft]  snr=+12.0dB [dft]  snr=+14.0dB [dft]  snr=+16.0dB [dft]  snr=+18.0dB [dft]  snr=+20.0dB [dft]Done (6.33s)
Estimator batch 61/2000 (active points 9/11) [6m 57s elapsed] ...   snr=+4.0dB [dft]  snr=+6.0dB [dft]  snr=+8.0dB [dft]  snr=+10.0dB [dft]  snr=+12.0dB [dft]  snr=+14.0dB [dft]  snr=+16.0dB [dft]  snr=+18.0dB [dft]  snr=+20.0dB [dft]Done (6.33s)
Estimator batch 62/2000 (active points 9/11) [7m 03s elapsed] ...   snr=+4.0dB [dft]  snr=+6.0dB [dft]  snr=+8.0dB [dft]  snr=+10.0dB [dft]  snr=+12.0dB [dft]  snr=+14.0dB [dft]  snr=+16.0dB [dft]  snr=+18.0dB [dft]  snr=+20.0dB [dft]Done (6.33s)
Estimator batch 63/2000 (active points 9/11) [7m 09s elapsed] ...   snr=+4.0dB [dft]  snr=+6.0dB [dft]  snr=+8.0dB [dft]  snr=+10.0dB [dft]  snr=+12.0dB [dft]  snr=+14.0dB [dft]  snr=+16.0dB [dft]  snr=+18.0dB [dft]  snr=+20.0dB [dft]Done (6.34s)
Estimator batch 64/2000 (active points 9/11) [7m 16s elapsed] ...   snr=+4.0dB [dft]  snr=+6.0dB [dft]  snr=+8.0dB [dft]  snr=+10.0dB [dft]  snr=+12.0dB [dft]  snr=+14.0dB [dft]  snr=+16.0dB [dft]  snr=+18.0dB [dft]  snr=+20.0dB [dft]Done (6.34s)
Estimator batch 65/2000 (active points 9/11) [7m 22s elapsed] ...   snr=+4.0dB [dft]  snr=+6.0dB [dft]  snr=+8.0dB [dft]  snr=+10.0dB [dft]  snr=+12.0dB [dft]  snr=+14.0dB [dft]  snr=+16.0dB [dft]  snr=+18.0dB [dft]  snr=+20.0dB [dft]Done (6.34s)
Estimator batch 66/2000 (active points 9/11) [7m 28s elapsed] ...   snr=+4.0dB [dft]  snr=+6.0dB [dft]  snr=+8.0dB [dft]  snr=+10.0dB [dft]  snr=+12.0dB [dft]  snr=+14.0dB [dft]  snr=+16.0dB [dft]  snr=+18.0dB [dft]  snr=+20.0dB [dft]Done (6.35s)
Estimator batch 67/2000 (active points 9/11) [7m 35s elapsed] ...   snr=+4.0dB [dft]  snr=+6.0dB [dft]  snr=+8.0dB [dft]  snr=+10.0dB [dft]  snr=+12.0dB [dft]  snr=+14.0dB [dft]  snr=+16.0dB [dft]  snr=+18.0dB [dft]  snr=+20.0dB [dft]Done (6.38s)
Estimator batch 68/2000 (active points 9/11) [7m 41s elapsed] ...   snr=+4.0dB [dft]  snr=+6.0dB [dft]  snr=+8.0dB [dft]  snr=+10.0dB [dft]  snr=+12.0dB [dft]  snr=+14.0dB [dft]  snr=+16.0dB [dft]  snr=+18.0dB [dft]  snr=+20.0dB [dft]Done (6.34s)
Estimator batch 69/2000 (active points 9/11) [7m 47s elapsed] ...   snr=+4.0dB [dft]  snr=+6.0dB [dft]  snr=+8.0dB [dft]  snr=+10.0dB [dft]  snr=+12.0dB [dft]  snr=+14.0dB [dft]  snr=+16.0dB [dft]  snr=+18.0dB [dft]  snr=+20.0dB [dft]Done (6.34s)
Estimator batch 70/2000 (active points 9/11) [7m 54s elapsed] ...   snr=+4.0dB [dft]  snr=+6.0dB [dft]  snr=+8.0dB [dft]  snr=+10.0dB [dft]  snr=+12.0dB [dft]  snr=+14.0dB [dft]  snr=+16.0dB [dft]  snr=+18.0dB [dft]  snr=+20.0dB [dft]Done (6.36s)
Estimator batch 71/2000 (active points 9/11) [8m 00s elapsed] ...   snr=+4.0dB [dft]  snr=+6.0dB [dft]  snr=+8.0dB [dft]  snr=+10.0dB [dft]  snr=+12.0dB [dft]  snr=+14.0dB [dft]  snr=+16.0dB [dft]  snr=+18.0dB [dft]  snr=+20.0dB [dft]Done (6.37s)
Estimator batch 72/2000 (active points 9/11) [8m 06s elapsed] ...   snr=+4.0dB [dft]  snr=+6.0dB [dft]  snr=+8.0dB [dft]  snr=+10.0dB [dft]  snr=+12.0dB [dft]  snr=+14.0dB [dft]  snr=+16.0dB [dft]  snr=+18.0dB [dft]  snr=+20.0dB [dft]Done (6.34s)
Estimator batch 73/2000 (active points 9/11) [8m 13s elapsed] ...   snr=+4.0dB [dft]  snr=+6.0dB [dft]  snr=+8.0dB [dft]  snr=+10.0dB [dft]  snr=+12.0dB [dft]  snr=+14.0dB [dft]  snr=+16.0dB [dft]  snr=+18.0dB [dft]  snr=+20.0dB [dft]Done (6.35s)
Estimator batch 74/2000 (active points 9/11) [8m 19s elapsed] ...   snr=+4.0dB [dft]  snr=+6.0dB [dft]  snr=+8.0dB [dft]  snr=+10.0dB [dft]  snr=+12.0dB [dft]  snr=+14.0dB [dft]  snr=+16.0dB [dft]  snr=+18.0dB [dft]  snr=+20.0dB [dft]Done (6.38s)
Estimator batch 75/2000 (active points 9/11) [8m 25s elapsed] ...   snr=+4.0dB [dft]  snr=+6.0dB [dft]  snr=+8.0dB [dft]  snr=+10.0dB [dft]  snr=+12.0dB [dft]  snr=+14.0dB [dft]  snr=+16.0dB [dft]  snr=+18.0dB [dft]  snr=+20.0dB [dft]Done (6.35s)
Estimator batch 76/2000 (active points 9/11) [8m 32s elapsed] ...   snr=+4.0dB [dft]  snr=+6.0dB [dft]  snr=+8.0dB [dft]  snr=+10.0dB [dft]  snr=+12.0dB [dft]  snr=+14.0dB [dft]  snr=+16.0dB [dft]  snr=+18.0dB [dft]  snr=+20.0dB [dft]Done (6.38s)
Estimator batch 77/2000 (active points 9/11) [8m 38s elapsed] ...   snr=+4.0dB [dft]  snr=+6.0dB [dft]  snr=+8.0dB [dft]  snr=+10.0dB [dft]  snr=+12.0dB [dft]  snr=+14.0dB [dft]  snr=+16.0dB [dft]  snr=+18.0dB [dft]  snr=+20.0dB [dft]Done (6.37s)
Estimator batch 78/2000 (active points 9/11) [8m 45s elapsed] ...   snr=+4.0dB [dft]  snr=+6.0dB [dft]  snr=+8.0dB [dft]  snr=+10.0dB [dft]  snr=+12.0dB [dft]  snr=+14.0dB [dft]  snr=+16.0dB [dft]  snr=+18.0dB [dft]  snr=+20.0dB [dft]Done (6.36s)
Estimator batch 79/2000 (active points 9/11) [8m 51s elapsed] ...   snr=+4.0dB [dft]  snr=+6.0dB [dft]  snr=+8.0dB [dft]  snr=+10.0dB [dft]  snr=+12.0dB [dft]  snr=+14.0dB [dft]  snr=+16.0dB [dft]  snr=+18.0dB [dft]  snr=+20.0dB [dft]Done (6.37s)
Estimator batch 80/2000 (active points 9/11) [8m 57s elapsed] ...   snr=+4.0dB [dft]  snr=+6.0dB [dft]  snr=+8.0dB [dft]  snr=+10.0dB [dft]  snr=+12.0dB [dft]  snr=+14.0dB [dft]  snr=+16.0dB [dft]  snr=+18.0dB [dft]  snr=+20.0dB [dft]Done (6.38s)
Estimator batch 81/2000 (active points 9/11) [9m 04s elapsed] ...   snr=+4.0dB [dft]  snr=+6.0dB [dft]  snr=+8.0dB [dft]  snr=+10.0dB [dft]  snr=+12.0dB [dft]  snr=+14.0dB [dft]  snr=+16.0dB [dft]  snr=+18.0dB [dft]  snr=+20.0dB [dft]Done (6.37s)
Estimator batch 82/2000 (active points 9/11) [9m 10s elapsed] ...   snr=+4.0dB [dft]  snr=+6.0dB [dft]  snr=+8.0dB [dft]  snr=+10.0dB [dft]  snr=+12.0dB [dft]  snr=+14.0dB [dft]  snr=+16.0dB [dft]  snr=+18.0dB [dft]  snr=+20.0dB [dft]Done (6.37s)
Estimator batch 83/2000 (active points 9/11) [9m 16s elapsed] ...   snr=+4.0dB [dft]  snr=+6.0dB [dft]  snr=+8.0dB [dft]  snr=+10.0dB [dft]  snr=+12.0dB [dft]  snr=+14.0dB [dft]  snr=+16.0dB [dft]  snr=+18.0dB [dft]  snr=+20.0dB [dft]Done (6.35s)
Estimator batch 84/2000 (active points 9/11) [9m 23s elapsed] ...   snr=+4.0dB [dft]  snr=+6.0dB [dft]  snr=+8.0dB [dft]  snr=+10.0dB [dft]  snr=+12.0dB [dft]  snr=+14.0dB [dft]  snr=+16.0dB [dft]  snr=+18.0dB [dft]  snr=+20.0dB [dft]Done (6.38s)
Estimator batch 85/2000 (active points 9/11) [9m 29s elapsed] ...   snr=+4.0dB [dft]  snr=+6.0dB [dft]  snr=+8.0dB [dft]  snr=+10.0dB [dft]  snr=+12.0dB [dft]  snr=+14.0dB [dft]  snr=+16.0dB [dft]  snr=+18.0dB [dft]  snr=+20.0dB [dft]Done (6.36s)
Estimator batch 86/2000 (active points 9/11) [9m 36s elapsed] ...   snr=+4.0dB [dft]  snr=+6.0dB [dft]  snr=+8.0dB [dft]  snr=+10.0dB [dft]  snr=+12.0dB [dft]  snr=+14.0dB [dft]  snr=+16.0dB [dft]  snr=+18.0dB [dft]  snr=+20.0dB [dft]Done (6.42s)
Estimator batch 87/2000 (active points 9/11) [9m 42s elapsed] ...   snr=+4.0dB [dft]  snr=+6.0dB [dft]  snr=+8.0dB [dft]  snr=+10.0dB [dft]  snr=+12.0dB [dft]  snr=+14.0dB [dft]  snr=+16.0dB [dft]  snr=+18.0dB [dft]  snr=+20.0dB [dft]Done (6.39s)
Estimator batch 88/2000 (active points 9/11) [9m 48s elapsed] ...   snr=+4.0dB [dft]  snr=+6.0dB [dft]  snr=+8.0dB [dft]  snr=+10.0dB [dft]  snr=+12.0dB [dft]  snr=+14.0dB [dft]  snr=+16.0dB [dft]  snr=+18.0dB [dft]  snr=+20.0dB [dft]Done (6.42s)
Estimator batch 89/2000 (active points 9/11) [9m 55s elapsed] ...   snr=+4.0dB [dft]  snr=+6.0dB [dft]  snr=+8.0dB [dft]  snr=+10.0dB [dft]  snr=+12.0dB [dft]  snr=+14.0dB [dft]  snr=+16.0dB [dft]  snr=+18.0dB [dft]  snr=+20.0dB [dft]Done (6.40s)
Estimator batch 90/2000 (active points 9/11) [10m 01s elapsed] ...   snr=+4.0dB [dft]  snr=+6.0dB [dft]  snr=+8.0dB [dft]  snr=+10.0dB [dft]  snr=+12.0dB [dft]  snr=+14.0dB [dft]  snr=+16.0dB [dft]  snr=+18.0dB [dft]  snr=+20.0dB [dft]Done (6.30s)
Estimator batch 91/2000 (active points 9/11) [10m 07s elapsed] ...   snr=+4.0dB [dft]  snr=+6.0dB [dft]  snr=+8.0dB [dft]  snr=+10.0dB [dft]  snr=+12.0dB [dft]  snr=+14.0dB [dft]  snr=+16.0dB [dft]  snr=+18.0dB [dft]  snr=+20.0dB [dft]Done (6.21s)
Estimator batch 92/2000 (active points 9/11) [10m 14s elapsed] ...   snr=+4.0dB [dft]  snr=+6.0dB [dft]  snr=+8.0dB [dft]  snr=+10.0dB [dft]  snr=+12.0dB [dft]  snr=+14.0dB [dft]  snr=+16.0dB [dft]  snr=+18.0dB [dft]  snr=+20.0dB [dft]Done (6.70s)
Estimator batch 93/2000 (active points 9/11) [10m 20s elapsed] ...   snr=+4.0dB [dft]  snr=+6.0dB [dft]  snr=+8.0dB [dft]  snr=+10.0dB [dft]  snr=+12.0dB [dft]  snr=+14.0dB [dft]  snr=+16.0dB [dft]  snr=+18.0dB [dft]  snr=+20.0dB [dft]Done (6.22s)
Estimator batch 94/2000 (active points 9/11) [10m 27s elapsed] ...   snr=+4.0dB [dft]  snr=+6.0dB [dft]  snr=+8.0dB [dft]  snr=+10.0dB [dft]  snr=+12.0dB [dft]  snr=+14.0dB [dft]  snr=+16.0dB [dft]  snr=+18.0dB [dft]  snr=+20.0dB [dft]Done (6.20s)
Estimator batch 95/2000 (active points 9/11) [10m 33s elapsed] ...   snr=+4.0dB [dft]  snr=+6.0dB [dft]  snr=+8.0dB [dft]  snr=+10.0dB [dft]  snr=+12.0dB [dft]  snr=+14.0dB [dft]  snr=+16.0dB [dft]  snr=+18.0dB [dft]  snr=+20.0dB [dft]Done (6.22s)
Estimator batch 96/2000 (active points 9/11) [10m 39s elapsed] ...   snr=+4.0dB [dft]  snr=+6.0dB [dft]  snr=+8.0dB [dft]  snr=+10.0dB [dft]  snr=+12.0dB [dft]  snr=+14.0dB [dft]  snr=+16.0dB [dft]  snr=+18.0dB [dft]  snr=+20.0dB [dft]Done (6.37s)
Estimator batch 97/2000 (active points 9/11) [10m 45s elapsed] ...   snr=+4.0dB [dft]  snr=+6.0dB [dft]  snr=+8.0dB [dft]  snr=+10.0dB [dft]  snr=+12.0dB [dft]  snr=+14.0dB [dft]  snr=+16.0dB [dft]  snr=+18.0dB [dft]  snr=+20.0dB [dft]Done (6.22s)
Estimator batch 98/2000 (active points 9/11) [10m 52s elapsed] ...   snr=+4.0dB [dft]  snr=+6.0dB [dft]  snr=+8.0dB [dft]  snr=+10.0dB [dft]  snr=+12.0dB [dft]  snr=+14.0dB [dft]  snr=+16.0dB [dft]  snr=+18.0dB [dft]  snr=+20.0dB [dft]Done (6.21s)
Estimator batch 99/2000 (active points 9/11) [10m 58s elapsed] ...   snr=+4.0dB [dft]  snr=+6.0dB [dft]  snr=+8.0dB [dft]  snr=+10.0dB [dft]  snr=+12.0dB [dft]  snr=+14.0dB [dft]  snr=+16.0dB [dft]  snr=+18.0dB [dft]  snr=+20.0dB [dft]Done (6.21s)
Estimator batch 100/2000 (active points 9/11) [11m 04s elapsed] ...   snr=+4.0dB [dft]  snr=+6.0dB [dft]  snr=+8.0dB [dft]  snr=+10.0dB [dft]  snr=+12.0dB [dft]  snr=+14.0dB [dft]  snr=+16.0dB [dft]  snr=+18.0dB [dft]  snr=+20.0dB [dft]Done (6.21s)
Estimator batch 101/2000 (active points 9/11) [11m 10s elapsed] ...   snr=+4.0dB [dft]  snr=+6.0dB [dft]  snr=+8.0dB [dft]  snr=+10.0dB [dft]  snr=+12.0dB [dft]  snr=+14.0dB [dft]  snr=+16.0dB [dft]  snr=+18.0dB [dft]  snr=+20.0dB [dft]Done (6.23s)
Estimator batch 102/2000 (active points 9/11) [11m 16s elapsed] ...   snr=+4.0dB [dft]  snr=+6.0dB [dft]  snr=+8.0dB [dft]  snr=+10.0dB [dft]  snr=+12.0dB [dft]  snr=+14.0dB [dft]  snr=+16.0dB [dft]  snr=+18.0dB [dft]  snr=+20.0dB [dft]Done (6.25s)
Estimator batch 103/2000 (active points 9/11) [11m 23s elapsed] ...   snr=+4.0dB [dft]  snr=+6.0dB [dft]  snr=+8.0dB [dft]  snr=+10.0dB [dft]  snr=+12.0dB [dft]  snr=+14.0dB [dft]  snr=+16.0dB [dft]  snr=+18.0dB [dft]  snr=+20.0dB [dft]Done (6.29s)
Estimator batch 104/2000 (active points 9/11) [11m 29s elapsed] ...   snr=+4.0dB [dft]  snr=+6.0dB [dft]  snr=+8.0dB [dft]  snr=+10.0dB [dft]  snr=+12.0dB [dft]  snr=+14.0dB [dft]  snr=+16.0dB [dft]  snr=+18.0dB [dft]  snr=+20.0dB [dft]Done (6.23s)
Estimator batch 105/2000 (active points 9/11) [11m 35s elapsed] ...   snr=+4.0dB [dft]  snr=+6.0dB [dft]  snr=+8.0dB [dft]  snr=+10.0dB [dft]  snr=+12.0dB [dft]  snr=+14.0dB [dft]  snr=+16.0dB [dft]  snr=+18.0dB [dft]  snr=+20.0dB [dft]Done (6.24s)
Estimator batch 106/2000 (active points 9/11) [11m 41s elapsed] ...   snr=+4.0dB [dft]  snr=+6.0dB [dft]  snr=+8.0dB [dft]  snr=+10.0dB [dft]  snr=+12.0dB [dft]  snr=+14.0dB [dft]  snr=+16.0dB [dft]  snr=+18.0dB [dft]  snr=+20.0dB [dft]Done (6.23s)
Estimator batch 107/2000 (active points 9/11) [11m 48s elapsed] ...   snr=+4.0dB [dft]  snr=+6.0dB [dft]  snr=+8.0dB [dft]  snr=+10.0dB [dft]  snr=+12.0dB [dft]  snr=+14.0dB [dft]  snr=+16.0dB [dft]  snr=+18.0dB [dft]  snr=+20.0dB [dft]Done (6.20s)
Estimator batch 108/2000 (active points 9/11) [11m 54s elapsed] ...   snr=+4.0dB [dft]  snr=+6.0dB [dft]  snr=+8.0dB [dft]  snr=+10.0dB [dft]  snr=+12.0dB [dft]  snr=+14.0dB [dft]  snr=+16.0dB [dft]  snr=+18.0dB [dft]  snr=+20.0dB [dft]Done (6.21s)
Estimator batch 109/2000 (active points 9/11) [12m 00s elapsed] ...   snr=+4.0dB [dft]  snr=+6.0dB [dft]  snr=+8.0dB [dft]  snr=+10.0dB [dft]  snr=+12.0dB [dft]  snr=+14.0dB [dft]  snr=+16.0dB [dft]  snr=+18.0dB [dft]  snr=+20.0dB [dft]Done (6.21s)
Estimator batch 110/2000 (active points 9/11) [12m 06s elapsed] ...   snr=+4.0dB [dft]  snr=+6.0dB [dft]  snr=+8.0dB [dft]  snr=+10.0dB [dft]  snr=+12.0dB [dft]  snr=+14.0dB [dft]  snr=+16.0dB [dft]  snr=+18.0dB [dft]  snr=+20.0dB [dft]Done (6.29s)
Estimator batch 111/2000 (active points 9/11) [12m 13s elapsed] ...   snr=+4.0dB [dft]  snr=+6.0dB [dft]  snr=+8.0dB [dft]  snr=+10.0dB [dft]  snr=+12.0dB [dft]  snr=+14.0dB [dft]  snr=+16.0dB [dft]  snr=+18.0dB [dft]  snr=+20.0dB [dft]Done (6.21s)
Estimator batch 112/2000 (active points 9/11) [12m 19s elapsed] ...   snr=+4.0dB [dft]  snr=+6.0dB [dft]  snr=+8.0dB [dft]  snr=+10.0dB [dft]  snr=+12.0dB [dft]  snr=+14.0dB [dft]  snr=+16.0dB [dft]  snr=+18.0dB [dft]  snr=+20.0dB [dft]Done (6.23s)
Estimator batch 113/2000 (active points 9/11) [12m 25s elapsed] ...   snr=+4.0dB [dft]  snr=+6.0dB [dft]  snr=+8.0dB [dft]  snr=+10.0dB [dft]  snr=+12.0dB [dft]  snr=+14.0dB [dft]  snr=+16.0dB [dft]  snr=+18.0dB [dft]  snr=+20.0dB [dft]Done (6.20s)
Estimator batch 114/2000 (active points 9/11) [12m 31s elapsed] ...   snr=+4.0dB [dft]  snr=+6.0dB [dft]  snr=+8.0dB [dft]  snr=+10.0dB [dft]  snr=+12.0dB [dft]  snr=+14.0dB [dft]  snr=+16.0dB [dft]  snr=+18.0dB [dft]  snr=+20.0dB [dft]Done (6.24s)
Estimator batch 115/2000 (active points 9/11) [12m 38s elapsed] ...   snr=+4.0dB [dft]  snr=+6.0dB [dft]  snr=+8.0dB [dft]  snr=+10.0dB [dft]  snr=+12.0dB [dft]  snr=+14.0dB [dft]  snr=+16.0dB [dft]  snr=+18.0dB [dft]  snr=+20.0dB [dft]Done (6.20s)
Estimator batch 116/2000 (active points 9/11) [12m 44s elapsed] ...   snr=+4.0dB [dft]  snr=+6.0dB [dft]  snr=+8.0dB [dft]  snr=+10.0dB [dft]  snr=+12.0dB [dft]  snr=+14.0dB [dft]  snr=+16.0dB [dft]  snr=+18.0dB [dft]  snr=+20.0dB [dft]Done (6.21s)
Estimator batch 117/2000 (active points 9/11) [12m 50s elapsed] ...   snr=+4.0dB [dft]  snr=+6.0dB [dft]  snr=+8.0dB [dft]  snr=+10.0dB [dft]  snr=+12.0dB [dft]  snr=+14.0dB [dft]  snr=+16.0dB [dft]  snr=+18.0dB [dft]  snr=+20.0dB [dft]Done (6.25s)
Estimator batch 118/2000 (active points 9/11) [12m 56s elapsed] ...   snr=+4.0dB [dft]  snr=+6.0dB [dft]  snr=+8.0dB [dft]  snr=+10.0dB [dft]  snr=+12.0dB [dft]  snr=+14.0dB [dft]  snr=+16.0dB [dft]  snr=+18.0dB [dft]  snr=+20.0dB [dft]Done (6.20s)
Estimator batch 119/2000 (active points 9/11) [13m 02s elapsed] ...   snr=+4.0dB [dft]  snr=+6.0dB [dft]  snr=+8.0dB [dft]  snr=+10.0dB [dft]  snr=+12.0dB [dft]  snr=+14.0dB [dft]  snr=+16.0dB [dft]  snr=+18.0dB [dft]  snr=+20.0dB [dft]Done (6.24s)
Estimator batch 120/2000 (active points 9/11) [13m 09s elapsed] ...   snr=+4.0dB [dft]  snr=+6.0dB [dft]  snr=+8.0dB [dft]  snr=+10.0dB [dft]  snr=+12.0dB [dft]  snr=+14.0dB [dft]  snr=+16.0dB [dft]  snr=+18.0dB [dft]  snr=+20.0dB [dft]Done (6.23s)
Estimator batch 121/2000 (active points 9/11) [13m 15s elapsed] ...   snr=+4.0dB [dft]  snr=+6.0dB [dft]  snr=+8.0dB [dft]  snr=+10.0dB [dft]  snr=+12.0dB [dft]  snr=+14.0dB [dft]  snr=+16.0dB [dft]  snr=+18.0dB [dft]  snr=+20.0dB [dft]Done (6.20s)
Estimator batch 122/2000 (active points 9/11) [13m 21s elapsed] ...   snr=+4.0dB [dft]  snr=+6.0dB [dft]  snr=+8.0dB [dft]  snr=+10.0dB [dft]  snr=+12.0dB [dft]  snr=+14.0dB [dft]  snr=+16.0dB [dft]  snr=+18.0dB [dft]  snr=+20.0dB [dft]Done (6.22s)
Estimator batch 123/2000 (active points 9/11) [13m 27s elapsed] ...   snr=+4.0dB [dft]  snr=+6.0dB [dft]  snr=+8.0dB [dft]  snr=+10.0dB [dft]  snr=+12.0dB [dft]  snr=+14.0dB [dft]  snr=+16.0dB [dft]  snr=+18.0dB [dft]  snr=+20.0dB [dft]Done (6.20s)
Estimator batch 124/2000 (active points 9/11) [13m 33s elapsed] ...   snr=+4.0dB [dft]  snr=+6.0dB [dft]  snr=+8.0dB [dft]  snr=+10.0dB [dft]  snr=+12.0dB [dft]  snr=+14.0dB [dft]  snr=+16.0dB [dft]  snr=+18.0dB [dft]  snr=+20.0dB [dft]Done (6.22s)
Estimator batch 125/2000 (active points 9/11) [13m 40s elapsed] ...   snr=+4.0dB [dft]  snr=+6.0dB [dft]  snr=+8.0dB [dft]  snr=+10.0dB [dft]  snr=+12.0dB [dft]  snr=+14.0dB [dft]  snr=+16.0dB [dft]  snr=+18.0dB [dft]  snr=+20.0dB [dft]Done (6.25s)
Estimator batch 126/2000 (active points 9/11) [13m 46s elapsed] ...   snr=+4.0dB [dft]  snr=+6.0dB [dft]  snr=+8.0dB [dft]  snr=+10.0dB [dft]  snr=+12.0dB [dft]  snr=+14.0dB [dft]  snr=+16.0dB [dft]  snr=+18.0dB [dft]  snr=+20.0dB [dft]Done (6.23s)
Estimator batch 127/2000 (active points 9/11) [13m 52s elapsed] ...   snr=+4.0dB [dft]  snr=+6.0dB [dft]  snr=+8.0dB [dft]  snr=+10.0dB [dft]  snr=+12.0dB [dft]  snr=+14.0dB [dft]  snr=+16.0dB [dft]  snr=+18.0dB [dft]  snr=+20.0dB [dft]Done (6.25s)
Estimator batch 128/2000 (active points 9/11) [13m 58s elapsed] ...   snr=+4.0dB [dft]  snr=+6.0dB [dft]  snr=+8.0dB [dft]  snr=+10.0dB [dft]  snr=+12.0dB [dft]  snr=+14.0dB [dft]  snr=+16.0dB [dft]  snr=+18.0dB [dft]  snr=+20.0dB [dft]Done (6.23s)
Estimator batch 129/2000 (active points 9/11) [14m 05s elapsed] ...   snr=+4.0dB [dft]  snr=+6.0dB [dft]  snr=+8.0dB [dft]  snr=+10.0dB [dft]  snr=+12.0dB [dft]  snr=+14.0dB [dft]  snr=+16.0dB [dft]  snr=+18.0dB [dft]  snr=+20.0dB [dft]Done (6.17s)
Estimator batch 130/2000 (active points 9/11) [14m 11s elapsed] ...   snr=+4.0dB [dft]  snr=+6.0dB [dft]  snr=+8.0dB [dft]  snr=+10.0dB [dft]  snr=+12.0dB [dft]  snr=+14.0dB [dft]  snr=+16.0dB [dft]  snr=+18.0dB [dft]  snr=+20.0dB [dft]Done (6.23s)
Estimator batch 131/2000 (active points 9/11) [14m 17s elapsed] ...   snr=+4.0dB [dft]  snr=+6.0dB [dft]  snr=+8.0dB [dft]  snr=+10.0dB [dft]  snr=+12.0dB [dft]  snr=+14.0dB [dft]  snr=+16.0dB [dft]  snr=+18.0dB [dft]  snr=+20.0dB [dft]Done (6.20s)
Estimator batch 132/2000 (active points 9/11) [14m 23s elapsed] ...   snr=+4.0dB [dft]  snr=+6.0dB [dft]  snr=+8.0dB [dft]  snr=+10.0dB [dft]  snr=+12.0dB [dft]  snr=+14.0dB [dft]  snr=+16.0dB [dft]  snr=+18.0dB [dft]  snr=+20.0dB [dft]Done (6.22s)
Estimator batch 133/2000 (active points 9/11) [14m 30s elapsed] ...   snr=+4.0dB [dft]  snr=+6.0dB [dft]  snr=+8.0dB [dft]  snr=+10.0dB [dft]  snr=+12.0dB [dft]  snr=+14.0dB [dft]  snr=+16.0dB [dft]  snr=+18.0dB [dft]  snr=+20.0dB [dft]Done (6.26s)
Estimator batch 134/2000 (active points 9/11) [14m 36s elapsed] ...   snr=+4.0dB [dft]  snr=+6.0dB [dft]  snr=+8.0dB [dft]  snr=+10.0dB [dft]  snr=+12.0dB [dft]  snr=+14.0dB [dft]  snr=+16.0dB [dft]  snr=+18.0dB [dft]  snr=+20.0dB [dft]Done (6.23s)
Estimator batch 135/2000 (active points 9/11) [14m 42s elapsed] ...   snr=+4.0dB [dft]  snr=+6.0dB [dft]  snr=+8.0dB [dft]  snr=+10.0dB [dft]  snr=+12.0dB [dft]  snr=+14.0dB [dft]  snr=+16.0dB [dft]  snr=+18.0dB [dft]  snr=+20.0dB [dft]Done (6.21s)
Estimator batch 136/2000 (active points 9/11) [14m 48s elapsed] ...   snr=+4.0dB [dft]  snr=+6.0dB [dft]  snr=+8.0dB [dft]  snr=+10.0dB [dft]  snr=+12.0dB [dft]  snr=+14.0dB [dft]  snr=+16.0dB [dft]  snr=+18.0dB [dft]  snr=+20.0dB [dft]Done (6.22s)
Estimator batch 137/2000 (active points 9/11) [14m 54s elapsed] ...   snr=+4.0dB [dft]  snr=+6.0dB [dft]  snr=+8.0dB [dft]  snr=+10.0dB [dft]  snr=+12.0dB [dft]  snr=+14.0dB [dft]  snr=+16.0dB [dft]  snr=+18.0dB [dft]  snr=+20.0dB [dft]Done (6.28s)
Estimator batch 138/2000 (active points 9/11) [15m 01s elapsed] ...   snr=+4.0dB [dft]  snr=+6.0dB [dft]  snr=+8.0dB [dft]  snr=+10.0dB [dft]  snr=+12.0dB [dft]  snr=+14.0dB [dft]  snr=+16.0dB [dft]  snr=+18.0dB [dft]  snr=+20.0dB [dft]Done (6.45s)
Estimator batch 139/2000 (active points 9/11) [15m 07s elapsed] ...   snr=+4.0dB [dft]  snr=+6.0dB [dft]  snr=+8.0dB [dft]  snr=+10.0dB [dft]  snr=+12.0dB [dft]  snr=+14.0dB [dft]  snr=+16.0dB [dft]  snr=+18.0dB [dft]  snr=+20.0dB [dft]Done (6.66s)
Estimator batch 140/2000 (active points 9/11) [15m 14s elapsed] ...   snr=+4.0dB [dft]  snr=+6.0dB [dft]  snr=+8.0dB [dft]  snr=+10.0dB [dft]  snr=+12.0dB [dft]  snr=+14.0dB [dft]  snr=+16.0dB [dft]  snr=+18.0dB [dft]  snr=+20.0dB [dft]Done (6.45s)
Estimator batch 141/2000 (active points 9/11) [15m 20s elapsed] ...   snr=+4.0dB [dft]  snr=+6.0dB [dft]  snr=+8.0dB [dft]  snr=+10.0dB [dft]  snr=+12.0dB [dft]  snr=+14.0dB [dft]  snr=+16.0dB [dft]  snr=+18.0dB [dft]  snr=+20.0dB [dft]Done (6.27s)
Estimator batch 142/2000 (active points 9/11) [15m 27s elapsed] ...   snr=+4.0dB [dft]  snr=+6.0dB [dft]  snr=+8.0dB [dft]  snr=+10.0dB [dft]  snr=+12.0dB [dft]  snr=+14.0dB [dft]  snr=+16.0dB [dft]  snr=+18.0dB [dft]  snr=+20.0dB [dft]Done (6.28s)
Estimator batch 143/2000 (active points 9/11) [15m 33s elapsed] ...   snr=+4.0dB [dft]  snr=+6.0dB [dft]  snr=+8.0dB [dft]  snr=+10.0dB [dft]  snr=+12.0dB [dft]  snr=+14.0dB [dft]  snr=+16.0dB [dft]  snr=+18.0dB [dft]  snr=+20.0dB [dft]Done (6.35s)
Estimator batch 144/2000 (active points 9/11) [15m 39s elapsed] ...   snr=+4.0dB [dft]  snr=+6.0dB [dft]  snr=+8.0dB [dft]  snr=+10.0dB [dft]  snr=+12.0dB [dft]  snr=+14.0dB [dft]  snr=+16.0dB [dft]  snr=+18.0dB [dft]  snr=+20.0dB [dft]Done (6.46s)
Estimator batch 145/2000 (active points 9/11) [15m 46s elapsed] ...   snr=+4.0dB [dft]  snr=+6.0dB [dft]  snr=+8.0dB [dft]  snr=+10.0dB [dft]  snr=+12.0dB [dft]  snr=+14.0dB [dft]  snr=+16.0dB [dft]  snr=+18.0dB [dft]  snr=+20.0dB [dft]Done (6.47s)
Estimator batch 146/2000 (active points 9/11) [15m 52s elapsed] ...   snr=+4.0dB [dft]  snr=+6.0dB [dft]  snr=+8.0dB [dft]  snr=+10.0dB [dft]  snr=+12.0dB [dft]  snr=+14.0dB [dft]  snr=+16.0dB [dft]  snr=+18.0dB [dft]  snr=+20.0dB [dft]Done (6.41s)
Estimator batch 147/2000 (active points 9/11) [15m 59s elapsed] ...   snr=+4.0dB [dft]  snr=+6.0dB [dft]  snr=+8.0dB [dft]  snr=+10.0dB [dft]  snr=+12.0dB [dft]  snr=+14.0dB [dft]  snr=+16.0dB [dft]  snr=+18.0dB [dft]  snr=+20.0dB [dft]Done (6.37s)
Estimator batch 148/2000 (active points 9/11) [16m 05s elapsed] ...   snr=+4.0dB [dft]  snr=+6.0dB [dft]  snr=+8.0dB [dft]  snr=+10.0dB [dft]  snr=+12.0dB [dft]  snr=+14.0dB [dft]  snr=+16.0dB [dft]  snr=+18.0dB [dft]  snr=+20.0dB [dft]Done (6.26s)
Estimator batch 149/2000 (active points 9/11) [16m 11s elapsed] ...   snr=+4.0dB [dft]  snr=+6.0dB [dft]  snr=+8.0dB [dft]  snr=+10.0dB [dft]  snr=+12.0dB [dft]  snr=+14.0dB [dft]  snr=+16.0dB [dft]  snr=+18.0dB [dft]  snr=+20.0dB [dft]Done (6.28s)
Estimator batch 150/2000 (active points 9/11) [16m 17s elapsed] ...   snr=+4.0dB [dft]  snr=+6.0dB [dft]  snr=+8.0dB [dft]  snr=+10.0dB [dft]  snr=+12.0dB [dft]  snr=+14.0dB [dft]  snr=+16.0dB [dft]  snr=+18.0dB [dft]  snr=+20.0dB [dft]Done (6.37s)
Estimator batch 151/2000 (active points 9/11) [16m 24s elapsed] ...   snr=+4.0dB [dft]  snr=+6.0dB [dft]  snr=+8.0dB [dft]  snr=+10.0dB [dft]  snr=+12.0dB [dft]  snr=+14.0dB [dft]  snr=+16.0dB [dft]  snr=+18.0dB [dft]  snr=+20.0dB [dft]Done (6.40s)
Estimator batch 152/2000 (active points 9/11) [16m 30s elapsed] ...   snr=+4.0dB [dft]  snr=+6.0dB [dft]  snr=+8.0dB [dft]  snr=+10.0dB [dft]  snr=+12.0dB [dft]  snr=+14.0dB [dft]  snr=+16.0dB [dft]  snr=+18.0dB [dft]  snr=+20.0dB [dft]Done (6.36s)
Estimator batch 153/2000 (active points 9/11) [16m 37s elapsed] ...   snr=+4.0dB [dft]  snr=+6.0dB [dft]  snr=+8.0dB [dft]  snr=+10.0dB [dft]  snr=+12.0dB [dft]  snr=+14.0dB [dft]  snr=+16.0dB [dft]  snr=+18.0dB [dft]  snr=+20.0dB [dft]Done (6.40s)
Estimator batch 154/2000 (active points 9/11) [16m 43s elapsed] ...   snr=+4.0dB [dft]  snr=+6.0dB [dft]  snr=+8.0dB [dft]  snr=+10.0dB [dft]  snr=+12.0dB [dft]  snr=+14.0dB [dft]  snr=+16.0dB [dft]  snr=+18.0dB [dft]  snr=+20.0dB [dft]Done (6.38s)
Estimator batch 155/2000 (active points 9/11) [16m 49s elapsed] ...   snr=+4.0dB [dft]  snr=+6.0dB [dft]  snr=+8.0dB [dft]  snr=+10.0dB [dft]  snr=+12.0dB [dft]  snr=+14.0dB [dft]  snr=+16.0dB [dft]  snr=+18.0dB [dft]  snr=+20.0dB [dft]Done (6.42s)
Estimator batch 156/2000 (active points 9/11) [16m 56s elapsed] ...   snr=+4.0dB [dft]  snr=+6.0dB [dft]  snr=+8.0dB [dft]  snr=+10.0dB [dft]  snr=+12.0dB [dft]  snr=+14.0dB [dft]  snr=+16.0dB [dft]  snr=+18.0dB [dft]  snr=+20.0dB [dft]Done (6.30s)
Estimator batch 157/2000 (active points 9/11) [17m 02s elapsed] ...   snr=+4.0dB [dft]  snr=+6.0dB [dft]  snr=+8.0dB [dft]  snr=+10.0dB [dft]  snr=+12.0dB [dft]  snr=+14.0dB [dft]  snr=+16.0dB [dft]  snr=+18.0dB [dft]  snr=+20.0dB [dft]Done (6.32s)
Estimator batch 158/2000 (active points 9/11) [17m 08s elapsed] ...   snr=+4.0dB [dft]  snr=+6.0dB [dft]  snr=+8.0dB [dft]  snr=+10.0dB [dft]  snr=+12.0dB [dft]  snr=+14.0dB [dft]  snr=+16.0dB [dft]  snr=+18.0dB [dft]  snr=+20.0dB [dft]Done (6.32s)
Estimator batch 159/2000 (active points 9/11) [17m 15s elapsed] ...   snr=+4.0dB [dft]  snr=+6.0dB [dft]  snr=+8.0dB [dft]  snr=+10.0dB [dft]  snr=+12.0dB [dft]  snr=+14.0dB [dft]  snr=+16.0dB [dft]  snr=+18.0dB [dft]  snr=+20.0dB [dft]Done (6.33s)
Estimator batch 160/2000 (active points 9/11) [17m 21s elapsed] ...   snr=+4.0dB [dft]  snr=+6.0dB [dft]  snr=+8.0dB [dft]  snr=+10.0dB [dft]  snr=+12.0dB [dft]  snr=+14.0dB [dft]  snr=+16.0dB [dft]  snr=+18.0dB [dft]  snr=+20.0dB [dft]Done (6.65s)
Estimator batch 161/2000 (active points 9/11) [17m 28s elapsed] ...   snr=+4.0dB [dft]  snr=+6.0dB [dft]  snr=+8.0dB [dft]  snr=+10.0dB [dft]  snr=+12.0dB [dft]  snr=+14.0dB [dft]  snr=+16.0dB [dft]  snr=+18.0dB [dft]  snr=+20.0dB [dft]Done (6.57s)
Estimator batch 162/2000 (active points 9/11) [17m 34s elapsed] ...   snr=+4.0dB [dft]  snr=+6.0dB [dft]  snr=+8.0dB [dft]  snr=+10.0dB [dft]  snr=+12.0dB [dft]  snr=+14.0dB [dft]  snr=+16.0dB [dft]  snr=+18.0dB [dft]  snr=+20.0dB [dft]Done (6.80s)
Estimator batch 163/2000 (active points 9/11) [17m 41s elapsed] ...   snr=+4.0dB [dft]  snr=+6.0dB [dft]  snr=+8.0dB [dft]  snr=+10.0dB [dft]  snr=+12.0dB [dft]  snr=+14.0dB [dft]  snr=+16.0dB [dft]  snr=+18.0dB [dft]  snr=+20.0dB [dft]Done (6.49s)
Estimator batch 164/2000 (active points 9/11) [17m 48s elapsed] ...   snr=+4.0dB [dft]  snr=+6.0dB [dft]  snr=+8.0dB [dft]  snr=+10.0dB [dft]  snr=+12.0dB [dft]  snr=+14.0dB [dft]  snr=+16.0dB [dft]  snr=+18.0dB [dft]  snr=+20.0dB [dft]Done (6.54s)
Estimator batch 165/2000 (active points 9/11) [17m 54s elapsed] ...   snr=+4.0dB [dft]  snr=+6.0dB [dft]  snr=+8.0dB [dft]  snr=+10.0dB [dft]  snr=+12.0dB [dft]  snr=+14.0dB [dft]  snr=+16.0dB [dft]  snr=+18.0dB [dft]  snr=+20.0dB [dft]Done (6.38s)
Estimator batch 166/2000 (active points 9/11) [18m 00s elapsed] ...   snr=+4.0dB [dft]  snr=+6.0dB [dft]  snr=+8.0dB [dft]  snr=+10.0dB [dft]  snr=+12.0dB [dft]  snr=+14.0dB [dft]  snr=+16.0dB [dft]  snr=+18.0dB [dft]  snr=+20.0dB [dft]Done (6.39s)
Estimator batch 167/2000 (active points 9/11) [18m 07s elapsed] ...   snr=+4.0dB [dft]  snr=+6.0dB [dft]  snr=+8.0dB [dft]  snr=+10.0dB [dft]  snr=+12.0dB [dft]  snr=+14.0dB [dft]  snr=+16.0dB [dft]  snr=+18.0dB [dft]  snr=+20.0dB [dft]Done (6.24s)
Estimator batch 168/2000 (active points 9/11) [18m 13s elapsed] ...   snr=+4.0dB [dft]  snr=+6.0dB [dft]  snr=+8.0dB [dft]  snr=+10.0dB [dft]  snr=+12.0dB [dft]  snr=+14.0dB [dft]  snr=+16.0dB [dft]  snr=+18.0dB [dft]  snr=+20.0dB [dft]Done (6.41s)
Estimator batch 169/2000 (active points 9/11) [18m 20s elapsed] ...   snr=+4.0dB [dft]  snr=+6.0dB [dft]  snr=+8.0dB [dft]  snr=+10.0dB [dft]  snr=+12.0dB [dft]  snr=+14.0dB [dft]  snr=+16.0dB [dft]  snr=+18.0dB [dft]  snr=+20.0dB [dft]Done (6.50s)
Estimator batch 170/2000 (active points 9/11) [18m 26s elapsed] ...   snr=+4.0dB [dft]  snr=+6.0dB [dft]  snr=+8.0dB [dft]  snr=+10.0dB [dft]  snr=+12.0dB [dft]  snr=+14.0dB [dft]  snr=+16.0dB [dft]  snr=+18.0dB [dft]  snr=+20.0dB [dft]Done (6.39s)
Estimator batch 171/2000 (active points 9/11) [18m 32s elapsed] ...   snr=+4.0dB [dft]  snr=+6.0dB [dft]  snr=+8.0dB [dft]  snr=+10.0dB [dft]  snr=+12.0dB [dft]  snr=+14.0dB [dft]  snr=+16.0dB [dft]  snr=+18.0dB [dft]  snr=+20.0dB [dft]Done (6.22s)
Estimator batch 172/2000 (active points 9/11) [18m 39s elapsed] ...   snr=+4.0dB [dft]  snr=+6.0dB [dft]  snr=+8.0dB [dft]  snr=+10.0dB [dft]  snr=+12.0dB [dft]  snr=+14.0dB [dft]  snr=+16.0dB [dft]  snr=+18.0dB [dft]  snr=+20.0dB [dft]Done (6.24s)
Estimator batch 173/2000 (active points 9/11) [18m 45s elapsed] ...   snr=+4.0dB [dft]  snr=+6.0dB [dft]  snr=+8.0dB [dft]  snr=+10.0dB [dft]  snr=+12.0dB [dft]  snr=+14.0dB [dft]  snr=+16.0dB [dft]  snr=+18.0dB [dft]  snr=+20.0dB [dft]Done (6.39s)
Estimator batch 174/2000 (active points 9/11) [18m 51s elapsed] ...   snr=+4.0dB [dft]  snr=+6.0dB [dft]  snr=+8.0dB [dft]  snr=+10.0dB [dft]  snr=+12.0dB [dft]  snr=+14.0dB [dft]  snr=+16.0dB [dft]  snr=+18.0dB [dft]  snr=+20.0dB [dft]Done (6.40s)
Estimator batch 175/2000 (active points 8/11) [18m 58s elapsed] ...   snr=+6.0dB [dft]  snr=+8.0dB [dft]  snr=+10.0dB [dft]  snr=+12.0dB [dft]  snr=+14.0dB [dft]  snr=+16.0dB [dft]  snr=+18.0dB [dft]  snr=+20.0dB [dft]Done (5.60s)
Estimator batch 176/2000 (active points 8/11) [19m 03s elapsed] ...   snr=+6.0dB [dft]  snr=+8.0dB [dft]  snr=+10.0dB [dft]  snr=+12.0dB [dft]  snr=+14.0dB [dft]  snr=+16.0dB [dft]  snr=+18.0dB [dft]  snr=+20.0dB [dft]Done (5.55s)
Estimator batch 177/2000 (active points 8/11) [19m 09s elapsed] ...   snr=+6.0dB [dft]  snr=+8.0dB [dft]  snr=+10.0dB [dft]  snr=+12.0dB [dft]  snr=+14.0dB [dft]  snr=+16.0dB [dft]  snr=+18.0dB [dft]  snr=+20.0dB [dft]Done (5.63s)
Estimator batch 178/2000 (active points 8/11) [19m 14s elapsed] ...   snr=+6.0dB [dft]  snr=+8.0dB [dft]  snr=+10.0dB [dft]  snr=+12.0dB [dft]  snr=+14.0dB [dft]  snr=+16.0dB [dft]  snr=+18.0dB [dft]  snr=+20.0dB [dft]Done (5.65s)
Estimator batch 179/2000 (active points 8/11) [19m 20s elapsed] ...   snr=+6.0dB [dft]  snr=+8.0dB [dft]  snr=+10.0dB [dft]  snr=+12.0dB [dft]  snr=+14.0dB [dft]  snr=+16.0dB [dft]  snr=+18.0dB [dft]  snr=+20.0dB [dft]Done (5.67s)
Estimator batch 180/2000 (active points 8/11) [19m 26s elapsed] ...   snr=+6.0dB [dft]  snr=+8.0dB [dft]  snr=+10.0dB [dft]  snr=+12.0dB [dft]  snr=+14.0dB [dft]  snr=+16.0dB [dft]  snr=+18.0dB [dft]  snr=+20.0dB [dft]Done (5.52s)
Estimator batch 181/2000 (active points 8/11) [19m 31s elapsed] ...   snr=+6.0dB [dft]  snr=+8.0dB [dft]  snr=+10.0dB [dft]  snr=+12.0dB [dft]  snr=+14.0dB [dft]  snr=+16.0dB [dft]  snr=+18.0dB [dft]  snr=+20.0dB [dft]Done (5.54s)
Estimator batch 182/2000 (active points 8/11) [19m 37s elapsed] ...   snr=+6.0dB [dft]  snr=+8.0dB [dft]  snr=+10.0dB [dft]  snr=+12.0dB [dft]  snr=+14.0dB [dft]  snr=+16.0dB [dft]  snr=+18.0dB [dft]  snr=+20.0dB [dft]Done (5.53s)
Estimator batch 183/2000 (active points 8/11) [19m 42s elapsed] ...   snr=+6.0dB [dft]  snr=+8.0dB [dft]  snr=+10.0dB [dft]  snr=+12.0dB [dft]  snr=+14.0dB [dft]  snr=+16.0dB [dft]  snr=+18.0dB [dft]  snr=+20.0dB [dft]Done (5.54s)
Estimator batch 184/2000 (active points 8/11) [19m 48s elapsed] ...   snr=+6.0dB [dft]  snr=+8.0dB [dft]  snr=+10.0dB [dft]  snr=+12.0dB [dft]  snr=+14.0dB [dft]  snr=+16.0dB [dft]  snr=+18.0dB [dft]  snr=+20.0dB [dft]Done (5.54s)
Estimator batch 185/2000 (active points 8/11) [19m 53s elapsed] ...   snr=+6.0dB [dft]  snr=+8.0dB [dft]  snr=+10.0dB [dft]  snr=+12.0dB [dft]  snr=+14.0dB [dft]  snr=+16.0dB [dft]  snr=+18.0dB [dft]  snr=+20.0dB [dft]Done (5.53s)
Estimator batch 186/2000 (active points 8/11) [19m 59s elapsed] ...   snr=+6.0dB [dft]  snr=+8.0dB [dft]  snr=+10.0dB [dft]  snr=+12.0dB [dft]  snr=+14.0dB [dft]  snr=+16.0dB [dft]  snr=+18.0dB [dft]  snr=+20.0dB [dft]Done (5.51s)
Estimator batch 187/2000 (active points 8/11) [20m 05s elapsed] ...   snr=+6.0dB [dft]  snr=+8.0dB [dft]  snr=+10.0dB [dft]  snr=+12.0dB [dft]  snr=+14.0dB [dft]  snr=+16.0dB [dft]  snr=+18.0dB [dft]  snr=+20.0dB [dft]Done (5.50s)
Estimator batch 188/2000 (active points 8/11) [20m 10s elapsed] ...   snr=+6.0dB [dft]  snr=+8.0dB [dft]  snr=+10.0dB [dft]  snr=+12.0dB [dft]  snr=+14.0dB [dft]  snr=+16.0dB [dft]  snr=+18.0dB [dft]  snr=+20.0dB [dft]Done (5.96s)
Estimator batch 189/2000 (active points 8/11) [20m 16s elapsed] ...   snr=+6.0dB [dft]  snr=+8.0dB [dft]  snr=+10.0dB [dft]  snr=+12.0dB [dft]  snr=+14.0dB [dft]  snr=+16.0dB [dft]  snr=+18.0dB [dft]  snr=+20.0dB [dft]Done (5.55s)
Estimator batch 190/2000 (active points 8/11) [20m 22s elapsed] ...   snr=+6.0dB [dft]  snr=+8.0dB [dft]  snr=+10.0dB [dft]  snr=+12.0dB [dft]  snr=+14.0dB [dft]  snr=+16.0dB [dft]  snr=+18.0dB [dft]  snr=+20.0dB [dft]Done (5.64s)
Estimator batch 191/2000 (active points 8/11) [20m 27s elapsed] ...   snr=+6.0dB [dft]  snr=+8.0dB [dft]  snr=+10.0dB [dft]  snr=+12.0dB [dft]  snr=+14.0dB [dft]  snr=+16.0dB [dft]  snr=+18.0dB [dft]  snr=+20.0dB [dft]Done (5.58s)
Estimator batch 192/2000 (active points 8/11) [20m 33s elapsed] ...   snr=+6.0dB [dft]  snr=+8.0dB [dft]  snr=+10.0dB [dft]  snr=+12.0dB [dft]  snr=+14.0dB [dft]  snr=+16.0dB [dft]  snr=+18.0dB [dft]  snr=+20.0dB [dft]Done (5.86s)
Estimator batch 193/2000 (active points 8/11) [20m 39s elapsed] ...   snr=+6.0dB [dft]  snr=+8.0dB [dft]  snr=+10.0dB [dft]  snr=+12.0dB [dft]  snr=+14.0dB [dft]  snr=+16.0dB [dft]  snr=+18.0dB [dft]  snr=+20.0dB [dft]Done (6.12s)
Estimator batch 194/2000 (active points 8/11) [20m 45s elapsed] ...   snr=+6.0dB [dft]  snr=+8.0dB [dft]  snr=+10.0dB [dft]  snr=+12.0dB [dft]  snr=+14.0dB [dft]  snr=+16.0dB [dft]  snr=+18.0dB [dft]  snr=+20.0dB [dft]Done (5.79s)
Estimator batch 195/2000 (active points 8/11) [20m 51s elapsed] ...   snr=+6.0dB [dft]  snr=+8.0dB [dft]  snr=+10.0dB [dft]  snr=+12.0dB [dft]  snr=+14.0dB [dft]  snr=+16.0dB [dft]  snr=+18.0dB [dft]  snr=+20.0dB [dft]Done (6.02s)
Estimator batch 196/2000 (active points 8/11) [20m 57s elapsed] ...   snr=+6.0dB [dft]  snr=+8.0dB [dft]  snr=+10.0dB [dft]  snr=+12.0dB [dft]  snr=+14.0dB [dft]  snr=+16.0dB [dft]  snr=+18.0dB [dft]  snr=+20.0dB [dft]Done (6.21s)
Estimator batch 197/2000 (active points 8/11) [21m 03s elapsed] ...   snr=+6.0dB [dft]  snr=+8.0dB [dft]  snr=+10.0dB [dft]  snr=+12.0dB [dft]  snr=+14.0dB [dft]  snr=+16.0dB [dft]  snr=+18.0dB [dft]  snr=+20.0dB [dft]Done (6.36s)
Estimator batch 198/2000 (active points 8/11) [21m 09s elapsed] ...   snr=+6.0dB [dft]  snr=+8.0dB [dft]  snr=+10.0dB [dft]  snr=+12.0dB [dft]  snr=+14.0dB [dft]  snr=+16.0dB [dft]  snr=+18.0dB [dft]  snr=+20.0dB [dft]Done (5.82s)
Estimator batch 199/2000 (active points 8/11) [21m 15s elapsed] ...   snr=+6.0dB [dft]  snr=+8.0dB [dft]  snr=+10.0dB [dft]  snr=+12.0dB [dft]  snr=+14.0dB [dft]  snr=+16.0dB [dft]  snr=+18.0dB [dft]  snr=+20.0dB [dft]Done (5.72s)
Estimator batch 200/2000 (active points 8/11) [21m 21s elapsed] ...   snr=+6.0dB [dft]  snr=+8.0dB [dft]  snr=+10.0dB [dft]  snr=+12.0dB [dft]  snr=+14.0dB [dft]  snr=+16.0dB [dft]  snr=+18.0dB [dft]  snr=+20.0dB [dft]Done (5.73s)
Estimator batch 201/2000 (active points 8/11) [21m 26s elapsed] ...   snr=+6.0dB [dft]  snr=+8.0dB [dft]  snr=+10.0dB [dft]  snr=+12.0dB [dft]  snr=+14.0dB [dft]  snr=+16.0dB [dft]  snr=+18.0dB [dft]  snr=+20.0dB [dft]Done (5.56s)
Estimator batch 202/2000 (active points 8/11) [21m 32s elapsed] ...   snr=+6.0dB [dft]  snr=+8.0dB [dft]  snr=+10.0dB [dft]  snr=+12.0dB [dft]  snr=+14.0dB [dft]  snr=+16.0dB [dft]  snr=+18.0dB [dft]  snr=+20.0dB [dft]Done (5.53s)
Estimator batch 203/2000 (active points 8/11) [21m 37s elapsed] ...   snr=+6.0dB [dft]  snr=+8.0dB [dft]  snr=+10.0dB [dft]  snr=+12.0dB [dft]  snr=+14.0dB [dft]  snr=+16.0dB [dft]  snr=+18.0dB [dft]  snr=+20.0dB [dft]Done (5.50s)
Estimator batch 204/2000 (active points 8/11) [21m 43s elapsed] ...   snr=+6.0dB [dft]  snr=+8.0dB [dft]  snr=+10.0dB [dft]  snr=+12.0dB [dft]  snr=+14.0dB [dft]  snr=+16.0dB [dft]  snr=+18.0dB [dft]  snr=+20.0dB [dft]Done (5.54s)
Estimator batch 205/2000 (active points 8/11) [21m 48s elapsed] ...   snr=+6.0dB [dft]  snr=+8.0dB [dft]  snr=+10.0dB [dft]  snr=+12.0dB [dft]  snr=+14.0dB [dft]  snr=+16.0dB [dft]  snr=+18.0dB [dft]  snr=+20.0dB [dft]Done (5.56s)
Estimator batch 206/2000 (active points 8/11) [21m 54s elapsed] ...   snr=+6.0dB [dft]  snr=+8.0dB [dft]  snr=+10.0dB [dft]  snr=+12.0dB [dft]  snr=+14.0dB [dft]  snr=+16.0dB [dft]  snr=+18.0dB [dft]  snr=+20.0dB [dft]Done (5.52s)
Estimator batch 207/2000 (active points 8/11) [22m 00s elapsed] ...   snr=+6.0dB [dft]  snr=+8.0dB [dft]  snr=+10.0dB [dft]  snr=+12.0dB [dft]  snr=+14.0dB [dft]  snr=+16.0dB [dft]  snr=+18.0dB [dft]  snr=+20.0dB [dft]Done (5.63s)
Estimator batch 208/2000 (active points 8/11) [22m 05s elapsed] ...   snr=+6.0dB [dft]  snr=+8.0dB [dft]  snr=+10.0dB [dft]  snr=+12.0dB [dft]  snr=+14.0dB [dft]  snr=+16.0dB [dft]  snr=+18.0dB [dft]  snr=+20.0dB [dft]Done (5.75s)
Estimator batch 209/2000 (active points 8/11) [22m 11s elapsed] ...   snr=+6.0dB [dft]  snr=+8.0dB [dft]  snr=+10.0dB [dft]  snr=+12.0dB [dft]  snr=+14.0dB [dft]  snr=+16.0dB [dft]  snr=+18.0dB [dft]  snr=+20.0dB [dft]Done (5.56s)
Estimator batch 210/2000 (active points 8/11) [22m 17s elapsed] ...   snr=+6.0dB [dft]  snr=+8.0dB [dft]  snr=+10.0dB [dft]  snr=+12.0dB [dft]  snr=+14.0dB [dft]  snr=+16.0dB [dft]  snr=+18.0dB [dft]  snr=+20.0dB [dft]Done (5.54s)
Estimator batch 211/2000 (active points 8/11) [22m 22s elapsed] ...   snr=+6.0dB [dft]  snr=+8.0dB [dft]  snr=+10.0dB [dft]  snr=+12.0dB [dft]  snr=+14.0dB [dft]  snr=+16.0dB [dft]  snr=+18.0dB [dft]  snr=+20.0dB [dft]Done (5.53s)
Estimator batch 212/2000 (active points 8/11) [22m 28s elapsed] ...   snr=+6.0dB [dft]  snr=+8.0dB [dft]  snr=+10.0dB [dft]  snr=+12.0dB [dft]  snr=+14.0dB [dft]  snr=+16.0dB [dft]  snr=+18.0dB [dft]  snr=+20.0dB [dft]Done (5.50s)
Estimator batch 213/2000 (active points 8/11) [22m 33s elapsed] ...   snr=+6.0dB [dft]  snr=+8.0dB [dft]  snr=+10.0dB [dft]  snr=+12.0dB [dft]  snr=+14.0dB [dft]  snr=+16.0dB [dft]  snr=+18.0dB [dft]  snr=+20.0dB [dft]Done (5.50s)
Estimator batch 214/2000 (active points 8/11) [22m 39s elapsed] ...   snr=+6.0dB [dft]  snr=+8.0dB [dft]  snr=+10.0dB [dft]  snr=+12.0dB [dft]  snr=+14.0dB [dft]  snr=+16.0dB [dft]  snr=+18.0dB [dft]  snr=+20.0dB [dft]Done (5.48s)
Estimator batch 215/2000 (active points 8/11) [22m 44s elapsed] ...   snr=+6.0dB [dft]  snr=+8.0dB [dft]  snr=+10.0dB [dft]  snr=+12.0dB [dft]  snr=+14.0dB [dft]  snr=+16.0dB [dft]  snr=+18.0dB [dft]  snr=+20.0dB [dft]Done (5.49s)
Estimator batch 216/2000 (active points 8/11) [22m 50s elapsed] ...   snr=+6.0dB [dft]  snr=+8.0dB [dft]  snr=+10.0dB [dft]  snr=+12.0dB [dft]  snr=+14.0dB [dft]  snr=+16.0dB [dft]  snr=+18.0dB [dft]  snr=+20.0dB [dft]Done (5.48s)
Estimator batch 217/2000 (active points 8/11) [22m 55s elapsed] ...   snr=+6.0dB [dft]  snr=+8.0dB [dft]  snr=+10.0dB [dft]  snr=+12.0dB [dft]  snr=+14.0dB [dft]  snr=+16.0dB [dft]  snr=+18.0dB [dft]  snr=+20.0dB [dft]Done (5.49s)
Estimator batch 218/2000 (active points 8/11) [23m 01s elapsed] ...   snr=+6.0dB [dft]  snr=+8.0dB [dft]  snr=+10.0dB [dft]  snr=+12.0dB [dft]  snr=+14.0dB [dft]  snr=+16.0dB [dft]  snr=+18.0dB [dft]  snr=+20.0dB [dft]Done (5.53s)
Estimator batch 219/2000 (active points 8/11) [23m 06s elapsed] ...   snr=+6.0dB [dft]  snr=+8.0dB [dft]  snr=+10.0dB [dft]  snr=+12.0dB [dft]  snr=+14.0dB [dft]  snr=+16.0dB [dft]  snr=+18.0dB [dft]  snr=+20.0dB [dft]Done (5.71s)
Estimator batch 220/2000 (active points 8/11) [23m 12s elapsed] ...   snr=+6.0dB [dft]  snr=+8.0dB [dft]  snr=+10.0dB [dft]  snr=+12.0dB [dft]  snr=+14.0dB [dft]  snr=+16.0dB [dft]  snr=+18.0dB [dft]  snr=+20.0dB [dft]Done (5.53s)
Estimator batch 221/2000 (active points 8/11) [23m 17s elapsed] ...   snr=+6.0dB [dft]  snr=+8.0dB [dft]  snr=+10.0dB [dft]  snr=+12.0dB [dft]  snr=+14.0dB [dft]  snr=+16.0dB [dft]  snr=+18.0dB [dft]  snr=+20.0dB [dft]Done (5.51s)
Estimator batch 222/2000 (active points 8/11) [23m 23s elapsed] ...   snr=+6.0dB [dft]  snr=+8.0dB [dft]  snr=+10.0dB [dft]  snr=+12.0dB [dft]  snr=+14.0dB [dft]  snr=+16.0dB [dft]  snr=+18.0dB [dft]  snr=+20.0dB [dft]Done (5.54s)
Estimator batch 223/2000 (active points 8/11) [23m 28s elapsed] ...   snr=+6.0dB [dft]  snr=+8.0dB [dft]  snr=+10.0dB [dft]  snr=+12.0dB [dft]  snr=+14.0dB [dft]  snr=+16.0dB [dft]  snr=+18.0dB [dft]  snr=+20.0dB [dft]Done (5.65s)
Estimator batch 224/2000 (active points 8/11) [23m 34s elapsed] ...   snr=+6.0dB [dft]  snr=+8.0dB [dft]  snr=+10.0dB [dft]  snr=+12.0dB [dft]  snr=+14.0dB [dft]  snr=+16.0dB [dft]  snr=+18.0dB [dft]  snr=+20.0dB [dft]Done (5.75s)
Estimator batch 225/2000 (active points 8/11) [23m 40s elapsed] ...   snr=+6.0dB [dft]  snr=+8.0dB [dft]  snr=+10.0dB [dft]  snr=+12.0dB [dft]  snr=+14.0dB [dft]  snr=+16.0dB [dft]  snr=+18.0dB [dft]  snr=+20.0dB [dft]Done (5.71s)
Estimator batch 226/2000 (active points 8/11) [23m 45s elapsed] ...   snr=+6.0dB [dft]  snr=+8.0dB [dft]  snr=+10.0dB [dft]  snr=+12.0dB [dft]  snr=+14.0dB [dft]  snr=+16.0dB [dft]  snr=+18.0dB [dft]  snr=+20.0dB [dft]Done (5.57s)
Estimator batch 227/2000 (active points 8/11) [23m 51s elapsed] ...   snr=+6.0dB [dft]  snr=+8.0dB [dft]  snr=+10.0dB [dft]  snr=+12.0dB [dft]  snr=+14.0dB [dft]  snr=+16.0dB [dft]  snr=+18.0dB [dft]  snr=+20.0dB [dft]Done (5.49s)
Estimator batch 228/2000 (active points 8/11) [23m 57s elapsed] ...   snr=+6.0dB [dft]  snr=+8.0dB [dft]  snr=+10.0dB [dft]  snr=+12.0dB [dft]  snr=+14.0dB [dft]  snr=+16.0dB [dft]  snr=+18.0dB [dft]  snr=+20.0dB [dft]Done (5.47s)
Estimator batch 229/2000 (active points 8/11) [24m 02s elapsed] ...   snr=+6.0dB [dft]  snr=+8.0dB [dft]  snr=+10.0dB [dft]  snr=+12.0dB [dft]  snr=+14.0dB [dft]  snr=+16.0dB [dft]  snr=+18.0dB [dft]  snr=+20.0dB [dft]Done (5.49s)
Estimator batch 230/2000 (active points 8/11) [24m 07s elapsed] ...   snr=+6.0dB [dft]  snr=+8.0dB [dft]  snr=+10.0dB [dft]  snr=+12.0dB [dft]  snr=+14.0dB [dft]  snr=+16.0dB [dft]  snr=+18.0dB [dft]  snr=+20.0dB [dft]Done (5.48s)
Estimator batch 231/2000 (active points 8/11) [24m 13s elapsed] ...   snr=+6.0dB [dft]  snr=+8.0dB [dft]  snr=+10.0dB [dft]  snr=+12.0dB [dft]  snr=+14.0dB [dft]  snr=+16.0dB [dft]  snr=+18.0dB [dft]  snr=+20.0dB [dft]Done (5.48s)
Estimator batch 232/2000 (active points 8/11) [24m 18s elapsed] ...   snr=+6.0dB [dft]  snr=+8.0dB [dft]  snr=+10.0dB [dft]  snr=+12.0dB [dft]  snr=+14.0dB [dft]  snr=+16.0dB [dft]  snr=+18.0dB [dft]  snr=+20.0dB [dft]Done (5.51s)
Estimator batch 233/2000 (active points 8/11) [24m 24s elapsed] ...   snr=+6.0dB [dft]  snr=+8.0dB [dft]  snr=+10.0dB [dft]  snr=+12.0dB [dft]  snr=+14.0dB [dft]  snr=+16.0dB [dft]  snr=+18.0dB [dft]  snr=+20.0dB [dft]Done (5.48s)
Estimator batch 234/2000 (active points 8/11) [24m 29s elapsed] ...   snr=+6.0dB [dft]  snr=+8.0dB [dft]  snr=+10.0dB [dft]  snr=+12.0dB [dft]  snr=+14.0dB [dft]  snr=+16.0dB [dft]  snr=+18.0dB [dft]  snr=+20.0dB [dft]Done (5.48s)
Estimator batch 235/2000 (active points 8/11) [24m 35s elapsed] ...   snr=+6.0dB [dft]  snr=+8.0dB [dft]  snr=+10.0dB [dft]  snr=+12.0dB [dft]  snr=+14.0dB [dft]  snr=+16.0dB [dft]  snr=+18.0dB [dft]  snr=+20.0dB [dft]Done (5.51s)
Estimator batch 236/2000 (active points 8/11) [24m 40s elapsed] ...   snr=+6.0dB [dft]  snr=+8.0dB [dft]  snr=+10.0dB [dft]  snr=+12.0dB [dft]  snr=+14.0dB [dft]  snr=+16.0dB [dft]  snr=+18.0dB [dft]  snr=+20.0dB [dft]Done (5.49s)
Estimator batch 237/2000 (active points 8/11) [24m 46s elapsed] ...   snr=+6.0dB [dft]  snr=+8.0dB [dft]  snr=+10.0dB [dft]  snr=+12.0dB [dft]  snr=+14.0dB [dft]  snr=+16.0dB [dft]  snr=+18.0dB [dft]  snr=+20.0dB [dft]Done (5.50s)
Estimator batch 238/2000 (active points 8/11) [24m 51s elapsed] ...   snr=+6.0dB [dft]  snr=+8.0dB [dft]  snr=+10.0dB [dft]  snr=+12.0dB [dft]  snr=+14.0dB [dft]  snr=+16.0dB [dft]  snr=+18.0dB [dft]  snr=+20.0dB [dft]Done (5.49s)
Estimator batch 239/2000 (active points 8/11) [24m 57s elapsed] ...   snr=+6.0dB [dft]  snr=+8.0dB [dft]  snr=+10.0dB [dft]  snr=+12.0dB [dft]  snr=+14.0dB [dft]  snr=+16.0dB [dft]  snr=+18.0dB [dft]  snr=+20.0dB [dft]Done (5.49s)
Estimator batch 240/2000 (active points 8/11) [25m 02s elapsed] ...   snr=+6.0dB [dft]  snr=+8.0dB [dft]  snr=+10.0dB [dft]  snr=+12.0dB [dft]  snr=+14.0dB [dft]  snr=+16.0dB [dft]  snr=+18.0dB [dft]  snr=+20.0dB [dft]Done (5.49s)
Estimator batch 241/2000 (active points 8/11) [25m 08s elapsed] ...   snr=+6.0dB [dft]  snr=+8.0dB [dft]  snr=+10.0dB [dft]  snr=+12.0dB [dft]  snr=+14.0dB [dft]  snr=+16.0dB [dft]  snr=+18.0dB [dft]  snr=+20.0dB [dft]Done (5.47s)
Estimator batch 242/2000 (active points 8/11) [25m 13s elapsed] ...   snr=+6.0dB [dft]  snr=+8.0dB [dft]  snr=+10.0dB [dft]  snr=+12.0dB [dft]  snr=+14.0dB [dft]  snr=+16.0dB [dft]  snr=+18.0dB [dft]  snr=+20.0dB [dft]Done (5.49s)
Estimator batch 243/2000 (active points 8/11) [25m 19s elapsed] ...   snr=+6.0dB [dft]  snr=+8.0dB [dft]  snr=+10.0dB [dft]  snr=+12.0dB [dft]  snr=+14.0dB [dft]  snr=+16.0dB [dft]  snr=+18.0dB [dft]  snr=+20.0dB [dft]Done (5.48s)
Estimator batch 244/2000 (active points 8/11) [25m 24s elapsed] ...   snr=+6.0dB [dft]  snr=+8.0dB [dft]  snr=+10.0dB [dft]  snr=+12.0dB [dft]  snr=+14.0dB [dft]  snr=+16.0dB [dft]  snr=+18.0dB [dft]  snr=+20.0dB [dft]Done (5.48s)
Estimator batch 245/2000 (active points 8/11) [25m 30s elapsed] ...   snr=+6.0dB [dft]  snr=+8.0dB [dft]  snr=+10.0dB [dft]  snr=+12.0dB [dft]  snr=+14.0dB [dft]  snr=+16.0dB [dft]  snr=+18.0dB [dft]  snr=+20.0dB [dft]Done (5.49s)
Estimator batch 246/2000 (active points 8/11) [25m 35s elapsed] ...   snr=+6.0dB [dft]  snr=+8.0dB [dft]  snr=+10.0dB [dft]  snr=+12.0dB [dft]  snr=+14.0dB [dft]  snr=+16.0dB [dft]  snr=+18.0dB [dft]  snr=+20.0dB [dft]Done (5.50s)
Estimator batch 247/2000 (active points 8/11) [25m 41s elapsed] ...   snr=+6.0dB [dft]  snr=+8.0dB [dft]  snr=+10.0dB [dft]  snr=+12.0dB [dft]  snr=+14.0dB [dft]  snr=+16.0dB [dft]  snr=+18.0dB [dft]  snr=+20.0dB [dft]Done (5.47s)
Estimator batch 248/2000 (active points 8/11) [25m 46s elapsed] ...   snr=+6.0dB [dft]  snr=+8.0dB [dft]  snr=+10.0dB [dft]  snr=+12.0dB [dft]  snr=+14.0dB [dft]  snr=+16.0dB [dft]  snr=+18.0dB [dft]  snr=+20.0dB [dft]Done (5.49s)
Estimator batch 249/2000 (active points 8/11) [25m 52s elapsed] ...   snr=+6.0dB [dft]  snr=+8.0dB [dft]  snr=+10.0dB [dft]  snr=+12.0dB [dft]  snr=+14.0dB [dft]  snr=+16.0dB [dft]  snr=+18.0dB [dft]  snr=+20.0dB [dft]Done (5.49s)
Estimator batch 250/2000 (active points 8/11) [25m 57s elapsed] ...   snr=+6.0dB [dft]  snr=+8.0dB [dft]  snr=+10.0dB [dft]  snr=+12.0dB [dft]  snr=+14.0dB [dft]  snr=+16.0dB [dft]  snr=+18.0dB [dft]  snr=+20.0dB [dft]Done (5.47s)
Estimator batch 251/2000 (active points 8/11) [26m 03s elapsed] ...   snr=+6.0dB [dft]  snr=+8.0dB [dft]  snr=+10.0dB [dft]  snr=+12.0dB [dft]  snr=+14.0dB [dft]  snr=+16.0dB [dft]  snr=+18.0dB [dft]  snr=+20.0dB [dft]Done (5.46s)
Estimator batch 252/2000 (active points 8/11) [26m 08s elapsed] ...   snr=+6.0dB [dft]  snr=+8.0dB [dft]  snr=+10.0dB [dft]  snr=+12.0dB [dft]  snr=+14.0dB [dft]  snr=+16.0dB [dft]  snr=+18.0dB [dft]  snr=+20.0dB [dft]Done (5.48s)
Estimator batch 253/2000 (active points 8/11) [26m 14s elapsed] ...   snr=+6.0dB [dft]  snr=+8.0dB [dft]  snr=+10.0dB [dft]  snr=+12.0dB [dft]  snr=+14.0dB [dft]  snr=+16.0dB [dft]  snr=+18.0dB [dft]  snr=+20.0dB [dft]Done (5.62s)
Estimator batch 254/2000 (active points 8/11) [26m 19s elapsed] ...   snr=+6.0dB [dft]  snr=+8.0dB [dft]  snr=+10.0dB [dft]  snr=+12.0dB [dft]  snr=+14.0dB [dft]  snr=+16.0dB [dft]  snr=+18.0dB [dft]  snr=+20.0dB [dft]Done (5.52s)
Estimator batch 255/2000 (active points 8/11) [26m 25s elapsed] ...   snr=+6.0dB [dft]  snr=+8.0dB [dft]  snr=+10.0dB [dft]  snr=+12.0dB [dft]  snr=+14.0dB [dft]  snr=+16.0dB [dft]  snr=+18.0dB [dft]  snr=+20.0dB [dft]Done (5.57s)
Estimator batch 256/2000 (active points 8/11) [26m 30s elapsed] ...   snr=+6.0dB [dft]  snr=+8.0dB [dft]  snr=+10.0dB [dft]  snr=+12.0dB [dft]  snr=+14.0dB [dft]  snr=+16.0dB [dft]  snr=+18.0dB [dft]  snr=+20.0dB [dft]Done (5.48s)
Estimator batch 257/2000 (active points 8/11) [26m 36s elapsed] ...   snr=+6.0dB [dft]  snr=+8.0dB [dft]  snr=+10.0dB [dft]  snr=+12.0dB [dft]  snr=+14.0dB [dft]  snr=+16.0dB [dft]  snr=+18.0dB [dft]  snr=+20.0dB [dft]Done (5.96s)
Estimator batch 258/2000 (active points 8/11) [26m 42s elapsed] ...   snr=+6.0dB [dft]  snr=+8.0dB [dft]  snr=+10.0dB [dft]  snr=+12.0dB [dft]  snr=+14.0dB [dft]  snr=+16.0dB [dft]  snr=+18.0dB [dft]  snr=+20.0dB [dft]Done (5.51s)
Estimator batch 259/2000 (active points 8/11) [26m 47s elapsed] ...   snr=+6.0dB [dft]  snr=+8.0dB [dft]  snr=+10.0dB [dft]  snr=+12.0dB [dft]  snr=+14.0dB [dft]  snr=+16.0dB [dft]  snr=+18.0dB [dft]  snr=+20.0dB [dft]Done (5.63s)
Estimator batch 260/2000 (active points 8/11) [26m 53s elapsed] ...   snr=+6.0dB [dft]  snr=+8.0dB [dft]  snr=+10.0dB [dft]  snr=+12.0dB [dft]  snr=+14.0dB [dft]  snr=+16.0dB [dft]  snr=+18.0dB [dft]  snr=+20.0dB [dft]Done (5.76s)
Estimator batch 261/2000 (active points 8/11) [26m 59s elapsed] ...   snr=+6.0dB [dft]  snr=+8.0dB [dft]  snr=+10.0dB [dft]  snr=+12.0dB [dft]  snr=+14.0dB [dft]  snr=+16.0dB [dft]  snr=+18.0dB [dft]  snr=+20.0dB [dft]Done (5.56s)
Estimator batch 262/2000 (active points 8/11) [27m 04s elapsed] ...   snr=+6.0dB [dft]  snr=+8.0dB [dft]  snr=+10.0dB [dft]  snr=+12.0dB [dft]  snr=+14.0dB [dft]  snr=+16.0dB [dft]  snr=+18.0dB [dft]  snr=+20.0dB [dft]Done (5.87s)
Estimator batch 263/2000 (active points 8/11) [27m 10s elapsed] ...   snr=+6.0dB [dft]  snr=+8.0dB [dft]  snr=+10.0dB [dft]  snr=+12.0dB [dft]  snr=+14.0dB [dft]  snr=+16.0dB [dft]  snr=+18.0dB [dft]  snr=+20.0dB [dft]Done (6.01s)
Estimator batch 264/2000 (active points 8/11) [27m 16s elapsed] ...   snr=+6.0dB [dft]  snr=+8.0dB [dft]  snr=+10.0dB [dft]  snr=+12.0dB [dft]  snr=+14.0dB [dft]  snr=+16.0dB [dft]  snr=+18.0dB [dft]  snr=+20.0dB [dft]Done (5.57s)
Estimator batch 265/2000 (active points 8/11) [27m 22s elapsed] ...   snr=+6.0dB [dft]  snr=+8.0dB [dft]  snr=+10.0dB [dft]  snr=+12.0dB [dft]  snr=+14.0dB [dft]  snr=+16.0dB [dft]  snr=+18.0dB [dft]  snr=+20.0dB [dft]Done (5.51s)
Estimator batch 266/2000 (active points 8/11) [27m 27s elapsed] ...   snr=+6.0dB [dft]  snr=+8.0dB [dft]  snr=+10.0dB [dft]  snr=+12.0dB [dft]  snr=+14.0dB [dft]  snr=+16.0dB [dft]  snr=+18.0dB [dft]  snr=+20.0dB [dft]Done (5.56s)
Estimator batch 267/2000 (active points 8/11) [27m 33s elapsed] ...   snr=+6.0dB [dft]  snr=+8.0dB [dft]  snr=+10.0dB [dft]  snr=+12.0dB [dft]  snr=+14.0dB [dft]  snr=+16.0dB [dft]  snr=+18.0dB [dft]  snr=+20.0dB [dft]Done (5.60s)
Estimator batch 268/2000 (active points 8/11) [27m 38s elapsed] ...   snr=+6.0dB [dft]  snr=+8.0dB [dft]  snr=+10.0dB [dft]  snr=+12.0dB [dft]  snr=+14.0dB [dft]  snr=+16.0dB [dft]  snr=+18.0dB [dft]  snr=+20.0dB [dft]Done (5.59s)
Estimator batch 269/2000 (active points 8/11) [27m 44s elapsed] ...   snr=+6.0dB [dft]  snr=+8.0dB [dft]  snr=+10.0dB [dft]  snr=+12.0dB [dft]  snr=+14.0dB [dft]  snr=+16.0dB [dft]  snr=+18.0dB [dft]  snr=+20.0dB [dft]Done (5.77s)
Estimator batch 270/2000 (active points 8/11) [27m 50s elapsed] ...   snr=+6.0dB [dft]  snr=+8.0dB [dft]  snr=+10.0dB [dft]  snr=+12.0dB [dft]  snr=+14.0dB [dft]  snr=+16.0dB [dft]  snr=+18.0dB [dft]  snr=+20.0dB [dft]Done (5.51s)
Estimator batch 271/2000 (active points 8/11) [27m 55s elapsed] ...   snr=+6.0dB [dft]  snr=+8.0dB [dft]  snr=+10.0dB [dft]  snr=+12.0dB [dft]  snr=+14.0dB [dft]  snr=+16.0dB [dft]  snr=+18.0dB [dft]  snr=+20.0dB [dft]Done (5.53s)
Estimator batch 272/2000 (active points 8/11) [28m 01s elapsed] ...   snr=+6.0dB [dft]  snr=+8.0dB [dft]  snr=+10.0dB [dft]  snr=+12.0dB [dft]  snr=+14.0dB [dft]  snr=+16.0dB [dft]  snr=+18.0dB [dft]  snr=+20.0dB [dft]Done (5.57s)
Estimator batch 273/2000 (active points 8/11) [28m 06s elapsed] ...   snr=+6.0dB [dft]  snr=+8.0dB [dft]  snr=+10.0dB [dft]  snr=+12.0dB [dft]  snr=+14.0dB [dft]  snr=+16.0dB [dft]  snr=+18.0dB [dft]  snr=+20.0dB [dft]Done (5.52s)
Estimator batch 274/2000 (active points 8/11) [28m 12s elapsed] ...   snr=+6.0dB [dft]  snr=+8.0dB [dft]  snr=+10.0dB [dft]  snr=+12.0dB [dft]  snr=+14.0dB [dft]  snr=+16.0dB [dft]  snr=+18.0dB [dft]  snr=+20.0dB [dft]Done (5.49s)
Estimator batch 275/2000 (active points 8/11) [28m 17s elapsed] ...   snr=+6.0dB [dft]  snr=+8.0dB [dft]  snr=+10.0dB [dft]  snr=+12.0dB [dft]  snr=+14.0dB [dft]  snr=+16.0dB [dft]  snr=+18.0dB [dft]  snr=+20.0dB [dft]Done (5.54s)
Estimator batch 276/2000 (active points 8/11) [28m 23s elapsed] ...   snr=+6.0dB [dft]  snr=+8.0dB [dft]  snr=+10.0dB [dft]  snr=+12.0dB [dft]  snr=+14.0dB [dft]  snr=+16.0dB [dft]  snr=+18.0dB [dft]  snr=+20.0dB [dft]Done (5.51s)
Estimator batch 277/2000 (active points 8/11) [28m 28s elapsed] ...   snr=+6.0dB [dft]  snr=+8.0dB [dft]  snr=+10.0dB [dft]  snr=+12.0dB [dft]  snr=+14.0dB [dft]  snr=+16.0dB [dft]  snr=+18.0dB [dft]  snr=+20.0dB [dft]Done (5.56s)
Estimator batch 278/2000 (active points 8/11) [28m 34s elapsed] ...   snr=+6.0dB [dft]  snr=+8.0dB [dft]  snr=+10.0dB [dft]  snr=+12.0dB [dft]  snr=+14.0dB [dft]  snr=+16.0dB [dft]  snr=+18.0dB [dft]  snr=+20.0dB [dft]Done (5.53s)
Estimator batch 279/2000 (active points 8/11) [28m 40s elapsed] ...   snr=+6.0dB [dft]  snr=+8.0dB [dft]  snr=+10.0dB [dft]  snr=+12.0dB [dft]  snr=+14.0dB [dft]  snr=+16.0dB [dft]  snr=+18.0dB [dft]  snr=+20.0dB [dft]Done (5.68s)
Estimator batch 280/2000 (active points 8/11) [28m 45s elapsed] ...   snr=+6.0dB [dft]  snr=+8.0dB [dft]  snr=+10.0dB [dft]  snr=+12.0dB [dft]  snr=+14.0dB [dft]  snr=+16.0dB [dft]  snr=+18.0dB [dft]  snr=+20.0dB [dft]Done (6.22s)
Estimator batch 281/2000 (active points 8/11) [28m 51s elapsed] ...   snr=+6.0dB [dft]  snr=+8.0dB [dft]  snr=+10.0dB [dft]  snr=+12.0dB [dft]  snr=+14.0dB [dft]  snr=+16.0dB [dft]  snr=+18.0dB [dft]  snr=+20.0dB [dft]Done (5.72s)
Estimator batch 282/2000 (active points 8/11) [28m 57s elapsed] ...   snr=+6.0dB [dft]  snr=+8.0dB [dft]  snr=+10.0dB [dft]  snr=+12.0dB [dft]  snr=+14.0dB [dft]  snr=+16.0dB [dft]  snr=+18.0dB [dft]  snr=+20.0dB [dft]Done (5.56s)
Estimator batch 283/2000 (active points 8/11) [29m 03s elapsed] ...   snr=+6.0dB [dft]  snr=+8.0dB [dft]  snr=+10.0dB [dft]  snr=+12.0dB [dft]  snr=+14.0dB [dft]  snr=+16.0dB [dft]  snr=+18.0dB [dft]  snr=+20.0dB [dft]Done (5.53s)
Estimator batch 284/2000 (active points 8/11) [29m 08s elapsed] ...   snr=+6.0dB [dft]  snr=+8.0dB [dft]  snr=+10.0dB [dft]  snr=+12.0dB [dft]  snr=+14.0dB [dft]  snr=+16.0dB [dft]  snr=+18.0dB [dft]  snr=+20.0dB [dft]Done (5.50s)
Estimator batch 285/2000 (active points 8/11) [29m 14s elapsed] ...   snr=+6.0dB [dft]  snr=+8.0dB [dft]  snr=+10.0dB [dft]  snr=+12.0dB [dft]  snr=+14.0dB [dft]  snr=+16.0dB [dft]  snr=+18.0dB [dft]  snr=+20.0dB [dft]Done (5.56s)
Estimator batch 286/2000 (active points 8/11) [29m 19s elapsed] ...   snr=+6.0dB [dft]  snr=+8.0dB [dft]  snr=+10.0dB [dft]  snr=+12.0dB [dft]  snr=+14.0dB [dft]  snr=+16.0dB [dft]  snr=+18.0dB [dft]  snr=+20.0dB [dft]Done (5.71s)
Estimator batch 287/2000 (active points 8/11) [29m 25s elapsed] ...   snr=+6.0dB [dft]  snr=+8.0dB [dft]  snr=+10.0dB [dft]  snr=+12.0dB [dft]  snr=+14.0dB [dft]  snr=+16.0dB [dft]  snr=+18.0dB [dft]  snr=+20.0dB [dft]Done (5.76s)
Estimator batch 288/2000 (active points 8/11) [29m 31s elapsed] ...   snr=+6.0dB [dft]  snr=+8.0dB [dft]  snr=+10.0dB [dft]  snr=+12.0dB [dft]  snr=+14.0dB [dft]  snr=+16.0dB [dft]  snr=+18.0dB [dft]  snr=+20.0dB [dft]Done (5.56s)
Estimator batch 289/2000 (active points 8/11) [29m 36s elapsed] ...   snr=+6.0dB [dft]  snr=+8.0dB [dft]  snr=+10.0dB [dft]  snr=+12.0dB [dft]  snr=+14.0dB [dft]  snr=+16.0dB [dft]  snr=+18.0dB [dft]  snr=+20.0dB [dft]Done (5.53s)
Estimator batch 290/2000 (active points 8/11) [29m 42s elapsed] ...   snr=+6.0dB [dft]  snr=+8.0dB [dft]  snr=+10.0dB [dft]  snr=+12.0dB [dft]  snr=+14.0dB [dft]  snr=+16.0dB [dft]  snr=+18.0dB [dft]  snr=+20.0dB [dft]Done (5.51s)
Estimator batch 291/2000 (active points 8/11) [29m 47s elapsed] ...   snr=+6.0dB [dft]  snr=+8.0dB [dft]  snr=+10.0dB [dft]  snr=+12.0dB [dft]  snr=+14.0dB [dft]  snr=+16.0dB [dft]  snr=+18.0dB [dft]  snr=+20.0dB [dft]Done (5.48s)
Estimator batch 292/2000 (active points 8/11) [29m 53s elapsed] ...   snr=+6.0dB [dft]  snr=+8.0dB [dft]  snr=+10.0dB [dft]  snr=+12.0dB [dft]  snr=+14.0dB [dft]  snr=+16.0dB [dft]  snr=+18.0dB [dft]  snr=+20.0dB [dft]Done (5.54s)
Estimator batch 293/2000 (active points 8/11) [29m 58s elapsed] ...   snr=+6.0dB [dft]  snr=+8.0dB [dft]  snr=+10.0dB [dft]  snr=+12.0dB [dft]  snr=+14.0dB [dft]  snr=+16.0dB [dft]  snr=+18.0dB [dft]  snr=+20.0dB [dft]Done (5.48s)
Estimator batch 294/2000 (active points 8/11) [30m 04s elapsed] ...   snr=+6.0dB [dft]  snr=+8.0dB [dft]  snr=+10.0dB [dft]  snr=+12.0dB [dft]  snr=+14.0dB [dft]  snr=+16.0dB [dft]  snr=+18.0dB [dft]  snr=+20.0dB [dft]Done (5.56s)
Estimator batch 295/2000 (active points 8/11) [30m 09s elapsed] ...   snr=+6.0dB [dft]  snr=+8.0dB [dft]  snr=+10.0dB [dft]  snr=+12.0dB [dft]  snr=+14.0dB [dft]  snr=+16.0dB [dft]  snr=+18.0dB [dft]  snr=+20.0dB [dft]Done (5.50s)
Estimator batch 296/2000 (active points 8/11) [30m 15s elapsed] ...   snr=+6.0dB [dft]  snr=+8.0dB [dft]  snr=+10.0dB [dft]  snr=+12.0dB [dft]  snr=+14.0dB [dft]  snr=+16.0dB [dft]  snr=+18.0dB [dft]  snr=+20.0dB [dft]Done (5.57s)
Estimator batch 297/2000 (active points 8/11) [30m 21s elapsed] ...   snr=+6.0dB [dft]  snr=+8.0dB [dft]  snr=+10.0dB [dft]  snr=+12.0dB [dft]  snr=+14.0dB [dft]  snr=+16.0dB [dft]  snr=+18.0dB [dft]  snr=+20.0dB [dft]Done (5.67s)
Estimator batch 298/2000 (active points 8/11) [30m 26s elapsed] ...   snr=+6.0dB [dft]  snr=+8.0dB [dft]  snr=+10.0dB [dft]  snr=+12.0dB [dft]  snr=+14.0dB [dft]  snr=+16.0dB [dft]  snr=+18.0dB [dft]  snr=+20.0dB [dft]Done (5.63s)
Estimator batch 299/2000 (active points 8/11) [30m 32s elapsed] ...   snr=+6.0dB [dft]  snr=+8.0dB [dft]  snr=+10.0dB [dft]  snr=+12.0dB [dft]  snr=+14.0dB [dft]  snr=+16.0dB [dft]  snr=+18.0dB [dft]  snr=+20.0dB [dft]Done (5.63s)
Estimator batch 300/2000 (active points 8/11) [30m 37s elapsed] ...   snr=+6.0dB [dft]  snr=+8.0dB [dft]  snr=+10.0dB [dft]  snr=+12.0dB [dft]  snr=+14.0dB [dft]  snr=+16.0dB [dft]  snr=+18.0dB [dft]  snr=+20.0dB [dft]Done (5.64s)
Estimator batch 301/2000 (active points 8/11) [30m 43s elapsed] ...   snr=+6.0dB [dft]  snr=+8.0dB [dft]  snr=+10.0dB [dft]  snr=+12.0dB [dft]  snr=+14.0dB [dft]  snr=+16.0dB [dft]  snr=+18.0dB [dft]  snr=+20.0dB [dft]Done (5.56s)
Estimator batch 302/2000 (active points 8/11) [30m 49s elapsed] ...   snr=+6.0dB [dft]  snr=+8.0dB [dft]  snr=+10.0dB [dft]  snr=+12.0dB [dft]  snr=+14.0dB [dft]  snr=+16.0dB [dft]  snr=+18.0dB [dft]  snr=+20.0dB [dft]Done (5.61s)
Estimator batch 303/2000 (active points 8/11) [30m 54s elapsed] ...   snr=+6.0dB [dft]  snr=+8.0dB [dft]  snr=+10.0dB [dft]  snr=+12.0dB [dft]  snr=+14.0dB [dft]  snr=+16.0dB [dft]  snr=+18.0dB [dft]  snr=+20.0dB [dft]Done (6.00s)
Estimator batch 304/2000 (active points 8/11) [31m 00s elapsed] ...   snr=+6.0dB [dft]  snr=+8.0dB [dft]  snr=+10.0dB [dft]  snr=+12.0dB [dft]  snr=+14.0dB [dft]  snr=+16.0dB [dft]  snr=+18.0dB [dft]  snr=+20.0dB [dft]Done (5.73s)
Estimator batch 305/2000 (active points 8/11) [31m 06s elapsed] ...   snr=+6.0dB [dft]  snr=+8.0dB [dft]  snr=+10.0dB [dft]  snr=+12.0dB [dft]  snr=+14.0dB [dft]  snr=+16.0dB [dft]  snr=+18.0dB [dft]  snr=+20.0dB [dft]Done (5.57s)
Estimator batch 306/2000 (active points 8/11) [31m 12s elapsed] ...   snr=+6.0dB [dft]  snr=+8.0dB [dft]  snr=+10.0dB [dft]  snr=+12.0dB [dft]  snr=+14.0dB [dft]  snr=+16.0dB [dft]  snr=+18.0dB [dft]  snr=+20.0dB [dft]Done (5.63s)
Estimator batch 307/2000 (active points 8/11) [31m 17s elapsed] ...   snr=+6.0dB [dft]  snr=+8.0dB [dft]  snr=+10.0dB [dft]  snr=+12.0dB [dft]  snr=+14.0dB [dft]  snr=+16.0dB [dft]  snr=+18.0dB [dft]  snr=+20.0dB [dft]Done (5.64s)
Estimator batch 308/2000 (active points 8/11) [31m 23s elapsed] ...   snr=+6.0dB [dft]  snr=+8.0dB [dft]  snr=+10.0dB [dft]  snr=+12.0dB [dft]  snr=+14.0dB [dft]  snr=+16.0dB [dft]  snr=+18.0dB [dft]  snr=+20.0dB [dft]Done (5.68s)
Estimator batch 309/2000 (active points 8/11) [31m 29s elapsed] ...   snr=+6.0dB [dft]  snr=+8.0dB [dft]  snr=+10.0dB [dft]  snr=+12.0dB [dft]  snr=+14.0dB [dft]  snr=+16.0dB [dft]  snr=+18.0dB [dft]  snr=+20.0dB [dft]Done (5.81s)
Estimator batch 310/2000 (active points 8/11) [31m 34s elapsed] ...   snr=+6.0dB [dft]  snr=+8.0dB [dft]  snr=+10.0dB [dft]  snr=+12.0dB [dft]  snr=+14.0dB [dft]  snr=+16.0dB [dft]  snr=+18.0dB [dft]  snr=+20.0dB [dft]Done (5.66s)
Estimator batch 311/2000 (active points 8/11) [31m 40s elapsed] ...   snr=+6.0dB [dft]  snr=+8.0dB [dft]  snr=+10.0dB [dft]  snr=+12.0dB [dft]  snr=+14.0dB [dft]  snr=+16.0dB [dft]  snr=+18.0dB [dft]  snr=+20.0dB [dft]Done (5.63s)
Estimator batch 312/2000 (active points 8/11) [31m 46s elapsed] ...   snr=+6.0dB [dft]  snr=+8.0dB [dft]  snr=+10.0dB [dft]  snr=+12.0dB [dft]  snr=+14.0dB [dft]  snr=+16.0dB [dft]  snr=+18.0dB [dft]  snr=+20.0dB [dft]Done (5.70s)
Estimator batch 313/2000 (active points 8/11) [31m 51s elapsed] ...   snr=+6.0dB [dft]  snr=+8.0dB [dft]  snr=+10.0dB [dft]  snr=+12.0dB [dft]  snr=+14.0dB [dft]  snr=+16.0dB [dft]  snr=+18.0dB [dft]  snr=+20.0dB [dft]Done (5.73s)
Estimator batch 314/2000 (active points 8/11) [31m 57s elapsed] ...   snr=+6.0dB [dft]  snr=+8.0dB [dft]  snr=+10.0dB [dft]  snr=+12.0dB [dft]  snr=+14.0dB [dft]  snr=+16.0dB [dft]  snr=+18.0dB [dft]  snr=+20.0dB [dft]Done (5.60s)
Estimator batch 315/2000 (active points 8/11) [32m 03s elapsed] ...   snr=+6.0dB [dft]  snr=+8.0dB [dft]  snr=+10.0dB [dft]  snr=+12.0dB [dft]  snr=+14.0dB [dft]  snr=+16.0dB [dft]  snr=+18.0dB [dft]  snr=+20.0dB [dft]Done (6.23s)
Estimator batch 316/2000 (active points 8/11) [32m 09s elapsed] ...   snr=+6.0dB [dft]  snr=+8.0dB [dft]  snr=+10.0dB [dft]  snr=+12.0dB [dft]  snr=+14.0dB [dft]  snr=+16.0dB [dft]  snr=+18.0dB [dft]  snr=+20.0dB [dft]Done (5.76s)
Estimator batch 317/2000 (active points 8/11) [32m 15s elapsed] ...   snr=+6.0dB [dft]  snr=+8.0dB [dft]  snr=+10.0dB [dft]  snr=+12.0dB [dft]  snr=+14.0dB [dft]  snr=+16.0dB [dft]  snr=+18.0dB [dft]  snr=+20.0dB [dft]Done (5.89s)
Estimator batch 318/2000 (active points 8/11) [32m 21s elapsed] ...   snr=+6.0dB [dft]  snr=+8.0dB [dft]  snr=+10.0dB [dft]  snr=+12.0dB [dft]  snr=+14.0dB [dft]  snr=+16.0dB [dft]  snr=+18.0dB [dft]  snr=+20.0dB [dft]Done (5.62s)
Estimator batch 319/2000 (active points 8/11) [32m 26s elapsed] ...   snr=+6.0dB [dft]  snr=+8.0dB [dft]  snr=+10.0dB [dft]  snr=+12.0dB [dft]  snr=+14.0dB [dft]  snr=+16.0dB [dft]  snr=+18.0dB [dft]  snr=+20.0dB [dft]Done (6.33s)
Estimator batch 320/2000 (active points 8/11) [32m 32s elapsed] ...   snr=+6.0dB [dft]  snr=+8.0dB [dft]  snr=+10.0dB [dft]  snr=+12.0dB [dft]  snr=+14.0dB [dft]  snr=+16.0dB [dft]  snr=+18.0dB [dft]  snr=+20.0dB [dft]Done (5.83s)
Estimator batch 321/2000 (active points 8/11) [32m 38s elapsed] ...   snr=+6.0dB [dft]  snr=+8.0dB [dft]  snr=+10.0dB [dft]  snr=+12.0dB [dft]  snr=+14.0dB [dft]  snr=+16.0dB [dft]  snr=+18.0dB [dft]  snr=+20.0dB [dft]Done (6.10s)
Estimator batch 322/2000 (active points 8/11) [32m 44s elapsed] ...   snr=+6.0dB [dft]  snr=+8.0dB [dft]  snr=+10.0dB [dft]  snr=+12.0dB [dft]  snr=+14.0dB [dft]  snr=+16.0dB [dft]  snr=+18.0dB [dft]  snr=+20.0dB [dft]Done (5.75s)
Estimator batch 323/2000 (active points 8/11) [32m 50s elapsed] ...   snr=+6.0dB [dft]  snr=+8.0dB [dft]  snr=+10.0dB [dft]  snr=+12.0dB [dft]  snr=+14.0dB [dft]  snr=+16.0dB [dft]  snr=+18.0dB [dft]  snr=+20.0dB [dft]Done (5.93s)
Estimator batch 324/2000 (active points 8/11) [32m 56s elapsed] ...   snr=+6.0dB [dft]  snr=+8.0dB [dft]  snr=+10.0dB [dft]  snr=+12.0dB [dft]  snr=+14.0dB [dft]  snr=+16.0dB [dft]  snr=+18.0dB [dft]  snr=+20.0dB [dft]Done (5.78s)
Estimator batch 325/2000 (active points 8/11) [33m 02s elapsed] ...   snr=+6.0dB [dft]  snr=+8.0dB [dft]  snr=+10.0dB [dft]  snr=+12.0dB [dft]  snr=+14.0dB [dft]  snr=+16.0dB [dft]  snr=+18.0dB [dft]  snr=+20.0dB [dft]Done (5.65s)
Estimator batch 326/2000 (active points 8/11) [33m 08s elapsed] ...   snr=+6.0dB [dft]  snr=+8.0dB [dft]  snr=+10.0dB [dft]  snr=+12.0dB [dft]  snr=+14.0dB [dft]  snr=+16.0dB [dft]  snr=+18.0dB [dft]  snr=+20.0dB [dft]Done (5.60s)
Estimator batch 327/2000 (active points 8/11) [33m 13s elapsed] ...   snr=+6.0dB [dft]  snr=+8.0dB [dft]  snr=+10.0dB [dft]  snr=+12.0dB [dft]  snr=+14.0dB [dft]  snr=+16.0dB [dft]  snr=+18.0dB [dft]  snr=+20.0dB [dft]Done (5.74s)
Estimator batch 328/2000 (active points 8/11) [33m 19s elapsed] ...   snr=+6.0dB [dft]  snr=+8.0dB [dft]  snr=+10.0dB [dft]  snr=+12.0dB [dft]  snr=+14.0dB [dft]  snr=+16.0dB [dft]  snr=+18.0dB [dft]  snr=+20.0dB [dft]Done (5.62s)
Estimator batch 329/2000 (active points 8/11) [33m 24s elapsed] ...   snr=+6.0dB [dft]  snr=+8.0dB [dft]  snr=+10.0dB [dft]  snr=+12.0dB [dft]  snr=+14.0dB [dft]  snr=+16.0dB [dft]  snr=+18.0dB [dft]  snr=+20.0dB [dft]Done (5.59s)
Estimator batch 330/2000 (active points 8/11) [33m 30s elapsed] ...   snr=+6.0dB [dft]  snr=+8.0dB [dft]  snr=+10.0dB [dft]  snr=+12.0dB [dft]  snr=+14.0dB [dft]  snr=+16.0dB [dft]  snr=+18.0dB [dft]  snr=+20.0dB [dft]Done (5.54s)
Estimator batch 331/2000 (active points 8/11) [33m 36s elapsed] ...   snr=+6.0dB [dft]  snr=+8.0dB [dft]  snr=+10.0dB [dft]  snr=+12.0dB [dft]  snr=+14.0dB [dft]  snr=+16.0dB [dft]  snr=+18.0dB [dft]  snr=+20.0dB [dft]Done (5.53s)
Estimator batch 332/2000 (active points 8/11) [33m 41s elapsed] ...   snr=+6.0dB [dft]  snr=+8.0dB [dft]  snr=+10.0dB [dft]  snr=+12.0dB [dft]  snr=+14.0dB [dft]  snr=+16.0dB [dft]  snr=+18.0dB [dft]  snr=+20.0dB [dft]Done (5.52s)
Estimator batch 333/2000 (active points 8/11) [33m 47s elapsed] ...   snr=+6.0dB [dft]  snr=+8.0dB [dft]  snr=+10.0dB [dft]  snr=+12.0dB [dft]  snr=+14.0dB [dft]  snr=+16.0dB [dft]  snr=+18.0dB [dft]  snr=+20.0dB [dft]Done (5.54s)
Estimator batch 334/2000 (active points 8/11) [33m 52s elapsed] ...   snr=+6.0dB [dft]  snr=+8.0dB [dft]  snr=+10.0dB [dft]  snr=+12.0dB [dft]  snr=+14.0dB [dft]  snr=+16.0dB [dft]  snr=+18.0dB [dft]  snr=+20.0dB [dft]Done (5.55s)
Estimator batch 335/2000 (active points 8/11) [33m 58s elapsed] ...   snr=+6.0dB [dft]  snr=+8.0dB [dft]  snr=+10.0dB [dft]  snr=+12.0dB [dft]  snr=+14.0dB [dft]  snr=+16.0dB [dft]  snr=+18.0dB [dft]  snr=+20.0dB [dft]Done (5.59s)
Estimator batch 336/2000 (active points 8/11) [34m 03s elapsed] ...   snr=+6.0dB [dft]  snr=+8.0dB [dft]  snr=+10.0dB [dft]  snr=+12.0dB [dft]  snr=+14.0dB [dft]  snr=+16.0dB [dft]  snr=+18.0dB [dft]  snr=+20.0dB [dft]Done (5.59s)
Estimator batch 337/2000 (active points 8/11) [34m 09s elapsed] ...   snr=+6.0dB [dft]  snr=+8.0dB [dft]  snr=+10.0dB [dft]  snr=+12.0dB [dft]  snr=+14.0dB [dft]  snr=+16.0dB [dft]  snr=+18.0dB [dft]  snr=+20.0dB [dft]Done (5.59s)
Estimator batch 338/2000 (active points 8/11) [34m 15s elapsed] ...   snr=+6.0dB [dft]  snr=+8.0dB [dft]  snr=+10.0dB [dft]  snr=+12.0dB [dft]  snr=+14.0dB [dft]  snr=+16.0dB [dft]  snr=+18.0dB [dft]  snr=+20.0dB [dft]Done (5.58s)
Estimator batch 339/2000 (active points 8/11) [34m 20s elapsed] ...   snr=+6.0dB [dft]  snr=+8.0dB [dft]  snr=+10.0dB [dft]  snr=+12.0dB [dft]  snr=+14.0dB [dft]  snr=+16.0dB [dft]  snr=+18.0dB [dft]  snr=+20.0dB [dft]Done (5.67s)
Estimator batch 340/2000 (active points 8/11) [34m 26s elapsed] ...   snr=+6.0dB [dft]  snr=+8.0dB [dft]  snr=+10.0dB [dft]  snr=+12.0dB [dft]  snr=+14.0dB [dft]  snr=+16.0dB [dft]  snr=+18.0dB [dft]  snr=+20.0dB [dft]Done (5.79s)
Estimator batch 341/2000 (active points 8/11) [34m 32s elapsed] ...   snr=+6.0dB [dft]  snr=+8.0dB [dft]  snr=+10.0dB [dft]  snr=+12.0dB [dft]  snr=+14.0dB [dft]  snr=+16.0dB [dft]  snr=+18.0dB [dft]  snr=+20.0dB [dft]Done (5.85s)
Estimator batch 342/2000 (active points 8/11) [34m 37s elapsed] ...   snr=+6.0dB [dft]  snr=+8.0dB [dft]  snr=+10.0dB [dft]  snr=+12.0dB [dft]  snr=+14.0dB [dft]  snr=+16.0dB [dft]  snr=+18.0dB [dft]  snr=+20.0dB [dft]Done (6.31s)
Estimator batch 343/2000 (active points 8/11) [34m 44s elapsed] ...   snr=+6.0dB [dft]  snr=+8.0dB [dft]  snr=+10.0dB [dft]  snr=+12.0dB [dft]  snr=+14.0dB [dft]  snr=+16.0dB [dft]  snr=+18.0dB [dft]  snr=+20.0dB [dft]Done (5.81s)
Estimator batch 344/2000 (active points 8/11) [34m 50s elapsed] ...   snr=+6.0dB [dft]  snr=+8.0dB [dft]  snr=+10.0dB [dft]  snr=+12.0dB [dft]  snr=+14.0dB [dft]  snr=+16.0dB [dft]  snr=+18.0dB [dft]  snr=+20.0dB [dft]Done (5.75s)
Estimator batch 345/2000 (active points 8/11) [34m 55s elapsed] ...   snr=+6.0dB [dft]  snr=+8.0dB [dft]  snr=+10.0dB [dft]  snr=+12.0dB [dft]  snr=+14.0dB [dft]  snr=+16.0dB [dft]  snr=+18.0dB [dft]  snr=+20.0dB [dft]Done (5.85s)
Estimator batch 346/2000 (active points 8/11) [35m 01s elapsed] ...   snr=+6.0dB [dft]  snr=+8.0dB [dft]  snr=+10.0dB [dft]  snr=+12.0dB [dft]  snr=+14.0dB [dft]  snr=+16.0dB [dft]  snr=+18.0dB [dft]  snr=+20.0dB [dft]Done (5.88s)
Estimator batch 347/2000 (active points 8/11) [35m 07s elapsed] ...   snr=+6.0dB [dft]  snr=+8.0dB [dft]  snr=+10.0dB [dft]  snr=+12.0dB [dft]  snr=+14.0dB [dft]  snr=+16.0dB [dft]  snr=+18.0dB [dft]  snr=+20.0dB [dft]Done (5.87s)
Estimator batch 348/2000 (active points 8/11) [35m 13s elapsed] ...   snr=+6.0dB [dft]  snr=+8.0dB [dft]  snr=+10.0dB [dft]  snr=+12.0dB [dft]  snr=+14.0dB [dft]  snr=+16.0dB [dft]  snr=+18.0dB [dft]  snr=+20.0dB [dft]Done (5.87s)
Estimator batch 349/2000 (active points 8/11) [35m 19s elapsed] ...   snr=+6.0dB [dft]  snr=+8.0dB [dft]  snr=+10.0dB [dft]  snr=+12.0dB [dft]  snr=+14.0dB [dft]  snr=+16.0dB [dft]  snr=+18.0dB [dft]  snr=+20.0dB [dft]Done (5.85s)
Estimator batch 350/2000 (active points 8/11) [35m 25s elapsed] ...   snr=+6.0dB [dft]  snr=+8.0dB [dft]  snr=+10.0dB [dft]  snr=+12.0dB [dft]  snr=+14.0dB [dft]  snr=+16.0dB [dft]  snr=+18.0dB [dft]  snr=+20.0dB [dft]Done (5.82s)
Estimator batch 351/2000 (active points 8/11) [35m 30s elapsed] ...   snr=+6.0dB [dft]  snr=+8.0dB [dft]  snr=+10.0dB [dft]  snr=+12.0dB [dft]  snr=+14.0dB [dft]  snr=+16.0dB [dft]  snr=+18.0dB [dft]  snr=+20.0dB [dft]Done (5.83s)
Estimator batch 352/2000 (active points 8/11) [35m 36s elapsed] ...   snr=+6.0dB [dft]  snr=+8.0dB [dft]  snr=+10.0dB [dft]  snr=+12.0dB [dft]  snr=+14.0dB [dft]  snr=+16.0dB [dft]  snr=+18.0dB [dft]  snr=+20.0dB [dft]Done (5.87s)
Estimator batch 353/2000 (active points 8/11) [35m 42s elapsed] ...   snr=+6.0dB [dft]  snr=+8.0dB [dft]  snr=+10.0dB [dft]  snr=+12.0dB [dft]  snr=+14.0dB [dft]  snr=+16.0dB [dft]  snr=+18.0dB [dft]  snr=+20.0dB [dft]Done (5.83s)
Estimator batch 354/2000 (active points 8/11) [35m 48s elapsed] ...   snr=+6.0dB [dft]  snr=+8.0dB [dft]  snr=+10.0dB [dft]  snr=+12.0dB [dft]  snr=+14.0dB [dft]  snr=+16.0dB [dft]  snr=+18.0dB [dft]  snr=+20.0dB [dft]Done (5.85s)
Estimator batch 355/2000 (active points 8/11) [35m 54s elapsed] ...   snr=+6.0dB [dft]  snr=+8.0dB [dft]  snr=+10.0dB [dft]  snr=+12.0dB [dft]  snr=+14.0dB [dft]  snr=+16.0dB [dft]  snr=+18.0dB [dft]  snr=+20.0dB [dft]Done (6.31s)
Estimator batch 356/2000 (active points 8/11) [36m 00s elapsed] ...   snr=+6.0dB [dft]  snr=+8.0dB [dft]  snr=+10.0dB [dft]  snr=+12.0dB [dft]  snr=+14.0dB [dft]  snr=+16.0dB [dft]  snr=+18.0dB [dft]  snr=+20.0dB [dft]Done (5.61s)
Estimator batch 357/2000 (active points 8/11) [36m 06s elapsed] ...   snr=+6.0dB [dft]  snr=+8.0dB [dft]  snr=+10.0dB [dft]  snr=+12.0dB [dft]  snr=+14.0dB [dft]  snr=+16.0dB [dft]  snr=+18.0dB [dft]  snr=+20.0dB [dft]Done (5.66s)
Estimator batch 358/2000 (active points 8/11) [36m 11s elapsed] ...   snr=+6.0dB [dft]  snr=+8.0dB [dft]  snr=+10.0dB [dft]  snr=+12.0dB [dft]  snr=+14.0dB [dft]  snr=+16.0dB [dft]  snr=+18.0dB [dft]  snr=+20.0dB [dft]Done (5.61s)
Estimator batch 359/2000 (active points 8/11) [36m 17s elapsed] ...   snr=+6.0dB [dft]  snr=+8.0dB [dft]  snr=+10.0dB [dft]  snr=+12.0dB [dft]  snr=+14.0dB [dft]  snr=+16.0dB [dft]  snr=+18.0dB [dft]  snr=+20.0dB [dft]Done (5.53s)
Estimator batch 360/2000 (active points 8/11) [36m 23s elapsed] ...   snr=+6.0dB [dft]  snr=+8.0dB [dft]  snr=+10.0dB [dft]  snr=+12.0dB [dft]  snr=+14.0dB [dft]  snr=+16.0dB [dft]  snr=+18.0dB [dft]  snr=+20.0dB [dft]Done (5.68s)
Estimator batch 361/2000 (active points 8/11) [36m 28s elapsed] ...   snr=+6.0dB [dft]  snr=+8.0dB [dft]  snr=+10.0dB [dft]  snr=+12.0dB [dft]  snr=+14.0dB [dft]  snr=+16.0dB [dft]  snr=+18.0dB [dft]  snr=+20.0dB [dft]Done (5.58s)
Estimator batch 362/2000 (active points 8/11) [36m 34s elapsed] ...   snr=+6.0dB [dft]  snr=+8.0dB [dft]  snr=+10.0dB [dft]  snr=+12.0dB [dft]  snr=+14.0dB [dft]  snr=+16.0dB [dft]  snr=+18.0dB [dft]  snr=+20.0dB [dft]Done (6.08s)
Estimator batch 363/2000 (active points 8/11) [36m 40s elapsed] ...   snr=+6.0dB [dft]  snr=+8.0dB [dft]  snr=+10.0dB [dft]  snr=+12.0dB [dft]  snr=+14.0dB [dft]  snr=+16.0dB [dft]  snr=+18.0dB [dft]  snr=+20.0dB [dft]Done (5.60s)
Estimator batch 364/2000 (active points 8/11) [36m 45s elapsed] ...   snr=+6.0dB [dft]  snr=+8.0dB [dft]  snr=+10.0dB [dft]  snr=+12.0dB [dft]  snr=+14.0dB [dft]  snr=+16.0dB [dft]  snr=+18.0dB [dft]  snr=+20.0dB [dft]Done (5.94s)
Estimator batch 365/2000 (active points 8/11) [36m 51s elapsed] ...   snr=+6.0dB [dft]  snr=+8.0dB [dft]  snr=+10.0dB [dft]  snr=+12.0dB [dft]  snr=+14.0dB [dft]  snr=+16.0dB [dft]  snr=+18.0dB [dft]  snr=+20.0dB [dft]Done (6.31s)
Estimator batch 366/2000 (active points 8/11) [36m 58s elapsed] ...   snr=+6.0dB [dft]  snr=+8.0dB [dft]  snr=+10.0dB [dft]  snr=+12.0dB [dft]  snr=+14.0dB [dft]  snr=+16.0dB [dft]  snr=+18.0dB [dft]  snr=+20.0dB [dft]Done (6.03s)
Estimator batch 367/2000 (active points 8/11) [37m 04s elapsed] ...   snr=+6.0dB [dft]  snr=+8.0dB [dft]  snr=+10.0dB [dft]  snr=+12.0dB [dft]  snr=+14.0dB [dft]  snr=+16.0dB [dft]  snr=+18.0dB [dft]  snr=+20.0dB [dft]Done (5.92s)
Estimator batch 368/2000 (active points 8/11) [37m 10s elapsed] ...   snr=+6.0dB [dft]  snr=+8.0dB [dft]  snr=+10.0dB [dft]  snr=+12.0dB [dft]  snr=+14.0dB [dft]  snr=+16.0dB [dft]  snr=+18.0dB [dft]  snr=+20.0dB [dft]Done (5.77s)
Estimator batch 369/2000 (active points 8/11) [37m 15s elapsed] ...   snr=+6.0dB [dft]  snr=+8.0dB [dft]  snr=+10.0dB [dft]  snr=+12.0dB [dft]  snr=+14.0dB [dft]  snr=+16.0dB [dft]  snr=+18.0dB [dft]  snr=+20.0dB [dft]Done (5.77s)
Estimator batch 370/2000 (active points 8/11) [37m 21s elapsed] ...   snr=+6.0dB [dft]  snr=+8.0dB [dft]  snr=+10.0dB [dft]  snr=+12.0dB [dft]  snr=+14.0dB [dft]  snr=+16.0dB [dft]  snr=+18.0dB [dft]  snr=+20.0dB [dft]Done (5.91s)
Estimator batch 371/2000 (active points 8/11) [37m 27s elapsed] ...   snr=+6.0dB [dft]  snr=+8.0dB [dft]  snr=+10.0dB [dft]  snr=+12.0dB [dft]  snr=+14.0dB [dft]  snr=+16.0dB [dft]  snr=+18.0dB [dft]  snr=+20.0dB [dft]Done (5.93s)
Estimator batch 372/2000 (active points 8/11) [37m 33s elapsed] ...   snr=+6.0dB [dft]  snr=+8.0dB [dft]  snr=+10.0dB [dft]  snr=+12.0dB [dft]  snr=+14.0dB [dft]  snr=+16.0dB [dft]  snr=+18.0dB [dft]  snr=+20.0dB [dft]Done (5.68s)
Estimator batch 373/2000 (active points 8/11) [37m 39s elapsed] ...   snr=+6.0dB [dft]  snr=+8.0dB [dft]  snr=+10.0dB [dft]  snr=+12.0dB [dft]  snr=+14.0dB [dft]  snr=+16.0dB [dft]  snr=+18.0dB [dft]  snr=+20.0dB [dft]Done (6.24s)
Estimator batch 374/2000 (active points 8/11) [37m 45s elapsed] ...   snr=+6.0dB [dft]  snr=+8.0dB [dft]  snr=+10.0dB [dft]  snr=+12.0dB [dft]  snr=+14.0dB [dft]  snr=+16.0dB [dft]  snr=+18.0dB [dft]  snr=+20.0dB [dft]Done (5.72s)
Estimator batch 375/2000 (active points 8/11) [37m 51s elapsed] ...   snr=+6.0dB [dft]  snr=+8.0dB [dft]  snr=+10.0dB [dft]  snr=+12.0dB [dft]  snr=+14.0dB [dft]  snr=+16.0dB [dft]  snr=+18.0dB [dft]  snr=+20.0dB [dft]Done (5.60s)
Estimator batch 376/2000 (active points 8/11) [37m 56s elapsed] ...   snr=+6.0dB [dft]  snr=+8.0dB [dft]  snr=+10.0dB [dft]  snr=+12.0dB [dft]  snr=+14.0dB [dft]  snr=+16.0dB [dft]  snr=+18.0dB [dft]  snr=+20.0dB [dft]Done (5.57s)
Estimator batch 377/2000 (active points 8/11) [38m 02s elapsed] ...   snr=+6.0dB [dft]  snr=+8.0dB [dft]  snr=+10.0dB [dft]  snr=+12.0dB [dft]  snr=+14.0dB [dft]  snr=+16.0dB [dft]  snr=+18.0dB [dft]  snr=+20.0dB [dft]Done (5.56s)
Estimator batch 378/2000 (active points 8/11) [38m 07s elapsed] ...   snr=+6.0dB [dft]  snr=+8.0dB [dft]  snr=+10.0dB [dft]  snr=+12.0dB [dft]  snr=+14.0dB [dft]  snr=+16.0dB [dft]  snr=+18.0dB [dft]  snr=+20.0dB [dft]Done (5.75s)
Estimator batch 379/2000 (active points 8/11) [38m 13s elapsed] ...   snr=+6.0dB [dft]  snr=+8.0dB [dft]  snr=+10.0dB [dft]  snr=+12.0dB [dft]  snr=+14.0dB [dft]  snr=+16.0dB [dft]  snr=+18.0dB [dft]  snr=+20.0dB [dft]Done (5.97s)
Estimator batch 380/2000 (active points 8/11) [38m 19s elapsed] ...   snr=+6.0dB [dft]  snr=+8.0dB [dft]  snr=+10.0dB [dft]  snr=+12.0dB [dft]  snr=+14.0dB [dft]  snr=+16.0dB [dft]  snr=+18.0dB [dft]  snr=+20.0dB [dft]Done (5.88s)
Estimator batch 381/2000 (active points 8/11) [38m 25s elapsed] ...   snr=+6.0dB [dft]  snr=+8.0dB [dft]  snr=+10.0dB [dft]  snr=+12.0dB [dft]  snr=+14.0dB [dft]  snr=+16.0dB [dft]  snr=+18.0dB [dft]  snr=+20.0dB [dft]Done (5.86s)
Estimator batch 382/2000 (active points 8/11) [38m 31s elapsed] ...   snr=+6.0dB [dft]  snr=+8.0dB [dft]  snr=+10.0dB [dft]  snr=+12.0dB [dft]  snr=+14.0dB [dft]  snr=+16.0dB [dft]  snr=+18.0dB [dft]  snr=+20.0dB [dft]Done (5.84s)
Estimator batch 383/2000 (active points 8/11) [38m 37s elapsed] ...   snr=+6.0dB [dft]  snr=+8.0dB [dft]  snr=+10.0dB [dft]  snr=+12.0dB [dft]  snr=+14.0dB [dft]  snr=+16.0dB [dft]  snr=+18.0dB [dft]  snr=+20.0dB [dft]Done (5.85s)
Estimator batch 384/2000 (active points 8/11) [38m 43s elapsed] ...   snr=+6.0dB [dft]  snr=+8.0dB [dft]  snr=+10.0dB [dft]  snr=+12.0dB [dft]  snr=+14.0dB [dft]  snr=+16.0dB [dft]  snr=+18.0dB [dft]  snr=+20.0dB [dft]Done (5.73s)
Estimator batch 385/2000 (active points 8/11) [38m 48s elapsed] ...   snr=+6.0dB [dft]  snr=+8.0dB [dft]  snr=+10.0dB [dft]  snr=+12.0dB [dft]  snr=+14.0dB [dft]  snr=+16.0dB [dft]  snr=+18.0dB [dft]  snr=+20.0dB [dft]Done (6.08s)
Estimator batch 386/2000 (active points 8/11) [38m 54s elapsed] ...   snr=+6.0dB [dft]  snr=+8.0dB [dft]  snr=+10.0dB [dft]  snr=+12.0dB [dft]  snr=+14.0dB [dft]  snr=+16.0dB [dft]  snr=+18.0dB [dft]  snr=+20.0dB [dft]Done (5.96s)
Estimator batch 387/2000 (active points 8/11) [39m 00s elapsed] ...   snr=+6.0dB [dft]  snr=+8.0dB [dft]  snr=+10.0dB [dft]  snr=+12.0dB [dft]  snr=+14.0dB [dft]  snr=+16.0dB [dft]  snr=+18.0dB [dft]  snr=+20.0dB [dft]Done (6.86s)
Estimator batch 388/2000 (active points 8/11) [39m 07s elapsed] ...   snr=+6.0dB [dft]  snr=+8.0dB [dft]  snr=+10.0dB [dft]  snr=+12.0dB [dft]  snr=+14.0dB [dft]  snr=+16.0dB [dft]  snr=+18.0dB [dft]  snr=+20.0dB [dft]Done (5.93s)
Estimator batch 389/2000 (active points 8/11) [39m 13s elapsed] ...   snr=+6.0dB [dft]  snr=+8.0dB [dft]  snr=+10.0dB [dft]  snr=+12.0dB [dft]  snr=+14.0dB [dft]  snr=+16.0dB [dft]  snr=+18.0dB [dft]  snr=+20.0dB [dft]Done (5.74s)
Estimator batch 390/2000 (active points 8/11) [39m 19s elapsed] ...   snr=+6.0dB [dft]  snr=+8.0dB [dft]  snr=+10.0dB [dft]  snr=+12.0dB [dft]  snr=+14.0dB [dft]  snr=+16.0dB [dft]  snr=+18.0dB [dft]  snr=+20.0dB [dft]Done (6.61s)
Estimator batch 391/2000 (active points 8/11) [39m 26s elapsed] ...   snr=+6.0dB [dft]  snr=+8.0dB [dft]  snr=+10.0dB [dft]  snr=+12.0dB [dft]  snr=+14.0dB [dft]  snr=+16.0dB [dft]  snr=+18.0dB [dft]  snr=+20.0dB [dft]Done (6.35s)
Estimator batch 392/2000 (active points 8/11) [39m 32s elapsed] ...   snr=+6.0dB [dft]  snr=+8.0dB [dft]  snr=+10.0dB [dft]  snr=+12.0dB [dft]  snr=+14.0dB [dft]  snr=+16.0dB [dft]  snr=+18.0dB [dft]  snr=+20.0dB [dft]Done (6.13s)
Estimator batch 393/2000 (active points 8/11) [39m 38s elapsed] ...   snr=+6.0dB [dft]  snr=+8.0dB [dft]  snr=+10.0dB [dft]  snr=+12.0dB [dft]  snr=+14.0dB [dft]  snr=+16.0dB [dft]  snr=+18.0dB [dft]  snr=+20.0dB [dft]Done (5.73s)
Estimator batch 394/2000 (active points 8/11) [39m 44s elapsed] ...   snr=+6.0dB [dft]  snr=+8.0dB [dft]  snr=+10.0dB [dft]  snr=+12.0dB [dft]  snr=+14.0dB [dft]  snr=+16.0dB [dft]  snr=+18.0dB [dft]  snr=+20.0dB [dft]Done (5.73s)
Estimator batch 395/2000 (active points 8/11) [39m 49s elapsed] ...   snr=+6.0dB [dft]  snr=+8.0dB [dft]  snr=+10.0dB [dft]  snr=+12.0dB [dft]  snr=+14.0dB [dft]  snr=+16.0dB [dft]  snr=+18.0dB [dft]  snr=+20.0dB [dft]Done (5.73s)
Estimator batch 396/2000 (active points 8/11) [39m 55s elapsed] ...   snr=+6.0dB [dft]  snr=+8.0dB [dft]  snr=+10.0dB [dft]  snr=+12.0dB [dft]  snr=+14.0dB [dft]  snr=+16.0dB [dft]  snr=+18.0dB [dft]  snr=+20.0dB [dft]Done (5.69s)
Estimator batch 397/2000 (active points 8/11) [40m 01s elapsed] ...   snr=+6.0dB [dft]  snr=+8.0dB [dft]  snr=+10.0dB [dft]  snr=+12.0dB [dft]  snr=+14.0dB [dft]  snr=+16.0dB [dft]  snr=+18.0dB [dft]  snr=+20.0dB [dft]Done (5.62s)
Estimator batch 398/2000 (active points 8/11) [40m 07s elapsed] ...   snr=+6.0dB [dft]  snr=+8.0dB [dft]  snr=+10.0dB [dft]  snr=+12.0dB [dft]  snr=+14.0dB [dft]  snr=+16.0dB [dft]  snr=+18.0dB [dft]  snr=+20.0dB [dft]Done (5.61s)
Estimator batch 399/2000 (active points 8/11) [40m 12s elapsed] ...   snr=+6.0dB [dft]  snr=+8.0dB [dft]  snr=+10.0dB [dft]  snr=+12.0dB [dft]  snr=+14.0dB [dft]  snr=+16.0dB [dft]  snr=+18.0dB [dft]  snr=+20.0dB [dft]Done (5.67s)
Estimator batch 400/2000 (active points 8/11) [40m 18s elapsed] ...   snr=+6.0dB [dft]  snr=+8.0dB [dft]  snr=+10.0dB [dft]  snr=+12.0dB [dft]  snr=+14.0dB [dft]  snr=+16.0dB [dft]  snr=+18.0dB [dft]  snr=+20.0dB [dft]Done (5.58s)
Estimator batch 401/2000 (active points 8/11) [40m 23s elapsed] ...   snr=+6.0dB [dft]  snr=+8.0dB [dft]  snr=+10.0dB [dft]  snr=+12.0dB [dft]  snr=+14.0dB [dft]  snr=+16.0dB [dft]  snr=+18.0dB [dft]  snr=+20.0dB [dft]Done (5.58s)
Estimator batch 402/2000 (active points 8/11) [40m 29s elapsed] ...   snr=+6.0dB [dft]  snr=+8.0dB [dft]  snr=+10.0dB [dft]  snr=+12.0dB [dft]  snr=+14.0dB [dft]  snr=+16.0dB [dft]  snr=+18.0dB [dft]  snr=+20.0dB [dft]Done (5.63s)
Estimator batch 403/2000 (active points 8/11) [40m 35s elapsed] ...   snr=+6.0dB [dft]  snr=+8.0dB [dft]  snr=+10.0dB [dft]  snr=+12.0dB [dft]  snr=+14.0dB [dft]  snr=+16.0dB [dft]  snr=+18.0dB [dft]  snr=+20.0dB [dft]Done (5.67s)
Estimator batch 404/2000 (active points 8/11) [40m 40s elapsed] ...   snr=+6.0dB [dft]  snr=+8.0dB [dft]  snr=+10.0dB [dft]  snr=+12.0dB [dft]  snr=+14.0dB [dft]  snr=+16.0dB [dft]  snr=+18.0dB [dft]  snr=+20.0dB [dft]Done (5.65s)
Estimator batch 405/2000 (active points 8/11) [40m 46s elapsed] ...   snr=+6.0dB [dft]  snr=+8.0dB [dft]  snr=+10.0dB [dft]  snr=+12.0dB [dft]  snr=+14.0dB [dft]  snr=+16.0dB [dft]  snr=+18.0dB [dft]  snr=+20.0dB [dft]Done (5.61s)
Estimator batch 406/2000 (active points 8/11) [40m 52s elapsed] ...   snr=+6.0dB [dft]  snr=+8.0dB [dft]  snr=+10.0dB [dft]  snr=+12.0dB [dft]  snr=+14.0dB [dft]  snr=+16.0dB [dft]  snr=+18.0dB [dft]  snr=+20.0dB [dft]Done (5.68s)
Estimator batch 407/2000 (active points 8/11) [40m 57s elapsed] ...   snr=+6.0dB [dft]  snr=+8.0dB [dft]  snr=+10.0dB [dft]  snr=+12.0dB [dft]  snr=+14.0dB [dft]  snr=+16.0dB [dft]  snr=+18.0dB [dft]  snr=+20.0dB [dft]Done (5.60s)
Estimator batch 408/2000 (active points 8/11) [41m 03s elapsed] ...   snr=+6.0dB [dft]  snr=+8.0dB [dft]  snr=+10.0dB [dft]  snr=+12.0dB [dft]  snr=+14.0dB [dft]  snr=+16.0dB [dft]  snr=+18.0dB [dft]  snr=+20.0dB [dft]Done (5.63s)
Estimator batch 409/2000 (active points 8/11) [41m 08s elapsed] ...   snr=+6.0dB [dft]  snr=+8.0dB [dft]  snr=+10.0dB [dft]  snr=+12.0dB [dft]  snr=+14.0dB [dft]  snr=+16.0dB [dft]  snr=+18.0dB [dft]  snr=+20.0dB [dft]Done (5.64s)
Estimator batch 410/2000 (active points 8/11) [41m 14s elapsed] ...   snr=+6.0dB [dft]  snr=+8.0dB [dft]  snr=+10.0dB [dft]  snr=+12.0dB [dft]  snr=+14.0dB [dft]  snr=+16.0dB [dft]  snr=+18.0dB [dft]  snr=+20.0dB [dft]Done (5.76s)
Estimator batch 411/2000 (active points 8/11) [41m 20s elapsed] ...   snr=+6.0dB [dft]  snr=+8.0dB [dft]  snr=+10.0dB [dft]  snr=+12.0dB [dft]  snr=+14.0dB [dft]  snr=+16.0dB [dft]  snr=+18.0dB [dft]  snr=+20.0dB [dft]Done (5.60s)
Estimator batch 412/2000 (active points 8/11) [41m 25s elapsed] ...   snr=+6.0dB [dft]  snr=+8.0dB [dft]  snr=+10.0dB [dft]  snr=+12.0dB [dft]  snr=+14.0dB [dft]  snr=+16.0dB [dft]  snr=+18.0dB [dft]  snr=+20.0dB [dft]Done (5.94s)
Estimator batch 413/2000 (active points 8/11) [41m 31s elapsed] ...   snr=+6.0dB [dft]  snr=+8.0dB [dft]  snr=+10.0dB [dft]  snr=+12.0dB [dft]  snr=+14.0dB [dft]  snr=+16.0dB [dft]  snr=+18.0dB [dft]  snr=+20.0dB [dft]Done (6.14s)
Estimator batch 414/2000 (active points 8/11) [41m 38s elapsed] ...   snr=+6.0dB [dft]  snr=+8.0dB [dft]  snr=+10.0dB [dft]  snr=+12.0dB [dft]  snr=+14.0dB [dft]  snr=+16.0dB [dft]  snr=+18.0dB [dft]  snr=+20.0dB [dft]Done (5.95s)
Estimator batch 415/2000 (active points 8/11) [41m 43s elapsed] ...   snr=+6.0dB [dft]  snr=+8.0dB [dft]  snr=+10.0dB [dft]  snr=+12.0dB [dft]  snr=+14.0dB [dft]  snr=+16.0dB [dft]  snr=+18.0dB [dft]  snr=+20.0dB [dft]Done (5.78s)
Estimator batch 416/2000 (active points 8/11) [41m 49s elapsed] ...   snr=+6.0dB [dft]  snr=+8.0dB [dft]  snr=+10.0dB [dft]  snr=+12.0dB [dft]  snr=+14.0dB [dft]  snr=+16.0dB [dft]  snr=+18.0dB [dft]  snr=+20.0dB [dft]Done (5.69s)
Estimator batch 417/2000 (active points 8/11) [41m 55s elapsed] ...   snr=+6.0dB [dft]  snr=+8.0dB [dft]  snr=+10.0dB [dft]  snr=+12.0dB [dft]  snr=+14.0dB [dft]  snr=+16.0dB [dft]  snr=+18.0dB [dft]  snr=+20.0dB [dft]Done (5.75s)
Estimator batch 418/2000 (active points 8/11) [42m 01s elapsed] ...   snr=+6.0dB [dft]  snr=+8.0dB [dft]  snr=+10.0dB [dft]  snr=+12.0dB [dft]  snr=+14.0dB [dft]  snr=+16.0dB [dft]  snr=+18.0dB [dft]  snr=+20.0dB [dft]Done (6.19s)
Estimator batch 419/2000 (active points 8/11) [42m 07s elapsed] ...   snr=+6.0dB [dft]  snr=+8.0dB [dft]  snr=+10.0dB [dft]  snr=+12.0dB [dft]  snr=+14.0dB [dft]  snr=+16.0dB [dft]  snr=+18.0dB [dft]  snr=+20.0dB [dft]Done (6.28s)
Estimator batch 420/2000 (active points 8/11) [42m 13s elapsed] ...   snr=+6.0dB [dft]  snr=+8.0dB [dft]  snr=+10.0dB [dft]  snr=+12.0dB [dft]  snr=+14.0dB [dft]  snr=+16.0dB [dft]  snr=+18.0dB [dft]  snr=+20.0dB [dft]Done (6.12s)
Estimator batch 421/2000 (active points 8/11) [42m 19s elapsed] ...   snr=+6.0dB [dft]  snr=+8.0dB [dft]  snr=+10.0dB [dft]  snr=+12.0dB [dft]  snr=+14.0dB [dft]  snr=+16.0dB [dft]  snr=+18.0dB [dft]  snr=+20.0dB [dft]Done (5.84s)
Estimator batch 422/2000 (active points 8/11) [42m 25s elapsed] ...   snr=+6.0dB [dft]  snr=+8.0dB [dft]  snr=+10.0dB [dft]  snr=+12.0dB [dft]  snr=+14.0dB [dft]  snr=+16.0dB [dft]  snr=+18.0dB [dft]  snr=+20.0dB [dft]Done (5.57s)
Estimator batch 423/2000 (active points 8/11) [42m 31s elapsed] ...   snr=+6.0dB [dft]  snr=+8.0dB [dft]  snr=+10.0dB [dft]  snr=+12.0dB [dft]  snr=+14.0dB [dft]  snr=+16.0dB [dft]  snr=+18.0dB [dft]  snr=+20.0dB [dft]Done (5.67s)
Estimator batch 424/2000 (active points 8/11) [42m 36s elapsed] ...   snr=+6.0dB [dft]  snr=+8.0dB [dft]  snr=+10.0dB [dft]  snr=+12.0dB [dft]  snr=+14.0dB [dft]  snr=+16.0dB [dft]  snr=+18.0dB [dft]  snr=+20.0dB [dft]Done (5.77s)
Estimator batch 425/2000 (active points 8/11) [42m 42s elapsed] ...   snr=+6.0dB [dft]  snr=+8.0dB [dft]  snr=+10.0dB [dft]  snr=+12.0dB [dft]  snr=+14.0dB [dft]  snr=+16.0dB [dft]  snr=+18.0dB [dft]  snr=+20.0dB [dft]Done (5.64s)
Estimator batch 426/2000 (active points 8/11) [42m 48s elapsed] ...   snr=+6.0dB [dft]  snr=+8.0dB [dft]  snr=+10.0dB [dft]  snr=+12.0dB [dft]  snr=+14.0dB [dft]  snr=+16.0dB [dft]  snr=+18.0dB [dft]  snr=+20.0dB [dft]Done (5.61s)
Estimator batch 427/2000 (active points 8/11) [42m 53s elapsed] ...   snr=+6.0dB [dft]  snr=+8.0dB [dft]  snr=+10.0dB [dft]  snr=+12.0dB [dft]  snr=+14.0dB [dft]  snr=+16.0dB [dft]  snr=+18.0dB [dft]  snr=+20.0dB [dft]Done (5.60s)
Estimator batch 428/2000 (active points 8/11) [42m 59s elapsed] ...   snr=+6.0dB [dft]  snr=+8.0dB [dft]  snr=+10.0dB [dft]  snr=+12.0dB [dft]  snr=+14.0dB [dft]  snr=+16.0dB [dft]  snr=+18.0dB [dft]  snr=+20.0dB [dft]Done (5.57s)
Estimator batch 429/2000 (active points 8/11) [43m 05s elapsed] ...   snr=+6.0dB [dft]  snr=+8.0dB [dft]  snr=+10.0dB [dft]  snr=+12.0dB [dft]  snr=+14.0dB [dft]  snr=+16.0dB [dft]  snr=+18.0dB [dft]  snr=+20.0dB [dft]Done (5.72s)
Estimator batch 430/2000 (active points 8/11) [43m 10s elapsed] ...   snr=+6.0dB [dft]  snr=+8.0dB [dft]  snr=+10.0dB [dft]  snr=+12.0dB [dft]  snr=+14.0dB [dft]  snr=+16.0dB [dft]  snr=+18.0dB [dft]  snr=+20.0dB [dft]Done (5.55s)
Estimator batch 431/2000 (active points 8/11) [43m 16s elapsed] ...   snr=+6.0dB [dft]  snr=+8.0dB [dft]  snr=+10.0dB [dft]  snr=+12.0dB [dft]  snr=+14.0dB [dft]  snr=+16.0dB [dft]  snr=+18.0dB [dft]  snr=+20.0dB [dft]Done (5.59s)
Estimator batch 432/2000 (active points 8/11) [43m 21s elapsed] ...   snr=+6.0dB [dft]  snr=+8.0dB [dft]  snr=+10.0dB [dft]  snr=+12.0dB [dft]  snr=+14.0dB [dft]  snr=+16.0dB [dft]  snr=+18.0dB [dft]  snr=+20.0dB [dft]Done (5.57s)
Estimator batch 433/2000 (active points 8/11) [43m 27s elapsed] ...   snr=+6.0dB [dft]  snr=+8.0dB [dft]  snr=+10.0dB [dft]  snr=+12.0dB [dft]  snr=+14.0dB [dft]  snr=+16.0dB [dft]  snr=+18.0dB [dft]  snr=+20.0dB [dft]Done (5.54s)
Estimator batch 434/2000 (active points 8/11) [43m 33s elapsed] ...   snr=+6.0dB [dft]  snr=+8.0dB [dft]  snr=+10.0dB [dft]  snr=+12.0dB [dft]  snr=+14.0dB [dft]  snr=+16.0dB [dft]  snr=+18.0dB [dft]  snr=+20.0dB [dft]Done (5.55s)
Estimator batch 435/2000 (active points 8/11) [43m 38s elapsed] ...   snr=+6.0dB [dft]  snr=+8.0dB [dft]  snr=+10.0dB [dft]  snr=+12.0dB [dft]  snr=+14.0dB [dft]  snr=+16.0dB [dft]  snr=+18.0dB [dft]  snr=+20.0dB [dft]Done (5.53s)
Estimator batch 436/2000 (active points 8/11) [43m 44s elapsed] ...   snr=+6.0dB [dft]  snr=+8.0dB [dft]  snr=+10.0dB [dft]  snr=+12.0dB [dft]  snr=+14.0dB [dft]  snr=+16.0dB [dft]  snr=+18.0dB [dft]  snr=+20.0dB [dft]Done (5.60s)
Estimator batch 437/2000 (active points 8/11) [43m 49s elapsed] ...   snr=+6.0dB [dft]  snr=+8.0dB [dft]  snr=+10.0dB [dft]  snr=+12.0dB [dft]  snr=+14.0dB [dft]  snr=+16.0dB [dft]  snr=+18.0dB [dft]  snr=+20.0dB [dft]Done (5.58s)
Estimator batch 438/2000 (active points 8/11) [43m 55s elapsed] ...   snr=+6.0dB [dft]  snr=+8.0dB [dft]  snr=+10.0dB [dft]  snr=+12.0dB [dft]  snr=+14.0dB [dft]  snr=+16.0dB [dft]  snr=+18.0dB [dft]  snr=+20.0dB [dft]Done (5.81s)
Estimator batch 439/2000 (active points 8/11) [44m 01s elapsed] ...   snr=+6.0dB [dft]  snr=+8.0dB [dft]  snr=+10.0dB [dft]  snr=+12.0dB [dft]  snr=+14.0dB [dft]  snr=+16.0dB [dft]  snr=+18.0dB [dft]  snr=+20.0dB [dft]Done (6.16s)
Estimator batch 440/2000 (active points 8/11) [44m 07s elapsed] ...   snr=+6.0dB [dft]  snr=+8.0dB [dft]  snr=+10.0dB [dft]  snr=+12.0dB [dft]  snr=+14.0dB [dft]  snr=+16.0dB [dft]  snr=+18.0dB [dft]  snr=+20.0dB [dft]Done (5.88s)
Estimator batch 441/2000 (active points 8/11) [44m 13s elapsed] ...   snr=+6.0dB [dft]  snr=+8.0dB [dft]  snr=+10.0dB [dft]  snr=+12.0dB [dft]  snr=+14.0dB [dft]  snr=+16.0dB [dft]  snr=+18.0dB [dft]  snr=+20.0dB [dft]Done (5.96s)
Estimator batch 442/2000 (active points 8/11) [44m 19s elapsed] ...   snr=+6.0dB [dft]  snr=+8.0dB [dft]  snr=+10.0dB [dft]  snr=+12.0dB [dft]  snr=+14.0dB [dft]  snr=+16.0dB [dft]  snr=+18.0dB [dft]  snr=+20.0dB [dft]Done (5.71s)
Estimator batch 443/2000 (active points 8/11) [44m 24s elapsed] ...   snr=+6.0dB [dft]  snr=+8.0dB [dft]  snr=+10.0dB [dft]  snr=+12.0dB [dft]  snr=+14.0dB [dft]  snr=+16.0dB [dft]  snr=+18.0dB [dft]  snr=+20.0dB [dft]Done (5.53s)
Estimator batch 444/2000 (active points 8/11) [44m 30s elapsed] ...   snr=+6.0dB [dft]  snr=+8.0dB [dft]  snr=+10.0dB [dft]  snr=+12.0dB [dft]  snr=+14.0dB [dft]  snr=+16.0dB [dft]  snr=+18.0dB [dft]  snr=+20.0dB [dft]Done (5.52s)
Estimator batch 445/2000 (active points 8/11) [44m 35s elapsed] ...   snr=+6.0dB [dft]  snr=+8.0dB [dft]  snr=+10.0dB [dft]  snr=+12.0dB [dft]  snr=+14.0dB [dft]  snr=+16.0dB [dft]  snr=+18.0dB [dft]  snr=+20.0dB [dft]Done (5.58s)
Estimator batch 446/2000 (active points 8/11) [44m 41s elapsed] ...   snr=+6.0dB [dft]  snr=+8.0dB [dft]  snr=+10.0dB [dft]  snr=+12.0dB [dft]  snr=+14.0dB [dft]  snr=+16.0dB [dft]  snr=+18.0dB [dft]  snr=+20.0dB [dft]Done (5.51s)
Estimator batch 447/2000 (active points 8/11) [44m 46s elapsed] ...   snr=+6.0dB [dft]  snr=+8.0dB [dft]  snr=+10.0dB [dft]  snr=+12.0dB [dft]  snr=+14.0dB [dft]  snr=+16.0dB [dft]  snr=+18.0dB [dft]  snr=+20.0dB [dft]Done (5.55s)
Estimator batch 448/2000 (active points 8/11) [44m 52s elapsed] ...   snr=+6.0dB [dft]  snr=+8.0dB [dft]  snr=+10.0dB [dft]  snr=+12.0dB [dft]  snr=+14.0dB [dft]  snr=+16.0dB [dft]  snr=+18.0dB [dft]  snr=+20.0dB [dft]Done (5.54s)
Estimator batch 449/2000 (active points 8/11) [44m 58s elapsed] ...   snr=+6.0dB [dft]  snr=+8.0dB [dft]  snr=+10.0dB [dft]  snr=+12.0dB [dft]  snr=+14.0dB [dft]  snr=+16.0dB [dft]  snr=+18.0dB [dft]  snr=+20.0dB [dft]Done (5.49s)
Estimator batch 450/2000 (active points 8/11) [45m 03s elapsed] ...   snr=+6.0dB [dft]  snr=+8.0dB [dft]  snr=+10.0dB [dft]  snr=+12.0dB [dft]  snr=+14.0dB [dft]  snr=+16.0dB [dft]  snr=+18.0dB [dft]  snr=+20.0dB [dft]Done (5.50s)
Estimator batch 451/2000 (active points 8/11) [45m 09s elapsed] ...   snr=+6.0dB [dft]  snr=+8.0dB [dft]  snr=+10.0dB [dft]  snr=+12.0dB [dft]  snr=+14.0dB [dft]  snr=+16.0dB [dft]  snr=+18.0dB [dft]  snr=+20.0dB [dft]Done (5.50s)
Estimator batch 452/2000 (active points 8/11) [45m 14s elapsed] ...   snr=+6.0dB [dft]  snr=+8.0dB [dft]  snr=+10.0dB [dft]  snr=+12.0dB [dft]  snr=+14.0dB [dft]  snr=+16.0dB [dft]  snr=+18.0dB [dft]  snr=+20.0dB [dft]Done (5.53s)
Estimator batch 453/2000 (active points 8/11) [45m 20s elapsed] ...   snr=+6.0dB [dft]  snr=+8.0dB [dft]  snr=+10.0dB [dft]  snr=+12.0dB [dft]  snr=+14.0dB [dft]  snr=+16.0dB [dft]  snr=+18.0dB [dft]  snr=+20.0dB [dft]Done (5.54s)
Estimator batch 454/2000 (active points 8/11) [45m 25s elapsed] ...   snr=+6.0dB [dft]  snr=+8.0dB [dft]  snr=+10.0dB [dft]  snr=+12.0dB [dft]  snr=+14.0dB [dft]  snr=+16.0dB [dft]  snr=+18.0dB [dft]  snr=+20.0dB [dft]Done (5.85s)
Estimator batch 455/2000 (active points 8/11) [45m 31s elapsed] ...   snr=+6.0dB [dft]  snr=+8.0dB [dft]  snr=+10.0dB [dft]  snr=+12.0dB [dft]  snr=+14.0dB [dft]  snr=+16.0dB [dft]  snr=+18.0dB [dft]  snr=+20.0dB [dft]Done (5.68s)
Estimator batch 456/2000 (active points 8/11) [45m 37s elapsed] ...   snr=+6.0dB [dft]  snr=+8.0dB [dft]  snr=+10.0dB [dft]  snr=+12.0dB [dft]  snr=+14.0dB [dft]  snr=+16.0dB [dft]  snr=+18.0dB [dft]  snr=+20.0dB [dft]Done (5.67s)
Estimator batch 457/2000 (active points 8/11) [45m 42s elapsed] ...   snr=+6.0dB [dft]  snr=+8.0dB [dft]  snr=+10.0dB [dft]  snr=+12.0dB [dft]  snr=+14.0dB [dft]  snr=+16.0dB [dft]  snr=+18.0dB [dft]  snr=+20.0dB [dft]Done (5.69s)
Estimator batch 458/2000 (active points 8/11) [45m 48s elapsed] ...   snr=+6.0dB [dft]  snr=+8.0dB [dft]  snr=+10.0dB [dft]  snr=+12.0dB [dft]  snr=+14.0dB [dft]  snr=+16.0dB [dft]  snr=+18.0dB [dft]  snr=+20.0dB [dft]Done (5.59s)
Estimator batch 459/2000 (active points 8/11) [45m 54s elapsed] ...   snr=+6.0dB [dft]  snr=+8.0dB [dft]  snr=+10.0dB [dft]  snr=+12.0dB [dft]  snr=+14.0dB [dft]  snr=+16.0dB [dft]  snr=+18.0dB [dft]  snr=+20.0dB [dft]Done (5.66s)
Estimator batch 460/2000 (active points 8/11) [45m 59s elapsed] ...   snr=+6.0dB [dft]  snr=+8.0dB [dft]  snr=+10.0dB [dft]  snr=+12.0dB [dft]  snr=+14.0dB [dft]  snr=+16.0dB [dft]  snr=+18.0dB [dft]  snr=+20.0dB [dft]Done (5.79s)
Estimator batch 461/2000 (active points 8/11) [46m 05s elapsed] ...   snr=+6.0dB [dft]  snr=+8.0dB [dft]  snr=+10.0dB [dft]  snr=+12.0dB [dft]  snr=+14.0dB [dft]  snr=+16.0dB [dft]  snr=+18.0dB [dft]  snr=+20.0dB [dft]Done (5.59s)
Estimator batch 462/2000 (active points 8/11) [46m 11s elapsed] ...   snr=+6.0dB [dft]  snr=+8.0dB [dft]  snr=+10.0dB [dft]  snr=+12.0dB [dft]  snr=+14.0dB [dft]  snr=+16.0dB [dft]  snr=+18.0dB [dft]  snr=+20.0dB [dft]Done (5.54s)
Estimator batch 463/2000 (active points 8/11) [46m 16s elapsed] ...   snr=+6.0dB [dft]  snr=+8.0dB [dft]  snr=+10.0dB [dft]  snr=+12.0dB [dft]  snr=+14.0dB [dft]  snr=+16.0dB [dft]  snr=+18.0dB [dft]  snr=+20.0dB [dft]Done (5.51s)
Estimator batch 464/2000 (active points 8/11) [46m 22s elapsed] ...   snr=+6.0dB [dft]  snr=+8.0dB [dft]  snr=+10.0dB [dft]  snr=+12.0dB [dft]  snr=+14.0dB [dft]  snr=+16.0dB [dft]  snr=+18.0dB [dft]  snr=+20.0dB [dft]Done (5.55s)
Estimator batch 465/2000 (active points 8/11) [46m 27s elapsed] ...   snr=+6.0dB [dft]  snr=+8.0dB [dft]  snr=+10.0dB [dft]  snr=+12.0dB [dft]  snr=+14.0dB [dft]  snr=+16.0dB [dft]  snr=+18.0dB [dft]  snr=+20.0dB [dft]Done (5.90s)
Estimator batch 466/2000 (active points 8/11) [46m 33s elapsed] ...   snr=+6.0dB [dft]  snr=+8.0dB [dft]  snr=+10.0dB [dft]  snr=+12.0dB [dft]  snr=+14.0dB [dft]  snr=+16.0dB [dft]  snr=+18.0dB [dft]  snr=+20.0dB [dft]Done (5.61s)
Estimator batch 467/2000 (active points 8/11) [46m 39s elapsed] ...   snr=+6.0dB [dft]  snr=+8.0dB [dft]  snr=+10.0dB [dft]  snr=+12.0dB [dft]  snr=+14.0dB [dft]  snr=+16.0dB [dft]  snr=+18.0dB [dft]  snr=+20.0dB [dft]Done (5.81s)
Estimator batch 468/2000 (active points 8/11) [46m 45s elapsed] ...   snr=+6.0dB [dft]  snr=+8.0dB [dft]  snr=+10.0dB [dft]  snr=+12.0dB [dft]  snr=+14.0dB [dft]  snr=+16.0dB [dft]  snr=+18.0dB [dft]  snr=+20.0dB [dft]Done (5.84s)
Estimator batch 469/2000 (active points 8/11) [46m 50s elapsed] ...   snr=+6.0dB [dft]  snr=+8.0dB [dft]  snr=+10.0dB [dft]  snr=+12.0dB [dft]  snr=+14.0dB [dft]  snr=+16.0dB [dft]  snr=+18.0dB [dft]  snr=+20.0dB [dft]Done (5.65s)
Estimator batch 470/2000 (active points 8/11) [46m 56s elapsed] ...   snr=+6.0dB [dft]  snr=+8.0dB [dft]  snr=+10.0dB [dft]  snr=+12.0dB [dft]  snr=+14.0dB [dft]  snr=+16.0dB [dft]  snr=+18.0dB [dft]  snr=+20.0dB [dft]Done (5.56s)
Estimator batch 471/2000 (active points 8/11) [47m 02s elapsed] ...   snr=+6.0dB [dft]  snr=+8.0dB [dft]  snr=+10.0dB [dft]  snr=+12.0dB [dft]  snr=+14.0dB [dft]  snr=+16.0dB [dft]  snr=+18.0dB [dft]  snr=+20.0dB [dft]Done (5.56s)
Estimator batch 472/2000 (active points 8/11) [47m 07s elapsed] ...   snr=+6.0dB [dft]  snr=+8.0dB [dft]  snr=+10.0dB [dft]  snr=+12.0dB [dft]  snr=+14.0dB [dft]  snr=+16.0dB [dft]  snr=+18.0dB [dft]  snr=+20.0dB [dft]Done (5.52s)
Estimator batch 473/2000 (active points 8/11) [47m 13s elapsed] ...   snr=+6.0dB [dft]  snr=+8.0dB [dft]  snr=+10.0dB [dft]  snr=+12.0dB [dft]  snr=+14.0dB [dft]  snr=+16.0dB [dft]  snr=+18.0dB [dft]  snr=+20.0dB [dft]Done (5.51s)
Estimator batch 474/2000 (active points 8/11) [47m 18s elapsed] ...   snr=+6.0dB [dft]  snr=+8.0dB [dft]  snr=+10.0dB [dft]  snr=+12.0dB [dft]  snr=+14.0dB [dft]  snr=+16.0dB [dft]  snr=+18.0dB [dft]  snr=+20.0dB [dft]Done (5.57s)
Estimator batch 475/2000 (active points 8/11) [47m 24s elapsed] ...   snr=+6.0dB [dft]  snr=+8.0dB [dft]  snr=+10.0dB [dft]  snr=+12.0dB [dft]  snr=+14.0dB [dft]  snr=+16.0dB [dft]  snr=+18.0dB [dft]  snr=+20.0dB [dft]Done (6.02s)
Estimator batch 476/2000 (active points 8/11) [47m 30s elapsed] ...   snr=+6.0dB [dft]  snr=+8.0dB [dft]  snr=+10.0dB [dft]  snr=+12.0dB [dft]  snr=+14.0dB [dft]  snr=+16.0dB [dft]  snr=+18.0dB [dft]  snr=+20.0dB [dft]Done (5.94s)
Estimator batch 477/2000 (active points 8/11) [47m 36s elapsed] ...   snr=+6.0dB [dft]  snr=+8.0dB [dft]  snr=+10.0dB [dft]  snr=+12.0dB [dft]  snr=+14.0dB [dft]  snr=+16.0dB [dft]  snr=+18.0dB [dft]  snr=+20.0dB [dft]Done (6.39s)
Estimator batch 478/2000 (active points 8/11) [47m 42s elapsed] ...   snr=+6.0dB [dft]  snr=+8.0dB [dft]  snr=+10.0dB [dft]  snr=+12.0dB [dft]  snr=+14.0dB [dft]  snr=+16.0dB [dft]  snr=+18.0dB [dft]  snr=+20.0dB [dft]Done (6.30s)
Estimator batch 479/2000 (active points 8/11) [47m 49s elapsed] ...   snr=+6.0dB [dft]  snr=+8.0dB [dft]  snr=+10.0dB [dft]  snr=+12.0dB [dft]  snr=+14.0dB [dft]  snr=+16.0dB [dft]  snr=+18.0dB [dft]  snr=+20.0dB [dft]Done (5.72s)
Estimator batch 480/2000 (active points 8/11) [47m 54s elapsed] ...   snr=+6.0dB [dft]  snr=+8.0dB [dft]  snr=+10.0dB [dft]  snr=+12.0dB [dft]  snr=+14.0dB [dft]  snr=+16.0dB [dft]  snr=+18.0dB [dft]  snr=+20.0dB [dft]Done (5.70s)
Estimator batch 481/2000 (active points 8/11) [48m 00s elapsed] ...   snr=+6.0dB [dft]  snr=+8.0dB [dft]  snr=+10.0dB [dft]  snr=+12.0dB [dft]  snr=+14.0dB [dft]  snr=+16.0dB [dft]  snr=+18.0dB [dft]  snr=+20.0dB [dft]Done (5.70s)
Estimator batch 482/2000 (active points 8/11) [48m 06s elapsed] ...   snr=+6.0dB [dft]  snr=+8.0dB [dft]  snr=+10.0dB [dft]  snr=+12.0dB [dft]  snr=+14.0dB [dft]  snr=+16.0dB [dft]  snr=+18.0dB [dft]  snr=+20.0dB [dft]Done (5.59s)
Estimator batch 483/2000 (active points 8/11) [48m 11s elapsed] ...   snr=+6.0dB [dft]  snr=+8.0dB [dft]  snr=+10.0dB [dft]  snr=+12.0dB [dft]  snr=+14.0dB [dft]  snr=+16.0dB [dft]  snr=+18.0dB [dft]  snr=+20.0dB [dft]Done (5.85s)
Estimator batch 484/2000 (active points 8/11) [48m 17s elapsed] ...   snr=+6.0dB [dft]  snr=+8.0dB [dft]  snr=+10.0dB [dft]  snr=+12.0dB [dft]  snr=+14.0dB [dft]  snr=+16.0dB [dft]  snr=+18.0dB [dft]  snr=+20.0dB [dft]Done (5.67s)
Estimator batch 485/2000 (active points 8/11) [48m 23s elapsed] ...   snr=+6.0dB [dft]  snr=+8.0dB [dft]  snr=+10.0dB [dft]  snr=+12.0dB [dft]  snr=+14.0dB [dft]  snr=+16.0dB [dft]  snr=+18.0dB [dft]  snr=+20.0dB [dft]Done (5.79s)
Estimator batch 486/2000 (active points 8/11) [48m 29s elapsed] ...   snr=+6.0dB [dft]  snr=+8.0dB [dft]  snr=+10.0dB [dft]  snr=+12.0dB [dft]  snr=+14.0dB [dft]  snr=+16.0dB [dft]  snr=+18.0dB [dft]  snr=+20.0dB [dft]Done (6.30s)
Estimator batch 487/2000 (active points 8/11) [48m 35s elapsed] ...   snr=+6.0dB [dft]  snr=+8.0dB [dft]  snr=+10.0dB [dft]  snr=+12.0dB [dft]  snr=+14.0dB [dft]  snr=+16.0dB [dft]  snr=+18.0dB [dft]  snr=+20.0dB [dft]Done (5.81s)
Estimator batch 488/2000 (active points 8/11) [48m 41s elapsed] ...   snr=+6.0dB [dft]  snr=+8.0dB [dft]  snr=+10.0dB [dft]  snr=+12.0dB [dft]  snr=+14.0dB [dft]  snr=+16.0dB [dft]  snr=+18.0dB [dft]  snr=+20.0dB [dft]Done (6.05s)
Estimator batch 489/2000 (active points 8/11) [48m 47s elapsed] ...   snr=+6.0dB [dft]  snr=+8.0dB [dft]  snr=+10.0dB [dft]  snr=+12.0dB [dft]  snr=+14.0dB [dft]  snr=+16.0dB [dft]  snr=+18.0dB [dft]  snr=+20.0dB [dft]Done (5.86s)
Estimator batch 490/2000 (active points 8/11) [48m 53s elapsed] ...   snr=+6.0dB [dft]  snr=+8.0dB [dft]  snr=+10.0dB [dft]  snr=+12.0dB [dft]  snr=+14.0dB [dft]  snr=+16.0dB [dft]  snr=+18.0dB [dft]  snr=+20.0dB [dft]Done (5.61s)
Estimator batch 491/2000 (active points 8/11) [48m 58s elapsed] ...   snr=+6.0dB [dft]  snr=+8.0dB [dft]  snr=+10.0dB [dft]  snr=+12.0dB [dft]  snr=+14.0dB [dft]  snr=+16.0dB [dft]  snr=+18.0dB [dft]  snr=+20.0dB [dft]Done (5.78s)
Estimator batch 492/2000 (active points 8/11) [49m 04s elapsed] ...   snr=+6.0dB [dft]  snr=+8.0dB [dft]  snr=+10.0dB [dft]  snr=+12.0dB [dft]  snr=+14.0dB [dft]  snr=+16.0dB [dft]  snr=+18.0dB [dft]  snr=+20.0dB [dft]Done (6.09s)
Estimator batch 493/2000 (active points 8/11) [49m 10s elapsed] ...   snr=+6.0dB [dft]  snr=+8.0dB [dft]  snr=+10.0dB [dft]  snr=+12.0dB [dft]  snr=+14.0dB [dft]  snr=+16.0dB [dft]  snr=+18.0dB [dft]  snr=+20.0dB [dft]Done (6.06s)
Estimator batch 494/2000 (active points 8/11) [49m 16s elapsed] ...   snr=+6.0dB [dft]  snr=+8.0dB [dft]  snr=+10.0dB [dft]  snr=+12.0dB [dft]  snr=+14.0dB [dft]  snr=+16.0dB [dft]  snr=+18.0dB [dft]  snr=+20.0dB [dft]Done (6.24s)
Estimator batch 495/2000 (active points 8/11) [49m 22s elapsed] ...   snr=+6.0dB [dft]  snr=+8.0dB [dft]  snr=+10.0dB [dft]  snr=+12.0dB [dft]  snr=+14.0dB [dft]  snr=+16.0dB [dft]  snr=+18.0dB [dft]  snr=+20.0dB [dft]Done (5.75s)
Estimator batch 496/2000 (active points 8/11) [49m 28s elapsed] ...   snr=+6.0dB [dft]  snr=+8.0dB [dft]  snr=+10.0dB [dft]  snr=+12.0dB [dft]  snr=+14.0dB [dft]  snr=+16.0dB [dft]  snr=+18.0dB [dft]  snr=+20.0dB [dft]Done (5.65s)
Estimator batch 497/2000 (active points 8/11) [49m 34s elapsed] ...   snr=+6.0dB [dft]  snr=+8.0dB [dft]  snr=+10.0dB [dft]  snr=+12.0dB [dft]  snr=+14.0dB [dft]  snr=+16.0dB [dft]  snr=+18.0dB [dft]  snr=+20.0dB [dft]Done (5.67s)
Estimator batch 498/2000 (active points 8/11) [49m 39s elapsed] ...   snr=+6.0dB [dft]  snr=+8.0dB [dft]  snr=+10.0dB [dft]  snr=+12.0dB [dft]  snr=+14.0dB [dft]  snr=+16.0dB [dft]  snr=+18.0dB [dft]  snr=+20.0dB [dft]Done (5.62s)
Estimator batch 499/2000 (active points 8/11) [49m 45s elapsed] ...   snr=+6.0dB [dft]  snr=+8.0dB [dft]  snr=+10.0dB [dft]  snr=+12.0dB [dft]  snr=+14.0dB [dft]  snr=+16.0dB [dft]  snr=+18.0dB [dft]  snr=+20.0dB [dft]Done (5.62s)
Estimator batch 500/2000 (active points 8/11) [49m 51s elapsed] ...   snr=+6.0dB [dft]  snr=+8.0dB [dft]  snr=+10.0dB [dft]  snr=+12.0dB [dft]  snr=+14.0dB [dft]  snr=+16.0dB [dft]  snr=+18.0dB [dft]  snr=+20.0dB [dft]Done (5.60s)
Estimator batch 501/2000 (active points 8/11) [49m 56s elapsed] ...   snr=+6.0dB [dft]  snr=+8.0dB [dft]  snr=+10.0dB [dft]  snr=+12.0dB [dft]  snr=+14.0dB [dft]  snr=+16.0dB [dft]  snr=+18.0dB [dft]  snr=+20.0dB [dft]Done (6.10s)
Estimator batch 502/2000 (active points 8/11) [50m 02s elapsed] ...   snr=+6.0dB [dft]  snr=+8.0dB [dft]  snr=+10.0dB [dft]  snr=+12.0dB [dft]  snr=+14.0dB [dft]  snr=+16.0dB [dft]  snr=+18.0dB [dft]  snr=+20.0dB [dft]Done (6.01s)
Estimator batch 503/2000 (active points 8/11) [50m 08s elapsed] ...   snr=+6.0dB [dft]  snr=+8.0dB [dft]  snr=+10.0dB [dft]  snr=+12.0dB [dft]  snr=+14.0dB [dft]  snr=+16.0dB [dft]  snr=+18.0dB [dft]  snr=+20.0dB [dft]Done (5.81s)
Estimator batch 504/2000 (active points 8/11) [50m 14s elapsed] ...   snr=+6.0dB [dft]  snr=+8.0dB [dft]  snr=+10.0dB [dft]  snr=+12.0dB [dft]  snr=+14.0dB [dft]  snr=+16.0dB [dft]  snr=+18.0dB [dft]  snr=+20.0dB [dft]Done (5.64s)
Estimator batch 505/2000 (active points 8/11) [50m 20s elapsed] ...   snr=+6.0dB [dft]  snr=+8.0dB [dft]  snr=+10.0dB [dft]  snr=+12.0dB [dft]  snr=+14.0dB [dft]  snr=+16.0dB [dft]  snr=+18.0dB [dft]  snr=+20.0dB [dft]Done (5.85s)
Estimator batch 506/2000 (active points 8/11) [50m 26s elapsed] ...   snr=+6.0dB [dft]  snr=+8.0dB [dft]  snr=+10.0dB [dft]  snr=+12.0dB [dft]  snr=+14.0dB [dft]  snr=+16.0dB [dft]  snr=+18.0dB [dft]  snr=+20.0dB [dft]Done (5.81s)
Estimator batch 507/2000 (active points 8/11) [50m 31s elapsed] ...   snr=+6.0dB [dft]  snr=+8.0dB [dft]  snr=+10.0dB [dft]  snr=+12.0dB [dft]  snr=+14.0dB [dft]  snr=+16.0dB [dft]  snr=+18.0dB [dft]  snr=+20.0dB [dft]Done (5.75s)
Estimator batch 508/2000 (active points 8/11) [50m 37s elapsed] ...   snr=+6.0dB [dft]  snr=+8.0dB [dft]  snr=+10.0dB [dft]  snr=+12.0dB [dft]  snr=+14.0dB [dft]  snr=+16.0dB [dft]  snr=+18.0dB [dft]  snr=+20.0dB [dft]Done (5.63s)
Estimator batch 509/2000 (active points 8/11) [50m 43s elapsed] ...   snr=+6.0dB [dft]  snr=+8.0dB [dft]  snr=+10.0dB [dft]  snr=+12.0dB [dft]  snr=+14.0dB [dft]  snr=+16.0dB [dft]  snr=+18.0dB [dft]  snr=+20.0dB [dft]Done (5.62s)
Estimator batch 510/2000 (active points 8/11) [50m 49s elapsed] ...   snr=+6.0dB [dft]  snr=+8.0dB [dft]  snr=+10.0dB [dft]  snr=+12.0dB [dft]  snr=+14.0dB [dft]  snr=+16.0dB [dft]  snr=+18.0dB [dft]  snr=+20.0dB [dft]Done (5.55s)
Estimator batch 511/2000 (active points 8/11) [50m 54s elapsed] ...   snr=+6.0dB [dft]  snr=+8.0dB [dft]  snr=+10.0dB [dft]  snr=+12.0dB [dft]  snr=+14.0dB [dft]  snr=+16.0dB [dft]  snr=+18.0dB [dft]  snr=+20.0dB [dft]Done (5.65s)
Estimator batch 512/2000 (active points 8/11) [51m 00s elapsed] ...   snr=+6.0dB [dft]  snr=+8.0dB [dft]  snr=+10.0dB [dft]  snr=+12.0dB [dft]  snr=+14.0dB [dft]  snr=+16.0dB [dft]  snr=+18.0dB [dft]  snr=+20.0dB [dft]Done (5.79s)
Estimator batch 513/2000 (active points 8/11) [51m 05s elapsed] ...   snr=+6.0dB [dft]  snr=+8.0dB [dft]  snr=+10.0dB [dft]  snr=+12.0dB [dft]  snr=+14.0dB [dft]  snr=+16.0dB [dft]  snr=+18.0dB [dft]  snr=+20.0dB [dft]Done (5.66s)
Estimator batch 514/2000 (active points 8/11) [51m 11s elapsed] ...   snr=+6.0dB [dft]  snr=+8.0dB [dft]  snr=+10.0dB [dft]  snr=+12.0dB [dft]  snr=+14.0dB [dft]  snr=+16.0dB [dft]  snr=+18.0dB [dft]  snr=+20.0dB [dft]Done (5.95s)
Estimator batch 515/2000 (active points 8/11) [51m 17s elapsed] ...   snr=+6.0dB [dft]  snr=+8.0dB [dft]  snr=+10.0dB [dft]  snr=+12.0dB [dft]  snr=+14.0dB [dft]  snr=+16.0dB [dft]  snr=+18.0dB [dft]  snr=+20.0dB [dft]Done (5.69s)
Estimator batch 516/2000 (active points 8/11) [51m 23s elapsed] ...   snr=+6.0dB [dft]  snr=+8.0dB [dft]  snr=+10.0dB [dft]  snr=+12.0dB [dft]  snr=+14.0dB [dft]  snr=+16.0dB [dft]  snr=+18.0dB [dft]  snr=+20.0dB [dft]Done (5.68s)
Estimator batch 517/2000 (active points 8/11) [51m 28s elapsed] ...   snr=+6.0dB [dft]  snr=+8.0dB [dft]  snr=+10.0dB [dft]  snr=+12.0dB [dft]  snr=+14.0dB [dft]  snr=+16.0dB [dft]  snr=+18.0dB [dft]  snr=+20.0dB [dft]Done (5.51s)
Estimator batch 518/2000 (active points 8/11) [51m 34s elapsed] ...   snr=+6.0dB [dft]  snr=+8.0dB [dft]  snr=+10.0dB [dft]  snr=+12.0dB [dft]  snr=+14.0dB [dft]  snr=+16.0dB [dft]  snr=+18.0dB [dft]  snr=+20.0dB [dft]Done (5.82s)
Estimator batch 519/2000 (active points 8/11) [51m 40s elapsed] ...   snr=+6.0dB [dft]  snr=+8.0dB [dft]  snr=+10.0dB [dft]  snr=+12.0dB [dft]  snr=+14.0dB [dft]  snr=+16.0dB [dft]  snr=+18.0dB [dft]  snr=+20.0dB [dft]Done (5.75s)
Estimator batch 520/2000 (active points 8/11) [51m 46s elapsed] ...   snr=+6.0dB [dft]  snr=+8.0dB [dft]  snr=+10.0dB [dft]  snr=+12.0dB [dft]  snr=+14.0dB [dft]  snr=+16.0dB [dft]  snr=+18.0dB [dft]  snr=+20.0dB [dft]Done (5.83s)
Estimator batch 521/2000 (active points 8/11) [51m 51s elapsed] ...   snr=+6.0dB [dft]  snr=+8.0dB [dft]  snr=+10.0dB [dft]  snr=+12.0dB [dft]  snr=+14.0dB [dft]  snr=+16.0dB [dft]  snr=+18.0dB [dft]  snr=+20.0dB [dft]Done (5.57s)
Estimator batch 522/2000 (active points 8/11) [51m 57s elapsed] ...   snr=+6.0dB [dft]  snr=+8.0dB [dft]  snr=+10.0dB [dft]  snr=+12.0dB [dft]  snr=+14.0dB [dft]  snr=+16.0dB [dft]  snr=+18.0dB [dft]  snr=+20.0dB [dft]Done (5.69s)
Estimator batch 523/2000 (active points 8/11) [52m 03s elapsed] ...   snr=+6.0dB [dft]  snr=+8.0dB [dft]  snr=+10.0dB [dft]  snr=+12.0dB [dft]  snr=+14.0dB [dft]  snr=+16.0dB [dft]  snr=+18.0dB [dft]  snr=+20.0dB [dft]Done (5.58s)
Estimator batch 524/2000 (active points 8/11) [52m 08s elapsed] ...   snr=+6.0dB [dft]  snr=+8.0dB [dft]  snr=+10.0dB [dft]  snr=+12.0dB [dft]  snr=+14.0dB [dft]  snr=+16.0dB [dft]  snr=+18.0dB [dft]  snr=+20.0dB [dft]Done (5.61s)
Estimator batch 525/2000 (active points 8/11) [52m 14s elapsed] ...   snr=+6.0dB [dft]  snr=+8.0dB [dft]  snr=+10.0dB [dft]  snr=+12.0dB [dft]  snr=+14.0dB [dft]  snr=+16.0dB [dft]  snr=+18.0dB [dft]  snr=+20.0dB [dft]Done (5.58s)
Estimator batch 526/2000 (active points 8/11) [52m 19s elapsed] ...   snr=+6.0dB [dft]  snr=+8.0dB [dft]  snr=+10.0dB [dft]  snr=+12.0dB [dft]  snr=+14.0dB [dft]  snr=+16.0dB [dft]  snr=+18.0dB [dft]  snr=+20.0dB [dft]Done (5.66s)
Estimator batch 527/2000 (active points 8/11) [52m 25s elapsed] ...   snr=+6.0dB [dft]  snr=+8.0dB [dft]  snr=+10.0dB [dft]  snr=+12.0dB [dft]  snr=+14.0dB [dft]  snr=+16.0dB [dft]  snr=+18.0dB [dft]  snr=+20.0dB [dft]Done (5.79s)
Estimator batch 528/2000 (active points 8/11) [52m 31s elapsed] ...   snr=+6.0dB [dft]  snr=+8.0dB [dft]  snr=+10.0dB [dft]  snr=+12.0dB [dft]  snr=+14.0dB [dft]  snr=+16.0dB [dft]  snr=+18.0dB [dft]  snr=+20.0dB [dft]Done (5.78s)
Estimator batch 529/2000 (active points 8/11) [52m 37s elapsed] ...   snr=+6.0dB [dft]  snr=+8.0dB [dft]  snr=+10.0dB [dft]  snr=+12.0dB [dft]  snr=+14.0dB [dft]  snr=+16.0dB [dft]  snr=+18.0dB [dft]  snr=+20.0dB [dft]Done (5.60s)
Estimator batch 530/2000 (active points 8/11) [52m 42s elapsed] ...   snr=+6.0dB [dft]  snr=+8.0dB [dft]  snr=+10.0dB [dft]  snr=+12.0dB [dft]  snr=+14.0dB [dft]  snr=+16.0dB [dft]  snr=+18.0dB [dft]  snr=+20.0dB [dft]Done (5.58s)
Estimator batch 531/2000 (active points 8/11) [52m 48s elapsed] ...   snr=+6.0dB [dft]  snr=+8.0dB [dft]  snr=+10.0dB [dft]  snr=+12.0dB [dft]  snr=+14.0dB [dft]  snr=+16.0dB [dft]  snr=+18.0dB [dft]  snr=+20.0dB [dft]Done (5.56s)
Estimator batch 532/2000 (active points 8/11) [52m 53s elapsed] ...   snr=+6.0dB [dft]  snr=+8.0dB [dft]  snr=+10.0dB [dft]  snr=+12.0dB [dft]  snr=+14.0dB [dft]  snr=+16.0dB [dft]  snr=+18.0dB [dft]  snr=+20.0dB [dft]Done (5.55s)
Estimator batch 533/2000 (active points 8/11) [52m 59s elapsed] ...   snr=+6.0dB [dft]  snr=+8.0dB [dft]  snr=+10.0dB [dft]  snr=+12.0dB [dft]  snr=+14.0dB [dft]  snr=+16.0dB [dft]  snr=+18.0dB [dft]  snr=+20.0dB [dft]Done (5.57s)
Estimator batch 534/2000 (active points 8/11) [53m 05s elapsed] ...   snr=+6.0dB [dft]  snr=+8.0dB [dft]  snr=+10.0dB [dft]  snr=+12.0dB [dft]  snr=+14.0dB [dft]  snr=+16.0dB [dft]  snr=+18.0dB [dft]  snr=+20.0dB [dft]Done (5.55s)
Estimator batch 535/2000 (active points 7/11) [53m 10s elapsed] ...   snr=+8.0dB [dft]  snr=+10.0dB [dft]  snr=+12.0dB [dft]  snr=+14.0dB [dft]  snr=+16.0dB [dft]  snr=+18.0dB [dft]  snr=+20.0dB [dft]Done (5.00s)
Estimator batch 536/2000 (active points 7/11) [53m 15s elapsed] ...   snr=+8.0dB [dft]  snr=+10.0dB [dft]  snr=+12.0dB [dft]  snr=+14.0dB [dft]  snr=+16.0dB [dft]  snr=+18.0dB [dft]  snr=+20.0dB [dft]Done (4.89s)
Estimator batch 537/2000 (active points 7/11) [53m 20s elapsed] ...   snr=+8.0dB [dft]  snr=+10.0dB [dft]  snr=+12.0dB [dft]  snr=+14.0dB [dft]  snr=+16.0dB [dft]  snr=+18.0dB [dft]  snr=+20.0dB [dft]Done (5.09s)
Estimator batch 538/2000 (active points 7/11) [53m 25s elapsed] ...   snr=+8.0dB [dft]  snr=+10.0dB [dft]  snr=+12.0dB [dft]  snr=+14.0dB [dft]  snr=+16.0dB [dft]  snr=+18.0dB [dft]  snr=+20.0dB [dft]Done (4.90s)
Estimator batch 539/2000 (active points 7/11) [53m 30s elapsed] ...   snr=+8.0dB [dft]  snr=+10.0dB [dft]  snr=+12.0dB [dft]  snr=+14.0dB [dft]  snr=+16.0dB [dft]  snr=+18.0dB [dft]  snr=+20.0dB [dft]Done (4.90s)
Estimator batch 540/2000 (active points 7/11) [53m 35s elapsed] ...   snr=+8.0dB [dft]  snr=+10.0dB [dft]  snr=+12.0dB [dft]  snr=+14.0dB [dft]  snr=+16.0dB [dft]  snr=+18.0dB [dft]  snr=+20.0dB [dft]Done (4.99s)
Estimator batch 541/2000 (active points 7/11) [53m 40s elapsed] ...   snr=+8.0dB [dft]  snr=+10.0dB [dft]  snr=+12.0dB [dft]  snr=+14.0dB [dft]  snr=+16.0dB [dft]  snr=+18.0dB [dft]  snr=+20.0dB [dft]Done (4.94s)
Estimator batch 542/2000 (active points 7/11) [53m 45s elapsed] ...   snr=+8.0dB [dft]  snr=+10.0dB [dft]  snr=+12.0dB [dft]  snr=+14.0dB [dft]  snr=+16.0dB [dft]  snr=+18.0dB [dft]  snr=+20.0dB [dft]Done (4.89s)
Estimator batch 543/2000 (active points 7/11) [53m 50s elapsed] ...   snr=+8.0dB [dft]  snr=+10.0dB [dft]  snr=+12.0dB [dft]  snr=+14.0dB [dft]  snr=+16.0dB [dft]  snr=+18.0dB [dft]  snr=+20.0dB [dft]Done (5.44s)
Estimator batch 544/2000 (active points 7/11) [53m 55s elapsed] ...   snr=+8.0dB [dft]  snr=+10.0dB [dft]  snr=+12.0dB [dft]  snr=+14.0dB [dft]  snr=+16.0dB [dft]  snr=+18.0dB [dft]  snr=+20.0dB [dft]Done (5.01s)
Estimator batch 545/2000 (active points 7/11) [54m 00s elapsed] ...   snr=+8.0dB [dft]  snr=+10.0dB [dft]  snr=+12.0dB [dft]  snr=+14.0dB [dft]  snr=+16.0dB [dft]  snr=+18.0dB [dft]  snr=+20.0dB [dft]Done (4.94s)
Estimator batch 546/2000 (active points 7/11) [54m 05s elapsed] ...   snr=+8.0dB [dft]  snr=+10.0dB [dft]  snr=+12.0dB [dft]  snr=+14.0dB [dft]  snr=+16.0dB [dft]  snr=+18.0dB [dft]  snr=+20.0dB [dft]Done (4.86s)
Estimator batch 547/2000 (active points 7/11) [54m 10s elapsed] ...   snr=+8.0dB [dft]  snr=+10.0dB [dft]  snr=+12.0dB [dft]  snr=+14.0dB [dft]  snr=+16.0dB [dft]  snr=+18.0dB [dft]  snr=+20.0dB [dft]Done (4.80s)
Estimator batch 548/2000 (active points 7/11) [54m 15s elapsed] ...   snr=+8.0dB [dft]  snr=+10.0dB [dft]  snr=+12.0dB [dft]  snr=+14.0dB [dft]  snr=+16.0dB [dft]  snr=+18.0dB [dft]  snr=+20.0dB [dft]Done (4.83s)
Estimator batch 549/2000 (active points 7/11) [54m 20s elapsed] ...   snr=+8.0dB [dft]  snr=+10.0dB [dft]  snr=+12.0dB [dft]  snr=+14.0dB [dft]  snr=+16.0dB [dft]  snr=+18.0dB [dft]  snr=+20.0dB [dft]Done (5.02s)
Estimator batch 550/2000 (active points 7/11) [54m 25s elapsed] ...   snr=+8.0dB [dft]  snr=+10.0dB [dft]  snr=+12.0dB [dft]  snr=+14.0dB [dft]  snr=+16.0dB [dft]  snr=+18.0dB [dft]  snr=+20.0dB [dft]Done (4.84s)
Estimator batch 551/2000 (active points 7/11) [54m 29s elapsed] ...   snr=+8.0dB [dft]  snr=+10.0dB [dft]  snr=+12.0dB [dft]  snr=+14.0dB [dft]  snr=+16.0dB [dft]  snr=+18.0dB [dft]  snr=+20.0dB [dft]Done (4.86s)
Estimator batch 552/2000 (active points 7/11) [54m 34s elapsed] ...   snr=+8.0dB [dft]  snr=+10.0dB [dft]  snr=+12.0dB [dft]  snr=+14.0dB [dft]  snr=+16.0dB [dft]  snr=+18.0dB [dft]  snr=+20.0dB [dft]Done (4.84s)
Estimator batch 553/2000 (active points 7/11) [54m 39s elapsed] ...   snr=+8.0dB [dft]  snr=+10.0dB [dft]  snr=+12.0dB [dft]  snr=+14.0dB [dft]  snr=+16.0dB [dft]  snr=+18.0dB [dft]  snr=+20.0dB [dft]Done (4.80s)
Estimator batch 554/2000 (active points 7/11) [54m 44s elapsed] ...   snr=+8.0dB [dft]  snr=+10.0dB [dft]  snr=+12.0dB [dft]  snr=+14.0dB [dft]  snr=+16.0dB [dft]  snr=+18.0dB [dft]  snr=+20.0dB [dft]Done (4.81s)
Estimator batch 555/2000 (active points 7/11) [54m 49s elapsed] ...   snr=+8.0dB [dft]  snr=+10.0dB [dft]  snr=+12.0dB [dft]  snr=+14.0dB [dft]  snr=+16.0dB [dft]  snr=+18.0dB [dft]  snr=+20.0dB [dft]Done (4.81s)
Estimator batch 556/2000 (active points 7/11) [54m 54s elapsed] ...   snr=+8.0dB [dft]  snr=+10.0dB [dft]  snr=+12.0dB [dft]  snr=+14.0dB [dft]  snr=+16.0dB [dft]  snr=+18.0dB [dft]  snr=+20.0dB [dft]Done (4.82s)
Estimator batch 557/2000 (active points 7/11) [54m 58s elapsed] ...   snr=+8.0dB [dft]  snr=+10.0dB [dft]  snr=+12.0dB [dft]  snr=+14.0dB [dft]  snr=+16.0dB [dft]  snr=+18.0dB [dft]  snr=+20.0dB [dft]Done (4.78s)
Estimator batch 558/2000 (active points 7/11) [55m 03s elapsed] ...   snr=+8.0dB [dft]  snr=+10.0dB [dft]  snr=+12.0dB [dft]  snr=+14.0dB [dft]  snr=+16.0dB [dft]  snr=+18.0dB [dft]  snr=+20.0dB [dft]Done (4.92s)
Estimator batch 559/2000 (active points 7/11) [55m 08s elapsed] ...   snr=+8.0dB [dft]  snr=+10.0dB [dft]  snr=+12.0dB [dft]  snr=+14.0dB [dft]  snr=+16.0dB [dft]  snr=+18.0dB [dft]  snr=+20.0dB [dft]Done (4.80s)
Estimator batch 560/2000 (active points 7/11) [55m 13s elapsed] ...   snr=+8.0dB [dft]  snr=+10.0dB [dft]  snr=+12.0dB [dft]  snr=+14.0dB [dft]  snr=+16.0dB [dft]  snr=+18.0dB [dft]  snr=+20.0dB [dft]Done (4.80s)
Estimator batch 561/2000 (active points 7/11) [55m 18s elapsed] ...   snr=+8.0dB [dft]  snr=+10.0dB [dft]  snr=+12.0dB [dft]  snr=+14.0dB [dft]  snr=+16.0dB [dft]  snr=+18.0dB [dft]  snr=+20.0dB [dft]Done (4.80s)
Estimator batch 562/2000 (active points 7/11) [55m 22s elapsed] ...   snr=+8.0dB [dft]  snr=+10.0dB [dft]  snr=+12.0dB [dft]  snr=+14.0dB [dft]  snr=+16.0dB [dft]  snr=+18.0dB [dft]  snr=+20.0dB [dft]Done (4.81s)
Estimator batch 563/2000 (active points 7/11) [55m 27s elapsed] ...   snr=+8.0dB [dft]  snr=+10.0dB [dft]  snr=+12.0dB [dft]  snr=+14.0dB [dft]  snr=+16.0dB [dft]  snr=+18.0dB [dft]  snr=+20.0dB [dft]Done (4.83s)
Estimator batch 564/2000 (active points 7/11) [55m 32s elapsed] ...   snr=+8.0dB [dft]  snr=+10.0dB [dft]  snr=+12.0dB [dft]  snr=+14.0dB [dft]  snr=+16.0dB [dft]  snr=+18.0dB [dft]  snr=+20.0dB [dft]Done (4.83s)
Estimator batch 565/2000 (active points 7/11) [55m 37s elapsed] ...   snr=+8.0dB [dft]  snr=+10.0dB [dft]  snr=+12.0dB [dft]  snr=+14.0dB [dft]  snr=+16.0dB [dft]  snr=+18.0dB [dft]  snr=+20.0dB [dft]Done (4.85s)
Estimator batch 566/2000 (active points 7/11) [55m 42s elapsed] ...   snr=+8.0dB [dft]  snr=+10.0dB [dft]  snr=+12.0dB [dft]  snr=+14.0dB [dft]  snr=+16.0dB [dft]  snr=+18.0dB [dft]  snr=+20.0dB [dft]Done (4.89s)
Estimator batch 567/2000 (active points 7/11) [55m 47s elapsed] ...   snr=+8.0dB [dft]  snr=+10.0dB [dft]  snr=+12.0dB [dft]  snr=+14.0dB [dft]  snr=+16.0dB [dft]  snr=+18.0dB [dft]  snr=+20.0dB [dft]Done (4.80s)
Estimator batch 568/2000 (active points 7/11) [55m 52s elapsed] ...   snr=+8.0dB [dft]  snr=+10.0dB [dft]  snr=+12.0dB [dft]  snr=+14.0dB [dft]  snr=+16.0dB [dft]  snr=+18.0dB [dft]  snr=+20.0dB [dft]Done (4.90s)
Estimator batch 569/2000 (active points 7/11) [55m 56s elapsed] ...   snr=+8.0dB [dft]  snr=+10.0dB [dft]  snr=+12.0dB [dft]  snr=+14.0dB [dft]  snr=+16.0dB [dft]  snr=+18.0dB [dft]  snr=+20.0dB [dft]Done (4.78s)
Estimator batch 570/2000 (active points 7/11) [56m 01s elapsed] ...   snr=+8.0dB [dft]  snr=+10.0dB [dft]  snr=+12.0dB [dft]  snr=+14.0dB [dft]  snr=+16.0dB [dft]  snr=+18.0dB [dft]  snr=+20.0dB [dft]Done (4.79s)
Estimator batch 571/2000 (active points 7/11) [56m 06s elapsed] ...   snr=+8.0dB [dft]  snr=+10.0dB [dft]  snr=+12.0dB [dft]  snr=+14.0dB [dft]  snr=+16.0dB [dft]  snr=+18.0dB [dft]  snr=+20.0dB [dft]Done (4.78s)
Estimator batch 572/2000 (active points 7/11) [56m 11s elapsed] ...   snr=+8.0dB [dft]  snr=+10.0dB [dft]  snr=+12.0dB [dft]  snr=+14.0dB [dft]  snr=+16.0dB [dft]  snr=+18.0dB [dft]  snr=+20.0dB [dft]Done (4.80s)
Estimator batch 573/2000 (active points 7/11) [56m 16s elapsed] ...   snr=+8.0dB [dft]  snr=+10.0dB [dft]  snr=+12.0dB [dft]  snr=+14.0dB [dft]  snr=+16.0dB [dft]  snr=+18.0dB [dft]  snr=+20.0dB [dft]Done (4.80s)
Estimator batch 574/2000 (active points 7/11) [56m 20s elapsed] ...   snr=+8.0dB [dft]  snr=+10.0dB [dft]  snr=+12.0dB [dft]  snr=+14.0dB [dft]  snr=+16.0dB [dft]  snr=+18.0dB [dft]  snr=+20.0dB [dft]Done (4.82s)
Estimator batch 575/2000 (active points 7/11) [56m 25s elapsed] ...   snr=+8.0dB [dft]  snr=+10.0dB [dft]  snr=+12.0dB [dft]  snr=+14.0dB [dft]  snr=+16.0dB [dft]  snr=+18.0dB [dft]  snr=+20.0dB [dft]Done (4.86s)
Estimator batch 576/2000 (active points 7/11) [56m 30s elapsed] ...   snr=+8.0dB [dft]  snr=+10.0dB [dft]  snr=+12.0dB [dft]  snr=+14.0dB [dft]  snr=+16.0dB [dft]  snr=+18.0dB [dft]  snr=+20.0dB [dft]Done (4.78s)
Estimator batch 577/2000 (active points 7/11) [56m 35s elapsed] ...   snr=+8.0dB [dft]  snr=+10.0dB [dft]  snr=+12.0dB [dft]  snr=+14.0dB [dft]  snr=+16.0dB [dft]  snr=+18.0dB [dft]  snr=+20.0dB [dft]Done (5.31s)
Estimator batch 578/2000 (active points 7/11) [56m 40s elapsed] ...   snr=+8.0dB [dft]  snr=+10.0dB [dft]  snr=+12.0dB [dft]  snr=+14.0dB [dft]  snr=+16.0dB [dft]  snr=+18.0dB [dft]  snr=+20.0dB [dft]Done (5.04s)
Estimator batch 579/2000 (active points 7/11) [56m 45s elapsed] ...   snr=+8.0dB [dft]  snr=+10.0dB [dft]  snr=+12.0dB [dft]  snr=+14.0dB [dft]  snr=+16.0dB [dft]  snr=+18.0dB [dft]  snr=+20.0dB [dft]Done (5.14s)
Estimator batch 580/2000 (active points 7/11) [56m 50s elapsed] ...   snr=+8.0dB [dft]  snr=+10.0dB [dft]  snr=+12.0dB [dft]  snr=+14.0dB [dft]  snr=+16.0dB [dft]  snr=+18.0dB [dft]  snr=+20.0dB [dft]Done (5.12s)
Estimator batch 581/2000 (active points 7/11) [56m 55s elapsed] ...   snr=+8.0dB [dft]  snr=+10.0dB [dft]  snr=+12.0dB [dft]  snr=+14.0dB [dft]  snr=+16.0dB [dft]  snr=+18.0dB [dft]  snr=+20.0dB [dft]Done (5.16s)
Estimator batch 582/2000 (active points 7/11) [57m 01s elapsed] ...   snr=+8.0dB [dft]  snr=+10.0dB [dft]  snr=+12.0dB [dft]  snr=+14.0dB [dft]  snr=+16.0dB [dft]  snr=+18.0dB [dft]  snr=+20.0dB [dft]Done (5.02s)
Estimator batch 583/2000 (active points 7/11) [57m 06s elapsed] ...   snr=+8.0dB [dft]  snr=+10.0dB [dft]  snr=+12.0dB [dft]  snr=+14.0dB [dft]  snr=+16.0dB [dft]  snr=+18.0dB [dft]  snr=+20.0dB [dft]Done (5.04s)
Estimator batch 584/2000 (active points 7/11) [57m 11s elapsed] ...   snr=+8.0dB [dft]  snr=+10.0dB [dft]  snr=+12.0dB [dft]  snr=+14.0dB [dft]  snr=+16.0dB [dft]  snr=+18.0dB [dft]  snr=+20.0dB [dft]Done (4.92s)
Estimator batch 585/2000 (active points 7/11) [57m 16s elapsed] ...   snr=+8.0dB [dft]  snr=+10.0dB [dft]  snr=+12.0dB [dft]  snr=+14.0dB [dft]  snr=+16.0dB [dft]  snr=+18.0dB [dft]  snr=+20.0dB [dft]Done (5.71s)
Estimator batch 586/2000 (active points 7/11) [57m 21s elapsed] ...   snr=+8.0dB [dft]  snr=+10.0dB [dft]  snr=+12.0dB [dft]  snr=+14.0dB [dft]  snr=+16.0dB [dft]  snr=+18.0dB [dft]  snr=+20.0dB [dft]Done (5.36s)
Estimator batch 587/2000 (active points 7/11) [57m 27s elapsed] ...   snr=+8.0dB [dft]  snr=+10.0dB [dft]  snr=+12.0dB [dft]  snr=+14.0dB [dft]  snr=+16.0dB [dft]  snr=+18.0dB [dft]  snr=+20.0dB [dft]Done (4.92s)
Estimator batch 588/2000 (active points 7/11) [57m 32s elapsed] ...   snr=+8.0dB [dft]  snr=+10.0dB [dft]  snr=+12.0dB [dft]  snr=+14.0dB [dft]  snr=+16.0dB [dft]  snr=+18.0dB [dft]  snr=+20.0dB [dft]Done (4.92s)
Estimator batch 589/2000 (active points 7/11) [57m 36s elapsed] ...   snr=+8.0dB [dft]  snr=+10.0dB [dft]  snr=+12.0dB [dft]  snr=+14.0dB [dft]  snr=+16.0dB [dft]  snr=+18.0dB [dft]  snr=+20.0dB [dft]Done (4.87s)
Estimator batch 590/2000 (active points 7/11) [57m 41s elapsed] ...   snr=+8.0dB [dft]  snr=+10.0dB [dft]  snr=+12.0dB [dft]  snr=+14.0dB [dft]  snr=+16.0dB [dft]  snr=+18.0dB [dft]  snr=+20.0dB [dft]Done (4.80s)
Estimator batch 591/2000 (active points 7/11) [57m 46s elapsed] ...   snr=+8.0dB [dft]  snr=+10.0dB [dft]  snr=+12.0dB [dft]  snr=+14.0dB [dft]  snr=+16.0dB [dft]  snr=+18.0dB [dft]  snr=+20.0dB [dft]Done (4.93s)
Estimator batch 592/2000 (active points 7/11) [57m 51s elapsed] ...   snr=+8.0dB [dft]  snr=+10.0dB [dft]  snr=+12.0dB [dft]  snr=+14.0dB [dft]  snr=+16.0dB [dft]  snr=+18.0dB [dft]  snr=+20.0dB [dft]Done (4.83s)
Estimator batch 593/2000 (active points 7/11) [57m 56s elapsed] ...   snr=+8.0dB [dft]  snr=+10.0dB [dft]  snr=+12.0dB [dft]  snr=+14.0dB [dft]  snr=+16.0dB [dft]  snr=+18.0dB [dft]  snr=+20.0dB [dft]Done (4.98s)
Estimator batch 594/2000 (active points 7/11) [58m 01s elapsed] ...   snr=+8.0dB [dft]  snr=+10.0dB [dft]  snr=+12.0dB [dft]  snr=+14.0dB [dft]  snr=+16.0dB [dft]  snr=+18.0dB [dft]  snr=+20.0dB [dft]Done (4.79s)
Estimator batch 595/2000 (active points 7/11) [58m 06s elapsed] ...   snr=+8.0dB [dft]  snr=+10.0dB [dft]  snr=+12.0dB [dft]  snr=+14.0dB [dft]  snr=+16.0dB [dft]  snr=+18.0dB [dft]  snr=+20.0dB [dft]Done (4.82s)
Estimator batch 596/2000 (active points 7/11) [58m 11s elapsed] ...   snr=+8.0dB [dft]  snr=+10.0dB [dft]  snr=+12.0dB [dft]  snr=+14.0dB [dft]  snr=+16.0dB [dft]  snr=+18.0dB [dft]  snr=+20.0dB [dft]Done (4.82s)
Estimator batch 597/2000 (active points 7/11) [58m 15s elapsed] ...   snr=+8.0dB [dft]  snr=+10.0dB [dft]  snr=+12.0dB [dft]  snr=+14.0dB [dft]  snr=+16.0dB [dft]  snr=+18.0dB [dft]  snr=+20.0dB [dft]Done (4.77s)
Estimator batch 598/2000 (active points 7/11) [58m 20s elapsed] ...   snr=+8.0dB [dft]  snr=+10.0dB [dft]  snr=+12.0dB [dft]  snr=+14.0dB [dft]  snr=+16.0dB [dft]  snr=+18.0dB [dft]  snr=+20.0dB [dft]Done (4.78s)
Estimator batch 599/2000 (active points 7/11) [58m 25s elapsed] ...   snr=+8.0dB [dft]  snr=+10.0dB [dft]  snr=+12.0dB [dft]  snr=+14.0dB [dft]  snr=+16.0dB [dft]  snr=+18.0dB [dft]  snr=+20.0dB [dft]Done (4.78s)
Estimator batch 600/2000 (active points 7/11) [58m 30s elapsed] ...   snr=+8.0dB [dft]  snr=+10.0dB [dft]  snr=+12.0dB [dft]  snr=+14.0dB [dft]  snr=+16.0dB [dft]  snr=+18.0dB [dft]  snr=+20.0dB [dft]Done (4.76s)
Estimator batch 601/2000 (active points 7/11) [58m 34s elapsed] ...   snr=+8.0dB [dft]  snr=+10.0dB [dft]  snr=+12.0dB [dft]  snr=+14.0dB [dft]  snr=+16.0dB [dft]  snr=+18.0dB [dft]  snr=+20.0dB [dft]Done (4.82s)
Estimator batch 602/2000 (active points 7/11) [58m 39s elapsed] ...   snr=+8.0dB [dft]  snr=+10.0dB [dft]  snr=+12.0dB [dft]  snr=+14.0dB [dft]  snr=+16.0dB [dft]  snr=+18.0dB [dft]  snr=+20.0dB [dft]Done (4.76s)
Estimator batch 603/2000 (active points 7/11) [58m 44s elapsed] ...   snr=+8.0dB [dft]  snr=+10.0dB [dft]  snr=+12.0dB [dft]  snr=+14.0dB [dft]  snr=+16.0dB [dft]  snr=+18.0dB [dft]  snr=+20.0dB [dft]Done (4.79s)
Estimator batch 604/2000 (active points 7/11) [58m 49s elapsed] ...   snr=+8.0dB [dft]  snr=+10.0dB [dft]  snr=+12.0dB [dft]  snr=+14.0dB [dft]  snr=+16.0dB [dft]  snr=+18.0dB [dft]  snr=+20.0dB [dft]Done (4.76s)
Estimator batch 605/2000 (active points 7/11) [58m 54s elapsed] ...   snr=+8.0dB [dft]  snr=+10.0dB [dft]  snr=+12.0dB [dft]  snr=+14.0dB [dft]  snr=+16.0dB [dft]  snr=+18.0dB [dft]  snr=+20.0dB [dft]Done (4.78s)
Estimator batch 606/2000 (active points 7/11) [58m 58s elapsed] ...   snr=+8.0dB [dft]  snr=+10.0dB [dft]  snr=+12.0dB [dft]  snr=+14.0dB [dft]  snr=+16.0dB [dft]  snr=+18.0dB [dft]  snr=+20.0dB [dft]Done (4.76s)
Estimator batch 607/2000 (active points 7/11) [59m 03s elapsed] ...   snr=+8.0dB [dft]  snr=+10.0dB [dft]  snr=+12.0dB [dft]  snr=+14.0dB [dft]  snr=+16.0dB [dft]  snr=+18.0dB [dft]  snr=+20.0dB [dft]Done (4.78s)
Estimator batch 608/2000 (active points 7/11) [59m 08s elapsed] ...   snr=+8.0dB [dft]  snr=+10.0dB [dft]  snr=+12.0dB [dft]  snr=+14.0dB [dft]  snr=+16.0dB [dft]  snr=+18.0dB [dft]  snr=+20.0dB [dft]Done (4.78s)
Estimator batch 609/2000 (active points 7/11) [59m 13s elapsed] ...   snr=+8.0dB [dft]  snr=+10.0dB [dft]  snr=+12.0dB [dft]  snr=+14.0dB [dft]  snr=+16.0dB [dft]  snr=+18.0dB [dft]  snr=+20.0dB [dft]Done (4.80s)
Estimator batch 610/2000 (active points 7/11) [59m 17s elapsed] ...   snr=+8.0dB [dft]  snr=+10.0dB [dft]  snr=+12.0dB [dft]  snr=+14.0dB [dft]  snr=+16.0dB [dft]  snr=+18.0dB [dft]  snr=+20.0dB [dft]Done (4.76s)
Estimator batch 611/2000 (active points 7/11) [59m 22s elapsed] ...   snr=+8.0dB [dft]  snr=+10.0dB [dft]  snr=+12.0dB [dft]  snr=+14.0dB [dft]  snr=+16.0dB [dft]  snr=+18.0dB [dft]  snr=+20.0dB [dft]Done (4.78s)
Estimator batch 612/2000 (active points 7/11) [59m 27s elapsed] ...   snr=+8.0dB [dft]  snr=+10.0dB [dft]  snr=+12.0dB [dft]  snr=+14.0dB [dft]  snr=+16.0dB [dft]  snr=+18.0dB [dft]  snr=+20.0dB [dft]Done (4.75s)
Estimator batch 613/2000 (active points 7/11) [59m 32s elapsed] ...   snr=+8.0dB [dft]  snr=+10.0dB [dft]  snr=+12.0dB [dft]  snr=+14.0dB [dft]  snr=+16.0dB [dft]  snr=+18.0dB [dft]  snr=+20.0dB [dft]Done (4.76s)
Estimator batch 614/2000 (active points 7/11) [59m 37s elapsed] ...   snr=+8.0dB [dft]  snr=+10.0dB [dft]  snr=+12.0dB [dft]  snr=+14.0dB [dft]  snr=+16.0dB [dft]  snr=+18.0dB [dft]  snr=+20.0dB [dft]Done (4.78s)
Estimator batch 615/2000 (active points 7/11) [59m 41s elapsed] ...   snr=+8.0dB [dft]  snr=+10.0dB [dft]  snr=+12.0dB [dft]  snr=+14.0dB [dft]  snr=+16.0dB [dft]  snr=+18.0dB [dft]  snr=+20.0dB [dft]Done (4.77s)
Estimator batch 616/2000 (active points 7/11) [59m 46s elapsed] ...   snr=+8.0dB [dft]  snr=+10.0dB [dft]  snr=+12.0dB [dft]  snr=+14.0dB [dft]  snr=+16.0dB [dft]  snr=+18.0dB [dft]  snr=+20.0dB [dft]Done (4.78s)
Estimator batch 617/2000 (active points 7/11) [59m 51s elapsed] ...   snr=+8.0dB [dft]  snr=+10.0dB [dft]  snr=+12.0dB [dft]  snr=+14.0dB [dft]  snr=+16.0dB [dft]  snr=+18.0dB [dft]  snr=+20.0dB [dft]Done (4.82s)
Estimator batch 618/2000 (active points 7/11) [59m 56s elapsed] ...   snr=+8.0dB [dft]  snr=+10.0dB [dft]  snr=+12.0dB [dft]  snr=+14.0dB [dft]  snr=+16.0dB [dft]  snr=+18.0dB [dft]  snr=+20.0dB [dft]Done (4.78s)
Estimator batch 619/2000 (active points 7/11) [1h 00m 00s elapsed] ...   snr=+8.0dB [dft]  snr=+10.0dB [dft]  snr=+12.0dB [dft]  snr=+14.0dB [dft]  snr=+16.0dB [dft]  snr=+18.0dB [dft]  snr=+20.0dB [dft]Done (4.76s)
Estimator batch 620/2000 (active points 7/11) [1h 00m 05s elapsed] ...   snr=+8.0dB [dft]  snr=+10.0dB [dft]  snr=+12.0dB [dft]  snr=+14.0dB [dft]  snr=+16.0dB [dft]  snr=+18.0dB [dft]  snr=+20.0dB [dft]Done (4.77s)
Estimator batch 621/2000 (active points 7/11) [1h 00m 10s elapsed] ...   snr=+8.0dB [dft]  snr=+10.0dB [dft]  snr=+12.0dB [dft]  snr=+14.0dB [dft]  snr=+16.0dB [dft]  snr=+18.0dB [dft]  snr=+20.0dB [dft]Done (4.77s)
Estimator batch 622/2000 (active points 7/11) [1h 00m 15s elapsed] ...   snr=+8.0dB [dft]  snr=+10.0dB [dft]  snr=+12.0dB [dft]  snr=+14.0dB [dft]  snr=+16.0dB [dft]  snr=+18.0dB [dft]  snr=+20.0dB [dft]Done (4.77s)
Estimator batch 623/2000 (active points 7/11) [1h 00m 20s elapsed] ...   snr=+8.0dB [dft]  snr=+10.0dB [dft]  snr=+12.0dB [dft]  snr=+14.0dB [dft]  snr=+16.0dB [dft]  snr=+18.0dB [dft]  snr=+20.0dB [dft]Done (4.77s)
Estimator batch 624/2000 (active points 7/11) [1h 00m 24s elapsed] ...   snr=+8.0dB [dft]  snr=+10.0dB [dft]  snr=+12.0dB [dft]  snr=+14.0dB [dft]  snr=+16.0dB [dft]  snr=+18.0dB [dft]  snr=+20.0dB [dft]Done (4.78s)
Estimator batch 625/2000 (active points 7/11) [1h 00m 29s elapsed] ...   snr=+8.0dB [dft]  snr=+10.0dB [dft]  snr=+12.0dB [dft]  snr=+14.0dB [dft]  snr=+16.0dB [dft]  snr=+18.0dB [dft]  snr=+20.0dB [dft]Done (4.76s)
Estimator batch 626/2000 (active points 7/11) [1h 00m 34s elapsed] ...   snr=+8.0dB [dft]  snr=+10.0dB [dft]  snr=+12.0dB [dft]  snr=+14.0dB [dft]  snr=+16.0dB [dft]  snr=+18.0dB [dft]  snr=+20.0dB [dft]Done (4.83s)
Estimator batch 627/2000 (active points 7/11) [1h 00m 39s elapsed] ...   snr=+8.0dB [dft]  snr=+10.0dB [dft]  snr=+12.0dB [dft]  snr=+14.0dB [dft]  snr=+16.0dB [dft]  snr=+18.0dB [dft]  snr=+20.0dB [dft]Done (4.75s)
Estimator batch 628/2000 (active points 7/11) [1h 00m 43s elapsed] ...   snr=+8.0dB [dft]  snr=+10.0dB [dft]  snr=+12.0dB [dft]  snr=+14.0dB [dft]  snr=+16.0dB [dft]  snr=+18.0dB [dft]  snr=+20.0dB [dft]Done (4.77s)
Estimator batch 629/2000 (active points 7/11) [1h 00m 48s elapsed] ...   snr=+8.0dB [dft]  snr=+10.0dB [dft]  snr=+12.0dB [dft]  snr=+14.0dB [dft]  snr=+16.0dB [dft]  snr=+18.0dB [dft]  snr=+20.0dB [dft]Done (4.77s)
Estimator batch 630/2000 (active points 7/11) [1h 00m 53s elapsed] ...   snr=+8.0dB [dft]  snr=+10.0dB [dft]  snr=+12.0dB [dft]  snr=+14.0dB [dft]  snr=+16.0dB [dft]  snr=+18.0dB [dft]  snr=+20.0dB [dft]Done (4.79s)
Estimator batch 631/2000 (active points 7/11) [1h 00m 58s elapsed] ...   snr=+8.0dB [dft]  snr=+10.0dB [dft]  snr=+12.0dB [dft]  snr=+14.0dB [dft]  snr=+16.0dB [dft]  snr=+18.0dB [dft]  snr=+20.0dB [dft]Done (4.76s)
Estimator batch 632/2000 (active points 7/11) [1h 01m 03s elapsed] ...   snr=+8.0dB [dft]  snr=+10.0dB [dft]  snr=+12.0dB [dft]  snr=+14.0dB [dft]  snr=+16.0dB [dft]  snr=+18.0dB [dft]  snr=+20.0dB [dft]Done (4.77s)
Estimator batch 633/2000 (active points 7/11) [1h 01m 07s elapsed] ...   snr=+8.0dB [dft]  snr=+10.0dB [dft]  snr=+12.0dB [dft]  snr=+14.0dB [dft]  snr=+16.0dB [dft]  snr=+18.0dB [dft]  snr=+20.0dB [dft]Done (4.76s)
Estimator batch 634/2000 (active points 7/11) [1h 01m 12s elapsed] ...   snr=+8.0dB [dft]  snr=+10.0dB [dft]  snr=+12.0dB [dft]  snr=+14.0dB [dft]  snr=+16.0dB [dft]  snr=+18.0dB [dft]  snr=+20.0dB [dft]Done (4.79s)
Estimator batch 635/2000 (active points 7/11) [1h 01m 17s elapsed] ...   snr=+8.0dB [dft]  snr=+10.0dB [dft]  snr=+12.0dB [dft]  snr=+14.0dB [dft]  snr=+16.0dB [dft]  snr=+18.0dB [dft]  snr=+20.0dB [dft]Done (4.76s)
Estimator batch 636/2000 (active points 7/11) [1h 01m 22s elapsed] ...   snr=+8.0dB [dft]  snr=+10.0dB [dft]  snr=+12.0dB [dft]  snr=+14.0dB [dft]  snr=+16.0dB [dft]  snr=+18.0dB [dft]  snr=+20.0dB [dft]Done (4.84s)
Estimator batch 637/2000 (active points 7/11) [1h 01m 26s elapsed] ...   snr=+8.0dB [dft]  snr=+10.0dB [dft]  snr=+12.0dB [dft]  snr=+14.0dB [dft]  snr=+16.0dB [dft]  snr=+18.0dB [dft]  snr=+20.0dB [dft]Done (4.77s)
Estimator batch 638/2000 (active points 7/11) [1h 01m 31s elapsed] ...   snr=+8.0dB [dft]  snr=+10.0dB [dft]  snr=+12.0dB [dft]  snr=+14.0dB [dft]  snr=+16.0dB [dft]  snr=+18.0dB [dft]  snr=+20.0dB [dft]Done (4.77s)
Estimator batch 639/2000 (active points 7/11) [1h 01m 36s elapsed] ...   snr=+8.0dB [dft]  snr=+10.0dB [dft]  snr=+12.0dB [dft]  snr=+14.0dB [dft]  snr=+16.0dB [dft]  snr=+18.0dB [dft]  snr=+20.0dB [dft]Done (4.79s)
Estimator batch 640/2000 (active points 7/11) [1h 01m 41s elapsed] ...   snr=+8.0dB [dft]  snr=+10.0dB [dft]  snr=+12.0dB [dft]  snr=+14.0dB [dft]  snr=+16.0dB [dft]  snr=+18.0dB [dft]  snr=+20.0dB [dft]Done (4.76s)
Estimator batch 641/2000 (active points 7/11) [1h 01m 46s elapsed] ...   snr=+8.0dB [dft]  snr=+10.0dB [dft]  snr=+12.0dB [dft]  snr=+14.0dB [dft]  snr=+16.0dB [dft]  snr=+18.0dB [dft]  snr=+20.0dB [dft]Done (4.77s)
Estimator batch 642/2000 (active points 7/11) [1h 01m 50s elapsed] ...   snr=+8.0dB [dft]  snr=+10.0dB [dft]  snr=+12.0dB [dft]  snr=+14.0dB [dft]  snr=+16.0dB [dft]  snr=+18.0dB [dft]  snr=+20.0dB [dft]Done (4.77s)
Estimator batch 643/2000 (active points 7/11) [1h 01m 55s elapsed] ...   snr=+8.0dB [dft]  snr=+10.0dB [dft]  snr=+12.0dB [dft]  snr=+14.0dB [dft]  snr=+16.0dB [dft]  snr=+18.0dB [dft]  snr=+20.0dB [dft]Done (4.80s)
Estimator batch 644/2000 (active points 7/11) [1h 02m 00s elapsed] ...   snr=+8.0dB [dft]  snr=+10.0dB [dft]  snr=+12.0dB [dft]  snr=+14.0dB [dft]  snr=+16.0dB [dft]  snr=+18.0dB [dft]  snr=+20.0dB [dft]Done (4.76s)
Estimator batch 645/2000 (active points 7/11) [1h 02m 05s elapsed] ...   snr=+8.0dB [dft]  snr=+10.0dB [dft]  snr=+12.0dB [dft]  snr=+14.0dB [dft]  snr=+16.0dB [dft]  snr=+18.0dB [dft]  snr=+20.0dB [dft]Done (4.75s)
Estimator batch 646/2000 (active points 7/11) [1h 02m 09s elapsed] ...   snr=+8.0dB [dft]  snr=+10.0dB [dft]  snr=+12.0dB [dft]  snr=+14.0dB [dft]  snr=+16.0dB [dft]  snr=+18.0dB [dft]  snr=+20.0dB [dft]Done (4.76s)
Estimator batch 647/2000 (active points 7/11) [1h 02m 14s elapsed] ...   snr=+8.0dB [dft]  snr=+10.0dB [dft]  snr=+12.0dB [dft]  snr=+14.0dB [dft]  snr=+16.0dB [dft]  snr=+18.0dB [dft]  snr=+20.0dB [dft]Done (4.78s)
Estimator batch 648/2000 (active points 7/11) [1h 02m 19s elapsed] ...   snr=+8.0dB [dft]  snr=+10.0dB [dft]  snr=+12.0dB [dft]  snr=+14.0dB [dft]  snr=+16.0dB [dft]  snr=+18.0dB [dft]  snr=+20.0dB [dft]Done (4.80s)
Estimator batch 649/2000 (active points 7/11) [1h 02m 24s elapsed] ...   snr=+8.0dB [dft]  snr=+10.0dB [dft]  snr=+12.0dB [dft]  snr=+14.0dB [dft]  snr=+16.0dB [dft]  snr=+18.0dB [dft]  snr=+20.0dB [dft]Done (4.78s)
Estimator batch 650/2000 (active points 7/11) [1h 02m 29s elapsed] ...   snr=+8.0dB [dft]  snr=+10.0dB [dft]  snr=+12.0dB [dft]  snr=+14.0dB [dft]  snr=+16.0dB [dft]  snr=+18.0dB [dft]  snr=+20.0dB [dft]Done (4.76s)
Estimator batch 651/2000 (active points 7/11) [1h 02m 33s elapsed] ...   snr=+8.0dB [dft]  snr=+10.0dB [dft]  snr=+12.0dB [dft]  snr=+14.0dB [dft]  snr=+16.0dB [dft]  snr=+18.0dB [dft]  snr=+20.0dB [dft]Done (4.78s)
Estimator batch 652/2000 (active points 7/11) [1h 02m 38s elapsed] ...   snr=+8.0dB [dft]  snr=+10.0dB [dft]  snr=+12.0dB [dft]  snr=+14.0dB [dft]  snr=+16.0dB [dft]  snr=+18.0dB [dft]  snr=+20.0dB [dft]Done (4.81s)
Estimator batch 653/2000 (active points 7/11) [1h 02m 43s elapsed] ...   snr=+8.0dB [dft]  snr=+10.0dB [dft]  snr=+12.0dB [dft]  snr=+14.0dB [dft]  snr=+16.0dB [dft]  snr=+18.0dB [dft]  snr=+20.0dB [dft]Done (4.79s)
Estimator batch 654/2000 (active points 7/11) [1h 02m 48s elapsed] ...   snr=+8.0dB [dft]  snr=+10.0dB [dft]  snr=+12.0dB [dft]  snr=+14.0dB [dft]  snr=+16.0dB [dft]  snr=+18.0dB [dft]  snr=+20.0dB [dft]Done (4.78s)
Estimator batch 655/2000 (active points 7/11) [1h 02m 52s elapsed] ...   snr=+8.0dB [dft]  snr=+10.0dB [dft]  snr=+12.0dB [dft]  snr=+14.0dB [dft]  snr=+16.0dB [dft]  snr=+18.0dB [dft]  snr=+20.0dB [dft]Done (5.26s)
Estimator batch 656/2000 (active points 7/11) [1h 02m 58s elapsed] ...   snr=+8.0dB [dft]  snr=+10.0dB [dft]  snr=+12.0dB [dft]  snr=+14.0dB [dft]  snr=+16.0dB [dft]  snr=+18.0dB [dft]  snr=+20.0dB [dft]Done (4.81s)
Estimator batch 657/2000 (active points 7/11) [1h 03m 03s elapsed] ...   snr=+8.0dB [dft]  snr=+10.0dB [dft]  snr=+12.0dB [dft]  snr=+14.0dB [dft]  snr=+16.0dB [dft]  snr=+18.0dB [dft]  snr=+20.0dB [dft]Done (4.80s)
Estimator batch 658/2000 (active points 7/11) [1h 03m 07s elapsed] ...   snr=+8.0dB [dft]  snr=+10.0dB [dft]  snr=+12.0dB [dft]  snr=+14.0dB [dft]  snr=+16.0dB [dft]  snr=+18.0dB [dft]  snr=+20.0dB [dft]Done (4.76s)
Estimator batch 659/2000 (active points 7/11) [1h 03m 12s elapsed] ...   snr=+8.0dB [dft]  snr=+10.0dB [dft]  snr=+12.0dB [dft]  snr=+14.0dB [dft]  snr=+16.0dB [dft]  snr=+18.0dB [dft]  snr=+20.0dB [dft]Done (4.90s)
Estimator batch 660/2000 (active points 7/11) [1h 03m 17s elapsed] ...   snr=+8.0dB [dft]  snr=+10.0dB [dft]  snr=+12.0dB [dft]  snr=+14.0dB [dft]  snr=+16.0dB [dft]  snr=+18.0dB [dft]  snr=+20.0dB [dft]Done (4.77s)
Estimator batch 661/2000 (active points 7/11) [1h 03m 22s elapsed] ...   snr=+8.0dB [dft]  snr=+10.0dB [dft]  snr=+12.0dB [dft]  snr=+14.0dB [dft]  snr=+16.0dB [dft]  snr=+18.0dB [dft]  snr=+20.0dB [dft]Done (4.81s)
Estimator batch 662/2000 (active points 7/11) [1h 03m 27s elapsed] ...   snr=+8.0dB [dft]  snr=+10.0dB [dft]  snr=+12.0dB [dft]  snr=+14.0dB [dft]  snr=+16.0dB [dft]  snr=+18.0dB [dft]  snr=+20.0dB [dft]Done (4.77s)
Estimator batch 663/2000 (active points 7/11) [1h 03m 31s elapsed] ...   snr=+8.0dB [dft]  snr=+10.0dB [dft]  snr=+12.0dB [dft]  snr=+14.0dB [dft]  snr=+16.0dB [dft]  snr=+18.0dB [dft]  snr=+20.0dB [dft]Done (4.79s)
Estimator batch 664/2000 (active points 7/11) [1h 03m 36s elapsed] ...   snr=+8.0dB [dft]  snr=+10.0dB [dft]  snr=+12.0dB [dft]  snr=+14.0dB [dft]  snr=+16.0dB [dft]  snr=+18.0dB [dft]  snr=+20.0dB [dft]Done (4.79s)
Estimator batch 665/2000 (active points 7/11) [1h 03m 41s elapsed] ...   snr=+8.0dB [dft]  snr=+10.0dB [dft]  snr=+12.0dB [dft]  snr=+14.0dB [dft]  snr=+16.0dB [dft]  snr=+18.0dB [dft]  snr=+20.0dB [dft]Done (4.79s)
Estimator batch 666/2000 (active points 7/11) [1h 03m 46s elapsed] ...   snr=+8.0dB [dft]  snr=+10.0dB [dft]  snr=+12.0dB [dft]  snr=+14.0dB [dft]  snr=+16.0dB [dft]  snr=+18.0dB [dft]  snr=+20.0dB [dft]Done (4.79s)
Estimator batch 667/2000 (active points 7/11) [1h 03m 51s elapsed] ...   snr=+8.0dB [dft]  snr=+10.0dB [dft]  snr=+12.0dB [dft]  snr=+14.0dB [dft]  snr=+16.0dB [dft]  snr=+18.0dB [dft]  snr=+20.0dB [dft]Done (4.80s)
Estimator batch 668/2000 (active points 7/11) [1h 03m 55s elapsed] ...   snr=+8.0dB [dft]  snr=+10.0dB [dft]  snr=+12.0dB [dft]  snr=+14.0dB [dft]  snr=+16.0dB [dft]  snr=+18.0dB [dft]  snr=+20.0dB [dft]Done (4.79s)
Estimator batch 669/2000 (active points 7/11) [1h 04m 00s elapsed] ...   snr=+8.0dB [dft]  snr=+10.0dB [dft]  snr=+12.0dB [dft]  snr=+14.0dB [dft]  snr=+16.0dB [dft]  snr=+18.0dB [dft]  snr=+20.0dB [dft]Done (4.81s)
Estimator batch 670/2000 (active points 7/11) [1h 04m 05s elapsed] ...   snr=+8.0dB [dft]  snr=+10.0dB [dft]  snr=+12.0dB [dft]  snr=+14.0dB [dft]  snr=+16.0dB [dft]  snr=+18.0dB [dft]  snr=+20.0dB [dft]Done (4.79s)
Estimator batch 671/2000 (active points 7/11) [1h 04m 10s elapsed] ...   snr=+8.0dB [dft]  snr=+10.0dB [dft]  snr=+12.0dB [dft]  snr=+14.0dB [dft]  snr=+16.0dB [dft]  snr=+18.0dB [dft]  snr=+20.0dB [dft]Done (4.78s)
Estimator batch 672/2000 (active points 7/11) [1h 04m 14s elapsed] ...   snr=+8.0dB [dft]  snr=+10.0dB [dft]  snr=+12.0dB [dft]  snr=+14.0dB [dft]  snr=+16.0dB [dft]  snr=+18.0dB [dft]  snr=+20.0dB [dft]Done (4.82s)
Estimator batch 673/2000 (active points 7/11) [1h 04m 19s elapsed] ...   snr=+8.0dB [dft]  snr=+10.0dB [dft]  snr=+12.0dB [dft]  snr=+14.0dB [dft]  snr=+16.0dB [dft]  snr=+18.0dB [dft]  snr=+20.0dB [dft]Done (4.78s)
Estimator batch 674/2000 (active points 7/11) [1h 04m 24s elapsed] ...   snr=+8.0dB [dft]  snr=+10.0dB [dft]  snr=+12.0dB [dft]  snr=+14.0dB [dft]  snr=+16.0dB [dft]  snr=+18.0dB [dft]  snr=+20.0dB [dft]Done (4.79s)
Estimator batch 675/2000 (active points 7/11) [1h 04m 29s elapsed] ...   snr=+8.0dB [dft]  snr=+10.0dB [dft]  snr=+12.0dB [dft]  snr=+14.0dB [dft]  snr=+16.0dB [dft]  snr=+18.0dB [dft]  snr=+20.0dB [dft]Done (4.76s)
Estimator batch 676/2000 (active points 7/11) [1h 04m 34s elapsed] ...   snr=+8.0dB [dft]  snr=+10.0dB [dft]  snr=+12.0dB [dft]  snr=+14.0dB [dft]  snr=+16.0dB [dft]  snr=+18.0dB [dft]  snr=+20.0dB [dft]Done (4.81s)
Estimator batch 677/2000 (active points 7/11) [1h 04m 38s elapsed] ...   snr=+8.0dB [dft]  snr=+10.0dB [dft]  snr=+12.0dB [dft]  snr=+14.0dB [dft]  snr=+16.0dB [dft]  snr=+18.0dB [dft]  snr=+20.0dB [dft]Done (4.78s)
Estimator batch 678/2000 (active points 7/11) [1h 04m 43s elapsed] ...   snr=+8.0dB [dft]  snr=+10.0dB [dft]  snr=+12.0dB [dft]  snr=+14.0dB [dft]  snr=+16.0dB [dft]  snr=+18.0dB [dft]  snr=+20.0dB [dft]Done (4.78s)
Estimator batch 679/2000 (active points 7/11) [1h 04m 48s elapsed] ...   snr=+8.0dB [dft]  snr=+10.0dB [dft]  snr=+12.0dB [dft]  snr=+14.0dB [dft]  snr=+16.0dB [dft]  snr=+18.0dB [dft]  snr=+20.0dB [dft]Done (4.76s)
Estimator batch 680/2000 (active points 7/11) [1h 04m 53s elapsed] ...   snr=+8.0dB [dft]  snr=+10.0dB [dft]  snr=+12.0dB [dft]  snr=+14.0dB [dft]  snr=+16.0dB [dft]  snr=+18.0dB [dft]  snr=+20.0dB [dft]Done (4.79s)
Estimator batch 681/2000 (active points 7/11) [1h 04m 58s elapsed] ...   snr=+8.0dB [dft]  snr=+10.0dB [dft]  snr=+12.0dB [dft]  snr=+14.0dB [dft]  snr=+16.0dB [dft]  snr=+18.0dB [dft]  snr=+20.0dB [dft]Done (4.78s)
Estimator batch 682/2000 (active points 6/11) [1h 05m 02s elapsed] ...   snr=+8.0dB [dft]  snr=+10.0dB [dft]  snr=+12.0dB [dft]  snr=+14.0dB [dft]  snr=+16.0dB [dft]  snr=+18.0dB [dft]Done (4.10s)
Estimator batch 683/2000 (active points 6/11) [1h 05m 06s elapsed] ...   snr=+8.0dB [dft]  snr=+10.0dB [dft]  snr=+12.0dB [dft]  snr=+14.0dB [dft]  snr=+16.0dB [dft]  snr=+18.0dB [dft]Done (4.13s)
Estimator batch 684/2000 (active points 6/11) [1h 05m 11s elapsed] ...   snr=+8.0dB [dft]  snr=+10.0dB [dft]  snr=+12.0dB [dft]  snr=+14.0dB [dft]  snr=+16.0dB [dft]  snr=+18.0dB [dft]Done (4.12s)
Estimator batch 685/2000 (active points 6/11) [1h 05m 15s elapsed] ...   snr=+8.0dB [dft]  snr=+10.0dB [dft]  snr=+12.0dB [dft]  snr=+14.0dB [dft]  snr=+16.0dB [dft]  snr=+18.0dB [dft]Done (4.10s)
Estimator batch 686/2000 (active points 6/11) [1h 05m 19s elapsed] ...   snr=+8.0dB [dft]  snr=+10.0dB [dft]  snr=+12.0dB [dft]  snr=+14.0dB [dft]  snr=+16.0dB [dft]  snr=+18.0dB [dft]Done (4.10s)
Estimator batch 687/2000 (active points 6/11) [1h 05m 23s elapsed] ...   snr=+8.0dB [dft]  snr=+10.0dB [dft]  snr=+12.0dB [dft]  snr=+14.0dB [dft]  snr=+16.0dB [dft]  snr=+18.0dB [dft]Done (4.12s)
Estimator batch 688/2000 (active points 6/11) [1h 05m 27s elapsed] ...   snr=+8.0dB [dft]  snr=+10.0dB [dft]  snr=+12.0dB [dft]  snr=+14.0dB [dft]  snr=+16.0dB [dft]  snr=+18.0dB [dft]Done (4.11s)
Estimator batch 689/2000 (active points 6/11) [1h 05m 31s elapsed] ...   snr=+8.0dB [dft]  snr=+10.0dB [dft]  snr=+12.0dB [dft]  snr=+14.0dB [dft]  snr=+16.0dB [dft]  snr=+18.0dB [dft]Done (4.11s)
Estimator batch 690/2000 (active points 6/11) [1h 05m 35s elapsed] ...   snr=+8.0dB [dft]  snr=+10.0dB [dft]  snr=+12.0dB [dft]  snr=+14.0dB [dft]  snr=+16.0dB [dft]  snr=+18.0dB [dft]Done (4.10s)
Estimator batch 691/2000 (active points 6/11) [1h 05m 39s elapsed] ...   snr=+8.0dB [dft]  snr=+10.0dB [dft]  snr=+12.0dB [dft]  snr=+14.0dB [dft]  snr=+16.0dB [dft]  snr=+18.0dB [dft]Done (4.12s)
Estimator batch 692/2000 (active points 6/11) [1h 05m 43s elapsed] ...   snr=+8.0dB [dft]  snr=+10.0dB [dft]  snr=+12.0dB [dft]  snr=+14.0dB [dft]  snr=+16.0dB [dft]  snr=+18.0dB [dft]Done (4.10s)
Estimator batch 693/2000 (active points 6/11) [1h 05m 48s elapsed] ...   snr=+8.0dB [dft]  snr=+10.0dB [dft]  snr=+12.0dB [dft]  snr=+14.0dB [dft]  snr=+16.0dB [dft]  snr=+18.0dB [dft]Done (4.10s)
Estimator batch 694/2000 (active points 6/11) [1h 05m 52s elapsed] ...   snr=+8.0dB [dft]  snr=+10.0dB [dft]  snr=+12.0dB [dft]  snr=+14.0dB [dft]  snr=+16.0dB [dft]  snr=+18.0dB [dft]Done (4.12s)
Estimator batch 695/2000 (active points 6/11) [1h 05m 56s elapsed] ...   snr=+8.0dB [dft]  snr=+10.0dB [dft]  snr=+12.0dB [dft]  snr=+14.0dB [dft]  snr=+16.0dB [dft]  snr=+18.0dB [dft]Done (4.10s)
Estimator batch 696/2000 (active points 6/11) [1h 06m 00s elapsed] ...   snr=+8.0dB [dft]  snr=+10.0dB [dft]  snr=+12.0dB [dft]  snr=+14.0dB [dft]  snr=+16.0dB [dft]  snr=+18.0dB [dft]Done (4.11s)
Estimator batch 697/2000 (active points 6/11) [1h 06m 04s elapsed] ...   snr=+8.0dB [dft]  snr=+10.0dB [dft]  snr=+12.0dB [dft]  snr=+14.0dB [dft]  snr=+16.0dB [dft]  snr=+18.0dB [dft]Done (4.50s)
Estimator batch 698/2000 (active points 6/11) [1h 06m 09s elapsed] ...   snr=+8.0dB [dft]  snr=+10.0dB [dft]  snr=+12.0dB [dft]  snr=+14.0dB [dft]  snr=+16.0dB [dft]  snr=+18.0dB [dft]Done (4.31s)
Estimator batch 699/2000 (active points 6/11) [1h 06m 13s elapsed] ...   snr=+8.0dB [dft]  snr=+10.0dB [dft]  snr=+12.0dB [dft]  snr=+14.0dB [dft]  snr=+16.0dB [dft]  snr=+18.0dB [dft]Done (4.19s)
Estimator batch 700/2000 (active points 6/11) [1h 06m 17s elapsed] ...   snr=+8.0dB [dft]  snr=+10.0dB [dft]  snr=+12.0dB [dft]  snr=+14.0dB [dft]  snr=+16.0dB [dft]  snr=+18.0dB [dft]Done (4.14s)
Estimator batch 701/2000 (active points 6/11) [1h 06m 21s elapsed] ...   snr=+8.0dB [dft]  snr=+10.0dB [dft]  snr=+12.0dB [dft]  snr=+14.0dB [dft]  snr=+16.0dB [dft]  snr=+18.0dB [dft]Done (4.13s)
Estimator batch 702/2000 (active points 6/11) [1h 06m 25s elapsed] ...   snr=+8.0dB [dft]  snr=+10.0dB [dft]  snr=+12.0dB [dft]  snr=+14.0dB [dft]  snr=+16.0dB [dft]  snr=+18.0dB [dft]Done (4.15s)
Estimator batch 703/2000 (active points 6/11) [1h 06m 29s elapsed] ...   snr=+8.0dB [dft]  snr=+10.0dB [dft]  snr=+12.0dB [dft]  snr=+14.0dB [dft]  snr=+16.0dB [dft]  snr=+18.0dB [dft]Done (4.11s)
Estimator batch 704/2000 (active points 6/11) [1h 06m 34s elapsed] ...   snr=+8.0dB [dft]  snr=+10.0dB [dft]  snr=+12.0dB [dft]  snr=+14.0dB [dft]  snr=+16.0dB [dft]  snr=+18.0dB [dft]Done (4.12s)
Estimator batch 705/2000 (active points 6/11) [1h 06m 38s elapsed] ...   snr=+8.0dB [dft]  snr=+10.0dB [dft]  snr=+12.0dB [dft]  snr=+14.0dB [dft]  snr=+16.0dB [dft]  snr=+18.0dB [dft]Done (4.12s)
Estimator batch 706/2000 (active points 6/11) [1h 06m 42s elapsed] ...   snr=+8.0dB [dft]  snr=+10.0dB [dft]  snr=+12.0dB [dft]  snr=+14.0dB [dft]  snr=+16.0dB [dft]  snr=+18.0dB [dft]Done (4.11s)
Estimator batch 707/2000 (active points 6/11) [1h 06m 46s elapsed] ...   snr=+8.0dB [dft]  snr=+10.0dB [dft]  snr=+12.0dB [dft]  snr=+14.0dB [dft]  snr=+16.0dB [dft]  snr=+18.0dB [dft]Done (4.09s)
Estimator batch 708/2000 (active points 6/11) [1h 06m 50s elapsed] ...   snr=+8.0dB [dft]  snr=+10.0dB [dft]  snr=+12.0dB [dft]  snr=+14.0dB [dft]  snr=+16.0dB [dft]  snr=+18.0dB [dft]Done (4.11s)
Estimator batch 709/2000 (active points 6/11) [1h 06m 54s elapsed] ...   snr=+8.0dB [dft]  snr=+10.0dB [dft]  snr=+12.0dB [dft]  snr=+14.0dB [dft]  snr=+16.0dB [dft]  snr=+18.0dB [dft]Done (4.11s)
Estimator batch 710/2000 (active points 6/11) [1h 06m 58s elapsed] ...   snr=+8.0dB [dft]  snr=+10.0dB [dft]  snr=+12.0dB [dft]  snr=+14.0dB [dft]  snr=+16.0dB [dft]  snr=+18.0dB [dft]Done (4.10s)
Estimator batch 711/2000 (active points 6/11) [1h 07m 02s elapsed] ...   snr=+8.0dB [dft]  snr=+10.0dB [dft]  snr=+12.0dB [dft]  snr=+14.0dB [dft]  snr=+16.0dB [dft]  snr=+18.0dB [dft]Done (4.10s)
Estimator batch 712/2000 (active points 6/11) [1h 07m 06s elapsed] ...   snr=+8.0dB [dft]  snr=+10.0dB [dft]  snr=+12.0dB [dft]  snr=+14.0dB [dft]  snr=+16.0dB [dft]  snr=+18.0dB [dft]Done (4.09s)
Estimator batch 713/2000 (active points 6/11) [1h 07m 11s elapsed] ...   snr=+8.0dB [dft]  snr=+10.0dB [dft]  snr=+12.0dB [dft]  snr=+14.0dB [dft]  snr=+16.0dB [dft]  snr=+18.0dB [dft]Done (4.09s)
Estimator batch 714/2000 (active points 6/11) [1h 07m 15s elapsed] ...   snr=+8.0dB [dft]  snr=+10.0dB [dft]  snr=+12.0dB [dft]  snr=+14.0dB [dft]  snr=+16.0dB [dft]  snr=+18.0dB [dft]Done (4.14s)
Estimator batch 715/2000 (active points 6/11) [1h 07m 19s elapsed] ...   snr=+8.0dB [dft]  snr=+10.0dB [dft]  snr=+12.0dB [dft]  snr=+14.0dB [dft]  snr=+16.0dB [dft]  snr=+18.0dB [dft]Done (4.11s)
Estimator batch 716/2000 (active points 6/11) [1h 07m 23s elapsed] ...   snr=+8.0dB [dft]  snr=+10.0dB [dft]  snr=+12.0dB [dft]  snr=+14.0dB [dft]  snr=+16.0dB [dft]  snr=+18.0dB [dft]Done (4.11s)
Estimator batch 717/2000 (active points 6/11) [1h 07m 27s elapsed] ...   snr=+8.0dB [dft]  snr=+10.0dB [dft]  snr=+12.0dB [dft]  snr=+14.0dB [dft]  snr=+16.0dB [dft]  snr=+18.0dB [dft]Done (4.09s)
Estimator batch 718/2000 (active points 6/11) [1h 07m 31s elapsed] ...   snr=+8.0dB [dft]  snr=+10.0dB [dft]  snr=+12.0dB [dft]  snr=+14.0dB [dft]  snr=+16.0dB [dft]  snr=+18.0dB [dft]Done (4.11s)
Estimator batch 719/2000 (active points 6/11) [1h 07m 35s elapsed] ...   snr=+8.0dB [dft]  snr=+10.0dB [dft]  snr=+12.0dB [dft]  snr=+14.0dB [dft]  snr=+16.0dB [dft]  snr=+18.0dB [dft]Done (4.12s)
Estimator batch 720/2000 (active points 6/11) [1h 07m 39s elapsed] ...   snr=+8.0dB [dft]  snr=+10.0dB [dft]  snr=+12.0dB [dft]  snr=+14.0dB [dft]  snr=+16.0dB [dft]  snr=+18.0dB [dft]Done (4.24s)
Estimator batch 721/2000 (active points 6/11) [1h 07m 44s elapsed] ...   snr=+8.0dB [dft]  snr=+10.0dB [dft]  snr=+12.0dB [dft]  snr=+14.0dB [dft]  snr=+16.0dB [dft]  snr=+18.0dB [dft]Done (4.13s)
Estimator batch 722/2000 (active points 6/11) [1h 07m 48s elapsed] ...   snr=+8.0dB [dft]  snr=+10.0dB [dft]  snr=+12.0dB [dft]  snr=+14.0dB [dft]  snr=+16.0dB [dft]  snr=+18.0dB [dft]Done (4.11s)
Estimator batch 723/2000 (active points 6/11) [1h 07m 52s elapsed] ...   snr=+8.0dB [dft]  snr=+10.0dB [dft]  snr=+12.0dB [dft]  snr=+14.0dB [dft]  snr=+16.0dB [dft]  snr=+18.0dB [dft]Done (4.11s)
Estimator batch 724/2000 (active points 6/11) [1h 07m 56s elapsed] ...   snr=+8.0dB [dft]  snr=+10.0dB [dft]  snr=+12.0dB [dft]  snr=+14.0dB [dft]  snr=+16.0dB [dft]  snr=+18.0dB [dft]Done (4.10s)
Estimator batch 725/2000 (active points 6/11) [1h 08m 00s elapsed] ...   snr=+8.0dB [dft]  snr=+10.0dB [dft]  snr=+12.0dB [dft]  snr=+14.0dB [dft]  snr=+16.0dB [dft]  snr=+18.0dB [dft]Done (4.10s)
Estimator batch 726/2000 (active points 6/11) [1h 08m 04s elapsed] ...   snr=+8.0dB [dft]  snr=+10.0dB [dft]  snr=+12.0dB [dft]  snr=+14.0dB [dft]  snr=+16.0dB [dft]  snr=+18.0dB [dft]Done (4.11s)
Estimator batch 727/2000 (active points 6/11) [1h 08m 08s elapsed] ...   snr=+8.0dB [dft]  snr=+10.0dB [dft]  snr=+12.0dB [dft]  snr=+14.0dB [dft]  snr=+16.0dB [dft]  snr=+18.0dB [dft]Done (4.10s)
Estimator batch 728/2000 (active points 6/11) [1h 08m 12s elapsed] ...   snr=+8.0dB [dft]  snr=+10.0dB [dft]  snr=+12.0dB [dft]  snr=+14.0dB [dft]  snr=+16.0dB [dft]  snr=+18.0dB [dft]Done (4.11s)
Estimator batch 729/2000 (active points 6/11) [1h 08m 16s elapsed] ...   snr=+8.0dB [dft]  snr=+10.0dB [dft]  snr=+12.0dB [dft]  snr=+14.0dB [dft]  snr=+16.0dB [dft]  snr=+18.0dB [dft]Done (4.12s)
Estimator batch 730/2000 (active points 6/11) [1h 08m 21s elapsed] ...   snr=+8.0dB [dft]  snr=+10.0dB [dft]  snr=+12.0dB [dft]  snr=+14.0dB [dft]  snr=+16.0dB [dft]  snr=+18.0dB [dft]Done (4.11s)
Estimator batch 731/2000 (active points 6/11) [1h 08m 25s elapsed] ...   snr=+8.0dB [dft]  snr=+10.0dB [dft]  snr=+12.0dB [dft]  snr=+14.0dB [dft]  snr=+16.0dB [dft]  snr=+18.0dB [dft]Done (4.24s)
Estimator batch 732/2000 (active points 6/11) [1h 08m 29s elapsed] ...   snr=+8.0dB [dft]  snr=+10.0dB [dft]  snr=+12.0dB [dft]  snr=+14.0dB [dft]  snr=+16.0dB [dft]  snr=+18.0dB [dft]Done (4.11s)
Estimator batch 733/2000 (active points 6/11) [1h 08m 33s elapsed] ...   snr=+8.0dB [dft]  snr=+10.0dB [dft]  snr=+12.0dB [dft]  snr=+14.0dB [dft]  snr=+16.0dB [dft]  snr=+18.0dB [dft]Done (4.12s)
Estimator batch 734/2000 (active points 6/11) [1h 08m 37s elapsed] ...   snr=+8.0dB [dft]  snr=+10.0dB [dft]  snr=+12.0dB [dft]  snr=+14.0dB [dft]  snr=+16.0dB [dft]  snr=+18.0dB [dft]Done (4.12s)
Estimator batch 735/2000 (active points 6/11) [1h 08m 41s elapsed] ...   snr=+8.0dB [dft]  snr=+10.0dB [dft]  snr=+12.0dB [dft]  snr=+14.0dB [dft]  snr=+16.0dB [dft]  snr=+18.0dB [dft]Done (4.10s)
Estimator batch 736/2000 (active points 6/11) [1h 08m 45s elapsed] ...   snr=+8.0dB [dft]  snr=+10.0dB [dft]  snr=+12.0dB [dft]  snr=+14.0dB [dft]  snr=+16.0dB [dft]  snr=+18.0dB [dft]Done (4.11s)
Estimator batch 737/2000 (active points 6/11) [1h 08m 49s elapsed] ...   snr=+8.0dB [dft]  snr=+10.0dB [dft]  snr=+12.0dB [dft]  snr=+14.0dB [dft]  snr=+16.0dB [dft]  snr=+18.0dB [dft]Done (4.10s)
Estimator batch 738/2000 (active points 6/11) [1h 08m 54s elapsed] ...   snr=+8.0dB [dft]  snr=+10.0dB [dft]  snr=+12.0dB [dft]  snr=+14.0dB [dft]  snr=+16.0dB [dft]  snr=+18.0dB [dft]Done (4.12s)
Estimator batch 739/2000 (active points 6/11) [1h 08m 58s elapsed] ...   snr=+8.0dB [dft]  snr=+10.0dB [dft]  snr=+12.0dB [dft]  snr=+14.0dB [dft]  snr=+16.0dB [dft]  snr=+18.0dB [dft]Done (4.11s)
Estimator batch 740/2000 (active points 6/11) [1h 09m 02s elapsed] ...   snr=+8.0dB [dft]  snr=+10.0dB [dft]  snr=+12.0dB [dft]  snr=+14.0dB [dft]  snr=+16.0dB [dft]  snr=+18.0dB [dft]Done (4.11s)
Estimator batch 741/2000 (active points 6/11) [1h 09m 06s elapsed] ...   snr=+8.0dB [dft]  snr=+10.0dB [dft]  snr=+12.0dB [dft]  snr=+14.0dB [dft]  snr=+16.0dB [dft]  snr=+18.0dB [dft]Done (4.12s)
Estimator batch 742/2000 (active points 6/11) [1h 09m 10s elapsed] ...   snr=+8.0dB [dft]  snr=+10.0dB [dft]  snr=+12.0dB [dft]  snr=+14.0dB [dft]  snr=+16.0dB [dft]  snr=+18.0dB [dft]Done (4.11s)
Estimator batch 743/2000 (active points 6/11) [1h 09m 14s elapsed] ...   snr=+8.0dB [dft]  snr=+10.0dB [dft]  snr=+12.0dB [dft]  snr=+14.0dB [dft]  snr=+16.0dB [dft]  snr=+18.0dB [dft]Done (4.12s)
Estimator batch 744/2000 (active points 6/11) [1h 09m 18s elapsed] ...   snr=+8.0dB [dft]  snr=+10.0dB [dft]  snr=+12.0dB [dft]  snr=+14.0dB [dft]  snr=+16.0dB [dft]  snr=+18.0dB [dft]Done (4.10s)
Estimator batch 745/2000 (active points 6/11) [1h 09m 22s elapsed] ...   snr=+8.0dB [dft]  snr=+10.0dB [dft]  snr=+12.0dB [dft]  snr=+14.0dB [dft]  snr=+16.0dB [dft]  snr=+18.0dB [dft]Done (4.13s)
Estimator batch 746/2000 (active points 6/11) [1h 09m 26s elapsed] ...   snr=+8.0dB [dft]  snr=+10.0dB [dft]  snr=+12.0dB [dft]  snr=+14.0dB [dft]  snr=+16.0dB [dft]  snr=+18.0dB [dft]Done (4.10s)
Estimator batch 747/2000 (active points 6/11) [1h 09m 31s elapsed] ...   snr=+8.0dB [dft]  snr=+10.0dB [dft]  snr=+12.0dB [dft]  snr=+14.0dB [dft]  snr=+16.0dB [dft]  snr=+18.0dB [dft]Done (4.10s)
Estimator batch 748/2000 (active points 6/11) [1h 09m 35s elapsed] ...   snr=+8.0dB [dft]  snr=+10.0dB [dft]  snr=+12.0dB [dft]  snr=+14.0dB [dft]  snr=+16.0dB [dft]  snr=+18.0dB [dft]Done (4.13s)
Estimator batch 749/2000 (active points 6/11) [1h 09m 39s elapsed] ...   snr=+8.0dB [dft]  snr=+10.0dB [dft]  snr=+12.0dB [dft]  snr=+14.0dB [dft]  snr=+16.0dB [dft]  snr=+18.0dB [dft]Done (4.10s)
Estimator batch 750/2000 (active points 6/11) [1h 09m 43s elapsed] ...   snr=+8.0dB [dft]  snr=+10.0dB [dft]  snr=+12.0dB [dft]  snr=+14.0dB [dft]  snr=+16.0dB [dft]  snr=+18.0dB [dft]Done (4.12s)
Estimator batch 751/2000 (active points 6/11) [1h 09m 47s elapsed] ...   snr=+8.0dB [dft]  snr=+10.0dB [dft]  snr=+12.0dB [dft]  snr=+14.0dB [dft]  snr=+16.0dB [dft]  snr=+18.0dB [dft]Done (4.09s)
Estimator batch 752/2000 (active points 6/11) [1h 09m 51s elapsed] ...   snr=+8.0dB [dft]  snr=+10.0dB [dft]  snr=+12.0dB [dft]  snr=+14.0dB [dft]  snr=+16.0dB [dft]  snr=+18.0dB [dft]Done (4.09s)
Estimator batch 753/2000 (active points 6/11) [1h 09m 55s elapsed] ...   snr=+8.0dB [dft]  snr=+10.0dB [dft]  snr=+12.0dB [dft]  snr=+14.0dB [dft]  snr=+16.0dB [dft]  snr=+18.0dB [dft]Done (4.12s)
Estimator batch 754/2000 (active points 6/11) [1h 09m 59s elapsed] ...   snr=+8.0dB [dft]  snr=+10.0dB [dft]  snr=+12.0dB [dft]  snr=+14.0dB [dft]  snr=+16.0dB [dft]  snr=+18.0dB [dft]Done (4.13s)
Estimator batch 755/2000 (active points 6/11) [1h 10m 03s elapsed] ...   snr=+8.0dB [dft]  snr=+10.0dB [dft]  snr=+12.0dB [dft]  snr=+14.0dB [dft]  snr=+16.0dB [dft]  snr=+18.0dB [dft]Done (4.11s)
Estimator batch 756/2000 (active points 6/11) [1h 10m 08s elapsed] ...   snr=+8.0dB [dft]  snr=+10.0dB [dft]  snr=+12.0dB [dft]  snr=+14.0dB [dft]  snr=+16.0dB [dft]  snr=+18.0dB [dft]Done (4.12s)
Estimator batch 757/2000 (active points 6/11) [1h 10m 12s elapsed] ...   snr=+8.0dB [dft]  snr=+10.0dB [dft]  snr=+12.0dB [dft]  snr=+14.0dB [dft]  snr=+16.0dB [dft]  snr=+18.0dB [dft]Done (4.12s)
Estimator batch 758/2000 (active points 6/11) [1h 10m 16s elapsed] ...   snr=+8.0dB [dft]  snr=+10.0dB [dft]  snr=+12.0dB [dft]  snr=+14.0dB [dft]  snr=+16.0dB [dft]  snr=+18.0dB [dft]Done (4.10s)
Estimator batch 759/2000 (active points 6/11) [1h 10m 20s elapsed] ...   snr=+8.0dB [dft]  snr=+10.0dB [dft]  snr=+12.0dB [dft]  snr=+14.0dB [dft]  snr=+16.0dB [dft]  snr=+18.0dB [dft]Done (4.14s)
Estimator batch 760/2000 (active points 6/11) [1h 10m 24s elapsed] ...   snr=+8.0dB [dft]  snr=+10.0dB [dft]  snr=+12.0dB [dft]  snr=+14.0dB [dft]  snr=+16.0dB [dft]  snr=+18.0dB [dft]Done (4.14s)
Estimator batch 761/2000 (active points 6/11) [1h 10m 28s elapsed] ...   snr=+8.0dB [dft]  snr=+10.0dB [dft]  snr=+12.0dB [dft]  snr=+14.0dB [dft]  snr=+16.0dB [dft]  snr=+18.0dB [dft]Done (4.12s)
Estimator batch 762/2000 (active points 6/11) [1h 10m 32s elapsed] ...   snr=+8.0dB [dft]  snr=+10.0dB [dft]  snr=+12.0dB [dft]  snr=+14.0dB [dft]  snr=+16.0dB [dft]  snr=+18.0dB [dft]Done (4.11s)
Estimator batch 763/2000 (active points 6/11) [1h 10m 36s elapsed] ...   snr=+8.0dB [dft]  snr=+10.0dB [dft]  snr=+12.0dB [dft]  snr=+14.0dB [dft]  snr=+16.0dB [dft]  snr=+18.0dB [dft]Done (4.13s)
Estimator batch 764/2000 (active points 6/11) [1h 10m 41s elapsed] ...   snr=+8.0dB [dft]  snr=+10.0dB [dft]  snr=+12.0dB [dft]  snr=+14.0dB [dft]  snr=+16.0dB [dft]  snr=+18.0dB [dft]Done (4.11s)
Estimator batch 765/2000 (active points 6/11) [1h 10m 45s elapsed] ...   snr=+8.0dB [dft]  snr=+10.0dB [dft]  snr=+12.0dB [dft]  snr=+14.0dB [dft]  snr=+16.0dB [dft]  snr=+18.0dB [dft]Done (4.11s)
Estimator batch 766/2000 (active points 6/11) [1h 10m 49s elapsed] ...   snr=+8.0dB [dft]  snr=+10.0dB [dft]  snr=+12.0dB [dft]  snr=+14.0dB [dft]  snr=+16.0dB [dft]  snr=+18.0dB [dft]Done (4.12s)
Estimator batch 767/2000 (active points 6/11) [1h 10m 53s elapsed] ...   snr=+8.0dB [dft]  snr=+10.0dB [dft]  snr=+12.0dB [dft]  snr=+14.0dB [dft]  snr=+16.0dB [dft]  snr=+18.0dB [dft]Done (4.12s)
Estimator batch 768/2000 (active points 6/11) [1h 10m 57s elapsed] ...   snr=+8.0dB [dft]  snr=+10.0dB [dft]  snr=+12.0dB [dft]  snr=+14.0dB [dft]  snr=+16.0dB [dft]  snr=+18.0dB [dft]Done (4.12s)
Estimator batch 769/2000 (active points 6/11) [1h 11m 01s elapsed] ...   snr=+8.0dB [dft]  snr=+10.0dB [dft]  snr=+12.0dB [dft]  snr=+14.0dB [dft]  snr=+16.0dB [dft]  snr=+18.0dB [dft]Done (4.10s)
Estimator batch 770/2000 (active points 6/11) [1h 11m 05s elapsed] ...   snr=+8.0dB [dft]  snr=+10.0dB [dft]  snr=+12.0dB [dft]  snr=+14.0dB [dft]  snr=+16.0dB [dft]  snr=+18.0dB [dft]Done (4.13s)
Estimator batch 771/2000 (active points 6/11) [1h 11m 09s elapsed] ...   snr=+8.0dB [dft]  snr=+10.0dB [dft]  snr=+12.0dB [dft]  snr=+14.0dB [dft]  snr=+16.0dB [dft]  snr=+18.0dB [dft]Done (4.13s)
Estimator batch 772/2000 (active points 6/11) [1h 11m 14s elapsed] ...   snr=+8.0dB [dft]  snr=+10.0dB [dft]  snr=+12.0dB [dft]  snr=+14.0dB [dft]  snr=+16.0dB [dft]  snr=+18.0dB [dft]Done (4.14s)
Estimator batch 773/2000 (active points 6/11) [1h 11m 18s elapsed] ...   snr=+8.0dB [dft]  snr=+10.0dB [dft]  snr=+12.0dB [dft]  snr=+14.0dB [dft]  snr=+16.0dB [dft]  snr=+18.0dB [dft]Done (4.12s)
Estimator batch 774/2000 (active points 6/11) [1h 11m 22s elapsed] ...   snr=+8.0dB [dft]  snr=+10.0dB [dft]  snr=+12.0dB [dft]  snr=+14.0dB [dft]  snr=+16.0dB [dft]  snr=+18.0dB [dft]Done (4.19s)
Estimator batch 775/2000 (active points 6/11) [1h 11m 26s elapsed] ...   snr=+8.0dB [dft]  snr=+10.0dB [dft]  snr=+12.0dB [dft]  snr=+14.0dB [dft]  snr=+16.0dB [dft]  snr=+18.0dB [dft]Done (4.13s)
Estimator batch 776/2000 (active points 6/11) [1h 11m 30s elapsed] ...   snr=+8.0dB [dft]  snr=+10.0dB [dft]  snr=+12.0dB [dft]  snr=+14.0dB [dft]  snr=+16.0dB [dft]  snr=+18.0dB [dft]Done (4.15s)
Estimator batch 777/2000 (active points 6/11) [1h 11m 34s elapsed] ...   snr=+8.0dB [dft]  snr=+10.0dB [dft]  snr=+12.0dB [dft]  snr=+14.0dB [dft]  snr=+16.0dB [dft]  snr=+18.0dB [dft]Done (4.14s)
Estimator batch 778/2000 (active points 6/11) [1h 11m 38s elapsed] ...   snr=+8.0dB [dft]  snr=+10.0dB [dft]  snr=+12.0dB [dft]  snr=+14.0dB [dft]  snr=+16.0dB [dft]  snr=+18.0dB [dft]Done (4.12s)
Estimator batch 779/2000 (active points 6/11) [1h 11m 43s elapsed] ...   snr=+8.0dB [dft]  snr=+10.0dB [dft]  snr=+12.0dB [dft]  snr=+14.0dB [dft]  snr=+16.0dB [dft]  snr=+18.0dB [dft]Done (4.11s)
Estimator batch 780/2000 (active points 6/11) [1h 11m 47s elapsed] ...   snr=+8.0dB [dft]  snr=+10.0dB [dft]  snr=+12.0dB [dft]  snr=+14.0dB [dft]  snr=+16.0dB [dft]  snr=+18.0dB [dft]Done (4.14s)
Estimator batch 781/2000 (active points 6/11) [1h 11m 51s elapsed] ...   snr=+8.0dB [dft]  snr=+10.0dB [dft]  snr=+12.0dB [dft]  snr=+14.0dB [dft]  snr=+16.0dB [dft]  snr=+18.0dB [dft]Done (4.13s)
Estimator batch 782/2000 (active points 6/11) [1h 11m 55s elapsed] ...   snr=+8.0dB [dft]  snr=+10.0dB [dft]  snr=+12.0dB [dft]  snr=+14.0dB [dft]  snr=+16.0dB [dft]  snr=+18.0dB [dft]Done (4.12s)
Estimator batch 783/2000 (active points 6/11) [1h 11m 59s elapsed] ...   snr=+8.0dB [dft]  snr=+10.0dB [dft]  snr=+12.0dB [dft]  snr=+14.0dB [dft]  snr=+16.0dB [dft]  snr=+18.0dB [dft]Done (4.19s)
Estimator batch 784/2000 (active points 6/11) [1h 12m 03s elapsed] ...   snr=+8.0dB [dft]  snr=+10.0dB [dft]  snr=+12.0dB [dft]  snr=+14.0dB [dft]  snr=+16.0dB [dft]  snr=+18.0dB [dft]Done (4.15s)
Estimator batch 785/2000 (active points 6/11) [1h 12m 07s elapsed] ...   snr=+8.0dB [dft]  snr=+10.0dB [dft]  snr=+12.0dB [dft]  snr=+14.0dB [dft]  snr=+16.0dB [dft]  snr=+18.0dB [dft]Done (4.11s)
Estimator batch 786/2000 (active points 6/11) [1h 12m 11s elapsed] ...   snr=+8.0dB [dft]  snr=+10.0dB [dft]  snr=+12.0dB [dft]  snr=+14.0dB [dft]  snr=+16.0dB [dft]  snr=+18.0dB [dft]Done (4.11s)
Estimator batch 787/2000 (active points 6/11) [1h 12m 16s elapsed] ...   snr=+8.0dB [dft]  snr=+10.0dB [dft]  snr=+12.0dB [dft]  snr=+14.0dB [dft]  snr=+16.0dB [dft]  snr=+18.0dB [dft]Done (4.14s)
Estimator batch 788/2000 (active points 6/11) [1h 12m 20s elapsed] ...   snr=+8.0dB [dft]  snr=+10.0dB [dft]  snr=+12.0dB [dft]  snr=+14.0dB [dft]  snr=+16.0dB [dft]  snr=+18.0dB [dft]Done (4.11s)
Estimator batch 789/2000 (active points 6/11) [1h 12m 24s elapsed] ...   snr=+8.0dB [dft]  snr=+10.0dB [dft]  snr=+12.0dB [dft]  snr=+14.0dB [dft]  snr=+16.0dB [dft]  snr=+18.0dB [dft]Done (4.13s)
Estimator batch 790/2000 (active points 6/11) [1h 12m 28s elapsed] ...   snr=+8.0dB [dft]  snr=+10.0dB [dft]  snr=+12.0dB [dft]  snr=+14.0dB [dft]  snr=+16.0dB [dft]  snr=+18.0dB [dft]Done (4.12s)
Estimator batch 791/2000 (active points 6/11) [1h 12m 32s elapsed] ...   snr=+8.0dB [dft]  snr=+10.0dB [dft]  snr=+12.0dB [dft]  snr=+14.0dB [dft]  snr=+16.0dB [dft]  snr=+18.0dB [dft]Done (4.15s)
Estimator batch 792/2000 (active points 6/11) [1h 12m 36s elapsed] ...   snr=+8.0dB [dft]  snr=+10.0dB [dft]  snr=+12.0dB [dft]  snr=+14.0dB [dft]  snr=+16.0dB [dft]  snr=+18.0dB [dft]Done (4.14s)
Estimator batch 793/2000 (active points 6/11) [1h 12m 40s elapsed] ...   snr=+8.0dB [dft]  snr=+10.0dB [dft]  snr=+12.0dB [dft]  snr=+14.0dB [dft]  snr=+16.0dB [dft]  snr=+18.0dB [dft]Done (4.11s)
Estimator batch 794/2000 (active points 6/11) [1h 12m 44s elapsed] ...   snr=+8.0dB [dft]  snr=+10.0dB [dft]  snr=+12.0dB [dft]  snr=+14.0dB [dft]  snr=+16.0dB [dft]  snr=+18.0dB [dft]Done (4.13s)
Estimator batch 795/2000 (active points 6/11) [1h 12m 49s elapsed] ...   snr=+8.0dB [dft]  snr=+10.0dB [dft]  snr=+12.0dB [dft]  snr=+14.0dB [dft]  snr=+16.0dB [dft]  snr=+18.0dB [dft]Done (4.19s)
Estimator batch 796/2000 (active points 6/11) [1h 12m 53s elapsed] ...   snr=+8.0dB [dft]  snr=+10.0dB [dft]  snr=+12.0dB [dft]  snr=+14.0dB [dft]  snr=+16.0dB [dft]  snr=+18.0dB [dft]Done (4.66s)
Estimator batch 797/2000 (active points 6/11) [1h 12m 57s elapsed] ...   snr=+8.0dB [dft]  snr=+10.0dB [dft]  snr=+12.0dB [dft]  snr=+14.0dB [dft]  snr=+16.0dB [dft]  snr=+18.0dB [dft]Done (4.12s)
Estimator batch 798/2000 (active points 6/11) [1h 13m 02s elapsed] ...   snr=+8.0dB [dft]  snr=+10.0dB [dft]  snr=+12.0dB [dft]  snr=+14.0dB [dft]  snr=+16.0dB [dft]  snr=+18.0dB [dft]Done (4.28s)
Estimator batch 799/2000 (active points 6/11) [1h 13m 06s elapsed] ...   snr=+8.0dB [dft]  snr=+10.0dB [dft]  snr=+12.0dB [dft]  snr=+14.0dB [dft]  snr=+16.0dB [dft]  snr=+18.0dB [dft]Done (4.17s)
Estimator batch 800/2000 (active points 6/11) [1h 13m 10s elapsed] ...   snr=+8.0dB [dft]  snr=+10.0dB [dft]  snr=+12.0dB [dft]  snr=+14.0dB [dft]  snr=+16.0dB [dft]  snr=+18.0dB [dft]Done (4.18s)
Estimator batch 801/2000 (active points 6/11) [1h 13m 14s elapsed] ...   snr=+8.0dB [dft]  snr=+10.0dB [dft]  snr=+12.0dB [dft]  snr=+14.0dB [dft]  snr=+16.0dB [dft]  snr=+18.0dB [dft]Done (4.16s)
Estimator batch 802/2000 (active points 6/11) [1h 13m 18s elapsed] ...   snr=+8.0dB [dft]  snr=+10.0dB [dft]  snr=+12.0dB [dft]  snr=+14.0dB [dft]  snr=+16.0dB [dft]  snr=+18.0dB [dft]Done (4.15s)
Estimator batch 803/2000 (active points 6/11) [1h 13m 23s elapsed] ...   snr=+8.0dB [dft]  snr=+10.0dB [dft]  snr=+12.0dB [dft]  snr=+14.0dB [dft]  snr=+16.0dB [dft]  snr=+18.0dB [dft]Done (4.26s)
Estimator batch 804/2000 (active points 6/11) [1h 13m 27s elapsed] ...   snr=+8.0dB [dft]  snr=+10.0dB [dft]  snr=+12.0dB [dft]  snr=+14.0dB [dft]  snr=+16.0dB [dft]  snr=+18.0dB [dft]Done (4.23s)
Estimator batch 805/2000 (active points 6/11) [1h 13m 31s elapsed] ...   snr=+8.0dB [dft]  snr=+10.0dB [dft]  snr=+12.0dB [dft]  snr=+14.0dB [dft]  snr=+16.0dB [dft]  snr=+18.0dB [dft]Done (4.19s)
Estimator batch 806/2000 (active points 6/11) [1h 13m 35s elapsed] ...   snr=+8.0dB [dft]  snr=+10.0dB [dft]  snr=+12.0dB [dft]  snr=+14.0dB [dft]  snr=+16.0dB [dft]  snr=+18.0dB [dft]Done (4.21s)
Estimator batch 807/2000 (active points 6/11) [1h 13m 39s elapsed] ...   snr=+8.0dB [dft]  snr=+10.0dB [dft]  snr=+12.0dB [dft]  snr=+14.0dB [dft]  snr=+16.0dB [dft]  snr=+18.0dB [dft]Done (4.19s)
Estimator batch 808/2000 (active points 6/11) [1h 13m 44s elapsed] ...   snr=+8.0dB [dft]  snr=+10.0dB [dft]  snr=+12.0dB [dft]  snr=+14.0dB [dft]  snr=+16.0dB [dft]  snr=+18.0dB [dft]Done (4.21s)
Estimator batch 809/2000 (active points 6/11) [1h 13m 48s elapsed] ...   snr=+8.0dB [dft]  snr=+10.0dB [dft]  snr=+12.0dB [dft]  snr=+14.0dB [dft]  snr=+16.0dB [dft]  snr=+18.0dB [dft]Done (4.30s)
Estimator batch 810/2000 (active points 6/11) [1h 13m 52s elapsed] ...   snr=+8.0dB [dft]  snr=+10.0dB [dft]  snr=+12.0dB [dft]  snr=+14.0dB [dft]  snr=+16.0dB [dft]  snr=+18.0dB [dft]Done (4.24s)
Estimator batch 811/2000 (active points 6/11) [1h 13m 56s elapsed] ...   snr=+8.0dB [dft]  snr=+10.0dB [dft]  snr=+12.0dB [dft]  snr=+14.0dB [dft]  snr=+16.0dB [dft]  snr=+18.0dB [dft]Done (4.25s)
Estimator batch 812/2000 (active points 6/11) [1h 14m 01s elapsed] ...   snr=+8.0dB [dft]  snr=+10.0dB [dft]  snr=+12.0dB [dft]  snr=+14.0dB [dft]  snr=+16.0dB [dft]  snr=+18.0dB [dft]Done (4.24s)
Estimator batch 813/2000 (active points 6/11) [1h 14m 05s elapsed] ...   snr=+8.0dB [dft]  snr=+10.0dB [dft]  snr=+12.0dB [dft]  snr=+14.0dB [dft]  snr=+16.0dB [dft]  snr=+18.0dB [dft]Done (4.18s)
Estimator batch 814/2000 (active points 6/11) [1h 14m 09s elapsed] ...   snr=+8.0dB [dft]  snr=+10.0dB [dft]  snr=+12.0dB [dft]  snr=+14.0dB [dft]  snr=+16.0dB [dft]  snr=+18.0dB [dft]Done (4.15s)
Estimator batch 815/2000 (active points 6/11) [1h 14m 13s elapsed] ...   snr=+8.0dB [dft]  snr=+10.0dB [dft]  snr=+12.0dB [dft]  snr=+14.0dB [dft]  snr=+16.0dB [dft]  snr=+18.0dB [dft]Done (4.20s)
Estimator batch 816/2000 (active points 6/11) [1h 14m 17s elapsed] ...   snr=+8.0dB [dft]  snr=+10.0dB [dft]  snr=+12.0dB [dft]  snr=+14.0dB [dft]  snr=+16.0dB [dft]  snr=+18.0dB [dft]Done (4.15s)
Estimator batch 817/2000 (active points 6/11) [1h 14m 22s elapsed] ...   snr=+8.0dB [dft]  snr=+10.0dB [dft]  snr=+12.0dB [dft]  snr=+14.0dB [dft]  snr=+16.0dB [dft]  snr=+18.0dB [dft]Done (4.22s)
Estimator batch 818/2000 (active points 6/11) [1h 14m 26s elapsed] ...   snr=+8.0dB [dft]  snr=+10.0dB [dft]  snr=+12.0dB [dft]  snr=+14.0dB [dft]  snr=+16.0dB [dft]  snr=+18.0dB [dft]Done (4.19s)
Estimator batch 819/2000 (active points 6/11) [1h 14m 30s elapsed] ...   snr=+8.0dB [dft]  snr=+10.0dB [dft]  snr=+12.0dB [dft]  snr=+14.0dB [dft]  snr=+16.0dB [dft]  snr=+18.0dB [dft]Done (4.18s)
Estimator batch 820/2000 (active points 6/11) [1h 14m 34s elapsed] ...   snr=+8.0dB [dft]  snr=+10.0dB [dft]  snr=+12.0dB [dft]  snr=+14.0dB [dft]  snr=+16.0dB [dft]  snr=+18.0dB [dft]Done (4.20s)
Estimator batch 821/2000 (active points 6/11) [1h 14m 38s elapsed] ...   snr=+8.0dB [dft]  snr=+10.0dB [dft]  snr=+12.0dB [dft]  snr=+14.0dB [dft]  snr=+16.0dB [dft]  snr=+18.0dB [dft]Done (4.18s)
Estimator batch 822/2000 (active points 6/11) [1h 14m 42s elapsed] ...   snr=+8.0dB [dft]  snr=+10.0dB [dft]  snr=+12.0dB [dft]  snr=+14.0dB [dft]  snr=+16.0dB [dft]  snr=+18.0dB [dft]Done (4.20s)
Estimator batch 823/2000 (active points 6/11) [1h 14m 47s elapsed] ...   snr=+8.0dB [dft]  snr=+10.0dB [dft]  snr=+12.0dB [dft]  snr=+14.0dB [dft]  snr=+16.0dB [dft]  snr=+18.0dB [dft]Done (4.20s)
Estimator batch 824/2000 (active points 6/11) [1h 14m 51s elapsed] ...   snr=+8.0dB [dft]  snr=+10.0dB [dft]  snr=+12.0dB [dft]  snr=+14.0dB [dft]  snr=+16.0dB [dft]  snr=+18.0dB [dft]Done (4.19s)
Estimator batch 825/2000 (active points 6/11) [1h 14m 55s elapsed] ...   snr=+8.0dB [dft]  snr=+10.0dB [dft]  snr=+12.0dB [dft]  snr=+14.0dB [dft]  snr=+16.0dB [dft]  snr=+18.0dB [dft]Done (4.21s)
Estimator batch 826/2000 (active points 6/11) [1h 14m 59s elapsed] ...   snr=+8.0dB [dft]  snr=+10.0dB [dft]  snr=+12.0dB [dft]  snr=+14.0dB [dft]  snr=+16.0dB [dft]  snr=+18.0dB [dft]Done (4.17s)
Estimator batch 827/2000 (active points 6/11) [1h 15m 03s elapsed] ...   snr=+8.0dB [dft]  snr=+10.0dB [dft]  snr=+12.0dB [dft]  snr=+14.0dB [dft]  snr=+16.0dB [dft]  snr=+18.0dB [dft]Done (4.20s)
Estimator batch 828/2000 (active points 6/11) [1h 15m 08s elapsed] ...   snr=+8.0dB [dft]  snr=+10.0dB [dft]  snr=+12.0dB [dft]  snr=+14.0dB [dft]  snr=+16.0dB [dft]  snr=+18.0dB [dft]Done (4.15s)
Estimator batch 829/2000 (active points 6/11) [1h 15m 12s elapsed] ...   snr=+8.0dB [dft]  snr=+10.0dB [dft]  snr=+12.0dB [dft]  snr=+14.0dB [dft]  snr=+16.0dB [dft]  snr=+18.0dB [dft]Done (4.14s)
Estimator batch 830/2000 (active points 6/11) [1h 15m 16s elapsed] ...   snr=+8.0dB [dft]  snr=+10.0dB [dft]  snr=+12.0dB [dft]  snr=+14.0dB [dft]  snr=+16.0dB [dft]  snr=+18.0dB [dft]Done (4.16s)
Estimator batch 831/2000 (active points 6/11) [1h 15m 20s elapsed] ...   snr=+8.0dB [dft]  snr=+10.0dB [dft]  snr=+12.0dB [dft]  snr=+14.0dB [dft]  snr=+16.0dB [dft]  snr=+18.0dB [dft]Done (4.15s)
Estimator batch 832/2000 (active points 6/11) [1h 15m 24s elapsed] ...   snr=+8.0dB [dft]  snr=+10.0dB [dft]  snr=+12.0dB [dft]  snr=+14.0dB [dft]  snr=+16.0dB [dft]  snr=+18.0dB [dft]Done (4.17s)
Estimator batch 833/2000 (active points 6/11) [1h 15m 28s elapsed] ...   snr=+8.0dB [dft]  snr=+10.0dB [dft]  snr=+12.0dB [dft]  snr=+14.0dB [dft]  snr=+16.0dB [dft]  snr=+18.0dB [dft]Done (4.14s)
Estimator batch 834/2000 (active points 6/11) [1h 15m 33s elapsed] ...   snr=+8.0dB [dft]  snr=+10.0dB [dft]  snr=+12.0dB [dft]  snr=+14.0dB [dft]  snr=+16.0dB [dft]  snr=+18.0dB [dft]Done (4.16s)
Estimator batch 835/2000 (active points 6/11) [1h 15m 37s elapsed] ...   snr=+8.0dB [dft]  snr=+10.0dB [dft]  snr=+12.0dB [dft]  snr=+14.0dB [dft]  snr=+16.0dB [dft]  snr=+18.0dB [dft]Done (4.15s)
Estimator batch 836/2000 (active points 6/11) [1h 15m 41s elapsed] ...   snr=+8.0dB [dft]  snr=+10.0dB [dft]  snr=+12.0dB [dft]  snr=+14.0dB [dft]  snr=+16.0dB [dft]  snr=+18.0dB [dft]Done (4.16s)
Estimator batch 837/2000 (active points 6/11) [1h 15m 45s elapsed] ...   snr=+8.0dB [dft]  snr=+10.0dB [dft]  snr=+12.0dB [dft]  snr=+14.0dB [dft]  snr=+16.0dB [dft]  snr=+18.0dB [dft]Done (4.19s)
Estimator batch 838/2000 (active points 6/11) [1h 15m 49s elapsed] ...   snr=+8.0dB [dft]  snr=+10.0dB [dft]  snr=+12.0dB [dft]  snr=+14.0dB [dft]  snr=+16.0dB [dft]  snr=+18.0dB [dft]Done (4.15s)
Estimator batch 839/2000 (active points 6/11) [1h 15m 53s elapsed] ...   snr=+8.0dB [dft]  snr=+10.0dB [dft]  snr=+12.0dB [dft]  snr=+14.0dB [dft]  snr=+16.0dB [dft]  snr=+18.0dB [dft]Done (4.15s)
Estimator batch 840/2000 (active points 6/11) [1h 15m 58s elapsed] ...   snr=+8.0dB [dft]  snr=+10.0dB [dft]  snr=+12.0dB [dft]  snr=+14.0dB [dft]  snr=+16.0dB [dft]  snr=+18.0dB [dft]Done (4.12s)
Estimator batch 841/2000 (active points 6/11) [1h 16m 02s elapsed] ...   snr=+8.0dB [dft]  snr=+10.0dB [dft]  snr=+12.0dB [dft]  snr=+14.0dB [dft]  snr=+16.0dB [dft]  snr=+18.0dB [dft]Done (4.15s)
Estimator batch 842/2000 (active points 6/11) [1h 16m 06s elapsed] ...   snr=+8.0dB [dft]  snr=+10.0dB [dft]  snr=+12.0dB [dft]  snr=+14.0dB [dft]  snr=+16.0dB [dft]  snr=+18.0dB [dft]Done (4.22s)
Estimator batch 843/2000 (active points 6/11) [1h 16m 10s elapsed] ...   snr=+8.0dB [dft]  snr=+10.0dB [dft]  snr=+12.0dB [dft]  snr=+14.0dB [dft]  snr=+16.0dB [dft]  snr=+18.0dB [dft]Done (4.29s)
Estimator batch 844/2000 (active points 6/11) [1h 16m 14s elapsed] ...   snr=+8.0dB [dft]  snr=+10.0dB [dft]  snr=+12.0dB [dft]  snr=+14.0dB [dft]  snr=+16.0dB [dft]  snr=+18.0dB [dft]Done (4.24s)
Estimator batch 845/2000 (active points 6/11) [1h 16m 19s elapsed] ...   snr=+8.0dB [dft]  snr=+10.0dB [dft]  snr=+12.0dB [dft]  snr=+14.0dB [dft]  snr=+16.0dB [dft]  snr=+18.0dB [dft]Done (4.15s)
Estimator batch 846/2000 (active points 6/11) [1h 16m 23s elapsed] ...   snr=+8.0dB [dft]  snr=+10.0dB [dft]  snr=+12.0dB [dft]  snr=+14.0dB [dft]  snr=+16.0dB [dft]  snr=+18.0dB [dft]Done (4.19s)
Estimator batch 847/2000 (active points 6/11) [1h 16m 27s elapsed] ...   snr=+8.0dB [dft]  snr=+10.0dB [dft]  snr=+12.0dB [dft]  snr=+14.0dB [dft]  snr=+16.0dB [dft]  snr=+18.0dB [dft]Done (4.14s)
Estimator batch 848/2000 (active points 6/11) [1h 16m 31s elapsed] ...   snr=+8.0dB [dft]  snr=+10.0dB [dft]  snr=+12.0dB [dft]  snr=+14.0dB [dft]  snr=+16.0dB [dft]  snr=+18.0dB [dft]Done (4.13s)
Estimator batch 849/2000 (active points 6/11) [1h 16m 35s elapsed] ...   snr=+8.0dB [dft]  snr=+10.0dB [dft]  snr=+12.0dB [dft]  snr=+14.0dB [dft]  snr=+16.0dB [dft]  snr=+18.0dB [dft]Done (4.14s)
Estimator batch 850/2000 (active points 6/11) [1h 16m 39s elapsed] ...   snr=+8.0dB [dft]  snr=+10.0dB [dft]  snr=+12.0dB [dft]  snr=+14.0dB [dft]  snr=+16.0dB [dft]  snr=+18.0dB [dft]Done (4.14s)
Estimator batch 851/2000 (active points 6/11) [1h 16m 43s elapsed] ...   snr=+8.0dB [dft]  snr=+10.0dB [dft]  snr=+12.0dB [dft]  snr=+14.0dB [dft]  snr=+16.0dB [dft]  snr=+18.0dB [dft]Done (4.15s)
Estimator batch 852/2000 (active points 6/11) [1h 16m 48s elapsed] ...   snr=+8.0dB [dft]  snr=+10.0dB [dft]  snr=+12.0dB [dft]  snr=+14.0dB [dft]  snr=+16.0dB [dft]  snr=+18.0dB [dft]Done (4.12s)
Estimator batch 853/2000 (active points 6/11) [1h 16m 52s elapsed] ...   snr=+8.0dB [dft]  snr=+10.0dB [dft]  snr=+12.0dB [dft]  snr=+14.0dB [dft]  snr=+16.0dB [dft]  snr=+18.0dB [dft]Done (4.16s)
Estimator batch 854/2000 (active points 6/11) [1h 16m 56s elapsed] ...   snr=+8.0dB [dft]  snr=+10.0dB [dft]  snr=+12.0dB [dft]  snr=+14.0dB [dft]  snr=+16.0dB [dft]  snr=+18.0dB [dft]Done (4.13s)
Estimator batch 855/2000 (active points 6/11) [1h 17m 00s elapsed] ...   snr=+8.0dB [dft]  snr=+10.0dB [dft]  snr=+12.0dB [dft]  snr=+14.0dB [dft]  snr=+16.0dB [dft]  snr=+18.0dB [dft]Done (4.13s)
Estimator batch 856/2000 (active points 6/11) [1h 17m 04s elapsed] ...   snr=+8.0dB [dft]  snr=+10.0dB [dft]  snr=+12.0dB [dft]  snr=+14.0dB [dft]  snr=+16.0dB [dft]  snr=+18.0dB [dft]Done (4.15s)
Estimator batch 857/2000 (active points 6/11) [1h 17m 08s elapsed] ...   snr=+8.0dB [dft]  snr=+10.0dB [dft]  snr=+12.0dB [dft]  snr=+14.0dB [dft]  snr=+16.0dB [dft]  snr=+18.0dB [dft]Done (4.13s)
Estimator batch 858/2000 (active points 6/11) [1h 17m 12s elapsed] ...   snr=+8.0dB [dft]  snr=+10.0dB [dft]  snr=+12.0dB [dft]  snr=+14.0dB [dft]  snr=+16.0dB [dft]  snr=+18.0dB [dft]Done (4.12s)
Estimator batch 859/2000 (active points 6/11) [1h 17m 17s elapsed] ...   snr=+8.0dB [dft]  snr=+10.0dB [dft]  snr=+12.0dB [dft]  snr=+14.0dB [dft]  snr=+16.0dB [dft]  snr=+18.0dB [dft]Done (4.13s)
Estimator batch 860/2000 (active points 6/11) [1h 17m 21s elapsed] ...   snr=+8.0dB [dft]  snr=+10.0dB [dft]  snr=+12.0dB [dft]  snr=+14.0dB [dft]  snr=+16.0dB [dft]  snr=+18.0dB [dft]Done (4.16s)
Estimator batch 861/2000 (active points 6/11) [1h 17m 25s elapsed] ...   snr=+8.0dB [dft]  snr=+10.0dB [dft]  snr=+12.0dB [dft]  snr=+14.0dB [dft]  snr=+16.0dB [dft]  snr=+18.0dB [dft]Done (4.13s)
Estimator batch 862/2000 (active points 6/11) [1h 17m 29s elapsed] ...   snr=+8.0dB [dft]  snr=+10.0dB [dft]  snr=+12.0dB [dft]  snr=+14.0dB [dft]  snr=+16.0dB [dft]  snr=+18.0dB [dft]Done (4.12s)
Estimator batch 863/2000 (active points 6/11) [1h 17m 33s elapsed] ...   snr=+8.0dB [dft]  snr=+10.0dB [dft]  snr=+12.0dB [dft]  snr=+14.0dB [dft]  snr=+16.0dB [dft]  snr=+18.0dB [dft]Done (4.14s)
Estimator batch 864/2000 (active points 6/11) [1h 17m 37s elapsed] ...   snr=+8.0dB [dft]  snr=+10.0dB [dft]  snr=+12.0dB [dft]  snr=+14.0dB [dft]  snr=+16.0dB [dft]  snr=+18.0dB [dft]Done (4.13s)
Estimator batch 865/2000 (active points 6/11) [1h 17m 41s elapsed] ...   snr=+8.0dB [dft]  snr=+10.0dB [dft]  snr=+12.0dB [dft]  snr=+14.0dB [dft]  snr=+16.0dB [dft]  snr=+18.0dB [dft]Done (4.13s)
Estimator batch 866/2000 (active points 6/11) [1h 17m 45s elapsed] ...   snr=+8.0dB [dft]  snr=+10.0dB [dft]  snr=+12.0dB [dft]  snr=+14.0dB [dft]  snr=+16.0dB [dft]  snr=+18.0dB [dft]Done (4.14s)
Estimator batch 867/2000 (active points 5/11) [1h 17m 50s elapsed] ...   snr=+8.0dB [dft]  snr=+10.0dB [dft]  snr=+12.0dB [dft]  snr=+14.0dB [dft]  snr=+16.0dB [dft]Done (3.44s)
Estimator batch 868/2000 (active points 5/11) [1h 17m 53s elapsed] ...   snr=+8.0dB [dft]  snr=+10.0dB [dft]  snr=+12.0dB [dft]  snr=+14.0dB [dft]  snr=+16.0dB [dft]Done (3.46s)
Estimator batch 869/2000 (active points 5/11) [1h 17m 57s elapsed] ...   snr=+8.0dB [dft]  snr=+10.0dB [dft]  snr=+12.0dB [dft]  snr=+14.0dB [dft]  snr=+16.0dB [dft]Done (3.46s)
Estimator batch 870/2000 (active points 5/11) [1h 18m 00s elapsed] ...   snr=+8.0dB [dft]  snr=+10.0dB [dft]  snr=+12.0dB [dft]  snr=+14.0dB [dft]  snr=+16.0dB [dft]Done (3.43s)
Estimator batch 871/2000 (active points 5/11) [1h 18m 03s elapsed] ...   snr=+8.0dB [dft]  snr=+10.0dB [dft]  snr=+12.0dB [dft]  snr=+14.0dB [dft]  snr=+16.0dB [dft]Done (3.47s)
Estimator batch 872/2000 (active points 5/11) [1h 18m 07s elapsed] ...   snr=+8.0dB [dft]  snr=+10.0dB [dft]  snr=+12.0dB [dft]  snr=+14.0dB [dft]  snr=+16.0dB [dft]Done (3.44s)
Estimator batch 873/2000 (active points 5/11) [1h 18m 10s elapsed] ...   snr=+8.0dB [dft]  snr=+10.0dB [dft]  snr=+12.0dB [dft]  snr=+14.0dB [dft]  snr=+16.0dB [dft]Done (3.43s)
Estimator batch 874/2000 (active points 5/11) [1h 18m 14s elapsed] ...   snr=+8.0dB [dft]  snr=+10.0dB [dft]  snr=+12.0dB [dft]  snr=+14.0dB [dft]  snr=+16.0dB [dft]Done (3.44s)
Estimator batch 875/2000 (active points 5/11) [1h 18m 17s elapsed] ...   snr=+8.0dB [dft]  snr=+10.0dB [dft]  snr=+12.0dB [dft]  snr=+14.0dB [dft]  snr=+16.0dB [dft]Done (3.44s)
Estimator batch 876/2000 (active points 5/11) [1h 18m 21s elapsed] ...   snr=+8.0dB [dft]  snr=+10.0dB [dft]  snr=+12.0dB [dft]  snr=+14.0dB [dft]  snr=+16.0dB [dft]Done (3.45s)
Estimator batch 877/2000 (active points 5/11) [1h 18m 24s elapsed] ...   snr=+8.0dB [dft]  snr=+10.0dB [dft]  snr=+12.0dB [dft]  snr=+14.0dB [dft]  snr=+16.0dB [dft]Done (3.47s)
Estimator batch 878/2000 (active points 5/11) [1h 18m 28s elapsed] ...   snr=+8.0dB [dft]  snr=+10.0dB [dft]  snr=+12.0dB [dft]  snr=+14.0dB [dft]  snr=+16.0dB [dft]Done (3.44s)
Estimator batch 879/2000 (active points 5/11) [1h 18m 31s elapsed] ...   snr=+8.0dB [dft]  snr=+10.0dB [dft]  snr=+12.0dB [dft]  snr=+14.0dB [dft]  snr=+16.0dB [dft]Done (3.43s)
Estimator batch 880/2000 (active points 5/11) [1h 18m 34s elapsed] ...   snr=+8.0dB [dft]  snr=+10.0dB [dft]  snr=+12.0dB [dft]  snr=+14.0dB [dft]  snr=+16.0dB [dft]Done (3.45s)
Estimator batch 881/2000 (active points 5/11) [1h 18m 38s elapsed] ...   snr=+8.0dB [dft]  snr=+10.0dB [dft]  snr=+12.0dB [dft]  snr=+14.0dB [dft]  snr=+16.0dB [dft]Done (3.44s)
Estimator batch 882/2000 (active points 5/11) [1h 18m 41s elapsed] ...   snr=+8.0dB [dft]  snr=+10.0dB [dft]  snr=+12.0dB [dft]  snr=+14.0dB [dft]  snr=+16.0dB [dft]Done (3.43s)
Estimator batch 883/2000 (active points 5/11) [1h 18m 45s elapsed] ...   snr=+8.0dB [dft]  snr=+10.0dB [dft]  snr=+12.0dB [dft]  snr=+14.0dB [dft]  snr=+16.0dB [dft]Done (3.44s)
Estimator batch 884/2000 (active points 5/11) [1h 18m 48s elapsed] ...   snr=+8.0dB [dft]  snr=+10.0dB [dft]  snr=+12.0dB [dft]  snr=+14.0dB [dft]  snr=+16.0dB [dft]Done (3.43s)
Estimator batch 885/2000 (active points 5/11) [1h 18m 52s elapsed] ...   snr=+8.0dB [dft]  snr=+10.0dB [dft]  snr=+12.0dB [dft]  snr=+14.0dB [dft]  snr=+16.0dB [dft]Done (3.45s)
Estimator batch 886/2000 (active points 5/11) [1h 18m 55s elapsed] ...   snr=+8.0dB [dft]  snr=+10.0dB [dft]  snr=+12.0dB [dft]  snr=+14.0dB [dft]  snr=+16.0dB [dft]Done (3.44s)
Estimator batch 887/2000 (active points 5/11) [1h 18m 59s elapsed] ...   snr=+8.0dB [dft]  snr=+10.0dB [dft]  snr=+12.0dB [dft]  snr=+14.0dB [dft]  snr=+16.0dB [dft]Done (3.45s)
Estimator batch 888/2000 (active points 5/11) [1h 19m 02s elapsed] ...   snr=+8.0dB [dft]  snr=+10.0dB [dft]  snr=+12.0dB [dft]  snr=+14.0dB [dft]  snr=+16.0dB [dft]Done (3.43s)
Estimator batch 889/2000 (active points 5/11) [1h 19m 05s elapsed] ...   snr=+8.0dB [dft]  snr=+10.0dB [dft]  snr=+12.0dB [dft]  snr=+14.0dB [dft]  snr=+16.0dB [dft]Done (3.45s)
Estimator batch 890/2000 (active points 5/11) [1h 19m 09s elapsed] ...   snr=+8.0dB [dft]  snr=+10.0dB [dft]  snr=+12.0dB [dft]  snr=+14.0dB [dft]  snr=+16.0dB [dft]Done (3.43s)
Estimator batch 891/2000 (active points 5/11) [1h 19m 12s elapsed] ...   snr=+8.0dB [dft]  snr=+10.0dB [dft]  snr=+12.0dB [dft]  snr=+14.0dB [dft]  snr=+16.0dB [dft]Done (3.44s)
Estimator batch 892/2000 (active points 5/11) [1h 19m 16s elapsed] ...   snr=+8.0dB [dft]  snr=+10.0dB [dft]  snr=+12.0dB [dft]  snr=+14.0dB [dft]  snr=+16.0dB [dft]Done (3.44s)
Estimator batch 893/2000 (active points 5/11) [1h 19m 19s elapsed] ...   snr=+8.0dB [dft]  snr=+10.0dB [dft]  snr=+12.0dB [dft]  snr=+14.0dB [dft]  snr=+16.0dB [dft]Done (3.44s)
Estimator batch 894/2000 (active points 5/11) [1h 19m 23s elapsed] ...   snr=+8.0dB [dft]  snr=+10.0dB [dft]  snr=+12.0dB [dft]  snr=+14.0dB [dft]  snr=+16.0dB [dft]Done (3.44s)
Estimator batch 895/2000 (active points 5/11) [1h 19m 26s elapsed] ...   snr=+8.0dB [dft]  snr=+10.0dB [dft]  snr=+12.0dB [dft]  snr=+14.0dB [dft]  snr=+16.0dB [dft]Done (3.44s)
Estimator batch 896/2000 (active points 5/11) [1h 19m 29s elapsed] ...   snr=+8.0dB [dft]  snr=+10.0dB [dft]  snr=+12.0dB [dft]  snr=+14.0dB [dft]  snr=+16.0dB [dft]Done (3.45s)
Estimator batch 897/2000 (active points 5/11) [1h 19m 33s elapsed] ...   snr=+8.0dB [dft]  snr=+10.0dB [dft]  snr=+12.0dB [dft]  snr=+14.0dB [dft]  snr=+16.0dB [dft]Done (3.44s)
Estimator batch 898/2000 (active points 5/11) [1h 19m 36s elapsed] ...   snr=+8.0dB [dft]  snr=+10.0dB [dft]  snr=+12.0dB [dft]  snr=+14.0dB [dft]  snr=+16.0dB [dft]Done (3.44s)
Estimator batch 899/2000 (active points 5/11) [1h 19m 40s elapsed] ...   snr=+8.0dB [dft]  snr=+10.0dB [dft]  snr=+12.0dB [dft]  snr=+14.0dB [dft]  snr=+16.0dB [dft]Done (3.44s)
Estimator batch 900/2000 (active points 5/11) [1h 19m 43s elapsed] ...   snr=+8.0dB [dft]  snr=+10.0dB [dft]  snr=+12.0dB [dft]  snr=+14.0dB [dft]  snr=+16.0dB [dft]Done (3.43s)
Estimator batch 901/2000 (active points 5/11) [1h 19m 47s elapsed] ...   snr=+8.0dB [dft]  snr=+10.0dB [dft]  snr=+12.0dB [dft]  snr=+14.0dB [dft]  snr=+16.0dB [dft]Done (3.43s)
Estimator batch 902/2000 (active points 5/11) [1h 19m 50s elapsed] ...   snr=+8.0dB [dft]  snr=+10.0dB [dft]  snr=+12.0dB [dft]  snr=+14.0dB [dft]  snr=+16.0dB [dft]Done (3.44s)
Estimator batch 903/2000 (active points 5/11) [1h 19m 54s elapsed] ...   snr=+8.0dB [dft]  snr=+10.0dB [dft]  snr=+12.0dB [dft]  snr=+14.0dB [dft]  snr=+16.0dB [dft]Done (3.44s)
Estimator batch 904/2000 (active points 5/11) [1h 19m 57s elapsed] ...   snr=+8.0dB [dft]  snr=+10.0dB [dft]  snr=+12.0dB [dft]  snr=+14.0dB [dft]  snr=+16.0dB [dft]Done (3.44s)
Estimator batch 905/2000 (active points 5/11) [1h 20m 00s elapsed] ...   snr=+8.0dB [dft]  snr=+10.0dB [dft]  snr=+12.0dB [dft]  snr=+14.0dB [dft]  snr=+16.0dB [dft]Done (3.43s)
Estimator batch 906/2000 (active points 5/11) [1h 20m 04s elapsed] ...   snr=+8.0dB [dft]  snr=+10.0dB [dft]  snr=+12.0dB [dft]  snr=+14.0dB [dft]  snr=+16.0dB [dft]Done (3.46s)
Estimator batch 907/2000 (active points 5/11) [1h 20m 07s elapsed] ...   snr=+8.0dB [dft]  snr=+10.0dB [dft]  snr=+12.0dB [dft]  snr=+14.0dB [dft]  snr=+16.0dB [dft]Done (3.43s)
Estimator batch 908/2000 (active points 5/11) [1h 20m 11s elapsed] ...   snr=+8.0dB [dft]  snr=+10.0dB [dft]  snr=+12.0dB [dft]  snr=+14.0dB [dft]  snr=+16.0dB [dft]Done (3.44s)
Estimator batch 909/2000 (active points 5/11) [1h 20m 14s elapsed] ...   snr=+8.0dB [dft]  snr=+10.0dB [dft]  snr=+12.0dB [dft]  snr=+14.0dB [dft]  snr=+16.0dB [dft]Done (3.44s)
Estimator batch 910/2000 (active points 5/11) [1h 20m 18s elapsed] ...   snr=+8.0dB [dft]  snr=+10.0dB [dft]  snr=+12.0dB [dft]  snr=+14.0dB [dft]  snr=+16.0dB [dft]Done (3.43s)
Estimator batch 911/2000 (active points 5/11) [1h 20m 21s elapsed] ...   snr=+8.0dB [dft]  snr=+10.0dB [dft]  snr=+12.0dB [dft]  snr=+14.0dB [dft]  snr=+16.0dB [dft]Done (3.46s)
Estimator batch 912/2000 (active points 5/11) [1h 20m 25s elapsed] ...   snr=+8.0dB [dft]  snr=+10.0dB [dft]  snr=+12.0dB [dft]  snr=+14.0dB [dft]  snr=+16.0dB [dft]Done (3.47s)
Estimator batch 913/2000 (active points 5/11) [1h 20m 28s elapsed] ...   snr=+8.0dB [dft]  snr=+10.0dB [dft]  snr=+12.0dB [dft]  snr=+14.0dB [dft]  snr=+16.0dB [dft]Done (3.43s)
Estimator batch 914/2000 (active points 5/11) [1h 20m 31s elapsed] ...   snr=+8.0dB [dft]  snr=+10.0dB [dft]  snr=+12.0dB [dft]  snr=+14.0dB [dft]  snr=+16.0dB [dft]Done (3.45s)
Estimator batch 915/2000 (active points 5/11) [1h 20m 35s elapsed] ...   snr=+8.0dB [dft]  snr=+10.0dB [dft]  snr=+12.0dB [dft]  snr=+14.0dB [dft]  snr=+16.0dB [dft]Done (3.46s)
Estimator batch 916/2000 (active points 5/11) [1h 20m 38s elapsed] ...   snr=+8.0dB [dft]  snr=+10.0dB [dft]  snr=+12.0dB [dft]  snr=+14.0dB [dft]  snr=+16.0dB [dft]Done (3.44s)
Estimator batch 917/2000 (active points 5/11) [1h 20m 42s elapsed] ...   snr=+8.0dB [dft]  snr=+10.0dB [dft]  snr=+12.0dB [dft]  snr=+14.0dB [dft]  snr=+16.0dB [dft]Done (3.48s)
Estimator batch 918/2000 (active points 5/11) [1h 20m 45s elapsed] ...   snr=+8.0dB [dft]  snr=+10.0dB [dft]  snr=+12.0dB [dft]  snr=+14.0dB [dft]  snr=+16.0dB [dft]Done (3.46s)
Estimator batch 919/2000 (active points 5/11) [1h 20m 49s elapsed] ...   snr=+8.0dB [dft]  snr=+10.0dB [dft]  snr=+12.0dB [dft]  snr=+14.0dB [dft]  snr=+16.0dB [dft]Done (3.43s)
Estimator batch 920/2000 (active points 5/11) [1h 20m 52s elapsed] ...   snr=+8.0dB [dft]  snr=+10.0dB [dft]  snr=+12.0dB [dft]  snr=+14.0dB [dft]  snr=+16.0dB [dft]Done (3.45s)
Estimator batch 921/2000 (active points 5/11) [1h 20m 56s elapsed] ...   snr=+8.0dB [dft]  snr=+10.0dB [dft]  snr=+12.0dB [dft]  snr=+14.0dB [dft]  snr=+16.0dB [dft]Done (3.46s)
Estimator batch 922/2000 (active points 5/11) [1h 20m 59s elapsed] ...   snr=+8.0dB [dft]  snr=+10.0dB [dft]  snr=+12.0dB [dft]  snr=+14.0dB [dft]  snr=+16.0dB [dft]Done (3.45s)
Estimator batch 923/2000 (active points 5/11) [1h 21m 03s elapsed] ...   snr=+8.0dB [dft]  snr=+10.0dB [dft]  snr=+12.0dB [dft]  snr=+14.0dB [dft]  snr=+16.0dB [dft]Done (3.43s)
Estimator batch 924/2000 (active points 5/11) [1h 21m 06s elapsed] ...   snr=+8.0dB [dft]  snr=+10.0dB [dft]  snr=+12.0dB [dft]  snr=+14.0dB [dft]  snr=+16.0dB [dft]Done (3.49s)
Estimator batch 925/2000 (active points 5/11) [1h 21m 09s elapsed] ...   snr=+8.0dB [dft]  snr=+10.0dB [dft]  snr=+12.0dB [dft]  snr=+14.0dB [dft]  snr=+16.0dB [dft]Done (3.46s)
Estimator batch 926/2000 (active points 5/11) [1h 21m 13s elapsed] ...   snr=+8.0dB [dft]  snr=+10.0dB [dft]  snr=+12.0dB [dft]  snr=+14.0dB [dft]  snr=+16.0dB [dft]Done (3.45s)
Estimator batch 927/2000 (active points 5/11) [1h 21m 16s elapsed] ...   snr=+8.0dB [dft]  snr=+10.0dB [dft]  snr=+12.0dB [dft]  snr=+14.0dB [dft]  snr=+16.0dB [dft]Done (3.44s)
Estimator batch 928/2000 (active points 5/11) [1h 21m 20s elapsed] ...   snr=+8.0dB [dft]  snr=+10.0dB [dft]  snr=+12.0dB [dft]  snr=+14.0dB [dft]  snr=+16.0dB [dft]Done (3.47s)
Estimator batch 929/2000 (active points 5/11) [1h 21m 23s elapsed] ...   snr=+8.0dB [dft]  snr=+10.0dB [dft]  snr=+12.0dB [dft]  snr=+14.0dB [dft]  snr=+16.0dB [dft]Done (3.49s)
Estimator batch 930/2000 (active points 5/11) [1h 21m 27s elapsed] ...   snr=+8.0dB [dft]  snr=+10.0dB [dft]  snr=+12.0dB [dft]  snr=+14.0dB [dft]  snr=+16.0dB [dft]Done (3.43s)
Estimator batch 931/2000 (active points 5/11) [1h 21m 30s elapsed] ...   snr=+8.0dB [dft]  snr=+10.0dB [dft]  snr=+12.0dB [dft]  snr=+14.0dB [dft]  snr=+16.0dB [dft]Done (3.45s)
Estimator batch 932/2000 (active points 5/11) [1h 21m 34s elapsed] ...   snr=+8.0dB [dft]  snr=+10.0dB [dft]  snr=+12.0dB [dft]  snr=+14.0dB [dft]  snr=+16.0dB [dft]Done (3.45s)
Estimator batch 933/2000 (active points 5/11) [1h 21m 37s elapsed] ...   snr=+8.0dB [dft]  snr=+10.0dB [dft]  snr=+12.0dB [dft]  snr=+14.0dB [dft]  snr=+16.0dB [dft]Done (3.44s)
Estimator batch 934/2000 (active points 5/11) [1h 21m 41s elapsed] ...   snr=+8.0dB [dft]  snr=+10.0dB [dft]  snr=+12.0dB [dft]  snr=+14.0dB [dft]  snr=+16.0dB [dft]Done (3.44s)
Estimator batch 935/2000 (active points 5/11) [1h 21m 44s elapsed] ...   snr=+8.0dB [dft]  snr=+10.0dB [dft]  snr=+12.0dB [dft]  snr=+14.0dB [dft]  snr=+16.0dB [dft]Done (3.45s)
Estimator batch 936/2000 (active points 5/11) [1h 21m 47s elapsed] ...   snr=+8.0dB [dft]  snr=+10.0dB [dft]  snr=+12.0dB [dft]  snr=+14.0dB [dft]  snr=+16.0dB [dft]Done (3.44s)
Estimator batch 937/2000 (active points 5/11) [1h 21m 51s elapsed] ...   snr=+8.0dB [dft]  snr=+10.0dB [dft]  snr=+12.0dB [dft]  snr=+14.0dB [dft]  snr=+16.0dB [dft]Done (3.44s)
Estimator batch 938/2000 (active points 5/11) [1h 21m 54s elapsed] ...   snr=+8.0dB [dft]  snr=+10.0dB [dft]  snr=+12.0dB [dft]  snr=+14.0dB [dft]  snr=+16.0dB [dft]Done (3.44s)
Estimator batch 939/2000 (active points 5/11) [1h 21m 58s elapsed] ...   snr=+8.0dB [dft]  snr=+10.0dB [dft]  snr=+12.0dB [dft]  snr=+14.0dB [dft]  snr=+16.0dB [dft]Done (3.44s)
Estimator batch 940/2000 (active points 5/11) [1h 22m 01s elapsed] ...   snr=+8.0dB [dft]  snr=+10.0dB [dft]  snr=+12.0dB [dft]  snr=+14.0dB [dft]  snr=+16.0dB [dft]Done (3.44s)
Estimator batch 941/2000 (active points 5/11) [1h 22m 05s elapsed] ...   snr=+8.0dB [dft]  snr=+10.0dB [dft]  snr=+12.0dB [dft]  snr=+14.0dB [dft]  snr=+16.0dB [dft]Done (3.44s)
Estimator batch 942/2000 (active points 5/11) [1h 22m 08s elapsed] ...   snr=+8.0dB [dft]  snr=+10.0dB [dft]  snr=+12.0dB [dft]  snr=+14.0dB [dft]  snr=+16.0dB [dft]Done (3.46s)
Estimator batch 943/2000 (active points 5/11) [1h 22m 12s elapsed] ...   snr=+8.0dB [dft]  snr=+10.0dB [dft]  snr=+12.0dB [dft]  snr=+14.0dB [dft]  snr=+16.0dB [dft]Done (3.47s)
Estimator batch 944/2000 (active points 5/11) [1h 22m 15s elapsed] ...   snr=+8.0dB [dft]  snr=+10.0dB [dft]  snr=+12.0dB [dft]  snr=+14.0dB [dft]  snr=+16.0dB [dft]Done (3.48s)
Estimator batch 945/2000 (active points 5/11) [1h 22m 18s elapsed] ...   snr=+8.0dB [dft]  snr=+10.0dB [dft]  snr=+12.0dB [dft]  snr=+14.0dB [dft]  snr=+16.0dB [dft]Done (3.45s)
Estimator batch 946/2000 (active points 5/11) [1h 22m 22s elapsed] ...   snr=+8.0dB [dft]  snr=+10.0dB [dft]  snr=+12.0dB [dft]  snr=+14.0dB [dft]  snr=+16.0dB [dft]Done (3.64s)
Estimator batch 947/2000 (active points 5/11) [1h 22m 26s elapsed] ...   snr=+8.0dB [dft]  snr=+10.0dB [dft]  snr=+12.0dB [dft]  snr=+14.0dB [dft]  snr=+16.0dB [dft]Done (3.77s)
Estimator batch 948/2000 (active points 5/11) [1h 22m 29s elapsed] ...   snr=+8.0dB [dft]  snr=+10.0dB [dft]  snr=+12.0dB [dft]  snr=+14.0dB [dft]  snr=+16.0dB [dft]Done (3.49s)
Estimator batch 949/2000 (active points 5/11) [1h 22m 33s elapsed] ...   snr=+8.0dB [dft]  snr=+10.0dB [dft]  snr=+12.0dB [dft]  snr=+14.0dB [dft]  snr=+16.0dB [dft]Done (3.45s)
Estimator batch 950/2000 (active points 5/11) [1h 22m 36s elapsed] ...   snr=+8.0dB [dft]  snr=+10.0dB [dft]  snr=+12.0dB [dft]  snr=+14.0dB [dft]  snr=+16.0dB [dft]Done (3.46s)
Estimator batch 951/2000 (active points 5/11) [1h 22m 40s elapsed] ...   snr=+8.0dB [dft]  snr=+10.0dB [dft]  snr=+12.0dB [dft]  snr=+14.0dB [dft]  snr=+16.0dB [dft]Done (3.47s)
Estimator batch 952/2000 (active points 5/11) [1h 22m 43s elapsed] ...   snr=+8.0dB [dft]  snr=+10.0dB [dft]  snr=+12.0dB [dft]  snr=+14.0dB [dft]  snr=+16.0dB [dft]Done (3.63s)
Estimator batch 953/2000 (active points 5/11) [1h 22m 47s elapsed] ...   snr=+8.0dB [dft]  snr=+10.0dB [dft]  snr=+12.0dB [dft]  snr=+14.0dB [dft]  snr=+16.0dB [dft]Done (3.45s)
Estimator batch 954/2000 (active points 5/11) [1h 22m 50s elapsed] ...   snr=+8.0dB [dft]  snr=+10.0dB [dft]  snr=+12.0dB [dft]  snr=+14.0dB [dft]  snr=+16.0dB [dft]Done (3.44s)
Estimator batch 955/2000 (active points 5/11) [1h 22m 54s elapsed] ...   snr=+8.0dB [dft]  snr=+10.0dB [dft]  snr=+12.0dB [dft]  snr=+14.0dB [dft]  snr=+16.0dB [dft]Done (3.93s)
Estimator batch 956/2000 (active points 5/11) [1h 22m 58s elapsed] ...   snr=+8.0dB [dft]  snr=+10.0dB [dft]  snr=+12.0dB [dft]  snr=+14.0dB [dft]  snr=+16.0dB [dft]Done (3.46s)
Estimator batch 957/2000 (active points 5/11) [1h 23m 01s elapsed] ...   snr=+8.0dB [dft]  snr=+10.0dB [dft]  snr=+12.0dB [dft]  snr=+14.0dB [dft]  snr=+16.0dB [dft]Done (3.56s)
Estimator batch 958/2000 (active points 5/11) [1h 23m 05s elapsed] ...   snr=+8.0dB [dft]  snr=+10.0dB [dft]  snr=+12.0dB [dft]  snr=+14.0dB [dft]  snr=+16.0dB [dft]Done (3.46s)
Estimator batch 959/2000 (active points 5/11) [1h 23m 08s elapsed] ...   snr=+8.0dB [dft]  snr=+10.0dB [dft]  snr=+12.0dB [dft]  snr=+14.0dB [dft]  snr=+16.0dB [dft]Done (3.44s)
Estimator batch 960/2000 (active points 5/11) [1h 23m 12s elapsed] ...   snr=+8.0dB [dft]  snr=+10.0dB [dft]  snr=+12.0dB [dft]  snr=+14.0dB [dft]  snr=+16.0dB [dft]Done (3.44s)
Estimator batch 961/2000 (active points 5/11) [1h 23m 15s elapsed] ...   snr=+8.0dB [dft]  snr=+10.0dB [dft]  snr=+12.0dB [dft]  snr=+14.0dB [dft]  snr=+16.0dB [dft]Done (3.48s)
Estimator batch 962/2000 (active points 5/11) [1h 23m 19s elapsed] ...   snr=+8.0dB [dft]  snr=+10.0dB [dft]  snr=+12.0dB [dft]  snr=+14.0dB [dft]  snr=+16.0dB [dft]Done (3.45s)
Estimator batch 963/2000 (active points 5/11) [1h 23m 22s elapsed] ...   snr=+8.0dB [dft]  snr=+10.0dB [dft]  snr=+12.0dB [dft]  snr=+14.0dB [dft]  snr=+16.0dB [dft]Done (3.51s)
Estimator batch 964/2000 (active points 5/11) [1h 23m 25s elapsed] ...   snr=+8.0dB [dft]  snr=+10.0dB [dft]  snr=+12.0dB [dft]  snr=+14.0dB [dft]  snr=+16.0dB [dft]Done (3.45s)
Estimator batch 965/2000 (active points 5/11) [1h 23m 29s elapsed] ...   snr=+8.0dB [dft]  snr=+10.0dB [dft]  snr=+12.0dB [dft]  snr=+14.0dB [dft]  snr=+16.0dB [dft]Done (3.44s)
Estimator batch 966/2000 (active points 5/11) [1h 23m 32s elapsed] ...   snr=+8.0dB [dft]  snr=+10.0dB [dft]  snr=+12.0dB [dft]  snr=+14.0dB [dft]  snr=+16.0dB [dft]Done (3.44s)
Estimator batch 967/2000 (active points 5/11) [1h 23m 36s elapsed] ...   snr=+8.0dB [dft]  snr=+10.0dB [dft]  snr=+12.0dB [dft]  snr=+14.0dB [dft]  snr=+16.0dB [dft]Done (3.47s)
Estimator batch 968/2000 (active points 5/11) [1h 23m 39s elapsed] ...   snr=+8.0dB [dft]  snr=+10.0dB [dft]  snr=+12.0dB [dft]  snr=+14.0dB [dft]  snr=+16.0dB [dft]Done (3.46s)
Estimator batch 969/2000 (active points 5/11) [1h 23m 43s elapsed] ...   snr=+8.0dB [dft]  snr=+10.0dB [dft]  snr=+12.0dB [dft]  snr=+14.0dB [dft]  snr=+16.0dB [dft]Done (3.45s)
Estimator batch 970/2000 (active points 5/11) [1h 23m 46s elapsed] ...   snr=+8.0dB [dft]  snr=+10.0dB [dft]  snr=+12.0dB [dft]  snr=+14.0dB [dft]  snr=+16.0dB [dft]Done (3.43s)
Estimator batch 971/2000 (active points 5/11) [1h 23m 50s elapsed] ...   snr=+8.0dB [dft]  snr=+10.0dB [dft]  snr=+12.0dB [dft]  snr=+14.0dB [dft]  snr=+16.0dB [dft]Done (3.45s)
Estimator batch 972/2000 (active points 5/11) [1h 23m 53s elapsed] ...   snr=+8.0dB [dft]  snr=+10.0dB [dft]  snr=+12.0dB [dft]  snr=+14.0dB [dft]  snr=+16.0dB [dft]Done (3.46s)
Estimator batch 973/2000 (active points 5/11) [1h 23m 57s elapsed] ...   snr=+8.0dB [dft]  snr=+10.0dB [dft]  snr=+12.0dB [dft]  snr=+14.0dB [dft]  snr=+16.0dB [dft]Done (3.44s)
Estimator batch 974/2000 (active points 5/11) [1h 24m 00s elapsed] ...   snr=+8.0dB [dft]  snr=+10.0dB [dft]  snr=+12.0dB [dft]  snr=+14.0dB [dft]  snr=+16.0dB [dft]Done (3.44s)
Estimator batch 975/2000 (active points 5/11) [1h 24m 03s elapsed] ...   snr=+8.0dB [dft]  snr=+10.0dB [dft]  snr=+12.0dB [dft]  snr=+14.0dB [dft]  snr=+16.0dB [dft]Done (3.45s)
Estimator batch 976/2000 (active points 5/11) [1h 24m 07s elapsed] ...   snr=+8.0dB [dft]  snr=+10.0dB [dft]  snr=+12.0dB [dft]  snr=+14.0dB [dft]  snr=+16.0dB [dft]Done (3.44s)
Estimator batch 977/2000 (active points 5/11) [1h 24m 10s elapsed] ...   snr=+8.0dB [dft]  snr=+10.0dB [dft]  snr=+12.0dB [dft]  snr=+14.0dB [dft]  snr=+16.0dB [dft]Done (3.44s)
Estimator batch 978/2000 (active points 5/11) [1h 24m 14s elapsed] ...   snr=+8.0dB [dft]  snr=+10.0dB [dft]  snr=+12.0dB [dft]  snr=+14.0dB [dft]  snr=+16.0dB [dft]Done (3.46s)
Estimator batch 979/2000 (active points 5/11) [1h 24m 17s elapsed] ...   snr=+8.0dB [dft]  snr=+10.0dB [dft]  snr=+12.0dB [dft]  snr=+14.0dB [dft]  snr=+16.0dB [dft]Done (3.46s)
Estimator batch 980/2000 (active points 5/11) [1h 24m 21s elapsed] ...   snr=+8.0dB [dft]  snr=+10.0dB [dft]  snr=+12.0dB [dft]  snr=+14.0dB [dft]  snr=+16.0dB [dft]Done (3.45s)
Estimator batch 981/2000 (active points 5/11) [1h 24m 24s elapsed] ...   snr=+8.0dB [dft]  snr=+10.0dB [dft]  snr=+12.0dB [dft]  snr=+14.0dB [dft]  snr=+16.0dB [dft]Done (3.45s)
Estimator batch 982/2000 (active points 5/11) [1h 24m 28s elapsed] ...   snr=+8.0dB [dft]  snr=+10.0dB [dft]  snr=+12.0dB [dft]  snr=+14.0dB [dft]  snr=+16.0dB [dft]Done (3.45s)
Estimator batch 983/2000 (active points 5/11) [1h 24m 31s elapsed] ...   snr=+8.0dB [dft]  snr=+10.0dB [dft]  snr=+12.0dB [dft]  snr=+14.0dB [dft]  snr=+16.0dB [dft]Done (3.44s)
Estimator batch 984/2000 (active points 5/11) [1h 24m 34s elapsed] ...   snr=+8.0dB [dft]  snr=+10.0dB [dft]  snr=+12.0dB [dft]  snr=+14.0dB [dft]  snr=+16.0dB [dft]Done (3.48s)
Estimator batch 985/2000 (active points 5/11) [1h 24m 38s elapsed] ...   snr=+8.0dB [dft]  snr=+10.0dB [dft]  snr=+12.0dB [dft]  snr=+14.0dB [dft]  snr=+16.0dB [dft]Done (3.46s)
Estimator batch 986/2000 (active points 5/11) [1h 24m 41s elapsed] ...   snr=+8.0dB [dft]  snr=+10.0dB [dft]  snr=+12.0dB [dft]  snr=+14.0dB [dft]  snr=+16.0dB [dft]Done (3.43s)
Estimator batch 987/2000 (active points 5/11) [1h 24m 45s elapsed] ...   snr=+8.0dB [dft]  snr=+10.0dB [dft]  snr=+12.0dB [dft]  snr=+14.0dB [dft]  snr=+16.0dB [dft]Done (3.46s)
Estimator batch 988/2000 (active points 5/11) [1h 24m 48s elapsed] ...   snr=+8.0dB [dft]  snr=+10.0dB [dft]  snr=+12.0dB [dft]  snr=+14.0dB [dft]  snr=+16.0dB [dft]Done (3.46s)
Estimator batch 989/2000 (active points 5/11) [1h 24m 52s elapsed] ...   snr=+8.0dB [dft]  snr=+10.0dB [dft]  snr=+12.0dB [dft]  snr=+14.0dB [dft]  snr=+16.0dB [dft]Done (3.46s)
Estimator batch 990/2000 (active points 5/11) [1h 24m 55s elapsed] ...   snr=+8.0dB [dft]  snr=+10.0dB [dft]  snr=+12.0dB [dft]  snr=+14.0dB [dft]  snr=+16.0dB [dft]Done (3.45s)
Estimator batch 991/2000 (active points 5/11) [1h 24m 59s elapsed] ...   snr=+8.0dB [dft]  snr=+10.0dB [dft]  snr=+12.0dB [dft]  snr=+14.0dB [dft]  snr=+16.0dB [dft]Done (3.42s)
Estimator batch 992/2000 (active points 5/11) [1h 25m 02s elapsed] ...   snr=+8.0dB [dft]  snr=+10.0dB [dft]  snr=+12.0dB [dft]  snr=+14.0dB [dft]  snr=+16.0dB [dft]Done (3.43s)
Estimator batch 993/2000 (active points 5/11) [1h 25m 06s elapsed] ...   snr=+8.0dB [dft]  snr=+10.0dB [dft]  snr=+12.0dB [dft]  snr=+14.0dB [dft]  snr=+16.0dB [dft]Done (3.45s)
Estimator batch 994/2000 (active points 5/11) [1h 25m 09s elapsed] ...   snr=+8.0dB [dft]  snr=+10.0dB [dft]  snr=+12.0dB [dft]  snr=+14.0dB [dft]  snr=+16.0dB [dft]Done (3.45s)
Estimator batch 995/2000 (active points 5/11) [1h 25m 12s elapsed] ...   snr=+8.0dB [dft]  snr=+10.0dB [dft]  snr=+12.0dB [dft]  snr=+14.0dB [dft]  snr=+16.0dB [dft]Done (3.44s)
Estimator batch 996/2000 (active points 5/11) [1h 25m 16s elapsed] ...   snr=+8.0dB [dft]  snr=+10.0dB [dft]  snr=+12.0dB [dft]  snr=+14.0dB [dft]  snr=+16.0dB [dft]Done (3.46s)
Estimator batch 997/2000 (active points 5/11) [1h 25m 19s elapsed] ...   snr=+8.0dB [dft]  snr=+10.0dB [dft]  snr=+12.0dB [dft]  snr=+14.0dB [dft]  snr=+16.0dB [dft]Done (3.44s)
Estimator batch 998/2000 (active points 5/11) [1h 25m 23s elapsed] ...   snr=+8.0dB [dft]  snr=+10.0dB [dft]  snr=+12.0dB [dft]  snr=+14.0dB [dft]  snr=+16.0dB [dft]Done (3.48s)
Estimator batch 999/2000 (active points 5/11) [1h 25m 26s elapsed] ...   snr=+8.0dB [dft]  snr=+10.0dB [dft]  snr=+12.0dB [dft]  snr=+14.0dB [dft]  snr=+16.0dB [dft]Done (3.49s)
Estimator batch 1000/2000 (active points 5/11) [1h 25m 30s elapsed] ...   snr=+8.0dB [dft]  snr=+10.0dB [dft]  snr=+12.0dB [dft]  snr=+14.0dB [dft]  snr=+16.0dB [dft]Done (3.43s)
Estimator batch 1001/2000 (active points 5/11) [1h 25m 33s elapsed] ...   snr=+8.0dB [dft]  snr=+10.0dB [dft]  snr=+12.0dB [dft]  snr=+14.0dB [dft]  snr=+16.0dB [dft]Done (3.46s)
Estimator batch 1002/2000 (active points 5/11) [1h 25m 37s elapsed] ...   snr=+8.0dB [dft]  snr=+10.0dB [dft]  snr=+12.0dB [dft]  snr=+14.0dB [dft]  snr=+16.0dB [dft]Done (3.45s)
Estimator batch 1003/2000 (active points 5/11) [1h 25m 40s elapsed] ...   snr=+8.0dB [dft]  snr=+10.0dB [dft]  snr=+12.0dB [dft]  snr=+14.0dB [dft]  snr=+16.0dB [dft]Done (3.44s)
Estimator batch 1004/2000 (active points 5/11) [1h 25m 44s elapsed] ...   snr=+8.0dB [dft]  snr=+10.0dB [dft]  snr=+12.0dB [dft]  snr=+14.0dB [dft]  snr=+16.0dB [dft]Done (3.45s)
Estimator batch 1005/2000 (active points 5/11) [1h 25m 47s elapsed] ...   snr=+8.0dB [dft]  snr=+10.0dB [dft]  snr=+12.0dB [dft]  snr=+14.0dB [dft]  snr=+16.0dB [dft]Done (3.44s)
Estimator batch 1006/2000 (active points 5/11) [1h 25m 50s elapsed] ...   snr=+8.0dB [dft]  snr=+10.0dB [dft]  snr=+12.0dB [dft]  snr=+14.0dB [dft]  snr=+16.0dB [dft]Done (3.45s)
Estimator batch 1007/2000 (active points 5/11) [1h 25m 54s elapsed] ...   snr=+8.0dB [dft]  snr=+10.0dB [dft]  snr=+12.0dB [dft]  snr=+14.0dB [dft]  snr=+16.0dB [dft]Done (3.45s)
Estimator batch 1008/2000 (active points 5/11) [1h 25m 57s elapsed] ...   snr=+8.0dB [dft]  snr=+10.0dB [dft]  snr=+12.0dB [dft]  snr=+14.0dB [dft]  snr=+16.0dB [dft]Done (3.45s)
Estimator batch 1009/2000 (active points 5/11) [1h 26m 01s elapsed] ...   snr=+8.0dB [dft]  snr=+10.0dB [dft]  snr=+12.0dB [dft]  snr=+14.0dB [dft]  snr=+16.0dB [dft]Done (3.44s)
Estimator batch 1010/2000 (active points 5/11) [1h 26m 04s elapsed] ...   snr=+8.0dB [dft]  snr=+10.0dB [dft]  snr=+12.0dB [dft]  snr=+14.0dB [dft]  snr=+16.0dB [dft]Done (3.45s)
Estimator batch 1011/2000 (active points 5/11) [1h 26m 08s elapsed] ...   snr=+8.0dB [dft]  snr=+10.0dB [dft]  snr=+12.0dB [dft]  snr=+14.0dB [dft]  snr=+16.0dB [dft]Done (3.45s)
Estimator batch 1012/2000 (active points 5/11) [1h 26m 11s elapsed] ...   snr=+8.0dB [dft]  snr=+10.0dB [dft]  snr=+12.0dB [dft]  snr=+14.0dB [dft]  snr=+16.0dB [dft]Done (3.45s)
Estimator batch 1013/2000 (active points 5/11) [1h 26m 15s elapsed] ...   snr=+8.0dB [dft]  snr=+10.0dB [dft]  snr=+12.0dB [dft]  snr=+14.0dB [dft]  snr=+16.0dB [dft]Done (3.54s)
Estimator batch 1014/2000 (active points 5/11) [1h 26m 18s elapsed] ...   snr=+8.0dB [dft]  snr=+10.0dB [dft]  snr=+12.0dB [dft]  snr=+14.0dB [dft]  snr=+16.0dB [dft]Done (3.44s)
Estimator batch 1015/2000 (active points 5/11) [1h 26m 22s elapsed] ...   snr=+8.0dB [dft]  snr=+10.0dB [dft]  snr=+12.0dB [dft]  snr=+14.0dB [dft]  snr=+16.0dB [dft]Done (3.49s)
Estimator batch 1016/2000 (active points 5/11) [1h 26m 25s elapsed] ...   snr=+8.0dB [dft]  snr=+10.0dB [dft]  snr=+12.0dB [dft]  snr=+14.0dB [dft]  snr=+16.0dB [dft]Done (3.50s)
Estimator batch 1017/2000 (active points 5/11) [1h 26m 29s elapsed] ...   snr=+8.0dB [dft]  snr=+10.0dB [dft]  snr=+12.0dB [dft]  snr=+14.0dB [dft]  snr=+16.0dB [dft]Done (3.46s)
Estimator batch 1018/2000 (active points 5/11) [1h 26m 32s elapsed] ...   snr=+8.0dB [dft]  snr=+10.0dB [dft]  snr=+12.0dB [dft]  snr=+14.0dB [dft]  snr=+16.0dB [dft]Done (3.45s)
Estimator batch 1019/2000 (active points 5/11) [1h 26m 35s elapsed] ...   snr=+8.0dB [dft]  snr=+10.0dB [dft]  snr=+12.0dB [dft]  snr=+14.0dB [dft]  snr=+16.0dB [dft]Done (3.46s)
Estimator batch 1020/2000 (active points 5/11) [1h 26m 39s elapsed] ...   snr=+8.0dB [dft]  snr=+10.0dB [dft]  snr=+12.0dB [dft]  snr=+14.0dB [dft]  snr=+16.0dB [dft]Done (3.45s)
Estimator batch 1021/2000 (active points 5/11) [1h 26m 42s elapsed] ...   snr=+8.0dB [dft]  snr=+10.0dB [dft]  snr=+12.0dB [dft]  snr=+14.0dB [dft]  snr=+16.0dB [dft]Done (3.43s)
Estimator batch 1022/2000 (active points 5/11) [1h 26m 46s elapsed] ...   snr=+8.0dB [dft]  snr=+10.0dB [dft]  snr=+12.0dB [dft]  snr=+14.0dB [dft]  snr=+16.0dB [dft]Done (3.45s)
Estimator batch 1023/2000 (active points 5/11) [1h 26m 49s elapsed] ...   snr=+8.0dB [dft]  snr=+10.0dB [dft]  snr=+12.0dB [dft]  snr=+14.0dB [dft]  snr=+16.0dB [dft]Done (3.45s)
Estimator batch 1024/2000 (active points 5/11) [1h 26m 53s elapsed] ...   snr=+8.0dB [dft]  snr=+10.0dB [dft]  snr=+12.0dB [dft]  snr=+14.0dB [dft]  snr=+16.0dB [dft]Done (3.47s)
Estimator batch 1025/2000 (active points 5/11) [1h 26m 56s elapsed] ...   snr=+8.0dB [dft]  snr=+10.0dB [dft]  snr=+12.0dB [dft]  snr=+14.0dB [dft]  snr=+16.0dB [dft]Done (3.45s)
Estimator batch 1026/2000 (active points 5/11) [1h 27m 00s elapsed] ...   snr=+8.0dB [dft]  snr=+10.0dB [dft]  snr=+12.0dB [dft]  snr=+14.0dB [dft]  snr=+16.0dB [dft]Done (3.44s)
Estimator batch 1027/2000 (active points 5/11) [1h 27m 03s elapsed] ...   snr=+8.0dB [dft]  snr=+10.0dB [dft]  snr=+12.0dB [dft]  snr=+14.0dB [dft]  snr=+16.0dB [dft]Done (3.44s)
Estimator batch 1028/2000 (active points 5/11) [1h 27m 06s elapsed] ...   snr=+8.0dB [dft]  snr=+10.0dB [dft]  snr=+12.0dB [dft]  snr=+14.0dB [dft]  snr=+16.0dB [dft]Done (3.44s)
Estimator batch 1029/2000 (active points 5/11) [1h 27m 10s elapsed] ...   snr=+8.0dB [dft]  snr=+10.0dB [dft]  snr=+12.0dB [dft]  snr=+14.0dB [dft]  snr=+16.0dB [dft]Done (3.44s)
Estimator batch 1030/2000 (active points 5/11) [1h 27m 13s elapsed] ...   snr=+8.0dB [dft]  snr=+10.0dB [dft]  snr=+12.0dB [dft]  snr=+14.0dB [dft]  snr=+16.0dB [dft]Done (3.45s)
Estimator batch 1031/2000 (active points 5/11) [1h 27m 17s elapsed] ...   snr=+8.0dB [dft]  snr=+10.0dB [dft]  snr=+12.0dB [dft]  snr=+14.0dB [dft]  snr=+16.0dB [dft]Done (3.44s)
Estimator batch 1032/2000 (active points 5/11) [1h 27m 20s elapsed] ...   snr=+8.0dB [dft]  snr=+10.0dB [dft]  snr=+12.0dB [dft]  snr=+14.0dB [dft]  snr=+16.0dB [dft]Done (3.46s)
Estimator batch 1033/2000 (active points 5/11) [1h 27m 24s elapsed] ...   snr=+8.0dB [dft]  snr=+10.0dB [dft]  snr=+12.0dB [dft]  snr=+14.0dB [dft]  snr=+16.0dB [dft]Done (3.45s)
Estimator batch 1034/2000 (active points 5/11) [1h 27m 27s elapsed] ...   snr=+8.0dB [dft]  snr=+10.0dB [dft]  snr=+12.0dB [dft]  snr=+14.0dB [dft]  snr=+16.0dB [dft]Done (3.44s)
Estimator batch 1035/2000 (active points 5/11) [1h 27m 31s elapsed] ...   snr=+8.0dB [dft]  snr=+10.0dB [dft]  snr=+12.0dB [dft]  snr=+14.0dB [dft]  snr=+16.0dB [dft]Done (3.46s)
Estimator batch 1036/2000 (active points 5/11) [1h 27m 34s elapsed] ...   snr=+8.0dB [dft]  snr=+10.0dB [dft]  snr=+12.0dB [dft]  snr=+14.0dB [dft]  snr=+16.0dB [dft]Done (3.48s)
Estimator batch 1037/2000 (active points 5/11) [1h 27m 38s elapsed] ...   snr=+8.0dB [dft]  snr=+10.0dB [dft]  snr=+12.0dB [dft]  snr=+14.0dB [dft]  snr=+16.0dB [dft]Done (3.45s)
Estimator batch 1038/2000 (active points 5/11) [1h 27m 41s elapsed] ...   snr=+8.0dB [dft]  snr=+10.0dB [dft]  snr=+12.0dB [dft]  snr=+14.0dB [dft]  snr=+16.0dB [dft]Done (3.45s)
Estimator batch 1039/2000 (active points 5/11) [1h 27m 44s elapsed] ...   snr=+8.0dB [dft]  snr=+10.0dB [dft]  snr=+12.0dB [dft]  snr=+14.0dB [dft]  snr=+16.0dB [dft]Done (3.46s)
Estimator batch 1040/2000 (active points 5/11) [1h 27m 48s elapsed] ...   snr=+8.0dB [dft]  snr=+10.0dB [dft]  snr=+12.0dB [dft]  snr=+14.0dB [dft]  snr=+16.0dB [dft]Done (3.45s)
Estimator batch 1041/2000 (active points 5/11) [1h 27m 51s elapsed] ...   snr=+8.0dB [dft]  snr=+10.0dB [dft]  snr=+12.0dB [dft]  snr=+14.0dB [dft]  snr=+16.0dB [dft]Done (3.45s)
Estimator batch 1042/2000 (active points 5/11) [1h 27m 55s elapsed] ...   snr=+8.0dB [dft]  snr=+10.0dB [dft]  snr=+12.0dB [dft]  snr=+14.0dB [dft]  snr=+16.0dB [dft]Done (3.47s)
Estimator batch 1043/2000 (active points 5/11) [1h 27m 58s elapsed] ...   snr=+8.0dB [dft]  snr=+10.0dB [dft]  snr=+12.0dB [dft]  snr=+14.0dB [dft]  snr=+16.0dB [dft]Done (3.45s)
Estimator batch 1044/2000 (active points 5/11) [1h 28m 02s elapsed] ...   snr=+8.0dB [dft]  snr=+10.0dB [dft]  snr=+12.0dB [dft]  snr=+14.0dB [dft]  snr=+16.0dB [dft]Done (3.45s)
Estimator batch 1045/2000 (active points 5/11) [1h 28m 05s elapsed] ...   snr=+8.0dB [dft]  snr=+10.0dB [dft]  snr=+12.0dB [dft]  snr=+14.0dB [dft]  snr=+16.0dB [dft]Done (3.45s)
Estimator batch 1046/2000 (active points 5/11) [1h 28m 09s elapsed] ...   snr=+8.0dB [dft]  snr=+10.0dB [dft]  snr=+12.0dB [dft]  snr=+14.0dB [dft]  snr=+16.0dB [dft]Done (3.45s)
Estimator batch 1047/2000 (active points 5/11) [1h 28m 12s elapsed] ...   snr=+8.0dB [dft]  snr=+10.0dB [dft]  snr=+12.0dB [dft]  snr=+14.0dB [dft]  snr=+16.0dB [dft]Done (3.43s)
Estimator batch 1048/2000 (active points 5/11) [1h 28m 16s elapsed] ...   snr=+8.0dB [dft]  snr=+10.0dB [dft]  snr=+12.0dB [dft]  snr=+14.0dB [dft]  snr=+16.0dB [dft]Done (3.45s)
Estimator batch 1049/2000 (active points 5/11) [1h 28m 19s elapsed] ...   snr=+8.0dB [dft]  snr=+10.0dB [dft]  snr=+12.0dB [dft]  snr=+14.0dB [dft]  snr=+16.0dB [dft]Done (3.43s)
Estimator batch 1050/2000 (active points 5/11) [1h 28m 22s elapsed] ...   snr=+8.0dB [dft]  snr=+10.0dB [dft]  snr=+12.0dB [dft]  snr=+14.0dB [dft]  snr=+16.0dB [dft]Done (3.46s)
Estimator batch 1051/2000 (active points 5/11) [1h 28m 26s elapsed] ...   snr=+8.0dB [dft]  snr=+10.0dB [dft]  snr=+12.0dB [dft]  snr=+14.0dB [dft]  snr=+16.0dB [dft]Done (3.46s)
Estimator batch 1052/2000 (active points 5/11) [1h 28m 29s elapsed] ...   snr=+8.0dB [dft]  snr=+10.0dB [dft]  snr=+12.0dB [dft]  snr=+14.0dB [dft]  snr=+16.0dB [dft]Done (3.43s)
Estimator batch 1053/2000 (active points 5/11) [1h 28m 33s elapsed] ...   snr=+8.0dB [dft]  snr=+10.0dB [dft]  snr=+12.0dB [dft]  snr=+14.0dB [dft]  snr=+16.0dB [dft]Done (3.44s)
Estimator batch 1054/2000 (active points 5/11) [1h 28m 36s elapsed] ...   snr=+8.0dB [dft]  snr=+10.0dB [dft]  snr=+12.0dB [dft]  snr=+14.0dB [dft]  snr=+16.0dB [dft]Done (3.51s)
Estimator batch 1055/2000 (active points 5/11) [1h 28m 40s elapsed] ...   snr=+8.0dB [dft]  snr=+10.0dB [dft]  snr=+12.0dB [dft]  snr=+14.0dB [dft]  snr=+16.0dB [dft]Done (3.44s)
Estimator batch 1056/2000 (active points 5/11) [1h 28m 43s elapsed] ...   snr=+8.0dB [dft]  snr=+10.0dB [dft]  snr=+12.0dB [dft]  snr=+14.0dB [dft]  snr=+16.0dB [dft]Done (3.45s)
Estimator batch 1057/2000 (active points 5/11) [1h 28m 47s elapsed] ...   snr=+8.0dB [dft]  snr=+10.0dB [dft]  snr=+12.0dB [dft]  snr=+14.0dB [dft]  snr=+16.0dB [dft]Done (3.45s)
Estimator batch 1058/2000 (active points 5/11) [1h 28m 50s elapsed] ...   snr=+8.0dB [dft]  snr=+10.0dB [dft]  snr=+12.0dB [dft]  snr=+14.0dB [dft]  snr=+16.0dB [dft]Done (3.45s)
Estimator batch 1059/2000 (active points 5/11) [1h 28m 54s elapsed] ...   snr=+8.0dB [dft]  snr=+10.0dB [dft]  snr=+12.0dB [dft]  snr=+14.0dB [dft]  snr=+16.0dB [dft]Done (3.45s)
Estimator batch 1060/2000 (active points 5/11) [1h 28m 57s elapsed] ...   snr=+8.0dB [dft]  snr=+10.0dB [dft]  snr=+12.0dB [dft]  snr=+14.0dB [dft]  snr=+16.0dB [dft]Done (3.45s)
Estimator batch 1061/2000 (active points 5/11) [1h 29m 00s elapsed] ...   snr=+8.0dB [dft]  snr=+10.0dB [dft]  snr=+12.0dB [dft]  snr=+14.0dB [dft]  snr=+16.0dB [dft]Done (3.45s)
Estimator batch 1062/2000 (active points 5/11) [1h 29m 04s elapsed] ...   snr=+8.0dB [dft]  snr=+10.0dB [dft]  snr=+12.0dB [dft]  snr=+14.0dB [dft]  snr=+16.0dB [dft]Done (3.44s)
Estimator batch 1063/2000 (active points 5/11) [1h 29m 07s elapsed] ...   snr=+8.0dB [dft]  snr=+10.0dB [dft]  snr=+12.0dB [dft]  snr=+14.0dB [dft]  snr=+16.0dB [dft]Done (3.44s)
Estimator batch 1064/2000 (active points 5/11) [1h 29m 11s elapsed] ...   snr=+8.0dB [dft]  snr=+10.0dB [dft]  snr=+12.0dB [dft]  snr=+14.0dB [dft]  snr=+16.0dB [dft]Done (3.45s)
Estimator batch 1065/2000 (active points 5/11) [1h 29m 14s elapsed] ...   snr=+8.0dB [dft]  snr=+10.0dB [dft]  snr=+12.0dB [dft]  snr=+14.0dB [dft]  snr=+16.0dB [dft]Done (3.48s)
Estimator batch 1066/2000 (active points 5/11) [1h 29m 18s elapsed] ...   snr=+8.0dB [dft]  snr=+10.0dB [dft]  snr=+12.0dB [dft]  snr=+14.0dB [dft]  snr=+16.0dB [dft]Done (3.44s)
Estimator batch 1067/2000 (active points 5/11) [1h 29m 21s elapsed] ...   snr=+8.0dB [dft]  snr=+10.0dB [dft]  snr=+12.0dB [dft]  snr=+14.0dB [dft]  snr=+16.0dB [dft]Done (3.45s)
Estimator batch 1068/2000 (active points 5/11) [1h 29m 25s elapsed] ...   snr=+8.0dB [dft]  snr=+10.0dB [dft]  snr=+12.0dB [dft]  snr=+14.0dB [dft]  snr=+16.0dB [dft]Done (3.45s)
Estimator batch 1069/2000 (active points 5/11) [1h 29m 28s elapsed] ...   snr=+8.0dB [dft]  snr=+10.0dB [dft]  snr=+12.0dB [dft]  snr=+14.0dB [dft]  snr=+16.0dB [dft]Done (3.42s)
Estimator batch 1070/2000 (active points 5/11) [1h 29m 31s elapsed] ...   snr=+8.0dB [dft]  snr=+10.0dB [dft]  snr=+12.0dB [dft]  snr=+14.0dB [dft]  snr=+16.0dB [dft]Done (3.43s)
Estimator batch 1071/2000 (active points 5/11) [1h 29m 35s elapsed] ...   snr=+8.0dB [dft]  snr=+10.0dB [dft]  snr=+12.0dB [dft]  snr=+14.0dB [dft]  snr=+16.0dB [dft]Done (3.46s)
Estimator batch 1072/2000 (active points 5/11) [1h 29m 38s elapsed] ...   snr=+8.0dB [dft]  snr=+10.0dB [dft]  snr=+12.0dB [dft]  snr=+14.0dB [dft]  snr=+16.0dB [dft]Done (3.47s)
Estimator batch 1073/2000 (active points 5/11) [1h 29m 42s elapsed] ...   snr=+8.0dB [dft]  snr=+10.0dB [dft]  snr=+12.0dB [dft]  snr=+14.0dB [dft]  snr=+16.0dB [dft]Done (3.44s)
Estimator batch 1074/2000 (active points 5/11) [1h 29m 45s elapsed] ...   snr=+8.0dB [dft]  snr=+10.0dB [dft]  snr=+12.0dB [dft]  snr=+14.0dB [dft]  snr=+16.0dB [dft]Done (3.46s)
Estimator batch 1075/2000 (active points 5/11) [1h 29m 49s elapsed] ...   snr=+8.0dB [dft]  snr=+10.0dB [dft]  snr=+12.0dB [dft]  snr=+14.0dB [dft]  snr=+16.0dB [dft]Done (3.46s)
Estimator batch 1076/2000 (active points 5/11) [1h 29m 52s elapsed] ...   snr=+8.0dB [dft]  snr=+10.0dB [dft]  snr=+12.0dB [dft]  snr=+14.0dB [dft]  snr=+16.0dB [dft]Done (3.45s)
Estimator batch 1077/2000 (active points 5/11) [1h 29m 56s elapsed] ...   snr=+8.0dB [dft]  snr=+10.0dB [dft]  snr=+12.0dB [dft]  snr=+14.0dB [dft]  snr=+16.0dB [dft]Done (3.45s)
Estimator batch 1078/2000 (active points 5/11) [1h 29m 59s elapsed] ...   snr=+8.0dB [dft]  snr=+10.0dB [dft]  snr=+12.0dB [dft]  snr=+14.0dB [dft]  snr=+16.0dB [dft]Done (3.45s)
Estimator batch 1079/2000 (active points 5/11) [1h 30m 03s elapsed] ...   snr=+8.0dB [dft]  snr=+10.0dB [dft]  snr=+12.0dB [dft]  snr=+14.0dB [dft]  snr=+16.0dB [dft]Done (3.44s)
Estimator batch 1080/2000 (active points 5/11) [1h 30m 06s elapsed] ...   snr=+8.0dB [dft]  snr=+10.0dB [dft]  snr=+12.0dB [dft]  snr=+14.0dB [dft]  snr=+16.0dB [dft]Done (3.45s)
Estimator batch 1081/2000 (active points 5/11) [1h 30m 09s elapsed] ...   snr=+8.0dB [dft]  snr=+10.0dB [dft]  snr=+12.0dB [dft]  snr=+14.0dB [dft]  snr=+16.0dB [dft]Done (3.45s)
Estimator batch 1082/2000 (active points 5/11) [1h 30m 13s elapsed] ...   snr=+8.0dB [dft]  snr=+10.0dB [dft]  snr=+12.0dB [dft]  snr=+14.0dB [dft]  snr=+16.0dB [dft]Done (3.43s)
Estimator batch 1083/2000 (active points 5/11) [1h 30m 16s elapsed] ...   snr=+8.0dB [dft]  snr=+10.0dB [dft]  snr=+12.0dB [dft]  snr=+14.0dB [dft]  snr=+16.0dB [dft]Done (3.45s)
Estimator batch 1084/2000 (active points 5/11) [1h 30m 20s elapsed] ...   snr=+8.0dB [dft]  snr=+10.0dB [dft]  snr=+12.0dB [dft]  snr=+14.0dB [dft]  snr=+16.0dB [dft]Done (3.43s)
Estimator batch 1085/2000 (active points 5/11) [1h 30m 23s elapsed] ...   snr=+8.0dB [dft]  snr=+10.0dB [dft]  snr=+12.0dB [dft]  snr=+14.0dB [dft]  snr=+16.0dB [dft]Done (3.46s)
Estimator batch 1086/2000 (active points 5/11) [1h 30m 27s elapsed] ...   snr=+8.0dB [dft]  snr=+10.0dB [dft]  snr=+12.0dB [dft]  snr=+14.0dB [dft]  snr=+16.0dB [dft]Done (3.45s)
Estimator batch 1087/2000 (active points 5/11) [1h 30m 30s elapsed] ...   snr=+8.0dB [dft]  snr=+10.0dB [dft]  snr=+12.0dB [dft]  snr=+14.0dB [dft]  snr=+16.0dB [dft]Done (3.46s)
Estimator batch 1088/2000 (active points 5/11) [1h 30m 34s elapsed] ...   snr=+8.0dB [dft]  snr=+10.0dB [dft]  snr=+12.0dB [dft]  snr=+14.0dB [dft]  snr=+16.0dB [dft]Done (3.46s)
Estimator batch 1089/2000 (active points 5/11) [1h 30m 37s elapsed] ...   snr=+8.0dB [dft]  snr=+10.0dB [dft]  snr=+12.0dB [dft]  snr=+14.0dB [dft]  snr=+16.0dB [dft]Done (3.44s)
Estimator batch 1090/2000 (active points 5/11) [1h 30m 40s elapsed] ...   snr=+8.0dB [dft]  snr=+10.0dB [dft]  snr=+12.0dB [dft]  snr=+14.0dB [dft]  snr=+16.0dB [dft]Done (3.44s)
Estimator batch 1091/2000 (active points 5/11) [1h 30m 44s elapsed] ...   snr=+8.0dB [dft]  snr=+10.0dB [dft]  snr=+12.0dB [dft]  snr=+14.0dB [dft]  snr=+16.0dB [dft]Done (3.48s)
Estimator batch 1092/2000 (active points 5/11) [1h 30m 47s elapsed] ...   snr=+8.0dB [dft]  snr=+10.0dB [dft]  snr=+12.0dB [dft]  snr=+14.0dB [dft]  snr=+16.0dB [dft]Done (3.45s)
Estimator batch 1093/2000 (active points 5/11) [1h 30m 51s elapsed] ...   snr=+8.0dB [dft]  snr=+10.0dB [dft]  snr=+12.0dB [dft]  snr=+14.0dB [dft]  snr=+16.0dB [dft]Done (3.45s)
Estimator batch 1094/2000 (active points 5/11) [1h 30m 54s elapsed] ...   snr=+8.0dB [dft]  snr=+10.0dB [dft]  snr=+12.0dB [dft]  snr=+14.0dB [dft]  snr=+16.0dB [dft]Done (3.53s)
Estimator batch 1095/2000 (active points 5/11) [1h 30m 58s elapsed] ...   snr=+8.0dB [dft]  snr=+10.0dB [dft]  snr=+12.0dB [dft]  snr=+14.0dB [dft]  snr=+16.0dB [dft]Done (3.45s)
Estimator batch 1096/2000 (active points 5/11) [1h 31m 01s elapsed] ...   snr=+8.0dB [dft]  snr=+10.0dB [dft]  snr=+12.0dB [dft]  snr=+14.0dB [dft]  snr=+16.0dB [dft]Done (3.44s)
Estimator batch 1097/2000 (active points 5/11) [1h 31m 05s elapsed] ...   snr=+8.0dB [dft]  snr=+10.0dB [dft]  snr=+12.0dB [dft]  snr=+14.0dB [dft]  snr=+16.0dB [dft]Done (3.45s)
Estimator batch 1098/2000 (active points 5/11) [1h 31m 08s elapsed] ...   snr=+8.0dB [dft]  snr=+10.0dB [dft]  snr=+12.0dB [dft]  snr=+14.0dB [dft]  snr=+16.0dB [dft]Done (3.46s)
Estimator batch 1099/2000 (active points 5/11) [1h 31m 12s elapsed] ...   snr=+8.0dB [dft]  snr=+10.0dB [dft]  snr=+12.0dB [dft]  snr=+14.0dB [dft]  snr=+16.0dB [dft]Done (3.45s)
Estimator batch 1100/2000 (active points 5/11) [1h 31m 15s elapsed] ...   snr=+8.0dB [dft]  snr=+10.0dB [dft]  snr=+12.0dB [dft]  snr=+14.0dB [dft]  snr=+16.0dB [dft]Done (3.46s)
Estimator batch 1101/2000 (active points 5/11) [1h 31m 19s elapsed] ...   snr=+8.0dB [dft]  snr=+10.0dB [dft]  snr=+12.0dB [dft]  snr=+14.0dB [dft]  snr=+16.0dB [dft]Done (3.45s)
Estimator batch 1102/2000 (active points 5/11) [1h 31m 22s elapsed] ...   snr=+8.0dB [dft]  snr=+10.0dB [dft]  snr=+12.0dB [dft]  snr=+14.0dB [dft]  snr=+16.0dB [dft]Done (3.49s)
Estimator batch 1103/2000 (active points 5/11) [1h 31m 25s elapsed] ...   snr=+8.0dB [dft]  snr=+10.0dB [dft]  snr=+12.0dB [dft]  snr=+14.0dB [dft]  snr=+16.0dB [dft]Done (3.47s)
Estimator batch 1104/2000 (active points 5/11) [1h 31m 29s elapsed] ...   snr=+8.0dB [dft]  snr=+10.0dB [dft]  snr=+12.0dB [dft]  snr=+14.0dB [dft]  snr=+16.0dB [dft]Done (3.45s)
Estimator batch 1105/2000 (active points 5/11) [1h 31m 32s elapsed] ...   snr=+8.0dB [dft]  snr=+10.0dB [dft]  snr=+12.0dB [dft]  snr=+14.0dB [dft]  snr=+16.0dB [dft]Done (3.43s)
Estimator batch 1106/2000 (active points 5/11) [1h 31m 36s elapsed] ...   snr=+8.0dB [dft]  snr=+10.0dB [dft]  snr=+12.0dB [dft]  snr=+14.0dB [dft]  snr=+16.0dB [dft]Done (3.47s)
Estimator batch 1107/2000 (active points 5/11) [1h 31m 39s elapsed] ...   snr=+8.0dB [dft]  snr=+10.0dB [dft]  snr=+12.0dB [dft]  snr=+14.0dB [dft]  snr=+16.0dB [dft]Done (3.45s)
Estimator batch 1108/2000 (active points 5/11) [1h 31m 43s elapsed] ...   snr=+8.0dB [dft]  snr=+10.0dB [dft]  snr=+12.0dB [dft]  snr=+14.0dB [dft]  snr=+16.0dB [dft]Done (3.45s)
Estimator batch 1109/2000 (active points 5/11) [1h 31m 46s elapsed] ...   snr=+8.0dB [dft]  snr=+10.0dB [dft]  snr=+12.0dB [dft]  snr=+14.0dB [dft]  snr=+16.0dB [dft]Done (3.47s)
Estimator batch 1110/2000 (active points 5/11) [1h 31m 50s elapsed] ...   snr=+8.0dB [dft]  snr=+10.0dB [dft]  snr=+12.0dB [dft]  snr=+14.0dB [dft]  snr=+16.0dB [dft]Done (3.44s)
Estimator batch 1111/2000 (active points 5/11) [1h 31m 53s elapsed] ...   snr=+8.0dB [dft]  snr=+10.0dB [dft]  snr=+12.0dB [dft]  snr=+14.0dB [dft]  snr=+16.0dB [dft]Done (3.46s)
Estimator batch 1112/2000 (active points 5/11) [1h 31m 57s elapsed] ...   snr=+8.0dB [dft]  snr=+10.0dB [dft]  snr=+12.0dB [dft]  snr=+14.0dB [dft]  snr=+16.0dB [dft]Done (3.45s)
Estimator batch 1113/2000 (active points 5/11) [1h 32m 00s elapsed] ...   snr=+8.0dB [dft]  snr=+10.0dB [dft]  snr=+12.0dB [dft]  snr=+14.0dB [dft]  snr=+16.0dB [dft]Done (3.44s)
Estimator batch 1114/2000 (active points 5/11) [1h 32m 03s elapsed] ...   snr=+8.0dB [dft]  snr=+10.0dB [dft]  snr=+12.0dB [dft]  snr=+14.0dB [dft]  snr=+16.0dB [dft]Done (3.46s)
Estimator batch 1115/2000 (active points 5/11) [1h 32m 07s elapsed] ...   snr=+8.0dB [dft]  snr=+10.0dB [dft]  snr=+12.0dB [dft]  snr=+14.0dB [dft]  snr=+16.0dB [dft]Done (3.44s)
Estimator batch 1116/2000 (active points 5/11) [1h 32m 10s elapsed] ...   snr=+8.0dB [dft]  snr=+10.0dB [dft]  snr=+12.0dB [dft]  snr=+14.0dB [dft]  snr=+16.0dB [dft]Done (3.45s)
Estimator batch 1117/2000 (active points 5/11) [1h 32m 14s elapsed] ...   snr=+8.0dB [dft]  snr=+10.0dB [dft]  snr=+12.0dB [dft]  snr=+14.0dB [dft]  snr=+16.0dB [dft]Done (3.45s)
Estimator batch 1118/2000 (active points 5/11) [1h 32m 17s elapsed] ...   snr=+8.0dB [dft]  snr=+10.0dB [dft]  snr=+12.0dB [dft]  snr=+14.0dB [dft]  snr=+16.0dB [dft]Done (3.45s)
Estimator batch 1119/2000 (active points 5/11) [1h 32m 21s elapsed] ...   snr=+8.0dB [dft]  snr=+10.0dB [dft]  snr=+12.0dB [dft]  snr=+14.0dB [dft]  snr=+16.0dB [dft]Done (3.46s)
Estimator batch 1120/2000 (active points 5/11) [1h 32m 24s elapsed] ...   snr=+8.0dB [dft]  snr=+10.0dB [dft]  snr=+12.0dB [dft]  snr=+14.0dB [dft]  snr=+16.0dB [dft]Done (3.46s)
Estimator batch 1121/2000 (active points 5/11) [1h 32m 28s elapsed] ...   snr=+8.0dB [dft]  snr=+10.0dB [dft]  snr=+12.0dB [dft]  snr=+14.0dB [dft]  snr=+16.0dB [dft]Done (3.45s)
Estimator batch 1122/2000 (active points 5/11) [1h 32m 31s elapsed] ...   snr=+8.0dB [dft]  snr=+10.0dB [dft]  snr=+12.0dB [dft]  snr=+14.0dB [dft]  snr=+16.0dB [dft]Done (3.45s)
Estimator batch 1123/2000 (active points 5/11) [1h 32m 35s elapsed] ...   snr=+8.0dB [dft]  snr=+10.0dB [dft]  snr=+12.0dB [dft]  snr=+14.0dB [dft]  snr=+16.0dB [dft]Done (3.46s)
Estimator batch 1124/2000 (active points 5/11) [1h 32m 38s elapsed] ...   snr=+8.0dB [dft]  snr=+10.0dB [dft]  snr=+12.0dB [dft]  snr=+14.0dB [dft]  snr=+16.0dB [dft]Done (3.45s)
Estimator batch 1125/2000 (active points 5/11) [1h 32m 41s elapsed] ...   snr=+8.0dB [dft]  snr=+10.0dB [dft]  snr=+12.0dB [dft]  snr=+14.0dB [dft]  snr=+16.0dB [dft]Done (3.45s)
Estimator batch 1126/2000 (active points 5/11) [1h 32m 45s elapsed] ...   snr=+8.0dB [dft]  snr=+10.0dB [dft]  snr=+12.0dB [dft]  snr=+14.0dB [dft]  snr=+16.0dB [dft]Done (3.45s)
Estimator batch 1127/2000 (active points 5/11) [1h 32m 48s elapsed] ...   snr=+8.0dB [dft]  snr=+10.0dB [dft]  snr=+12.0dB [dft]  snr=+14.0dB [dft]  snr=+16.0dB [dft]Done (3.44s)
Estimator batch 1128/2000 (active points 5/11) [1h 32m 52s elapsed] ...   snr=+8.0dB [dft]  snr=+10.0dB [dft]  snr=+12.0dB [dft]  snr=+14.0dB [dft]  snr=+16.0dB [dft]Done (3.94s)
Estimator batch 1129/2000 (active points 5/11) [1h 32m 56s elapsed] ...   snr=+8.0dB [dft]  snr=+10.0dB [dft]  snr=+12.0dB [dft]  snr=+14.0dB [dft]  snr=+16.0dB [dft]Done (3.47s)
Estimator batch 1130/2000 (active points 5/11) [1h 32m 59s elapsed] ...   snr=+8.0dB [dft]  snr=+10.0dB [dft]  snr=+12.0dB [dft]  snr=+14.0dB [dft]  snr=+16.0dB [dft]Done (3.48s)
Estimator batch 1131/2000 (active points 5/11) [1h 33m 03s elapsed] ...   snr=+8.0dB [dft]  snr=+10.0dB [dft]  snr=+12.0dB [dft]  snr=+14.0dB [dft]  snr=+16.0dB [dft]Done (3.44s)
Estimator batch 1132/2000 (active points 5/11) [1h 33m 06s elapsed] ...   snr=+8.0dB [dft]  snr=+10.0dB [dft]  snr=+12.0dB [dft]  snr=+14.0dB [dft]  snr=+16.0dB [dft]Done (3.45s)
Estimator batch 1133/2000 (active points 5/11) [1h 33m 10s elapsed] ...   snr=+8.0dB [dft]  snr=+10.0dB [dft]  snr=+12.0dB [dft]  snr=+14.0dB [dft]  snr=+16.0dB [dft]Done (3.45s)
Estimator batch 1134/2000 (active points 5/11) [1h 33m 13s elapsed] ...   snr=+8.0dB [dft]  snr=+10.0dB [dft]  snr=+12.0dB [dft]  snr=+14.0dB [dft]  snr=+16.0dB [dft]Done (3.48s)
Estimator batch 1135/2000 (active points 5/11) [1h 33m 17s elapsed] ...   snr=+8.0dB [dft]  snr=+10.0dB [dft]  snr=+12.0dB [dft]  snr=+14.0dB [dft]  snr=+16.0dB [dft]Done (3.45s)
Estimator batch 1136/2000 (active points 5/11) [1h 33m 20s elapsed] ...   snr=+8.0dB [dft]  snr=+10.0dB [dft]  snr=+12.0dB [dft]  snr=+14.0dB [dft]  snr=+16.0dB [dft]Done (3.45s)
Estimator batch 1137/2000 (active points 5/11) [1h 33m 23s elapsed] ...   snr=+8.0dB [dft]  snr=+10.0dB [dft]  snr=+12.0dB [dft]  snr=+14.0dB [dft]  snr=+16.0dB [dft]Done (3.44s)
Estimator batch 1138/2000 (active points 5/11) [1h 33m 27s elapsed] ...   snr=+8.0dB [dft]  snr=+10.0dB [dft]  snr=+12.0dB [dft]  snr=+14.0dB [dft]  snr=+16.0dB [dft]Done (3.45s)
Estimator batch 1139/2000 (active points 5/11) [1h 33m 30s elapsed] ...   snr=+8.0dB [dft]  snr=+10.0dB [dft]  snr=+12.0dB [dft]  snr=+14.0dB [dft]  snr=+16.0dB [dft]Done (3.45s)
Estimator batch 1140/2000 (active points 5/11) [1h 33m 34s elapsed] ...   snr=+8.0dB [dft]  snr=+10.0dB [dft]  snr=+12.0dB [dft]  snr=+14.0dB [dft]  snr=+16.0dB [dft]Done (3.46s)
Estimator batch 1141/2000 (active points 5/11) [1h 33m 37s elapsed] ...   snr=+8.0dB [dft]  snr=+10.0dB [dft]  snr=+12.0dB [dft]  snr=+14.0dB [dft]  snr=+16.0dB [dft]Done (3.45s)
Estimator batch 1142/2000 (active points 5/11) [1h 33m 41s elapsed] ...   snr=+8.0dB [dft]  snr=+10.0dB [dft]  snr=+12.0dB [dft]  snr=+14.0dB [dft]  snr=+16.0dB [dft]Done (3.44s)
Estimator batch 1143/2000 (active points 5/11) [1h 33m 44s elapsed] ...   snr=+8.0dB [dft]  snr=+10.0dB [dft]  snr=+12.0dB [dft]  snr=+14.0dB [dft]  snr=+16.0dB [dft]Done (3.46s)
Estimator batch 1144/2000 (active points 4/11) [1h 33m 48s elapsed] ...   snr=+8.0dB [dft]  snr=+10.0dB [dft]  snr=+12.0dB [dft]  snr=+14.0dB [dft]Done (2.76s)
Estimator batch 1145/2000 (active points 4/11) [1h 33m 50s elapsed] ...   snr=+8.0dB [dft]  snr=+10.0dB [dft]  snr=+12.0dB [dft]  snr=+14.0dB [dft]Done (2.76s)
Estimator batch 1146/2000 (active points 4/11) [1h 33m 53s elapsed] ...   snr=+8.0dB [dft]  snr=+10.0dB [dft]  snr=+12.0dB [dft]  snr=+14.0dB [dft]Done (2.76s)
Estimator batch 1147/2000 (active points 4/11) [1h 33m 56s elapsed] ...   snr=+8.0dB [dft]  snr=+10.0dB [dft]  snr=+12.0dB [dft]  snr=+14.0dB [dft]Done (2.80s)
Estimator batch 1148/2000 (active points 3/11) [1h 33m 59s elapsed] ...   snr=+8.0dB [dft]  snr=+10.0dB [dft]  snr=+12.0dB [dft]Done (2.07s)
Estimator batch 1149/2000 (active points 3/11) [1h 34m 01s elapsed] ...   snr=+8.0dB [dft]  snr=+10.0dB [dft]  snr=+12.0dB [dft]Done (2.07s)
Estimator batch 1150/2000 (active points 3/11) [1h 34m 03s elapsed] ...   snr=+8.0dB [dft]  snr=+10.0dB [dft]  snr=+12.0dB [dft]Done (2.07s)
Estimator batch 1151/2000 (active points 3/11) [1h 34m 05s elapsed] ...   snr=+8.0dB [dft]  snr=+10.0dB [dft]  snr=+12.0dB [dft]Done (2.07s)
Estimator batch 1152/2000 (active points 3/11) [1h 34m 07s elapsed] ...   snr=+8.0dB [dft]  snr=+10.0dB [dft]  snr=+12.0dB [dft]Done (2.07s)
Estimator batch 1153/2000 (active points 3/11) [1h 34m 09s elapsed] ...   snr=+8.0dB [dft]  snr=+10.0dB [dft]  snr=+12.0dB [dft]Done (2.08s)
Estimator batch 1154/2000 (active points 3/11) [1h 34m 11s elapsed] ...   snr=+8.0dB [dft]  snr=+10.0dB [dft]  snr=+12.0dB [dft]Done (2.08s)
Estimator batch 1155/2000 (active points 3/11) [1h 34m 13s elapsed] ...   snr=+8.0dB [dft]  snr=+10.0dB [dft]  snr=+12.0dB [dft]Done (2.07s)
Estimator batch 1156/2000 (active points 3/11) [1h 34m 15s elapsed] ...   snr=+8.0dB [dft]  snr=+10.0dB [dft]  snr=+12.0dB [dft]Done (2.08s)
Estimator batch 1157/2000 (active points 3/11) [1h 34m 17s elapsed] ...   snr=+8.0dB [dft]  snr=+10.0dB [dft]  snr=+12.0dB [dft]Done (2.07s)
Estimator batch 1158/2000 (active points 3/11) [1h 34m 19s elapsed] ...   snr=+8.0dB [dft]  snr=+10.0dB [dft]  snr=+12.0dB [dft]Done (2.06s)
Estimator batch 1159/2000 (active points 3/11) [1h 34m 21s elapsed] ...   snr=+8.0dB [dft]  snr=+10.0dB [dft]  snr=+12.0dB [dft]Done (2.08s)
Estimator batch 1160/2000 (active points 3/11) [1h 34m 24s elapsed] ...   snr=+8.0dB [dft]  snr=+10.0dB [dft]  snr=+12.0dB [dft]Done (2.07s)
Estimator batch 1161/2000 (active points 3/11) [1h 34m 26s elapsed] ...   snr=+8.0dB [dft]  snr=+10.0dB [dft]  snr=+12.0dB [dft]Done (2.07s)
Estimator batch 1162/2000 (active points 3/11) [1h 34m 28s elapsed] ...   snr=+8.0dB [dft]  snr=+10.0dB [dft]  snr=+12.0dB [dft]Done (2.07s)
Estimator batch 1163/2000 (active points 3/11) [1h 34m 30s elapsed] ...   snr=+8.0dB [dft]  snr=+10.0dB [dft]  snr=+12.0dB [dft]Done (2.10s)
Estimator batch 1164/2000 (active points 3/11) [1h 34m 32s elapsed] ...   snr=+8.0dB [dft]  snr=+10.0dB [dft]  snr=+12.0dB [dft]Done (2.07s)
Estimator batch 1165/2000 (active points 3/11) [1h 34m 34s elapsed] ...   snr=+8.0dB [dft]  snr=+10.0dB [dft]  snr=+12.0dB [dft]Done (2.08s)
Estimator batch 1166/2000 (active points 3/11) [1h 34m 36s elapsed] ...   snr=+8.0dB [dft]  snr=+10.0dB [dft]  snr=+12.0dB [dft]Done (2.12s)
Estimator batch 1167/2000 (active points 3/11) [1h 34m 38s elapsed] ...   snr=+8.0dB [dft]  snr=+10.0dB [dft]  snr=+12.0dB [dft]Done (2.06s)
Estimator batch 1168/2000 (active points 3/11) [1h 34m 40s elapsed] ...   snr=+8.0dB [dft]  snr=+10.0dB [dft]  snr=+12.0dB [dft]Done (2.08s)
Estimator batch 1169/2000 (active points 3/11) [1h 34m 42s elapsed] ...   snr=+8.0dB [dft]  snr=+10.0dB [dft]  snr=+12.0dB [dft]Done (2.07s)
Estimator batch 1170/2000 (active points 3/11) [1h 34m 44s elapsed] ...   snr=+8.0dB [dft]  snr=+10.0dB [dft]  snr=+12.0dB [dft]Done (2.06s)
Estimator batch 1171/2000 (active points 3/11) [1h 34m 46s elapsed] ...   snr=+8.0dB [dft]  snr=+10.0dB [dft]  snr=+12.0dB [dft]Done (2.08s)
Estimator batch 1172/2000 (active points 3/11) [1h 34m 48s elapsed] ...   snr=+8.0dB [dft]  snr=+10.0dB [dft]  snr=+12.0dB [dft]Done (2.07s)
Estimator batch 1173/2000 (active points 3/11) [1h 34m 51s elapsed] ...   snr=+8.0dB [dft]  snr=+10.0dB [dft]  snr=+12.0dB [dft]Done (2.09s)
Estimator batch 1174/2000 (active points 3/11) [1h 34m 53s elapsed] ...   snr=+8.0dB [dft]  snr=+10.0dB [dft]  snr=+12.0dB [dft]Done (2.08s)
Estimator batch 1175/2000 (active points 3/11) [1h 34m 55s elapsed] ...   snr=+8.0dB [dft]  snr=+10.0dB [dft]  snr=+12.0dB [dft]Done (2.08s)
Estimator batch 1176/2000 (active points 3/11) [1h 34m 57s elapsed] ...   snr=+8.0dB [dft]  snr=+10.0dB [dft]  snr=+12.0dB [dft]Done (2.07s)
Estimator batch 1177/2000 (active points 3/11) [1h 34m 59s elapsed] ...   snr=+8.0dB [dft]  snr=+10.0dB [dft]  snr=+12.0dB [dft]Done (2.08s)
Estimator batch 1178/2000 (active points 3/11) [1h 35m 01s elapsed] ...   snr=+8.0dB [dft]  snr=+10.0dB [dft]  snr=+12.0dB [dft]Done (2.08s)
Estimator batch 1179/2000 (active points 3/11) [1h 35m 03s elapsed] ...   snr=+8.0dB [dft]  snr=+10.0dB [dft]  snr=+12.0dB [dft]Done (2.07s)
Estimator batch 1180/2000 (active points 3/11) [1h 35m 05s elapsed] ...   snr=+8.0dB [dft]  snr=+10.0dB [dft]  snr=+12.0dB [dft]Done (2.08s)
Estimator batch 1181/2000 (active points 3/11) [1h 35m 07s elapsed] ...   snr=+8.0dB [dft]  snr=+10.0dB [dft]  snr=+12.0dB [dft]Done (2.07s)
Estimator batch 1182/2000 (active points 3/11) [1h 35m 09s elapsed] ...   snr=+8.0dB [dft]  snr=+10.0dB [dft]  snr=+12.0dB [dft]Done (2.07s)
Estimator batch 1183/2000 (active points 3/11) [1h 35m 11s elapsed] ...   snr=+8.0dB [dft]  snr=+10.0dB [dft]  snr=+12.0dB [dft]Done (2.07s)
Estimator batch 1184/2000 (active points 3/11) [1h 35m 13s elapsed] ...   snr=+8.0dB [dft]  snr=+10.0dB [dft]  snr=+12.0dB [dft]Done (2.07s)
Estimator batch 1185/2000 (active points 3/11) [1h 35m 15s elapsed] ...   snr=+8.0dB [dft]  snr=+10.0dB [dft]  snr=+12.0dB [dft]Done (2.08s)
Estimator batch 1186/2000 (active points 3/11) [1h 35m 18s elapsed] ...   snr=+8.0dB [dft]  snr=+10.0dB [dft]  snr=+12.0dB [dft]Done (2.08s)
Estimator batch 1187/2000 (active points 3/11) [1h 35m 20s elapsed] ...   snr=+8.0dB [dft]  snr=+10.0dB [dft]  snr=+12.0dB [dft]Done (2.07s)
Estimator batch 1188/2000 (active points 3/11) [1h 35m 22s elapsed] ...   snr=+8.0dB [dft]  snr=+10.0dB [dft]  snr=+12.0dB [dft]Done (2.08s)
Estimator batch 1189/2000 (active points 3/11) [1h 35m 24s elapsed] ...   snr=+8.0dB [dft]  snr=+10.0dB [dft]  snr=+12.0dB [dft]Done (2.07s)
Estimator batch 1190/2000 (active points 3/11) [1h 35m 26s elapsed] ...   snr=+8.0dB [dft]  snr=+10.0dB [dft]  snr=+12.0dB [dft]Done (2.10s)
Estimator batch 1191/2000 (active points 3/11) [1h 35m 28s elapsed] ...   snr=+8.0dB [dft]  snr=+10.0dB [dft]  snr=+12.0dB [dft]Done (2.08s)
Estimator batch 1192/2000 (active points 3/11) [1h 35m 30s elapsed] ...   snr=+8.0dB [dft]  snr=+10.0dB [dft]  snr=+12.0dB [dft]Done (2.07s)
Estimator batch 1193/2000 (active points 3/11) [1h 35m 32s elapsed] ...   snr=+8.0dB [dft]  snr=+10.0dB [dft]  snr=+12.0dB [dft]Done (2.07s)
Estimator batch 1194/2000 (active points 3/11) [1h 35m 34s elapsed] ...   snr=+8.0dB [dft]  snr=+10.0dB [dft]  snr=+12.0dB [dft]Done (2.08s)
Estimator batch 1195/2000 (active points 3/11) [1h 35m 36s elapsed] ...   snr=+8.0dB [dft]  snr=+10.0dB [dft]  snr=+12.0dB [dft]Done (2.10s)
Estimator batch 1196/2000 (active points 3/11) [1h 35m 38s elapsed] ...   snr=+8.0dB [dft]  snr=+10.0dB [dft]  snr=+12.0dB [dft]Done (2.07s)
Estimator batch 1197/2000 (active points 3/11) [1h 35m 40s elapsed] ...   snr=+8.0dB [dft]  snr=+10.0dB [dft]  snr=+12.0dB [dft]Done (2.07s)
Estimator batch 1198/2000 (active points 3/11) [1h 35m 43s elapsed] ...   snr=+8.0dB [dft]  snr=+10.0dB [dft]  snr=+12.0dB [dft]Done (2.07s)
Estimator batch 1199/2000 (active points 3/11) [1h 35m 45s elapsed] ...   snr=+8.0dB [dft]  snr=+10.0dB [dft]  snr=+12.0dB [dft]Done (2.07s)
Estimator batch 1200/2000 (active points 3/11) [1h 35m 47s elapsed] ...   snr=+8.0dB [dft]  snr=+10.0dB [dft]  snr=+12.0dB [dft]Done (2.07s)
Estimator batch 1201/2000 (active points 3/11) [1h 35m 49s elapsed] ...   snr=+8.0dB [dft]  snr=+10.0dB [dft]  snr=+12.0dB [dft]Done (2.08s)
Estimator batch 1202/2000 (active points 3/11) [1h 35m 51s elapsed] ...   snr=+8.0dB [dft]  snr=+10.0dB [dft]  snr=+12.0dB [dft]Done (2.07s)
Estimator batch 1203/2000 (active points 3/11) [1h 35m 53s elapsed] ...   snr=+8.0dB [dft]  snr=+10.0dB [dft]  snr=+12.0dB [dft]Done (2.07s)
Estimator batch 1204/2000 (active points 3/11) [1h 35m 55s elapsed] ...   snr=+8.0dB [dft]  snr=+10.0dB [dft]  snr=+12.0dB [dft]Done (2.08s)
Estimator batch 1205/2000 (active points 3/11) [1h 35m 57s elapsed] ...   snr=+8.0dB [dft]  snr=+10.0dB [dft]  snr=+12.0dB [dft]Done (2.07s)
Estimator batch 1206/2000 (active points 3/11) [1h 35m 59s elapsed] ...   snr=+8.0dB [dft]  snr=+10.0dB [dft]  snr=+12.0dB [dft]Done (2.07s)
Estimator batch 1207/2000 (active points 3/11) [1h 36m 01s elapsed] ...   snr=+8.0dB [dft]  snr=+10.0dB [dft]  snr=+12.0dB [dft]Done (2.07s)
Estimator batch 1208/2000 (active points 3/11) [1h 36m 03s elapsed] ...   snr=+8.0dB [dft]  snr=+10.0dB [dft]  snr=+12.0dB [dft]Done (2.08s)
Estimator batch 1209/2000 (active points 3/11) [1h 36m 05s elapsed] ...   snr=+8.0dB [dft]  snr=+10.0dB [dft]  snr=+12.0dB [dft]Done (2.09s)
Estimator batch 1210/2000 (active points 3/11) [1h 36m 07s elapsed] ...   snr=+8.0dB [dft]  snr=+10.0dB [dft]  snr=+12.0dB [dft]Done (2.08s)
Estimator batch 1211/2000 (active points 3/11) [1h 36m 10s elapsed] ...   snr=+8.0dB [dft]  snr=+10.0dB [dft]  snr=+12.0dB [dft]Done (2.08s)
Estimator batch 1212/2000 (active points 3/11) [1h 36m 12s elapsed] ...   snr=+8.0dB [dft]  snr=+10.0dB [dft]  snr=+12.0dB [dft]Done (2.08s)
Estimator batch 1213/2000 (active points 3/11) [1h 36m 14s elapsed] ...   snr=+8.0dB [dft]  snr=+10.0dB [dft]  snr=+12.0dB [dft]Done (2.07s)
Estimator batch 1214/2000 (active points 3/11) [1h 36m 16s elapsed] ...   snr=+8.0dB [dft]  snr=+10.0dB [dft]  snr=+12.0dB [dft]Done (2.10s)
Estimator batch 1215/2000 (active points 3/11) [1h 36m 18s elapsed] ...   snr=+8.0dB [dft]  snr=+10.0dB [dft]  snr=+12.0dB [dft]Done (2.07s)
Estimator batch 1216/2000 (active points 3/11) [1h 36m 20s elapsed] ...   snr=+8.0dB [dft]  snr=+10.0dB [dft]  snr=+12.0dB [dft]Done (2.06s)
Estimator batch 1217/2000 (active points 3/11) [1h 36m 22s elapsed] ...   snr=+8.0dB [dft]  snr=+10.0dB [dft]  snr=+12.0dB [dft]Done (2.09s)
Estimator batch 1218/2000 (active points 3/11) [1h 36m 24s elapsed] ...   snr=+8.0dB [dft]  snr=+10.0dB [dft]  snr=+12.0dB [dft]Done (2.16s)
Estimator batch 1219/2000 (active points 3/11) [1h 36m 26s elapsed] ...   snr=+8.0dB [dft]  snr=+10.0dB [dft]  snr=+12.0dB [dft]Done (2.12s)
Estimator batch 1220/2000 (active points 3/11) [1h 36m 28s elapsed] ...   snr=+8.0dB [dft]  snr=+10.0dB [dft]  snr=+12.0dB [dft]Done (2.07s)
Estimator batch 1221/2000 (active points 3/11) [1h 36m 30s elapsed] ...   snr=+8.0dB [dft]  snr=+10.0dB [dft]  snr=+12.0dB [dft]Done (2.07s)
Estimator batch 1222/2000 (active points 3/11) [1h 36m 32s elapsed] ...   snr=+8.0dB [dft]  snr=+10.0dB [dft]  snr=+12.0dB [dft]Done (2.07s)
Estimator batch 1223/2000 (active points 3/11) [1h 36m 35s elapsed] ...   snr=+8.0dB [dft]  snr=+10.0dB [dft]  snr=+12.0dB [dft]Done (2.08s)
Estimator batch 1224/2000 (active points 3/11) [1h 36m 37s elapsed] ...   snr=+8.0dB [dft]  snr=+10.0dB [dft]  snr=+12.0dB [dft]Done (2.12s)
Estimator batch 1225/2000 (active points 3/11) [1h 36m 39s elapsed] ...   snr=+8.0dB [dft]  snr=+10.0dB [dft]  snr=+12.0dB [dft]Done (2.07s)
Estimator batch 1226/2000 (active points 3/11) [1h 36m 41s elapsed] ...   snr=+8.0dB [dft]  snr=+10.0dB [dft]  snr=+12.0dB [dft]Done (2.07s)
Estimator batch 1227/2000 (active points 3/11) [1h 36m 43s elapsed] ...   snr=+8.0dB [dft]  snr=+10.0dB [dft]  snr=+12.0dB [dft]Done (2.57s)
Estimator batch 1228/2000 (active points 3/11) [1h 36m 45s elapsed] ...   snr=+8.0dB [dft]  snr=+10.0dB [dft]  snr=+12.0dB [dft]Done (2.16s)
Estimator batch 1229/2000 (active points 3/11) [1h 36m 48s elapsed] ...   snr=+8.0dB [dft]  snr=+10.0dB [dft]  snr=+12.0dB [dft]Done (2.13s)
Estimator batch 1230/2000 (active points 3/11) [1h 36m 50s elapsed] ...   snr=+8.0dB [dft]  snr=+10.0dB [dft]  snr=+12.0dB [dft]Done (2.13s)
Estimator batch 1231/2000 (active points 3/11) [1h 36m 52s elapsed] ...   snr=+8.0dB [dft]  snr=+10.0dB [dft]  snr=+12.0dB [dft]Done (2.14s)
Estimator batch 1232/2000 (active points 3/11) [1h 36m 54s elapsed] ...   snr=+8.0dB [dft]  snr=+10.0dB [dft]  snr=+12.0dB [dft]Done (2.12s)
Estimator batch 1233/2000 (active points 3/11) [1h 36m 56s elapsed] ...   snr=+8.0dB [dft]  snr=+10.0dB [dft]  snr=+12.0dB [dft]Done (2.16s)
Estimator batch 1234/2000 (active points 3/11) [1h 36m 58s elapsed] ...   snr=+8.0dB [dft]  snr=+10.0dB [dft]  snr=+12.0dB [dft]Done (2.19s)
Estimator batch 1235/2000 (active points 3/11) [1h 37m 00s elapsed] ...   snr=+8.0dB [dft]  snr=+10.0dB [dft]  snr=+12.0dB [dft]Done (2.53s)
Estimator batch 1236/2000 (active points 3/11) [1h 37m 03s elapsed] ...   snr=+8.0dB [dft]  snr=+10.0dB [dft]  snr=+12.0dB [dft]Done (2.30s)
Estimator batch 1237/2000 (active points 3/11) [1h 37m 05s elapsed] ...   snr=+8.0dB [dft]  snr=+10.0dB [dft]  snr=+12.0dB [dft]Done (2.38s)
Estimator batch 1238/2000 (active points 3/11) [1h 37m 08s elapsed] ...   snr=+8.0dB [dft]  snr=+10.0dB [dft]  snr=+12.0dB [dft]Done (2.14s)
Estimator batch 1239/2000 (active points 3/11) [1h 37m 10s elapsed] ...   snr=+8.0dB [dft]  snr=+10.0dB [dft]  snr=+12.0dB [dft]Done (2.18s)
Estimator batch 1240/2000 (active points 3/11) [1h 37m 12s elapsed] ...   snr=+8.0dB [dft]  snr=+10.0dB [dft]  snr=+12.0dB [dft]Done (2.18s)
Estimator batch 1241/2000 (active points 3/11) [1h 37m 14s elapsed] ...   snr=+8.0dB [dft]  snr=+10.0dB [dft]  snr=+12.0dB [dft]Done (2.19s)
Estimator batch 1242/2000 (active points 3/11) [1h 37m 16s elapsed] ...   snr=+8.0dB [dft]  snr=+10.0dB [dft]  snr=+12.0dB [dft]Done (2.68s)
Estimator batch 1243/2000 (active points 3/11) [1h 37m 19s elapsed] ...   snr=+8.0dB [dft]  snr=+10.0dB [dft]  snr=+12.0dB [dft]Done (2.15s)
Estimator batch 1244/2000 (active points 3/11) [1h 37m 21s elapsed] ...   snr=+8.0dB [dft]  snr=+10.0dB [dft]  snr=+12.0dB [dft]Done (2.15s)
Estimator batch 1245/2000 (active points 3/11) [1h 37m 23s elapsed] ...   snr=+8.0dB [dft]  snr=+10.0dB [dft]  snr=+12.0dB [dft]Done (2.15s)
Estimator batch 1246/2000 (active points 3/11) [1h 37m 26s elapsed] ...   snr=+8.0dB [dft]  snr=+10.0dB [dft]  snr=+12.0dB [dft]Done (2.16s)
Estimator batch 1247/2000 (active points 3/11) [1h 37m 28s elapsed] ...   snr=+8.0dB [dft]  snr=+10.0dB [dft]  snr=+12.0dB [dft]Done (2.14s)
Estimator batch 1248/2000 (active points 3/11) [1h 37m 30s elapsed] ...   snr=+8.0dB [dft]  snr=+10.0dB [dft]  snr=+12.0dB [dft]Done (2.21s)
Estimator batch 1249/2000 (active points 3/11) [1h 37m 32s elapsed] ...   snr=+8.0dB [dft]  snr=+10.0dB [dft]  snr=+12.0dB [dft]Done (2.18s)
Estimator batch 1250/2000 (active points 3/11) [1h 37m 34s elapsed] ...   snr=+8.0dB [dft]  snr=+10.0dB [dft]  snr=+12.0dB [dft]Done (2.09s)
Estimator batch 1251/2000 (active points 3/11) [1h 37m 36s elapsed] ...   snr=+8.0dB [dft]  snr=+10.0dB [dft]  snr=+12.0dB [dft]Done (2.27s)
Estimator batch 1252/2000 (active points 3/11) [1h 37m 39s elapsed] ...   snr=+8.0dB [dft]  snr=+10.0dB [dft]  snr=+12.0dB [dft]Done (2.21s)
Estimator batch 1253/2000 (active points 3/11) [1h 37m 41s elapsed] ...   snr=+8.0dB [dft]  snr=+10.0dB [dft]  snr=+12.0dB [dft]Done (2.25s)
Estimator batch 1254/2000 (active points 3/11) [1h 37m 43s elapsed] ...   snr=+8.0dB [dft]  snr=+10.0dB [dft]  snr=+12.0dB [dft]Done (2.59s)
Estimator batch 1255/2000 (active points 3/11) [1h 37m 46s elapsed] ...   snr=+8.0dB [dft]  snr=+10.0dB [dft]  snr=+12.0dB [dft]Done (2.82s)
Estimator batch 1256/2000 (active points 3/11) [1h 37m 48s elapsed] ...   snr=+8.0dB [dft]  snr=+10.0dB [dft]  snr=+12.0dB [dft]Done (2.69s)
Estimator batch 1257/2000 (active points 3/11) [1h 37m 51s elapsed] ...   snr=+8.0dB [dft]  snr=+10.0dB [dft]  snr=+12.0dB [dft]Done (2.34s)
Estimator batch 1258/2000 (active points 3/11) [1h 37m 54s elapsed] ...   snr=+8.0dB [dft]  snr=+10.0dB [dft]  snr=+12.0dB [dft]Done (2.58s)
Estimator batch 1259/2000 (active points 3/11) [1h 37m 56s elapsed] ...   snr=+8.0dB [dft]  snr=+10.0dB [dft]  snr=+12.0dB [dft]Done (2.23s)
Estimator batch 1260/2000 (active points 3/11) [1h 37m 58s elapsed] ...   snr=+8.0dB [dft]  snr=+10.0dB [dft]  snr=+12.0dB [dft]Done (2.27s)
Estimator batch 1261/2000 (active points 3/11) [1h 38m 01s elapsed] ...   snr=+8.0dB [dft]  snr=+10.0dB [dft]  snr=+12.0dB [dft]Done (2.49s)
Estimator batch 1262/2000 (active points 3/11) [1h 38m 03s elapsed] ...   snr=+8.0dB [dft]  snr=+10.0dB [dft]  snr=+12.0dB [dft]Done (2.54s)
Estimator batch 1263/2000 (active points 3/11) [1h 38m 06s elapsed] ...   snr=+8.0dB [dft]  snr=+10.0dB [dft]  snr=+12.0dB [dft]Done (3.03s)
Estimator batch 1264/2000 (active points 3/11) [1h 38m 09s elapsed] ...   snr=+8.0dB [dft]  snr=+10.0dB [dft]  snr=+12.0dB [dft]Done (2.63s)
Estimator batch 1265/2000 (active points 3/11) [1h 38m 11s elapsed] ...   snr=+8.0dB [dft]  snr=+10.0dB [dft]  snr=+12.0dB [dft]Done (2.48s)
Estimator batch 1266/2000 (active points 3/11) [1h 38m 14s elapsed] ...   snr=+8.0dB [dft]  snr=+10.0dB [dft]  snr=+12.0dB [dft]Done (2.56s)
Estimator batch 1267/2000 (active points 3/11) [1h 38m 16s elapsed] ...   snr=+8.0dB [dft]  snr=+10.0dB [dft]  snr=+12.0dB [dft]Done (2.15s)
Estimator batch 1268/2000 (active points 3/11) [1h 38m 18s elapsed] ...   snr=+8.0dB [dft]  snr=+10.0dB [dft]  snr=+12.0dB [dft]Done (2.11s)
Estimator batch 1269/2000 (active points 3/11) [1h 38m 21s elapsed] ...   snr=+8.0dB [dft]  snr=+10.0dB [dft]  snr=+12.0dB [dft]Done (2.10s)
Estimator batch 1270/2000 (active points 3/11) [1h 38m 23s elapsed] ...   snr=+8.0dB [dft]  snr=+10.0dB [dft]  snr=+12.0dB [dft]Done (2.12s)
Estimator batch 1271/2000 (active points 3/11) [1h 38m 25s elapsed] ...   snr=+8.0dB [dft]  snr=+10.0dB [dft]  snr=+12.0dB [dft]Done (2.11s)
Estimator batch 1272/2000 (active points 3/11) [1h 38m 27s elapsed] ...   snr=+8.0dB [dft]  snr=+10.0dB [dft]  snr=+12.0dB [dft]Done (2.15s)
Estimator batch 1273/2000 (active points 3/11) [1h 38m 29s elapsed] ...   snr=+8.0dB [dft]  snr=+10.0dB [dft]  snr=+12.0dB [dft]Done (2.09s)
Estimator batch 1274/2000 (active points 3/11) [1h 38m 31s elapsed] ...   snr=+8.0dB [dft]  snr=+10.0dB [dft]  snr=+12.0dB [dft]Done (2.15s)
Estimator batch 1275/2000 (active points 3/11) [1h 38m 33s elapsed] ...   snr=+8.0dB [dft]  snr=+10.0dB [dft]  snr=+12.0dB [dft]Done (2.11s)
Estimator batch 1276/2000 (active points 3/11) [1h 38m 35s elapsed] ...   snr=+8.0dB [dft]  snr=+10.0dB [dft]  snr=+12.0dB [dft]Done (2.14s)
Estimator batch 1277/2000 (active points 3/11) [1h 38m 38s elapsed] ...   snr=+8.0dB [dft]  snr=+10.0dB [dft]  snr=+12.0dB [dft]Done (2.14s)
Estimator batch 1278/2000 (active points 3/11) [1h 38m 40s elapsed] ...   snr=+8.0dB [dft]  snr=+10.0dB [dft]  snr=+12.0dB [dft]Done (2.10s)
Estimator batch 1279/2000 (active points 3/11) [1h 38m 42s elapsed] ...   snr=+8.0dB [dft]  snr=+10.0dB [dft]  snr=+12.0dB [dft]Done (2.10s)
Estimator batch 1280/2000 (active points 3/11) [1h 38m 44s elapsed] ...   snr=+8.0dB [dft]  snr=+10.0dB [dft]  snr=+12.0dB [dft]Done (2.11s)
Estimator batch 1281/2000 (active points 3/11) [1h 38m 46s elapsed] ...   snr=+8.0dB [dft]  snr=+10.0dB [dft]  snr=+12.0dB [dft]Done (2.08s)
Estimator batch 1282/2000 (active points 3/11) [1h 38m 48s elapsed] ...   snr=+8.0dB [dft]  snr=+10.0dB [dft]  snr=+12.0dB [dft]Done (2.17s)
Estimator batch 1283/2000 (active points 3/11) [1h 38m 50s elapsed] ...   snr=+8.0dB [dft]  snr=+10.0dB [dft]  snr=+12.0dB [dft]Done (2.09s)
Estimator batch 1284/2000 (active points 3/11) [1h 38m 52s elapsed] ...   snr=+8.0dB [dft]  snr=+10.0dB [dft]  snr=+12.0dB [dft]Done (2.09s)
Estimator batch 1285/2000 (active points 3/11) [1h 38m 54s elapsed] ...   snr=+8.0dB [dft]  snr=+10.0dB [dft]  snr=+12.0dB [dft]Done (2.19s)
Estimator batch 1286/2000 (active points 3/11) [1h 38m 57s elapsed] ...   snr=+8.0dB [dft]  snr=+10.0dB [dft]  snr=+12.0dB [dft]Done (2.16s)
Estimator batch 1287/2000 (active points 3/11) [1h 38m 59s elapsed] ...   snr=+8.0dB [dft]  snr=+10.0dB [dft]  snr=+12.0dB [dft]Done (2.29s)
Estimator batch 1288/2000 (active points 3/11) [1h 39m 01s elapsed] ...   snr=+8.0dB [dft]  snr=+10.0dB [dft]  snr=+12.0dB [dft]Done (2.21s)
Estimator batch 1289/2000 (active points 3/11) [1h 39m 03s elapsed] ...   snr=+8.0dB [dft]  snr=+10.0dB [dft]  snr=+12.0dB [dft]Done (2.24s)
Estimator batch 1290/2000 (active points 3/11) [1h 39m 06s elapsed] ...   snr=+8.0dB [dft]  snr=+10.0dB [dft]  snr=+12.0dB [dft]Done (2.23s)
Estimator batch 1291/2000 (active points 3/11) [1h 39m 08s elapsed] ...   snr=+8.0dB [dft]  snr=+10.0dB [dft]  snr=+12.0dB [dft]Done (2.29s)
Estimator batch 1292/2000 (active points 3/11) [1h 39m 10s elapsed] ...   snr=+8.0dB [dft]  snr=+10.0dB [dft]  snr=+12.0dB [dft]Done (2.32s)
Estimator batch 1293/2000 (active points 3/11) [1h 39m 12s elapsed] ...   snr=+8.0dB [dft]  snr=+10.0dB [dft]  snr=+12.0dB [dft]Done (2.32s)
Estimator batch 1294/2000 (active points 3/11) [1h 39m 15s elapsed] ...   snr=+8.0dB [dft]  snr=+10.0dB [dft]  snr=+12.0dB [dft]Done (2.18s)
Estimator batch 1295/2000 (active points 3/11) [1h 39m 17s elapsed] ...   snr=+8.0dB [dft]  snr=+10.0dB [dft]  snr=+12.0dB [dft]Done (2.24s)
Estimator batch 1296/2000 (active points 3/11) [1h 39m 19s elapsed] ...   snr=+8.0dB [dft]  snr=+10.0dB [dft]  snr=+12.0dB [dft]Done (2.19s)
Estimator batch 1297/2000 (active points 3/11) [1h 39m 21s elapsed] ...   snr=+8.0dB [dft]  snr=+10.0dB [dft]  snr=+12.0dB [dft]Done (2.42s)
Estimator batch 1298/2000 (active points 3/11) [1h 39m 24s elapsed] ...   snr=+8.0dB [dft]  snr=+10.0dB [dft]  snr=+12.0dB [dft]Done (2.57s)
Estimator batch 1299/2000 (active points 3/11) [1h 39m 26s elapsed] ...   snr=+8.0dB [dft]  snr=+10.0dB [dft]  snr=+12.0dB [dft]Done (2.70s)
Estimator batch 1300/2000 (active points 3/11) [1h 39m 29s elapsed] ...   snr=+8.0dB [dft]  snr=+10.0dB [dft]  snr=+12.0dB [dft]Done (2.48s)
Estimator batch 1301/2000 (active points 3/11) [1h 39m 31s elapsed] ...   snr=+8.0dB [dft]  snr=+10.0dB [dft]  snr=+12.0dB [dft]Done (2.31s)
Estimator batch 1302/2000 (active points 3/11) [1h 39m 34s elapsed] ...   snr=+8.0dB [dft]  snr=+10.0dB [dft]  snr=+12.0dB [dft]Done (2.18s)
Estimator batch 1303/2000 (active points 3/11) [1h 39m 36s elapsed] ...   snr=+8.0dB [dft]  snr=+10.0dB [dft]  snr=+12.0dB [dft]Done (2.32s)
Estimator batch 1304/2000 (active points 3/11) [1h 39m 38s elapsed] ...   snr=+8.0dB [dft]  snr=+10.0dB [dft]  snr=+12.0dB [dft]Done (2.20s)
Estimator batch 1305/2000 (active points 3/11) [1h 39m 40s elapsed] ...   snr=+8.0dB [dft]  snr=+10.0dB [dft]  snr=+12.0dB [dft]Done (2.16s)
Estimator batch 1306/2000 (active points 3/11) [1h 39m 43s elapsed] ...   snr=+8.0dB [dft]  snr=+10.0dB [dft]  snr=+12.0dB [dft]Done (2.28s)
Estimator batch 1307/2000 (active points 3/11) [1h 39m 45s elapsed] ...   snr=+8.0dB [dft]  snr=+10.0dB [dft]  snr=+12.0dB [dft]Done (2.60s)
Estimator batch 1308/2000 (active points 3/11) [1h 39m 48s elapsed] ...   snr=+8.0dB [dft]  snr=+10.0dB [dft]  snr=+12.0dB [dft]Done (2.43s)
Estimator batch 1309/2000 (active points 3/11) [1h 39m 50s elapsed] ...   snr=+8.0dB [dft]  snr=+10.0dB [dft]  snr=+12.0dB [dft]Done (2.40s)
Estimator batch 1310/2000 (active points 3/11) [1h 39m 52s elapsed] ...   snr=+8.0dB [dft]  snr=+10.0dB [dft]  snr=+12.0dB [dft]Done (2.60s)
Estimator batch 1311/2000 (active points 3/11) [1h 39m 55s elapsed] ...   snr=+8.0dB [dft]  snr=+10.0dB [dft]  snr=+12.0dB [dft]Done (2.31s)
Estimator batch 1312/2000 (active points 3/11) [1h 39m 57s elapsed] ...   snr=+8.0dB [dft]  snr=+10.0dB [dft]  snr=+12.0dB [dft]Done (2.13s)
Estimator batch 1313/2000 (active points 3/11) [1h 39m 59s elapsed] ...   snr=+8.0dB [dft]  snr=+10.0dB [dft]  snr=+12.0dB [dft]Done (2.14s)
Estimator batch 1314/2000 (active points 3/11) [1h 40m 02s elapsed] ...   snr=+8.0dB [dft]  snr=+10.0dB [dft]  snr=+12.0dB [dft]Done (2.37s)
Estimator batch 1315/2000 (active points 3/11) [1h 40m 04s elapsed] ...   snr=+8.0dB [dft]  snr=+10.0dB [dft]  snr=+12.0dB [dft]Done (2.16s)
Estimator batch 1316/2000 (active points 3/11) [1h 40m 06s elapsed] ...   snr=+8.0dB [dft]  snr=+10.0dB [dft]  snr=+12.0dB [dft]Done (2.08s)
Estimator batch 1317/2000 (active points 3/11) [1h 40m 08s elapsed] ...   snr=+8.0dB [dft]  snr=+10.0dB [dft]  snr=+12.0dB [dft]Done (2.08s)
Estimator batch 1318/2000 (active points 3/11) [1h 40m 10s elapsed] ...   snr=+8.0dB [dft]  snr=+10.0dB [dft]  snr=+12.0dB [dft]Done (2.14s)
Estimator batch 1319/2000 (active points 3/11) [1h 40m 12s elapsed] ...   snr=+8.0dB [dft]  snr=+10.0dB [dft]  snr=+12.0dB [dft]Done (2.11s)
Estimator batch 1320/2000 (active points 3/11) [1h 40m 15s elapsed] ...   snr=+8.0dB [dft]  snr=+10.0dB [dft]  snr=+12.0dB [dft]Done (2.12s)
Estimator batch 1321/2000 (active points 3/11) [1h 40m 17s elapsed] ...   snr=+8.0dB [dft]  snr=+10.0dB [dft]  snr=+12.0dB [dft]Done (2.10s)
Estimator batch 1322/2000 (active points 3/11) [1h 40m 19s elapsed] ...   snr=+8.0dB [dft]  snr=+10.0dB [dft]  snr=+12.0dB [dft]Done (2.14s)
Estimator batch 1323/2000 (active points 3/11) [1h 40m 21s elapsed] ...   snr=+8.0dB [dft]  snr=+10.0dB [dft]  snr=+12.0dB [dft]Done (2.14s)
Estimator batch 1324/2000 (active points 3/11) [1h 40m 23s elapsed] ...   snr=+8.0dB [dft]  snr=+10.0dB [dft]  snr=+12.0dB [dft]Done (2.14s)
Estimator batch 1325/2000 (active points 3/11) [1h 40m 25s elapsed] ...   snr=+8.0dB [dft]  snr=+10.0dB [dft]  snr=+12.0dB [dft]Done (2.16s)
Estimator batch 1326/2000 (active points 3/11) [1h 40m 27s elapsed] ...   snr=+8.0dB [dft]  snr=+10.0dB [dft]  snr=+12.0dB [dft]Done (2.17s)
Estimator batch 1327/2000 (active points 3/11) [1h 40m 29s elapsed] ...   snr=+8.0dB [dft]  snr=+10.0dB [dft]  snr=+12.0dB [dft]Done (2.22s)
Estimator batch 1328/2000 (active points 3/11) [1h 40m 32s elapsed] ...   snr=+8.0dB [dft]  snr=+10.0dB [dft]  snr=+12.0dB [dft]Done (2.09s)
Estimator batch 1329/2000 (active points 3/11) [1h 40m 34s elapsed] ...   snr=+8.0dB [dft]  snr=+10.0dB [dft]  snr=+12.0dB [dft]Done (2.32s)
Estimator batch 1330/2000 (active points 3/11) [1h 40m 36s elapsed] ...   snr=+8.0dB [dft]  snr=+10.0dB [dft]  snr=+12.0dB [dft]Done (2.13s)
Estimator batch 1331/2000 (active points 3/11) [1h 40m 38s elapsed] ...   snr=+8.0dB [dft]  snr=+10.0dB [dft]  snr=+12.0dB [dft]Done (2.18s)
Estimator batch 1332/2000 (active points 3/11) [1h 40m 40s elapsed] ...   snr=+8.0dB [dft]  snr=+10.0dB [dft]  snr=+12.0dB [dft]Done (2.23s)
Estimator batch 1333/2000 (active points 3/11) [1h 40m 43s elapsed] ...   snr=+8.0dB [dft]  snr=+10.0dB [dft]  snr=+12.0dB [dft]Done (2.22s)
Estimator batch 1334/2000 (active points 3/11) [1h 40m 45s elapsed] ...   snr=+8.0dB [dft]  snr=+10.0dB [dft]  snr=+12.0dB [dft]Done (2.22s)
Estimator batch 1335/2000 (active points 3/11) [1h 40m 47s elapsed] ...   snr=+8.0dB [dft]  snr=+10.0dB [dft]  snr=+12.0dB [dft]Done (2.22s)
Estimator batch 1336/2000 (active points 3/11) [1h 40m 49s elapsed] ...   snr=+8.0dB [dft]  snr=+10.0dB [dft]  snr=+12.0dB [dft]Done (2.22s)
Estimator batch 1337/2000 (active points 3/11) [1h 40m 52s elapsed] ...   snr=+8.0dB [dft]  snr=+10.0dB [dft]  snr=+12.0dB [dft]Done (2.22s)
Estimator batch 1338/2000 (active points 3/11) [1h 40m 54s elapsed] ...   snr=+8.0dB [dft]  snr=+10.0dB [dft]  snr=+12.0dB [dft]Done (2.23s)
Estimator batch 1339/2000 (active points 3/11) [1h 40m 56s elapsed] ...   snr=+8.0dB [dft]  snr=+10.0dB [dft]  snr=+12.0dB [dft]Done (2.11s)
Estimator batch 1340/2000 (active points 3/11) [1h 40m 58s elapsed] ...   snr=+8.0dB [dft]  snr=+10.0dB [dft]  snr=+12.0dB [dft]Done (2.09s)
Estimator batch 1341/2000 (active points 3/11) [1h 41m 00s elapsed] ...   snr=+8.0dB [dft]  snr=+10.0dB [dft]  snr=+12.0dB [dft]Done (2.07s)
Estimator batch 1342/2000 (active points 3/11) [1h 41m 02s elapsed] ...   snr=+8.0dB [dft]  snr=+10.0dB [dft]  snr=+12.0dB [dft]Done (2.06s)
Estimator batch 1343/2000 (active points 3/11) [1h 41m 04s elapsed] ...   snr=+8.0dB [dft]  snr=+10.0dB [dft]  snr=+12.0dB [dft]Done (2.06s)
Estimator batch 1344/2000 (active points 3/11) [1h 41m 06s elapsed] ...   snr=+8.0dB [dft]  snr=+10.0dB [dft]  snr=+12.0dB [dft]Done (2.08s)
Estimator batch 1345/2000 (active points 3/11) [1h 41m 08s elapsed] ...   snr=+8.0dB [dft]  snr=+10.0dB [dft]  snr=+12.0dB [dft]Done (2.05s)
Estimator batch 1346/2000 (active points 3/11) [1h 41m 11s elapsed] ...   snr=+8.0dB [dft]  snr=+10.0dB [dft]  snr=+12.0dB [dft]Done (2.05s)
Estimator batch 1347/2000 (active points 3/11) [1h 41m 13s elapsed] ...   snr=+8.0dB [dft]  snr=+10.0dB [dft]  snr=+12.0dB [dft]Done (2.05s)
Estimator batch 1348/2000 (active points 3/11) [1h 41m 15s elapsed] ...   snr=+8.0dB [dft]  snr=+10.0dB [dft]  snr=+12.0dB [dft]Done (2.04s)
Estimator batch 1349/2000 (active points 3/11) [1h 41m 17s elapsed] ...   snr=+8.0dB [dft]  snr=+10.0dB [dft]  snr=+12.0dB [dft]Done (2.04s)
Estimator batch 1350/2000 (active points 3/11) [1h 41m 19s elapsed] ...   snr=+8.0dB [dft]  snr=+10.0dB [dft]  snr=+12.0dB [dft]Done (2.05s)
Estimator batch 1351/2000 (active points 3/11) [1h 41m 21s elapsed] ...   snr=+8.0dB [dft]  snr=+10.0dB [dft]  snr=+12.0dB [dft]Done (2.04s)
Estimator batch 1352/2000 (active points 3/11) [1h 41m 23s elapsed] ...   snr=+8.0dB [dft]  snr=+10.0dB [dft]  snr=+12.0dB [dft]Done (2.08s)
Estimator batch 1353/2000 (active points 3/11) [1h 41m 25s elapsed] ...   snr=+8.0dB [dft]  snr=+10.0dB [dft]  snr=+12.0dB [dft]Done (2.11s)
Estimator batch 1354/2000 (active points 3/11) [1h 41m 27s elapsed] ...   snr=+8.0dB [dft]  snr=+10.0dB [dft]  snr=+12.0dB [dft]Done (2.05s)
Estimator batch 1355/2000 (active points 3/11) [1h 41m 29s elapsed] ...   snr=+8.0dB [dft]  snr=+10.0dB [dft]  snr=+12.0dB [dft]Done (2.05s)
Estimator batch 1356/2000 (active points 3/11) [1h 41m 31s elapsed] ...   snr=+8.0dB [dft]  snr=+10.0dB [dft]  snr=+12.0dB [dft]Done (2.06s)
Estimator batch 1357/2000 (active points 3/11) [1h 41m 33s elapsed] ...   snr=+8.0dB [dft]  snr=+10.0dB [dft]  snr=+12.0dB [dft]Done (2.06s)
Estimator batch 1358/2000 (active points 3/11) [1h 41m 35s elapsed] ...   snr=+8.0dB [dft]  snr=+10.0dB [dft]  snr=+12.0dB [dft]Done (2.08s)
Estimator batch 1359/2000 (active points 3/11) [1h 41m 37s elapsed] ...   snr=+8.0dB [dft]  snr=+10.0dB [dft]  snr=+12.0dB [dft]Done (2.05s)
Estimator batch 1360/2000 (active points 3/11) [1h 41m 39s elapsed] ...   snr=+8.0dB [dft]  snr=+10.0dB [dft]  snr=+12.0dB [dft]Done (2.05s)
Estimator batch 1361/2000 (active points 3/11) [1h 41m 41s elapsed] ...   snr=+8.0dB [dft]  snr=+10.0dB [dft]  snr=+12.0dB [dft]Done (2.10s)
Estimator batch 1362/2000 (active points 3/11) [1h 41m 44s elapsed] ...   snr=+8.0dB [dft]  snr=+10.0dB [dft]  snr=+12.0dB [dft]Done (2.06s)
Estimator batch 1363/2000 (active points 3/11) [1h 41m 46s elapsed] ...   snr=+8.0dB [dft]  snr=+10.0dB [dft]  snr=+12.0dB [dft]Done (2.08s)
Estimator batch 1364/2000 (active points 3/11) [1h 41m 48s elapsed] ...   snr=+8.0dB [dft]  snr=+10.0dB [dft]  snr=+12.0dB [dft]Done (2.05s)
Estimator batch 1365/2000 (active points 3/11) [1h 41m 50s elapsed] ...   snr=+8.0dB [dft]  snr=+10.0dB [dft]  snr=+12.0dB [dft]Done (2.06s)
Estimator batch 1366/2000 (active points 3/11) [1h 41m 52s elapsed] ...   snr=+8.0dB [dft]  snr=+10.0dB [dft]  snr=+12.0dB [dft]Done (2.08s)
Estimator batch 1367/2000 (active points 3/11) [1h 41m 54s elapsed] ...   snr=+8.0dB [dft]  snr=+10.0dB [dft]  snr=+12.0dB [dft]Done (2.06s)
Estimator batch 1368/2000 (active points 3/11) [1h 41m 56s elapsed] ...   snr=+8.0dB [dft]  snr=+10.0dB [dft]  snr=+12.0dB [dft]Done (2.08s)
Estimator batch 1369/2000 (active points 3/11) [1h 41m 58s elapsed] ...   snr=+8.0dB [dft]  snr=+10.0dB [dft]  snr=+12.0dB [dft]Done (2.07s)
Estimator batch 1370/2000 (active points 3/11) [1h 42m 00s elapsed] ...   snr=+8.0dB [dft]  snr=+10.0dB [dft]  snr=+12.0dB [dft]Done (2.09s)
Estimator batch 1371/2000 (active points 3/11) [1h 42m 02s elapsed] ...   snr=+8.0dB [dft]  snr=+10.0dB [dft]  snr=+12.0dB [dft]Done (2.06s)
Estimator batch 1372/2000 (active points 3/11) [1h 42m 04s elapsed] ...   snr=+8.0dB [dft]  snr=+10.0dB [dft]  snr=+12.0dB [dft]Done (2.06s)
Estimator batch 1373/2000 (active points 3/11) [1h 42m 06s elapsed] ...   snr=+8.0dB [dft]  snr=+10.0dB [dft]  snr=+12.0dB [dft]Done (2.06s)
Estimator batch 1374/2000 (active points 3/11) [1h 42m 08s elapsed] ...   snr=+8.0dB [dft]  snr=+10.0dB [dft]  snr=+12.0dB [dft]Done (2.12s)
Estimator batch 1375/2000 (active points 3/11) [1h 42m 10s elapsed] ...   snr=+8.0dB [dft]  snr=+10.0dB [dft]  snr=+12.0dB [dft]Done (2.12s)
Estimator batch 1376/2000 (active points 3/11) [1h 42m 13s elapsed] ...   snr=+8.0dB [dft]  snr=+10.0dB [dft]  snr=+12.0dB [dft]Done (2.22s)
Estimator batch 1377/2000 (active points 3/11) [1h 42m 15s elapsed] ...   snr=+8.0dB [dft]  snr=+10.0dB [dft]  snr=+12.0dB [dft]Done (2.12s)
Estimator batch 1378/2000 (active points 3/11) [1h 42m 17s elapsed] ...   snr=+8.0dB [dft]  snr=+10.0dB [dft]  snr=+12.0dB [dft]Done (2.22s)
Estimator batch 1379/2000 (active points 3/11) [1h 42m 19s elapsed] ...   snr=+8.0dB [dft]  snr=+10.0dB [dft]  snr=+12.0dB [dft]Done (2.07s)
Estimator batch 1380/2000 (active points 3/11) [1h 42m 21s elapsed] ...   snr=+8.0dB [dft]  snr=+10.0dB [dft]  snr=+12.0dB [dft]Done (2.10s)
Estimator batch 1381/2000 (active points 3/11) [1h 42m 23s elapsed] ...   snr=+8.0dB [dft]  snr=+10.0dB [dft]  snr=+12.0dB [dft]Done (2.09s)
Estimator batch 1382/2000 (active points 3/11) [1h 42m 25s elapsed] ...   snr=+8.0dB [dft]  snr=+10.0dB [dft]  snr=+12.0dB [dft]Done (2.08s)
Estimator batch 1383/2000 (active points 3/11) [1h 42m 28s elapsed] ...   snr=+8.0dB [dft]  snr=+10.0dB [dft]  snr=+12.0dB [dft]Done (2.14s)
Estimator batch 1384/2000 (active points 3/11) [1h 42m 30s elapsed] ...   snr=+8.0dB [dft]  snr=+10.0dB [dft]  snr=+12.0dB [dft]Done (2.09s)
Estimator batch 1385/2000 (active points 3/11) [1h 42m 32s elapsed] ...   snr=+8.0dB [dft]  snr=+10.0dB [dft]  snr=+12.0dB [dft]Done (2.09s)
Estimator batch 1386/2000 (active points 3/11) [1h 42m 34s elapsed] ...   snr=+8.0dB [dft]  snr=+10.0dB [dft]  snr=+12.0dB [dft]Done (2.17s)
Estimator batch 1387/2000 (active points 3/11) [1h 42m 36s elapsed] ...   snr=+8.0dB [dft]  snr=+10.0dB [dft]  snr=+12.0dB [dft]Done (2.15s)
Estimator batch 1388/2000 (active points 3/11) [1h 42m 38s elapsed] ...   snr=+8.0dB [dft]  snr=+10.0dB [dft]  snr=+12.0dB [dft]Done (2.11s)
Estimator batch 1389/2000 (active points 3/11) [1h 42m 40s elapsed] ...   snr=+8.0dB [dft]  snr=+10.0dB [dft]  snr=+12.0dB [dft]Done (2.24s)
Estimator batch 1390/2000 (active points 3/11) [1h 42m 43s elapsed] ...   snr=+8.0dB [dft]  snr=+10.0dB [dft]  snr=+12.0dB [dft]Done (2.10s)
Estimator batch 1391/2000 (active points 3/11) [1h 42m 45s elapsed] ...   snr=+8.0dB [dft]  snr=+10.0dB [dft]  snr=+12.0dB [dft]Done (2.12s)
Estimator batch 1392/2000 (active points 3/11) [1h 42m 47s elapsed] ...   snr=+8.0dB [dft]  snr=+10.0dB [dft]  snr=+12.0dB [dft]Done (2.15s)
Estimator batch 1393/2000 (active points 3/11) [1h 42m 49s elapsed] ...   snr=+8.0dB [dft]  snr=+10.0dB [dft]  snr=+12.0dB [dft]Done (2.52s)
Estimator batch 1394/2000 (active points 3/11) [1h 42m 51s elapsed] ...   snr=+8.0dB [dft]  snr=+10.0dB [dft]  snr=+12.0dB [dft]Done (2.33s)
Estimator batch 1395/2000 (active points 3/11) [1h 42m 54s elapsed] ...   snr=+8.0dB [dft]  snr=+10.0dB [dft]  snr=+12.0dB [dft]Done (2.74s)
Estimator batch 1396/2000 (active points 3/11) [1h 42m 56s elapsed] ...   snr=+8.0dB [dft]  snr=+10.0dB [dft]  snr=+12.0dB [dft]Done (2.18s)
Estimator batch 1397/2000 (active points 3/11) [1h 42m 59s elapsed] ...   snr=+8.0dB [dft]  snr=+10.0dB [dft]  snr=+12.0dB [dft]Done (2.13s)
Estimator batch 1398/2000 (active points 3/11) [1h 43m 01s elapsed] ...   snr=+8.0dB [dft]  snr=+10.0dB [dft]  snr=+12.0dB [dft]Done (2.10s)
Estimator batch 1399/2000 (active points 3/11) [1h 43m 03s elapsed] ...   snr=+8.0dB [dft]  snr=+10.0dB [dft]  snr=+12.0dB [dft]Done (2.10s)
Estimator batch 1400/2000 (active points 3/11) [1h 43m 05s elapsed] ...   snr=+8.0dB [dft]  snr=+10.0dB [dft]  snr=+12.0dB [dft]Done (2.12s)
Estimator batch 1401/2000 (active points 3/11) [1h 43m 07s elapsed] ...   snr=+8.0dB [dft]  snr=+10.0dB [dft]  snr=+12.0dB [dft]Done (2.11s)
Estimator batch 1402/2000 (active points 3/11) [1h 43m 09s elapsed] ...   snr=+8.0dB [dft]  snr=+10.0dB [dft]  snr=+12.0dB [dft]Done (2.08s)
Estimator batch 1403/2000 (active points 3/11) [1h 43m 11s elapsed] ...   snr=+8.0dB [dft]  snr=+10.0dB [dft]  snr=+12.0dB [dft]Done (2.09s)
Estimator batch 1404/2000 (active points 3/11) [1h 43m 13s elapsed] ...   snr=+8.0dB [dft]  snr=+10.0dB [dft]  snr=+12.0dB [dft]Done (2.06s)
Estimator batch 1405/2000 (active points 3/11) [1h 43m 15s elapsed] ...   snr=+8.0dB [dft]  snr=+10.0dB [dft]  snr=+12.0dB [dft]Done (2.08s)
Estimator batch 1406/2000 (active points 3/11) [1h 43m 18s elapsed] ...   snr=+8.0dB [dft]  snr=+10.0dB [dft]  snr=+12.0dB [dft]Done (2.07s)
Estimator batch 1407/2000 (active points 3/11) [1h 43m 20s elapsed] ...   snr=+8.0dB [dft]  snr=+10.0dB [dft]  snr=+12.0dB [dft]Done (2.06s)
Estimator batch 1408/2000 (active points 3/11) [1h 43m 22s elapsed] ...   snr=+8.0dB [dft]  snr=+10.0dB [dft]  snr=+12.0dB [dft]Done (2.07s)
Estimator batch 1409/2000 (active points 3/11) [1h 43m 24s elapsed] ...   snr=+8.0dB [dft]  snr=+10.0dB [dft]  snr=+12.0dB [dft]Done (2.09s)
Estimator batch 1410/2000 (active points 3/11) [1h 43m 26s elapsed] ...   snr=+8.0dB [dft]  snr=+10.0dB [dft]  snr=+12.0dB [dft]Done (2.12s)
Estimator batch 1411/2000 (active points 3/11) [1h 43m 28s elapsed] ...   snr=+8.0dB [dft]  snr=+10.0dB [dft]  snr=+12.0dB [dft]Done (2.08s)
Estimator batch 1412/2000 (active points 3/11) [1h 43m 30s elapsed] ...   snr=+8.0dB [dft]  snr=+10.0dB [dft]  snr=+12.0dB [dft]Done (2.12s)
Estimator batch 1413/2000 (active points 3/11) [1h 43m 32s elapsed] ...   snr=+8.0dB [dft]  snr=+10.0dB [dft]  snr=+12.0dB [dft]Done (2.09s)
Estimator batch 1414/2000 (active points 3/11) [1h 43m 34s elapsed] ...   snr=+8.0dB [dft]  snr=+10.0dB [dft]  snr=+12.0dB [dft]Done (2.09s)
Estimator batch 1415/2000 (active points 3/11) [1h 43m 36s elapsed] ...   snr=+8.0dB [dft]  snr=+10.0dB [dft]  snr=+12.0dB [dft]Done (2.15s)
Estimator batch 1416/2000 (active points 3/11) [1h 43m 38s elapsed] ...   snr=+8.0dB [dft]  snr=+10.0dB [dft]  snr=+12.0dB [dft]Done (2.16s)
Estimator batch 1417/2000 (active points 3/11) [1h 43m 41s elapsed] ...   snr=+8.0dB [dft]  snr=+10.0dB [dft]  snr=+12.0dB [dft]Done (2.08s)
Estimator batch 1418/2000 (active points 3/11) [1h 43m 43s elapsed] ...   snr=+8.0dB [dft]  snr=+10.0dB [dft]  snr=+12.0dB [dft]Done (2.05s)
Estimator batch 1419/2000 (active points 3/11) [1h 43m 45s elapsed] ...   snr=+8.0dB [dft]  snr=+10.0dB [dft]  snr=+12.0dB [dft]Done (2.14s)
Estimator batch 1420/2000 (active points 3/11) [1h 43m 47s elapsed] ...   snr=+8.0dB [dft]  snr=+10.0dB [dft]  snr=+12.0dB [dft]Done (2.11s)
Estimator batch 1421/2000 (active points 3/11) [1h 43m 49s elapsed] ...   snr=+8.0dB [dft]  snr=+10.0dB [dft]  snr=+12.0dB [dft]Done (2.20s)
Estimator batch 1422/2000 (active points 3/11) [1h 43m 51s elapsed] ...   snr=+8.0dB [dft]  snr=+10.0dB [dft]  snr=+12.0dB [dft]Done (2.10s)
Estimator batch 1423/2000 (active points 3/11) [1h 43m 53s elapsed] ...   snr=+8.0dB [dft]  snr=+10.0dB [dft]  snr=+12.0dB [dft]Done (2.30s)
Estimator batch 1424/2000 (active points 3/11) [1h 43m 56s elapsed] ...   snr=+8.0dB [dft]  snr=+10.0dB [dft]  snr=+12.0dB [dft]Done (2.15s)
Estimator batch 1425/2000 (active points 3/11) [1h 43m 58s elapsed] ...   snr=+8.0dB [dft]  snr=+10.0dB [dft]  snr=+12.0dB [dft]Done (2.11s)
Estimator batch 1426/2000 (active points 3/11) [1h 44m 00s elapsed] ...   snr=+8.0dB [dft]  snr=+10.0dB [dft]  snr=+12.0dB [dft]Done (2.18s)
Estimator batch 1427/2000 (active points 3/11) [1h 44m 02s elapsed] ...   snr=+8.0dB [dft]  snr=+10.0dB [dft]  snr=+12.0dB [dft]Done (2.07s)
Estimator batch 1428/2000 (active points 3/11) [1h 44m 04s elapsed] ...   snr=+8.0dB [dft]  snr=+10.0dB [dft]  snr=+12.0dB [dft]Done (2.07s)
Estimator batch 1429/2000 (active points 3/11) [1h 44m 06s elapsed] ...   snr=+8.0dB [dft]  snr=+10.0dB [dft]  snr=+12.0dB [dft]Done (2.15s)
Estimator batch 1430/2000 (active points 3/11) [1h 44m 08s elapsed] ...   snr=+8.0dB [dft]  snr=+10.0dB [dft]  snr=+12.0dB [dft]Done (2.21s)
Estimator batch 1431/2000 (active points 3/11) [1h 44m 11s elapsed] ...   snr=+8.0dB [dft]  snr=+10.0dB [dft]  snr=+12.0dB [dft]Done (2.18s)
Estimator batch 1432/2000 (active points 3/11) [1h 44m 13s elapsed] ...   snr=+8.0dB [dft]  snr=+10.0dB [dft]  snr=+12.0dB [dft]Done (2.10s)
Estimator batch 1433/2000 (active points 3/11) [1h 44m 15s elapsed] ...   snr=+8.0dB [dft]  snr=+10.0dB [dft]  snr=+12.0dB [dft]Done (2.08s)
Estimator batch 1434/2000 (active points 3/11) [1h 44m 17s elapsed] ...   snr=+8.0dB [dft]  snr=+10.0dB [dft]  snr=+12.0dB [dft]Done (2.18s)
Estimator batch 1435/2000 (active points 3/11) [1h 44m 19s elapsed] ...   snr=+8.0dB [dft]  snr=+10.0dB [dft]  snr=+12.0dB [dft]Done (2.07s)
Estimator batch 1436/2000 (active points 3/11) [1h 44m 21s elapsed] ...   snr=+8.0dB [dft]  snr=+10.0dB [dft]  snr=+12.0dB [dft]Done (2.19s)
Estimator batch 1437/2000 (active points 3/11) [1h 44m 23s elapsed] ...   snr=+8.0dB [dft]  snr=+10.0dB [dft]  snr=+12.0dB [dft]Done (2.10s)
Estimator batch 1438/2000 (active points 3/11) [1h 44m 25s elapsed] ...   snr=+8.0dB [dft]  snr=+10.0dB [dft]  snr=+12.0dB [dft]Done (2.11s)
Estimator batch 1439/2000 (active points 3/11) [1h 44m 28s elapsed] ...   snr=+8.0dB [dft]  snr=+10.0dB [dft]  snr=+12.0dB [dft]Done (2.24s)
Estimator batch 1440/2000 (active points 3/11) [1h 44m 30s elapsed] ...   snr=+8.0dB [dft]  snr=+10.0dB [dft]  snr=+12.0dB [dft]Done (2.16s)
Estimator batch 1441/2000 (active points 3/11) [1h 44m 32s elapsed] ...   snr=+8.0dB [dft]  snr=+10.0dB [dft]  snr=+12.0dB [dft]Done (2.06s)
Estimator batch 1442/2000 (active points 3/11) [1h 44m 34s elapsed] ...   snr=+8.0dB [dft]  snr=+10.0dB [dft]  snr=+12.0dB [dft]Done (2.06s)
Estimator batch 1443/2000 (active points 3/11) [1h 44m 36s elapsed] ...   snr=+8.0dB [dft]  snr=+10.0dB [dft]  snr=+12.0dB [dft]Done (2.15s)
Estimator batch 1444/2000 (active points 3/11) [1h 44m 38s elapsed] ...   snr=+8.0dB [dft]  snr=+10.0dB [dft]  snr=+12.0dB [dft]Done (2.07s)
Estimator batch 1445/2000 (active points 3/11) [1h 44m 40s elapsed] ...   snr=+8.0dB [dft]  snr=+10.0dB [dft]  snr=+12.0dB [dft]Done (2.22s)
Estimator batch 1446/2000 (active points 3/11) [1h 44m 43s elapsed] ...   snr=+8.0dB [dft]  snr=+10.0dB [dft]  snr=+12.0dB [dft]Done (2.07s)
Estimator batch 1447/2000 (active points 3/11) [1h 44m 45s elapsed] ...   snr=+8.0dB [dft]  snr=+10.0dB [dft]  snr=+12.0dB [dft]Done (2.06s)
Estimator batch 1448/2000 (active points 3/11) [1h 44m 47s elapsed] ...   snr=+8.0dB [dft]  snr=+10.0dB [dft]  snr=+12.0dB [dft]Done (2.05s)
Estimator batch 1449/2000 (active points 3/11) [1h 44m 49s elapsed] ...   snr=+8.0dB [dft]  snr=+10.0dB [dft]  snr=+12.0dB [dft]Done (2.09s)
Estimator batch 1450/2000 (active points 3/11) [1h 44m 51s elapsed] ...   snr=+8.0dB [dft]  snr=+10.0dB [dft]  snr=+12.0dB [dft]Done (2.05s)
Estimator batch 1451/2000 (active points 3/11) [1h 44m 53s elapsed] ...   snr=+8.0dB [dft]  snr=+10.0dB [dft]  snr=+12.0dB [dft]Done (2.07s)
Estimator batch 1452/2000 (active points 3/11) [1h 44m 55s elapsed] ...   snr=+8.0dB [dft]  snr=+10.0dB [dft]  snr=+12.0dB [dft]Done (2.08s)
Estimator batch 1453/2000 (active points 3/11) [1h 44m 57s elapsed] ...   snr=+8.0dB [dft]  snr=+10.0dB [dft]  snr=+12.0dB [dft]Done (2.13s)
Estimator batch 1454/2000 (active points 3/11) [1h 44m 59s elapsed] ...   snr=+8.0dB [dft]  snr=+10.0dB [dft]  snr=+12.0dB [dft]Done (2.07s)
Estimator batch 1455/2000 (active points 3/11) [1h 45m 01s elapsed] ...   snr=+8.0dB [dft]  snr=+10.0dB [dft]  snr=+12.0dB [dft]Done (2.05s)
Estimator batch 1456/2000 (active points 3/11) [1h 45m 03s elapsed] ...   snr=+8.0dB [dft]  snr=+10.0dB [dft]  snr=+12.0dB [dft]Done (2.07s)
Estimator batch 1457/2000 (active points 3/11) [1h 45m 05s elapsed] ...   snr=+8.0dB [dft]  snr=+10.0dB [dft]  snr=+12.0dB [dft]Done (2.08s)
Estimator batch 1458/2000 (active points 3/11) [1h 45m 07s elapsed] ...   snr=+8.0dB [dft]  snr=+10.0dB [dft]  snr=+12.0dB [dft]Done (2.05s)
Estimator batch 1459/2000 (active points 3/11) [1h 45m 09s elapsed] ...   snr=+8.0dB [dft]  snr=+10.0dB [dft]  snr=+12.0dB [dft]Done (2.05s)
Estimator batch 1460/2000 (active points 3/11) [1h 45m 12s elapsed] ...   snr=+8.0dB [dft]  snr=+10.0dB [dft]  snr=+12.0dB [dft]Done (2.06s)
Estimator batch 1461/2000 (active points 3/11) [1h 45m 14s elapsed] ...   snr=+8.0dB [dft]  snr=+10.0dB [dft]  snr=+12.0dB [dft]Done (2.05s)
Estimator batch 1462/2000 (active points 3/11) [1h 45m 16s elapsed] ...   snr=+8.0dB [dft]  snr=+10.0dB [dft]  snr=+12.0dB [dft]Done (2.06s)
Estimator batch 1463/2000 (active points 3/11) [1h 45m 18s elapsed] ...   snr=+8.0dB [dft]  snr=+10.0dB [dft]  snr=+12.0dB [dft]Done (2.05s)
Estimator batch 1464/2000 (active points 3/11) [1h 45m 20s elapsed] ...   snr=+8.0dB [dft]  snr=+10.0dB [dft]  snr=+12.0dB [dft]Done (2.07s)
Estimator batch 1465/2000 (active points 3/11) [1h 45m 22s elapsed] ...   snr=+8.0dB [dft]  snr=+10.0dB [dft]  snr=+12.0dB [dft]Done (2.09s)
Estimator batch 1466/2000 (active points 3/11) [1h 45m 24s elapsed] ...   snr=+8.0dB [dft]  snr=+10.0dB [dft]  snr=+12.0dB [dft]Done (2.18s)
Estimator batch 1467/2000 (active points 3/11) [1h 45m 26s elapsed] ...   snr=+8.0dB [dft]  snr=+10.0dB [dft]  snr=+12.0dB [dft]Done (2.06s)
Estimator batch 1468/2000 (active points 3/11) [1h 45m 28s elapsed] ...   snr=+8.0dB [dft]  snr=+10.0dB [dft]  snr=+12.0dB [dft]Done (2.05s)
Estimator batch 1469/2000 (active points 3/11) [1h 45m 30s elapsed] ...   snr=+8.0dB [dft]  snr=+10.0dB [dft]  snr=+12.0dB [dft]Done (2.04s)
Estimator batch 1470/2000 (active points 3/11) [1h 45m 32s elapsed] ...   snr=+8.0dB [dft]  snr=+10.0dB [dft]  snr=+12.0dB [dft]Done (2.09s)
Estimator batch 1471/2000 (active points 3/11) [1h 45m 34s elapsed] ...   snr=+8.0dB [dft]  snr=+10.0dB [dft]  snr=+12.0dB [dft]Done (2.04s)
Estimator batch 1472/2000 (active points 3/11) [1h 45m 36s elapsed] ...   snr=+8.0dB [dft]  snr=+10.0dB [dft]  snr=+12.0dB [dft]Done (2.06s)
Estimator batch 1473/2000 (active points 3/11) [1h 45m 38s elapsed] ...   snr=+8.0dB [dft]  snr=+10.0dB [dft]  snr=+12.0dB [dft]Done (2.05s)
Estimator batch 1474/2000 (active points 3/11) [1h 45m 41s elapsed] ...   snr=+8.0dB [dft]  snr=+10.0dB [dft]  snr=+12.0dB [dft]Done (2.06s)
Estimator batch 1475/2000 (active points 3/11) [1h 45m 43s elapsed] ...   snr=+8.0dB [dft]  snr=+10.0dB [dft]  snr=+12.0dB [dft]Done (2.04s)
Estimator batch 1476/2000 (active points 3/11) [1h 45m 45s elapsed] ...   snr=+8.0dB [dft]  snr=+10.0dB [dft]  snr=+12.0dB [dft]Done (2.04s)
Estimator batch 1477/2000 (active points 3/11) [1h 45m 47s elapsed] ...   snr=+8.0dB [dft]  snr=+10.0dB [dft]  snr=+12.0dB [dft]Done (2.05s)
Estimator batch 1478/2000 (active points 3/11) [1h 45m 49s elapsed] ...   snr=+8.0dB [dft]  snr=+10.0dB [dft]  snr=+12.0dB [dft]Done (2.04s)
Estimator batch 1479/2000 (active points 3/11) [1h 45m 51s elapsed] ...   snr=+8.0dB [dft]  snr=+10.0dB [dft]  snr=+12.0dB [dft]Done (2.04s)
Estimator batch 1480/2000 (active points 3/11) [1h 45m 53s elapsed] ...   snr=+8.0dB [dft]  snr=+10.0dB [dft]  snr=+12.0dB [dft]Done (2.07s)
Estimator batch 1481/2000 (active points 3/11) [1h 45m 55s elapsed] ...   snr=+8.0dB [dft]  snr=+10.0dB [dft]  snr=+12.0dB [dft]Done (2.11s)
Estimator batch 1482/2000 (active points 3/11) [1h 45m 57s elapsed] ...   snr=+8.0dB [dft]  snr=+10.0dB [dft]  snr=+12.0dB [dft]Done (2.06s)
Estimator batch 1483/2000 (active points 3/11) [1h 45m 59s elapsed] ...   snr=+8.0dB [dft]  snr=+10.0dB [dft]  snr=+12.0dB [dft]Done (2.08s)
Estimator batch 1484/2000 (active points 3/11) [1h 46m 01s elapsed] ...   snr=+8.0dB [dft]  snr=+10.0dB [dft]  snr=+12.0dB [dft]Done (2.06s)
Estimator batch 1485/2000 (active points 3/11) [1h 46m 03s elapsed] ...   snr=+8.0dB [dft]  snr=+10.0dB [dft]  snr=+12.0dB [dft]Done (2.06s)
Estimator batch 1486/2000 (active points 3/11) [1h 46m 05s elapsed] ...   snr=+8.0dB [dft]  snr=+10.0dB [dft]  snr=+12.0dB [dft]Done (2.10s)
Estimator batch 1487/2000 (active points 3/11) [1h 46m 07s elapsed] ...   snr=+8.0dB [dft]  snr=+10.0dB [dft]  snr=+12.0dB [dft]Done (2.04s)
Estimator batch 1488/2000 (active points 3/11) [1h 46m 09s elapsed] ...   snr=+8.0dB [dft]  snr=+10.0dB [dft]  snr=+12.0dB [dft]Done (2.08s)
Estimator batch 1489/2000 (active points 3/11) [1h 46m 11s elapsed] ...   snr=+8.0dB [dft]  snr=+10.0dB [dft]  snr=+12.0dB [dft]Done (2.07s)
Estimator batch 1490/2000 (active points 3/11) [1h 46m 14s elapsed] ...   snr=+8.0dB [dft]  snr=+10.0dB [dft]  snr=+12.0dB [dft]Done (2.07s)
Estimator batch 1491/2000 (active points 3/11) [1h 46m 16s elapsed] ...   snr=+8.0dB [dft]  snr=+10.0dB [dft]  snr=+12.0dB [dft]Done (2.08s)
Estimator batch 1492/2000 (active points 3/11) [1h 46m 18s elapsed] ...   snr=+8.0dB [dft]  snr=+10.0dB [dft]  snr=+12.0dB [dft]Done (2.05s)
Estimator batch 1493/2000 (active points 3/11) [1h 46m 20s elapsed] ...   snr=+8.0dB [dft]  snr=+10.0dB [dft]  snr=+12.0dB [dft]Done (2.23s)
Estimator batch 1494/2000 (active points 3/11) [1h 46m 22s elapsed] ...   snr=+8.0dB [dft]  snr=+10.0dB [dft]  snr=+12.0dB [dft]Done (2.12s)
Estimator batch 1495/2000 (active points 3/11) [1h 46m 24s elapsed] ...   snr=+8.0dB [dft]  snr=+10.0dB [dft]  snr=+12.0dB [dft]Done (2.12s)
Estimator batch 1496/2000 (active points 3/11) [1h 46m 26s elapsed] ...   snr=+8.0dB [dft]  snr=+10.0dB [dft]  snr=+12.0dB [dft]Done (2.10s)
Estimator batch 1497/2000 (active points 3/11) [1h 46m 28s elapsed] ...   snr=+8.0dB [dft]  snr=+10.0dB [dft]  snr=+12.0dB [dft]Done (2.08s)
Estimator batch 1498/2000 (active points 3/11) [1h 46m 30s elapsed] ...   snr=+8.0dB [dft]  snr=+10.0dB [dft]  snr=+12.0dB [dft]Done (2.21s)
Estimator batch 1499/2000 (active points 3/11) [1h 46m 33s elapsed] ...   snr=+8.0dB [dft]  snr=+10.0dB [dft]  snr=+12.0dB [dft]Done (2.13s)
Estimator batch 1500/2000 (active points 3/11) [1h 46m 35s elapsed] ...   snr=+8.0dB [dft]  snr=+10.0dB [dft]  snr=+12.0dB [dft]Done (2.08s)
Estimator batch 1501/2000 (active points 3/11) [1h 46m 37s elapsed] ...   snr=+8.0dB [dft]  snr=+10.0dB [dft]  snr=+12.0dB [dft]Done (2.06s)
Estimator batch 1502/2000 (active points 3/11) [1h 46m 39s elapsed] ...   snr=+8.0dB [dft]  snr=+10.0dB [dft]  snr=+12.0dB [dft]Done (2.04s)
Estimator batch 1503/2000 (active points 3/11) [1h 46m 41s elapsed] ...   snr=+8.0dB [dft]  snr=+10.0dB [dft]  snr=+12.0dB [dft]Done (2.14s)
Estimator batch 1504/2000 (active points 3/11) [1h 46m 43s elapsed] ...   snr=+8.0dB [dft]  snr=+10.0dB [dft]  snr=+12.0dB [dft]Done (2.26s)
Estimator batch 1505/2000 (active points 3/11) [1h 46m 45s elapsed] ...   snr=+8.0dB [dft]  snr=+10.0dB [dft]  snr=+12.0dB [dft]Done (2.10s)
Estimator batch 1506/2000 (active points 3/11) [1h 46m 47s elapsed] ...   snr=+8.0dB [dft]  snr=+10.0dB [dft]  snr=+12.0dB [dft]Done (2.22s)
Estimator batch 1507/2000 (active points 3/11) [1h 46m 50s elapsed] ...   snr=+8.0dB [dft]  snr=+10.0dB [dft]  snr=+12.0dB [dft]Done (2.17s)
Estimator batch 1508/2000 (active points 3/11) [1h 46m 52s elapsed] ...   snr=+8.0dB [dft]  snr=+10.0dB [dft]  snr=+12.0dB [dft]Done (2.19s)
Estimator batch 1509/2000 (active points 3/11) [1h 46m 54s elapsed] ...   snr=+8.0dB [dft]  snr=+10.0dB [dft]  snr=+12.0dB [dft]Done (2.14s)
Estimator batch 1510/2000 (active points 3/11) [1h 46m 56s elapsed] ...   snr=+8.0dB [dft]  snr=+10.0dB [dft]  snr=+12.0dB [dft]Done (2.12s)
Estimator batch 1511/2000 (active points 3/11) [1h 46m 58s elapsed] ...   snr=+8.0dB [dft]  snr=+10.0dB [dft]  snr=+12.0dB [dft]Done (2.12s)
Estimator batch 1512/2000 (active points 3/11) [1h 47m 00s elapsed] ...   snr=+8.0dB [dft]  snr=+10.0dB [dft]  snr=+12.0dB [dft]Done (2.14s)
Estimator batch 1513/2000 (active points 3/11) [1h 47m 03s elapsed] ...   snr=+8.0dB [dft]  snr=+10.0dB [dft]  snr=+12.0dB [dft]Done (2.10s)
Estimator batch 1514/2000 (active points 3/11) [1h 47m 05s elapsed] ...   snr=+8.0dB [dft]  snr=+10.0dB [dft]  snr=+12.0dB [dft]Done (2.10s)
Estimator batch 1515/2000 (active points 3/11) [1h 47m 07s elapsed] ...   snr=+8.0dB [dft]  snr=+10.0dB [dft]  snr=+12.0dB [dft]Done (2.06s)
Estimator batch 1516/2000 (active points 3/11) [1h 47m 09s elapsed] ...   snr=+8.0dB [dft]  snr=+10.0dB [dft]  snr=+12.0dB [dft]Done (2.05s)
Estimator batch 1517/2000 (active points 3/11) [1h 47m 11s elapsed] ...   snr=+8.0dB [dft]  snr=+10.0dB [dft]  snr=+12.0dB [dft]Done (2.04s)
Estimator batch 1518/2000 (active points 3/11) [1h 47m 13s elapsed] ...   snr=+8.0dB [dft]  snr=+10.0dB [dft]  snr=+12.0dB [dft]Done (2.03s)
Estimator batch 1519/2000 (active points 3/11) [1h 47m 15s elapsed] ...   snr=+8.0dB [dft]  snr=+10.0dB [dft]  snr=+12.0dB [dft]Done (2.04s)
Estimator batch 1520/2000 (active points 3/11) [1h 47m 17s elapsed] ...   snr=+8.0dB [dft]  snr=+10.0dB [dft]  snr=+12.0dB [dft]Done (2.03s)
Estimator batch 1521/2000 (active points 3/11) [1h 47m 19s elapsed] ...   snr=+8.0dB [dft]  snr=+10.0dB [dft]  snr=+12.0dB [dft]Done (2.03s)
Estimator batch 1522/2000 (active points 3/11) [1h 47m 21s elapsed] ...   snr=+8.0dB [dft]  snr=+10.0dB [dft]  snr=+12.0dB [dft]Done (2.02s)
Estimator batch 1523/2000 (active points 3/11) [1h 47m 23s elapsed] ...   snr=+8.0dB [dft]  snr=+10.0dB [dft]  snr=+12.0dB [dft]Done (2.04s)
Estimator batch 1524/2000 (active points 3/11) [1h 47m 25s elapsed] ...   snr=+8.0dB [dft]  snr=+10.0dB [dft]  snr=+12.0dB [dft]Done (2.04s)
Estimator batch 1525/2000 (active points 3/11) [1h 47m 27s elapsed] ...   snr=+8.0dB [dft]  snr=+10.0dB [dft]  snr=+12.0dB [dft]Done (2.03s)
Estimator batch 1526/2000 (active points 3/11) [1h 47m 29s elapsed] ...   snr=+8.0dB [dft]  snr=+10.0dB [dft]  snr=+12.0dB [dft]Done (2.02s)
Estimator batch 1527/2000 (active points 3/11) [1h 47m 31s elapsed] ...   snr=+8.0dB [dft]  snr=+10.0dB [dft]  snr=+12.0dB [dft]Done (2.05s)
Estimator batch 1528/2000 (active points 3/11) [1h 47m 33s elapsed] ...   snr=+8.0dB [dft]  snr=+10.0dB [dft]  snr=+12.0dB [dft]Done (2.07s)
Estimator batch 1529/2000 (active points 3/11) [1h 47m 35s elapsed] ...   snr=+8.0dB [dft]  snr=+10.0dB [dft]  snr=+12.0dB [dft]Done (2.07s)
Estimator batch 1530/2000 (active points 3/11) [1h 47m 37s elapsed] ...   snr=+8.0dB [dft]  snr=+10.0dB [dft]  snr=+12.0dB [dft]Done (2.05s)
Estimator batch 1531/2000 (active points 3/11) [1h 47m 39s elapsed] ...   snr=+8.0dB [dft]  snr=+10.0dB [dft]  snr=+12.0dB [dft]Done (2.05s)
Estimator batch 1532/2000 (active points 3/11) [1h 47m 42s elapsed] ...   snr=+8.0dB [dft]  snr=+10.0dB [dft]  snr=+12.0dB [dft]Done (2.06s)
Estimator batch 1533/2000 (active points 3/11) [1h 47m 44s elapsed] ...   snr=+8.0dB [dft]  snr=+10.0dB [dft]  snr=+12.0dB [dft]Done (2.06s)
Estimator batch 1534/2000 (active points 3/11) [1h 47m 46s elapsed] ...   snr=+8.0dB [dft]  snr=+10.0dB [dft]  snr=+12.0dB [dft]Done (2.06s)
Estimator batch 1535/2000 (active points 3/11) [1h 47m 48s elapsed] ...   snr=+8.0dB [dft]  snr=+10.0dB [dft]  snr=+12.0dB [dft]Done (2.08s)
Estimator batch 1536/2000 (active points 3/11) [1h 47m 50s elapsed] ...   snr=+8.0dB [dft]  snr=+10.0dB [dft]  snr=+12.0dB [dft]Done (2.11s)
Estimator batch 1537/2000 (active points 3/11) [1h 47m 52s elapsed] ...   snr=+8.0dB [dft]  snr=+10.0dB [dft]  snr=+12.0dB [dft]Done (2.06s)
Estimator batch 1538/2000 (active points 3/11) [1h 47m 54s elapsed] ...   snr=+8.0dB [dft]  snr=+10.0dB [dft]  snr=+12.0dB [dft]Done (2.12s)
Estimator batch 1539/2000 (active points 3/11) [1h 47m 56s elapsed] ...   snr=+8.0dB [dft]  snr=+10.0dB [dft]  snr=+12.0dB [dft]Done (2.14s)
Estimator batch 1540/2000 (active points 3/11) [1h 47m 58s elapsed] ...   snr=+8.0dB [dft]  snr=+10.0dB [dft]  snr=+12.0dB [dft]Done (2.09s)
Estimator batch 1541/2000 (active points 3/11) [1h 48m 00s elapsed] ...   snr=+8.0dB [dft]  snr=+10.0dB [dft]  snr=+12.0dB [dft]Done (2.06s)
Estimator batch 1542/2000 (active points 3/11) [1h 48m 02s elapsed] ...   snr=+8.0dB [dft]  snr=+10.0dB [dft]  snr=+12.0dB [dft]Done (2.14s)
Estimator batch 1543/2000 (active points 3/11) [1h 48m 05s elapsed] ...   snr=+8.0dB [dft]  snr=+10.0dB [dft]  snr=+12.0dB [dft]Done (2.06s)
Estimator batch 1544/2000 (active points 3/11) [1h 48m 07s elapsed] ...   snr=+8.0dB [dft]  snr=+10.0dB [dft]  snr=+12.0dB [dft]Done (2.14s)
Estimator batch 1545/2000 (active points 3/11) [1h 48m 09s elapsed] ...   snr=+8.0dB [dft]  snr=+10.0dB [dft]  snr=+12.0dB [dft]Done (2.15s)
Estimator batch 1546/2000 (active points 3/11) [1h 48m 11s elapsed] ...   snr=+8.0dB [dft]  snr=+10.0dB [dft]  snr=+12.0dB [dft]Done (3.82s)
Estimator batch 1547/2000 (active points 3/11) [1h 48m 15s elapsed] ...   snr=+8.0dB [dft]  snr=+10.0dB [dft]  snr=+12.0dB [dft]Done (3.39s)
Estimator batch 1548/2000 (active points 3/11) [1h 48m 18s elapsed] ...   snr=+8.0dB [dft]  snr=+10.0dB [dft]  snr=+12.0dB [dft]Done (2.40s)
Estimator batch 1549/2000 (active points 3/11) [1h 48m 20s elapsed] ...   snr=+8.0dB [dft]  snr=+10.0dB [dft]  snr=+12.0dB [dft]Done (2.11s)
Estimator batch 1550/2000 (active points 3/11) [1h 48m 23s elapsed] ...   snr=+8.0dB [dft]  snr=+10.0dB [dft]  snr=+12.0dB [dft]Done (2.10s)
Estimator batch 1551/2000 (active points 3/11) [1h 48m 25s elapsed] ...   snr=+8.0dB [dft]  snr=+10.0dB [dft]  snr=+12.0dB [dft]Done (2.13s)
Estimator batch 1552/2000 (active points 3/11) [1h 48m 27s elapsed] ...   snr=+8.0dB [dft]  snr=+10.0dB [dft]  snr=+12.0dB [dft]Done (2.16s)
Estimator batch 1553/2000 (active points 3/11) [1h 48m 29s elapsed] ...   snr=+8.0dB [dft]  snr=+10.0dB [dft]  snr=+12.0dB [dft]Done (2.10s)
Estimator batch 1554/2000 (active points 3/11) [1h 48m 31s elapsed] ...   snr=+8.0dB [dft]  snr=+10.0dB [dft]  snr=+12.0dB [dft]Done (2.27s)
Estimator batch 1555/2000 (active points 3/11) [1h 48m 33s elapsed] ...   snr=+8.0dB [dft]  snr=+10.0dB [dft]  snr=+12.0dB [dft]Done (2.24s)
Estimator batch 1556/2000 (active points 3/11) [1h 48m 36s elapsed] ...   snr=+8.0dB [dft]  snr=+10.0dB [dft]  snr=+12.0dB [dft]Done (2.10s)
Estimator batch 1557/2000 (active points 3/11) [1h 48m 38s elapsed] ...   snr=+8.0dB [dft]  snr=+10.0dB [dft]  snr=+12.0dB [dft]Done (2.07s)
Estimator batch 1558/2000 (active points 3/11) [1h 48m 40s elapsed] ...   snr=+8.0dB [dft]  snr=+10.0dB [dft]  snr=+12.0dB [dft]Done (2.07s)
Estimator batch 1559/2000 (active points 3/11) [1h 48m 42s elapsed] ...   snr=+8.0dB [dft]  snr=+10.0dB [dft]  snr=+12.0dB [dft]Done (2.14s)
Estimator batch 1560/2000 (active points 3/11) [1h 48m 44s elapsed] ...   snr=+8.0dB [dft]  snr=+10.0dB [dft]  snr=+12.0dB [dft]Done (2.04s)
Estimator batch 1561/2000 (active points 3/11) [1h 48m 46s elapsed] ...   snr=+8.0dB [dft]  snr=+10.0dB [dft]  snr=+12.0dB [dft]Done (2.14s)
Estimator batch 1562/2000 (active points 3/11) [1h 48m 48s elapsed] ...   snr=+8.0dB [dft]  snr=+10.0dB [dft]  snr=+12.0dB [dft]Done (2.18s)
Estimator batch 1563/2000 (active points 3/11) [1h 48m 50s elapsed] ...   snr=+8.0dB [dft]  snr=+10.0dB [dft]  snr=+12.0dB [dft]Done (2.13s)
Estimator batch 1564/2000 (active points 3/11) [1h 48m 52s elapsed] ...   snr=+8.0dB [dft]  snr=+10.0dB [dft]  snr=+12.0dB [dft]Done (2.12s)
Estimator batch 1565/2000 (active points 3/11) [1h 48m 55s elapsed] ...   snr=+8.0dB [dft]  snr=+10.0dB [dft]  snr=+12.0dB [dft]Done (2.11s)
Estimator batch 1566/2000 (active points 3/11) [1h 48m 57s elapsed] ...   snr=+8.0dB [dft]  snr=+10.0dB [dft]  snr=+12.0dB [dft]Done (2.22s)
Estimator batch 1567/2000 (active points 3/11) [1h 48m 59s elapsed] ...   snr=+8.0dB [dft]  snr=+10.0dB [dft]  snr=+12.0dB [dft]Done (2.10s)
Estimator batch 1568/2000 (active points 3/11) [1h 49m 01s elapsed] ...   snr=+8.0dB [dft]  snr=+10.0dB [dft]  snr=+12.0dB [dft]Done (2.14s)
Estimator batch 1569/2000 (active points 3/11) [1h 49m 03s elapsed] ...   snr=+8.0dB [dft]  snr=+10.0dB [dft]  snr=+12.0dB [dft]Done (2.15s)
Estimator batch 1570/2000 (active points 3/11) [1h 49m 05s elapsed] ...   snr=+8.0dB [dft]  snr=+10.0dB [dft]  snr=+12.0dB [dft]Done (2.08s)
Estimator batch 1571/2000 (active points 3/11) [1h 49m 07s elapsed] ...   snr=+8.0dB [dft]  snr=+10.0dB [dft]  snr=+12.0dB [dft]Done (2.06s)
Estimator batch 1572/2000 (active points 3/11) [1h 49m 09s elapsed] ...   snr=+8.0dB [dft]  snr=+10.0dB [dft]  snr=+12.0dB [dft]Done (2.21s)
Estimator batch 1573/2000 (active points 3/11) [1h 49m 12s elapsed] ...   snr=+8.0dB [dft]  snr=+10.0dB [dft]  snr=+12.0dB [dft]Done (2.11s)
Estimator batch 1574/2000 (active points 3/11) [1h 49m 14s elapsed] ...   snr=+8.0dB [dft]  snr=+10.0dB [dft]  snr=+12.0dB [dft]Done (2.07s)
Estimator batch 1575/2000 (active points 3/11) [1h 49m 16s elapsed] ...   snr=+8.0dB [dft]  snr=+10.0dB [dft]  snr=+12.0dB [dft]Done (2.06s)
Estimator batch 1576/2000 (active points 3/11) [1h 49m 18s elapsed] ...   snr=+8.0dB [dft]  snr=+10.0dB [dft]  snr=+12.0dB [dft]Done (2.25s)
Estimator batch 1577/2000 (active points 3/11) [1h 49m 20s elapsed] ...   snr=+8.0dB [dft]  snr=+10.0dB [dft]  snr=+12.0dB [dft]Done (2.19s)
Estimator batch 1578/2000 (active points 3/11) [1h 49m 22s elapsed] ...   snr=+8.0dB [dft]  snr=+10.0dB [dft]  snr=+12.0dB [dft]Done (2.20s)
Estimator batch 1579/2000 (active points 3/11) [1h 49m 25s elapsed] ...   snr=+8.0dB [dft]  snr=+10.0dB [dft]  snr=+12.0dB [dft]Done (2.11s)
Estimator batch 1580/2000 (active points 3/11) [1h 49m 27s elapsed] ...   snr=+8.0dB [dft]  snr=+10.0dB [dft]  snr=+12.0dB [dft]Done (2.11s)
Estimator batch 1581/2000 (active points 3/11) [1h 49m 29s elapsed] ...   snr=+8.0dB [dft]  snr=+10.0dB [dft]  snr=+12.0dB [dft]Done (2.09s)
Estimator batch 1582/2000 (active points 3/11) [1h 49m 31s elapsed] ...   snr=+8.0dB [dft]  snr=+10.0dB [dft]  snr=+12.0dB [dft]Done (2.08s)
Estimator batch 1583/2000 (active points 3/11) [1h 49m 33s elapsed] ...   snr=+8.0dB [dft]  snr=+10.0dB [dft]  snr=+12.0dB [dft]Done (2.11s)
Estimator batch 1584/2000 (active points 3/11) [1h 49m 35s elapsed] ...   snr=+8.0dB [dft]  snr=+10.0dB [dft]  snr=+12.0dB [dft]Done (2.14s)
Estimator batch 1585/2000 (active points 3/11) [1h 49m 37s elapsed] ...   snr=+8.0dB [dft]  snr=+10.0dB [dft]  snr=+12.0dB [dft]Done (2.16s)
Estimator batch 1586/2000 (active points 3/11) [1h 49m 39s elapsed] ...   snr=+8.0dB [dft]  snr=+10.0dB [dft]  snr=+12.0dB [dft]Done (2.14s)
Estimator batch 1587/2000 (active points 3/11) [1h 49m 41s elapsed] ...   snr=+8.0dB [dft]  snr=+10.0dB [dft]  snr=+12.0dB [dft]Done (2.06s)
Estimator batch 1588/2000 (active points 3/11) [1h 49m 44s elapsed] ...   snr=+8.0dB [dft]  snr=+10.0dB [dft]  snr=+12.0dB [dft]Done (2.16s)
Estimator batch 1589/2000 (active points 3/11) [1h 49m 46s elapsed] ...   snr=+8.0dB [dft]  snr=+10.0dB [dft]  snr=+12.0dB [dft]Done (2.08s)
Estimator batch 1590/2000 (active points 3/11) [1h 49m 48s elapsed] ...   snr=+8.0dB [dft]  snr=+10.0dB [dft]  snr=+12.0dB [dft]Done (2.06s)
Estimator batch 1591/2000 (active points 3/11) [1h 49m 50s elapsed] ...   snr=+8.0dB [dft]  snr=+10.0dB [dft]  snr=+12.0dB [dft]Done (2.07s)
Estimator batch 1592/2000 (active points 3/11) [1h 49m 52s elapsed] ...   snr=+8.0dB [dft]  snr=+10.0dB [dft]  snr=+12.0dB [dft]Done (2.14s)
Estimator batch 1593/2000 (active points 3/11) [1h 49m 54s elapsed] ...   snr=+8.0dB [dft]  snr=+10.0dB [dft]  snr=+12.0dB [dft]Done (2.12s)
Estimator batch 1594/2000 (active points 3/11) [1h 49m 56s elapsed] ...   snr=+8.0dB [dft]  snr=+10.0dB [dft]  snr=+12.0dB [dft]Done (2.20s)
Estimator batch 1595/2000 (active points 3/11) [1h 49m 58s elapsed] ...   snr=+8.0dB [dft]  snr=+10.0dB [dft]  snr=+12.0dB [dft]Done (2.14s)
Estimator batch 1596/2000 (active points 3/11) [1h 50m 01s elapsed] ...   snr=+8.0dB [dft]  snr=+10.0dB [dft]  snr=+12.0dB [dft]Done (2.09s)
Estimator batch 1597/2000 (active points 3/11) [1h 50m 03s elapsed] ...   snr=+8.0dB [dft]  snr=+10.0dB [dft]  snr=+12.0dB [dft]Done (2.09s)
Estimator batch 1598/2000 (active points 3/11) [1h 50m 05s elapsed] ...   snr=+8.0dB [dft]  snr=+10.0dB [dft]  snr=+12.0dB [dft]Done (2.31s)
Estimator batch 1599/2000 (active points 3/11) [1h 50m 07s elapsed] ...   snr=+8.0dB [dft]  snr=+10.0dB [dft]  snr=+12.0dB [dft]Done (2.27s)
Estimator batch 1600/2000 (active points 3/11) [1h 50m 09s elapsed] ...   snr=+8.0dB [dft]  snr=+10.0dB [dft]  snr=+12.0dB [dft]Done (2.14s)
Estimator batch 1601/2000 (active points 3/11) [1h 50m 11s elapsed] ...   snr=+8.0dB [dft]  snr=+10.0dB [dft]  snr=+12.0dB [dft]Done (2.19s)
Estimator batch 1602/2000 (active points 3/11) [1h 50m 14s elapsed] ...   snr=+8.0dB [dft]  snr=+10.0dB [dft]  snr=+12.0dB [dft]Done (2.15s)
Estimator batch 1603/2000 (active points 3/11) [1h 50m 16s elapsed] ...   snr=+8.0dB [dft]  snr=+10.0dB [dft]  snr=+12.0dB [dft]Done (2.15s)
Estimator batch 1604/2000 (active points 3/11) [1h 50m 18s elapsed] ...   snr=+8.0dB [dft]  snr=+10.0dB [dft]  snr=+12.0dB [dft]Done (2.11s)
Estimator batch 1605/2000 (active points 3/11) [1h 50m 20s elapsed] ...   snr=+8.0dB [dft]  snr=+10.0dB [dft]  snr=+12.0dB [dft]Done (2.16s)
Estimator batch 1606/2000 (active points 3/11) [1h 50m 22s elapsed] ...   snr=+8.0dB [dft]  snr=+10.0dB [dft]  snr=+12.0dB [dft]Done (2.14s)
Estimator batch 1607/2000 (active points 3/11) [1h 50m 24s elapsed] ...   snr=+8.0dB [dft]  snr=+10.0dB [dft]  snr=+12.0dB [dft]Done (2.13s)
Estimator batch 1608/2000 (active points 3/11) [1h 50m 26s elapsed] ...   snr=+8.0dB [dft]  snr=+10.0dB [dft]  snr=+12.0dB [dft]Done (2.16s)
Estimator batch 1609/2000 (active points 3/11) [1h 50m 29s elapsed] ...   snr=+8.0dB [dft]  snr=+10.0dB [dft]  snr=+12.0dB [dft]Done (2.14s)
Estimator batch 1610/2000 (active points 3/11) [1h 50m 31s elapsed] ...   snr=+8.0dB [dft]  snr=+10.0dB [dft]  snr=+12.0dB [dft]Done (2.11s)
Estimator batch 1611/2000 (active points 3/11) [1h 50m 33s elapsed] ...   snr=+8.0dB [dft]  snr=+10.0dB [dft]  snr=+12.0dB [dft]Done (2.05s)
Estimator batch 1612/2000 (active points 3/11) [1h 50m 35s elapsed] ...   snr=+8.0dB [dft]  snr=+10.0dB [dft]  snr=+12.0dB [dft]Done (2.10s)
Estimator batch 1613/2000 (active points 3/11) [1h 50m 37s elapsed] ...   snr=+8.0dB [dft]  snr=+10.0dB [dft]  snr=+12.0dB [dft]Done (2.27s)
Estimator batch 1614/2000 (active points 3/11) [1h 50m 39s elapsed] ...   snr=+8.0dB [dft]  snr=+10.0dB [dft]  snr=+12.0dB [dft]Done (2.12s)
Estimator batch 1615/2000 (active points 3/11) [1h 50m 41s elapsed] ...   snr=+8.0dB [dft]  snr=+10.0dB [dft]  snr=+12.0dB [dft]Done (2.12s)
Estimator batch 1616/2000 (active points 3/11) [1h 50m 43s elapsed] ...   snr=+8.0dB [dft]  snr=+10.0dB [dft]  snr=+12.0dB [dft]Done (2.07s)
Estimator batch 1617/2000 (active points 3/11) [1h 50m 46s elapsed] ...   snr=+8.0dB [dft]  snr=+10.0dB [dft]  snr=+12.0dB [dft]Done (2.15s)
Estimator batch 1618/2000 (active points 3/11) [1h 50m 48s elapsed] ...   snr=+8.0dB [dft]  snr=+10.0dB [dft]  snr=+12.0dB [dft]Done (2.10s)
Estimator batch 1619/2000 (active points 3/11) [1h 50m 50s elapsed] ...   snr=+8.0dB [dft]  snr=+10.0dB [dft]  snr=+12.0dB [dft]Done (2.11s)
Estimator batch 1620/2000 (active points 3/11) [1h 50m 52s elapsed] ...   snr=+8.0dB [dft]  snr=+10.0dB [dft]  snr=+12.0dB [dft]Done (2.10s)
Estimator batch 1621/2000 (active points 3/11) [1h 50m 54s elapsed] ...   snr=+8.0dB [dft]  snr=+10.0dB [dft]  snr=+12.0dB [dft]Done (2.11s)
Estimator batch 1622/2000 (active points 3/11) [1h 50m 56s elapsed] ...   snr=+8.0dB [dft]  snr=+10.0dB [dft]  snr=+12.0dB [dft]Done (2.14s)
Estimator batch 1623/2000 (active points 3/11) [1h 50m 58s elapsed] ...   snr=+8.0dB [dft]  snr=+10.0dB [dft]  snr=+12.0dB [dft]Done (2.09s)
Estimator batch 1624/2000 (active points 3/11) [1h 51m 00s elapsed] ...   snr=+8.0dB [dft]  snr=+10.0dB [dft]  snr=+12.0dB [dft]Done (2.13s)
Estimator batch 1625/2000 (active points 3/11) [1h 51m 02s elapsed] ...   snr=+8.0dB [dft]  snr=+10.0dB [dft]  snr=+12.0dB [dft]Done (2.08s)
Estimator batch 1626/2000 (active points 3/11) [1h 51m 05s elapsed] ...   snr=+8.0dB [dft]  snr=+10.0dB [dft]  snr=+12.0dB [dft]Done (2.09s)
Estimator batch 1627/2000 (active points 3/11) [1h 51m 07s elapsed] ...   snr=+8.0dB [dft]  snr=+10.0dB [dft]  snr=+12.0dB [dft]Done (2.10s)
Estimator batch 1628/2000 (active points 3/11) [1h 51m 09s elapsed] ...   snr=+8.0dB [dft]  snr=+10.0dB [dft]  snr=+12.0dB [dft]Done (2.06s)
Estimator batch 1629/2000 (active points 3/11) [1h 51m 11s elapsed] ...   snr=+8.0dB [dft]  snr=+10.0dB [dft]  snr=+12.0dB [dft]Done (2.05s)
Estimator batch 1630/2000 (active points 3/11) [1h 51m 13s elapsed] ...   snr=+8.0dB [dft]  snr=+10.0dB [dft]  snr=+12.0dB [dft]Done (2.06s)
Estimator batch 1631/2000 (active points 3/11) [1h 51m 15s elapsed] ...   snr=+8.0dB [dft]  snr=+10.0dB [dft]  snr=+12.0dB [dft]Done (2.10s)
Estimator batch 1632/2000 (active points 3/11) [1h 51m 17s elapsed] ...   snr=+8.0dB [dft]  snr=+10.0dB [dft]  snr=+12.0dB [dft]Done (2.09s)
Estimator batch 1633/2000 (active points 3/11) [1h 51m 19s elapsed] ...   snr=+8.0dB [dft]  snr=+10.0dB [dft]  snr=+12.0dB [dft]Done (2.10s)
Estimator batch 1634/2000 (active points 3/11) [1h 51m 21s elapsed] ...   snr=+8.0dB [dft]  snr=+10.0dB [dft]  snr=+12.0dB [dft]Done (2.24s)
Estimator batch 1635/2000 (active points 3/11) [1h 51m 23s elapsed] ...   snr=+8.0dB [dft]  snr=+10.0dB [dft]  snr=+12.0dB [dft]Done (2.14s)
Estimator batch 1636/2000 (active points 3/11) [1h 51m 26s elapsed] ...   snr=+8.0dB [dft]  snr=+10.0dB [dft]  snr=+12.0dB [dft]Done (2.12s)
Estimator batch 1637/2000 (active points 3/11) [1h 51m 28s elapsed] ...   snr=+8.0dB [dft]  snr=+10.0dB [dft]  snr=+12.0dB [dft]Done (2.11s)
Estimator batch 1638/2000 (active points 3/11) [1h 51m 30s elapsed] ...   snr=+8.0dB [dft]  snr=+10.0dB [dft]  snr=+12.0dB [dft]Done (2.13s)
Estimator batch 1639/2000 (active points 3/11) [1h 51m 32s elapsed] ...   snr=+8.0dB [dft]  snr=+10.0dB [dft]  snr=+12.0dB [dft]Done (2.16s)
Estimator batch 1640/2000 (active points 3/11) [1h 51m 34s elapsed] ...   snr=+8.0dB [dft]  snr=+10.0dB [dft]  snr=+12.0dB [dft]Done (2.14s)
Estimator batch 1641/2000 (active points 3/11) [1h 51m 36s elapsed] ...   snr=+8.0dB [dft]  snr=+10.0dB [dft]  snr=+12.0dB [dft]Done (2.21s)
Estimator batch 1642/2000 (active points 3/11) [1h 51m 38s elapsed] ...   snr=+8.0dB [dft]  snr=+10.0dB [dft]  snr=+12.0dB [dft]Done (2.14s)
Estimator batch 1643/2000 (active points 3/11) [1h 51m 41s elapsed] ...   snr=+8.0dB [dft]  snr=+10.0dB [dft]  snr=+12.0dB [dft]Done (2.11s)
Estimator batch 1644/2000 (active points 3/11) [1h 51m 43s elapsed] ...   snr=+8.0dB [dft]  snr=+10.0dB [dft]  snr=+12.0dB [dft]Done (2.08s)
Estimator batch 1645/2000 (active points 3/11) [1h 51m 45s elapsed] ...   snr=+8.0dB [dft]  snr=+10.0dB [dft]  snr=+12.0dB [dft]Done (2.05s)
Estimator batch 1646/2000 (active points 3/11) [1h 51m 47s elapsed] ...   snr=+8.0dB [dft]  snr=+10.0dB [dft]  snr=+12.0dB [dft]Done (2.09s)
Estimator batch 1647/2000 (active points 3/11) [1h 51m 49s elapsed] ...   snr=+8.0dB [dft]  snr=+10.0dB [dft]  snr=+12.0dB [dft]Done (2.17s)
Estimator batch 1648/2000 (active points 3/11) [1h 51m 51s elapsed] ...   snr=+8.0dB [dft]  snr=+10.0dB [dft]  snr=+12.0dB [dft]Done (2.09s)
Estimator batch 1649/2000 (active points 3/11) [1h 51m 53s elapsed] ...   snr=+8.0dB [dft]  snr=+10.0dB [dft]  snr=+12.0dB [dft]Done (2.06s)
Estimator batch 1650/2000 (active points 3/11) [1h 51m 55s elapsed] ...   snr=+8.0dB [dft]  snr=+10.0dB [dft]  snr=+12.0dB [dft]Done (2.06s)
Estimator batch 1651/2000 (active points 3/11) [1h 51m 57s elapsed] ...   snr=+8.0dB [dft]  snr=+10.0dB [dft]  snr=+12.0dB [dft]Done (2.04s)
Estimator batch 1652/2000 (active points 3/11) [1h 51m 59s elapsed] ...   snr=+8.0dB [dft]  snr=+10.0dB [dft]  snr=+12.0dB [dft]Done (2.08s)
Estimator batch 1653/2000 (active points 3/11) [1h 52m 01s elapsed] ...   snr=+8.0dB [dft]  snr=+10.0dB [dft]  snr=+12.0dB [dft]Done (2.07s)
Estimator batch 1654/2000 (active points 3/11) [1h 52m 04s elapsed] ...   snr=+8.0dB [dft]  snr=+10.0dB [dft]  snr=+12.0dB [dft]Done (2.05s)
Estimator batch 1655/2000 (active points 3/11) [1h 52m 06s elapsed] ...   snr=+8.0dB [dft]  snr=+10.0dB [dft]  snr=+12.0dB [dft]Done (2.05s)
Estimator batch 1656/2000 (active points 3/11) [1h 52m 08s elapsed] ...   snr=+8.0dB [dft]  snr=+10.0dB [dft]  snr=+12.0dB [dft]Done (2.04s)
Estimator batch 1657/2000 (active points 3/11) [1h 52m 10s elapsed] ...   snr=+8.0dB [dft]  snr=+10.0dB [dft]  snr=+12.0dB [dft]Done (2.04s)
Estimator batch 1658/2000 (active points 3/11) [1h 52m 12s elapsed] ...   snr=+8.0dB [dft]  snr=+10.0dB [dft]  snr=+12.0dB [dft]Done (2.04s)
Estimator batch 1659/2000 (active points 3/11) [1h 52m 14s elapsed] ...   snr=+8.0dB [dft]  snr=+10.0dB [dft]  snr=+12.0dB [dft]Done (2.03s)
Estimator batch 1660/2000 (active points 3/11) [1h 52m 16s elapsed] ...   snr=+8.0dB [dft]  snr=+10.0dB [dft]  snr=+12.0dB [dft]Done (2.05s)
Estimator batch 1661/2000 (active points 3/11) [1h 52m 18s elapsed] ...   snr=+8.0dB [dft]  snr=+10.0dB [dft]  snr=+12.0dB [dft]Done (2.03s)
Estimator batch 1662/2000 (active points 3/11) [1h 52m 20s elapsed] ...   snr=+8.0dB [dft]  snr=+10.0dB [dft]  snr=+12.0dB [dft]Done (2.03s)
Estimator batch 1663/2000 (active points 2/11) [1h 52m 22s elapsed] ...   snr=+10.0dB [dft]  snr=+12.0dB [dft]Done (1.35s)
Estimator batch 1664/2000 (active points 2/11) [1h 52m 23s elapsed] ...   snr=+10.0dB [dft]  snr=+12.0dB [dft]Done (1.40s)
Estimator batch 1665/2000 (active points 2/11) [1h 52m 25s elapsed] ...   snr=+10.0dB [dft]  snr=+12.0dB [dft]Done (1.40s)
Estimator batch 1666/2000 (active points 2/11) [1h 52m 26s elapsed] ...   snr=+10.0dB [dft]  snr=+12.0dB [dft]Done (1.38s)
Estimator batch 1667/2000 (active points 2/11) [1h 52m 27s elapsed] ...   snr=+10.0dB [dft]  snr=+12.0dB [dft]Done (1.40s)
Estimator batch 1668/2000 (active points 2/11) [1h 52m 29s elapsed] ...   snr=+10.0dB [dft]  snr=+12.0dB [dft]Done (1.38s)
Estimator batch 1669/2000 (active points 2/11) [1h 52m 30s elapsed] ...   snr=+10.0dB [dft]  snr=+12.0dB [dft]Done (1.37s)
Estimator batch 1670/2000 (active points 2/11) [1h 52m 32s elapsed] ...   snr=+10.0dB [dft]  snr=+12.0dB [dft]Done (1.37s)
Estimator batch 1671/2000 (active points 2/11) [1h 52m 33s elapsed] ...   snr=+10.0dB [dft]  snr=+12.0dB [dft]Done (1.37s)
Estimator batch 1672/2000 (active points 2/11) [1h 52m 34s elapsed] ...   snr=+10.0dB [dft]  snr=+12.0dB [dft]Done (1.37s)
Estimator batch 1673/2000 (active points 2/11) [1h 52m 36s elapsed] ...   snr=+10.0dB [dft]  snr=+12.0dB [dft]Done (1.39s)
Estimator batch 1674/2000 (active points 2/11) [1h 52m 37s elapsed] ...   snr=+10.0dB [dft]  snr=+12.0dB [dft]Done (1.39s)
Estimator batch 1675/2000 (active points 2/11) [1h 52m 38s elapsed] ...   snr=+10.0dB [dft]  snr=+12.0dB [dft]Done (1.37s)
Estimator batch 1676/2000 (active points 2/11) [1h 52m 40s elapsed] ...   snr=+10.0dB [dft]  snr=+12.0dB [dft]Done (1.37s)
Estimator batch 1677/2000 (active points 2/11) [1h 52m 41s elapsed] ...   snr=+10.0dB [dft]  snr=+12.0dB [dft]Done (1.36s)
Estimator batch 1678/2000 (active points 2/11) [1h 52m 43s elapsed] ...   snr=+10.0dB [dft]  snr=+12.0dB [dft]Done (1.41s)
Estimator batch 1679/2000 (active points 2/11) [1h 52m 44s elapsed] ...   snr=+10.0dB [dft]  snr=+12.0dB [dft]Done (1.42s)
Estimator batch 1680/2000 (active points 2/11) [1h 52m 45s elapsed] ...   snr=+10.0dB [dft]  snr=+12.0dB [dft]Done (1.39s)
Estimator batch 1681/2000 (active points 2/11) [1h 52m 47s elapsed] ...   snr=+10.0dB [dft]  snr=+12.0dB [dft]Done (1.36s)
Estimator batch 1682/2000 (active points 2/11) [1h 52m 48s elapsed] ...   snr=+10.0dB [dft]  snr=+12.0dB [dft]Done (1.37s)
Estimator batch 1683/2000 (active points 2/11) [1h 52m 50s elapsed] ...   snr=+10.0dB [dft]  snr=+12.0dB [dft]Done (1.37s)
Estimator batch 1684/2000 (active points 2/11) [1h 52m 51s elapsed] ...   snr=+10.0dB [dft]  snr=+12.0dB [dft]Done (1.36s)
Estimator batch 1685/2000 (active points 2/11) [1h 52m 52s elapsed] ...   snr=+10.0dB [dft]  snr=+12.0dB [dft]Done (1.36s)
Estimator batch 1686/2000 (active points 2/11) [1h 52m 54s elapsed] ...   snr=+10.0dB [dft]  snr=+12.0dB [dft]Done (1.39s)
Estimator batch 1687/2000 (active points 2/11) [1h 52m 55s elapsed] ...   snr=+10.0dB [dft]  snr=+12.0dB [dft]Done (1.82s)
Estimator batch 1688/2000 (active points 2/11) [1h 52m 57s elapsed] ...   snr=+10.0dB [dft]  snr=+12.0dB [dft]Done (1.37s)
Estimator batch 1689/2000 (active points 2/11) [1h 52m 58s elapsed] ...   snr=+10.0dB [dft]  snr=+12.0dB [dft]Done (1.37s)
Estimator batch 1690/2000 (active points 2/11) [1h 53m 00s elapsed] ...   snr=+10.0dB [dft]  snr=+12.0dB [dft]Done (1.43s)
Estimator batch 1691/2000 (active points 2/11) [1h 53m 01s elapsed] ...   snr=+10.0dB [dft]  snr=+12.0dB [dft]Done (1.52s)
Estimator batch 1692/2000 (active points 2/11) [1h 53m 03s elapsed] ...   snr=+10.0dB [dft]  snr=+12.0dB [dft]Done (1.39s)
Estimator batch 1693/2000 (active points 2/11) [1h 53m 04s elapsed] ...   snr=+10.0dB [dft]  snr=+12.0dB [dft]Done (1.39s)
Estimator batch 1694/2000 (active points 2/11) [1h 53m 05s elapsed] ...   snr=+10.0dB [dft]  snr=+12.0dB [dft]Done (1.48s)
Estimator batch 1695/2000 (active points 2/11) [1h 53m 07s elapsed] ...   snr=+10.0dB [dft]  snr=+12.0dB [dft]Done (1.41s)
Estimator batch 1696/2000 (active points 2/11) [1h 53m 08s elapsed] ...   snr=+10.0dB [dft]  snr=+12.0dB [dft]Done (1.40s)
Estimator batch 1697/2000 (active points 2/11) [1h 53m 10s elapsed] ...   snr=+10.0dB [dft]  snr=+12.0dB [dft]Done (1.45s)
Estimator batch 1698/2000 (active points 2/11) [1h 53m 11s elapsed] ...   snr=+10.0dB [dft]  snr=+12.0dB [dft]Done (1.42s)
Estimator batch 1699/2000 (active points 2/11) [1h 53m 12s elapsed] ...   snr=+10.0dB [dft]  snr=+12.0dB [dft]Done (1.43s)
Estimator batch 1700/2000 (active points 2/11) [1h 53m 14s elapsed] ...   snr=+10.0dB [dft]  snr=+12.0dB [dft]Done (1.38s)
Estimator batch 1701/2000 (active points 2/11) [1h 53m 15s elapsed] ...   snr=+10.0dB [dft]  snr=+12.0dB [dft]Done (1.36s)
Estimator batch 1702/2000 (active points 2/11) [1h 53m 17s elapsed] ...   snr=+10.0dB [dft]  snr=+12.0dB [dft]Done (1.37s)
Estimator batch 1703/2000 (active points 2/11) [1h 53m 18s elapsed] ...   snr=+10.0dB [dft]  snr=+12.0dB [dft]Done (1.36s)
Estimator batch 1704/2000 (active points 2/11) [1h 53m 19s elapsed] ...   snr=+10.0dB [dft]  snr=+12.0dB [dft]Done (1.35s)
Estimator batch 1705/2000 (active points 2/11) [1h 53m 21s elapsed] ...   snr=+10.0dB [dft]  snr=+12.0dB [dft]Done (1.36s)
Estimator batch 1706/2000 (active points 2/11) [1h 53m 22s elapsed] ...   snr=+10.0dB [dft]  snr=+12.0dB [dft]Done (1.36s)
Estimator batch 1707/2000 (active points 2/11) [1h 53m 23s elapsed] ...   snr=+10.0dB [dft]  snr=+12.0dB [dft]Done (1.35s)
Estimator batch 1708/2000 (active points 2/11) [1h 53m 25s elapsed] ...   snr=+10.0dB [dft]  snr=+12.0dB [dft]Done (1.35s)
Estimator batch 1709/2000 (active points 2/11) [1h 53m 26s elapsed] ...   snr=+10.0dB [dft]  snr=+12.0dB [dft]Done (1.36s)
Estimator batch 1710/2000 (active points 2/11) [1h 53m 28s elapsed] ...   snr=+10.0dB [dft]  snr=+12.0dB [dft]Done (1.36s)
Estimator batch 1711/2000 (active points 2/11) [1h 53m 29s elapsed] ...   snr=+10.0dB [dft]  snr=+12.0dB [dft]Done (1.36s)
Estimator batch 1712/2000 (active points 2/11) [1h 53m 30s elapsed] ...   snr=+10.0dB [dft]  snr=+12.0dB [dft]Done (1.35s)
Estimator batch 1713/2000 (active points 2/11) [1h 53m 32s elapsed] ...   snr=+10.0dB [dft]  snr=+12.0dB [dft]Done (1.36s)
Estimator batch 1714/2000 (active points 2/11) [1h 53m 33s elapsed] ...   snr=+10.0dB [dft]  snr=+12.0dB [dft]Done (1.35s)
Estimator batch 1715/2000 (active points 2/11) [1h 53m 34s elapsed] ...   snr=+10.0dB [dft]  snr=+12.0dB [dft]Done (1.41s)
Estimator batch 1716/2000 (active points 2/11) [1h 53m 36s elapsed] ...   snr=+10.0dB [dft]  snr=+12.0dB [dft]Done (1.40s)
Estimator batch 1717/2000 (active points 2/11) [1h 53m 37s elapsed] ...   snr=+10.0dB [dft]  snr=+12.0dB [dft]Done (1.39s)
Estimator batch 1718/2000 (active points 2/11) [1h 53m 39s elapsed] ...   snr=+10.0dB [dft]  snr=+12.0dB [dft]Done (1.38s)
Estimator batch 1719/2000 (active points 2/11) [1h 53m 40s elapsed] ...   snr=+10.0dB [dft]  snr=+12.0dB [dft]Done (1.38s)
Estimator batch 1720/2000 (active points 2/11) [1h 53m 41s elapsed] ...   snr=+10.0dB [dft]  snr=+12.0dB [dft]Done (1.39s)
Estimator batch 1721/2000 (active points 2/11) [1h 53m 43s elapsed] ...   snr=+10.0dB [dft]  snr=+12.0dB [dft]Done (1.39s)
Estimator batch 1722/2000 (active points 2/11) [1h 53m 44s elapsed] ...   snr=+10.0dB [dft]  snr=+12.0dB [dft]Done (1.39s)
Estimator batch 1723/2000 (active points 2/11) [1h 53m 45s elapsed] ...   snr=+10.0dB [dft]  snr=+12.0dB [dft]Done (1.39s)
Estimator batch 1724/2000 (active points 2/11) [1h 53m 47s elapsed] ...   snr=+10.0dB [dft]  snr=+12.0dB [dft]Done (1.39s)
Estimator batch 1725/2000 (active points 2/11) [1h 53m 48s elapsed] ...   snr=+10.0dB [dft]  snr=+12.0dB [dft]Done (1.55s)
Estimator batch 1726/2000 (active points 2/11) [1h 53m 50s elapsed] ...   snr=+10.0dB [dft]  snr=+12.0dB [dft]Done (1.40s)
Estimator batch 1727/2000 (active points 2/11) [1h 53m 51s elapsed] ...   snr=+10.0dB [dft]  snr=+12.0dB [dft]Done (1.42s)
Estimator batch 1728/2000 (active points 2/11) [1h 53m 53s elapsed] ...   snr=+10.0dB [dft]  snr=+12.0dB [dft]Done (1.39s)
Estimator batch 1729/2000 (active points 2/11) [1h 53m 54s elapsed] ...   snr=+10.0dB [dft]  snr=+12.0dB [dft]Done (1.39s)
Estimator batch 1730/2000 (active points 2/11) [1h 53m 55s elapsed] ...   snr=+10.0dB [dft]  snr=+12.0dB [dft]Done (1.53s)
Estimator batch 1731/2000 (active points 2/11) [1h 53m 57s elapsed] ...   snr=+10.0dB [dft]  snr=+12.0dB [dft]Done (1.53s)
Estimator batch 1732/2000 (active points 2/11) [1h 53m 58s elapsed] ...   snr=+10.0dB [dft]  snr=+12.0dB [dft]Done (1.52s)
Estimator batch 1733/2000 (active points 2/11) [1h 54m 00s elapsed] ...   snr=+10.0dB [dft]  snr=+12.0dB [dft]Done (1.44s)
Estimator batch 1734/2000 (active points 2/11) [1h 54m 01s elapsed] ...   snr=+10.0dB [dft]  snr=+12.0dB [dft]Done (1.40s)
Estimator batch 1735/2000 (active points 2/11) [1h 54m 03s elapsed] ...   snr=+10.0dB [dft]  snr=+12.0dB [dft]Done (1.41s)
Estimator batch 1736/2000 (active points 2/11) [1h 54m 04s elapsed] ...   snr=+10.0dB [dft]  snr=+12.0dB [dft]Done (1.42s)
Estimator batch 1737/2000 (active points 2/11) [1h 54m 06s elapsed] ...   snr=+10.0dB [dft]  snr=+12.0dB [dft]Done (1.41s)
Estimator batch 1738/2000 (active points 2/11) [1h 54m 07s elapsed] ...   snr=+10.0dB [dft]  snr=+12.0dB [dft]Done (1.59s)
Estimator batch 1739/2000 (active points 2/11) [1h 54m 09s elapsed] ...   snr=+10.0dB [dft]  snr=+12.0dB [dft]Done (1.55s)
Estimator batch 1740/2000 (active points 2/11) [1h 54m 10s elapsed] ...   snr=+10.0dB [dft]  snr=+12.0dB [dft]Done (1.55s)
Estimator batch 1741/2000 (active points 2/11) [1h 54m 12s elapsed] ...   snr=+10.0dB [dft]  snr=+12.0dB [dft]Done (1.54s)
Estimator batch 1742/2000 (active points 2/11) [1h 54m 13s elapsed] ...   snr=+10.0dB [dft]  snr=+12.0dB [dft]Done (1.50s)
Estimator batch 1743/2000 (active points 2/11) [1h 54m 15s elapsed] ...   snr=+10.0dB [dft]  snr=+12.0dB [dft]Done (1.45s)
Estimator batch 1744/2000 (active points 2/11) [1h 54m 16s elapsed] ...   snr=+10.0dB [dft]  snr=+12.0dB [dft]Done (1.51s)
Estimator batch 1745/2000 (active points 2/11) [1h 54m 18s elapsed] ...   snr=+10.0dB [dft]  snr=+12.0dB [dft]Done (1.42s)
Estimator batch 1746/2000 (active points 2/11) [1h 54m 19s elapsed] ...   snr=+10.0dB [dft]  snr=+12.0dB [dft]Done (1.40s)
Estimator batch 1747/2000 (active points 2/11) [1h 54m 21s elapsed] ...   snr=+10.0dB [dft]  snr=+12.0dB [dft]Done (1.48s)
Estimator batch 1748/2000 (active points 2/11) [1h 54m 22s elapsed] ...   snr=+10.0dB [dft]  snr=+12.0dB [dft]Done (1.45s)
Estimator batch 1749/2000 (active points 2/11) [1h 54m 24s elapsed] ...   snr=+10.0dB [dft]  snr=+12.0dB [dft]Done (1.45s)
Estimator batch 1750/2000 (active points 2/11) [1h 54m 25s elapsed] ...   snr=+10.0dB [dft]  snr=+12.0dB [dft]Done (1.43s)
Estimator batch 1751/2000 (active points 2/11) [1h 54m 26s elapsed] ...   snr=+10.0dB [dft]  snr=+12.0dB [dft]Done (1.43s)
Estimator batch 1752/2000 (active points 2/11) [1h 54m 28s elapsed] ...   snr=+10.0dB [dft]  snr=+12.0dB [dft]Done (1.43s)
Estimator batch 1753/2000 (active points 2/11) [1h 54m 29s elapsed] ...   snr=+10.0dB [dft]  snr=+12.0dB [dft]Done (1.41s)
Estimator batch 1754/2000 (active points 2/11) [1h 54m 31s elapsed] ...   snr=+10.0dB [dft]  snr=+12.0dB [dft]Done (1.45s)
Estimator batch 1755/2000 (active points 2/11) [1h 54m 32s elapsed] ...   snr=+10.0dB [dft]  snr=+12.0dB [dft]Done (1.40s)
Estimator batch 1756/2000 (active points 2/11) [1h 54m 34s elapsed] ...   snr=+10.0dB [dft]  snr=+12.0dB [dft]Done (1.45s)
Estimator batch 1757/2000 (active points 2/11) [1h 54m 35s elapsed] ...   snr=+10.0dB [dft]  snr=+12.0dB [dft]Done (1.58s)
Estimator batch 1758/2000 (active points 2/11) [1h 54m 37s elapsed] ...   snr=+10.0dB [dft]  snr=+12.0dB [dft]Done (1.52s)
Estimator batch 1759/2000 (active points 2/11) [1h 54m 38s elapsed] ...   snr=+10.0dB [dft]  snr=+12.0dB [dft]Done (1.46s)
Estimator batch 1760/2000 (active points 2/11) [1h 54m 40s elapsed] ...   snr=+10.0dB [dft]  snr=+12.0dB [dft]Done (1.44s)
Estimator batch 1761/2000 (active points 2/11) [1h 54m 41s elapsed] ...   snr=+10.0dB [dft]  snr=+12.0dB [dft]Done (1.50s)
Estimator batch 1762/2000 (active points 2/11) [1h 54m 42s elapsed] ...   snr=+10.0dB [dft]  snr=+12.0dB [dft]Done (1.43s)
Estimator batch 1763/2000 (active points 2/11) [1h 54m 44s elapsed] ...   snr=+10.0dB [dft]  snr=+12.0dB [dft]Done (1.43s)
Estimator batch 1764/2000 (active points 2/11) [1h 54m 45s elapsed] ...   snr=+10.0dB [dft]  snr=+12.0dB [dft]Done (1.47s)
Estimator batch 1765/2000 (active points 2/11) [1h 54m 47s elapsed] ...   snr=+10.0dB [dft]  snr=+12.0dB [dft]Done (1.44s)
Estimator batch 1766/2000 (active points 2/11) [1h 54m 48s elapsed] ...   snr=+10.0dB [dft]  snr=+12.0dB [dft]Done (1.44s)
Estimator batch 1767/2000 (active points 2/11) [1h 54m 50s elapsed] ...   snr=+10.0dB [dft]  snr=+12.0dB [dft]Done (1.51s)
Estimator batch 1768/2000 (active points 2/11) [1h 54m 51s elapsed] ...   snr=+10.0dB [dft]  snr=+12.0dB [dft]Done (1.48s)
Estimator batch 1769/2000 (active points 2/11) [1h 54m 53s elapsed] ...   snr=+10.0dB [dft]  snr=+12.0dB [dft]Done (1.50s)
Estimator batch 1770/2000 (active points 2/11) [1h 54m 54s elapsed] ...   snr=+10.0dB [dft]  snr=+12.0dB [dft]Done (1.42s)
Estimator batch 1771/2000 (active points 2/11) [1h 54m 56s elapsed] ...   snr=+10.0dB [dft]  snr=+12.0dB [dft]Done (1.42s)
Estimator batch 1772/2000 (active points 2/11) [1h 54m 57s elapsed] ...   snr=+10.0dB [dft]  snr=+12.0dB [dft]Done (1.43s)
Estimator batch 1773/2000 (active points 2/11) [1h 54m 58s elapsed] ...   snr=+10.0dB [dft]  snr=+12.0dB [dft]Done (1.42s)
Estimator batch 1774/2000 (active points 2/11) [1h 55m 00s elapsed] ...   snr=+10.0dB [dft]  snr=+12.0dB [dft]Done (1.42s)
Estimator batch 1775/2000 (active points 2/11) [1h 55m 01s elapsed] ...   snr=+10.0dB [dft]  snr=+12.0dB [dft]Done (1.41s)
Estimator batch 1776/2000 (active points 2/11) [1h 55m 03s elapsed] ...   snr=+10.0dB [dft]  snr=+12.0dB [dft]Done (1.41s)
Estimator batch 1777/2000 (active points 2/11) [1h 55m 04s elapsed] ...   snr=+10.0dB [dft]  snr=+12.0dB [dft]Done (1.42s)
Estimator batch 1778/2000 (active points 2/11) [1h 55m 06s elapsed] ...   snr=+10.0dB [dft]  snr=+12.0dB [dft]Done (1.41s)
Estimator batch 1779/2000 (active points 2/11) [1h 55m 07s elapsed] ...   snr=+10.0dB [dft]  snr=+12.0dB [dft]Done (1.47s)
Estimator batch 1780/2000 (active points 2/11) [1h 55m 08s elapsed] ...   snr=+10.0dB [dft]  snr=+12.0dB [dft]Done (1.42s)
Estimator batch 1781/2000 (active points 2/11) [1h 55m 10s elapsed] ...   snr=+10.0dB [dft]  snr=+12.0dB [dft]Done (1.44s)
Estimator batch 1782/2000 (active points 2/11) [1h 55m 11s elapsed] ...   snr=+10.0dB [dft]  snr=+12.0dB [dft]Done (1.46s)
Estimator batch 1783/2000 (active points 2/11) [1h 55m 13s elapsed] ...   snr=+10.0dB [dft]  snr=+12.0dB [dft]Done (1.40s)
Estimator batch 1784/2000 (active points 2/11) [1h 55m 14s elapsed] ...   snr=+10.0dB [dft]  snr=+12.0dB [dft]Done (1.40s)
Estimator batch 1785/2000 (active points 2/11) [1h 55m 16s elapsed] ...   snr=+10.0dB [dft]  snr=+12.0dB [dft]Done (1.46s)
Estimator batch 1786/2000 (active points 2/11) [1h 55m 17s elapsed] ...   snr=+10.0dB [dft]  snr=+12.0dB [dft]Done (1.43s)
Estimator batch 1787/2000 (active points 2/11) [1h 55m 18s elapsed] ...   snr=+10.0dB [dft]  snr=+12.0dB [dft]Done (1.42s)
Estimator batch 1788/2000 (active points 2/11) [1h 55m 20s elapsed] ...   snr=+10.0dB [dft]  snr=+12.0dB [dft]Done (1.42s)
Estimator batch 1789/2000 (active points 2/11) [1h 55m 21s elapsed] ...   snr=+10.0dB [dft]  snr=+12.0dB [dft]Done (1.44s)
Estimator batch 1790/2000 (active points 2/11) [1h 55m 23s elapsed] ...   snr=+10.0dB [dft]  snr=+12.0dB [dft]Done (1.43s)
Estimator batch 1791/2000 (active points 2/11) [1h 55m 24s elapsed] ...   snr=+10.0dB [dft]  snr=+12.0dB [dft]Done (1.37s)
Estimator batch 1792/2000 (active points 2/11) [1h 55m 26s elapsed] ...   snr=+10.0dB [dft]  snr=+12.0dB [dft]Done (1.37s)
Estimator batch 1793/2000 (active points 2/11) [1h 55m 27s elapsed] ...   snr=+10.0dB [dft]  snr=+12.0dB [dft]Done (1.38s)
Estimator batch 1794/2000 (active points 2/11) [1h 55m 28s elapsed] ...   snr=+10.0dB [dft]  snr=+12.0dB [dft]Done (1.36s)
Estimator batch 1795/2000 (active points 2/11) [1h 55m 30s elapsed] ...   snr=+10.0dB [dft]  snr=+12.0dB [dft]Done (1.36s)
Estimator batch 1796/2000 (active points 2/11) [1h 55m 31s elapsed] ...   snr=+10.0dB [dft]  snr=+12.0dB [dft]Done (1.37s)
Estimator batch 1797/2000 (active points 2/11) [1h 55m 32s elapsed] ...   snr=+10.0dB [dft]  snr=+12.0dB [dft]Done (1.35s)
Estimator batch 1798/2000 (active points 2/11) [1h 55m 34s elapsed] ...   snr=+10.0dB [dft]  snr=+12.0dB [dft]Done (1.37s)
Estimator batch 1799/2000 (active points 2/11) [1h 55m 35s elapsed] ...   snr=+10.0dB [dft]  snr=+12.0dB [dft]Done (1.37s)
Estimator batch 1800/2000 (active points 2/11) [1h 55m 36s elapsed] ...   snr=+10.0dB [dft]  snr=+12.0dB [dft]Done (1.37s)
Estimator batch 1801/2000 (active points 2/11) [1h 55m 38s elapsed] ...   snr=+10.0dB [dft]  snr=+12.0dB [dft]Done (1.36s)
Estimator batch 1802/2000 (active points 2/11) [1h 55m 39s elapsed] ...   snr=+10.0dB [dft]  snr=+12.0dB [dft]Done (1.36s)
Estimator batch 1803/2000 (active points 2/11) [1h 55m 41s elapsed] ...   snr=+10.0dB [dft]  snr=+12.0dB [dft]Done (1.37s)
Estimator batch 1804/2000 (active points 2/11) [1h 55m 42s elapsed] ...   snr=+10.0dB [dft]  snr=+12.0dB [dft]Done (1.42s)
Estimator batch 1805/2000 (active points 2/11) [1h 55m 43s elapsed] ...   snr=+10.0dB [dft]  snr=+12.0dB [dft]Done (1.39s)
Estimator batch 1806/2000 (active points 2/11) [1h 55m 45s elapsed] ...   snr=+10.0dB [dft]  snr=+12.0dB [dft]Done (1.37s)
Estimator batch 1807/2000 (active points 2/11) [1h 55m 46s elapsed] ...   snr=+10.0dB [dft]  snr=+12.0dB [dft]Done (1.41s)
Estimator batch 1808/2000 (active points 2/11) [1h 55m 48s elapsed] ...   snr=+10.0dB [dft]  snr=+12.0dB [dft]Done (1.42s)
Estimator batch 1809/2000 (active points 2/11) [1h 55m 49s elapsed] ...   snr=+10.0dB [dft]  snr=+12.0dB [dft]Done (1.42s)
Estimator batch 1810/2000 (active points 2/11) [1h 55m 50s elapsed] ...   snr=+10.0dB [dft]  snr=+12.0dB [dft]Done (1.37s)
Estimator batch 1811/2000 (active points 2/11) [1h 55m 52s elapsed] ...   snr=+10.0dB [dft]  snr=+12.0dB [dft]Done (1.36s)
Estimator batch 1812/2000 (active points 2/11) [1h 55m 53s elapsed] ...   snr=+10.0dB [dft]  snr=+12.0dB [dft]Done (1.37s)
Estimator batch 1813/2000 (active points 2/11) [1h 55m 54s elapsed] ...   snr=+10.0dB [dft]  snr=+12.0dB [dft]Done (1.37s)
Estimator batch 1814/2000 (active points 2/11) [1h 55m 56s elapsed] ...   snr=+10.0dB [dft]  snr=+12.0dB [dft]Done (1.38s)
Estimator batch 1815/2000 (active points 2/11) [1h 55m 57s elapsed] ...   snr=+10.0dB [dft]  snr=+12.0dB [dft]Done (1.40s)
Estimator batch 1816/2000 (active points 2/11) [1h 55m 59s elapsed] ...   snr=+10.0dB [dft]  snr=+12.0dB [dft]Done (1.40s)
Estimator batch 1817/2000 (active points 2/11) [1h 56m 00s elapsed] ...   snr=+10.0dB [dft]  snr=+12.0dB [dft]Done (1.38s)
Estimator batch 1818/2000 (active points 2/11) [1h 56m 01s elapsed] ...   snr=+10.0dB [dft]  snr=+12.0dB [dft]Done (1.38s)
Estimator batch 1819/2000 (active points 2/11) [1h 56m 03s elapsed] ...   snr=+10.0dB [dft]  snr=+12.0dB [dft]Done (1.37s)
Estimator batch 1820/2000 (active points 2/11) [1h 56m 04s elapsed] ...   snr=+10.0dB [dft]  snr=+12.0dB [dft]Done (1.40s)
Estimator batch 1821/2000 (active points 2/11) [1h 56m 06s elapsed] ...   snr=+10.0dB [dft]  snr=+12.0dB [dft]Done (1.38s)
Estimator batch 1822/2000 (active points 2/11) [1h 56m 07s elapsed] ...   snr=+10.0dB [dft]  snr=+12.0dB [dft]Done (1.41s)
Estimator batch 1823/2000 (active points 2/11) [1h 56m 08s elapsed] ...   snr=+10.0dB [dft]  snr=+12.0dB [dft]Done (1.41s)
Estimator batch 1824/2000 (active points 2/11) [1h 56m 10s elapsed] ...   snr=+10.0dB [dft]  snr=+12.0dB [dft]Done (1.39s)
Estimator batch 1825/2000 (active points 2/11) [1h 56m 11s elapsed] ...   snr=+10.0dB [dft]  snr=+12.0dB [dft]Done (1.39s)
Estimator batch 1826/2000 (active points 2/11) [1h 56m 13s elapsed] ...   snr=+10.0dB [dft]  snr=+12.0dB [dft]Done (1.50s)
Estimator batch 1827/2000 (active points 2/11) [1h 56m 14s elapsed] ...   snr=+10.0dB [dft]  snr=+12.0dB [dft]Done (1.43s)
Estimator batch 1828/2000 (active points 2/11) [1h 56m 15s elapsed] ...   snr=+10.0dB [dft]  snr=+12.0dB [dft]Done (1.38s)
Estimator batch 1829/2000 (active points 2/11) [1h 56m 17s elapsed] ...   snr=+10.0dB [dft]  snr=+12.0dB [dft]Done (1.38s)
Estimator batch 1830/2000 (active points 2/11) [1h 56m 18s elapsed] ...   snr=+10.0dB [dft]  snr=+12.0dB [dft]Done (1.38s)
Estimator batch 1831/2000 (active points 2/11) [1h 56m 20s elapsed] ...   snr=+10.0dB [dft]  snr=+12.0dB [dft]Done (1.41s)
Estimator batch 1832/2000 (active points 2/11) [1h 56m 21s elapsed] ...   snr=+10.0dB [dft]  snr=+12.0dB [dft]Done (1.37s)
Estimator batch 1833/2000 (active points 2/11) [1h 56m 22s elapsed] ...   snr=+10.0dB [dft]  snr=+12.0dB [dft]Done (1.43s)
Estimator batch 1834/2000 (active points 2/11) [1h 56m 24s elapsed] ...   snr=+10.0dB [dft]  snr=+12.0dB [dft]Done (1.38s)
Estimator batch 1835/2000 (active points 2/11) [1h 56m 25s elapsed] ...   snr=+10.0dB [dft]  snr=+12.0dB [dft]Done (1.40s)
Estimator batch 1836/2000 (active points 2/11) [1h 56m 27s elapsed] ...   snr=+10.0dB [dft]  snr=+12.0dB [dft]Done (1.39s)
Estimator batch 1837/2000 (active points 2/11) [1h 56m 28s elapsed] ...   snr=+10.0dB [dft]  snr=+12.0dB [dft]Done (1.37s)
Estimator batch 1838/2000 (active points 2/11) [1h 56m 29s elapsed] ...   snr=+10.0dB [dft]  snr=+12.0dB [dft]Done (1.36s)
Estimator batch 1839/2000 (active points 2/11) [1h 56m 31s elapsed] ...   snr=+10.0dB [dft]  snr=+12.0dB [dft]Done (1.38s)
Estimator batch 1840/2000 (active points 2/11) [1h 56m 32s elapsed] ...   snr=+10.0dB [dft]  snr=+12.0dB [dft]Done (1.37s)
Estimator batch 1841/2000 (active points 2/11) [1h 56m 33s elapsed] ...   snr=+10.0dB [dft]  snr=+12.0dB [dft]Done (1.36s)
Estimator batch 1842/2000 (active points 2/11) [1h 56m 35s elapsed] ...   snr=+10.0dB [dft]  snr=+12.0dB [dft]Done (1.36s)
Estimator batch 1843/2000 (active points 2/11) [1h 56m 36s elapsed] ...   snr=+10.0dB [dft]  snr=+12.0dB [dft]Done (1.37s)
Estimator batch 1844/2000 (active points 2/11) [1h 56m 38s elapsed] ...   snr=+10.0dB [dft]  snr=+12.0dB [dft]Done (1.40s)
Estimator batch 1845/2000 (active points 2/11) [1h 56m 39s elapsed] ...   snr=+10.0dB [dft]  snr=+12.0dB [dft]Done (1.39s)
Estimator batch 1846/2000 (active points 2/11) [1h 56m 40s elapsed] ...   snr=+10.0dB [dft]  snr=+12.0dB [dft]Done (1.52s)
Estimator batch 1847/2000 (active points 2/11) [1h 56m 42s elapsed] ...   snr=+10.0dB [dft]  snr=+12.0dB [dft]Done (1.48s)
Estimator batch 1848/2000 (active points 2/11) [1h 56m 43s elapsed] ...   snr=+10.0dB [dft]  snr=+12.0dB [dft]Done (1.66s)
Estimator batch 1849/2000 (active points 2/11) [1h 56m 45s elapsed] ...   snr=+10.0dB [dft]  snr=+12.0dB [dft]Done (1.42s)
Estimator batch 1850/2000 (active points 2/11) [1h 56m 46s elapsed] ...   snr=+10.0dB [dft]  snr=+12.0dB [dft]Done (1.42s)
Estimator batch 1851/2000 (active points 2/11) [1h 56m 48s elapsed] ...   snr=+10.0dB [dft]  snr=+12.0dB [dft]Done (1.40s)
Estimator batch 1852/2000 (active points 2/11) [1h 56m 49s elapsed] ...   snr=+10.0dB [dft]  snr=+12.0dB [dft]Done (1.55s)
Estimator batch 1853/2000 (active points 2/11) [1h 56m 51s elapsed] ...   snr=+10.0dB [dft]  snr=+12.0dB [dft]Done (1.49s)
Estimator batch 1854/2000 (active points 2/11) [1h 56m 52s elapsed] ...   snr=+10.0dB [dft]  snr=+12.0dB [dft]Done (1.48s)
Estimator batch 1855/2000 (active points 2/11) [1h 56m 54s elapsed] ...   snr=+10.0dB [dft]  snr=+12.0dB [dft]Done (1.48s)
Estimator batch 1856/2000 (active points 2/11) [1h 56m 55s elapsed] ...   snr=+10.0dB [dft]  snr=+12.0dB [dft]Done (1.42s)
Estimator batch 1857/2000 (active points 2/11) [1h 56m 57s elapsed] ...   snr=+10.0dB [dft]  snr=+12.0dB [dft]Done (1.42s)
Estimator batch 1858/2000 (active points 2/11) [1h 56m 58s elapsed] ...   snr=+10.0dB [dft]  snr=+12.0dB [dft]Done (1.41s)
Estimator batch 1859/2000 (active points 2/11) [1h 57m 00s elapsed] ...   snr=+10.0dB [dft]  snr=+12.0dB [dft]Done (1.39s)
Estimator batch 1860/2000 (active points 2/11) [1h 57m 01s elapsed] ...   snr=+10.0dB [dft]  snr=+12.0dB [dft]Done (1.40s)
Estimator batch 1861/2000 (active points 2/11) [1h 57m 02s elapsed] ...   snr=+10.0dB [dft]  snr=+12.0dB [dft]Done (1.45s)
Estimator batch 1862/2000 (active points 2/11) [1h 57m 04s elapsed] ...   snr=+10.0dB [dft]  snr=+12.0dB [dft]Done (1.40s)
Estimator batch 1863/2000 (active points 2/11) [1h 57m 05s elapsed] ...   snr=+10.0dB [dft]  snr=+12.0dB [dft]Done (1.41s)
Estimator batch 1864/2000 (active points 2/11) [1h 57m 07s elapsed] ...   snr=+10.0dB [dft]  snr=+12.0dB [dft]Done (1.39s)
Estimator batch 1865/2000 (active points 2/11) [1h 57m 08s elapsed] ...   snr=+10.0dB [dft]  snr=+12.0dB [dft]Done (1.39s)
Estimator batch 1866/2000 (active points 2/11) [1h 57m 09s elapsed] ...   snr=+10.0dB [dft]  snr=+12.0dB [dft]Done (1.40s)
Estimator batch 1867/2000 (active points 2/11) [1h 57m 11s elapsed] ...   snr=+10.0dB [dft]  snr=+12.0dB [dft]Done (1.41s)
Estimator batch 1868/2000 (active points 2/11) [1h 57m 12s elapsed] ...   snr=+10.0dB [dft]  snr=+12.0dB [dft]Done (1.40s)
Estimator batch 1869/2000 (active points 2/11) [1h 57m 14s elapsed] ...   snr=+10.0dB [dft]  snr=+12.0dB [dft]Done (1.39s)
Estimator batch 1870/2000 (active points 2/11) [1h 57m 15s elapsed] ...   snr=+10.0dB [dft]  snr=+12.0dB [dft]Done (1.36s)
Estimator batch 1871/2000 (active points 2/11) [1h 57m 16s elapsed] ...   snr=+10.0dB [dft]  snr=+12.0dB [dft]Done (1.40s)
Estimator batch 1872/2000 (active points 2/11) [1h 57m 18s elapsed] ...   snr=+10.0dB [dft]  snr=+12.0dB [dft]Done (1.38s)
Estimator batch 1873/2000 (active points 2/11) [1h 57m 19s elapsed] ...   snr=+10.0dB [dft]  snr=+12.0dB [dft]Done (1.36s)
Estimator batch 1874/2000 (active points 2/11) [1h 57m 20s elapsed] ...   snr=+10.0dB [dft]  snr=+12.0dB [dft]Done (1.41s)
Estimator batch 1875/2000 (active points 2/11) [1h 57m 22s elapsed] ...   snr=+10.0dB [dft]  snr=+12.0dB [dft]Done (1.43s)
Estimator batch 1876/2000 (active points 2/11) [1h 57m 23s elapsed] ...   snr=+10.0dB [dft]  snr=+12.0dB [dft]Done (1.52s)
Estimator batch 1877/2000 (active points 2/11) [1h 57m 25s elapsed] ...   snr=+10.0dB [dft]  snr=+12.0dB [dft]Done (1.40s)
Estimator batch 1878/2000 (active points 2/11) [1h 57m 26s elapsed] ...   snr=+10.0dB [dft]  snr=+12.0dB [dft]Done (1.38s)
Estimator batch 1879/2000 (active points 2/11) [1h 57m 28s elapsed] ...   snr=+10.0dB [dft]  snr=+12.0dB [dft]Done (1.39s)
Estimator batch 1880/2000 (active points 2/11) [1h 57m 29s elapsed] ...   snr=+10.0dB [dft]  snr=+12.0dB [dft]Done (1.37s)
Estimator batch 1881/2000 (active points 2/11) [1h 57m 30s elapsed] ...   snr=+10.0dB [dft]  snr=+12.0dB [dft]Done (1.36s)
Estimator batch 1882/2000 (active points 2/11) [1h 57m 32s elapsed] ...   snr=+10.0dB [dft]  snr=+12.0dB [dft]Done (1.36s)
Estimator batch 1883/2000 (active points 2/11) [1h 57m 33s elapsed] ...   snr=+10.0dB [dft]  snr=+12.0dB [dft]Done (1.35s)
Estimator batch 1884/2000 (active points 2/11) [1h 57m 34s elapsed] ...   snr=+10.0dB [dft]  snr=+12.0dB [dft]Done (1.35s)
Estimator batch 1885/2000 (active points 2/11) [1h 57m 36s elapsed] ...   snr=+10.0dB [dft]  snr=+12.0dB [dft]Done (1.37s)
Estimator batch 1886/2000 (active points 2/11) [1h 57m 37s elapsed] ...   snr=+10.0dB [dft]  snr=+12.0dB [dft]Done (1.36s)
Estimator batch 1887/2000 (active points 2/11) [1h 57m 39s elapsed] ...   snr=+10.0dB [dft]  snr=+12.0dB [dft]Done (1.36s)
Estimator batch 1888/2000 (active points 2/11) [1h 57m 40s elapsed] ...   snr=+10.0dB [dft]  snr=+12.0dB [dft]Done (1.36s)
Estimator batch 1889/2000 (active points 2/11) [1h 57m 41s elapsed] ...   snr=+10.0dB [dft]  snr=+12.0dB [dft]Done (1.36s)
Estimator batch 1890/2000 (active points 2/11) [1h 57m 43s elapsed] ...   snr=+10.0dB [dft]  snr=+12.0dB [dft]Done (1.37s)
Estimator batch 1891/2000 (active points 2/11) [1h 57m 44s elapsed] ...   snr=+10.0dB [dft]  snr=+12.0dB [dft]Done (1.40s)
Estimator batch 1892/2000 (active points 2/11) [1h 57m 45s elapsed] ...   snr=+10.0dB [dft]  snr=+12.0dB [dft]Done (1.37s)
Estimator batch 1893/2000 (active points 2/11) [1h 57m 47s elapsed] ...   snr=+10.0dB [dft]  snr=+12.0dB [dft]Done (1.37s)
Estimator batch 1894/2000 (active points 2/11) [1h 57m 48s elapsed] ...   snr=+10.0dB [dft]  snr=+12.0dB [dft]Done (1.37s)
Estimator batch 1895/2000 (active points 2/11) [1h 57m 50s elapsed] ...   snr=+10.0dB [dft]  snr=+12.0dB [dft]Done (1.37s)
Estimator batch 1896/2000 (active points 2/11) [1h 57m 51s elapsed] ...   snr=+10.0dB [dft]  snr=+12.0dB [dft]Done (1.36s)
Estimator batch 1897/2000 (active points 2/11) [1h 57m 52s elapsed] ...   snr=+10.0dB [dft]  snr=+12.0dB [dft]Done (1.40s)
Estimator batch 1898/2000 (active points 2/11) [1h 57m 54s elapsed] ...   snr=+10.0dB [dft]  snr=+12.0dB [dft]Done (1.38s)
Estimator batch 1899/2000 (active points 2/11) [1h 57m 55s elapsed] ...   snr=+10.0dB [dft]  snr=+12.0dB [dft]Done (1.37s)
Estimator batch 1900/2000 (active points 2/11) [1h 57m 56s elapsed] ...   snr=+10.0dB [dft]  snr=+12.0dB [dft]Done (1.38s)
Estimator batch 1901/2000 (active points 2/11) [1h 57m 58s elapsed] ...   snr=+10.0dB [dft]  snr=+12.0dB [dft]Done (1.38s)
Estimator batch 1902/2000 (active points 2/11) [1h 57m 59s elapsed] ...   snr=+10.0dB [dft]  snr=+12.0dB [dft]Done (1.41s)
Estimator batch 1903/2000 (active points 2/11) [1h 58m 01s elapsed] ...   snr=+10.0dB [dft]  snr=+12.0dB [dft]Done (1.40s)
Estimator batch 1904/2000 (active points 2/11) [1h 58m 02s elapsed] ...   snr=+10.0dB [dft]  snr=+12.0dB [dft]Done (1.38s)
Estimator batch 1905/2000 (active points 2/11) [1h 58m 03s elapsed] ...   snr=+10.0dB [dft]  snr=+12.0dB [dft]Done (1.41s)
Estimator batch 1906/2000 (active points 2/11) [1h 58m 05s elapsed] ...   snr=+10.0dB [dft]  snr=+12.0dB [dft]Done (1.42s)
Estimator batch 1907/2000 (active points 2/11) [1h 58m 06s elapsed] ...   snr=+10.0dB [dft]  snr=+12.0dB [dft]Done (1.40s)
Estimator batch 1908/2000 (active points 2/11) [1h 58m 08s elapsed] ...   snr=+10.0dB [dft]  snr=+12.0dB [dft]Done (1.41s)
Estimator batch 1909/2000 (active points 2/11) [1h 58m 09s elapsed] ...   snr=+10.0dB [dft]  snr=+12.0dB [dft]Done (1.42s)
Estimator batch 1910/2000 (active points 2/11) [1h 58m 10s elapsed] ...   snr=+10.0dB [dft]  snr=+12.0dB [dft]Done (1.39s)
Estimator batch 1911/2000 (active points 2/11) [1h 58m 12s elapsed] ...   snr=+10.0dB [dft]  snr=+12.0dB [dft]Done (1.40s)
Estimator batch 1912/2000 (active points 2/11) [1h 58m 13s elapsed] ...   snr=+10.0dB [dft]  snr=+12.0dB [dft]Done (1.38s)
Estimator batch 1913/2000 (active points 2/11) [1h 58m 15s elapsed] ...   snr=+10.0dB [dft]  snr=+12.0dB [dft]Done (1.36s)
Estimator batch 1914/2000 (active points 2/11) [1h 58m 16s elapsed] ...   snr=+10.0dB [dft]  snr=+12.0dB [dft]Done (1.38s)
Estimator batch 1915/2000 (active points 2/11) [1h 58m 17s elapsed] ...   snr=+10.0dB [dft]  snr=+12.0dB [dft]Done (1.38s)
Estimator batch 1916/2000 (active points 2/11) [1h 58m 19s elapsed] ...   snr=+10.0dB [dft]  snr=+12.0dB [dft]Done (1.37s)
Estimator batch 1917/2000 (active points 2/11) [1h 58m 20s elapsed] ...   snr=+10.0dB [dft]  snr=+12.0dB [dft]Done (1.37s)
Estimator batch 1918/2000 (active points 2/11) [1h 58m 21s elapsed] ...   snr=+10.0dB [dft]  snr=+12.0dB [dft]Done (1.37s)
Estimator batch 1919/2000 (active points 2/11) [1h 58m 23s elapsed] ...   snr=+10.0dB [dft]  snr=+12.0dB [dft]Done (1.41s)
Estimator batch 1920/2000 (active points 2/11) [1h 58m 24s elapsed] ...   snr=+10.0dB [dft]  snr=+12.0dB [dft]Done (1.39s)
Estimator batch 1921/2000 (active points 1/11) [1h 58m 26s elapsed] ...   snr=+12.0dB [dft]Done (0.69s)
Estimator batch 1922/2000 (active points 1/11) [1h 58m 26s elapsed] ...   snr=+12.0dB [dft]Done (0.69s)
Estimator batch 1923/2000 (active points 1/11) [1h 58m 27s elapsed] ...   snr=+12.0dB [dft]Done (0.69s)
Estimator batch 1924/2000 (active points 1/11) [1h 58m 28s elapsed] ...   snr=+12.0dB [dft]Done (0.69s)
Estimator batch 1925/2000 (active points 1/11) [1h 58m 28s elapsed] ...   snr=+12.0dB [dft]Done (0.70s)
Estimator batch 1926/2000 (active points 1/11) [1h 58m 29s elapsed] ...   snr=+12.0dB [dft]Done (0.69s)
Estimator batch 1927/2000 (active points 1/11) [1h 58m 30s elapsed] ...   snr=+12.0dB [dft]Done (0.69s)
Estimator batch 1928/2000 (active points 1/11) [1h 58m 30s elapsed] ...   snr=+12.0dB [dft]Done (0.68s)
Estimator batch 1929/2000 (active points 1/11) [1h 58m 31s elapsed] ...   snr=+12.0dB [dft]Done (0.69s)
Estimator batch 1930/2000 (active points 1/11) [1h 58m 32s elapsed] ...   snr=+12.0dB [dft]Done (0.69s)
Estimator batch 1931/2000 (active points 1/11) [1h 58m 33s elapsed] ...   snr=+12.0dB [dft]Done (0.68s)
Estimator batch 1932/2000 (active points 1/11) [1h 58m 33s elapsed] ...   snr=+12.0dB [dft]Done (0.68s)
Estimator batch 1933/2000 (active points 1/11) [1h 58m 34s elapsed] ...   snr=+12.0dB [dft]Done (0.71s)
Estimator batch 1934/2000 (active points 1/11) [1h 58m 35s elapsed] ...   snr=+12.0dB [dft]Done (0.75s)
Estimator batch 1935/2000 (active points 1/11) [1h 58m 35s elapsed] ...   snr=+12.0dB [dft]Done (0.72s)
Estimator batch 1936/2000 (active points 1/11) [1h 58m 36s elapsed] ...   snr=+12.0dB [dft]Done (0.74s)
Estimator batch 1937/2000 (active points 1/11) [1h 58m 37s elapsed] ...   snr=+12.0dB [dft]Done (0.74s)
Estimator batch 1938/2000 (active points 1/11) [1h 58m 38s elapsed] ...   snr=+12.0dB [dft]Done (0.75s)
Estimator batch 1939/2000 (active points 1/11) [1h 58m 38s elapsed] ...   snr=+12.0dB [dft]Done (0.71s)
Estimator batch 1940/2000 (active points 1/11) [1h 58m 39s elapsed] ...   snr=+12.0dB [dft]Done (0.79s)
Estimator batch 1941/2000 (active points 1/11) [1h 58m 40s elapsed] ...   snr=+12.0dB [dft]Done (0.69s)
Estimator batch 1942/2000 (active points 1/11) [1h 58m 40s elapsed] ...   snr=+12.0dB [dft]Done (0.69s)
Estimator batch 1943/2000 (active points 1/11) [1h 58m 41s elapsed] ...   snr=+12.0dB [dft]Done (0.70s)
Estimator batch 1944/2000 (active points 1/11) [1h 58m 42s elapsed] ...   snr=+12.0dB [dft]Done (0.71s)
Estimator batch 1945/2000 (active points 1/11) [1h 58m 43s elapsed] ...   snr=+12.0dB [dft]Done (0.72s)
Estimator batch 1946/2000 (active points 1/11) [1h 58m 43s elapsed] ...   snr=+12.0dB [dft]Done (0.70s)
Estimator batch 1947/2000 (active points 1/11) [1h 58m 44s elapsed] ...   snr=+12.0dB [dft]Done (0.69s)
Estimator batch 1948/2000 (active points 1/11) [1h 58m 45s elapsed] ...   snr=+12.0dB [dft]Done (0.69s)
Estimator batch 1949/2000 (active points 1/11) [1h 58m 45s elapsed] ...   snr=+12.0dB [dft]Done (0.69s)
Estimator batch 1950/2000 (active points 1/11) [1h 58m 46s elapsed] ...   snr=+12.0dB [dft]Done (0.69s)
Estimator batch 1951/2000 (active points 1/11) [1h 58m 47s elapsed] ...   snr=+12.0dB [dft]Done (0.73s)
Estimator batch 1952/2000 (active points 1/11) [1h 58m 48s elapsed] ...   snr=+12.0dB [dft]Done (0.68s)
Estimator batch 1953/2000 (active points 1/11) [1h 58m 48s elapsed] ...   snr=+12.0dB [dft]Done (0.68s)
Estimator batch 1954/2000 (active points 1/11) [1h 58m 49s elapsed] ...   snr=+12.0dB [dft]Done (0.69s)
Estimator batch 1955/2000 (active points 1/11) [1h 58m 50s elapsed] ...   snr=+12.0dB [dft]Done (0.68s)
Estimator batch 1956/2000 (active points 1/11) [1h 58m 50s elapsed] ...   snr=+12.0dB [dft]Done (0.70s)
Estimator batch 1957/2000 (active points 1/11) [1h 58m 51s elapsed] ...   snr=+12.0dB [dft]Done (0.69s)
Estimator batch 1958/2000 (active points 1/11) [1h 58m 52s elapsed] ...   snr=+12.0dB [dft]Done (0.69s)
Estimator batch 1959/2000 (active points 1/11) [1h 58m 52s elapsed] ...   snr=+12.0dB [dft]Done (0.69s)
Estimator batch 1960/2000 (active points 1/11) [1h 58m 53s elapsed] ...   snr=+12.0dB [dft]Done (0.69s)
Estimator batch 1961/2000 (active points 1/11) [1h 58m 54s elapsed] ...   snr=+12.0dB [dft]Done (0.69s)
Estimator batch 1962/2000 (active points 1/11) [1h 58m 54s elapsed] ...   snr=+12.0dB [dft]Done (0.69s)
Estimator batch 1963/2000 (active points 1/11) [1h 58m 55s elapsed] ...   snr=+12.0dB [dft]Done (0.72s)
Estimator batch 1964/2000 (active points 1/11) [1h 58m 56s elapsed] ...   snr=+12.0dB [dft]Done (0.71s)
Estimator batch 1965/2000 (active points 1/11) [1h 58m 57s elapsed] ...   snr=+12.0dB [dft]Done (0.70s)
Estimator batch 1966/2000 (active points 1/11) [1h 58m 57s elapsed] ...   snr=+12.0dB [dft]Done (0.68s)
Estimator batch 1967/2000 (active points 1/11) [1h 58m 58s elapsed] ...   snr=+12.0dB [dft]Done (0.69s)
Estimator batch 1968/2000 (active points 1/11) [1h 58m 59s elapsed] ...   snr=+12.0dB [dft]Done (0.68s)
Estimator batch 1969/2000 (active points 1/11) [1h 58m 59s elapsed] ...   snr=+12.0dB [dft]Done (0.69s)
Estimator batch 1970/2000 (active points 1/11) [1h 59m 00s elapsed] ...   snr=+12.0dB [dft]Done (0.69s)
Estimator batch 1971/2000 (active points 1/11) [1h 59m 01s elapsed] ...   snr=+12.0dB [dft]Done (0.72s)
Estimator batch 1972/2000 (active points 1/11) [1h 59m 01s elapsed] ...   snr=+12.0dB [dft]Done (0.69s)
Estimator batch 1973/2000 (active points 1/11) [1h 59m 02s elapsed] ...   snr=+12.0dB [dft]Done (0.70s)
Estimator batch 1974/2000 (active points 1/11) [1h 59m 03s elapsed] ...   snr=+12.0dB [dft]Done (0.68s)
Estimator batch 1975/2000 (active points 1/11) [1h 59m 03s elapsed] ...   snr=+12.0dB [dft]Done (0.68s)
Estimator batch 1976/2000 (active points 1/11) [1h 59m 04s elapsed] ...   snr=+12.0dB [dft]Done (0.69s)
Estimator batch 1977/2000 (active points 1/11) [1h 59m 05s elapsed] ...   snr=+12.0dB [dft]Done (0.69s)
Estimator batch 1978/2000 (active points 1/11) [1h 59m 06s elapsed] ...   snr=+12.0dB [dft]Done (0.69s)
Estimator batch 1979/2000 (active points 1/11) [1h 59m 06s elapsed] ...   snr=+12.0dB [dft]Done (0.69s)
Estimator batch 1980/2000 (active points 1/11) [1h 59m 07s elapsed] ...   snr=+12.0dB [dft]Done (0.69s)
Estimator batch 1981/2000 (active points 1/11) [1h 59m 08s elapsed] ...   snr=+12.0dB [dft]Done (0.71s)
Estimator batch 1982/2000 (active points 1/11) [1h 59m 08s elapsed] ...   snr=+12.0dB [dft]Done (0.69s)
Estimator batch 1983/2000 (active points 1/11) [1h 59m 09s elapsed] ...   snr=+12.0dB [dft]Done (0.69s)
Estimator batch 1984/2000 (active points 1/11) [1h 59m 10s elapsed] ...   snr=+12.0dB [dft]Done (0.69s)
Estimator batch 1985/2000 (active points 1/11) [1h 59m 10s elapsed] ...   snr=+12.0dB [dft]Done (0.69s)
Estimator batch 1986/2000 (active points 1/11) [1h 59m 11s elapsed] ...   snr=+12.0dB [dft]Done (0.68s)
Estimator batch 1987/2000 (active points 1/11) [1h 59m 12s elapsed] ...   snr=+12.0dB [dft]Done (0.69s)
Estimator batch 1988/2000 (active points 1/11) [1h 59m 12s elapsed] ...   snr=+12.0dB [dft]Done (0.69s)
Estimator batch 1989/2000 (active points 1/11) [1h 59m 13s elapsed] ...   snr=+12.0dB [dft]Done (0.68s)
Estimator batch 1990/2000 (active points 1/11) [1h 59m 14s elapsed] ...   snr=+12.0dB [dft]Done (0.68s)
Estimator batch 1991/2000 (active points 1/11) [1h 59m 14s elapsed] ...   snr=+12.0dB [dft]Done (0.68s)
Estimator batch 1992/2000 (active points 1/11) [1h 59m 15s elapsed] ...   snr=+12.0dB [dft]Done (0.73s)
Estimator batch 1993/2000 (active points 1/11) [1h 59m 16s elapsed] ...   snr=+12.0dB [dft]Done (0.77s)
Estimator batch 1994/2000 (active points 1/11) [1h 59m 17s elapsed] ...   snr=+12.0dB [dft]Done (0.70s)
Estimator batch 1995/2000 (active points 1/11) [1h 59m 17s elapsed] ...   snr=+12.0dB [dft]Done (0.69s)
Estimator batch 1996/2000 (active points 1/11) [1h 59m 18s elapsed] ...   snr=+12.0dB [dft]Done (0.69s)
Estimator batch 1997/2000 (active points 1/11) [1h 59m 19s elapsed] ...   snr=+12.0dB [dft]Done (0.69s)
Estimator batch 1998/2000 (active points 1/11) [1h 59m 19s elapsed] ...   snr=+12.0dB [dft]Done (0.68s)
Estimator batch 1999/2000 (active points 1/11) [1h 59m 20s elapsed] ...   snr=+12.0dB [dft]Done (0.68s)
Estimator batch 2000/2000 (active points 1/11) [1h 59m 21s elapsed] ...   snr=+12.0dB [dft]Done (0.69s)
Estimator: dft
  Eb/No= 0.0 dB | BER=9.418e-03 | BERub=9.498e-03 | Status=resolved | Stop=target_block_errors | Latency=481.027 ms
  Eb/No= 2.0 dB | BER=1.809e-03 | BERub=1.828e-03 | Status=resolved | Stop=target_block_errors | Latency=488.877 ms
  Eb/No= 4.0 dB | BER=3.513e-04 | BERub=3.550e-04 | Status=resolved | Stop=target_block_errors | Latency=479.096 ms
  Eb/No= 6.0 dB | BER=1.209e-04 | BERub=1.222e-04 | Status=resolved | Stop=target_block_errors | Latency=480.436 ms
  Eb/No= 8.0 dB | BER=4.763e-05 | BERub=4.807e-05 | Status=resolved | Stop=target_block_errors | Latency=474.560 ms
  Eb/No=10.0 dB | BER=4.182e-05 | BERub=4.221e-05 | Status=resolved | Stop=target_block_errors | Latency=473.866 ms
  Eb/No=12.0 dB | BER=3.404e-05 | BERub=3.439e-05 | Status=resolved | Stop=max_batches | Latency=473.451 ms
  Eb/No=14.0 dB | BER=4.766e-05 | BERub=4.820e-05 | Status=resolved | Stop=target_block_errors | Latency=469.725 ms
  Eb/No=16.0 dB | BER=3.492e-05 | BERub=3.538e-05 | Status=resolved | Stop=target_block_errors | Latency=470.363 ms
  Eb/No=18.0 dB | BER=2.999e-05 | BERub=3.048e-05 | Status=resolved | Stop=target_block_errors | Latency=472.315 ms
  Eb/No=20.0 dB | BER=3.035e-05 | BERub=3.090e-05 | Status=resolved | Stop=target_block_errors | Latency=475.225 ms
[estimators] Done in 1h 59m 22s

Simulation complete. Total time: 1h 59m 23s
Wall-clock time (incl. setup): 1h 59m 23s
