stage,method,metric,ebno_db,value
estimators,ls,ber,-5.0,0.28765614827473956
estimators,ls,ber,-4.5,0.2713877360026042
estimators,ls,ber,-4.0,0.25259653727213544
estimators,ls,ber,-3.5,0.2364323933919271
estimators,ls,ber,-3.0,0.1997502644856771
estimators,ls,ber,-2.5,0.1648279825846354
estimators,ls,ber,-2.0,0.1353607177734375
estimators,ls,ber,-1.5,0.09235466851128472
estimators,ls,ber,-1.0,0.06508127848307292
estimators,ls,ber,-0.5,0.04040989731297349
estimators,ls,ber,0.0,0.024755407262731483
estimators,ls,ber,0.5,0.01338507539482527
estimators,ls,ber,1.0,0.010541575823643411
estimators,ls,ber,1.5,0.005517160790598291
estimators,ls,ber,2.0,0.00449696153697401
estimators,ls,ber,2.5,0.0030031204223632812
estimators,ls,ber,3.0,0.0026528040568033853
estimators,ls,ber,3.5,0.0014314651489257812
estimators,ls,ber,4.0,0.0011376539866129558
estimators,ls,ber,4.5,0.0008408228556315104
estimators,ls,ber,5.0,0.0
estimators,ls,ber,5.5,0.0
estimators,ls,ber,6.0,3.814697265625e-06
estimators,ls,ber,6.5,0.00047651926676432293
estimators,ls,ber,7.0,0.0
estimators,ls,ber,7.5,0.0004581610361735026
estimators,ls,ber,8.0,0.0
estimators,ls,ber,8.5,0.0003528594970703125
estimators,ls,ber,9.0,0.0
estimators,ls,ber,9.5,0.00010395050048828125
estimators,ls,ber,10.0,0.0
estimators,ls,ber_upper_confidence,-5.0,0.28884499598454133
estimators,ls,ber_upper_confidence,-4.5,0.2725557261691544
estimators,ls,ber_upper_confidence,-4.0,0.2537379693383695
estimators,ls,ber_upper_confidence,-3.5,0.23754872717308548
estimators,ls,ber_upper_confidence,-3.0,0.20080106946990883
estimators,ls,ber_upper_confidence,-2.5,0.1658035172646729
estimators,ls,ber_upper_confidence,-2.0,0.13626060520681055
estimators,ls,ber_upper_confidence,-1.5,0.0929766281057875
estimators,ls,ber_upper_confidence,-1.0,0.06554029801214231
estimators,ls,ber_upper_confidence,-0.5,0.040722530313784346
estimators,ls,ber_upper_confidence,0.0,0.02494826604587347
estimators,ls,ber_upper_confidence,0.5,0.013493787438382686
estimators,ls,ber_upper_confidence,1.0,0.010623596622407756
estimators,ls,ber_upper_confidence,1.5,0.00556133541912434
estimators,ls,ber_upper_confidence,2.0,0.004532023862357494
estimators,ls,ber_upper_confidence,2.5,0.0030286003983623997
estimators,ls,ber_upper_confidence,3.0,0.0026767625538317973
estimators,ls,ber_upper_confidence,3.5,0.001449104051656605
estimators,ls,ber_upper_confidence,4.0,0.0011533928988294593
estimators,ls,ber_upper_confidence,4.5,0.0008543708272751419
estimators,ls,ber_upper_confidence,5.0,7.618541141647314e-06
estimators,ls,ber_upper_confidence,5.5,7.618541141647314e-06
estimators,ls,ber_upper_confidence,6.0,9.545094187417805e-06
estimators,ls,ber_upper_confidence,6.5,0.00048674707628770846
estimators,ls,ber_upper_confidence,7.0,7.618541141647314e-06
estimators,ls,ber_upper_confidence,7.5,0.00046819210078468825
estimators,ls,ber_upper_confidence,8.0,7.618541141647314e-06
estimators,ls,ber_upper_confidence,8.5,0.0003616764442299442
estimators,ls,ber_upper_confidence,9.0,7.618541141647314e-06
estimators,ls,ber_upper_confidence,9.5,0.00010878666293674962
estimators,ls,ber_upper_confidence,10.0,7.618541141647314e-06
estimators,ls,latency_ms,-5.0,564.3123083256379
estimators,ls,latency_ms,-4.5,561.3178583345453
estimators,ls,latency_ms,-4.0,589.6695833263531
estimators,ls,latency_ms,-3.5,562.8249083357824
estimators,ls,latency_ms,-3.0,578.3057583368228
estimators,ls,latency_ms,-2.5,576.2387833357517
estimators,ls,latency_ms,-2.0,604.3283833252227
estimators,ls,latency_ms,-1.5,606.9696833242119
estimators,ls,latency_ms,-1.0,605.0935583308766
estimators,ls,latency_ms,-0.5,598.677646974027
estimators,ls,latency_ms,0.0,595.8404444470123
estimators,ls,latency_ms,0.5,612.7566736597021
estimators,ls,latency_ms,1.0,796.6112647290365
estimators,ls,latency_ms,1.5,781.7498461546197
estimators,ls,latency_ms,2.0,833.1968694730717
estimators,ls,latency_ms,2.5,780.9107927072594
estimators,ls,latency_ms,3.0,824.2142231773917
estimators,ls,latency_ms,3.5,880.4085958335285
estimators,ls,latency_ms,4.0,803.7758223958056
estimators,ls,latency_ms,4.5,764.629145051372
estimators,ls,latency_ms,5.0,718.8694083353349
estimators,ls,latency_ms,5.5,726.3789583350027
estimators,ls,latency_ms,6.0,792.7940458258983
estimators,ls,latency_ms,6.5,800.0841473964604
estimators,ls,latency_ms,7.0,800.6368083416911
estimators,ls,latency_ms,7.5,755.2416380200658
estimators,ls,latency_ms,8.0,723.6919083271952
estimators,ls,latency_ms,8.5,777.0087341142746
estimators,ls,latency_ms,9.0,815.6152583298118
estimators,ls,latency_ms,9.5,797.6688934906226
estimators,ls,latency_ms,10.0,789.0258583330743
estimators,ls,throughput_bits_per_batch,-5.0,70026.25
estimators,ls,throughput_bits_per_batch,-4.5,71625.5
estimators,ls,throughput_bits_per_batch,-4.0,73472.75
estimators,ls,throughput_bits_per_batch,-3.5,75061.75
estimators,ls,throughput_bits_per_batch,-3.0,78667.75
estimators,ls,throughput_bits_per_batch,-2.5,82100.75
estimators,ls,throughput_bits_per_batch,-2.0,84997.5
estimators,ls,throughput_bits_per_batch,-1.5,89225.16666666667
estimators,ls,throughput_bits_per_batch,-1.0,91906.25
estimators,ls,throughput_bits_per_batch,-0.5,94331.54545454546
estimators,ls,throughput_bits_per_batch,0.0,95870.44444444444
estimators,ls,throughput_bits_per_batch,0.5,96988.19354838709
estimators,ls,throughput_bits_per_batch,1.0,97267.72093023256
estimators,ls,throughput_bits_per_batch,1.5,97761.64102564103
estimators,ls,throughput_bits_per_batch,2.0,97861.93069306931
estimators,ls,throughput_bits_per_batch,2.5,98008.78125
estimators,ls,throughput_bits_per_batch,3.0,98043.21875
estimators,ls,throughput_bits_per_batch,3.5,98163.28125
estimators,ls,throughput_bits_per_batch,4.0,98192.1640625
estimators,ls,throughput_bits_per_batch,4.5,98221.34375
estimators,ls,throughput_bits_per_batch,5.0,98304.0
estimators,ls,throughput_bits_per_batch,5.5,98304.0
estimators,ls,throughput_bits_per_batch,6.0,98303.625
estimators,ls,throughput_bits_per_batch,6.5,98257.15625
estimators,ls,throughput_bits_per_batch,7.0,98304.0
estimators,ls,throughput_bits_per_batch,7.5,98258.9609375
estimators,ls,throughput_bits_per_batch,8.0,98304.0
estimators,ls,throughput_bits_per_batch,8.5,98269.3125
estimators,ls,throughput_bits_per_batch,9.0,98304.0
estimators,ls,throughput_bits_per_batch,9.5,98293.78125
estimators,ls,throughput_bits_per_batch,10.0,98304.0
estimators,ls,energy_joules_per_batch,-5.0,0.00018645100000000005
estimators,ls,energy_joules_per_batch,-4.5,0.00018645100000000002
estimators,ls,energy_joules_per_batch,-4.0,0.00018645100000000002
estimators,ls,energy_joules_per_batch,-3.5,0.00018645100000000002
estimators,ls,energy_joules_per_batch,-3.0,0.00018645100000000005
estimators,ls,energy_joules_per_batch,-2.5,0.00018645100000000005
estimators,ls,energy_joules_per_batch,-2.0,0.00018645100000000002
estimators,ls,energy_joules_per_batch,-1.5,0.00018645100000000002
estimators,ls,energy_joules_per_batch,-1.0,0.00018645100000000002
estimators,ls,energy_joules_per_batch,-0.5,0.00018645100000000005
estimators,ls,energy_joules_per_batch,0.0,0.00018645100000000002
estimators,ls,energy_joules_per_batch,0.5,0.00018645099999999994
estimators,ls,energy_joules_per_batch,1.0,0.000186451
estimators,ls,energy_joules_per_batch,1.5,0.00018645100000000027
estimators,ls,energy_joules_per_batch,2.0,0.00018645100000000032
estimators,ls,energy_joules_per_batch,2.5,0.00018645100000000043
estimators,ls,energy_joules_per_batch,3.0,0.00018645100000000043
estimators,ls,energy_joules_per_batch,3.5,0.00018645100000000043
estimators,ls,energy_joules_per_batch,4.0,0.00018645100000000043
estimators,ls,energy_joules_per_batch,4.5,0.0001864510000000004
estimators,ls,energy_joules_per_batch,5.0,0.00018645100000000002
estimators,ls,energy_joules_per_batch,5.5,0.00018645100000000002
estimators,ls,energy_joules_per_batch,6.0,0.00018645100000000002
estimators,ls,energy_joules_per_batch,6.5,0.00018645100000000043
estimators,ls,energy_joules_per_batch,7.0,0.00018645100000000002
estimators,ls,energy_joules_per_batch,7.5,0.00018645100000000043
estimators,ls,energy_joules_per_batch,8.0,0.00018645100000000002
estimators,ls,energy_joules_per_batch,8.5,0.00018645100000000043
estimators,ls,energy_joules_per_batch,9.0,0.00018645100000000002
estimators,ls,energy_joules_per_batch,9.5,0.00018645100000000043
estimators,ls,energy_joules_per_batch,10.0,0.00018645100000000002
estimators,ls,avg_power_w,-5.0,0.00033040392217071403
estimators,ls,avg_power_w,-4.5,0.0003321665206826098
estimators,ls,avg_power_w,-4.0,0.00031619572260828074
estimators,ls,avg_power_w,-3.5,0.0003312770938857649
estimators,ls,avg_power_w,-3.0,0.00032240903244024993
estimators,ls,avg_power_w,-2.5,0.00032356551726814677
estimators,ls,avg_power_w,-2.0,0.0003085259689013487
estimators,ls,avg_power_w,-1.5,0.00030718338184348407
estimators,ls,avg_power_w,-1.0,0.0003081358203751445
estimators,ls,avg_power_w,-0.5,0.0003114380517502252
estimators,ls,avg_power_w,0.0,0.00031292102061490894
estimators,ls,avg_power_w,0.5,0.0003042822836778218
estimators,ls,avg_power_w,1.0,0.0002340551888422271
estimators,ls,avg_power_w,1.5,0.0002385046839691002
estimators,ls,avg_power_w,2.0,0.00022377784510630146
estimators,ls,avg_power_w,2.5,0.0002387609465014725
estimators,ls,avg_power_w,3.0,0.00022621667372011787
estimators,ls,avg_power_w,3.5,0.00021177780508092108
estimators,ls,avg_power_w,4.0,0.00023196890825136793
estimators,ls,avg_power_w,4.5,0.00024384500801035198
estimators,ls,avg_power_w,5.0,0.0002593669974519561
estimators,ls,avg_power_w,5.5,0.00025668557419033833
estimators,ls,avg_power_w,6.0,0.00023518213965111645
estimators,ls,avg_power_w,6.5,0.00023303923794356794
estimators,ls,avg_power_w,7.0,0.00023287837638414887
estimators,ls,avg_power_w,7.5,0.00024687595414998376
estimators,ls,avg_power_w,8.0,0.00025763864132594653
estimators,ls,avg_power_w,8.5,0.00023995997961662435
estimators,ls,avg_power_w,9.0,0.00022860165757787292
estimators,ls,avg_power_w,9.5,0.0002337448551918395
estimators,ls,avg_power_w,10.0,0.00023630530993483964
estimators,ls,runtime_sec,-5.0,3.7612169999920297
estimators,ls,runtime_sec,-4.5,3.565004600008251
estimators,ls,runtime_sec,-4.0,3.7179714999801945
estimators,ls,runtime_sec,-3.5,3.579105399985565
estimators,ls,runtime_sec,-3.0,3.691462999995565
estimators,ls,runtime_sec,-2.5,3.6190225000027567
estimators,ls,runtime_sec,-2.0,3.786669700028142
estimators,ls,runtime_sec,-1.5,5.7115882000071
estimators,ls,runtime_sec,-1.0,7.628702999994857
estimators,ls,runtime_sec,-0.5,10.388598299992736
estimators,ls,runtime_sec,0.0,16.92033670001547
estimators,ls,runtime_sec,0.5,30.006242800009204
estimators,ls,runtime_sec,1.0,53.97733850000077
estimators,ls,runtime_sec,1.5,95.32604039998841
estimators,ls,runtime_sec,2.0,130.91448329997365
estimators,ls,runtime_sec,2.5,156.3434891999932
estimators,ls,runtime_sec,3.0,164.42951269997866
estimators,ls,runtime_sec,3.5,175.9564966999751
estimators,ls,runtime_sec,4.0,161.46112590000848
estimators,ls,runtime_sec,4.5,153.75283879999188
estimators,ls,runtime_sec,5.0,4.5695055999967735
estimators,ls,runtime_sec,5.5,4.698082099988824
estimators,ls,runtime_sec,6.0,9.995576699991943
estimators,ls,runtime_sec,6.5,160.447958499979
estimators,ls,runtime_sec,7.0,5.079933400003938
estimators,ls,runtime_sec,7.5,151.2921273999964
estimators,ls,runtime_sec,8.0,4.547373200010043
estimators,ls,runtime_sec,8.5,155.81269520000205
estimators,ls,runtime_sec,9.0,5.066315700009
estimators,ls,runtime_sec,9.5,160.18700199999148
estimators,ls,runtime_sec,10.0,4.908494399976917
estimators,ls,bit_errors,-5.0,113111.0
estimators,ls,bit_errors,-4.5,106714.0
estimators,ls,bit_errors,-4.0,99325.0
estimators,ls,bit_errors,-3.5,92969.0
estimators,ls,bit_errors,-3.0,78545.0
estimators,ls,bit_errors,-2.5,64813.0
estimators,ls,bit_errors,-2.0,53226.0
estimators,ls,bit_errors,-1.5,54473.0
estimators,ls,bit_errors,-1.0,51182.0
estimators,ls,bit_errors,-0.5,43697.0
estimators,ls,bit_errors,0.0,43804.0
estimators,ls,bit_errors,0.5,40790.0
estimators,ls,bit_errors,1.0,44560.0
estimators,ls,bit_errors,1.5,42304.0
estimators,ls,bit_errors,2.0,44649.0
estimators,ls,bit_errors,2.5,37788.0
estimators,ls,bit_errors,3.0,33380.0
estimators,ls,bit_errors,3.5,18012.0
estimators,ls,bit_errors,4.0,14315.0
estimators,ls,bit_errors,4.5,10580.0
estimators,ls,bit_errors,5.0,0.0
estimators,ls,bit_errors,5.5,0.0
estimators,ls,bit_errors,6.0,3.0
estimators,ls,bit_errors,6.5,5996.0
estimators,ls,bit_errors,7.0,0.0
estimators,ls,bit_errors,7.5,5765.0
estimators,ls,bit_errors,8.0,0.0
estimators,ls,bit_errors,8.5,4440.0
estimators,ls,bit_errors,9.0,0.0
estimators,ls,bit_errors,9.5,1308.0
estimators,ls,bit_errors,10.0,0.0
estimators,ls,total_bits,-5.0,393216.0
estimators,ls,total_bits,-4.5,393216.0
estimators,ls,total_bits,-4.0,393216.0
estimators,ls,total_bits,-3.5,393216.0
estimators,ls,total_bits,-3.0,393216.0
estimators,ls,total_bits,-2.5,393216.0
estimators,ls,total_bits,-2.0,393216.0
estimators,ls,total_bits,-1.5,589824.0
estimators,ls,total_bits,-1.0,786432.0
estimators,ls,total_bits,-0.5,1081344.0
estimators,ls,total_bits,0.0,1769472.0
estimators,ls,total_bits,0.5,3047424.0
estimators,ls,total_bits,1.0,4227072.0
estimators,ls,total_bits,1.5,7667712.0
estimators,ls,total_bits,2.0,9928704.0
estimators,ls,total_bits,2.5,12582912.0
estimators,ls,total_bits,3.0,12582912.0
estimators,ls,total_bits,3.5,12582912.0
estimators,ls,total_bits,4.0,12582912.0
estimators,ls,total_bits,4.5,12582912.0
estimators,ls,total_bits,5.0,393216.0
estimators,ls,total_bits,5.5,393216.0
estimators,ls,total_bits,6.0,786432.0
estimators,ls,total_bits,6.5,12582912.0
estimators,ls,total_bits,7.0,393216.0
estimators,ls,total_bits,7.5,12582912.0
estimators,ls,total_bits,8.0,393216.0
estimators,ls,total_bits,8.5,12582912.0
estimators,ls,total_bits,9.0,393216.0
estimators,ls,total_bits,9.5,12582912.0
estimators,ls,total_bits,10.0,393216.0
estimators,ls,block_errors,-5.0,256.0
estimators,ls,block_errors,-4.5,256.0
estimators,ls,block_errors,-4.0,256.0
estimators,ls,block_errors,-3.5,256.0
estimators,ls,block_errors,-3.0,253.0
estimators,ls,block_errors,-2.5,234.0
estimators,ls,block_errors,-2.0,205.0
estimators,ls,block_errors,-1.5,240.0
estimators,ls,block_errors,-1.0,216.0
estimators,ls,block_errors,-0.5,207.0
estimators,ls,block_errors,0.0,200.0
estimators,ls,block_errors,0.5,200.0
estimators,ls,block_errors,1.0,202.0
estimators,ls,block_errors,1.5,200.0
estimators,ls,block_errors,2.0,200.0
estimators,ls,block_errors,2.5,155.0
estimators,ls,block_errors,3.0,147.0
estimators,ls,block_errors,3.5,75.0
estimators,ls,block_errors,4.0,58.0
estimators,ls,block_errors,4.5,37.0
estimators,ls,block_errors,5.0,0.0
estimators,ls,block_errors,5.5,0.0
estimators,ls,block_errors,6.0,1.0
estimators,ls,block_errors,6.5,20.0
estimators,ls,block_errors,7.0,0.0
estimators,ls,block_errors,7.5,17.0
estimators,ls,block_errors,8.0,0.0
estimators,ls,block_errors,8.5,13.0
estimators,ls,block_errors,9.0,0.0
estimators,ls,block_errors,9.5,9.0
estimators,ls,block_errors,10.0,0.0
estimators,ls,total_blocks,-5.0,256.0
estimators,ls,total_blocks,-4.5,256.0
estimators,ls,total_blocks,-4.0,256.0
estimators,ls,total_blocks,-3.5,256.0
estimators,ls,total_blocks,-3.0,256.0
estimators,ls,total_blocks,-2.5,256.0
estimators,ls,total_blocks,-2.0,256.0
estimators,ls,total_blocks,-1.5,384.0
estimators,ls,total_blocks,-1.0,512.0
estimators,ls,total_blocks,-0.5,704.0
estimators,ls,total_blocks,0.0,1152.0
estimators,ls,total_blocks,0.5,1984.0
estimators,ls,total_blocks,1.0,2752.0
estimators,ls,total_blocks,1.5,4992.0
estimators,ls,total_blocks,2.0,6464.0
estimators,ls,total_blocks,2.5,8192.0
estimators,ls,total_blocks,3.0,8192.0
estimators,ls,total_blocks,3.5,8192.0
estimators,ls,total_blocks,4.0,8192.0
estimators,ls,total_blocks,4.5,8192.0
estimators,ls,total_blocks,5.0,256.0
estimators,ls,total_blocks,5.5,256.0
estimators,ls,total_blocks,6.0,512.0
estimators,ls,total_blocks,6.5,8192.0
estimators,ls,total_blocks,7.0,256.0
estimators,ls,total_blocks,7.5,8192.0
estimators,ls,total_blocks,8.0,256.0
estimators,ls,total_blocks,8.5,8192.0
estimators,ls,total_blocks,9.0,256.0
estimators,ls,total_blocks,9.5,8192.0
estimators,ls,total_blocks,10.0,256.0
estimators,ls,num_batches,-5.0,4.0
estimators,ls,num_batches,-4.5,4.0
estimators,ls,num_batches,-4.0,4.0
estimators,ls,num_batches,-3.5,4.0
estimators,ls,num_batches,-3.0,4.0
estimators,ls,num_batches,-2.5,4.0
estimators,ls,num_batches,-2.0,4.0
estimators,ls,num_batches,-1.5,6.0
estimators,ls,num_batches,-1.0,8.0
estimators,ls,num_batches,-0.5,11.0
estimators,ls,num_batches,0.0,18.0
estimators,ls,num_batches,0.5,31.0
estimators,ls,num_batches,1.0,43.0
estimators,ls,num_batches,1.5,78.0
estimators,ls,num_batches,2.0,101.0
estimators,ls,num_batches,2.5,128.0
estimators,ls,num_batches,3.0,128.0
estimators,ls,num_batches,3.5,128.0
estimators,ls,num_batches,4.0,128.0
estimators,ls,num_batches,4.5,128.0
estimators,ls,num_batches,5.0,4.0
estimators,ls,num_batches,5.5,4.0
estimators,ls,num_batches,6.0,8.0
estimators,ls,num_batches,6.5,128.0
estimators,ls,num_batches,7.0,4.0
estimators,ls,num_batches,7.5,128.0
estimators,ls,num_batches,8.0,4.0
estimators,ls,num_batches,8.5,128.0
estimators,ls,num_batches,9.0,4.0
estimators,ls,num_batches,9.5,128.0
estimators,ls,num_batches,10.0,4.0
estimators,ls,runtime_total_sec,,1855.1423123998684
estimators,dft,ber,-5.0,0.25065867106119794
estimators,dft,ber,-4.5,0.2253901163736979
estimators,dft,ber,-4.0,0.19816080729166666
estimators,dft,ber,-3.5,0.17447408040364584
estimators,dft,ber,-3.0,0.14069112141927084
estimators,dft,ber,-2.5,0.0777587890625
estimators,dft,ber,-2.0,0.059954325358072914
estimators,dft,ber,-1.5,0.034934019431089744
estimators,dft,ber,-1.0,0.027509053548177082
estimators,dft,ber,-0.5,0.015101453993055555
estimators,dft,ber,0.0,0.009382099124556738
estimators,dft,ber,0.5,0.006059434678819444
estimators,dft,ber,1.0,0.0036571093198269774
estimators,dft,ber,1.5,0.0019890467325846353
estimators,dft,ber,2.0,0.0017139116923014324
estimators,dft,ber,2.5,0.0012064774831136067
estimators,dft,ber,3.0,0.0
estimators,dft,ber,3.5,0.0
estimators,dft,ber,4.0,0.00032862027486165363
estimators,dft,ber,4.5,0.0
estimators,dft,ber,5.0,3.814697265625e-06
estimators,dft,ber,5.5,0.0
estimators,dft,ber,6.0,0.0
estimators,dft,ber,6.5,0.0
estimators,dft,ber,7.0,0.0
estimators,dft,ber,7.5,0.0
estimators,dft,ber,8.0,0.0
estimators,dft,ber,8.5,0.0
estimators,dft,ber,9.0,0.0
estimators,dft,ber,9.5,0.0
estimators,dft,ber,10.0,0.0
estimators,dft,ber_upper_confidence,-5.0,0.25179720710251224
estimators,dft,ber_upper_confidence,-4.5,0.22648802908231788
estimators,dft,ber_upper_confidence,-4.0,0.19920847922445187
estimators,dft,ber_upper_confidence,-3.5,0.17547182207271725
estimators,dft,ber_upper_confidence,-3.0,0.14160564598796135
estimators,dft,ber_upper_confidence,-2.5,0.07833426696115671
estimators,dft,ber_upper_confidence,-2.0,0.06039617425120249
estimators,dft,ber_upper_confidence,-1.5,0.035202166368535986
estimators,dft,ber_upper_confidence,-1.0,0.027724384930058597
estimators,dft,ber_upper_confidence,-0.5,0.015218711287115551
estimators,dft,ber_upper_confidence,0.0,0.009456159683008468
estimators,dft,ber_upper_confidence,0.5,0.006107605114297664
estimators,dft,ber_upper_confidence,1.0,0.0036863776945905338
estimators,dft,ber_upper_confidence,1.5,0.0020098139226480067
estimators,dft,ber_upper_confidence,2.0,0.0017331995625783029
estimators,dft,ber_upper_confidence,2.5,0.0012226816876576185
estimators,dft,ber_upper_confidence,3.0,7.618541141647314e-06
estimators,dft,ber_upper_confidence,3.5,7.618541141647314e-06
estimators,dft,ber_upper_confidence,4.0,0.00033713291024836363
estimators,dft,ber_upper_confidence,4.5,7.618541141647314e-06
estimators,dft,ber_upper_confidence,5.0,9.545094187417805e-06
estimators,dft,ber_upper_confidence,5.5,7.618541141647314e-06
estimators,dft,ber_upper_confidence,6.0,7.618541141647314e-06
estimators,dft,ber_upper_confidence,6.5,7.618541141647314e-06
estimators,dft,ber_upper_confidence,7.0,7.618541141647314e-06
estimators,dft,ber_upper_confidence,7.5,7.618541141647314e-06
estimators,dft,ber_upper_confidence,8.0,7.618541141647314e-06
estimators,dft,ber_upper_confidence,8.5,7.618541141647314e-06
estimators,dft,ber_upper_confidence,9.0,7.618541141647314e-06
estimators,dft,ber_upper_confidence,9.5,7.618541141647314e-06
estimators,dft,ber_upper_confidence,10.0,7.618541141647314e-06
estimators,dft,latency_ms,-5.0,814.8136083374576
estimators,dft,latency_ms,-4.5,803.1697583257065
estimators,dft,latency_ms,-4.0,817.8175583208523
estimators,dft,latency_ms,-3.5,790.2471083263246
estimators,dft,latency_ms,-3.0,791.6718583411731
estimators,dft,latency_ms,-2.5,807.3837833263989
estimators,dft,latency_ms,-2.0,850.2980958375284
estimators,dft,latency_ms,-1.5,748.7039294861604
estimators,dft,latency_ms,-1.0,778.0023020760874
estimators,dft,latency_ms,-0.5,868.3112699983092
estimators,dft,latency_ms,0.0,892.3701407822365
estimators,dft,latency_ms,0.5,905.1598166671781
estimators,dft,latency_ms,1.0,744.7150748588615
estimators,dft,latency_ms,1.5,558.7340653650289
estimators,dft,latency_ms,2.0,551.78271848868
estimators,dft,latency_ms,2.5,556.1848083331414
estimators,dft,latency_ms,3.0,547.0218083402452
estimators,dft,latency_ms,3.5,547.6774583413809
estimators,dft,latency_ms,4.0,549.505180208739
estimators,dft,latency_ms,4.5,547.4293583294221
estimators,dft,latency_ms,5.0,546.4962708366821
estimators,dft,latency_ms,5.5,546.0239583382228
estimators,dft,latency_ms,6.0,550.1175333312441
estimators,dft,latency_ms,6.5,548.6527333315772
estimators,dft,latency_ms,7.0,547.8259333368934
estimators,dft,latency_ms,7.5,545.0979333301385
estimators,dft,latency_ms,8.0,546.259358333513
estimators,dft,latency_ms,8.5,547.3153583344848
estimators,dft,latency_ms,9.0,548.722333337677
estimators,dft,latency_ms,9.5,549.1877333307949
estimators,dft,latency_ms,10.0,547.7943833294868
estimators,dft,throughput_bits_per_batch,-5.0,73663.25
estimators,dft,throughput_bits_per_batch,-4.5,76147.25
estimators,dft,throughput_bits_per_batch,-4.0,78824.0
estimators,dft,throughput_bits_per_batch,-3.5,81152.5
estimators,dft,throughput_bits_per_batch,-3.0,84473.5
estimators,dft,throughput_bits_per_batch,-2.5,90660.0
estimators,dft,throughput_bits_per_batch,-2.0,92410.25
estimators,dft,throughput_bits_per_batch,-1.5,94869.84615384616
estimators,dft,throughput_bits_per_batch,-1.0,95599.75
estimators,dft,throughput_bits_per_batch,-0.5,96819.46666666666
estimators,dft,throughput_bits_per_batch,0.0,97381.70212765958
estimators,dft,throughput_bits_per_batch,0.5,97708.33333333333
estimators,dft,throughput_bits_per_batch,1.0,97944.49152542373
estimators,dft,throughput_bits_per_batch,1.5,98108.46875
estimators,dft,throughput_bits_per_batch,2.0,98135.515625
estimators,dft,throughput_bits_per_batch,2.5,98185.3984375
estimators,dft,throughput_bits_per_batch,3.0,98304.0
estimators,dft,throughput_bits_per_batch,3.5,98304.0
estimators,dft,throughput_bits_per_batch,4.0,98271.6953125
estimators,dft,throughput_bits_per_batch,4.5,98304.0
estimators,dft,throughput_bits_per_batch,5.0,98303.625
estimators,dft,throughput_bits_per_batch,5.5,98304.0
estimators,dft,throughput_bits_per_batch,6.0,98304.0
estimators,dft,throughput_bits_per_batch,6.5,98304.0
estimators,dft,throughput_bits_per_batch,7.0,98304.0
estimators,dft,throughput_bits_per_batch,7.5,98304.0
estimators,dft,throughput_bits_per_batch,8.0,98304.0
estimators,dft,throughput_bits_per_batch,8.5,98304.0
estimators,dft,throughput_bits_per_batch,9.0,98304.0
estimators,dft,throughput_bits_per_batch,9.5,98304.0
estimators,dft,throughput_bits_per_batch,10.0,98304.0
estimators,dft,energy_joules_per_batch,-5.0,0.00018645100000000002
estimators,dft,energy_joules_per_batch,-4.5,0.00018645100000000002
estimators,dft,energy_joules_per_batch,-4.0,0.00018645100000000002
estimators,dft,energy_joules_per_batch,-3.5,0.00018645100000000002
estimators,dft,energy_joules_per_batch,-3.0,0.00018645100000000002
estimators,dft,energy_joules_per_batch,-2.5,0.00018645100000000002
estimators,dft,energy_joules_per_batch,-2.0,0.00018645100000000002
estimators,dft,energy_joules_per_batch,-1.5,0.00018645100000000005
estimators,dft,energy_joules_per_batch,-1.0,0.00018645100000000008
estimators,dft,energy_joules_per_batch,-0.5,0.0001864509999999999
estimators,dft,energy_joules_per_batch,0.0,0.000186451
estimators,dft,energy_joules_per_batch,0.5,0.00018645100000000024
estimators,dft,energy_joules_per_batch,1.0,0.0001864510000000004
estimators,dft,energy_joules_per_batch,1.5,0.00018645100000000043
estimators,dft,energy_joules_per_batch,2.0,0.00018645100000000043
estimators,dft,energy_joules_per_batch,2.5,0.00018645100000000043
estimators,dft,energy_joules_per_batch,3.0,0.00018645100000000002
estimators,dft,energy_joules_per_batch,3.5,0.00018645100000000002
estimators,dft,energy_joules_per_batch,4.0,0.00018645100000000043
estimators,dft,energy_joules_per_batch,4.5,0.00018645100000000002
estimators,dft,energy_joules_per_batch,5.0,0.00018645100000000002
estimators,dft,energy_joules_per_batch,5.5,0.00018645100000000002
estimators,dft,energy_joules_per_batch,6.0,0.00018645100000000002
estimators,dft,energy_joules_per_batch,6.5,0.00018645100000000002
estimators,dft,energy_joules_per_batch,7.0,0.00018645100000000002
estimators,dft,energy_joules_per_batch,7.5,0.00018645100000000002
estimators,dft,energy_joules_per_batch,8.0,0.00018645100000000002
estimators,dft,energy_joules_per_batch,8.5,0.00018645100000000002
estimators,dft,energy_joules_per_batch,9.0,0.00018645100000000002
estimators,dft,energy_joules_per_batch,9.5,0.00018645100000000002
estimators,dft,energy_joules_per_batch,10.0,0.00018645100000000002
estimators,dft,avg_power_w,-5.0,0.00022882656609090498
estimators,dft,avg_power_w,-4.5,0.00023214394972823318
estimators,dft,avg_power_w,-4.0,0.000227986056429043
estimators,dft,avg_power_w,-3.5,0.00023594012307730832
estimators,dft,avg_power_w,-3.0,0.00023551550814333538
estimators,dft,avg_power_w,-2.5,0.00023093230734933396
estimators,dft,avg_power_w,-2.0,0.00021927721691102826
estimators,dft,avg_power_w,-1.5,0.00024903168349598803
estimators,dft,avg_power_w,-1.0,0.00023965353251842363
estimators,dft,avg_power_w,-0.5,0.00021472829668600635
estimators,dft,avg_power_w,0.0,0.00020893908421964927
estimators,dft,avg_power_w,0.5,0.00020598682858737326
estimators,dft,avg_power_w,1.0,0.0002503655509260862
estimators,dft,avg_power_w,1.5,0.0003337025815281002
estimators,dft,avg_power_w,2.0,0.0003379065595071288
estimators,dft,avg_power_w,2.5,0.00033523209768850917
estimators,dft,avg_power_w,3.0,0.0003408474710829596
estimators,dft,avg_power_w,3.5,0.00034043942682004724
estimators,dft,avg_power_w,4.0,0.0003393070833821326
estimators,dft,avg_power_w,4.5,0.00034059371709436326
estimators,dft,avg_power_w,5.0,0.00034117524665730064
estimators,dft,avg_power_w,5.5,0.0003414703643544281
estimators,dft,avg_power_w,6.0,0.0003389293899995215
estimators,dft,avg_power_w,6.5,0.0003398342679673095
estimators,dft,avg_power_w,7.0,0.00034034715893111855
estimators,dft,avg_power_w,7.5,0.0003420504621269147
estimators,dft,avg_power_w,8.0,0.0003413232142490166
estimators,dft,avg_power_w,8.5,0.00034066465915990766
estimators,dft,avg_power_w,9.0,0.0003397911633482947
estimators,dft,avg_power_w,9.5,0.0003395032129890892
estimators,dft,avg_power_w,10.0,0.0003403667610952003
estimators,dft,runtime_sec,-5.0,5.055127400002675
estimators,dft,runtime_sec,-4.5,5.017183799995109
estimators,dft,runtime_sec,-4.0,5.087822000001324
estimators,dft,runtime_sec,-3.5,4.97408370001358
estimators,dft,runtime_sec,-3.0,4.952928499988047
estimators,dft,runtime_sec,-2.5,7.577925399993546
estimators,dft,runtime_sec,-2.0,10.60112459998345
estimators,dft,runtime_sec,-1.5,15.412930299993604
estimators,dft,runtime_sec,-1.0,19.42626500001643
estimators,dft,runtime_sec,-0.5,41.369372399989516
estimators,dft,runtime_sec,0.0,65.10184489999665
estimators,dft,runtime_sec,0.5,101.88535019999836
estimators,dft,runtime_sec,1.0,138.29585080000106
estimators,dft,runtime_sec,1.5,114.4821065000142
estimators,dft,runtime_sec,2.0,112.8280223000038
estimators,dft,runtime_sec,2.5,114.0841214999964
estimators,dft,runtime_sec,3.0,3.50980579998577
estimators,dft,runtime_sec,3.5,3.501797200005967
estimators,dft,runtime_sec,4.0,112.44217419999768
estimators,dft,runtime_sec,4.5,3.517888300004415
estimators,dft,runtime_sec,5.0,7.022920299990801
estimators,dft,runtime_sec,5.5,3.4992774999991525
estimators,dft,runtime_sec,6.0,3.509026099985931
estimators,dft,runtime_sec,6.5,3.5057733000139706
estimators,dft,runtime_sec,7.0,3.5021950000082143
estimators,dft,runtime_sec,7.5,3.4949718000134453
estimators,dft,runtime_sec,8.0,3.5235924999869894
estimators,dft,runtime_sec,8.5,3.5061464000027627
estimators,dft,runtime_sec,9.0,3.511180000001332
estimators,dft,runtime_sec,9.5,3.50601139999344
estimators,dft,runtime_sec,10.0,3.5030872000206728
estimators,dft,bit_errors,-5.0,98563.0
estimators,dft,bit_errors,-4.5,88627.0
estimators,dft,bit_errors,-4.0,77920.0
estimators,dft,bit_errors,-3.5,68606.0
estimators,dft,bit_errors,-3.0,55322.0
estimators,dft,bit_errors,-2.5,45864.0
estimators,dft,bit_errors,-2.0,47150.0
estimators,dft,bit_errors,-1.5,44644.0
estimators,dft,bit_errors,-1.0,43268.0
estimators,dft,bit_errors,-0.5,44536.0
estimators,dft,bit_errors,0.0,43348.0
estimators,dft,bit_errors,0.5,42888.0
estimators,dft,bit_errors,1.0,42422.0
estimators,dft,bit_errors,1.5,25028.0
estimators,dft,bit_errors,2.0,21566.0
estimators,dft,bit_errors,2.5,15181.0
estimators,dft,bit_errors,3.0,0.0
estimators,dft,bit_errors,3.5,0.0
estimators,dft,bit_errors,4.0,4135.0
estimators,dft,bit_errors,4.5,0.0
estimators,dft,bit_errors,5.0,3.0
estimators,dft,bit_errors,5.5,0.0
estimators,dft,bit_errors,6.0,0.0
estimators,dft,bit_errors,6.5,0.0
estimators,dft,bit_errors,7.0,0.0
estimators,dft,bit_errors,7.5,0.0
estimators,dft,bit_errors,8.0,0.0
estimators,dft,bit_errors,8.5,0.0
estimators,dft,bit_errors,9.0,0.0
estimators,dft,bit_errors,9.5,0.0
estimators,dft,bit_errors,10.0,0.0
estimators,dft,total_bits,-5.0,393216.0
estimators,dft,total_bits,-4.5,393216.0
estimators,dft,total_bits,-4.0,393216.0
estimators,dft,total_bits,-3.5,393216.0
estimators,dft,total_bits,-3.0,393216.0
estimators,dft,total_bits,-2.5,589824.0
estimators,dft,total_bits,-2.0,786432.0
estimators,dft,total_bits,-1.5,1277952.0
estimators,dft,total_bits,-1.0,1572864.0
estimators,dft,total_bits,-0.5,2949120.0
estimators,dft,total_bits,0.0,4620288.0
estimators,dft,total_bits,0.5,7077888.0
estimators,dft,total_bits,1.0,11599872.0
estimators,dft,total_bits,1.5,12582912.0
estimators,dft,total_bits,2.0,12582912.0
estimators,dft,total_bits,2.5,12582912.0
estimators,dft,total_bits,3.0,393216.0
estimators,dft,total_bits,3.5,393216.0
estimators,dft,total_bits,4.0,12582912.0
estimators,dft,total_bits,4.5,393216.0
estimators,dft,total_bits,5.0,786432.0
estimators,dft,total_bits,5.5,393216.0
estimators,dft,total_bits,6.0,393216.0
estimators,dft,total_bits,6.5,393216.0
estimators,dft,total_bits,7.0,393216.0
estimators,dft,total_bits,7.5,393216.0
estimators,dft,total_bits,8.0,393216.0
estimators,dft,total_bits,8.5,393216.0
estimators,dft,total_bits,9.0,393216.0
estimators,dft,total_bits,9.5,393216.0
estimators,dft,total_bits,10.0,393216.0
estimators,dft,block_errors,-5.0,256.0
estimators,dft,block_errors,-4.5,256.0
estimators,dft,block_errors,-4.0,247.0
estimators,dft,block_errors,-3.5,242.0
estimators,dft,block_errors,-3.0,203.0
estimators,dft,block_errors,-2.5,205.0
estimators,dft,block_errors,-2.0,216.0
estimators,dft,block_errors,-1.5,208.0
estimators,dft,block_errors,-1.0,202.0
estimators,dft,block_errors,-0.5,202.0
estimators,dft,block_errors,0.0,204.0
estimators,dft,block_errors,0.5,200.0
estimators,dft,block_errors,1.0,200.0
estimators,dft,block_errors,1.5,120.0
estimators,dft,block_errors,2.0,97.0
estimators,dft,block_errors,2.5,60.0
estimators,dft,block_errors,3.0,0.0
estimators,dft,block_errors,3.5,0.0
estimators,dft,block_errors,4.0,21.0
estimators,dft,block_errors,4.5,0.0
estimators,dft,block_errors,5.0,1.0
estimators,dft,block_errors,5.5,0.0
estimators,dft,block_errors,6.0,0.0
estimators,dft,block_errors,6.5,0.0
estimators,dft,block_errors,7.0,0.0
estimators,dft,block_errors,7.5,0.0
estimators,dft,block_errors,8.0,0.0
estimators,dft,block_errors,8.5,0.0
estimators,dft,block_errors,9.0,0.0
estimators,dft,block_errors,9.5,0.0
estimators,dft,block_errors,10.0,0.0
estimators,dft,total_blocks,-5.0,256.0
estimators,dft,total_blocks,-4.5,256.0
estimators,dft,total_blocks,-4.0,256.0
estimators,dft,total_blocks,-3.5,256.0
estimators,dft,total_blocks,-3.0,256.0
estimators,dft,total_blocks,-2.5,384.0
estimators,dft,total_blocks,-2.0,512.0
estimators,dft,total_blocks,-1.5,832.0
estimators,dft,total_blocks,-1.0,1024.0
estimators,dft,total_blocks,-0.5,1920.0
estimators,dft,total_blocks,0.0,3008.0
estimators,dft,total_blocks,0.5,4608.0
estimators,dft,total_blocks,1.0,7552.0
estimators,dft,total_blocks,1.5,8192.0
estimators,dft,total_blocks,2.0,8192.0
estimators,dft,total_blocks,2.5,8192.0
estimators,dft,total_blocks,3.0,256.0
estimators,dft,total_blocks,3.5,256.0
estimators,dft,total_blocks,4.0,8192.0
estimators,dft,total_blocks,4.5,256.0
estimators,dft,total_blocks,5.0,512.0
estimators,dft,total_blocks,5.5,256.0
estimators,dft,total_blocks,6.0,256.0
estimators,dft,total_blocks,6.5,256.0
estimators,dft,total_blocks,7.0,256.0
estimators,dft,total_blocks,7.5,256.0
estimators,dft,total_blocks,8.0,256.0
estimators,dft,total_blocks,8.5,256.0
estimators,dft,total_blocks,9.0,256.0
estimators,dft,total_blocks,9.5,256.0
estimators,dft,total_blocks,10.0,256.0
estimators,dft,num_batches,-5.0,4.0
estimators,dft,num_batches,-4.5,4.0
estimators,dft,num_batches,-4.0,4.0
estimators,dft,num_batches,-3.5,4.0
estimators,dft,num_batches,-3.0,4.0
estimators,dft,num_batches,-2.5,6.0
estimators,dft,num_batches,-2.0,8.0
estimators,dft,num_batches,-1.5,13.0
estimators,dft,num_batches,-1.0,16.0
estimators,dft,num_batches,-0.5,30.0
estimators,dft,num_batches,0.0,47.0
estimators,dft,num_batches,0.5,72.0
estimators,dft,num_batches,1.0,118.0
estimators,dft,num_batches,1.5,128.0
estimators,dft,num_batches,2.0,128.0
estimators,dft,num_batches,2.5,128.0
estimators,dft,num_batches,3.0,4.0
estimators,dft,num_batches,3.5,4.0
estimators,dft,num_batches,4.0,128.0
estimators,dft,num_batches,4.5,4.0
estimators,dft,num_batches,5.0,8.0
estimators,dft,num_batches,5.5,4.0
estimators,dft,num_batches,6.0,4.0
estimators,dft,num_batches,6.5,4.0
estimators,dft,num_batches,7.0,4.0
estimators,dft,num_batches,7.5,4.0
estimators,dft,num_batches,8.0,4.0
estimators,dft,num_batches,8.5,4.0
estimators,dft,num_batches,9.0,4.0
estimators,dft,num_batches,9.5,4.0
estimators,dft,num_batches,10.0,4.0
estimators,dft,runtime_total_sec,,931.2079062999983
estimators,lmmse,ber,-5.0,0.1549402872721354
estimators,lmmse,ber,-4.5,0.110772705078125
estimators,lmmse,ber,-4.0,0.08770921495225695
estimators,lmmse,ber,-3.5,0.058933258056640625
estimators,lmmse,ber,-3.0,0.050567626953125
estimators,lmmse,ber,-2.5,0.02560198748553241
estimators,lmmse,ber,-2.0,0.02015038692589962
estimators,lmmse,ber,-1.5,0.01519611317624328
estimators,lmmse,ber,-1.0,0.008795705782312925
estimators,lmmse,ber,-0.5,0.005978054470486111
estimators,lmmse,ber,0.0,0.0037034296356471237
estimators,lmmse,ber,0.5,0.0024886131286621094
estimators,lmmse,ber,1.0,0.002183993657430013
estimators,lmmse,ber,1.5,0.001738150914510091
estimators,lmmse,ber,2.0,0.0012557506561279297
estimators,lmmse,ber,2.5,0.0008202393849690756
estimators,lmmse,ber,3.0,0.0008911291758219401
estimators,lmmse,ber,3.5,0.0
estimators,lmmse,ber,4.0,0.00034157435099283856
estimators,lmmse,ber,4.5,0.0
estimators,lmmse,ber,5.0,0.0
estimators,lmmse,ber,5.5,0.0
estimators,lmmse,ber,6.0,0.0
estimators,lmmse,ber,6.5,0.0
estimators,lmmse,ber,7.0,0.0
estimators,lmmse,ber,7.5,0.0
estimators,lmmse,ber,8.0,0.0
estimators,lmmse,ber,8.5,0.0
estimators,lmmse,ber,9.0,0.0
estimators,lmmse,ber,9.5,0.0
estimators,lmmse,ber,10.0,0.0
estimators,lmmse,ber_upper_confidence,-5.0,0.1558918170436562
estimators,lmmse,ber_upper_confidence,-4.5,0.11151119039869078
estimators,lmmse,ber_upper_confidence,-4.0,0.08831694399997432
estimators,lmmse,ber_upper_confidence,-3.5,0.0593715818300453
estimators,lmmse,ber_upper_confidence,-3.0,0.050932370137808235
estimators,lmmse,ber_upper_confidence,-2.5,0.025798017730357933
estimators,lmmse,ber_upper_confidence,-2.0,0.020308151783241902
estimators,lmmse,ber_upper_confidence,-1.5,0.015311810537194591
estimators,lmmse,ber_upper_confidence,-1.0,0.008865960048667255
estimators,lmmse,ber_upper_confidence,-0.5,0.006024019281854597
estimators,lmmse,ber_upper_confidence,0.0,0.00373352848770435
estimators,lmmse,ber_upper_confidence,0.5,0.002511823662489598
estimators,lmmse,ber_upper_confidence,1.0,0.0022057474543279317
estimators,lmmse,ber_upper_confidence,1.5,0.001757573697659708
estimators,lmmse,ber_upper_confidence,2.0,0.001272279845407083
estimators,lmmse,ber_upper_confidence,2.5,0.0008336219745775826
estimators,lmmse,ber_upper_confidence,3.0,0.0009050729987280292
estimators,lmmse,ber_upper_confidence,3.5,7.618541141647314e-06
estimators,lmmse,ber_upper_confidence,4.0,0.0003502509650086089
estimators,lmmse,ber_upper_confidence,4.5,7.618541141647314e-06
estimators,lmmse,ber_upper_confidence,5.0,7.618541141647314e-06
estimators,lmmse,ber_upper_confidence,5.5,7.618541141647314e-06
estimators,lmmse,ber_upper_confidence,6.0,7.618541141647314e-06
estimators,lmmse,ber_upper_confidence,6.5,7.618541141647314e-06
estimators,lmmse,ber_upper_confidence,7.0,7.618541141647314e-06
estimators,lmmse,ber_upper_confidence,7.5,7.618541141647314e-06
estimators,lmmse,ber_upper_confidence,8.0,7.618541141647314e-06
estimators,lmmse,ber_upper_confidence,8.5,7.618541141647314e-06
estimators,lmmse,ber_upper_confidence,9.0,7.618541141647314e-06
estimators,lmmse,ber_upper_confidence,9.5,7.618541141647314e-06
estimators,lmmse,ber_upper_confidence,10.0,7.618541141647314e-06
estimators,lmmse,latency_ms,-5.0,553.0376333309997
estimators,lmmse,latency_ms,-4.5,549.3258233345425
estimators,lmmse,latency_ms,-4.0,548.5332166619211
estimators,lmmse,latency_ms,-3.5,550.224145839051
estimators,lmmse,latency_ms,-3.0,551.1794433248307
estimators,lmmse,latency_ms,-2.5,549.27977778247
estimators,lmmse,latency_ms,-2.0,549.1419696978562
estimators,lmmse,latency_ms,-1.5,548.6103865597706
estimators,lmmse,latency_ms,-1.0,549.9511343528517
estimators,lmmse,latency_ms,-0.5,549.9439217948564
estimators,lmmse,latency_ms,0.0,550.290771830669
estimators,lmmse,latency_ms,0.5,553.2017934891927
estimators,lmmse,latency_ms,1.0,552.5056247398924
estimators,lmmse,latency_ms,1.5,554.3113661464348
estimators,lmmse,latency_ms,2.0,554.9395317688367
estimators,lmmse,latency_ms,2.5,557.7934348949883
estimators,lmmse,latency_ms,3.0,559.5544966153328
estimators,lmmse,latency_ms,3.5,560.2062333392988
estimators,lmmse,latency_ms,4.0,557.4815513047314
estimators,lmmse,latency_ms,4.5,557.9190333275202
estimators,lmmse,latency_ms,5.0,556.9693333356137
estimators,lmmse,latency_ms,5.5,557.5756333320479
estimators,lmmse,latency_ms,6.0,555.394558335278
estimators,lmmse,latency_ms,6.5,556.7733333347443
estimators,lmmse,latency_ms,7.0,559.2854333346205
estimators,lmmse,latency_ms,7.5,559.2313833305108
estimators,lmmse,latency_ms,8.0,563.8723833300484
estimators,lmmse,latency_ms,8.5,560.4843583325002
estimators,lmmse,latency_ms,9.0,565.5171583322536
estimators,lmmse,latency_ms,9.5,560.0682833293414
estimators,lmmse,latency_ms,10.0,560.5756833366778
estimators,lmmse,throughput_bits_per_batch,-5.0,83072.75
estimators,lmmse,throughput_bits_per_batch,-4.5,87414.6
estimators,lmmse,throughput_bits_per_batch,-4.0,89681.83333333333
estimators,lmmse,throughput_bits_per_batch,-3.5,92510.625
estimators,lmmse,throughput_bits_per_batch,-3.0,93333.0
estimators,lmmse,throughput_bits_per_batch,-2.5,95787.22222222222
estimators,lmmse,throughput_bits_per_batch,-2.0,96323.13636363637
estimators,lmmse,throughput_bits_per_batch,-1.5,96810.16129032258
estimators,lmmse,throughput_bits_per_batch,-1.0,97439.3469387755
estimators,lmmse,throughput_bits_per_batch,-0.5,97716.33333333333
estimators,lmmse,throughput_bits_per_batch,0.0,97939.93805309734
estimators,lmmse,throughput_bits_per_batch,0.5,98059.359375
estimators,lmmse,throughput_bits_per_batch,1.0,98089.3046875
estimators,lmmse,throughput_bits_per_batch,1.5,98133.1328125
estimators,lmmse,throughput_bits_per_batch,2.0,98180.5546875
estimators,lmmse,throughput_bits_per_batch,2.5,98223.3671875
estimators,lmmse,throughput_bits_per_batch,3.0,98216.3984375
estimators,lmmse,throughput_bits_per_batch,3.5,98304.0
estimators,lmmse,throughput_bits_per_batch,4.0,98270.421875
estimators,lmmse,throughput_bits_per_batch,4.5,98304.0
estimators,lmmse,throughput_bits_per_batch,5.0,98304.0
estimators,lmmse,throughput_bits_per_batch,5.5,98304.0
estimators,lmmse,throughput_bits_per_batch,6.0,98304.0
estimators,lmmse,throughput_bits_per_batch,6.5,98304.0
estimators,lmmse,throughput_bits_per_batch,7.0,98304.0
estimators,lmmse,throughput_bits_per_batch,7.5,98304.0
estimators,lmmse,throughput_bits_per_batch,8.0,98304.0
estimators,lmmse,throughput_bits_per_batch,8.5,98304.0
estimators,lmmse,throughput_bits_per_batch,9.0,98304.0
estimators,lmmse,throughput_bits_per_batch,9.5,98304.0
estimators,lmmse,throughput_bits_per_batch,10.0,98304.0
estimators,lmmse,energy_joules_per_batch,-5.0,0.00018645100000000002
estimators,lmmse,energy_joules_per_batch,-4.5,0.00018645100000000005
estimators,lmmse,energy_joules_per_batch,-4.0,0.00018645100000000005
estimators,lmmse,energy_joules_per_batch,-3.5,0.00018645100000000002
estimators,lmmse,energy_joules_per_batch,-3.0,0.00018645100000000002
estimators,lmmse,energy_joules_per_batch,-2.5,0.0001864510000000001
estimators,lmmse,energy_joules_per_batch,-2.0,0.00018645100000000008
estimators,lmmse,energy_joules_per_batch,-1.5,0.00018645099999999997
estimators,lmmse,energy_joules_per_batch,-1.0,0.00018645100000000002
estimators,lmmse,energy_joules_per_batch,-0.5,0.00018645100000000027
estimators,lmmse,energy_joules_per_batch,0.0,0.00018645100000000037
estimators,lmmse,energy_joules_per_batch,0.5,0.00018645100000000043
estimators,lmmse,energy_joules_per_batch,1.0,0.00018645100000000043
estimators,lmmse,energy_joules_per_batch,1.5,0.00018645100000000043
estimators,lmmse,energy_joules_per_batch,2.0,0.00018645100000000043
estimators,lmmse,energy_joules_per_batch,2.5,0.00018645100000000043
estimators,lmmse,energy_joules_per_batch,3.0,0.00018645100000000043
estimators,lmmse,energy_joules_per_batch,3.5,0.00018645100000000002
estimators,lmmse,energy_joules_per_batch,4.0,0.00018645100000000043
estimators,lmmse,energy_joules_per_batch,4.5,0.00018645100000000002
estimators,lmmse,energy_joules_per_batch,5.0,0.00018645100000000005
estimators,lmmse,energy_joules_per_batch,5.5,0.00018645100000000002
estimators,lmmse,energy_joules_per_batch,6.0,0.00018645100000000002
estimators,lmmse,energy_joules_per_batch,6.5,0.00018645100000000002
estimators,lmmse,energy_joules_per_batch,7.0,0.00018645100000000002
estimators,lmmse,energy_joules_per_batch,7.5,0.00018645100000000005
estimators,lmmse,energy_joules_per_batch,8.0,0.00018645100000000005
estimators,lmmse,energy_joules_per_batch,8.5,0.00018645100000000002
estimators,lmmse,energy_joules_per_batch,9.0,0.00018645100000000002
estimators,lmmse,energy_joules_per_batch,9.5,0.00018645100000000002
estimators,lmmse,energy_joules_per_batch,10.0,0.00018645100000000002
estimators,lmmse,avg_power_w,-5.0,0.000337139805255182
estimators,lmmse,avg_power_w,-4.5,0.00033941786837581516
estimators,lmmse,avg_power_w,-4.0,0.0003399083124530558
estimators,lmmse,avg_power_w,-3.5,0.0003388637183773098
estimators,lmmse,avg_power_w,-3.0,0.00033827640391537146
estimators,lmmse,avg_power_w,-2.5,0.00033944632142244983
estimators,lmmse,avg_power_w,-2.0,0.0003395315060376598
estimators,lmmse,avg_power_w,-1.5,0.00033986049948707316
estimators,lmmse,avg_power_w,-1.0,0.0003390319400275517
estimators,lmmse,avg_power_w,-0.5,0.00033903638645823864
estimators,lmmse,avg_power_w,0.0,0.00033882269073807683
estimators,lmmse,avg_power_w,0.5,0.00033703976052572743
estimators,lmmse,avg_power_w,1.0,0.0003374644377381271
estimators,lmmse,avg_power_w,1.5,0.0003363651034186892
estimators,lmmse,avg_power_w,2.0,0.000335984353837073
estimators,lmmse,avg_power_w,2.5,0.0003342653181909575
estimators,lmmse,avg_power_w,3.0,0.000333213299379804
estimators,lmmse,avg_power_w,3.5,0.0003328256433145981
estimators,lmmse,avg_power_w,4.0,0.000334452323244832
estimators,lmmse,avg_power_w,4.5,0.00033419006856241453
estimators,lmmse,avg_power_w,5.0,0.000334759902997478
estimators,lmmse,avg_power_w,5.5,0.00033439588973028985
estimators,lmmse,avg_power_w,6.0,0.00033570908681363805
estimators,lmmse,avg_power_w,6.5,0.00033487774797558704
estimators,lmmse,avg_power_w,7.0,0.00033337360297107247
estimators,lmmse,avg_power_w,7.5,0.00033340582370321983
estimators,lmmse,avg_power_w,8.0,0.0003306616984837608
estimators,lmmse,avg_power_w,8.5,0.0003326604877158594
estimators,lmmse,avg_power_w,9.0,0.0003296999874413289
estimators,lmmse,avg_power_w,9.5,0.0003329076213558048
estimators,lmmse,avg_power_w,10.0,0.00033260629303468885
estimators,lmmse,runtime_sec,-5.0,3.575369900005171
estimators,lmmse,runtime_sec,-4.5,4.455304900009651
estimators,lmmse,runtime_sec,-4.0,5.3131542000046466
estimators,lmmse,runtime_sec,-3.5,7.1176787999866065
estimators,lmmse,runtime_sec,-3.0,8.894617599988123
estimators,lmmse,runtime_sec,-2.5,15.969923099997686
estimators,lmmse,runtime_sec,-2.0,19.503782399988268
estimators,lmmse,runtime_sec,-1.5,27.459254699992016
estimators,lmmse,runtime_sec,-1.0,43.41352010000264
estimators,lmmse,runtime_sec,-0.5,69.1904663000023
estimators,lmmse,runtime_sec,0.0,100.45506619999651
estimators,lmmse,runtime_sec,0.5,114.28809080002247
estimators,lmmse,runtime_sec,1.0,113.91945469999337
estimators,lmmse,runtime_sec,1.5,114.4430012999801
estimators,lmmse,runtime_sec,2.0,114.45857990000513
estimators,lmmse,runtime_sec,2.5,114.92132490000222
estimators,lmmse,runtime_sec,3.0,115.32219279999845
estimators,lmmse,runtime_sec,3.5,3.601369699987117
estimators,lmmse,runtime_sec,4.0,114.8860251000151
estimators,lmmse,runtime_sec,4.5,3.5785722000000533
estimators,lmmse,runtime_sec,5.0,3.5963435000157915
estimators,lmmse,runtime_sec,5.5,3.5817149999784306
estimators,lmmse,runtime_sec,6.0,3.578020799992373
estimators,lmmse,runtime_sec,6.5,3.6034217000124045
estimators,lmmse,runtime_sec,7.0,3.5895222000253852
estimators,lmmse,runtime_sec,7.5,3.5871829999960028
estimators,lmmse,runtime_sec,8.0,3.617091200023424
estimators,lmmse,runtime_sec,8.5,3.596203599998262
estimators,lmmse,runtime_sec,9.0,3.621906600019429
estimators,lmmse,runtime_sec,9.5,3.6030095999885816
estimators,lmmse,runtime_sec,10.0,3.597900499997195
estimators,lmmse,bit_errors,-5.0,60925.0
estimators,lmmse,bit_errors,-4.5,54447.0
estimators,lmmse,bit_errors,-4.0,51733.0
estimators,lmmse,bit_errors,-3.5,46347.0
estimators,lmmse,bit_errors,-3.0,49710.0
estimators,lmmse,bit_errors,-2.5,45302.0
estimators,lmmse,bit_errors,-2.0,43579.0
estimators,lmmse,bit_errors,-1.5,46309.0
estimators,lmmse,bit_errors,-1.0,42368.0
estimators,lmmse,bit_errors,-0.5,45838.0
estimators,lmmse,bit_errors,0.0,41139.0
estimators,lmmse,bit_errors,0.5,31314.0
estimators,lmmse,bit_errors,1.0,27481.0
estimators,lmmse,bit_errors,1.5,21871.0
estimators,lmmse,bit_errors,2.0,15801.0
estimators,lmmse,bit_errors,2.5,10321.0
estimators,lmmse,bit_errors,3.0,11213.0
estimators,lmmse,bit_errors,3.5,0.0
estimators,lmmse,bit_errors,4.0,4298.0
estimators,lmmse,bit_errors,4.5,0.0
estimators,lmmse,bit_errors,5.0,0.0
estimators,lmmse,bit_errors,5.5,0.0
estimators,lmmse,bit_errors,6.0,0.0
estimators,lmmse,bit_errors,6.5,0.0
estimators,lmmse,bit_errors,7.0,0.0
estimators,lmmse,bit_errors,7.5,0.0
estimators,lmmse,bit_errors,8.0,0.0
estimators,lmmse,bit_errors,8.5,0.0
estimators,lmmse,bit_errors,9.0,0.0
estimators,lmmse,bit_errors,9.5,0.0
estimators,lmmse,bit_errors,10.0,0.0
estimators,lmmse,total_bits,-5.0,393216.0
estimators,lmmse,total_bits,-4.5,491520.0
estimators,lmmse,total_bits,-4.0,589824.0
estimators,lmmse,total_bits,-3.5,786432.0
estimators,lmmse,total_bits,-3.0,983040.0
estimators,lmmse,total_bits,-2.5,1769472.0
estimators,lmmse,total_bits,-2.0,2162688.0
estimators,lmmse,total_bits,-1.5,3047424.0
estimators,lmmse,total_bits,-1.0,4816896.0
estimators,lmmse,total_bits,-0.5,7667712.0
estimators,lmmse,total_bits,0.0,11108352.0
estimators,lmmse,total_bits,0.5,12582912.0
estimators,lmmse,total_bits,1.0,12582912.0
estimators,lmmse,total_bits,1.5,12582912.0
estimators,lmmse,total_bits,2.0,12582912.0
estimators,lmmse,total_bits,2.5,12582912.0
estimators,lmmse,total_bits,3.0,12582912.0
estimators,lmmse,total_bits,3.5,393216.0
estimators,lmmse,total_bits,4.0,12582912.0
estimators,lmmse,total_bits,4.5,393216.0
estimators,lmmse,total_bits,5.0,393216.0
estimators,lmmse,total_bits,5.5,393216.0
estimators,lmmse,total_bits,6.0,393216.0
estimators,lmmse,total_bits,6.5,393216.0
estimators,lmmse,total_bits,7.0,393216.0
estimators,lmmse,total_bits,7.5,393216.0
estimators,lmmse,total_bits,8.0,393216.0
estimators,lmmse,total_bits,8.5,393216.0
estimators,lmmse,total_bits,9.0,393216.0
estimators,lmmse,total_bits,9.5,393216.0
estimators,lmmse,total_bits,10.0,393216.0
estimators,lmmse,block_errors,-5.0,221.0
estimators,lmmse,block_errors,-4.5,231.0
estimators,lmmse,block_errors,-4.0,213.0
estimators,lmmse,block_errors,-3.5,203.0
estimators,lmmse,block_errors,-3.0,211.0
estimators,lmmse,block_errors,-2.5,219.0
estimators,lmmse,block_errors,-2.0,202.0
estimators,lmmse,block_errors,-1.5,203.0
estimators,lmmse,block_errors,-1.0,203.0
estimators,lmmse,block_errors,-0.5,200.0
estimators,lmmse,block_errors,0.0,201.0
estimators,lmmse,block_errors,0.5,143.0
estimators,lmmse,block_errors,1.0,113.0
estimators,lmmse,block_errors,1.5,88.0
estimators,lmmse,block_errors,2.0,61.0
estimators,lmmse,block_errors,2.5,39.0
estimators,lmmse,block_errors,3.0,41.0
estimators,lmmse,block_errors,3.5,0.0
estimators,lmmse,block_errors,4.0,16.0
estimators,lmmse,block_errors,4.5,0.0
estimators,lmmse,block_errors,5.0,0.0
estimators,lmmse,block_errors,5.5,0.0
estimators,lmmse,block_errors,6.0,0.0
estimators,lmmse,block_errors,6.5,0.0
estimators,lmmse,block_errors,7.0,0.0
estimators,lmmse,block_errors,7.5,0.0
estimators,lmmse,block_errors,8.0,0.0
estimators,lmmse,block_errors,8.5,0.0
estimators,lmmse,block_errors,9.0,0.0
estimators,lmmse,block_errors,9.5,0.0
estimators,lmmse,block_errors,10.0,0.0
estimators,lmmse,total_blocks,-5.0,256.0
estimators,lmmse,total_blocks,-4.5,320.0
estimators,lmmse,total_blocks,-4.0,384.0
estimators,lmmse,total_blocks,-3.5,512.0
estimators,lmmse,total_blocks,-3.0,640.0
estimators,lmmse,total_blocks,-2.5,1152.0
estimators,lmmse,total_blocks,-2.0,1408.0
estimators,lmmse,total_blocks,-1.5,1984.0
estimators,lmmse,total_blocks,-1.0,3136.0
estimators,lmmse,total_blocks,-0.5,4992.0
estimators,lmmse,total_blocks,0.0,7232.0
estimators,lmmse,total_blocks,0.5,8192.0
estimators,lmmse,total_blocks,1.0,8192.0
estimators,lmmse,total_blocks,1.5,8192.0
estimators,lmmse,total_blocks,2.0,8192.0
estimators,lmmse,total_blocks,2.5,8192.0
estimators,lmmse,total_blocks,3.0,8192.0
estimators,lmmse,total_blocks,3.5,256.0
estimators,lmmse,total_blocks,4.0,8192.0
estimators,lmmse,total_blocks,4.5,256.0
estimators,lmmse,total_blocks,5.0,256.0
estimators,lmmse,total_blocks,5.5,256.0
estimators,lmmse,total_blocks,6.0,256.0
estimators,lmmse,total_blocks,6.5,256.0
estimators,lmmse,total_blocks,7.0,256.0
estimators,lmmse,total_blocks,7.5,256.0
estimators,lmmse,total_blocks,8.0,256.0
estimators,lmmse,total_blocks,8.5,256.0
estimators,lmmse,total_blocks,9.0,256.0
estimators,lmmse,total_blocks,9.5,256.0
estimators,lmmse,total_blocks,10.0,256.0
estimators,lmmse,num_batches,-5.0,4.0
estimators,lmmse,num_batches,-4.5,5.0
estimators,lmmse,num_batches,-4.0,6.0
estimators,lmmse,num_batches,-3.5,8.0
estimators,lmmse,num_batches,-3.0,10.0
estimators,lmmse,num_batches,-2.5,18.0
estimators,lmmse,num_batches,-2.0,22.0
estimators,lmmse,num_batches,-1.5,31.0
estimators,lmmse,num_batches,-1.0,49.0
estimators,lmmse,num_batches,-0.5,78.0
estimators,lmmse,num_batches,0.0,113.0
estimators,lmmse,num_batches,0.5,128.0
estimators,lmmse,num_batches,1.0,128.0
estimators,lmmse,num_batches,1.5,128.0
estimators,lmmse,num_batches,2.0,128.0
estimators,lmmse,num_batches,2.5,128.0
estimators,lmmse,num_batches,3.0,128.0
estimators,lmmse,num_batches,3.5,4.0
estimators,lmmse,num_batches,4.0,128.0
estimators,lmmse,num_batches,4.5,4.0
estimators,lmmse,num_batches,5.0,4.0
estimators,lmmse,num_batches,5.5,4.0
estimators,lmmse,num_batches,6.0,4.0
estimators,lmmse,num_batches,6.5,4.0
estimators,lmmse,num_batches,7.0,4.0
estimators,lmmse,num_batches,7.5,4.0
estimators,lmmse,num_batches,8.0,4.0
estimators,lmmse,num_batches,8.5,4.0
estimators,lmmse,num_batches,9.0,4.0
estimators,lmmse,num_batches,9.5,4.0
estimators,lmmse,num_batches,10.0,4.0
estimators,lmmse,runtime_total_sec,,1154.339067300025
estimators,adaptive,ber,-5.0,0.16552734375
estimators,adaptive,ber,-4.5,0.11222330729166667
estimators,adaptive,ber,-4.0,0.08354865180121528
estimators,adaptive,ber,-3.5,0.06634902954101562
estimators,adaptive,ber,-3.0,0.043534712357954544
estimators,adaptive,ber,-2.5,0.03114691840277778
estimators,adaptive,ber,-2.0,0.018203514209692028
estimators,adaptive,ber,-1.5,0.012568438494646991
estimators,adaptive,ber,-1.0,0.009390610914963942
estimators,adaptive,ber,-0.5,0.006194781809345657
estimators,adaptive,ber,0.0,0.004775594075520834
estimators,adaptive,ber,0.5,0.002777258555094401
estimators,adaptive,ber,1.0,0.001938184102376302
estimators,adaptive,ber,1.5,0.0015899340311686199
estimators,adaptive,ber,2.0,0.0014544328053792317
estimators,adaptive,ber,2.5,0.0
estimators,adaptive,ber,3.0,0.0003819465637207031
estimators,adaptive,ber,3.5,0.0003445943196614583
estimators,adaptive,ber,4.0,0.0
estimators,adaptive,ber,4.5,0.0
estimators,adaptive,ber,5.0,0.0
estimators,adaptive,ber,5.5,0.0
estimators,adaptive,ber,6.0,0.0
estimators,adaptive,ber,6.5,0.0
estimators,adaptive,ber,7.0,0.0
estimators,adaptive,ber,7.5,0.0
estimators,adaptive,ber,8.0,0.0
estimators,adaptive,ber,8.5,0.0
estimators,adaptive,ber,9.0,0.0
estimators,adaptive,ber,9.5,0.0
estimators,adaptive,ber,10.0,0.0
estimators,adaptive,ber_upper_confidence,-5.0,0.1665045276716273
estimators,adaptive,ber_upper_confidence,-4.5,0.11296598543710874
estimators,adaptive,ber_upper_confidence,-4.0,0.08414320311539658
estimators,adaptive,ber_upper_confidence,-3.5,0.06681216600801665
estimators,adaptive,ber_upper_confidence,-3.0,0.043858629478010516
estimators,adaptive,ber_upper_confidence,-2.5,0.03138308576477647
estimators,adaptive,ber_upper_confidence,-2.0,0.018350331757533558
estimators,adaptive,ber_upper_confidence,-1.5,0.01266621756002982
estimators,adaptive,ber_upper_confidence,-1.0,0.009461038887324445
estimators,adaptive,ber_upper_confidence,-0.5,0.006243824892538353
estimators,adaptive,ber_upper_confidence,0.0,0.004811897906093805
estimators,adaptive,ber_upper_confidence,0.5,0.0028017685689293195
estimators,adaptive,ber_upper_confidence,1.0,0.0019586859661087012
estimators,adaptive,ber_upper_confidence,1.5,0.001608516347570469
estimators,adaptive,ber_upper_confidence,2.0,0.001472211581859114
estimators,adaptive,ber_upper_confidence,2.5,7.618541141647314e-06
estimators,adaptive,ber_upper_confidence,3.0,0.00039111518576333607
estimators,adaptive,ber_upper_confidence,3.5,0.000353308712163073
estimators,adaptive,ber_upper_confidence,4.0,7.618541141647314e-06
estimators,adaptive,ber_upper_confidence,4.5,7.618541141647314e-06
estimators,adaptive,ber_upper_confidence,5.0,7.618541141647314e-06
estimators,adaptive,ber_upper_confidence,5.5,7.618541141647314e-06
estimators,adaptive,ber_upper_confidence,6.0,7.618541141647314e-06
estimators,adaptive,ber_upper_confidence,6.5,7.618541141647314e-06
estimators,adaptive,ber_upper_confidence,7.0,7.618541141647314e-06
estimators,adaptive,ber_upper_confidence,7.5,7.618541141647314e-06
estimators,adaptive,ber_upper_confidence,8.0,7.618541141647314e-06
estimators,adaptive,ber_upper_confidence,8.5,7.618541141647314e-06
estimators,adaptive,ber_upper_confidence,9.0,7.618541141647314e-06
estimators,adaptive,ber_upper_confidence,9.5,7.618541141647314e-06
estimators,adaptive,ber_upper_confidence,10.0,7.618541141647314e-06
estimators,adaptive,latency_ms,-5.0,566.7038583461855
estimators,adaptive,latency_ms,-4.5,562.0041833422458
estimators,adaptive,latency_ms,-4.0,558.7713333369
estimators,adaptive,latency_ms,-3.5,559.4662833329077
estimators,adaptive,latency_ms,-3.0,563.561528790879
estimators,adaptive,latency_ms,-2.5,559.5310499996723
estimators,adaptive,latency_ms,-2.0,560.408826808213
estimators,adaptive,latency_ms,-1.5,559.8589361121396
estimators,adaptive,latency_ms,-1.0,562.5789583340376
estimators,adaptive,latency_ms,-0.5,561.9461776983156
estimators,adaptive,latency_ms,0.0,564.5708703337319
estimators,adaptive,latency_ms,0.5,569.9661114594209
estimators,adaptive,latency_ms,1.0,571.7878598954075
estimators,adaptive,latency_ms,1.5,572.9788130196583
estimators,adaptive,latency_ms,2.0,575.8075888030861
estimators,adaptive,latency_ms,2.5,582.3135083311664
estimators,adaptive,latency_ms,3.0,578.7831348970075
estimators,adaptive,latency_ms,3.5,583.3002747405361
estimators,adaptive,latency_ms,4.0,586.1930083312055
estimators,adaptive,latency_ms,4.5,582.8807333356546
estimators,adaptive,latency_ms,5.0,584.6101833350568
estimators,adaptive,latency_ms,5.5,587.7955083389262
estimators,adaptive,latency_ms,6.0,596.395458325018
estimators,adaptive,latency_ms,6.5,605.5738083352063
estimators,adaptive,latency_ms,7.0,587.5927333301244
estimators,adaptive,latency_ms,7.5,615.0505333399943
estimators,adaptive,latency_ms,8.0,668.521583332362
estimators,adaptive,latency_ms,8.5,598.9742833309302
estimators,adaptive,latency_ms,9.0,593.937233335195
estimators,adaptive,latency_ms,9.5,587.3593333282353
estimators,adaptive,latency_ms,10.0,588.8776833354806
estimators,adaptive,throughput_bits_per_batch,-5.0,82032.0
estimators,adaptive,throughput_bits_per_batch,-4.5,87272.0
estimators,adaptive,throughput_bits_per_batch,-4.0,90090.83333333333
estimators,adaptive,throughput_bits_per_batch,-3.5,91781.625
estimators,adaptive,throughput_bits_per_batch,-3.0,94024.36363636363
estimators,adaptive,throughput_bits_per_batch,-2.5,95242.13333333333
estimators,adaptive,throughput_bits_per_batch,-2.0,96514.52173913043
estimators,adaptive,throughput_bits_per_batch,-1.5,97068.47222222222
estimators,adaptive,throughput_bits_per_batch,-1.0,97380.86538461539
estimators,adaptive,throughput_bits_per_batch,-0.5,97695.02816901408
estimators,adaptive,throughput_bits_per_batch,0.0,97834.54
estimators,adaptive,throughput_bits_per_batch,0.5,98030.984375
estimators,adaptive,throughput_bits_per_batch,1.0,98113.46875
estimators,adaptive,throughput_bits_per_batch,1.5,98147.703125
estimators,adaptive,throughput_bits_per_batch,2.0,98161.0234375
estimators,adaptive,throughput_bits_per_batch,2.5,98304.0
estimators,adaptive,throughput_bits_per_batch,3.0,98266.453125
estimators,adaptive,throughput_bits_per_batch,3.5,98270.125
estimators,adaptive,throughput_bits_per_batch,4.0,98304.0
estimators,adaptive,throughput_bits_per_batch,4.5,98304.0
estimators,adaptive,throughput_bits_per_batch,5.0,98304.0
estimators,adaptive,throughput_bits_per_batch,5.5,98304.0
estimators,adaptive,throughput_bits_per_batch,6.0,98304.0
estimators,adaptive,throughput_bits_per_batch,6.5,98304.0
estimators,adaptive,throughput_bits_per_batch,7.0,98304.0
estimators,adaptive,throughput_bits_per_batch,7.5,98304.0
estimators,adaptive,throughput_bits_per_batch,8.0,98304.0
estimators,adaptive,throughput_bits_per_batch,8.5,98304.0
estimators,adaptive,throughput_bits_per_batch,9.0,98304.0
estimators,adaptive,throughput_bits_per_batch,9.5,98304.0
estimators,adaptive,throughput_bits_per_batch,10.0,98304.0
estimators,adaptive,energy_joules_per_batch,-5.0,0.00018645100000000002
estimators,adaptive,energy_joules_per_batch,-4.5,0.00018645100000000002
estimators,adaptive,energy_joules_per_batch,-4.0,0.00018645100000000002
estimators,adaptive,energy_joules_per_batch,-3.5,0.00018645100000000002
estimators,adaptive,energy_joules_per_batch,-3.0,0.00018645100000000005
estimators,adaptive,energy_joules_per_batch,-2.5,0.00018645100000000008
estimators,adaptive,energy_joules_per_batch,-2.0,0.00018645100000000008
estimators,adaptive,energy_joules_per_batch,-1.5,0.00018645099999999994
estimators,adaptive,energy_joules_per_batch,-1.0,0.00018645100000000008
estimators,adaptive,energy_joules_per_batch,-0.5,0.00018645100000000027
estimators,adaptive,energy_joules_per_batch,0.0,0.00018645100000000035
estimators,adaptive,energy_joules_per_batch,0.5,0.00018645100000000043
estimators,adaptive,energy_joules_per_batch,1.0,0.00018645100000000043
estimators,adaptive,energy_joules_per_batch,1.5,0.00018645100000000043
estimators,adaptive,energy_joules_per_batch,2.0,0.00018645100000000043
estimators,adaptive,energy_joules_per_batch,2.5,0.00018645100000000002
estimators,adaptive,energy_joules_per_batch,3.0,0.00018645100000000043
estimators,adaptive,energy_joules_per_batch,3.5,0.00018645100000000043
estimators,adaptive,energy_joules_per_batch,4.0,0.00018645100000000002
estimators,adaptive,energy_joules_per_batch,4.5,0.00018645100000000002
estimators,adaptive,energy_joules_per_batch,5.0,0.00018645100000000002
estimators,adaptive,energy_joules_per_batch,5.5,0.00018645100000000002
estimators,adaptive,energy_joules_per_batch,6.0,0.00018645100000000002
estimators,adaptive,energy_joules_per_batch,6.5,0.00018645100000000002
estimators,adaptive,energy_joules_per_batch,7.0,0.00018645100000000002
estimators,adaptive,energy_joules_per_batch,7.5,0.00018645100000000002
estimators,adaptive,energy_joules_per_batch,8.0,0.00018645100000000002
estimators,adaptive,energy_joules_per_batch,8.5,0.00018645100000000002
estimators,adaptive,energy_joules_per_batch,9.0,0.00018645100000000005
estimators,adaptive,energy_joules_per_batch,9.5,0.00018645100000000002
estimators,adaptive,energy_joules_per_batch,10.0,0.00018645100000000002
estimators,adaptive,avg_power_w,-5.0,0.0003290095827900675
estimators,adaptive,avg_power_w,-4.5,0.0003317608756774258
estimators,adaptive,avg_power_w,-4.0,0.0003336803248057521
estimators,adaptive,avg_power_w,-3.5,0.00033326583845098894
estimators,adaptive,avg_power_w,-3.0,0.0003308440879561644
estimators,adaptive,avg_power_w,-2.5,0.00033322726236570654
estimators,adaptive,avg_power_w,-2.0,0.0003327053234723739
estimators,adaptive,avg_power_w,-1.5,0.0003330321050062758
estimators,adaptive,avg_power_w,-1.0,0.0003314219226260018
estimators,adaptive,avg_power_w,-0.5,0.0003317951209556899
estimators,adaptive,avg_power_w,0.0,0.0003302526038755498
estimators,adaptive,avg_power_w,0.5,0.00032712646638338765
estimators,adaptive,avg_power_w,1.0,0.0003260842229740701
estimators,adaptive,avg_power_w,1.5,0.00032540644743456415
estimators,adaptive,avg_power_w,2.0,0.0003238078198788079
estimators,adaptive,avg_power_w,2.5,0.00032019006485757806
estimators,adaptive,avg_power_w,3.0,0.000322143111570068
estimators,adaptive,avg_power_w,3.5,0.00031964840078797774
estimators,adaptive,avg_power_w,4.0,0.00031807100622164555
estimators,adaptive,avg_power_w,4.5,0.000319878474851958
estimators,adaptive,avg_power_w,5.0,0.00031893217962154384
estimators,adaptive,avg_power_w,5.5,0.0003172038529639313
estimators,adaptive,avg_power_w,6.0,0.00031262981197685395
estimators,adaptive,avg_power_w,6.5,0.0003078914534176697
estimators,adaptive,avg_power_w,7.0,0.0003173133182626463
estimators,adaptive,avg_power_w,7.5,0.00030314744869415727
estimators,adaptive,avg_power_w,8.0,0.00027890049423775164
estimators,adaptive,avg_power_w,8.5,0.00031128381499642243
estimators,adaptive,avg_power_w,9.0,0.0003139237440175339
estimators,adaptive,avg_power_w,9.5,0.00031743940960891345
estimators,adaptive,avg_power_w,10.0,0.00031662093041787056
estimators,adaptive,runtime_sec,-5.0,3.63339870001073
estimators,adaptive,runtime_sec,-4.5,4.526952899992466
estimators,adaptive,runtime_sec,-4.0,5.431037100002868
estimators,adaptive,runtime_sec,-3.5,7.216233200015267
estimators,adaptive,runtime_sec,-3.0,10.02945049997652
estimators,adaptive,runtime_sec,-2.5,13.614900799992029
estimators,adaptive,runtime_sec,-2.0,20.752025599998888
estimators,adaptive,runtime_sec,-1.5,32.53931359999115
estimators,adaptive,runtime_sec,-1.0,47.09362770000007
estimators,adaptive,runtime_sec,-0.5,64.31117579998681
estimators,adaptive,runtime_sec,0.0,90.88376490000519
estimators,adaptive,runtime_sec,0.5,117.39774859999306
estimators,adaptive,runtime_sec,1.0,117.36547600000631
estimators,adaptive,runtime_sec,1.5,117.59202369998093
estimators,adaptive,runtime_sec,2.0,117.83935420002672
estimators,adaptive,runtime_sec,2.5,3.709995399985928
estimators,adaptive,runtime_sec,3.0,118.41095469999709
estimators,adaptive,runtime_sec,3.5,119.49999550002394
estimators,adaptive,runtime_sec,4.0,3.7231412999972235
estimators,adaptive,runtime_sec,4.5,3.7284959999960847
estimators,adaptive,runtime_sec,5.0,3.7287737999868114
estimators,adaptive,runtime_sec,5.5,3.7305377000011504
estimators,adaptive,runtime_sec,6.0,3.8065313000115566
estimators,adaptive,runtime_sec,6.5,3.9442756999924313
estimators,adaptive,runtime_sec,7.0,3.7661459000082687
estimators,adaptive,runtime_sec,7.5,3.89873990000342
estimators,adaptive,runtime_sec,8.0,4.352436099987244
estimators,adaptive,runtime_sec,8.5,3.8969231999944896
estimators,adaptive,runtime_sec,9.0,3.784181399998488
estimators,adaptive,runtime_sec,9.5,3.7568512999860104
estimators,adaptive,runtime_sec,10.0,3.7631655000150204
estimators,adaptive,bit_errors,-5.0,65088.0
estimators,adaptive,bit_errors,-4.5,55160.0
estimators,adaptive,bit_errors,-4.0,49279.0
estimators,adaptive,bit_errors,-3.5,52179.0
estimators,adaptive,bit_errors,-3.0,47076.0
estimators,adaptive,bit_errors,-2.5,45928.0
estimators,adaptive,bit_errors,-2.0,41158.0
estimators,adaptive,bit_errors,-1.5,44479.0
estimators,adaptive,bit_errors,-1.0,48003.0
estimators,adaptive,bit_errors,-0.5,43237.0
estimators,adaptive,bit_errors,0.0,46946.0
estimators,adaptive,bit_errors,0.5,34946.0
estimators,adaptive,bit_errors,1.0,24388.0
estimators,adaptive,bit_errors,1.5,20006.0
estimators,adaptive,bit_errors,2.0,18301.0
estimators,adaptive,bit_errors,2.5,0.0
estimators,adaptive,bit_errors,3.0,4806.0
estimators,adaptive,bit_errors,3.5,4336.0
estimators,adaptive,bit_errors,4.0,0.0
estimators,adaptive,bit_errors,4.5,0.0
estimators,adaptive,bit_errors,5.0,0.0
estimators,adaptive,bit_errors,5.5,0.0
estimators,adaptive,bit_errors,6.0,0.0
estimators,adaptive,bit_errors,6.5,0.0
estimators,adaptive,bit_errors,7.0,0.0
estimators,adaptive,bit_errors,7.5,0.0
estimators,adaptive,bit_errors,8.0,0.0
estimators,adaptive,bit_errors,8.5,0.0
estimators,adaptive,bit_errors,9.0,0.0
estimators,adaptive,bit_errors,9.5,0.0
estimators,adaptive,bit_errors,10.0,0.0
estimators,adaptive,total_bits,-5.0,393216.0
estimators,adaptive,total_bits,-4.5,491520.0
estimators,adaptive,total_bits,-4.0,589824.0
estimators,adaptive,total_bits,-3.5,786432.0
estimators,adaptive,total_bits,-3.0,1081344.0
estimators,adaptive,total_bits,-2.5,1474560.0
estimators,adaptive,total_bits,-2.0,2260992.0
estimators,adaptive,total_bits,-1.5,3538944.0
estimators,adaptive,total_bits,-1.0,5111808.0
estimators,adaptive,total_bits,-0.5,6979584.0
estimators,adaptive,total_bits,0.0,9830400.0
estimators,adaptive,total_bits,0.5,12582912.0
estimators,adaptive,total_bits,1.0,12582912.0
estimators,adaptive,total_bits,1.5,12582912.0
estimators,adaptive,total_bits,2.0,12582912.0
estimators,adaptive,total_bits,2.5,393216.0
estimators,adaptive,total_bits,3.0,12582912.0
estimators,adaptive,total_bits,3.5,12582912.0
estimators,adaptive,total_bits,4.0,393216.0
estimators,adaptive,total_bits,4.5,393216.0
estimators,adaptive,total_bits,5.0,393216.0
estimators,adaptive,total_bits,5.5,393216.0
estimators,adaptive,total_bits,6.0,393216.0
estimators,adaptive,total_bits,6.5,393216.0
estimators,adaptive,total_bits,7.0,393216.0
estimators,adaptive,total_bits,7.5,393216.0
estimators,adaptive,total_bits,8.0,393216.0
estimators,adaptive,total_bits,8.5,393216.0
estimators,adaptive,total_bits,9.0,393216.0
estimators,adaptive,total_bits,9.5,393216.0
estimators,adaptive,total_bits,10.0,393216.0
estimators,adaptive,block_errors,-5.0,228.0
estimators,adaptive,block_errors,-4.5,223.0
estimators,adaptive,block_errors,-4.0,213.0
estimators,adaptive,block_errors,-3.5,233.0
estimators,adaptive,block_errors,-3.0,210.0
estimators,adaptive,block_errors,-2.5,200.0
estimators,adaptive,block_errors,-2.0,204.0
estimators,adaptive,block_errors,-1.5,202.0
estimators,adaptive,block_errors,-1.0,201.0
estimators,adaptive,block_errors,-0.5,200.0
estimators,adaptive,block_errors,0.0,203.0
estimators,adaptive,block_errors,0.5,147.0
estimators,adaptive,block_errors,1.0,101.0
estimators,adaptive,block_errors,1.5,82.0
estimators,adaptive,block_errors,2.0,65.0
estimators,adaptive,block_errors,2.5,0.0
estimators,adaptive,block_errors,3.0,21.0
estimators,adaptive,block_errors,3.5,18.0
estimators,adaptive,block_errors,4.0,0.0
estimators,adaptive,block_errors,4.5,0.0
estimators,adaptive,block_errors,5.0,0.0
estimators,adaptive,block_errors,5.5,0.0
estimators,adaptive,block_errors,6.0,0.0
estimators,adaptive,block_errors,6.5,0.0
estimators,adaptive,block_errors,7.0,0.0
estimators,adaptive,block_errors,7.5,0.0
estimators,adaptive,block_errors,8.0,0.0
estimators,adaptive,block_errors,8.5,0.0
estimators,adaptive,block_errors,9.0,0.0
estimators,adaptive,block_errors,9.5,0.0
estimators,adaptive,block_errors,10.0,0.0
estimators,adaptive,total_blocks,-5.0,256.0
estimators,adaptive,total_blocks,-4.5,320.0
estimators,adaptive,total_blocks,-4.0,384.0
estimators,adaptive,total_blocks,-3.5,512.0
estimators,adaptive,total_blocks,-3.0,704.0
estimators,adaptive,total_blocks,-2.5,960.0
estimators,adaptive,total_blocks,-2.0,1472.0
estimators,adaptive,total_blocks,-1.5,2304.0
estimators,adaptive,total_blocks,-1.0,3328.0
estimators,adaptive,total_blocks,-0.5,4544.0
estimators,adaptive,total_blocks,0.0,6400.0
estimators,adaptive,total_blocks,0.5,8192.0
estimators,adaptive,total_blocks,1.0,8192.0
estimators,adaptive,total_blocks,1.5,8192.0
estimators,adaptive,total_blocks,2.0,8192.0
estimators,adaptive,total_blocks,2.5,256.0
estimators,adaptive,total_blocks,3.0,8192.0
estimators,adaptive,total_blocks,3.5,8192.0
estimators,adaptive,total_blocks,4.0,256.0
estimators,adaptive,total_blocks,4.5,256.0
estimators,adaptive,total_blocks,5.0,256.0
estimators,adaptive,total_blocks,5.5,256.0
estimators,adaptive,total_blocks,6.0,256.0
estimators,adaptive,total_blocks,6.5,256.0
estimators,adaptive,total_blocks,7.0,256.0
estimators,adaptive,total_blocks,7.5,256.0
estimators,adaptive,total_blocks,8.0,256.0
estimators,adaptive,total_blocks,8.5,256.0
estimators,adaptive,total_blocks,9.0,256.0
estimators,adaptive,total_blocks,9.5,256.0
estimators,adaptive,total_blocks,10.0,256.0
estimators,adaptive,num_batches,-5.0,4.0
estimators,adaptive,num_batches,-4.5,5.0
estimators,adaptive,num_batches,-4.0,6.0
estimators,adaptive,num_batches,-3.5,8.0
estimators,adaptive,num_batches,-3.0,11.0
estimators,adaptive,num_batches,-2.5,15.0
estimators,adaptive,num_batches,-2.0,23.0
estimators,adaptive,num_batches,-1.5,36.0
estimators,adaptive,num_batches,-1.0,52.0
estimators,adaptive,num_batches,-0.5,71.0
estimators,adaptive,num_batches,0.0,100.0
estimators,adaptive,num_batches,0.5,128.0
estimators,adaptive,num_batches,1.0,128.0
estimators,adaptive,num_batches,1.5,128.0
estimators,adaptive,num_batches,2.0,128.0
estimators,adaptive,num_batches,2.5,4.0
estimators,adaptive,num_batches,3.0,128.0
estimators,adaptive,num_batches,3.5,128.0
estimators,adaptive,num_batches,4.0,4.0
estimators,adaptive,num_batches,4.5,4.0
estimators,adaptive,num_batches,5.0,4.0
estimators,adaptive,num_batches,5.5,4.0
estimators,adaptive,num_batches,6.0,4.0
estimators,adaptive,num_batches,6.5,4.0
estimators,adaptive,num_batches,7.0,4.0
estimators,adaptive,num_batches,7.5,4.0
estimators,adaptive,num_batches,8.0,4.0
estimators,adaptive,num_batches,8.5,4.0
estimators,adaptive,num_batches,9.0,4.0
estimators,adaptive,num_batches,9.5,4.0
estimators,adaptive,num_batches,10.0,4.0
estimators,adaptive,runtime_total_sec,,1061.7276279999642
estimators,pso,ber,-5.0,0.22864532470703125
estimators,pso,ber,-4.5,0.2159703572591146
estimators,pso,ber,-4.0,0.1919733683268229
estimators,pso,ber,-3.5,0.17161865234375
estimators,pso,ber,-3.0,0.13784586588541667
estimators,pso,ber,-2.5,0.12979295518663195
estimators,pso,ber,-2.0,0.1186557345920139
estimators,pso,ber,-1.5,0.10465349469866071
estimators,pso,ber,-1.0,0.09519322713216145
estimators,pso,ber,-0.5,0.07493873878761574
estimators,pso,ber,0.0,0.07369283040364584
estimators,pso,ber,0.5,0.07253214518229166
estimators,pso,ber,1.0,0.07200520833333333
estimators,pso,ber,1.5,0.06385387073863637
estimators,pso,ber,2.0,0.06708411014441287
estimators,pso,ber,2.5,0.0661502414279514
estimators,pso,ber,3.0,0.0710720486111111
estimators,pso,ber,3.5,0.05651312934027778
estimators,pso,ber,4.0,0.06057113256209936
estimators,pso,ber,4.5,0.05324910481770833
estimators,pso,ber,5.0,0.05537632533482143
estimators,pso,ber,5.5,0.05110486348470052
estimators,pso,ber,6.0,0.05983770461309524
estimators,pso,ber,6.5,0.06320033929286858
estimators,pso,ber,7.0,0.051981608072916664
estimators,pso,ber,7.5,0.06068638392857143
estimators,pso,ber,8.0,0.0744230482313368
estimators,pso,ber,8.5,0.06469508579799108
estimators,pso,ber,9.0,0.06847296820746528
estimators,pso,ber,9.5,0.05915614536830357
estimators,pso,ber,10.0,0.05351829528808594
estimators,pso,ber_upper_confidence,-5.0,0.2297487793089351
estimators,pso,ber_upper_confidence,-4.5,0.21705169110939354
estimators,pso,ber_upper_confidence,-4.0,0.19300859259292324
estimators,pso,ber_upper_confidence,-3.5,0.1725050738130721
estimators,pso,ber_upper_confidence,-3.0,0.13865666858943418
estimators,pso,ber_upper_confidence,-2.5,0.13051443885405373
estimators,pso,ber_upper_confidence,-2.0,0.11935008557192242
estimators,pso,ber_upper_confidence,-1.5,0.10526201689296456
estimators,pso,ber_upper_confidence,-1.0,0.09573896985208338
estimators,pso,ber_upper_confidence,-0.5,0.07540046470611647
estimators,pso,ber_upper_confidence,0.0,0.07412744748368025
estimators,pso,ber_upper_confidence,0.5,0.07296360782959678
estimators,pso,ber_upper_confidence,1.0,0.07243522837985183
estimators,pso,ber_upper_confidence,1.5,0.06424169561437086
estimators,pso,ber_upper_confidence,2.0,0.06748090371958408
estimators,pso,ber_upper_confidence,2.5,0.06652764224500338
estimators,pso,ber_upper_confidence,3.0,0.07146216025449025
estimators,pso,ber_upper_confidence,3.5,0.05682672358559478
estimators,pso,ber_upper_confidence,4.0,0.060919147902973966
estimators,pso,ber_upper_confidence,4.5,0.05355406290160243
estimators,pso,ber_upper_confidence,5.0,0.055697878251038814
estimators,pso,ber_upper_confidence,5.5,0.05139445286001618
estimators,pso,ber_upper_confidence,6.0,0.06017112804097221
estimators,pso,ber_upper_confidence,6.5,0.06355530545719998
estimators,pso,ber_upper_confidence,7.0,0.0522647898569264
estimators,pso,ber_upper_confidence,7.5,0.061022004510748365
estimators,pso,ber_upper_confidence,8.0,0.07482150115071567
estimators,pso,ber_upper_confidence,8.5,0.06504083965556329
estimators,pso,ber_upper_confidence,9.0,0.06885643842415441
estimators,pso,ber_upper_confidence,9.5,0.05948779061927136
estimators,pso,ber_upper_confidence,10.0,0.05381424539460755
estimators,pso,latency_ms,-5.0,591.094083339298
estimators,pso,latency_ms,-4.5,585.292208326022
estimators,pso,latency_ms,-4.0,584.339383332148
estimators,pso,latency_ms,-3.5,587.1398033330062
estimators,pso,latency_ms,-3.0,583.417743338536
estimators,pso,latency_ms,-2.5,582.9700333316888
estimators,pso,latency_ms,-2.0,585.8963500017921
estimators,pso,latency_ms,-1.5,585.2124833332552
estimators,pso,latency_ms,-1.0,589.2557958369745
estimators,pso,latency_ms,-0.5,584.397527781967
estimators,pso,latency_ms,0.0,586.1010033364021
estimators,pso,latency_ms,0.5,585.0812133332093
estimators,pso,latency_ms,1.0,581.5244833287163
estimators,pso,latency_ms,1.5,585.7227015175998
estimators,pso,latency_ms,2.0,585.4414560619672
estimators,pso,latency_ms,2.5,587.5488416663643
estimators,pso,latency_ms,3.0,586.6542666649252
estimators,pso,latency_ms,3.5,585.3498699985911
estimators,pso,latency_ms,4.0,584.8082371792494
estimators,pso,latency_ms,4.5,594.3345633343483
estimators,pso,latency_ms,5.0,585.465440468927
estimators,pso,latency_ms,5.5,583.4253708336784
estimators,pso,latency_ms,6.0,584.1713904795115
estimators,pso,latency_ms,6.5,584.1443602584363
estimators,pso,latency_ms,7.0,584.801771569727
estimators,pso,latency_ms,7.5,582.257726192838
estimators,pso,latency_ms,8.0,563.5483833319275
estimators,pso,latency_ms,8.5,562.2996047630918
estimators,pso,latency_ms,9.0,563.3331083273825
estimators,pso,latency_ms,9.5,568.1287476166264
estimators,pso,latency_ms,10.0,566.3296020822182
estimators,pso,throughput_bits_per_batch,-5.0,75827.25
estimators,pso,throughput_bits_per_batch,-4.5,77073.25
estimators,pso,throughput_bits_per_batch,-4.0,79432.25
estimators,pso,throughput_bits_per_batch,-3.5,81433.2
estimators,pso,throughput_bits_per_batch,-3.0,84753.2
estimators,pso,throughput_bits_per_batch,-2.5,85544.83333333333
estimators,pso,throughput_bits_per_batch,-2.0,86639.66666666667
estimators,pso,throughput_bits_per_batch,-1.5,88016.14285714286
estimators,pso,throughput_bits_per_batch,-1.0,88946.125
estimators,pso,throughput_bits_per_batch,-0.5,90937.22222222222
estimators,pso,throughput_bits_per_batch,0.0,91059.7
estimators,pso,throughput_bits_per_batch,0.5,91173.8
estimators,pso,throughput_bits_per_batch,1.0,91225.6
estimators,pso,throughput_bits_per_batch,1.5,92026.90909090909
estimators,pso,throughput_bits_per_batch,2.0,91709.36363636363
estimators,pso,throughput_bits_per_batch,2.5,91801.16666666667
estimators,pso,throughput_bits_per_batch,3.0,91317.33333333333
estimators,pso,throughput_bits_per_batch,3.5,92748.53333333334
estimators,pso,throughput_bits_per_batch,4.0,92349.61538461539
estimators,pso,throughput_bits_per_batch,4.5,93069.4
estimators,pso,throughput_bits_per_batch,5.0,92860.28571428571
estimators,pso,throughput_bits_per_batch,5.5,93280.1875
estimators,pso,throughput_bits_per_batch,6.0,92421.71428571429
estimators,pso,throughput_bits_per_batch,6.5,92091.15384615384
estimators,pso,throughput_bits_per_batch,7.0,93194.0
estimators,pso,throughput_bits_per_batch,7.5,92338.28571428571
estimators,pso,throughput_bits_per_batch,8.0,90987.91666666667
estimators,pso,throughput_bits_per_batch,8.5,91944.21428571429
estimators,pso,throughput_bits_per_batch,9.0,91572.83333333333
estimators,pso,throughput_bits_per_batch,9.5,92488.71428571429
estimators,pso,throughput_bits_per_batch,10.0,93042.9375
estimators,pso,energy_joules_per_batch,-5.0,0.00018645100000000002
estimators,pso,energy_joules_per_batch,-4.5,0.00018645100000000002
estimators,pso,energy_joules_per_batch,-4.0,0.00018645100000000002
estimators,pso,energy_joules_per_batch,-3.5,0.00018645100000000002
estimators,pso,energy_joules_per_batch,-3.0,0.00018645100000000002
estimators,pso,energy_joules_per_batch,-2.5,0.00018645100000000002
estimators,pso,energy_joules_per_batch,-2.0,0.00018645100000000002
estimators,pso,energy_joules_per_batch,-1.5,0.00018645100000000002
estimators,pso,energy_joules_per_batch,-1.0,0.00018645100000000002
estimators,pso,energy_joules_per_batch,-0.5,0.00018645100000000002
estimators,pso,energy_joules_per_batch,0.0,0.00018645100000000002
estimators,pso,energy_joules_per_batch,0.5,0.00018645100000000005
estimators,pso,energy_joules_per_batch,1.0,0.00018645100000000002
estimators,pso,energy_joules_per_batch,1.5,0.00018645100000000005
estimators,pso,energy_joules_per_batch,2.0,0.00018645100000000005
estimators,pso,energy_joules_per_batch,2.5,0.00018645100000000005
estimators,pso,energy_joules_per_batch,3.0,0.00018645100000000005
estimators,pso,energy_joules_per_batch,3.5,0.00018645100000000005
estimators,pso,energy_joules_per_batch,4.0,0.00018645100000000008
estimators,pso,energy_joules_per_batch,4.5,0.00018645100000000008
estimators,pso,energy_joules_per_batch,5.0,0.00018645100000000008
estimators,pso,energy_joules_per_batch,5.5,0.00018645100000000008
estimators,pso,energy_joules_per_batch,6.0,0.00018645100000000008
estimators,pso,energy_joules_per_batch,6.5,0.000186451
estimators,pso,energy_joules_per_batch,7.0,0.00018645100000000002
estimators,pso,energy_joules_per_batch,7.5,0.00018645100000000008
estimators,pso,energy_joules_per_batch,8.0,0.00018645100000000005
estimators,pso,energy_joules_per_batch,8.5,0.00018645100000000002
estimators,pso,energy_joules_per_batch,9.0,0.00018645100000000002
estimators,pso,energy_joules_per_batch,9.5,0.000186451
estimators,pso,energy_joules_per_batch,10.0,0.00018645100000000002
estimators,pso,avg_power_w,-5.0,0.0003154337105637614
estimators,pso,avg_power_w,-4.5,0.00031856053668177705
estimators,pso,avg_power_w,-4.0,0.0003190799821445857
estimators,pso,avg_power_w,-3.5,0.0003175580993514269
estimators,pso,avg_power_w,-3.0,0.00031958404098760733
estimators,pso,avg_power_w,-2.5,0.0003198294755125366
estimators,pso,avg_power_w,-2.0,0.00031823205589082387
estimators,pso,avg_power_w,-1.5,0.0003186039349981254
estimators,pso,avg_power_w,-1.0,0.0003164177617212342
estimators,pso,avg_power_w,-0.5,0.00031904823538124726
estimators,pso,avg_power_w,0.0,0.00031812093638915596
estimators,pso,avg_power_w,0.5,0.0003186754176190142
estimators,pso,avg_power_w,1.0,0.00032062450566609335
estimators,pso,avg_power_w,1.5,0.00031832640175446153
estimators,pso,avg_power_w,2.0,0.00031847932542082363
estimators,pso,avg_power_w,2.5,0.00031733702252088685
estimators,pso,avg_power_w,3.0,0.0003178209221249793
estimators,pso,avg_power_w,3.5,0.0003185291559054226
estimators,pso,avg_power_w,4.0,0.0003188241685844295
estimators,pso,avg_power_w,4.5,0.0003137138768338976
estimators,pso,avg_power_w,5.0,0.0003184662784718132
estimators,pso,avg_power_w,5.5,0.0003195798628598774
estimators,pso,avg_power_w,6.0,0.00031917174144210236
estimators,pso,avg_power_w,6.5,0.0003191865105357015
estimators,pso,avg_power_w,7.0,0.000318827693526864
estimators,pso,avg_power_w,7.5,0.000320220740082115
estimators,pso,avg_power_w,8.0,0.0003308518053013049
estimators,pso,avg_power_w,8.5,0.00033158657488040666
estimators,pso,avg_power_w,9.0,0.00033097823870782244
estimators,pso,avg_power_w,9.5,0.0003281844138008965
estimators,pso,avg_power_w,10.0,0.0003292270072312617
estimators,pso,runtime_sec,-5.0,12.630303499987349
estimators,pso,runtime_sec,-4.5,12.580120800004806
estimators,pso,runtime_sec,-4.0,12.531936400017003
estimators,pso,runtime_sec,-3.5,15.78470859999652
estimators,pso,runtime_sec,-3.0,15.635879300010856
estimators,pso,runtime_sec,-2.5,18.821005399979185
estimators,pso,runtime_sec,-2.0,18.748419100011233
estimators,pso,runtime_sec,-1.5,21.911013600009028
estimators,pso,runtime_sec,-1.0,25.117827199981548
estimators,pso,runtime_sec,-0.5,28.286786500015296
estimators,pso,runtime_sec,0.0,31.26746150001418
estimators,pso,runtime_sec,0.5,31.338500599988038
estimators,pso,runtime_sec,1.0,31.50009200000204
estimators,pso,runtime_sec,1.5,34.590033999993466
estimators,pso,runtime_sec,2.0,34.513193499995396
estimators,pso,runtime_sec,2.5,37.497927600023104
estimators,pso,runtime_sec,3.0,37.41907990002073
estimators,pso,runtime_sec,3.5,46.69541390001541
estimators,pso,runtime_sec,4.0,40.51919649998308
estimators,pso,runtime_sec,4.5,47.25943030000781
estimators,pso,runtime_sec,5.0,43.76279589999467
estimators,pso,runtime_sec,5.5,49.79849580000155
estimators,pso,runtime_sec,6.0,43.714956600015284
estimators,pso,runtime_sec,6.5,40.70245429998613
estimators,pso,runtime_sec,7.0,53.105071800004225
estimators,pso,runtime_sec,7.5,43.8392015999998
estimators,pso,runtime_sec,8.0,36.765471899998374
estimators,pso,runtime_sec,8.5,42.780061500001466
estimators,pso,runtime_sec,9.0,36.69922179999412
estimators,pso,runtime_sec,9.5,43.245882299990626
estimators,pso,runtime_sec,10.0,49.19157289998839
estimators,pso,bit_errors,-5.0,89907.0
estimators,pso,bit_errors,-4.5,84923.0
estimators,pso,bit_errors,-4.0,75487.0
estimators,pso,bit_errors,-3.5,84354.0
estimators,pso,bit_errors,-3.0,67754.0
estimators,pso,bit_errors,-2.5,76555.0
estimators,pso,bit_errors,-2.0,69986.0
estimators,pso,bit_errors,-1.5,72015.0
estimators,pso,bit_errors,-1.0,74863.0
estimators,pso,bit_errors,-0.5,66301.0
estimators,pso,bit_errors,0.0,72443.0
estimators,pso,bit_errors,0.5,71302.0
estimators,pso,bit_errors,1.0,70784.0
estimators,pso,bit_errors,1.5,69048.0
estimators,pso,bit_errors,2.0,72541.0
estimators,pso,bit_errors,2.5,78034.0
estimators,pso,bit_errors,3.0,83840.0
estimators,pso,bit_errors,3.5,83332.0
estimators,pso,bit_errors,4.0,77407.0
estimators,pso,bit_errors,4.5,78519.0
estimators,pso,bit_errors,5.0,76212.0
estimators,pso,bit_errors,5.5,80381.0
estimators,pso,bit_errors,6.0,82352.0
estimators,pso,bit_errors,6.5,80767.0
estimators,pso,bit_errors,7.0,86870.0
estimators,pso,bit_errors,7.5,83520.0
estimators,pso,bit_errors,8.0,87793.0
estimators,pso,bit_errors,8.5,89037.0
estimators,pso,bit_errors,9.0,80774.0
estimators,pso,bit_errors,9.5,81414.0
estimators,pso,bit_errors,10.0,84177.0
estimators,pso,total_bits,-5.0,393216.0
estimators,pso,total_bits,-4.5,393216.0
estimators,pso,total_bits,-4.0,393216.0
estimators,pso,total_bits,-3.5,491520.0
estimators,pso,total_bits,-3.0,491520.0
estimators,pso,total_bits,-2.5,589824.0
estimators,pso,total_bits,-2.0,589824.0
estimators,pso,total_bits,-1.5,688128.0
estimators,pso,total_bits,-1.0,786432.0
estimators,pso,total_bits,-0.5,884736.0
estimators,pso,total_bits,0.0,983040.0
estimators,pso,total_bits,0.5,983040.0
estimators,pso,total_bits,1.0,983040.0
estimators,pso,total_bits,1.5,1081344.0
estimators,pso,total_bits,2.0,1081344.0
estimators,pso,total_bits,2.5,1179648.0
estimators,pso,total_bits,3.0,1179648.0
estimators,pso,total_bits,3.5,1474560.0
estimators,pso,total_bits,4.0,1277952.0
estimators,pso,total_bits,4.5,1474560.0
estimators,pso,total_bits,5.0,1376256.0
estimators,pso,total_bits,5.5,1572864.0
estimators,pso,total_bits,6.0,1376256.0
estimators,pso,total_bits,6.5,1277952.0
estimators,pso,total_bits,7.0,1671168.0
estimators,pso,total_bits,7.5,1376256.0
estimators,pso,total_bits,8.0,1179648.0
estimators,pso,total_bits,8.5,1376256.0
estimators,pso,total_bits,9.0,1179648.0
estimators,pso,total_bits,9.5,1376256.0
estimators,pso,total_bits,10.0,1572864.0
estimators,pso,block_errors,-5.0,254.0
estimators,pso,block_errors,-4.5,241.0
estimators,pso,block_errors,-4.0,231.0
estimators,pso,block_errors,-3.5,253.0
estimators,pso,block_errors,-3.0,216.0
estimators,pso,block_errors,-2.5,233.0
estimators,pso,block_errors,-2.0,217.0
estimators,pso,block_errors,-1.5,218.0
estimators,pso,block_errors,-1.0,226.0
estimators,pso,block_errors,-0.5,203.0
estimators,pso,block_errors,0.0,207.0
estimators,pso,block_errors,0.5,207.0
estimators,pso,block_errors,1.0,203.0
estimators,pso,block_errors,1.5,201.0
estimators,pso,block_errors,2.0,203.0
estimators,pso,block_errors,2.5,207.0
estimators,pso,block_errors,3.0,217.0
estimators,pso,block_errors,3.5,215.0
estimators,pso,block_errors,4.0,203.0
estimators,pso,block_errors,4.5,203.0
estimators,pso,block_errors,5.0,207.0
estimators,pso,block_errors,5.5,209.0
estimators,pso,block_errors,6.0,211.0
estimators,pso,block_errors,6.5,206.0
estimators,pso,block_errors,7.0,213.0
estimators,pso,block_errors,7.5,200.0
estimators,pso,block_errors,8.0,212.0
estimators,pso,block_errors,8.5,213.0
estimators,pso,block_errors,9.0,201.0
estimators,pso,block_errors,9.5,200.0
estimators,pso,block_errors,10.0,208.0
estimators,pso,total_blocks,-5.0,256.0
estimators,pso,total_blocks,-4.5,256.0
estimators,pso,total_blocks,-4.0,256.0
estimators,pso,total_blocks,-3.5,320.0
estimators,pso,total_blocks,-3.0,320.0
estimators,pso,total_blocks,-2.5,384.0
estimators,pso,total_blocks,-2.0,384.0
estimators,pso,total_blocks,-1.5,448.0
estimators,pso,total_blocks,-1.0,512.0
estimators,pso,total_blocks,-0.5,576.0
estimators,pso,total_blocks,0.0,640.0
estimators,pso,total_blocks,0.5,640.0
estimators,pso,total_blocks,1.0,640.0
estimators,pso,total_blocks,1.5,704.0
estimators,pso,total_blocks,2.0,704.0
estimators,pso,total_blocks,2.5,768.0
estimators,pso,total_blocks,3.0,768.0
estimators,pso,total_blocks,3.5,960.0
estimators,pso,total_blocks,4.0,832.0
estimators,pso,total_blocks,4.5,960.0
estimators,pso,total_blocks,5.0,896.0
estimators,pso,total_blocks,5.5,1024.0
estimators,pso,total_blocks,6.0,896.0
estimators,pso,total_blocks,6.5,832.0
estimators,pso,total_blocks,7.0,1088.0
estimators,pso,total_blocks,7.5,896.0
estimators,pso,total_blocks,8.0,768.0
estimators,pso,total_blocks,8.5,896.0
estimators,pso,total_blocks,9.0,768.0
estimators,pso,total_blocks,9.5,896.0
estimators,pso,total_blocks,10.0,1024.0
estimators,pso,num_batches,-5.0,4.0
estimators,pso,num_batches,-4.5,4.0
estimators,pso,num_batches,-4.0,4.0
estimators,pso,num_batches,-3.5,5.0
estimators,pso,num_batches,-3.0,5.0
estimators,pso,num_batches,-2.5,6.0
estimators,pso,num_batches,-2.0,6.0
estimators,pso,num_batches,-1.5,7.0
estimators,pso,num_batches,-1.0,8.0
estimators,pso,num_batches,-0.5,9.0
estimators,pso,num_batches,0.0,10.0
estimators,pso,num_batches,0.5,10.0
estimators,pso,num_batches,1.0,10.0
estimators,pso,num_batches,1.5,11.0
estimators,pso,num_batches,2.0,11.0
estimators,pso,num_batches,2.5,12.0
estimators,pso,num_batches,3.0,12.0
estimators,pso,num_batches,3.5,15.0
estimators,pso,num_batches,4.0,13.0
estimators,pso,num_batches,4.5,15.0
estimators,pso,num_batches,5.0,14.0
estimators,pso,num_batches,5.5,16.0
estimators,pso,num_batches,6.0,14.0
estimators,pso,num_batches,6.5,13.0
estimators,pso,num_batches,7.0,17.0
estimators,pso,num_batches,7.5,14.0
estimators,pso,num_batches,8.0,12.0
estimators,pso,num_batches,8.5,14.0
estimators,pso,num_batches,9.0,12.0
estimators,pso,num_batches,9.5,14.0
estimators,pso,num_batches,10.0,16.0
estimators,pso,runtime_total_sec,,1038.2535166000307
estimators,perfect,ber,-5.0,0.030979040897253788
estimators,perfect,ber,-4.5,0.019428327971813725
estimators,perfect,ber,-4.0,0.008307562934027778
estimators,perfect,ber,-3.5,0.0047563122164818545
estimators,perfect,ber,-3.0,0.001871665318806966
estimators,perfect,ber,-2.5,0.0015602906545003254
estimators,perfect,ber,-2.0,0.0008343855539957682
estimators,perfect,ber,-1.5,0.0006106694539388021
estimators,perfect,ber,-1.0,0.0
estimators,perfect,ber,-0.5,0.0
estimators,perfect,ber,0.0,0.0
estimators,perfect,ber,0.5,0.0
estimators,perfect,ber,1.0,0.0
estimators,perfect,ber,1.5,0.0
estimators,perfect,ber,2.0,0.0
estimators,perfect,ber,2.5,0.0
estimators,perfect,ber,3.0,0.0
estimators,perfect,ber,3.5,0.0
estimators,perfect,ber,4.0,0.0
estimators,perfect,ber,4.5,0.0
estimators,perfect,ber,5.0,0.0
estimators,perfect,ber,5.5,0.0
estimators,perfect,ber,6.0,0.0
estimators,perfect,ber,6.5,0.0
estimators,perfect,ber,7.0,0.0
estimators,perfect,ber,7.5,0.0
estimators,perfect,ber,8.0,0.0
estimators,perfect,ber,8.5,0.0
estimators,perfect,ber,9.0,0.0
estimators,perfect,ber,9.5,0.0
estimators,perfect,ber,10.0,0.0
estimators,perfect,ber_upper_confidence,-5.0,0.031254276711762695
estimators,perfect,ber_upper_confidence,-4.5,0.019604727822840475
estimators,perfect,ber_upper_confidence,-4.0,0.008390865490753715
estimators,perfect,ber_upper_confidence,-3.5,0.004802372691611902
estimators,perfect,ber_upper_confidence,-3.0,0.0018918148432202075
estimators,perfect,ber_upper_confidence,-2.5,0.0015787002154008716
estimators,perfect,ber_upper_confidence,-2.0,0.0008478820241222042
estimators,perfect,ber_upper_confidence,-1.5,0.0006222326507374739
estimators,perfect,ber_upper_confidence,-1.0,7.618541141647314e-06
estimators,perfect,ber_upper_confidence,-0.5,7.618541141647314e-06
estimators,perfect,ber_upper_confidence,0.0,7.618541141647314e-06
estimators,perfect,ber_upper_confidence,0.5,7.618541141647314e-06
estimators,perfect,ber_upper_confidence,1.0,7.618541141647314e-06
estimators,perfect,ber_upper_confidence,1.5,7.618541141647314e-06
estimators,perfect,ber_upper_confidence,2.0,7.618541141647314e-06
estimators,perfect,ber_upper_confidence,2.5,7.618541141647314e-06
estimators,perfect,ber_upper_confidence,3.0,7.618541141647314e-06
estimators,perfect,ber_upper_confidence,3.5,7.618541141647314e-06
estimators,perfect,ber_upper_confidence,4.0,7.618541141647314e-06
estimators,perfect,ber_upper_confidence,4.5,7.618541141647314e-06
estimators,perfect,ber_upper_confidence,5.0,7.618541141647314e-06
estimators,perfect,ber_upper_confidence,5.5,7.618541141647314e-06
estimators,perfect,ber_upper_confidence,6.0,7.618541141647314e-06
estimators,perfect,ber_upper_confidence,6.5,7.618541141647314e-06
estimators,perfect,ber_upper_confidence,7.0,7.618541141647314e-06
estimators,perfect,ber_upper_confidence,7.5,7.618541141647314e-06
estimators,perfect,ber_upper_confidence,8.0,7.618541141647314e-06
estimators,perfect,ber_upper_confidence,8.5,7.618541141647314e-06
estimators,perfect,ber_upper_confidence,9.0,7.618541141647314e-06
estimators,perfect,ber_upper_confidence,9.5,7.618541141647314e-06
estimators,perfect,ber_upper_confidence,10.0,7.618541141647314e-06
estimators,perfect,latency_ms,-5.0,565.2138833320927
estimators,perfect,latency_ms,-4.5,564.5061774561766
estimators,perfect,latency_ms,-4.0,564.1553560574496
estimators,perfect,latency_ms,-3.5,569.4688752677499
estimators,perfect,latency_ms,-3.0,566.0974575513636
estimators,perfect,latency_ms,-2.5,566.5472380227628
estimators,perfect,latency_ms,-2.0,570.6238247397822
estimators,perfect,latency_ms,-1.5,573.8243973943598
estimators,perfect,latency_ms,-1.0,573.857758329863
estimators,perfect,latency_ms,-0.5,576.0212083306707
estimators,perfect,latency_ms,0.0,588.3616833426951
estimators,perfect,latency_ms,0.5,576.8640833313422
estimators,perfect,latency_ms,1.0,576.9440333434924
estimators,perfect,latency_ms,1.5,576.4386083293667
estimators,perfect,latency_ms,2.0,574.7836583297195
estimators,perfect,latency_ms,2.5,573.9995083396517
estimators,perfect,latency_ms,3.0,576.9815833383783
estimators,perfect,latency_ms,3.5,574.5503083282111
estimators,perfect,latency_ms,4.0,575.1648083216006
estimators,perfect,latency_ms,4.5,574.7708833343078
estimators,perfect,latency_ms,5.0,572.7018083390741
estimators,perfect,latency_ms,5.5,574.180508335443
estimators,perfect,latency_ms,6.0,573.5558083371453
estimators,perfect,latency_ms,6.5,577.9606583356818
estimators,perfect,latency_ms,7.0,577.8908083204025
estimators,perfect,latency_ms,7.5,576.6726833291196
estimators,perfect,latency_ms,8.0,576.1991333321513
estimators,perfect,latency_ms,8.5,579.2659833288363
estimators,perfect,latency_ms,9.0,574.8319083405969
estimators,perfect,latency_ms,9.5,575.9960583210651
estimators,perfect,latency_ms,10.0,575.4869333369735
estimators,perfect,throughput_bits_per_batch,-5.0,95258.63636363637
estimators,perfect,throughput_bits_per_batch,-4.5,96394.11764705883
estimators,perfect,throughput_bits_per_batch,-4.0,97487.33333333333
estimators,perfect,throughput_bits_per_batch,-3.5,97836.43548387097
estimators,perfect,throughput_bits_per_batch,-3.0,98120.0078125
estimators,perfect,throughput_bits_per_batch,-2.5,98150.6171875
estimators,perfect,throughput_bits_per_batch,-2.0,98221.9765625
estimators,perfect,throughput_bits_per_batch,-1.5,98243.96875
estimators,perfect,throughput_bits_per_batch,-1.0,98304.0
estimators,perfect,throughput_bits_per_batch,-0.5,98304.0
estimators,perfect,throughput_bits_per_batch,0.0,98304.0
estimators,perfect,throughput_bits_per_batch,0.5,98304.0
estimators,perfect,throughput_bits_per_batch,1.0,98304.0
estimators,perfect,throughput_bits_per_batch,1.5,98304.0
estimators,perfect,throughput_bits_per_batch,2.0,98304.0
estimators,perfect,throughput_bits_per_batch,2.5,98304.0
estimators,perfect,throughput_bits_per_batch,3.0,98304.0
estimators,perfect,throughput_bits_per_batch,3.5,98304.0
estimators,perfect,throughput_bits_per_batch,4.0,98304.0
estimators,perfect,throughput_bits_per_batch,4.5,98304.0
estimators,perfect,throughput_bits_per_batch,5.0,98304.0
estimators,perfect,throughput_bits_per_batch,5.5,98304.0
estimators,perfect,throughput_bits_per_batch,6.0,98304.0
estimators,perfect,throughput_bits_per_batch,6.5,98304.0
estimators,perfect,throughput_bits_per_batch,7.0,98304.0
estimators,perfect,throughput_bits_per_batch,7.5,98304.0
estimators,perfect,throughput_bits_per_batch,8.0,98304.0
estimators,perfect,throughput_bits_per_batch,8.5,98304.0
estimators,perfect,throughput_bits_per_batch,9.0,98304.0
estimators,perfect,throughput_bits_per_batch,9.5,98304.0
estimators,perfect,throughput_bits_per_batch,10.0,98304.0
estimators,perfect,energy_joules_per_batch,-5.0,0.00018645100000000005
estimators,perfect,energy_joules_per_batch,-4.5,0.00018645100000000008
estimators,perfect,energy_joules_per_batch,-4.0,0.00018645099999999994
estimators,perfect,energy_joules_per_batch,-3.5,0.00018645100000000018
estimators,perfect,energy_joules_per_batch,-3.0,0.00018645100000000043
estimators,perfect,energy_joules_per_batch,-2.5,0.00018645100000000043
estimators,perfect,energy_joules_per_batch,-2.0,0.00018645100000000043
estimators,perfect,energy_joules_per_batch,-1.5,0.00018645100000000043
estimators,perfect,energy_joules_per_batch,-1.0,0.00018645100000000002
estimators,perfect,energy_joules_per_batch,-0.5,0.00018645100000000005
estimators,perfect,energy_joules_per_batch,0.0,0.00018645100000000002
estimators,perfect,energy_joules_per_batch,0.5,0.00018645100000000002
estimators,perfect,energy_joules_per_batch,1.0,0.00018645100000000002
estimators,perfect,energy_joules_per_batch,1.5,0.00018645100000000002
estimators,perfect,energy_joules_per_batch,2.0,0.00018645100000000002
estimators,perfect,energy_joules_per_batch,2.5,0.00018645100000000002
estimators,perfect,energy_joules_per_batch,3.0,0.00018645100000000002
estimators,perfect,energy_joules_per_batch,3.5,0.00018645100000000002
estimators,perfect,energy_joules_per_batch,4.0,0.00018645100000000002
estimators,perfect,energy_joules_per_batch,4.5,0.00018645100000000002
estimators,perfect,energy_joules_per_batch,5.0,0.00018645100000000005
estimators,perfect,energy_joules_per_batch,5.5,0.00018645100000000002
estimators,perfect,energy_joules_per_batch,6.0,0.00018645100000000002
estimators,perfect,energy_joules_per_batch,6.5,0.00018645100000000005
estimators,perfect,energy_joules_per_batch,7.0,0.00018645100000000002
estimators,perfect,energy_joules_per_batch,7.5,0.00018645100000000002
estimators,perfect,energy_joules_per_batch,8.0,0.00018645100000000002
estimators,perfect,energy_joules_per_batch,8.5,0.00018645100000000002
estimators,perfect,energy_joules_per_batch,9.0,0.00018645100000000002
estimators,perfect,energy_joules_per_batch,9.5,0.00018645100000000002
estimators,perfect,energy_joules_per_batch,10.0,0.00018645100000000002
estimators,perfect,avg_power_w,-5.0,0.00032987689350590555
estimators,perfect,avg_power_w,-4.5,0.00033029045109869416
estimators,perfect,avg_power_w,-4.0,0.0003304958430298286
estimators,perfect,avg_power_w,-3.5,0.00032741209940988545
estimators,perfect,avg_power_w,-3.0,0.00032936201622683176
estimators,perfect,avg_power_w,-2.5,0.0003291005365249158
estimators,perfect,avg_power_w,-2.0,0.000326749413389857
estimators,perfect,avg_power_w,-1.5,0.0003249269303407856
estimators,perfect,avg_power_w,-1.0,0.0003249080408752178
estimators,perfect,avg_power_w,-0.5,0.0003236877345893938
estimators,perfect,avg_power_w,0.0,0.000316898610631312
estimators,perfect,avg_power_w,0.5,0.00032321478384173436
estimators,perfect,avg_power_w,1.0,0.0003231699943571365
estimators,perfect,avg_power_w,1.5,0.00032345335185020297
estimators,perfect,avg_power_w,2.0,0.0003243846572496744
estimators,perfect,avg_power_w,2.5,0.0003248278043640269
estimators,perfect,avg_power_w,3.0,0.00032314896243517256
estimators,perfect,avg_power_w,3.5,0.00032451640404218546
estimators,perfect,avg_power_w,4.0,0.0003241696941509447
estimators,perfect,avg_power_w,4.5,0.0003243918671008136
estimators,perfect,avg_power_w,5.0,0.00032556384017842977
estimators,perfect,avg_power_w,5.5,0.00032472540828758526
estimators,perfect,avg_power_w,6.0,0.00032507908958425384
estimators,perfect,avg_power_w,6.5,0.0003226015427017327
estimators,perfect,avg_power_w,7.0,0.00032264053574741265
estimators,perfect,avg_power_w,7.5,0.0003233220601392495
estimators,perfect,avg_power_w,8.0,0.0003235877827891836
estimators,perfect,avg_power_w,8.5,0.0003218745884723494
estimators,perfect,avg_power_w,9.0,0.00032435742918001845
estimators,perfect,avg_power_w,9.5,0.0003237018679320035
estimators,perfect,avg_power_w,10.0,0.00032398824230267027
estimators,perfect,runtime_sec,-5.0,9.707956500002183
estimators,perfect,runtime_sec,-4.5,14.9752090999973
estimators,perfect,runtime_sec,-4.0,29.074319600011222
estimators,perfect,runtime_sec,-3.5,55.062802000000374
estimators,perfect,runtime_sec,-3.0,112.96565119997831
estimators,perfect,runtime_sec,-2.5,113.05718099998194
estimators,perfect,runtime_sec,-2.0,113.68869059998542
estimators,perfect,runtime_sec,-1.5,114.206217799976
estimators,perfect,runtime_sec,-1.0,3.568231899989769
estimators,perfect,runtime_sec,-0.5,3.5804596999951173
estimators,perfect,runtime_sec,0.0,3.650284500006819
estimators,perfect,runtime_sec,0.5,3.5885023000009824
estimators,perfect,runtime_sec,1.0,3.5842247999971732
estimators,perfect,runtime_sec,1.5,3.5866832000028808
estimators,perfect,runtime_sec,2.0,3.5689235999889206
estimators,perfect,runtime_sec,2.5,3.5666082999960054
estimators,perfect,runtime_sec,3.0,3.579064399993513
estimators,perfect,runtime_sec,3.5,3.5672658000257798
estimators,perfect,runtime_sec,4.0,3.582815000001574
estimators,perfect,runtime_sec,4.5,3.570851099997526
estimators,perfect,runtime_sec,5.0,3.5654814000008628
estimators,perfect,runtime_sec,5.5,3.5801971000037156
estimators,perfect,runtime_sec,6.0,3.570129999978235
estimators,perfect,runtime_sec,6.5,3.5902099999948405
estimators,perfect,runtime_sec,7.0,3.583689300023252
estimators,perfect,runtime_sec,7.5,3.5760980999912135
estimators,perfect,runtime_sec,8.0,3.5820062000129838
estimators,perfect,runtime_sec,8.5,3.595562800008338
estimators,perfect,runtime_sec,9.0,3.5712796000007074
estimators,perfect,runtime_sec,9.5,3.5784370999899693
estimators,perfect,runtime_sec,10.0,3.581258699996397
estimators,perfect,bit_errors,-5.0,33499.0
estimators,perfect,bit_errors,-4.5,32468.0
estimators,perfect,bit_errors,-4.0,26950.0
estimators,perfect,bit_errors,-3.5,28989.0
estimators,perfect,bit_errors,-3.0,23551.0
estimators,perfect,bit_errors,-2.5,19633.0
estimators,perfect,bit_errors,-2.0,10499.0
estimators,perfect,bit_errors,-1.5,7684.0
estimators,perfect,bit_errors,-1.0,0.0
estimators,perfect,bit_errors,-0.5,0.0
estimators,perfect,bit_errors,0.0,0.0
estimators,perfect,bit_errors,0.5,0.0
estimators,perfect,bit_errors,1.0,0.0
estimators,perfect,bit_errors,1.5,0.0
estimators,perfect,bit_errors,2.0,0.0
estimators,perfect,bit_errors,2.5,0.0
estimators,perfect,bit_errors,3.0,0.0
estimators,perfect,bit_errors,3.5,0.0
estimators,perfect,bit_errors,4.0,0.0
estimators,perfect,bit_errors,4.5,0.0
estimators,perfect,bit_errors,5.0,0.0
estimators,perfect,bit_errors,5.5,0.0
estimators,perfect,bit_errors,6.0,0.0
estimators,perfect,bit_errors,6.5,0.0
estimators,perfect,bit_errors,7.0,0.0
estimators,perfect,bit_errors,7.5,0.0
estimators,perfect,bit_errors,8.0,0.0
estimators,perfect,bit_errors,8.5,0.0
estimators,perfect,bit_errors,9.0,0.0
estimators,perfect,bit_errors,9.5,0.0
estimators,perfect,bit_errors,10.0,0.0
estimators,perfect,total_bits,-5.0,1081344.0
estimators,perfect,total_bits,-4.5,1671168.0
estimators,perfect,total_bits,-4.0,3244032.0
estimators,perfect,total_bits,-3.5,6094848.0
estimators,perfect,total_bits,-3.0,12582912.0
estimators,perfect,total_bits,-2.5,12582912.0
estimators,perfect,total_bits,-2.0,12582912.0
estimators,perfect,total_bits,-1.5,12582912.0
estimators,perfect,total_bits,-1.0,393216.0
estimators,perfect,total_bits,-0.5,393216.0
estimators,perfect,total_bits,0.0,393216.0
estimators,perfect,total_bits,0.5,393216.0
estimators,perfect,total_bits,1.0,393216.0
estimators,perfect,total_bits,1.5,393216.0
estimators,perfect,total_bits,2.0,393216.0
estimators,perfect,total_bits,2.5,393216.0
estimators,perfect,total_bits,3.0,393216.0
estimators,perfect,total_bits,3.5,393216.0
estimators,perfect,total_bits,4.0,393216.0
estimators,perfect,total_bits,4.5,393216.0
estimators,perfect,total_bits,5.0,393216.0
estimators,perfect,total_bits,5.5,393216.0
estimators,perfect,total_bits,6.0,393216.0
estimators,perfect,total_bits,6.5,393216.0
estimators,perfect,total_bits,7.0,393216.0
estimators,perfect,total_bits,7.5,393216.0
estimators,perfect,total_bits,8.0,393216.0
estimators,perfect,total_bits,8.5,393216.0
estimators,perfect,total_bits,9.0,393216.0
estimators,perfect,total_bits,9.5,393216.0
estimators,perfect,total_bits,10.0,393216.0
estimators,perfect,block_errors,-5.0,225.0
estimators,perfect,block_errors,-4.5,204.0
estimators,perfect,block_errors,-4.0,203.0
estimators,perfect,block_errors,-3.5,204.0
estimators,perfect,block_errors,-3.0,181.0
estimators,perfect,block_errors,-2.5,130.0
estimators,perfect,block_errors,-2.0,70.0
estimators,perfect,block_errors,-1.5,49.0
estimators,perfect,block_errors,-1.0,0.0
estimators,perfect,block_errors,-0.5,0.0
estimators,perfect,block_errors,0.0,0.0
estimators,perfect,block_errors,0.5,0.0
estimators,perfect,block_errors,1.0,0.0
estimators,perfect,block_errors,1.5,0.0
estimators,perfect,block_errors,2.0,0.0
estimators,perfect,block_errors,2.5,0.0
estimators,perfect,block_errors,3.0,0.0
estimators,perfect,block_errors,3.5,0.0
estimators,perfect,block_errors,4.0,0.0
estimators,perfect,block_errors,4.5,0.0
estimators,perfect,block_errors,5.0,0.0
estimators,perfect,block_errors,5.5,0.0
estimators,perfect,block_errors,6.0,0.0
estimators,perfect,block_errors,6.5,0.0
estimators,perfect,block_errors,7.0,0.0
estimators,perfect,block_errors,7.5,0.0
estimators,perfect,block_errors,8.0,0.0
estimators,perfect,block_errors,8.5,0.0
estimators,perfect,block_errors,9.0,0.0
estimators,perfect,block_errors,9.5,0.0
estimators,perfect,block_errors,10.0,0.0
estimators,perfect,total_blocks,-5.0,704.0
estimators,perfect,total_blocks,-4.5,1088.0
estimators,perfect,total_blocks,-4.0,2112.0
estimators,perfect,total_blocks,-3.5,3968.0
estimators,perfect,total_blocks,-3.0,8192.0
estimators,perfect,total_blocks,-2.5,8192.0
estimators,perfect,total_blocks,-2.0,8192.0
estimators,perfect,total_blocks,-1.5,8192.0
estimators,perfect,total_blocks,-1.0,256.0
estimators,perfect,total_blocks,-0.5,256.0
estimators,perfect,total_blocks,0.0,256.0
estimators,perfect,total_blocks,0.5,256.0
estimators,perfect,total_blocks,1.0,256.0
estimators,perfect,total_blocks,1.5,256.0
estimators,perfect,total_blocks,2.0,256.0
estimators,perfect,total_blocks,2.5,256.0
estimators,perfect,total_blocks,3.0,256.0
estimators,perfect,total_blocks,3.5,256.0
estimators,perfect,total_blocks,4.0,256.0
estimators,perfect,total_blocks,4.5,256.0
estimators,perfect,total_blocks,5.0,256.0
estimators,perfect,total_blocks,5.5,256.0
estimators,perfect,total_blocks,6.0,256.0
estimators,perfect,total_blocks,6.5,256.0
estimators,perfect,total_blocks,7.0,256.0
estimators,perfect,total_blocks,7.5,256.0
estimators,perfect,total_blocks,8.0,256.0
estimators,perfect,total_blocks,8.5,256.0
estimators,perfect,total_blocks,9.0,256.0
estimators,perfect,total_blocks,9.5,256.0
estimators,perfect,total_blocks,10.0,256.0
estimators,perfect,num_batches,-5.0,11.0
estimators,perfect,num_batches,-4.5,17.0
estimators,perfect,num_batches,-4.0,33.0
estimators,perfect,num_batches,-3.5,62.0
estimators,perfect,num_batches,-3.0,128.0
estimators,perfect,num_batches,-2.5,128.0
estimators,perfect,num_batches,-2.0,128.0
estimators,perfect,num_batches,-1.5,128.0
estimators,perfect,num_batches,-1.0,4.0
estimators,perfect,num_batches,-0.5,4.0
estimators,perfect,num_batches,0.0,4.0
estimators,perfect,num_batches,0.5,4.0
estimators,perfect,num_batches,1.0,4.0
estimators,perfect,num_batches,1.5,4.0
estimators,perfect,num_batches,2.0,4.0
estimators,perfect,num_batches,2.5,4.0
estimators,perfect,num_batches,3.0,4.0
estimators,perfect,num_batches,3.5,4.0
estimators,perfect,num_batches,4.0,4.0
estimators,perfect,num_batches,4.5,4.0
estimators,perfect,num_batches,5.0,4.0
estimators,perfect,num_batches,5.5,4.0
estimators,perfect,num_batches,6.0,4.0
estimators,perfect,num_batches,6.5,4.0
estimators,perfect,num_batches,7.0,4.0
estimators,perfect,num_batches,7.5,4.0
estimators,perfect,num_batches,8.0,4.0
estimators,perfect,num_batches,8.5,4.0
estimators,perfect,num_batches,9.0,4.0
estimators,perfect,num_batches,9.5,4.0
estimators,perfect,num_batches,10.0,4.0
estimators,perfect,runtime_total_sec,,645.1062926999293
