result_type,channel,method,source_type,ebno_db,ber,ber_upper_confidence,throughput_bits_per_batch,fit_basis,anchor_stage_json,notes
synthetic_simulation_anchored_not_real_measurement,Rayleigh,static,baseline,0.000,1.24702138e-04,1.37184541e-04,122761.396117,single-positive-ber-plus-channel-slope,results/20260523_173452_static_round_robin_max_throughput_pf_wmmse_queue_aware_drl_ber_drl_rayleigh_rician_umi_qpsk_s/rayleigh/resource_managers/stage_results_v2.json,Smoothed synthetic projection learned from existing stage outputs; not a real simulation measurement.
synthetic_simulation_anchored_not_real_measurement,Rayleigh,static,baseline,2.000,4.81740829e-05,5.30036809e-05,122838.562581,single-positive-ber-plus-channel-slope,results/20260523_173452_static_round_robin_max_throughput_pf_wmmse_queue_aware_drl_ber_drl_rayleigh_rician_umi_qpsk_s/rayleigh/resource_managers/stage_results_v2.json,Smoothed synthetic projection learned from existing stage outputs; not a real simulation measurement.
synthetic_simulation_anchored_not_real_measurement,Rayleigh,static,baseline,4.000,1.86130391e-05,2.04865327e-05,122863.989808,single-positive-ber-plus-channel-slope,results/20260523_173452_static_round_robin_max_throughput_pf_wmmse_queue_aware_drl_ber_drl_rayleigh_rician_umi_qpsk_s/rayleigh/resource_managers/stage_results_v2.json,Smoothed synthetic projection learned from existing stage outputs; not a real simulation measurement.
synthetic_simulation_anchored_not_real_measurement,Rayleigh,static,baseline,6.000,7.19428151e-06,7.92589933e-06,122873.811767,single-positive-ber-plus-channel-slope,results/20260523_173452_static_round_robin_max_throughput_pf_wmmse_queue_aware_drl_ber_drl_rayleigh_rician_umi_qpsk_s/rayleigh/resource_managers/stage_results_v2.json,Smoothed synthetic projection learned from existing stage outputs; not a real simulation measurement.
synthetic_simulation_anchored_not_real_measurement,Rayleigh,static,baseline,8.000,2.78347565e-06,3.07401289e-06,122877.605766,single-positive-ber-plus-channel-slope,results/20260523_173452_static_round_robin_max_throughput_pf_wmmse_queue_aware_drl_ber_drl_rayleigh_rician_umi_qpsk_s/rayleigh/resource_managers/stage_results_v2.json,Smoothed synthetic projection learned from existing stage outputs; not a real simulation measurement.
synthetic_simulation_anchored_not_real_measurement,Rayleigh,static,baseline,10.000,1.07968186e-06,1.19983971e-06,122879.071301,single-positive-ber-plus-channel-slope,results/20260523_173452_static_round_robin_max_throughput_pf_wmmse_queue_aware_drl_ber_drl_rayleigh_rician_umi_qpsk_s/rayleigh/resource_managers/stage_results_v2.json,Smoothed synthetic projection learned from existing stage outputs; not a real simulation measurement.
synthetic_simulation_anchored_not_real_measurement,Rayleigh,static,baseline,12.000,4.21545146e-07,4.75889326e-07,122879.637404,single-positive-ber-plus-channel-slope,results/20260523_173452_static_round_robin_max_throughput_pf_wmmse_queue_aware_drl_ber_drl_rayleigh_rician_umi_qpsk_s/rayleigh/resource_managers/stage_results_v2.json,Smoothed synthetic projection learned from existing stage outputs; not a real simulation measurement.
synthetic_simulation_anchored_not_real_measurement,Rayleigh,static,baseline,14.000,1.67321929e-07,1.96243788e-07,122879.856076,single-positive-ber-plus-channel-slope,results/20260523_173452_static_round_robin_max_throughput_pf_wmmse_queue_aware_drl_ber_drl_rayleigh_rician_umi_qpsk_s/rayleigh/resource_managers/stage_results_v2.json,Smoothed synthetic projection learned from existing stage outputs; not a real simulation measurement.
synthetic_simulation_anchored_not_real_measurement,Rayleigh,static,baseline,16.000,6.91212938e-08,8.82230891e-08,122879.940545,single-positive-ber-plus-channel-slope,results/20260523_173452_static_round_robin_max_throughput_pf_wmmse_queue_aware_drl_ber_drl_rayleigh_rician_umi_qpsk_s/rayleigh/resource_managers/stage_results_v2.json,Smoothed synthetic projection learned from existing stage outputs; not a real simulation measurement.
synthetic_simulation_anchored_not_real_measurement,Rayleigh,static,baseline,18.000,3.11886261e-08,4.64971546e-08,122879.973173,single-positive-ber-plus-channel-slope,results/20260523_173452_static_round_robin_max_throughput_pf_wmmse_queue_aware_drl_ber_drl_rayleigh_rician_umi_qpsk_s/rayleigh/resource_managers/stage_results_v2.json,Smoothed synthetic projection learned from existing stage outputs; not a real simulation measurement.
synthetic_simulation_anchored_not_real_measurement,Rayleigh,static,baseline,20.000,1.65361010e-08,3.03793769e-08,122879.985776,single-positive-ber-plus-channel-slope,results/20260523_173452_static_round_robin_max_throughput_pf_wmmse_queue_aware_drl_ber_drl_rayleigh_rician_umi_qpsk_s/rayleigh/resource_managers/stage_results_v2.json,Smoothed synthetic projection learned from existing stage outputs; not a real simulation measurement.
synthetic_simulation_anchored_not_real_measurement,Rayleigh,round_robin,baseline,0.000,5.33563024e-05,5.87163120e-05,61417.052521,zero-error-censored-upper-bound-fit,results/20260523_173452_static_round_robin_max_throughput_pf_wmmse_queue_aware_drl_ber_drl_rayleigh_rician_umi_qpsk_s/rayleigh/resource_managers/stage_results_v2.json,Smoothed synthetic projection learned from existing stage outputs; not a real simulation measurement.
synthetic_simulation_anchored_not_real_measurement,Rayleigh,round_robin,baseline,2.000,1.57942268e-05,1.73980288e-05,61433.207219,zero-error-censored-upper-bound-fit,results/20260523_173452_static_round_robin_max_throughput_pf_wmmse_queue_aware_drl_ber_drl_rayleigh_rician_umi_qpsk_s/rayleigh/resource_managers/stage_results_v2.json,Smoothed synthetic projection learned from existing stage outputs; not a real simulation measurement.
synthetic_simulation_anchored_not_real_measurement,Rayleigh,round_robin,baseline,4.000,4.68256786e-06,5.17520398e-06,61437.986121,zero-error-censored-upper-bound-fit,results/20260523_173452_static_round_robin_max_throughput_pf_wmmse_queue_aware_drl_ber_drl_rayleigh_rician_umi_qpsk_s/rayleigh/resource_managers/stage_results_v2.json,Smoothed synthetic projection learned from existing stage outputs; not a real simulation measurement.
synthetic_simulation_anchored_not_real_measurement,Rayleigh,round_robin,baseline,6.000,1.39550337e-06,1.55943304e-06,61439.399822,zero-error-censored-upper-bound-fit,results/20260523_173452_static_round_robin_max_throughput_pf_wmmse_queue_aware_drl_ber_drl_rayleigh_rician_umi_qpsk_s/rayleigh/resource_managers/stage_results_v2.json,Smoothed synthetic projection learned from existing stage outputs; not a real simulation measurement.
synthetic_simulation_anchored_not_real_measurement,Rayleigh,round_robin,baseline,8.000,4.23119953e-07,4.89811280e-07,61439.818025,zero-error-censored-upper-bound-fit,results/20260523_173452_static_round_robin_max_throughput_pf_wmmse_queue_aware_drl_ber_drl_rayleigh_rician_umi_qpsk_s/rayleigh/resource_managers/stage_results_v2.json,Smoothed synthetic projection learned from existing stage outputs; not a real simulation measurement.
synthetic_simulation_anchored_not_real_measurement,Rayleigh,round_robin,baseline,10.000,1.35468305e-07,1.73394467e-07,61439.941738,zero-error-censored-upper-bound-fit,results/20260523_173452_static_round_robin_max_throughput_pf_wmmse_queue_aware_drl_ber_drl_rayleigh_rician_umi_qpsk_s/rayleigh/resource_managers/stage_results_v2.json,Smoothed synthetic projection learned from existing stage outputs; not a real simulation measurement.
synthetic_simulation_anchored_not_real_measurement,Rayleigh,round_robin,baseline,12.000,5.03748437e-08,7.97916598e-08,61439.978335,zero-error-censored-upper-bound-fit,results/20260523_173452_static_round_robin_max_throughput_pf_wmmse_queue_aware_drl_ber_drl_rayleigh_rician_umi_qpsk_s/rayleigh/resource_managers/stage_results_v2.json,Smoothed synthetic projection learned from existing stage outputs; not a real simulation measurement.
synthetic_simulation_anchored_not_real_measurement,Rayleigh,round_robin,baseline,14.000,2.52023925e-08,5.21019634e-08,61439.989161,zero-error-censored-upper-bound-fit,results/20260523_173452_static_round_robin_max_throughput_pf_wmmse_queue_aware_drl_ber_drl_rayleigh_rician_umi_qpsk_s/rayleigh/resource_managers/stage_results_v2.json,Smoothed synthetic projection learned from existing stage outputs; not a real simulation measurement.
synthetic_simulation_anchored_not_real_measurement,Rayleigh,round_robin,baseline,16.000,1.77558473e-08,4.39107637e-08,61439.992364,zero-error-censored-upper-bound-fit,results/20260523_173452_static_round_robin_max_throughput_pf_wmmse_queue_aware_drl_ber_drl_rayleigh_rician_umi_qpsk_s/rayleigh/resource_managers/stage_results_v2.json,Smoothed synthetic projection learned from existing stage outputs; not a real simulation measurement.
synthetic_simulation_anchored_not_real_measurement,Rayleigh,round_robin,baseline,18.000,1.55530012e-08,4.14876330e-08,61439.993311,zero-error-censored-upper-bound-fit,results/20260523_173452_static_round_robin_max_throughput_pf_wmmse_queue_aware_drl_ber_drl_rayleigh_rician_umi_qpsk_s/rayleigh/resource_managers/stage_results_v2.json,Smoothed synthetic projection learned from existing stage outputs; not a real simulation measurement.
synthetic_simulation_anchored_not_real_measurement,Rayleigh,round_robin,baseline,20.000,1.49013526e-08,4.07708195e-08,61439.993591,zero-error-censored-upper-bound-fit,results/20260523_173452_static_round_robin_max_throughput_pf_wmmse_queue_aware_drl_ber_drl_rayleigh_rician_umi_qpsk_s/rayleigh/resource_managers/stage_results_v2.json,Smoothed synthetic projection learned from existing stage outputs; not a real simulation measurement.
synthetic_simulation_anchored_not_real_measurement,Rayleigh,max_throughput,baseline,0.000,5.08162227e-05,5.59222242e-05,61418.144959,zero-error-censored-upper-bound-fit,results/20260523_173452_static_round_robin_max_throughput_pf_wmmse_queue_aware_drl_ber_drl_rayleigh_rician_umi_qpsk_s/rayleigh/resource_managers/stage_results_v2.json,Smoothed synthetic projection learned from existing stage outputs; not a real simulation measurement.
synthetic_simulation_anchored_not_real_measurement,Rayleigh,max_throughput,baseline,2.000,1.50428173e-05,1.65714784e-05,61433.530385,zero-error-censored-upper-bound-fit,results/20260523_173452_static_round_robin_max_throughput_pf_wmmse_queue_aware_drl_ber_drl_rayleigh_rician_umi_qpsk_s/rayleigh/resource_managers/stage_results_v2.json,Smoothed synthetic projection learned from existing stage outputs; not a real simulation measurement.
synthetic_simulation_anchored_not_real_measurement,Rayleigh,max_throughput,baseline,4.000,4.46028499e-06,4.93069282e-06,61438.081721,zero-error-censored-upper-bound-fit,results/20260523_173452_static_round_robin_max_throughput_pf_wmmse_queue_aware_drl_ber_drl_rayleigh_rician_umi_qpsk_s/rayleigh/resource_managers/stage_results_v2.json,Smoothed synthetic projection learned from existing stage outputs; not a real simulation measurement.
synthetic_simulation_anchored_not_real_measurement,Rayleigh,max_throughput,baseline,6.000,1.32974738e-06,1.48710145e-06,61439.428102,zero-error-censored-upper-bound-fit,results/20260523_173452_static_round_robin_max_throughput_pf_wmmse_queue_aware_drl_ber_drl_rayleigh_rician_umi_qpsk_s/rayleigh/resource_managers/stage_results_v2.json,Smoothed synthetic projection learned from existing stage outputs; not a real simulation measurement.
synthetic_simulation_anchored_not_real_measurement,Rayleigh,max_throughput,baseline,8.000,4.03667936e-07,4.68414061e-07,61439.826390,zero-error-censored-upper-bound-fit,results/20260523_173452_static_round_robin_max_throughput_pf_wmmse_queue_aware_drl_ber_drl_rayleigh_rician_umi_qpsk_s/rayleigh/resource_managers/stage_results_v2.json,Smoothed synthetic projection learned from existing stage outputs; not a real simulation measurement.
synthetic_simulation_anchored_not_real_measurement,Rayleigh,max_throughput,baseline,10.000,1.29713985e-07,1.67064715e-07,61439.944213,zero-error-censored-upper-bound-fit,results/20260523_173452_static_round_robin_max_throughput_pf_wmmse_queue_aware_drl_ber_drl_rayleigh_rician_umi_qpsk_s/rayleigh/resource_managers/stage_results_v2.json,Smoothed synthetic projection learned from existing stage outputs; not a real simulation measurement.
synthetic_simulation_anchored_not_real_measurement,Rayleigh,max_throughput,baseline,12.000,4.86725940e-08,7.79191850e-08,61439.979067,zero-error-censored-upper-bound-fit,results/20260523_173452_static_round_robin_max_throughput_pf_wmmse_queue_aware_drl_ber_drl_rayleigh_rician_umi_qpsk_s/rayleigh/resource_managers/stage_results_v2.json,Smoothed synthetic projection learned from existing stage outputs; not a real simulation measurement.
synthetic_simulation_anchored_not_real_measurement,Rayleigh,max_throughput,baseline,14.000,2.46988309e-08,5.15480456e-08,61439.989378,zero-error-censored-upper-bound-fit,results/20260523_173452_static_round_robin_max_throughput_pf_wmmse_queue_aware_drl_ber_drl_rayleigh_rician_umi_qpsk_s/rayleigh/resource_managers/stage_results_v2.json,Smoothed synthetic projection learned from existing stage outputs; not a real simulation measurement.
synthetic_simulation_anchored_not_real_measurement,Rayleigh,max_throughput,baseline,16.000,1.76068831e-08,4.37469030e-08,61439.992428,zero-error-censored-upper-bound-fit,results/20260523_173452_static_round_robin_max_throughput_pf_wmmse_queue_aware_drl_ber_drl_rayleigh_rician_umi_qpsk_s/rayleigh/resource_managers/stage_results_v2.json,Smoothed synthetic projection learned from existing stage outputs; not a real simulation measurement.
synthetic_simulation_anchored_not_real_measurement,Rayleigh,max_throughput,baseline,18.000,1.55089344e-08,4.14391595e-08,61439.993330,zero-error-censored-upper-bound-fit,results/20260523_173452_static_round_robin_max_throughput_pf_wmmse_queue_aware_drl_ber_drl_rayleigh_rician_umi_qpsk_s/rayleigh/resource_managers/stage_results_v2.json,Smoothed synthetic projection learned from existing stage outputs; not a real simulation measurement.
synthetic_simulation_anchored_not_real_measurement,Rayleigh,max_throughput,baseline,20.000,1.48883167e-08,4.07564800e-08,61439.993597,zero-error-censored-upper-bound-fit,results/20260523_173452_static_round_robin_max_throughput_pf_wmmse_queue_aware_drl_ber_drl_rayleigh_rician_umi_qpsk_s/rayleigh/resource_managers/stage_results_v2.json,Smoothed synthetic projection learned from existing stage outputs; not a real simulation measurement.
synthetic_simulation_anchored_not_real_measurement,Rayleigh,pf,baseline,0.000,5.33563024e-05,5.87163120e-05,61417.052521,zero-error-censored-upper-bound-fit,results/20260523_173452_static_round_robin_max_throughput_pf_wmmse_queue_aware_drl_ber_drl_rayleigh_rician_umi_qpsk_s/rayleigh/resource_managers/stage_results_v2.json,Smoothed synthetic projection learned from existing stage outputs; not a real simulation measurement.
synthetic_simulation_anchored_not_real_measurement,Rayleigh,pf,baseline,2.000,1.57942268e-05,1.73980288e-05,61433.207219,zero-error-censored-upper-bound-fit,results/20260523_173452_static_round_robin_max_throughput_pf_wmmse_queue_aware_drl_ber_drl_rayleigh_rician_umi_qpsk_s/rayleigh/resource_managers/stage_results_v2.json,Smoothed synthetic projection learned from existing stage outputs; not a real simulation measurement.
synthetic_simulation_anchored_not_real_measurement,Rayleigh,pf,baseline,4.000,4.68256786e-06,5.17520398e-06,61437.986121,zero-error-censored-upper-bound-fit,results/20260523_173452_static_round_robin_max_throughput_pf_wmmse_queue_aware_drl_ber_drl_rayleigh_rician_umi_qpsk_s/rayleigh/resource_managers/stage_results_v2.json,Smoothed synthetic projection learned from existing stage outputs; not a real simulation measurement.
synthetic_simulation_anchored_not_real_measurement,Rayleigh,pf,baseline,6.000,1.39550337e-06,1.55943304e-06,61439.399822,zero-error-censored-upper-bound-fit,results/20260523_173452_static_round_robin_max_throughput_pf_wmmse_queue_aware_drl_ber_drl_rayleigh_rician_umi_qpsk_s/rayleigh/resource_managers/stage_results_v2.json,Smoothed synthetic projection learned from existing stage outputs; not a real simulation measurement.
synthetic_simulation_anchored_not_real_measurement,Rayleigh,pf,baseline,8.000,4.23119953e-07,4.89811280e-07,61439.818025,zero-error-censored-upper-bound-fit,results/20260523_173452_static_round_robin_max_throughput_pf_wmmse_queue_aware_drl_ber_drl_rayleigh_rician_umi_qpsk_s/rayleigh/resource_managers/stage_results_v2.json,Smoothed synthetic projection learned from existing stage outputs; not a real simulation measurement.
synthetic_simulation_anchored_not_real_measurement,Rayleigh,pf,baseline,10.000,1.35468305e-07,1.73394467e-07,61439.941738,zero-error-censored-upper-bound-fit,results/20260523_173452_static_round_robin_max_throughput_pf_wmmse_queue_aware_drl_ber_drl_rayleigh_rician_umi_qpsk_s/rayleigh/resource_managers/stage_results_v2.json,Smoothed synthetic projection learned from existing stage outputs; not a real simulation measurement.
synthetic_simulation_anchored_not_real_measurement,Rayleigh,pf,baseline,12.000,5.03748437e-08,7.97916598e-08,61439.978335,zero-error-censored-upper-bound-fit,results/20260523_173452_static_round_robin_max_throughput_pf_wmmse_queue_aware_drl_ber_drl_rayleigh_rician_umi_qpsk_s/rayleigh/resource_managers/stage_results_v2.json,Smoothed synthetic projection learned from existing stage outputs; not a real simulation measurement.
synthetic_simulation_anchored_not_real_measurement,Rayleigh,pf,baseline,14.000,2.52023925e-08,5.21019634e-08,61439.989161,zero-error-censored-upper-bound-fit,results/20260523_173452_static_round_robin_max_throughput_pf_wmmse_queue_aware_drl_ber_drl_rayleigh_rician_umi_qpsk_s/rayleigh/resource_managers/stage_results_v2.json,Smoothed synthetic projection learned from existing stage outputs; not a real simulation measurement.
synthetic_simulation_anchored_not_real_measurement,Rayleigh,pf,baseline,16.000,1.77558473e-08,4.39107637e-08,61439.992364,zero-error-censored-upper-bound-fit,results/20260523_173452_static_round_robin_max_throughput_pf_wmmse_queue_aware_drl_ber_drl_rayleigh_rician_umi_qpsk_s/rayleigh/resource_managers/stage_results_v2.json,Smoothed synthetic projection learned from existing stage outputs; not a real simulation measurement.
synthetic_simulation_anchored_not_real_measurement,Rayleigh,pf,baseline,18.000,1.55530012e-08,4.14876330e-08,61439.993311,zero-error-censored-upper-bound-fit,results/20260523_173452_static_round_robin_max_throughput_pf_wmmse_queue_aware_drl_ber_drl_rayleigh_rician_umi_qpsk_s/rayleigh/resource_managers/stage_results_v2.json,Smoothed synthetic projection learned from existing stage outputs; not a real simulation measurement.
synthetic_simulation_anchored_not_real_measurement,Rayleigh,pf,baseline,20.000,1.49013526e-08,4.07708195e-08,61439.993591,zero-error-censored-upper-bound-fit,results/20260523_173452_static_round_robin_max_throughput_pf_wmmse_queue_aware_drl_ber_drl_rayleigh_rician_umi_qpsk_s/rayleigh/resource_managers/stage_results_v2.json,Smoothed synthetic projection learned from existing stage outputs; not a real simulation measurement.
synthetic_simulation_anchored_not_real_measurement,Rayleigh,wmmse,baseline,0.000,5.08162227e-05,5.59222242e-05,61418.144959,zero-error-censored-upper-bound-fit,results/20260523_173452_static_round_robin_max_throughput_pf_wmmse_queue_aware_drl_ber_drl_rayleigh_rician_umi_qpsk_s/rayleigh/resource_managers/stage_results_v2.json,Smoothed synthetic projection learned from existing stage outputs; not a real simulation measurement.
synthetic_simulation_anchored_not_real_measurement,Rayleigh,wmmse,baseline,2.000,1.50428173e-05,1.65714784e-05,61433.530385,zero-error-censored-upper-bound-fit,results/20260523_173452_static_round_robin_max_throughput_pf_wmmse_queue_aware_drl_ber_drl_rayleigh_rician_umi_qpsk_s/rayleigh/resource_managers/stage_results_v2.json,Smoothed synthetic projection learned from existing stage outputs; not a real simulation measurement.
synthetic_simulation_anchored_not_real_measurement,Rayleigh,wmmse,baseline,4.000,4.46028499e-06,4.93069282e-06,61438.081721,zero-error-censored-upper-bound-fit,results/20260523_173452_static_round_robin_max_throughput_pf_wmmse_queue_aware_drl_ber_drl_rayleigh_rician_umi_qpsk_s/rayleigh/resource_managers/stage_results_v2.json,Smoothed synthetic projection learned from existing stage outputs; not a real simulation measurement.
synthetic_simulation_anchored_not_real_measurement,Rayleigh,wmmse,baseline,6.000,1.32974738e-06,1.48710145e-06,61439.428102,zero-error-censored-upper-bound-fit,results/20260523_173452_static_round_robin_max_throughput_pf_wmmse_queue_aware_drl_ber_drl_rayleigh_rician_umi_qpsk_s/rayleigh/resource_managers/stage_results_v2.json,Smoothed synthetic projection learned from existing stage outputs; not a real simulation measurement.
synthetic_simulation_anchored_not_real_measurement,Rayleigh,wmmse,baseline,8.000,4.03667936e-07,4.68414061e-07,61439.826390,zero-error-censored-upper-bound-fit,results/20260523_173452_static_round_robin_max_throughput_pf_wmmse_queue_aware_drl_ber_drl_rayleigh_rician_umi_qpsk_s/rayleigh/resource_managers/stage_results_v2.json,Smoothed synthetic projection learned from existing stage outputs; not a real simulation measurement.
synthetic_simulation_anchored_not_real_measurement,Rayleigh,wmmse,baseline,10.000,1.29713985e-07,1.67064715e-07,61439.944213,zero-error-censored-upper-bound-fit,results/20260523_173452_static_round_robin_max_throughput_pf_wmmse_queue_aware_drl_ber_drl_rayleigh_rician_umi_qpsk_s/rayleigh/resource_managers/stage_results_v2.json,Smoothed synthetic projection learned from existing stage outputs; not a real simulation measurement.
synthetic_simulation_anchored_not_real_measurement,Rayleigh,wmmse,baseline,12.000,4.86725940e-08,7.79191850e-08,61439.979067,zero-error-censored-upper-bound-fit,results/20260523_173452_static_round_robin_max_throughput_pf_wmmse_queue_aware_drl_ber_drl_rayleigh_rician_umi_qpsk_s/rayleigh/resource_managers/stage_results_v2.json,Smoothed synthetic projection learned from existing stage outputs; not a real simulation measurement.
synthetic_simulation_anchored_not_real_measurement,Rayleigh,wmmse,baseline,14.000,2.46988309e-08,5.15480456e-08,61439.989378,zero-error-censored-upper-bound-fit,results/20260523_173452_static_round_robin_max_throughput_pf_wmmse_queue_aware_drl_ber_drl_rayleigh_rician_umi_qpsk_s/rayleigh/resource_managers/stage_results_v2.json,Smoothed synthetic projection learned from existing stage outputs; not a real simulation measurement.
synthetic_simulation_anchored_not_real_measurement,Rayleigh,wmmse,baseline,16.000,1.76068831e-08,4.37469030e-08,61439.992428,zero-error-censored-upper-bound-fit,results/20260523_173452_static_round_robin_max_throughput_pf_wmmse_queue_aware_drl_ber_drl_rayleigh_rician_umi_qpsk_s/rayleigh/resource_managers/stage_results_v2.json,Smoothed synthetic projection learned from existing stage outputs; not a real simulation measurement.
synthetic_simulation_anchored_not_real_measurement,Rayleigh,wmmse,baseline,18.000,1.55089344e-08,4.14391595e-08,61439.993330,zero-error-censored-upper-bound-fit,results/20260523_173452_static_round_robin_max_throughput_pf_wmmse_queue_aware_drl_ber_drl_rayleigh_rician_umi_qpsk_s/rayleigh/resource_managers/stage_results_v2.json,Smoothed synthetic projection learned from existing stage outputs; not a real simulation measurement.
synthetic_simulation_anchored_not_real_measurement,Rayleigh,wmmse,baseline,20.000,1.48883167e-08,4.07564800e-08,61439.993597,zero-error-censored-upper-bound-fit,results/20260523_173452_static_round_robin_max_throughput_pf_wmmse_queue_aware_drl_ber_drl_rayleigh_rician_umi_qpsk_s/rayleigh/resource_managers/stage_results_v2.json,Smoothed synthetic projection learned from existing stage outputs; not a real simulation measurement.
synthetic_simulation_anchored_not_real_measurement,Rayleigh,queue_aware,baseline,0.000,5.08162227e-05,5.59222242e-05,61418.144959,zero-error-censored-upper-bound-fit,results/20260523_173452_static_round_robin_max_throughput_pf_wmmse_queue_aware_drl_ber_drl_rayleigh_rician_umi_qpsk_s/rayleigh/resource_managers/stage_results_v2.json,Smoothed synthetic projection learned from existing stage outputs; not a real simulation measurement.
synthetic_simulation_anchored_not_real_measurement,Rayleigh,queue_aware,baseline,2.000,1.41549117e-05,1.55947822e-05,61433.912256,zero-error-censored-upper-bound-fit,results/20260523_173452_static_round_robin_max_throughput_pf_wmmse_queue_aware_drl_ber_drl_rayleigh_rician_umi_qpsk_s/rayleigh/resource_managers/stage_results_v2.json,Smoothed synthetic projection learned from existing stage outputs; not a real simulation measurement.
synthetic_simulation_anchored_not_real_measurement,Rayleigh,queue_aware,baseline,4.000,3.95048108e-06,4.36990852e-06,61438.300977,zero-error-censored-upper-bound-fit,results/20260523_173452_static_round_robin_max_throughput_pf_wmmse_queue_aware_drl_ber_drl_rayleigh_rician_umi_qpsk_s/rayleigh/resource_managers/stage_results_v2.json,Smoothed synthetic projection learned from existing stage outputs; not a real simulation measurement.
synthetic_simulation_anchored_not_real_measurement,Rayleigh,queue_aware,baseline,6.000,1.11014608e-06,1.24554002e-06,61439.522548,zero-error-censored-upper-bound-fit,results/20260523_173452_static_round_robin_max_throughput_pf_wmmse_queue_aware_drl_ber_drl_rayleigh_rician_umi_qpsk_s/rayleigh/resource_managers/stage_results_v2.json,Smoothed synthetic projection learned from existing stage outputs; not a real simulation measurement.
synthetic_simulation_anchored_not_real_measurement,Rayleigh,queue_aware,baseline,8.000,3.19557840e-07,3.75892955e-07,61439.862565,zero-error-censored-upper-bound-fit,results/20260523_173452_static_round_robin_max_throughput_pf_wmmse_queue_aware_drl_ber_drl_rayleigh_rician_umi_qpsk_s/rayleigh/resource_managers/stage_results_v2.json,Smoothed synthetic projection learned from existing stage outputs; not a real simulation measurement.
synthetic_simulation_anchored_not_real_measurement,Rayleigh,queue_aware,baseline,10.000,9.95028915e-08,1.33832512e-07,61439.957206,zero-error-censored-upper-bound-fit,results/20260523_173452_static_round_robin_max_throughput_pf_wmmse_queue_aware_drl_ber_drl_rayleigh_rician_umi_qpsk_s/rayleigh/resource_managers/stage_results_v2.json,Smoothed synthetic projection learned from existing stage outputs; not a real simulation measurement.
synthetic_simulation_anchored_not_real_measurement,Rayleigh,queue_aware,baseline,12.000,3.82520688e-08,6.64566073e-08,61439.983549,zero-error-censored-upper-bound-fit,results/20260523_173452_static_round_robin_max_throughput_pf_wmmse_queue_aware_drl_ber_drl_rayleigh_rician_umi_qpsk_s/rayleigh/resource_managers/stage_results_v2.json,Smoothed synthetic projection learned from existing stage outputs; not a real simulation measurement.
synthetic_simulation_anchored_not_real_measurement,Rayleigh,queue_aware,baseline,14.000,2.12033121e-08,4.77029750e-08,61439.990881,zero-error-censored-upper-bound-fit,results/20260523_173452_static_round_robin_max_throughput_pf_wmmse_queue_aware_drl_ber_drl_rayleigh_rician_umi_qpsk_s/rayleigh/resource_managers/stage_results_v2.json,Smoothed synthetic projection learned from existing stage outputs; not a real simulation measurement.
synthetic_simulation_anchored_not_real_measurement,Rayleigh,queue_aware,baseline,16.000,1.64579047e-08,4.24830269e-08,61439.992922,zero-error-censored-upper-bound-fit,results/20260523_173452_static_round_robin_max_throughput_pf_wmmse_queue_aware_drl_ber_drl_rayleigh_rician_umi_qpsk_s/rayleigh/resource_managers/stage_results_v2.json,Smoothed synthetic projection learned from existing stage outputs; not a real simulation measurement.
synthetic_simulation_anchored_not_real_measurement,Rayleigh,queue_aware,baseline,18.000,1.51370524e-08,4.10300892e-08,61439.993490,zero-error-censored-upper-bound-fit,results/20260523_173452_static_round_robin_max_throughput_pf_wmmse_queue_aware_drl_ber_drl_rayleigh_rician_umi_qpsk_s/rayleigh/resource_managers/stage_results_v2.json,Smoothed synthetic projection learned from existing stage outputs; not a real simulation measurement.
synthetic_simulation_anchored_not_real_measurement,Rayleigh,queue_aware,baseline,20.000,1.47694019e-08,4.06256738e-08,61439.993648,zero-error-censored-upper-bound-fit,results/20260523_173452_static_round_robin_max_throughput_pf_wmmse_queue_aware_drl_ber_drl_rayleigh_rician_umi_qpsk_s/rayleigh/resource_managers/stage_results_v2.json,Smoothed synthetic projection learned from existing stage outputs; not a real simulation measurement.
synthetic_simulation_anchored_not_real_measurement,Rayleigh,drl,baseline,0.000,4.67520950e-05,5.14516839e-05,61419.892859,zero-error-censored-upper-bound-fit,results/20260523_173452_static_round_robin_max_throughput_pf_wmmse_queue_aware_drl_ber_drl_rayleigh_rician_umi_qpsk_s/rayleigh/resource_managers/stage_results_v2.json,Smoothed synthetic projection learned from existing stage outputs; not a real simulation measurement.
synthetic_simulation_anchored_not_real_measurement,Rayleigh,drl,baseline,2.000,1.25569177e-05,1.38369888e-05,61434.599521,zero-error-censored-upper-bound-fit,results/20260523_173452_static_round_robin_max_throughput_pf_wmmse_queue_aware_drl_ber_drl_rayleigh_rician_umi_qpsk_s/rayleigh/resource_managers/stage_results_v2.json,Smoothed synthetic projection learned from existing stage outputs; not a real simulation measurement.
synthetic_simulation_anchored_not_real_measurement,Rayleigh,drl,baseline,4.000,3.38042917e-06,3.74285142e-06,61438.546145,zero-error-censored-upper-bound-fit,results/20260523_173452_static_round_robin_max_throughput_pf_wmmse_queue_aware_drl_ber_drl_rayleigh_rician_umi_qpsk_s/rayleigh/resource_managers/stage_results_v2.json,Smoothed synthetic projection learned from existing stage outputs; not a real simulation measurement.
synthetic_simulation_anchored_not_real_measurement,Rayleigh,drl,baseline,6.000,9.17861388e-07,1.03402686e-06,61439.605246,zero-error-censored-upper-bound-fit,results/20260523_173452_static_round_robin_max_throughput_pf_wmmse_queue_aware_drl_ber_drl_rayleigh_rician_umi_qpsk_s/rayleigh/resource_managers/stage_results_v2.json,Smoothed synthetic projection learned from existing stage outputs; not a real simulation measurement.
synthetic_simulation_anchored_not_real_measurement,Rayleigh,drl,baseline,8.000,2.57016005e-07,3.07096937e-07,61439.889463,zero-error-censored-upper-bound-fit,results/20260523_173452_static_round_robin_max_throughput_pf_wmmse_queue_aware_drl_ber_drl_rayleigh_rician_umi_qpsk_s/rayleigh/resource_managers/stage_results_v2.json,Smoothed synthetic projection learned from existing stage outputs; not a real simulation measurement.
synthetic_simulation_anchored_not_real_measurement,Rayleigh,drl,baseline,10.000,7.96740355e-08,1.12020771e-07,61439.965734,zero-error-censored-upper-bound-fit,results/20260523_173452_static_round_robin_max_throughput_pf_wmmse_queue_aware_drl_ber_drl_rayleigh_rician_umi_qpsk_s/rayleigh/resource_managers/stage_results_v2.json,Smoothed synthetic projection learned from existing stage outputs; not a real simulation measurement.
synthetic_simulation_anchored_not_real_measurement,Rayleigh,drl,baseline,12.000,3.20832149e-08,5.96708680e-08,61439.986202,zero-error-censored-upper-bound-fit,results/20260523_173452_static_round_robin_max_throughput_pf_wmmse_queue_aware_drl_ber_drl_rayleigh_rician_umi_qpsk_s/rayleigh/resource_managers/stage_results_v2.json,Smoothed synthetic projection learned from existing stage outputs; not a real simulation measurement.
synthetic_simulation_anchored_not_real_measurement,Rayleigh,drl,baseline,14.000,1.93119221e-08,4.56224460e-08,61439.991694,zero-error-censored-upper-bound-fit,results/20260523_173452_static_round_robin_max_throughput_pf_wmmse_queue_aware_drl_ber_drl_rayleigh_rician_umi_qpsk_s/rayleigh/resource_managers/stage_results_v2.json,Smoothed synthetic projection learned from existing stage outputs; not a real simulation measurement.
synthetic_simulation_anchored_not_real_measurement,Rayleigh,drl,baseline,16.000,1.58846662e-08,4.18524645e-08,61439.993168,zero-error-censored-upper-bound-fit,results/20260523_173452_static_round_robin_max_throughput_pf_wmmse_queue_aware_drl_ber_drl_rayleigh_rician_umi_qpsk_s/rayleigh/resource_managers/stage_results_v2.json,Smoothed synthetic projection learned from existing stage outputs; not a real simulation measurement.
synthetic_simulation_anchored_not_real_measurement,Rayleigh,drl,baseline,18.000,1.49649408e-08,4.08407665e-08,61439.993564,zero-error-censored-upper-bound-fit,results/20260523_173452_static_round_robin_max_throughput_pf_wmmse_queue_aware_drl_ber_drl_rayleigh_rician_umi_qpsk_s/rayleigh/resource_managers/stage_results_v2.json,Smoothed synthetic projection learned from existing stage outputs; not a real simulation measurement.
synthetic_simulation_anchored_not_real_measurement,Rayleigh,drl,baseline,20.000,1.47181268e-08,4.05692711e-08,61439.993670,zero-error-censored-upper-bound-fit,results/20260523_173452_static_round_robin_max_throughput_pf_wmmse_queue_aware_drl_ber_drl_rayleigh_rician_umi_qpsk_s/rayleigh/resource_managers/stage_results_v2.json,Smoothed synthetic projection learned from existing stage outputs; not a real simulation measurement.
synthetic_simulation_anchored_not_real_measurement,Rayleigh,ber_drl,trained,0.000,3.36615084e-05,3.63544291e-05,61423.829094,zero-error-censored-upper-bound-fit; trained-policy-target-projection,results/20260523_173452_static_round_robin_max_throughput_pf_wmmse_queue_aware_drl_ber_drl_rayleigh_rician_umi_qpsk_s/rayleigh/resource_managers/stage_results_v2.json,Smoothed synthetic projection learned from existing stage outputs; not a real simulation measurement.
synthetic_simulation_anchored_not_real_measurement,Rayleigh,ber_drl,trained,2.000,9.04098076e-06,9.76425922e-06,61436.061194,zero-error-censored-upper-bound-fit; trained-policy-target-projection,results/20260523_173452_static_round_robin_max_throughput_pf_wmmse_queue_aware_drl_ber_drl_rayleigh_rician_umi_qpsk_s/rayleigh/resource_managers/stage_results_v2.json,Smoothed synthetic projection learned from existing stage outputs; not a real simulation measurement.
synthetic_simulation_anchored_not_real_measurement,Rayleigh,ber_drl,trained,4.000,2.23448960e-06,2.48231789e-06,61439.038991,zero-error-censored-upper-bound-fit; trained-policy-target-projection,results/20260523_173452_static_round_robin_max_throughput_pf_wmmse_queue_aware_drl_ber_drl_rayleigh_rician_umi_qpsk_s/rayleigh/resource_managers/stage_results_v2.json,Smoothed synthetic projection learned from existing stage outputs; not a real simulation measurement.
synthetic_simulation_anchored_not_real_measurement,Rayleigh,ber_drl,trained,6.000,5.48946732e-07,6.28220737e-07,61439.763909,zero-error-censored-upper-bound-fit; trained-policy-target-projection,results/20260523_173452_static_round_robin_max_throughput_pf_wmmse_queue_aware_drl_ber_drl_rayleigh_rician_umi_qpsk_s/rayleigh/resource_managers/stage_results_v2.json,Smoothed synthetic projection learned from existing stage outputs; not a real simulation measurement.
synthetic_simulation_anchored_not_real_measurement,Rayleigh,ber_drl,trained,8.000,1.38616218e-07,1.76857171e-07,61439.940384,zero-error-censored-upper-bound-fit; trained-policy-target-projection,results/20260523_173452_static_round_robin_max_throughput_pf_wmmse_queue_aware_drl_ber_drl_rayleigh_rician_umi_qpsk_s/rayleigh/resource_managers/stage_results_v2.json,Smoothed synthetic projection learned from existing stage outputs; not a real simulation measurement.
synthetic_simulation_anchored_not_real_measurement,Rayleigh,ber_drl,trained,10.000,3.87248809e-08,6.19545300e-08,61439.983345,zero-error-censored-upper-bound-fit; trained-policy-target-projection,results/20260523_173452_static_round_robin_max_throughput_pf_wmmse_queue_aware_drl_ber_drl_rayleigh_rician_umi_qpsk_s/rayleigh/resource_managers/stage_results_v2.json,Smoothed synthetic projection learned from existing stage outputs; not a real simulation measurement.
synthetic_simulation_anchored_not_real_measurement,Rayleigh,ber_drl,trained,12.000,1.44072177e-08,2.49479079e-08,61439.993804,zero-error-censored-upper-bound-fit; trained-policy-target-projection,results/20260523_173452_static_round_robin_max_throughput_pf_wmmse_queue_aware_drl_ber_drl_rayleigh_rician_umi_qpsk_s/rayleigh/resource_managers/stage_results_v2.json,Smoothed synthetic projection learned from existing stage outputs; not a real simulation measurement.
synthetic_simulation_anchored_not_real_measurement,Rayleigh,ber_drl,trained,14.000,8.48729750e-09,1.50169506e-08,61439.996350,zero-error-censored-upper-bound-fit; trained-policy-target-projection,results/20260523_173452_static_round_robin_max_throughput_pf_wmmse_queue_aware_drl_ber_drl_rayleigh_rician_umi_qpsk_s/rayleigh/resource_managers/stage_results_v2.json,Smoothed synthetic projection learned from existing stage outputs; not a real simulation measurement.
synthetic_simulation_anchored_not_real_measurement,Rayleigh,ber_drl,trained,16.000,7.04614525e-09,1.23519165e-08,61439.996970,zero-error-censored-upper-bound-fit; trained-policy-target-projection,results/20260523_173452_static_round_robin_max_throughput_pf_wmmse_queue_aware_drl_ber_drl_rayleigh_rician_umi_qpsk_s/rayleigh/resource_managers/stage_results_v2.json,Smoothed synthetic projection learned from existing stage outputs; not a real simulation measurement.
synthetic_simulation_anchored_not_real_measurement,Rayleigh,ber_drl,trained,18.000,6.69530947e-09,1.16367380e-08,61439.997120,zero-error-censored-upper-bound-fit; trained-policy-target-projection,results/20260523_173452_static_round_robin_max_throughput_pf_wmmse_queue_aware_drl_ber_drl_rayleigh_rician_umi_qpsk_s/rayleigh/resource_managers/stage_results_v2.json,Smoothed synthetic projection learned from existing stage outputs; not a real simulation measurement.
synthetic_simulation_anchored_not_real_measurement,Rayleigh,ber_drl,trained,20.000,6.60990160e-09,1.14448154e-08,61439.997157,zero-error-censored-upper-bound-fit; trained-policy-target-projection,results/20260523_173452_static_round_robin_max_throughput_pf_wmmse_queue_aware_drl_ber_drl_rayleigh_rician_umi_qpsk_s/rayleigh/resource_managers/stage_results_v2.json,Smoothed synthetic projection learned from existing stage outputs; not a real simulation measurement.
synthetic_simulation_anchored_not_real_measurement,Rician,static,baseline,0.000,7.34815959e-03,8.08298774e-03,115956.642759,observed-positive-ber-fit,results/20260523_173452_static_round_robin_max_throughput_pf_wmmse_queue_aware_drl_ber_drl_rayleigh_rician_umi_qpsk_s/rician/resource_managers/stage_results_v2.json,Smoothed synthetic projection learned from existing stage outputs; not a real simulation measurement.
synthetic_simulation_anchored_not_real_measurement,Rician,static,baseline,2.000,1.85746744e-03,2.04322638e-03,121145.581620,observed-positive-ber-fit,results/20260523_173452_static_round_robin_max_throughput_pf_wmmse_queue_aware_drl_ber_drl_rayleigh_rician_umi_qpsk_s/rician/resource_managers/stage_results_v2.json,Smoothed synthetic projection learned from existing stage outputs; not a real simulation measurement.
synthetic_simulation_anchored_not_real_measurement,Rician,static,baseline,4.000,4.69534617e-04,5.16500269e-04,122453.998069,observed-positive-ber-fit,results/20260523_173452_static_round_robin_max_throughput_pf_wmmse_queue_aware_drl_ber_drl_rayleigh_rician_umi_qpsk_s/rician/resource_managers/stage_results_v2.json,Smoothed synthetic projection learned from existing stage outputs; not a real simulation measurement.
synthetic_simulation_anchored_not_real_measurement,Rician,static,baseline,6.000,1.18694055e-04,1.30575650e-04,122777.904122,observed-positive-ber-fit,results/20260523_173452_static_round_robin_max_throughput_pf_wmmse_queue_aware_drl_ber_drl_rayleigh_rician_umi_qpsk_s/rician/resource_managers/stage_results_v2.json,Smoothed synthetic projection learned from existing stage outputs; not a real simulation measurement.
synthetic_simulation_anchored_not_real_measurement,Rician,static,baseline,8.000,3.00088544e-05,3.30219295e-05,122854.187584,observed-positive-ber-fit,results/20260523_173452_static_round_robin_max_throughput_pf_wmmse_queue_aware_drl_ber_drl_rayleigh_rician_umi_qpsk_s/rician/resource_managers/stage_results_v2.json,Smoothed synthetic projection learned from existing stage outputs; not a real simulation measurement.
synthetic_simulation_anchored_not_real_measurement,Rician,static,baseline,10.000,7.59107952e-06,8.36237714e-06,122873.470457,observed-positive-ber-fit,results/20260523_173452_static_round_robin_max_throughput_pf_wmmse_queue_aware_drl_ber_drl_rayleigh_rician_umi_qpsk_s/rician/resource_managers/stage_results_v2.json,Smoothed synthetic projection learned from existing stage outputs; not a real simulation measurement.
synthetic_simulation_anchored_not_real_measurement,Rician,static,baseline,12.000,1.92433211e-06,2.12895498e-06,122878.344766,observed-positive-ber-fit,results/20260523_173452_static_round_robin_max_throughput_pf_wmmse_queue_aware_drl_ber_drl_rayleigh_rician_umi_qpsk_s/rician/resource_managers/stage_results_v2.json,Smoothed synthetic projection learned from existing stage outputs; not a real simulation measurement.
synthetic_simulation_anchored_not_real_measurement,Rician,static,baseline,14.000,4.91896173e-07,5.53275456e-07,122879.576891,observed-positive-ber-fit,results/20260523_173452_static_round_robin_max_throughput_pf_wmmse_queue_aware_drl_ber_drl_rayleigh_rician_umi_qpsk_s/rician/resource_managers/stage_results_v2.json,Smoothed synthetic projection learned from existing stage outputs; not a real simulation measurement.
synthetic_simulation_anchored_not_real_measurement,Rician,static,baseline,16.000,1.29806149e-07,1.54976430e-07,122879.888346,observed-positive-ber-fit,results/20260523_173452_static_round_robin_max_throughput_pf_wmmse_queue_aware_drl_ber_drl_rayleigh_rician_umi_qpsk_s/rician/resource_managers/stage_results_v2.json,Smoothed synthetic projection learned from existing stage outputs; not a real simulation measurement.
synthetic_simulation_anchored_not_real_measurement,Rician,static,baseline,18.000,3.82773188e-08,5.42947165e-08,122879.967075,observed-positive-ber-fit,results/20260523_173452_static_round_robin_max_throughput_pf_wmmse_queue_aware_drl_ber_drl_rayleigh_rician_umi_qpsk_s/rician/resource_managers/stage_results_v2.json,Smoothed synthetic projection learned from existing stage outputs; not a real simulation measurement.
synthetic_simulation_anchored_not_real_measurement,Rician,static,baseline,20.000,1.51407334e-08,2.88444726e-08,122879.986977,observed-positive-ber-fit,results/20260523_173452_static_round_robin_max_throughput_pf_wmmse_queue_aware_drl_ber_drl_rayleigh_rician_umi_qpsk_s/rician/resource_managers/stage_results_v2.json,Smoothed synthetic projection learned from existing stage outputs; not a real simulation measurement.
synthetic_simulation_anchored_not_real_measurement,Rician,round_robin,baseline,0.000,5.46035135e-04,6.00663028e-04,61173.333330,single-positive-ber-plus-channel-slope,results/20260523_173452_static_round_robin_max_throughput_pf_wmmse_queue_aware_drl_ber_drl_rayleigh_rician_umi_qpsk_s/rician/resource_managers/stage_results_v2.json,Smoothed synthetic projection learned from existing stage outputs; not a real simulation measurement.
synthetic_simulation_anchored_not_real_measurement,Rician,round_robin,baseline,2.000,2.14297270e-05,2.35970791e-05,61430.783503,single-positive-ber-plus-channel-slope,results/20260523_173452_static_round_robin_max_throughput_pf_wmmse_queue_aware_drl_ber_drl_rayleigh_rician_umi_qpsk_s/rician/resource_managers/stage_results_v2.json,Smoothed synthetic projection learned from existing stage outputs; not a real simulation measurement.
synthetic_simulation_anchored_not_real_measurement,Rician,round_robin,baseline,4.000,8.54534668e-07,9.64367467e-07,61439.632482,single-positive-ber-plus-channel-slope,results/20260523_173452_static_round_robin_max_throughput_pf_wmmse_queue_aware_drl_ber_drl_rayleigh_rician_umi_qpsk_s/rician/resource_managers/stage_results_v2.json,Smoothed synthetic projection learned from existing stage outputs; not a real simulation measurement.
synthetic_simulation_anchored_not_real_measurement,Rician,round_robin,baseline,6.000,4.75690236e-08,7.67052577e-08,61439.979542,single-positive-ber-plus-channel-slope,results/20260523_173452_static_round_robin_max_throughput_pf_wmmse_queue_aware_drl_ber_drl_rayleigh_rician_umi_qpsk_s/rician/resource_managers/stage_results_v2.json,Smoothed synthetic projection learned from existing stage outputs; not a real simulation measurement.
synthetic_simulation_anchored_not_real_measurement,Rician,round_robin,baseline,8.000,1.59195722e-08,4.18908611e-08,61439.993153,single-positive-ber-plus-channel-slope,results/20260523_173452_static_round_robin_max_throughput_pf_wmmse_queue_aware_drl_ber_drl_rayleigh_rician_umi_qpsk_s/rician/resource_managers/stage_results_v2.json,Smoothed synthetic projection learned from existing stage outputs; not a real simulation measurement.
synthetic_simulation_anchored_not_real_measurement,Rician,round_robin,baseline,10.000,1.46782706e-08,4.05254293e-08,61439.993687,single-positive-ber-plus-channel-slope,results/20260523_173452_static_round_robin_max_throughput_pf_wmmse_queue_aware_drl_ber_drl_rayleigh_rician_umi_qpsk_s/rician/resource_managers/stage_results_v2.json,Smoothed synthetic projection learned from existing stage outputs; not a real simulation measurement.
synthetic_simulation_anchored_not_real_measurement,Rician,round_robin,baseline,12.000,1.46295863e-08,4.04718766e-08,61439.993708,single-positive-ber-plus-channel-slope,results/20260523_173452_static_round_robin_max_throughput_pf_wmmse_queue_aware_drl_ber_drl_rayleigh_rician_umi_qpsk_s/rician/resource_managers/stage_results_v2.json,Smoothed synthetic projection learned from existing stage outputs; not a real simulation measurement.
synthetic_simulation_anchored_not_real_measurement,Rician,round_robin,baseline,14.000,1.46276769e-08,4.04697763e-08,61439.993709,single-positive-ber-plus-channel-slope,results/20260523_173452_static_round_robin_max_throughput_pf_wmmse_queue_aware_drl_ber_drl_rayleigh_rician_umi_qpsk_s/rician/resource_managers/stage_results_v2.json,Smoothed synthetic projection learned from existing stage outputs; not a real simulation measurement.
synthetic_simulation_anchored_not_real_measurement,Rician,round_robin,baseline,16.000,1.46276020e-08,4.04696939e-08,61439.993709,single-positive-ber-plus-channel-slope,results/20260523_173452_static_round_robin_max_throughput_pf_wmmse_queue_aware_drl_ber_drl_rayleigh_rician_umi_qpsk_s/rician/resource_managers/stage_results_v2.json,Smoothed synthetic projection learned from existing stage outputs; not a real simulation measurement.
synthetic_simulation_anchored_not_real_measurement,Rician,round_robin,baseline,18.000,1.46275991e-08,4.04696907e-08,61439.993709,single-positive-ber-plus-channel-slope,results/20260523_173452_static_round_robin_max_throughput_pf_wmmse_queue_aware_drl_ber_drl_rayleigh_rician_umi_qpsk_s/rician/resource_managers/stage_results_v2.json,Smoothed synthetic projection learned from existing stage outputs; not a real simulation measurement.
synthetic_simulation_anchored_not_real_measurement,Rician,round_robin,baseline,20.000,1.46275990e-08,4.04696905e-08,61439.993709,single-positive-ber-plus-channel-slope,results/20260523_173452_static_round_robin_max_throughput_pf_wmmse_queue_aware_drl_ber_drl_rayleigh_rician_umi_qpsk_s/rician/resource_managers/stage_results_v2.json,Smoothed synthetic projection learned from existing stage outputs; not a real simulation measurement.
synthetic_simulation_anchored_not_real_measurement,Rician,max_throughput,baseline,0.000,2.86025370e-04,3.14652286e-04,61316.986209,zero-error-censored-upper-bound-fit,results/20260523_173452_static_round_robin_max_throughput_pf_wmmse_queue_aware_drl_ber_drl_rayleigh_rician_umi_qpsk_s/rician/resource_managers/stage_results_v2.json,Smoothed synthetic projection learned from existing stage outputs; not a real simulation measurement.
synthetic_simulation_anchored_not_real_measurement,Rician,max_throughput,baseline,2.000,9.55508162e-06,1.05349691e-05,61435.890550,zero-error-censored-upper-bound-fit,results/20260523_173452_static_round_robin_max_throughput_pf_wmmse_queue_aware_drl_ber_drl_rayleigh_rician_umi_qpsk_s/rician/resource_managers/stage_results_v2.json,Smoothed synthetic projection learned from existing stage outputs; not a real simulation measurement.
synthetic_simulation_anchored_not_real_measurement,Rician,max_throughput,baseline,4.000,3.32868314e-07,3.90534477e-07,61439.856840,zero-error-censored-upper-bound-fit,results/20260523_173452_static_round_robin_max_throughput_pf_wmmse_queue_aware_drl_ber_drl_rayleigh_rician_umi_qpsk_s/rician/resource_managers/stage_results_v2.json,Smoothed synthetic projection learned from existing stage outputs; not a real simulation measurement.
synthetic_simulation_anchored_not_real_measurement,Rician,max_throughput,baseline,6.000,2.52431475e-08,5.21467939e-08,61439.989143,zero-error-censored-upper-bound-fit,results/20260523_173452_static_round_robin_max_throughput_pf_wmmse_queue_aware_drl_ber_drl_rayleigh_rician_umi_qpsk_s/rician/resource_managers/stage_results_v2.json,Smoothed synthetic projection learned from existing stage outputs; not a real simulation measurement.
synthetic_simulation_anchored_not_real_measurement,Rician,max_throughput,baseline,8.000,1.49817016e-08,4.08592034e-08,61439.993557,zero-error-censored-upper-bound-fit,results/20260523_173452_static_round_robin_max_throughput_pf_wmmse_queue_aware_drl_ber_drl_rayleigh_rician_umi_qpsk_s/rician/resource_managers/stage_results_v2.json,Smoothed synthetic projection learned from existing stage outputs; not a real simulation measurement.
synthetic_simulation_anchored_not_real_measurement,Rician,max_throughput,baseline,10.000,1.46394108e-08,4.04826835e-08,61439.993704,zero-error-censored-upper-bound-fit,results/20260523_173452_static_round_robin_max_throughput_pf_wmmse_queue_aware_drl_ber_drl_rayleigh_rician_umi_qpsk_s/rician/resource_managers/stage_results_v2.json,Smoothed synthetic projection learned from existing stage outputs; not a real simulation measurement.
synthetic_simulation_anchored_not_real_measurement,Rician,max_throughput,baseline,12.000,1.46279930e-08,4.04701240e-08,61439.993709,zero-error-censored-upper-bound-fit,results/20260523_173452_static_round_robin_max_throughput_pf_wmmse_queue_aware_drl_ber_drl_rayleigh_rician_umi_qpsk_s/rician/resource_managers/stage_results_v2.json,Smoothed synthetic projection learned from existing stage outputs; not a real simulation measurement.
synthetic_simulation_anchored_not_real_measurement,Rician,max_throughput,baseline,14.000,1.46276121e-08,4.04697050e-08,61439.993709,zero-error-censored-upper-bound-fit,results/20260523_173452_static_round_robin_max_throughput_pf_wmmse_queue_aware_drl_ber_drl_rayleigh_rician_umi_qpsk_s/rician/resource_managers/stage_results_v2.json,Smoothed synthetic projection learned from existing stage outputs; not a real simulation measurement.
synthetic_simulation_anchored_not_real_measurement,Rician,max_throughput,baseline,16.000,1.46275994e-08,4.04696910e-08,61439.993709,zero-error-censored-upper-bound-fit,results/20260523_173452_static_round_robin_max_throughput_pf_wmmse_queue_aware_drl_ber_drl_rayleigh_rician_umi_qpsk_s/rician/resource_managers/stage_results_v2.json,Smoothed synthetic projection learned from existing stage outputs; not a real simulation measurement.
synthetic_simulation_anchored_not_real_measurement,Rician,max_throughput,baseline,18.000,1.46275990e-08,4.04696906e-08,61439.993709,zero-error-censored-upper-bound-fit,results/20260523_173452_static_round_robin_max_throughput_pf_wmmse_queue_aware_drl_ber_drl_rayleigh_rician_umi_qpsk_s/rician/resource_managers/stage_results_v2.json,Smoothed synthetic projection learned from existing stage outputs; not a real simulation measurement.
synthetic_simulation_anchored_not_real_measurement,Rician,max_throughput,baseline,20.000,1.46275990e-08,4.04696905e-08,61439.993709,zero-error-censored-upper-bound-fit,results/20260523_173452_static_round_robin_max_throughput_pf_wmmse_queue_aware_drl_ber_drl_rayleigh_rician_umi_qpsk_s/rician/resource_managers/stage_results_v2.json,Smoothed synthetic projection learned from existing stage outputs; not a real simulation measurement.
synthetic_simulation_anchored_not_real_measurement,Rician,pf,baseline,0.000,5.57143534e-04,6.12882267e-04,61167.910849,single-positive-ber-plus-channel-slope,results/20260523_173452_static_round_robin_max_throughput_pf_wmmse_queue_aware_drl_ber_drl_rayleigh_rician_umi_qpsk_s/rician/resource_managers/stage_results_v2.json,Smoothed synthetic projection learned from existing stage outputs; not a real simulation measurement.
synthetic_simulation_anchored_not_real_measurement,Rician,pf,baseline,2.000,2.18654020e-05,2.40763215e-05,61430.596128,single-positive-ber-plus-channel-slope,results/20260523_173452_static_round_robin_max_throughput_pf_wmmse_queue_aware_drl_ber_drl_rayleigh_rician_umi_qpsk_s/rician/resource_managers/stage_results_v2.json,Smoothed synthetic projection learned from existing stage outputs; not a real simulation measurement.
synthetic_simulation_anchored_not_real_measurement,Rician,pf,baseline,4.000,8.71621980e-07,9.83163509e-07,61439.625133,single-positive-ber-plus-channel-slope,results/20260523_173452_static_round_robin_max_throughput_pf_wmmse_queue_aware_drl_ber_drl_rayleigh_rician_umi_qpsk_s/rician/resource_managers/stage_results_v2.json,Smoothed synthetic projection learned from existing stage outputs; not a real simulation measurement.
synthetic_simulation_anchored_not_real_measurement,Rician,pf,baseline,6.000,4.82391935e-08,7.74424445e-08,61439.979253,single-positive-ber-plus-channel-slope,results/20260523_173452_static_round_robin_max_throughput_pf_wmmse_queue_aware_drl_ber_drl_rayleigh_rician_umi_qpsk_s/rician/resource_managers/stage_results_v2.json,Smoothed synthetic projection learned from existing stage outputs; not a real simulation measurement.
synthetic_simulation_anchored_not_real_measurement,Rician,pf,baseline,8.000,1.59458565e-08,4.19197738e-08,61439.993142,single-positive-ber-plus-channel-slope,results/20260523_173452_static_round_robin_max_throughput_pf_wmmse_queue_aware_drl_ber_drl_rayleigh_rician_umi_qpsk_s/rician/resource_managers/stage_results_v2.json,Smoothed synthetic projection learned from existing stage outputs; not a real simulation measurement.
synthetic_simulation_anchored_not_real_measurement,Rician,pf,baseline,10.000,1.46793015e-08,4.05265633e-08,61439.993687,single-positive-ber-plus-channel-slope,results/20260523_173452_static_round_robin_max_throughput_pf_wmmse_queue_aware_drl_ber_drl_rayleigh_rician_umi_qpsk_s/rician/resource_managers/stage_results_v2.json,Smoothed synthetic projection learned from existing stage outputs; not a real simulation measurement.
synthetic_simulation_anchored_not_real_measurement,Rician,pf,baseline,12.000,1.46296268e-08,4.04719211e-08,61439.993708,single-positive-ber-plus-channel-slope,results/20260523_173452_static_round_robin_max_throughput_pf_wmmse_queue_aware_drl_ber_drl_rayleigh_rician_umi_qpsk_s/rician/resource_managers/stage_results_v2.json,Smoothed synthetic projection learned from existing stage outputs; not a real simulation measurement.
synthetic_simulation_anchored_not_real_measurement,Rician,pf,baseline,14.000,1.46276785e-08,4.04697780e-08,61439.993709,single-positive-ber-plus-channel-slope,results/20260523_173452_static_round_robin_max_throughput_pf_wmmse_queue_aware_drl_ber_drl_rayleigh_rician_umi_qpsk_s/rician/resource_managers/stage_results_v2.json,Smoothed synthetic projection learned from existing stage outputs; not a real simulation measurement.
synthetic_simulation_anchored_not_real_measurement,Rician,pf,baseline,16.000,1.46276021e-08,4.04696940e-08,61439.993709,single-positive-ber-plus-channel-slope,results/20260523_173452_static_round_robin_max_throughput_pf_wmmse_queue_aware_drl_ber_drl_rayleigh_rician_umi_qpsk_s/rician/resource_managers/stage_results_v2.json,Smoothed synthetic projection learned from existing stage outputs; not a real simulation measurement.
synthetic_simulation_anchored_not_real_measurement,Rician,pf,baseline,18.000,1.46275991e-08,4.04696907e-08,61439.993709,single-positive-ber-plus-channel-slope,results/20260523_173452_static_round_robin_max_throughput_pf_wmmse_queue_aware_drl_ber_drl_rayleigh_rician_umi_qpsk_s/rician/resource_managers/stage_results_v2.json,Smoothed synthetic projection learned from existing stage outputs; not a real simulation measurement.
synthetic_simulation_anchored_not_real_measurement,Rician,pf,baseline,20.000,1.46275990e-08,4.04696905e-08,61439.993709,single-positive-ber-plus-channel-slope,results/20260523_173452_static_round_robin_max_throughput_pf_wmmse_queue_aware_drl_ber_drl_rayleigh_rician_umi_qpsk_s/rician/resource_managers/stage_results_v2.json,Smoothed synthetic projection learned from existing stage outputs; not a real simulation measurement.
synthetic_simulation_anchored_not_real_measurement,Rician,wmmse,baseline,0.000,4.68032206e-04,5.14859806e-04,61238.708709,late-single-positive-treated-as-censored-sample,results/20260523_173452_static_round_robin_max_throughput_pf_wmmse_queue_aware_drl_ber_drl_rayleigh_rician_umi_qpsk_s/rician/resource_managers/stage_results_v2.json,Smoothed synthetic projection learned from existing stage outputs; not a real simulation measurement.
synthetic_simulation_anchored_not_real_measurement,Rician,wmmse,baseline,2.000,2.15969288e-05,2.37810010e-05,61430.711593,late-single-positive-treated-as-censored-sample,results/20260523_173452_static_round_robin_max_throughput_pf_wmmse_queue_aware_drl_ber_drl_rayleigh_rician_umi_qpsk_s/rician/resource_managers/stage_results_v2.json,Smoothed synthetic projection learned from existing stage outputs; not a real simulation measurement.
synthetic_simulation_anchored_not_real_measurement,Rician,wmmse,baseline,4.000,1.00988023e-06,1.13524758e-06,61439.565671,late-single-positive-treated-as-censored-sample,results/20260523_173452_static_round_robin_max_throughput_pf_wmmse_queue_aware_drl_ber_drl_rayleigh_rician_umi_qpsk_s/rician/resource_managers/stage_results_v2.json,Smoothed synthetic projection learned from existing stage outputs; not a real simulation measurement.
synthetic_simulation_anchored_not_real_measurement,Rician,wmmse,baseline,6.000,6.05229734e-08,9.09546024e-08,61439.973970,late-single-positive-treated-as-censored-sample,results/20260523_173452_static_round_robin_max_throughput_pf_wmmse_queue_aware_drl_ber_drl_rayleigh_rician_umi_qpsk_s/rician/resource_managers/stage_results_v2.json,Smoothed synthetic projection learned from existing stage outputs; not a real simulation measurement.
synthetic_simulation_anchored_not_real_measurement,Rician,wmmse,baseline,8.000,1.67440319e-08,4.27977667e-08,61423.092801,late-single-positive-treated-as-censored-sample,results/20260523_173452_static_round_robin_max_throughput_pf_wmmse_queue_aware_drl_ber_drl_rayleigh_rician_umi_qpsk_s/rician/resource_managers/stage_results_v2.json,Smoothed synthetic projection learned from existing stage outputs; not a real simulation measurement.
synthetic_simulation_anchored_not_real_measurement,Rician,wmmse,baseline,10.000,1.47251968e-08,4.05770481e-08,61439.993667,late-single-positive-treated-as-censored-sample,results/20260523_173452_static_round_robin_max_throughput_pf_wmmse_queue_aware_drl_ber_drl_rayleigh_rician_umi_qpsk_s/rician/resource_managers/stage_results_v2.json,Smoothed synthetic projection learned from existing stage outputs; not a real simulation measurement.
synthetic_simulation_anchored_not_real_measurement,Rician,wmmse,baseline,12.000,1.46320996e-08,4.04746413e-08,61439.993707,late-single-positive-treated-as-censored-sample,results/20260523_173452_static_round_robin_max_throughput_pf_wmmse_queue_aware_drl_ber_drl_rayleigh_rician_umi_qpsk_s/rician/resource_managers/stage_results_v2.json,Smoothed synthetic projection learned from existing stage outputs; not a real simulation measurement.
synthetic_simulation_anchored_not_real_measurement,Rician,wmmse,baseline,14.000,1.46278065e-08,4.04699188e-08,61439.993709,late-single-positive-treated-as-censored-sample,results/20260523_173452_static_round_robin_max_throughput_pf_wmmse_queue_aware_drl_ber_drl_rayleigh_rician_umi_qpsk_s/rician/resource_managers/stage_results_v2.json,Smoothed synthetic projection learned from existing stage outputs; not a real simulation measurement.
synthetic_simulation_anchored_not_real_measurement,Rician,wmmse,baseline,16.000,1.46276086e-08,4.04697011e-08,61439.993709,late-single-positive-treated-as-censored-sample,results/20260523_173452_static_round_robin_max_throughput_pf_wmmse_queue_aware_drl_ber_drl_rayleigh_rician_umi_qpsk_s/rician/resource_managers/stage_results_v2.json,Smoothed synthetic projection learned from existing stage outputs; not a real simulation measurement.
synthetic_simulation_anchored_not_real_measurement,Rician,wmmse,baseline,18.000,1.46275994e-08,4.04696910e-08,61439.993709,late-single-positive-treated-as-censored-sample,results/20260523_173452_static_round_robin_max_throughput_pf_wmmse_queue_aware_drl_ber_drl_rayleigh_rician_umi_qpsk_s/rician/resource_managers/stage_results_v2.json,Smoothed synthetic projection learned from existing stage outputs; not a real simulation measurement.
synthetic_simulation_anchored_not_real_measurement,Rician,wmmse,baseline,20.000,1.46275990e-08,4.04696906e-08,61439.993709,late-single-positive-treated-as-censored-sample,results/20260523_173452_static_round_robin_max_throughput_pf_wmmse_queue_aware_drl_ber_drl_rayleigh_rician_umi_qpsk_s/rician/resource_managers/stage_results_v2.json,Smoothed synthetic projection learned from existing stage outputs; not a real simulation measurement.
synthetic_simulation_anchored_not_real_measurement,Rician,queue_aware,baseline,0.000,5.63979471e-04,6.20401798e-04,61162.930502,single-positive-ber-plus-channel-slope,results/20260523_173452_static_round_robin_max_throughput_pf_wmmse_queue_aware_drl_ber_drl_rayleigh_rician_umi_qpsk_s/rician/resource_managers/stage_results_v2.json,Smoothed synthetic projection learned from existing stage outputs; not a real simulation measurement.
synthetic_simulation_anchored_not_real_measurement,Rician,queue_aware,baseline,2.000,1.88267905e-05,2.07338488e-05,61431.902974,single-positive-ber-plus-channel-slope,results/20260523_173452_static_round_robin_max_throughput_pf_wmmse_queue_aware_drl_ber_drl_rayleigh_rician_umi_qpsk_s/rician/resource_managers/stage_results_v2.json,Smoothed synthetic projection learned from existing stage outputs; not a real simulation measurement.
synthetic_simulation_anchored_not_real_measurement,Rician,queue_aware,baseline,4.000,6.42144501e-07,7.30738283e-07,61439.723826,single-positive-ber-plus-channel-slope,results/20260523_173452_static_round_robin_max_throughput_pf_wmmse_queue_aware_drl_ber_drl_rayleigh_rician_umi_qpsk_s/rician/resource_managers/stage_results_v2.json,Smoothed synthetic projection learned from existing stage outputs; not a real simulation measurement.
synthetic_simulation_anchored_not_real_measurement,Rician,queue_aware,baseline,6.000,3.55596665e-08,6.34949648e-08,61439.984706,single-positive-ber-plus-channel-slope,results/20260523_173452_static_round_robin_max_throughput_pf_wmmse_queue_aware_drl_ber_drl_rayleigh_rician_umi_qpsk_s/rician/resource_managers/stage_results_v2.json,Smoothed synthetic projection learned from existing stage outputs; not a real simulation measurement.
synthetic_simulation_anchored_not_real_measurement,Rician,queue_aware,baseline,8.000,1.53258295e-08,4.12377441e-08,61439.993409,single-positive-ber-plus-channel-slope,results/20260523_173452_static_round_robin_max_throughput_pf_wmmse_queue_aware_drl_ber_drl_rayleigh_rician_umi_qpsk_s/rician/resource_managers/stage_results_v2.json,Smoothed synthetic projection learned from existing stage outputs; not a real simulation measurement.
synthetic_simulation_anchored_not_real_measurement,Rician,queue_aware,baseline,10.000,1.46508899e-08,4.04953105e-08,61439.993699,single-positive-ber-plus-channel-slope,results/20260523_173452_static_round_robin_max_throughput_pf_wmmse_queue_aware_drl_ber_drl_rayleigh_rician_umi_qpsk_s/rician/resource_managers/stage_results_v2.json,Smoothed synthetic projection learned from existing stage outputs; not a real simulation measurement.
synthetic_simulation_anchored_not_real_measurement,Rician,queue_aware,baseline,12.000,1.46283759e-08,4.04705451e-08,61439.993709,single-positive-ber-plus-channel-slope,results/20260523_173452_static_round_robin_max_throughput_pf_wmmse_queue_aware_drl_ber_drl_rayleigh_rician_umi_qpsk_s/rician/resource_managers/stage_results_v2.json,Smoothed synthetic projection learned from existing stage outputs; not a real simulation measurement.
synthetic_simulation_anchored_not_real_measurement,Rician,queue_aware,baseline,14.000,1.46276249e-08,4.04697191e-08,61439.993709,single-positive-ber-plus-channel-slope,results/20260523_173452_static_round_robin_max_throughput_pf_wmmse_queue_aware_drl_ber_drl_rayleigh_rician_umi_qpsk_s/rician/resource_managers/stage_results_v2.json,Smoothed synthetic projection learned from existing stage outputs; not a real simulation measurement.
synthetic_simulation_anchored_not_real_measurement,Rician,queue_aware,baseline,16.000,1.46275999e-08,4.04696915e-08,61439.993709,single-positive-ber-plus-channel-slope,results/20260523_173452_static_round_robin_max_throughput_pf_wmmse_queue_aware_drl_ber_drl_rayleigh_rician_umi_qpsk_s/rician/resource_managers/stage_results_v2.json,Smoothed synthetic projection learned from existing stage outputs; not a real simulation measurement.
synthetic_simulation_anchored_not_real_measurement,Rician,queue_aware,baseline,18.000,1.46275990e-08,4.04696906e-08,61439.993709,single-positive-ber-plus-channel-slope,results/20260523_173452_static_round_robin_max_throughput_pf_wmmse_queue_aware_drl_ber_drl_rayleigh_rician_umi_qpsk_s/rician/resource_managers/stage_results_v2.json,Smoothed synthetic projection learned from existing stage outputs; not a real simulation measurement.
synthetic_simulation_anchored_not_real_measurement,Rician,queue_aware,baseline,20.000,1.46275990e-08,4.04696905e-08,61439.993709,single-positive-ber-plus-channel-slope,results/20260523_173452_static_round_robin_max_throughput_pf_wmmse_queue_aware_drl_ber_drl_rayleigh_rician_umi_qpsk_s/rician/resource_managers/stage_results_v2.json,Smoothed synthetic projection learned from existing stage outputs; not a real simulation measurement.
synthetic_simulation_anchored_not_real_measurement,Rician,drl,baseline,0.000,3.87091451e-04,4.25824975e-04,61247.739753,observed-positive-ber-fit,results/20260523_173452_static_round_robin_max_throughput_pf_wmmse_queue_aware_drl_ber_drl_rayleigh_rician_umi_qpsk_s/rician/resource_managers/stage_results_v2.json,Smoothed synthetic projection learned from existing stage outputs; not a real simulation measurement.
synthetic_simulation_anchored_not_real_measurement,Rician,drl,baseline,2.000,2.18440196e-06,2.42722149e-06,61438.960534,observed-positive-ber-fit,results/20260523_173452_static_round_robin_max_throughput_pf_wmmse_queue_aware_drl_ber_drl_rayleigh_rician_umi_qpsk_s/rician/resource_managers/stage_results_v2.json,Smoothed synthetic projection learned from existing stage outputs; not a real simulation measurement.
synthetic_simulation_anchored_not_real_measurement,Rician,drl,baseline,4.000,2.67903546e-08,5.38487217e-08,61439.988478,observed-positive-ber-fit,results/20260523_173452_static_round_robin_max_throughput_pf_wmmse_queue_aware_drl_ber_drl_rayleigh_rician_umi_qpsk_s/rician/resource_managers/stage_results_v2.json,Smoothed synthetic projection learned from existing stage outputs; not a real simulation measurement.
synthetic_simulation_anchored_not_real_measurement,Rician,drl,baseline,6.000,1.46957778e-08,4.05446872e-08,61439.993680,observed-positive-ber-fit,results/20260523_173452_static_round_robin_max_throughput_pf_wmmse_queue_aware_drl_ber_drl_rayleigh_rician_umi_qpsk_s/rician/resource_managers/stage_results_v2.json,Smoothed synthetic projection learned from existing stage outputs; not a real simulation measurement.
synthetic_simulation_anchored_not_real_measurement,Rician,drl,baseline,8.000,1.46279812e-08,4.04701109e-08,61439.993709,observed-positive-ber-fit,results/20260523_173452_static_round_robin_max_throughput_pf_wmmse_queue_aware_drl_ber_drl_rayleigh_rician_umi_qpsk_s/rician/resource_managers/stage_results_v2.json,Smoothed synthetic projection learned from existing stage outputs; not a real simulation measurement.
synthetic_simulation_anchored_not_real_measurement,Rician,drl,baseline,10.000,1.46276011e-08,4.04696929e-08,61439.993709,observed-positive-ber-fit,results/20260523_173452_static_round_robin_max_throughput_pf_wmmse_queue_aware_drl_ber_drl_rayleigh_rician_umi_qpsk_s/rician/resource_managers/stage_results_v2.json,Smoothed synthetic projection learned from existing stage outputs; not a real simulation measurement.
synthetic_simulation_anchored_not_real_measurement,Rician,drl,baseline,12.000,1.46275990e-08,4.04696906e-08,61439.993709,observed-positive-ber-fit,results/20260523_173452_static_round_robin_max_throughput_pf_wmmse_queue_aware_drl_ber_drl_rayleigh_rician_umi_qpsk_s/rician/resource_managers/stage_results_v2.json,Smoothed synthetic projection learned from existing stage outputs; not a real simulation measurement.
synthetic_simulation_anchored_not_real_measurement,Rician,drl,baseline,14.000,1.46275990e-08,4.04696905e-08,61439.993709,observed-positive-ber-fit,results/20260523_173452_static_round_robin_max_throughput_pf_wmmse_queue_aware_drl_ber_drl_rayleigh_rician_umi_qpsk_s/rician/resource_managers/stage_results_v2.json,Smoothed synthetic projection learned from existing stage outputs; not a real simulation measurement.
synthetic_simulation_anchored_not_real_measurement,Rician,drl,baseline,16.000,1.46275990e-08,4.04696905e-08,61439.993709,observed-positive-ber-fit,results/20260523_173452_static_round_robin_max_throughput_pf_wmmse_queue_aware_drl_ber_drl_rayleigh_rician_umi_qpsk_s/rician/resource_managers/stage_results_v2.json,Smoothed synthetic projection learned from existing stage outputs; not a real simulation measurement.
synthetic_simulation_anchored_not_real_measurement,Rician,drl,baseline,18.000,1.46275990e-08,4.04696905e-08,61439.993709,observed-positive-ber-fit,results/20260523_173452_static_round_robin_max_throughput_pf_wmmse_queue_aware_drl_ber_drl_rayleigh_rician_umi_qpsk_s/rician/resource_managers/stage_results_v2.json,Smoothed synthetic projection learned from existing stage outputs; not a real simulation measurement.
synthetic_simulation_anchored_not_real_measurement,Rician,drl,baseline,20.000,1.46275990e-08,4.04696905e-08,61439.993709,observed-positive-ber-fit,results/20260523_173452_static_round_robin_max_throughput_pf_wmmse_queue_aware_drl_ber_drl_rayleigh_rician_umi_qpsk_s/rician/resource_managers/stage_results_v2.json,Smoothed synthetic projection learned from existing stage outputs; not a real simulation measurement.
synthetic_simulation_anchored_not_real_measurement,Rician,ber_drl,trained,0.000,1.48151114e-04,1.62990604e-04,61363.995925,single-positive-ber-plus-channel-slope; trained-policy-target-projection,results/20260523_173452_static_round_robin_max_throughput_pf_wmmse_queue_aware_drl_ber_drl_rayleigh_rician_umi_qpsk_s/rician/resource_managers/stage_results_v2.json,Smoothed synthetic projection learned from existing stage outputs; not a real simulation measurement.
synthetic_simulation_anchored_not_real_measurement,Rician,ber_drl,trained,2.000,1.57276941e-06,1.69859097e-06,61438.508810,single-positive-ber-plus-channel-slope; trained-policy-target-projection,results/20260523_173452_static_round_robin_max_throughput_pf_wmmse_queue_aware_drl_ber_drl_rayleigh_rician_umi_qpsk_s/rician/resource_managers/stage_results_v2.json,Smoothed synthetic projection learned from existing stage outputs; not a real simulation measurement.
synthetic_simulation_anchored_not_real_measurement,Rician,ber_drl,trained,4.000,1.92890553e-08,2.08321797e-08,61439.962401,single-positive-ber-plus-channel-slope; trained-policy-target-projection,results/20260523_173452_static_round_robin_max_throughput_pf_wmmse_queue_aware_drl_ber_drl_rayleigh_rician_umi_qpsk_s/rician/resource_managers/stage_results_v2.json,Smoothed synthetic projection learned from existing stage outputs; not a real simulation measurement.
synthetic_simulation_anchored_not_real_measurement,Rician,ber_drl,trained,6.000,8.47086478e-09,1.14274368e-08,61439.996357,single-positive-ber-plus-channel-slope; trained-policy-target-projection,results/20260523_173452_static_round_robin_max_throughput_pf_wmmse_queue_aware_drl_ber_drl_rayleigh_rician_umi_qpsk_s/rician/resource_managers/stage_results_v2.json,Smoothed synthetic projection learned from existing stage outputs; not a real simulation measurement.
synthetic_simulation_anchored_not_real_measurement,Rician,ber_drl,trained,8.000,6.62653364e-09,1.13747182e-08,61439.997150,single-positive-ber-plus-channel-slope; trained-policy-target-projection,results/20260523_173452_static_round_robin_max_throughput_pf_wmmse_queue_aware_drl_ber_drl_rayleigh_rician_umi_qpsk_s/rician/resource_managers/stage_results_v2.json,Smoothed synthetic projection learned from existing stage outputs; not a real simulation measurement.
synthetic_simulation_anchored_not_real_measurement,Rician,ber_drl,trained,10.000,6.58345005e-09,1.13744226e-08,61439.997169,single-positive-ber-plus-channel-slope; trained-policy-target-projection,results/20260523_173452_static_round_robin_max_throughput_pf_wmmse_queue_aware_drl_ber_drl_rayleigh_rician_umi_qpsk_s/rician/resource_managers/stage_results_v2.json,Smoothed synthetic projection learned from existing stage outputs; not a real simulation measurement.
synthetic_simulation_anchored_not_real_measurement,Rician,ber_drl,trained,12.000,6.58244362e-09,1.13744210e-08,61439.997169,single-positive-ber-plus-channel-slope; trained-policy-target-projection,results/20260523_173452_static_round_robin_max_throughput_pf_wmmse_queue_aware_drl_ber_drl_rayleigh_rician_umi_qpsk_s/rician/resource_managers/stage_results_v2.json,Smoothed synthetic projection learned from existing stage outputs; not a real simulation measurement.
synthetic_simulation_anchored_not_real_measurement,Rician,ber_drl,trained,14.000,6.58242011e-09,1.13744210e-08,61439.997169,single-positive-ber-plus-channel-slope; trained-policy-target-projection,results/20260523_173452_static_round_robin_max_throughput_pf_wmmse_queue_aware_drl_ber_drl_rayleigh_rician_umi_qpsk_s/rician/resource_managers/stage_results_v2.json,Smoothed synthetic projection learned from existing stage outputs; not a real simulation measurement.
synthetic_simulation_anchored_not_real_measurement,Rician,ber_drl,trained,16.000,6.58241956e-09,1.13744210e-08,61439.997169,single-positive-ber-plus-channel-slope; trained-policy-target-projection,results/20260523_173452_static_round_robin_max_throughput_pf_wmmse_queue_aware_drl_ber_drl_rayleigh_rician_umi_qpsk_s/rician/resource_managers/stage_results_v2.json,Smoothed synthetic projection learned from existing stage outputs; not a real simulation measurement.
synthetic_simulation_anchored_not_real_measurement,Rician,ber_drl,trained,18.000,6.58241955e-09,1.13744210e-08,61439.997169,single-positive-ber-plus-channel-slope; trained-policy-target-projection,results/20260523_173452_static_round_robin_max_throughput_pf_wmmse_queue_aware_drl_ber_drl_rayleigh_rician_umi_qpsk_s/rician/resource_managers/stage_results_v2.json,Smoothed synthetic projection learned from existing stage outputs; not a real simulation measurement.
synthetic_simulation_anchored_not_real_measurement,Rician,ber_drl,trained,20.000,6.58241955e-09,1.13744210e-08,61439.997169,single-positive-ber-plus-channel-slope; trained-policy-target-projection,results/20260523_173452_static_round_robin_max_throughput_pf_wmmse_queue_aware_drl_ber_drl_rayleigh_rician_umi_qpsk_s/rician/resource_managers/stage_results_v2.json,Smoothed synthetic projection learned from existing stage outputs; not a real simulation measurement.
synthetic_simulation_anchored_not_real_measurement,UMI/TR38901,static,baseline,0.000,2.06673535e-03,2.27342107e-03,120781.485980,observed-positive-ber-fit,results/20260523_173452_static_round_robin_max_throughput_pf_wmmse_queue_aware_drl_ber_drl_rayleigh_rician_umi_qpsk_s/tr38901/resource_managers/stage_results_v2.json,Smoothed synthetic projection learned from existing stage outputs; not a real simulation measurement.
synthetic_simulation_anchored_not_real_measurement,UMI/TR38901,static,baseline,2.000,8.72904247e-04,9.60206862e-04,122066.398550,observed-positive-ber-fit,results/20260523_173452_static_round_robin_max_throughput_pf_wmmse_queue_aware_drl_ber_drl_rayleigh_rician_umi_qpsk_s/tr38901/resource_managers/stage_results_v2.json,Smoothed synthetic projection learned from existing stage outputs; not a real simulation measurement.
synthetic_simulation_anchored_not_real_measurement,UMI/TR38901,static,baseline,4.000,3.68681394e-04,4.05561723e-04,122551.304949,observed-positive-ber-fit,results/20260523_173452_static_round_robin_max_throughput_pf_wmmse_queue_aware_drl_ber_drl_rayleigh_rician_umi_qpsk_s/tr38901/resource_managers/stage_results_v2.json,Smoothed synthetic projection learned from existing stage outputs; not a real simulation measurement.
synthetic_simulation_anchored_not_real_measurement,UMI/TR38901,static,baseline,6.000,1.55719371e-04,1.71303498e-04,122746.056426,observed-positive-ber-fit,results/20260523_173452_static_round_robin_max_throughput_pf_wmmse_queue_aware_drl_ber_drl_rayleigh_rician_umi_qpsk_s/tr38901/resource_managers/stage_results_v2.json,Smoothed synthetic projection learned from existing stage outputs; not a real simulation measurement.
synthetic_simulation_anchored_not_real_measurement,UMI/TR38901,static,baseline,8.000,6.57733823e-05,7.23629102e-05,122823.424368,observed-positive-ber-fit,results/20260523_173452_static_round_robin_max_throughput_pf_wmmse_queue_aware_drl_ber_drl_rayleigh_rician_umi_qpsk_s/tr38901/resource_managers/stage_results_v2.json,Smoothed synthetic projection learned from existing stage outputs; not a real simulation measurement.
synthetic_simulation_anchored_not_real_measurement,UMI/TR38901,static,baseline,10.000,2.77840694e-05,3.05746660e-05,122856.101255,observed-positive-ber-fit,results/20260523_173452_static_round_robin_max_throughput_pf_wmmse_queue_aware_drl_ber_drl_rayleigh_rician_umi_qpsk_s/tr38901/resource_managers/stage_results_v2.json,Smoothed synthetic projection learned from existing stage outputs; not a real simulation measurement.
synthetic_simulation_anchored_not_real_measurement,UMI/TR38901,static,baseline,12.000,1.17390194e-05,1.29251110e-05,122869.902565,observed-positive-ber-fit,results/20260523_173452_static_round_robin_max_throughput_pf_wmmse_queue_aware_drl_ber_drl_rayleigh_rician_umi_qpsk_s/tr38901/resource_managers/stage_results_v2.json,Smoothed synthetic projection learned from existing stage outputs; not a real simulation measurement.
synthetic_simulation_anchored_not_real_measurement,UMI/TR38901,static,baseline,14.000,4.96228110e-06,5.47069887e-06,122875.731644,observed-positive-ber-fit,results/20260523_173452_static_round_robin_max_throughput_pf_wmmse_queue_aware_drl_ber_drl_rayleigh_rician_umi_qpsk_s/tr38901/resource_managers/stage_results_v2.json,Smoothed synthetic projection learned from existing stage outputs; not a real simulation measurement.
synthetic_simulation_anchored_not_real_measurement,UMI/TR38901,static,baseline,16.000,2.10007864e-06,2.32227617e-06,122878.143597,observed-positive-ber-fit,results/20260523_173452_static_round_robin_max_throughput_pf_wmmse_queue_aware_drl_ber_drl_rayleigh_rician_umi_qpsk_s/tr38901/resource_managers/stage_results_v2.json,Smoothed synthetic projection learned from existing stage outputs; not a real simulation measurement.
synthetic_simulation_anchored_not_real_measurement,UMI/TR38901,static,baseline,18.000,8.91207559e-07,9.92517981e-07,122879.233419,observed-positive-ber-fit,results/20260523_173452_static_round_robin_max_throughput_pf_wmmse_queue_aware_drl_ber_drl_rayleigh_rician_umi_qpsk_s/tr38901/resource_managers/stage_results_v2.json,Smoothed synthetic projection learned from existing stage outputs; not a real simulation measurement.
synthetic_simulation_anchored_not_real_measurement,UMI/TR38901,static,baseline,20.000,3.80632465e-07,4.30885378e-07,122879.672595,observed-positive-ber-fit,results/20260523_173452_static_round_robin_max_throughput_pf_wmmse_queue_aware_drl_ber_drl_rayleigh_rician_umi_qpsk_s/tr38901/resource_managers/stage_results_v2.json,Smoothed synthetic projection learned from existing stage outputs; not a real simulation measurement.
synthetic_simulation_anchored_not_real_measurement,UMI/TR38901,round_robin,baseline,0.000,1.19022205e-02,1.30924669e-02,56321.093001,observed-positive-ber-fit,results/20260523_173452_static_round_robin_max_throughput_pf_wmmse_queue_aware_drl_ber_drl_rayleigh_rician_umi_qpsk_s/tr38901/resource_managers/stage_results_v2.json,Smoothed synthetic projection learned from existing stage outputs; not a real simulation measurement.
synthetic_simulation_anchored_not_real_measurement,UMI/TR38901,round_robin,baseline,2.000,3.61109819e-03,3.97223239e-03,59886.938891,observed-positive-ber-fit,results/20260523_173452_static_round_robin_max_throughput_pf_wmmse_queue_aware_drl_ber_drl_rayleigh_rician_umi_qpsk_s/tr38901/resource_managers/stage_results_v2.json,Smoothed synthetic projection learned from existing stage outputs; not a real simulation measurement.
synthetic_simulation_anchored_not_real_measurement,UMI/TR38901,round_robin,baseline,4.000,1.09560351e-03,1.20518824e-03,60968.802841,observed-positive-ber-fit,results/20260523_173452_static_round_robin_max_throughput_pf_wmmse_queue_aware_drl_ber_drl_rayleigh_rician_umi_qpsk_s/tr38901/resource_managers/stage_results_v2.json,Smoothed synthetic projection learned from existing stage outputs; not a real simulation measurement.
synthetic_simulation_anchored_not_real_measurement,UMI/TR38901,round_robin,baseline,6.000,3.32412089e-04,3.65677677e-04,61277.631467,observed-positive-ber-fit,results/20260523_173452_static_round_robin_max_throughput_pf_wmmse_queue_aware_drl_ber_drl_rayleigh_rician_umi_qpsk_s/tr38901/resource_managers/stage_results_v2.json,Smoothed synthetic projection learned from existing stage outputs; not a real simulation measurement.
synthetic_simulation_anchored_not_real_measurement,UMI/TR38901,round_robin,baseline,8.000,1.00862741e-04,1.10973394e-04,61396.620952,observed-positive-ber-fit,results/20260523_173452_static_round_robin_max_throughput_pf_wmmse_queue_aware_drl_ber_drl_rayleigh_rician_umi_qpsk_s/tr38901/resource_managers/stage_results_v2.json,Smoothed synthetic projection learned from existing stage outputs; not a real simulation measurement.
synthetic_simulation_anchored_not_real_measurement,UMI/TR38901,round_robin,baseline,10.000,3.06115579e-05,3.36970930e-05,61426.834581,observed-positive-ber-fit,results/20260523_173452_static_round_robin_max_throughput_pf_wmmse_queue_aware_drl_ber_drl_rayleigh_rician_umi_qpsk_s/tr38901/resource_managers/stage_results_v2.json,Smoothed synthetic projection learned from existing stage outputs; not a real simulation measurement.
synthetic_simulation_anchored_not_real_measurement,UMI/TR38901,round_robin,baseline,12.000,9.29761876e-06,1.02517600e-05,61436.001280,observed-positive-ber-fit,results/20260523_173452_static_round_robin_max_throughput_pf_wmmse_queue_aware_drl_ber_drl_rayleigh_rician_umi_qpsk_s/tr38901/resource_managers/stage_results_v2.json,Smoothed synthetic projection learned from existing stage outputs; not a real simulation measurement.
synthetic_simulation_anchored_not_real_measurement,UMI/TR38901,round_robin,baseline,14.000,2.83105147e-06,3.13853595e-06,61438.782421,observed-positive-ber-fit,results/20260523_173452_static_round_robin_max_throughput_pf_wmmse_queue_aware_drl_ber_drl_rayleigh_rician_umi_qpsk_s/tr38901/resource_managers/stage_results_v2.json,Smoothed synthetic projection learned from existing stage outputs; not a real simulation measurement.
synthetic_simulation_anchored_not_real_measurement,UMI/TR38901,round_robin,baseline,16.000,8.69119786e-07,9.80411097e-07,61439.576209,observed-positive-ber-fit,results/20260523_173452_static_round_robin_max_throughput_pf_wmmse_queue_aware_drl_ber_drl_rayleigh_rician_umi_qpsk_s/tr38901/resource_managers/stage_results_v2.json,Smoothed synthetic projection learned from existing stage outputs; not a real simulation measurement.
synthetic_simulation_anchored_not_real_measurement,UMI/TR38901,round_robin,baseline,18.000,2.73877247e-07,3.25644304e-07,61439.882211,observed-positive-ber-fit,results/20260523_173452_static_round_robin_max_throughput_pf_wmmse_queue_aware_drl_ber_drl_rayleigh_rician_umi_qpsk_s/tr38901/resource_managers/stage_results_v2.json,Smoothed synthetic projection learned from existing stage outputs; not a real simulation measurement.
synthetic_simulation_anchored_not_real_measurement,UMI/TR38901,round_robin,baseline,20.000,9.32829468e-08,1.26990573e-07,61439.959881,observed-positive-ber-fit,results/20260523_173452_static_round_robin_max_throughput_pf_wmmse_queue_aware_drl_ber_drl_rayleigh_rician_umi_qpsk_s/tr38901/resource_managers/stage_results_v2.json,Smoothed synthetic projection learned from existing stage outputs; not a real simulation measurement.
synthetic_simulation_anchored_not_real_measurement,UMI/TR38901,max_throughput,baseline,0.000,1.68308898e-04,1.85164168e-04,61367.613709,zero-error-censored-upper-bound-fit,results/20260523_173452_static_round_robin_max_throughput_pf_wmmse_queue_aware_drl_ber_drl_rayleigh_rician_umi_qpsk_s/tr38901/resource_managers/stage_results_v2.json,Smoothed synthetic projection learned from existing stage outputs; not a real simulation measurement.
synthetic_simulation_anchored_not_real_measurement,UMI/TR38901,max_throughput,baseline,2.000,6.22762249e-05,6.85282267e-05,61413.216241,zero-error-censored-upper-bound-fit,results/20260523_173452_static_round_robin_max_throughput_pf_wmmse_queue_aware_drl_ber_drl_rayleigh_rician_umi_qpsk_s/tr38901/resource_managers/stage_results_v2.json,Smoothed synthetic projection learned from existing stage outputs; not a real simulation measurement.
synthetic_simulation_anchored_not_real_measurement,UMI/TR38901,max_throughput,baseline,4.000,2.30487242e-05,2.53779760e-05,61430.087205,zero-error-censored-upper-bound-fit,results/20260523_173452_static_round_robin_max_throughput_pf_wmmse_queue_aware_drl_ber_drl_rayleigh_rician_umi_qpsk_s/tr38901/resource_managers/stage_results_v2.json,Smoothed synthetic projection learned from existing stage outputs; not a real simulation measurement.
synthetic_simulation_anchored_not_real_measurement,UMI/TR38901,max_throughput,baseline,6.000,8.53624655e-06,9.41425053e-06,61436.328731,zero-error-censored-upper-bound-fit,results/20260523_173452_static_round_robin_max_throughput_pf_wmmse_queue_aware_drl_ber_drl_rayleigh_rician_umi_qpsk_s/tr38901/resource_managers/stage_results_v2.json,Smoothed synthetic projection learned from existing stage outputs; not a real simulation measurement.
synthetic_simulation_anchored_not_real_measurement,UMI/TR38901,max_throughput,baseline,8.000,3.16725784e-06,3.50836295e-06,61438.637826,zero-error-censored-upper-bound-fit,results/20260523_173452_static_round_robin_max_throughput_pf_wmmse_queue_aware_drl_ber_drl_rayleigh_rician_umi_qpsk_s/tr38901/resource_managers/stage_results_v2.json,Smoothed synthetic projection learned from existing stage outputs; not a real simulation measurement.
synthetic_simulation_anchored_not_real_measurement,UMI/TR38901,max_throughput,baseline,10.000,1.18096436e-06,1.32344012e-06,61439.492091,zero-error-censored-upper-bound-fit,results/20260523_173452_static_round_robin_max_throughput_pf_wmmse_queue_aware_drl_ber_drl_rayleigh_rician_umi_qpsk_s/tr38901/resource_managers/stage_results_v2.json,Smoothed synthetic projection learned from existing stage outputs; not a real simulation measurement.
synthetic_simulation_anchored_not_real_measurement,UMI/TR38901,max_throughput,baseline,12.000,4.46121726e-07,5.15113230e-07,61439.808132,zero-error-censored-upper-bound-fit,results/20260523_173452_static_round_robin_max_throughput_pf_wmmse_queue_aware_drl_ber_drl_rayleigh_rician_umi_qpsk_s/tr38901/resource_managers/stage_results_v2.json,Smoothed synthetic projection learned from existing stage outputs; not a real simulation measurement.
synthetic_simulation_anchored_not_real_measurement,UMI/TR38901,max_throughput,baseline,14.000,1.74261753e-07,2.16067260e-07,61439.925054,zero-error-censored-upper-bound-fit,results/20260523_173452_static_round_robin_max_throughput_pf_wmmse_queue_aware_drl_ber_drl_rayleigh_rician_umi_qpsk_s/tr38901/resource_managers/stage_results_v2.json,Smoothed synthetic projection learned from existing stage outputs; not a real simulation measurement.
synthetic_simulation_anchored_not_real_measurement,UMI/TR38901,max_throughput,baseline,16.000,7.36853278e-08,1.05433192e-07,61439.968309,zero-error-censored-upper-bound-fit,results/20260523_173452_static_round_robin_max_throughput_pf_wmmse_queue_aware_drl_ber_drl_rayleigh_rician_umi_qpsk_s/tr38901/resource_managers/stage_results_v2.json,Smoothed synthetic projection learned from existing stage outputs; not a real simulation measurement.
synthetic_simulation_anchored_not_real_measurement,UMI/TR38901,max_throughput,baseline,18.000,3.64764029e-08,6.45033749e-08,61439.984312,zero-error-censored-upper-bound-fit,results/20260523_173452_static_round_robin_max_throughput_pf_wmmse_queue_aware_drl_ber_drl_rayleigh_rician_umi_qpsk_s/tr38901/resource_managers/stage_results_v2.json,Smoothed synthetic projection learned from existing stage outputs; not a real simulation measurement.
synthetic_simulation_anchored_not_real_measurement,UMI/TR38901,max_throughput,baseline,20.000,2.27107109e-08,4.93611137e-08,61439.990233,zero-error-censored-upper-bound-fit,results/20260523_173452_static_round_robin_max_throughput_pf_wmmse_queue_aware_drl_ber_drl_rayleigh_rician_umi_qpsk_s/tr38901/resource_managers/stage_results_v2.json,Smoothed synthetic projection learned from existing stage outputs; not a real simulation measurement.
synthetic_simulation_anchored_not_real_measurement,UMI/TR38901,pf,baseline,0.000,2.72597635e-04,2.99881778e-04,61306.841644,observed-positive-ber-fit,results/20260523_173452_static_round_robin_max_throughput_pf_wmmse_queue_aware_drl_ber_drl_rayleigh_rician_umi_qpsk_s/tr38901/resource_managers/stage_results_v2.json,Smoothed synthetic projection learned from existing stage outputs; not a real simulation measurement.
synthetic_simulation_anchored_not_real_measurement,UMI/TR38901,pf,baseline,2.000,1.65344579e-04,1.81903416e-04,61336.725872,observed-positive-ber-fit,results/20260523_173452_static_round_robin_max_throughput_pf_wmmse_queue_aware_drl_ber_drl_rayleigh_rician_umi_qpsk_s/tr38901/resource_managers/stage_results_v2.json,Smoothed synthetic projection learned from existing stage outputs; not a real simulation measurement.
synthetic_simulation_anchored_not_real_measurement,UMI/TR38901,pf,baseline,4.000,1.00292312e-04,1.10345923e-04,61396.866282,observed-positive-ber-fit,results/20260523_173452_static_round_robin_max_throughput_pf_wmmse_queue_aware_drl_ber_drl_rayleigh_rician_umi_qpsk_s/tr38901/resource_managers/stage_results_v2.json,Smoothed synthetic projection learned from existing stage outputs; not a real simulation measurement.
synthetic_simulation_anchored_not_real_measurement,UMI/TR38901,pf,baseline,6.000,6.08361178e-05,6.69441089e-05,61413.835602,observed-positive-ber-fit,results/20260523_173452_static_round_robin_max_throughput_pf_wmmse_queue_aware_drl_ber_drl_rayleigh_rician_umi_qpsk_s/tr38901/resource_managers/stage_results_v2.json,Smoothed synthetic projection learned from existing stage outputs; not a real simulation measurement.
synthetic_simulation_anchored_not_real_measurement,UMI/TR38901,pf,baseline,8.000,3.69047262e-05,4.06195781e-05,61424.128015,observed-positive-ber-fit,results/20260523_173452_static_round_robin_max_throughput_pf_wmmse_queue_aware_drl_ber_drl_rayleigh_rician_umi_qpsk_s/tr38901/resource_managers/stage_results_v2.json,Smoothed synthetic projection learned from existing stage outputs; not a real simulation measurement.
synthetic_simulation_anchored_not_real_measurement,UMI/TR38901,pf,baseline,10.000,2.23896034e-05,2.46529431e-05,61430.370679,observed-positive-ber-fit,results/20260523_173452_static_round_robin_max_throughput_pf_wmmse_queue_aware_drl_ber_drl_rayleigh_rician_umi_qpsk_s/tr38901/resource_managers/stage_results_v2.json,Smoothed synthetic projection learned from existing stage outputs; not a real simulation measurement.
synthetic_simulation_anchored_not_real_measurement,UMI/TR38901,pf,baseline,12.000,1.35857364e-05,1.49686894e-05,61434.157046,observed-positive-ber-fit,results/20260523_173452_static_round_robin_max_throughput_pf_wmmse_queue_aware_drl_ber_drl_rayleigh_rician_umi_qpsk_s/tr38901/resource_managers/stage_results_v2.json,Smoothed synthetic projection learned from existing stage outputs; not a real simulation measurement.
synthetic_simulation_anchored_not_real_measurement,UMI/TR38901,pf,baseline,14.000,8.24592120e-06,9.09489265e-06,61436.453594,observed-positive-ber-fit,results/20260523_173452_static_round_robin_max_throughput_pf_wmmse_queue_aware_drl_ber_drl_rayleigh_rician_umi_qpsk_s/tr38901/resource_managers/stage_results_v2.json,Smoothed synthetic projection learned from existing stage outputs; not a real simulation measurement.
synthetic_simulation_anchored_not_real_measurement,UMI/TR38901,pf,baseline,16.000,5.00715954e-06,5.53225482e-06,61437.846521,observed-positive-ber-fit,results/20260523_173452_static_round_robin_max_throughput_pf_wmmse_queue_aware_drl_ber_drl_rayleigh_rician_umi_qpsk_s/tr38901/resource_managers/stage_results_v2.json,Smoothed synthetic projection learned from existing stage outputs; not a real simulation measurement.
synthetic_simulation_anchored_not_real_measurement,UMI/TR38901,pf,baseline,18.000,3.04275129e-06,3.37140575e-06,61438.691374,observed-positive-ber-fit,results/20260523_173452_static_round_robin_max_throughput_pf_wmmse_queue_aware_drl_ber_drl_rayleigh_rician_umi_qpsk_s/tr38901/resource_managers/stage_results_v2.json,Smoothed synthetic projection learned from existing stage outputs; not a real simulation measurement.
synthetic_simulation_anchored_not_real_measurement,UMI/TR38901,pf,baseline,20.000,1.85127746e-06,2.06078454e-06,61439.203803,observed-positive-ber-fit,results/20260523_173452_static_round_robin_max_throughput_pf_wmmse_queue_aware_drl_ber_drl_rayleigh_rician_umi_qpsk_s/tr38901/resource_managers/stage_results_v2.json,Smoothed synthetic projection learned from existing stage outputs; not a real simulation measurement.
synthetic_simulation_anchored_not_real_measurement,UMI/TR38901,wmmse,baseline,0.000,3.82501607e-04,4.20776147e-04,61275.493709,late-single-positive-treated-as-censored-sample,results/20260523_173452_static_round_robin_max_throughput_pf_wmmse_queue_aware_drl_ber_drl_rayleigh_rician_umi_qpsk_s/tr38901/resource_managers/stage_results_v2.json,Smoothed synthetic projection learned from existing stage outputs; not a real simulation measurement.
synthetic_simulation_anchored_not_real_measurement,UMI/TR38901,wmmse,baseline,2.000,1.55573958e-04,1.71155733e-04,61373.090752,late-single-positive-treated-as-censored-sample,results/20260523_173452_static_round_robin_max_throughput_pf_wmmse_queue_aware_drl_ber_drl_rayleigh_rician_umi_qpsk_s/tr38901/resource_managers/stage_results_v2.json,Smoothed synthetic projection learned from existing stage outputs; not a real simulation measurement.
synthetic_simulation_anchored_not_real_measurement,UMI/TR38901,wmmse,baseline,4.000,6.32813701e-05,6.96338865e-05,61412.783948,late-single-positive-treated-as-censored-sample,results/20260523_173452_static_round_robin_max_throughput_pf_wmmse_queue_aware_drl_ber_drl_rayleigh_rician_umi_qpsk_s/tr38901/resource_managers/stage_results_v2.json,Smoothed synthetic projection learned from existing stage outputs; not a real simulation measurement.
synthetic_simulation_anchored_not_real_measurement,UMI/TR38901,wmmse,baseline,6.000,2.57455221e-05,2.83444536e-05,61410.130754,late-single-positive-treated-as-censored-sample,results/20260523_173452_static_round_robin_max_throughput_pf_wmmse_queue_aware_drl_ber_drl_rayleigh_rician_umi_qpsk_s/tr38901/resource_managers/stage_results_v2.json,Smoothed synthetic projection learned from existing stage outputs; not a real simulation measurement.
synthetic_simulation_anchored_not_real_measurement,UMI/TR38901,wmmse,baseline,8.000,1.04795086e-05,1.15518388e-05,61435.492973,late-single-positive-treated-as-censored-sample,results/20260523_173452_static_round_robin_max_throughput_pf_wmmse_queue_aware_drl_ber_drl_rayleigh_rician_umi_qpsk_s/tr38901/resource_managers/stage_results_v2.json,Smoothed synthetic projection learned from existing stage outputs; not a real simulation measurement.
synthetic_simulation_anchored_not_real_measurement,UMI/TR38901,wmmse,baseline,10.000,4.27074601e-06,4.72219995e-06,61438.163238,late-single-positive-treated-as-censored-sample,results/20260523_173452_static_round_robin_max_throughput_pf_wmmse_queue_aware_drl_ber_drl_rayleigh_rician_umi_qpsk_s/tr38901/resource_managers/stage_results_v2.json,Smoothed synthetic projection learned from existing stage outputs; not a real simulation measurement.
synthetic_simulation_anchored_not_real_measurement,UMI/TR38901,wmmse,baseline,12.000,1.74561183e-06,1.94455235e-06,61439.249247,late-single-positive-treated-as-censored-sample,results/20260523_173452_static_round_robin_max_throughput_pf_wmmse_queue_aware_drl_ber_drl_rayleigh_rician_umi_qpsk_s/tr38901/resource_managers/stage_results_v2.json,Smoothed synthetic projection learned from existing stage outputs; not a real simulation measurement.
synthetic_simulation_anchored_not_real_measurement,UMI/TR38901,wmmse,baseline,14.000,7.18627376e-07,8.14869445e-07,61439.690933,late-single-positive-treated-as-censored-sample,results/20260523_173452_static_round_robin_max_throughput_pf_wmmse_queue_aware_drl_ber_drl_rayleigh_rician_umi_qpsk_s/tr38901/resource_managers/stage_results_v2.json,Smoothed synthetic projection learned from existing stage outputs; not a real simulation measurement.
synthetic_simulation_anchored_not_real_measurement,UMI/TR38901,wmmse,baseline,16.000,3.00947761e-07,3.55421868e-07,61439.870568,late-single-positive-treated-as-censored-sample,results/20260523_173452_static_round_robin_max_throughput_pf_wmmse_queue_aware_drl_ber_drl_rayleigh_rician_umi_qpsk_s/tr38901/resource_managers/stage_results_v2.json,Smoothed synthetic projection learned from existing stage outputs; not a real simulation measurement.
synthetic_simulation_anchored_not_real_measurement,UMI/TR38901,wmmse,baseline,18.000,1.31075413e-07,1.68562286e-07,61439.943627,late-single-positive-treated-as-censored-sample,results/20260523_173452_static_round_robin_max_throughput_pf_wmmse_queue_aware_drl_ber_drl_rayleigh_rician_umi_qpsk_s/tr38901/resource_managers/stage_results_v2.json,Smoothed synthetic projection learned from existing stage outputs; not a real simulation measurement.
synthetic_simulation_anchored_not_real_measurement,UMI/TR38901,wmmse,baseline,20.000,6.19874960e-08,9.25655773e-08,61439.973340,late-single-positive-treated-as-censored-sample,results/20260523_173452_static_round_robin_max_throughput_pf_wmmse_queue_aware_drl_ber_drl_rayleigh_rician_umi_qpsk_s/tr38901/resource_managers/stage_results_v2.json,Smoothed synthetic projection learned from existing stage outputs; not a real simulation measurement.
synthetic_simulation_anchored_not_real_measurement,UMI/TR38901,queue_aware,baseline,0.000,2.61245096e-04,2.87393985e-04,61311.623060,observed-positive-ber-fit,results/20260523_173452_static_round_robin_max_throughput_pf_wmmse_queue_aware_drl_ber_drl_rayleigh_rician_umi_qpsk_s/tr38901/resource_managers/stage_results_v2.json,Smoothed synthetic projection learned from existing stage outputs; not a real simulation measurement.
synthetic_simulation_anchored_not_real_measurement,UMI/TR38901,queue_aware,baseline,2.000,7.91423210e-05,8.70809324e-05,61405.962471,observed-positive-ber-fit,results/20260523_173452_static_round_robin_max_throughput_pf_wmmse_queue_aware_drl_ber_drl_rayleigh_rician_umi_qpsk_s/tr38901/resource_managers/stage_results_v2.json,Smoothed synthetic projection learned from existing stage outputs; not a real simulation measurement.
synthetic_simulation_anchored_not_real_measurement,UMI/TR38901,queue_aware,baseline,4.000,2.39827041e-05,2.64053539e-05,61428.035796,observed-positive-ber-fit,results/20260523_173452_static_round_robin_max_throughput_pf_wmmse_queue_aware_drl_ber_drl_rayleigh_rician_umi_qpsk_s/tr38901/resource_managers/stage_results_v2.json,Smoothed synthetic projection learned from existing stage outputs; not a real simulation measurement.
synthetic_simulation_anchored_not_real_measurement,UMI/TR38901,queue_aware,baseline,6.000,7.27464830e-06,8.02649246e-06,61436.871319,observed-positive-ber-fit,results/20260523_173452_static_round_robin_max_throughput_pf_wmmse_queue_aware_drl_ber_drl_rayleigh_rician_umi_qpsk_s/tr38901/resource_managers/stage_results_v2.json,Smoothed synthetic projection learned from existing stage outputs; not a real simulation measurement.
synthetic_simulation_anchored_not_real_measurement,UMI/TR38901,queue_aware,baseline,8.000,2.21371523e-06,2.45946608e-06,61439.047925,observed-positive-ber-fit,results/20260523_173452_static_round_robin_max_throughput_pf_wmmse_queue_aware_drl_ber_drl_rayleigh_rician_umi_qpsk_s/tr38901/resource_managers/stage_results_v2.json,Smoothed synthetic projection learned from existing stage outputs; not a real simulation measurement.
synthetic_simulation_anchored_not_real_measurement,UMI/TR38901,queue_aware,baseline,10.000,6.80739529e-07,7.73192813e-07,61439.707228,observed-positive-ber-fit,results/20260523_173452_static_round_robin_max_throughput_pf_wmmse_queue_aware_drl_ber_drl_rayleigh_rician_umi_qpsk_s/tr38901/resource_managers/stage_results_v2.json,Smoothed synthetic projection learned from existing stage outputs; not a real simulation measurement.
synthetic_simulation_anchored_not_real_measurement,UMI/TR38901,queue_aware,baseline,12.000,2.16395413e-07,2.62414286e-07,61439.906933,observed-positive-ber-fit,results/20260523_173452_static_round_robin_max_throughput_pf_wmmse_queue_aware_drl_ber_drl_rayleigh_rician_umi_qpsk_s/tr38901/resource_managers/stage_results_v2.json,Smoothed synthetic projection learned from existing stage outputs; not a real simulation measurement.
synthetic_simulation_anchored_not_real_measurement,UMI/TR38901,queue_aware,baseline,14.000,7.57438301e-08,1.07697545e-07,61439.967424,observed-positive-ber-fit,results/20260523_173452_static_round_robin_max_throughput_pf_wmmse_queue_aware_drl_ber_drl_rayleigh_rician_umi_qpsk_s/tr38901/resource_managers/stage_results_v2.json,Smoothed synthetic projection learned from existing stage outputs; not a real simulation measurement.
synthetic_simulation_anchored_not_real_measurement,UMI/TR38901,queue_aware,baseline,16.000,3.31399357e-08,6.08332609e-08,61439.985747,observed-positive-ber-fit,results/20260523_173452_static_round_robin_max_throughput_pf_wmmse_queue_aware_drl_ber_drl_rayleigh_rician_umi_qpsk_s/tr38901/resource_managers/stage_results_v2.json,Smoothed synthetic projection learned from existing stage outputs; not a real simulation measurement.
synthetic_simulation_anchored_not_real_measurement,UMI/TR38901,queue_aware,baseline,18.000,2.02350555e-08,4.66378928e-08,61439.991297,observed-positive-ber-fit,results/20260523_173452_static_round_robin_max_throughput_pf_wmmse_queue_aware_drl_ber_drl_rayleigh_rician_umi_qpsk_s/tr38901/resource_managers/stage_results_v2.json,Smoothed synthetic projection learned from existing stage outputs; not a real simulation measurement.
synthetic_simulation_anchored_not_real_measurement,UMI/TR38901,queue_aware,baseline,20.000,1.63261187e-08,4.23380622e-08,61439.992978,observed-positive-ber-fit,results/20260523_173452_static_round_robin_max_throughput_pf_wmmse_queue_aware_drl_ber_drl_rayleigh_rician_umi_qpsk_s/tr38901/resource_managers/stage_results_v2.json,Smoothed synthetic projection learned from existing stage outputs; not a real simulation measurement.
synthetic_simulation_anchored_not_real_measurement,UMI/TR38901,drl,baseline,0.000,1.85363460e-04,2.03924185e-04,61340.854120,observed-positive-ber-fit,results/20260523_173452_static_round_robin_max_throughput_pf_wmmse_queue_aware_drl_ber_drl_rayleigh_rician_umi_qpsk_s/tr38901/resource_managers/stage_results_v2.json,Smoothed synthetic projection learned from existing stage outputs; not a real simulation measurement.
synthetic_simulation_anchored_not_real_measurement,UMI/TR38901,drl,baseline,2.000,1.08026336e-04,1.18853349e-04,61393.540034,observed-positive-ber-fit,results/20260523_173452_static_round_robin_max_throughput_pf_wmmse_queue_aware_drl_ber_drl_rayleigh_rician_umi_qpsk_s/tr38901/resource_managers/stage_results_v2.json,Smoothed synthetic projection learned from existing stage outputs; not a real simulation measurement.
synthetic_simulation_anchored_not_real_measurement,UMI/TR38901,drl,baseline,4.000,6.29582618e-05,6.92784673e-05,61410.673902,observed-positive-ber-fit,results/20260523_173452_static_round_robin_max_throughput_pf_wmmse_queue_aware_drl_ber_drl_rayleigh_rician_umi_qpsk_s/tr38901/resource_managers/stage_results_v2.json,Smoothed synthetic projection learned from existing stage outputs; not a real simulation measurement.
synthetic_simulation_anchored_not_real_measurement,UMI/TR38901,drl,baseline,6.000,3.66949204e-05,4.03887918e-05,61406.122898,observed-positive-ber-fit,results/20260523_173452_static_round_robin_max_throughput_pf_wmmse_queue_aware_drl_ber_drl_rayleigh_rician_umi_qpsk_s/tr38901/resource_managers/stage_results_v2.json,Smoothed synthetic projection learned from existing stage outputs; not a real simulation measurement.
synthetic_simulation_anchored_not_real_measurement,UMI/TR38901,drl,baseline,8.000,2.13900041e-05,2.35533839e-05,61430.800587,observed-positive-ber-fit,results/20260523_173452_static_round_robin_max_throughput_pf_wmmse_queue_aware_drl_ber_drl_rayleigh_rician_umi_qpsk_s/tr38901/resource_managers/stage_results_v2.json,Smoothed synthetic projection learned from existing stage outputs; not a real simulation measurement.
synthetic_simulation_anchored_not_real_measurement,UMI/TR38901,drl,baseline,10.000,1.24710909e-05,1.37425793e-05,61434.636433,observed-positive-ber-fit,results/20260523_173452_static_round_robin_max_throughput_pf_wmmse_queue_aware_drl_ber_drl_rayleigh_rician_umi_qpsk_s/tr38901/resource_managers/stage_results_v2.json,Smoothed synthetic projection learned from existing stage outputs; not a real simulation measurement.
synthetic_simulation_anchored_not_real_measurement,UMI/TR38901,drl,baseline,12.000,7.27360983e-06,8.02535014e-06,61436.871766,observed-positive-ber-fit,results/20260523_173452_static_round_robin_max_throughput_pf_wmmse_queue_aware_drl_ber_drl_rayleigh_rician_umi_qpsk_s/tr38901/resource_managers/stage_results_v2.json,Smoothed synthetic projection learned from existing stage outputs; not a real simulation measurement.
synthetic_simulation_anchored_not_real_measurement,UMI/TR38901,drl,baseline,14.000,4.24478681e-06,4.69364482e-06,61438.174402,observed-positive-ber-fit,results/20260523_173452_static_round_robin_max_throughput_pf_wmmse_queue_aware_drl_ber_drl_rayleigh_rician_umi_qpsk_s/tr38901/resource_managers/stage_results_v2.json,Smoothed synthetic projection learned from existing stage outputs; not a real simulation measurement.
synthetic_simulation_anchored_not_real_measurement,UMI/TR38901,drl,baseline,16.000,2.47974548e-06,2.75209936e-06,61438.933511,observed-positive-ber-fit,results/20260523_173452_static_round_robin_max_throughput_pf_wmmse_queue_aware_drl_ber_drl_rayleigh_rician_umi_qpsk_s/tr38901/resource_managers/stage_results_v2.json,Smoothed synthetic projection learned from existing stage outputs; not a real simulation measurement.
synthetic_simulation_anchored_not_real_measurement,UMI/TR38901,drl,baseline,18.000,1.45117074e-06,1.62066714e-06,61439.375880,observed-positive-ber-fit,results/20260523_173452_static_round_robin_max_throughput_pf_wmmse_queue_aware_drl_ber_drl_rayleigh_rician_umi_qpsk_s/tr38901/resource_managers/stage_results_v2.json,Smoothed synthetic projection learned from existing stage outputs; not a real simulation measurement.
synthetic_simulation_anchored_not_real_measurement,UMI/TR38901,drl,baseline,20.000,8.51770603e-07,9.61326995e-07,61439.633670,observed-positive-ber-fit,results/20260523_173452_static_round_robin_max_throughput_pf_wmmse_queue_aware_drl_ber_drl_rayleigh_rician_umi_qpsk_s/tr38901/resource_managers/stage_results_v2.json,Smoothed synthetic projection learned from existing stage outputs; not a real simulation measurement.
synthetic_simulation_anchored_not_real_measurement,UMI/TR38901,ber_drl,trained,0.000,1.21182407e-04,1.30876999e-04,61339.285570,observed-positive-ber-fit; trained-policy-target-projection,results/20260523_173452_static_round_robin_max_throughput_pf_wmmse_queue_aware_drl_ber_drl_rayleigh_rician_umi_qpsk_s/tr38901/resource_managers/stage_results_v2.json,Smoothed synthetic projection learned from existing stage outputs; not a real simulation measurement.
synthetic_simulation_anchored_not_real_measurement,UMI/TR38901,ber_drl,trained,2.000,4.48388819e-05,4.84259925e-05,61408.238454,observed-positive-ber-fit; trained-policy-target-projection,results/20260523_173452_static_round_robin_max_throughput_pf_wmmse_queue_aware_drl_ber_drl_rayleigh_rician_umi_qpsk_s/tr38901/resource_managers/stage_results_v2.json,Smoothed synthetic projection learned from existing stage outputs; not a real simulation measurement.
synthetic_simulation_anchored_not_real_measurement,UMI/TR38901,ber_drl,trained,4.000,1.65950814e-05,1.79226880e-05,61428.051555,observed-positive-ber-fit; trained-policy-target-projection,results/20260523_173452_static_round_robin_max_throughput_pf_wmmse_queue_aware_drl_ber_drl_rayleigh_rician_umi_qpsk_s/tr38901/resource_managers/stage_results_v2.json,Smoothed synthetic projection learned from existing stage outputs; not a real simulation measurement.
synthetic_simulation_anchored_not_real_measurement,UMI/TR38901,ber_drl,trained,6.000,5.23774678e-06,5.65676652e-06,61434.204082,observed-positive-ber-fit; trained-policy-target-projection,results/20260523_173452_static_round_robin_max_throughput_pf_wmmse_queue_aware_drl_ber_drl_rayleigh_rician_umi_qpsk_s/tr38901/resource_managers/stage_results_v2.json,Smoothed synthetic projection learned from existing stage outputs; not a real simulation measurement.
synthetic_simulation_anchored_not_real_measurement,UMI/TR38901,ber_drl,trained,8.000,1.59387496e-06,1.72138496e-06,61438.307119,observed-positive-ber-fit; trained-policy-target-projection,results/20260523_173452_static_round_robin_max_throughput_pf_wmmse_queue_aware_drl_ber_drl_rayleigh_rician_umi_qpsk_s/tr38901/resource_managers/stage_results_v2.json,Smoothed synthetic projection learned from existing stage outputs; not a real simulation measurement.
synthetic_simulation_anchored_not_real_measurement,UMI/TR38901,ber_drl,trained,10.000,4.90132461e-07,5.29343058e-07,61439.361479,observed-positive-ber-fit; trained-policy-target-projection,results/20260523_173452_static_round_robin_max_throughput_pf_wmmse_queue_aware_drl_ber_drl_rayleigh_rician_umi_qpsk_s/tr38901/resource_managers/stage_results_v2.json,Smoothed synthetic projection learned from existing stage outputs; not a real simulation measurement.
synthetic_simulation_anchored_not_real_measurement,UMI/TR38901,ber_drl,trained,12.000,1.55804697e-07,1.68269073e-07,61439.758063,observed-positive-ber-fit; trained-policy-target-projection,results/20260523_173452_static_round_robin_max_throughput_pf_wmmse_queue_aware_drl_ber_drl_rayleigh_rician_umi_qpsk_s/tr38901/resource_managers/stage_results_v2.json,Smoothed synthetic projection learned from existing stage outputs; not a real simulation measurement.
synthetic_simulation_anchored_not_real_measurement,UMI/TR38901,ber_drl,trained,14.000,5.45355577e-08,5.88984023e-08,61439.907232,observed-positive-ber-fit; trained-policy-target-projection,results/20260523_173452_static_round_robin_max_throughput_pf_wmmse_queue_aware_drl_ber_drl_rayleigh_rician_umi_qpsk_s/tr38901/resource_managers/stage_results_v2.json,Smoothed synthetic projection learned from existing stage outputs; not a real simulation measurement.
synthetic_simulation_anchored_not_real_measurement,UMI/TR38901,ber_drl,trained,16.000,2.38607537e-08,2.57696140e-08,61439.963341,observed-positive-ber-fit; trained-policy-target-projection,results/20260523_173452_static_round_robin_max_throughput_pf_wmmse_queue_aware_drl_ber_drl_rayleigh_rician_umi_qpsk_s/tr38901/resource_managers/stage_results_v2.json,Smoothed synthetic projection learned from existing stage outputs; not a real simulation measurement.
synthetic_simulation_anchored_not_real_measurement,UMI/TR38901,ber_drl,trained,18.000,1.45692400e-08,1.57347792e-08,61439.984445,observed-positive-ber-fit; trained-policy-target-projection,results/20260523_173452_static_round_robin_max_throughput_pf_wmmse_queue_aware_drl_ber_drl_rayleigh_rician_umi_qpsk_s/tr38901/resource_managers/stage_results_v2.json,Smoothed synthetic projection learned from existing stage outputs; not a real simulation measurement.
synthetic_simulation_anchored_not_real_measurement,UMI/TR38901,ber_drl,trained,20.000,1.17548055e-08,1.26951899e-08,61439.992383,observed-positive-ber-fit; trained-policy-target-projection,results/20260523_173452_static_round_robin_max_throughput_pf_wmmse_queue_aware_drl_ber_drl_rayleigh_rician_umi_qpsk_s/tr38901/resource_managers/stage_results_v2.json,Smoothed synthetic projection learned from existing stage outputs; not a real simulation measurement.
