stage,method,metric,ebno_db,value
estimators,ls,ber,-5.0,0.28729502360026044
estimators,ls,ber,-4.5,0.2711353302001953
estimators,ls,ber,-4.0,0.2520332336425781
estimators,ls,ber,-3.5,0.23460261027018228
estimators,ls,ber,-3.0,0.20721054077148438
estimators,ls,ber,-2.5,0.17173976524203433
estimators,ls,ber,-2.0,0.1239347912016369
estimators,ls,ber,-1.5,0.09300514503761574
estimators,ls,ber,-1.0,0.057027963491586536
estimators,ls,ber,-0.5,0.03545470156912076
estimators,ls,ber,0.0,0.022391151783714158
estimators,ls,ber,0.5,0.014632940292358398
estimators,ls,ber,1.0,0.011430660883585611
estimators,ls,ber,1.5,0.006412665049235026
estimators,ls,ber,2.0,0.003383080164591471
estimators,ls,ber,2.5,0.0030139287312825522
estimators,ls,ber,3.0,0.0020956993103027344
estimators,ls,ber,3.5,0.0012785593668619792
estimators,ls,ber,4.0,0.0008204778035481771
estimators,ls,ber,4.5,0.0009857018788655598
estimators,ls,ber,5.0,0.0007364749908447266
estimators,ls,ber,5.5,0.0006067752838134766
estimators,ls,ber,6.0,0.0005857944488525391
estimators,ls,ber,6.5,0.00046102205912272137
estimators,ls,ber,7.0,0.00032941500345865887
estimators,ls,ber,7.5,0.00032202402750651043
estimators,ls,ber,8.0,0.00023635228474934897
estimators,ls,ber,8.5,0.0003566741943359375
estimators,ls,ber,9.0,0.0005127588907877604
estimators,ls,ber,9.5,0.00030604998270670575
estimators,ls,ber,10.0,0.0001239776611328125
estimators,ls,ber_upper_confidence,-5.0,0.2878888616089241
estimators,ls,ber_upper_confidence,-4.5,0.2717187632751807
estimators,ls,ber_upper_confidence,-4.0,0.2526031047745663
estimators,ls,ber_upper_confidence,-3.5,0.23515883199295048
estimators,ls,ber_upper_confidence,-3.0,0.20774262161195886
estimators,ls,ber_upper_confidence,-2.5,0.17222018032992994
estimators,ls,ber_upper_confidence,-2.0,0.12431250599893844
estimators,ls,ber_upper_confidence,-1.5,0.09329879496215424
estimators,ls,ber_upper_confidence,-1.0,0.057223082442859514
estimators,ls,ber_upper_confidence,-0.5,0.03558122149003015
estimators,ls,ber_upper_confidence,0.0,0.02247177935365987
estimators,ls,ber_upper_confidence,0.5,0.014688725037586968
estimators,ls,ber_upper_confidence,1.0,0.011480057981567022
estimators,ls,ber_upper_confidence,1.5,0.006449784727027831
estimators,ls,ber_upper_confidence,2.0,0.0034101122313573195
estimators,ls,ber_upper_confidence,2.5,0.0030394541846013104
estimators,ls,ber_upper_confidence,3.0,0.0021170119943055205
estimators,ls,ber_upper_confidence,3.5,0.0012952368238486139
estimators,ls,ber_upper_confidence,4.0,0.0008338623206110301
estimators,ls,ber_upper_confidence,4.5,0.001000360652671693
estimators,ls,ber_upper_confidence,5.0,0.0007491620752653668
estimators,ls,ber_upper_confidence,5.5,0.000618301922271771
estimators,ls,ber_upper_confidence,6.0,0.000597122065287202
estimators,ls,ber_upper_confidence,6.5,0.0004710840415516393
estimators,ls,ber_upper_confidence,7.0,0.0003379377910111985
estimators,ls,ber_upper_confidence,7.5,0.000330451921203659
estimators,ls,ber_upper_confidence,8.0,0.00024358851166357586
estimators,ls,ber_upper_confidence,8.5,0.0003655380687358576
estimators,ls,ber_upper_confidence,9.0,0.00052336424121799
estimators,ls,ber_upper_confidence,9.5,0.00031426898660274875
estimators,ls,ber_upper_confidence,10.0,0.00012924901572841736
estimators,ls,latency_ms,-5.0,539.9307270864975
estimators,ls,latency_ms,-4.5,543.5669645832187
estimators,ls,latency_ms,-4.0,535.1701520850421
estimators,ls,latency_ms,-3.5,534.093495832307
estimators,ls,latency_ms,-3.0,533.2924583337027
estimators,ls,latency_ms,-2.5,531.6719127444669
estimators,ls,latency_ms,-2.0,532.242597619718
estimators,ls,latency_ms,-1.5,532.9582129643369
estimators,ls,latency_ms,-1.0,528.7396064092181
estimators,ls,latency_ms,-0.5,528.3370612988796
estimators,ls,latency_ms,0.0,537.6331435484493
estimators,ls,latency_ms,0.5,602.6140247398914
estimators,ls,latency_ms,1.0,604.4889927082111
estimators,ls,latency_ms,1.5,606.9635325516444
estimators,ls,latency_ms,2.0,608.7866231775067
estimators,ls,latency_ms,2.5,603.832072396385
estimators,ls,latency_ms,3.0,604.3359716150278
estimators,ls,latency_ms,3.5,600.8576114578816
estimators,ls,latency_ms,4.0,605.2675083325582
estimators,ls,latency_ms,4.5,603.8993630209277
estimators,ls,latency_ms,5.0,604.3606747399779
estimators,ls,latency_ms,5.5,609.0365770834567
estimators,ls,latency_ms,6.0,608.0493942711471
estimators,ls,latency_ms,6.5,604.392495051711
estimators,ls,latency_ms,7.0,605.1121778644117
estimators,ls,latency_ms,7.5,602.8317356779369
estimators,ls,latency_ms,8.0,608.066427083513
estimators,ls,latency_ms,8.5,604.7281216146118
estimators,ls,latency_ms,9.0,605.1098044270291
estimators,ls,latency_ms,9.5,608.3023630204979
estimators,ls,latency_ms,10.0,603.3892028652006
estimators,ls,throughput_bits_per_batch,-5.0,70061.75
estimators,ls,throughput_bits_per_batch,-4.5,71650.3125
estimators,ls,throughput_bits_per_batch,-4.0,73528.125
estimators,ls,throughput_bits_per_batch,-3.5,75241.625
estimators,ls,throughput_bits_per_batch,-3.0,77934.375
estimators,ls,throughput_bits_per_batch,-2.5,81421.29411764706
estimators,ls,throughput_bits_per_batch,-2.0,86120.71428571429
estimators,ls,throughput_bits_per_batch,-1.5,89161.22222222222
estimators,ls,throughput_bits_per_batch,-1.0,92697.92307692308
estimators,ls,throughput_bits_per_batch,-0.5,94818.66101694915
estimators,ls,throughput_bits_per_batch,0.0,96102.86021505376
estimators,ls,throughput_bits_per_batch,0.5,96865.5234375
estimators,ls,throughput_bits_per_batch,1.0,97180.3203125
estimators,ls,throughput_bits_per_batch,1.5,97673.609375
estimators,ls,throughput_bits_per_batch,2.0,97971.4296875
estimators,ls,throughput_bits_per_batch,2.5,98007.71875
estimators,ls,throughput_bits_per_batch,3.0,98097.984375
estimators,ls,throughput_bits_per_batch,3.5,98178.3125
estimators,ls,throughput_bits_per_batch,4.0,98223.34375
estimators,ls,throughput_bits_per_batch,4.5,98207.1015625
estimators,ls,throughput_bits_per_batch,5.0,98231.6015625
estimators,ls,throughput_bits_per_batch,5.5,98244.3515625
estimators,ls,throughput_bits_per_batch,6.0,98246.4140625
estimators,ls,throughput_bits_per_batch,6.5,98258.6796875
estimators,ls,throughput_bits_per_batch,7.0,98271.6171875
estimators,ls,throughput_bits_per_batch,7.5,98272.34375
estimators,ls,throughput_bits_per_batch,8.0,98280.765625
estimators,ls,throughput_bits_per_batch,8.5,98268.9375
estimators,ls,throughput_bits_per_batch,9.0,98253.59375
estimators,ls,throughput_bits_per_batch,9.5,98273.9140625
estimators,ls,throughput_bits_per_batch,10.0,98291.8125
estimators,ls,energy_joules_per_batch,-5.0,0.00018645100000000005
estimators,ls,energy_joules_per_batch,-4.5,0.0001864510000000001
estimators,ls,energy_joules_per_batch,-4.0,0.00018645100000000005
estimators,ls,energy_joules_per_batch,-3.5,0.00018645099999999997
estimators,ls,energy_joules_per_batch,-3.0,0.00018645100000000008
estimators,ls,energy_joules_per_batch,-2.5,0.00018645100000000005
estimators,ls,energy_joules_per_batch,-2.0,0.00018645100000000005
estimators,ls,energy_joules_per_batch,-1.5,0.00018645099999999997
estimators,ls,energy_joules_per_batch,-1.0,0.00018645099999999994
estimators,ls,energy_joules_per_batch,-0.5,0.00018645100000000018
estimators,ls,energy_joules_per_batch,0.0,0.00018645100000000035
estimators,ls,energy_joules_per_batch,0.5,0.00018645100000000043
estimators,ls,energy_joules_per_batch,1.0,0.00018645100000000043
estimators,ls,energy_joules_per_batch,1.5,0.00018645100000000043
estimators,ls,energy_joules_per_batch,2.0,0.00018645100000000043
estimators,ls,energy_joules_per_batch,2.5,0.00018645100000000043
estimators,ls,energy_joules_per_batch,3.0,0.00018645100000000043
estimators,ls,energy_joules_per_batch,3.5,0.00018645100000000043
estimators,ls,energy_joules_per_batch,4.0,0.00018645100000000043
estimators,ls,energy_joules_per_batch,4.5,0.00018645100000000043
estimators,ls,energy_joules_per_batch,5.0,0.00018645100000000043
estimators,ls,energy_joules_per_batch,5.5,0.00018645100000000043
estimators,ls,energy_joules_per_batch,6.0,0.00018645100000000043
estimators,ls,energy_joules_per_batch,6.5,0.00018645100000000043
estimators,ls,energy_joules_per_batch,7.0,0.00018645100000000043
estimators,ls,energy_joules_per_batch,7.5,0.00018645100000000043
estimators,ls,energy_joules_per_batch,8.0,0.00018645100000000043
estimators,ls,energy_joules_per_batch,8.5,0.00018645100000000043
estimators,ls,energy_joules_per_batch,9.0,0.00018645100000000043
estimators,ls,energy_joules_per_batch,9.5,0.00018645100000000043
estimators,ls,energy_joules_per_batch,10.0,0.00018645100000000043
estimators,ls,avg_power_w,-5.0,0.00034532392887899187
estimators,ls,avg_power_w,-4.5,0.00034301385505088934
estimators,ls,avg_power_w,-4.0,0.00034839573782951134
estimators,ls,avg_power_w,-3.5,0.00034909805390803943
estimators,ls,avg_power_w,-3.0,0.00034962242028056226
estimators,ls,avg_power_w,-2.5,0.0003506880757299144
estimators,ls,avg_power_w,-2.0,0.00035031205851211744
estimators,ls,avg_power_w,-1.5,0.00034984168639216824
estimators,ls,avg_power_w,-1.0,0.00035263293640177233
estimators,ls,avg_power_w,-0.5,0.0003529016108421838
estimators,ls,avg_power_w,0.0,0.0003467996760195982
estimators,ls,avg_power_w,0.5,0.00030940368518717927
estimators,ls,avg_power_w,1.0,0.0003084439952573313
estimators,ls,avg_power_w,1.5,0.00030718649474074613
estimators,ls,avg_power_w,2.0,0.00030626658487802554
estimators,ls,avg_power_w,2.5,0.0003087795573031517
estimators,ls,avg_power_w,3.0,0.0003085220949230089
estimators,ls,avg_power_w,3.5,0.0003103081269913647
estimators,ls,avg_power_w,4.0,0.00030804726411574825
estimators,ls,avg_power_w,4.5,0.00030874515095909963
estimators,ls,avg_power_w,5.0,0.00030850948414242824
estimators,ls,avg_power_w,5.5,0.0003061408904090352
estimators,ls,avg_power_w,6.0,0.00030663791750585386
estimators,ls,avg_power_w,6.5,0.0003084932416046098
estimators,ls,avg_power_w,7.0,0.0003081263389179035
estimators,ls,avg_power_w,7.5,0.0003092919449410207
estimators,ls,avg_power_w,8.0,0.00030662932813817873
estimators,ls,avg_power_w,8.5,0.0003083220266029303
estimators,ls,avg_power_w,9.0,0.0003081275474895809
estimators,ls,avg_power_w,9.5,0.00030651039899662135
estimators,ls,avg_power_w,10.0,0.0003090061922133106
estimators,ls,runtime_sec,-5.0,9.10545329998422
estimators,ls,runtime_sec,-4.5,9.159030699986033
estimators,ls,runtime_sec,-4.0,9.012324799987255
estimators,ls,runtime_sec,-3.5,8.996559699982754
estimators,ls,runtime_sec,-3.0,8.97972939995816
estimators,ls,runtime_sec,-2.5,9.510972799995216
estimators,ls,runtime_sec,-2.0,11.76146449999942
estimators,ls,runtime_sec,-1.5,15.1519042999862
estimators,ls,runtime_sec,-1.0,21.700938999973005
estimators,ls,runtime_sec,-0.5,32.80632159997185
estimators,ls,runtime_sec,0.0,52.58436939994863
estimators,ls,runtime_sec,0.5,81.06567619992711
estimators,ls,runtime_sec,1.0,81.34008729997731
estimators,ls,runtime_sec,1.5,81.63230749995273
estimators,ls,runtime_sec,2.0,81.89107859991782
estimators,ls,runtime_sec,2.5,81.21996440002113
estimators,ls,runtime_sec,3.0,81.30995019996772
estimators,ls,runtime_sec,3.5,80.82799300002807
estimators,ls,runtime_sec,4.0,81.42109639984847
estimators,ls,runtime_sec,4.5,81.25013030001719
estimators,ls,runtime_sec,5.0,81.32286329999624
estimators,ls,runtime_sec,5.5,81.94274590004352
estimators,ls,runtime_sec,6.0,81.80653419991722
estimators,ls,runtime_sec,6.5,81.32142399993609
estimators,ls,runtime_sec,7.0,81.36300369992387
estimators,ls,runtime_sec,7.5,81.07965640000475
estimators,ls,runtime_sec,8.0,81.83125529999961
estimators,ls,runtime_sec,8.5,81.37895589999971
estimators,ls,runtime_sec,9.0,81.39412730002368
estimators,ls,runtime_sec,9.5,81.84163600002648
estimators,ls,runtime_sec,10.0,81.20086899996386
estimators,ls,bit_errors,-5.0,451876.0
estimators,ls,bit_errors,-4.5,426459.0
estimators,ls,bit_errors,-4.0,396414.0
estimators,ls,bit_errors,-3.5,368998.0
estimators,ls,bit_errors,-3.0,325914.0
estimators,ls,bit_errors,-2.5,287006.0
estimators,ls,bit_errors,-2.0,255849.0
estimators,ls,bit_errors,-1.5,246855.0
estimators,ls,bit_errors,-1.0,218637.0
estimators,ls,bit_errors,-0.5,205635.0
estimators,ls,bit_errors,0.0,204706.0
estimators,ls,bit_errors,0.5,184125.0
estimators,ls,bit_errors,1.0,143831.0
estimators,ls,bit_errors,1.5,80690.0
estimators,ls,bit_errors,2.0,42569.0
estimators,ls,bit_errors,2.5,37924.0
estimators,ls,bit_errors,3.0,26370.0
estimators,ls,bit_errors,3.5,16088.0
estimators,ls,bit_errors,4.0,10324.0
estimators,ls,bit_errors,4.5,12403.0
estimators,ls,bit_errors,5.0,9267.0
estimators,ls,bit_errors,5.5,7635.0
estimators,ls,bit_errors,6.0,7371.0
estimators,ls,bit_errors,6.5,5801.0
estimators,ls,bit_errors,7.0,4145.0
estimators,ls,bit_errors,7.5,4052.0
estimators,ls,bit_errors,8.0,2974.0
estimators,ls,bit_errors,8.5,4488.0
estimators,ls,bit_errors,9.0,6452.0
estimators,ls,bit_errors,9.5,3851.0
estimators,ls,bit_errors,10.0,1560.0
estimators,ls,total_bits,-5.0,1572864.0
estimators,ls,total_bits,-4.5,1572864.0
estimators,ls,total_bits,-4.0,1572864.0
estimators,ls,total_bits,-3.5,1572864.0
estimators,ls,total_bits,-3.0,1572864.0
estimators,ls,total_bits,-2.5,1671168.0
estimators,ls,total_bits,-2.0,2064384.0
estimators,ls,total_bits,-1.5,2654208.0
estimators,ls,total_bits,-1.0,3833856.0
estimators,ls,total_bits,-0.5,5799936.0
estimators,ls,total_bits,0.0,9142272.0
estimators,ls,total_bits,0.5,12582912.0
estimators,ls,total_bits,1.0,12582912.0
estimators,ls,total_bits,1.5,12582912.0
estimators,ls,total_bits,2.0,12582912.0
estimators,ls,total_bits,2.5,12582912.0
estimators,ls,total_bits,3.0,12582912.0
estimators,ls,total_bits,3.5,12582912.0
estimators,ls,total_bits,4.0,12582912.0
estimators,ls,total_bits,4.5,12582912.0
estimators,ls,total_bits,5.0,12582912.0
estimators,ls,total_bits,5.5,12582912.0
estimators,ls,total_bits,6.0,12582912.0
estimators,ls,total_bits,6.5,12582912.0
estimators,ls,total_bits,7.0,12582912.0
estimators,ls,total_bits,7.5,12582912.0
estimators,ls,total_bits,8.0,12582912.0
estimators,ls,total_bits,8.5,12582912.0
estimators,ls,total_bits,9.0,12582912.0
estimators,ls,total_bits,9.5,12582912.0
estimators,ls,total_bits,10.0,12582912.0
estimators,ls,block_errors,-5.0,1024.0
estimators,ls,block_errors,-4.5,1024.0
estimators,ls,block_errors,-4.0,1024.0
estimators,ls,block_errors,-3.5,1024.0
estimators,ls,block_errors,-3.0,1021.0
estimators,ls,block_errors,-2.5,1022.0
estimators,ls,block_errors,-2.0,1012.0
estimators,ls,block_errors,-1.5,1041.0
estimators,ls,block_errors,-1.0,1002.0
estimators,ls,block_errors,-0.5,1003.0
estimators,ls,block_errors,0.0,1001.0
estimators,ls,block_errors,0.5,874.0
estimators,ls,block_errors,1.0,668.0
estimators,ls,block_errors,1.5,372.0
estimators,ls,block_errors,2.0,211.0
estimators,ls,block_errors,2.5,169.0
estimators,ls,block_errors,3.0,110.0
estimators,ls,block_errors,3.5,67.0
estimators,ls,block_errors,4.0,40.0
estimators,ls,block_errors,4.5,47.0
estimators,ls,block_errors,5.0,29.0
estimators,ls,block_errors,5.5,26.0
estimators,ls,block_errors,6.0,25.0
estimators,ls,block_errors,6.5,18.0
estimators,ls,block_errors,7.0,14.0
estimators,ls,block_errors,7.5,12.0
estimators,ls,block_errors,8.0,9.0
estimators,ls,block_errors,8.5,13.0
estimators,ls,block_errors,9.0,19.0
estimators,ls,block_errors,9.5,12.0
estimators,ls,block_errors,10.0,5.0
estimators,ls,total_blocks,-5.0,1024.0
estimators,ls,total_blocks,-4.5,1024.0
estimators,ls,total_blocks,-4.0,1024.0
estimators,ls,total_blocks,-3.5,1024.0
estimators,ls,total_blocks,-3.0,1024.0
estimators,ls,total_blocks,-2.5,1088.0
estimators,ls,total_blocks,-2.0,1344.0
estimators,ls,total_blocks,-1.5,1728.0
estimators,ls,total_blocks,-1.0,2496.0
estimators,ls,total_blocks,-0.5,3776.0
estimators,ls,total_blocks,0.0,5952.0
estimators,ls,total_blocks,0.5,8192.0
estimators,ls,total_blocks,1.0,8192.0
estimators,ls,total_blocks,1.5,8192.0
estimators,ls,total_blocks,2.0,8192.0
estimators,ls,total_blocks,2.5,8192.0
estimators,ls,total_blocks,3.0,8192.0
estimators,ls,total_blocks,3.5,8192.0
estimators,ls,total_blocks,4.0,8192.0
estimators,ls,total_blocks,4.5,8192.0
estimators,ls,total_blocks,5.0,8192.0
estimators,ls,total_blocks,5.5,8192.0
estimators,ls,total_blocks,6.0,8192.0
estimators,ls,total_blocks,6.5,8192.0
estimators,ls,total_blocks,7.0,8192.0
estimators,ls,total_blocks,7.5,8192.0
estimators,ls,total_blocks,8.0,8192.0
estimators,ls,total_blocks,8.5,8192.0
estimators,ls,total_blocks,9.0,8192.0
estimators,ls,total_blocks,9.5,8192.0
estimators,ls,total_blocks,10.0,8192.0
estimators,ls,num_batches,-5.0,16.0
estimators,ls,num_batches,-4.5,16.0
estimators,ls,num_batches,-4.0,16.0
estimators,ls,num_batches,-3.5,16.0
estimators,ls,num_batches,-3.0,16.0
estimators,ls,num_batches,-2.5,17.0
estimators,ls,num_batches,-2.0,21.0
estimators,ls,num_batches,-1.5,27.0
estimators,ls,num_batches,-1.0,39.0
estimators,ls,num_batches,-0.5,59.0
estimators,ls,num_batches,0.0,93.0
estimators,ls,num_batches,0.5,128.0
estimators,ls,num_batches,1.0,128.0
estimators,ls,num_batches,1.5,128.0
estimators,ls,num_batches,2.0,128.0
estimators,ls,num_batches,2.5,128.0
estimators,ls,num_batches,3.0,128.0
estimators,ls,num_batches,3.5,128.0
estimators,ls,num_batches,4.0,128.0
estimators,ls,num_batches,4.5,128.0
estimators,ls,num_batches,5.0,128.0
estimators,ls,num_batches,5.5,128.0
estimators,ls,num_batches,6.0,128.0
estimators,ls,num_batches,6.5,128.0
estimators,ls,num_batches,7.0,128.0
estimators,ls,num_batches,7.5,128.0
estimators,ls,num_batches,8.0,128.0
estimators,ls,num_batches,8.5,128.0
estimators,ls,num_batches,9.0,128.0
estimators,ls,num_batches,9.5,128.0
estimators,ls,num_batches,10.0,128.0
estimators,ls,stop_reason,-5.0,target_block_errors
estimators,ls,stop_reason,-4.5,target_block_errors
estimators,ls,stop_reason,-4.0,target_block_errors
estimators,ls,stop_reason,-3.5,target_block_errors
estimators,ls,stop_reason,-3.0,target_block_errors
estimators,ls,stop_reason,-2.5,target_block_errors
estimators,ls,stop_reason,-2.0,target_block_errors
estimators,ls,stop_reason,-1.5,target_block_errors
estimators,ls,stop_reason,-1.0,target_block_errors
estimators,ls,stop_reason,-0.5,target_block_errors
estimators,ls,stop_reason,0.0,target_block_errors
estimators,ls,stop_reason,0.5,max_batches
estimators,ls,stop_reason,1.0,max_batches
estimators,ls,stop_reason,1.5,max_batches
estimators,ls,stop_reason,2.0,max_batches
estimators,ls,stop_reason,2.5,max_batches
estimators,ls,stop_reason,3.0,max_batches
estimators,ls,stop_reason,3.5,max_batches
estimators,ls,stop_reason,4.0,max_batches
estimators,ls,stop_reason,4.5,max_batches
estimators,ls,stop_reason,5.0,max_batches
estimators,ls,stop_reason,5.5,max_batches
estimators,ls,stop_reason,6.0,max_batches
estimators,ls,stop_reason,6.5,max_batches
estimators,ls,stop_reason,7.0,max_batches
estimators,ls,stop_reason,7.5,max_batches
estimators,ls,stop_reason,8.0,max_batches
estimators,ls,stop_reason,8.5,max_batches
estimators,ls,stop_reason,9.0,max_batches
estimators,ls,stop_reason,9.5,max_batches
estimators,ls,stop_reason,10.0,max_batches
estimators,ls,point_status,-5.0,resolved
estimators,ls,point_status,-4.5,resolved
estimators,ls,point_status,-4.0,resolved
estimators,ls,point_status,-3.5,resolved
estimators,ls,point_status,-3.0,resolved
estimators,ls,point_status,-2.5,resolved
estimators,ls,point_status,-2.0,resolved
estimators,ls,point_status,-1.5,resolved
estimators,ls,point_status,-1.0,resolved
estimators,ls,point_status,-0.5,resolved
estimators,ls,point_status,0.0,resolved
estimators,ls,point_status,0.5,resolved
estimators,ls,point_status,1.0,resolved
estimators,ls,point_status,1.5,resolved
estimators,ls,point_status,2.0,resolved
estimators,ls,point_status,2.5,resolved
estimators,ls,point_status,3.0,resolved
estimators,ls,point_status,3.5,resolved
estimators,ls,point_status,4.0,resolved
estimators,ls,point_status,4.5,resolved
estimators,ls,point_status,5.0,resolved
estimators,ls,point_status,5.5,resolved
estimators,ls,point_status,6.0,resolved
estimators,ls,point_status,6.5,resolved
estimators,ls,point_status,7.0,resolved
estimators,ls,point_status,7.5,resolved
estimators,ls,point_status,8.0,resolved
estimators,ls,point_status,8.5,resolved
estimators,ls,point_status,9.0,resolved
estimators,ls,point_status,9.5,resolved
estimators,ls,point_status,10.0,resolved
estimators,ls,runtime_total_sec,,1817.2104243992653
estimators,dft,ber,-5.0,0.24774551391601562
estimators,dft,ber,-4.5,0.22887166341145834
estimators,dft,ber,-4.0,0.20213635762532553
estimators,dft,ber,-3.5,0.16832252785011573
estimators,dft,ber,-3.0,0.12715657552083334
estimators,dft,ber,-2.5,0.08708699544270833
estimators,dft,ber,-2.0,0.05573385076005329
estimators,dft,ber,-1.5,0.04004173948053728
estimators,dft,ber,-1.0,0.022444356282552085
estimators,dft,ber,-0.5,0.013698339462280273
estimators,dft,ber,0.0,0.008701721827189127
estimators,dft,ber,0.5,0.0056972503662109375
estimators,dft,ber,1.0,0.004594643910725911
estimators,dft,ber,1.5,0.002417405446370443
estimators,dft,ber,2.0,0.0012688636779785156
estimators,dft,ber,2.5,0.001095136006673177
estimators,dft,ber,3.0,0.000847021738688151
estimators,dft,ber,3.5,0.00040141741434733075
estimators,dft,ber,4.0,0.00030732154846191406
estimators,dft,ber,4.5,0.0003096262613932292
estimators,dft,ber,5.0,0.00018676122029622397
estimators,dft,ber,5.5,0.00012350082397460938
estimators,dft,ber,6.0,0.00010728836059570312
estimators,dft,ber,6.5,0.00014821688334147135
estimators,dft,ber,7.0,6.000200907389323e-05
estimators,dft,ber,7.5,1.5894571940104166e-07
estimators,dft,ber,8.0,0.0
estimators,dft,ber,8.5,2.1537144978841145e-05
estimators,dft,ber,9.0,0.00016419092814127603
estimators,dft,ber,9.5,4.657109578450521e-05
estimators,dft,ber,10.0,0.0
estimators,dft,ber_upper_confidence,-5.0,0.248312143724224
estimators,dft,ber_upper_confidence,-4.5,0.229423116084329
estimators,dft,ber_upper_confidence,-4.0,0.20266357573931018
estimators,dft,ber_upper_confidence,-3.5,0.16878568644013484
estimators,dft,ber_upper_confidence,-3.0,0.1275384544856359
estimators,dft,ber_upper_confidence,-2.5,0.08736694792654415
estimators,dft,ber_upper_confidence,-2.0,0.05591766827725372
estimators,dft,ber_upper_confidence,-1.5,0.040178196146858296
estimators,dft,ber_upper_confidence,-1.0,0.022522195861791314
estimators,dft,ber_upper_confidence,-0.5,0.013752342477504046
estimators,dft,ber_upper_confidence,0.0,0.008744894275420955
estimators,dft,ber_upper_confidence,0.5,0.005732257066893072
estimators,dft,ber_upper_confidence,1.0,0.004626109636975805
estimators,dft,ber_upper_confidence,1.5,0.0024402838808970763
estimators,dft,ber_upper_confidence,2.0,0.001285478271842999
estimators,dft,ber_upper_confidence,2.5,0.0011105803832601154
estimators,dft,ber_upper_confidence,3.0,0.0008606191179214582
estimators,dft,ber_upper_confidence,3.5,0.0004108139998362499
estimators,dft,ber_upper_confidence,4.0,0.0003155573773105667
estimators,dft,ber_upper_confidence,4.5,0.00031789249692286496
estimators,dft,ber_upper_confidence,5.0,0.00019320595392228858
estimators,dft,ber_upper_confidence,5.5,0.00012876224412251226
estimators,dft,ber_upper_confidence,6.0,0.00011219979494783678
estimators,dft,ber_upper_confidence,6.5,0.00015397024454039975
estimators,dft,ber_upper_confidence,7.0,6.370286629766843e-05
estimators,dft,ber_upper_confidence,7.5,4.803097593473491e-07
estimators,dft,ber_upper_confidence,8.0,2.3807941067647855e-07
estimators,dft,ber_upper_confidence,8.5,2.3799252083144632e-05
estimators,dft,ber_upper_confidence,9.0,0.00017024059232314122
estimators,dft,ber_upper_confidence,9.5,4.9844771509003804e-05
estimators,dft,ber_upper_confidence,10.0,2.3807941067647855e-07
estimators,dft,latency_ms,-5.0,535.3397833343062
estimators,dft,latency_ms,-4.5,549.3751583327631
estimators,dft,latency_ms,-4.0,534.3426583323472
estimators,dft,latency_ms,-3.5,530.8085111115348
estimators,dft,latency_ms,-3.0,530.7320357150421
estimators,dft,latency_ms,-2.5,526.6064833350848
estimators,dft,latency_ms,-2.0,527.9240786817588
estimators,dft,latency_ms,-1.5,528.3645201754128
estimators,dft,latency_ms,-1.0,541.3565953336679
estimators,dft,latency_ms,-0.5,606.7762208337215
estimators,dft,latency_ms,0.0,609.701361457978
estimators,dft,latency_ms,0.5,604.8197630213097
estimators,dft,latency_ms,1.0,605.0056513023762
estimators,dft,latency_ms,1.5,606.7257778647943
estimators,dft,latency_ms,2.0,606.5318356778832
estimators,dft,latency_ms,2.5,604.6606169273034
estimators,dft,latency_ms,3.0,600.1647239582142
estimators,dft,latency_ms,3.5,601.2762692710382
estimators,dft,latency_ms,4.0,611.2790559903076
estimators,dft,latency_ms,4.5,602.1045747393416
estimators,dft,latency_ms,5.0,603.106015364601
estimators,dft,latency_ms,5.5,605.1086208330205
estimators,dft,latency_ms,6.0,607.2855598956992
estimators,dft,latency_ms,6.5,606.4101294274722
estimators,dft,latency_ms,7.0,604.6538872392646
estimators,dft,latency_ms,7.5,601.6079716147531
estimators,dft,latency_ms,8.0,605.1336333332799
estimators,dft,latency_ms,8.5,603.673431771226
estimators,dft,latency_ms,9.0,603.2790294272261
estimators,dft,latency_ms,9.5,604.0937395835315
estimators,dft,latency_ms,10.0,602.862158333123
estimators,dft,throughput_bits_per_batch,-5.0,73949.625
estimators,dft,throughput_bits_per_batch,-4.5,75805.0
estimators,dft,throughput_bits_per_batch,-4.0,78433.1875
estimators,dft,throughput_bits_per_batch,-3.5,81757.22222222222
estimators,dft,throughput_bits_per_batch,-3.0,85804.0
estimators,dft,throughput_bits_per_batch,-2.5,89743.0
estimators,dft,throughput_bits_per_batch,-2.0,92825.13953488372
estimators,dft,throughput_bits_per_batch,-1.5,94367.73684210527
estimators,dft,throughput_bits_per_batch,-1.0,96097.63
estimators,dft,throughput_bits_per_batch,-0.5,96957.3984375
estimators,dft,throughput_bits_per_batch,0.0,97448.5859375
estimators,dft,throughput_bits_per_batch,0.5,97743.9375
estimators,dft,throughput_bits_per_batch,1.0,97852.328125
estimators,dft,throughput_bits_per_batch,1.5,98066.359375
estimators,dft,throughput_bits_per_batch,2.0,98179.265625
estimators,dft,throughput_bits_per_batch,2.5,98196.34375
estimators,dft,throughput_bits_per_batch,3.0,98220.734375
estimators,dft,throughput_bits_per_batch,3.5,98264.5390625
estimators,dft,throughput_bits_per_batch,4.0,98273.7890625
estimators,dft,throughput_bits_per_batch,4.5,98273.5625
estimators,dft,throughput_bits_per_batch,5.0,98285.640625
estimators,dft,throughput_bits_per_batch,5.5,98291.859375
estimators,dft,throughput_bits_per_batch,6.0,98293.453125
estimators,dft,throughput_bits_per_batch,6.5,98289.4296875
estimators,dft,throughput_bits_per_batch,7.0,98298.1015625
estimators,dft,throughput_bits_per_batch,7.5,98303.984375
estimators,dft,throughput_bits_per_batch,8.0,98304.0
estimators,dft,throughput_bits_per_batch,8.5,98301.8828125
estimators,dft,throughput_bits_per_batch,9.0,98287.859375
estimators,dft,throughput_bits_per_batch,9.5,98299.421875
estimators,dft,throughput_bits_per_batch,10.0,98304.0
estimators,dft,energy_joules_per_batch,-5.0,0.00018645100000000002
estimators,dft,energy_joules_per_batch,-4.5,0.00018645100000000002
estimators,dft,energy_joules_per_batch,-4.0,0.00018645100000000005
estimators,dft,energy_joules_per_batch,-3.5,0.00018645100000000008
estimators,dft,energy_joules_per_batch,-3.0,0.00018645100000000005
estimators,dft,energy_joules_per_batch,-2.5,0.00018645100000000002
estimators,dft,energy_joules_per_batch,-2.0,0.000186451
estimators,dft,energy_joules_per_batch,-1.5,0.00018645100000000013
estimators,dft,energy_joules_per_batch,-1.0,0.00018645100000000035
estimators,dft,energy_joules_per_batch,-0.5,0.00018645100000000043
estimators,dft,energy_joules_per_batch,0.0,0.00018645100000000043
estimators,dft,energy_joules_per_batch,0.5,0.00018645100000000043
estimators,dft,energy_joules_per_batch,1.0,0.00018645100000000043
estimators,dft,energy_joules_per_batch,1.5,0.00018645100000000043
estimators,dft,energy_joules_per_batch,2.0,0.00018645100000000043
estimators,dft,energy_joules_per_batch,2.5,0.00018645100000000043
estimators,dft,energy_joules_per_batch,3.0,0.00018645100000000043
estimators,dft,energy_joules_per_batch,3.5,0.00018645100000000043
estimators,dft,energy_joules_per_batch,4.0,0.00018645100000000043
estimators,dft,energy_joules_per_batch,4.5,0.00018645100000000043
estimators,dft,energy_joules_per_batch,5.0,0.00018645100000000043
estimators,dft,energy_joules_per_batch,5.5,0.00018645100000000043
estimators,dft,energy_joules_per_batch,6.0,0.00018645100000000043
estimators,dft,energy_joules_per_batch,6.5,0.00018645100000000043
estimators,dft,energy_joules_per_batch,7.0,0.00018645100000000043
estimators,dft,energy_joules_per_batch,7.5,0.00018645100000000043
estimators,dft,energy_joules_per_batch,8.0,0.00018645100000000043
estimators,dft,energy_joules_per_batch,8.5,0.00018645100000000043
estimators,dft,energy_joules_per_batch,9.0,0.00018645100000000043
estimators,dft,energy_joules_per_batch,9.5,0.00018645100000000043
estimators,dft,energy_joules_per_batch,10.0,0.00018645100000000043
estimators,dft,avg_power_w,-5.0,0.0003482853428876704
estimators,dft,avg_power_w,-4.5,0.0003393873879660653
estimators,dft,avg_power_w,-4.0,0.0003489352704534257
estimators,dft,avg_power_w,-3.5,0.00035125849736200354
estimators,dft,avg_power_w,-3.0,0.00035130911166649144
estimators,dft,avg_power_w,-2.5,0.00035406134542661794
estimators,dft,avg_power_w,-2.0,0.0003531776774902432
estimators,dft,avg_power_w,-1.5,0.00035288327069747205
estimators,dft,avg_power_w,-1.0,0.00034441438712883943
estimators,dft,avg_power_w,-0.5,0.00030728132316031336
estimators,dft,avg_power_w,0.0,0.0003058070914490668
estimators,dft,avg_power_w,0.5,0.00030827531009999614
estimators,dft,avg_power_w,1.0,0.00030818059236080415
estimators,dft,avg_power_w,1.5,0.0003073068704220279
estimators,dft,avg_power_w,2.0,0.00030740513363427266
estimators,dft,avg_power_w,2.5,0.0003083564478657238
estimators,dft,avg_power_w,3.0,0.0003106663763413424
estimators,dft,avg_power_w,3.5,0.00031009206504365404
estimators,dft,avg_power_w,4.0,0.0003050178117062083
estimators,dft,avg_power_w,4.5,0.00030966547643441724
estimators,dft,avg_power_w,5.0,0.00030915128559492734
estimators,dft,avg_power_w,5.5,0.00030812815018785116
estimators,dft,avg_power_w,6.0,0.00030702360193122857
estimators,dft,avg_power_w,6.5,0.000307466829711492
estimators,dft,avg_power_w,7.0,0.0003083598798170313
estimators,dft,avg_power_w,7.5,0.00030992109279994145
estimators,dft,avg_power_w,8.0,0.00030811541406641947
estimators,dft,avg_power_w,8.5,0.00030886070213979487
estimators,dft,avg_power_w,9.0,0.0003090626242669556
estimators,dft,avg_power_w,9.5,0.0003086458074015825
estimators,dft,avg_power_w,10.0,0.00030927633692505436
estimators,dft,runtime_sec,-5.0,9.072762400042848
estimators,dft,runtime_sec,-4.5,9.289653900021221
estimators,dft,runtime_sec,-4.0,9.039284700003918
estimators,dft,runtime_sec,-3.5,10.104725499972119
estimators,dft,runtime_sec,-3.0,11.7847771000379
estimators,dft,runtime_sec,-2.5,15.597232699990855
estimators,dft,runtime_sec,-2.0,24.008816500019748
estimators,dft,runtime_sec,-1.5,31.83325149999291
estimators,dft,runtime_sec,-1.0,57.20618880001712
estimators,dft,runtime_sec,-0.5,81.97957049995603
estimators,dft,runtime_sec,0.0,82.36657049994392
estimators,dft,runtime_sec,0.5,81.73042389997863
estimators,dft,runtime_sec,1.0,81.77884279996215
estimators,dft,runtime_sec,1.5,81.99312510012533
estimators,dft,runtime_sec,2.0,81.98532819995307
estimators,dft,runtime_sec,2.5,81.6931718999549
estimators,dft,runtime_sec,3.0,81.12784499989357
estimators,dft,runtime_sec,3.5,81.2505453999911
estimators,dft,runtime_sec,4.0,82.65391269999964
estimators,dft,runtime_sec,4.5,81.36686210011248
estimators,dft,runtime_sec,5.0,81.53075460002583
estimators,dft,runtime_sec,5.5,81.77955790000851
estimators,dft,runtime_sec,6.0,82.08543809993716
estimators,dft,runtime_sec,6.5,81.92957019996538
estimators,dft,runtime_sec,7.0,81.7238890001463
estimators,dft,runtime_sec,7.5,81.29623530013487
estimators,dft,runtime_sec,8.0,81.78515589991002
estimators,dft,runtime_sec,8.5,81.55332379993342
estimators,dft,runtime_sec,9.0,81.5315306999837
estimators,dft,runtime_sec,9.5,81.63395119996858
estimators,dft,runtime_sec,10.0,81.49911729991436
estimators,dft,bit_errors,-5.0,389670.0
estimators,dft,bit_errors,-4.5,359984.0
estimators,dft,bit_errors,-4.0,317933.0
estimators,dft,bit_errors,-3.5,297842.0
estimators,dft,bit_errors,-3.0,262500.0
estimators,dft,bit_errors,-2.5,239708.0
estimators,dft,bit_errors,-2.0,235591.0
estimators,dft,bit_errors,-1.5,224367.0
estimators,dft,bit_errors,-1.0,220637.0
estimators,dft,bit_errors,-0.5,172365.0
estimators,dft,bit_errors,0.0,109493.0
estimators,dft,bit_errors,0.5,71688.0
estimators,dft,bit_errors,1.0,57814.0
estimators,dft,bit_errors,1.5,30418.0
estimators,dft,bit_errors,2.0,15966.0
estimators,dft,bit_errors,2.5,13780.0
estimators,dft,bit_errors,3.0,10658.0
estimators,dft,bit_errors,3.5,5051.0
estimators,dft,bit_errors,4.0,3867.0
estimators,dft,bit_errors,4.5,3896.0
estimators,dft,bit_errors,5.0,2350.0
estimators,dft,bit_errors,5.5,1554.0
estimators,dft,bit_errors,6.0,1350.0
estimators,dft,bit_errors,6.5,1865.0
estimators,dft,bit_errors,7.0,755.0
estimators,dft,bit_errors,7.5,2.0
estimators,dft,bit_errors,8.0,0.0
estimators,dft,bit_errors,8.5,271.0
estimators,dft,bit_errors,9.0,2066.0
estimators,dft,bit_errors,9.5,586.0
estimators,dft,bit_errors,10.0,0.0
estimators,dft,total_bits,-5.0,1572864.0
estimators,dft,total_bits,-4.5,1572864.0
estimators,dft,total_bits,-4.0,1572864.0
estimators,dft,total_bits,-3.5,1769472.0
estimators,dft,total_bits,-3.0,2064384.0
estimators,dft,total_bits,-2.5,2752512.0
estimators,dft,total_bits,-2.0,4227072.0
estimators,dft,total_bits,-1.5,5603328.0
estimators,dft,total_bits,-1.0,9830400.0
estimators,dft,total_bits,-0.5,12582912.0
estimators,dft,total_bits,0.0,12582912.0
estimators,dft,total_bits,0.5,12582912.0
estimators,dft,total_bits,1.0,12582912.0
estimators,dft,total_bits,1.5,12582912.0
estimators,dft,total_bits,2.0,12582912.0
estimators,dft,total_bits,2.5,12582912.0
estimators,dft,total_bits,3.0,12582912.0
estimators,dft,total_bits,3.5,12582912.0
estimators,dft,total_bits,4.0,12582912.0
estimators,dft,total_bits,4.5,12582912.0
estimators,dft,total_bits,5.0,12582912.0
estimators,dft,total_bits,5.5,12582912.0
estimators,dft,total_bits,6.0,12582912.0
estimators,dft,total_bits,6.5,12582912.0
estimators,dft,total_bits,7.0,12582912.0
estimators,dft,total_bits,7.5,12582912.0
estimators,dft,total_bits,8.0,12582912.0
estimators,dft,total_bits,8.5,12582912.0
estimators,dft,total_bits,9.0,12582912.0
estimators,dft,total_bits,9.5,12582912.0
estimators,dft,total_bits,10.0,12582912.0
estimators,dft,block_errors,-5.0,1024.0
estimators,dft,block_errors,-4.5,1024.0
estimators,dft,block_errors,-4.0,1004.0
estimators,dft,block_errors,-3.5,1043.0
estimators,dft,block_errors,-3.0,1017.0
estimators,dft,block_errors,-2.5,1012.0
estimators,dft,block_errors,-2.0,1022.0
estimators,dft,block_errors,-1.5,1000.0
estimators,dft,block_errors,-1.0,1002.0
estimators,dft,block_errors,-0.5,790.0
estimators,dft,block_errors,0.0,489.0
estimators,dft,block_errors,0.5,309.0
estimators,dft,block_errors,1.0,264.0
estimators,dft,block_errors,1.5,140.0
estimators,dft,block_errors,2.0,74.0
estimators,dft,block_errors,2.5,55.0
estimators,dft,block_errors,3.0,44.0
estimators,dft,block_errors,3.5,21.0
estimators,dft,block_errors,4.0,16.0
estimators,dft,block_errors,4.5,15.0
estimators,dft,block_errors,5.0,8.0
estimators,dft,block_errors,5.5,5.0
estimators,dft,block_errors,6.0,8.0
estimators,dft,block_errors,6.5,6.0
estimators,dft,block_errors,7.0,2.0
estimators,dft,block_errors,7.5,1.0
estimators,dft,block_errors,8.0,0.0
estimators,dft,block_errors,8.5,1.0
estimators,dft,block_errors,9.0,6.0
estimators,dft,block_errors,9.5,2.0
estimators,dft,block_errors,10.0,0.0
estimators,dft,total_blocks,-5.0,1024.0
estimators,dft,total_blocks,-4.5,1024.0
estimators,dft,total_blocks,-4.0,1024.0
estimators,dft,total_blocks,-3.5,1152.0
estimators,dft,total_blocks,-3.0,1344.0
estimators,dft,total_blocks,-2.5,1792.0
estimators,dft,total_blocks,-2.0,2752.0
estimators,dft,total_blocks,-1.5,3648.0
estimators,dft,total_blocks,-1.0,6400.0
estimators,dft,total_blocks,-0.5,8192.0
estimators,dft,total_blocks,0.0,8192.0
estimators,dft,total_blocks,0.5,8192.0
estimators,dft,total_blocks,1.0,8192.0
estimators,dft,total_blocks,1.5,8192.0
estimators,dft,total_blocks,2.0,8192.0
estimators,dft,total_blocks,2.5,8192.0
estimators,dft,total_blocks,3.0,8192.0
estimators,dft,total_blocks,3.5,8192.0
estimators,dft,total_blocks,4.0,8192.0
estimators,dft,total_blocks,4.5,8192.0
estimators,dft,total_blocks,5.0,8192.0
estimators,dft,total_blocks,5.5,8192.0
estimators,dft,total_blocks,6.0,8192.0
estimators,dft,total_blocks,6.5,8192.0
estimators,dft,total_blocks,7.0,8192.0
estimators,dft,total_blocks,7.5,8192.0
estimators,dft,total_blocks,8.0,8192.0
estimators,dft,total_blocks,8.5,8192.0
estimators,dft,total_blocks,9.0,8192.0
estimators,dft,total_blocks,9.5,8192.0
estimators,dft,total_blocks,10.0,8192.0
estimators,dft,num_batches,-5.0,16.0
estimators,dft,num_batches,-4.5,16.0
estimators,dft,num_batches,-4.0,16.0
estimators,dft,num_batches,-3.5,18.0
estimators,dft,num_batches,-3.0,21.0
estimators,dft,num_batches,-2.5,28.0
estimators,dft,num_batches,-2.0,43.0
estimators,dft,num_batches,-1.5,57.0
estimators,dft,num_batches,-1.0,100.0
estimators,dft,num_batches,-0.5,128.0
estimators,dft,num_batches,0.0,128.0
estimators,dft,num_batches,0.5,128.0
estimators,dft,num_batches,1.0,128.0
estimators,dft,num_batches,1.5,128.0
estimators,dft,num_batches,2.0,128.0
estimators,dft,num_batches,2.5,128.0
estimators,dft,num_batches,3.0,128.0
estimators,dft,num_batches,3.5,128.0
estimators,dft,num_batches,4.0,128.0
estimators,dft,num_batches,4.5,128.0
estimators,dft,num_batches,5.0,128.0
estimators,dft,num_batches,5.5,128.0
estimators,dft,num_batches,6.0,128.0
estimators,dft,num_batches,6.5,128.0
estimators,dft,num_batches,7.0,128.0
estimators,dft,num_batches,7.5,128.0
estimators,dft,num_batches,8.0,128.0
estimators,dft,num_batches,8.5,128.0
estimators,dft,num_batches,9.0,128.0
estimators,dft,num_batches,9.5,128.0
estimators,dft,num_batches,10.0,128.0
estimators,dft,stop_reason,-5.0,target_block_errors
estimators,dft,stop_reason,-4.5,target_block_errors
estimators,dft,stop_reason,-4.0,target_block_errors
estimators,dft,stop_reason,-3.5,target_block_errors
estimators,dft,stop_reason,-3.0,target_block_errors
estimators,dft,stop_reason,-2.5,target_block_errors
estimators,dft,stop_reason,-2.0,target_block_errors
estimators,dft,stop_reason,-1.5,target_block_errors
estimators,dft,stop_reason,-1.0,target_block_errors
estimators,dft,stop_reason,-0.5,max_batches
estimators,dft,stop_reason,0.0,max_batches
estimators,dft,stop_reason,0.5,max_batches
estimators,dft,stop_reason,1.0,max_batches
estimators,dft,stop_reason,1.5,max_batches
estimators,dft,stop_reason,2.0,max_batches
estimators,dft,stop_reason,2.5,max_batches
estimators,dft,stop_reason,3.0,max_batches
estimators,dft,stop_reason,3.5,max_batches
estimators,dft,stop_reason,4.0,max_batches
estimators,dft,stop_reason,4.5,max_batches
estimators,dft,stop_reason,5.0,max_batches
estimators,dft,stop_reason,5.5,max_batches
estimators,dft,stop_reason,6.0,max_batches
estimators,dft,stop_reason,6.5,max_batches
estimators,dft,stop_reason,7.0,max_batches
estimators,dft,stop_reason,7.5,max_batches
estimators,dft,stop_reason,8.0,max_batches
estimators,dft,stop_reason,8.5,max_batches
estimators,dft,stop_reason,9.0,max_batches
estimators,dft,stop_reason,9.5,max_batches
estimators,dft,stop_reason,10.0,max_batches
estimators,dft,point_status,-5.0,resolved
estimators,dft,point_status,-4.5,resolved
estimators,dft,point_status,-4.0,resolved
estimators,dft,point_status,-3.5,resolved
estimators,dft,point_status,-3.0,resolved
estimators,dft,point_status,-2.5,resolved
estimators,dft,point_status,-2.0,resolved
estimators,dft,point_status,-1.5,resolved
estimators,dft,point_status,-1.0,resolved
estimators,dft,point_status,-0.5,resolved
estimators,dft,point_status,0.0,resolved
estimators,dft,point_status,0.5,resolved
estimators,dft,point_status,1.0,resolved
estimators,dft,point_status,1.5,resolved
estimators,dft,point_status,2.0,resolved
estimators,dft,point_status,2.5,resolved
estimators,dft,point_status,3.0,resolved
estimators,dft,point_status,3.5,resolved
estimators,dft,point_status,4.0,resolved
estimators,dft,point_status,4.5,resolved
estimators,dft,point_status,5.0,resolved
estimators,dft,point_status,5.5,resolved
estimators,dft,point_status,6.0,resolved
estimators,dft,point_status,6.5,resolved
estimators,dft,point_status,7.0,resolved
estimators,dft,point_status,7.5,upper_bound_only
estimators,dft,point_status,8.0,upper_bound_only
estimators,dft,point_status,8.5,resolved
estimators,dft,point_status,9.0,resolved
estimators,dft,point_status,9.5,resolved
estimators,dft,point_status,10.0,upper_bound_only
estimators,dft,runtime_total_sec,,1976.2114151998976
estimators,lmmse,ber,-5.0,0.15186082271107457
estimators,lmmse,ber,-4.5,0.11879845821496213
estimators,lmmse,ber,-4.0,0.08479672386532738
estimators,lmmse,ber,-3.5,0.06117509721635698
estimators,lmmse,ber,-3.0,0.045157638250612746
estimators,lmmse,ber,-2.5,0.029284125434027777
estimators,lmmse,ber,-2.0,0.020543939227998444
estimators,lmmse,ber,-1.5,0.01498087247212728
estimators,lmmse,ber,-1.0,0.009668191274007162
estimators,lmmse,ber,-0.5,0.006013790766398112
estimators,lmmse,ber,0.0,0.004802544911702474
estimators,lmmse,ber,0.5,0.0030394395192464194
estimators,lmmse,ber,1.0,0.0027229785919189453
estimators,lmmse,ber,1.5,0.0015834967295328777
estimators,lmmse,ber,2.0,0.0007804234822591146
estimators,lmmse,ber,2.5,0.0009172757466634115
estimators,lmmse,ber,3.0,0.0006077289581298828
estimators,lmmse,ber,3.5,0.0004162788391113281
estimators,lmmse,ber,4.0,0.0001961390177408854
estimators,lmmse,ber,4.5,0.0003495216369628906
estimators,lmmse,ber,5.0,0.00031908353169759113
estimators,lmmse,ber,5.5,0.0002036889394124349
estimators,lmmse,ber,6.0,0.00020686785380045572
estimators,lmmse,ber,6.5,0.00016395250956217447
estimators,lmmse,ber,7.0,0.00011356671651204427
estimators,lmmse,ber,7.5,0.00015616416931152344
estimators,lmmse,ber,8.0,0.0001342296600341797
estimators,lmmse,ber,8.5,0.00017627080281575522
estimators,lmmse,ber,9.0,0.00023134549458821615
estimators,lmmse,ber,9.5,0.00012699762980143228
estimators,lmmse,ber,10.0,1.7484029134114583e-06
estimators,lmmse,ber_upper_confidence,-5.0,0.15229326487006875
estimators,lmmse,ber_upper_confidence,-4.5,0.11916082249363079
estimators,lmmse,ber_upper_confidence,-4.0,0.08507332406708128
estimators,lmmse,ber_upper_confidence,-3.5,0.061382114275338046
estimators,lmmse,ber_upper_confidence,-3.0,0.045310425366718234
estimators,lmmse,ber_upper_confidence,-2.5,0.029386432974841604
estimators,lmmse,ber_upper_confidence,-2.0,0.02061600491463891
estimators,lmmse,ber_upper_confidence,-1.5,0.015037305269177768
estimators,lmmse,ber_upper_confidence,-1.0,0.009713670047398567
estimators,lmmse,ber_upper_confidence,-0.5,0.006049748113928989
estimators,lmmse,ber_upper_confidence,0.0,0.004834708867083505
estimators,lmmse,ber_upper_confidence,0.5,0.003065071987170083
estimators,lmmse,ber_upper_confidence,1.0,0.0027472496304840797
estimators,lmmse,ber_upper_confidence,1.5,0.0016020416691331393
estimators,lmmse,ber_upper_confidence,2.0,0.0007934801496218578
estimators,lmmse,ber_upper_confidence,2.5,0.0009314208887468056
estimators,lmmse,ber_upper_confidence,3.0,0.0006192645604912269
estimators,lmmse,ber_upper_confidence,3.5,0.0004258457191688265
estimators,lmmse,ber_upper_confidence,4.0,0.00020274083136470974
estimators,lmmse,ber_upper_confidence,4.5,0.000358297314086139
estimators,lmmse,ber_upper_confidence,5.0,0.00032747336920477423
estimators,lmmse,ber_upper_confidence,5.5,0.00021041450510222632
estimators,lmmse,ber_upper_confidence,6.0,0.0002136448381381601
estimators,lmmse,ber_upper_confidence,6.5,0.00016999786007680098
estimators,lmmse,ber_upper_confidence,7.0,0.00011861662727707511
estimators,lmmse,ber_upper_confidence,7.5,0.00016206684013222504
estimators,lmmse,ber_upper_confidence,8.0,0.00013971016196894837
estimators,lmmse,ber_upper_confidence,8.5,0.00018253506885315695
estimators,lmmse,ber_upper_confidence,9.0,0.00023850584696085233
estimators,lmmse,ber_upper_confidence,9.5,0.00013233146383480988
estimators,lmmse,ber_upper_confidence,10.0,2.4784014040722e-06
estimators,lmmse,latency_ms,-5.0,532.8925833341327
estimators,lmmse,latency_ms,-4.5,530.3561242419574
estimators,lmmse,latency_ms,-4.0,529.9818119050906
estimators,lmmse,latency_ms,-3.5,525.1181184678062
estimators,lmmse,latency_ms,-3.0,531.7782715686636
estimators,lmmse,latency_ms,-2.5,530.3238380000225
estimators,lmmse,latency_ms,-2.0,570.062630061368
estimators,lmmse,latency_ms,-1.5,605.5502114570843
estimators,lmmse,latency_ms,-1.0,606.1157333332674
estimators,lmmse,latency_ms,-0.5,608.6414161456148
estimators,lmmse,latency_ms,0.0,606.4244520845521
estimators,lmmse,latency_ms,0.5,606.2933403647137
estimators,lmmse,latency_ms,1.0,605.3024145830066
estimators,lmmse,latency_ms,1.5,605.4360958339928
estimators,lmmse,latency_ms,2.0,604.4396770841147
estimators,lmmse,latency_ms,2.5,605.5030177084561
estimators,lmmse,latency_ms,3.0,600.6842161453094
estimators,lmmse,latency_ms,3.5,601.8173575522767
estimators,lmmse,latency_ms,4.0,605.5561505205831
estimators,lmmse,latency_ms,4.5,604.5241380204786
estimators,lmmse,latency_ms,5.0,605.1756856774361
estimators,lmmse,latency_ms,5.5,604.4315684901264
estimators,lmmse,latency_ms,6.0,609.319691927253
estimators,lmmse,latency_ms,6.5,602.4929145829944
estimators,lmmse,latency_ms,7.0,603.9108677082638
estimators,lmmse,latency_ms,7.5,603.6075481769374
estimators,lmmse,latency_ms,8.0,601.958334896294
estimators,lmmse,latency_ms,8.5,604.7850052086958
estimators,lmmse,latency_ms,9.0,602.4176755209098
estimators,lmmse,latency_ms,9.5,602.2768036462182
estimators,lmmse,latency_ms,10.0,604.0111645828845
estimators,lmmse,throughput_bits_per_batch,-5.0,83375.47368421052
estimators,lmmse,throughput_bits_per_batch,-4.5,86625.63636363637
estimators,lmmse,throughput_bits_per_batch,-4.0,89968.14285714286
estimators,lmmse,throughput_bits_per_batch,-3.5,92290.24324324324
estimators,lmmse,throughput_bits_per_batch,-3.0,93864.82352941176
estimators,lmmse,throughput_bits_per_batch,-2.5,95425.25333333333
estimators,lmmse,throughput_bits_per_batch,-2.0,96284.44859813084
estimators,lmmse,throughput_bits_per_batch,-1.5,96831.3203125
estimators,lmmse,throughput_bits_per_batch,-1.0,97353.578125
estimators,lmmse,throughput_bits_per_batch,-0.5,97712.8203125
estimators,lmmse,throughput_bits_per_batch,0.0,97831.890625
estimators,lmmse,throughput_bits_per_batch,0.5,98005.2109375
estimators,lmmse,throughput_bits_per_batch,1.0,98036.3203125
estimators,lmmse,throughput_bits_per_batch,1.5,98148.3359375
estimators,lmmse,throughput_bits_per_batch,2.0,98227.28125
estimators,lmmse,throughput_bits_per_batch,2.5,98213.828125
estimators,lmmse,throughput_bits_per_batch,3.0,98244.2578125
estimators,lmmse,throughput_bits_per_batch,3.5,98263.078125
estimators,lmmse,throughput_bits_per_batch,4.0,98284.71875
estimators,lmmse,throughput_bits_per_batch,4.5,98269.640625
estimators,lmmse,throughput_bits_per_batch,5.0,98272.6328125
estimators,lmmse,throughput_bits_per_batch,5.5,98283.9765625
estimators,lmmse,throughput_bits_per_batch,6.0,98283.6640625
estimators,lmmse,throughput_bits_per_batch,6.5,98287.8828125
estimators,lmmse,throughput_bits_per_batch,7.0,98292.8359375
estimators,lmmse,throughput_bits_per_batch,7.5,98288.6484375
estimators,lmmse,throughput_bits_per_batch,8.0,98290.8046875
estimators,lmmse,throughput_bits_per_batch,8.5,98286.671875
estimators,lmmse,throughput_bits_per_batch,9.0,98281.2578125
estimators,lmmse,throughput_bits_per_batch,9.5,98291.515625
estimators,lmmse,throughput_bits_per_batch,10.0,98303.828125
estimators,lmmse,energy_joules_per_batch,-5.0,0.000186451
estimators,lmmse,energy_joules_per_batch,-4.5,0.00018645100000000008
estimators,lmmse,energy_joules_per_batch,-4.0,0.000186451
estimators,lmmse,energy_joules_per_batch,-3.5,0.0001864509999999999
estimators,lmmse,energy_joules_per_batch,-3.0,0.0001864510000000001
estimators,lmmse,energy_joules_per_batch,-2.5,0.00018645100000000027
estimators,lmmse,energy_joules_per_batch,-2.0,0.00018645100000000035
estimators,lmmse,energy_joules_per_batch,-1.5,0.00018645100000000043
estimators,lmmse,energy_joules_per_batch,-1.0,0.00018645100000000043
estimators,lmmse,energy_joules_per_batch,-0.5,0.00018645100000000043
estimators,lmmse,energy_joules_per_batch,0.0,0.00018645100000000043
estimators,lmmse,energy_joules_per_batch,0.5,0.00018645100000000043
estimators,lmmse,energy_joules_per_batch,1.0,0.00018645100000000043
estimators,lmmse,energy_joules_per_batch,1.5,0.00018645100000000043
estimators,lmmse,energy_joules_per_batch,2.0,0.00018645100000000043
estimators,lmmse,energy_joules_per_batch,2.5,0.00018645100000000043
estimators,lmmse,energy_joules_per_batch,3.0,0.00018645100000000043
estimators,lmmse,energy_joules_per_batch,3.5,0.00018645100000000043
estimators,lmmse,energy_joules_per_batch,4.0,0.00018645100000000043
estimators,lmmse,energy_joules_per_batch,4.5,0.00018645100000000043
estimators,lmmse,energy_joules_per_batch,5.0,0.00018645100000000043
estimators,lmmse,energy_joules_per_batch,5.5,0.00018645100000000043
estimators,lmmse,energy_joules_per_batch,6.0,0.00018645100000000043
estimators,lmmse,energy_joules_per_batch,6.5,0.00018645100000000043
estimators,lmmse,energy_joules_per_batch,7.0,0.00018645100000000043
estimators,lmmse,energy_joules_per_batch,7.5,0.00018645100000000043
estimators,lmmse,energy_joules_per_batch,8.0,0.00018645100000000043
estimators,lmmse,energy_joules_per_batch,8.5,0.00018645100000000043
estimators,lmmse,energy_joules_per_batch,9.0,0.00018645100000000043
estimators,lmmse,energy_joules_per_batch,9.5,0.00018645100000000043
estimators,lmmse,energy_joules_per_batch,10.0,0.00018645100000000043
estimators,lmmse,avg_power_w,-5.0,0.00034988477196180466
estimators,lmmse,avg_power_w,-4.5,0.0003515581162874212
estimators,lmmse,avg_power_w,-4.0,0.0003518064126196651
estimators,lmmse,avg_power_w,-3.5,0.000355064876725313
estimators,lmmse,avg_power_w,-3.0,0.00035061793602434804
estimators,lmmse,avg_power_w,-2.5,0.0003515795192295171
estimators,lmmse,avg_power_w,-2.0,0.00032707107985648635
estimators,lmmse,avg_power_w,-1.5,0.00030790345122885706
estimators,lmmse,avg_power_w,-1.0,0.0003076161692332807
estimators,lmmse,avg_power_w,-0.5,0.00030633965263282846
estimators,lmmse,avg_power_w,0.0,0.00030745956789685004
estimators,lmmse,avg_power_w,0.5,0.000307526056426484
estimators,lmmse,avg_power_w,1.0,0.0003080294998136538
estimators,lmmse,avg_power_w,1.5,0.0003079614864111509
estimators,lmmse,avg_power_w,2.0,0.0003084691608920531
estimators,lmmse,avg_power_w,2.5,0.00030792744965273616
estimators,lmmse,avg_power_w,3.0,0.0003103977014686477
estimators,lmmse,avg_power_w,3.5,0.0003098132642074957
estimators,lmmse,avg_power_w,4.0,0.0003079004314293772
estimators,lmmse,avg_power_w,4.5,0.00030842606320160583
estimators,lmmse,avg_power_w,5.0,0.0003080940037954208
estimators,lmmse,avg_power_w,5.5,0.00030847329907958995
estimators,lmmse,avg_power_w,6.0,0.00030599864483332815
estimators,lmmse,avg_power_w,6.5,0.0003094658799913845
estimators,lmmse,avg_power_w,7.0,0.0003087392692692373
estimators,lmmse,avg_power_w,7.5,0.00030889441419865323
estimators,lmmse,avg_power_w,8.0,0.00030974070660907515
estimators,lmmse,avg_power_w,8.5,0.00030829302709921015
estimators,lmmse,avg_power_w,9.0,0.000309504530787176
estimators,lmmse,avg_power_w,9.5,0.00030957692355278405
estimators,lmmse,avg_power_w,10.0,0.00030868800269405445
estimators,lmmse,runtime_sec,-5.0,10.867591700021876
estimators,lmmse,runtime_sec,-4.5,12.522569400040084
estimators,lmmse,runtime_sec,-4.0,15.915809099999024
estimators,lmmse,runtime_sec,-3.5,20.842205199980526
estimators,lmmse,runtime_sec,-3.0,29.077845099993283
estimators,lmmse,runtime_sec,-2.5,42.63939220002794
estimators,lmmse,runtime_sec,-2.0,65.31784510004218
estimators,lmmse,runtime_sec,-1.5,82.93861970002763
estimators,lmmse,runtime_sec,-1.0,83.03155430000334
estimators,lmmse,runtime_sec,-0.5,83.40577050003048
estimators,lmmse,runtime_sec,0.0,83.10262449999573
estimators,lmmse,runtime_sec,0.5,83.05654019991925
estimators,lmmse,runtime_sec,1.0,82.93886030008434
estimators,lmmse,runtime_sec,1.5,82.95898910005053
estimators,lmmse,runtime_sec,2.0,82.8389549999265
estimators,lmmse,runtime_sec,2.5,82.9301915998949
estimators,lmmse,runtime_sec,3.0,82.29745579998416
estimators,lmmse,runtime_sec,3.5,82.44473909997032
estimators,lmmse,runtime_sec,4.0,83.00670169990917
estimators,lmmse,runtime_sec,4.5,82.80128679993504
estimators,lmmse,runtime_sec,5.0,82.89707620005356
estimators,lmmse,runtime_sec,5.5,82.81271859993285
estimators,lmmse,runtime_sec,6.0,83.49198270015768
estimators,lmmse,runtime_sec,6.5,82.5854819999513
estimators,lmmse,runtime_sec,7.0,82.75380619998032
estimators,lmmse,runtime_sec,7.5,82.67191610006557
estimators,lmmse,runtime_sec,8.0,82.48945429989544
estimators,lmmse,runtime_sec,8.5,82.88384760012559
estimators,lmmse,runtime_sec,9.0,82.54276829997252
estimators,lmmse,runtime_sec,9.5,82.54829129994323
estimators,lmmse,runtime_sec,10.0,82.73985819991503
estimators,lmmse,bit_errors,-5.0,283642.0
estimators,lmmse,bit_errors,-4.5,256924.0
estimators,lmmse,bit_errors,-4.0,233404.0
estimators,lmmse,bit_errors,-3.5,222509.0
estimators,lmmse,bit_errors,-3.0,226398.0
estimators,lmmse,bit_errors,-2.5,215906.0
estimators,lmmse,bit_errors,-2.0,216092.0
estimators,lmmse,bit_errors,-1.5,188503.0
estimators,lmmse,bit_errors,-1.0,121654.0
estimators,lmmse,bit_errors,-0.5,75671.0
estimators,lmmse,bit_errors,0.0,60430.0
estimators,lmmse,bit_errors,0.5,38245.0
estimators,lmmse,bit_errors,1.0,34263.0
estimators,lmmse,bit_errors,1.5,19925.0
estimators,lmmse,bit_errors,2.0,9820.0
estimators,lmmse,bit_errors,2.5,11542.0
estimators,lmmse,bit_errors,3.0,7647.0
estimators,lmmse,bit_errors,3.5,5238.0
estimators,lmmse,bit_errors,4.0,2468.0
estimators,lmmse,bit_errors,4.5,4398.0
estimators,lmmse,bit_errors,5.0,4015.0
estimators,lmmse,bit_errors,5.5,2563.0
estimators,lmmse,bit_errors,6.0,2603.0
estimators,lmmse,bit_errors,6.5,2063.0
estimators,lmmse,bit_errors,7.0,1429.0
estimators,lmmse,bit_errors,7.5,1965.0
estimators,lmmse,bit_errors,8.0,1689.0
estimators,lmmse,bit_errors,8.5,2218.0
estimators,lmmse,bit_errors,9.0,2911.0
estimators,lmmse,bit_errors,9.5,1598.0
estimators,lmmse,bit_errors,10.0,22.0
estimators,lmmse,total_bits,-5.0,1867776.0
estimators,lmmse,total_bits,-4.5,2162688.0
estimators,lmmse,total_bits,-4.0,2752512.0
estimators,lmmse,total_bits,-3.5,3637248.0
estimators,lmmse,total_bits,-3.0,5013504.0
estimators,lmmse,total_bits,-2.5,7372800.0
estimators,lmmse,total_bits,-2.0,10518528.0
estimators,lmmse,total_bits,-1.5,12582912.0
estimators,lmmse,total_bits,-1.0,12582912.0
estimators,lmmse,total_bits,-0.5,12582912.0
estimators,lmmse,total_bits,0.0,12582912.0
estimators,lmmse,total_bits,0.5,12582912.0
estimators,lmmse,total_bits,1.0,12582912.0
estimators,lmmse,total_bits,1.5,12582912.0
estimators,lmmse,total_bits,2.0,12582912.0
estimators,lmmse,total_bits,2.5,12582912.0
estimators,lmmse,total_bits,3.0,12582912.0
estimators,lmmse,total_bits,3.5,12582912.0
estimators,lmmse,total_bits,4.0,12582912.0
estimators,lmmse,total_bits,4.5,12582912.0
estimators,lmmse,total_bits,5.0,12582912.0
estimators,lmmse,total_bits,5.5,12582912.0
estimators,lmmse,total_bits,6.0,12582912.0
estimators,lmmse,total_bits,6.5,12582912.0
estimators,lmmse,total_bits,7.0,12582912.0
estimators,lmmse,total_bits,7.5,12582912.0
estimators,lmmse,total_bits,8.0,12582912.0
estimators,lmmse,total_bits,8.5,12582912.0
estimators,lmmse,total_bits,9.0,12582912.0
estimators,lmmse,total_bits,9.5,12582912.0
estimators,lmmse,total_bits,10.0,12582912.0
estimators,lmmse,block_errors,-5.0,1038.0
estimators,lmmse,block_errors,-4.5,1017.0
estimators,lmmse,block_errors,-4.0,1002.0
estimators,lmmse,block_errors,-3.5,1023.0
estimators,lmmse,block_errors,-3.0,1018.0
estimators,lmmse,block_errors,-2.5,1004.0
estimators,lmmse,block_errors,-2.0,1004.0
estimators,lmmse,block_errors,-1.5,845.0
estimators,lmmse,block_errors,-1.0,546.0
estimators,lmmse,block_errors,-0.5,342.0
estimators,lmmse,block_errors,0.0,251.0
estimators,lmmse,block_errors,0.5,158.0
estimators,lmmse,block_errors,1.0,137.0
estimators,lmmse,block_errors,1.5,87.0
estimators,lmmse,block_errors,2.0,44.0
estimators,lmmse,block_errors,2.5,38.0
estimators,lmmse,block_errors,3.0,30.0
estimators,lmmse,block_errors,3.5,20.0
estimators,lmmse,block_errors,4.0,13.0
estimators,lmmse,block_errors,4.5,17.0
estimators,lmmse,block_errors,5.0,12.0
estimators,lmmse,block_errors,5.5,9.0
estimators,lmmse,block_errors,6.0,7.0
estimators,lmmse,block_errors,6.5,5.0
estimators,lmmse,block_errors,7.0,3.0
estimators,lmmse,block_errors,7.5,7.0
estimators,lmmse,block_errors,8.0,5.0
estimators,lmmse,block_errors,8.5,6.0
estimators,lmmse,block_errors,9.0,5.0
estimators,lmmse,block_errors,9.5,5.0
estimators,lmmse,block_errors,10.0,2.0
estimators,lmmse,total_blocks,-5.0,1216.0
estimators,lmmse,total_blocks,-4.5,1408.0
estimators,lmmse,total_blocks,-4.0,1792.0
estimators,lmmse,total_blocks,-3.5,2368.0
estimators,lmmse,total_blocks,-3.0,3264.0
estimators,lmmse,total_blocks,-2.5,4800.0
estimators,lmmse,total_blocks,-2.0,6848.0
estimators,lmmse,total_blocks,-1.5,8192.0
estimators,lmmse,total_blocks,-1.0,8192.0
estimators,lmmse,total_blocks,-0.5,8192.0
estimators,lmmse,total_blocks,0.0,8192.0
estimators,lmmse,total_blocks,0.5,8192.0
estimators,lmmse,total_blocks,1.0,8192.0
estimators,lmmse,total_blocks,1.5,8192.0
estimators,lmmse,total_blocks,2.0,8192.0
estimators,lmmse,total_blocks,2.5,8192.0
estimators,lmmse,total_blocks,3.0,8192.0
estimators,lmmse,total_blocks,3.5,8192.0
estimators,lmmse,total_blocks,4.0,8192.0
estimators,lmmse,total_blocks,4.5,8192.0
estimators,lmmse,total_blocks,5.0,8192.0
estimators,lmmse,total_blocks,5.5,8192.0
estimators,lmmse,total_blocks,6.0,8192.0
estimators,lmmse,total_blocks,6.5,8192.0
estimators,lmmse,total_blocks,7.0,8192.0
estimators,lmmse,total_blocks,7.5,8192.0
estimators,lmmse,total_blocks,8.0,8192.0
estimators,lmmse,total_blocks,8.5,8192.0
estimators,lmmse,total_blocks,9.0,8192.0
estimators,lmmse,total_blocks,9.5,8192.0
estimators,lmmse,total_blocks,10.0,8192.0
estimators,lmmse,num_batches,-5.0,19.0
estimators,lmmse,num_batches,-4.5,22.0
estimators,lmmse,num_batches,-4.0,28.0
estimators,lmmse,num_batches,-3.5,37.0
estimators,lmmse,num_batches,-3.0,51.0
estimators,lmmse,num_batches,-2.5,75.0
estimators,lmmse,num_batches,-2.0,107.0
estimators,lmmse,num_batches,-1.5,128.0
estimators,lmmse,num_batches,-1.0,128.0
estimators,lmmse,num_batches,-0.5,128.0
estimators,lmmse,num_batches,0.0,128.0
estimators,lmmse,num_batches,0.5,128.0
estimators,lmmse,num_batches,1.0,128.0
estimators,lmmse,num_batches,1.5,128.0
estimators,lmmse,num_batches,2.0,128.0
estimators,lmmse,num_batches,2.5,128.0
estimators,lmmse,num_batches,3.0,128.0
estimators,lmmse,num_batches,3.5,128.0
estimators,lmmse,num_batches,4.0,128.0
estimators,lmmse,num_batches,4.5,128.0
estimators,lmmse,num_batches,5.0,128.0
estimators,lmmse,num_batches,5.5,128.0
estimators,lmmse,num_batches,6.0,128.0
estimators,lmmse,num_batches,6.5,128.0
estimators,lmmse,num_batches,7.0,128.0
estimators,lmmse,num_batches,7.5,128.0
estimators,lmmse,num_batches,8.0,128.0
estimators,lmmse,num_batches,8.5,128.0
estimators,lmmse,num_batches,9.0,128.0
estimators,lmmse,num_batches,9.5,128.0
estimators,lmmse,num_batches,10.0,128.0
estimators,lmmse,stop_reason,-5.0,target_block_errors
estimators,lmmse,stop_reason,-4.5,target_block_errors
estimators,lmmse,stop_reason,-4.0,target_block_errors
estimators,lmmse,stop_reason,-3.5,target_block_errors
estimators,lmmse,stop_reason,-3.0,target_block_errors
estimators,lmmse,stop_reason,-2.5,target_block_errors
estimators,lmmse,stop_reason,-2.0,target_block_errors
estimators,lmmse,stop_reason,-1.5,max_batches
estimators,lmmse,stop_reason,-1.0,max_batches
estimators,lmmse,stop_reason,-0.5,max_batches
estimators,lmmse,stop_reason,0.0,max_batches
estimators,lmmse,stop_reason,0.5,max_batches
estimators,lmmse,stop_reason,1.0,max_batches
estimators,lmmse,stop_reason,1.5,max_batches
estimators,lmmse,stop_reason,2.0,max_batches
estimators,lmmse,stop_reason,2.5,max_batches
estimators,lmmse,stop_reason,3.0,max_batches
estimators,lmmse,stop_reason,3.5,max_batches
estimators,lmmse,stop_reason,4.0,max_batches
estimators,lmmse,stop_reason,4.5,max_batches
estimators,lmmse,stop_reason,5.0,max_batches
estimators,lmmse,stop_reason,5.5,max_batches
estimators,lmmse,stop_reason,6.0,max_batches
estimators,lmmse,stop_reason,6.5,max_batches
estimators,lmmse,stop_reason,7.0,max_batches
estimators,lmmse,stop_reason,7.5,max_batches
estimators,lmmse,stop_reason,8.0,max_batches
estimators,lmmse,stop_reason,8.5,max_batches
estimators,lmmse,stop_reason,9.0,max_batches
estimators,lmmse,stop_reason,9.5,max_batches
estimators,lmmse,stop_reason,10.0,max_batches
estimators,lmmse,point_status,-5.0,resolved
estimators,lmmse,point_status,-4.5,resolved
estimators,lmmse,point_status,-4.0,resolved
estimators,lmmse,point_status,-3.5,resolved
estimators,lmmse,point_status,-3.0,resolved
estimators,lmmse,point_status,-2.5,resolved
estimators,lmmse,point_status,-2.0,resolved
estimators,lmmse,point_status,-1.5,resolved
estimators,lmmse,point_status,-1.0,resolved
estimators,lmmse,point_status,-0.5,resolved
estimators,lmmse,point_status,0.0,resolved
estimators,lmmse,point_status,0.5,resolved
estimators,lmmse,point_status,1.0,resolved
estimators,lmmse,point_status,1.5,resolved
estimators,lmmse,point_status,2.0,resolved
estimators,lmmse,point_status,2.5,resolved
estimators,lmmse,point_status,3.0,resolved
estimators,lmmse,point_status,3.5,resolved
estimators,lmmse,point_status,4.0,resolved
estimators,lmmse,point_status,4.5,resolved
estimators,lmmse,point_status,5.0,resolved
estimators,lmmse,point_status,5.5,resolved
estimators,lmmse,point_status,6.0,resolved
estimators,lmmse,point_status,6.5,resolved
estimators,lmmse,point_status,7.0,resolved
estimators,lmmse,point_status,7.5,resolved
estimators,lmmse,point_status,8.0,resolved
estimators,lmmse,point_status,8.5,resolved
estimators,lmmse,point_status,9.0,resolved
estimators,lmmse,point_status,9.5,resolved
estimators,lmmse,point_status,10.0,upper_bound_only
estimators,lmmse,runtime_total_sec,,2185.3527478998294
estimators,adaptive,ber,-5.0,0.15186082271107457
estimators,adaptive,ber,-4.5,0.11879845821496213
estimators,adaptive,ber,-4.0,0.08479672386532738
estimators,adaptive,ber,-3.5,0.06117509721635698
estimators,adaptive,ber,-3.0,0.045157638250612746
estimators,adaptive,ber,-2.5,0.029284125434027777
estimators,adaptive,ber,-2.0,0.020543939227998444
estimators,adaptive,ber,-1.5,0.01498087247212728
estimators,adaptive,ber,-1.0,0.009668191274007162
estimators,adaptive,ber,-0.5,0.006013790766398112
estimators,adaptive,ber,0.0,0.004802544911702474
estimators,adaptive,ber,0.5,0.0030394395192464194
estimators,adaptive,ber,1.0,0.0027229785919189453
estimators,adaptive,ber,1.5,0.0015834967295328777
estimators,adaptive,ber,2.0,0.0007804234822591146
estimators,adaptive,ber,2.5,0.0009172757466634115
estimators,adaptive,ber,3.0,0.0006077289581298828
estimators,adaptive,ber,3.5,0.0004162788391113281
estimators,adaptive,ber,4.0,0.0001961390177408854
estimators,adaptive,ber,4.5,0.0003495216369628906
estimators,adaptive,ber,5.0,0.00031908353169759113
estimators,adaptive,ber,5.5,0.0002036889394124349
estimators,adaptive,ber,6.0,8.495648701985677e-05
estimators,adaptive,ber,6.5,6.18298848470052e-05
estimators,adaptive,ber,7.0,6.779034932454427e-05
estimators,adaptive,ber,7.5,0.0
estimators,adaptive,ber,8.0,0.0
estimators,adaptive,ber,8.5,0.0
estimators,adaptive,ber,9.0,0.0001663366953531901
estimators,adaptive,ber,9.5,2.4398167928059895e-05
estimators,adaptive,ber,10.0,0.0
estimators,adaptive,ber_upper_confidence,-5.0,0.15229326487006875
estimators,adaptive,ber_upper_confidence,-4.5,0.11916082249363079
estimators,adaptive,ber_upper_confidence,-4.0,0.08507332406708128
estimators,adaptive,ber_upper_confidence,-3.5,0.061382114275338046
estimators,adaptive,ber_upper_confidence,-3.0,0.045310425366718234
estimators,adaptive,ber_upper_confidence,-2.5,0.029386432974841604
estimators,adaptive,ber_upper_confidence,-2.0,0.02061600491463891
estimators,adaptive,ber_upper_confidence,-1.5,0.015037305269177768
estimators,adaptive,ber_upper_confidence,-1.0,0.009713670047398567
estimators,adaptive,ber_upper_confidence,-0.5,0.006049748113928989
estimators,adaptive,ber_upper_confidence,0.0,0.004834708867083505
estimators,adaptive,ber_upper_confidence,0.5,0.003065071987170083
estimators,adaptive,ber_upper_confidence,1.0,0.0027472496304840797
estimators,adaptive,ber_upper_confidence,1.5,0.0016020416691331393
estimators,adaptive,ber_upper_confidence,2.0,0.0007934801496218578
estimators,adaptive,ber_upper_confidence,2.5,0.0009314208887468056
estimators,adaptive,ber_upper_confidence,3.0,0.0006192645604912269
estimators,adaptive,ber_upper_confidence,3.5,0.0004258457191688265
estimators,adaptive,ber_upper_confidence,4.0,0.00020274083136470974
estimators,adaptive,ber_upper_confidence,4.5,0.000358297314086139
estimators,adaptive,ber_upper_confidence,5.0,0.00032747336920477423
estimators,adaptive,ber_upper_confidence,5.5,0.00021041450510222632
estimators,adaptive,ber_upper_confidence,6.0,8.933915112976434e-05
estimators,adaptive,ber_upper_confidence,6.5,6.558501279151497e-05
estimators,adaptive,ber_upper_confidence,7.0,7.171709196998682e-05
estimators,adaptive,ber_upper_confidence,7.5,2.3807941067647855e-07
estimators,adaptive,ber_upper_confidence,8.0,2.3807941067647855e-07
estimators,adaptive,ber_upper_confidence,8.5,2.3807941067647855e-07
estimators,adaptive,ber_upper_confidence,9.0,0.00017242504244233684
estimators,adaptive,ber_upper_confidence,9.5,2.6798585478153873e-05
estimators,adaptive,ber_upper_confidence,10.0,2.3807941067647855e-07
estimators,adaptive,latency_ms,-5.0,531.9635464916452
estimators,adaptive,latency_ms,-4.5,528.6354833343959
estimators,adaptive,latency_ms,-4.0,531.2894190465262
estimators,adaptive,latency_ms,-3.5,525.4550860365343
estimators,adaptive,latency_ms,-3.0,527.6938499998167
estimators,adaptive,latency_ms,-2.5,530.5630179993574
estimators,adaptive,latency_ms,-2.0,572.9384823995587
estimators,adaptive,latency_ms,-1.5,604.5298888024306
estimators,adaptive,latency_ms,-1.0,604.2520161461468
estimators,adaptive,latency_ms,-0.5,606.8994864582735
estimators,adaptive,latency_ms,0.0,607.8374059891573
estimators,adaptive,latency_ms,0.5,606.4946481767763
estimators,adaptive,latency_ms,1.0,604.2820044268908
estimators,adaptive,latency_ms,1.5,606.3202966152219
estimators,adaptive,latency_ms,2.0,606.3899864581388
estimators,adaptive,latency_ms,2.5,602.2733958327806
estimators,adaptive,latency_ms,3.0,602.8071583334893
estimators,adaptive,latency_ms,3.5,601.8354083331858
estimators,adaptive,latency_ms,4.0,605.6285013019349
estimators,adaptive,latency_ms,4.5,603.3143919268284
estimators,adaptive,latency_ms,5.0,605.3101044265347
estimators,adaptive,latency_ms,5.5,605.457571615402
estimators,adaptive,latency_ms,6.0,610.9598052085219
estimators,adaptive,latency_ms,6.5,607.3990505207393
estimators,adaptive,latency_ms,7.0,606.4936989577334
estimators,adaptive,latency_ms,7.5,607.1162677090158
estimators,adaptive,latency_ms,8.0,605.9886473961158
estimators,adaptive,latency_ms,8.5,608.5560692710303
estimators,adaptive,latency_ms,9.0,605.7274200527715
estimators,adaptive,latency_ms,9.5,605.8949434894018
estimators,adaptive,latency_ms,10.0,608.1046169275894
estimators,adaptive,throughput_bits_per_batch,-5.0,83375.47368421052
estimators,adaptive,throughput_bits_per_batch,-4.5,86625.63636363637
estimators,adaptive,throughput_bits_per_batch,-4.0,89968.14285714286
estimators,adaptive,throughput_bits_per_batch,-3.5,92290.24324324324
estimators,adaptive,throughput_bits_per_batch,-3.0,93864.82352941176
estimators,adaptive,throughput_bits_per_batch,-2.5,95425.25333333333
estimators,adaptive,throughput_bits_per_batch,-2.0,96284.44859813084
estimators,adaptive,throughput_bits_per_batch,-1.5,96831.3203125
estimators,adaptive,throughput_bits_per_batch,-1.0,97353.578125
estimators,adaptive,throughput_bits_per_batch,-0.5,97712.8203125
estimators,adaptive,throughput_bits_per_batch,0.0,97831.890625
estimators,adaptive,throughput_bits_per_batch,0.5,98005.2109375
estimators,adaptive,throughput_bits_per_batch,1.0,98036.3203125
estimators,adaptive,throughput_bits_per_batch,1.5,98148.3359375
estimators,adaptive,throughput_bits_per_batch,2.0,98227.28125
estimators,adaptive,throughput_bits_per_batch,2.5,98213.828125
estimators,adaptive,throughput_bits_per_batch,3.0,98244.2578125
estimators,adaptive,throughput_bits_per_batch,3.5,98263.078125
estimators,adaptive,throughput_bits_per_batch,4.0,98284.71875
estimators,adaptive,throughput_bits_per_batch,4.5,98269.640625
estimators,adaptive,throughput_bits_per_batch,5.0,98272.6328125
estimators,adaptive,throughput_bits_per_batch,5.5,98283.9765625
estimators,adaptive,throughput_bits_per_batch,6.0,98295.6484375
estimators,adaptive,throughput_bits_per_batch,6.5,98297.921875
estimators,adaptive,throughput_bits_per_batch,7.0,98297.3359375
estimators,adaptive,throughput_bits_per_batch,7.5,98304.0
estimators,adaptive,throughput_bits_per_batch,8.0,98304.0
estimators,adaptive,throughput_bits_per_batch,8.5,98304.0
estimators,adaptive,throughput_bits_per_batch,9.0,98287.6484375
estimators,adaptive,throughput_bits_per_batch,9.5,98301.6015625
estimators,adaptive,throughput_bits_per_batch,10.0,98304.0
estimators,adaptive,energy_joules_per_batch,-5.0,0.0001864510000000001
estimators,adaptive,energy_joules_per_batch,-4.5,0.00018645100000000008
estimators,adaptive,energy_joules_per_batch,-4.0,0.000186451
estimators,adaptive,energy_joules_per_batch,-3.5,0.0001864509999999999
estimators,adaptive,energy_joules_per_batch,-3.0,0.00018645100000000005
estimators,adaptive,energy_joules_per_batch,-2.5,0.00018645100000000024
estimators,adaptive,energy_joules_per_batch,-2.0,0.00018645100000000037
estimators,adaptive,energy_joules_per_batch,-1.5,0.00018645100000000043
estimators,adaptive,energy_joules_per_batch,-1.0,0.00018645100000000043
estimators,adaptive,energy_joules_per_batch,-0.5,0.00018645100000000043
estimators,adaptive,energy_joules_per_batch,0.0,0.00018645100000000043
estimators,adaptive,energy_joules_per_batch,0.5,0.0001864510000000004
estimators,adaptive,energy_joules_per_batch,1.0,0.00018645100000000043
estimators,adaptive,energy_joules_per_batch,1.5,0.00018645100000000043
estimators,adaptive,energy_joules_per_batch,2.0,0.0001864510000000004
estimators,adaptive,energy_joules_per_batch,2.5,0.00018645100000000043
estimators,adaptive,energy_joules_per_batch,3.0,0.0001864510000000004
estimators,adaptive,energy_joules_per_batch,3.5,0.00018645100000000043
estimators,adaptive,energy_joules_per_batch,4.0,0.00018645100000000043
estimators,adaptive,energy_joules_per_batch,4.5,0.00018645100000000043
estimators,adaptive,energy_joules_per_batch,5.0,0.00018645100000000043
estimators,adaptive,energy_joules_per_batch,5.5,0.00018645100000000043
estimators,adaptive,energy_joules_per_batch,6.0,0.00018645100000000043
estimators,adaptive,energy_joules_per_batch,6.5,0.00018645100000000043
estimators,adaptive,energy_joules_per_batch,7.0,0.00018645100000000043
estimators,adaptive,energy_joules_per_batch,7.5,0.00018645100000000043
estimators,adaptive,energy_joules_per_batch,8.0,0.00018645100000000043
estimators,adaptive,energy_joules_per_batch,8.5,0.00018645100000000043
estimators,adaptive,energy_joules_per_batch,9.0,0.00018645100000000043
estimators,adaptive,energy_joules_per_batch,9.5,0.00018645100000000043
estimators,adaptive,energy_joules_per_batch,10.0,0.00018645100000000043
estimators,adaptive,avg_power_w,-5.0,0.0003504958210570326
estimators,adaptive,avg_power_w,-4.5,0.00035270239300614226
estimators,adaptive,avg_power_w,-4.0,0.0003509405482507305
estimators,adaptive,avg_power_w,-3.5,0.00035483717819991976
estimators,adaptive,avg_power_w,-3.0,0.0003533317661368705
estimators,adaptive,avg_power_w,-2.5,0.00035142102573049313
estimators,adaptive,avg_power_w,-2.0,0.00032542935363516436
estimators,adaptive,avg_power_w,-1.5,0.00030842312920103675
estimators,adaptive,avg_power_w,-1.0,0.0003085649613370998
estimators,adaptive,avg_power_w,-0.5,0.0003072189121267605
estimators,adaptive,avg_power_w,0.0,0.0003067448599952178
estimators,adaptive,avg_power_w,0.5,0.00030742398232285
estimators,adaptive,avg_power_w,1.0,0.0003085496483993977
estimators,adaptive,avg_power_w,1.5,0.0003075123841983546
estimators,adaptive,avg_power_w,2.0,0.00030747704309736613
estimators,adaptive,avg_power_w,2.5,0.0003095786752164095
estimators,adaptive,avg_power_w,3.0,0.0003093045552336501
estimators,adaptive,avg_power_w,3.5,0.00030980397201352126
estimators,adaptive,avg_power_w,4.0,0.00030786364842338494
estimators,adaptive,avg_power_w,4.5,0.00030904450895746853
estimators,adaptive,avg_power_w,5.0,0.0003080255866150498
estimators,adaptive,avg_power_w,5.5,0.00030795056291481576
estimators,adaptive,avg_power_w,6.0,0.00030517719563624045
estimators,adaptive,avg_power_w,6.5,0.00030696623552531246
estimators,adaptive,avg_power_w,7.0,0.00030742446346997284
estimators,adaptive,avg_power_w,7.5,0.0003071092143578738
estimators,adaptive,avg_power_w,8.0,0.00030768068148003317
estimators,adaptive,avg_power_w,8.5,0.000306382615201495
estimators,adaptive,avg_power_w,9.0,0.0003078133725294401
estimators,adaptive,avg_power_w,9.5,0.0003077282654418815
estimators,adaptive,avg_power_w,10.0,0.00030661007137560055
estimators,adaptive,runtime_sec,-5.0,10.895349600003101
estimators,adaptive,runtime_sec,-4.5,12.536915300021064
estimators,adaptive,runtime_sec,-4.0,16.031272500025807
estimators,adaptive,runtime_sec,-3.5,20.95432849995268
estimators,adaptive,runtime_sec,-3.0,29.01811659989471
estimators,adaptive,runtime_sec,-2.5,42.85237789993698
estimators,adaptive,runtime_sec,-2.0,66.04184780002106
estimators,adaptive,runtime_sec,-1.5,83.19811060006032
estimators,adaptive,runtime_sec,-1.0,83.24463909998303
estimators,adaptive,runtime_sec,-0.5,83.52787240002363
estimators,adaptive,runtime_sec,0.0,83.70267329996568
estimators,adaptive,runtime_sec,0.5,83.51711120011169
estimators,adaptive,runtime_sec,1.0,83.21206949994667
estimators,adaptive,runtime_sec,1.5,83.48267599986866
estimators,adaptive,runtime_sec,2.0,83.45493090002856
estimators,adaptive,runtime_sec,2.5,82.92753599998832
estimators,adaptive,runtime_sec,3.0,82.9567530999775
estimators,adaptive,runtime_sec,3.5,82.85902839996561
estimators,adaptive,runtime_sec,4.0,83.38121589990624
estimators,adaptive,runtime_sec,4.5,83.02968640005565
estimators,adaptive,runtime_sec,5.0,83.31277070005308
estimators,adaptive,runtime_sec,5.5,83.35801830001583
estimators,adaptive,runtime_sec,6.0,84.87910720003129
estimators,adaptive,runtime_sec,6.5,84.37224139993486
estimators,adaptive,runtime_sec,7.0,84.22635919997992
estimators,adaptive,runtime_sec,7.5,84.32664270009263
estimators,adaptive,runtime_sec,8.0,84.21267610008363
estimators,adaptive,runtime_sec,8.5,84.51899240011699
estimators,adaptive,runtime_sec,9.0,84.1409620000777
estimators,adaptive,runtime_sec,9.5,84.12627820004127
estimators,adaptive,runtime_sec,10.0,84.46449669996218
estimators,adaptive,bit_errors,-5.0,283642.0
estimators,adaptive,bit_errors,-4.5,256924.0
estimators,adaptive,bit_errors,-4.0,233404.0
estimators,adaptive,bit_errors,-3.5,222509.0
estimators,adaptive,bit_errors,-3.0,226398.0
estimators,adaptive,bit_errors,-2.5,215906.0
estimators,adaptive,bit_errors,-2.0,216092.0
estimators,adaptive,bit_errors,-1.5,188503.0
estimators,adaptive,bit_errors,-1.0,121654.0
estimators,adaptive,bit_errors,-0.5,75671.0
estimators,adaptive,bit_errors,0.0,60430.0
estimators,adaptive,bit_errors,0.5,38245.0
estimators,adaptive,bit_errors,1.0,34263.0
estimators,adaptive,bit_errors,1.5,19925.0
estimators,adaptive,bit_errors,2.0,9820.0
estimators,adaptive,bit_errors,2.5,11542.0
estimators,adaptive,bit_errors,3.0,7647.0
estimators,adaptive,bit_errors,3.5,5238.0
estimators,adaptive,bit_errors,4.0,2468.0
estimators,adaptive,bit_errors,4.5,4398.0
estimators,adaptive,bit_errors,5.0,4015.0
estimators,adaptive,bit_errors,5.5,2563.0
estimators,adaptive,bit_errors,6.0,1069.0
estimators,adaptive,bit_errors,6.5,778.0
estimators,adaptive,bit_errors,7.0,853.0
estimators,adaptive,bit_errors,7.5,0.0
estimators,adaptive,bit_errors,8.0,0.0
estimators,adaptive,bit_errors,8.5,0.0
estimators,adaptive,bit_errors,9.0,2093.0
estimators,adaptive,bit_errors,9.5,307.0
estimators,adaptive,bit_errors,10.0,0.0
estimators,adaptive,total_bits,-5.0,1867776.0
estimators,adaptive,total_bits,-4.5,2162688.0
estimators,adaptive,total_bits,-4.0,2752512.0
estimators,adaptive,total_bits,-3.5,3637248.0
estimators,adaptive,total_bits,-3.0,5013504.0
estimators,adaptive,total_bits,-2.5,7372800.0
estimators,adaptive,total_bits,-2.0,10518528.0
estimators,adaptive,total_bits,-1.5,12582912.0
estimators,adaptive,total_bits,-1.0,12582912.0
estimators,adaptive,total_bits,-0.5,12582912.0
estimators,adaptive,total_bits,0.0,12582912.0
estimators,adaptive,total_bits,0.5,12582912.0
estimators,adaptive,total_bits,1.0,12582912.0
estimators,adaptive,total_bits,1.5,12582912.0
estimators,adaptive,total_bits,2.0,12582912.0
estimators,adaptive,total_bits,2.5,12582912.0
estimators,adaptive,total_bits,3.0,12582912.0
estimators,adaptive,total_bits,3.5,12582912.0
estimators,adaptive,total_bits,4.0,12582912.0
estimators,adaptive,total_bits,4.5,12582912.0
estimators,adaptive,total_bits,5.0,12582912.0
estimators,adaptive,total_bits,5.5,12582912.0
estimators,adaptive,total_bits,6.0,12582912.0
estimators,adaptive,total_bits,6.5,12582912.0
estimators,adaptive,total_bits,7.0,12582912.0
estimators,adaptive,total_bits,7.5,12582912.0
estimators,adaptive,total_bits,8.0,12582912.0
estimators,adaptive,total_bits,8.5,12582912.0
estimators,adaptive,total_bits,9.0,12582912.0
estimators,adaptive,total_bits,9.5,12582912.0
estimators,adaptive,total_bits,10.0,12582912.0
estimators,adaptive,block_errors,-5.0,1038.0
estimators,adaptive,block_errors,-4.5,1017.0
estimators,adaptive,block_errors,-4.0,1002.0
estimators,adaptive,block_errors,-3.5,1023.0
estimators,adaptive,block_errors,-3.0,1018.0
estimators,adaptive,block_errors,-2.5,1004.0
estimators,adaptive,block_errors,-2.0,1004.0
estimators,adaptive,block_errors,-1.5,845.0
estimators,adaptive,block_errors,-1.0,546.0
estimators,adaptive,block_errors,-0.5,342.0
estimators,adaptive,block_errors,0.0,251.0
estimators,adaptive,block_errors,0.5,158.0
estimators,adaptive,block_errors,1.0,137.0
estimators,adaptive,block_errors,1.5,87.0
estimators,adaptive,block_errors,2.0,44.0
estimators,adaptive,block_errors,2.5,38.0
estimators,adaptive,block_errors,3.0,30.0
estimators,adaptive,block_errors,3.5,20.0
estimators,adaptive,block_errors,4.0,13.0
estimators,adaptive,block_errors,4.5,17.0
estimators,adaptive,block_errors,5.0,12.0
estimators,adaptive,block_errors,5.5,9.0
estimators,adaptive,block_errors,6.0,4.0
estimators,adaptive,block_errors,6.5,2.0
estimators,adaptive,block_errors,7.0,2.0
estimators,adaptive,block_errors,7.5,0.0
estimators,adaptive,block_errors,8.0,0.0
estimators,adaptive,block_errors,8.5,0.0
estimators,adaptive,block_errors,9.0,4.0
estimators,adaptive,block_errors,9.5,1.0
estimators,adaptive,block_errors,10.0,0.0
estimators,adaptive,total_blocks,-5.0,1216.0
estimators,adaptive,total_blocks,-4.5,1408.0
estimators,adaptive,total_blocks,-4.0,1792.0
estimators,adaptive,total_blocks,-3.5,2368.0
estimators,adaptive,total_blocks,-3.0,3264.0
estimators,adaptive,total_blocks,-2.5,4800.0
estimators,adaptive,total_blocks,-2.0,6848.0
estimators,adaptive,total_blocks,-1.5,8192.0
estimators,adaptive,total_blocks,-1.0,8192.0
estimators,adaptive,total_blocks,-0.5,8192.0
estimators,adaptive,total_blocks,0.0,8192.0
estimators,adaptive,total_blocks,0.5,8192.0
estimators,adaptive,total_blocks,1.0,8192.0
estimators,adaptive,total_blocks,1.5,8192.0
estimators,adaptive,total_blocks,2.0,8192.0
estimators,adaptive,total_blocks,2.5,8192.0
estimators,adaptive,total_blocks,3.0,8192.0
estimators,adaptive,total_blocks,3.5,8192.0
estimators,adaptive,total_blocks,4.0,8192.0
estimators,adaptive,total_blocks,4.5,8192.0
estimators,adaptive,total_blocks,5.0,8192.0
estimators,adaptive,total_blocks,5.5,8192.0
estimators,adaptive,total_blocks,6.0,8192.0
estimators,adaptive,total_blocks,6.5,8192.0
estimators,adaptive,total_blocks,7.0,8192.0
estimators,adaptive,total_blocks,7.5,8192.0
estimators,adaptive,total_blocks,8.0,8192.0
estimators,adaptive,total_blocks,8.5,8192.0
estimators,adaptive,total_blocks,9.0,8192.0
estimators,adaptive,total_blocks,9.5,8192.0
estimators,adaptive,total_blocks,10.0,8192.0
estimators,adaptive,num_batches,-5.0,19.0
estimators,adaptive,num_batches,-4.5,22.0
estimators,adaptive,num_batches,-4.0,28.0
estimators,adaptive,num_batches,-3.5,37.0
estimators,adaptive,num_batches,-3.0,51.0
estimators,adaptive,num_batches,-2.5,75.0
estimators,adaptive,num_batches,-2.0,107.0
estimators,adaptive,num_batches,-1.5,128.0
estimators,adaptive,num_batches,-1.0,128.0
estimators,adaptive,num_batches,-0.5,128.0
estimators,adaptive,num_batches,0.0,128.0
estimators,adaptive,num_batches,0.5,128.0
estimators,adaptive,num_batches,1.0,128.0
estimators,adaptive,num_batches,1.5,128.0
estimators,adaptive,num_batches,2.0,128.0
estimators,adaptive,num_batches,2.5,128.0
estimators,adaptive,num_batches,3.0,128.0
estimators,adaptive,num_batches,3.5,128.0
estimators,adaptive,num_batches,4.0,128.0
estimators,adaptive,num_batches,4.5,128.0
estimators,adaptive,num_batches,5.0,128.0
estimators,adaptive,num_batches,5.5,128.0
estimators,adaptive,num_batches,6.0,128.0
estimators,adaptive,num_batches,6.5,128.0
estimators,adaptive,num_batches,7.0,128.0
estimators,adaptive,num_batches,7.5,128.0
estimators,adaptive,num_batches,8.0,128.0
estimators,adaptive,num_batches,8.5,128.0
estimators,adaptive,num_batches,9.0,128.0
estimators,adaptive,num_batches,9.5,128.0
estimators,adaptive,num_batches,10.0,128.0
estimators,adaptive,stop_reason,-5.0,target_block_errors
estimators,adaptive,stop_reason,-4.5,target_block_errors
estimators,adaptive,stop_reason,-4.0,target_block_errors
estimators,adaptive,stop_reason,-3.5,target_block_errors
estimators,adaptive,stop_reason,-3.0,target_block_errors
estimators,adaptive,stop_reason,-2.5,target_block_errors
estimators,adaptive,stop_reason,-2.0,target_block_errors
estimators,adaptive,stop_reason,-1.5,max_batches
estimators,adaptive,stop_reason,-1.0,max_batches
estimators,adaptive,stop_reason,-0.5,max_batches
estimators,adaptive,stop_reason,0.0,max_batches
estimators,adaptive,stop_reason,0.5,max_batches
estimators,adaptive,stop_reason,1.0,max_batches
estimators,adaptive,stop_reason,1.5,max_batches
estimators,adaptive,stop_reason,2.0,max_batches
estimators,adaptive,stop_reason,2.5,max_batches
estimators,adaptive,stop_reason,3.0,max_batches
estimators,adaptive,stop_reason,3.5,max_batches
estimators,adaptive,stop_reason,4.0,max_batches
estimators,adaptive,stop_reason,4.5,max_batches
estimators,adaptive,stop_reason,5.0,max_batches
estimators,adaptive,stop_reason,5.5,max_batches
estimators,adaptive,stop_reason,6.0,max_batches
estimators,adaptive,stop_reason,6.5,max_batches
estimators,adaptive,stop_reason,7.0,max_batches
estimators,adaptive,stop_reason,7.5,max_batches
estimators,adaptive,stop_reason,8.0,max_batches
estimators,adaptive,stop_reason,8.5,max_batches
estimators,adaptive,stop_reason,9.0,max_batches
estimators,adaptive,stop_reason,9.5,max_batches
estimators,adaptive,stop_reason,10.0,max_batches
estimators,adaptive,point_status,-5.0,resolved
estimators,adaptive,point_status,-4.5,resolved
estimators,adaptive,point_status,-4.0,resolved
estimators,adaptive,point_status,-3.5,resolved
estimators,adaptive,point_status,-3.0,resolved
estimators,adaptive,point_status,-2.5,resolved
estimators,adaptive,point_status,-2.0,resolved
estimators,adaptive,point_status,-1.5,resolved
estimators,adaptive,point_status,-1.0,resolved
estimators,adaptive,point_status,-0.5,resolved
estimators,adaptive,point_status,0.0,resolved
estimators,adaptive,point_status,0.5,resolved
estimators,adaptive,point_status,1.0,resolved
estimators,adaptive,point_status,1.5,resolved
estimators,adaptive,point_status,2.0,resolved
estimators,adaptive,point_status,2.5,resolved
estimators,adaptive,point_status,3.0,resolved
estimators,adaptive,point_status,3.5,resolved
estimators,adaptive,point_status,4.0,resolved
estimators,adaptive,point_status,4.5,resolved
estimators,adaptive,point_status,5.0,resolved
estimators,adaptive,point_status,5.5,resolved
estimators,adaptive,point_status,6.0,resolved
estimators,adaptive,point_status,6.5,resolved
estimators,adaptive,point_status,7.0,resolved
estimators,adaptive,point_status,7.5,upper_bound_only
estimators,adaptive,point_status,8.0,upper_bound_only
estimators,adaptive,point_status,8.5,upper_bound_only
estimators,adaptive,point_status,9.0,resolved
estimators,adaptive,point_status,9.5,resolved
estimators,adaptive,point_status,10.0,upper_bound_only
estimators,adaptive,runtime_total_sec,,2206.7630559001263
estimators,pso,ber,-5.0,0.2264385223388672
estimators,pso,ber,-4.5,0.1994349161783854
estimators,pso,ber,-4.0,0.16092371057581017
estimators,pso,ber,-3.5,0.12056720067584326
estimators,pso,ber,-3.0,0.08010513481052442
estimators,pso,ber,-2.5,0.04908266934481534
estimators,pso,ber,-2.0,0.03156579059103261
estimators,pso,ber,-1.5,0.020005807936566432
estimators,pso,ber,-1.0,0.010825395584106445
estimators,pso,ber,-0.5,0.006506045659383138
estimators,pso,ber,0.0,0.0042417049407958984
estimators,pso,ber,0.5,0.002883354822794596
estimators,pso,ber,1.0,0.001988013585408529
estimators,pso,ber,1.5,0.001097281773885091
estimators,pso,ber,2.0,0.0006302992502848307
estimators,pso,ber,2.5,0.0005759398142496744
estimators,pso,ber,3.0,0.00042311350504557293
estimators,pso,ber,3.5,0.0002399285634358724
estimators,pso,ber,4.0,0.00016808509826660156
estimators,pso,ber,4.5,0.00022220611572265625
estimators,pso,ber,5.0,0.0001163482666015625
estimators,pso,ber,5.5,9.576479593912761e-05
estimators,pso,ber,6.0,0.00010013580322265625
estimators,pso,ber,6.5,7.446606953938802e-05
estimators,pso,ber,7.0,6.421407063802083e-05
estimators,pso,ber,7.5,2.1457672119140625e-05
estimators,pso,ber,8.0,0.0
estimators,pso,ber,8.5,0.0
estimators,pso,ber,9.0,0.00015918413798014322
estimators,pso,ber,9.5,2.3523966471354168e-05
estimators,pso,ber,10.0,0.0
estimators,pso,ber_upper_confidence,-5.0,0.22698790655069587
estimators,pso,ber_upper_confidence,-4.5,0.19995949248599046
estimators,pso,ber_upper_confidence,-4.0,0.1613786057794774
estimators,pso,ber_upper_confidence,-3.5,0.12094047403074852
estimators,pso,ber_upper_confidence,-3.0,0.08036998248818497
estimators,pso,ber_upper_confidence,-2.5,0.0492538156625516
estimators,pso,ber_upper_confidence,-2.0,0.03167640081954861
estimators,pso,ber_upper_confidence,-1.5,0.020077280125321954
estimators,pso,ber_upper_confidence,-1.0,0.010873484720004349
estimators,pso,ber_upper_confidence,-0.5,0.0065434320827196905
estimators,pso,ber_upper_confidence,0.0,0.004271947602190816
estimators,pso,ber_upper_confidence,0.5,0.0029083252347895873
estimators,pso,ber_upper_confidence,1.0,0.00200877542021423
estimators,pso,ber_upper_confidence,1.5,0.0011127411508960981
estimators,pso,ber_upper_confidence,2.0,0.0006420449783204359
estimators,pso,ber_upper_confidence,2.5,0.0005871727188728412
estimators,pso,ber_upper_confidence,3.0,0.0004327576799171371
estimators,pso,ber_upper_confidence,3.5,0.000247218495263955
estimators,pso,ber_upper_confidence,4.0,0.0001742047806182393
estimators,pso,ber_upper_confidence,4.5,0.0002292258174785801
estimators,pso,ber_upper_confidence,5.0,0.00012145830194301298
estimators,pso,ber_upper_confidence,5.5,0.00010041107927011274
estimators,pso,ber_upper_confidence,6.0,0.00010488444537807532
estimators,pso,ber_upper_confidence,6.5,7.85762924958638e-05
estimators,pso,ber_upper_confidence,7.0,6.803879560510171e-05
estimators,pso,ber_upper_confidence,7.5,2.3715810284914218e-05
estimators,pso,ber_upper_confidence,8.0,2.3807941067647855e-07
estimators,pso,ber_upper_confidence,8.5,2.3807941067647855e-07
estimators,pso,ber_upper_confidence,9.0,0.00016514254687067777
estimators,pso,ber_upper_confidence,9.5,2.5883024183846592e-05
estimators,pso,ber_upper_confidence,10.0,2.3807941067647855e-07
estimators,pso,latency_ms,-5.0,540.5632958355947
estimators,pso,latency_ms,-4.5,536.606508330946
estimators,pso,latency_ms,-4.0,531.5597722209823
estimators,pso,latency_ms,-3.5,529.8414071424278
estimators,pso,latency_ms,-3.0,529.7581247112961
estimators,pso,latency_ms,-2.5,528.2958037870718
estimators,pso,latency_ms,-2.0,531.1625615938323
estimators,pso,latency_ms,-1.5,569.0394078617965
estimators,pso,latency_ms,-1.0,609.0824833336499
estimators,pso,latency_ms,-0.5,610.0250653643386
estimators,pso,latency_ms,0.0,606.7954442712833
estimators,pso,latency_ms,0.5,606.9442809903464
estimators,pso,latency_ms,1.0,606.8010317707419
estimators,pso,latency_ms,1.5,610.5515598959798
estimators,pso,latency_ms,2.0,607.584364582435
estimators,pso,latency_ms,2.5,607.3634700525461
estimators,pso,latency_ms,3.0,602.475001301086
estimators,pso,latency_ms,3.5,606.0929028655253
estimators,pso,latency_ms,4.0,605.4841341148447
estimators,pso,latency_ms,4.5,607.5998013026535
estimators,pso,latency_ms,5.0,608.0915067709882
estimators,pso,latency_ms,5.5,609.8832036460906
estimators,pso,latency_ms,6.0,610.0447153632147
estimators,pso,latency_ms,6.5,605.8328809891962
estimators,pso,latency_ms,7.0,603.8469559893244
estimators,pso,latency_ms,7.5,607.3217083327606
estimators,pso,latency_ms,8.0,606.4861825516616
estimators,pso,latency_ms,8.5,606.4515622400947
estimators,pso,latency_ms,9.0,606.1988005209557
estimators,pso,latency_ms,9.5,608.6309786465151
estimators,pso,latency_ms,10.0,603.1702536464807
estimators,pso,throughput_bits_per_batch,-5.0,76044.1875
estimators,pso,throughput_bits_per_batch,-4.5,78698.75
estimators,pso,throughput_bits_per_batch,-4.0,82484.55555555556
estimators,pso,throughput_bits_per_batch,-3.5,86451.76190476191
estimators,pso,throughput_bits_per_batch,-3.0,90429.3448275862
estimators,pso,throughput_bits_per_batch,-2.5,93478.97727272728
estimators,pso,throughput_bits_per_batch,-2.0,95200.95652173914
estimators,pso,throughput_bits_per_batch,-1.5,96337.34905660378
estimators,pso,throughput_bits_per_batch,-1.0,97239.8203125
estimators,pso,throughput_bits_per_batch,-0.5,97664.4296875
estimators,pso,throughput_bits_per_batch,0.0,97887.0234375
estimators,pso,throughput_bits_per_batch,0.5,98020.5546875
estimators,pso,throughput_bits_per_batch,1.0,98108.5703125
estimators,pso,throughput_bits_per_batch,1.5,98196.1328125
estimators,pso,throughput_bits_per_batch,2.0,98242.0390625
estimators,pso,throughput_bits_per_batch,2.5,98247.3828125
estimators,pso,throughput_bits_per_batch,3.0,98262.40625
estimators,pso,throughput_bits_per_batch,3.5,98280.4140625
estimators,pso,throughput_bits_per_batch,4.0,98287.4765625
estimators,pso,throughput_bits_per_batch,4.5,98282.15625
estimators,pso,throughput_bits_per_batch,5.0,98292.5625
estimators,pso,throughput_bits_per_batch,5.5,98294.5859375
estimators,pso,throughput_bits_per_batch,6.0,98294.15625
estimators,pso,throughput_bits_per_batch,6.5,98296.6796875
estimators,pso,throughput_bits_per_batch,7.0,98297.6875
estimators,pso,throughput_bits_per_batch,7.5,98301.890625
estimators,pso,throughput_bits_per_batch,8.0,98304.0
estimators,pso,throughput_bits_per_batch,8.5,98304.0
estimators,pso,throughput_bits_per_batch,9.0,98288.3515625
estimators,pso,throughput_bits_per_batch,9.5,98301.6875
estimators,pso,throughput_bits_per_batch,10.0,98304.0
estimators,pso,energy_joules_per_batch,-5.0,0.00018645100000000005
estimators,pso,energy_joules_per_batch,-4.5,0.00018645100000000002
estimators,pso,energy_joules_per_batch,-4.0,0.00018645100000000005
estimators,pso,energy_joules_per_batch,-3.5,0.00018645100000000005
estimators,pso,energy_joules_per_batch,-3.0,0.00018645099999999997
estimators,pso,energy_joules_per_batch,-2.5,0.000186451
estimators,pso,energy_joules_per_batch,-2.0,0.00018645100000000024
estimators,pso,energy_joules_per_batch,-1.5,0.00018645100000000037
estimators,pso,energy_joules_per_batch,-1.0,0.00018645100000000043
estimators,pso,energy_joules_per_batch,-0.5,0.00018645100000000043
estimators,pso,energy_joules_per_batch,0.0,0.00018645100000000043
estimators,pso,energy_joules_per_batch,0.5,0.00018645100000000043
estimators,pso,energy_joules_per_batch,1.0,0.00018645100000000043
estimators,pso,energy_joules_per_batch,1.5,0.00018645100000000043
estimators,pso,energy_joules_per_batch,2.0,0.00018645100000000043
estimators,pso,energy_joules_per_batch,2.5,0.00018645100000000043
estimators,pso,energy_joules_per_batch,3.0,0.00018645100000000043
estimators,pso,energy_joules_per_batch,3.5,0.00018645100000000043
estimators,pso,energy_joules_per_batch,4.0,0.00018645100000000043
estimators,pso,energy_joules_per_batch,4.5,0.00018645100000000043
estimators,pso,energy_joules_per_batch,5.0,0.00018645100000000043
estimators,pso,energy_joules_per_batch,5.5,0.00018645100000000043
estimators,pso,energy_joules_per_batch,6.0,0.00018645100000000043
estimators,pso,energy_joules_per_batch,6.5,0.00018645100000000043
estimators,pso,energy_joules_per_batch,7.0,0.00018645100000000043
estimators,pso,energy_joules_per_batch,7.5,0.00018645100000000043
estimators,pso,energy_joules_per_batch,8.0,0.00018645100000000043
estimators,pso,energy_joules_per_batch,8.5,0.00018645100000000043
estimators,pso,energy_joules_per_batch,9.0,0.00018645100000000043
estimators,pso,energy_joules_per_batch,9.5,0.00018645100000000043
estimators,pso,energy_joules_per_batch,10.0,0.00018645100000000043
estimators,pso,avg_power_w,-5.0,0.0003449198298078801
estimators,pso,avg_power_w,-4.5,0.0003474631729308219
estimators,pso,avg_power_w,-4.0,0.00035076205865045755
estimators,pso,avg_power_w,-3.5,0.0003518996391874668
estimators,pso,avg_power_w,-3.0,0.0003519549607693336
estimators,pso,avg_power_w,-2.5,0.00035292917086115745
estimators,pso,avg_power_w,-2.0,0.0003510243633145497
estimators,pso,avg_power_w,-1.5,0.00032765920501113
estimators,pso,avg_power_w,-1.0,0.0003061178167191918
estimators,pso,avg_power_w,-0.5,0.00030564481787095454
estimators,pso,avg_power_w,0.0,0.0003072715884080415
estimators,pso,avg_power_w,0.5,0.0003071962383363588
estimators,pso,avg_power_w,1.0,0.00030726875901299436
estimators,pso,avg_power_w,1.5,0.0003053812523741094
estimators,pso,avg_power_w,2.0,0.0003068726104038896
estimators,pso,avg_power_w,2.5,0.000306984218171484
estimators,pso,avg_power_w,3.0,0.0003094750812852761
estimators,pso,avg_power_w,3.5,0.0003076277566004903
estimators,pso,avg_power_w,4.0,0.00030793705316915125
estimators,pso,avg_power_w,4.5,0.0003068648139783158
estimators,pso,avg_power_w,5.0,0.0003066166817393476
estimators,pso,avg_power_w,5.5,0.0003057159123014579
estimators,pso,avg_power_w,6.0,0.00030563497282160587
estimators,pso,avg_power_w,6.5,0.00030775978962311457
estimators,pso,avg_power_w,7.0,0.00030877194651834385
estimators,pso,avg_power_w,7.5,0.00030700532755835745
estimators,pso,avg_power_w,8.0,0.00030742827349429047
estimators,pso,avg_power_w,8.5,0.000307445823556448
estimators,pso,avg_power_w,9.0,0.00030757401670832734
estimators,pso,avg_power_w,9.5,0.0003063449060950424
estimators,pso,avg_power_w,10.0,0.0003091183606499264
estimators,pso,runtime_sec,-5.0,57.876930300029926
estimators,pso,runtime_sec,-4.5,61.1877952000068
estimators,pso,runtime_sec,-4.0,72.11966709996341
estimators,pso,runtime_sec,-3.5,76.56036790000508
estimators,pso,runtime_sec,-3.0,109.44553919996542
estimators,pso,runtime_sec,-2.5,160.69608650001464
estimators,pso,runtime_sec,-2.0,250.28336720004154
estimators,pso,runtime_sec,-1.5,419.6475618999975
estimators,pso,runtime_sec,-1.0,525.3478473998985
estimators,pso,runtime_sec,-0.5,521.1436028999306
estimators,pso,runtime_sec,0.0,527.7060195998783
estimators,pso,runtime_sec,0.5,536.6084002999705
estimators,pso,runtime_sec,1.0,531.8795347000414
estimators,pso,runtime_sec,1.5,525.7381455999857
estimators,pso,runtime_sec,2.0,520.4826902000495
estimators,pso,runtime_sec,2.5,522.3502580000059
estimators,pso,runtime_sec,3.0,532.7597402999527
estimators,pso,runtime_sec,3.5,523.1082142001542
estimators,pso,runtime_sec,4.0,529.8210767999553
estimators,pso,runtime_sec,4.5,537.1607953999337
estimators,pso,runtime_sec,5.0,540.2009657999006
estimators,pso,runtime_sec,5.5,540.0878826999688
estimators,pso,runtime_sec,6.0,541.0878427999269
estimators,pso,runtime_sec,6.5,548.5459067999618
estimators,pso,runtime_sec,7.0,528.8459790999332
estimators,pso,runtime_sec,7.5,530.461579299983
estimators,pso,runtime_sec,8.0,541.9434716998949
estimators,pso,runtime_sec,8.5,537.995916799875
estimators,pso,runtime_sec,9.0,542.5096126001736
estimators,pso,runtime_sec,9.5,542.1922297001438
estimators,pso,runtime_sec,10.0,539.1119649000029
estimators,pso,bit_errors,-5.0,356157.0
estimators,pso,bit_errors,-4.5,313684.0
estimators,pso,bit_errors,-4.0,284750.0
estimators,pso,bit_errors,-3.5,248897.0
estimators,pso,bit_errors,-3.0,228365.0
estimators,pso,bit_errors,-2.5,212301.0
estimators,pso,bit_errors,-2.0,214110.0
estimators,pso,bit_errors,-1.5,208465.0
estimators,pso,bit_errors,-1.0,136215.0
estimators,pso,bit_errors,-0.5,81865.0
estimators,pso,bit_errors,0.0,53373.0
estimators,pso,bit_errors,0.5,36281.0
estimators,pso,bit_errors,1.0,25015.0
estimators,pso,bit_errors,1.5,13807.0
estimators,pso,bit_errors,2.0,7931.0
estimators,pso,bit_errors,2.5,7247.0
estimators,pso,bit_errors,3.0,5324.0
estimators,pso,bit_errors,3.5,3019.0
estimators,pso,bit_errors,4.0,2115.0
estimators,pso,bit_errors,4.5,2796.0
estimators,pso,bit_errors,5.0,1464.0
estimators,pso,bit_errors,5.5,1205.0
estimators,pso,bit_errors,6.0,1260.0
estimators,pso,bit_errors,6.5,937.0
estimators,pso,bit_errors,7.0,808.0
estimators,pso,bit_errors,7.5,270.0
estimators,pso,bit_errors,8.0,0.0
estimators,pso,bit_errors,8.5,0.0
estimators,pso,bit_errors,9.0,2003.0
estimators,pso,bit_errors,9.5,296.0
estimators,pso,bit_errors,10.0,0.0
estimators,pso,total_bits,-5.0,1572864.0
estimators,pso,total_bits,-4.5,1572864.0
estimators,pso,total_bits,-4.0,1769472.0
estimators,pso,total_bits,-3.5,2064384.0
estimators,pso,total_bits,-3.0,2850816.0
estimators,pso,total_bits,-2.5,4325376.0
estimators,pso,total_bits,-2.0,6782976.0
estimators,pso,total_bits,-1.5,10420224.0
estimators,pso,total_bits,-1.0,12582912.0
estimators,pso,total_bits,-0.5,12582912.0
estimators,pso,total_bits,0.0,12582912.0
estimators,pso,total_bits,0.5,12582912.0
estimators,pso,total_bits,1.0,12582912.0
estimators,pso,total_bits,1.5,12582912.0
estimators,pso,total_bits,2.0,12582912.0
estimators,pso,total_bits,2.5,12582912.0
estimators,pso,total_bits,3.0,12582912.0
estimators,pso,total_bits,3.5,12582912.0
estimators,pso,total_bits,4.0,12582912.0
estimators,pso,total_bits,4.5,12582912.0
estimators,pso,total_bits,5.0,12582912.0
estimators,pso,total_bits,5.5,12582912.0
estimators,pso,total_bits,6.0,12582912.0
estimators,pso,total_bits,6.5,12582912.0
estimators,pso,total_bits,7.0,12582912.0
estimators,pso,total_bits,7.5,12582912.0
estimators,pso,total_bits,8.0,12582912.0
estimators,pso,total_bits,8.5,12582912.0
estimators,pso,total_bits,9.0,12582912.0
estimators,pso,total_bits,9.5,12582912.0
estimators,pso,total_bits,10.0,12582912.0
estimators,pso,block_errors,-5.0,1024.0
estimators,pso,block_errors,-4.5,1013.0
estimators,pso,block_errors,-4.0,1050.0
estimators,pso,block_errors,-3.5,1006.0
estimators,pso,block_errors,-3.0,1013.0
estimators,pso,block_errors,-2.5,1009.0
estimators,pso,block_errors,-2.0,1007.0
estimators,pso,block_errors,-1.5,1001.0
estimators,pso,block_errors,-1.0,706.0
estimators,pso,block_errors,-0.5,396.0
estimators,pso,block_errors,0.0,248.0
estimators,pso,block_errors,0.5,162.0
estimators,pso,block_errors,1.0,121.0
estimators,pso,block_errors,1.5,67.0
estimators,pso,block_errors,2.0,38.0
estimators,pso,block_errors,2.5,31.0
estimators,pso,block_errors,3.0,25.0
estimators,pso,block_errors,3.5,13.0
estimators,pso,block_errors,4.0,8.0
estimators,pso,block_errors,4.5,10.0
estimators,pso,block_errors,5.0,4.0
estimators,pso,block_errors,5.5,5.0
estimators,pso,block_errors,6.0,5.0
estimators,pso,block_errors,6.5,3.0
estimators,pso,block_errors,7.0,2.0
estimators,pso,block_errors,7.5,1.0
estimators,pso,block_errors,8.0,0.0
estimators,pso,block_errors,8.5,0.0
estimators,pso,block_errors,9.0,5.0
estimators,pso,block_errors,9.5,1.0
estimators,pso,block_errors,10.0,0.0
estimators,pso,total_blocks,-5.0,1024.0
estimators,pso,total_blocks,-4.5,1024.0
estimators,pso,total_blocks,-4.0,1152.0
estimators,pso,total_blocks,-3.5,1344.0
estimators,pso,total_blocks,-3.0,1856.0
estimators,pso,total_blocks,-2.5,2816.0
estimators,pso,total_blocks,-2.0,4416.0
estimators,pso,total_blocks,-1.5,6784.0
estimators,pso,total_blocks,-1.0,8192.0
estimators,pso,total_blocks,-0.5,8192.0
estimators,pso,total_blocks,0.0,8192.0
estimators,pso,total_blocks,0.5,8192.0
estimators,pso,total_blocks,1.0,8192.0
estimators,pso,total_blocks,1.5,8192.0
estimators,pso,total_blocks,2.0,8192.0
estimators,pso,total_blocks,2.5,8192.0
estimators,pso,total_blocks,3.0,8192.0
estimators,pso,total_blocks,3.5,8192.0
estimators,pso,total_blocks,4.0,8192.0
estimators,pso,total_blocks,4.5,8192.0
estimators,pso,total_blocks,5.0,8192.0
estimators,pso,total_blocks,5.5,8192.0
estimators,pso,total_blocks,6.0,8192.0
estimators,pso,total_blocks,6.5,8192.0
estimators,pso,total_blocks,7.0,8192.0
estimators,pso,total_blocks,7.5,8192.0
estimators,pso,total_blocks,8.0,8192.0
estimators,pso,total_blocks,8.5,8192.0
estimators,pso,total_blocks,9.0,8192.0
estimators,pso,total_blocks,9.5,8192.0
estimators,pso,total_blocks,10.0,8192.0
estimators,pso,num_batches,-5.0,16.0
estimators,pso,num_batches,-4.5,16.0
estimators,pso,num_batches,-4.0,18.0
estimators,pso,num_batches,-3.5,21.0
estimators,pso,num_batches,-3.0,29.0
estimators,pso,num_batches,-2.5,44.0
estimators,pso,num_batches,-2.0,69.0
estimators,pso,num_batches,-1.5,106.0
estimators,pso,num_batches,-1.0,128.0
estimators,pso,num_batches,-0.5,128.0
estimators,pso,num_batches,0.0,128.0
estimators,pso,num_batches,0.5,128.0
estimators,pso,num_batches,1.0,128.0
estimators,pso,num_batches,1.5,128.0
estimators,pso,num_batches,2.0,128.0
estimators,pso,num_batches,2.5,128.0
estimators,pso,num_batches,3.0,128.0
estimators,pso,num_batches,3.5,128.0
estimators,pso,num_batches,4.0,128.0
estimators,pso,num_batches,4.5,128.0
estimators,pso,num_batches,5.0,128.0
estimators,pso,num_batches,5.5,128.0
estimators,pso,num_batches,6.0,128.0
estimators,pso,num_batches,6.5,128.0
estimators,pso,num_batches,7.0,128.0
estimators,pso,num_batches,7.5,128.0
estimators,pso,num_batches,8.0,128.0
estimators,pso,num_batches,8.5,128.0
estimators,pso,num_batches,9.0,128.0
estimators,pso,num_batches,9.5,128.0
estimators,pso,num_batches,10.0,128.0
estimators,pso,stop_reason,-5.0,target_block_errors
estimators,pso,stop_reason,-4.5,target_block_errors
estimators,pso,stop_reason,-4.0,target_block_errors
estimators,pso,stop_reason,-3.5,target_block_errors
estimators,pso,stop_reason,-3.0,target_block_errors
estimators,pso,stop_reason,-2.5,target_block_errors
estimators,pso,stop_reason,-2.0,target_block_errors
estimators,pso,stop_reason,-1.5,target_block_errors
estimators,pso,stop_reason,-1.0,max_batches
estimators,pso,stop_reason,-0.5,max_batches
estimators,pso,stop_reason,0.0,max_batches
estimators,pso,stop_reason,0.5,max_batches
estimators,pso,stop_reason,1.0,max_batches
estimators,pso,stop_reason,1.5,max_batches
estimators,pso,stop_reason,2.0,max_batches
estimators,pso,stop_reason,2.5,max_batches
estimators,pso,stop_reason,3.0,max_batches
estimators,pso,stop_reason,3.5,max_batches
estimators,pso,stop_reason,4.0,max_batches
estimators,pso,stop_reason,4.5,max_batches
estimators,pso,stop_reason,5.0,max_batches
estimators,pso,stop_reason,5.5,max_batches
estimators,pso,stop_reason,6.0,max_batches
estimators,pso,stop_reason,6.5,max_batches
estimators,pso,stop_reason,7.0,max_batches
estimators,pso,stop_reason,7.5,max_batches
estimators,pso,stop_reason,8.0,max_batches
estimators,pso,stop_reason,8.5,max_batches
estimators,pso,stop_reason,9.0,max_batches
estimators,pso,stop_reason,9.5,max_batches
estimators,pso,stop_reason,10.0,max_batches
estimators,pso,point_status,-5.0,resolved
estimators,pso,point_status,-4.5,resolved
estimators,pso,point_status,-4.0,resolved
estimators,pso,point_status,-3.5,resolved
estimators,pso,point_status,-3.0,resolved
estimators,pso,point_status,-2.5,resolved
estimators,pso,point_status,-2.0,resolved
estimators,pso,point_status,-1.5,resolved
estimators,pso,point_status,-1.0,resolved
estimators,pso,point_status,-0.5,resolved
estimators,pso,point_status,0.0,resolved
estimators,pso,point_status,0.5,resolved
estimators,pso,point_status,1.0,resolved
estimators,pso,point_status,1.5,resolved
estimators,pso,point_status,2.0,resolved
estimators,pso,point_status,2.5,resolved
estimators,pso,point_status,3.0,resolved
estimators,pso,point_status,3.5,resolved
estimators,pso,point_status,4.0,resolved
estimators,pso,point_status,4.5,resolved
estimators,pso,point_status,5.0,resolved
estimators,pso,point_status,5.5,resolved
estimators,pso,point_status,6.0,resolved
estimators,pso,point_status,6.5,resolved
estimators,pso,point_status,7.0,resolved
estimators,pso,point_status,7.5,resolved
estimators,pso,point_status,8.0,upper_bound_only
estimators,pso,point_status,8.5,upper_bound_only
estimators,pso,point_status,9.0,resolved
estimators,pso,point_status,9.5,resolved
estimators,pso,point_status,10.0,upper_bound_only
estimators,pso,runtime_total_sec,,13474.906992899545
estimators,perfect,ber,-5.0,0.03318547878135629
estimators,perfect,ber,-4.5,0.0166226256127451
estimators,perfect,ber,-4.0,0.007728020350138347
estimators,perfect,ber,-3.5,0.004010677337646484
estimators,perfect,ber,-3.0,0.0025087197621663413
estimators,perfect,ber,-2.5,0.0012755393981933594
estimators,perfect,ber,-2.0,0.0008361339569091797
estimators,perfect,ber,-1.5,0.00041023890177408856
estimators,perfect,ber,-1.0,0.00016848246256510416
estimators,perfect,ber,-0.5,0.00012969970703125
estimators,perfect,ber,0.0,6.818771362304688e-05
estimators,perfect,ber,0.5,0.00010259946187337239
estimators,perfect,ber,1.0,7.971127827962239e-05
estimators,perfect,ber,1.5,5.0067901611328125e-05
estimators,perfect,ber,2.0,6.357828776041666e-07
estimators,perfect,ber,2.5,0.0
estimators,perfect,ber,3.0,6.389617919921875e-05
estimators,perfect,ber,3.5,0.0
estimators,perfect,ber,4.0,0.0
estimators,perfect,ber,4.5,1.6689300537109375e-06
estimators,perfect,ber,5.0,0.0
estimators,perfect,ber,5.5,0.0
estimators,perfect,ber,6.0,0.0
estimators,perfect,ber,6.5,0.0
estimators,perfect,ber,7.0,0.0
estimators,perfect,ber,7.5,0.0
estimators,perfect,ber,8.0,0.0
estimators,perfect,ber,8.5,0.0
estimators,perfect,ber,9.0,0.0
estimators,perfect,ber,9.5,0.0
estimators,perfect,ber,10.0,0.0
estimators,perfect,ber_upper_confidence,-5.0,0.03331998345681212
estimators,perfect,ber_upper_confidence,-4.5,0.01669553380996109
estimators,perfect,ber_upper_confidence,-4.0,0.007768731952877205
estimators,perfect,ber_upper_confidence,-3.5,0.004040091277096819
estimators,perfect,ber_upper_confidence,-3.0,0.002532023200183713
estimators,perfect,ber_upper_confidence,-2.5,0.0012921973005988589
estimators,perfect,ber_upper_confidence,-2.0,0.0008496444347441135
estimators,perfect,ber_upper_confidence,-1.5,0.00041973694433986654
estimators,perfect,ber_upper_confidence,-1.0,0.0001746092438017305
estimators,perfect,ber_upper_confidence,-0.5,0.0001350888169296918
estimators,perfect,ber_upper_confidence,0.0,7.212562380096858e-05
estimators,perfect,ber_upper_confidence,0.5,0.00010740481410737758
estimators,perfect,ber_upper_confidence,1.0,8.39599635931662e-05
estimators,perfect,ber_upper_confidence,1.5,5.345815413526979e-05
estimators,perfect,ber_upper_confidence,2.0,1.1283397401443499e-06
estimators,perfect,ber_upper_confidence,2.5,2.3807941067647855e-07
estimators,perfect,ber_upper_confidence,3.0,6.7711700058566e-05
estimators,perfect,ber_upper_confidence,3.5,2.3807941067647855e-07
estimators,perfect,ber_upper_confidence,4.0,2.3807941067647855e-07
estimators,perfect,ber_upper_confidence,4.5,2.38504831744824e-06
estimators,perfect,ber_upper_confidence,5.0,2.3807941067647855e-07
estimators,perfect,ber_upper_confidence,5.5,2.3807941067647855e-07
estimators,perfect,ber_upper_confidence,6.0,2.3807941067647855e-07
estimators,perfect,ber_upper_confidence,6.5,2.3807941067647855e-07
estimators,perfect,ber_upper_confidence,7.0,2.3807941067647855e-07
estimators,perfect,ber_upper_confidence,7.5,2.3807941067647855e-07
estimators,perfect,ber_upper_confidence,8.0,2.3807941067647855e-07
estimators,perfect,ber_upper_confidence,8.5,2.3807941067647855e-07
estimators,perfect,ber_upper_confidence,9.0,2.3807941067647855e-07
estimators,perfect,ber_upper_confidence,9.5,2.3807941067647855e-07
estimators,perfect,ber_upper_confidence,10.0,2.3807941067647855e-07
estimators,perfect,latency_ms,-5.0,536.1359935358342
estimators,perfect,latency_ms,-4.5,539.222600981179
estimators,perfect,latency_ms,-4.0,611.1459981765663
estimators,perfect,latency_ms,-3.5,603.4886981764473
estimators,perfect,latency_ms,-3.0,604.1212364590635
estimators,perfect,latency_ms,-2.5,606.7997911459586
estimators,perfect,latency_ms,-2.0,605.3202169269114
estimators,perfect,latency_ms,-1.5,606.6473427090657
estimators,perfect,latency_ms,-1.0,609.8529716145138
estimators,perfect,latency_ms,-0.5,608.9038427078592
estimators,perfect,latency_ms,0.0,604.4344653650157
estimators,perfect,latency_ms,0.5,603.859708333998
estimators,perfect,latency_ms,1.0,606.1545481764185
estimators,perfect,latency_ms,1.5,607.1235388008333
estimators,perfect,latency_ms,2.0,605.6558348955421
estimators,perfect,latency_ms,2.5,602.3758638021079
estimators,perfect,latency_ms,3.0,602.6138973957402
estimators,perfect,latency_ms,3.5,612.5194622398155
estimators,perfect,latency_ms,4.0,607.8156130205614
estimators,perfect,latency_ms,4.5,609.1057247394062
estimators,perfect,latency_ms,5.0,610.2872645828072
estimators,perfect,latency_ms,5.5,610.4969966145561
estimators,perfect,latency_ms,6.0,608.2807598965289
estimators,perfect,latency_ms,6.5,606.0937427077122
estimators,perfect,latency_ms,7.0,604.3467880204205
estimators,perfect,latency_ms,7.5,609.1003544260318
estimators,perfect,latency_ms,8.0,606.7086177083909
estimators,perfect,latency_ms,8.5,605.7154880210462
estimators,perfect,latency_ms,9.0,606.1259661461506
estimators,perfect,latency_ms,9.5,608.7485294272299
estimators,perfect,latency_ms,10.0,603.1105481768279
estimators,perfect,throughput_bits_per_batch,-5.0,95041.73469387754
estimators,perfect,throughput_bits_per_batch,-4.5,96669.92941176471
estimators,perfect,throughput_bits_per_batch,-4.0,97544.3046875
estimators,perfect,throughput_bits_per_batch,-3.5,97909.734375
estimators,perfect,throughput_bits_per_batch,-3.0,98057.3828125
estimators,perfect,throughput_bits_per_batch,-2.5,98178.609375
estimators,perfect,throughput_bits_per_batch,-2.0,98221.8046875
estimators,perfect,throughput_bits_per_batch,-1.5,98263.671875
estimators,perfect,throughput_bits_per_batch,-1.0,98287.4375
estimators,perfect,throughput_bits_per_batch,-0.5,98291.25
estimators,perfect,throughput_bits_per_batch,0.0,98297.296875
estimators,perfect,throughput_bits_per_batch,0.5,98293.9140625
estimators,perfect,throughput_bits_per_batch,1.0,98296.1640625
estimators,perfect,throughput_bits_per_batch,1.5,98299.078125
estimators,perfect,throughput_bits_per_batch,2.0,98303.9375
estimators,perfect,throughput_bits_per_batch,2.5,98304.0
estimators,perfect,throughput_bits_per_batch,3.0,98297.71875
estimators,perfect,throughput_bits_per_batch,3.5,98304.0
estimators,perfect,throughput_bits_per_batch,4.0,98304.0
estimators,perfect,throughput_bits_per_batch,4.5,98303.8359375
estimators,perfect,throughput_bits_per_batch,5.0,98304.0
estimators,perfect,throughput_bits_per_batch,5.5,98304.0
estimators,perfect,throughput_bits_per_batch,6.0,98304.0
estimators,perfect,throughput_bits_per_batch,6.5,98304.0
estimators,perfect,throughput_bits_per_batch,7.0,98304.0
estimators,perfect,throughput_bits_per_batch,7.5,98304.0
estimators,perfect,throughput_bits_per_batch,8.0,98304.0
estimators,perfect,throughput_bits_per_batch,8.5,98304.0
estimators,perfect,throughput_bits_per_batch,9.0,98304.0
estimators,perfect,throughput_bits_per_batch,9.5,98304.0
estimators,perfect,throughput_bits_per_batch,10.0,98304.0
estimators,perfect,energy_joules_per_batch,-5.0,0.00018645100000000008
estimators,perfect,energy_joules_per_batch,-4.5,0.0001864510000000003
estimators,perfect,energy_joules_per_batch,-4.0,0.00018645100000000043
estimators,perfect,energy_joules_per_batch,-3.5,0.00018645100000000043
estimators,perfect,energy_joules_per_batch,-3.0,0.00018645100000000043
estimators,perfect,energy_joules_per_batch,-2.5,0.00018645100000000043
estimators,perfect,energy_joules_per_batch,-2.0,0.00018645100000000043
estimators,perfect,energy_joules_per_batch,-1.5,0.00018645100000000043
estimators,perfect,energy_joules_per_batch,-1.0,0.00018645100000000043
estimators,perfect,energy_joules_per_batch,-0.5,0.00018645100000000043
estimators,perfect,energy_joules_per_batch,0.0,0.00018645100000000043
estimators,perfect,energy_joules_per_batch,0.5,0.00018645100000000043
estimators,perfect,energy_joules_per_batch,1.0,0.00018645100000000043
estimators,perfect,energy_joules_per_batch,1.5,0.00018645100000000043
estimators,perfect,energy_joules_per_batch,2.0,0.00018645100000000043
estimators,perfect,energy_joules_per_batch,2.5,0.00018645100000000043
estimators,perfect,energy_joules_per_batch,3.0,0.00018645100000000043
estimators,perfect,energy_joules_per_batch,3.5,0.00018645100000000043
estimators,perfect,energy_joules_per_batch,4.0,0.00018645100000000043
estimators,perfect,energy_joules_per_batch,4.5,0.00018645100000000043
estimators,perfect,energy_joules_per_batch,5.0,0.00018645100000000043
estimators,perfect,energy_joules_per_batch,5.5,0.00018645100000000043
estimators,perfect,energy_joules_per_batch,6.0,0.00018645100000000043
estimators,perfect,energy_joules_per_batch,6.5,0.00018645100000000043
estimators,perfect,energy_joules_per_batch,7.0,0.00018645100000000043
estimators,perfect,energy_joules_per_batch,7.5,0.00018645100000000043
estimators,perfect,energy_joules_per_batch,8.0,0.00018645100000000043
estimators,perfect,energy_joules_per_batch,8.5,0.00018645100000000043
estimators,perfect,energy_joules_per_batch,9.0,0.00018645100000000043
estimators,perfect,energy_joules_per_batch,9.5,0.00018645100000000043
estimators,perfect,energy_joules_per_batch,10.0,0.00018645100000000043
estimators,perfect,avg_power_w,-5.0,0.00034776810780852386
estimators,perfect,avg_power_w,-4.5,0.00034577742042104826
estimators,perfect,avg_power_w,-4.0,0.00030508421973849336
estimators,perfect,avg_power_w,-3.5,0.00030895524732011813
estimators,perfect,avg_power_w,-3.0,0.000308631759235689
estimators,perfect,avg_power_w,-2.5,0.00030726938723542145
estimators,perfect,avg_power_w,-2.0,0.0003080204407289988
estimators,perfect,avg_power_w,-1.5,0.0003073466029989982
estimators,perfect,avg_power_w,-1.0,0.0003057310674512144
estimators,perfect,avg_power_w,-0.5,0.0003062076257736087
estimators,perfect,avg_power_w,0.0,0.00030847182065867697
estimators,perfect,avg_power_w,0.5,0.0003087654258543002
estimators,perfect,avg_power_w,1.0,0.0003075964711655264
estimators,perfect,avg_power_w,1.5,0.0003071055363267106
estimators,perfect,avg_power_w,2.0,0.00030784975436116746
estimators,perfect,avg_power_w,2.5,0.00030952601391289006
estimators,perfect,avg_power_w,3.0,0.0003094037505702543
estimators,perfect,avg_power_w,3.5,0.00030440012357844156
estimators,perfect,avg_power_w,4.0,0.0003067558582008539
estimators,perfect,avg_power_w,4.5,0.00030610613630297065
estimators,perfect,avg_power_w,5.0,0.00030551350293612703
estimators,perfect,avg_power_w,5.5,0.00030540854587974046
estimators,perfect,avg_power_w,6.0,0.00030652128472996007
estimators,perfect,avg_power_w,6.5,0.00030762733033182975
estimators,perfect,avg_power_w,7.0,0.0003085165730932955
estimators,perfect,avg_power_w,7.5,0.0003061088351782313
estimators,perfect,avg_power_w,8.0,0.00030731556229454524
estimators,perfect,avg_power_w,8.5,0.00030781943616657527
estimators,perfect,avg_power_w,9.0,0.00030761097595849055
estimators,perfect,avg_power_w,9.5,0.0003062857501691737
estimators,perfect,avg_power_w,10.0,0.00030914896209929035
estimators,perfect,runtime_sec,-5.0,27.203066700065392
estimators,perfect,runtime_sec,-4.5,47.44265090000408
estimators,perfect,runtime_sec,-4.0,80.9269436000759
estimators,perfect,runtime_sec,-3.5,79.9437141998933
estimators,perfect,runtime_sec,-3.0,80.03002600003674
estimators,perfect,runtime_sec,-2.5,80.41126410001016
estimators,perfect,runtime_sec,-2.0,80.19973499997286
estimators,perfect,runtime_sec,-1.5,80.34228599991184
estimators,perfect,runtime_sec,-1.0,80.79359169997042
estimators,perfect,runtime_sec,-0.5,80.64930320005806
estimators,perfect,runtime_sec,0.0,80.07624230002693
estimators,perfect,runtime_sec,0.5,80.00646959996084
estimators,perfect,runtime_sec,1.0,80.28893299988704
estimators,perfect,runtime_sec,1.5,80.41150530010054
estimators,perfect,runtime_sec,2.0,80.24640910001472
estimators,perfect,runtime_sec,2.5,79.78985959991405
estimators,perfect,runtime_sec,3.0,79.83710960012104
estimators,perfect,runtime_sec,3.5,81.20551269984571
estimators,perfect,runtime_sec,4.0,80.51510090001102
estimators,perfect,runtime_sec,4.5,80.66542629993637
estimators,perfect,runtime_sec,5.0,80.83259749997524
estimators,perfect,runtime_sec,5.5,80.87478139990708
estimators,perfect,runtime_sec,6.0,80.58805039984873
estimators,perfect,runtime_sec,6.5,80.30626199998369
estimators,perfect,runtime_sec,7.0,80.05815979992622
estimators,perfect,runtime_sec,7.5,80.68581060001452
estimators,perfect,runtime_sec,8.0,80.4050983999332
estimators,perfect,runtime_sec,8.5,80.22221310005989
estimators,perfect,runtime_sec,9.0,80.32256689990754
estimators,perfect,runtime_sec,9.5,80.63874669998768
estimators,perfect,runtime_sec,10.0,79.8918969999504
estimators,perfect,bit_errors,-5.0,159851.0
estimators,perfect,bit_errors,-4.5,138896.0
estimators,perfect,bit_errors,-4.0,97241.0
estimators,perfect,bit_errors,-3.5,50466.0
estimators,perfect,bit_errors,-3.0,31567.0
estimators,perfect,bit_errors,-2.5,16050.0
estimators,perfect,bit_errors,-2.0,10521.0
estimators,perfect,bit_errors,-1.5,5162.0
estimators,perfect,bit_errors,-1.0,2120.0
estimators,perfect,bit_errors,-0.5,1632.0
estimators,perfect,bit_errors,0.0,858.0
estimators,perfect,bit_errors,0.5,1291.0
estimators,perfect,bit_errors,1.0,1003.0
estimators,perfect,bit_errors,1.5,630.0
estimators,perfect,bit_errors,2.0,8.0
estimators,perfect,bit_errors,2.5,0.0
estimators,perfect,bit_errors,3.0,804.0
estimators,perfect,bit_errors,3.5,0.0
estimators,perfect,bit_errors,4.0,0.0
estimators,perfect,bit_errors,4.5,21.0
estimators,perfect,bit_errors,5.0,0.0
estimators,perfect,bit_errors,5.5,0.0
estimators,perfect,bit_errors,6.0,0.0
estimators,perfect,bit_errors,6.5,0.0
estimators,perfect,bit_errors,7.0,0.0
estimators,perfect,bit_errors,7.5,0.0
estimators,perfect,bit_errors,8.0,0.0
estimators,perfect,bit_errors,8.5,0.0
estimators,perfect,bit_errors,9.0,0.0
estimators,perfect,bit_errors,9.5,0.0
estimators,perfect,bit_errors,10.0,0.0
estimators,perfect,total_bits,-5.0,4816896.0
estimators,perfect,total_bits,-4.5,8355840.0
estimators,perfect,total_bits,-4.0,12582912.0
estimators,perfect,total_bits,-3.5,12582912.0
estimators,perfect,total_bits,-3.0,12582912.0
estimators,perfect,total_bits,-2.5,12582912.0
estimators,perfect,total_bits,-2.0,12582912.0
estimators,perfect,total_bits,-1.5,12582912.0
estimators,perfect,total_bits,-1.0,12582912.0
estimators,perfect,total_bits,-0.5,12582912.0
estimators,perfect,total_bits,0.0,12582912.0
estimators,perfect,total_bits,0.5,12582912.0
estimators,perfect,total_bits,1.0,12582912.0
estimators,perfect,total_bits,1.5,12582912.0
estimators,perfect,total_bits,2.0,12582912.0
estimators,perfect,total_bits,2.5,12582912.0
estimators,perfect,total_bits,3.0,12582912.0
estimators,perfect,total_bits,3.5,12582912.0
estimators,perfect,total_bits,4.0,12582912.0
estimators,perfect,total_bits,4.5,12582912.0
estimators,perfect,total_bits,5.0,12582912.0
estimators,perfect,total_bits,5.5,12582912.0
estimators,perfect,total_bits,6.0,12582912.0
estimators,perfect,total_bits,6.5,12582912.0
estimators,perfect,total_bits,7.0,12582912.0
estimators,perfect,total_bits,7.5,12582912.0
estimators,perfect,total_bits,8.0,12582912.0
estimators,perfect,total_bits,8.5,12582912.0
estimators,perfect,total_bits,9.0,12582912.0
estimators,perfect,total_bits,9.5,12582912.0
estimators,perfect,total_bits,10.0,12582912.0
estimators,perfect,block_errors,-5.0,1028.0
estimators,perfect,block_errors,-4.5,1002.0
estimators,perfect,block_errors,-4.0,728.0
estimators,perfect,block_errors,-3.5,368.0
estimators,perfect,block_errors,-3.0,213.0
estimators,perfect,block_errors,-2.5,103.0
estimators,perfect,block_errors,-2.0,77.0
estimators,perfect,block_errors,-1.5,36.0
estimators,perfect,block_errors,-1.0,19.0
estimators,perfect,block_errors,-0.5,13.0
estimators,perfect,block_errors,0.0,11.0
estimators,perfect,block_errors,0.5,8.0
estimators,perfect,block_errors,1.0,7.0
estimators,perfect,block_errors,1.5,3.0
estimators,perfect,block_errors,2.0,2.0
estimators,perfect,block_errors,2.5,0.0
estimators,perfect,block_errors,3.0,3.0
estimators,perfect,block_errors,3.5,0.0
estimators,perfect,block_errors,4.0,0.0
estimators,perfect,block_errors,4.5,1.0
estimators,perfect,block_errors,5.0,0.0
estimators,perfect,block_errors,5.5,0.0
estimators,perfect,block_errors,6.0,0.0
estimators,perfect,block_errors,6.5,0.0
estimators,perfect,block_errors,7.0,0.0
estimators,perfect,block_errors,7.5,0.0
estimators,perfect,block_errors,8.0,0.0
estimators,perfect,block_errors,8.5,0.0
estimators,perfect,block_errors,9.0,0.0
estimators,perfect,block_errors,9.5,0.0
estimators,perfect,block_errors,10.0,0.0
estimators,perfect,total_blocks,-5.0,3136.0
estimators,perfect,total_blocks,-4.5,5440.0
estimators,perfect,total_blocks,-4.0,8192.0
estimators,perfect,total_blocks,-3.5,8192.0
estimators,perfect,total_blocks,-3.0,8192.0
estimators,perfect,total_blocks,-2.5,8192.0
estimators,perfect,total_blocks,-2.0,8192.0
estimators,perfect,total_blocks,-1.5,8192.0
estimators,perfect,total_blocks,-1.0,8192.0
estimators,perfect,total_blocks,-0.5,8192.0
estimators,perfect,total_blocks,0.0,8192.0
estimators,perfect,total_blocks,0.5,8192.0
estimators,perfect,total_blocks,1.0,8192.0
estimators,perfect,total_blocks,1.5,8192.0
estimators,perfect,total_blocks,2.0,8192.0
estimators,perfect,total_blocks,2.5,8192.0
estimators,perfect,total_blocks,3.0,8192.0
estimators,perfect,total_blocks,3.5,8192.0
estimators,perfect,total_blocks,4.0,8192.0
estimators,perfect,total_blocks,4.5,8192.0
estimators,perfect,total_blocks,5.0,8192.0
estimators,perfect,total_blocks,5.5,8192.0
estimators,perfect,total_blocks,6.0,8192.0
estimators,perfect,total_blocks,6.5,8192.0
estimators,perfect,total_blocks,7.0,8192.0
estimators,perfect,total_blocks,7.5,8192.0
estimators,perfect,total_blocks,8.0,8192.0
estimators,perfect,total_blocks,8.5,8192.0
estimators,perfect,total_blocks,9.0,8192.0
estimators,perfect,total_blocks,9.5,8192.0
estimators,perfect,total_blocks,10.0,8192.0
estimators,perfect,num_batches,-5.0,49.0
estimators,perfect,num_batches,-4.5,85.0
estimators,perfect,num_batches,-4.0,128.0
estimators,perfect,num_batches,-3.5,128.0
estimators,perfect,num_batches,-3.0,128.0
estimators,perfect,num_batches,-2.5,128.0
estimators,perfect,num_batches,-2.0,128.0
estimators,perfect,num_batches,-1.5,128.0
estimators,perfect,num_batches,-1.0,128.0
estimators,perfect,num_batches,-0.5,128.0
estimators,perfect,num_batches,0.0,128.0
estimators,perfect,num_batches,0.5,128.0
estimators,perfect,num_batches,1.0,128.0
estimators,perfect,num_batches,1.5,128.0
estimators,perfect,num_batches,2.0,128.0
estimators,perfect,num_batches,2.5,128.0
estimators,perfect,num_batches,3.0,128.0
estimators,perfect,num_batches,3.5,128.0
estimators,perfect,num_batches,4.0,128.0
estimators,perfect,num_batches,4.5,128.0
estimators,perfect,num_batches,5.0,128.0
estimators,perfect,num_batches,5.5,128.0
estimators,perfect,num_batches,6.0,128.0
estimators,perfect,num_batches,6.5,128.0
estimators,perfect,num_batches,7.0,128.0
estimators,perfect,num_batches,7.5,128.0
estimators,perfect,num_batches,8.0,128.0
estimators,perfect,num_batches,8.5,128.0
estimators,perfect,num_batches,9.0,128.0
estimators,perfect,num_batches,9.5,128.0
estimators,perfect,num_batches,10.0,128.0
estimators,perfect,stop_reason,-5.0,target_block_errors
estimators,perfect,stop_reason,-4.5,target_block_errors
estimators,perfect,stop_reason,-4.0,max_batches
estimators,perfect,stop_reason,-3.5,max_batches
estimators,perfect,stop_reason,-3.0,max_batches
estimators,perfect,stop_reason,-2.5,max_batches
estimators,perfect,stop_reason,-2.0,max_batches
estimators,perfect,stop_reason,-1.5,max_batches
estimators,perfect,stop_reason,-1.0,max_batches
estimators,perfect,stop_reason,-0.5,max_batches
estimators,perfect,stop_reason,0.0,max_batches
estimators,perfect,stop_reason,0.5,max_batches
estimators,perfect,stop_reason,1.0,max_batches
estimators,perfect,stop_reason,1.5,max_batches
estimators,perfect,stop_reason,2.0,max_batches
estimators,perfect,stop_reason,2.5,max_batches
estimators,perfect,stop_reason,3.0,max_batches
estimators,perfect,stop_reason,3.5,max_batches
estimators,perfect,stop_reason,4.0,max_batches
estimators,perfect,stop_reason,4.5,max_batches
estimators,perfect,stop_reason,5.0,max_batches
estimators,perfect,stop_reason,5.5,max_batches
estimators,perfect,stop_reason,6.0,max_batches
estimators,perfect,stop_reason,6.5,max_batches
estimators,perfect,stop_reason,7.0,max_batches
estimators,perfect,stop_reason,7.5,max_batches
estimators,perfect,stop_reason,8.0,max_batches
estimators,perfect,stop_reason,8.5,max_batches
estimators,perfect,stop_reason,9.0,max_batches
estimators,perfect,stop_reason,9.5,max_batches
estimators,perfect,stop_reason,10.0,max_batches
estimators,perfect,point_status,-5.0,resolved
estimators,perfect,point_status,-4.5,resolved
estimators,perfect,point_status,-4.0,resolved
estimators,perfect,point_status,-3.5,resolved
estimators,perfect,point_status,-3.0,resolved
estimators,perfect,point_status,-2.5,resolved
estimators,perfect,point_status,-2.0,resolved
estimators,perfect,point_status,-1.5,resolved
estimators,perfect,point_status,-1.0,resolved
estimators,perfect,point_status,-0.5,resolved
estimators,perfect,point_status,0.0,resolved
estimators,perfect,point_status,0.5,resolved
estimators,perfect,point_status,1.0,resolved
estimators,perfect,point_status,1.5,resolved
estimators,perfect,point_status,2.0,upper_bound_only
estimators,perfect,point_status,2.5,upper_bound_only
estimators,perfect,point_status,3.0,resolved
estimators,perfect,point_status,3.5,upper_bound_only
estimators,perfect,point_status,4.0,upper_bound_only
estimators,perfect,point_status,4.5,upper_bound_only
estimators,perfect,point_status,5.0,upper_bound_only
estimators,perfect,point_status,5.5,upper_bound_only
estimators,perfect,point_status,6.0,upper_bound_only
estimators,perfect,point_status,6.5,upper_bound_only
estimators,perfect,point_status,7.0,upper_bound_only
estimators,perfect,point_status,7.5,upper_bound_only
estimators,perfect,point_status,8.0,upper_bound_only
estimators,perfect,point_status,8.5,upper_bound_only
estimators,perfect,point_status,9.0,upper_bound_only
estimators,perfect,point_status,9.5,upper_bound_only
estimators,perfect,point_status,10.0,upper_bound_only
estimators,perfect,runtime_total_sec,,2405.811333599311
