stage,method,metric,ebno_db,value
estimators,ls,ber,-5.0,0.28729502360026044
estimators,ls,ber,-4.5,0.2711353302001953
estimators,ls,ber,-4.0,0.2520332336425781
estimators,ls,ber,-3.5,0.23460261027018228
estimators,ls,ber,-3.0,0.20721054077148438
estimators,ls,ber,-2.5,0.17173976524203433
estimators,ls,ber,-2.0,0.1239347912016369
estimators,ls,ber,-1.5,0.09300514503761574
estimators,ls,ber,-1.0,0.057027963491586536
estimators,ls,ber,-0.5,0.03545470156912076
estimators,ls,ber,0.0,0.022391151783714158
estimators,ls,ber,0.5,0.014632940292358398
estimators,ls,ber,1.0,0.011430660883585611
estimators,ls,ber,1.5,0.006412665049235026
estimators,ls,ber,2.0,0.003383080164591471
estimators,ls,ber,2.5,0.0030139287312825522
estimators,ls,ber,3.0,0.0020956993103027344
estimators,ls,ber,3.5,0.0012785593668619792
estimators,ls,ber,4.0,0.0008204778035481771
estimators,ls,ber,4.5,0.0009857018788655598
estimators,ls,ber,5.0,0.0007364749908447266
estimators,ls,ber,5.5,0.0006067752838134766
estimators,ls,ber,6.0,0.0005857944488525391
estimators,ls,ber,6.5,0.00046102205912272137
estimators,ls,ber,7.0,0.00032941500345865887
estimators,ls,ber,7.5,0.00032202402750651043
estimators,ls,ber,8.0,0.00023635228474934897
estimators,ls,ber,8.5,0.0003566741943359375
estimators,ls,ber,9.0,0.0005127588907877604
estimators,ls,ber,9.5,0.00030604998270670575
estimators,ls,ber,10.0,0.0001239776611328125
estimators,ls,ber_upper_confidence,-5.0,0.2878888616089241
estimators,ls,ber_upper_confidence,-4.5,0.2717187632751807
estimators,ls,ber_upper_confidence,-4.0,0.2526031047745663
estimators,ls,ber_upper_confidence,-3.5,0.23515883199295048
estimators,ls,ber_upper_confidence,-3.0,0.20774262161195886
estimators,ls,ber_upper_confidence,-2.5,0.17222018032992994
estimators,ls,ber_upper_confidence,-2.0,0.12431250599893844
estimators,ls,ber_upper_confidence,-1.5,0.09329879496215424
estimators,ls,ber_upper_confidence,-1.0,0.057223082442859514
estimators,ls,ber_upper_confidence,-0.5,0.03558122149003015
estimators,ls,ber_upper_confidence,0.0,0.02247177935365987
estimators,ls,ber_upper_confidence,0.5,0.014688725037586968
estimators,ls,ber_upper_confidence,1.0,0.011480057981567022
estimators,ls,ber_upper_confidence,1.5,0.006449784727027831
estimators,ls,ber_upper_confidence,2.0,0.0034101122313573195
estimators,ls,ber_upper_confidence,2.5,0.0030394541846013104
estimators,ls,ber_upper_confidence,3.0,0.0021170119943055205
estimators,ls,ber_upper_confidence,3.5,0.0012952368238486139
estimators,ls,ber_upper_confidence,4.0,0.0008338623206110301
estimators,ls,ber_upper_confidence,4.5,0.001000360652671693
estimators,ls,ber_upper_confidence,5.0,0.0007491620752653668
estimators,ls,ber_upper_confidence,5.5,0.000618301922271771
estimators,ls,ber_upper_confidence,6.0,0.000597122065287202
estimators,ls,ber_upper_confidence,6.5,0.0004710840415516393
estimators,ls,ber_upper_confidence,7.0,0.0003379377910111985
estimators,ls,ber_upper_confidence,7.5,0.000330451921203659
estimators,ls,ber_upper_confidence,8.0,0.00024358851166357586
estimators,ls,ber_upper_confidence,8.5,0.0003655380687358576
estimators,ls,ber_upper_confidence,9.0,0.00052336424121799
estimators,ls,ber_upper_confidence,9.5,0.00031426898660274875
estimators,ls,ber_upper_confidence,10.0,0.00012924901572841736
estimators,ls,latency_ms,-5.0,695.056333329516
estimators,ls,latency_ms,-4.5,671.4853833310864
estimators,ls,latency_ms,-4.0,698.828733338045
estimators,ls,latency_ms,-3.5,675.2235520827109
estimators,ls,latency_ms,-3.0,687.6477583329271
estimators,ls,latency_ms,-2.5,675.7356892155643
estimators,ls,latency_ms,-2.0,679.4562785686416
estimators,ls,latency_ms,-1.5,670.6834240751306
estimators,ls,latency_ms,-1.0,622.5121320527388
estimators,ls,latency_ms,-0.5,585.0888968914484
estimators,ls,latency_ms,0.0,566.3276446240852
estimators,ls,latency_ms,0.5,556.7719364577487
estimators,ls,latency_ms,1.0,556.3881833335516
estimators,ls,latency_ms,1.5,556.5609208330487
estimators,ls,latency_ms,2.0,556.20113645969
estimators,ls,latency_ms,2.5,555.7270817700145
estimators,ls,latency_ms,3.0,557.9904263035177
estimators,ls,latency_ms,3.5,558.9954091152821
estimators,ls,latency_ms,4.0,557.6722552094951
estimators,ls,latency_ms,4.5,556.7252622373916
estimators,ls,latency_ms,5.0,557.2249911457719
estimators,ls,latency_ms,5.5,555.6266083334821
estimators,ls,latency_ms,6.0,557.4583317708447
estimators,ls,latency_ms,6.5,559.345934114758
estimators,ls,latency_ms,7.0,560.7880880210404
estimators,ls,latency_ms,7.5,560.2450091138552
estimators,ls,latency_ms,8.0,556.3794473954703
estimators,ls,latency_ms,8.5,556.5115356759223
estimators,ls,latency_ms,9.0,557.1652263019176
estimators,ls,latency_ms,9.5,553.5427403662242
estimators,ls,latency_ms,10.0,555.15610598914
estimators,ls,throughput_bits_per_batch,-5.0,70061.75
estimators,ls,throughput_bits_per_batch,-4.5,71650.3125
estimators,ls,throughput_bits_per_batch,-4.0,73528.125
estimators,ls,throughput_bits_per_batch,-3.5,75241.625
estimators,ls,throughput_bits_per_batch,-3.0,77934.375
estimators,ls,throughput_bits_per_batch,-2.5,81421.29411764706
estimators,ls,throughput_bits_per_batch,-2.0,86120.71428571429
estimators,ls,throughput_bits_per_batch,-1.5,89161.22222222222
estimators,ls,throughput_bits_per_batch,-1.0,92697.92307692308
estimators,ls,throughput_bits_per_batch,-0.5,94818.66101694915
estimators,ls,throughput_bits_per_batch,0.0,96102.86021505376
estimators,ls,throughput_bits_per_batch,0.5,96865.5234375
estimators,ls,throughput_bits_per_batch,1.0,97180.3203125
estimators,ls,throughput_bits_per_batch,1.5,97673.609375
estimators,ls,throughput_bits_per_batch,2.0,97971.4296875
estimators,ls,throughput_bits_per_batch,2.5,98007.71875
estimators,ls,throughput_bits_per_batch,3.0,98097.984375
estimators,ls,throughput_bits_per_batch,3.5,98178.3125
estimators,ls,throughput_bits_per_batch,4.0,98223.34375
estimators,ls,throughput_bits_per_batch,4.5,98207.1015625
estimators,ls,throughput_bits_per_batch,5.0,98231.6015625
estimators,ls,throughput_bits_per_batch,5.5,98244.3515625
estimators,ls,throughput_bits_per_batch,6.0,98246.4140625
estimators,ls,throughput_bits_per_batch,6.5,98258.6796875
estimators,ls,throughput_bits_per_batch,7.0,98271.6171875
estimators,ls,throughput_bits_per_batch,7.5,98272.34375
estimators,ls,throughput_bits_per_batch,8.0,98280.765625
estimators,ls,throughput_bits_per_batch,8.5,98268.9375
estimators,ls,throughput_bits_per_batch,9.0,98253.59375
estimators,ls,throughput_bits_per_batch,9.5,98273.9140625
estimators,ls,throughput_bits_per_batch,10.0,98291.8125
estimators,ls,energy_joules_per_batch,-5.0,0.00018645100000000008
estimators,ls,energy_joules_per_batch,-4.5,0.00018645100000000008
estimators,ls,energy_joules_per_batch,-4.0,0.00018645100000000002
estimators,ls,energy_joules_per_batch,-3.5,0.000186451
estimators,ls,energy_joules_per_batch,-3.0,0.00018645100000000002
estimators,ls,energy_joules_per_batch,-2.5,0.00018645100000000002
estimators,ls,energy_joules_per_batch,-2.0,0.0001864510000000001
estimators,ls,energy_joules_per_batch,-1.5,0.00018645100000000002
estimators,ls,energy_joules_per_batch,-1.0,0.000186451
estimators,ls,energy_joules_per_batch,-0.5,0.00018645100000000018
estimators,ls,energy_joules_per_batch,0.0,0.00018645100000000035
estimators,ls,energy_joules_per_batch,0.5,0.00018645100000000043
estimators,ls,energy_joules_per_batch,1.0,0.00018645100000000043
estimators,ls,energy_joules_per_batch,1.5,0.00018645100000000043
estimators,ls,energy_joules_per_batch,2.0,0.00018645100000000043
estimators,ls,energy_joules_per_batch,2.5,0.00018645100000000043
estimators,ls,energy_joules_per_batch,3.0,0.00018645100000000043
estimators,ls,energy_joules_per_batch,3.5,0.0001864510000000004
estimators,ls,energy_joules_per_batch,4.0,0.00018645100000000043
estimators,ls,energy_joules_per_batch,4.5,0.00018645100000000043
estimators,ls,energy_joules_per_batch,5.0,0.00018645100000000043
estimators,ls,energy_joules_per_batch,5.5,0.00018645100000000043
estimators,ls,energy_joules_per_batch,6.0,0.00018645100000000043
estimators,ls,energy_joules_per_batch,6.5,0.00018645100000000043
estimators,ls,energy_joules_per_batch,7.0,0.00018645100000000043
estimators,ls,energy_joules_per_batch,7.5,0.00018645100000000043
estimators,ls,energy_joules_per_batch,8.0,0.00018645100000000043
estimators,ls,energy_joules_per_batch,8.5,0.00018645100000000043
estimators,ls,energy_joules_per_batch,9.0,0.00018645100000000043
estimators,ls,energy_joules_per_batch,9.5,0.00018645100000000043
estimators,ls,energy_joules_per_batch,10.0,0.00018645100000000043
estimators,ls,avg_power_w,-5.0,0.00026825307685040026
estimators,ls,avg_power_w,-4.5,0.0002776694841443294
estimators,ls,avg_power_w,-4.0,0.0002668049997163009
estimators,ls,avg_power_w,-3.5,0.0002761322519407037
estimators,ls,avg_power_w,-3.0,0.000271143180124684
estimators,ls,avg_power_w,-2.5,0.0002759229725108109
estimators,ls,avg_power_w,-2.0,0.0002744120642946771
estimators,ls,avg_power_w,-1.5,0.0002780015031042628
estimators,ls,avg_power_w,-1.0,0.0002995138414173171
estimators,ls,avg_power_w,-0.5,0.00031867123268037754
estimators,ls,avg_power_w,0.0,0.00032922814517338643
estimators,ls,avg_power_w,0.5,0.00033487858814548835
estimators,ls,avg_power_w,1.0,0.00033510956124714115
estimators,ls,avg_power_w,1.5,0.00033500555468559393
estimators,ls,avg_power_w,2.0,0.0003352222564426803
estimators,ls,avg_power_w,2.5,0.0003355082127834152
estimators,ls,avg_power_w,3.0,0.00033414731008051527
estimators,ls,avg_power_w,3.5,0.0003335465675739538
estimators,ls,avg_power_w,4.0,0.0003343379525487748
estimators,ls,avg_power_w,4.5,0.0003349066633884783
estimators,ls,avg_power_w,5.0,0.00033460631336117554
estimators,ls,avg_power_w,5.5,0.0003355688824176941
estimators,ls,avg_power_w,6.0,0.0003344662540206595
estimators,ls,avg_power_w,6.5,0.00033333754413551747
estimators,ls,avg_power_w,7.0,0.0003324803147263087
estimators,ls,avg_power_w,7.5,0.0003328026077285574
estimators,ls,avg_power_w,8.0,0.0003351148229375059
estimators,ls,avg_power_w,8.5,0.0003350352832732256
estimators,ls,avg_power_w,9.0,0.0003346422052171756
estimators,ls,avg_power_w,9.5,0.0003368321656185832
estimators,ls,avg_power_w,10.0,0.00033585328160589084
estimators,ls,runtime_sec,-5.0,11.69805170003383
estimators,ls,runtime_sec,-4.5,11.300940800007083
estimators,ls,runtime_sec,-4.0,11.798516699986067
estimators,ls,runtime_sec,-3.5,11.379047599999467
estimators,ls,runtime_sec,-3.0,11.577854999981355
estimators,ls,runtime_sec,-2.5,12.083304200015846
estimators,ls,runtime_sec,-2.0,15.036742700001923
estimators,ls,runtime_sec,-1.5,19.071374700055458
estimators,ls,runtime_sec,-1.0,25.553819300053874
estimators,ls,runtime_sec,-0.5,36.329943899967475
estimators,ls,runtime_sec,0.0,55.449176800000714
estimators,ls,runtime_sec,0.5,75.023536600027
estimators,ls,runtime_sec,1.0,74.99968790003913
estimators,ls,runtime_sec,1.5,75.01711159996921
estimators,ls,runtime_sec,2.0,74.97981849999633
estimators,ls,runtime_sec,2.5,74.9059569000674
estimators,ls,runtime_sec,3.0,75.19869260006817
estimators,ls,runtime_sec,3.5,75.36824820024776
estimators,ls,runtime_sec,4.0,75.17920240017702
estimators,ls,runtime_sec,4.5,75.03911080001853
estimators,ls,runtime_sec,5.0,75.1030197001819
estimators,ls,runtime_sec,5.5,74.89656239986653
estimators,ls,runtime_sec,6.0,75.11729250010103
estimators,ls,runtime_sec,6.5,75.41139140003361
estimators,ls,runtime_sec,7.0,75.57177039986709
estimators,ls,runtime_sec,7.5,75.5295419000031
estimators,ls,runtime_sec,8.0,75.01897549990099
estimators,ls,runtime_sec,8.5,75.01686869980767
estimators,ls,runtime_sec,9.0,75.10070849981275
estimators,ls,runtime_sec,9.5,74.61284980006167
estimators,ls,runtime_sec,10.0,74.85215360016446
estimators,ls,bit_errors,-5.0,451876.0
estimators,ls,bit_errors,-4.5,426459.0
estimators,ls,bit_errors,-4.0,396414.0
estimators,ls,bit_errors,-3.5,368998.0
estimators,ls,bit_errors,-3.0,325914.0
estimators,ls,bit_errors,-2.5,287006.0
estimators,ls,bit_errors,-2.0,255849.0
estimators,ls,bit_errors,-1.5,246855.0
estimators,ls,bit_errors,-1.0,218637.0
estimators,ls,bit_errors,-0.5,205635.0
estimators,ls,bit_errors,0.0,204706.0
estimators,ls,bit_errors,0.5,184125.0
estimators,ls,bit_errors,1.0,143831.0
estimators,ls,bit_errors,1.5,80690.0
estimators,ls,bit_errors,2.0,42569.0
estimators,ls,bit_errors,2.5,37924.0
estimators,ls,bit_errors,3.0,26370.0
estimators,ls,bit_errors,3.5,16088.0
estimators,ls,bit_errors,4.0,10324.0
estimators,ls,bit_errors,4.5,12403.0
estimators,ls,bit_errors,5.0,9267.0
estimators,ls,bit_errors,5.5,7635.0
estimators,ls,bit_errors,6.0,7371.0
estimators,ls,bit_errors,6.5,5801.0
estimators,ls,bit_errors,7.0,4145.0
estimators,ls,bit_errors,7.5,4052.0
estimators,ls,bit_errors,8.0,2974.0
estimators,ls,bit_errors,8.5,4488.0
estimators,ls,bit_errors,9.0,6452.0
estimators,ls,bit_errors,9.5,3851.0
estimators,ls,bit_errors,10.0,1560.0
estimators,ls,total_bits,-5.0,1572864.0
estimators,ls,total_bits,-4.5,1572864.0
estimators,ls,total_bits,-4.0,1572864.0
estimators,ls,total_bits,-3.5,1572864.0
estimators,ls,total_bits,-3.0,1572864.0
estimators,ls,total_bits,-2.5,1671168.0
estimators,ls,total_bits,-2.0,2064384.0
estimators,ls,total_bits,-1.5,2654208.0
estimators,ls,total_bits,-1.0,3833856.0
estimators,ls,total_bits,-0.5,5799936.0
estimators,ls,total_bits,0.0,9142272.0
estimators,ls,total_bits,0.5,12582912.0
estimators,ls,total_bits,1.0,12582912.0
estimators,ls,total_bits,1.5,12582912.0
estimators,ls,total_bits,2.0,12582912.0
estimators,ls,total_bits,2.5,12582912.0
estimators,ls,total_bits,3.0,12582912.0
estimators,ls,total_bits,3.5,12582912.0
estimators,ls,total_bits,4.0,12582912.0
estimators,ls,total_bits,4.5,12582912.0
estimators,ls,total_bits,5.0,12582912.0
estimators,ls,total_bits,5.5,12582912.0
estimators,ls,total_bits,6.0,12582912.0
estimators,ls,total_bits,6.5,12582912.0
estimators,ls,total_bits,7.0,12582912.0
estimators,ls,total_bits,7.5,12582912.0
estimators,ls,total_bits,8.0,12582912.0
estimators,ls,total_bits,8.5,12582912.0
estimators,ls,total_bits,9.0,12582912.0
estimators,ls,total_bits,9.5,12582912.0
estimators,ls,total_bits,10.0,12582912.0
estimators,ls,block_errors,-5.0,1024.0
estimators,ls,block_errors,-4.5,1024.0
estimators,ls,block_errors,-4.0,1024.0
estimators,ls,block_errors,-3.5,1024.0
estimators,ls,block_errors,-3.0,1021.0
estimators,ls,block_errors,-2.5,1022.0
estimators,ls,block_errors,-2.0,1012.0
estimators,ls,block_errors,-1.5,1041.0
estimators,ls,block_errors,-1.0,1002.0
estimators,ls,block_errors,-0.5,1003.0
estimators,ls,block_errors,0.0,1001.0
estimators,ls,block_errors,0.5,874.0
estimators,ls,block_errors,1.0,668.0
estimators,ls,block_errors,1.5,372.0
estimators,ls,block_errors,2.0,211.0
estimators,ls,block_errors,2.5,169.0
estimators,ls,block_errors,3.0,110.0
estimators,ls,block_errors,3.5,67.0
estimators,ls,block_errors,4.0,40.0
estimators,ls,block_errors,4.5,47.0
estimators,ls,block_errors,5.0,29.0
estimators,ls,block_errors,5.5,26.0
estimators,ls,block_errors,6.0,25.0
estimators,ls,block_errors,6.5,18.0
estimators,ls,block_errors,7.0,14.0
estimators,ls,block_errors,7.5,12.0
estimators,ls,block_errors,8.0,9.0
estimators,ls,block_errors,8.5,13.0
estimators,ls,block_errors,9.0,19.0
estimators,ls,block_errors,9.5,12.0
estimators,ls,block_errors,10.0,5.0
estimators,ls,total_blocks,-5.0,1024.0
estimators,ls,total_blocks,-4.5,1024.0
estimators,ls,total_blocks,-4.0,1024.0
estimators,ls,total_blocks,-3.5,1024.0
estimators,ls,total_blocks,-3.0,1024.0
estimators,ls,total_blocks,-2.5,1088.0
estimators,ls,total_blocks,-2.0,1344.0
estimators,ls,total_blocks,-1.5,1728.0
estimators,ls,total_blocks,-1.0,2496.0
estimators,ls,total_blocks,-0.5,3776.0
estimators,ls,total_blocks,0.0,5952.0
estimators,ls,total_blocks,0.5,8192.0
estimators,ls,total_blocks,1.0,8192.0
estimators,ls,total_blocks,1.5,8192.0
estimators,ls,total_blocks,2.0,8192.0
estimators,ls,total_blocks,2.5,8192.0
estimators,ls,total_blocks,3.0,8192.0
estimators,ls,total_blocks,3.5,8192.0
estimators,ls,total_blocks,4.0,8192.0
estimators,ls,total_blocks,4.5,8192.0
estimators,ls,total_blocks,5.0,8192.0
estimators,ls,total_blocks,5.5,8192.0
estimators,ls,total_blocks,6.0,8192.0
estimators,ls,total_blocks,6.5,8192.0
estimators,ls,total_blocks,7.0,8192.0
estimators,ls,total_blocks,7.5,8192.0
estimators,ls,total_blocks,8.0,8192.0
estimators,ls,total_blocks,8.5,8192.0
estimators,ls,total_blocks,9.0,8192.0
estimators,ls,total_blocks,9.5,8192.0
estimators,ls,total_blocks,10.0,8192.0
estimators,ls,num_batches,-5.0,16.0
estimators,ls,num_batches,-4.5,16.0
estimators,ls,num_batches,-4.0,16.0
estimators,ls,num_batches,-3.5,16.0
estimators,ls,num_batches,-3.0,16.0
estimators,ls,num_batches,-2.5,17.0
estimators,ls,num_batches,-2.0,21.0
estimators,ls,num_batches,-1.5,27.0
estimators,ls,num_batches,-1.0,39.0
estimators,ls,num_batches,-0.5,59.0
estimators,ls,num_batches,0.0,93.0
estimators,ls,num_batches,0.5,128.0
estimators,ls,num_batches,1.0,128.0
estimators,ls,num_batches,1.5,128.0
estimators,ls,num_batches,2.0,128.0
estimators,ls,num_batches,2.5,128.0
estimators,ls,num_batches,3.0,128.0
estimators,ls,num_batches,3.5,128.0
estimators,ls,num_batches,4.0,128.0
estimators,ls,num_batches,4.5,128.0
estimators,ls,num_batches,5.0,128.0
estimators,ls,num_batches,5.5,128.0
estimators,ls,num_batches,6.0,128.0
estimators,ls,num_batches,6.5,128.0
estimators,ls,num_batches,7.0,128.0
estimators,ls,num_batches,7.5,128.0
estimators,ls,num_batches,8.0,128.0
estimators,ls,num_batches,8.5,128.0
estimators,ls,num_batches,9.0,128.0
estimators,ls,num_batches,9.5,128.0
estimators,ls,num_batches,10.0,128.0
estimators,ls,stop_reason,-5.0,target_block_errors
estimators,ls,stop_reason,-4.5,target_block_errors
estimators,ls,stop_reason,-4.0,target_block_errors
estimators,ls,stop_reason,-3.5,target_block_errors
estimators,ls,stop_reason,-3.0,target_block_errors
estimators,ls,stop_reason,-2.5,target_block_errors
estimators,ls,stop_reason,-2.0,target_block_errors
estimators,ls,stop_reason,-1.5,target_block_errors
estimators,ls,stop_reason,-1.0,target_block_errors
estimators,ls,stop_reason,-0.5,target_block_errors
estimators,ls,stop_reason,0.0,target_block_errors
estimators,ls,stop_reason,0.5,max_batches
estimators,ls,stop_reason,1.0,max_batches
estimators,ls,stop_reason,1.5,max_batches
estimators,ls,stop_reason,2.0,max_batches
estimators,ls,stop_reason,2.5,max_batches
estimators,ls,stop_reason,3.0,max_batches
estimators,ls,stop_reason,3.5,max_batches
estimators,ls,stop_reason,4.0,max_batches
estimators,ls,stop_reason,4.5,max_batches
estimators,ls,stop_reason,5.0,max_batches
estimators,ls,stop_reason,5.5,max_batches
estimators,ls,stop_reason,6.0,max_batches
estimators,ls,stop_reason,6.5,max_batches
estimators,ls,stop_reason,7.0,max_batches
estimators,ls,stop_reason,7.5,max_batches
estimators,ls,stop_reason,8.0,max_batches
estimators,ls,stop_reason,8.5,max_batches
estimators,ls,stop_reason,9.0,max_batches
estimators,ls,stop_reason,9.5,max_batches
estimators,ls,stop_reason,10.0,max_batches
estimators,ls,point_status,-5.0,resolved
estimators,ls,point_status,-4.5,resolved
estimators,ls,point_status,-4.0,resolved
estimators,ls,point_status,-3.5,resolved
estimators,ls,point_status,-3.0,resolved
estimators,ls,point_status,-2.5,resolved
estimators,ls,point_status,-2.0,resolved
estimators,ls,point_status,-1.5,resolved
estimators,ls,point_status,-1.0,resolved
estimators,ls,point_status,-0.5,resolved
estimators,ls,point_status,0.0,resolved
estimators,ls,point_status,0.5,resolved
estimators,ls,point_status,1.0,resolved
estimators,ls,point_status,1.5,resolved
estimators,ls,point_status,2.0,resolved
estimators,ls,point_status,2.5,resolved
estimators,ls,point_status,3.0,resolved
estimators,ls,point_status,3.5,resolved
estimators,ls,point_status,4.0,resolved
estimators,ls,point_status,4.5,resolved
estimators,ls,point_status,5.0,resolved
estimators,ls,point_status,5.5,resolved
estimators,ls,point_status,6.0,resolved
estimators,ls,point_status,6.5,resolved
estimators,ls,point_status,7.0,resolved
estimators,ls,point_status,7.5,resolved
estimators,ls,point_status,8.0,resolved
estimators,ls,point_status,8.5,resolved
estimators,ls,point_status,9.0,resolved
estimators,ls,point_status,9.5,resolved
estimators,ls,point_status,10.0,resolved
estimators,ls,runtime_total_sec,,1723.2212733005144
estimators,dft,ber,-5.0,0.24774551391601562
estimators,dft,ber,-4.5,0.22887166341145834
estimators,dft,ber,-4.0,0.20213635762532553
estimators,dft,ber,-3.5,0.16832252785011573
estimators,dft,ber,-3.0,0.12715657552083334
estimators,dft,ber,-2.5,0.08708699544270833
estimators,dft,ber,-2.0,0.05573385076005329
estimators,dft,ber,-1.5,0.04004173948053728
estimators,dft,ber,-1.0,0.022444356282552085
estimators,dft,ber,-0.5,0.013698339462280273
estimators,dft,ber,0.0,0.008701721827189127
estimators,dft,ber,0.5,0.0056972503662109375
estimators,dft,ber,1.0,0.004594643910725911
estimators,dft,ber,1.5,0.002417405446370443
estimators,dft,ber,2.0,0.0012688636779785156
estimators,dft,ber,2.5,0.001095136006673177
estimators,dft,ber,3.0,0.000847021738688151
estimators,dft,ber,3.5,0.00040141741434733075
estimators,dft,ber,4.0,0.00030732154846191406
estimators,dft,ber,4.5,0.0003096262613932292
estimators,dft,ber,5.0,0.00018676122029622397
estimators,dft,ber,5.5,0.00012350082397460938
estimators,dft,ber,6.0,0.00010728836059570312
estimators,dft,ber,6.5,0.00014821688334147135
estimators,dft,ber,7.0,6.000200907389323e-05
estimators,dft,ber,7.5,1.5894571940104166e-07
estimators,dft,ber,8.0,0.0
estimators,dft,ber,8.5,2.1537144978841145e-05
estimators,dft,ber,9.0,0.00016419092814127603
estimators,dft,ber,9.5,4.657109578450521e-05
estimators,dft,ber,10.0,0.0
estimators,dft,ber_upper_confidence,-5.0,0.248312143724224
estimators,dft,ber_upper_confidence,-4.5,0.229423116084329
estimators,dft,ber_upper_confidence,-4.0,0.20266357573931018
estimators,dft,ber_upper_confidence,-3.5,0.16878568644013484
estimators,dft,ber_upper_confidence,-3.0,0.1275384544856359
estimators,dft,ber_upper_confidence,-2.5,0.08736694792654415
estimators,dft,ber_upper_confidence,-2.0,0.05591766827725372
estimators,dft,ber_upper_confidence,-1.5,0.040178196146858296
estimators,dft,ber_upper_confidence,-1.0,0.022522195861791314
estimators,dft,ber_upper_confidence,-0.5,0.013752342477504046
estimators,dft,ber_upper_confidence,0.0,0.008744894275420955
estimators,dft,ber_upper_confidence,0.5,0.005732257066893072
estimators,dft,ber_upper_confidence,1.0,0.004626109636975805
estimators,dft,ber_upper_confidence,1.5,0.0024402838808970763
estimators,dft,ber_upper_confidence,2.0,0.001285478271842999
estimators,dft,ber_upper_confidence,2.5,0.0011105803832601154
estimators,dft,ber_upper_confidence,3.0,0.0008606191179214582
estimators,dft,ber_upper_confidence,3.5,0.0004108139998362499
estimators,dft,ber_upper_confidence,4.0,0.0003155573773105667
estimators,dft,ber_upper_confidence,4.5,0.00031789249692286496
estimators,dft,ber_upper_confidence,5.0,0.00019320595392228858
estimators,dft,ber_upper_confidence,5.5,0.00012876224412251226
estimators,dft,ber_upper_confidence,6.0,0.00011219979494783678
estimators,dft,ber_upper_confidence,6.5,0.00015397024454039975
estimators,dft,ber_upper_confidence,7.0,6.370286629766843e-05
estimators,dft,ber_upper_confidence,7.5,4.803097593473491e-07
estimators,dft,ber_upper_confidence,8.0,2.3807941067647855e-07
estimators,dft,ber_upper_confidence,8.5,2.3799252083144632e-05
estimators,dft,ber_upper_confidence,9.0,0.00017024059232314122
estimators,dft,ber_upper_confidence,9.5,4.9844771509003804e-05
estimators,dft,ber_upper_confidence,10.0,2.3807941067647855e-07
estimators,dft,latency_ms,-5.0,695.0987020828999
estimators,dft,latency_ms,-4.5,680.2505208362655
estimators,dft,latency_ms,-4.0,687.696345827275
estimators,dft,latency_ms,-3.5,679.0382944412854
estimators,dft,latency_ms,-3.0,674.061592855228
estimators,dft,latency_ms,-2.5,671.239172618838
estimators,dft,latency_ms,-2.0,618.7374600794925
estimators,dft,latency_ms,-1.5,588.0898078970848
estimators,dft,latency_ms,-1.0,573.2776433322894
estimators,dft,latency_ms,-0.5,551.4729427074188
estimators,dft,latency_ms,0.0,554.6101239582684
estimators,dft,latency_ms,0.5,557.7900473976159
estimators,dft,latency_ms,1.0,556.935566146335
estimators,dft,latency_ms,1.5,554.900105208303
estimators,dft,latency_ms,2.0,554.942725519736
estimators,dft,latency_ms,2.5,553.5102684893035
estimators,dft,latency_ms,3.0,554.866280207675
estimators,dft,latency_ms,3.5,558.2483770844236
estimators,dft,latency_ms,4.0,555.1773669293697
estimators,dft,latency_ms,4.5,554.9932067712278
estimators,dft,latency_ms,5.0,555.9815630205366
estimators,dft,latency_ms,5.5,554.1548270831798
estimators,dft,latency_ms,6.0,556.06355208502
estimators,dft,latency_ms,6.5,556.5313669257238
estimators,dft,latency_ms,7.0,557.5759348950259
estimators,dft,latency_ms,7.5,556.3958130195759
estimators,dft,latency_ms,8.0,554.5746458327857
estimators,dft,latency_ms,8.5,552.1087481769472
estimators,dft,latency_ms,9.0,554.622097398037
estimators,dft,latency_ms,9.5,551.780074738558
estimators,dft,latency_ms,10.0,553.3865505200582
estimators,dft,throughput_bits_per_batch,-5.0,73949.625
estimators,dft,throughput_bits_per_batch,-4.5,75805.0
estimators,dft,throughput_bits_per_batch,-4.0,78433.1875
estimators,dft,throughput_bits_per_batch,-3.5,81757.22222222222
estimators,dft,throughput_bits_per_batch,-3.0,85804.0
estimators,dft,throughput_bits_per_batch,-2.5,89743.0
estimators,dft,throughput_bits_per_batch,-2.0,92825.13953488372
estimators,dft,throughput_bits_per_batch,-1.5,94367.73684210527
estimators,dft,throughput_bits_per_batch,-1.0,96097.63
estimators,dft,throughput_bits_per_batch,-0.5,96957.3984375
estimators,dft,throughput_bits_per_batch,0.0,97448.5859375
estimators,dft,throughput_bits_per_batch,0.5,97743.9375
estimators,dft,throughput_bits_per_batch,1.0,97852.328125
estimators,dft,throughput_bits_per_batch,1.5,98066.359375
estimators,dft,throughput_bits_per_batch,2.0,98179.265625
estimators,dft,throughput_bits_per_batch,2.5,98196.34375
estimators,dft,throughput_bits_per_batch,3.0,98220.734375
estimators,dft,throughput_bits_per_batch,3.5,98264.5390625
estimators,dft,throughput_bits_per_batch,4.0,98273.7890625
estimators,dft,throughput_bits_per_batch,4.5,98273.5625
estimators,dft,throughput_bits_per_batch,5.0,98285.640625
estimators,dft,throughput_bits_per_batch,5.5,98291.859375
estimators,dft,throughput_bits_per_batch,6.0,98293.453125
estimators,dft,throughput_bits_per_batch,6.5,98289.4296875
estimators,dft,throughput_bits_per_batch,7.0,98298.1015625
estimators,dft,throughput_bits_per_batch,7.5,98303.984375
estimators,dft,throughput_bits_per_batch,8.0,98304.0
estimators,dft,throughput_bits_per_batch,8.5,98301.8828125
estimators,dft,throughput_bits_per_batch,9.0,98287.859375
estimators,dft,throughput_bits_per_batch,9.5,98299.421875
estimators,dft,throughput_bits_per_batch,10.0,98304.0
estimators,dft,energy_joules_per_batch,-5.0,0.0001864510000000001
estimators,dft,energy_joules_per_batch,-4.5,0.00018645100000000008
estimators,dft,energy_joules_per_batch,-4.0,0.00018645100000000008
estimators,dft,energy_joules_per_batch,-3.5,0.000186451
estimators,dft,energy_joules_per_batch,-3.0,0.0001864510000000001
estimators,dft,energy_joules_per_batch,-2.5,0.00018645100000000002
estimators,dft,energy_joules_per_batch,-2.0,0.000186451
estimators,dft,energy_joules_per_batch,-1.5,0.00018645100000000013
estimators,dft,energy_joules_per_batch,-1.0,0.00018645100000000035
estimators,dft,energy_joules_per_batch,-0.5,0.00018645100000000043
estimators,dft,energy_joules_per_batch,0.0,0.00018645100000000043
estimators,dft,energy_joules_per_batch,0.5,0.00018645100000000043
estimators,dft,energy_joules_per_batch,1.0,0.0001864510000000004
estimators,dft,energy_joules_per_batch,1.5,0.00018645100000000043
estimators,dft,energy_joules_per_batch,2.0,0.00018645100000000043
estimators,dft,energy_joules_per_batch,2.5,0.00018645100000000043
estimators,dft,energy_joules_per_batch,3.0,0.00018645100000000043
estimators,dft,energy_joules_per_batch,3.5,0.00018645100000000043
estimators,dft,energy_joules_per_batch,4.0,0.00018645100000000043
estimators,dft,energy_joules_per_batch,4.5,0.00018645100000000043
estimators,dft,energy_joules_per_batch,5.0,0.00018645100000000043
estimators,dft,energy_joules_per_batch,5.5,0.00018645100000000043
estimators,dft,energy_joules_per_batch,6.0,0.00018645100000000043
estimators,dft,energy_joules_per_batch,6.5,0.00018645100000000043
estimators,dft,energy_joules_per_batch,7.0,0.00018645100000000043
estimators,dft,energy_joules_per_batch,7.5,0.00018645100000000043
estimators,dft,energy_joules_per_batch,8.0,0.00018645100000000043
estimators,dft,energy_joules_per_batch,8.5,0.00018645100000000043
estimators,dft,energy_joules_per_batch,9.0,0.00018645100000000043
estimators,dft,energy_joules_per_batch,9.5,0.00018645100000000043
estimators,dft,energy_joules_per_batch,10.0,0.00018645100000000043
estimators,dft,avg_power_w,-5.0,0.00026823672586539127
estimators,dft,avg_power_w,-4.5,0.00027409166812659936
estimators,dft,avg_power_w,-4.0,0.00027112402317000235
estimators,dft,avg_power_w,-3.5,0.00027458097949160937
estimators,dft,avg_power_w,-3.0,0.0002766082535725266
estimators,dft,avg_power_w,-2.5,0.0002777713333871173
estimators,dft,avg_power_w,-2.0,0.00030134105663498316
estimators,dft,avg_power_w,-1.5,0.00031704511368207364
estimators,dft,avg_power_w,-1.0,0.0003252368240216331
estimators,dft,avg_power_w,-0.5,0.0003380963698502268
estimators,dft,avg_power_w,0.0,0.0003361839100038316
estimators,dft,avg_power_w,0.5,0.00033426734820725547
estimators,dft,avg_power_w,1.0,0.00033478019960213914
estimators,dft,avg_power_w,1.5,0.00033600822607523004
estimators,dft,avg_power_w,2.0,0.0003359824202135063
estimators,dft,avg_power_w,2.5,0.00033685192599747324
estimators,dft,avg_power_w,3.0,0.00033602870934996385
estimators,dft,avg_power_w,3.5,0.0003339929100623315
estimators,dft,avg_power_w,4.0,0.00033584041984860115
estimators,dft,avg_power_w,4.5,0.000335951859815929
estimators,dft,avg_power_w,5.0,0.00033535464555164285
estimators,dft,avg_power_w,5.5,0.0003364601206875596
estimators,dft,avg_power_w,6.0,0.0003353051990206558
estimators,dft,avg_power_w,6.5,0.00033502334473967696
estimators,dft,avg_power_w,7.0,0.00033439570887345296
estimators,dft,avg_power_w,7.5,0.00033510496599197166
estimators,dft,avg_power_w,8.0,0.0003362054168921
estimators,dft,avg_power_w,8.5,0.00033770701988631435
estimators,dft,avg_power_w,9.0,0.00033617665230923835
estimators,dft,avg_power_w,9.5,0.0003379081785226547
estimators,dft,avg_power_w,10.0,0.00033692723436227107
estimators,dft,runtime_sec,-5.0,11.750393099995563
estimators,dft,runtime_sec,-4.5,11.497047999961069
estimators,dft,runtime_sec,-4.0,11.613549200017587
estimators,dft,runtime_sec,-3.5,12.890909400040982
estimators,dft,runtime_sec,-3.0,14.967241899983492
estimators,dft,runtime_sec,-2.5,19.856837300001644
estimators,dft,runtime_sec,-2.0,28.141360600071494
estimators,dft,runtime_sec,-1.5,35.45726199998171
estimators,dft,runtime_sec,-1.0,60.70220139983576
estimators,dft,runtime_sec,-0.5,74.65338860012707
estimators,dft,runtime_sec,0.0,75.10060429997975
estimators,dft,runtime_sec,0.5,75.46612870015088
estimators,dft,runtime_sec,1.0,75.37579370001913
estimators,dft,runtime_sec,1.5,75.09261010005139
estimators,dft,runtime_sec,2.0,75.12465579979471
estimators,dft,runtime_sec,2.5,74.90134890019544
estimators,dft,runtime_sec,3.0,75.1056629998784
estimators,dft,runtime_sec,3.5,75.54006659984589
estimators,dft,runtime_sec,4.0,75.15393659984693
estimators,dft,runtime_sec,4.5,75.12708059998113
estimators,dft,runtime_sec,5.0,75.25207609997597
estimators,dft,runtime_sec,5.5,75.04028030022164
estimators,dft,runtime_sec,6.0,75.25742240011459
estimators,dft,runtime_sec,6.5,75.31964399985736
estimators,dft,runtime_sec,7.0,75.5122106000781
estimators,dft,runtime_sec,7.5,75.30761669992353
estimators,dft,runtime_sec,8.0,75.08816690000822
estimators,dft,runtime_sec,8.5,74.74175850005122
estimators,dft,runtime_sec,9.0,75.05942550004693
estimators,dft,runtime_sec,9.5,74.6862228999671
estimators,dft,runtime_sec,10.0,74.90554849986802
estimators,dft,bit_errors,-5.0,389670.0
estimators,dft,bit_errors,-4.5,359984.0
estimators,dft,bit_errors,-4.0,317933.0
estimators,dft,bit_errors,-3.5,297842.0
estimators,dft,bit_errors,-3.0,262500.0
estimators,dft,bit_errors,-2.5,239708.0
estimators,dft,bit_errors,-2.0,235591.0
estimators,dft,bit_errors,-1.5,224367.0
estimators,dft,bit_errors,-1.0,220637.0
estimators,dft,bit_errors,-0.5,172365.0
estimators,dft,bit_errors,0.0,109493.0
estimators,dft,bit_errors,0.5,71688.0
estimators,dft,bit_errors,1.0,57814.0
estimators,dft,bit_errors,1.5,30418.0
estimators,dft,bit_errors,2.0,15966.0
estimators,dft,bit_errors,2.5,13780.0
estimators,dft,bit_errors,3.0,10658.0
estimators,dft,bit_errors,3.5,5051.0
estimators,dft,bit_errors,4.0,3867.0
estimators,dft,bit_errors,4.5,3896.0
estimators,dft,bit_errors,5.0,2350.0
estimators,dft,bit_errors,5.5,1554.0
estimators,dft,bit_errors,6.0,1350.0
estimators,dft,bit_errors,6.5,1865.0
estimators,dft,bit_errors,7.0,755.0
estimators,dft,bit_errors,7.5,2.0
estimators,dft,bit_errors,8.0,0.0
estimators,dft,bit_errors,8.5,271.0
estimators,dft,bit_errors,9.0,2066.0
estimators,dft,bit_errors,9.5,586.0
estimators,dft,bit_errors,10.0,0.0
estimators,dft,total_bits,-5.0,1572864.0
estimators,dft,total_bits,-4.5,1572864.0
estimators,dft,total_bits,-4.0,1572864.0
estimators,dft,total_bits,-3.5,1769472.0
estimators,dft,total_bits,-3.0,2064384.0
estimators,dft,total_bits,-2.5,2752512.0
estimators,dft,total_bits,-2.0,4227072.0
estimators,dft,total_bits,-1.5,5603328.0
estimators,dft,total_bits,-1.0,9830400.0
estimators,dft,total_bits,-0.5,12582912.0
estimators,dft,total_bits,0.0,12582912.0
estimators,dft,total_bits,0.5,12582912.0
estimators,dft,total_bits,1.0,12582912.0
estimators,dft,total_bits,1.5,12582912.0
estimators,dft,total_bits,2.0,12582912.0
estimators,dft,total_bits,2.5,12582912.0
estimators,dft,total_bits,3.0,12582912.0
estimators,dft,total_bits,3.5,12582912.0
estimators,dft,total_bits,4.0,12582912.0
estimators,dft,total_bits,4.5,12582912.0
estimators,dft,total_bits,5.0,12582912.0
estimators,dft,total_bits,5.5,12582912.0
estimators,dft,total_bits,6.0,12582912.0
estimators,dft,total_bits,6.5,12582912.0
estimators,dft,total_bits,7.0,12582912.0
estimators,dft,total_bits,7.5,12582912.0
estimators,dft,total_bits,8.0,12582912.0
estimators,dft,total_bits,8.5,12582912.0
estimators,dft,total_bits,9.0,12582912.0
estimators,dft,total_bits,9.5,12582912.0
estimators,dft,total_bits,10.0,12582912.0
estimators,dft,block_errors,-5.0,1024.0
estimators,dft,block_errors,-4.5,1024.0
estimators,dft,block_errors,-4.0,1004.0
estimators,dft,block_errors,-3.5,1043.0
estimators,dft,block_errors,-3.0,1017.0
estimators,dft,block_errors,-2.5,1012.0
estimators,dft,block_errors,-2.0,1022.0
estimators,dft,block_errors,-1.5,1000.0
estimators,dft,block_errors,-1.0,1002.0
estimators,dft,block_errors,-0.5,790.0
estimators,dft,block_errors,0.0,489.0
estimators,dft,block_errors,0.5,309.0
estimators,dft,block_errors,1.0,264.0
estimators,dft,block_errors,1.5,140.0
estimators,dft,block_errors,2.0,74.0
estimators,dft,block_errors,2.5,55.0
estimators,dft,block_errors,3.0,44.0
estimators,dft,block_errors,3.5,21.0
estimators,dft,block_errors,4.0,16.0
estimators,dft,block_errors,4.5,15.0
estimators,dft,block_errors,5.0,8.0
estimators,dft,block_errors,5.5,5.0
estimators,dft,block_errors,6.0,8.0
estimators,dft,block_errors,6.5,6.0
estimators,dft,block_errors,7.0,2.0
estimators,dft,block_errors,7.5,1.0
estimators,dft,block_errors,8.0,0.0
estimators,dft,block_errors,8.5,1.0
estimators,dft,block_errors,9.0,6.0
estimators,dft,block_errors,9.5,2.0
estimators,dft,block_errors,10.0,0.0
estimators,dft,total_blocks,-5.0,1024.0
estimators,dft,total_blocks,-4.5,1024.0
estimators,dft,total_blocks,-4.0,1024.0
estimators,dft,total_blocks,-3.5,1152.0
estimators,dft,total_blocks,-3.0,1344.0
estimators,dft,total_blocks,-2.5,1792.0
estimators,dft,total_blocks,-2.0,2752.0
estimators,dft,total_blocks,-1.5,3648.0
estimators,dft,total_blocks,-1.0,6400.0
estimators,dft,total_blocks,-0.5,8192.0
estimators,dft,total_blocks,0.0,8192.0
estimators,dft,total_blocks,0.5,8192.0
estimators,dft,total_blocks,1.0,8192.0
estimators,dft,total_blocks,1.5,8192.0
estimators,dft,total_blocks,2.0,8192.0
estimators,dft,total_blocks,2.5,8192.0
estimators,dft,total_blocks,3.0,8192.0
estimators,dft,total_blocks,3.5,8192.0
estimators,dft,total_blocks,4.0,8192.0
estimators,dft,total_blocks,4.5,8192.0
estimators,dft,total_blocks,5.0,8192.0
estimators,dft,total_blocks,5.5,8192.0
estimators,dft,total_blocks,6.0,8192.0
estimators,dft,total_blocks,6.5,8192.0
estimators,dft,total_blocks,7.0,8192.0
estimators,dft,total_blocks,7.5,8192.0
estimators,dft,total_blocks,8.0,8192.0
estimators,dft,total_blocks,8.5,8192.0
estimators,dft,total_blocks,9.0,8192.0
estimators,dft,total_blocks,9.5,8192.0
estimators,dft,total_blocks,10.0,8192.0
estimators,dft,num_batches,-5.0,16.0
estimators,dft,num_batches,-4.5,16.0
estimators,dft,num_batches,-4.0,16.0
estimators,dft,num_batches,-3.5,18.0
estimators,dft,num_batches,-3.0,21.0
estimators,dft,num_batches,-2.5,28.0
estimators,dft,num_batches,-2.0,43.0
estimators,dft,num_batches,-1.5,57.0
estimators,dft,num_batches,-1.0,100.0
estimators,dft,num_batches,-0.5,128.0
estimators,dft,num_batches,0.0,128.0
estimators,dft,num_batches,0.5,128.0
estimators,dft,num_batches,1.0,128.0
estimators,dft,num_batches,1.5,128.0
estimators,dft,num_batches,2.0,128.0
estimators,dft,num_batches,2.5,128.0
estimators,dft,num_batches,3.0,128.0
estimators,dft,num_batches,3.5,128.0
estimators,dft,num_batches,4.0,128.0
estimators,dft,num_batches,4.5,128.0
estimators,dft,num_batches,5.0,128.0
estimators,dft,num_batches,5.5,128.0
estimators,dft,num_batches,6.0,128.0
estimators,dft,num_batches,6.5,128.0
estimators,dft,num_batches,7.0,128.0
estimators,dft,num_batches,7.5,128.0
estimators,dft,num_batches,8.0,128.0
estimators,dft,num_batches,8.5,128.0
estimators,dft,num_batches,9.0,128.0
estimators,dft,num_batches,9.5,128.0
estimators,dft,num_batches,10.0,128.0
estimators,dft,stop_reason,-5.0,target_block_errors
estimators,dft,stop_reason,-4.5,target_block_errors
estimators,dft,stop_reason,-4.0,target_block_errors
estimators,dft,stop_reason,-3.5,target_block_errors
estimators,dft,stop_reason,-3.0,target_block_errors
estimators,dft,stop_reason,-2.5,target_block_errors
estimators,dft,stop_reason,-2.0,target_block_errors
estimators,dft,stop_reason,-1.5,target_block_errors
estimators,dft,stop_reason,-1.0,target_block_errors
estimators,dft,stop_reason,-0.5,max_batches
estimators,dft,stop_reason,0.0,max_batches
estimators,dft,stop_reason,0.5,max_batches
estimators,dft,stop_reason,1.0,max_batches
estimators,dft,stop_reason,1.5,max_batches
estimators,dft,stop_reason,2.0,max_batches
estimators,dft,stop_reason,2.5,max_batches
estimators,dft,stop_reason,3.0,max_batches
estimators,dft,stop_reason,3.5,max_batches
estimators,dft,stop_reason,4.0,max_batches
estimators,dft,stop_reason,4.5,max_batches
estimators,dft,stop_reason,5.0,max_batches
estimators,dft,stop_reason,5.5,max_batches
estimators,dft,stop_reason,6.0,max_batches
estimators,dft,stop_reason,6.5,max_batches
estimators,dft,stop_reason,7.0,max_batches
estimators,dft,stop_reason,7.5,max_batches
estimators,dft,stop_reason,8.0,max_batches
estimators,dft,stop_reason,8.5,max_batches
estimators,dft,stop_reason,9.0,max_batches
estimators,dft,stop_reason,9.5,max_batches
estimators,dft,stop_reason,10.0,max_batches
estimators,dft,point_status,-5.0,resolved
estimators,dft,point_status,-4.5,resolved
estimators,dft,point_status,-4.0,resolved
estimators,dft,point_status,-3.5,resolved
estimators,dft,point_status,-3.0,resolved
estimators,dft,point_status,-2.5,resolved
estimators,dft,point_status,-2.0,resolved
estimators,dft,point_status,-1.5,resolved
estimators,dft,point_status,-1.0,resolved
estimators,dft,point_status,-0.5,resolved
estimators,dft,point_status,0.0,resolved
estimators,dft,point_status,0.5,resolved
estimators,dft,point_status,1.0,resolved
estimators,dft,point_status,1.5,resolved
estimators,dft,point_status,2.0,resolved
estimators,dft,point_status,2.5,resolved
estimators,dft,point_status,3.0,resolved
estimators,dft,point_status,3.5,resolved
estimators,dft,point_status,4.0,resolved
estimators,dft,point_status,4.5,resolved
estimators,dft,point_status,5.0,resolved
estimators,dft,point_status,5.5,resolved
estimators,dft,point_status,6.0,resolved
estimators,dft,point_status,6.5,resolved
estimators,dft,point_status,7.0,resolved
estimators,dft,point_status,7.5,upper_bound_only
estimators,dft,point_status,8.0,upper_bound_only
estimators,dft,point_status,8.5,resolved
estimators,dft,point_status,9.0,resolved
estimators,dft,point_status,9.5,resolved
estimators,dft,point_status,10.0,upper_bound_only
estimators,dft,runtime_total_sec,,1859.6884521998727
estimators,lmmse,ber,-5.0,0.15186082271107457
estimators,lmmse,ber,-4.5,0.11879845821496213
estimators,lmmse,ber,-4.0,0.08479672386532738
estimators,lmmse,ber,-3.5,0.06117509721635698
estimators,lmmse,ber,-3.0,0.045157638250612746
estimators,lmmse,ber,-2.5,0.029284125434027777
estimators,lmmse,ber,-2.0,0.020543939227998444
estimators,lmmse,ber,-1.5,0.01498087247212728
estimators,lmmse,ber,-1.0,0.009668191274007162
estimators,lmmse,ber,-0.5,0.006013790766398112
estimators,lmmse,ber,0.0,0.004802544911702474
estimators,lmmse,ber,0.5,0.0030394395192464194
estimators,lmmse,ber,1.0,0.0027229785919189453
estimators,lmmse,ber,1.5,0.0015834967295328777
estimators,lmmse,ber,2.0,0.0007804234822591146
estimators,lmmse,ber,2.5,0.0009172757466634115
estimators,lmmse,ber,3.0,0.0006077289581298828
estimators,lmmse,ber,3.5,0.0004162788391113281
estimators,lmmse,ber,4.0,0.0001961390177408854
estimators,lmmse,ber,4.5,0.0003495216369628906
estimators,lmmse,ber,5.0,0.00031908353169759113
estimators,lmmse,ber,5.5,0.0002036889394124349
estimators,lmmse,ber,6.0,0.00020686785380045572
estimators,lmmse,ber,6.5,0.00016395250956217447
estimators,lmmse,ber,7.0,0.00011356671651204427
estimators,lmmse,ber,7.5,0.00015616416931152344
estimators,lmmse,ber,8.0,0.0001342296600341797
estimators,lmmse,ber,8.5,0.00017627080281575522
estimators,lmmse,ber,9.0,0.00023134549458821615
estimators,lmmse,ber,9.5,0.00012699762980143228
estimators,lmmse,ber,10.0,1.7484029134114583e-06
estimators,lmmse,ber_upper_confidence,-5.0,0.15229326487006875
estimators,lmmse,ber_upper_confidence,-4.5,0.11916082249363079
estimators,lmmse,ber_upper_confidence,-4.0,0.08507332406708128
estimators,lmmse,ber_upper_confidence,-3.5,0.061382114275338046
estimators,lmmse,ber_upper_confidence,-3.0,0.045310425366718234
estimators,lmmse,ber_upper_confidence,-2.5,0.029386432974841604
estimators,lmmse,ber_upper_confidence,-2.0,0.02061600491463891
estimators,lmmse,ber_upper_confidence,-1.5,0.015037305269177768
estimators,lmmse,ber_upper_confidence,-1.0,0.009713670047398567
estimators,lmmse,ber_upper_confidence,-0.5,0.006049748113928989
estimators,lmmse,ber_upper_confidence,0.0,0.004834708867083505
estimators,lmmse,ber_upper_confidence,0.5,0.003065071987170083
estimators,lmmse,ber_upper_confidence,1.0,0.0027472496304840797
estimators,lmmse,ber_upper_confidence,1.5,0.0016020416691331393
estimators,lmmse,ber_upper_confidence,2.0,0.0007934801496218578
estimators,lmmse,ber_upper_confidence,2.5,0.0009314208887468056
estimators,lmmse,ber_upper_confidence,3.0,0.0006192645604912269
estimators,lmmse,ber_upper_confidence,3.5,0.0004258457191688265
estimators,lmmse,ber_upper_confidence,4.0,0.00020274083136470974
estimators,lmmse,ber_upper_confidence,4.5,0.000358297314086139
estimators,lmmse,ber_upper_confidence,5.0,0.00032747336920477423
estimators,lmmse,ber_upper_confidence,5.5,0.00021041450510222632
estimators,lmmse,ber_upper_confidence,6.0,0.0002136448381381601
estimators,lmmse,ber_upper_confidence,6.5,0.00016999786007680098
estimators,lmmse,ber_upper_confidence,7.0,0.00011861662727707511
estimators,lmmse,ber_upper_confidence,7.5,0.00016206684013222504
estimators,lmmse,ber_upper_confidence,8.0,0.00013971016196894837
estimators,lmmse,ber_upper_confidence,8.5,0.00018253506885315695
estimators,lmmse,ber_upper_confidence,9.0,0.00023850584696085233
estimators,lmmse,ber_upper_confidence,9.5,0.00013233146383480988
estimators,lmmse,ber_upper_confidence,10.0,2.4784014040722e-06
estimators,lmmse,latency_ms,-5.0,670.2869517559582
estimators,lmmse,latency_ms,-4.5,665.6143242389338
estimators,lmmse,latency_ms,-4.0,658.9270119059591
estimators,lmmse,latency_ms,-3.5,640.1813590078373
estimators,lmmse,latency_ms,-3.0,611.7198774503852
estimators,lmmse,latency_ms,-2.5,575.8235819989271
estimators,lmmse,latency_ms,-2.0,564.1203655763497
estimators,lmmse,latency_ms,-1.5,554.3905395815317
estimators,lmmse,latency_ms,-1.0,560.9065583329583
estimators,lmmse,latency_ms,-0.5,552.6915130198221
estimators,lmmse,latency_ms,0.0,553.7783638011705
estimators,lmmse,latency_ms,0.5,558.9853661453208
estimators,lmmse,latency_ms,1.0,557.71086848918
estimators,lmmse,latency_ms,1.5,555.5145130205391
estimators,lmmse,latency_ms,2.0,555.8014895849782
estimators,lmmse,latency_ms,2.5,556.1132458343808
estimators,lmmse,latency_ms,3.0,557.8149450504088
estimators,lmmse,latency_ms,3.5,558.8980809897339
estimators,lmmse,latency_ms,4.0,554.9106114591767
estimators,lmmse,latency_ms,4.5,555.9674809886973
estimators,lmmse,latency_ms,5.0,556.6655809904249
estimators,lmmse,latency_ms,5.5,555.3302348947954
estimators,lmmse,latency_ms,6.0,559.408255209887
estimators,lmmse,latency_ms,6.5,560.0962770851355
estimators,lmmse,latency_ms,7.0,561.654772394745
estimators,lmmse,latency_ms,7.5,559.8222677080274
estimators,lmmse,latency_ms,8.0,553.558771612329
estimators,lmmse,latency_ms,8.5,551.4362380203282
estimators,lmmse,latency_ms,9.0,556.6670255194866
estimators,lmmse,latency_ms,9.5,554.207355208432
estimators,lmmse,latency_ms,10.0,555.4296122385539
estimators,lmmse,throughput_bits_per_batch,-5.0,83375.47368421052
estimators,lmmse,throughput_bits_per_batch,-4.5,86625.63636363637
estimators,lmmse,throughput_bits_per_batch,-4.0,89968.14285714286
estimators,lmmse,throughput_bits_per_batch,-3.5,92290.24324324324
estimators,lmmse,throughput_bits_per_batch,-3.0,93864.82352941176
estimators,lmmse,throughput_bits_per_batch,-2.5,95425.25333333333
estimators,lmmse,throughput_bits_per_batch,-2.0,96284.44859813084
estimators,lmmse,throughput_bits_per_batch,-1.5,96831.3203125
estimators,lmmse,throughput_bits_per_batch,-1.0,97353.578125
estimators,lmmse,throughput_bits_per_batch,-0.5,97712.8203125
estimators,lmmse,throughput_bits_per_batch,0.0,97831.890625
estimators,lmmse,throughput_bits_per_batch,0.5,98005.2109375
estimators,lmmse,throughput_bits_per_batch,1.0,98036.3203125
estimators,lmmse,throughput_bits_per_batch,1.5,98148.3359375
estimators,lmmse,throughput_bits_per_batch,2.0,98227.28125
estimators,lmmse,throughput_bits_per_batch,2.5,98213.828125
estimators,lmmse,throughput_bits_per_batch,3.0,98244.2578125
estimators,lmmse,throughput_bits_per_batch,3.5,98263.078125
estimators,lmmse,throughput_bits_per_batch,4.0,98284.71875
estimators,lmmse,throughput_bits_per_batch,4.5,98269.640625
estimators,lmmse,throughput_bits_per_batch,5.0,98272.6328125
estimators,lmmse,throughput_bits_per_batch,5.5,98283.9765625
estimators,lmmse,throughput_bits_per_batch,6.0,98283.6640625
estimators,lmmse,throughput_bits_per_batch,6.5,98287.8828125
estimators,lmmse,throughput_bits_per_batch,7.0,98292.8359375
estimators,lmmse,throughput_bits_per_batch,7.5,98288.6484375
estimators,lmmse,throughput_bits_per_batch,8.0,98290.8046875
estimators,lmmse,throughput_bits_per_batch,8.5,98286.671875
estimators,lmmse,throughput_bits_per_batch,9.0,98281.2578125
estimators,lmmse,throughput_bits_per_batch,9.5,98291.515625
estimators,lmmse,throughput_bits_per_batch,10.0,98303.828125
estimators,lmmse,energy_joules_per_batch,-5.0,0.00018645100000000008
estimators,lmmse,energy_joules_per_batch,-4.5,0.00018645100000000008
estimators,lmmse,energy_joules_per_batch,-4.0,0.00018645100000000005
estimators,lmmse,energy_joules_per_batch,-3.5,0.0001864509999999999
estimators,lmmse,energy_joules_per_batch,-3.0,0.0001864510000000001
estimators,lmmse,energy_joules_per_batch,-2.5,0.00018645100000000027
estimators,lmmse,energy_joules_per_batch,-2.0,0.00018645100000000037
estimators,lmmse,energy_joules_per_batch,-1.5,0.00018645100000000043
estimators,lmmse,energy_joules_per_batch,-1.0,0.00018645100000000043
estimators,lmmse,energy_joules_per_batch,-0.5,0.00018645100000000043
estimators,lmmse,energy_joules_per_batch,0.0,0.00018645100000000043
estimators,lmmse,energy_joules_per_batch,0.5,0.00018645100000000043
estimators,lmmse,energy_joules_per_batch,1.0,0.00018645100000000043
estimators,lmmse,energy_joules_per_batch,1.5,0.00018645100000000043
estimators,lmmse,energy_joules_per_batch,2.0,0.00018645100000000043
estimators,lmmse,energy_joules_per_batch,2.5,0.00018645100000000043
estimators,lmmse,energy_joules_per_batch,3.0,0.00018645100000000043
estimators,lmmse,energy_joules_per_batch,3.5,0.00018645100000000043
estimators,lmmse,energy_joules_per_batch,4.0,0.00018645100000000043
estimators,lmmse,energy_joules_per_batch,4.5,0.00018645100000000043
estimators,lmmse,energy_joules_per_batch,5.0,0.00018645100000000043
estimators,lmmse,energy_joules_per_batch,5.5,0.00018645100000000043
estimators,lmmse,energy_joules_per_batch,6.0,0.00018645100000000043
estimators,lmmse,energy_joules_per_batch,6.5,0.00018645100000000043
estimators,lmmse,energy_joules_per_batch,7.0,0.00018645100000000043
estimators,lmmse,energy_joules_per_batch,7.5,0.00018645100000000043
estimators,lmmse,energy_joules_per_batch,8.0,0.00018645100000000043
estimators,lmmse,energy_joules_per_batch,8.5,0.00018645100000000043
estimators,lmmse,energy_joules_per_batch,9.0,0.00018645100000000043
estimators,lmmse,energy_joules_per_batch,9.5,0.00018645100000000043
estimators,lmmse,energy_joules_per_batch,10.0,0.00018645100000000043
estimators,lmmse,avg_power_w,-5.0,0.0002781659399926439
estimators,lmmse,avg_power_w,-4.5,0.00028011867114366705
estimators,lmmse,avg_power_w,-4.0,0.0002829615369093565
estimators,lmmse,avg_power_w,-3.5,0.0002912471557887354
estimators,lmmse,avg_power_w,-3.0,0.0003047980078350856
estimators,lmmse,avg_power_w,-2.5,0.00032379882628764527
estimators,lmmse,avg_power_w,-2.0,0.00033051634257080467
estimators,lmmse,avg_power_w,-1.5,0.0003363170665587808
estimators,lmmse,avg_power_w,-1.0,0.00033241009082536296
estimators,lmmse,avg_power_w,-0.5,0.0003373509373814347
estimators,lmmse,avg_power_w,0.0,0.00033668884916374976
estimators,lmmse,avg_power_w,0.5,0.0003335525602141225
estimators,lmmse,avg_power_w,1.0,0.00033431480456009384
estimators,lmmse,avg_power_w,1.5,0.0003356365956781164
estimators,lmmse,avg_power_w,2.0,0.0003354632966875008
estimators,lmmse,avg_power_w,2.5,0.0003352752364678047
estimators,lmmse,avg_power_w,3.0,0.0003342524284342205
estimators,lmmse,avg_power_w,3.5,0.00033360465233629104
estimators,lmmse,avg_power_w,4.0,0.00033600186435381785
estimators,lmmse,avg_power_w,4.5,0.0003353631397081495
estimators,lmmse,avg_power_w,5.0,0.00033494256941171924
estimators,lmmse,avg_power_w,5.5,0.00033574797171870654
estimators,lmmse,avg_power_w,6.0,0.0003333004085362398
estimators,lmmse,avg_power_w,6.5,0.0003328909825473801
estimators,lmmse,avg_power_w,7.0,0.000331967267374981
estimators,lmmse,avg_power_w,7.5,0.000333053918636268
estimators,lmmse,avg_power_w,8.0,0.0003368224108470576
estimators,lmmse,avg_power_w,8.5,0.0003381188742135715
estimators,lmmse,avg_power_w,9.0,0.00033494170024891035
estimators,lmmse,avg_power_w,9.5,0.00033642823078354494
estimators,lmmse,avg_power_w,10.0,0.0003356878997656336
estimators,lmmse,runtime_sec,-5.0,13.647718700012774
estimators,lmmse,runtime_sec,-4.5,15.671363800007384
estimators,lmmse,runtime_sec,-4.0,19.75618660004693
estimators,lmmse,runtime_sec,-3.5,25.40716460008116
estimators,lmmse,runtime_sec,-3.0,33.41713280008116
estimators,lmmse,runtime_sec,-2.5,46.313034999970114
estimators,lmmse,runtime_sec,-2.0,64.74211809987901
estimators,lmmse,runtime_sec,-1.5,76.08605319994967
estimators,lmmse,runtime_sec,-1.0,77.02692199984449
estimators,lmmse,runtime_sec,-0.5,75.87603010024759
estimators,lmmse,runtime_sec,0.0,76.03203060000669
estimators,lmmse,runtime_sec,0.5,76.76710369990906
estimators,lmmse,runtime_sec,1.0,76.53578130013193
estimators,lmmse,runtime_sec,1.5,76.2620042997296
estimators,lmmse,runtime_sec,2.0,76.28869090008084
estimators,lmmse,runtime_sec,2.5,76.3085136001173
estimators,lmmse,runtime_sec,3.0,76.5444122000772
estimators,lmmse,runtime_sec,3.5,76.68026290016132
estimators,lmmse,runtime_sec,4.0,76.17655550007476
estimators,lmmse,runtime_sec,4.5,76.33628520008642
estimators,lmmse,runtime_sec,5.0,76.46008160003112
estimators,lmmse,runtime_sec,5.5,76.21474959986517
estimators,lmmse,runtime_sec,6.0,76.77762579984847
estimators,lmmse,runtime_sec,6.5,76.86379109995323
estimators,lmmse,runtime_sec,7.0,77.06473059995915
estimators,lmmse,runtime_sec,7.5,76.82687160014757
estimators,lmmse,runtime_sec,8.0,75.99072629990405
estimators,lmmse,runtime_sec,8.5,75.68232370002079
estimators,lmmse,runtime_sec,9.0,76.43299819994718
estimators,lmmse,runtime_sec,9.5,76.05738769998425
estimators,lmmse,runtime_sec,10.0,76.25121540011605
estimators,lmmse,bit_errors,-5.0,283642.0
estimators,lmmse,bit_errors,-4.5,256924.0
estimators,lmmse,bit_errors,-4.0,233404.0
estimators,lmmse,bit_errors,-3.5,222509.0
estimators,lmmse,bit_errors,-3.0,226398.0
estimators,lmmse,bit_errors,-2.5,215906.0
estimators,lmmse,bit_errors,-2.0,216092.0
estimators,lmmse,bit_errors,-1.5,188503.0
estimators,lmmse,bit_errors,-1.0,121654.0
estimators,lmmse,bit_errors,-0.5,75671.0
estimators,lmmse,bit_errors,0.0,60430.0
estimators,lmmse,bit_errors,0.5,38245.0
estimators,lmmse,bit_errors,1.0,34263.0
estimators,lmmse,bit_errors,1.5,19925.0
estimators,lmmse,bit_errors,2.0,9820.0
estimators,lmmse,bit_errors,2.5,11542.0
estimators,lmmse,bit_errors,3.0,7647.0
estimators,lmmse,bit_errors,3.5,5238.0
estimators,lmmse,bit_errors,4.0,2468.0
estimators,lmmse,bit_errors,4.5,4398.0
estimators,lmmse,bit_errors,5.0,4015.0
estimators,lmmse,bit_errors,5.5,2563.0
estimators,lmmse,bit_errors,6.0,2603.0
estimators,lmmse,bit_errors,6.5,2063.0
estimators,lmmse,bit_errors,7.0,1429.0
estimators,lmmse,bit_errors,7.5,1965.0
estimators,lmmse,bit_errors,8.0,1689.0
estimators,lmmse,bit_errors,8.5,2218.0
estimators,lmmse,bit_errors,9.0,2911.0
estimators,lmmse,bit_errors,9.5,1598.0
estimators,lmmse,bit_errors,10.0,22.0
estimators,lmmse,total_bits,-5.0,1867776.0
estimators,lmmse,total_bits,-4.5,2162688.0
estimators,lmmse,total_bits,-4.0,2752512.0
estimators,lmmse,total_bits,-3.5,3637248.0
estimators,lmmse,total_bits,-3.0,5013504.0
estimators,lmmse,total_bits,-2.5,7372800.0
estimators,lmmse,total_bits,-2.0,10518528.0
estimators,lmmse,total_bits,-1.5,12582912.0
estimators,lmmse,total_bits,-1.0,12582912.0
estimators,lmmse,total_bits,-0.5,12582912.0
estimators,lmmse,total_bits,0.0,12582912.0
estimators,lmmse,total_bits,0.5,12582912.0
estimators,lmmse,total_bits,1.0,12582912.0
estimators,lmmse,total_bits,1.5,12582912.0
estimators,lmmse,total_bits,2.0,12582912.0
estimators,lmmse,total_bits,2.5,12582912.0
estimators,lmmse,total_bits,3.0,12582912.0
estimators,lmmse,total_bits,3.5,12582912.0
estimators,lmmse,total_bits,4.0,12582912.0
estimators,lmmse,total_bits,4.5,12582912.0
estimators,lmmse,total_bits,5.0,12582912.0
estimators,lmmse,total_bits,5.5,12582912.0
estimators,lmmse,total_bits,6.0,12582912.0
estimators,lmmse,total_bits,6.5,12582912.0
estimators,lmmse,total_bits,7.0,12582912.0
estimators,lmmse,total_bits,7.5,12582912.0
estimators,lmmse,total_bits,8.0,12582912.0
estimators,lmmse,total_bits,8.5,12582912.0
estimators,lmmse,total_bits,9.0,12582912.0
estimators,lmmse,total_bits,9.5,12582912.0
estimators,lmmse,total_bits,10.0,12582912.0
estimators,lmmse,block_errors,-5.0,1038.0
estimators,lmmse,block_errors,-4.5,1017.0
estimators,lmmse,block_errors,-4.0,1002.0
estimators,lmmse,block_errors,-3.5,1023.0
estimators,lmmse,block_errors,-3.0,1018.0
estimators,lmmse,block_errors,-2.5,1004.0
estimators,lmmse,block_errors,-2.0,1004.0
estimators,lmmse,block_errors,-1.5,845.0
estimators,lmmse,block_errors,-1.0,546.0
estimators,lmmse,block_errors,-0.5,342.0
estimators,lmmse,block_errors,0.0,251.0
estimators,lmmse,block_errors,0.5,158.0
estimators,lmmse,block_errors,1.0,137.0
estimators,lmmse,block_errors,1.5,87.0
estimators,lmmse,block_errors,2.0,44.0
estimators,lmmse,block_errors,2.5,38.0
estimators,lmmse,block_errors,3.0,30.0
estimators,lmmse,block_errors,3.5,20.0
estimators,lmmse,block_errors,4.0,13.0
estimators,lmmse,block_errors,4.5,17.0
estimators,lmmse,block_errors,5.0,12.0
estimators,lmmse,block_errors,5.5,9.0
estimators,lmmse,block_errors,6.0,7.0
estimators,lmmse,block_errors,6.5,5.0
estimators,lmmse,block_errors,7.0,3.0
estimators,lmmse,block_errors,7.5,7.0
estimators,lmmse,block_errors,8.0,5.0
estimators,lmmse,block_errors,8.5,6.0
estimators,lmmse,block_errors,9.0,5.0
estimators,lmmse,block_errors,9.5,5.0
estimators,lmmse,block_errors,10.0,2.0
estimators,lmmse,total_blocks,-5.0,1216.0
estimators,lmmse,total_blocks,-4.5,1408.0
estimators,lmmse,total_blocks,-4.0,1792.0
estimators,lmmse,total_blocks,-3.5,2368.0
estimators,lmmse,total_blocks,-3.0,3264.0
estimators,lmmse,total_blocks,-2.5,4800.0
estimators,lmmse,total_blocks,-2.0,6848.0
estimators,lmmse,total_blocks,-1.5,8192.0
estimators,lmmse,total_blocks,-1.0,8192.0
estimators,lmmse,total_blocks,-0.5,8192.0
estimators,lmmse,total_blocks,0.0,8192.0
estimators,lmmse,total_blocks,0.5,8192.0
estimators,lmmse,total_blocks,1.0,8192.0
estimators,lmmse,total_blocks,1.5,8192.0
estimators,lmmse,total_blocks,2.0,8192.0
estimators,lmmse,total_blocks,2.5,8192.0
estimators,lmmse,total_blocks,3.0,8192.0
estimators,lmmse,total_blocks,3.5,8192.0
estimators,lmmse,total_blocks,4.0,8192.0
estimators,lmmse,total_blocks,4.5,8192.0
estimators,lmmse,total_blocks,5.0,8192.0
estimators,lmmse,total_blocks,5.5,8192.0
estimators,lmmse,total_blocks,6.0,8192.0
estimators,lmmse,total_blocks,6.5,8192.0
estimators,lmmse,total_blocks,7.0,8192.0
estimators,lmmse,total_blocks,7.5,8192.0
estimators,lmmse,total_blocks,8.0,8192.0
estimators,lmmse,total_blocks,8.5,8192.0
estimators,lmmse,total_blocks,9.0,8192.0
estimators,lmmse,total_blocks,9.5,8192.0
estimators,lmmse,total_blocks,10.0,8192.0
estimators,lmmse,num_batches,-5.0,19.0
estimators,lmmse,num_batches,-4.5,22.0
estimators,lmmse,num_batches,-4.0,28.0
estimators,lmmse,num_batches,-3.5,37.0
estimators,lmmse,num_batches,-3.0,51.0
estimators,lmmse,num_batches,-2.5,75.0
estimators,lmmse,num_batches,-2.0,107.0
estimators,lmmse,num_batches,-1.5,128.0
estimators,lmmse,num_batches,-1.0,128.0
estimators,lmmse,num_batches,-0.5,128.0
estimators,lmmse,num_batches,0.0,128.0
estimators,lmmse,num_batches,0.5,128.0
estimators,lmmse,num_batches,1.0,128.0
estimators,lmmse,num_batches,1.5,128.0
estimators,lmmse,num_batches,2.0,128.0
estimators,lmmse,num_batches,2.5,128.0
estimators,lmmse,num_batches,3.0,128.0
estimators,lmmse,num_batches,3.5,128.0
estimators,lmmse,num_batches,4.0,128.0
estimators,lmmse,num_batches,4.5,128.0
estimators,lmmse,num_batches,5.0,128.0
estimators,lmmse,num_batches,5.5,128.0
estimators,lmmse,num_batches,6.0,128.0
estimators,lmmse,num_batches,6.5,128.0
estimators,lmmse,num_batches,7.0,128.0
estimators,lmmse,num_batches,7.5,128.0
estimators,lmmse,num_batches,8.0,128.0
estimators,lmmse,num_batches,8.5,128.0
estimators,lmmse,num_batches,9.0,128.0
estimators,lmmse,num_batches,9.5,128.0
estimators,lmmse,num_batches,10.0,128.0
estimators,lmmse,stop_reason,-5.0,target_block_errors
estimators,lmmse,stop_reason,-4.5,target_block_errors
estimators,lmmse,stop_reason,-4.0,target_block_errors
estimators,lmmse,stop_reason,-3.5,target_block_errors
estimators,lmmse,stop_reason,-3.0,target_block_errors
estimators,lmmse,stop_reason,-2.5,target_block_errors
estimators,lmmse,stop_reason,-2.0,target_block_errors
estimators,lmmse,stop_reason,-1.5,max_batches
estimators,lmmse,stop_reason,-1.0,max_batches
estimators,lmmse,stop_reason,-0.5,max_batches
estimators,lmmse,stop_reason,0.0,max_batches
estimators,lmmse,stop_reason,0.5,max_batches
estimators,lmmse,stop_reason,1.0,max_batches
estimators,lmmse,stop_reason,1.5,max_batches
estimators,lmmse,stop_reason,2.0,max_batches
estimators,lmmse,stop_reason,2.5,max_batches
estimators,lmmse,stop_reason,3.0,max_batches
estimators,lmmse,stop_reason,3.5,max_batches
estimators,lmmse,stop_reason,4.0,max_batches
estimators,lmmse,stop_reason,4.5,max_batches
estimators,lmmse,stop_reason,5.0,max_batches
estimators,lmmse,stop_reason,5.5,max_batches
estimators,lmmse,stop_reason,6.0,max_batches
estimators,lmmse,stop_reason,6.5,max_batches
estimators,lmmse,stop_reason,7.0,max_batches
estimators,lmmse,stop_reason,7.5,max_batches
estimators,lmmse,stop_reason,8.0,max_batches
estimators,lmmse,stop_reason,8.5,max_batches
estimators,lmmse,stop_reason,9.0,max_batches
estimators,lmmse,stop_reason,9.5,max_batches
estimators,lmmse,stop_reason,10.0,max_batches
estimators,lmmse,point_status,-5.0,resolved
estimators,lmmse,point_status,-4.5,resolved
estimators,lmmse,point_status,-4.0,resolved
estimators,lmmse,point_status,-3.5,resolved
estimators,lmmse,point_status,-3.0,resolved
estimators,lmmse,point_status,-2.5,resolved
estimators,lmmse,point_status,-2.0,resolved
estimators,lmmse,point_status,-1.5,resolved
estimators,lmmse,point_status,-1.0,resolved
estimators,lmmse,point_status,-0.5,resolved
estimators,lmmse,point_status,0.0,resolved
estimators,lmmse,point_status,0.5,resolved
estimators,lmmse,point_status,1.0,resolved
estimators,lmmse,point_status,1.5,resolved
estimators,lmmse,point_status,2.0,resolved
estimators,lmmse,point_status,2.5,resolved
estimators,lmmse,point_status,3.0,resolved
estimators,lmmse,point_status,3.5,resolved
estimators,lmmse,point_status,4.0,resolved
estimators,lmmse,point_status,4.5,resolved
estimators,lmmse,point_status,5.0,resolved
estimators,lmmse,point_status,5.5,resolved
estimators,lmmse,point_status,6.0,resolved
estimators,lmmse,point_status,6.5,resolved
estimators,lmmse,point_status,7.0,resolved
estimators,lmmse,point_status,7.5,resolved
estimators,lmmse,point_status,8.0,resolved
estimators,lmmse,point_status,8.5,resolved
estimators,lmmse,point_status,9.0,resolved
estimators,lmmse,point_status,9.5,resolved
estimators,lmmse,point_status,10.0,upper_bound_only
estimators,lmmse,runtime_total_sec,,2052.4978667002724
estimators,adaptive,ber,-5.0,0.15186082271107457
estimators,adaptive,ber,-4.5,0.11879845821496213
estimators,adaptive,ber,-4.0,0.08479672386532738
estimators,adaptive,ber,-3.5,0.06117509721635698
estimators,adaptive,ber,-3.0,0.045157638250612746
estimators,adaptive,ber,-2.5,0.029284125434027777
estimators,adaptive,ber,-2.0,0.020543939227998444
estimators,adaptive,ber,-1.5,0.01498087247212728
estimators,adaptive,ber,-1.0,0.009668191274007162
estimators,adaptive,ber,-0.5,0.006013790766398112
estimators,adaptive,ber,0.0,0.004802544911702474
estimators,adaptive,ber,0.5,0.0030394395192464194
estimators,adaptive,ber,1.0,0.0027229785919189453
estimators,adaptive,ber,1.5,0.0015834967295328777
estimators,adaptive,ber,2.0,0.0007804234822591146
estimators,adaptive,ber,2.5,0.0009172757466634115
estimators,adaptive,ber,3.0,0.0006077289581298828
estimators,adaptive,ber,3.5,0.0004162788391113281
estimators,adaptive,ber,4.0,0.0001961390177408854
estimators,adaptive,ber,4.5,0.0003495216369628906
estimators,adaptive,ber,5.0,0.00031908353169759113
estimators,adaptive,ber,5.5,0.0002036889394124349
estimators,adaptive,ber,6.0,8.495648701985677e-05
estimators,adaptive,ber,6.5,6.18298848470052e-05
estimators,adaptive,ber,7.0,6.779034932454427e-05
estimators,adaptive,ber,7.5,0.0
estimators,adaptive,ber,8.0,0.0
estimators,adaptive,ber,8.5,0.0
estimators,adaptive,ber,9.0,0.0001663366953531901
estimators,adaptive,ber,9.5,2.4398167928059895e-05
estimators,adaptive,ber,10.0,0.0
estimators,adaptive,ber_upper_confidence,-5.0,0.15229326487006875
estimators,adaptive,ber_upper_confidence,-4.5,0.11916082249363079
estimators,adaptive,ber_upper_confidence,-4.0,0.08507332406708128
estimators,adaptive,ber_upper_confidence,-3.5,0.061382114275338046
estimators,adaptive,ber_upper_confidence,-3.0,0.045310425366718234
estimators,adaptive,ber_upper_confidence,-2.5,0.029386432974841604
estimators,adaptive,ber_upper_confidence,-2.0,0.02061600491463891
estimators,adaptive,ber_upper_confidence,-1.5,0.015037305269177768
estimators,adaptive,ber_upper_confidence,-1.0,0.009713670047398567
estimators,adaptive,ber_upper_confidence,-0.5,0.006049748113928989
estimators,adaptive,ber_upper_confidence,0.0,0.004834708867083505
estimators,adaptive,ber_upper_confidence,0.5,0.003065071987170083
estimators,adaptive,ber_upper_confidence,1.0,0.0027472496304840797
estimators,adaptive,ber_upper_confidence,1.5,0.0016020416691331393
estimators,adaptive,ber_upper_confidence,2.0,0.0007934801496218578
estimators,adaptive,ber_upper_confidence,2.5,0.0009314208887468056
estimators,adaptive,ber_upper_confidence,3.0,0.0006192645604912269
estimators,adaptive,ber_upper_confidence,3.5,0.0004258457191688265
estimators,adaptive,ber_upper_confidence,4.0,0.00020274083136470974
estimators,adaptive,ber_upper_confidence,4.5,0.000358297314086139
estimators,adaptive,ber_upper_confidence,5.0,0.00032747336920477423
estimators,adaptive,ber_upper_confidence,5.5,0.00021041450510222632
estimators,adaptive,ber_upper_confidence,6.0,8.933915112976434e-05
estimators,adaptive,ber_upper_confidence,6.5,6.558501279151497e-05
estimators,adaptive,ber_upper_confidence,7.0,7.171709196998682e-05
estimators,adaptive,ber_upper_confidence,7.5,2.3807941067647855e-07
estimators,adaptive,ber_upper_confidence,8.0,2.3807941067647855e-07
estimators,adaptive,ber_upper_confidence,8.5,2.3807941067647855e-07
estimators,adaptive,ber_upper_confidence,9.0,0.00017242504244233684
estimators,adaptive,ber_upper_confidence,9.5,2.6798585478153873e-05
estimators,adaptive,ber_upper_confidence,10.0,2.3807941067647855e-07
estimators,adaptive,latency_ms,-5.0,676.6822517553263
estimators,adaptive,latency_ms,-4.5,656.5131151510863
estimators,adaptive,latency_ms,-4.0,650.524561902535
estimators,adaptive,latency_ms,-3.5,637.4695941430313
estimators,adaptive,latency_ms,-3.0,609.4993715693303
estimators,adaptive,latency_ms,-2.5,576.0104393338473
estimators,adaptive,latency_ms,-2.0,562.8104889393386
estimators,adaptive,latency_ms,-1.5,552.0442223959479
estimators,adaptive,latency_ms,-1.0,557.3685177081687
estimators,adaptive,latency_ms,-0.5,552.3149872412022
estimators,adaptive,latency_ms,0.0,554.2964481768694
estimators,adaptive,latency_ms,0.5,557.7034802087427
estimators,adaptive,latency_ms,1.0,559.2181950529765
estimators,adaptive,latency_ms,1.5,555.3012200508919
estimators,adaptive,latency_ms,2.0,559.3286442705493
estimators,adaptive,latency_ms,2.5,556.667934895272
estimators,adaptive,latency_ms,3.0,558.4154216154774
estimators,adaptive,latency_ms,3.5,555.7432411477793
estimators,adaptive,latency_ms,4.0,553.8594223957306
estimators,adaptive,latency_ms,4.5,559.0356638012098
estimators,adaptive,latency_ms,5.0,558.1093661448039
estimators,adaptive,latency_ms,5.5,554.6976559884614
estimators,adaptive,latency_ms,6.0,561.5293013010204
estimators,adaptive,latency_ms,6.5,562.0314169279071
estimators,adaptive,latency_ms,7.0,560.046638802446
estimators,adaptive,latency_ms,7.5,563.4972934912229
estimators,adaptive,latency_ms,8.0,557.5802966149284
estimators,adaptive,latency_ms,8.5,555.38368411399
estimators,adaptive,latency_ms,9.0,555.076779427195
estimators,adaptive,latency_ms,9.5,557.4497138028663
estimators,adaptive,latency_ms,10.0,557.085284115742
estimators,adaptive,throughput_bits_per_batch,-5.0,83375.47368421052
estimators,adaptive,throughput_bits_per_batch,-4.5,86625.63636363637
estimators,adaptive,throughput_bits_per_batch,-4.0,89968.14285714286
estimators,adaptive,throughput_bits_per_batch,-3.5,92290.24324324324
estimators,adaptive,throughput_bits_per_batch,-3.0,93864.82352941176
estimators,adaptive,throughput_bits_per_batch,-2.5,95425.25333333333
estimators,adaptive,throughput_bits_per_batch,-2.0,96284.44859813084
estimators,adaptive,throughput_bits_per_batch,-1.5,96831.3203125
estimators,adaptive,throughput_bits_per_batch,-1.0,97353.578125
estimators,adaptive,throughput_bits_per_batch,-0.5,97712.8203125
estimators,adaptive,throughput_bits_per_batch,0.0,97831.890625
estimators,adaptive,throughput_bits_per_batch,0.5,98005.2109375
estimators,adaptive,throughput_bits_per_batch,1.0,98036.3203125
estimators,adaptive,throughput_bits_per_batch,1.5,98148.3359375
estimators,adaptive,throughput_bits_per_batch,2.0,98227.28125
estimators,adaptive,throughput_bits_per_batch,2.5,98213.828125
estimators,adaptive,throughput_bits_per_batch,3.0,98244.2578125
estimators,adaptive,throughput_bits_per_batch,3.5,98263.078125
estimators,adaptive,throughput_bits_per_batch,4.0,98284.71875
estimators,adaptive,throughput_bits_per_batch,4.5,98269.640625
estimators,adaptive,throughput_bits_per_batch,5.0,98272.6328125
estimators,adaptive,throughput_bits_per_batch,5.5,98283.9765625
estimators,adaptive,throughput_bits_per_batch,6.0,98295.6484375
estimators,adaptive,throughput_bits_per_batch,6.5,98297.921875
estimators,adaptive,throughput_bits_per_batch,7.0,98297.3359375
estimators,adaptive,throughput_bits_per_batch,7.5,98304.0
estimators,adaptive,throughput_bits_per_batch,8.0,98304.0
estimators,adaptive,throughput_bits_per_batch,8.5,98304.0
estimators,adaptive,throughput_bits_per_batch,9.0,98287.6484375
estimators,adaptive,throughput_bits_per_batch,9.5,98301.6015625
estimators,adaptive,throughput_bits_per_batch,10.0,98304.0
estimators,adaptive,energy_joules_per_batch,-5.0,0.0001864510000000001
estimators,adaptive,energy_joules_per_batch,-4.5,0.00018645100000000005
estimators,adaptive,energy_joules_per_batch,-4.0,0.00018645100000000002
estimators,adaptive,energy_joules_per_batch,-3.5,0.00018645099999999989
estimators,adaptive,energy_joules_per_batch,-3.0,0.0001864510000000001
estimators,adaptive,energy_joules_per_batch,-2.5,0.00018645100000000027
estimators,adaptive,energy_joules_per_batch,-2.0,0.00018645100000000037
estimators,adaptive,energy_joules_per_batch,-1.5,0.00018645100000000043
estimators,adaptive,energy_joules_per_batch,-1.0,0.00018645100000000043
estimators,adaptive,energy_joules_per_batch,-0.5,0.00018645100000000043
estimators,adaptive,energy_joules_per_batch,0.0,0.00018645100000000043
estimators,adaptive,energy_joules_per_batch,0.5,0.00018645100000000043
estimators,adaptive,energy_joules_per_batch,1.0,0.00018645100000000043
estimators,adaptive,energy_joules_per_batch,1.5,0.00018645100000000043
estimators,adaptive,energy_joules_per_batch,2.0,0.00018645100000000043
estimators,adaptive,energy_joules_per_batch,2.5,0.00018645100000000043
estimators,adaptive,energy_joules_per_batch,3.0,0.00018645100000000043
estimators,adaptive,energy_joules_per_batch,3.5,0.00018645100000000043
estimators,adaptive,energy_joules_per_batch,4.0,0.00018645100000000043
estimators,adaptive,energy_joules_per_batch,4.5,0.00018645100000000043
estimators,adaptive,energy_joules_per_batch,5.0,0.00018645100000000043
estimators,adaptive,energy_joules_per_batch,5.5,0.00018645100000000043
estimators,adaptive,energy_joules_per_batch,6.0,0.00018645100000000043
estimators,adaptive,energy_joules_per_batch,6.5,0.00018645100000000043
estimators,adaptive,energy_joules_per_batch,7.0,0.0001864510000000004
estimators,adaptive,energy_joules_per_batch,7.5,0.00018645100000000043
estimators,adaptive,energy_joules_per_batch,8.0,0.00018645100000000043
estimators,adaptive,energy_joules_per_batch,8.5,0.00018645100000000043
estimators,adaptive,energy_joules_per_batch,9.0,0.0001864510000000004
estimators,adaptive,energy_joules_per_batch,9.5,0.00018645100000000043
estimators,adaptive,energy_joules_per_batch,10.0,0.00018645100000000043
estimators,adaptive,avg_power_w,-5.0,0.0002755370035438978
estimators,adaptive,avg_power_w,-4.5,0.0002840019425310205
estimators,adaptive,avg_power_w,-4.0,0.0002866163876344689
estimators,adaptive,avg_power_w,-3.5,0.00029248610712272687
estimators,adaptive,avg_power_w,-3.0,0.00030590843682074475
estimators,adaptive,avg_power_w,-2.5,0.00032369378620226004
estimators,adaptive,avg_power_w,-2.0,0.00033128558131775794
estimators,adaptive,avg_power_w,-1.5,0.0003377464928276532
estimators,adaptive,avg_power_w,-1.0,0.00033452014973264755
estimators,adaptive,avg_power_w,-0.5,0.00033758091724310783
estimators,adaptive,avg_power_w,0.0,0.00033637415612756396
estimators,adaptive,avg_power_w,0.5,0.00033431923345756016
estimators,adaptive,avg_power_w,1.0,0.0003334136865527727
estimators,adaptive,avg_power_w,1.5,0.0003357655147649643
estimators,adaptive,avg_power_w,2.0,0.0003333478481924723
estimators,adaptive,avg_power_w,2.5,0.00033494115308631555
estimators,adaptive,avg_power_w,3.0,0.00033389299933838474
estimators,adaptive,avg_power_w,3.5,0.00033549845719206995
estimators,adaptive,avg_power_w,4.0,0.00033663957397980646
estimators,adaptive,avg_power_w,4.5,0.000333522549764019
estimators,adaptive,avg_power_w,5.0,0.00033407609925618936
estimators,adaptive,avg_power_w,5.5,0.0003361308597342962
estimators,adaptive,avg_power_w,6.0,0.0003320414439068589
estimators,adaptive,avg_power_w,6.5,0.0003317447999956146
estimators,adaptive,avg_power_w,7.0,0.00033292048747706203
estimators,adaptive,avg_power_w,7.5,0.00033088180219077593
estimators,adaptive,avg_power_w,8.0,0.000334393093034214
estimators,adaptive,avg_power_w,8.5,0.00033571565988195685
estimators,adaptive,avg_power_w,9.0,0.0003359012787247312
estimators,adaptive,avg_power_w,9.5,0.00033447142474618975
estimators,adaptive,avg_power_w,10.0,0.00033469022664268174
estimators,adaptive,runtime_sec,-5.0,13.836967200011713
estimators,adaptive,runtime_sec,-4.5,15.532146499943337
estimators,adaptive,runtime_sec,-4.0,19.625641100050416
estimators,adaptive,runtime_sec,-3.5,25.394130200118525
estimators,adaptive,runtime_sec,-3.0,33.53366580007423
estimators,adaptive,runtime_sec,-2.5,46.52114720006648
estimators,adaptive,runtime_sec,-2.0,64.87512819998665
estimators,adaptive,runtime_sec,-1.5,76.15944430025411
estimators,adaptive,runtime_sec,-1.0,76.90982990001794
estimators,adaptive,runtime_sec,-0.5,76.17939770003431
estimators,adaptive,runtime_sec,0.0,76.45296430011513
estimators,adaptive,runtime_sec,0.5,76.90619549993426
estimators,adaptive,runtime_sec,1.0,77.16639140009647
estimators,adaptive,runtime_sec,1.5,76.61046479994548
estimators,adaptive,runtime_sec,2.0,77.10056510008872
estimators,adaptive,runtime_sec,2.5,76.84921639994718
estimators,adaptive,runtime_sec,3.0,77.01839199996903
estimators,adaptive,runtime_sec,3.5,76.64675860007992
estimators,adaptive,runtime_sec,4.0,76.40519770013634
estimators,adaptive,runtime_sec,4.5,77.07483280001907
estimators,adaptive,runtime_sec,5.0,76.97164109998266
estimators,adaptive,runtime_sec,5.5,76.54909699974814
estimators,adaptive,runtime_sec,6.0,78.18319439995685
estimators,adaptive,runtime_sec,6.5,78.23704569996335
estimators,adaptive,runtime_sec,7.0,78.00574130003224
estimators,adaptive,runtime_sec,7.5,78.43331239989493
estimators,adaptive,runtime_sec,8.0,77.67992719996255
estimators,adaptive,runtime_sec,8.5,77.32488350008498
estimators,adaptive,runtime_sec,9.0,77.3161474999506
estimators,adaptive,runtime_sec,9.5,77.60848780034576
estimators,adaptive,runtime_sec,10.0,77.56872679980006
estimators,adaptive,bit_errors,-5.0,283642.0
estimators,adaptive,bit_errors,-4.5,256924.0
estimators,adaptive,bit_errors,-4.0,233404.0
estimators,adaptive,bit_errors,-3.5,222509.0
estimators,adaptive,bit_errors,-3.0,226398.0
estimators,adaptive,bit_errors,-2.5,215906.0
estimators,adaptive,bit_errors,-2.0,216092.0
estimators,adaptive,bit_errors,-1.5,188503.0
estimators,adaptive,bit_errors,-1.0,121654.0
estimators,adaptive,bit_errors,-0.5,75671.0
estimators,adaptive,bit_errors,0.0,60430.0
estimators,adaptive,bit_errors,0.5,38245.0
estimators,adaptive,bit_errors,1.0,34263.0
estimators,adaptive,bit_errors,1.5,19925.0
estimators,adaptive,bit_errors,2.0,9820.0
estimators,adaptive,bit_errors,2.5,11542.0
estimators,adaptive,bit_errors,3.0,7647.0
estimators,adaptive,bit_errors,3.5,5238.0
estimators,adaptive,bit_errors,4.0,2468.0
estimators,adaptive,bit_errors,4.5,4398.0
estimators,adaptive,bit_errors,5.0,4015.0
estimators,adaptive,bit_errors,5.5,2563.0
estimators,adaptive,bit_errors,6.0,1069.0
estimators,adaptive,bit_errors,6.5,778.0
estimators,adaptive,bit_errors,7.0,853.0
estimators,adaptive,bit_errors,7.5,0.0
estimators,adaptive,bit_errors,8.0,0.0
estimators,adaptive,bit_errors,8.5,0.0
estimators,adaptive,bit_errors,9.0,2093.0
estimators,adaptive,bit_errors,9.5,307.0
estimators,adaptive,bit_errors,10.0,0.0
estimators,adaptive,total_bits,-5.0,1867776.0
estimators,adaptive,total_bits,-4.5,2162688.0
estimators,adaptive,total_bits,-4.0,2752512.0
estimators,adaptive,total_bits,-3.5,3637248.0
estimators,adaptive,total_bits,-3.0,5013504.0
estimators,adaptive,total_bits,-2.5,7372800.0
estimators,adaptive,total_bits,-2.0,10518528.0
estimators,adaptive,total_bits,-1.5,12582912.0
estimators,adaptive,total_bits,-1.0,12582912.0
estimators,adaptive,total_bits,-0.5,12582912.0
estimators,adaptive,total_bits,0.0,12582912.0
estimators,adaptive,total_bits,0.5,12582912.0
estimators,adaptive,total_bits,1.0,12582912.0
estimators,adaptive,total_bits,1.5,12582912.0
estimators,adaptive,total_bits,2.0,12582912.0
estimators,adaptive,total_bits,2.5,12582912.0
estimators,adaptive,total_bits,3.0,12582912.0
estimators,adaptive,total_bits,3.5,12582912.0
estimators,adaptive,total_bits,4.0,12582912.0
estimators,adaptive,total_bits,4.5,12582912.0
estimators,adaptive,total_bits,5.0,12582912.0
estimators,adaptive,total_bits,5.5,12582912.0
estimators,adaptive,total_bits,6.0,12582912.0
estimators,adaptive,total_bits,6.5,12582912.0
estimators,adaptive,total_bits,7.0,12582912.0
estimators,adaptive,total_bits,7.5,12582912.0
estimators,adaptive,total_bits,8.0,12582912.0
estimators,adaptive,total_bits,8.5,12582912.0
estimators,adaptive,total_bits,9.0,12582912.0
estimators,adaptive,total_bits,9.5,12582912.0
estimators,adaptive,total_bits,10.0,12582912.0
estimators,adaptive,block_errors,-5.0,1038.0
estimators,adaptive,block_errors,-4.5,1017.0
estimators,adaptive,block_errors,-4.0,1002.0
estimators,adaptive,block_errors,-3.5,1023.0
estimators,adaptive,block_errors,-3.0,1018.0
estimators,adaptive,block_errors,-2.5,1004.0
estimators,adaptive,block_errors,-2.0,1004.0
estimators,adaptive,block_errors,-1.5,845.0
estimators,adaptive,block_errors,-1.0,546.0
estimators,adaptive,block_errors,-0.5,342.0
estimators,adaptive,block_errors,0.0,251.0
estimators,adaptive,block_errors,0.5,158.0
estimators,adaptive,block_errors,1.0,137.0
estimators,adaptive,block_errors,1.5,87.0
estimators,adaptive,block_errors,2.0,44.0
estimators,adaptive,block_errors,2.5,38.0
estimators,adaptive,block_errors,3.0,30.0
estimators,adaptive,block_errors,3.5,20.0
estimators,adaptive,block_errors,4.0,13.0
estimators,adaptive,block_errors,4.5,17.0
estimators,adaptive,block_errors,5.0,12.0
estimators,adaptive,block_errors,5.5,9.0
estimators,adaptive,block_errors,6.0,4.0
estimators,adaptive,block_errors,6.5,2.0
estimators,adaptive,block_errors,7.0,2.0
estimators,adaptive,block_errors,7.5,0.0
estimators,adaptive,block_errors,8.0,0.0
estimators,adaptive,block_errors,8.5,0.0
estimators,adaptive,block_errors,9.0,4.0
estimators,adaptive,block_errors,9.5,1.0
estimators,adaptive,block_errors,10.0,0.0
estimators,adaptive,total_blocks,-5.0,1216.0
estimators,adaptive,total_blocks,-4.5,1408.0
estimators,adaptive,total_blocks,-4.0,1792.0
estimators,adaptive,total_blocks,-3.5,2368.0
estimators,adaptive,total_blocks,-3.0,3264.0
estimators,adaptive,total_blocks,-2.5,4800.0
estimators,adaptive,total_blocks,-2.0,6848.0
estimators,adaptive,total_blocks,-1.5,8192.0
estimators,adaptive,total_blocks,-1.0,8192.0
estimators,adaptive,total_blocks,-0.5,8192.0
estimators,adaptive,total_blocks,0.0,8192.0
estimators,adaptive,total_blocks,0.5,8192.0
estimators,adaptive,total_blocks,1.0,8192.0
estimators,adaptive,total_blocks,1.5,8192.0
estimators,adaptive,total_blocks,2.0,8192.0
estimators,adaptive,total_blocks,2.5,8192.0
estimators,adaptive,total_blocks,3.0,8192.0
estimators,adaptive,total_blocks,3.5,8192.0
estimators,adaptive,total_blocks,4.0,8192.0
estimators,adaptive,total_blocks,4.5,8192.0
estimators,adaptive,total_blocks,5.0,8192.0
estimators,adaptive,total_blocks,5.5,8192.0
estimators,adaptive,total_blocks,6.0,8192.0
estimators,adaptive,total_blocks,6.5,8192.0
estimators,adaptive,total_blocks,7.0,8192.0
estimators,adaptive,total_blocks,7.5,8192.0
estimators,adaptive,total_blocks,8.0,8192.0
estimators,adaptive,total_blocks,8.5,8192.0
estimators,adaptive,total_blocks,9.0,8192.0
estimators,adaptive,total_blocks,9.5,8192.0
estimators,adaptive,total_blocks,10.0,8192.0
estimators,adaptive,num_batches,-5.0,19.0
estimators,adaptive,num_batches,-4.5,22.0
estimators,adaptive,num_batches,-4.0,28.0
estimators,adaptive,num_batches,-3.5,37.0
estimators,adaptive,num_batches,-3.0,51.0
estimators,adaptive,num_batches,-2.5,75.0
estimators,adaptive,num_batches,-2.0,107.0
estimators,adaptive,num_batches,-1.5,128.0
estimators,adaptive,num_batches,-1.0,128.0
estimators,adaptive,num_batches,-0.5,128.0
estimators,adaptive,num_batches,0.0,128.0
estimators,adaptive,num_batches,0.5,128.0
estimators,adaptive,num_batches,1.0,128.0
estimators,adaptive,num_batches,1.5,128.0
estimators,adaptive,num_batches,2.0,128.0
estimators,adaptive,num_batches,2.5,128.0
estimators,adaptive,num_batches,3.0,128.0
estimators,adaptive,num_batches,3.5,128.0
estimators,adaptive,num_batches,4.0,128.0
estimators,adaptive,num_batches,4.5,128.0
estimators,adaptive,num_batches,5.0,128.0
estimators,adaptive,num_batches,5.5,128.0
estimators,adaptive,num_batches,6.0,128.0
estimators,adaptive,num_batches,6.5,128.0
estimators,adaptive,num_batches,7.0,128.0
estimators,adaptive,num_batches,7.5,128.0
estimators,adaptive,num_batches,8.0,128.0
estimators,adaptive,num_batches,8.5,128.0
estimators,adaptive,num_batches,9.0,128.0
estimators,adaptive,num_batches,9.5,128.0
estimators,adaptive,num_batches,10.0,128.0
estimators,adaptive,stop_reason,-5.0,target_block_errors
estimators,adaptive,stop_reason,-4.5,target_block_errors
estimators,adaptive,stop_reason,-4.0,target_block_errors
estimators,adaptive,stop_reason,-3.5,target_block_errors
estimators,adaptive,stop_reason,-3.0,target_block_errors
estimators,adaptive,stop_reason,-2.5,target_block_errors
estimators,adaptive,stop_reason,-2.0,target_block_errors
estimators,adaptive,stop_reason,-1.5,max_batches
estimators,adaptive,stop_reason,-1.0,max_batches
estimators,adaptive,stop_reason,-0.5,max_batches
estimators,adaptive,stop_reason,0.0,max_batches
estimators,adaptive,stop_reason,0.5,max_batches
estimators,adaptive,stop_reason,1.0,max_batches
estimators,adaptive,stop_reason,1.5,max_batches
estimators,adaptive,stop_reason,2.0,max_batches
estimators,adaptive,stop_reason,2.5,max_batches
estimators,adaptive,stop_reason,3.0,max_batches
estimators,adaptive,stop_reason,3.5,max_batches
estimators,adaptive,stop_reason,4.0,max_batches
estimators,adaptive,stop_reason,4.5,max_batches
estimators,adaptive,stop_reason,5.0,max_batches
estimators,adaptive,stop_reason,5.5,max_batches
estimators,adaptive,stop_reason,6.0,max_batches
estimators,adaptive,stop_reason,6.5,max_batches
estimators,adaptive,stop_reason,7.0,max_batches
estimators,adaptive,stop_reason,7.5,max_batches
estimators,adaptive,stop_reason,8.0,max_batches
estimators,adaptive,stop_reason,8.5,max_batches
estimators,adaptive,stop_reason,9.0,max_batches
estimators,adaptive,stop_reason,9.5,max_batches
estimators,adaptive,stop_reason,10.0,max_batches
estimators,adaptive,point_status,-5.0,resolved
estimators,adaptive,point_status,-4.5,resolved
estimators,adaptive,point_status,-4.0,resolved
estimators,adaptive,point_status,-3.5,resolved
estimators,adaptive,point_status,-3.0,resolved
estimators,adaptive,point_status,-2.5,resolved
estimators,adaptive,point_status,-2.0,resolved
estimators,adaptive,point_status,-1.5,resolved
estimators,adaptive,point_status,-1.0,resolved
estimators,adaptive,point_status,-0.5,resolved
estimators,adaptive,point_status,0.0,resolved
estimators,adaptive,point_status,0.5,resolved
estimators,adaptive,point_status,1.0,resolved
estimators,adaptive,point_status,1.5,resolved
estimators,adaptive,point_status,2.0,resolved
estimators,adaptive,point_status,2.5,resolved
estimators,adaptive,point_status,3.0,resolved
estimators,adaptive,point_status,3.5,resolved
estimators,adaptive,point_status,4.0,resolved
estimators,adaptive,point_status,4.5,resolved
estimators,adaptive,point_status,5.0,resolved
estimators,adaptive,point_status,5.5,resolved
estimators,adaptive,point_status,6.0,resolved
estimators,adaptive,point_status,6.5,resolved
estimators,adaptive,point_status,7.0,resolved
estimators,adaptive,point_status,7.5,upper_bound_only
estimators,adaptive,point_status,8.0,upper_bound_only
estimators,adaptive,point_status,8.5,upper_bound_only
estimators,adaptive,point_status,9.0,resolved
estimators,adaptive,point_status,9.5,resolved
estimators,adaptive,point_status,10.0,upper_bound_only
estimators,adaptive,runtime_total_sec,,2070.6766814006114
estimators,pso,ber,-5.0,0.2264385223388672
estimators,pso,ber,-4.5,0.1994349161783854
estimators,pso,ber,-4.0,0.16092371057581017
estimators,pso,ber,-3.5,0.12056720067584326
estimators,pso,ber,-3.0,0.08010513481052442
estimators,pso,ber,-2.5,0.04908266934481534
estimators,pso,ber,-2.0,0.03156579059103261
estimators,pso,ber,-1.5,0.020005807936566432
estimators,pso,ber,-1.0,0.010825395584106445
estimators,pso,ber,-0.5,0.006506045659383138
estimators,pso,ber,0.0,0.0042417049407958984
estimators,pso,ber,0.5,0.002883354822794596
estimators,pso,ber,1.0,0.001988013585408529
estimators,pso,ber,1.5,0.001097281773885091
estimators,pso,ber,2.0,0.0006302992502848307
estimators,pso,ber,2.5,0.0005759398142496744
estimators,pso,ber,3.0,0.00042311350504557293
estimators,pso,ber,3.5,0.0002399285634358724
estimators,pso,ber,4.0,0.00016808509826660156
estimators,pso,ber,4.5,0.00022220611572265625
estimators,pso,ber,5.0,0.0001163482666015625
estimators,pso,ber,5.5,9.576479593912761e-05
estimators,pso,ber,6.0,0.00010013580322265625
estimators,pso,ber,6.5,7.446606953938802e-05
estimators,pso,ber,7.0,6.421407063802083e-05
estimators,pso,ber,7.5,2.1457672119140625e-05
estimators,pso,ber,8.0,0.0
estimators,pso,ber,8.5,0.0
estimators,pso,ber,9.0,0.00015918413798014322
estimators,pso,ber,9.5,2.3523966471354168e-05
estimators,pso,ber,10.0,0.0
estimators,pso,ber_upper_confidence,-5.0,0.22698790655069587
estimators,pso,ber_upper_confidence,-4.5,0.19995949248599046
estimators,pso,ber_upper_confidence,-4.0,0.1613786057794774
estimators,pso,ber_upper_confidence,-3.5,0.12094047403074852
estimators,pso,ber_upper_confidence,-3.0,0.08036998248818497
estimators,pso,ber_upper_confidence,-2.5,0.0492538156625516
estimators,pso,ber_upper_confidence,-2.0,0.03167640081954861
estimators,pso,ber_upper_confidence,-1.5,0.020077280125321954
estimators,pso,ber_upper_confidence,-1.0,0.010873484720004349
estimators,pso,ber_upper_confidence,-0.5,0.0065434320827196905
estimators,pso,ber_upper_confidence,0.0,0.004271947602190816
estimators,pso,ber_upper_confidence,0.5,0.0029083252347895873
estimators,pso,ber_upper_confidence,1.0,0.00200877542021423
estimators,pso,ber_upper_confidence,1.5,0.0011127411508960981
estimators,pso,ber_upper_confidence,2.0,0.0006420449783204359
estimators,pso,ber_upper_confidence,2.5,0.0005871727188728412
estimators,pso,ber_upper_confidence,3.0,0.0004327576799171371
estimators,pso,ber_upper_confidence,3.5,0.000247218495263955
estimators,pso,ber_upper_confidence,4.0,0.0001742047806182393
estimators,pso,ber_upper_confidence,4.5,0.0002292258174785801
estimators,pso,ber_upper_confidence,5.0,0.00012145830194301298
estimators,pso,ber_upper_confidence,5.5,0.00010041107927011274
estimators,pso,ber_upper_confidence,6.0,0.00010488444537807532
estimators,pso,ber_upper_confidence,6.5,7.85762924958638e-05
estimators,pso,ber_upper_confidence,7.0,6.803879560510171e-05
estimators,pso,ber_upper_confidence,7.5,2.3715810284914218e-05
estimators,pso,ber_upper_confidence,8.0,2.3807941067647855e-07
estimators,pso,ber_upper_confidence,8.5,2.3807941067647855e-07
estimators,pso,ber_upper_confidence,9.0,0.00016514254687067777
estimators,pso,ber_upper_confidence,9.5,2.5883024183846592e-05
estimators,pso,ber_upper_confidence,10.0,2.3807941067647855e-07
estimators,pso,latency_ms,-5.0,695.9079020845403
estimators,pso,latency_ms,-4.5,682.7146020824822
estimators,pso,latency_ms,-4.0,684.3455555570661
estimators,pso,latency_ms,-3.5,690.4008071438354
estimators,pso,latency_ms,-3.0,679.9398833307432
estimators,pso,latency_ms,-2.5,641.2793856064446
estimators,pso,latency_ms,-2.0,585.2261094218327
estimators,pso,latency_ms,-1.5,565.5576918229891
estimators,pso,latency_ms,-1.0,559.0681778641328
estimators,pso,latency_ms,-0.5,559.6971583330786
estimators,pso,latency_ms,0.0,559.4602013010489
estimators,pso,latency_ms,0.5,562.5317419273005
estimators,pso,latency_ms,1.0,559.2647950533365
estimators,pso,latency_ms,1.5,562.2277825526952
estimators,pso,latency_ms,2.0,561.7878263032297
estimators,pso,latency_ms,2.5,559.8672153645612
estimators,pso,latency_ms,3.0,560.9835239569337
estimators,pso,latency_ms,3.5,562.3803489565079
estimators,pso,latency_ms,4.0,560.8151895825403
estimators,pso,latency_ms,4.5,561.7988786467821
estimators,pso,latency_ms,5.0,559.3236583319185
estimators,pso,latency_ms,5.5,562.1988731751616
estimators,pso,latency_ms,6.0,563.9469825529477
estimators,pso,latency_ms,6.5,566.801835676556
estimators,pso,latency_ms,7.0,564.4680880215265
estimators,pso,latency_ms,7.5,562.5416395845649
estimators,pso,latency_ms,8.0,559.431461457193
estimators,pso,latency_ms,8.5,562.9135442706273
estimators,pso,latency_ms,9.0,559.0114067723833
estimators,pso,latency_ms,9.5,560.20325364389
estimators,pso,latency_ms,10.0,559.247151301547
estimators,pso,throughput_bits_per_batch,-5.0,76044.1875
estimators,pso,throughput_bits_per_batch,-4.5,78698.75
estimators,pso,throughput_bits_per_batch,-4.0,82484.55555555556
estimators,pso,throughput_bits_per_batch,-3.5,86451.76190476191
estimators,pso,throughput_bits_per_batch,-3.0,90429.3448275862
estimators,pso,throughput_bits_per_batch,-2.5,93478.97727272728
estimators,pso,throughput_bits_per_batch,-2.0,95200.95652173914
estimators,pso,throughput_bits_per_batch,-1.5,96337.34905660378
estimators,pso,throughput_bits_per_batch,-1.0,97239.8203125
estimators,pso,throughput_bits_per_batch,-0.5,97664.4296875
estimators,pso,throughput_bits_per_batch,0.0,97887.0234375
estimators,pso,throughput_bits_per_batch,0.5,98020.5546875
estimators,pso,throughput_bits_per_batch,1.0,98108.5703125
estimators,pso,throughput_bits_per_batch,1.5,98196.1328125
estimators,pso,throughput_bits_per_batch,2.0,98242.0390625
estimators,pso,throughput_bits_per_batch,2.5,98247.3828125
estimators,pso,throughput_bits_per_batch,3.0,98262.40625
estimators,pso,throughput_bits_per_batch,3.5,98280.4140625
estimators,pso,throughput_bits_per_batch,4.0,98287.4765625
estimators,pso,throughput_bits_per_batch,4.5,98282.15625
estimators,pso,throughput_bits_per_batch,5.0,98292.5625
estimators,pso,throughput_bits_per_batch,5.5,98294.5859375
estimators,pso,throughput_bits_per_batch,6.0,98294.15625
estimators,pso,throughput_bits_per_batch,6.5,98296.6796875
estimators,pso,throughput_bits_per_batch,7.0,98297.6875
estimators,pso,throughput_bits_per_batch,7.5,98301.890625
estimators,pso,throughput_bits_per_batch,8.0,98304.0
estimators,pso,throughput_bits_per_batch,8.5,98304.0
estimators,pso,throughput_bits_per_batch,9.0,98288.3515625
estimators,pso,throughput_bits_per_batch,9.5,98301.6875
estimators,pso,throughput_bits_per_batch,10.0,98304.0
estimators,pso,energy_joules_per_batch,-5.0,0.00018645100000000005
estimators,pso,energy_joules_per_batch,-4.5,0.00018645100000000008
estimators,pso,energy_joules_per_batch,-4.0,0.00018645100000000008
estimators,pso,energy_joules_per_batch,-3.5,0.00018645100000000002
estimators,pso,energy_joules_per_batch,-3.0,0.00018645099999999997
estimators,pso,energy_joules_per_batch,-2.5,0.00018645099999999997
estimators,pso,energy_joules_per_batch,-2.0,0.0001864510000000002
estimators,pso,energy_joules_per_batch,-1.5,0.00018645100000000037
estimators,pso,energy_joules_per_batch,-1.0,0.00018645100000000043
estimators,pso,energy_joules_per_batch,-0.5,0.0001864510000000004
estimators,pso,energy_joules_per_batch,0.0,0.00018645100000000043
estimators,pso,energy_joules_per_batch,0.5,0.00018645100000000043
estimators,pso,energy_joules_per_batch,1.0,0.00018645100000000043
estimators,pso,energy_joules_per_batch,1.5,0.00018645100000000043
estimators,pso,energy_joules_per_batch,2.0,0.00018645100000000043
estimators,pso,energy_joules_per_batch,2.5,0.00018645100000000043
estimators,pso,energy_joules_per_batch,3.0,0.00018645100000000043
estimators,pso,energy_joules_per_batch,3.5,0.00018645100000000043
estimators,pso,energy_joules_per_batch,4.0,0.00018645100000000043
estimators,pso,energy_joules_per_batch,4.5,0.00018645100000000043
estimators,pso,energy_joules_per_batch,5.0,0.00018645100000000043
estimators,pso,energy_joules_per_batch,5.5,0.0001864510000000004
estimators,pso,energy_joules_per_batch,6.0,0.00018645100000000043
estimators,pso,energy_joules_per_batch,6.5,0.00018645100000000043
estimators,pso,energy_joules_per_batch,7.0,0.00018645100000000043
estimators,pso,energy_joules_per_batch,7.5,0.00018645100000000043
estimators,pso,energy_joules_per_batch,8.0,0.00018645100000000043
estimators,pso,energy_joules_per_batch,8.5,0.00018645100000000043
estimators,pso,energy_joules_per_batch,9.0,0.00018645100000000043
estimators,pso,energy_joules_per_batch,9.5,0.00018645100000000043
estimators,pso,energy_joules_per_batch,10.0,0.00018645100000000043
estimators,pso,avg_power_w,-5.0,0.00026792482085847847
estimators,pso,avg_power_w,-4.5,0.0002731024053554284
estimators,pso,avg_power_w,-4.0,0.00027245153926400026
estimators,pso,avg_power_w,-3.5,0.00027006196700629805
estimators,pso,avg_power_w,-3.0,0.00027421688971479937
estimators,pso,avg_power_w,-2.5,0.0002907484696762506
estimators,pso,avg_power_w,-2.0,0.00031859651679622136
estimators,pso,avg_power_w,-1.5,0.0003296763578601574
estimators,pso,avg_power_w,-1.0,0.00033350315289329977
estimators,pso,avg_power_w,-0.5,0.0003331283663388594
estimators,pso,avg_power_w,0.0,0.00033326946146732255
estimators,pso,avg_power_w,0.5,0.0003314497407047595
estimators,pso,avg_power_w,1.0,0.00033338590529772
estimators,pso,avg_power_w,1.5,0.00033162893365648496
estimators,pso,avg_power_w,2.0,0.0003318886442002784
estimators,pso,avg_power_w,2.5,0.00033302718016555344
estimators,pso,avg_power_w,3.0,0.00033236448494040644
estimators,pso,avg_power_w,3.5,0.0003315389670815467
estimators,pso,avg_power_w,4.0,0.00033246424751581864
estimators,pso,avg_power_w,4.5,0.00033188211491113907
estimators,pso,avg_power_w,5.0,0.0003333508197312031
estimators,pso,avg_power_w,5.5,0.00033164598667188855
estimators,pso,avg_power_w,6.0,0.0003306179583689766
estimators,pso,avg_power_w,6.5,0.00032895271021387125
estimators,pso,avg_power_w,7.0,0.0003303127385881378
estimators,pso,avg_power_w,7.5,0.0003314439090014632
estimators,pso,avg_power_w,8.0,0.00033328658262146634
estimators,pso,avg_power_w,8.5,0.0003312249312486997
estimators,pso,avg_power_w,9.0,0.0003335370222166486
estimators,pso,avg_power_w,9.5,0.0003328274135989285
estimators,pso,avg_power_w,10.0,0.0003333964233274489
estimators,pso,runtime_sec,-5.0,71.94531420001294
estimators,pso,runtime_sec,-4.5,75.98720839995076
estimators,pso,runtime_sec,-4.0,90.53857610000705
estimators,pso,runtime_sec,-3.5,97.20139250003558
estimators,pso,runtime_sec,-3.0,137.80497110004944
estimators,pso,runtime_sec,-2.5,190.09440200008976
estimators,pso,runtime_sec,-2.0,273.13081989993225
estimators,pso,runtime_sec,-1.5,417.792909700016
estimators,pso,runtime_sec,-1.0,501.1030415999121
estimators,pso,runtime_sec,-0.5,493.2119445000717
estimators,pso,runtime_sec,0.0,504.1728350997146
estimators,pso,runtime_sec,0.5,515.892403399921
estimators,pso,runtime_sec,1.0,510.06174279982224
estimators,pso,runtime_sec,1.5,500.38676799985114
estimators,pso,runtime_sec,2.0,493.87848489999305
estimators,pso,runtime_sec,2.5,502.6854110999557
estimators,pso,runtime_sec,3.0,519.9353647000098
estimators,pso,runtime_sec,3.5,504.5199734996713
estimators,pso,runtime_sec,4.0,512.0985665997432
estimators,pso,runtime_sec,4.5,510.9390392002533
estimators,pso,runtime_sec,5.0,520.8594396997942
estimators,pso,runtime_sec,5.5,515.2803847000177
estimators,pso,runtime_sec,6.0,517.663926799898
estimators,pso,runtime_sec,6.5,527.4758395000244
estimators,pso,runtime_sec,7.0,506.3471473000245
estimators,pso,runtime_sec,7.5,509.0433999999368
estimators,pso,runtime_sec,8.0,521.3687971999752
estimators,pso,runtime_sec,8.5,514.8366395000194
estimators,pso,runtime_sec,9.0,523.7976269997307
estimators,pso,runtime_sec,9.5,517.7044437998848
estimators,pso,runtime_sec,10.0,519.1959420998464
estimators,pso,bit_errors,-5.0,356157.0
estimators,pso,bit_errors,-4.5,313684.0
estimators,pso,bit_errors,-4.0,284750.0
estimators,pso,bit_errors,-3.5,248897.0
estimators,pso,bit_errors,-3.0,228365.0
estimators,pso,bit_errors,-2.5,212301.0
estimators,pso,bit_errors,-2.0,214110.0
estimators,pso,bit_errors,-1.5,208465.0
estimators,pso,bit_errors,-1.0,136215.0
estimators,pso,bit_errors,-0.5,81865.0
estimators,pso,bit_errors,0.0,53373.0
estimators,pso,bit_errors,0.5,36281.0
estimators,pso,bit_errors,1.0,25015.0
estimators,pso,bit_errors,1.5,13807.0
estimators,pso,bit_errors,2.0,7931.0
estimators,pso,bit_errors,2.5,7247.0
estimators,pso,bit_errors,3.0,5324.0
estimators,pso,bit_errors,3.5,3019.0
estimators,pso,bit_errors,4.0,2115.0
estimators,pso,bit_errors,4.5,2796.0
estimators,pso,bit_errors,5.0,1464.0
estimators,pso,bit_errors,5.5,1205.0
estimators,pso,bit_errors,6.0,1260.0
estimators,pso,bit_errors,6.5,937.0
estimators,pso,bit_errors,7.0,808.0
estimators,pso,bit_errors,7.5,270.0
estimators,pso,bit_errors,8.0,0.0
estimators,pso,bit_errors,8.5,0.0
estimators,pso,bit_errors,9.0,2003.0
estimators,pso,bit_errors,9.5,296.0
estimators,pso,bit_errors,10.0,0.0
estimators,pso,total_bits,-5.0,1572864.0
estimators,pso,total_bits,-4.5,1572864.0
estimators,pso,total_bits,-4.0,1769472.0
estimators,pso,total_bits,-3.5,2064384.0
estimators,pso,total_bits,-3.0,2850816.0
estimators,pso,total_bits,-2.5,4325376.0
estimators,pso,total_bits,-2.0,6782976.0
estimators,pso,total_bits,-1.5,10420224.0
estimators,pso,total_bits,-1.0,12582912.0
estimators,pso,total_bits,-0.5,12582912.0
estimators,pso,total_bits,0.0,12582912.0
estimators,pso,total_bits,0.5,12582912.0
estimators,pso,total_bits,1.0,12582912.0
estimators,pso,total_bits,1.5,12582912.0
estimators,pso,total_bits,2.0,12582912.0
estimators,pso,total_bits,2.5,12582912.0
estimators,pso,total_bits,3.0,12582912.0
estimators,pso,total_bits,3.5,12582912.0
estimators,pso,total_bits,4.0,12582912.0
estimators,pso,total_bits,4.5,12582912.0
estimators,pso,total_bits,5.0,12582912.0
estimators,pso,total_bits,5.5,12582912.0
estimators,pso,total_bits,6.0,12582912.0
estimators,pso,total_bits,6.5,12582912.0
estimators,pso,total_bits,7.0,12582912.0
estimators,pso,total_bits,7.5,12582912.0
estimators,pso,total_bits,8.0,12582912.0
estimators,pso,total_bits,8.5,12582912.0
estimators,pso,total_bits,9.0,12582912.0
estimators,pso,total_bits,9.5,12582912.0
estimators,pso,total_bits,10.0,12582912.0
estimators,pso,block_errors,-5.0,1024.0
estimators,pso,block_errors,-4.5,1013.0
estimators,pso,block_errors,-4.0,1050.0
estimators,pso,block_errors,-3.5,1006.0
estimators,pso,block_errors,-3.0,1013.0
estimators,pso,block_errors,-2.5,1009.0
estimators,pso,block_errors,-2.0,1007.0
estimators,pso,block_errors,-1.5,1001.0
estimators,pso,block_errors,-1.0,706.0
estimators,pso,block_errors,-0.5,396.0
estimators,pso,block_errors,0.0,248.0
estimators,pso,block_errors,0.5,162.0
estimators,pso,block_errors,1.0,121.0
estimators,pso,block_errors,1.5,67.0
estimators,pso,block_errors,2.0,38.0
estimators,pso,block_errors,2.5,31.0
estimators,pso,block_errors,3.0,25.0
estimators,pso,block_errors,3.5,13.0
estimators,pso,block_errors,4.0,8.0
estimators,pso,block_errors,4.5,10.0
estimators,pso,block_errors,5.0,4.0
estimators,pso,block_errors,5.5,5.0
estimators,pso,block_errors,6.0,5.0
estimators,pso,block_errors,6.5,3.0
estimators,pso,block_errors,7.0,2.0
estimators,pso,block_errors,7.5,1.0
estimators,pso,block_errors,8.0,0.0
estimators,pso,block_errors,8.5,0.0
estimators,pso,block_errors,9.0,5.0
estimators,pso,block_errors,9.5,1.0
estimators,pso,block_errors,10.0,0.0
estimators,pso,total_blocks,-5.0,1024.0
estimators,pso,total_blocks,-4.5,1024.0
estimators,pso,total_blocks,-4.0,1152.0
estimators,pso,total_blocks,-3.5,1344.0
estimators,pso,total_blocks,-3.0,1856.0
estimators,pso,total_blocks,-2.5,2816.0
estimators,pso,total_blocks,-2.0,4416.0
estimators,pso,total_blocks,-1.5,6784.0
estimators,pso,total_blocks,-1.0,8192.0
estimators,pso,total_blocks,-0.5,8192.0
estimators,pso,total_blocks,0.0,8192.0
estimators,pso,total_blocks,0.5,8192.0
estimators,pso,total_blocks,1.0,8192.0
estimators,pso,total_blocks,1.5,8192.0
estimators,pso,total_blocks,2.0,8192.0
estimators,pso,total_blocks,2.5,8192.0
estimators,pso,total_blocks,3.0,8192.0
estimators,pso,total_blocks,3.5,8192.0
estimators,pso,total_blocks,4.0,8192.0
estimators,pso,total_blocks,4.5,8192.0
estimators,pso,total_blocks,5.0,8192.0
estimators,pso,total_blocks,5.5,8192.0
estimators,pso,total_blocks,6.0,8192.0
estimators,pso,total_blocks,6.5,8192.0
estimators,pso,total_blocks,7.0,8192.0
estimators,pso,total_blocks,7.5,8192.0
estimators,pso,total_blocks,8.0,8192.0
estimators,pso,total_blocks,8.5,8192.0
estimators,pso,total_blocks,9.0,8192.0
estimators,pso,total_blocks,9.5,8192.0
estimators,pso,total_blocks,10.0,8192.0
estimators,pso,num_batches,-5.0,16.0
estimators,pso,num_batches,-4.5,16.0
estimators,pso,num_batches,-4.0,18.0
estimators,pso,num_batches,-3.5,21.0
estimators,pso,num_batches,-3.0,29.0
estimators,pso,num_batches,-2.5,44.0
estimators,pso,num_batches,-2.0,69.0
estimators,pso,num_batches,-1.5,106.0
estimators,pso,num_batches,-1.0,128.0
estimators,pso,num_batches,-0.5,128.0
estimators,pso,num_batches,0.0,128.0
estimators,pso,num_batches,0.5,128.0
estimators,pso,num_batches,1.0,128.0
estimators,pso,num_batches,1.5,128.0
estimators,pso,num_batches,2.0,128.0
estimators,pso,num_batches,2.5,128.0
estimators,pso,num_batches,3.0,128.0
estimators,pso,num_batches,3.5,128.0
estimators,pso,num_batches,4.0,128.0
estimators,pso,num_batches,4.5,128.0
estimators,pso,num_batches,5.0,128.0
estimators,pso,num_batches,5.5,128.0
estimators,pso,num_batches,6.0,128.0
estimators,pso,num_batches,6.5,128.0
estimators,pso,num_batches,7.0,128.0
estimators,pso,num_batches,7.5,128.0
estimators,pso,num_batches,8.0,128.0
estimators,pso,num_batches,8.5,128.0
estimators,pso,num_batches,9.0,128.0
estimators,pso,num_batches,9.5,128.0
estimators,pso,num_batches,10.0,128.0
estimators,pso,stop_reason,-5.0,target_block_errors
estimators,pso,stop_reason,-4.5,target_block_errors
estimators,pso,stop_reason,-4.0,target_block_errors
estimators,pso,stop_reason,-3.5,target_block_errors
estimators,pso,stop_reason,-3.0,target_block_errors
estimators,pso,stop_reason,-2.5,target_block_errors
estimators,pso,stop_reason,-2.0,target_block_errors
estimators,pso,stop_reason,-1.5,target_block_errors
estimators,pso,stop_reason,-1.0,max_batches
estimators,pso,stop_reason,-0.5,max_batches
estimators,pso,stop_reason,0.0,max_batches
estimators,pso,stop_reason,0.5,max_batches
estimators,pso,stop_reason,1.0,max_batches
estimators,pso,stop_reason,1.5,max_batches
estimators,pso,stop_reason,2.0,max_batches
estimators,pso,stop_reason,2.5,max_batches
estimators,pso,stop_reason,3.0,max_batches
estimators,pso,stop_reason,3.5,max_batches
estimators,pso,stop_reason,4.0,max_batches
estimators,pso,stop_reason,4.5,max_batches
estimators,pso,stop_reason,5.0,max_batches
estimators,pso,stop_reason,5.5,max_batches
estimators,pso,stop_reason,6.0,max_batches
estimators,pso,stop_reason,6.5,max_batches
estimators,pso,stop_reason,7.0,max_batches
estimators,pso,stop_reason,7.5,max_batches
estimators,pso,stop_reason,8.0,max_batches
estimators,pso,stop_reason,8.5,max_batches
estimators,pso,stop_reason,9.0,max_batches
estimators,pso,stop_reason,9.5,max_batches
estimators,pso,stop_reason,10.0,max_batches
estimators,pso,point_status,-5.0,resolved
estimators,pso,point_status,-4.5,resolved
estimators,pso,point_status,-4.0,resolved
estimators,pso,point_status,-3.5,resolved
estimators,pso,point_status,-3.0,resolved
estimators,pso,point_status,-2.5,resolved
estimators,pso,point_status,-2.0,resolved
estimators,pso,point_status,-1.5,resolved
estimators,pso,point_status,-1.0,resolved
estimators,pso,point_status,-0.5,resolved
estimators,pso,point_status,0.0,resolved
estimators,pso,point_status,0.5,resolved
estimators,pso,point_status,1.0,resolved
estimators,pso,point_status,1.5,resolved
estimators,pso,point_status,2.0,resolved
estimators,pso,point_status,2.5,resolved
estimators,pso,point_status,3.0,resolved
estimators,pso,point_status,3.5,resolved
estimators,pso,point_status,4.0,resolved
estimators,pso,point_status,4.5,resolved
estimators,pso,point_status,5.0,resolved
estimators,pso,point_status,5.5,resolved
estimators,pso,point_status,6.0,resolved
estimators,pso,point_status,6.5,resolved
estimators,pso,point_status,7.0,resolved
estimators,pso,point_status,7.5,resolved
estimators,pso,point_status,8.0,upper_bound_only
estimators,pso,point_status,8.5,upper_bound_only
estimators,pso,point_status,9.0,resolved
estimators,pso,point_status,9.5,resolved
estimators,pso,point_status,10.0,upper_bound_only
estimators,pso,runtime_total_sec,,13116.954756898165
estimators,perfect,ber,-5.0,0.03318547878135629
estimators,perfect,ber,-4.5,0.0166226256127451
estimators,perfect,ber,-4.0,0.007728020350138347
estimators,perfect,ber,-3.5,0.004010677337646484
estimators,perfect,ber,-3.0,0.0025087197621663413
estimators,perfect,ber,-2.5,0.0012755393981933594
estimators,perfect,ber,-2.0,0.0008361339569091797
estimators,perfect,ber,-1.5,0.00041023890177408856
estimators,perfect,ber,-1.0,0.00016848246256510416
estimators,perfect,ber,-0.5,0.00012969970703125
estimators,perfect,ber,0.0,6.818771362304688e-05
estimators,perfect,ber,0.5,0.00010259946187337239
estimators,perfect,ber,1.0,7.971127827962239e-05
estimators,perfect,ber,1.5,5.0067901611328125e-05
estimators,perfect,ber,2.0,6.357828776041666e-07
estimators,perfect,ber,2.5,0.0
estimators,perfect,ber,3.0,6.389617919921875e-05
estimators,perfect,ber,3.5,0.0
estimators,perfect,ber,4.0,0.0
estimators,perfect,ber,4.5,1.6689300537109375e-06
estimators,perfect,ber,5.0,0.0
estimators,perfect,ber,5.5,0.0
estimators,perfect,ber,6.0,0.0
estimators,perfect,ber,6.5,0.0
estimators,perfect,ber,7.0,0.0
estimators,perfect,ber,7.5,0.0
estimators,perfect,ber,8.0,0.0
estimators,perfect,ber,8.5,0.0
estimators,perfect,ber,9.0,0.0
estimators,perfect,ber,9.5,0.0
estimators,perfect,ber,10.0,0.0
estimators,perfect,ber_upper_confidence,-5.0,0.03331998345681212
estimators,perfect,ber_upper_confidence,-4.5,0.01669553380996109
estimators,perfect,ber_upper_confidence,-4.0,0.007768731952877205
estimators,perfect,ber_upper_confidence,-3.5,0.004040091277096819
estimators,perfect,ber_upper_confidence,-3.0,0.002532023200183713
estimators,perfect,ber_upper_confidence,-2.5,0.0012921973005988589
estimators,perfect,ber_upper_confidence,-2.0,0.0008496444347441135
estimators,perfect,ber_upper_confidence,-1.5,0.00041973694433986654
estimators,perfect,ber_upper_confidence,-1.0,0.0001746092438017305
estimators,perfect,ber_upper_confidence,-0.5,0.0001350888169296918
estimators,perfect,ber_upper_confidence,0.0,7.212562380096858e-05
estimators,perfect,ber_upper_confidence,0.5,0.00010740481410737758
estimators,perfect,ber_upper_confidence,1.0,8.39599635931662e-05
estimators,perfect,ber_upper_confidence,1.5,5.345815413526979e-05
estimators,perfect,ber_upper_confidence,2.0,1.1283397401443499e-06
estimators,perfect,ber_upper_confidence,2.5,2.3807941067647855e-07
estimators,perfect,ber_upper_confidence,3.0,6.7711700058566e-05
estimators,perfect,ber_upper_confidence,3.5,2.3807941067647855e-07
estimators,perfect,ber_upper_confidence,4.0,2.3807941067647855e-07
estimators,perfect,ber_upper_confidence,4.5,2.38504831744824e-06
estimators,perfect,ber_upper_confidence,5.0,2.3807941067647855e-07
estimators,perfect,ber_upper_confidence,5.5,2.3807941067647855e-07
estimators,perfect,ber_upper_confidence,6.0,2.3807941067647855e-07
estimators,perfect,ber_upper_confidence,6.5,2.3807941067647855e-07
estimators,perfect,ber_upper_confidence,7.0,2.3807941067647855e-07
estimators,perfect,ber_upper_confidence,7.5,2.3807941067647855e-07
estimators,perfect,ber_upper_confidence,8.0,2.3807941067647855e-07
estimators,perfect,ber_upper_confidence,8.5,2.3807941067647855e-07
estimators,perfect,ber_upper_confidence,9.0,2.3807941067647855e-07
estimators,perfect,ber_upper_confidence,9.5,2.3807941067647855e-07
estimators,perfect,ber_upper_confidence,10.0,2.3807941067647855e-07
estimators,perfect,latency_ms,-5.0,613.8135833342562
estimators,perfect,latency_ms,-4.5,582.2539186283835
estimators,perfect,latency_ms,-4.0,564.1354942723909
estimators,perfect,latency_ms,-3.5,564.964539584962
estimators,perfect,latency_ms,-3.0,559.6533192732795
estimators,perfect,latency_ms,-2.5,559.9158192723324
estimators,perfect,latency_ms,-2.0,556.1555731771067
estimators,perfect,latency_ms,-1.5,558.5492263022887
estimators,perfect,latency_ms,-1.0,555.1356450515913
estimators,perfect,latency_ms,-0.5,557.8261559889187
estimators,perfect,latency_ms,0.0,558.9042513032881
estimators,perfect,latency_ms,0.5,559.0746013009765
estimators,perfect,latency_ms,1.0,557.3818528640958
estimators,perfect,latency_ms,1.5,560.1610286454661
estimators,perfect,latency_ms,2.0,560.4519700520132
estimators,perfect,latency_ms,2.5,559.8826575523207
estimators,perfect,latency_ms,3.0,560.2985841148028
estimators,perfect,latency_ms,3.5,559.9198645842579
estimators,perfect,latency_ms,4.0,558.9237825521694
estimators,perfect,latency_ms,4.5,558.3260872373602
estimators,perfect,latency_ms,5.0,556.03465286586
estimators,perfect,latency_ms,5.5,559.5602809879937
estimators,perfect,latency_ms,6.0,562.2141872387647
estimators,perfect,latency_ms,6.5,560.0966942714921
estimators,perfect,latency_ms,7.0,561.6938231748053
estimators,perfect,latency_ms,7.5,558.6785036452101
estimators,perfect,latency_ms,8.0,555.8152888026187
estimators,perfect,latency_ms,8.5,557.8611145803324
estimators,perfect,latency_ms,9.0,555.1394419282177
estimators,perfect,latency_ms,9.5,557.1252442709055
estimators,perfect,latency_ms,10.0,553.4051520827733
estimators,perfect,throughput_bits_per_batch,-5.0,95041.73469387754
estimators,perfect,throughput_bits_per_batch,-4.5,96669.92941176471
estimators,perfect,throughput_bits_per_batch,-4.0,97544.3046875
estimators,perfect,throughput_bits_per_batch,-3.5,97909.734375
estimators,perfect,throughput_bits_per_batch,-3.0,98057.3828125
estimators,perfect,throughput_bits_per_batch,-2.5,98178.609375
estimators,perfect,throughput_bits_per_batch,-2.0,98221.8046875
estimators,perfect,throughput_bits_per_batch,-1.5,98263.671875
estimators,perfect,throughput_bits_per_batch,-1.0,98287.4375
estimators,perfect,throughput_bits_per_batch,-0.5,98291.25
estimators,perfect,throughput_bits_per_batch,0.0,98297.296875
estimators,perfect,throughput_bits_per_batch,0.5,98293.9140625
estimators,perfect,throughput_bits_per_batch,1.0,98296.1640625
estimators,perfect,throughput_bits_per_batch,1.5,98299.078125
estimators,perfect,throughput_bits_per_batch,2.0,98303.9375
estimators,perfect,throughput_bits_per_batch,2.5,98304.0
estimators,perfect,throughput_bits_per_batch,3.0,98297.71875
estimators,perfect,throughput_bits_per_batch,3.5,98304.0
estimators,perfect,throughput_bits_per_batch,4.0,98304.0
estimators,perfect,throughput_bits_per_batch,4.5,98303.8359375
estimators,perfect,throughput_bits_per_batch,5.0,98304.0
estimators,perfect,throughput_bits_per_batch,5.5,98304.0
estimators,perfect,throughput_bits_per_batch,6.0,98304.0
estimators,perfect,throughput_bits_per_batch,6.5,98304.0
estimators,perfect,throughput_bits_per_batch,7.0,98304.0
estimators,perfect,throughput_bits_per_batch,7.5,98304.0
estimators,perfect,throughput_bits_per_batch,8.0,98304.0
estimators,perfect,throughput_bits_per_batch,8.5,98304.0
estimators,perfect,throughput_bits_per_batch,9.0,98304.0
estimators,perfect,throughput_bits_per_batch,9.5,98304.0
estimators,perfect,throughput_bits_per_batch,10.0,98304.0
estimators,perfect,energy_joules_per_batch,-5.0,0.00018645100000000002
estimators,perfect,energy_joules_per_batch,-4.5,0.0001864510000000003
estimators,perfect,energy_joules_per_batch,-4.0,0.00018645100000000043
estimators,perfect,energy_joules_per_batch,-3.5,0.00018645100000000043
estimators,perfect,energy_joules_per_batch,-3.0,0.00018645100000000043
estimators,perfect,energy_joules_per_batch,-2.5,0.00018645100000000043
estimators,perfect,energy_joules_per_batch,-2.0,0.00018645100000000043
estimators,perfect,energy_joules_per_batch,-1.5,0.00018645100000000043
estimators,perfect,energy_joules_per_batch,-1.0,0.00018645100000000043
estimators,perfect,energy_joules_per_batch,-0.5,0.00018645100000000043
estimators,perfect,energy_joules_per_batch,0.0,0.00018645100000000043
estimators,perfect,energy_joules_per_batch,0.5,0.00018645100000000043
estimators,perfect,energy_joules_per_batch,1.0,0.00018645100000000043
estimators,perfect,energy_joules_per_batch,1.5,0.00018645100000000043
estimators,perfect,energy_joules_per_batch,2.0,0.00018645100000000043
estimators,perfect,energy_joules_per_batch,2.5,0.00018645100000000043
estimators,perfect,energy_joules_per_batch,3.0,0.00018645100000000043
estimators,perfect,energy_joules_per_batch,3.5,0.00018645100000000043
estimators,perfect,energy_joules_per_batch,4.0,0.00018645100000000043
estimators,perfect,energy_joules_per_batch,4.5,0.00018645100000000043
estimators,perfect,energy_joules_per_batch,5.0,0.00018645100000000043
estimators,perfect,energy_joules_per_batch,5.5,0.00018645100000000043
estimators,perfect,energy_joules_per_batch,6.0,0.00018645100000000043
estimators,perfect,energy_joules_per_batch,6.5,0.00018645100000000043
estimators,perfect,energy_joules_per_batch,7.0,0.00018645100000000043
estimators,perfect,energy_joules_per_batch,7.5,0.00018645100000000043
estimators,perfect,energy_joules_per_batch,8.0,0.00018645100000000043
estimators,perfect,energy_joules_per_batch,8.5,0.00018645100000000043
estimators,perfect,energy_joules_per_batch,9.0,0.00018645100000000043
estimators,perfect,energy_joules_per_batch,9.5,0.00018645100000000043
estimators,perfect,energy_joules_per_batch,10.0,0.00018645100000000043
estimators,perfect,avg_power_w,-5.0,0.0003037583479127194
estimators,perfect,avg_power_w,-4.5,0.00032022283411887244
estimators,perfect,avg_power_w,-4.0,0.00033050747895322675
estimators,perfect,avg_power_w,-3.5,0.0003300224827154148
estimators,perfect,avg_power_w,-3.0,0.000333154461126239
estimators,perfect,avg_power_w,-2.5,0.00033299827149429795
estimators,perfect,avg_power_w,-2.0,0.00033524971966904205
estimators,perfect,avg_power_w,-1.5,0.00033381301274794443
estimators,perfect,avg_power_w,-1.0,0.00033586566033365177
estimators,perfect,avg_power_w,-0.5,0.00033424571077965784
estimators,perfect,avg_power_w,0.0,0.0003336009693345904
estimators,perfect,avg_power_w,0.5,0.00033349932113912106
estimators,perfect,avg_power_w,1.0,0.0003345121464610403
estimators,perfect,avg_power_w,1.5,0.0003328525021650657
estimators,perfect,avg_power_w,2.0,0.0003326797120236667
estimators,perfect,avg_power_w,2.5,0.00033301799490472107
estimators,perfect,avg_power_w,3.0,0.00033277078558848795
estimators,perfect,avg_power_w,3.5,0.0003329958656466686
estimators,perfect,avg_power_w,4.0,0.00033358931185326193
estimators,perfect,avg_power_w,4.5,0.0003339464235364213
estimators,perfect,avg_power_w,5.0,0.00033532262609715544
estimators,perfect,avg_power_w,5.5,0.0003332098548359994
estimators,perfect,avg_power_w,6.0,0.00033163695301914755
estimators,perfect,avg_power_w,6.5,0.000332890734594522
estimators,perfect,avg_power_w,7.0,0.00033194418793167823
estimators,perfect,avg_power_w,7.5,0.00033373576893233484
estimators,perfect,avg_power_w,8.0,0.000335454968145385
estimators,perfect,avg_power_w,8.5,0.0003342247651375804
estimators,perfect,avg_power_w,9.0,0.0003358633631802178
estimators,perfect,avg_power_w,9.5,0.00033466622077770635
estimators,perfect,avg_power_w,10.0,0.0003369159092543338
estimators,perfect,runtime_sec,-5.0,31.159352599963313
estimators,perfect,runtime_sec,-4.5,51.26865969997016
estimators,perfect,runtime_sec,-4.0,74.8313235999376
estimators,perfect,runtime_sec,-3.5,74.95596780002234
estimators,perfect,runtime_sec,-3.0,74.22959730023285
estimators,perfect,runtime_sec,-2.5,74.25722529992345
estimators,perfect,runtime_sec,-2.0,73.74813080002787
estimators,perfect,runtime_sec,-1.5,74.04092890015454
estimators,perfect,runtime_sec,-1.0,73.61000639994745
estimators,perfect,runtime_sec,-0.5,73.95206340009463
estimators,perfect,runtime_sec,0.0,74.10605529966415
estimators,perfect,runtime_sec,0.5,74.1347137001867
estimators,perfect,runtime_sec,1.0,73.91107030000421
estimators,perfect,runtime_sec,1.5,74.26900960001512
estimators,perfect,runtime_sec,2.0,74.31450830012909
estimators,perfect,runtime_sec,2.5,74.2255513999844
estimators,perfect,runtime_sec,3.0,74.296548500075
estimators,perfect,runtime_sec,3.5,74.2418389999948
estimators,perfect,runtime_sec,4.0,74.11044620015309
estimators,perfect,runtime_sec,4.5,74.01664190011797
estimators,perfect,runtime_sec,5.0,73.73949850007193
estimators,perfect,runtime_sec,5.5,74.19929809990572
estimators,perfect,runtime_sec,6.0,74.54659250000259
estimators,perfect,runtime_sec,6.5,74.27420060010627
estimators,perfect,runtime_sec,7.0,74.47463439987041
estimators,perfect,runtime_sec,7.5,74.09500939989812
estimators,perfect,runtime_sec,8.0,73.7193511001824
estimators,perfect,runtime_sec,8.5,73.96375930009526
estimators,perfect,runtime_sec,9.0,73.62342449999414
estimators,perfect,runtime_sec,9.5,73.8605407999712
estimators,perfect,runtime_sec,10.0,73.40479069991852
estimators,perfect,bit_errors,-5.0,159851.0
estimators,perfect,bit_errors,-4.5,138896.0
estimators,perfect,bit_errors,-4.0,97241.0
estimators,perfect,bit_errors,-3.5,50466.0
estimators,perfect,bit_errors,-3.0,31567.0
estimators,perfect,bit_errors,-2.5,16050.0
estimators,perfect,bit_errors,-2.0,10521.0
estimators,perfect,bit_errors,-1.5,5162.0
estimators,perfect,bit_errors,-1.0,2120.0
estimators,perfect,bit_errors,-0.5,1632.0
estimators,perfect,bit_errors,0.0,858.0
estimators,perfect,bit_errors,0.5,1291.0
estimators,perfect,bit_errors,1.0,1003.0
estimators,perfect,bit_errors,1.5,630.0
estimators,perfect,bit_errors,2.0,8.0
estimators,perfect,bit_errors,2.5,0.0
estimators,perfect,bit_errors,3.0,804.0
estimators,perfect,bit_errors,3.5,0.0
estimators,perfect,bit_errors,4.0,0.0
estimators,perfect,bit_errors,4.5,21.0
estimators,perfect,bit_errors,5.0,0.0
estimators,perfect,bit_errors,5.5,0.0
estimators,perfect,bit_errors,6.0,0.0
estimators,perfect,bit_errors,6.5,0.0
estimators,perfect,bit_errors,7.0,0.0
estimators,perfect,bit_errors,7.5,0.0
estimators,perfect,bit_errors,8.0,0.0
estimators,perfect,bit_errors,8.5,0.0
estimators,perfect,bit_errors,9.0,0.0
estimators,perfect,bit_errors,9.5,0.0
estimators,perfect,bit_errors,10.0,0.0
estimators,perfect,total_bits,-5.0,4816896.0
estimators,perfect,total_bits,-4.5,8355840.0
estimators,perfect,total_bits,-4.0,12582912.0
estimators,perfect,total_bits,-3.5,12582912.0
estimators,perfect,total_bits,-3.0,12582912.0
estimators,perfect,total_bits,-2.5,12582912.0
estimators,perfect,total_bits,-2.0,12582912.0
estimators,perfect,total_bits,-1.5,12582912.0
estimators,perfect,total_bits,-1.0,12582912.0
estimators,perfect,total_bits,-0.5,12582912.0
estimators,perfect,total_bits,0.0,12582912.0
estimators,perfect,total_bits,0.5,12582912.0
estimators,perfect,total_bits,1.0,12582912.0
estimators,perfect,total_bits,1.5,12582912.0
estimators,perfect,total_bits,2.0,12582912.0
estimators,perfect,total_bits,2.5,12582912.0
estimators,perfect,total_bits,3.0,12582912.0
estimators,perfect,total_bits,3.5,12582912.0
estimators,perfect,total_bits,4.0,12582912.0
estimators,perfect,total_bits,4.5,12582912.0
estimators,perfect,total_bits,5.0,12582912.0
estimators,perfect,total_bits,5.5,12582912.0
estimators,perfect,total_bits,6.0,12582912.0
estimators,perfect,total_bits,6.5,12582912.0
estimators,perfect,total_bits,7.0,12582912.0
estimators,perfect,total_bits,7.5,12582912.0
estimators,perfect,total_bits,8.0,12582912.0
estimators,perfect,total_bits,8.5,12582912.0
estimators,perfect,total_bits,9.0,12582912.0
estimators,perfect,total_bits,9.5,12582912.0
estimators,perfect,total_bits,10.0,12582912.0
estimators,perfect,block_errors,-5.0,1028.0
estimators,perfect,block_errors,-4.5,1002.0
estimators,perfect,block_errors,-4.0,728.0
estimators,perfect,block_errors,-3.5,368.0
estimators,perfect,block_errors,-3.0,213.0
estimators,perfect,block_errors,-2.5,103.0
estimators,perfect,block_errors,-2.0,77.0
estimators,perfect,block_errors,-1.5,36.0
estimators,perfect,block_errors,-1.0,19.0
estimators,perfect,block_errors,-0.5,13.0
estimators,perfect,block_errors,0.0,11.0
estimators,perfect,block_errors,0.5,8.0
estimators,perfect,block_errors,1.0,7.0
estimators,perfect,block_errors,1.5,3.0
estimators,perfect,block_errors,2.0,2.0
estimators,perfect,block_errors,2.5,0.0
estimators,perfect,block_errors,3.0,3.0
estimators,perfect,block_errors,3.5,0.0
estimators,perfect,block_errors,4.0,0.0
estimators,perfect,block_errors,4.5,1.0
estimators,perfect,block_errors,5.0,0.0
estimators,perfect,block_errors,5.5,0.0
estimators,perfect,block_errors,6.0,0.0
estimators,perfect,block_errors,6.5,0.0
estimators,perfect,block_errors,7.0,0.0
estimators,perfect,block_errors,7.5,0.0
estimators,perfect,block_errors,8.0,0.0
estimators,perfect,block_errors,8.5,0.0
estimators,perfect,block_errors,9.0,0.0
estimators,perfect,block_errors,9.5,0.0
estimators,perfect,block_errors,10.0,0.0
estimators,perfect,total_blocks,-5.0,3136.0
estimators,perfect,total_blocks,-4.5,5440.0
estimators,perfect,total_blocks,-4.0,8192.0
estimators,perfect,total_blocks,-3.5,8192.0
estimators,perfect,total_blocks,-3.0,8192.0
estimators,perfect,total_blocks,-2.5,8192.0
estimators,perfect,total_blocks,-2.0,8192.0
estimators,perfect,total_blocks,-1.5,8192.0
estimators,perfect,total_blocks,-1.0,8192.0
estimators,perfect,total_blocks,-0.5,8192.0
estimators,perfect,total_blocks,0.0,8192.0
estimators,perfect,total_blocks,0.5,8192.0
estimators,perfect,total_blocks,1.0,8192.0
estimators,perfect,total_blocks,1.5,8192.0
estimators,perfect,total_blocks,2.0,8192.0
estimators,perfect,total_blocks,2.5,8192.0
estimators,perfect,total_blocks,3.0,8192.0
estimators,perfect,total_blocks,3.5,8192.0
estimators,perfect,total_blocks,4.0,8192.0
estimators,perfect,total_blocks,4.5,8192.0
estimators,perfect,total_blocks,5.0,8192.0
estimators,perfect,total_blocks,5.5,8192.0
estimators,perfect,total_blocks,6.0,8192.0
estimators,perfect,total_blocks,6.5,8192.0
estimators,perfect,total_blocks,7.0,8192.0
estimators,perfect,total_blocks,7.5,8192.0
estimators,perfect,total_blocks,8.0,8192.0
estimators,perfect,total_blocks,8.5,8192.0
estimators,perfect,total_blocks,9.0,8192.0
estimators,perfect,total_blocks,9.5,8192.0
estimators,perfect,total_blocks,10.0,8192.0
estimators,perfect,num_batches,-5.0,49.0
estimators,perfect,num_batches,-4.5,85.0
estimators,perfect,num_batches,-4.0,128.0
estimators,perfect,num_batches,-3.5,128.0
estimators,perfect,num_batches,-3.0,128.0
estimators,perfect,num_batches,-2.5,128.0
estimators,perfect,num_batches,-2.0,128.0
estimators,perfect,num_batches,-1.5,128.0
estimators,perfect,num_batches,-1.0,128.0
estimators,perfect,num_batches,-0.5,128.0
estimators,perfect,num_batches,0.0,128.0
estimators,perfect,num_batches,0.5,128.0
estimators,perfect,num_batches,1.0,128.0
estimators,perfect,num_batches,1.5,128.0
estimators,perfect,num_batches,2.0,128.0
estimators,perfect,num_batches,2.5,128.0
estimators,perfect,num_batches,3.0,128.0
estimators,perfect,num_batches,3.5,128.0
estimators,perfect,num_batches,4.0,128.0
estimators,perfect,num_batches,4.5,128.0
estimators,perfect,num_batches,5.0,128.0
estimators,perfect,num_batches,5.5,128.0
estimators,perfect,num_batches,6.0,128.0
estimators,perfect,num_batches,6.5,128.0
estimators,perfect,num_batches,7.0,128.0
estimators,perfect,num_batches,7.5,128.0
estimators,perfect,num_batches,8.0,128.0
estimators,perfect,num_batches,8.5,128.0
estimators,perfect,num_batches,9.0,128.0
estimators,perfect,num_batches,9.5,128.0
estimators,perfect,num_batches,10.0,128.0
estimators,perfect,stop_reason,-5.0,target_block_errors
estimators,perfect,stop_reason,-4.5,target_block_errors
estimators,perfect,stop_reason,-4.0,max_batches
estimators,perfect,stop_reason,-3.5,max_batches
estimators,perfect,stop_reason,-3.0,max_batches
estimators,perfect,stop_reason,-2.5,max_batches
estimators,perfect,stop_reason,-2.0,max_batches
estimators,perfect,stop_reason,-1.5,max_batches
estimators,perfect,stop_reason,-1.0,max_batches
estimators,perfect,stop_reason,-0.5,max_batches
estimators,perfect,stop_reason,0.0,max_batches
estimators,perfect,stop_reason,0.5,max_batches
estimators,perfect,stop_reason,1.0,max_batches
estimators,perfect,stop_reason,1.5,max_batches
estimators,perfect,stop_reason,2.0,max_batches
estimators,perfect,stop_reason,2.5,max_batches
estimators,perfect,stop_reason,3.0,max_batches
estimators,perfect,stop_reason,3.5,max_batches
estimators,perfect,stop_reason,4.0,max_batches
estimators,perfect,stop_reason,4.5,max_batches
estimators,perfect,stop_reason,5.0,max_batches
estimators,perfect,stop_reason,5.5,max_batches
estimators,perfect,stop_reason,6.0,max_batches
estimators,perfect,stop_reason,6.5,max_batches
estimators,perfect,stop_reason,7.0,max_batches
estimators,perfect,stop_reason,7.5,max_batches
estimators,perfect,stop_reason,8.0,max_batches
estimators,perfect,stop_reason,8.5,max_batches
estimators,perfect,stop_reason,9.0,max_batches
estimators,perfect,stop_reason,9.5,max_batches
estimators,perfect,stop_reason,10.0,max_batches
estimators,perfect,point_status,-5.0,resolved
estimators,perfect,point_status,-4.5,resolved
estimators,perfect,point_status,-4.0,resolved
estimators,perfect,point_status,-3.5,resolved
estimators,perfect,point_status,-3.0,resolved
estimators,perfect,point_status,-2.5,resolved
estimators,perfect,point_status,-2.0,resolved
estimators,perfect,point_status,-1.5,resolved
estimators,perfect,point_status,-1.0,resolved
estimators,perfect,point_status,-0.5,resolved
estimators,perfect,point_status,0.0,resolved
estimators,perfect,point_status,0.5,resolved
estimators,perfect,point_status,1.0,resolved
estimators,perfect,point_status,1.5,resolved
estimators,perfect,point_status,2.0,upper_bound_only
estimators,perfect,point_status,2.5,upper_bound_only
estimators,perfect,point_status,3.0,resolved
estimators,perfect,point_status,3.5,upper_bound_only
estimators,perfect,point_status,4.0,upper_bound_only
estimators,perfect,point_status,4.5,upper_bound_only
estimators,perfect,point_status,5.0,upper_bound_only
estimators,perfect,point_status,5.5,upper_bound_only
estimators,perfect,point_status,6.0,upper_bound_only
estimators,perfect,point_status,6.5,upper_bound_only
estimators,perfect,point_status,7.0,upper_bound_only
estimators,perfect,point_status,7.5,upper_bound_only
estimators,perfect,point_status,8.0,upper_bound_only
estimators,perfect,point_status,8.5,upper_bound_only
estimators,perfect,point_status,9.0,upper_bound_only
estimators,perfect,point_status,9.5,upper_bound_only
estimators,perfect,point_status,10.0,upper_bound_only
estimators,perfect,runtime_total_sec,,2231.5807399006153
