sample_id,pos_x,pos_y,pos_z,path_0_mag,path_0_delay,path_1_mag,path_1_delay,path_2_mag,path_2_delay,path_3_mag,path_3_delay,path_4_mag,path_4_delay,path_5_mag,path_5_delay,path_6_mag,path_6_delay,path_7_mag,path_7_delay,path_8_mag,path_8_delay,path_9_mag,path_9_delay
0,0.6834970646947234,4.581951707499556,1.0,5.341409e-05,6.319394e-08,4.4106953e-05,2.1033841e-11,4.13228e-05,0.0,1.9957712e-05,7.633556e-08,1.2308647e-05,5.560427e-09,8.443576e-06,7.651281e-08,7.868128e-06,4.8862123e-09,7.1743266e-06,4.869225e-09,6.5727445e-06,4.869225e-09,5.1626307e-06,4.90233e-08
1,-5.585168993849896,-10.340889993604838,1.0,3.1780015e-05,1.1128701e-07,2.2309252e-05,1.1517075e-07,2.1805785e-05,0.0,1.9203717e-05,1.1505931e-07,1.9189554e-05,7.34791e-08,9.37109e-06,1.15768785e-07,7.14804e-06,1.2589247e-08,5.2903756e-06,3.316605e-08,4.7706994e-06,6.8126994e-08,3.2520943e-06,8.36792e-08
2,4.670655300572726,0.5922714437746279,1.0,0.000799887,0.0,0.00016347514,4.8532712e-08,0.00013219296,4.8326854e-09,0.0001321905,4.8326854e-09,3.0393101e-05,1.0356182e-08,2.7914306e-05,1.6225269e-07,2.7188344e-05,8.618654e-08,2.255547e-05,5.895169e-09,2.2554848e-05,5.895169e-09,1.8048517e-05,6.335253e-08
3,-0.26541650591162735,4.315769256250908,1.0,5.210069e-05,6.6883786e-08,2.0616922e-05,7.38702e-08,2.0362162e-05,0.0,7.590838e-06,7.007504e-09,5.1237002e-06,5.0212687e-09,4.6992213e-06,5.0212687e-09,4.368353e-06,5.063089e-08,3.2528474e-06,7.90488e-08,2.2666204e-06,8.024624e-08,1.8752053e-06,9.111078e-08
4,-8.39227719109495,-3.871123072461213,1.0,1.13248625e-05,0.0,5.9161694e-06,7.9597925e-08,4.3053037e-06,1.15006706e-07,4.0133705e-06,2.8085196e-09,2.3095145e-06,3.1633292e-09,2.309409e-06,3.1633327e-09,1.9383647e-06,4.3407383e-08,1.5502252e-06,6.0973946e-09,1.5092616e-06,7.142205e-09,8.439024e-07,5.746653e-09
5,-5.0683040185070025,-7.0847005947333335,1.0,3.2803036e-05,1.2033962e-07,1.9181298e-05,1.2992751e-07,9.365136e-06,1.3061333e-07,6.022203e-06,3.154787e-08,5.3759145e-06,3.9836912e-08,5.0835347e-06,1.2165268e-07,3.4518198e-06,0.0,2.9981793e-06,1.3116346e-07,2.9350917e-06,1.3116346e-07,2.6195748e-06,9.639705e-08
6,-8.318217211633957,1.2555666871197761,1.0,3.619213e-05,1.0866547e-07,3.4711637e-05,8.193144e-08,3.4418048e-05,8.193144e-08,2.9062277e-05,0.0,1.5207855e-05,1.0945947e-07,6.4440824e-06,2.6303308e-08,5.2974106e-06,3.3954173e-09,5.297225e-06,3.3954137e-09,5.170677e-06,2.6062605e-07,4.542688e-06,5.3904955e-08
7,4.901928535600984,3.5463755348130857,1.0,0.000537085,0.0,0.00016084126,4.5177515e-08,8.761867e-05,4.2293244e-09,8.761774e-05,4.2293244e-09,2.2372264e-05,5.041526e-08,2.2093529e-05,9.3021484e-08,2.0423906e-05,4.6763304e-08,1.6344147e-05,4.6763304e-08,1.5845171e-05,5.1841234e-09,1.4809489e-05,7.333778e-08
8,-10.299622562796175,9.251850767542813,1.0,9.140897e-05,7.438285e-08,3.544813e-05,8.855748e-08,3.5331097e-05,7.5288135e-08,3.388477e-05,7.5288135e-08,2.1060241e-05,8.240702e-08,1.8785233e-05,0.0,1.4461472e-05,8.936943e-08,6.3702187e-06,1.6099662e-08,5.8636338e-06,7.654449e-08,3.113094e-06,9.147241e-08
9,-11.475964413615037,-5.966707820976612,1.0,9.400118e-05,7.884708e-08,4.413677e-05,9.272536e-08,3.807745e-05,8.5556636e-08,3.6165344e-05,7.97411e-08,1.8641887e-05,9.352995e-08,1.8389157e-05,9.8789485e-08,1.4846783e-05,8.6405066e-08,6.821035e-06,1.4603377e-07,5.312526e-06,3.0166106e-08,3.87957e-06,9.464861e-08
10,-8.413891252337486,10.530670177600285,1.0,9.238394e-05,7.072045e-08,3.4457193e-05,7.166265e-08,3.340303e-05,9.68157e-08,3.262318e-05,7.166266e-08,2.5044897e-05,7.619627e-08,1.9254046e-05,0.0,1.4325309e-05,9.758783e-08,7.0087635e-06,1.0503857e-08,6.0648636e-06,1.997919e-08,5.0363587e-06,7.2917814e-08
11,-11.408745653001969,6.576492442144289,1.0,9.338966e-05,7.822382e-08,3.7755795e-05,8.535508e-08,3.6090296e-05,7.9116944e-08,2.3705972e-05,1.1540381e-07,1.967034e-05,0.0,1.4417804e-05,7.952953e-08,7.5564617e-06,6.1942664e-09,7.554425e-06,2.4346272e-07,6.9694574e-06,1.4358535e-07,5.834068e-06,8.666382e-08
12,-5.99727660890117,-2.361760700580813,1.0,0.00011258294,7.924664e-08,3.568686e-05,0.0,3.3789653e-05,8.030551e-08,1.5243772e-05,1.2304112e-07,7.5952903e-06,4.069882e-09,7.5951166e-06,4.069882e-09,5.763403e-06,3.9948915e-08,5.565726e-06,5.8374336e-09,4.089914e-06,6.90798e-08,3.0889823e-06,1.1413831e-07
13,-1.867508209177636,-8.397426561777687,1.0,1.860219e-05,7.454684e-08,1.2104996e-05,0.0,5.6767312e-06,7.55895e-08,4.9303635e-06,1.9200215e-09,4.4931376e-06,1.0318054e-08,4.0067694e-06,1.3936537e-07,3.687266e-06,2.5658988e-08,3.6333358e-06,1.0449327e-08,2.436374e-06,3.3397534e-09,2.4362816e-06,3.339757e-09
14,8.230724124190157,-10.73758094302169,1.0,0.00022525253,0.0,0.00012825752,2.0687747e-08,2.154294e-05,2.2310655e-08,1.5548618e-05,8.5293436e-08,1.2805804e-05,2.3077504e-09,1.2803245e-05,2.3077504e-09,8.65425e-06,1.0592913e-08,8.39361e-06,2.9050238e-08,6.7549386e-06,1.1400719e-08,6.3038883e-06,8.6131436e-08
15,7.079634871719275,0.060977473852712905,1.0,0.00079249707,0.0,0.00012645303,3.8314116e-09,0.00012645252,3.8314116e-09,2.7703376e-05,8.509895e-09,2.6753049e-05,1.6373967e-07,2.5141288e-05,7.650564e-08,2.3916467e-05,4.710321e-09,1.5205533e-05,3.1237285e-08,8.562231e-06,3.5913196e-08,7.6264623e-06,7.757381e-08
16,2.972110562429437,-7.853744771142282,1.0,0.00013192926,4.811453e-08,4.4437995e-05,6.3038094e-08,3.0020952e-05,0.0,2.805996e-05,1.480991e-07,2.7013379e-05,4.950818e-08,2.313544e-05,2.8534437e-08,1.16939145e-05,6.4213616e-08,8.830065e-06,3.2558468e-08,6.8169884e-06,2.1630709e-07,5.736715e-06,1.2816261e-07
17,7.631686149278337,-8.136756113383155,1.0,0.0003104521,0.0,0.0001473086,2.5822327e-08,4.5509532e-05,2.363603e-08,4.1902385e-05,4.2312966e-08,3.3211636e-05,2.7209772e-09,2.0660595e-05,2.7503216e-08,1.8479066e-05,1.612118e-07,1.144768e-05,2.7503216e-08,8.9118585e-06,4.366132e-08,7.698394e-06,3.369074e-09
18,-9.118635637537174,-6.038560810084013,1.0,1.8427962e-05,1.120658e-07,1.7600047e-05,9.288646e-08,6.636806e-06,1.9379435e-08,5.975541e-06,2.490944e-07,5.482192e-06,3.25946e-08,3.3588476e-06,0.0,2.9671635e-06,2.765887e-09,2.5510817e-06,4.4729894e-08,2.1415176e-06,7.821734e-08,1.7344814e-06,7.845166e-08
19,2.9954063693826303,-2.612676690104829,1.0,0.00044830266,0.0,7.510694e-05,5.197263e-09,7.510539e-05,5.1972613e-09,3.145312e-05,8.674599e-08,2.8767392e-05,1.5868079e-07,2.377297e-05,9.971877e-08,1.7774397e-05,1.0987545e-08,1.26674995e-05,7.479242e-08,1.2380884e-05,6.320395e-09,1.2380495e-05,6.3203967e-09
20,-5.996438589714905,0.17989978172617782,1.0,0.000112884554,8.0200806e-08,3.7545193e-05,0.0,3.4316312e-05,1.2333523e-07,3.295207e-05,8.126267e-08,1.5223911e-05,1.2408822e-07,1.3973332e-05,1.4558634e-07,8.199692e-06,4.2505626e-09,8.199532e-06,4.2505626e-09,5.3584254e-06,2.5919257e-07,2.9873659e-06,8.273155e-08
21,9.883211433671644,10.804074976628087,1.0,0.00024948354,0.0,0.00013126283,1.2766591e-08,7.782625e-05,8.588621e-09,1.950126e-05,1.44979495e-08,1.5654314e-05,7.398028e-08,9.874733e-06,9.660816e-09,9.725094e-06,1.0438548e-08,9.72507e-06,1.0438548e-08,9.599648e-06,2.137768e-08,8.571925e-06,1.44979495e-08
22,7.806439169629307,-4.306725474509037,1.0,0.0005509778,0.0,0.00017650609,2.8014924e-08,7.8977566e-05,3.2513725e-09,7.897606e-05,3.2513725e-09,3.2740652e-05,4.237522e-08,1.8521456e-05,6.944615e-08,1.6263915e-05,4.0130494e-09,1.1796379e-05,2.8501475e-08,7.951474e-06,5.935172e-08,7.766918e-06,2.982368e-08
23,11.108039269142623,2.495843535838521,1.0,0.00059554365,0.0,0.00021355439,8.682729e-09,6.1042374e-05,2.675307e-09,6.1037485e-05,2.6753106e-09,3.7626138e-05,4.4517055e-08,2.6498072e-05,5.9561803e-08,2.6379128e-05,4.8967816e-08,2.5066e-05,1.6418835e-07,2.0421534e-05,6.336836e-08,1.6131291e-05,1.0905968e-08
24,-3.5974612998592574,-3.3695444613665124,1.0,2.5182817e-05,1.1385312e-07,1.8669421e-05,7.7111565e-08,1.0524719e-05,1.14674634e-07,8.331838e-06,2.4157845e-07,8.198313e-06,4.923102e-09,8.198046e-06,4.923102e-09,5.179687e-06,7.722029e-08,5.1591164e-06,5.079227e-08,3.2939756e-06,7.842493e-08,2.8844918e-06,1.0331529e-08
25,-7.029229358925096,7.6613047991138075,1.0,0.000101947655,7.3499265e-08,3.471388e-05,7.45002e-08,3.3914665e-05,1.0904552e-07,3.2969954e-05,7.45002e-08,2.4300607e-05,0.0,1.7736204e-05,8.59655e-08,6.079877e-06,2.6658142e-08,5.175048e-06,7.577751e-08,4.3091713e-06,7.588664e-08,3.4529564e-06,8.569551e-08
26,-6.84181204929615,-7.989431074861978,1.0,4.901365e-05,8.361823e-08,3.4589022e-05,7.3781436e-08,3.3651762e-05,1.09475195e-07,2.405607e-05,0.0,1.7887342e-05,8.453314e-08,6.1955866e-06,2.5059602e-08,5.772946e-06,2.9966916e-08,3.3096114e-06,2.8554794e-09,2.8578525e-06,9.417836e-08,2.7228543e-06,8.580261e-08
27,7.559318896562342,1.9797989565654603,1.0,0.00071474566,0.0,0.00018379472,3.0768426e-08,0.00011058421,3.5808192e-09,0.000110583256,3.5808192e-09,2.7794598e-05,6.7973836e-08,2.6768066e-05,5.2633055e-08,2.4404377e-05,8.020898e-09,2.2654664e-05,7.870651e-08,2.1621361e-05,4.4100226e-09,2.162089e-05,4.4100226e-09
28,-6.219857756673852,-3.085386393167685,1.0,3.378502e-05,0.0,2.8157849e-05,1.1516299e-10,1.1726051e-05,1.14770245e-07,8.18595e-06,3.981686e-09,8.185743e-06,3.981686e-09,6.96481e-06,3.8810697e-09,6.5183644e-06,1.479235e-07,5.3348654e-06,8.111866e-08,3.0659562e-06,8.1399726e-08,3.0291528e-06,1.1487357e-07
29,-3.437412817356037,-2.3597984546301074,1.0,4.685337e-05,0.0,3.2575717e-05,1.3681361e-07,2.6363386e-05,1.1303226e-07,1.1298089e-05,5.0986575e-09,1.0776043e-05,1.13870584e-07,3.5090613e-06,1.0818834e-08,3.3505355e-06,1.13992115e-07,3.3331596e-06,7.9475114e-08,3.1693387e-06,1.1395613e-07,2.6190592e-06,3.5879534e-08
30,-0.4940600204286767,5.292036718423191,1.0,5.058892e-05,6.568188e-08,2.039937e-05,7.11447e-08,1.8962672e-05,0.0,8.079653e-06,7.897059e-08,6.363434e-06,1.746006e-09,4.3646146e-06,4.491045e-08,4.2006036e-06,4.5483013e-09,4.0090704e-06,4.5482995e-09,3.0802764e-06,7.974495e-08,1.7243059e-06,8.717267e-08
31,-8.374579826597344,1.0063372529557668,1.0,0.000105520274,8.103362e-08,3.6227593e-05,1.0838848e-07,3.4660257e-05,8.2021174e-08,3.4426237e-05,8.2021174e-08,2.8999377e-05,0.0,1.5201394e-05,1.09183674e-07,6.4516307e-06,2.599868e-08,5.273926e-06,3.3887808e-09,5.2737114e-06,3.3887808e-09,5.197566e-06,2.6048937e-07
32,6.245231684648775,-6.539931346116243,1.0,0.00035632413,0.0,0.00015325742,3.4600735e-08,5.049679e-05,3.216563e-09,5.0495608e-05,3.216563e-09,3.830367e-05,5.580493e-08,3.3301745e-05,3.337672e-08,2.1385491e-05,3.6227487e-08,1.8989007e-05,9.014275e-08,1.403597e-05,3.6227487e-08,1.1495313e-05,7.2904456e-09
33,-7.302847003577027,4.582908536914967,1.0,4.0011037e-05,9.646209e-08,3.5072775e-05,1.1215705e-07,2.848299e-05,0.0,1.5612455e-05,9.7327316e-08,6.1086994e-06,3.0717818e-08,5.2503888e-06,4.184643e-08,5.079705e-06,3.334229e-09,4.682331e-06,1.8028088e-07,3.4193322e-06,9.717603e-08,2.0335813e-06,8.40552e-08
34,1.520268811848183,-11.256336673364915,1.0,0.00011046311,4.7705203e-08,6.8592395e-05,0.0,2.8737548e-05,4.8962402e-08,2.7735827e-05,1.362436e-07,2.2364236e-05,7.845934e-09,1.7077184e-05,1.0453121e-07,1.494185e-05,1.3687318e-07,7.0664396e-06,2.6805047e-09,7.0658834e-06,2.6805047e-09,6.6092766e-06,1.1153401e-07
35,-5.25462075975579,6.3217717053879205,1.0,4.3798304e-05,8.885531e-08,3.316184e-05,1.2083174e-07,2.9612329e-05,0.0,1.5844778e-05,8.978396e-08,1.5664718e-05,8.978396e-08,5.794108e-06,3.5588975e-08,5.501184e-06,3.4531844e-09,5.4628786e-06,3.993781e-08,3.766272e-06,1.7850783e-07,3.6539561e-06,8.955724e-08
36,7.12435871164141,1.586747615026745,1.0,0.0007458812,0.0,0.00018093338,3.3567197e-08,0.000118103344,3.753895e-09,0.00011810334,3.753895e-09,2.7428587e-05,7.1397025e-08,2.6771924e-05,1.6332329e-07,2.590299e-05,8.359811e-09,2.4956886e-05,5.4954036e-08,2.3280378e-05,7.993197e-08,2.2557293e-05,4.6175845e-09
37,9.69437426607547,-10.308568936067296,1.0,0.00026252223,0.0,7.18161e-05,1.1158058e-08,4.7780675e-05,2.2962553e-08,1.9429312e-05,1.5674154e-08,1.9270643e-05,1.5644252e-07,1.5811176e-05,7.3810135e-08,1.528877e-05,8.0005925e-08,1.1305787e-05,2.2181617e-09,9.1874035e-06,1.2978489e-08,9.185537e-06,1.29784965e-08
38,7.4390423819653755,4.382007574691356,1.0,0.00054228253,0.0,0.00017359047,3.009027e-08,7.956228e-05,3.3307792e-09,7.956089e-05,3.3307792e-09,3.219036e-05,5.957945e-08,3.1735886e-05,4.258156e-08,2.0346835e-05,8.3216065e-08,1.7886941e-05,7.521994e-09,1.6164553e-05,4.1089585e-09,1.6164022e-05,4.108955e-09
39,-9.762456553762101,9.659291452490326,1.0,9.1670925e-05,7.337224e-08,3.509247e-05,7.428768e-08,3.4820907e-05,9.0961116e-08,3.3536257e-05,7.428768e-08,2.1178626e-05,8.060115e-08,1.892571e-05,0.0,1.4420658e-05,9.1761144e-08,6.604582e-06,1.392695e-08,6.5576533e-06,1.4390757e-08,5.2040455e-06,7.555652e-08
40,2.1242042902587386,-10.93906542447934,1.0,0.00011335999,4.6134403e-08,8.2654886e-05,0.0,2.8244376e-05,4.7424102e-08,2.1172233e-05,1.410837e-07,1.8120385e-05,5.228376e-08,1.7128652e-05,1.0323694e-07,1.4670082e-05,6.11626e-08,8.861903e-06,2.7234606e-09,8.713421e-06,2.066801e-07,4.5856564e-06,5.396565e-08
41,6.592029950142766,2.213088676757172,1.0,0.0007116756,0.0,0.00017591481,3.6508908e-08,0.00011399957,3.877213e-09,0.00011399906,3.877213e-09,2.7010676e-05,1.6262703e-07,2.4694868e-05,5.3484115e-08,2.2818915e-05,8.3640856e-08,2.1440686e-05,4.7650506e-09,2.1440677e-05,4.765054e-09,1.4201348e-05,3.8243762e-08
42,-5.99560685576981,-6.201619179184636,1.0,6.287531e-06,1.4775941e-07,5.724704e-06,3.543931e-08,5.1396e-06,7.560581e-08,5.075367e-06,3.3330103e-09,4.9422265e-06,0.0,2.8161585e-06,1.2967949e-07,2.3383332e-06,5.8441533e-08,2.041925e-06,4.8078736e-08,1.6997893e-06,2.8916109e-08,1.0737284e-06,4.111648e-09
43,8.94093440496621,-5.078427110588036,1.0,0.0005026329,0.0,0.00017888573,2.0941872e-08,6.178515e-05,2.9083722e-09,6.178203e-05,2.9083687e-09,3.895404e-05,3.7246252e-08,3.2556432e-05,4.958737e-08,1.9438296e-05,6.871393e-08,1.4765884e-05,6.6543038e-09,1.3633329e-05,3.5972576e-09,1.149483e-05,2.6638617e-08
44,-6.88247810978327,1.4661486740955159,1.0,0.00011004219,8.029395e-08,3.5057932e-05,1.17525126e-07,3.4033408e-05,8.132601e-08,3.363449e-05,8.132601e-08,3.3445063e-05,0.0,1.5241978e-05,1.1829295e-07,6.8501963e-06,3.8469086e-09,6.850032e-06,3.8469086e-09,6.000482e-06,3.5082067e-08,5.182423e-06,2.6035357e-07
45,8.123911519991044,9.113209285654026,1.0,0.00027917905,0.0,0.00014095381,2.249903e-08,5.3263804e-05,1.814307e-08,4.4751658e-05,3.560102e-08,2.5516258e-05,1.5384875e-07,2.3903936e-05,2.5221851e-09,2.0723997e-05,2.4179954e-08,1.6552967e-05,8.479812e-08,1.49513235e-05,7.487673e-08,7.284545e-06,3.700665e-08
46,-8.734396564268065,-10.91917063539536,1.0,5.8654983e-05,7.415025e-08,3.4408553e-05,7.14426e-08,3.3369517e-05,9.4495874e-08,2.1898082e-05,7.505402e-08,1.8613984e-05,0.0,7.890193e-06,1.2421198e-07,7.1590466e-06,8.346252e-09,6.1496953e-06,1.8183556e-08,3.3429606e-06,8.459091e-08,3.1011048e-06,7.5512276e-08
47,-4.382381324059863,5.877338597132841,1.0,3.2698765e-05,1.2614302e-07,6.4985657e-06,3.742631e-09,5.705214e-06,3.892851e-08,5.276061e-06,4.4888974e-08,3.740879e-06,1.8425793e-07,3.7274185e-06,9.056728e-08,1.9569761e-06,3.0848405e-08,1.8626959e-06,3.0757136e-07,1.8156006e-06,9.670491e-08,1.5719423e-06,8.5449344e-08
48,-4.088932985425186,9.87312621787163,1.0,5.4900007e-05,7.211548e-08,3.1131756e-05,1.1915002e-07,2.3725219e-05,0.0,1.7483177e-05,7.3120766e-08,1.5505011e-05,6.65247e-08,9.836824e-06,1.5471355e-07,8.124624e-06,2.2813342e-07,6.937423e-06,1.2779546e-07,6.753578e-06,2.308644e-07,4.9888336e-06,4.022001e-08
49,1.421203047587408,-7.133695917037422,1.0,5.051678e-05,5.5557692e-08,2.1215572e-05,5.7128773e-08,1.718952e-05,8.289576e-08,1.4681909e-05,0.0,1.3772692e-05,7.188709e-08,1.0686805e-05,5.6883685e-08,1.0489567e-05,5.6883678e-08,6.6884018e-06,3.356491e-08,6.1732985e-06,7.892678e-08,6.1723103e-06,5.3825744e-10
50,1.97231488719828,-3.3660743731010356,1.0,0.00024182886,0.0,0.00014468134,6.0128684e-08,4.059736e-05,5.2346856e-09,4.0596355e-05,5.2346856e-09,2.5733452e-05,6.1528816e-08,2.3307586e-05,1.0396249e-07,2.314745e-05,6.152882e-08,1.093002e-05,7.714336e-08,9.636052e-06,1.1051178e-08,8.953598e-06,1.04866714e-07
51,10.111933048960296,2.7325592686607507,1.0,0.00061419205,0.0,0.00020319108,1.4823403e-08,7.344661e-05,2.8652067e-09,7.344253e-05,2.8652032e-09,3.549012e-05,4.525941e-08,2.7421389e-05,5.2938862e-08,2.54634e-05,1.6376129e-07,2.4308565e-05,6.196268e-08,2.0689575e-05,6.843703e-08,1.77117e-05,6.563898e-09
52,8.915107373424682,-5.243536310019241,1.0,0.00049242243,0.0,0.00017742565,2.0998108e-08,6.0019316e-05,2.8946978e-09,6.0016293e-05,2.8947014e-09,3.9426373e-05,3.6530086e-08,3.2933658e-05,4.9030728e-08,1.9227386e-05,6.9026115e-08,1.9014624e-05,7.804816e-08,1.4503672e-05,2.2886123e-08,1.4383817e-05,6.6257115e-09
53,10.284626867026947,-1.309391013142628,1.0,0.0006546588,0.0,7.9511956e-05,2.8891058e-09,3.2294083e-05,5.0108337e-08,2.6941156e-05,5.809827e-08,2.522208e-05,5.6911727e-08,1.7624852e-05,3.573831e-09,1.5026423e-05,2.6527832e-08,9.4525285e-06,1.6120847e-08,9.448697e-06,1.6120847e-08,8.172884e-06,5.1375462e-08
54,3.1082953125001893,0.4759702554176428,1.0,0.0006819229,0.0,0.00011805491,5.6240292e-09,2.891686e-05,1.1700713e-08,2.8700335e-05,1.6068718e-07,1.8655785e-05,6.8138863e-09,1.8654962e-05,6.813888e-09,1.1294262e-05,3.741937e-08,4.558009e-06,1.2946467e-08,4.493794e-06,1.6703557e-07,3.9908305e-06,7.774525e-08
55,10.795974400905902,10.782669340815978,1.0,0.00026109832,0.0,0.00013333897,8.346511e-09,8.421625e-05,8.4071985e-09,4.840938e-05,1.5734678e-08,2.4151765e-05,1.537737e-07,1.8336146e-05,1.0145101e-08,1.6620088e-05,7.276788e-08,1.46036e-05,7.649289e-08,1.1609624e-05,1.0204047e-08,6.8633253e-06,2.1132138e-08
56,-4.552495186756425,-0.21259244783108144,1.0,0.000117927666,7.925105e-08,4.464405e-05,0.0,3.328754e-05,1.3195736e-07,3.182262e-05,8.036332e-08,3.174773e-05,8.036332e-08,1.854305e-05,8.0573386e-08,1.22580095e-05,1.108865e-07,1.0532329e-05,4.905905e-09,1.05321515e-05,4.905905e-09,5.4473326e-06,2.5803465e-07
57,-0.21418095528297165,-7.734699142726834,1.0,4.956198e-05,0.0,2.9719877e-05,1.395338e-07,7.698201e-06,3.6057415e-09,7.698165e-06,3.6057415e-09,7.428986e-06,8.095084e-08,6.0343214e-06,1.3564983e-07,4.3643895e-06,2.2913457e-07,3.068719e-06,8.307637e-08,3.0229012e-06,1.3632399e-07,2.412036e-06,8.6005215e-08
58,-4.042369689226806,-1.9163452609988365,1.0,0.0001197014,7.798064e-08,4.5110955e-05,0.0,3.219349e-05,7.91095e-08,1.5422449e-05,1.3471369e-07,1.3068684e-05,1.5813801e-07,1.2945909e-05,1.05338444e-07,1.14734485e-05,1.1357268e-07,1.111923e-05,1.1357268e-07,1.0692036e-05,4.9470845e-09,5.6779822e-06,2.549767e-07
59,11.299252417234541,5.005343434347459,1.0,0.0004922356,0.0,0.00019552746,7.123134e-09,4.7126847e-05,3.4432933e-08,4.0582156e-05,2.4960585e-09,4.0577263e-05,2.4960585e-09,3.0530155e-05,3.8615678e-08,2.3097275e-05,6.444928e-08,1.8759127e-05,9.282335e-09,1.1077833e-05,5.777853e-09,1.0215656e-05,3.0943177e-09
60,8.632158689232973,10.266983002255511,1.0,0.0002472168,0.0,0.00013286763,1.9125874e-08,6.425591e-05,1.1809892e-08,2.078846e-05,2.0795259e-08,1.4688601e-05,2.3251552e-09,1.4685854e-05,2.3251587e-09,1.0927633e-05,2.0795259e-08,1.0802677e-05,2.9445022e-08,8.526981e-06,1.2935164e-08,8.179261e-06,2.9445022e-08
61,8.03679495851135,-3.7026506327922153,1.0,0.00059475034,0.0,8.5745465e-05,3.2699319e-09,3.19069e-05,4.4701768e-08,3.0449502e-05,5.9403686e-08,1.7600612e-05,4.0354777e-09,1.3329509e-05,2.8884234e-08,1.26880905e-05,2.8596656e-08,7.20955e-06,6.0607874e-08,6.793204e-06,8.060685e-08,6.2524678e-06,4.613175e-08
62,-5.984124317090273,8.280225603293594,1.0,0.00010316808,7.1211e-08,3.417872e-05,7.2238166e-08,3.2961572e-05,1.1339439e-07,3.214673e-05,7.2238166e-08,2.4674602e-05,0.0,6.348681e-06,2.4123025e-08,5.5256323e-06,3.386083e-08,3.9517627e-06,7.6980925e-08,3.567791e-06,2.9235352e-09,3.562691e-06,8.223374e-08
63,9.258557428311288,2.714126840130618,1.0,0.00063636526,0.0,0.0001957736,2.008866e-08,8.475038e-05,3.0593554e-09,8.474714e-05,3.0593554e-09,3.3010936e-05,4.6756803e-08,2.7945933e-05,5.7145613e-08,2.5819629e-05,1.6348272e-07,2.2806027e-05,6.353653e-08,1.9717536e-05,6.9680155e-09,1.8097142e-05,3.7805883e-09
64,-2.100719536273033,3.8015786658009105,1.0,0.00012531228,7.255746e-08,4.5847715e-05,0.0,3.119235e-05,7.3755764e-08,2.947869e-05,7.3755764e-08,2.4193556e-05,1.1289243e-07,1.9410625e-05,7.386527e-08,1.29565005e-05,7.8270816e-08,1.0946357e-05,5.011575e-09,1.094617e-05,5.011575e-09,9.907621e-06,1.1372895e-07
65,4.524617846600279,-10.28179846279943,1.0,0.00015075563,0.0,0.00012270537,3.7806924e-08,3.727129e-05,1.329186e-08,2.5805655e-05,3.9228073e-08,2.0259398e-05,1.4908119e-07,1.9347684e-05,3.9228073e-08,1.6916969e-05,9.694749e-08,1.5900749e-05,2.7053595e-09,1.1197429e-05,4.668612e-08,1.0704896e-05,7.962407e-08
66,-4.6689130201984845,-7.222674628966607,1.0,3.364254e-05,7.2164184e-08,3.2498778e-05,1.220571e-07,1.5604273e-05,1.2277934e-07,6.08083e-06,3.1106158e-08,5.334558e-06,0.0,5.274556e-06,4.1557204e-08,5.104163e-06,7.242967e-08,4.971605e-06,7.3437036e-08,2.9511432e-06,1.3256725e-07,2.624082e-06,9.5478484e-08
67,7.868808473438822,-8.850183086536754,1.0,0.00028446855,0.0,5.0338847e-05,1.969692e-08,4.4053442e-05,3.7963197e-08,2.6529864e-05,2.58823e-09,2.5673538e-05,1.540345e-07,1.1445971e-05,2.5665706e-08,6.938555e-06,5.9762506e-09,6.90669e-06,2.4704157e-08,6.4757483e-06,8.6426574e-08,6.4258998e-06,3.2070275e-09
68,9.660140864109795,-6.652248045009273,1.0,0.00041634776,0.0,0.00016919237,1.6009736e-08,4.8031307e-05,2.9104651e-08,3.9796723e-05,2.6093332e-09,3.979308e-05,2.6093332e-09,1.885292e-05,6.985515e-08,1.7646427e-05,7.674595e-08,1.5657326e-05,1.7918211e-08,1.0322842e-05,6.02148e-09,1.0069872e-05,2.483802e-08
69,-1.797104656295911,-4.64564420207252,1.0,0.00012494216,7.038534e-08,4.23761e-05,0.0,3.120192e-05,7.159086e-08,2.9091832e-05,7.159085e-08,2.3176419e-05,1.1265507e-07,1.9260564e-05,7.1686486e-08,9.771028e-06,4.70253e-09,9.770853e-06,4.7025317e-09,9.588452e-06,1.13483054e-07,6.7796273e-06,7.86538e-08
70,1.531880346500957,-8.088449867165338,1.0,0.00012577834,5.3338646e-08,4.615192e-05,6.6877455e-08,2.8714392e-05,1.4397747e-07,2.8708866e-05,5.4654976e-08,2.4232198e-05,5.4654976e-08,1.877748e-05,5.4585364e-08,1.8110855e-05,2.7662367e-08,1.2187537e-05,6.80131e-08,6.7713577e-06,2.21296e-07,6.7610154e-06,3.324729e-08
71,2.662095388747579,-10.82570155408672,1.0,0.00011516269,4.4360856e-08,9.537399e-05,0.0,5.6332163e-05,4.9741335e-08,2.779696e-05,1.041537e-08,2.7752758e-05,4.5677186e-08,2.098293e-05,1.4289446e-07,1.7067405e-05,1.0195117e-07,1.4759716e-05,6.2649576e-08,1.2852063e-05,5.097942e-08,1.0216705e-05,2.7224871e-09
72,-6.170586605855233,11.48120506347978,1.0,9.4157636e-05,6.612402e-08,6.119668e-05,6.863504e-08,3.3350076e-05,6.711657e-08,3.1518975e-05,1.0624065e-07,2.0807693e-05,6.960594e-08,1.985545e-05,0.0,1.4215663e-05,1.0697225e-07,9.349665e-06,1.4520445e-07,7.6237757e-06,5.854403e-09,6.813811e-06,2.2933034e-07
73,10.45896403674876,-3.9569093312415493,1.0,0.00055186206,0.0,0.00019863126,1.239291e-08,5.875203e-05,2.71557e-09,4.030436e-05,3.9896435e-08,2.9232118e-05,4.6742088e-08,2.3164092e-05,6.3945215e-08,1.9420128e-05,6.928952e-08,1.4710761e-05,6.2480368e-09,1.4392795e-05,1.4490002e-08,1.4387546e-05,1.4490009e-08
74,-3.9066824254583423,3.145919032039325,1.0,4.7300713e-05,7.650518e-08,1.8886594e-05,0.0,1.289573e-05,7.7635114e-08,1.2692804e-05,7.8101415e-08,7.027928e-06,3.832623e-09,5.3583067e-06,8.313221e-08,4.4364942e-06,4.686223e-09,4.203453e-06,4.686223e-09,3.1774837e-06,1.4992983e-07,2.3928678e-06,9.035683e-08
75,1.2828529338796066,6.499217357282589,1.0,0.0001316752,5.729342e-08,0.00010561022,0.0,2.8556098e-05,5.862163e-08,2.465363e-05,5.8621623e-08,1.7060624e-05,4.0004213e-09,1.7060522e-05,4.0004213e-09,1.575978e-05,3.7469597e-08,1.2263349e-05,7.649823e-08,4.2072634e-06,6.547797e-08,3.9967013e-06,5.987305e-08
76,-0.8867307386019103,6.487752904269918,1.0,0.00012350829,6.441884e-08,3.082434e-05,6.564656e-08,2.7809907e-05,6.564657e-08,1.8799105e-05,6.569956e-08,1.3504527e-05,8.24318e-08,1.0616651e-05,3.7649578e-08,7.4620166e-06,4.0299017e-09,6.965021e-06,8.586514e-08,6.935378e-06,0.0,4.453908e-06,6.691028e-08
77,-10.124660870879948,-5.513566195541503,1.0,9.773528e-05,7.864196e-08,3.590072e-05,7.9570626e-08,1.7979759e-05,1.0793838e-07,1.7683145e-05,9.476818e-08,7.062626e-06,1.38695455e-08,5.873238e-06,2.5089128e-07,5.425557e-06,8.085887e-08,5.2873793e-06,3.37509e-08,3.5663109e-06,6.736169e-08,2.620059e-06,4.2151242e-08
78,9.62530906459142,-9.646680356154532,1.0,0.00028429288,0.0,0.00014062588,1.4622493e-08,6.586876e-05,1.452652e-08,4.521486e-05,2.6320933e-08,1.9041032e-05,1.6391951e-08,1.8945391e-05,1.5843563e-07,1.6226495e-05,7.33119e-08,1.5700745e-05,7.9765094e-08,1.5542855e-05,2.293163e-09,8.881713e-06,1.6298642e-08
79,1.5673392938476134,2.4512563826985634,1.0,0.00022731809,0.0,0.00014413583,6.321517e-08,3.990662e-05,5.7439458e-09,3.990577e-05,5.7439458e-09,2.5629846e-05,6.459896e-08,2.3795727e-05,6.459895e-08,1.339236e-05,6.006863e-08,1.0812429e-05,7.6183234e-08,9.877727e-06,1.1896288e-08,6.2300846e-06,6.951721e-09
80,-7.961053684904434,-9.035944032915252,1.0,5.2435542e-05,8.0561335e-08,3.4769175e-05,7.341818e-08,2.1333577e-05,0.0,2.1231132e-05,1.0826143e-07,1.950314e-05,8.146344e-08,6.023321e-06,2.3374255e-08,3.0936317e-06,8.271543e-08,3.0597073e-06,9.09842e-08,2.6741322e-06,3.6690516e-08,2.141141e-06,2.5517224e-09
81,10.220281831615424,6.965290644634887,1.0,0.00040379673,0.0,0.00016879075,1.275032e-08,5.200194e-05,2.7061713e-08,3.5919693e-05,3.555446e-08,3.320618e-05,2.4943603e-09,3.3202243e-05,2.4943603e-09,2.5058427e-05,1.5929271e-07,1.5486341e-05,1.4699456e-08,9.970273e-06,2.4097229e-08,9.217006e-06,2.8624374e-08
82,3.2955402868408186,10.094059444381099,1.0,0.000120947254,0.0,0.00012069159,4.3102965e-08,2.9483219e-05,1.4791603e-08,2.7315578e-05,1.4357755e-07,2.7108428e-05,4.4465942e-08,2.1421818e-05,4.446595e-08,1.7365173e-05,1.0043646e-07,1.6183287e-05,5.2230057e-08,1.41529445e-05,2.8336373e-09,1.4152087e-05,2.8336409e-09
83,-7.2834973411127155,9.012408487969186,1.0,9.8320794e-05,7.170669e-08,3.454497e-05,7.269054e-08,3.3487013e-05,1.053434e-07,3.266381e-05,7.2690554e-08,2.2083743e-05,0.0,1.9057492e-05,8.093271e-08,6.505579e-06,1.9211726e-08,5.823492e-06,2.6741724e-08,5.087643e-06,7.395636e-08,3.3976114e-06,7.589974e-08
84,1.1637165495185027,2.4117439385557553,1.0,0.00016422263,0.0,0.00014209708,6.496496e-08,2.9300892e-05,5.860203e-09,2.9300194e-05,5.860203e-09,2.6255526e-05,6.632679e-08,2.4545008e-05,6.6326784e-08,1.2601377e-05,6.056051e-08,1.0314069e-05,7.6429146e-08,7.3326164e-06,1.20839445e-08,4.520971e-06,7.08501e-09
85,-7.5598715199422575,1.4391203454304975,1.0,0.00010792724,8.059943e-08,3.5586163e-05,1.13343035e-07,3.4395613e-05,8.161059e-08,3.4031575e-05,8.161059e-08,3.1213174e-05,0.0,1.5230266e-05,1.14122955e-07,6.2052245e-06,3.0946865e-08,6.078792e-06,3.619535e-09,6.0785965e-06,3.6195384e-09,5.1687816e-06,2.6054406e-07
86,4.1022324656398315,-10.21457890811124,1.0,0.00014069637,0.0,0.00012205134,3.966147e-08,5.258407e-05,4.7359965e-08,3.4466873e-05,1.3826156e-08,2.6260497e-05,4.1062297e-08,2.0301468e-05,1.4849225e-07,2.0076443e-05,4.106229e-08,1.707453e-05,9.8173444e-08,1.5450396e-05,2.7512286e-09,1.1514587e-05,4.8637904e-08
87,-2.2321927972306206,-8.227780866039438,1.0,3.0694187e-05,1.3082062e-07,2.8747623e-05,0.0,2.0037649e-05,1.12511856e-07,9.068749e-06,1.1328288e-07,8.892884e-06,1.1328288e-07,5.9625672e-06,8.047258e-08,5.1795714e-06,3.3622207e-09,5.179357e-06,3.3622207e-09,4.720032e-06,5.0435375e-08,2.124914e-06,1.14355444e-07
88,-0.5269278702589624,1.6155907697389527,1.0,0.0001344982,7.1859276e-08,6.229057e-05,0.0,3.075399e-05,1.5115387e-07,2.8170422e-05,7.313826e-08,2.7239066e-05,7.313827e-08,2.6327549e-05,1.0923773e-07,1.7174916e-05,6.304359e-09,1.7174825e-05,6.3043553e-09,1.1423973e-05,1.0270037e-07,9.972347e-06,1.101337e-07
89,11.241133322219614,3.080249799304175,1.0,0.00057214487,0.0,5.5544253e-05,2.6231817e-09,2.578798e-05,6.06662e-08,2.4995801e-05,1.63867e-07,1.9816458e-05,6.405069e-08,1.7701765e-05,1.0007639e-08,1.3803028e-05,2.4925384e-08,1.3288156e-05,3.2497312e-09,1.32847335e-05,3.2497312e-09,9.560853e-06,4.346832e-08
90,6.9930976949515475,-5.507115888887534,1.0,0.00044927697,0.0,0.00016396744,3.1660885e-08,6.448059e-05,3.255348e-09,6.447923e-05,3.255348e-09,3.503798e-05,5.6966936e-08,3.3214463e-05,3.7804174e-08,1.9550896e-05,8.636462e-08,1.8761093e-05,3.3370885e-08,1.4612106e-05,7.369337e-09,1.3269464e-05,4.0178563e-09
91,-3.006948422006648,-4.8437770301441,1.0,0.00011999896,7.251128e-08,3.887085e-05,0.0,3.2319684e-05,7.366643e-08,3.0423837e-05,7.3666435e-08,2.339525e-05,2.1867663e-09,9.905018e-06,1.14746875e-07,8.62812e-06,4.3771404e-09,7.2097428e-06,6.240901e-09,7.207385e-06,6.240901e-09,5.8511414e-06,7.7706886e-08
92,11.199510696360676,-9.310779538253765,1.0,0.00031309712,0.0,7.264798e-05,1.5288688e-08,4.1977964e-05,2.0583851e-08,2.4305338e-05,1.565389e-07,1.850234e-05,1.6078268e-07,1.6779186e-05,8.646801e-09,1.0966962e-05,1.1229279e-08,1.0661956e-05,2.1621034e-09,8.146951e-06,2.1789884e-08,7.5741536e-06,1.6918123e-07
93,-0.0463372413507912,-7.610382370467849,1.0,5.36702e-05,0.0,1.5325091e-05,1.410554e-07,1.3106519e-05,7.497961e-08,1.2914422e-05,3.0841708e-08,8.387529e-06,3.6477168e-09,8.387465e-06,3.6477168e-09,7.5818903e-06,8.091311e-08,6.6159632e-06,2.286276e-07,5.993233e-06,1.3609642e-07,2.504361e-06,1.13345976e-07
94,4.939025500163513,-10.248225390115053,1.0,0.0001626787,0.0,0.00012394923,3.6093013e-08,3.9716855e-05,1.3354658e-08,2.5333135e-05,3.753727e-08,2.0157588e-05,1.4999209e-07,1.8588511e-05,3.753727e-08,1.6821943e-05,9.571576e-08,1.6702234e-05,2.677016e-09,1.1096651e-05,7.9246846e-08,1.0869386e-05,4.521325e-08
95,-7.411464473127085,8.106658157433248,1.0,0.000100056735,7.324684e-08,3.4785025e-05,7.423381e-08,3.3991302e-05,1.06232534e-07,3.3041455e-05,7.423381e-08,2.315854e-05,0.0,1.8320436e-05,8.4556376e-08,1.8238428e-05,8.4556376e-08,1.0337564e-05,1.4143563e-07,6.1912e-06,2.3972117e-08,5.172497e-06,7.550851e-08
96,-3.903700345420642,7.418862578996404,1.0,0.00011100771,6.944441e-08,3.3183926e-05,7.054628e-08,3.195147e-05,1.2532637e-07,3.0832587e-05,7.054628e-08,2.9144832e-05,0.0,6.166403e-06,3.0553007e-08,5.328184e-06,3.4041037e-09,5.327981e-06,3.4041037e-09,5.0939916e-06,4.479455e-08,2.3029713e-06,6.158581e-08
97,0.6094532703012341,5.559172393241347,1.0,5.195665e-05,6.156956e-08,4.1617073e-05,6.968648e-11,3.754292e-05,0.0,1.9654204e-05,7.414471e-08,1.2983566e-05,3.6731862e-10,1.1996542e-05,2.9852743e-10,8.294032e-06,7.48011e-08,7.593895e-06,4.4829758e-09,6.1942583e-06,4.4245354e-09,5.9467184e-06,4.4245354e-09
98,-1.7325296479794439,-3.161164051078,1.0,5.0275194e-05,0.0,1.2535182e-05,5.3868945e-09,9.964355e-06,1.13094956e-07,4.89149e-06,7.433299e-08,4.78296e-06,6.1491946e-08,4.7232634e-06,7.532739e-08,4.512461e-06,1.8097091e-07,3.9647143e-06,1.1307799e-08,2.7231486e-06,3.6746727e-08,2.159923e-06,6.5402403e-09
99,-11.039331174525344,-1.8659924987719982,1.0,9.808455e-05,8.1454985e-08,3.584312e-05,8.237022e-08,2.2770193e-05,0.0,1.369165e-05,1.1161353e-07,7.5276694e-06,9.182273e-09,5.469335e-06,8.364013e-08,3.957584e-06,5.8142696e-08,2.7633664e-06,2.7128628e-09,2.7631172e-06,2.7128628e-09,2.4385956e-06,6.221244e-08
100,0.09179566636660041,-4.332961555438043,1.0,0.00013347539,6.5708896e-08,6.072297e-05,0.0,2.902912e-05,6.700226e-08,2.6519092e-05,6.700225e-08,2.2909711e-05,1.0938008e-07,1.0965062e-05,5.016279e-09,1.0964931e-05,5.016279e-09,9.346908e-06,1.1023937e-07,8.4856865e-06,7.9077594e-08,6.757059e-06,1.7498739e-07
101,-10.202177863899852,-10.605272002869086,1.0,5.7273544e-05,7.669159e-08,3.4878794e-05,7.338937e-08,3.4522032e-05,8.716235e-08,2.3176963e-05,9.092926e-08,2.2397227e-05,7.756087e-08,1.7752056e-05,0.0,6.9260727e-06,9.478004e-09,6.72868e-06,1.1308305e-08,3.930284e-06,7.876811e-08,3.378208e-06,8.908361e-08
102,-3.620208421472248,-1.6295241518523493,1.0,0.00012141821,7.7749014e-08,4.803569e-05,0.0,3.1690466e-05,7.889466e-08,2.7374606e-05,1.1228168e-07,1.1718508e-05,5.1996523e-09,1.1718367e-05,5.1996523e-09,1.106937e-05,1.1312778e-07,5.6552035e-06,2.5511642e-07,5.271905e-06,1.6914974e-07,5.1694433e-06,5.3957315e-08
103,0.33127058052685143,-3.7810974178027204,1.0,0.00013577762,6.591607e-08,7.212256e-05,0.0,2.8422768e-05,6.722561e-08,2.6116963e-05,6.7225606e-08,2.3413715e-05,1.0875086e-07,1.214631e-05,5.288813e-09,1.2145978e-05,5.288813e-09,1.1755098e-05,5.3640335e-08,9.411223e-06,1.09622995e-07,9.131581e-06,1.09622995e-07
104,-8.518495895146142,-1.9860016743748474,1.0,3.6359073e-05,1.0708423e-07,2.8146284e-05,0.0,1.5206166e-05,1.0788146e-07,1.2850369e-05,1.1284439e-07,6.5360796e-06,2.487613e-08,5.541485e-06,8.300455e-08,4.9516775e-06,3.2985028e-09,3.5901317e-06,5.482331e-09,2.3160856e-06,6.327717e-08,2.194704e-06,7.423395e-08
105,3.1592070653985154,-2.257776488295935,1.0,0.00051079894,0.0,8.579638e-05,5.2440274e-09,8.579441e-05,5.2440274e-09,3.0698116e-05,8.742489e-08,2.8692994e-05,1.5938524e-07,2.4116744e-05,9.867528e-08,2.0379553e-05,1.106703e-08,1.4079269e-05,6.3746946e-09,1.4078757e-05,6.3746946e-09,1.31128045e-05,7.3902704e-08
106,-1.2485693886355929,-1.7166800759857601,1.0,5.9782342e-05,0.0,2.9183806e-05,7.4891524e-08,1.6197668e-05,6.124502e-09,1.6197548e-05,6.1245036e-09,1.021382e-05,1.1141959e-07,7.813499e-06,7.5101774e-08,5.744233e-06,2.5116105e-07,4.7991953e-06,7.51976e-08,4.6905284e-06,6.5440766e-08,4.640725e-06,7.6190105e-08
107,-5.801558264562156,-4.243189746686769,1.0,1.6907823e-05,1.3598607e-07,8.295142e-06,1.3666548e-07,5.247392e-06,4.5680423e-08,4.4809044e-06,0.0,2.6103385e-06,1.3719074e-07,2.5546044e-06,1.3719077e-07,2.2175357e-06,4.5980833e-08,2.2124134e-06,6.781328e-08,1.5085188e-06,1.2698958e-07,1.4496253e-06,7.818857e-08
108,6.2675911759722425,-0.22210814259977418,1.0,0.00081313687,0.0,0.00013223382,4.139041e-09,2.7133727e-05,1.6335125e-07,2.4141946e-05,5.0769504e-09,1.4791202e-05,3.2511416e-08,1.4187066e-05,1.8070173e-07,7.670345e-06,8.187906e-08,5.1811794e-06,1.015499e-08,5.181065e-06,1.0154997e-08,4.855607e-06,3.876923e-08
109,-5.032139259334677,8.683509596381416,1.0,0.00010452141,6.909183e-08,3.365895e-05,7.0144914e-08,3.21929e-05,1.1731105e-07,3.1364354e-05,7.014491e-08,2.5057005e-05,0.0,8.0780865e-06,2.3281834e-07,6.542718e-06,2.245934e-08,5.0205563e-06,7.040447e-08,4.9012037e-06,7.140461e-08,4.8277716e-06,7.140461e-08
110,7.382214765745648,-0.16502276850424558,1.0,0.00078200205,0.0,0.00018259978,3.2252448e-08,0.00012341232,3.7244128e-09,0.00012341228,3.7244128e-09,2.7086036e-05,8.30245e-09,2.5288125e-05,7.44284e-08,2.4861862e-05,7.5320685e-08,2.3661882e-05,4.5822794e-09,2.3661494e-05,4.582276e-09,2.3260602e-05,5.94345e-08
111,-11.073406745616657,-9.345757466005983,1.0,8.971608e-05,7.4872986e-08,5.3248157e-05,8.170464e-08,3.5958343e-05,8.4058215e-08,3.5456153e-05,7.575987e-08,2.1555912e-05,8.254585e-08,1.8009168e-05,0.0,7.1916797e-06,7.372119e-09,6.3616685e-06,1.5195699e-08,4.0893065e-06,8.371468e-08,3.1795496e-06,7.0967914e-08
112,-3.1686407429966685,7.35269095428319,1.0,0.00011337685,6.8167026e-08,4.6071524e-05,8.182276e-08,3.0247522e-05,0.0,1.5296988e-05,8.2814665e-08,6.9472244e-06,3.1422754e-08,5.733067e-06,3.5195136e-09,4.771409e-06,7.0560986e-08,3.9680444e-06,1.8184674e-07,2.620387e-06,7.085447e-08,2.560174e-06,9.319908e-08
113,-11.467959683828868,0.628726396520646,1.0,3.8912993e-05,8.866934e-08,3.567579e-05,8.272987e-08,3.556858e-05,8.272987e-08,2.2259463e-05,0.0,1.500615e-05,8.952743e-08,7.6208726e-06,6.5480243e-09,5.5447663e-06,8.398685e-08,4.286962e-06,5.026211e-08,4.1042067e-06,5.4034665e-08,3.0025212e-06,1.0708993e-07
114,-5.721934243304875,-2.8718526679747516,1.0,0.00011315385,7.860442e-08,3.5860845e-05,0.0,3.3765922e-05,7.967102e-08,2.7878294e-05,7.032668e-10,1.165502e-05,1.1462493e-07,7.652268e-06,4.08696e-09,7.65209e-06,4.08696e-09,5.689284e-06,4.11884e-08,3.0602646e-06,1.14722674e-07,2.8804754e-06,9.518695e-09
115,-3.548075126206366,4.979603851264709,1.0,3.9649974e-05,9.269948e-08,1.4189935e-05,9.364605e-08,1.3887055e-05,9.3646065e-08,8.790896e-06,1.4553622e-07,6.3167467e-06,4.4749516e-08,3.75662e-06,9.346569e-08,3.6635613e-06,1.9181816e-07,2.6152748e-06,1.4645055e-07,2.2246236e-06,9.4725266e-08,2.1312442e-06,7.441041e-08
116,-3.989011691692185,1.4161529800491035,1.0,0.000120078206,7.830093e-08,4.648355e-05,0.0,3.2960772e-05,1.34701e-07,3.192225e-05,7.9432915e-08,3.138775e-05,7.9432915e-08,2.7785169e-05,1.1207467e-07,1.4967689e-05,1.5355185e-07,1.3332801e-05,1.5804798e-07,1.1168112e-05,5.0667612e-09,1.1167897e-05,5.066763e-09
117,-2.748457744643325,10.230680195792441,1.0,0.000105218955,6.1776696e-08,5.599547e-05,6.7927736e-08,3.2064436e-05,6.28882e-08,2.3907465e-05,0.0,8.755187e-06,1.1315256e-07,7.767244e-06,1.4085792e-08,5.433102e-06,8.0855685e-08,4.706617e-06,4.500383e-08,4.656564e-06,1.2534613e-07,4.4855406e-06,6.411644e-08
118,-4.668374610578304,6.682877319415503,1.0,3.3659024e-05,7.310892e-08,3.26666e-05,1.2313647e-07,2.9813e-05,0.0,1.5751388e-05,8.772514e-08,5.574833e-06,3.474188e-09,5.0076137e-06,7.4386676e-08,3.7233144e-06,8.74804e-08,2.205189e-06,8.903778e-08,1.833898e-06,3.0507005e-07,1.8168586e-06,9.5989435e-08
119,-7.984370242389485,1.4702884513797034,1.0,3.4618108e-05,8.17477e-08,2.9911549e-05,0.0,2.896086e-05,1.11512435e-07,1.6702976e-05,8.2072646e-08,6.341834e-06,2.8321825e-08,5.6108893e-06,3.4844874e-09,5.610667e-06,3.4844874e-09,5.5086794e-06,8.3059426e-08,4.595155e-06,5.376009e-08,4.0330165e-06,8.313075e-08
120,-0.09601663881784717,-9.43851950300559,1.0,0.00011490437,5.6230164e-08,5.1964787e-05,6.520256e-08,4.803715e-05,0.0,3.0298923e-05,5.7452354e-08,2.635623e-05,5.7452347e-08,1.4331981e-05,5.7938067e-08,1.3835157e-05,1.9400257e-08,7.1749323e-06,8.1451645e-08,6.869633e-06,2.219671e-07,6.546289e-06,3.112163e-09
121,8.917548331622072,-10.89519753075633,1.0,0.00023243928,0.0,0.00012850603,1.7333775e-08,7.159143e-05,8.417629e-09,2.0764715e-05,1.8994783e-08,1.972506e-05,1.5369878e-07,1.52318535e-05,8.305633e-08,1.0918787e-05,1.8994783e-08,1.0377224e-05,2.2281412e-09,1.0374489e-05,2.2281377e-09,9.303876e-06,9.519276e-09
122,6.5803662961739064,3.4663697281045813,1.0,0.00060648244,0.0,0.00017210098,3.5758397e-08,9.550377e-05,3.706079e-09,9.5503754e-05,3.7060754e-09,3.09438e-05,6.728952e-08,2.6997293e-05,4.8114032e-08,2.097129e-05,8.2666975e-09,1.8354853e-05,4.5603077e-09,1.6465148e-05,3.7475807e-08,1.1907332e-05,3.0685364e-08
123,10.261419316640353,-4.902078066977003,1.0,0.0005074759,0.0,0.00018926182,1.3289309e-08,5.2143816e-05,2.6778189e-09,4.3025222e-05,3.623366e-08,3.1167045e-05,4.3986102e-08,2.1633536e-05,6.608124e-08,1.872517e-05,7.178636e-08,1.32073255e-05,6.167742e-09,1.22489255e-05,3.3164334e-09,1.2246718e-05,3.3164334e-09
124,1.648675625612146,-5.296126495761966,1.0,0.00014615523,0.0,0.00013766463,5.816537e-08,5.303876e-05,8.790888e-10,2.3967594e-05,4.4446296e-09,2.3967128e-05,4.4446296e-09,9.796968e-06,7.927096e-08,8.886118e-06,2.2286193e-07,8.442953e-06,1.0634049e-07,6.27469e-06,1.0975102e-08,5.3570366e-06,9.6606545e-09
125,-10.423967100852108,-8.357484303287684,1.0,5.041731e-05,8.4711644e-08,3.5585577e-05,7.6523506e-08,2.0723897e-05,9.730827e-08,2.0250945e-05,8.555678e-08,1.9410876e-05,0.0,6.9671974e-06,1.1091128e-08,6.053107e-06,2.0328077e-08,3.7880054e-06,8.6730935e-08,3.1638617e-06,9.8533874e-08,2.9960765e-06,9.451932e-08
126,-11.133306083508298,5.396695012975901,1.0,3.7991238e-05,8.819448e-08,3.613498e-05,8.012418e-08,2.487457e-05,1.1469473e-07,2.0819636e-05,0.0,1.8043835e-05,9.520299e-08,7.5136118e-06,8.022944e-09,5.1969164e-06,3.300087e-08,3.7508692e-06,9.632255e-08,2.7272329e-06,3.7826094e-08,1.916566e-06,2.4936249e-09
127,3.766077954476785,0.1346707284244264,1.0,0.00076225033,0.0,0.0001573776,5.37446e-08,0.00012848337,5.302711e-09,0.00012848103,5.3027094e-09,3.066139e-05,1.1166298e-08,2.834489e-05,1.615092e-07,2.6947213e-05,9.1550795e-08,2.0963997e-05,6.4427557e-09,2.0963453e-05,6.4427557e-09,1.859537e-05,5.5272125e-08
128,-5.2685740481976095,0.6345264289602106,1.0,0.000115470844,7.9698424e-08,4.0737657e-05,0.0,3.3825167e-05,1.2765183e-07,3.2619108e-05,8.07849e-08,3.2411896e-05,8.07849e-08,1.523738e-05,1.2839264e-07,9.233302e-06,4.55211e-09,9.233128e-06,4.55211e-09,6.571024e-06,6.912064e-09,5.323117e-06,2.5921955e-07
129,5.653941966596534,10.28040619802887,1.0,0.00018079269,0.0,0.00012552056,3.2937344e-08,4.443192e-05,1.29150735e-08,2.624525e-05,1.4790545e-07,2.4511512e-05,3.4420353e-08,1.7268076e-05,2.6086688e-09,1.7266484e-05,2.6086688e-09,1.7250775e-05,3.4420353e-08,1.6597112e-05,9.3528456e-08,1.3985475e-05,4.2172424e-08
130,6.813404941178007,1.449100633630854,1.0,0.0007594749,0.0,0.00017865718,3.55079e-08,0.000121612684,3.8727563e-09,0.00012161199,3.8727563e-09,2.738646e-05,7.335305e-08,2.6913362e-05,1.632459e-07,2.6637663e-05,8.589524e-09,2.3968287e-05,5.606631e-08,2.3573544e-05,8.110305e-08,2.288493e-05,4.759727e-09
131,10.391000500009042,-5.715437574923594,1.0,0.0004654084,0.0,4.679827e-05,3.2530902e-08,4.3244734e-05,2.585157e-09,4.3240452e-05,2.585157e-09,3.276731e-05,4.0048416e-08,2.0867248e-05,6.723218e-08,1.8035478e-05,7.2488476e-08,1.4730331e-05,1.42763845e-08,1.1324189e-05,5.9696568e-09,1.1306179e-05,2.4684564e-08
132,8.675339716515676,1.181235311360604,1.0,0.0007160091,0.0,0.00019401876,2.4093953e-08,0.00010403513,3.2961154e-09,3.0545063e-05,2.5387642e-08,2.802013e-05,5.3494546e-08,2.6082276e-05,1.6410533e-07,2.391895e-05,6.085486e-08,2.3471162e-05,7.451959e-09,2.3015662e-05,7.166984e-08,2.1260355e-05,4.067104e-09
133,-10.975352261600062,5.328507028782841,1.0,3.7875954e-05,8.922804e-08,2.4911333e-05,1.1469234e-07,2.1084667e-05,0.0,1.7923923e-05,9.539794e-08,1.12758125e-05,1.2257227e-07,7.444936e-06,8.964282e-09,5.567922e-06,8.142469e-08,3.7068276e-06,9.6520324e-08,3.090697e-06,9.523272e-08,2.705139e-06,3.8855134e-08
134,-0.5783756623337268,8.876263912078553,1.0,0.000115875744,5.8759106e-08,4.0977662e-05,0.0,3.072902e-05,5.9969864e-08,2.9576708e-05,1.3548836e-07,2.7056078e-05,5.996986e-08,1.4480591e-05,7.029093e-08,1.2259039e-05,2.2914097e-08,5.88427e-06,3.2570462e-09,4.4049552e-06,5.5163724e-08,4.2774063e-06,6.99147e-08
135,-10.68338791076605,-1.984177549809873,1.0,9.8969766e-05,8.133202e-08,3.823529e-05,9.336594e-08,3.576744e-05,8.225602e-08,2.3379996e-05,0.0,7.37582e-06,1.140058e-08,5.320723e-06,8.3537856e-08,4.5461898e-06,4.706209e-08,3.957249e-06,5.9099182e-08,3.0238925e-06,2.7806877e-09,3.0236422e-06,2.7806877e-09
136,5.4393250339501655,9.969116490461332,1.0,0.00018337375,0.0,2.6417662e-05,1.4820262e-07,1.8898745e-05,2.6809133e-09,1.6852044e-05,9.4155176e-08,1.1691144e-05,7.86365e-08,6.90695e-06,9.4981026e-08,5.22149e-06,1.4961498e-07,5.1914044e-06,4.4007855e-08,4.4351204e-06,3.3202099e-09,4.4342573e-06,3.3202063e-09
137,-2.795154047045113,-9.48856173426689,1.0,3.0561354e-05,1.2557038e-07,2.5372012e-05,0.0,7.655384e-06,1.8649807e-08,5.4841025e-06,8.0596514e-08,4.7570543e-06,4.605326e-08,3.8548933e-06,2.9998084e-09,3.8546677e-06,2.9998084e-09,1.914193e-06,8.155023e-08,1.8834689e-06,8.155023e-08,1.477163e-06,2.7155245e-08
138,-9.325231676443432,-0.8282236771855,1.0,0.00010279148,8.134549e-08,3.5017703e-05,8.230647e-08,2.6591122e-05,0.0,1.6129114e-05,8.267051e-08,1.3491546e-05,1.2731266e-07,7.774769e-06,2.4764947e-07,5.8081137e-06,1.0372749e-07,5.598093e-06,8.362066e-08,5.5927862e-06,8.362065e-08,4.587212e-06,8.363861e-08
139,-11.036264507036725,-1.9515362422657336,1.0,9.807045e-05,8.142353e-08,3.8559785e-05,9.112036e-08,3.5858506e-05,8.233872e-08,2.274938e-05,0.0,7.5303765e-06,9.192906e-09,5.675798e-06,8.365323e-08,5.476186e-06,8.360859e-08,3.9467e-06,5.8364073e-08,2.7544304e-06,2.7105393e-09,2.7541798e-06,2.7105358e-09
140,-3.230296215850535,-2.6209018595071623,1.0,0.0001223212,7.625781e-08,4.6909958e-05,0.0,3.177828e-05,7.7415784e-08,1.1318052e-05,5.1035247e-09,1.13177975e-05,5.1035247e-09,5.926968e-06,7.446618e-08,5.796816e-06,2.5249335e-07,5.3951544e-06,1.6520019e-07,5.090152e-06,5.5097473e-08,4.979829e-06,7.8716006e-08
141,-1.14433648104918,-7.740501504777998,1.0,3.2300974e-05,0.0,3.022896e-05,1.3622338e-07,2.0157024e-05,1.11080254e-07,1.93561e-05,1.4403672e-07,1.2189733e-05,1.8677113e-09,8.8980905e-06,1.1187056e-07,8.725645e-06,1.1187056e-07,6.754415e-06,8.077593e-08,5.933943e-06,3.577469e-09,5.9337485e-06,3.5774725e-09
142,1.5770110257653087,2.79606585311973,1.0,0.00021298559,0.0,3.6743833e-05,5.5903318e-09,1.0936172e-05,9.2393115e-08,1.06785465e-05,7.671243e-08,5.8263613e-06,6.7750854e-09,5.8260025e-06,6.775087e-09,3.9721517e-06,6.5367594e-08,3.8891626e-06,6.531487e-08,3.8739345e-06,9.228754e-08,3.5149415e-06,3.7325876e-08
143,4.558064659554013,-6.424929803586975,1.0,0.0002879444,0.0,0.00014603193,4.324017e-08,4.440056e-05,3.5604444e-09,4.440032e-05,3.5604408e-09,2.6456422e-05,3.570812e-08,2.4050316e-05,4.475465e-08,1.9633246e-05,9.628838e-08,1.8202812e-05,4.475465e-08,1.254492e-05,7.728615e-08,9.80916e-06,7.980656e-09
144,0.43296146604091845,-6.014700357275182,1.0,7.338748e-05,0.0,2.1195116e-05,1.0851225e-07,1.7936563e-05,1.5610806e-07,1.3189219e-05,4.0596845e-08,1.1975236e-05,4.237613e-09,1.1975105e-05,4.2376165e-09,8.648327e-06,1.0934839e-07,4.077535e-06,1.8032337e-07,2.7512442e-06,1.57354e-07,2.6460434e-06,9.27937e-09
145,9.772759921767957,5.001234982191953,1.0,0.00050546933,0.0,0.00018503806,1.6127725e-08,5.5789016e-05,2.7573108e-09,5.578511e-05,2.7573108e-09,4.165878e-05,3.6462833e-08,3.1751228e-05,4.5925606e-08,2.0771056e-05,6.7117156e-08,1.3807035e-05,6.3365206e-09,1.3168466e-05,1.8111287e-08,1.2797299e-05,3.4133762e-09
146,3.9274911314291927,-9.022384532601372,1.0,0.00012863855,4.218612e-08,2.9914307e-05,2.1049264e-08,2.6221815e-05,4.3606622e-08,2.108039e-05,3.012243e-09,2.0178222e-05,4.3606622e-08,1.9595378e-05,1.5265428e-07,1.7900713e-05,9.87249e-08,1.137092e-05,5.5021307e-08,1.0661568e-05,7.958519e-08,7.4065615e-06,9.955171e-08
147,-6.723626161878696,5.676217068119577,1.0,4.252319e-05,9.2379324e-08,3.437349e-05,1.1395949e-07,2.800769e-05,0.0,1.619014e-05,9.3268966e-08,1.6039341e-05,9.3268966e-08,5.8868104e-06,3.2973976e-08,5.5463543e-06,3.729812e-08,4.898672e-06,3.2837661e-09,3.4953564e-06,9.307463e-08,2.6868415e-06,9.450399e-08
148,-11.094366887659218,10.095382623591124,1.0,8.8276654e-05,7.394517e-08,3.5480134e-05,8.2952056e-08,3.5228335e-05,7.482706e-08,3.38097e-05,7.482706e-08,2.5669577e-05,8.0004156e-08,2.2328692e-05,8.000414e-08,1.7438242e-05,0.0,1.4250459e-05,8.377533e-08,7.1605045e-06,7.0681985e-09,6.659684e-06,1.1614329e-08
149,-9.846516070458136,4.922106882564702,1.0,3.7030528e-05,9.652972e-08,3.5835743e-05,8.00147e-08,2.3113484e-05,0.0,6.9855937e-06,1.5727014e-08,5.169597e-06,3.6708283e-08,3.6386668e-06,6.684991e-08,3.19834e-06,9.641046e-08,2.9103578e-06,2.7510865e-09,2.9101025e-06,2.75109e-09,2.2331508e-06,7.3603175e-08
150,-1.9336407194824776,9.962921672279819,1.0,0.00010811674,6.0327864e-08,3.1602394e-05,6.147154e-08,2.9909977e-05,1.2789538e-07,2.8286015e-05,6.147154e-08,2.4816569e-05,0.0,1.6082946e-05,6.843537e-08,9.855116e-06,1.6232224e-07,9.40539e-06,1.5914448e-08,5.924347e-06,8.117422e-08,4.5761694e-06,4.847941e-08
151,10.869924976319254,-6.283425690026281,1.0,0.00043679317,0.0,0.00017924886,9.32641e-09,5.132615e-05,2.9465205e-08,3.416581e-05,2.4624107e-09,3.4161472e-05,2.4624107e-09,2.0905014e-05,6.731873e-08,1.7406252e-05,7.132163e-08,1.6148577e-05,1.1375299e-08,1.0805884e-05,1.4122431e-08,9.982795e-06,3.0965353e-08
152,10.710121622378544,7.482476441581106,1.0,0.00038232515,0.0,0.00016553198,9.857818e-09,5.7091875e-05,2.4198645e-08,3.6819256e-05,3.1002347e-08,2.5660274e-05,2.37916e-09,2.5656185e-05,2.37916e-09,2.4794137e-05,1.5889832e-07,2.3267228e-05,1.1009188e-08,1.941386e-05,6.928826e-08,1.580141e-05,1.1829872e-08
153,-10.263580994599677,-0.5077069868432638,1.0,0.00010020563,8.161034e-08,3.780028e-05,9.6444296e-08,3.527188e-05,8.254642e-08,3.5174664e-05,8.254642e-08,2.4549789e-05,0.0,1.5093134e-05,9.727685e-08,7.1044847e-06,1.4179456e-08,5.4930847e-06,8.277743e-08,4.9871924e-06,8.384475e-08,4.1765347e-06,5.589672e-08
154,-10.84594570927415,10.787165286521649,1.0,8.735852e-05,7.283593e-08,3.4942732e-05,7.3718866e-08,3.483074e-05,8.338448e-08,3.344231e-05,7.3718866e-08,2.6315907e-05,7.7431935e-08,2.2924078e-05,7.7431935e-08,1.7121625e-05,0.0,1.4131785e-05,8.41994e-08,7.0090487e-06,8.10148e-09,6.9788007e-06,8.369618e-09
155,-5.862493354336769,-8.168875064290805,1.0,4.93866e-05,8.1920874e-08,3.414276e-05,7.2259866e-08,3.2927714e-05,1.1422472e-07,1.7444447e-05,8.285993e-08,6.3195403e-06,2.4833831e-08,5.5024584e-06,3.458318e-08,3.7798889e-06,0.0,3.7092987e-06,2.9610447e-09,2.8552058e-06,9.273856e-08,2.4663325e-06,8.416228e-08
156,11.242069005778614,-7.593471665943645,1.0,0.00037940085,0.0,0.00016649876,6.910593e-09,6.0282902e-05,2.3216387e-08,3.6566908e-05,2.8022953e-08,2.1257098e-05,2.3022189e-09,2.1252705e-05,2.3022224e-09,1.9987274e-05,6.859855e-08,1.7659739e-05,1.6561296e-07,1.6417294e-05,8.929977e-09,1.6334909e-05,7.158238e-08
157,-4.951760693478332,2.545497205420327,1.0,3.3607466e-05,1.2822682e-07,1.5696396e-05,1.4555881e-07,1.550059e-05,1.2896142e-07,7.90807e-06,1.4621813e-07,7.661089e-06,0.0,6.729308e-06,1.5439555e-07,5.490362e-06,4.585048e-08,5.259449e-06,1.2955383e-07,5.259449e-06,1.2955383e-07,3.8457647e-06,1.2998395e-07
158,-3.3174268630415416,-0.2296936212321814,1.0,0.00012258717,7.804641e-08,5.2043237e-05,0.0,3.2452783e-05,1.3893761e-07,3.0651252e-05,7.920569e-08,3.055741e-05,7.920569e-08,1.3196898e-05,5.530996e-09,1.3196698e-05,5.530998e-09,6.1496085e-06,6.7072435e-08,5.48482e-06,2.5696724e-07,5.0719564e-06,5.6198562e-08
159,7.4855219476480706,7.11871257249307,1.0,0.00035889327,0.0,0.00015483524,2.7509028e-08,4.3823402e-05,2.8975968e-09,4.3821205e-05,2.8976004e-09,4.0517778e-05,2.9072954e-08,3.8935843e-05,4.7599986e-08,1.988649e-05,2.9212647e-08,1.1006916e-05,2.9212647e-08,1.0496143e-05,6.631776e-09,9.694517e-06,3.5841587e-09
160,-6.835042043265583,1.5628682730907553,1.0,3.502253e-05,1.1776767e-07,3.3611228e-05,8.125955e-08,3.353672e-05,0.0,2.8479502e-05,1.12016835e-07,1.5243072e-05,1.18534615e-07,6.881187e-06,3.8561385e-09,6.8810123e-06,3.8561385e-09,5.469097e-06,8.151431e-08,4.660962e-06,5.559439e-08,3.5131638e-06,8.2689944e-08
161,-5.0335370852550705,6.91936504877809,1.0,3.385789e-05,7.3229245e-08,3.2833435e-05,1.2083657e-07,2.8661312e-05,0.0,1.6102336e-05,8.7128356e-08,5.974689e-06,3.250385e-08,5.1470606e-06,3.3530938e-09,5.0337103e-06,7.450621e-08,3.8450703e-06,1.7664215e-07,3.6876872e-06,8.6876014e-08,2.5865177e-06,9.703169e-08
162,-1.4508926999803666,2.6116730112635445,1.0,0.00012960004,7.3004585e-08,5.422345e-05,0.0,2.9950874e-05,7.423711e-08,2.863587e-05,7.423711e-08,2.5385321e-05,1.115868e-07,1.402978e-05,5.7042566e-09,1.4029567e-05,5.7042584e-09,1.3136725e-05,8.299264e-08,1.0023497e-05,1.124515e-07,7.436347e-06,7.6536324e-08
163,-7.669060973339636,-7.2357573975101435,1.0,4.6940295e-05,8.714032e-08,2.4005974e-05,0.0,1.947221e-05,1.16094284e-07,1.7761262e-05,8.802901e-08,6.0674797e-06,2.6435021e-08,5.9074096e-06,2.8289929e-08,5.2259525e-06,7.577731e-08,3.4534644e-06,7.371439e-08,3.2885546e-06,2.8499514e-09,2.926139e-06,8.926273e-08
164,-4.335509757279631,10.142432157955284,1.0,0.00010190619,6.525489e-08,3.29735e-05,6.631534e-08,3.1152893e-05,1.1746426e-07,3.0338157e-05,6.631533e-08,2.307279e-05,0.0,2.2380278e-05,7.236083e-08,7.135073e-06,1.4185293e-08,4.6947216e-06,6.75546e-08,3.7031018e-06,7.196325e-08,3.188184e-06,8.284491e-08
165,-3.7230775782703986,-11.088373173650139,1.0,5.968247e-05,6.605445e-08,3.0380295e-05,1.18057905e-07,2.304652e-05,6.708655e-08,2.256614e-05,1.2050415e-07,2.1899386e-05,0.0,1.847736e-05,6.708654e-08,7.57267e-06,8.621367e-09,4.842502e-06,3.990187e-08,3.3706922e-06,7.7850686e-08,2.645583e-06,4.4605095e-08
166,7.3007783263187385,-10.896900430458865,1.0,0.000202463,0.0,0.00012505997,2.4861258e-08,5.9617272e-05,8.885706e-09,2.0055448e-05,1.5154924e-07,1.5748885e-05,8.84265e-08,1.3358895e-05,2.3710314e-09,1.3356679e-05,2.371035e-09,9.3230865e-06,1.8337438e-07,9.069687e-06,3.2355402e-08,5.6267645e-06,1.0885902e-08
167,-1.028606411337714,3.129393163345167,1.0,0.00013080113,7.117472e-08,5.2243413e-05,0.0,2.9740415e-05,7.242371e-08,2.8100338e-05,7.242371e-08,2.4608338e-05,1.1124581e-07,1.3316579e-05,8.389988e-08,1.3272628e-05,5.5471077e-09,1.3272456e-05,5.5471094e-09,1.0072353e-05,1.1210858e-07,9.734537e-06,1.12108594e-07
168,-6.805400032917775,3.0827477565966817,1.0,3.492762e-05,1.16795206e-07,3.1944746e-05,0.0,2.6447118e-05,1.1388779e-07,7.85626e-06,1.3453534e-07,6.335613e-06,3.6946517e-09,5.458239e-06,1.1812055e-07,4.8363195e-06,1.785785e-07,2.2226027e-06,6.768097e-08,2.091721e-06,4.8006477e-08,2.0324078e-06,8.4142975e-08
169,3.6056597622793607,-10.207291068378332,1.0,0.00012739375,0.0,0.00012084004,4.1691866e-08,5.292317e-05,4.9285465e-08,3.1542266e-05,1.4015292e-08,2.6792639e-05,4.306762e-08,2.0394487e-05,1.4747589e-07,1.7211929e-05,9.957188e-08,1.4941384e-05,6.5856796e-08,1.44248625e-05,2.7892604e-09,1.190259e-05,5.0543964e-08
170,5.746942142166159,0.7213903749159432,1.0,0.0008080426,0.0,0.00017089864,4.2157154e-08,0.00013220837,4.338043e-09,0.00013220603,4.338043e-09,2.936244e-05,9.465248e-09,2.6855269e-05,8.0736115e-08,2.3646127e-05,5.3129092e-09,2.0470623e-05,6.080576e-08,1.4247723e-05,3.3279974e-08,1.4018314e-05,4.3830973e-08
171,-11.319460195737038,3.7726047467757233,1.0,3.861092e-05,8.834496e-08,3.6156805e-05,8.145739e-08,2.151227e-05,0.0,1.6890004e-05,9.976691e-08,7.680782e-06,7.204708e-09,5.6457648e-06,8.2767215e-08,4.8389766e-06,3.9370267e-08,3.0721435e-06,9.9654685e-08,2.4100013e-06,6.512931e-08,2.2190447e-06,2.5718698e-09
172,10.319352534418975,-3.8302327266629153,1.0,0.0005602368,0.0,0.00019843971,1.3272473e-08,6.152458e-05,2.751289e-09,3.9436178e-05,4.0617167e-08,2.9109542e-05,4.7897004e-08,2.3105344e-05,6.394439e-08,1.959305e-05,6.967358e-08,1.4135261e-05,3.4060363e-09,1.3654387e-05,1.535686e-08,1.3198483e-05,2.5714726e-08
173,8.993535568676933,-0.9702424406631494,1.0,0.0007097262,0.0,0.00019683289,2.2137112e-08,0.00010055317,3.215792e-09,0.000100550846,3.2157885e-09,2.8373091e-05,5.362669e-08,2.5518237e-05,6.42373e-08,2.4891222e-05,5.964894e-08,2.3096683e-05,6.96388e-08,2.2892453e-05,7.288868e-09,2.083954e-05,3.970033e-09
174,-10.54606165283482,-1.7114599696778061,1.0,9.939622e-05,8.1399875e-08,3.5671514e-05,8.2327716e-08,2.372975e-05,0.0,1.3610761e-05,1.1160546e-07,7.3046235e-06,1.2296127e-08,5.23208e-06,8.361481e-08,3.9985634e-06,5.866369e-08,3.1721418e-06,2.8194371e-09,3.1718946e-06,2.8194336e-09,1.3301022e-06,2.877341e-08
175,-11.190064329034819,0.16181426640644148,1.0,9.774274e-05,8.181061e-08,3.546688e-05,8.2723304e-08,3.5438825e-05,8.2723304e-08,2.2778646e-05,0.0,7.4457143e-06,8.318658e-09,5.3762333e-06,8.398973e-08,4.2305583e-06,5.2202697e-08,2.7670033e-06,2.7138007e-09,2.766754e-06,2.7138007e-09,2.5105496e-06,5.7023573e-08
176,1.732996942872786,-9.818600535088754,1.0,0.00011806061,4.9453796e-08,8.411563e-05,0.0,5.251303e-05,5.779151e-08,2.865671e-05,5.0748554e-08,2.3839268e-05,5.0748547e-08,1.4677469e-05,6.23248e-08,1.3229209e-05,5.8972468e-08,1.2787002e-05,5.8972454e-08,1.0777365e-05,2.9810039e-09,7.810331e-06,1.0527911e-07
177,-10.913181744422376,2.6508598066966016,1.0,3.8404058e-05,9.1592284e-08,3.5943078e-05,8.200908e-08,2.2707967e-05,0.0,1.5080368e-05,9.243661e-08,7.496477e-06,9.873876e-09,4.954546e-06,2.6158168e-07,4.6506207e-06,4.4261622e-08,3.0914102e-06,1.0266528e-07,2.7366473e-06,2.7059208e-09,2.7363906e-06,2.7059173e-09
178,11.104623752403231,-11.201880756653308,1.0,0.0002520728,0.0,0.00013034831,6.7332024e-09,9.134138e-05,6.2881753e-09,1.9437202e-05,1.5510129e-07,1.8217008e-05,8.530364e-09,1.662034e-05,7.273327e-08,1.4255039e-05,7.5753306e-08,1.2543037e-05,8.098169e-09,1.2542456e-05,8.098169e-09,1.1050457e-05,7.308195e-09
179,-2.992555383647268,-7.96590826035729,1.0,3.1221454e-05,1.2823004e-07,2.8791164e-05,0.0,2.04339e-05,1.1350929e-07,9.326321e-06,1.1427528e-07,9.133425e-06,1.1427528e-07,8.304167e-06,2.3048464e-07,7.245604e-06,2.7848529e-08,5.1959328e-06,3.366825e-09,5.1957113e-06,3.366825e-09,4.878003e-06,4.783777e-08
180,2.0949362560045657,2.553422576762225,1.0,0.0003104515,0.0,0.00014680208,6.0722435e-08,5.3312684e-05,5.54261e-09,5.3311236e-05,5.542608e-09,2.4817497e-05,6.213564e-08,2.2769555e-05,6.213564e-08,1.4517278e-05,5.907043e-08,1.2969952e-05,1.1566737e-08,8.494044e-06,6.7200894e-09,8.493658e-06,6.720091e-09
181,-10.777066444587097,-6.352399702715985,1.0,4.501602e-05,9.142691e-08,1.8738489e-05,1.01670466e-07,1.8632554e-05,9.224718e-08,1.08907125e-05,1.2421549e-07,6.836459e-06,1.4491528e-07,5.7729485e-06,9.0709165e-08,5.717503e-06,7.903742e-08,3.7184943e-06,9.33873e-08,3.4604893e-06,6.75785e-08,2.73592e-06,3.5549323e-08
182,7.255645879545025,5.117344272182361,1.0,0.000483727,0.0,0.00016800931,3.0546456e-08,6.956025e-05,3.2615866e-09,6.955863e-05,3.26159e-09,3.3920558e-05,5.7405078e-08,3.3069628e-05,3.9366167e-08,1.9778456e-05,8.487834e-08,1.765279e-05,3.2287684e-08,1.5752144e-05,7.3819955e-09,1.4299432e-05,4.025395e-09
183,0.5201311946164733,2.7028880642380066,1.0,0.00013851748,6.7032424e-08,8.330117e-05,0.0,3.278338e-05,9.505745e-08,2.7457054e-05,6.8358716e-08,2.571018e-05,6.8358716e-08,2.4565254e-05,1.0783904e-07,1.4781092e-05,5.823015e-09,1.4780773e-05,5.823015e-09,1.3783633e-05,8.989997e-08,1.2768392e-05,1.7645633e-07
184,4.856532533550141,9.78107157142318,1.0,0.0001718423,0.0,5.0150375e-05,4.646971e-08,1.9153229e-05,2.7693048e-09,1.0048569e-05,4.7764846e-08,7.091637e-06,9.676192e-08,7.052855e-06,9.676194e-08,4.7680833e-06,1.8849096e-07,4.725222e-06,6.361905e-09,4.3789137e-06,3.4279957e-09,4.3782516e-06,3.4279957e-09
185,-5.076788826419974,10.931413013013294,1.0,9.7898635e-05,6.521687e-08,3.3088003e-05,6.624623e-08,3.1195374e-05,1.1243644e-07,3.056869e-05,6.624623e-08,2.3728586e-05,7.0192016e-08,2.131751e-05,0.0,1.9406478e-05,7.0192016e-08,9.510369e-06,1.4998713e-07,7.440824e-06,9.283152e-09,5.1362817e-06,3.4608103e-08
186,4.88477793730501,1.7527039808530525,1.0,0.0007240472,0.0,0.00016460034,4.6804036e-08,0.00011908738,4.605532e-09,0.000119085074,4.605532e-09,2.8886809e-05,8.155182e-08,2.6911965e-05,9.952053e-09,2.0755793e-05,5.628534e-09,2.0755147e-05,5.628534e-09,1.9843996e-05,5.8497267e-08,1.797611e-05,4.840587e-08
187,7.991249779161805,-7.439460756474488,1.0,0.0003527985,0.0,0.00015445509,2.4559693e-08,4.412771e-05,2.6938043e-08,3.94193e-05,4.3845564e-08,3.9337287e-05,2.7697808e-09,3.9334667e-05,2.7697808e-09,1.9397088e-05,2.6292458e-08,1.7709075e-05,8.411834e-08,9.845537e-06,2.6292458e-08,9.703528e-06,6.36291e-09
188,-8.508209327077585,2.963266087814901,1.0,3.6810965e-05,1.0155875e-07,3.6286863e-05,1.0651312e-07,2.7462838e-05,0.0,2.7078351e-05,1.1330766e-07,1.5333473e-05,1.0238386e-07,6.5416966e-06,2.4581041e-08,4.6884325e-06,3.2256366e-09,3.274492e-06,1.02292894e-07,3.068639e-06,1.0353059e-07,2.351488e-06,5.989508e-08
189,-6.432590041739509,-10.08054980914406,1.0,5.5927372e-05,7.476326e-08,3.2416774e-05,1.0769985e-07,2.354674e-05,7.571184e-08,2.146942e-05,0.0,1.9532861e-05,7.571184e-08,6.9776734e-06,1.3752501e-08,5.517411e-06,2.9665024e-08,3.2150804e-06,8.5682046e-08,2.6885004e-06,7.702713e-08,2.200366e-06,2.567031e-09
190,5.953406392526855,10.43641470414995,1.0,0.00018428352,0.0,4.7207363e-05,1.1910039e-08,2.6080024e-05,1.4808695e-07,1.6527314e-05,2.5567033e-09,1.6415504e-05,9.261639e-08,1.1959347e-05,7.835945e-08,1.010701e-05,4.0202455e-08,5.332112e-06,3.964799e-08,4.964104e-06,1.8673265e-07,4.4998915e-06,2.4502416e-08
191,9.86448044515988,1.600653341074132,1.0,0.0006620423,0.0,0.00020437042,1.6586394e-08,8.4575746e-05,2.975515e-09,8.4572166e-05,2.9755114e-09,3.191561e-05,4.9842686e-08,2.5885303e-05,5.8003774e-08,2.5611496e-05,5.9664956e-08,2.5582001e-05,1.6429703e-07,1.9956191e-05,6.794295e-09,1.838233e-05,3.6788386e-09
192,7.568855270686569,5.003707167587294,1.0,0.0004974307,0.0,7.029627e-05,3.208335e-09,1.9753665e-05,8.343632e-08,1.6018517e-05,7.2736768e-09,1.4587931e-05,3.96102e-09,1.4587483e-05,3.9610164e-09,7.5354765e-06,5.7644815e-08,6.8340237e-06,8.4387395e-08,4.3703217e-06,5.740885e-08,4.21275e-06,4.09979e-08
193,-1.0388666910857616,-7.024410848794031,1.0,4.4137785e-05,7.919731e-08,3.3363493e-05,0.0,2.0720456e-05,1.11136664e-07,1.2830247e-05,6.11276e-09,9.030633e-06,1.1193874e-07,8.840311e-06,1.11938725e-07,6.953255e-06,8.052245e-08,6.772869e-06,3.8238994e-09,6.772696e-06,3.8238994e-09,6.4824485e-06,2.337853e-07
194,-0.5356292195092944,-1.5119983589766086,1.0,6.281612e-05,0.0,3.1066018e-05,1.0212176e-07,2.8109975e-05,7.326719e-08,1.7378285e-05,6.3413026e-09,1.1393918e-05,1.0307296e-07,1.0005371e-05,1.1002895e-07,7.3046876e-06,1.7389216e-07,5.739244e-06,2.4982157e-07,5.5807386e-06,1.2840834e-08,4.560825e-06,6.846618e-08
195,-10.228940628093422,10.009284008136667,1.0,9.005783e-05,7.332123e-08,3.4928813e-05,8.788061e-08,1.821783e-05,0.0,1.4327758e-05,8.8687756e-08,6.772665e-06,1.1427474e-08,6.66848e-06,1.2421111e-08,5.1993416e-06,7.5490604e-08,3.2100727e-06,8.884366e-08,3.1447134e-06,7.282301e-08,2.8899278e-06,7.9360774e-08
196,10.118601709678277,-7.923559113280888,1.0,0.00035915026,0.0,5.685648e-05,2.2643434e-08,3.8713057e-05,3.182675e-08,2.5782721e-05,2.4133406e-09,1.798874e-05,1.6399605e-07,1.6676257e-05,1.4794622e-08,8.993369e-06,2.3557966e-08,7.24115e-06,1.7929143e-07,7.212511e-06,7.7271636e-08,6.29729e-06,7.172355e-08
197,-5.721054060654704,7.262870476022567,1.0,0.00010625191,7.2538846e-08,3.4188753e-05,7.358199e-08,3.3174983e-05,1.1666355e-07,3.226974e-05,7.358199e-08,2.6873427e-05,0.0,1.6712394e-05,8.640611e-08,6.042624e-06,2.9979617e-08,5.5254e-06,3.6400635e-08,5.0828776e-06,7.485833e-08,4.457734e-06,3.1624197e-09
198,4.916087978748134,5.695011443370653,1.0,0.0003523542,0.0,5.528261e-05,3.6769379e-09,3.6992595e-05,6.545422e-08,2.2869905e-05,4.3741025e-08,2.283642e-05,4.4031296e-08,1.3395965e-05,7.612553e-08,1.0666163e-05,4.525379e-09,1.0100931e-05,6.6632076e-08,9.219534e-06,6.663207e-08,4.1769345e-06,5.9312356e-08
199,-1.041404781389076,-5.601812617837735,1.0,0.00012555404,6.6626384e-08,4.0106857e-05,8.591269e-08,3.888653e-05,0.0,3.0763127e-05,6.785632e-08,2.8089962e-05,6.785632e-08,2.1996879e-05,1.11474904e-07,1.2794743e-05,1.4447988e-08,9.375703e-06,1.1229842e-07,9.140351e-06,1.1229844e-07,8.633185e-06,4.3786272e-09
200,1.3545998347273454,8.0888863344571,1.0,9.040039e-05,0.0,4.6260426e-05,6.744459e-08,2.8894778e-05,5.5291274e-08,1.9252291e-05,1.0587461e-07,1.750118e-05,2.7704111e-08,1.3675819e-05,3.4589682e-09,1.23196505e-05,6.857478e-08,8.63612e-06,8.083035e-08,8.187011e-06,1.06688425e-07,4.46891e-06,6.8219535e-08
201,-4.132941765095023,3.723743150819651,1.0,4.664126e-05,7.6016825e-08,1.7843904e-05,0.0,1.3008773e-05,7.713583e-08,7.551855e-06,2.7032545e-09,5.313634e-06,8.115266e-08,3.891832e-06,4.4374726e-09,3.855722e-06,4.437476e-09,3.2401442e-06,1.4698314e-07,2.4057822e-06,8.983685e-08,2.3578018e-06,6.738116e-09
202,5.069813609982724,8.455428202600796,1.0,0.0002193304,0.0,0.00013584821,3.794836e-08,3.3904107e-05,2.3752467e-08,2.8493589e-05,3.0077203e-09,2.8492424e-05,3.0077203e-09,2.6947979e-05,1.5083478e-07,2.4573408e-05,3.944814e-08,1.7749753e-05,3.944814e-08,6.685434e-06,6.8611747e-09,6.14991e-06,3.7179433e-09
203,5.788274982047646,-5.335178900663198,1.0,0.00042167667,0.0,0.00015822807,3.8380136e-08,6.504145e-05,3.5622243e-09,6.504098e-05,3.5622243e-09,3.5542213e-05,6.321454e-08,2.8480308e-05,4.021335e-08,2.087644e-05,4.0001026e-08,2.0129146e-05,9.106019e-08,1.4756512e-05,7.4419745e-08,1.4642432e-05,4.0001026e-08
204,-2.0002314058574164,-7.267598004165385,1.0,3.1724212e-05,0.0,2.4251289e-05,1.8435742e-09,2.0765001e-05,1.1251177e-07,1.0748202e-05,4.5924295e-09,9.2343535e-06,1.13298825e-07,6.466377e-06,2.3544094e-07,6.258633e-06,3.6720635e-09,6.258438e-06,3.672067e-09,6.2395916e-06,8.019762e-08,2.7656458e-06,1.1353306e-07
205,4.937892549026941,6.5736169190617275,1.0,0.00029895752,0.0,0.00014693386,4.1175745e-08,4.5167915e-05,3.4528291e-09,4.5167228e-05,3.4528256e-09,3.925595e-05,6.133947e-08,2.8220946e-05,3.4518372e-08,2.357043e-05,4.271166e-08,1.7361828e-05,4.2711655e-08,1.2906542e-05,7.69323e-08,1.0245125e-05,6.254314e-08
206,-3.5574696909648216,-10.648015612371246,1.0,3.0493704e-05,1.197404e-07,2.2715067e-05,0.0,2.2167113e-05,1.2293827e-07,1.791395e-05,6.871913e-08,7.3761985e-06,1.1340916e-08,4.83566e-06,4.1211127e-08,3.8709704e-06,1.8424915e-07,3.2727849e-06,7.9469544e-08,2.7396939e-06,2.706713e-09,2.73944e-06,2.706713e-09
207,-0.5276945867020153,-9.07654210439173,1.0,4.4669046e-05,5.8220614e-08,1.9281524e-05,6.810952e-08,1.7292336e-05,0.0,7.87989e-06,7.509277e-08,5.992137e-06,6.2671077e-09,5.454369e-06,6.920262e-08,5.0177537e-06,2.1660899e-08,2.580142e-06,3.2033292e-09,2.5800452e-06,3.2033256e-09,2.4955948e-06,1.27272415e-08
208,10.94670205818321,-4.449422319645512,1.0,0.0005215741,0.0,0.00019835022,9.335906e-09,4.892214e-05,2.593051e-09,4.3676082e-05,3.7193246e-08,2.9756713e-05,4.2497454e-08,2.3287294e-05,6.403313e-08,1.878326e-05,6.80467e-08,1.7003276e-05,1.1474885e-08,1.27703e-05,5.9865926e-09,1.2652384e-05,2.4734817e-08
209,10.637869772647885,-1.7598477387307856,1.0,0.0006315895,0.0,7.201697e-05,2.7983695e-09,3.4316072e-05,4.7932282e-08,2.5624055e-05,5.3739342e-08,1.633319e-05,3.463395e-09,1.478761e-05,1.7866174e-07,1.4748367e-05,2.5996592e-08,1.2207409e-05,1.3888698e-08,7.872856e-06,6.4901236e-08,7.073694e-06,5.975701e-08
210,10.499816571432746,11.115021902268438,1.0,0.00024797866,0.0,0.00012992386,9.667257e-09,8.573522e-05,6.8611286e-09,2.4181873e-05,1.5289758e-07,1.8914137e-05,1.1425957e-08,1.6064834e-05,7.34433e-08,1.4538527e-05,7.777881e-08,1.1145904e-05,8.70023e-09,1.0594128e-05,7.904145e-09,6.520967e-06,2.1102782e-08
211,8.018167045602937,3.9597387167230487,1.0,0.00057660014,0.0,0.00017995403,2.6998087e-08,8.245449e-05,3.2439367e-09,8.245249e-05,3.2439367e-09,3.250805e-05,4.3604757e-08,3.094982e-05,5.8494535e-08,1.8709643e-05,7.3461415e-09,1.7002849e-05,4.0040646e-09,1.700211e-05,4.004061e-09,1.3895748e-05,2.883435e-08
212,-0.37749406694740095,9.466205827156138,1.0,0.00011403207,5.702526e-08,4.3306027e-05,0.0,3.052686e-05,5.823555e-08,2.9277546e-05,1.3473286e-07,2.6695514e-05,5.8235557e-08,1.8679088e-05,1.0908904e-07,1.306941e-05,1.9218021e-08,5.87973e-06,3.1032883e-09,4.3458144e-06,5.4696045e-08,4.322822e-06,6.653693e-08
213,-2.022648733377846,6.4419747198453905,1.0,0.000119654,6.7441505e-08,3.449505e-05,0.0,3.1810017e-05,6.862253e-08,2.9175666e-05,6.862253e-08,1.4130663e-05,8.498572e-08,8.592794e-06,3.7505004e-08,7.2021276e-06,3.9520263e-09,6.339737e-06,7.9761584e-08,4.7610924e-06,5.453203e-08,4.654488e-06,6.989207e-08
214,1.950768949325477,1.470625615312219,1.0,0.00037989006,0.0,0.0001470685,6.25529e-08,6.909498e-05,5.975002e-09,6.909338e-05,5.975e-09,2.9342691e-05,1.5823699e-07,2.3029046e-05,6.3865286e-08,2.2867423e-05,6.396323e-08,1.7501658e-05,1.2267396e-08,1.3480994e-05,6.424281e-08,1.0540132e-05,7.216288e-09
215,4.5262201831880375,9.768686898125708,1.0,0.00016247641,0.0,0.00012586973,3.8524778e-08,3.540096e-05,1.6344533e-08,2.6863074e-05,1.4694571e-07,2.5704734e-05,3.9959478e-08,1.9223711e-05,3.995947e-08,1.8574601e-05,2.801798e-09,1.8573483e-05,2.801798e-09,1.7240538e-05,9.693824e-08,1.0917257e-05,7.940197e-08
216,5.468219639904699,-3.0364546097706633,1.0,0.00061822194,0.0,0.0001660185,4.2505e-08,0.000100563244,4.145802e-09,2.7512224e-05,1.6101373e-07,2.310915e-05,5.190379e-08,2.2136404e-05,9.107934e-09,1.8346522e-05,5.08499e-09,1.4557562e-05,4.4139156e-08,1.123319e-05,3.2538225e-08,9.024626e-06,7.52979e-08
217,0.14314327152094108,-0.28572548591460567,1.0,0.00013768148,7.0600564e-08,6.7463836e-05,0.0,3.0316784e-05,1.5440845e-07,2.8807774e-05,1.0429539e-07,2.7941654e-05,1.0563848e-07,2.6146534e-05,7.191509e-08,2.5965057e-05,7.191509e-08,1.9139388e-05,6.657136e-09,1.9139386e-05,6.657136e-09,1.0775963e-05,1.052371e-07
218,1.2335402112912686,3.3758229576035674,1.0,0.00015118532,0.0,0.0001409118,6.323864e-08,2.6892723e-05,6.459793e-08,2.564001e-05,5.392394e-09,2.5639427e-05,5.392394e-09,2.4543928e-05,6.459793e-08,1.3988628e-05,9.069775e-08,1.3319309e-05,5.5531956e-08,6.162553e-06,1.1317004e-08,4.2968927e-06,1.7741327e-07
219,5.277507563770605,-8.784210156968744,1.0,0.00021485238,0.0,0.00013440008,3.654864e-08,3.6046353e-05,2.1732237e-08,2.6780788e-05,1.5048144e-07,2.6538268e-05,2.9163267e-09,2.445053e-05,3.805232e-08,1.9223617e-05,1.5592434e-07,1.7671186e-05,9.447532e-08,1.7429456e-05,3.8052328e-08,1.2102783e-05,7.814218e-08
220,10.292130907587786,10.193663394905062,1.0,0.0002739739,0.0,0.00013741094,1.1036647e-08,7.479919e-05,1.1482818e-08,4.6653695e-05,2.0753525e-08,1.8570487e-05,1.28294815e-08,1.653645e-05,7.2908165e-08,1.51296135e-05,7.7802426e-08,1.0299168e-05,1.326304e-08,9.792856e-06,2.1725484e-09,9.789557e-06,2.1725484e-09
221,-9.022854313655053,10.049507205549396,1.0,9.229904e-05,7.2100505e-08,3.478644e-05,7.30312e-08,3.308824e-05,7.30312e-08,2.4780944e-05,7.8582374e-08,1.9219273e-05,0.0,1.4387945e-05,9.516695e-08,9.724964e-06,1.3337447e-07,6.762624e-06,1.2771775e-08,6.3032294e-06,1.7373598e-08,5.4154693e-06,7.432217e-08
222,6.920236315823125,-7.410565704310114,1.0,0.0003281737,0.0,0.00015014845,3.0170725e-08,4.1134972e-05,2.9412988e-09,4.1133095e-05,2.9412952e-09,4.024841e-05,4.8832696e-08,3.90748e-05,2.808801e-08,2.1117792e-05,3.1822665e-08,1.8103701e-05,8.8152355e-08,1.2781162e-05,3.1822665e-08,9.767675e-06,6.7230594e-09
223,10.109126311778546,-0.5176663262760073,1.0,0.0006737161,0.0,0.00020665741,1.5155152e-08,8.4638006e-05,2.9452387e-09,8.4633946e-05,2.9452423e-09,2.8018347e-05,5.6215672e-08,2.3026012e-05,6.314434e-08,2.0082645e-05,6.7312804e-09,1.8518142e-05,3.642068e-09,1.5299294e-05,2.684877e-08,8.22584e-06,6.425694e-08
224,5.315461262984524,-1.5353596421654014,1.0,0.0003362136,0.0,0.00012363656,7.764516e-09,6.688482e-05,4.4424635e-08,6.1530634e-05,4.4508344e-09,6.1529914e-05,4.450831e-09,4.5894798e-05,8.215277e-09,1.8914996e-05,1.1213288e-08,1.5236162e-05,1.1213288e-08,1.49056405e-05,9.671968e-09,1.1742754e-05,1.2619424e-08
225,9.218252943661629,-8.673149144607127,1.0,0.00031632016,0.0,0.0001482315,1.7254749e-08,5.674153e-05,1.9671496e-08,4.215098e-05,3.2632798e-08,2.5171428e-05,1.5580616e-07,2.404802e-05,2.445379e-09,2.4044683e-05,2.445379e-09,1.8767796e-05,1.9037167e-08,1.8512948e-05,1.6105747e-07,1.6518097e-05,7.2938825e-08
226,-5.5608914768797035,-7.715030602098726,1.0,3.4064873e-05,7.261167e-08,3.2906097e-05,1.166261e-07,6.190988e-06,2.7604461e-08,5.457122e-06,3.6611905e-08,3.986193e-06,0.0,2.7596693e-06,9.428835e-08,2.4099475e-06,5.337358e-08,1.540926e-06,2.7671842e-08,9.4032885e-07,3.8161534e-08,9.249874e-07,3.8225814e-09
227,7.075500430283444,-5.367191725070664,1.0,0.0004614461,0.0,0.00016534487,3.133333e-08,6.6344e-05,3.2609933e-09,6.634257e-05,3.2609933e-09,3.463901e-05,5.7184998e-08,3.3121472e-05,3.8388777e-08,1.9636467e-05,8.588838e-08,1.8397019e-05,3.3053496e-08,1.5024796e-05,7.380791e-09,1.3639522e-05,4.024681e-09
228,-9.892357251781826,6.9494361951863866,1.0,9.630262e-05,7.694618e-08,3.5720386e-05,7.7874276e-08,2.1259331e-05,0.0,1.069098e-05,1.290873e-07,5.6679214e-06,2.7467795e-08,5.421983e-06,7.9165076e-08,3.1540267e-06,8.9857025e-08,2.7893582e-06,9.901582e-08,2.6784244e-06,3.7165908e-08,2.1846492e-06,7.616265e-08
229,-3.5282233182235547,-11.390321354639891,1.0,6.0949715e-05,6.432147e-08,3.0135063e-05,1.18204916e-07,2.2771535e-05,1.2012075e-07,2.1524153e-05,0.0,1.861574e-05,6.53633e-08,7.71976e-06,6.8055073e-09,4.787233e-06,4.021303e-08,3.4312372e-06,7.6218974e-08,2.6735956e-06,4.3887518e-08,2.2242227e-06,2.5732056e-09
230,9.777459528913756,5.501874821655004,1.0,0.00047798312,0.0,5.0546423e-05,2.7081946e-09,4.357959e-05,3.424076e-08,2.021358e-05,6.7942196e-08,1.8457637e-05,7.47598e-08,1.1762198e-05,3.3534917e-09,1.1760374e-05,3.3534917e-09,1.13516e-05,2.5452895e-08,6.2137055e-06,7.572754e-08,5.885454e-06,3.572993e-08
231,0.6296755907551699,-4.136363913412095,1.0,0.0001363648,6.4217666e-08,9.097581e-05,0.0,2.824011e-05,6.553932e-08,2.565432e-05,6.553931e-08,2.294084e-05,1.0809586e-07,1.5165235e-05,5.091332e-09,1.5165005e-05,5.091332e-09,1.2534612e-05,5.1584045e-08,9.220525e-06,1.0896622e-07,9.09778e-06,7.881438e-08
232,7.861851695938039,9.342959540942982,1.0,0.0002648632,0.0,0.00013830191,2.3602738e-08,5.308582e-05,1.7084297e-08,2.5571824e-05,1.5310098e-07,2.266652e-05,2.5218156e-09,2.2663966e-05,2.5218156e-09,2.1251284e-05,2.5256263e-08,1.4511576e-05,7.5414086e-08,1.1889459e-05,2.525627e-08,7.2859475e-06,1.8250276e-08
233,8.193603169073537,-6.557728663730259,1.0,0.0004054042,0.0,4.8335456e-05,2.8607623e-09,4.8332666e-05,2.8607658e-09,4.1412583e-05,3.1161353e-08,1.8274457e-05,8.254325e-08,1.7958115e-05,2.5954318e-08,1.1667395e-05,6.554572e-09,1.0789124e-05,3.539352e-09,1.0788202e-05,3.539352e-09,8.4193e-06,2.595431e-08
234,6.473961330405913,-0.4743853323360643,1.0,0.000804655,0.0,0.0001760311,3.7806494e-08,0.00013034874,4.0519677e-09,0.00013034757,4.0519694e-09,2.8610957e-05,8.931231e-09,2.4024312e-05,4.9734084e-09,2.4024286e-05,4.973412e-09,2.0477957e-05,6.32504e-08,1.4851339e-05,3.2161832e-08,1.1349929e-05,3.9542087e-08
235,-4.0641345916829295,9.367714485590017,1.0,0.00010494129,6.6147564e-08,3.3019463e-05,6.722502e-08,3.133143e-05,1.20366e-07,3.0397678e-05,6.722501e-08,2.4684934e-05,0.0,1.7199196e-05,7.530399e-08,9.994842e-06,1.5524677e-07,6.8359727e-06,1.8923252e-08,5.01456e-06,4.107992e-08,4.731642e-06,6.847218e-08
236,-2.8249400861585716,6.43741216521914,1.0,0.00011696717,6.921571e-08,3.3469994e-05,0.0,3.00298e-05,7.03655e-08,7.3665215e-06,3.705683e-08,6.8586332e-06,3.8494203e-09,6.858442e-06,3.8494203e-09,5.796554e-06,7.914883e-08,4.9172186e-06,5.1189247e-08,2.1865856e-06,7.0401796e-08,2.0200478e-06,3.1314954e-08
237,-0.3500409919516976,-8.494152478511761,1.0,4.587447e-05,5.8832278e-08,1.8986877e-05,0.0,1.8350667e-05,7.0442134e-08,8.3182185e-06,7.525129e-08,7.0628885e-06,9.87011e-09,5.2579962e-06,7.152948e-08,5.084833e-06,2.532364e-08,2.9504288e-06,3.3691947e-09,2.9503583e-06,3.3691947e-09,2.6567275e-06,1.26470105e-08
238,7.656459315123854,-9.027146576318003,1.0,0.00027261593,0.0,0.00014021908,2.4892945e-08,5.0106377e-05,1.8895353e-08,2.572255e-05,1.5344398e-07,2.5456038e-05,2.5892746e-09,2.5453613e-05,2.589271e-09,2.1324888e-05,2.6543884e-08,1.8961564e-05,1.5833356e-07,1.6761363e-05,8.641537e-08,1.21241155e-05,2.6543884e-08
239,-1.1793480998655266,-0.35901643817526896,1.0,0.00013156419,7.438459e-08,6.467683e-05,0.0,3.110632e-05,1.4943635e-07,2.9422117e-05,1.0670059e-07,2.8338749e-05,1.08344686e-07,2.7983799e-05,7.563515e-08,1.8092267e-05,6.4700645e-09,1.8092225e-05,6.4700645e-09,1.1264876e-05,1.0761921e-07,1.1044204e-05,1.09251054e-07
240,-1.6303762581871606,-1.1974065853886504,1.0,6.039512e-05,0.0,2.9328536e-05,7.619197e-08,1.6437174e-05,6.1689907e-09,1.643704e-05,6.1689907e-09,1.1708572e-05,1.05858405e-07,1.0942057e-05,1.1125201e-07,8.031113e-06,6.5741986e-08,5.6619538e-06,2.5303916e-07,5.285264e-06,1.2573306e-08,4.7557787e-06,6.423541e-08
241,8.667529787029139,3.7399250096300065,1.0,0.00058808166,0.0,8.013256e-05,3.1119143e-09,8.013011e-05,3.1119143e-09,3.396104e-05,4.3538105e-08,2.6024649e-05,1.6234588e-07,2.0498097e-05,6.6817364e-08,1.6932829e-05,3.8442955e-09,1.6931795e-05,3.844299e-09,1.2934078e-05,2.7768383e-08,1.1962126e-05,2.5166162e-08
242,7.457174303704232,3.228765208036421,1.0,0.00063115475,0.0,0.00017931407,3.0765246e-08,9.593401e-05,3.4821568e-09,9.593288e-05,3.4821568e-09,2.9952642e-05,6.40008e-08,2.905145e-05,4.7702056e-08,2.1297019e-05,7.825346e-09,1.9029727e-05,4.2913904e-09,1.9029476e-05,4.291394e-09,1.382357e-05,3.256343e-08
243,-5.278019403462976,-0.7059105608308975,1.0,0.000115446164,7.968591e-08,4.0647825e-05,0.0,3.2659045e-05,8.0772004e-08,3.242876e-05,8.077201e-08,1.8123934e-05,8.100848e-08,1.5238943e-05,1.2831603e-07,9.204052e-06,4.5437822e-09,9.203888e-06,4.5437822e-09,5.5405535e-06,4.495074e-08,5.257081e-06,8.2080824e-08
244,2.6466130504367076,6.547860445025503,1.0,0.00017491735,0.0,0.00013703284,5.1759258e-08,2.7925933e-05,3.837668e-09,2.7925826e-05,3.837668e-09,2.6880498e-05,5.315824e-08,2.2247212e-05,5.3158253e-08,1.9967676e-05,3.6520987e-08,1.1503586e-05,7.1660665e-08,7.9760275e-06,1.0344041e-07,6.1177107e-06,8.521967e-09
245,-7.48535557371338,-7.699293468723462,1.0,0.00010073184,7.3934544e-08,4.8250407e-05,8.526813e-08,3.488049e-05,7.492223e-08,2.3624598e-05,0.0,1.989425e-05,1.1546291e-07,1.8024752e-05,8.6165855e-08,6.0585767e-06,2.6055584e-08,5.9785066e-06,2.697482e-08,3.1276688e-06,2.807802e-09,2.8891343e-06,8.7411905e-08
246,8.124878970969974,5.040059323461932,1.0,0.0005012635,0.0,6.741244e-05,3.0811336e-09,1.9502362e-05,8.113162e-08,1.570187e-05,2.7490792e-08,1.5631213e-05,7.012943e-09,1.4330727e-05,3.8069956e-09,6.6781718e-06,8.208929e-08,6.369623e-06,4.0046864e-08,5.8195333e-06,7.1143894e-08,4.610573e-06,4.0046864e-08
247,-1.0469557487924224,-2.115990762010286,1.0,5.828432e-05,0.0,2.9180579e-05,7.39444e-08,1.5611164e-05,6.0142344e-09,1.5611058e-05,6.0142344e-09,1.0021374e-05,1.1151202e-07,7.925729e-06,7.600153e-08,5.8053656e-06,2.4974412e-07,5.019488e-06,1.23296715e-08,4.6561477e-06,6.58189e-08,4.6005002e-06,7.524111e-08
248,6.370777041999009,1.2659635540373593,1.0,0.00077644846,0.0,0.0001754307,3.8251876e-08,0.00012576941,4.0503974e-09,0.00012576848,4.0503974e-09,2.7605034e-05,8.928263e-09,2.7342707e-05,7.607875e-08,2.7116379e-05,1.6310779e-07,2.3184582e-05,4.971545e-09,2.3184455e-05,4.971545e-09,2.2631293e-05,5.7604566e-08
249,9.412388767677825,-8.529962716436422,1.0,0.0003250812,0.0,0.00015019784,1.6331818e-08,5.6904977e-05,2.0245928e-08,4.143524e-05,3.23872e-08,2.4393552e-05,2.437826e-09,2.4390138e-05,2.4378295e-09,1.8407603e-05,1.6166257e-07,1.8343282e-05,1.8136419e-08,1.6860848e-05,7.2508726e-08,1.6468979e-05,7.9636486e-08
250,-10.905517636722884,1.2624378731639005,1.0,3.84352e-05,9.2178766e-08,3.567618e-05,8.252681e-08,3.4206438e-05,1.0521897e-07,2.3169057e-05,0.0,1.5445461e-05,8.2932914e-08,1.5275325e-05,1.0598856e-07,7.636524e-06,2.479165e-07,6.9531884e-06,1.1489372e-07,6.0256793e-06,9.350548e-08,5.7707566e-06,1.6339048e-07
251,7.6744065268196024,-0.44587141908028194,1.0,0.0007688142,0.0,0.00018530777,3.0424964e-08,0.00011971263,3.6222616e-09,0.00011971138,3.6222616e-09,2.6367146e-05,8.102532e-09,2.5513647e-05,7.221861e-08,2.4369394e-05,7.464247e-08,2.4347602e-05,5.7936308e-08,2.375322e-05,4.6493334e-09,2.3270637e-05,4.4597854e-09
252,4.297066488291819,6.0655375330007395,1.0,0.00029363733,0.0,0.000146715,4.502975e-08,4.6247445e-05,3.7074894e-09,4.6247384e-05,3.7074859e-09,3.830792e-05,6.637314e-08,2.4798563e-05,3.796756e-08,2.4181023e-05,4.6534566e-08,2.0008723e-05,9.70818e-08,1.0154908e-05,8.269451e-09,9.807701e-06,1.6469612e-07
253,-9.455629261537046,6.236560401925093,1.0,9.841798e-05,7.748888e-08,3.6277885e-05,9.741116e-08,3.5682024e-05,7.8431555e-08,2.3599363e-05,1.1563394e-07,2.2535873e-05,0.0,1.790875e-05,9.232008e-08,1.7838542e-05,9.2320064e-08,1.0958737e-05,1.3117456e-07,5.5092437e-06,3.127509e-08,3.3601987e-06,9.3491494e-08
254,3.1550136516912453,2.5910496925765933,1.0,0.0004730672,0.0,0.00015267414,5.551594e-08,7.9039964e-05,5.1425104e-09,7.9038444e-05,5.1425104e-09,3.13225e-05,8.617239e-08,2.2884462e-05,5.699318e-08,2.047722e-05,5.6993173e-08,1.8624192e-05,1.0894052e-08,1.6829477e-05,5.7590483e-08,1.3098251e-05,6.2567445e-09
255,9.02262475928444,-5.361770331618594,1.0,0.00048553196,0.0,0.00017715432,2.0311706e-08,5.788148e-05,2.860581e-09,5.7878442e-05,2.860581e-09,4.023679e-05,3.584769e-08,3.3108976e-05,4.802935e-08,1.9262001e-05,6.9026676e-08,1.887596e-05,7.7752254e-08,1.4528334e-05,2.2206393e-08,1.3972342e-05,6.5541883e-09
256,-0.35546075571629565,10.412524139044603,1.0,0.00011010697,5.5173082e-08,4.1819858e-05,0.0,2.8931188e-05,1.3249885e-07,1.8033046e-05,1.0866575e-07,1.5137881e-05,6.2380415e-08,1.36339695e-05,1.3242705e-08,9.752629e-06,1.6662034e-07,8.475941e-06,2.168716e-07,8.081041e-06,1.09426416e-07,7.060021e-06,2.1914661e-07
257,-2.172498054095451,10.657960495940653,1.0,0.00010497076,5.961279e-08,3.160093e-05,6.073857e-08,2.9755758e-05,1.2533445e-07,2.8306127e-05,6.073857e-08,2.335908e-05,0.0,2.146784e-05,6.5766386e-08,8.970184e-06,1.15338175e-08,5.703243e-06,8.1249595e-08,4.5800434e-06,4.6429665e-08,4.3665377e-06,6.1956754e-08
258,6.6689782135581375,9.261014641385358,1.0,0.00023942538,0.0,0.00013541801,2.9455219e-08,4.5659413e-05,1.8220351e-08,2.6076477e-05,1.5166103e-07,2.4411042e-05,2.6699496e-09,2.440907e-05,2.6699496e-09,2.2831751e-05,3.103163e-08,1.6927605e-05,8.995889e-08,1.3291094e-05,7.6851336e-08,6.7051797e-06,9.081006e-08
259,8.798943385521618,-7.11821769349406,1.0,0.0003834386,0.0,0.00016076614,2.0475952e-08,4.6396104e-05,2.7762702e-08,3.9810227e-05,2.6885658e-09,3.9807124e-05,2.6885658e-09,1.7664672e-05,2.2287438e-08,1.764379e-05,8.069214e-08,1.7291233e-05,7.18406e-08,1.0049419e-05,6.1906213e-09,9.318604e-06,3.3295429e-09
260,-9.333679058996918,3.1218608826508465,1.0,3.736304e-05,1.0101704e-07,3.695851e-05,1.0126311e-07,3.553878e-05,8.1288924e-08,2.5482143e-05,0.0,1.5766014e-05,1.0183001e-07,1.2622857e-05,1.13947664e-07,6.8422237e-06,1.949283e-08,5.7713773e-06,1.0258722e-07,3.899855e-06,3.011813e-09,3.865623e-06,6.429573e-08
261,-3.0445655031472736,-8.187845013148024,1.0,3.117791e-05,1.2750048e-07,2.8176566e-05,0.0,2.02665e-05,1.134993e-07,9.285321e-06,1.1426175e-07,7.1776444e-06,2.648422e-08,4.96324e-06,3.3017216e-09,4.9630207e-06,3.301718e-09,4.8764728e-06,4.724479e-08,2.829241e-06,3.996444e-09,2.6873201e-06,1.1451668e-07
262,-1.7096654444161619,5.730147048730373,1.0,3.76293e-05,0.0,1.3605518e-05,8.767093e-08,8.947221e-06,4.189724e-08,8.2268925e-06,4.2586485e-09,5.7332904e-06,6.566477e-09,3.9658016e-06,8.74503e-08,2.244548e-06,3.297828e-08,2.123818e-06,1.2438201e-07,2.096878e-06,7.771311e-08,1.9589154e-06,8.059837e-08
263,-5.850332889912027,10.950143240874159,1.0,9.629646e-05,6.649951e-08,3.3415767e-05,6.7506335e-08,3.1623433e-05,1.08806645e-07,3.106811e-05,6.7506335e-08,2.4201508e-05,7.132405e-08,2.0754862e-05,0.0,1.4323113e-05,1.0953541e-07,9.495958e-06,1.4687484e-07,7.396708e-06,8.981658e-09,5.3156004e-06,3.1273697e-08
264,10.970375480493527,-8.80686086158109,1.0,0.00032984087,0.0,6.7289926e-05,1.7807245e-08,1.8469213e-05,7.051874e-08,1.8294513e-05,1.6206253e-07,1.661464e-05,9.981104e-09,1.4808085e-05,2.2297222e-09,1.0930871e-05,1.2574532e-08,8.503711e-06,2.2280418e-08,7.4617255e-06,1.7192184e-07,6.851508e-06,7.493594e-08
265,-4.878331113380558,-7.998898475087688,1.0,3.368617e-05,7.111527e-08,3.23623e-05,1.1945649e-07,6.3174593e-06,2.6506836e-08,5.2769637e-06,3.9468492e-08,4.976612e-06,0.0,3.0623735e-06,1.2865526e-07,2.7822568e-06,9.249875e-08,2.3944738e-06,5.4894745e-08,1.5652566e-06,2.7866104e-08,9.812708e-07,4.0968022e-08
266,5.7542058410021255,-8.84747908734284,1.0,0.00022803347,0.0,0.00013551988,3.425616e-08,2.694712e-05,2.8476848e-09,2.6945576e-05,2.8476848e-09,2.384819e-05,3.578726e-08,1.748325e-05,9.291352e-08,1.2563001e-05,7.76493e-08,9.141591e-06,4.8518807e-08,6.984927e-06,9.376297e-08,6.9483713e-06,9.376297e-08
267,-2.0083087194683316,-10.897262846277673,1.0,0.000104430146,5.87627e-08,5.8577105e-05,6.32084e-08,3.1434243e-05,5.9890894e-08,2.9571034e-05,1.2540335e-07,2.80723e-05,5.989088e-08,2.203715e-05,1.2808835e-07,2.1611968e-05,6.428817e-08,1.6831314e-05,6.428817e-08,5.5906853e-06,6.578122e-08,4.5388106e-06,4.6616535e-08
268,-9.802163647602882,-7.556352858175733,1.0,2.0813113e-05,0.0,1.917793e-05,8.800009e-08,7.0311326e-06,1.4018447e-07,6.777322e-06,1.4779303e-08,5.846618e-06,2.4677153e-08,5.35231e-06,7.707993e-08,3.5338735e-06,8.9180375e-08,2.8733787e-06,9.700676e-08,2.7106246e-06,3.4930377e-08,2.1613585e-06,7.72e-08
269,1.8388628813136219,8.837316376899487,1.0,0.00012320477,5.0826188e-08,9.716019e-05,0.0,2.84989e-05,5.2144195e-08,2.3728931e-05,5.2144202e-08,2.0183263e-05,2.2943716e-08,1.3789685e-05,3.220979e-09,1.37893385e-05,3.220979e-09,8.839745e-06,8.088705e-08,6.044518e-06,1.2517756e-07,4.050043e-06,6.225945e-08
270,-10.677267087974043,2.782020884294038,1.0,3.817622e-05,9.302104e-08,3.589961e-05,8.1885474e-08,2.3066244e-05,0.0,7.392933e-06,1.1315706e-08,5.6462686e-06,8.3197634e-08,4.687599e-06,4.4151914e-08,2.8901702e-06,2.745832e-09,2.889922e-06,2.745832e-09,2.037597e-06,2.7316423e-07,1.3851308e-06,2.2986846e-07
271,-8.300798289288888,0.8990046463453734,1.0,0.0001057393,8.103662e-08,3.6161236e-05,1.0888269e-07,3.459095e-05,8.20264e-08,3.4380024e-05,8.202642e-08,2.924108e-05,0.0,1.5201397e-05,1.0967652e-07,6.4217097e-06,2.6475153e-08,5.3639606e-06,3.4142253e-09,5.3637496e-06,3.414229e-09,5.211739e-06,2.604057e-07
272,-5.68783501765132,-5.400629553937078,1.0,8.681033e-06,1.3348813e-07,6.0936636e-06,1.5170636e-07,5.5304736e-06,4.0000565e-08,5.228232e-06,0.0,2.7063556e-06,1.3402048e-07,2.271651e-06,6.337763e-08,2.2456322e-06,1.25049215e-08,2.1126184e-06,4.7623615e-08,1.8522389e-06,3.0069458e-08,1.6936899e-06,7.647757e-08
273,0.7567416035134737,-2.2845661183869765,1.0,0.00010966464,0.0,2.6792259e-05,6.808307e-08,2.001048e-05,5.9924314e-09,1.1795648e-05,6.140634e-08,5.890479e-06,2.43753e-07,4.3494388e-06,7.170705e-08,4.188462e-06,6.9373556e-08,3.234905e-06,1.0790009e-07,3.0474002e-06,7.236194e-09,2.9078549e-06,3.839925e-08
274,-8.851266440749846,-0.43615245733306196,1.0,0.00010409908,8.1278365e-08,3.6578134e-05,1.05479856e-07,3.469052e-05,8.225269e-08,3.4594075e-05,8.225269e-08,2.7843025e-05,0.0,1.5166427e-05,1.06284304e-07,6.5794798e-06,2.3081125e-08,4.835427e-06,3.2662264e-09,4.8352213e-06,3.2662228e-09,4.329758e-06,8.3603e-08
275,1.987682606171992,-8.384220112301271,1.0,0.00012588651,5.1091245e-08,4.6892856e-05,6.392642e-08,2.8410115e-05,1.4447103e-07,2.8276352e-05,5.2424628e-08,2.3501143e-05,5.2424628e-08,2.013928e-05,2.570403e-08,1.8708719e-05,5.2329998e-08,1.19676515e-05,6.5083114e-08,7.215137e-06,3.3188716e-08,5.9390823e-06,1.2749732e-07
276,-8.121681660560819,2.320650807819076,1.0,3.6021487e-05,1.0936532e-07,2.8965993e-05,0.0,2.7814633e-05,1.12663045e-07,1.5215712e-05,1.101548e-07,6.406705e-06,2.7200162e-08,5.2614564e-06,3.3852672e-09,5.261244e-06,3.3852672e-09,4.741713e-06,5.028005e-08,2.1527146e-06,7.6773034e-08,2.0328962e-06,2.8883892e-07
277,1.9023532304762583,3.0335020204285392,1.0,0.00024945108,0.0,0.00014497929,6.093674e-08,4.232715e-05,5.3993396e-09,4.232635e-05,5.3993396e-09,2.5570043e-05,6.2335545e-08,2.3234836e-05,6.2335545e-08,1.4474453e-05,5.6839607e-08,1.0988205e-05,7.676222e-08,1.0178986e-05,1.1328627e-08,6.840914e-06,6.5546395e-09
278,-8.838176286508476,-1.6962481795779958,1.0,0.00010407998,8.094796e-08,3.662913e-05,1.0521315e-07,3.506303e-05,8.192152e-08,2.748831e-05,0.0,1.9817277e-05,2.9100384e-09,1.5194309e-05,1.06016714e-07,6.640242e-06,2.2973424e-08,4.698319e-06,3.228358e-09,4.698104e-06,3.2283616e-09,4.0694686e-06,6.1895804e-08
279,-0.47637116858444806,-7.223681632548757,1.0,4.446607e-05,7.688872e-08,4.4402183e-05,0.0,2.0406476e-05,1.1008099e-07,1.563197e-05,4.9598956e-09,8.833915e-06,1.10886845e-07,8.658248e-06,1.10886845e-07,7.3350902e-06,8.073433e-08,7.0462406e-06,3.774728e-09,7.0462124e-06,3.7747316e-09,6.538989e-06,2.314055e-07
280,1.7906651283486692,-3.403366249072434,1.0,0.00021670478,0.0,0.00014366445,6.08665e-08,3.6439153e-05,5.2631375e-09,3.6438487e-05,5.2631375e-09,2.605538e-05,6.2256085e-08,2.3507364e-05,6.225609e-08,2.3329863e-05,1.04567896e-07,1.068957e-05,7.735571e-08,9.007455e-06,1.0546864e-07,8.668667e-06,1.1099415e-08
281,2.6103764821798947,3.213411987797194,1.0,0.00033816375,0.0,0.00014840573,5.741726e-08,5.6425102e-05,5.113476e-09,5.6423763e-05,5.113476e-09,2.4520781e-05,5.885593e-08,2.1812277e-05,5.885593e-08,1.618033e-05,5.5195777e-08,1.3264823e-05,1.0844291e-08,1.1819356e-05,7.6246494e-08,9.376375e-06,6.2229653e-09
282,6.673132362815899,7.273296925274828,1.0,0.00032817756,0.0,0.000150106,3.1583827e-08,4.2572232e-05,3.0048533e-09,4.257052e-05,3.0048568e-09,3.7465263e-05,2.904832e-08,2.138879e-05,3.322179e-08,1.3344402e-05,3.322179e-08,9.993611e-06,6.8552346e-09,9.400277e-06,5.1846794e-08,9.193779e-06,3.7144723e-09
283,-3.875227046879454,3.6708360596218697,1.0,4.7038608e-05,7.575545e-08,1.8263816e-05,0.0,1.29210575e-05,7.688425e-08,7.1865725e-06,3.8352894e-09,5.347863e-06,8.257501e-08,4.020685e-06,4.537986e-09,3.99472e-06,4.537986e-09,3.2453388e-06,1.4843704e-07,2.3966218e-06,8.95825e-08,2.3229993e-06,5.1282218e-08
284,-5.645564269664789,6.6453879907105,1.0,3.4188615e-05,7.4495695e-08,3.332911e-05,1.1819542e-07,2.8218848e-05,0.0,1.6260074e-05,8.882382e-08,1.6107799e-05,8.882382e-08,6.3474376e-06,1.4559794e-07,5.86613e-06,3.3429757e-08,5.16882e-06,1.1950993e-07,5.1170737e-06,7.5777066e-08,4.9793744e-06,3.3062122e-09
285,3.20291117573597,-11.453456545668832,1.0,0.00011295318,4.135632e-08,9.9835976e-05,0.0,5.899881e-05,4.4784183e-08,2.721183e-05,4.2682895e-08,2.1645568e-05,4.2682895e-08,1.756525e-05,4.6059046e-08,1.6555885e-05,1.00448005e-07,1.2578483e-05,4.6059046e-08,9.207001e-06,2.5789504e-09,7.2539774e-06,1.0122777e-07
286,9.810916705027712,10.95238704571856,1.0,0.00024405454,0.0,0.00012989352,1.3042502e-08,7.879808e-05,7.861281e-09,2.446573e-05,1.5243361e-07,1.9679308e-05,1.4761362e-08,1.54761e-05,7.419343e-08,1.4884976e-05,8.003965e-08,9.641481e-06,9.727394e-09,7.5858266e-06,2.1437643e-09,7.5829143e-06,2.1437643e-09
287,5.205301359177014,0.4478042472836812,1.0,0.00081622234,0.0,0.00016696817,4.543083e-08,0.00013420878,4.589552e-09,0.0001342067,4.589552e-09,3.0294432e-05,9.923307e-09,2.6724389e-05,8.409358e-08,2.3426714e-05,5.609726e-09,2.3426335e-05,5.6097296e-09,1.8990564e-05,6.282587e-08,1.801817e-05,6.571531e-08
288,11.315562091329145,-5.970063290418898,1.0,0.00044933718,0.0,0.00018518604,6.844587e-09,5.1579456e-05,3.033379e-08,3.2824686e-05,2.4227944e-09,3.2819953e-05,2.4227909e-09,3.2515272e-05,3.4602532e-08,2.1904048e-05,6.6077845e-08,1.82244e-05,8.95929e-09,1.7432832e-05,6.901274e-08,1.1233613e-05,2.3621578e-08
289,-2.442695190380956,1.7749696504780559,1.0,0.00012604138,7.597825e-08,5.401649e-05,0.0,3.193865e-05,1.4258698e-07,3.0597294e-05,7.71709e-08,2.9794524e-05,7.71709e-08,2.6805701e-05,1.1186725e-07,1.3950035e-05,5.688017e-09,1.3949831e-05,5.6880207e-09,7.216433e-06,6.23148e-08,6.6826174e-06,7.3952386e-08
290,-6.411380024849274,-4.054206209490706,1.0,4.3462434e-05,7.787999e-08,3.9688708e-05,7.8003936e-08,1.0571846e-05,0.0,6.099782e-06,4.57975e-10,5.068272e-06,8.950849e-10,4.23775e-06,1.2089217e-07,4.168821e-06,6.6117227e-09,3.7033312e-06,3.9703476e-09,2.7786605e-06,3.6560142e-09,2.5918005e-06,4.062775e-09
291,-9.456735749393932,-2.9722484374687372,1.0,3.7081e-05,1.00599394e-07,1.5156299e-05,1.0141355e-07,1.2720685e-05,1.13731176e-07,6.890151e-06,1.87902e-08,3.8798134e-06,6.373681e-08,3.1670363e-06,1.0254533e-07,2.4396006e-06,5.525552e-08,2.363099e-06,1.1999978e-07,2.2497793e-06,7.191711e-08,1.9382353e-06,0.0
292,-9.52320520200811,-2.0536684097331595,1.0,3.720517e-05,1.00717784e-07,2.5705693e-05,0.0,1.5165669e-05,1.015344e-07,6.904439e-06,1.8630846e-08,5.601932e-06,8.326761e-08,3.9907327e-06,3.0361456e-09,3.0990884e-06,1.02669475e-07,2.8209367e-06,8.364755e-08,2.4119786e-06,5.8153876e-08,1.5018159e-06,2.735636e-08
293,-1.5146651780458225,-6.106205957454273,1.0,4.170331e-05,8.454944e-08,3.6312274e-05,0.0,2.1659924e-05,1.1212197e-07,1.3678747e-05,8.5561645e-08,1.0980579e-05,1.1427172e-08,9.386798e-06,1.1293179e-07,9.16047e-06,1.129318e-07,7.799622e-06,4.131115e-09,7.799442e-06,4.131115e-09,6.7582023e-06,7.9867554e-08
294,-3.181289741339558,-6.238173231123726,1.0,4.571513e-05,7.029818e-08,1.2731354e-05,7.143624e-08,1.2477295e-05,7.143624e-08,1.00893985e-05,0.0,5.8358405e-06,7.94023e-08,4.242179e-06,1.8950317e-09,3.993093e-06,1.4187135e-07,3.4274753e-06,9.849219e-08,2.8019467e-06,5.8772773e-09,2.7924607e-06,3.859375e-09
295,0.0419171613544993,10.498203381473271,1.0,0.0001106722,5.38223e-08,4.73939e-05,0.0,3.0064317e-05,5.5032995e-08,2.8704528e-05,1.3360236e-07,2.597761e-05,5.503298e-08,1.9535368e-05,6.08682e-08,1.7888187e-05,1.07885754e-07,1.4944522e-05,1.2705112e-08,8.082224e-06,1.086492e-07,7.984925e-06,1.086492e-07
296,6.1987136543601125,6.782730121669061,1.0,0.00034005757,0.0,0.00015141816,3.4564618e-08,4.753378e-05,3.1774832e-09,4.7532594e-05,3.1774796e-09,3.3830376e-05,3.213184e-08,2.6769329e-05,1.5586194e-07,2.1704416e-05,3.6181806e-08,1.4297833e-05,3.6181813e-08,1.4286778e-05,7.540628e-08,1.0873836e-05,7.2106943e-09
297,1.5992463330584155,7.100542796578527,1.0,0.00011135859,0.0,1.9953737e-05,1.05473944e-07,1.7646196e-05,3.7610555e-09,1.2295091e-05,7.25876e-08,9.147793e-06,8.03328e-08,4.3946466e-06,7.228091e-08,4.143322e-06,6.509369e-08,3.900736e-06,5.752861e-08,3.8697e-06,8.373711e-09,3.3672075e-06,4.626152e-09
298,-10.32874303080004,-3.4875530729823563,1.0,1.6325954e-05,1.1238855e-07,1.2759451e-05,1.13965726e-07,7.2389066e-06,1.3306682e-08,4.840743e-06,4.197615e-08,3.7854948e-06,6.3219574e-08,2.866527e-06,1.14073174e-07,2.5498534e-06,4.9141164e-08,2.317566e-06,6.8980675e-08,1.3224846e-06,2.584661e-08,1.231861e-06,2.4868115e-07
299,-10.76495322197053,-6.310407634268408,1.0,4.4908917e-05,9.155653e-08,3.732417e-05,8.951669e-08,1.8592387e-05,9.237661e-08,1.485874e-05,9.034926e-08,7.2782063e-06,9.9167785e-09,6.8244635e-06,1.4509858e-07,5.719261e-06,7.907485e-08,5.44166e-06,2.9461336e-08,3.7122056e-06,9.3516505e-08,3.465015e-06,6.753474e-08
300,-9.629331506237714,-2.1686769999811393,1.0,3.729251e-05,9.998935e-08,3.5472e-05,8.1929684e-08,2.5418733e-05,0.0,1.5160197e-05,1.00807924e-07,1.3116922e-05,1.1265104e-07,6.9484527e-06,1.794498e-08,5.606126e-06,8.32421e-08,4.8610095e-06,8.324851e-08,3.9758006e-06,6.154477e-08,3.8739936e-06,3.00491e-09
301,3.620302758104236,7.959709239688724,1.0,0.0001793327,0.0,0.00013370025,4.518311e-08,4.4344753e-05,6.009169e-08,2.6247615e-05,4.6610108e-08,2.6080375e-05,3.2992347e-09,2.6079824e-05,3.2992382e-09,2.598323e-05,2.7546225e-08,1.0585821e-05,6.129109e-08,5.8819983e-06,7.458276e-09,5.3268063e-06,4.0708734e-09
302,-11.341249109732148,2.7737454247495066,1.0,3.878751e-05,8.8802395e-08,3.7138423e-05,1.0155321e-07,3.6065256e-05,8.204279e-08,2.8086857e-05,1.1198411e-07,2.1934991e-05,0.0,1.6340638e-05,1.023307e-07,1.6232127e-05,1.023307e-07,4.9318087e-06,2.6166373e-07,4.649092e-06,4.3127937e-08,2.636676e-06,4.6868653e-08
303,-7.2048460541394945,1.6993909429942953,1.0,3.5308865e-05,1.1541692e-07,3.4288863e-05,8.135264e-08,3.3843102e-05,8.135264e-08,3.2173848e-05,0.0,1.5238288e-05,1.161903e-07,6.415214e-06,3.718057e-09,6.415008e-06,3.7180605e-09,6.102841e-06,3.3036294e-08,3.697699e-06,8.2767116e-08,2.0967034e-06,7.9789984e-08
304,8.8971697737225,1.8459189238485951,1.0,0.00068544096,0.0,0.00019521058,2.2570518e-08,9.6745454e-05,3.204736e-09,9.6743e-05,3.2047325e-09,2.996949e-05,5.069178e-08,2.682101e-05,6.190018e-08,2.5989262e-05,1.6389203e-07,2.3365496e-05,6.2160396e-08,2.2055352e-05,7.266337e-09,2.0090174e-05,3.956668e-09
305,-9.085660769244969,5.437290209025843,1.0,3.6251902e-05,1.00565245e-07,3.5611363e-05,7.9106385e-08,2.4336454e-05,1.1525809e-07,2.3917495e-05,0.0,1.1681638e-05,1.1598354e-07,6.664134e-06,1.9907066e-08,5.62877e-06,1.01881895e-07,5.4652523e-06,8.040493e-08,5.3376534e-06,3.542006e-08,3.2513342e-06,2.840185e-09
306,-0.44664518117961727,11.299348592133544,1.0,0.0001061293,5.381596e-08,5.9936225e-05,5.7310395e-08,3.8971215e-05,0.0,3.0272146e-05,5.4994423e-08,2.8634679e-05,1.3004885e-07,2.6350643e-05,5.4994416e-08,2.0816979e-05,5.844705e-08,1.748737e-05,1.0846038e-07,1.576159e-05,5.8447036e-08,1.38190235e-05,7.621367e-09
307,5.55079405035449,8.512095334896404,1.0,0.00023391379,0.0,0.00013712325,3.5634404e-08,3.6490157e-05,2.3116542e-08,2.9231102e-05,2.9360336e-09,2.9229699e-05,2.9360336e-09,2.67226e-05,1.5150609e-07,2.3952203e-05,3.7162206e-08,1.0192127e-05,5.094522e-08,6.408895e-06,3.630884e-09,5.3212552e-06,2.6796517e-08
308,-4.781004290168022,-10.110481613805508,1.0,5.590847e-05,7.2241434e-08,3.1422584e-05,1.15513686e-07,2.27919e-05,0.0,2.1956163e-05,1.1974066e-07,1.9198209e-05,1.1453068e-07,1.836689e-05,7.323172e-08,9.243436e-06,1.1525077e-07,9.080394e-06,1.15250785e-07,7.1007544e-06,1.4223293e-08,5.121654e-06,3.6956973e-08
309,10.822247682822923,-11.394314400990474,1.0,0.00024371239,0.0,0.0001282202,8.031673e-09,9.153951e-05,5.4150213e-09,1.9588006e-05,1.5423298e-07,1.8678276e-05,9.797656e-09,1.6188875e-05,7.326278e-08,1.42649305e-05,7.6876034e-08,1.2020767e-05,7.2563715e-09,1.2020114e-05,7.2563715e-09,1.1102065e-05,6.4387997e-09
310,0.7844567023364473,-6.648410790975364,1.0,8.328368e-05,0.0,1.8352479e-05,1.546002e-07,1.4506163e-05,3.669313e-08,1.3432403e-05,3.9737618e-09,1.3432245e-05,3.9737618e-09,8.525405e-06,8.04267e-08,4.7529643e-06,6.010814e-08,2.9439548e-06,8.7828e-09,2.8201018e-06,1.5585219e-07,2.6208595e-06,1.1923011e-07
311,7.150224894266426,-8.550655342824747,1.0,0.0002801077,0.0,0.00014232175,2.7852629e-08,4.493997e-05,2.1796815e-08,3.0016316e-05,2.7228815e-09,3.001417e-05,2.7228815e-09,2.171333e-05,2.948478e-08,2.0431504e-05,2.9034936e-08,1.7236209e-05,8.796447e-08,1.3003144e-05,2.9484788e-08,8.036476e-06,4.390249e-08
312,-6.523931422336191,-3.256881596840003,1.0,9.624016e-06,0.0,8.335221e-06,2.9974867e-09,7.911061e-06,7.8809094e-08,4.622318e-06,3.4045122e-10,4.60974e-06,3.4782541e-09,4.2508e-06,6.2178867e-09,3.221979e-06,3.3050878e-09,2.6532896e-06,3.756414e-09,2.6531857e-06,3.756414e-09,2.1856754e-06,6.4259265e-09
313,8.141104291290947,-5.6638144621944555,1.0,0.0004598531,0.0,0.00016947342,2.5135293e-08,5.9310638e-05,2.9936231e-09,3.798024e-05,3.55722e-08,1.7707713e-05,7.0994226e-08,1.4737785e-05,1.6021046e-07,1.1579381e-05,1.8399244e-07,7.999577e-06,5.2210176e-08,6.6317425e-06,8.2756074e-08,4.5105003e-06,5.1933036e-08
314,6.842622230924629,5.6333661826452435,1.0,0.00043622765,0.0,0.00016230166,3.236714e-08,6.281353e-05,3.265896e-09,3.301553e-05,3.736507e-08,2.4299727e-05,3.3615883e-08,1.9502242e-05,8.709439e-08,1.2902659e-05,4.030607e-09,9.313515e-06,2.8576018e-08,6.980261e-06,8.802165e-08,3.9419742e-06,1.1789837e-07
315,7.799891273149445,7.20141853034254,1.0,0.00036147362,0.0,4.2314427e-05,2.8341702e-09,2.6006628e-05,1.5690661e-07,1.7946366e-05,8.466232e-08,1.100592e-05,1.8326305e-07,9.507645e-06,3.5069938e-09,8.38394e-06,2.620807e-08,6.639465e-06,8.556724e-08,6.609775e-06,8.556722e-08,4.4539456e-06,2.0243006e-07
316,-0.9401982765653969,-4.685930653528667,1.0,0.00012827148,6.814539e-08,4.3437274e-05,0.0,3.0357241e-05,6.93878e-08,2.8001496e-05,6.938781e-08,2.2869797e-05,1.1138628e-07,1.0124413e-05,4.7983875e-09,1.0124234e-05,4.7983857e-09,9.58632e-06,1.12225415e-07,9.318794e-06,1.12225415e-07,7.4748236e-06,7.917685e-08
317,9.202362066112844,2.041463063640437,1.0,0.0006682243,0.0,0.00019746741,2.0627159e-08,9.118718e-05,3.1154812e-09,9.118409e-05,3.1154777e-09,3.121668e-05,4.942024e-08,2.6931988e-05,5.975646e-08,2.5857507e-05,1.6388927e-07,2.365721e-05,6.205431e-08,2.1037213e-05,7.0836137e-09,1.9255605e-05,3.8486156e-09
318,1.5087662824886738,-1.231845172265066,1.0,0.0003043303,0.0,5.8266283e-05,6.201657e-09,5.8265112e-05,6.201657e-09,2.9740624e-05,9.742581e-08,2.9581923e-05,1.5754064e-07,2.6031274e-05,1.03372614e-07,1.5204642e-05,1.26243185e-08,1.1278098e-05,7.381406e-08,9.942509e-06,9.841254e-08,9.686219e-06,1.043101e-07
319,5.576719093658269,-5.82803895046633,1.0,0.00037614873,0.0,0.0001543322,3.8913182e-08,5.738164e-05,3.5007304e-09,5.738106e-05,3.500734e-09,2.8869617e-05,3.7891677e-08,2.1814672e-05,4.0508528e-08,1.978773e-05,9.223689e-08,1.5448368e-05,4.0508528e-08,1.4143995e-05,7.531561e-08,1.2722569e-05,7.8622975e-09
320,0.1790078211770716,0.1417122894580114,1.0,0.00013777614,7.0499176e-08,0.00011282225,0.0,3.02865e-05,1.5454647e-07,3.0095835e-05,6.6640515e-09,3.0095081e-05,6.6640498e-09,2.8536797e-05,1.04569196e-07,2.8143368e-05,1.052358e-07,2.5967618e-05,7.181557e-08,2.5877489e-05,7.181558e-08,1.0706677e-05,1.055089e-07
321,-5.213975039833313,5.0902416892638165,1.0,3.344475e-05,1.2321556e-07,1.5084438e-05,9.461775e-08,5.508453e-06,4.171483e-08,5.472797e-06,4.22087e-08,3.618683e-06,9.443973e-08,2.4336418e-06,1.252652e-07,2.3610207e-06,9.58844e-08,2.2269976e-06,6.6847775e-08,1.9662543e-06,3.0917132e-08,1.8985065e-06,3.0426227e-07
322,8.746953794029139,-5.854627907257113,1.0,0.00045424377,0.0,0.00017145278,2.1589877e-08,5.391032e-05,2.8539695e-09,5.390733e-05,2.8539695e-09,4.0984392e-05,3.3908893e-08,3.446351e-05,4.7267715e-08,1.859794e-05,7.9529514e-08,1.83758e-05,7.024549e-08,1.588099e-05,2.3441974e-08,1.30325925e-05,6.5403185e-09
323,-10.819854116297359,-7.673931161543547,1.0,1.9812069e-05,8.801106e-08,1.9539306e-05,0.0,7.1933396e-06,9.1973895e-09,7.1924233e-06,1.3922259e-07,5.814983e-06,2.3216181e-08,5.6566364e-06,7.760656e-08,3.8424196e-06,8.916659e-08,3.3331128e-06,6.936652e-08,2.9124049e-06,9.683906e-08,2.822499e-06,2.9649321e-08
324,-4.791738001368544,9.827572045356955,1.0,2.3252833e-05,0.0,1.811205e-05,7.446701e-08,9.837365e-06,1.5199073e-07,5.141872e-06,3.7299777e-08,4.775447e-06,6.8949795e-08,4.260933e-06,1.6333988e-07,3.6548593e-06,7.40882e-08,3.6340748e-06,6.915641e-08,2.9697876e-06,2.7665692e-09,2.5540637e-06,4.6506983e-08
325,0.29071244048809497,5.6269395765730685,1.0,3.948647e-05,8.253151e-08,1.3438582e-05,0.0,1.2631949e-05,4.2942744e-08,1.2483197e-05,8.3580126e-08,1.1977525e-05,8.358013e-08,6.8052345e-06,8.363112e-08,5.5970427e-06,1.4688928e-07,4.1237504e-06,8.335338e-08,3.872511e-06,2.0106344e-07,2.8586082e-06,1.4754275e-07
326,5.635475571673002,-4.672048539416909,1.0,0.00046911696,0.0,7.42199e-05,3.7464627e-09,3.408584e-05,6.6768656e-08,2.6546768e-05,4.379256e-08,1.6280961e-05,8.345362e-09,1.5028389e-05,7.379882e-08,1.4189094e-05,4.6086814e-09,1.418899e-05,4.608685e-09,9.141802e-06,3.08654e-08,8.617622e-06,6.793767e-08
327,2.348877144019097,-3.089484277620725,1.0,0.00031076244,0.0,0.00014724677,5.882338e-08,5.220023e-05,5.245079e-09,5.219905e-05,5.245079e-09,3.268608e-05,8.737272e-08,2.9085928e-05,1.5683834e-07,2.4863395e-05,6.024755e-08,2.3476665e-05,1.0251158e-07,1.2400328e-05,1.1068815e-08,1.1537515e-05,7.6374754e-08
328,0.025743994399187287,9.900984062461227,1.0,0.000113239395,5.4981136e-08,4.884128e-05,0.0,3.0157149e-05,5.620101e-08,2.8924553e-05,1.3500761e-07,2.6117441e-05,5.620101e-08,1.8287146e-05,1.0815354e-07,1.4568159e-05,6.37631e-08,1.4489761e-05,1.6482737e-08,1.4253057e-05,6.376311e-08,9.920605e-06,1.6828201e-07
329,-7.28843211454455,-10.800145587085977,1.0,5.8483605e-05,7.294864e-08,3.2550426e-05,1.02095825e-07,2.3057131e-05,1.0526615e-07,2.0857477e-05,7.388459e-08,1.9862397e-05,0.0,7.631229e-06,1.244637e-07,7.215421e-06,9.4237045e-09,5.7034576e-06,2.500824e-08,5.4539214e-06,6.985473e-08,3.3386837e-06,8.373327e-08
330,-0.053777407345574346,-5.7654422323239425,1.0,5.634315e-05,0.0,2.1559614e-05,1.0960919e-07,1.1943808e-05,4.212512e-08,9.221027e-06,4.349342e-09,9.220927e-06,4.349342e-09,9.041686e-06,1.10443054e-07,8.829729e-06,1.1044307e-07,7.990967e-06,8.007899e-08,5.652267e-06,1.4669028e-07,2.4721662e-06,9.486055e-09
331,-0.9373027696481291,-8.833174827443433,1.0,4.4671815e-05,5.9870544e-08,1.901493e-05,7.0322e-08,1.4878329e-05,0.0,8.225734e-06,7.6324085e-08,6.0005495e-06,7.751279e-09,5.517122e-06,7.139853e-08,4.5592196e-06,2.3145432e-08,2.3087846e-06,3.2604603e-09,2.3087102e-06,3.2604603e-09,2.2625086e-06,1.266304e-08
332,-9.954384627437445,-4.191670422283284,1.0,1.6881897e-05,1.1270541e-07,1.1777452e-05,1.274196e-07,7.063237e-06,1.5360179e-08,5.005203e-06,3.9671516e-08,3.7168822e-06,6.532095e-08,2.6460284e-06,2.2045871e-08,2.5398663e-06,4.8266134e-08,2.5172617e-06,1.1388603e-07,2.3323362e-06,2.701446e-07,1.2173252e-06,6.6388e-08
333,10.556174839993648,-10.087765252038235,1.0,0.000280464,0.0,7.556313e-05,1.188797e-08,4.584528e-05,2.0024281e-08,1.8998237e-05,1.5795652e-07,1.8151051e-05,1.1582216e-08,1.0779341e-05,1.3646648e-08,1.0769872e-05,1.3646655e-08,9.329344e-06,2.1572326e-09,7.678063e-06,1.7054555e-07,6.7924293e-06,2.1584718e-08
334,3.195825380945646,-10.045034042912228,1.0,0.00011904062,0.0,5.2517928e-05,5.1589932e-08,2.8811854e-05,1.511886e-08,2.1581178e-05,4.4933156e-08,2.0371675e-05,1.4719517e-07,1.7521052e-05,4.4771465e-08,1.6224456e-05,5.282872e-08,1.4895694e-05,6.53032e-08,1.409469e-05,2.8505234e-09,7.929573e-06,3.3165993e-08
335,5.341321665569939,6.897138737560091,1.0,0.00029963153,0.0,0.0001468118,3.875054e-08,4.364897e-05,3.3051322e-09,4.3648142e-05,3.3051322e-09,3.062035e-05,3.2344776e-08,2.7137608e-05,1.5449298e-07,2.319306e-05,4.0305824e-08,1.6520686e-05,4.030583e-08,1.3192527e-05,7.6689034e-08,9.838315e-06,7.470195e-09
336,6.310373925503033,-10.769667470328363,1.0,0.00018414637,0.0,0.00012377425,2.9456281e-08,5.1576466e-05,9.889963e-09,2.3872366e-05,3.096128e-08,2.018742e-05,1.5047313e-07,1.6201318e-05,3.0961274e-08,1.6114547e-05,9.1557595e-08,1.4693345e-05,2.474799e-09,1.2134712e-05,7.81678e-08,9.843698e-06,3.7149633e-08
337,10.313727928414771,5.918645693464125,1.0,0.00045539028,0.0,0.00017992154,1.2626792e-08,4.7386544e-05,3.172207e-08,4.2011314e-05,2.5792382e-09,4.2007225e-05,2.5792346e-09,3.328765e-05,3.956953e-08,1.4645283e-05,1.4632345e-08,1.1074649e-05,2.4646813e-08,1.1027926e-05,5.956956e-09,1.0212534e-05,3.196039e-09
338,7.004617702237592,10.780104805681674,1.0,0.00019941875,0.0,0.00012524736,2.6322688e-08,5.6625744e-05,9.6218e-09,2.5566927e-05,1.4906595e-07,2.3055953e-05,2.7867905e-08,1.4839755e-05,2.7867898e-08,1.4297909e-05,2.4126692e-09,1.4295801e-05,2.4126727e-09,1.289271e-05,3.4168664e-08,9.303454e-06,3.416867e-08
339,10.1234412440282,-10.086261399610176,1.0,0.00027550757,0.0,0.0001379666,1.1919788e-08,7.2707895e-05,1.2087931e-08,4.6403457e-05,2.2020728e-08,1.8711586e-05,1.3705382e-08,1.6436552e-05,7.303801e-08,1.5255981e-05,7.831902e-08,1.1019588e-05,2.198938e-09,9.931154e-06,1.3868799e-08,9.922176e-06,1.3868799e-08
340,0.5276737634973419,-8.525960595678479,1.0,0.000120607176,5.6003604e-08,6.411085e-05,0.0,4.8259666e-05,6.784087e-08,2.9758281e-05,5.7266572e-08,2.5678111e-05,5.7266565e-08,1.5169254e-05,2.5112346e-08,1.4783624e-05,3.836792e-09,9.472127e-06,3.3572434e-09,9.471956e-06,3.3572434e-09,7.837189e-06,8.117429e-08
341,-0.74337203104397,2.699574994838562,1.0,0.0001326161,7.1079555e-08,5.5444263e-05,0.0,2.9154966e-05,7.234395e-08,2.767239e-05,7.234395e-08,2.5022608e-05,1.10554765e-07,1.4502278e-05,5.799171e-09,1.4502104e-05,5.799169e-09,1.3391966e-05,8.5688825e-08,9.751233e-06,1.1142896e-07,8.089622e-06,7.710038e-08
342,-6.399495197284613,-1.6844475715233465,1.0,0.0001115487,7.994057e-08,3.501027e-05,0.0,3.381984e-05,8.09877e-08,2.1730772e-05,3.6448409e-09,1.5247381e-05,1.2112102e-07,1.2301679e-05,1.1310732e-07,7.3728156e-06,4.0031622e-09,7.372648e-06,4.0031622e-09,5.8664955e-06,3.7918568e-08,4.5714996e-06,7.208797e-09
343,11.111456657684482,5.622350222986984,1.0,0.00046621784,0.0,0.00018777761,8.10082e-09,4.91449e-05,3.2065863e-08,3.7493643e-05,2.4797941e-09,3.748897e-05,2.4797941e-09,3.1946314e-05,3.700719e-08,2.2030164e-05,6.584903e-08,1.7785702e-05,6.932195e-08,1.753852e-05,1.0208769e-08,1.1541067e-05,2.4001324e-08
344,0.017182077625617964,1.5147735362538572,1.0,0.00013711736,7.027884e-08,6.329197e-05,0.0,3.0432579e-05,1.5318092e-07,2.6381455e-05,7.1584786e-08,2.6249558e-05,1.0798169e-07,1.7561786e-05,6.3745302e-09,1.11824265e-05,1.0184442e-07,1.0198962e-05,1.0888847e-07,5.63752e-06,1.289198e-08,4.4663325e-06,7.0391835e-08
345,7.8775934447728275,1.5890301928293198,1.0,0.0007269197,0.0,0.00018696046,2.8947884e-08,0.00011109003,3.5101344e-09,0.000111089066,3.510138e-09,2.6834314e-05,5.3523248e-08,2.6433994e-05,1.6364882e-07,2.4615698e-05,7.880981e-09,2.293847e-05,7.6387636e-08,2.1944481e-05,4.325056e-09,2.1943826e-05,4.3250523e-09
346,-4.703885315593227,-5.116858561395209,1.0,1.7553335e-05,1.3879641e-07,8.704523e-06,1.3946718e-07,7.1841664e-06,3.3967584e-09,4.00154e-06,0.0,2.7263409e-06,1.4001506e-07,2.6689956e-06,1.4001509e-07,2.1997835e-06,6.895914e-08,2.0368398e-06,3.1438994e-08,1.6461279e-06,7.576405e-08,8.0457204e-07,3.878368e-09
347,-1.1564942989172895,-10.74258160951457,1.0,0.00010690256,5.6828625e-08,5.7681187e-05,6.182912e-08,3.090536e-05,5.7989567e-08,2.9203722e-05,1.2892022e-07,2.7262982e-05,5.7989567e-08,2.1736594e-05,1.3181625e-07,2.078149e-05,6.2932806e-08,1.5992153e-05,6.2932806e-08,1.1480409e-05,1.11133005e-08,6.80412e-06,1.1948643e-07
348,3.692521255036956,-4.400529885504966,1.0,0.00036300585,0.0,0.00015090902,5.044098e-08,0.00010798452,5.003285e-09,5.9420476e-05,4.3584496e-09,2.3731403e-05,5.193374e-08,1.3212205e-05,9.502811e-09,1.2598989e-05,7.6387195e-08,1.0606191e-05,5.3370464e-09,1.0605959e-05,5.3370535e-09,9.658299e-06,7.7514315e-08
349,-0.6248383715345707,4.742565447670717,1.0,5.1039904e-05,6.714524e-08,2.0694695e-05,7.1779446e-08,1.935242e-05,0.0,8.115662e-06,8.0483105e-08,6.2632384e-06,4.7043685e-09,4.7106305e-06,4.796359e-09,4.362325e-06,4.796357e-09,4.1839826e-06,4.8108127e-08,3.083307e-06,7.932576e-08,1.6679046e-06,9.0014744e-08
350,9.97500089240927,-10.957348423277539,1.0,0.00024609832,0.0,0.00013018597,1.2252844e-08,1.9544039e-05,1.5470266e-07,1.9476543e-05,1.3982888e-08,1.5640455e-05,7.398778e-08,1.4821939e-05,7.947803e-08,1.0092102e-05,8.854212e-09,9.972834e-06,9.646261e-09,9.972681e-06,9.646261e-09,7.797667e-06,1.7110528e-07
351,5.722937355132611,-6.5621165119543186,1.0,0.0003349004,0.0,0.0001506381,3.726102e-08,4.885159e-05,3.309804e-09,4.8850667e-05,3.309804e-09,3.12688e-05,3.3802504e-08,2.2288294e-05,3.885012e-08,1.914811e-05,9.212093e-08,1.5417105e-05,3.885012e-08,1.3851033e-05,7.58634e-08,1.1005633e-05,7.479645e-09
352,-2.3618520911507463,7.882643001635845,1.0,0.00011420806,6.5394204e-08,3.2139546e-05,6.6547344e-08,3.087896e-05,1.3109651e-07,2.9587776e-05,0.0,2.9267285e-05,6.654733e-08,8.265461e-06,2.8642834e-08,5.923931e-06,8.025408e-08,5.492155e-06,3.4506158e-09,4.7612384e-06,5.054547e-08,4.0166046e-06,7.866994e-08
353,-1.6233346849892758,6.049200488527056,1.0,4.1597454e-05,8.5030834e-08,1.3711571e-05,8.603938e-08,9.165139e-06,4.0043354e-08,7.837219e-06,4.142377e-09,6.6867296e-06,7.9776186e-08,5.4386587e-06,6.572227e-09,3.997516e-06,8.5804245e-08,3.8548287e-06,1.936375e-07,2.2768452e-06,8.076675e-08,2.183608e-06,3.2524646e-08
354,-2.4754856614097633,-5.010415239925124,1.0,3.939067e-05,0.0,3.926449e-05,9.11957e-08,3.1918495e-05,7.2360905e-08,2.9846182e-05,7.2360905e-08,2.0848514e-05,3.8801353e-09,1.3661121e-05,9.216657e-08,9.109345e-06,1.729143e-08,8.7961735e-06,4.4262443e-09,6.211028e-06,7.8401825e-08,4.7964886e-06,7.364493e-08
355,-7.441385011740771,8.593721912936562,1.0,9.891763e-05,7.253977e-08,3.469796e-05,7.352243e-08,3.2895565e-05,7.3522415e-08,2.2464166e-05,0.0,1.8768174e-05,8.270642e-08,1.5640591e-05,1.0600408e-07,6.3486495e-06,2.1357259e-08,5.1356906e-06,7.479279e-08,5.130471e-06,7.376482e-08,3.3639046e-06,8.2402096e-08
356,-8.147315777931073,-9.960424656482223,1.0,5.5477543e-05,7.719762e-08,3.355983e-05,9.9174095e-08,2.2194665e-05,1.0399493e-07,2.053722e-05,7.810517e-08,2.0089448e-05,0.0,7.4958007e-06,1.2894955e-07,6.792603e-06,1.3644772e-08,6.015986e-06,2.169859e-08,5.5311807e-06,7.222396e-08,3.2162454e-06,7.936459e-08
357,9.495406811612682,1.5532205068860048,1.0,0.0006761182,0.0,0.00020102976,1.8904636e-08,9.031607e-05,3.0659848e-09,9.0312984e-05,3.0659812e-09,3.0860218e-05,5.067131e-08,2.6040683e-05,5.995056e-08,2.5735933e-05,1.6421359e-07,2.4964333e-05,6.024923e-08,2.2195269e-05,6.867272e-08,2.099074e-05,6.9816934e-09
358,2.1057975435374647,3.2900210361503976,1.0,0.00026373,0.0,0.00014554097,5.964719e-08,4.426762e-05,5.2321916e-09,4.4267003e-05,5.2321916e-09,2.5450949e-05,6.10556e-08,2.287014e-05,6.1055594e-08,1.51125605e-05,5.5320484e-08,1.41941555e-05,9.280282e-08,1.1131347e-05,7.6913075e-08,1.0848671e-05,8.847964e-08
359,7.953413840415617,-0.9479743962432394,1.0,0.0007481291,0.0,0.0001145088,3.5184762e-09,2.6054531e-05,6.937278e-08,2.5843163e-05,5.5684552e-08,2.5359896e-05,7.89753e-09,2.2817014e-05,6.1641856e-08,2.2591712e-05,4.335085e-09,2.2591083e-05,4.335085e-09,1.5216589e-05,2.9820406e-08,7.4701466e-06,3.0499706e-08
360,1.9499906072063897,8.130981270618094,1.0,0.000109968365,0.0,2.826793e-05,5.3032355e-08,1.6460004e-05,3.4105767e-09,1.2443617e-05,6.6438304e-08,9.1494485e-06,8.058724e-08,4.5401566e-06,6.607506e-08,4.0603777e-06,6.3922826e-08,3.9276024e-06,5.3360406e-08,3.778219e-06,5.4256024e-08,3.3483138e-06,6.652678e-08
361,-8.41347927989624,11.405591482276584,1.0,9.027745e-05,6.940036e-08,3.4133933e-05,7.033543e-08,3.2868596e-05,9.5334926e-08,3.2239182e-05,7.033542e-08,2.6005406e-05,7.2857176e-08,2.2226704e-05,7.2857176e-08,1.8382676e-05,0.0,1.41529235e-05,9.6103136e-08,9.556237e-06,1.1691799e-07,7.4139407e-06,5.848971e-09
362,8.384900912077892,6.336325499106994,1.0,0.00042136188,0.0,0.00016548333,2.3287416e-08,5.0125356e-05,2.8574298e-09,5.0122588e-05,2.8574298e-09,4.1354146e-05,3.203134e-08,3.5963487e-05,4.6901658e-08,1.8368895e-05,8.155061e-08,1.7298225e-05,2.5090767e-08,1.2108303e-05,6.547584e-09,1.1197012e-05,3.5352983e-09
363,-9.302492398056152,-1.4601325236261342,1.0,0.00010281276,8.117288e-08,3.702008e-05,1.02367174e-07,3.518676e-05,8.213388e-08,2.6460939e-05,0.0,1.5172524e-05,1.0317992e-07,1.4903446e-05,1.2326566e-07,1.3331651e-05,1.1176001e-07,6.7997294e-06,2.0127406e-08,4.639677e-06,8.346611e-08,4.294254e-06,3.117968e-09
364,4.6359807909427,-4.7815657523996675,1.0,0.00040436306,0.0,0.00015456686,4.5124466e-08,6.526991e-05,3.986896e-09,6.526941e-05,3.986896e-09,3.501333e-05,7.0731794e-08,2.360301e-05,4.455211e-08,2.2412269e-05,4.667384e-08,1.7468517e-05,4.6673833e-08,1.4307914e-05,8.807794e-09,1.3601999e-05,7.550427e-08
365,-7.027703483421413,-4.4328476287964556,1.0,7.981202e-06,2.435787e-07,6.0264356e-06,1.5550306e-07,5.2314695e-06,4.2956533e-08,5.19837e-06,8.073016e-08,3.7745185e-06,7.105517e-08,3.2907078e-06,0.0,2.300249e-06,6.131876e-08,1.7544613e-06,9.233858e-09,1.4646969e-06,7.893249e-08,1.3685426e-06,1.2361029e-07
366,-8.908587829467775,6.738803591667985,1.0,3.565566e-05,9.995966e-08,2.281659e-05,0.0,1.8024815e-05,9.043887e-08,5.3781864e-06,7.8755725e-08,3.266265e-06,9.021485e-08,3.2370265e-06,9.16315e-08,2.7832766e-06,2.7180356e-09,2.575733e-06,4.2699618e-08,2.1075605e-06,7.986916e-08,1.2903375e-06,9.106929e-08
367,9.526116494417902,3.1639468534203985,1.0,0.0006079858,0.0,0.00019597916,1.8303489e-08,7.72301e-05,2.9650487e-09,7.7226665e-05,2.965045e-09,3.498515e-05,4.4535973e-08,2.8512546e-05,5.422003e-08,2.569085e-05,1.6324213e-07,1.8257597e-05,6.772524e-09,1.6824417e-05,3.6661305e-09,1.682283e-05,3.6661305e-09
368,-2.7302976226161864,5.36010874117893,1.0,3.7474765e-05,0.0,1.3965578e-05,9.100464e-08,8.176901e-06,4.243784e-09,8.176742e-06,4.243784e-09,7.375225e-06,4.337752e-08,5.9854333e-06,7.845432e-08,3.850521e-06,9.080494e-08,2.3453015e-06,9.2908365e-09,2.2368774e-06,3.2921072e-08,2.1150272e-06,7.584286e-08
369,0.9950060013553923,3.5675815458429714,1.0,0.00013935474,6.3859815e-08,0.00012392741,0.0,2.7377535e-05,6.520496e-08,2.498832e-05,6.520496e-08,2.0934272e-05,5.33597e-09,2.0933647e-05,5.3359717e-09,1.2951616e-05,5.461708e-08,9.6858075e-06,7.8094104e-08,5.008975e-06,1.12223315e-08,4.291799e-06,1.7807331e-07
370,7.010666536156155,-5.509499607231899,1.0,0.00044954533,0.0,6.443337e-05,3.2511274e-09,3.5030294e-05,5.6875336e-08,3.3285443e-05,3.7769773e-08,1.8729808e-05,3.327321e-08,1.3269655e-05,4.0127546e-09,1.3269192e-05,4.012758e-09,1.1194618e-05,3.327321e-08,9.625221e-06,2.8500224e-08,7.910474e-06,5.8110373e-08
371,-2.6534606843508683,-3.685003657037809,1.0,0.00012331718,7.3823564e-08,4.4735596e-05,0.0,3.1669802e-05,7.499977e-08,3.0109451e-05,7.4999775e-08,2.4509885e-05,1.1338781e-07,1.0563528e-05,4.9139928e-09,1.0563404e-05,4.9139945e-09,1.0121887e-05,1.14218224e-07,6.24886e-06,7.682779e-08,5.521028e-06,1.6024131e-07
372,-9.266433453849118,-8.057974731572951,1.0,4.9514158e-05,8.512424e-08,2.0961277e-05,0.0,2.0351601e-05,1.046802e-07,1.934358e-05,8.59892e-08,7.099011e-06,1.3807099e-07,6.535612e-06,1.7374976e-08,6.0366388e-06,2.2700707e-08,3.4152001e-06,8.71905e-08,2.933617e-06,9.514696e-08,2.700807e-06,3.5188886e-08
373,8.62770624694204,-7.5553456646811945,1.0,0.00035844356,0.0,0.00015613585,2.1094724e-08,4.764299e-05,2.5759793e-08,3.6147652e-05,2.6590676e-09,3.614453e-05,2.6590676e-09,1.8487806e-05,2.2874996e-08,1.7401542e-05,8.176812e-08,1.6707301e-05,7.26172e-08,9.211862e-06,6.127781e-09,8.590576e-06,2.5149863e-08
374,-9.65964676121616,9.719240136844547,1.0,9.175032e-05,7.319484e-08,3.5050172e-05,7.411235e-08,3.4713557e-05,9.143703e-08,3.3474185e-05,7.4112364e-08,1.8964442e-05,0.0,1.4415592e-05,9.223491e-08,6.587674e-06,1.4143961e-08,6.5606077e-06,1.4411778e-08,5.1927245e-06,7.53803e-08,4.2524475e-06,1.8309083e-07
375,10.360611147288378,-9.061444757468985,1.0,0.00031486584,0.0,6.5784596e-05,1.6987304e-08,4.215725e-05,2.5598833e-08,2.4661416e-05,1.5622244e-07,1.8521785e-05,1.608576e-07,1.7542161e-05,1.3005096e-08,1.6257545e-05,2.273115e-09,8.065566e-06,2.2589415e-08,7.4705476e-06,1.7466046e-07,6.993978e-06,7.746338e-08
376,10.854577504904654,-7.315151315667878,1.0,0.00039017203,0.0,0.00016794763,9.115162e-09,5.6784884e-05,2.483505e-08,3.6216945e-05,3.1053784e-08,2.5977304e-05,2.3753017e-09,2.5972957e-05,2.3753017e-09,1.9771553e-05,6.883546e-08,1.7578934e-05,1.6615266e-07,1.6690628e-05,7.276566e-08,1.583185e-05,1.1110327e-08
377,-2.9510619383319057,-10.06685873237564,1.0,5.539831e-05,6.9095464e-08,3.0415134e-05,1.2359428e-07,2.4112409e-05,0.0,2.1575599e-05,1.2774343e-07,1.692919e-05,7.01347e-08,7.391441e-06,1.504877e-08,5.3397566e-06,8.06898e-08,4.753454e-06,4.4493984e-08,3.3332474e-06,2.861693e-09,3.3330032e-06,2.8616967e-09
378,-4.499399693291149,3.750831262388001,1.0,4.6116314e-05,7.6424634e-08,1.7314142e-05,0.0,1.3124883e-05,7.753024e-08,8.132406e-06,1.1022614e-09,5.264648e-06,7.916827e-08,3.7309028e-06,4.3100297e-09,3.681449e-06,4.310033e-09,3.226334e-06,1.4503973e-07,2.3537862e-06,5.2484204e-09,2.1190212e-06,4.7126285e-08
379,-11.168660362271591,2.563199168713787,1.0,3.864754e-05,9.00082e-08,3.5994944e-05,8.2107974e-08,2.2304795e-05,0.0,1.5063105e-05,9.0858094e-08,7.6117344e-06,8.297089e-09,5.671282e-06,8.3421256e-08,4.9580385e-06,2.6158426e-07,4.6208174e-06,4.4173888e-08,2.5629372e-06,2.6608546e-09,2.5626898e-06,2.6608582e-09
380,-0.37478140859738396,0.4400529527592294,1.0,0.00013527615,7.221776e-08,6.6983055e-05,0.0,2.7080883e-05,7.35064e-08,2.6819673e-05,7.3506385e-08,1.8960962e-05,6.625351e-09,1.8960956e-05,6.625351e-09,9.084232e-06,7.242936e-08,6.0627863e-06,1.3273537e-08,4.439148e-06,7.4805214e-08,3.5299486e-06,1.0599247e-07
381,-0.17764178729069435,10.670710677654544,1.0,0.00010941235,5.416864e-08,4.3748172e-05,0.0,3.0205318e-05,5.536781e-08,2.8747856e-05,1.3246442e-07,2.6198768e-05,5.5367803e-08,1.990456e-05,6.066635e-08,1.5140315e-05,6.066634e-08,1.4331542e-05,1.16113625e-08,8.48136e-06,2.1561338e-07,8.101257e-06,1.08990406e-07
382,-7.840335585672493,-4.258799127233882,1.0,3.819514e-06,5.838384e-09,1.6279616e-06,5.9137797e-09,1.58026e-06,6.934389e-09,1.4445628e-06,1.3280614e-07,1.1595214e-06,0.0,1.1493877e-06,4.254126e-08,8.537199e-07,5.8163458e-08,7.635185e-07,8.630472e-09,6.732771e-07,8.630476e-09,5.796926e-07,1.07431966e-08
383,3.3351558254433495,6.983813763345786,1.0,0.00019769906,0.0,3.0705032e-05,3.6052068e-09,3.0704883e-05,3.6052104e-09,2.301134e-05,3.3496327e-08,1.9558238e-05,1.00487306e-07,1.0919174e-05,7.9031906e-08,7.740373e-06,1.0134335e-07,6.7681467e-06,8.068968e-09,5.9828176e-06,4.4393094e-09,5.9827667e-06,4.439306e-09
384,-5.675621484782049,9.439217236382799,1.0,0.000100913465,6.879877e-08,3.226325e-05,1.1266624e-07,2.3102508e-05,0.0,7.990221e-06,2.3218186e-07,6.7806955e-06,1.7751205e-08,5.37117e-06,3.3881225e-08,4.903801e-06,7.10797e-08,3.5511512e-06,7.702681e-08,2.905668e-06,2.7498679e-09,2.905417e-06,2.7498643e-09
385,-4.302943264538241,9.034949108476159,1.0,0.00010535387,6.72028e-08,3.3215976e-05,6.827588e-08,3.1608062e-05,1.20003e-07,3.0697818e-05,6.827588e-08,2.5119516e-05,0.0,6.7025026e-06,2.0796445e-08,4.788733e-06,6.9528205e-08,3.7621612e-06,7.679801e-08,3.7514658e-06,2.9722464e-09,3.7512227e-06,2.97225e-09
386,1.998375904123339,-6.329720192389097,1.0,6.305776e-05,0.0,1.949336e-05,5.084136e-09,1.7211203e-05,8.606502e-08,1.3286555e-05,7.3865365e-08,1.1538097e-05,3.995421e-09,1.1537769e-05,3.9954173e-09,1.0306215e-05,5.6204975e-08,1.0132031e-05,5.6204982e-08,7.0341275e-06,3.8188034e-08,6.5103527e-06,7.756985e-08
387,1.4692402636132957,10.351733741943967,1.0,0.000114765826,4.9440622e-08,7.382365e-05,0.0,2.8880111e-05,5.071341e-08,2.4166737e-05,5.071341e-08,2.0730577e-05,1.3546003e-08,1.6778866e-05,5.064924e-08,1.3651894e-05,5.725665e-08,8.852909e-06,2.8694558e-09,8.85246e-06,2.8694593e-09,7.172086e-06,2.1310655e-07
388,7.512862513387645,-6.118432364781622,1.0,0.00041959196,0.0,0.0001625903,2.8256927e-08,5.561928e-05,3.0492124e-09,5.561719e-05,3.049216e-09,3.706214e-05,3.412022e-08,3.614593e-05,5.1909794e-08,1.8864637e-05,8.48469e-08,1.8606115e-05,2.9992997e-08,1.2960912e-05,6.9470687e-09,1.1900649e-05,3.768296e-09
389,-10.10059556410638,10.546760774157296,1.0,8.9188e-05,7.247442e-08,3.4877667e-05,7.337586e-08,3.449293e-05,8.78007e-08,3.3295586e-05,7.337587e-08,2.5779156e-05,7.7686636e-08,1.787937e-05,0.0,1.4232107e-05,8.8602846e-08,6.9053426e-06,9.805692e-09,6.6888465e-06,1.1829481e-08,5.8995975e-06,7.462695e-08
390,-0.6004244998285238,-2.5920933410341664,1.0,5.6350822e-05,0.0,2.8909772e-05,7.210816e-08,1.4855119e-05,5.8686798e-09,1.2803995e-05,1.7318695e-07,5.8864334e-06,2.4733328e-07,4.8194806e-06,1.5084782e-07,4.648801e-06,7.242071e-08,4.577014e-06,6.690184e-08,4.5059546e-06,7.340157e-08,2.8735094e-06,3.8078397e-08
391,5.3515072979737965,-7.424071350312143,1.0,0.00027320176,0.0,4.141699e-05,5.562639e-08,3.8323924e-05,3.1872638e-09,3.210574e-05,2.9404372e-08,2.3571421e-05,3.954965e-08,1.2902423e-05,7.711169e-08,1.0156243e-05,5.686871e-08,7.983556e-06,3.935533e-09,7.983329e-06,3.9355292e-09,7.250872e-06,9.47219e-08
392,0.095400945570141,0.06728493051819662,1.0,0.00013732536,7.0789525e-08,0.00011127627,0.0,3.059208e-05,6.6693886e-09,3.058976e-05,6.6693886e-09,3.032959e-05,1.54284e-07,2.8441778e-05,1.04955575e-07,2.6042017e-05,7.21017e-08,2.6000092e-05,7.21017e-08,1.0709801e-05,1.0589237e-07,1.0199375e-05,1.0589237e-07
393,0.026919411338013788,-1.6462292574303277,1.0,6.258444e-05,0.0,3.10681e-05,1.00399454e-07,2.7404401e-05,7.14189e-08,1.7288736e-05,6.32505e-09,1.728862e-05,6.3250516e-09,1.1218845e-05,1.0136438e-07,1.0308889e-05,6.460559e-08,9.182879e-06,7.544953e-08,5.7759266e-06,2.478461e-07,4.4657913e-06,7.028984e-08
394,-9.954364589484232,2.6345681978030537,1.0,3.7545567e-05,9.768195e-08,3.566606e-05,8.177847e-08,2.4506358e-05,0.0,1.5139114e-05,9.850649e-08,7.0858305e-06,1.5820554e-08,4.701259e-06,4.5893565e-08,3.4978768e-06,2.9050575e-09,3.4976367e-06,2.9050575e-09,2.476761e-06,5.4049565e-08,2.0372097e-06,2.776215e-07
395,11.00748901808543,0.8220744055922768,1.0,0.00063662714,0.0,0.00021571876,9.458745e-09,6.954e-05,2.7449296e-09,6.953509e-05,2.7449296e-09,3.2913285e-05,5.045026e-08,2.9339251e-05,5.541618e-08,2.4126692e-05,5.4969156e-08,2.2176768e-05,5.970838e-08,1.7267963e-05,6.3103087e-09,1.6008742e-05,3.3982879e-09
396,7.823477394409117,-5.689695566042921,1.0,0.00045358355,0.0,6.0231905e-05,3.0530316e-09,3.6861045e-05,3.584951e-08,3.482167e-05,5.231572e-08,1.2877689e-05,3.772918e-09,1.2877149e-05,3.772918e-09,1.0089616e-05,2.7449069e-08,8.801094e-06,2.8670428e-08,7.4279455e-06,5.3582013e-08,6.7143696e-06,1.9861474e-07
397,-8.988782315965858,-8.980894889337335,1.0,9.4647396e-05,7.358722e-08,5.228633e-05,8.160871e-08,3.5088047e-05,7.452625e-08,2.1273505e-05,1.03034175e-07,2.0322123e-05,0.0,2.0062975e-05,8.248839e-08,7.321773e-06,1.337585e-07,6.365715e-06,1.8237607e-08,6.362381e-06,1.8272594e-08,3.4033326e-06,8.3709786e-08
398,6.023004434398281,1.8523706575031582,1.0,0.0007394589,0.0,0.0001723636,4.008929e-08,0.00012019603,4.1270454e-09,0.00012019508,4.1270454e-09,2.8439797e-05,7.5834315e-08,2.6440517e-05,9.07273e-09,2.2683143e-05,5.5994676e-08,2.1971997e-05,5.0626934e-09,2.1971911e-05,5.0627005e-09,1.5135099e-05,4.177945e-08
399,-10.169225332125173,-1.757862079607449,1.0,0.000100383106,8.129448e-08,3.7777212e-05,9.673885e-08,3.556465e-05,8.223196e-08,2.4459005e-05,0.0,1.50767855e-05,1.1748477e-07,1.3470808e-05,1.1183901e-07,7.1499944e-06,1.4653004e-08,5.0656963e-06,8.353222e-08,4.0081645e-06,5.9491498e-08,3.4781706e-06,2.8998528e-09
400,3.6871779324290284,-9.085533099561236,1.0,0.00012753434,4.3101885e-08,4.830088e-05,5.4398818e-08,2.8891813e-05,2.077731e-08,2.6519483e-05,4.4508013e-08,2.0630194e-05,4.4508013e-08,1.9915946e-05,3.0207232e-09,1.9675865e-05,1.519359e-07,1.7924167e-05,9.9432256e-08,1.155492e-05,5.5630466e-08,9.08427e-06,3.2626303e-08
401,-9.255439365138997,-5.216614794377764,1.0,1.7720455e-05,1.1380344e-07,1.7082073e-05,9.5592284e-08,1.13634005e-05,1.318627e-07,6.7400756e-06,1.9044535e-08,5.274789e-06,3.6199236e-08,2.6677146e-06,1.1500019e-07,2.5191648e-06,4.7519332e-08,2.173256e-06,7.656669e-08,1.609975e-06,7.943376e-08,1.1437153e-06,1.3265841e-07
402,-4.5999649420436315,-4.957519574446503,1.0,0.000114286406,7.478627e-08,3.349649e-05,7.5882014e-08,3.1881387e-05,7.588201e-08,1.7644259e-05,7.609106e-08,1.7426859e-05,1.3986649e-07,7.3822166e-06,3.3699727e-09,5.228617e-06,7.6151935e-08,5.0941007e-06,7.717296e-08,5.0434915e-06,7.717297e-08,4.0855657e-06,0.0
403,5.598929528756308,-1.2801494414826582,1.0,0.0003434384,0.0,0.00012450959,6.2242727e-09,6.7819376e-05,4.286762e-08,6.195413e-05,4.358924e-09,6.195413e-05,4.358924e-09,4.557271e-05,8.358356e-09,1.8859097e-05,9.77391e-09,1.7993327e-05,9.77391e-09,1.0925343e-05,1.6264008e-07,1.07281385e-05,5.3376112e-09
404,10.02895471796224,1.756457105724765,1.0,0.00065190747,0.0,0.00020564164,1.553165e-08,8.125152e-05,2.931511e-09,3.271609e-05,4.899983e-08,2.567727e-05,5.975371e-08,2.5513687e-05,1.6427549e-07,2.1706128e-05,6.6648596e-08,1.7832688e-05,3.625388e-09,1.4842953e-05,2.6770806e-08,6.648077e-06,5.029159e-08
405,-11.22550106427806,-9.49230058740029,1.0,8.915862e-05,7.480569e-08,3.597652e-05,8.300426e-08,3.5440167e-05,7.568827e-08,2.1779551e-05,8.213717e-08,1.7768898e-05,0.0,7.256807e-06,6.553446e-09,6.409954e-06,1.4417573e-08,4.1533754e-06,8.3303654e-08,3.1634838e-06,7.0907525e-08,3.1445404e-06,9.104418e-08
406,3.878924364489839,7.705673472314771,1.0,0.00019853188,0.0,0.00013607234,4.445325e-08,2.9143728e-05,3.3327474e-09,2.914315e-05,3.3327474e-09,2.6523376e-05,2.888872e-08,2.5804957e-05,4.5900208e-08,2.001341e-05,4.5900208e-08,1.117123e-05,7.894722e-08,6.550748e-06,7.525955e-09,5.9190406e-06,4.111328e-09
407,-3.9795269807356064,-7.1184777169935,1.0,3.3240907e-05,7.123181e-08,1.9129491e-05,1.3492898e-07,1.5575148e-05,1.2631817e-07,8.8623565e-06,1.6263296e-08,6.0717884e-06,3.2246124e-08,5.1262177e-06,4.4921773e-08,3.3656822e-06,1.4182682e-09,2.930804e-06,1.3616932e-07,2.4040478e-06,1.2762617e-07,2.2845938e-06,6.2717305e-08
408,3.9033469219139008,-7.195260068209694,1.0,0.00013899384,4.514828e-08,4.1730636e-05,6.2653925e-08,2.5553247e-05,3.185688e-08,2.5515557e-05,4.6607152e-08,2.0722267e-05,4.639279e-08,1.9852047e-05,4.6607145e-08,1.9227262e-05,9.8695e-08,1.14277345e-05,7.860737e-08,1.0952882e-05,6.384215e-08,7.666583e-06,9.955407e-08
409,0.9971893670449212,-0.18331657957910963,1.0,0.00030625166,0.0,6.7960274e-05,6.5330665e-09,2.9824005e-05,1.5686733e-07,2.82808e-05,1.0217012e-07,1.1182349e-05,7.014936e-08,1.0367094e-05,1.03125906e-07,9.921164e-06,7.849814e-09,9.921014e-06,7.849816e-09,9.871962e-06,1.0312589e-07,8.091309e-06,3.9712788e-08
410,-9.463015781853082,4.7303989112577405,1.0,3.6760255e-05,9.905918e-08,3.5721812e-05,8.001999e-08,2.393507e-05,0.0,6.8449667e-06,1.8066007e-08,5.1514767e-06,3.8073495e-08,3.6720776e-06,6.7196616e-08,3.258727e-06,2.8421283e-09,3.2584796e-06,2.8421283e-09,3.2324597e-06,9.698172e-08,2.2036272e-06,7.496065e-08
411,-4.583859797605747,-2.880991787441216,1.0,0.000117069074,7.758812e-08,4.021675e-05,0.0,3.29894e-05,7.8694185e-08,2.917714e-05,7.5854345e-10,1.131879e-05,1.1461464e-07,9.063861e-06,4.5036685e-09,9.063684e-06,4.5036685e-09,5.399351e-06,4.7604324e-08,5.1601196e-06,7.999633e-08,3.1166785e-06,1.03011875e-08
412,-8.458220073967164,10.237549386566528,1.0,9.298404e-05,7.1210366e-08,3.4569082e-05,7.2153725e-08,3.3603486e-05,9.707462e-08,3.27662e-05,7.215374e-08,2.4743607e-05,7.7354116e-08,1.951947e-05,0.0,1.4378663e-05,9.7848755e-08,6.8812515e-06,1.2037486e-08,6.09798e-06,1.9985382e-08,5.0672093e-06,7.341208e-08
413,-2.349402678666543,-11.356912495322288,1.0,0.000101991434,5.8756584e-08,6.06642e-05,6.189703e-08,3.1513424e-05,5.986665e-08,2.954552e-05,1.230202e-07,2.2472317e-05,1.2494833e-07,1.7543374e-05,6.297355e-08,5.784541e-06,6.4462206e-08,5.527972e-06,8.1335784e-08,4.5728816e-06,4.46451e-08,4.5558427e-06,6.014007e-08
414,-2.0791586220204508,3.91288237359867,1.0,4.535059e-05,0.0,2.4060844e-05,1.1289687e-07,1.2968216e-05,7.8173414e-08,1.0774469e-05,4.968122e-09,1.0774257e-05,4.968122e-09,1.0190279e-05,1.1373203e-07,9.8699875e-06,1.1373203e-07,8.023525e-06,5.2016738e-08,7.152207e-06,6.7100796e-09,6.6698394e-06,7.769654e-08
415,7.449859694191549,-0.4328994078897388,1.0,0.00077687175,0.0,0.0001834967,3.181715e-08,0.00012220732,3.6975916e-09,0.00012220722,3.697588e-09,2.6841986e-05,8.250128e-09,2.5609981e-05,7.3346854e-08,2.4493198e-05,7.5690465e-08,2.3822962e-05,5.8422813e-08,2.3513574e-05,4.5501327e-09,2.3513538e-05,4.5501327e-09
416,-7.55587011492434,-1.5613886713785252,1.0,0.00010791478,8.0545966e-08,3.4431694e-05,8.155709e-08,3.1149826e-05,0.0,2.052767e-05,3.5503138e-09,1.5231311e-05,1.14091584e-07,6.2076506e-06,3.093504e-08,6.0563348e-06,3.6130015e-09,6.056149e-06,3.6130015e-09,4.6304685e-06,5.4232153e-08,4.134151e-06,6.4086436e-08
417,5.972793528771266,9.978008643300903,1.0,0.0001975046,0.0,0.00012837436,3.1876027e-08,4.49829e-05,1.4528723e-08,2.6191927e-05,1.490964e-07,2.4036504e-05,3.3386705e-08,1.9279785e-05,2.6282017e-09,1.9278037e-05,2.6282052e-09,1.6689237e-05,9.246706e-08,1.6489761e-05,3.338669e-08,1.2202579e-05,7.809162e-08
418,-1.4580315849526286,-7.6011909253671766,1.0,3.1072792e-05,0.0,3.0445175e-05,1.3537283e-07,2.034909e-05,1.1162489e-07,1.08563745e-05,2.6796982e-09,9.011444e-06,1.1241355e-07,8.830533e-06,1.1241357e-07,6.5592403e-06,8.060817e-08,6.539658e-06,2.3283556e-07,6.0290126e-06,3.6050594e-09,6.028827e-06,3.6050558e-09
419,-4.068848489201905,-10.228872980780604,1.0,5.625742e-05,7.0509856e-08,2.3113127e-05,0.0,1.8961333e-05,1.1386456e-07,1.7932889e-05,7.152056e-08,1.224666e-05,1.3196595e-07,8.900962e-06,1.14590364e-07,5.2686078e-06,6.565239e-08,4.9630466e-06,3.9777934e-08,3.1390625e-06,7.176979e-08,2.9101975e-06,2.7510474e-09
420,-0.9721463872935665,8.668212556218482,1.0,0.00011555339,6.02921e-08,3.5039055e-05,0.0,3.10563e-05,6.14898e-08,2.9853305e-05,1.34602e-07,2.7567028e-05,6.14898e-08,1.4641498e-05,7.226827e-08,1.1230023e-05,2.4172003e-08,5.10474e-06,3.3054093e-09,4.4787307e-06,5.4233873e-08,2.6865785e-06,8.341018e-08
421,-4.951111672695722,-5.8474206624914995,1.0,1.814334e-05,1.349972e-07,9.686745e-06,1.3007151e-08,6.1137916e-06,1.4963439e-07,5.677729e-06,3.8490896e-08,5.043598e-06,7.4910396e-08,3.8777475e-06,0.0,2.935063e-06,2.8909767e-07,2.8250363e-06,1.3622186e-07,2.7653284e-06,1.3622186e-07,2.2538445e-06,6.4613545e-08
422,9.871975367395468,5.0223486194594145,1.0,0.00050379906,0.0,0.00018552852,1.5537086e-08,5.466612e-05,2.7371527e-09,5.466213e-05,2.7371527e-09,4.2091193e-05,3.6237065e-08,3.1716885e-05,4.5365372e-08,1.3603712e-05,6.2938277e-09,1.32689875e-05,1.7530539e-08,1.26103e-05,3.3888057e-09,1.1900325e-05,2.5629259e-08
423,-10.979224758704513,10.334133678570925,1.0,8.8023844e-05,7.354336e-08,5.6234825e-05,7.825261e-08,3.523626e-05,8.327238e-08,3.512748e-05,7.442628e-08,3.3676184e-05,7.442627e-08,2.5884705e-05,7.910383e-08,1.7354332e-05,0.0,1.4212623e-05,8.409222e-08,7.0931937e-06,7.57797e-09,6.767574e-06,1.0515745e-08
424,-6.822615910485791,-3.170890855954271,1.0,3.1771393e-05,0.0,1.18708085e-05,1.1474952e-07,1.13978385e-05,4.5895128e-09,6.2751283e-06,3.6769023e-09,6.274954e-06,3.6769023e-09,3.9367737e-06,6.917876e-08,3.00433e-06,1.1485428e-07,2.7427027e-06,1.1583342e-07,2.6087707e-06,7.803543e-09,2.0315572e-06,8.420294e-08
425,1.5691854976845594,2.7943086585503156,1.0,0.00021189454,0.0,0.00014365092,6.2736724e-08,3.6566962e-05,5.5930904e-09,3.6566194e-05,5.593092e-09,2.591591e-05,6.411848e-08,2.3844388e-05,6.411848e-08,1.3620475e-05,5.8347396e-08,1.0669448e-05,7.671638e-08,8.933323e-06,1.1649917e-08,5.7964958e-06,6.7782615e-09
426,4.837012399341539,4.662541916374376,1.0,0.00042720328,0.0,0.00015620618,4.4227683e-08,6.886215e-05,3.964745e-09,6.886179e-05,3.9647485e-09,3.461772e-05,7.037352e-08,2.4017681e-05,4.4914593e-08,2.1906451e-05,4.5792774e-08,2.1051657e-05,9.429856e-08,1.6911465e-05,4.5792774e-08,1.50908645e-05,8.765616e-09
427,-8.977484894524835,-8.7434231805265,1.0,9.5155425e-05,7.3908254e-08,5.1553354e-05,8.246862e-08,3.5144418e-05,7.4849126e-08,2.0579553e-05,0.0,1.9826115e-05,8.3346194e-08,7.2521525e-06,1.3489942e-07,3.3811407e-06,8.456473e-08,3.0297977e-06,9.26277e-08,2.735895e-06,3.3418555e-08,2.06638e-06,8.1433754e-08
428,-4.436821088373941,3.8804107807352697,1.0,4.612103e-05,7.617368e-08,1.724988e-05,0.0,1.3112018e-05,7.728092e-08,8.079757e-06,1.362574e-09,6.9492685e-06,4.4612136e-09,5.268968e-06,7.9324025e-08,3.6710082e-06,4.2945505e-09,3.6604035e-06,4.2945505e-09,3.2460657e-06,1.449458e-07,2.4166366e-06,8.9980645e-08
429,0.786287624921604,-9.800378899546532,1.0,0.00011565303,5.2742905e-08,6.3239124e-05,0.0,5.296192e-05,6.088573e-08,2.9521767e-05,5.399624e-08,2.5160181e-05,5.399624e-08,1.718716e-05,1.7086439e-08,1.4507807e-05,5.9833816e-08,8.242488e-06,3.0142537e-09,8.242146e-06,3.0142537e-09,7.74738e-06,8.1469416e-08
430,5.263762761545465,-7.612929962632703,1.0,0.00026088583,0.0,0.00014197922,3.817852e-08,3.622844e-05,3.1598013e-09,3.622736e-05,3.1598013e-09,3.2261334e-05,2.8415286e-08,2.3828366e-05,3.9711566e-08,1.8500486e-05,9.4219416e-08,1.7000475e-05,3.9711566e-08,1.2699791e-05,7.7364916e-08,1.0236576e-05,5.635718e-08
431,-7.811566643784129,-11.422911283348641,1.0,6.064776e-05,7.114676e-08,3.2498374e-05,9.8351975e-08,2.3785082e-05,1.0038433e-07,2.1867369e-05,7.207659e-08,1.8793162e-05,0.0,7.1096433e-06,7.336638e-08,3.4278094e-06,8.186625e-08,2.9016217e-06,2.6221887e-08,1.9247955e-06,8.695383e-08,1.6713237e-06,4.9929024e-08
432,-7.764708793655874,0.9223544888038084,1.0,0.00010734691,8.08487e-08,3.573011e-05,1.122486e-07,3.4331817e-05,8.185429e-08,3.4102784e-05,8.185429e-08,3.0822583e-05,0.0,1.5217622e-05,1.1303251e-07,6.2496038e-06,2.9801852e-08,5.939888e-06,3.5791938e-09,5.939705e-06,3.5791974e-09,5.223148e-06,2.6030818e-07
433,-7.793186227168985,1.0785181056870705,1.0,0.0001072562,8.08156e-08,3.5760924e-05,1.1202323e-07,3.439931e-05,8.18202e-08,3.4132532e-05,8.182018e-08,3.0672752e-05,0.0,1.52199755e-05,1.12807584e-07,5.886279e-06,3.5636774e-09,5.886077e-06,3.5636774e-09,5.2043865e-06,2.6041153e-07,4.536113e-06,5.5535033e-08
434,4.852547253898933,1.0742957688888044,1.0,0.00077889854,0.0,0.00012835824,4.707747e-09,2.7823238e-05,8.39037e-08,2.215849e-05,5.7486726e-09,2.215795e-05,5.7486726e-09,1.896118e-05,6.123769e-08,1.70697e-05,4.8932385e-08,1.6755266e-05,6.8187745e-08,4.9676655e-06,1.1275905e-08,4.967451e-06,1.1275905e-08
435,-6.433511368018913,11.017393645361768,1.0,9.496432e-05,6.730356e-08,3.3622928e-05,6.829348e-08,3.192386e-05,1.0589007e-07,3.1391977e-05,6.829348e-08,2.4599289e-05,7.188929e-08,2.024706e-05,0.0,1.429842e-05,1.0662761e-07,7.382703e-06,8.446943e-09,5.4576403e-06,2.8640187e-08,3.681783e-06,7.8170316e-08
436,3.9413569116310416,-3.901182401976878,1.0,0.0004282873,0.0,0.0001539915,4.9866586e-08,0.00010346495,7.197368e-09,7.023431e-05,4.445168e-09,7.0233524e-05,4.445168e-09,2.277224e-05,5.1381782e-08,1.8928386e-05,5.138179e-08,1.5698726e-05,9.66164e-09,1.321842e-05,7.5398916e-08,1.2430184e-05,5.4395244e-09
437,9.504954945554363,-8.445834467118882,1.0,0.0003298794,0.0,0.00015130112,1.5895854e-08,5.687981e-05,2.0593983e-08,4.7319805e-05,5.337444e-08,4.104687e-05,3.2339603e-08,2.4662504e-05,2.4357298e-09,2.4659103e-05,2.4357298e-09,1.812225e-05,1.7711944e-08,1.703958e-05,7.2283385e-08,1.2539691e-05,5.450516e-08
438,1.187013321170582,-4.9434337218007975,1.0,0.000121189165,0.0,2.7965296e-05,6.1979456e-08,2.4764184e-05,6.197946e-08,2.1961752e-05,1.0673235e-07,1.9950749e-05,4.654444e-09,1.9950441e-05,4.654442e-09,1.4279691e-05,4.675593e-08,9.430108e-06,7.9267636e-08,8.852925e-06,1.075966e-07,8.637616e-06,1.07596584e-07
439,4.501370748310446,7.115479461864506,1.0,0.0002505072,0.0,0.00014190107,4.2504322e-08,3.7343398e-05,3.393243e-09,3.7342765e-05,3.393243e-09,2.7752705e-05,3.185367e-08,2.4619701e-05,4.4000895e-08,1.854681e-05,4.4000902e-08,8.347296e-06,7.647657e-09,7.5101843e-06,4.1842974e-09,7.510129e-06,4.1842974e-09
440,1.122772847050749,0.061716818168941145,1.0,0.0003377453,0.0,0.00014243832,6.689622e-08,7.335846e-05,6.502537e-09,7.335702e-05,6.502537e-09,2.8037342e-05,1.02076676e-07,2.4249626e-05,6.826246e-08,2.4205188e-05,6.8262466e-08,2.0477593e-05,1.3087693e-08,1.1316499e-05,7.0471856e-08,1.0721042e-05,7.815352e-09
441,-4.305241912512229,4.519679416767389,1.0,1.6655722e-05,0.0,8.06604e-06,1.8408723e-09,7.768996e-06,1.7850397e-09,7.249946e-06,7.507403e-08,3.5626613e-06,1.15455215e-07,3.4653199e-06,4.150932e-09,3.37232e-06,3.5097845e-09,3.3375693e-06,1.4349591e-07,3.285076e-06,4.150932e-09,2.4817084e-06,5.6933853e-09
442,1.0067269536266767,-6.05849676200545,1.0,9.779434e-05,0.0,1.5934525e-05,4.1917456e-09,1.5934289e-05,4.1917456e-09,1.46556995e-05,4.021479e-08,8.900648e-06,8.006164e-08,4.689542e-06,6.0488645e-08,3.5137925e-06,9.193897e-09,2.8928912e-06,5.1395386e-09,2.750345e-06,1.5878264e-07,2.631797e-06,8.1120916e-08
443,3.8141836602487036,7.750657283207129,1.0,0.00019418633,0.0,0.00013557686,4.466909e-08,2.8480425e-05,3.3294612e-09,2.8479844e-05,3.3294647e-09,2.6350985e-05,2.8665514e-08,2.5910338e-05,4.61114e-08,1.883449e-05,9.9037734e-08,1.113914e-05,6.154771e-08,1.1084851e-05,7.903556e-08,7.524328e-06,9.988568e-08
444,-3.768410963099827,5.301685404293103,1.0,4.055203e-05,9.159263e-08,1.4472898e-05,9.253927e-08,1.4190492e-05,9.253927e-08,6.0797047e-06,4.274463e-08,5.159897e-06,4.8733924e-08,3.756606e-06,9.23467e-08,3.6932759e-06,1.894462e-07,2.1597355e-06,7.205322e-08,2.131824e-06,3.2140896e-08,2.0564462e-06,9.3851945e-08
445,9.388032200246172,3.0478574653638244,1.0,0.0006167457,0.0,0.00019539702,1.9186007e-08,8.000991e-05,3.0049385e-09,8.000649e-05,3.0049385e-09,3.425999e-05,4.5224592e-08,2.8409515e-05,5.5314214e-08,1.878156e-05,6.8554087e-09,1.7279363e-05,3.7145682e-09,1.7277964e-05,3.7145647e-09,9.715406e-06,2.1183244e-08
446,0.5176734153407931,-4.011736000229077,1.0,0.00013613752,6.484642e-08,8.3942476e-05,0.0,2.8314447e-05,6.616348e-08,2.5830144e-05,6.616348e-08,2.31072e-05,1.0835082e-07,1.4038001e-05,5.161567e-09,1.4037712e-05,5.1615654e-09,1.2239089e-05,5.231465e-08,9.28895e-06,1.0922169e-07,9.023202e-06,1.0922169e-07
447,-6.028621373408431,-9.054331713323684,1.0,5.23054e-05,7.8470244e-08,3.404251e-05,7.0999064e-08,1.827964e-05,7.9416345e-08,6.6141656e-06,1.9748217e-08,5.4840934e-06,3.271792e-08,4.2856104e-06,0.0,3.022711e-06,8.936289e-08,3.0145056e-06,2.7782399e-09,2.544804e-06,4.507605e-08,2.5251645e-06,8.0728306e-08
448,-8.761207766444617,-6.250240210084736,1.0,1.8609686e-05,1.1339811e-07,1.7582555e-05,9.206415e-08,6.4946e-06,2.1256316e-08,5.5606656e-06,3.201295e-08,5.3727704e-06,7.7966334e-08,3.5353735e-06,0.0,3.1081179e-06,2.802686e-09,2.5326788e-06,4.5508983e-08,2.1070314e-06,7.99303e-08,1.3426464e-06,2.6022235e-08
449,0.4347363518714271,2.0300896507056816,1.0,0.00013883068,6.826309e-08,7.254682e-05,0.0,3.157359e-05,9.794013e-08,2.70867e-05,6.9588324e-08,2.5769024e-05,6.9588324e-08,2.5418536e-05,1.075301e-07,1.6309967e-05,6.145404e-09,1.630989e-05,6.145404e-09,1.1176223e-05,9.892075e-08,1.0634306e-05,9.892075e-08
450,5.284013863581535,-9.506693645411275,1.0,0.00019199889,0.0,0.00012965861,3.5564863e-08,3.876621e-05,1.755383e-08,2.472498e-05,3.7049137e-08,2.1557596e-05,2.7784957e-09,1.9650335e-05,1.5332084e-07,1.76843e-05,3.7049137e-08,1.7191349e-05,9.457926e-08,1.1758113e-05,7.85498e-08,1.0506406e-05,4.7347033e-08
451,-9.906417171782664,-9.633935788525884,1.0,5.426519e-05,7.992966e-08,3.5133453e-05,7.4449616e-08,3.493684e-05,9.020438e-08,2.2056503e-05,9.585784e-08,2.12324e-05,8.079655e-08,1.88183e-05,0.0,6.6632706e-06,1.3214805e-08,6.538605e-06,1.4440975e-08,3.7477587e-06,8.20005e-08,3.1623792e-06,8.9973355e-08
452,-2.256159038026496,-1.7706186699666482,1.0,0.00012681622,7.566243e-08,5.5001867e-05,0.0,3.0393625e-05,7.686294e-08,1.4330626e-05,5.764951e-09,1.4330439e-05,5.764953e-09,1.09678585e-05,1.1257988e-07,6.849346e-06,7.4183795e-08,5.7183856e-06,2.5300864e-07,5.000358e-06,7.715829e-08,4.884109e-06,6.0837955e-08
453,-5.6627779532039675,-10.80790030938685,1.0,5.862658e-05,7.066008e-08,3.1589992e-05,1.09976085e-07,2.2742772e-05,1.1302586e-07,2.1082964e-05,0.0,1.9722045e-05,7.163628e-08,1.8889286e-05,1.1498415e-07,9.275796e-06,1.1568761e-07,9.118304e-06,1.156876e-07,7.345983e-06,9.8553095e-09,5.2793207e-06,3.225694e-08
454,-5.926106078506221,-1.6633615821125325,1.0,0.00011312357,7.967968e-08,3.687877e-05,0.0,3.351129e-05,8.074242e-08,2.1859667e-05,3.8655017e-09,1.5249299e-05,1.2398857e-07,1.21582725e-05,1.1318194e-07,7.983813e-06,4.186205e-09,7.983646e-06,4.186205e-09,5.735257e-06,4.0758124e-08,5.58395e-06,2.5677085e-07
455,-7.586006784718135,2.0309149479578767,1.0,3.5603505e-05,1.1286939e-07,3.4583183e-05,8.133223e-08,3.4073364e-05,8.133223e-08,3.071711e-05,0.0,1.5230737e-05,1.13649335e-07,6.2279582e-06,3.0585696e-08,5.9021654e-06,3.5682746e-09,5.9019676e-06,3.5682746e-09,4.7139292e-06,5.238524e-08,3.908561e-06,8.273017e-08
456,5.670078802350407,11.023893964576953,1.0,0.00016313538,0.0,0.00012068214,3.19659e-08,4.8459955e-05,8.598981e-09,2.6032878e-05,1.4632083e-07,2.4657422e-05,3.3427103e-08,1.7510421e-05,3.342711e-08,1.4546753e-05,3.859439e-08,1.3316047e-05,2.4894469e-09,1.33144795e-05,2.4894469e-09,6.820213e-06,9.797361e-09
457,-5.5482261882710215,-8.287946377284944,1.0,4.9699112e-05,8.106922e-08,3.3977674e-05,7.161747e-08,3.267723e-05,1.1557511e-07,1.73436e-05,8.2017074e-08,6.378159e-06,2.4389301e-08,5.4169996e-06,3.5934974e-08,5.084113e-06,7.1873934e-08,4.650394e-06,0.0,2.8652576e-06,9.198033e-08,2.4531419e-06,5.0732467e-08
458,8.413477522979047,0.14360705844057797,1.0,0.0007435356,0.0,0.00011087914,3.3947387e-09,2.2293612e-05,4.186102e-09,6.887071e-06,7.058778e-08,5.2317127e-06,1.6558748e-07,4.6043715e-06,7.795687e-08,4.1762105e-06,2.775898e-08,3.5909047e-06,7.059026e-08,2.6264845e-06,3.0406824e-08,2.26292e-06,7.1013176e-08
459,-2.55484332683044,-1.1600002322658245,1.0,0.00012576337,7.665912e-08,5.540648e-05,0.0,3.0376952e-05,7.784846e-08,2.7670727e-05,1.1113995e-07,1.4487592e-05,5.7962577e-09,1.4487436e-05,5.796256e-09,1.0846209e-05,1.1201008e-07,6.670242e-06,7.238706e-08,5.6281947e-06,2.5467233e-07,5.124321e-06,1.7122966e-07
460,-9.050211005485998,-7.480123437855181,1.0,4.7833033e-05,8.705186e-08,2.1824877e-05,0.0,1.976931e-05,1.077929e-07,1.870837e-05,8.791531e-08,1.5728252e-05,9.8913645e-08,6.5035715e-06,1.8883505e-08,5.877636e-06,2.5741038e-08,3.8064434e-06,1.4142753e-07,3.312992e-06,8.9114565e-08,2.8425438e-06,9.705843e-08
461,-2.8258699636194073,-5.63040327003301,1.0,0.00011896073,7.07417e-08,4.101282e-05,8.898311e-08,3.6277354e-05,0.0,3.2333563e-05,7.1898164e-08,3.084071e-05,7.019452e-11,3.0151914e-05,7.189815e-08,9.642662e-06,1.14588275e-07,9.077746e-06,4.1879407e-09,7.788266e-06,4.127706e-09,7.78809e-06,4.127706e-09
462,8.613548435075266,3.1557743007888863,1.0,0.0006249771,0.0,0.00018853229,2.3858703e-08,8.748799e-05,3.1814977e-09,8.748564e-05,3.1814977e-09,3.226578e-05,4.607116e-08,2.9093211e-05,5.8677433e-08,2.6078462e-05,1.6286924e-07,2.0003448e-05,7.218901e-09,1.82441e-05,3.928548e-09,1.3562427e-05,2.8138171e-08
463,-3.6499523656347783,3.9412520021649033,1.0,4.7179332e-05,7.50441e-08,1.8199742e-05,0.0,1.2860153e-05,7.618001e-08,6.8231584e-06,4.448376e-09,5.3664453e-06,8.332532e-08,3.9734114e-06,4.522681e-09,3.849531e-06,4.522681e-09,3.5475086e-06,1.1496569e-07,3.2910793e-06,1.4865155e-07,2.4243939e-06,5.0189286e-08
464,7.225992656836279,3.5412520814155783,1.0,0.00060662266,0.0,9.264658e-05,3.5067487e-09,2.120971e-05,8.29703e-08,1.830999e-05,4.320981e-09,1.5010236e-05,3.3704385e-08,1.2366001e-05,2.9764738e-08,4.357688e-06,4.8159276e-08,4.1099443e-06,6.4942185e-08,3.8933504e-06,3.5793025e-08,3.8694266e-06,8.826483e-09
465,-1.2989157302034755,8.710329120578873,1.0,0.00011445685,6.110437e-08,3.1310043e-05,6.2288535e-08,3.0543077e-05,0.0,3.0016616e-05,1.3330165e-07,2.7933655e-05,6.2288535e-08,1.0509046e-05,2.3854234e-08,4.891189e-06,3.2816878e-09,4.5314964e-06,5.3014443e-08,4.38934e-06,6.3527736e-08,4.17529e-06,7.2486756e-08
466,1.2530853584134185,-5.020484324891656,1.0,0.00013678425,6.023805e-08,0.00012447264,0.0,2.79208e-05,6.1583016e-08,2.465491e-05,6.1583016e-08,2.186812e-05,1.06558225e-07,2.0475245e-05,4.6125272e-09,2.0474861e-05,4.612529e-09,9.473996e-06,7.929288e-08,8.815544e-06,1.07422046e-07,4.629491e-06,9.964628e-09
467,4.317728798259196,-1.978980767371139,1.0,0.00066826993,0.0,0.00011038688,4.812639e-09,0.00011038447,4.8126427e-09,5.595782e-05,8.721878e-09,2.5339748e-05,1.0320855e-08,2.3994246e-05,9.346251e-08,1.8870154e-05,5.871689e-09,1.8869481e-05,5.8716907e-09,1.5088412e-05,7.139588e-08,8.732721e-06,9.644852e-09
468,-8.546633766244936,-0.8449140033306914,1.0,0.00010501637,8.1125165e-08,3.6359535e-05,1.0734212e-07,3.4688062e-05,8.210791e-08,3.449489e-05,8.210791e-08,2.8574226e-05,0.0,1.5191491e-05,1.0814061e-07,1.452658e-05,1.2898902e-07,6.501156e-06,2.4949127e-08,5.1142024e-06,3.3438852e-09,5.1139805e-06,3.3438816e-09
469,5.134211735626927,-8.288484639526567,1.0,0.00022784695,0.0,0.00013714946,3.78781e-08,3.369163e-05,2.4669465e-08,2.9989409e-05,3.034252e-09,2.9988232e-05,3.034252e-09,2.695629e-05,1.5129999e-07,2.4403798e-05,3.938607e-08,1.8056238e-05,9.484219e-08,1.7550836e-05,3.938607e-08,1.2203699e-05,7.798833e-08
470,-9.581083774903997,-11.387067640188059,1.0,3.444641e-05,7.167931e-08,3.3597375e-05,8.930367e-08,2.3965833e-05,9.148691e-08,2.2890514e-05,7.416935e-08,1.7567716e-05,0.0,7.332446e-06,5.7059815e-09,6.436866e-06,1.3912935e-08,3.387253e-06,8.356467e-08,3.0378908e-06,1.8492177e-08,2.0471687e-06,8.109353e-08
471,-6.417868553664166,-4.7172302555358065,1.0,0.00010889896,7.7079534e-08,3.451044e-05,7.811621e-08,1.7280678e-05,1.3117025e-07,1.6857943e-05,7.838897e-08,8.036298e-06,2.4263267e-07,6.0264642e-06,1.545953e-07,5.328679e-06,4.2475108e-08,5.2578316e-06,7.9413226e-08,4.050231e-06,0.0,3.6833235e-06,7.955104e-08
472,-9.184806108577432,-6.592809624856861,1.0,4.5428827e-05,9.01902e-08,3.5927194e-05,9.854995e-08,2.2573271e-05,0.0,1.8931647e-05,1.09941084e-07,1.8049857e-05,9.1042025e-08,1.4907969e-05,9.93507e-08,6.6206826e-06,1.868726e-08,5.6207546e-06,2.99007e-08,5.3796684e-06,7.783797e-08,3.304067e-06,9.222538e-08
473,-4.227931772085228,1.496684265792247,1.0,0.00011916555,7.8483296e-08,4.5046985e-05,0.0,3.3125507e-05,1.3329642e-07,3.216659e-05,7.960615e-08,3.1617597e-05,7.9606146e-08,2.7750642e-05,1.1222164e-07,1.3284099e-05,1.568738e-07,1.06701245e-05,4.941457e-09,1.0669934e-05,4.9414552e-09,8.997956e-06,5.9686727e-09
474,8.348336731072319,-11.4769118368564,1.0,0.00020657202,0.0,0.00012297701,1.9581844e-08,7.2640156e-05,5.4807536e-09,2.17081e-05,2.1181275e-08,2.0148887e-05,1.5104905e-07,1.5099895e-05,8.523216e-08,1.2654057e-05,2.1181275e-08,9.455509e-06,6.586859e-09,8.708839e-06,2.2124595e-09,8.706334e-06,2.212463e-09
475,1.5560073770431444,8.350997360738937,1.0,0.00012464017,5.2759738e-08,9.403092e-05,0.0,2.872688e-05,5.407282e-08,2.4185245e-05,5.407282e-08,1.9006004e-05,1.05315934e-07,1.8497125e-05,2.6031177e-08,1.3941723e-05,3.3711416e-09,1.3941492e-05,3.3711416e-09,4.1071003e-06,6.249206e-08,3.8584435e-06,5.5296375e-08
476,-4.002110796739527,-10.27831285991606,1.0,3.0904037e-05,1.18644735e-07,2.3073197e-05,0.0,2.1950686e-05,1.2251404e-07,1.8912204e-05,1.1378276e-07,1.7926282e-05,7.1184324e-08,9.027692e-06,1.1450864e-07,7.2046532e-06,1.3471865e-08,4.9463906e-06,3.9978843e-08,3.2070466e-06,8.177052e-08,2.8931393e-06,2.746603e-09
477,-6.736978233700182,9.06203151667173,1.0,9.944674e-05,7.0940544e-08,3.4329485e-05,7.193934e-08,3.310619e-05,1.08085025e-07,3.2341697e-05,7.193934e-08,2.2598304e-05,0.0,6.5654167e-06,1.9280701e-08,5.6679946e-06,2.9343418e-08,3.6113497e-06,7.662656e-08,3.4285051e-06,7.985327e-08,2.6894947e-06,2.6936782e-09
478,-1.915693649781307,5.970973535829646,1.0,4.1520136e-05,8.594908e-08,3.639671e-05,0.0,1.3834502e-05,8.6949136e-08,1.3478336e-05,8.6949136e-08,8.6704e-06,4.0365002e-08,7.827098e-06,4.1393466e-09,5.8577943e-06,1.4783977e-07,5.8525966e-06,5.981926e-09,3.8342364e-06,1.930727e-07,2.1953604e-06,8.151815e-08
479,-5.050414273696536,3.8444666649756325,1.0,1.6602817e-05,1.4122274e-07,1.5589865e-05,1.2678268e-07,6.667451e-06,0.0,5.503235e-06,4.404454e-08,5.2373516e-06,1.2737227e-07,5.23735e-06,1.2737227e-07,2.4400667e-06,1.2810064e-07,2.1498481e-06,7.288243e-08,1.5934424e-06,1.3042543e-07,1.0053371e-06,1.4179349e-07
480,6.535996677069278,9.82141874950069,1.0,0.00021688758,0.0,0.00013096447,2.9472407e-08,4.8871676e-05,3.928498e-08,4.7704747e-05,1.5164101e-08,2.5998559e-05,1.5032025e-07,2.3272585e-05,3.1022072e-08,2.0427902e-05,2.5965718e-09,2.042596e-05,2.5965718e-09,1.5238867e-05,3.1022065e-08,1.28424135e-05,7.73785e-08
481,9.237791477053321,0.3187169272379258,1.0,0.0007097322,0.0,0.00019836401,2.06586e-08,9.867746e-05,3.1630094e-09,9.867456e-05,3.1630094e-09,2.7674492e-05,5.53169e-08,2.6504045e-05,5.728924e-08,2.37343e-05,6.677823e-08,2.0649411e-05,3.9061767e-09,2.064811e-05,3.906173e-09,6.5657146e-06,6.788068e-08
482,-0.8126820701258612,-2.8298048691123885,1.0,5.450589e-05,0.0,2.9316645e-05,7.2332654e-08,2.4889596e-05,1.1074742e-07,1.4138754e-05,5.726351e-09,1.4138575e-05,5.726351e-09,1.0088957e-05,1.1161836e-07,7.991914e-06,7.725619e-08,5.9117533e-06,2.4724548e-07,4.6142263e-06,6.575182e-08,4.5488514e-06,7.362553e-08
483,-7.1997081509798475,6.88287391122676,1.0,3.4871955e-05,7.5838244e-08,3.4332654e-05,1.0941156e-07,2.5221349e-05,0.0,1.7249451e-05,8.905175e-08,5.951772e-06,2.9239427e-08,5.839313e-06,3.0580583e-08,5.2445203e-06,7.7122465e-08,3.7932468e-06,2.98337e-09,3.448848e-06,8.8813294e-08,2.8012341e-06,9.02932e-08
484,6.055587703464489,0.7954137536439809,1.0,0.0008025095,0.0,0.00017314243,4.028636e-08,0.00013082068,4.2056705e-09,0.00013081917,4.205674e-09,2.8864737e-05,9.219887e-09,2.680984e-05,7.903845e-08,2.3715933e-05,5.156066e-09,2.124532e-05,5.993584e-08,1.3219933e-05,4.1985352e-08,1.2028335e-05,4.198536e-08
485,-2.275399435146401,-3.9599657446324175,1.0,0.00012436131,7.264683e-08,4.45905e-05,0.0,3.141894e-05,7.383691e-08,2.967927e-05,7.383691e-08,2.407201e-05,1.13117224e-07,1.9250543e-05,7.3953935e-08,1.0514088e-05,4.901164e-09,1.0513881e-05,4.9011657e-09,1.0241793e-05,1.139489e-07,6.5065474e-06,7.756091e-08
486,-11.289789511358816,-7.2561783629644685,1.0,1.9663827e-05,8.951067e-08,1.9618437e-05,9.5955066e-08,7.137132e-06,1.4079654e-07,5.6665476e-06,7.83454e-08,3.9408005e-06,9.06494e-08,3.3582578e-06,6.8060956e-08,2.8493075e-06,2.9265202e-08,2.272113e-06,0.0,1.3669489e-06,1.422153e-07,1.2656938e-06,2.3241036e-09
487,1.705712412289099,3.9893200126941775,1.0,0.00018548901,0.0,3.483495e-05,8.580177e-08,3.082468e-05,5.01392e-09,2.6631627e-05,6.164919e-08,2.186244e-05,6.1566766e-08,1.0601771e-05,8.685132e-08,5.1710144e-06,6.1069656e-09,4.996566e-06,2.4356586e-07,4.6044197e-06,8.678841e-08,3.847221e-06,6.2924805e-08
488,7.4096874685532015,-7.121850985455471,1.0,0.00035688153,0.0,0.00015447092,2.790592e-08,5.1910287e-05,5.3187193e-08,4.3900454e-05,2.9095446e-09,4.3898348e-05,2.9095482e-09,4.0192837e-05,2.913194e-08,3.901497e-05,4.7931294e-08,2.001777e-05,2.9603555e-08,1.8142755e-05,8.610054e-08,1.12237585e-05,2.9603562e-08
489,0.34666498420282466,4.12209108913939,1.0,5.3364485e-05,6.524286e-08,3.2881137e-05,0.0,5.8098567e-06,5.1152025e-09,5.8097366e-06,5.1152025e-09,5.390145e-06,7.6226016e-08,4.7872513e-06,5.1723028e-08,3.5125522e-06,7.8865455e-08,2.2639956e-06,7.8606135e-08,1.913735e-06,1.2036036e-08,1.8006632e-06,9.040362e-08
490,-11.236918157830196,9.106904926503198,1.0,8.98273e-05,7.528692e-08,3.623208e-05,8.3431345e-08,3.555254e-05,7.617146e-08,3.4234727e-05,7.6171474e-08,1.8039493e-05,0.0,1.4422225e-05,8.426231e-08,9.994122e-06,1.2268438e-07,7.2853004e-06,6.5855907e-09,6.2646936e-06,1.6225403e-08,5.5528676e-06,8.4724164e-08
491,-7.941242339228236,-3.8906962166153143,1.0,5.9849694e-06,7.9325915e-08,4.242973e-06,1.15141944e-07,3.8730946e-06,5.3497367e-09,1.6072955e-06,6.013142e-09,1.5623776e-06,7.047479e-09,1.4753696e-06,1.323655e-07,1.1254672e-06,4.4030042e-08,1.1006567e-06,0.0,8.5452456e-07,5.913395e-08,7.7200343e-07,8.1920675e-09
492,-6.648232104728729,-1.7168601197447835,1.0,0.00011073124,8.005435e-08,3.406731e-05,0.0,3.3980104e-05,8.109343e-08,2.1709351e-05,3.4832368e-09,1.5245462e-05,1.1959001e-07,1.2368444e-05,1.1308909e-07,7.059487e-06,3.9093457e-09,7.0593105e-06,3.9093457e-09,5.938219e-06,3.6406693e-08,5.39711e-06,8.240278e-08
493,-8.74983414408035,0.035345094210102346,1.0,0.00010430452,8.127358e-08,3.6447305e-05,1.0614946e-07,3.4502107e-05,8.225085e-08,3.449469e-05,8.225085e-08,2.8138391e-05,0.0,1.5153842e-05,1.0695199e-07,6.5151335e-06,2.3731115e-08,5.2976925e-06,2.5978736e-07,4.948669e-06,3.2976644e-09,4.948457e-06,3.2976644e-09
494,8.403702883162271,-2.8419911197116825,1.0,0.0001881572,2.5267884e-08,9.314265e-05,3.2636578e-09,3.089421e-05,4.7706177e-08,2.8691811e-05,6.084316e-08,2.6181804e-05,1.6303983e-07,2.1133297e-05,6.5462146e-08,1.9140112e-05,4.0278962e-09,1.3826007e-05,2.8564546e-08,1.0555577e-05,2.7164145e-08,6.9982784e-06,6.202815e-08
495,-7.949231178128614,-7.397520554365014,1.0,2.3393777e-05,0.0,1.80403e-05,8.760412e-08,6.1424207e-06,2.4816462e-08,5.93427e-06,2.7191913e-08,3.0297667e-06,2.782219e-09,3.0048725e-06,8.883241e-08,2.7961419e-06,9.695553e-08,2.548613e-06,4.422674e-08,2.2408622e-06,7.58065e-08,2.0182636e-06,8.42458e-08
496,-8.952961340210223,-3.4117427400372,1.0,1.6290875e-05,1.2064226e-07,1.2165359e-05,1.3241939e-07,7.697534e-06,1.2135717e-07,6.696588e-06,2.1694508e-08,6.2329123e-06,1.3308411e-07,4.6303157e-06,0.0,2.779279e-06,2.2099183e-08,2.4763287e-06,1.2182005e-07,2.4244744e-06,1.2182007e-07,2.4092494e-06,5.6080108e-08
497,1.5130960575857113,-3.145807607744068,1.0,0.0001908485,0.0,3.318864e-05,9.013292e-08,3.2498738e-05,5.4456812e-09,2.9535158e-05,1.5495662e-07,2.628952e-05,6.382894e-08,8.88569e-06,1.06196566e-07,6.0421225e-06,2.3837467e-07,5.228473e-06,6.6082126e-09,5.228281e-06,6.6082126e-09,4.032468e-06,6.4166656e-08
498,7.898712690188837,-7.121385203764152,1.0,0.000367919,0.0,0.00015666903,2.5315327e-08,4.294241e-05,2.8300313e-09,4.293987e-05,2.8300278e-09,4.2370666e-05,2.8647872e-08,3.8558388e-05,4.5696662e-08,9.822697e-06,2.7051566e-08,9.659481e-06,3.501949e-09,9.658834e-06,3.501949e-09,8.52977e-06,4.7017185e-08
499,3.8158490947021626,2.6453937436429644,1.0,0.00054712925,0.0,0.00015648392,5.200817e-08,9.049523e-05,4.864125e-09,9.049381e-05,4.8641233e-09,2.1605716e-05,5.3527963e-08,1.8408222e-05,5.6370595e-08,1.5395659e-05,5.9319643e-09,1.383666e-05,7.359817e-08,9.1964275e-06,8.42188e-08,9.062233e-06,3.512954e-08
500,1.9463633770042232,0.090362904210048,1.0,0.00050235924,0.0,0.00014681714,6.320682e-08,9.6172254e-05,6.201362e-09,9.617013e-05,6.201364e-09,2.9295443e-05,1.5894626e-07,2.7709435e-05,9.915561e-08,2.509541e-05,1.2623857e-08,2.2675376e-05,6.461962e-08,2.2602237e-05,6.461963e-08,1.4361125e-05,7.474184e-09
501,-6.3737422114767455,-7.28415283593775,1.0,3.3608656e-05,1.1320395e-07,6.0100365e-06,2.926944e-08,5.693718e-06,3.3099557e-08,4.2414304e-06,0.0,4.0486925e-06,3.051703e-09,2.7175734e-06,9.656641e-08,2.4303647e-06,5.1843106e-08,2.2973093e-06,7.4349245e-08,1.9532329e-06,4.8623082e-08,1.5123516e-06,2.7441775e-08
502,-4.336754180997212,1.9091591360513682,1.0,4.365674e-05,0.0,3.8646736e-05,3.4655834e-10,3.319955e-05,1.3234774e-07,3.2435975e-05,7.940106e-08,3.1747735e-05,7.940106e-08,2.7225271e-05,1.1277252e-07,1.1531756e-05,5.0999382e-09,1.1221664e-05,1.13603654e-07,1.01980995e-05,4.818059e-09,1.0197918e-05,4.818059e-09
503,-10.141881585727639,2.7952368770958103,1.0,3.7695827e-05,9.640302e-08,3.574915e-05,8.173988e-08,2.4053264e-05,0.0,7.1640875e-06,1.46238825e-08,4.720233e-06,4.4971017e-08,3.3084216e-06,2.8551739e-09,3.3081776e-06,2.8551739e-09,3.15053e-06,1.0247252e-07,2.3189064e-06,6.843156e-08,2.0321281e-06,2.7648787e-07
504,-3.3438867755949175,11.309750558370244,1.0,0.00010015865,6.11237e-08,3.209798e-05,6.2201806e-08,3.0076832e-05,1.1914936e-07,2.911466e-05,6.2201806e-08,2.3041166e-05,6.534556e-08,2.1737915e-05,0.0,7.683243e-06,7.324367e-09,5.0227986e-06,8.081773e-08,4.7565063e-06,4.1038977e-08,4.464161e-06,6.341921e-08
505,1.8938802686613183,11.255281817782613,1.0,7.5486445e-05,0.0,5.8781825e-05,5.032455e-08,2.756799e-05,1.372841e-07,2.4386485e-05,7.823854e-09,1.6990762e-05,1.03684535e-07,9.551522e-06,1.7123944e-07,8.227629e-06,8.149059e-08,7.694648e-06,2.6697258e-09,7.4995096e-06,1.04455005e-07,4.88927e-06,1.7609301e-07
506,0.997080944743642,-2.6234084633713497,1.0,0.00013644308,0.0,3.2418066e-05,9.397152e-08,2.9850045e-05,1.5455552e-07,2.6684838e-05,6.669215e-08,2.4118608e-05,5.7959326e-09,2.4118079e-05,5.7959326e-09,1.2410456e-05,5.9597227e-08,1.0027052e-05,7.686305e-08,9.169225e-06,1.0739843e-07,5.9474846e-06,2.4193082e-07
507,-0.4645796758432681,5.704317550198976,1.0,4.008747e-05,8.4112855e-08,1.2920941e-05,8.514385e-08,1.2467662e-05,8.514385e-08,1.1118054e-05,4.2459078e-08,9.348111e-06,1.5516048e-07,8.6357995e-06,2.2950215e-07,8.569267e-06,0.0,7.1196478e-06,8.550124e-08,4.0701307e-06,8.49177e-08,3.8536955e-06,1.9877007e-07
508,-0.6509669213597746,3.364999278950908,1.0,0.00013210431,6.9750264e-08,5.139312e-05,0.0,2.9419634e-05,7.1015315e-08,2.7583066e-05,7.1015315e-08,2.4205166e-05,1.1069094e-07,1.3450552e-05,8.492529e-08,1.2951974e-05,5.4783857e-09,1.2951743e-05,5.4783857e-09,9.547518e-06,1.11555515e-07,8.021709e-06,7.8005634e-08
509,11.131786300910555,-8.894552239484028,1.0,0.000327695,0.0,0.00015211065,7.186344e-09,6.8862275e-05,1.7288258e-08,4.0628474e-05,2.2772468e-08,2.4405512e-05,1.5712595e-07,1.858045e-05,7.038073e-08,1.8310837e-05,1.6192698e-07,1.340592e-05,2.2046365e-09,1.3402024e-05,2.2046365e-09,8.478463e-06,2.2099712e-08
510,-4.535084941555121,3.2878023905838134,1.0,4.6331443e-05,7.7061436e-08,1.7773555e-05,0.0,1.3109429e-05,7.8167744e-08,7.971634e-06,9.772272e-10,5.2723926e-06,7.957663e-08,3.832537e-06,4.4205866e-09,3.3514093e-06,4.4205866e-09,3.1661439e-06,1.462887e-07,2.5135257e-06,5.245065e-09,2.2976003e-06,5.245065e-09
511,-10.89673131009847,-8.966864748078828,1.0,5.2158666e-05,8.288994e-08,3.552877e-05,7.610363e-08,2.1088867e-05,8.373134e-08,1.8456481e-05,0.0,1.3874154e-05,7.649801e-08,7.583963e-06,1.3341734e-07,7.5413286e-06,2.3945998e-07,3.993977e-06,8.490042e-08,3.2738435e-06,9.390641e-08,2.929621e-06,2.3539467e-08
512,-6.238777686243941,0.8023330131826878,1.0,0.00011218607,8.022142e-08,3.6316833e-05,0.0,3.4545526e-05,1.217399e-07,3.3387572e-05,8.127494e-08,3.3152606e-05,8.127494e-08,1.5239284e-05,1.2249691e-07,1.4558431e-05,1.4246913e-07,1.26037485e-05,1.11759014e-07,8.064231e-06,2.4646008e-07,7.801106e-06,4.131559e-09
513,2.828784270676312,11.071950737911546,1.0,0.00011422079,4.3347857e-08,9.627172e-05,0.0,2.9412562e-05,8.863232e-09,2.7216242e-05,1.4015403e-07,1.6876098e-05,1.0147667e-07,1.2790627e-05,4.921505e-08,9.786437e-06,2.6669724e-09,9.62696e-06,1.7340913e-07,8.994618e-06,8.104169e-08,7.3331175e-06,1.0225884e-07
514,0.93020474513885,7.018636189440439,1.0,0.00012826305,5.7564726e-08,8.58271e-05,0.0,2.9114766e-05,5.8868487e-08,2.5207051e-05,5.886848e-08,1.5193655e-05,3.4398944e-08,1.3694634e-05,3.831369e-09,4.2440524e-06,6.3469386e-08,4.2132347e-06,5.918877e-08,3.9531265e-06,1.7975157e-07,2.6469065e-06,8.1581135e-08
515,6.7693534739113765,6.30317282399654,1.0,0.000388537,0.0,0.00015743078,3.2097212e-08,5.398667e-05,3.1613574e-09,3.726004e-05,5.4507417e-08,3.4696885e-05,3.4041804e-08,2.0206402e-05,3.376917e-08,1.2376185e-05,7.1777144e-09,1.1323779e-05,1.8303899e-07,1.1300105e-05,3.9041765e-09,9.151179e-06,5.5761134e-08
516,6.2426921661131445,9.737487363429867,1.0,0.0002119525,0.0,0.0001307675,3.0923243e-08,4.546802e-05,1.5774926e-08,2.361043e-05,3.2457617e-08,2.095643e-05,2.6400855e-09,2.0954645e-05,2.6400855e-09,1.859831e-05,3.2089705e-08,1.5814561e-05,3.2457624e-08,6.423245e-06,1.6978014e-08,5.375305e-06,6.087248e-09
517,-5.253057127617539,-1.89326358114646,1.0,0.000115345116,7.907576e-08,3.9412873e-05,0.0,3.313204e-05,8.016096e-08,1.5247135e-05,1.2781638e-07,1.3047363e-05,1.5174157e-07,1.1859404e-05,1.13584875e-07,8.803352e-06,4.4283386e-09,8.803177e-06,4.4283386e-09,5.634539e-06,2.5597828e-07,5.5619253e-06,4.459101e-08
518,2.7365997349394497,-4.401379510986908,1.0,0.00027240792,0.0,0.00014587307,5.5028966e-08,7.603878e-05,5.279748e-09,4.4806864e-05,4.6087223e-09,4.4806224e-05,4.6087223e-09,3.5203808e-05,8.021101e-08,2.5343852e-05,5.646309e-08,2.1758724e-05,5.6463097e-08,1.1401135e-05,7.755803e-08,1.0128011e-05,9.957784e-09
519,-6.528428581830476,4.405340943978789,1.0,3.452636e-05,1.1689289e-07,3.064706e-05,0.0,1.5314783e-05,9.773568e-08,5.88525e-06,3.526781e-08,5.87706e-06,3.5610217e-09,5.2510354e-06,4.3825295e-08,4.6586383e-06,1.8070662e-07,3.4793675e-06,9.7588455e-08,2.6506018e-06,9.8954445e-08,2.265471e-06,6.377453e-08
520,0.8483448213116169,6.120658747155531,1.0,0.00013135656,5.961907e-08,2.8921748e-05,6.093072e-08,2.5354764e-05,6.0930724e-08,1.46581315e-05,4.1764032e-09,1.4292192e-05,3.988164e-08,1.2368368e-05,7.9641275e-08,8.731291e-06,8.014639e-08,4.2211877e-06,7.9388066e-08,4.0425803e-06,1.7968043e-07,2.984604e-06,7.421588e-08
521,9.775144061506083,-5.035528429075781,1.0,0.0005035694,0.0,0.00018476116,1.6099403e-08,5.540974e-05,2.7536302e-09,5.5406006e-05,2.7536267e-09,4.179334e-05,3.6309373e-08,3.1820025e-05,4.5775245e-08,2.0735119e-05,6.7171754e-08,1.882644e-05,7.408376e-08,1.3726707e-05,6.328733e-09,1.3215804e-05,1.8082005e-08
522,-7.536268823108319,-6.144511587291584,1.0,6.100739e-06,2.8106292e-08,6.058631e-06,2.476473e-07,5.6165727e-06,3.3962543e-08,5.2863134e-06,7.717445e-08,4.1130415e-06,0.0,4.007623e-06,3.0406717e-09,3.5692958e-06,7.2642734e-08,1.5329138e-06,1.4216585e-07,1.5048854e-06,2.7381262e-08,1.1975281e-06,7.36708e-08
523,-7.28680128410209,9.494230173196051,1.0,9.716765e-05,7.095484e-08,5.3914977e-05,7.8123506e-08,3.4420755e-05,7.193482e-08,3.3250566e-05,1.04469464e-07,3.2486976e-05,7.193482e-08,2.1453056e-05,0.0,1.952342e-05,7.9045506e-08,1.9377225e-05,7.904552e-08,7.839668e-06,2.3452985e-07,7.2410894e-06,1.3120555e-07
524,-8.437288006299758,5.846378375643589,1.0,4.337051e-05,9.248034e-08,3.5610512e-05,1.0388967e-07,3.5390698e-05,7.8234216e-08,2.4573152e-05,0.0,1.7137952e-05,9.333849e-08,5.480442e-06,3.432946e-08,4.599123e-06,1.8078279e-07,3.5256562e-06,2.9123939e-09,3.3283627e-06,9.314517e-08,3.0935623e-06,9.453047e-08
525,-5.48414311863562,5.470075533238436,1.0,3.408207e-05,7.615003e-08,3.35453e-05,1.2112055e-07,1.5442858e-05,9.333044e-08,6.0222023e-06,3.6030823e-09,5.561478e-06,3.983171e-08,5.55726e-06,3.9888477e-08,5.168859e-06,7.74399e-08,3.6082783e-06,9.313868e-08,2.2570846e-06,6.3978014e-08,1.8902515e-06,9.235366e-08
526,-3.922187735889178,4.843479743757406,1.0,1.667167e-05,0.0,8.15947e-06,4.0829384e-10,7.56287e-06,3.3271181e-09,7.2824773e-06,7.4020846e-08,3.4705731e-06,4.1548063e-09,3.4644763e-06,1.1535979e-07,3.3207916e-06,3.6876013e-09,3.1191146e-06,4.154808e-09,2.6592472e-06,7.943585e-08,2.646197e-06,4.505079e-09
527,9.967705622291103,11.086344750617286,1.0,0.00024221012,0.0,0.00012911712,1.2228476e-08,8.138359e-05,7.1418853e-09,1.9559717e-05,1.39514285e-08,1.02229005e-05,8.203649e-09,1.0015702e-05,9.009881e-09,1.001539e-05,9.009874e-09,9.478397e-06,1.9707294e-08,8.445261e-06,1.39514285e-08,6.504932e-06,2.1174422e-09
528,10.429582561041073,11.095236834249285,1.0,0.00024772531,0.0,0.0001299516,1.001186e-08,8.49804e-05,6.977025e-09,2.421124e-05,1.5285761e-07,1.8989764e-05,1.17666445e-08,1.8988016e-05,1.17666445e-08,1.600741e-05,7.35173e-08,1.4576001e-05,7.800682e-08,1.0984629e-05,8.818702e-09,1.05288555e-05,8.0229725e-09
529,-10.063488403292666,-10.663541353870738,1.0,5.7494562e-05,7.6364735e-08,3.4828096e-05,7.318011e-08,3.4391065e-05,8.782926e-08,2.322354e-05,9.146911e-08,2.238391e-05,7.723741e-08,1.7812348e-05,0.0,6.959854e-06,9.235279e-09,6.667253e-06,1.1958477e-08,3.878689e-06,7.844928e-08,3.292105e-06,8.6471026e-08
530,-8.68776828771664,6.609711537597999,1.0,4.5394987e-05,8.99368e-08,3.553591e-05,1.01411324e-07,1.7814038e-05,9.0798316e-08,1.7739085e-05,9.0798316e-08,1.0836733e-05,1.3524524e-07,6.4433825e-06,2.142557e-08,5.3722847e-06,7.875842e-08,3.2928222e-06,9.057798e-08,2.549084e-06,4.4295902e-08,2.24135e-06,1.1440154e-07
531,-9.26227478622089,0.21841658588551383,1.0,0.00010289495,8.140369e-08,3.6899226e-05,1.02880364e-07,3.4795245e-05,8.236664e-08,3.4749068e-05,8.236664e-08,2.6826174e-05,0.0,1.513846e-05,1.0369283e-07,6.7061915e-06,2.0507912e-08,5.262528e-06,2.600284e-07,4.4987996e-06,8.370149e-08,4.43909e-06,3.1573393e-09
532,10.624191711684276,9.029270348707499,1.0,0.00031861535,0.0,0.00014922963,9.793027e-09,6.7045454e-05,1.697546e-08,1.7182581e-05,1.1675102e-08,1.7181823e-05,1.1675109e-08,1.5187893e-05,2.2474183e-09,1.5184166e-05,2.2474183e-09,8.825315e-06,2.6033366e-08,8.193086e-06,2.2406983e-08,5.6162853e-06,9.342858e-08
533,5.422257765976639,10.29871417293344,1.0,0.00017428609,0.0,0.00012482691,3.3933254e-08,4.3019103e-05,1.2891444e-08,2.63369e-05,1.4745416e-07,1.6978473e-05,2.6263258e-09,1.6976961e-05,2.6263294e-09,1.6652917e-05,9.42487e-08,1.1523204e-05,7.881774e-08,1.0503241e-05,4.303098e-08,6.90567e-06,9.5068565e-08
534,1.966103074618669,10.993402709533168,1.0,0.00011273288,4.6604953e-08,7.897414e-05,0.0,5.75122e-05,5.1338127e-08,2.8381626e-05,4.7886594e-08,2.762663e-05,1.3810897e-07,2.4278217e-05,9.460159e-09,1.713308e-05,1.0359484e-07,1.6322465e-05,4.779666e-08,1.3502389e-05,5.2553936e-08,8.429984e-06,2.7185187e-09
535,-4.4849719523571885,8.500477140004026,1.0,0.000106429325,6.849812e-08,5.01459e-05,7.876531e-08,3.3407025e-05,6.957046e-08,3.1928757e-05,1.2029729e-07,3.100999e-05,6.957047e-08,2.6004729e-05,0.0,1.6720549e-05,7.97415e-08,7.540543e-06,9.014569e-08,6.504088e-06,2.384861e-08,5.1577044e-06,4.0539867e-08
536,-3.2674144874379323,-3.3443451919938276,1.0,0.000121420606,7.535593e-08,4.399659e-05,0.0,3.209254e-05,7.650944e-08,2.50974e-05,1.13668115e-07,1.0788325e-05,1.1449472e-07,1.0421796e-05,1.1449473e-07,1.0312635e-05,4.848415e-09,1.0312456e-05,4.848415e-09,5.8897717e-06,2.506849e-07,5.823629e-06,7.557885e-08
537,4.6847097787894185,-8.596988306900137,1.0,0.00020065373,0.0,0.00013364581,3.95041e-08,3.244879e-05,2.3167448e-08,2.6283082e-05,3.0243044e-09,2.5141684e-05,4.0977433e-08,1.8599794e-05,4.097744e-08,1.7975677e-05,9.636212e-08,1.1589208e-05,7.865746e-08,1.0766984e-05,5.4087693e-08,7.276163e-06,9.720464e-08
538,9.839704905474868,2.3838771789557427,1.0,0.00063578173,0.0,0.00020215193,1.6589496e-08,7.985117e-05,2.9447804e-09,7.984754e-05,2.9447769e-09,3.378813e-05,4.7033456e-08,2.70562e-05,5.548377e-08,2.5584617e-05,1.6389572e-07,2.4334726e-05,6.166199e-08,1.8948445e-05,6.730314e-09,1.7474591e-05,3.6415067e-09
539,4.854517289609987,11.08514151128795,1.0,0.00014271401,0.0,4.2909203e-05,8.422788e-09,2.6348871e-05,1.4463564e-07,2.5551895e-05,3.6753416e-08,1.6754097e-05,3.6491652e-08,1.2541148e-05,2.541178e-09,9.014149e-06,1.94745e-07,7.5231137e-06,1.9639799e-07,6.169276e-06,1.04261744e-07,5.2445766e-06,4.0993786e-08
540,5.024522061537304,7.005090645805854,1.0,0.00028000036,0.0,0.00014477076,4.0158575e-08,4.1122385e-05,3.3345238e-09,4.112182e-05,3.3345238e-09,2.9605693e-05,3.2032418e-08,2.7264012e-05,1.5380351e-07,2.3765448e-05,4.1690626e-08,1.7318407e-05,4.1690626e-08,1.2764997e-05,7.718527e-08,9.248115e-06,2.0325847e-07
541,-1.7497752596260838,-6.049289469002373,1.0,0.0001217043,6.756389e-08,3.6287587e-05,0.0,3.1518208e-05,6.875969e-08,1.3781534e-05,8.628166e-08,1.0154075e-05,1.1701786e-08,9.470056e-06,1.1327715e-07,7.791563e-06,4.1287027e-09,6.5935533e-06,7.970338e-08,4.6295754e-06,7.003189e-08,3.7054183e-06,9.070355e-09
542,10.107202573565708,-2.404605869084058,1.0,0.00062734867,0.0,0.00020451541,1.4924456e-08,7.5958684e-05,2.8842386e-09,3.458248e-05,4.6503192e-08,2.479649e-05,6.120543e-08,2.1009815e-05,6.775548e-08,1.6856988e-05,3.5679193e-09,1.4413017e-05,2.6499738e-08,1.0870178e-05,1.7019573e-08,8.185802e-06,4.7823104e-08
543,-5.486163061570842,-11.102909967481157,1.0,5.9780443e-05,6.91407e-08,3.1337397e-05,1.10200716e-07,2.2967852e-05,1.1271008e-07,2.0801324e-05,0.0,1.9897281e-05,7.0124955e-08,1.86502e-05,1.14770955e-07,9.16817e-06,1.1547279e-07,9.018089e-06,1.1547279e-07,7.493295e-06,8.181132e-09,5.21957e-06,3.2657905e-08
544,7.073218279403559,-11.368163509686154,1.0,0.00018550758,0.0,0.00012128055,2.5441892e-08,6.145169e-05,6.3252656e-09,5.5335946e-05,2.9686326e-08,2.3152103e-05,2.6969893e-08,2.0363666e-05,1.4957362e-07,1.5551908e-05,8.929346e-08,1.5068231e-05,2.6969886e-08,1.1123252e-05,2.3288926e-09,1.1121195e-05,2.3288962e-09
545,-2.7597544702617434,-3.2704548135644327,1.0,0.00012346642,7.464778e-08,4.6215657e-05,0.0,3.161081e-05,7.582179e-08,2.5035053e-05,1.1329415e-07,1.1074395e-05,5.043562e-09,1.1074187e-05,5.0435602e-09,1.0642688e-05,1.14129165e-07,1.0280908e-05,1.1412915e-07,6.2185286e-06,7.6144154e-08,5.4618313e-06,1.6225353e-07
546,-4.483201431822602,-7.103143741504359,1.0,3.3542292e-05,7.2087175e-08,3.241768e-05,1.2321061e-07,1.9154988e-05,1.3265418e-07,9.250045e-06,1.4150764e-08,6.0515035e-06,3.1938896e-08,5.2388086e-06,4.260803e-08,5.112202e-06,0.0,5.0971857e-06,7.235443e-08,2.9330974e-06,1.3389254e-07,2.5911427e-06,9.578975e-08
547,-9.440617657664072,5.028960668601073,1.0,3.6661284e-05,9.888596e-08,3.5720408e-05,7.971927e-08,2.4865813e-05,1.14907024e-07,2.3705421e-05,0.0,1.7036524e-05,9.62054e-08,6.8207364e-06,1.8059374e-08,5.50633e-06,8.10207e-08,5.219734e-06,3.6789633e-08,3.3175586e-06,9.7360314e-08,3.1618558e-06,2.8167442e-09
548,-1.3131321435676373,4.58290830744637,1.0,5.012333e-05,6.932788e-08,2.1193333e-05,6.9492856e-08,1.9679885e-05,0.0,1.942919e-05,3.6386893e-11,5.572248e-06,5.483498e-09,5.518527e-06,4.833703e-09,5.0932667e-06,4.8337014e-09,4.85503e-06,4.8041446e-09,4.3737205e-06,4.8041464e-09,3.704106e-06,4.8778737e-08
549,-10.165675098944549,4.429346211470806,1.0,3.7432565e-05,9.5035055e-08,3.5910893e-05,8.0587945e-08,2.572619e-05,1.1421677e-07,2.2965054e-05,0.0,1.6944721e-05,9.8040054e-08,1.2335294e-05,1.1493973e-07,7.1407408e-06,1.4015523e-08,5.0422273e-06,3.837102e-08,3.4715483e-06,9.916945e-08,2.8468976e-06,2.734577e-09
550,5.0988948416173585,-6.058730896646073,1.0,0.0003378017,0.0,0.00015062273,4.1069455e-08,5.1971125e-05,3.5472638e-09,5.197066e-05,3.5472674e-09,2.7655864e-05,3.7184243e-08,2.2866603e-05,4.26269e-08,1.9756917e-05,9.4172464e-08,1.677238e-05,4.2626887e-08,1.3401379e-05,7.6239246e-08,1.1490137e-05,7.954586e-09
551,-4.0648687431044195,8.08948849804743,1.0,0.00010870907,6.850077e-08,3.322706e-05,6.959095e-08,3.1823987e-05,1.231371e-07,3.079232e-05,6.959095e-08,2.7351545e-05,0.0,6.37889e-06,2.6513746e-08,5.0910858e-06,4.3028866e-08,4.8359707e-06,7.085258e-08,4.6451323e-06,3.2137244e-09,4.6449036e-06,3.2137244e-09
552,-11.032551964575626,-10.065550719021823,1.0,8.8447276e-05,7.393308e-08,5.5404154e-05,7.921743e-08,3.5456404e-05,8.3337866e-08,3.522692e-05,7.481651e-08,2.2266837e-05,8.006542e-08,1.7509916e-05,0.0,7.132105e-06,7.3861166e-09,6.6499842e-06,1.1784394e-08,4.1533826e-06,8.1243485e-08,3.2117366e-06,8.905606e-08
553,10.75830873037139,3.8808091804556604,1.0,0.0005501731,0.0,0.00020166085,1.0597873e-08,5.5826273e-05,2.6651676e-09,5.5821667e-05,2.6651676e-09,4.100296e-05,3.9762458e-08,2.8875882e-05,4.559295e-08,2.3764327e-05,6.3249814e-08,1.9346873e-05,6.782243e-08,1.5816211e-05,1.2734244e-08,1.4198114e-05,6.140784e-09
554,-2.272973517770991,0.23548780711607087,1.0,0.00012680293,7.658307e-08,5.8765294e-05,0.0,3.1776995e-05,1.443939e-07,2.9490326e-05,7.778527e-08,2.9380877e-05,7.778528e-08,1.579954e-05,6.0498717e-09,1.579941e-05,6.0498717e-09,7.151474e-06,6.8652554e-08,7.075483e-06,7.0197615e-08,5.0806552e-06,1.238606e-08
555,-5.236280346254614,-10.257225062099296,1.0,5.651195e-05,7.233209e-08,3.1617295e-05,1.1309948e-07,2.2205515e-05,0.0,2.2169319e-05,1.171045e-07,1.9189794e-05,1.14837285e-07,1.8848968e-05,7.3312506e-08,9.312217e-06,1.1555115e-07,9.147623e-06,1.1555115e-07,7.1356812e-06,1.3198967e-08,5.214438e-06,3.479731e-08
556,11.0254338932425,4.577297390610191,1.0,0.0005147084,0.0,0.00019776548,8.837041e-09,4.6987978e-05,2.5707223e-09,4.6983198e-05,2.5707223e-09,4.4434164e-05,3.6561268e-08,2.993316e-05,4.1619664e-08,2.3240013e-05,6.413676e-08,1.7418828e-05,1.098066e-08,1.2536547e-05,2.4592389e-08,1.2378262e-05,5.9386736e-09
557,-0.6057855032102566,1.7896000295504173,1.0,0.0001340422,7.189737e-08,6.1195766e-05,0.0,3.1582083e-05,1.01292535e-07,3.0800496e-05,1.5065238e-07,2.8397506e-05,7.3172e-08,2.7378903e-05,7.3172004e-08,2.6126476e-05,1.0957605e-07,1.6749527e-05,6.226581e-09,1.674942e-05,6.2265793e-09,1.1511768e-05,1.0224739e-07
558,10.22379779054064,11.482489179897858,1.0,0.00023427904,0.0,0.00012641943,1.0839688e-08,8.787354e-05,5.096112e-09,2.4193074e-05,1.519476e-07,1.9459972e-05,1.2559635e-08,1.945463e-05,1.2559635e-08,1.5525313e-05,7.4092114e-08,1.4446503e-05,7.898031e-08,1.0826799e-05,6.1377996e-09,1.0754709e-05,6.981029e-09
559,-0.7879723660661888,-8.650229956215718,1.0,4.5136254e-05,5.9807505e-08,1.8700839e-05,7.082307e-08,1.586293e-05,0.0,6.2487597e-06,8.887628e-09,5.4252428e-06,7.1900594e-08,4.6753257e-06,2.4308758e-08,2.4837984e-06,3.3157939e-09,2.4837304e-06,3.3157939e-09,2.3619461e-06,1.2646982e-08,1.8327773e-06,2.816526e-08
560,2.0052770909271285,3.802237163615377,1.0,0.00022521889,0.0,0.00014384028,5.9294017e-08,3.7455855e-05,5.0338897e-09,3.745479e-05,5.0338897e-09,2.6031203e-05,6.069219e-08,2.3146238e-05,6.069219e-08,1.5304478e-05,5.2679944e-08,1.0782243e-05,7.7640095e-08,8.74991e-06,1.0707204e-08,6.2714703e-06,6.130257e-09
561,-8.935038770105102,-7.990877614871645,1.0,2.1422748e-05,0.0,1.9097575e-05,8.60382e-08,6.422839e-06,1.9167427e-08,6.0400057e-06,2.331046e-08,3.852637e-06,1.3909204e-07,3.3130452e-06,8.724764e-08,3.2273056e-06,8.72179e-08,2.9163075e-06,9.525455e-08,2.6684327e-06,3.7022584e-08,2.3969753e-06,1.0012005e-07
562,-5.429724320197237,-5.449734126832265,1.0,1.7839355e-05,1.3396897e-07,8.729964e-06,1.346506e-07,6.081799e-06,3.620416e-09,6.079385e-06,1.5153218e-07,5.554416e-06,4.006123e-08,5.120441e-06,7.611942e-08,3.7988102e-06,0.0,2.7721694e-06,1.3518766e-07,2.122193e-06,1.3683531e-08,2.110603e-06,4.8018663e-08
563,4.006271347175142,3.7641293301237546,1.0,0.00044711446,0.0,0.00015479856,4.9707396e-08,7.3351934e-05,4.4665978e-09,7.335069e-05,4.4665978e-09,3.317264e-05,7.781913e-08,2.2500393e-05,5.1228547e-08,2.2194612e-05,9.685386e-08,2.02534e-05,5.0632003e-08,1.8732457e-05,5.1228547e-08,1.6418173e-05,9.700694e-09
564,3.9529616831049363,1.5493806563123087,1.0,0.0006845143,0.0,0.00015875156,5.2191098e-08,0.00011395893,5.060329e-09,0.00011395662,5.060329e-09,2.903896e-05,8.649352e-08,2.6677388e-05,1.0752855e-08,1.9950636e-05,5.372754e-08,1.9033161e-05,6.1610717e-09,1.8290864e-05,5.372754e-08,1.7541624e-05,6.098311e-08
565,4.437033355369323,-9.546893159415262,1.0,0.00012698921,3.922501e-08,4.953404e-05,4.926576e-08,3.4144876e-05,1.7697932e-08,2.575618e-05,4.0660534e-08,1.9828196e-05,1.5166219e-07,1.9603514e-05,2.853504e-09,1.9336698e-05,4.0660534e-08,1.740921e-05,9.720097e-08,1.112261e-05,5.053783e-08,1.0926761e-05,7.9380555e-08
566,-4.782253307079769,9.123009658433709,1.0,0.00010391385,6.789416e-08,5.232307e-05,7.650739e-08,3.3447614e-05,6.8950996e-08,3.185877e-05,1.1758844e-07,3.103523e-05,6.8950996e-08,2.4499455e-05,0.0,1.7400585e-05,7.748464e-08,7.3719716e-06,9.003347e-08,6.7140863e-06,2.0038414e-08,4.8364805e-06,7.0204706e-08
567,-1.3056201069584858,-2.476341995023354,1.0,5.5448207e-05,0.0,2.9707078e-05,7.4092256e-08,2.550221e-05,1.11297076e-07,1.4503779e-05,5.7994747e-09,1.4503604e-05,5.7994747e-09,1.0387681e-05,1.1216623e-07,7.5988637e-06,7.6434034e-08,5.8456785e-06,2.494346e-07,4.704515e-06,6.429312e-08,4.652373e-06,1.1986158e-08
568,-7.194110081303993,6.298705674972393,1.0,4.4269505e-05,9.0333e-08,3.4908517e-05,7.6666e-08,3.452915e-05,1.10364795e-07,2.6118729e-05,0.0,1.6837965e-05,9.1220656e-08,1.6722945e-05,9.122064e-08,5.987987e-06,2.98248e-08,5.6794966e-06,3.3582797e-08,4.4811336e-06,1.8216656e-07,4.1573976e-06,3.0809666e-09
569,-2.2308261755018357,6.426788348964887,1.0,0.00011898612,6.79525e-08,3.430343e-05,0.0,2.940767e-05,6.9125406e-08,8.257243e-06,3.7485258e-08,7.1383474e-06,3.9329304e-09,6.1970873e-06,7.961171e-08,4.8012307e-06,5.371308e-08,3.964681e-06,8.518311e-08,2.1622154e-06,7.259319e-08,2.0681166e-06,3.1670005e-08
570,-2.0163064146633367,7.106136216667252,1.0,3.2227385e-05,0.0,1.44733785e-05,8.19081e-08,6.433758e-06,3.7235157e-09,4.614742e-06,6.854969e-08,4.024765e-06,8.162815e-08,2.4285873e-06,9.2528836e-08,2.2026231e-06,7.0052494e-08,2.187774e-06,7.9363794e-08,2.1271064e-06,1.1583667e-07,1.6270154e-06,8.331611e-08
571,-3.866100878607451,6.873124517419054,1.0,3.209524e-05,1.266608e-07,3.0615854e-05,0.0,1.5417947e-05,8.5950916e-08,5.865857e-06,3.5577834e-09,5.1141274e-06,4.5825832e-08,4.896806e-06,7.2760116e-08,3.8145554e-06,8.569337e-08,2.845399e-06,7.301806e-08,2.5085217e-06,9.6105936e-08,2.2620723e-06,6.4332525e-08
572,-0.5417687770538269,9.938981266859773,1.0,5.4130815e-05,6.402021e-08,4.004206e-05,0.0,2.9196966e-05,1.3301847e-07,1.839084e-05,1.0919739e-07,1.654357e-05,5.783885e-08,1.4710195e-05,6.51289e-08,9.894948e-06,1.6664556e-07,8.479542e-06,2.1871905e-07,6.98163e-06,2.2150296e-07,6.5399504e-06,1.2325661e-07
573,5.3079364761292105,-8.398374949811945,1.0,0.00022988861,0.0,0.00013704224,3.692065e-08,3.4891094e-05,2.3924851e-08,2.9585326e-05,2.9894025e-09,2.9584073e-05,2.989399e-09,2.6854796e-05,1.5135348e-07,2.4223937e-05,3.843643e-08,1.7926513e-05,9.428905e-08,1.7214681e-05,3.843643e-08,1.2330361e-05,7.786434e-08
574,2.5654940147172365,-8.001552522038711,1.0,0.00012973233,4.952091e-08,4.5201275e-05,6.378927e-08,2.7542741e-05,5.089036e-08,2.6275551e-05,0.0,2.2519926e-05,5.089036e-08,1.1999165e-05,6.49554e-08,8.909965e-06,2.1240871e-07,5.8061264e-06,1.283432e-07,4.3775553e-06,3.3982843e-09,3.7510736e-06,5.1226454e-08
575,8.074603377025422,-8.132664586877084,1.0,0.00032031522,0.0,0.00014898358,2.3552474e-08,4.773081e-05,2.3299783e-08,3.235288e-05,2.6606095e-09,3.235021e-05,2.6606024e-09,1.9974697e-05,2.52669e-08,1.8408558e-05,1.6167286e-07,1.7204517e-05,8.432989e-08,1.0257528e-05,2.5266907e-08,8.659252e-06,4.1690626e-08
576,7.732054689269994,6.239405060875281,1.0,0.00041638457,0.0,0.00016283897,2.695456e-08,5.3583593e-05,2.989303e-09,3.8347465e-05,3.3261287e-08,1.8688661e-05,8.408222e-08,1.8362736e-05,2.8705216e-08,1.161057e-05,3.6955932e-09,1.1610215e-05,3.695586e-09,9.376205e-06,2.7096661e-08,6.6972857e-06,8.500734e-08
577,-2.8667150484182446,-3.7244112492617782,1.0,4.386434e-05,0.0,3.1875883e-05,7.530528e-08,3.0339703e-05,7.5305266e-08,1.0267986e-05,4.8366164e-09,1.0180423e-05,1.1439974e-07,6.0811653e-06,7.662389e-08,5.071904e-06,7.5592595e-08,4.9017576e-06,7.659922e-08,3.1199006e-06,1.0363099e-08,2.5141487e-06,3.5038767e-08
578,8.962059779203646,-11.257488724771784,1.0,0.00022270343,0.0,0.00012579322,1.6891075e-08,7.538979e-05,6.5121206e-09,5.2753083e-05,2.1885196e-08,2.0884067e-05,1.853866e-08,1.9904262e-05,1.5257069e-07,1.1189068e-05,1.853866e-08,8.427039e-06,2.1855229e-09,8.424306e-06,2.1855229e-09,8.194112e-06,8.4539025e-09
579,-6.264029699031278,-2.736957744347464,1.0,3.418049e-05,0.0,2.672746e-05,1.1362956e-07,1.1863361e-05,1.144218e-07,7.097319e-06,3.9206594e-09,5.346945e-06,8.146747e-08,3.0688677e-06,8.1750244e-08,3.0528763e-06,1.1451457e-07,2.7123672e-06,9.452167e-09,2.6552825e-06,1.155235e-07,2.061119e-06,3.1618356e-08
580,-11.151909018929711,2.187048977190173,1.0,9.770609e-05,8.135784e-08,3.865795e-05,9.028551e-08,3.5931043e-05,8.226985e-08,3.5549772e-05,8.226985e-08,2.2470213e-05,0.0,1.5908101e-05,1.03802705e-07,1.5066297e-05,9.113553e-08,7.592837e-06,8.443983e-09,5.5506202e-06,8.353534e-08,4.998411e-06,2.6144951e-07
581,7.566557196201831,2.7218729185063406,1.0,0.0006672032,0.0,0.00018196988,3.039166e-08,0.00010193408,3.5085819e-09,0.00010193323,3.5085783e-09,2.899964e-05,6.534101e-08,2.827271e-05,4.9649174e-08,2.2589193e-05,7.87789e-09,2.1874937e-05,8.008924e-08,2.0140089e-05,4.3231836e-09,1.3596205e-05,2.9773439e-08
582,8.665705610866112,-10.132111298801224,1.0,0.00025227224,0.0,0.00013404206,1.9059176e-08,6.344188e-05,1.2502532e-08,2.0665106e-05,2.0736667e-08,1.9374082e-05,1.5588411e-07,1.5753732e-05,8.349133e-08,1.5442665e-05,2.3375257e-09,1.5439811e-05,2.3375257e-09,1.0715699e-05,2.073666e-08,8.434758e-06,1.3629677e-08
583,6.1866965557418965,1.5705208040161747,1.0,0.00075971964,0.0,0.00017386673,3.924426e-08,0.0001233183,4.0945825e-09,0.0001233169,4.0945825e-09,2.7905093e-05,7.598702e-08,2.720454e-05,1.6283956e-07,2.7099271e-05,9.011668e-09,2.37044e-05,8.428732e-08,2.2652674e-05,5.679841e-08,2.2622138e-05,5.024109e-09
584,11.439538289060291,-5.700370657121153,1.0,0.00046039882,0.0,0.00018894325,6.176247e-09,5.0762443e-05,3.1343575e-08,3.376057e-05,2.4248763e-09,3.3755765e-05,2.4248763e-09,2.2415506e-05,6.542279e-08,1.9046247e-05,8.3192475e-09,1.7574484e-05,6.807028e-08,1.1235458e-05,1.1181491e-08,1.0613747e-05,3.279346e-08
585,4.826776628779378,7.205672584066463,1.0,0.00026129934,0.0,4.1131632e-05,5.8856187e-08,3.8219478e-05,3.3195526e-09,2.9295008e-05,3.1072737e-08,2.7318132e-05,1.5307872e-07,1.8939969e-05,9.56035e-08,1.2432676e-05,7.758439e-08,9.545626e-06,6.007454e-08,8.601903e-06,7.499331e-09,7.779424e-06,4.095405e-09
586,1.5772267761815346,-1.0345796985764384,1.0,0.0003421979,0.0,6.6011424e-05,6.2278813e-09,6.60098e-05,6.227883e-09,2.9539833e-05,1.5784254e-07,2.9376504e-05,9.7821506e-08,1.7298335e-05,1.26651765e-08,1.146918e-05,7.326671e-08,1.04039655e-05,9.880558e-08,9.85582e-06,9.880558e-08,9.834458e-06,7.504316e-09
587,6.821683053519596,-2.7713425807757,1.0,0.00017621562,3.4820417e-08,2.9529214e-05,6.8757586e-08,2.688973e-05,1.6227956e-07,2.6317579e-05,5.074817e-08,2.2137081e-05,8.3566206e-08,1.461196e-05,3.656863e-08,1.3494165e-05,3.7316266e-09,1.3042519e-05,3.0799512e-08,7.738116e-06,6.990134e-08,7.3737347e-06,8.45595e-08
588,3.6819027800645436,-9.907151753984342,1.0,0.00013495734,0.0,0.00012276706,4.1844963e-08,3.109058e-05,1.5815427e-08,2.6676958e-05,4.3231722e-08,2.0754767e-05,4.323173e-08,2.019135e-05,1.487887e-07,1.738298e-05,9.93897e-08,1.5911632e-05,2.8443736e-09,1.49714915e-05,6.657111e-08,1.1767013e-05,5.1700717e-08
589,6.01538989091971,3.0753927744591714,1.0,0.00063127535,0.0,0.0001695818,3.9335063e-08,0.00010166364,3.9505537e-09,0.00010166314,3.9505537e-09,3.055905e-05,7.1466204e-08,2.4660965e-05,5.0810968e-08,2.2275568e-05,8.738549e-09,1.8955046e-05,4.8525806e-09,1.8954765e-05,4.852584e-09,1.719555e-05,4.1011695e-08
590,-7.4904901886159525,0.636408249099242,1.0,3.549389e-05,1.1403422e-07,3.392023e-05,8.182513e-08,3.179116e-05,0.0,3.0053781e-05,1.10289974e-07,1.6982669e-05,8.21352e-08,1.5217055e-05,1.1481325e-07,6.282033e-06,3.6789292e-09,5.4954644e-06,8.2075175e-08,5.2635432e-06,2.6004474e-07,4.9180635e-06,5.6667826e-09
591,5.003081503598917,2.7663240191610843,1.0,0.0006253582,0.0,0.0001636675,4.5372982e-08,0.00010239332,4.370344e-09,0.00010239229,4.370344e-09,2.2858581e-05,9.1640985e-08,2.1482827e-05,5.3906138e-08,1.9143146e-05,4.697512e-08,1.825508e-05,5.351117e-09,1.8254581e-05,5.351117e-09,1.097442e-05,3.3400898e-08
592,11.13148464043774,8.940754170525015,1.0,0.00032598167,0.0,0.00015163381,7.1761512e-09,6.9223766e-05,1.7071532e-08,4.0783772e-05,2.25664e-08,2.4397536e-05,1.5705513e-07,1.8537678e-05,7.04339e-08,1.657589e-05,9.107826e-09,1.55284e-05,7.3568046e-08,1.3130878e-05,2.2007107e-09,1.3127004e-05,2.2007107e-09
593,9.06491586050845,2.3114115459155435,1.0,0.0006604496,0.0,0.00019552282,2.1404809e-08,9.0796624e-05,3.1338274e-09,9.079386e-05,3.1338274e-09,3.1481115e-05,4.8645216e-08,2.7428703e-05,5.9501925e-08,2.0892858e-05,7.1212867e-09,1.9104093e-05,3.8708414e-09,1.4464589e-05,2.7885687e-08,8.106333e-06,2.3380046e-08
594,9.26785830931848,7.464900460736974,1.0,0.00037183412,0.0,0.00015964576,1.7719813e-08,5.0216673e-05,2.5612266e-08,3.423365e-05,2.577579e-09,3.423029e-05,2.577579e-09,2.5361694e-05,1.578268e-07,1.7354336e-05,1.95584e-08,8.992441e-06,5.953403e-09,8.325289e-06,3.194014e-09,6.4994024e-06,3.9212054e-08
595,-5.675868643847151,-7.812205274042814,1.0,3.4107823e-05,7.2605346e-08,4.069576e-06,3.057309e-09,3.9452675e-06,0.0,3.0441106e-06,1.2551256e-07,2.782457e-06,9.399798e-08,2.4237727e-06,5.2427612e-08,1.5161432e-06,2.7472478e-08,7.979881e-07,3.7147746e-08,6.8465795e-07,2.8743724e-08,6.0794684e-07,8.660237e-08
596,-6.824848536710844,7.791608621632818,1.0,0.00010218191,7.306564e-08,3.4613422e-05,7.40716e-08,3.3721455e-05,1.09912826e-07,3.2813863e-05,7.40716e-08,2.4381085e-05,0.0,1.7720962e-05,8.529252e-08,6.134532e-06,2.613831e-08,5.782182e-06,3.0260473e-08,5.14773e-06,7.5347074e-08,3.4736188e-06,8.5016005e-08
597,-5.671204484333525,7.20686039074339,1.0,0.00010651493,7.256473e-08,3.4169385e-05,7.360987e-08,3.3161028e-05,1.1702602e-07,3.2250544e-05,7.360987e-08,2.7057824e-05,0.0,1.6646574e-05,8.658547e-08,6.028546e-06,3.0332917e-08,5.516313e-06,3.6718102e-08,4.5302595e-06,3.1822367e-09,3.8597937e-06,1.7258176e-07
598,-1.759274627316433,-4.57655776392439,1.0,0.00012523391,7.0426054e-08,4.2782478e-05,0.0,3.1142823e-05,7.163366e-08,2.9049317e-05,7.163366e-08,2.3237191e-05,1.126032e-07,9.9058425e-06,4.7393875e-09,9.90566e-06,4.7393893e-09,9.880849e-06,1.1343275e-07,9.594367e-06,1.1343276e-07,6.82091e-06,7.862076e-08
599,-10.288873443162972,6.278830033177297,1.0,3.693942e-05,9.240773e-08,3.5891055e-05,7.886135e-08,2.1316506e-05,0.0,7.075462e-06,1.26347715e-08,5.484636e-06,8.015736e-08,5.4641364e-06,3.0133062e-08,3.4825823e-06,6.8280116e-08,3.1353263e-06,9.218161e-08,2.2372265e-06,7.3706005e-08,2.1336987e-06,2.5497897e-09
600,4.714722437172739,-10.651087319804306,1.0,0.00014795372,0.0,0.00012089368,3.650013e-08,5.4051598e-05,4.2868e-08,3.9981136e-05,1.1036715e-08,2.5651147e-05,3.79213e-08,2.044515e-05,1.4807102e-07,1.9099487e-05,3.79213e-08,1.6637841e-05,9.6390536e-08,1.4386198e-05,2.6246205e-09,1.1110017e-05,4.4183086e-08
601,-3.110520636593888,-9.409737218299513,1.0,3.0768493e-05,1.2443277e-07,2.533056e-05,0.0,1.9341554e-05,1.13160624e-07,9.016024e-06,1.1390645e-07,8.856728e-06,1.1390644e-07,7.11083e-06,1.903226e-08,4.8212705e-06,4.4939153e-08,3.8379662e-06,2.9952893e-09,3.83773e-06,2.9952893e-09,2.2447878e-06,1.1494441e-07
602,7.612361285575233,-0.34631642100265125,1.0,0.00077233,0.0,0.00018468873,3.081761e-08,0.00012064409,3.6444856e-09,0.00012064403,3.6444856e-09,2.6548016e-05,8.146172e-09,2.5412439e-05,7.280427e-08,2.452254e-05,7.468481e-08,2.4048966e-05,5.8387414e-08,2.3379891e-05,4.486454e-09,2.3379458e-05,4.486454e-09
603,-11.312683296593862,-5.363192449739703,1.0,4.268019e-05,9.450667e-08,1.8096714e-05,9.5308586e-08,1.7849889e-05,1.0149203e-07,5.806826e-06,2.5172582e-07,5.5635765e-06,8.022436e-08,5.178473e-06,3.292125e-08,3.7948305e-06,9.6423584e-08,3.5433654e-06,6.506181e-08,2.7473022e-06,3.7109473e-08,2.3598927e-06,6.8053424e-08
604,5.12694537623895,-8.114794451146587,1.0,0.00023431612,0.0,0.00013824222,3.8148578e-08,3.312144e-05,2.5668626e-08,3.1380558e-05,3.0717047e-09,3.1379517e-05,3.0717011e-09,2.6997286e-05,1.5165682e-07,2.4321953e-05,3.966052e-08,1.8180817e-05,9.482584e-08,1.7502303e-05,3.9660513e-08,1.2284945e-05,7.7881886e-08
605,6.9140341781320345,-9.62218743890291,1.0,0.00023294704,0.0,0.00013345106,2.791111e-08,4.8967526e-05,1.608781e-08,4.7734993e-05,3.8589487e-08,2.2691807e-05,2.9491236e-08,2.1695236e-05,2.587086e-09,2.1693142e-05,2.5870897e-09,1.9421443e-05,1.5539037e-07,9.379657e-06,3.996328e-08,7.3428746e-06,1.9149873e-07
606,4.744723754056988,-3.92897215092227,1.0,0.0004885387,0.0,0.00015858086,4.5604732e-08,7.958118e-05,4.184095e-09,7.9580066e-05,4.184095e-09,3.3053653e-05,7.390189e-08,2.2528004e-05,4.877e-08,2.123082e-05,4.717428e-08,1.7543254e-05,9.179612e-09,1.689744e-05,4.717428e-08,1.6287508e-05,1.716221e-07
607,10.861682604498508,4.688919044948015,1.0,0.0005117058,0.0,0.00019550539,9.789478e-09,4.7847592e-05,2.5904363e-09,4.4305023e-05,3.6322483e-08,3.0275114e-05,4.1962565e-08,2.2834058e-05,6.4634676e-08,1.862797e-05,6.883895e-08,1.6604092e-05,1.19085755e-08,1.2502872e-05,5.9809757e-09,1.1582685e-05,3.2097205e-09
608,4.613014454041444,11.171178317564578,1.0,0.00013545474,0.0,2.6422991e-05,1.4395391e-07,2.5813273e-05,3.7619245e-08,1.6355549e-05,9.667432e-08,1.1946835e-05,2.5439206e-09,1.1278724e-05,4.210885e-08,1.0432678e-05,7.989531e-08,6.956871e-06,9.747168e-08,5.21148e-06,4.1529525e-08,4.034314e-06,8.864489e-08
609,2.7795393520360143,0.5443068435375036,1.0,0.00063079334,0.0,0.00015177269,5.8983943e-08,0.00011130606,5.7829332e-09,0.000111303634,5.7829332e-09,2.8875333e-05,1.6021903e-07,1.730806e-05,6.9964603e-09,1.7307595e-05,6.9964603e-09,1.4354779e-05,6.682895e-08,1.06959305e-05,3.785125e-08,9.20117e-06,9.567265e-08
610,7.679106559371711,-10.040728460867761,1.0,0.00023629257,0.0,0.00013231207,2.3876563e-08,5.6294324e-05,1.3429123e-08,2.1903945e-05,2.5491222e-08,1.9511319e-05,1.5498426e-07,1.8047751e-05,2.448111e-09,1.8045355e-05,2.448111e-09,1.6130442e-05,8.6838966e-08,1.2888458e-05,2.5491222e-08,8.848169e-06,3.4695855e-08
611,-2.0839355609591443,-2.2865570511115294,1.0,0.00012720845,7.477255e-08,5.3534986e-05,0.0,3.0482885e-05,7.597877e-08,2.6023747e-05,1.12066665e-07,1.3765017e-05,5.6500706e-09,1.3764834e-05,5.6500706e-09,1.0747054e-05,1.1292676e-07,6.9214734e-06,7.5385536e-08,5.7928924e-06,2.5151846e-07,5.2550754e-06,1.6662634e-07
612,-6.688768819907694,1.5273193272189722,1.0,0.000110650406,8.017183e-08,3.491015e-05,1.18683914e-07,3.408734e-05,0.0,3.3940894e-05,8.1209926e-08,3.3516582e-05,8.1209926e-08,1.5244575e-05,1.1944833e-07,7.0661836e-06,3.911353e-09,7.06601e-06,3.911353e-09,5.9456124e-06,3.6236216e-08,4.660261e-06,5.6008368e-08
613,-2.7911577706426183,-10.579246602616685,1.0,5.741653e-05,6.642866e-08,3.0113355e-05,1.2306936e-07,2.3238352e-05,0.0,2.1952701e-05,1.263359e-07,1.7222004e-05,6.74802e-08,7.691043e-06,1.1920861e-08,5.374556e-06,8.0931045e-08,4.6947844e-06,4.4275417e-08,3.232566e-06,7.842639e-08,2.9636094e-06,2.7649634e-09
614,-2.492969532840851,10.669201453810757,1.0,0.00010422154,6.036416e-08,3.1797448e-05,6.147873e-08,2.9917828e-05,1.2405403e-07,2.8602462e-05,6.147873e-08,2.3209643e-05,0.0,2.1715754e-05,6.642968e-08,8.287062e-06,1.1414777e-08,5.5256933e-06,8.110727e-08,4.635881e-06,4.524137e-08,3.964286e-06,6.5986406e-08
615,-4.512431472158735,2.554393885633516,1.0,4.670379e-05,7.7863184e-08,1.8555555e-05,0.0,1.3045384e-05,7.8972924e-08,7.4860272e-06,1.1294219e-09,5.2894493e-06,8.0532686e-08,4.0920763e-06,4.6075748e-09,3.1586371e-06,4.6075748e-09,3.0791373e-06,1.4853214e-07,2.136468e-06,4.8304386e-08,2.130153e-06,5.547676e-09
616,-6.943518882715877,-0.6519418051172128,1.0,0.00010988814,8.058855e-08,3.3773274e-05,8.161954e-08,3.3672117e-05,0.0,3.3596505e-05,8.161954e-08,1.5227895e-05,1.18207325e-07,6.9268262e-06,3.869742e-09,6.926635e-06,3.869742e-09,5.988785e-06,3.4910713e-08,5.50555e-06,1.1876651e-07,5.4303578e-06,2.5863923e-07
617,-11.314645531555026,10.813295104596659,1.0,8.649189e-05,7.3207396e-08,5.7609937e-05,7.684695e-08,3.513055e-05,8.076574e-08,1.6758504e-05,0.0,1.4089518e-05,8.1589555e-08,7.4473533e-06,2.3658816e-07,7.2388793e-06,5.8062923e-09,6.972324e-06,8.098631e-09,6.40259e-06,7.529143e-08,5.181442e-06,7.534363e-08
618,-7.752091315977829,6.960057148017977,1.0,4.6182675e-05,8.8212374e-08,3.4703306e-05,1.0622077e-07,2.4258428e-05,0.0,1.759677e-05,8.909629e-08,1.7513481e-05,8.909629e-08,5.2830705e-06,7.75285e-08,3.3944273e-06,2.877787e-09,3.3867586e-06,8.88579e-08,2.9420341e-06,9.032347e-08,2.7182814e-06,9.84397e-08
619,-5.6980539899913145,3.693109070587452,1.0,3.403324e-05,1.225995e-07,7.1542927e-06,3.9377017e-09,5.673761e-06,4.060888e-08,5.1287443e-06,4.8482327e-08,2.178756e-06,7.053512e-08,1.9560687e-06,3.02779e-07,1.9420552e-06,8.983208e-08,1.5117408e-06,1.2991154e-07,1.4057837e-06,4.837249e-09,1.3320703e-06,2.3301524e-07
620,-9.506956704859022,-8.436255959064532,1.0,5.063968e-05,8.392477e-08,3.53559e-05,7.572404e-08,2.0751231e-05,1.0209521e-07,2.0316502e-05,0.0,1.983136e-05,8.47886e-08,7.2350394e-06,1.3624111e-07,3.5169808e-06,8.5988354e-08,2.9930695e-06,9.3935334e-08,2.5958182e-06,7.737244e-08,2.1151304e-06,7.9197626e-08
621,5.554719620234906,6.106081524235368,1.0,0.00035635006,0.0,0.00015260336,3.8685116e-08,5.3723415e-05,3.442775e-09,5.37227e-05,3.4427785e-09,2.945366e-05,3.643489e-08,2.2136153e-05,4.0272894e-08,1.5634403e-05,4.0272887e-08,1.1960527e-05,7.74682e-09,1.0720674e-05,4.2439794e-09,1.072059e-05,4.2439794e-09
622,-0.48464467826589264,-0.9671859041133253,1.0,0.00013485174,7.228689e-08,6.533161e-05,0.0,2.7643866e-05,7.356948e-08,2.720731e-05,1.0827171e-07,2.7079252e-05,7.356948e-08,1.8340954e-05,6.5146315e-09,1.8340896e-05,6.5146315e-09,1.1203035e-05,1.0472448e-07,1.0595465e-05,1.0917966e-07,9.377489e-06,6.746177e-08
623,-8.468258514849117,-2.9553709774363135,1.0,1.3885308e-05,8.1087265e-08,1.1686644e-05,0.0,5.966889e-06,8.384201e-08,4.1758176e-06,1.14071625e-07,2.5707282e-06,8.92001e-08,2.487681e-06,2.4499442e-09,2.3676998e-06,3.2366536e-09,2.3675834e-06,3.2366536e-09,1.8694975e-06,4.7135543e-08,1.1832165e-06,3.3623984e-09
624,-10.094992955900047,-6.2416879941518895,1.0,4.4652013e-05,9.162832e-08,3.6794365e-05,9.360842e-08,1.8627077e-05,1.0590797e-07,1.8218958e-05,9.245976e-08,1.4905104e-05,9.442779e-08,6.9982198e-06,1.3750114e-08,5.7344637e-06,7.879612e-08,5.467454e-06,3.0520457e-08,3.527908e-06,9.361521e-08,3.4920852e-06,6.85483e-08
625,8.765090354366695,1.482302574069804,1.0,0.00070333824,0.0,0.00019459242,2.3476115e-08,0.00010104607,3.2585845e-09,0.00010104382,3.258581e-09,2.8853661e-05,5.2258518e-08,2.6365045e-05,6.373651e-08,2.2889928e-05,7.375899e-09,2.0782347e-05,4.0217643e-09,6.7984865e-06,6.488561e-08,6.537303e-06,6.2660334e-08
626,6.0095571851876635,-9.384343270167701,1.0,0.00021700581,0.0,0.00013258622,3.2413002e-08,4.2427026e-05,1.7891704e-08,2.3760895e-05,3.3944065e-08,2.3265406e-05,2.7234144e-09,2.3263727e-05,2.7234144e-09,1.944862e-05,1.5491818e-07,1.705252e-05,9.220835e-08,1.613156e-05,3.394406e-08,1.25428605e-05,7.77011e-08
627,-6.856513516201817,1.469024737607393,1.0,3.503799e-05,1.176835e-07,3.3618515e-05,8.1313274e-08,3.353434e-05,0.0,1.5242327e-05,1.1845087e-07,6.8803497e-06,3.8558916e-09,6.880175e-06,3.8558916e-09,5.9929444e-06,3.5239e-08,5.4709285e-06,8.1567904e-08,5.4050442e-06,8.2623444e-08,5.1827237e-06,2.603461e-07
628,-4.68395328336686,3.5985251486310705,1.0,4.595432e-05,7.6833146e-08,1.7228293e-05,0.0,1.317298e-05,7.793284e-08,8.387474e-06,2.9954172e-10,5.2439095e-06,7.837333e-08,3.7443633e-06,4.289337e-09,3.653334e-06,4.2893387e-09,3.19807e-06,1.4456597e-07,2.448119e-06,4.5435744e-09,2.1389715e-06,4.6308077e-08
629,-1.6305505587579638,4.269865366340886,1.0,4.4571312e-05,0.0,1.0507535e-05,4.899473e-09,1.05073605e-05,4.899473e-09,8.7247445e-06,5.037364e-08,6.9765065e-06,7.843137e-08,6.20514e-06,7.643459e-09,3.6415113e-06,2.0217634e-07,3.2107962e-06,1.0473414e-08,2.540251e-06,3.52453e-08,2.271616e-06,1.27573685e-08
630,-6.001843309251423,8.990977007577087,1.0,0.000101338745,7.004743e-08,3.4045523e-05,7.106814e-08,3.1920845e-05,7.106814e-08,2.348636e-05,0.0,1.820583e-05,7.964493e-08,1.0075509e-05,1.4748869e-07,6.5931613e-06,2.0121586e-08,4.975067e-06,7.2328895e-08,4.0840832e-06,1.6262142e-07,3.9208526e-06,7.745792e-08
631,8.141936314755139,-11.01627061248201,1.0,0.0002155134,0.0,0.00012596454,2.0885004e-08,6.6849214e-05,7.998299e-09,5.2511525e-05,2.666718e-08,1.9947118e-05,1.5231525e-07,1.2684734e-05,2.2490802e-08,1.1442001e-05,2.2826931e-09,8.419258e-06,2.8150502e-08,6.7631945e-06,9.964705e-09,6.262773e-06,8.654624e-08
632,-9.341891461596301,-0.8237759259647301,1.0,3.702558e-05,1.0229454e-07,3.4849392e-05,8.231112e-08,2.6552245e-05,0.0,1.51569875e-05,1.0310841e-07,1.3641081e-05,1.10707056e-07,6.779339e-06,1.9968365e-08,4.3305936e-06,3.1278233e-09,4.1716853e-06,5.855985e-08,2.431305e-06,7.226106e-09,2.3524074e-06,6.2992804e-08
633,6.1168534883959325,0.010442995855374448,1.0,0.0008171759,0.0,0.0001728563,4.0006114e-08,0.00013319487,4.2018673e-09,0.00013319345,4.2018673e-09,2.938378e-05,9.212792e-09,2.7193424e-05,1.6328161e-07,2.569169e-05,8.094763e-08,2.4156085e-05,5.151554e-09,2.4155828e-05,5.151554e-09,2.0356078e-05,6.2469105e-08
634,6.2868068349912605,-3.5666186621192555,1.0,0.00059187034,0.0,0.0001697102,3.7373944e-08,9.396335e-05,3.7787125e-09,9.396295e-05,3.7787125e-09,3.132294e-05,6.828643e-08,2.6339576e-05,4.813554e-08,2.1556827e-05,8.713564e-08,2.0598982e-05,8.4079765e-09,1.7889472e-05,4.6472906e-09,1.7889342e-05,4.6472906e-09
635,-5.7630957143028105,-3.851468700227235,1.0,4.4385968e-05,7.757795e-08,1.1727004e-05,0.0,6.3444018e-06,1.1777761e-09,4.2907386e-06,4.203791e-09,3.9664587e-06,1.0119969e-08,3.7209593e-06,4.060748e-09,3.2043965e-06,3.8852797e-09,2.605169e-06,4.9186397e-09,2.5185575e-06,3.8852797e-09,2.1397736e-06,5.0431062e-08
636,8.83492744332737,-11.009507188005266,1.0,0.00022773253,0.0,7.20271e-05,7.843074e-09,5.1730323e-05,2.3608472e-08,1.980144e-05,1.5322496e-07,1.1212601e-05,1.9299392e-08,9.982071e-06,2.2230005e-09,7.9131905e-06,2.512624e-08,7.848764e-06,9.769849e-09,7.720575e-06,1.770368e-07,6.122428e-06,8.423474e-08
637,-1.8801479130756302,-0.1371651231005213,1.0,0.00012841314,7.590089e-08,6.122055e-05,0.0,3.1522446e-05,1.463147e-07,2.894245e-05,7.71201e-08,2.887575e-05,7.71201e-08,1.6759202e-05,6.2283565e-09,1.6759097e-05,6.2283565e-09,1.1441468e-05,1.0901536e-07,7.5412686e-06,6.948362e-08,7.489885e-06,7.038472e-08
638,-3.2549694613165165,-4.443418337899458,1.0,0.00011983793,7.362862e-08,3.9768634e-05,0.0,3.8225673e-05,9.46073e-08,3.24208e-05,7.4776764e-08,3.0707128e-05,7.4776764e-08,2.4733323e-05,1.4092105e-09,2.3847804e-05,1.140652e-07,1.0410691e-05,1.148763e-07,1.00946645e-05,1.148763e-07,8.918513e-06,4.4617643e-09
639,2.8214214998380314,-4.827802533308397,1.0,0.00025667055,0.0,8.662386e-05,3.1570853e-09,4.2073498e-05,4.424839e-09,3.6124293e-05,7.79559e-08,1.6964923e-05,1.6614267e-07,1.1854529e-05,1.7985079e-07,8.324799e-06,1.30909275e-08,7.4610293e-06,5.415515e-09,7.4608897e-06,5.415515e-09,6.346321e-06,2.2741025e-07
640,-7.055632717395984,-0.590822627986622,1.0,0.000109525856,8.064758e-08,3.381653e-05,8.167508e-08,3.3658085e-05,8.167508e-08,3.3289703e-05,0.0,1.52244575e-05,1.1752601e-07,1.4409016e-05,1.3818297e-07,6.7976134e-06,3.8312553e-09,6.797405e-06,3.8312553e-09,6.018623e-06,3.4230943e-08,5.4343245e-06,8.298663e-08
641,9.852910518820309,-1.4148862123080832,1.0,0.0006675158,0.0,0.00020449336,1.6686496e-08,8.570231e-05,2.9849048e-09,3.2139833e-05,1.7972507e-08,3.145288e-05,5.051474e-08,2.589588e-05,5.919892e-08,2.5631216e-05,5.8662398e-08,1.8587461e-05,3.6902428e-09,1.5043936e-05,2.7072051e-08,7.798808e-06,1.8765846e-08
642,3.3450444195583575,2.00922686021104,1.0,0.0005651138,0.0,0.00015461662,5.512048e-08,9.486697e-05,5.2343054e-09,9.486495e-05,5.2343054e-09,3.0148776e-05,8.755277e-08,2.2516828e-05,1.1050528e-08,2.1851818e-05,5.6613835e-08,1.9902258e-05,5.6613843e-08,1.668918e-05,5.999689e-08,1.5582438e-05,6.363404e-09
643,8.467999622596626,0.278941585564489,1.0,0.0007406185,0.0,0.00010998723,3.3776395e-09,2.4912066e-05,5.8669283e-08,2.2175807e-05,4.1654857e-09,2.2174945e-05,4.1654857e-09,6.872489e-06,6.994625e-08,4.704753e-06,8.544177e-09,4.70471e-06,8.544173e-09,4.6093805e-06,7.824103e-08,4.3277923e-06,2.7418903e-08
644,-7.82122120279805,4.821343918150344,1.0,3.5417946e-05,1.0881075e-07,2.7015254e-05,0.0,2.4685969e-05,1.1509614e-07,1.6167383e-05,9.663893e-08,6.2621957e-06,2.7567651e-08,5.274682e-06,3.998474e-08,4.683769e-06,1.8012321e-07,4.5135557e-06,3.1776644e-09,2.9363434e-06,9.783109e-08,2.8921497e-06,1.1688334e-07
645,-0.9869052025315668,6.2631637635405895,1.0,0.00012384288,6.5151326e-08,4.188369e-05,8.268816e-08,3.087264e-05,6.6377105e-08,2.796167e-05,6.6377105e-08,1.34573365e-05,8.37164e-08,1.3055266e-05,8.3716415e-08,1.0349264e-05,3.8985966e-08,7.1071217e-06,8.626107e-08,4.5966576e-06,7.760052e-09,4.5796455e-06,5.884069e-08
646,-7.889445123899138,5.948850112896828,1.0,0.000102867845,7.6725655e-08,3.5192494e-05,7.771226e-08,3.5157896e-05,1.06929036e-07,2.5395797e-05,0.0,1.694413e-05,9.279596e-08,6.2235317e-06,2.6323892e-08,5.5428536e-06,3.450612e-08,4.5576207e-06,1.8133595e-07,3.8646385e-06,3.0024054e-09,3.3825047e-06,9.259648e-08
647,-8.652809682285847,8.984465027394236,1.0,9.5359974e-05,7.325436e-08,3.4993158e-05,7.420192e-08,3.442856e-05,9.807253e-08,3.334196e-05,7.420192e-08,2.066639e-05,0.0,6.388844e-06,1.8474516e-08,6.2500762e-06,1.9941133e-08,5.1924735e-06,7.547302e-08,3.2672679e-06,7.404055e-08,3.1844695e-06,8.191263e-08
648,-1.2774751690909945,8.790139242956592,1.0,0.0001142203,6.088993e-08,5.008069e-05,7.135415e-08,3.1288448e-05,6.207391e-08,3.0834715e-05,0.0,2.9978779e-05,1.3318825e-07,2.7891625e-05,6.207391e-08,1.9377792e-05,1.10910165e-07,1.4914839e-05,7.242009e-08,1.0580401e-05,2.3360524e-08,1.0250932e-05,1.657352e-07
649,9.130459605605378,-1.8948842486486814,1.0,0.00067626435,0.0,0.00019716377,2.1109596e-08,9.325644e-05,3.1416043e-09,3.0689498e-05,5.009123e-08,2.3736959e-05,6.182953e-08,2.201366e-05,7.117004e-08,1.9592824e-05,3.880256e-09,7.1661693e-06,5.1406516e-08,7.1320496e-06,2.3098277e-08,6.917172e-06,6.177071e-08
650,-0.292400974268352,3.4912359864068563,1.0,0.00013349121,6.846837e-08,5.0911676e-05,0.0,2.9051065e-05,6.974954e-08,2.7065193e-05,6.974954e-08,2.3940702e-05,1.1004291e-07,1.356621e-05,8.597162e-08,1.2771764e-05,5.4391442e-09,1.2771572e-05,5.4391425e-09,1.2384885e-05,1.7384042e-07,9.398739e-06,1.10910726e-07
651,-0.6773049374560518,3.031181145400211,1.0,2.76016e-05,7.164415e-08,2.4601924e-05,1.106088e-07,1.3430139e-05,8.5401666e-08,1.2592181e-05,1.7281347e-07,9.9769695e-06,1.11478506e-07,9.641394e-06,1.11478506e-07,8.648457e-06,2.3609421e-07,8.075176e-06,7.758357e-08,4.5188344e-06,7.293554e-08,3.6088613e-06,7.2998816e-08
652,-0.7623072076524036,-10.701521331163352,1.0,0.000107954285,5.5811405e-08,5.7380184e-05,6.099049e-08,3.0634375e-05,5.6987666e-08,2.9023477e-05,1.304092e-07,2.6850876e-05,5.698766e-08,2.1622556e-05,1.3335068e-07,2.0420348e-05,6.210602e-08,1.590913e-05,5.7032643e-08,1.563883e-05,6.2106025e-08,1.25706965e-05,1.1397702e-08
653,-9.640528624042375,-2.644466173062362,1.0,0.000101486185,8.0734566e-08,3.7271388e-05,9.965595e-08,3.5566038e-05,8.168453e-08,2.5142557e-05,0.0,1.5714611e-05,1.1855941e-07,1.5154717e-05,1.00474196e-07,1.2913658e-05,1.1326564e-07,3.9142033e-06,6.265e-08,3.7609245e-06,2.9747653e-09,3.7606833e-06,2.9747689e-09
654,-4.624578809300028,-3.9368927780179366,1.0,4.5829704e-05,7.631701e-08,3.626438e-05,7.814691e-08,1.4366408e-05,0.0,9.49346e-06,9.762644e-10,5.650685e-06,4.1704418e-09,3.9255797e-06,4.2197676e-09,3.6371928e-06,1.5976862e-08,3.314752e-06,5.0558384e-09,3.2734401e-06,4.219771e-09,3.1516045e-06,5.055835e-09
655,-7.560071137552754,7.541971807370423,1.0,0.00010086549,7.424242e-08,4.780151e-05,8.591836e-08,3.4931552e-05,7.5229046e-08,3.433538e-05,1.0636265e-07,3.329362e-05,7.5229046e-08,2.3740002e-05,0.0,1.7940727e-05,8.681275e-08,1.7862581e-05,8.681276e-08,6.0123e-06,2.6731783e-08,6.005554e-06,2.6809467e-08
656,6.910752477385078,4.5270674890861855,1.0,0.0005225665,0.0,0.00016933652,3.299744e-08,7.874654e-05,3.440693e-09,7.874561e-05,3.4406895e-09,3.2866257e-05,6.148241e-08,3.0365802e-05,4.2682984e-08,1.7534348e-05,7.742656e-09,1.7458877e-05,3.4723072e-08,1.571933e-05,4.241471e-09,1.0861909e-05,3.4723065e-08
657,-6.849516092760145,4.485583778890444,1.0,3.474995e-05,1.1492813e-07,2.9708372e-05,0.0,1.5511283e-05,9.754824e-08,5.975774e-06,3.338045e-08,5.5364667e-06,3.4632386e-09,5.2529117e-06,4.2969905e-08,4.6677574e-06,1.8054416e-07,3.4551592e-06,9.739908e-08,2.7195933e-06,9.875998e-08,2.2907577e-06,6.1940696e-08
658,11.280572309179622,3.233473850544982,1.0,0.0005656187,0.0,5.3998032e-05,2.6082532e-09,5.3992975e-05,2.6082496e-09,4.043345e-05,4.150304e-08,2.5615693e-05,6.0934724e-08,2.4974264e-05,1.6377396e-07,1.9659828e-05,6.419873e-08,1.40123e-05,6.0191567e-09,1.2986658e-05,3.2314915e-09,1.2983406e-05,3.2314915e-09
659,-3.950851763223051,-9.31634764674326,1.0,5.2825784e-05,7.43409e-08,3.1286727e-05,1.2098614e-07,2.4878858e-05,0.0,1.960027e-05,1.14058054e-07,1.7080687e-05,7.534206e-08,9.237866e-06,1.14796265e-07,9.06646e-06,1.14796265e-07,6.8199897e-06,1.9278577e-08,4.9941586e-06,4.1636557e-08,3.652316e-06,2.9459173e-09
660,-4.332222191378785,-7.901499127781888,1.0,3.340002e-05,7.0400716e-08,3.2055457e-05,1.222829e-07,1.9820054e-05,1.3031828e-07,6.3078987e-06,2.7444145e-08,5.2024466e-06,0.0,5.1599723e-06,4.2116618e-08,3.0421388e-06,1.3156438e-07,2.736793e-06,9.231071e-08,2.3598982e-06,5.7577466e-08,1.7753122e-06,9.740295e-08
661,9.158339618494416,-3.489606744451784,1.0,0.0005970545,0.0,0.00019121075,2.0420334e-08,7.811188e-05,3.0218388e-09,3.478479e-05,4.3807354e-08,2.9198567e-05,2.1687029e-08,2.1613214e-05,6.539896e-08,2.0426192e-05,7.424069e-08,1.6807917e-05,3.7350745e-09,1.0619373e-05,2.2382299e-08,9.901591e-06,1.8502735e-07
662,-9.562800346665712,0.9454807014156916,1.0,0.00010213151,8.138174e-08,3.7223424e-05,1.0085925e-07,3.5145167e-05,8.233616e-08,3.495065e-05,8.233617e-08,2.6008554e-05,0.0,1.51492995e-05,1.0167747e-07,6.8688523e-06,1.856721e-08,5.173232e-06,2.6063117e-07,4.7081257e-06,8.3659415e-08,4.4313965e-06,5.2650346e-08
663,1.4087270383927084,-7.685044437290541,1.0,4.4881304e-05,6.924181e-08,1.7261935e-05,3.0184978e-08,1.5220485e-05,1.4525921e-07,1.2628425e-05,7.036476e-08,1.2105152e-05,7.036477e-08,8.788633e-06,2.1789072e-07,6.753376e-06,3.3155487e-08,6.7053165e-06,2.232513e-07,5.8634632e-06,1.328728e-07,4.7473873e-06,0.0
664,1.7790732627728012,2.5873636484586893,1.0,0.00025521786,0.0,0.00014506372,6.210738e-08,4.419537e-05,5.6263563e-09,4.4194814e-05,5.6263563e-09,2.5392157e-05,6.3502256e-08,2.3406736e-05,6.350224e-08,1.3900646e-05,5.921082e-08,1.1027657e-05,7.6210476e-08,1.0827261e-05,1.1704529e-08,6.9821554e-06,6.8165633e-09
665,-8.890492522898922,-1.166687179730312,1.0,0.000104014194,8.114684e-08,3.66627e-05,1.0507826e-07,3.4938777e-05,8.211958e-08,3.4681758e-05,8.211958e-08,2.7572069e-05,0.0,1.5185564e-05,1.0588316e-07,1.4722997e-05,1.2631476e-07,1.33315925e-05,1.11465425e-07,6.6368643e-06,2.2753e-08,5.7498182e-06,1.0640578e-07
666,-5.456134254754639,-4.919939846446103,1.0,0.00011158026,7.5866055e-08,3.401422e-05,7.693281e-08,3.255309e-05,7.693281e-08,1.7420027e-05,1.3562384e-07,1.7243865e-05,7.717266e-08,8.12742e-06,2.413019e-07,5.42126e-06,4.2776207e-08,5.2961905e-06,7.7195686e-08,5.1470793e-06,7.822628e-08,3.9881584e-06,0.0
667,-9.008593353219801,-0.8595165189586709,1.0,0.000103685896,8.1255166e-08,3.6745423e-05,1.0440874e-07,3.4896446e-05,8.222486e-08,3.4709232e-05,8.222486e-08,2.7361217e-05,0.0,1.5173395e-05,1.052161e-07,1.3512952e-05,1.10905575e-07,6.661846e-06,2.2056465e-08,4.6489085e-06,3.214769e-09,4.648687e-06,3.2147724e-09
668,10.709062473814644,-8.072775972868406,1.0,0.0003571561,0.0,0.00015927014,9.670117e-09,6.074418e-05,2.1451719e-08,4.63579e-05,5.4632807e-08,2.1241829e-05,2.3255673e-09,2.1237804e-05,2.3255637e-09,1.883634e-05,7.0041686e-08,1.7973896e-05,1.6396939e-07,1.6230126e-05,1.1611149e-08,1.3027572e-05,5.572513e-08
669,-4.00599523421357,-9.949269074944231,1.0,5.5172193e-05,7.163329e-08,2.364927e-05,0.0,1.9146872e-05,1.13901315e-07,1.7635251e-05,7.2641846e-08,8.945002e-06,1.14631156e-07,4.967102e-06,4.0451184e-08,3.138504e-06,8.3184084e-08,3.1381096e-06,2.810527e-09,2.5313059e-06,4.900854e-08,1.9760791e-06,7.4038596e-08
670,-9.111487312584915,7.725536690453481,1.0,9.6806296e-05,7.5404266e-08,3.5395842e-05,7.6347995e-08,3.538454e-05,9.742079e-08,2.1489192e-05,0.0,1.8956958e-05,8.7081126e-08,5.9459767e-06,2.4476293e-08,4.428384e-06,1.8203397e-07,3.3462536e-06,8.8282114e-08,2.6620398e-06,3.739556e-08,2.660318e-06,7.799182e-08
671,-2.259686671351645,-5.434157008587437,1.0,4.02468e-05,8.89825e-08,3.8043614e-05,0.0,3.1832988e-05,7.111699e-08,2.9567622e-05,7.111699e-08,1.9999443e-05,4.397682e-09,1.3755636e-05,8.996531e-08,9.528532e-06,1.1401123e-07,9.3715435e-06,1.5035875e-08,8.36083e-06,4.298382e-09,6.3113107e-06,7.89314e-08
672,8.291269635818647,8.09226687213335,1.0,0.00032648628,0.0,0.00015013287,2.2463492e-08,4.8626527e-05,2.3331378e-08,4.1187122e-05,3.952137e-08,3.2155796e-05,2.6364475e-09,3.2153082e-05,2.6364475e-09,2.564909e-05,1.5587196e-07,1.9600124e-05,2.4196208e-08,1.715666e-05,8.348982e-08,1.5876445e-05,7.369103e-08
673,4.645647220734627,3.2994558059740555,1.0,0.00054618856,0.0,0.00016000902,4.684074e-08,8.944654e-05,4.3784905e-09,8.9445304e-05,4.3784905e-09,3.182212e-05,7.691415e-08,2.1314596e-05,5.19957e-08,2.0653177e-05,4.841121e-08,1.9911262e-05,9.539624e-09,1.69542e-05,4.8411195e-08,1.5934009e-05,5.3607447e-09
674,0.11780934467115323,7.611666241270097,1.0,0.00012304257,5.9129405e-08,5.770073e-05,0.0,3.0058662e-05,6.038745e-08,2.9573886e-05,1.409328e-07,2.634887e-05,6.038745e-08,1.3413618e-05,7.4530355e-08,1.3342302e-05,3.0832567e-08,9.01654e-06,3.6470365e-09,4.3478803e-06,5.987261e-08,4.200771e-06,6.163202e-08
675,1.8846160621169066,-3.928322165960786,1.0,0.00020653097,0.0,0.0001429109,5.9610805e-08,4.8557085e-05,7.888847e-09,3.431076e-05,5.0048e-09,3.4310182e-05,5.0048e-09,2.631522e-05,6.100101e-08,2.3397619e-05,6.1000996e-08,2.274605e-05,1.0450572e-07,1.0584851e-05,7.788595e-08,8.8551515e-06,1.0539811e-07
676,-4.5455975264324895,9.674136500940278,1.0,0.00010286086,6.648793e-08,3.3202e-05,6.754672e-08,3.148201e-05,1.1751973e-07,3.066684e-05,6.7546736e-08,2.3720357e-05,0.0,6.935975e-06,1.6897815e-08,5.097769e-06,3.8576207e-08,3.7001478e-06,7.436965e-08,3.1681811e-06,2.8183997e-09,3.167936e-06,2.8183962e-09
677,-2.6751199601461746,2.4239828479801577,1.0,0.00012467707,7.565042e-08,5.024292e-05,0.0,3.1222655e-05,4.2524206e-10,3.1163312e-05,7.68314e-08,3.0108751e-05,7.683142e-08,2.6047337e-05,1.1267132e-07,1.26290115e-05,7.7638035e-08,1.2523208e-05,5.384228e-09,1.2522986e-05,5.38423e-09,9.725443e-06,5.712998e-09
678,6.288042785527399,-1.1039755645038252,1.0,0.00034127577,0.0,0.000112758025,2.3528486e-09,6.99091e-05,3.880259e-08,6.041024e-05,4.0940673e-09,2.3402621e-05,5.0234963e-09,1.922187e-05,6.1403735e-09,1.833192e-05,6.140377e-09,1.3594278e-05,9.0107e-09,1.3488534e-05,9.312773e-09,1.0795607e-05,1.631361e-07
679,-8.173877567209779,-8.589657012731738,1.0,9.725011e-05,7.3340004e-08,5.1037463e-05,8.243247e-08,3.4944125e-05,7.430281e-08,2.1633377e-05,0.0,2.080582e-05,1.0872234e-07,1.9208574e-05,8.332531e-08,6.290553e-06,2.0850642e-08,6.123271e-06,2.2671877e-08,3.1284728e-06,8.4564654e-08,2.9924618e-06,9.275583e-08
680,1.1838836771964178,-6.840462015868289,1.0,5.0725354e-05,5.699843e-08,1.7396362e-05,8.28853e-08,1.3570871e-05,7.40626e-08,1.2041629e-05,0.0,1.0811613e-05,5.8317e-08,1.0607957e-05,5.8317e-08,7.815513e-06,5.82655e-08,6.431198e-06,7.9833534e-08,4.108742e-06,7.516057e-08,3.8300495e-06,7.516057e-08
681,-0.08786783194133996,-2.1841787840310545,1.0,5.93891e-05,0.0,2.7957374e-05,7.114704e-08,2.5420808e-05,1.0890511e-07,1.604378e-05,6.0957657e-09,1.6043618e-05,6.0957674e-09,1.1433615e-05,9.966722e-08,1.0343612e-05,6.206173e-08,1.0022954e-05,1.0979841e-07,8.894864e-06,7.644856e-08,5.847405e-06,2.4690831e-07
682,-4.577200541542382,9.885756882485321,1.0,0.00010214975,6.616547e-08,3.316428e-05,6.722108e-08,3.1406787e-05,1.1692342e-07,3.061454e-05,6.722108e-08,2.3327215e-05,0.0,1.800642e-05,7.387666e-08,9.823623e-06,1.5279842e-07,7.018992e-06,1.5629812e-08,5.0913395e-06,3.814098e-08,4.7460176e-06,6.846484e-08
683,-11.218653641923105,7.3623579657824685,1.0,9.270617e-05,7.7296676e-08,3.721574e-05,8.563896e-08,3.5940466e-05,7.819075e-08,2.2900527e-05,1.1585648e-07,1.9333716e-05,0.0,1.1537301e-05,1.1653947e-07,1.0533787e-05,1.2230608e-07,7.4022455e-06,7.0925985e-09,5.6995004e-06,2.428434e-08,5.458499e-06,7.948181e-08
684,9.72989176699376,5.197488568837382,1.0,0.00049481174,0.0,0.00018306327,1.6294788e-08,5.4115713e-05,2.7463791e-09,5.4112108e-05,2.7463756e-09,4.2232135e-05,3.5656385e-08,3.2193966e-05,4.5332342e-08,1.8716137e-05,7.4519825e-08,1.3434024e-05,1.8266835e-08,1.3432564e-05,6.313382e-09,1.2450343e-05,3.40005e-09
685,9.788252944156717,6.156516158121274,1.0,0.00044281225,0.0,0.00017462324,1.5527785e-08,4.6334895e-05,3.126113e-08,4.3812066e-05,2.640725e-09,3.4296972e-05,4.106053e-08,1.9528914e-05,6.893515e-08,1.795678e-05,7.560545e-08,1.1235227e-05,6.0886194e-09,1.0417423e-05,3.2711505e-09,1.04157325e-05,3.2711505e-09
686,-8.674814634246259,-3.857121573179982,1.0,1.1055557e-05,0.0,5.8734768e-06,7.975982e-08,4.344607e-06,1.1491249e-07,4.1071607e-06,1.2124204e-09,2.1861533e-06,3.098208e-09,2.1859905e-06,3.098208e-09,1.9276924e-06,4.3025736e-08,1.4782537e-06,7.196963e-09,8.0167354e-07,4.21338e-09,7.7392264e-07,5.573166e-08
687,10.590968506182904,-4.943646007188728,1.0,0.00050248194,0.0,0.00019118127,1.1329313e-08,4.845059e-05,2.6170568e-09,4.8446076e-05,2.6170568e-09,4.4353328e-05,3.561632e-08,2.2087945e-05,6.557495e-08,1.854663e-05,7.043721e-08,1.5362886e-05,1.3406144e-08,1.535839e-05,1.3406144e-08,1.2531119e-05,6.038018e-09
688,2.0563483382322936,-0.589294580479697,1.0,0.00049663347,0.0,0.00014770617,6.258034e-08,9.304147e-05,6.117089e-09,9.303913e-05,6.117091e-09,2.926298e-05,1.5903355e-07,2.8425138e-05,9.7409206e-08,2.66782e-05,1.0028555e-07,2.3982753e-05,1.2491956e-08,2.2963628e-05,6.399917e-08,2.2477596e-05,6.399916e-08
689,-3.1201786657569865,8.976039844279196,1.0,0.00010856151,6.496958e-08,3.2542834e-05,6.6083146e-08,3.0940286e-05,1.2538104e-07,2.6256459e-05,0.0,7.0876636e-06,2.1672978e-08,5.3528643e-06,8.0196344e-08,4.847816e-06,4.5614566e-08,4.643237e-06,6.7329864e-08,4.212621e-06,3.0958738e-09,3.9280017e-06,7.505025e-08
690,4.061465752295863,3.454758215573987,1.0,0.0004829889,0.0,7.934464e-05,4.5405972e-09,2.2045924e-05,5.1328406e-08,1.3914554e-05,5.552078e-09,9.253852e-06,7.9959484e-08,4.1936296e-06,5.2390234e-08,4.0025325e-06,7.9817646e-08,3.6077786e-06,6.6418416e-08,3.1867685e-06,5.2596377e-08,3.0775407e-06,1.3418405e-07
691,-4.60532694988182,-10.67750451462489,1.0,5.8084475e-05,6.949175e-08,2.2014601e-05,0.0,8.923083e-06,1.1491534e-07,7.352761e-06,1.0908504e-08,5.0483495e-06,3.6920653e-08,4.769185e-06,1.16399605e-07,4.769175e-06,1.16399605e-07,3.618592e-06,7.007509e-08,3.442314e-06,1.1958774e-07,3.3061262e-06,7.167733e-08
692,5.9135739775747,-7.517964735260337,1.0,0.0002900444,0.0,0.00014521176,3.5131926e-08,3.898984e-05,3.0801566e-09,3.8988564e-05,3.0801601e-09,3.487991e-05,2.8405971e-08,2.2791091e-05,3.6710063e-08,1.8362536e-05,9.18949e-08,1.5416956e-05,3.6710063e-08,1.3486481e-05,7.646863e-08,9.847203e-06,5.404165e-08
693,8.087914554676725,-2.174950178700323,1.0,0.0001876519,2.7461759e-08,2.8544018e-05,5.0909758e-08,2.7797974e-05,6.4733385e-08,2.1411495e-05,6.455245e-08,2.0770549e-05,4.2002526e-09,1.4381846e-05,2.9280447e-08,9.860675e-06,2.9336217e-08,7.462686e-06,6.588914e-08,7.1136515e-06,6.588914e-08,6.248436e-06,5.2257707e-08
694,-6.066127516206212,4.866859560346519,1.0,3.409517e-05,1.18874574e-07,3.0954714e-05,0.0,1.5369555e-05,9.5923376e-08,5.9870295e-06,3.5928611e-09,5.739889e-06,3.7388745e-08,5.3813774e-06,4.2224897e-08,3.5352748e-06,9.575724e-08,2.5468735e-06,9.716246e-08,2.2617508e-06,6.3977566e-08,1.9406448e-06,8.9537544e-08
695,-11.490813225462388,9.480554202644669,1.0,8.8677756e-05,7.501592e-08,3.6181646e-05,8.150835e-08,3.5488752e-05,7.589267e-08,3.4167224e-05,7.589267e-08,1.7550823e-05,0.0,1.4335251e-05,8.234254e-08,7.390773e-06,5.193858e-09,6.3929183e-06,1.4328897e-08,3.157667e-06,7.051426e-08,2.7932117e-06,8.2016584e-08
696,-6.596060676087559,-11.234874249624928,1.0,6.0185615e-05,7.02732e-08,3.1898024e-05,1.046864e-07,2.4930108e-05,7.1230644e-08,2.333316e-05,1.0701218e-07,2.0846692e-05,7.123063e-08,1.9864194e-05,0.0,1.8783543e-05,1.1545843e-07,9.376674e-06,1.1614838e-07,7.4713316e-06,7.175018e-09,5.487004e-06,2.769169e-08
697,-11.217251681361786,9.313899504691829,1.0,8.949697e-05,7.501956e-08,3.6085683e-05,8.328034e-08,3.5490848e-05,7.590337e-08,3.4152145e-05,7.590337e-08,1.7905966e-05,0.0,1.4386954e-05,8.41099e-08,7.2631224e-06,6.6383983e-09,6.3424013e-06,1.5263783e-08,4.36758e-06,1.8176995e-07,3.178556e-06,7.072575e-08
698,8.664523938310008,-4.9975187305026845,1.0,0.0005071329,0.0,0.00017769633,2.2589855e-08,6.471221e-05,2.9733904e-09,6.470944e-05,2.9733869e-09,1.9318504e-05,7.878042e-08,1.9112289e-05,6.9068946e-08,1.5275073e-05,6.7898824e-09,1.4520832e-05,2.4461155e-08,1.40712045e-05,3.67627e-09,1.40700295e-05,3.6762664e-09
699,8.14984846613541,3.1361596667664617,1.0,0.00063254585,0.0,0.00018495882,2.6668822e-08,9.20799e-05,3.3026062e-09,9.207812e-05,3.3026062e-09,3.0858675e-05,4.6928445e-08,2.9353565e-05,6.099843e-08,2.0759993e-05,7.465093e-09,1.8795681e-05,4.074945e-09,1.3409646e-05,2.8762908e-08,1.18475555e-05,2.853442e-08
700,8.987781145248025,2.0991161721714082,1.0,0.000672113,0.0,0.00019544108,2.1942103e-08,9.3572766e-05,3.1666012e-09,3.0777464e-05,4.958545e-08,2.714854e-05,6.060603e-08,2.5948168e-05,1.6378443e-07,2.143622e-05,7.188447e-09,1.9568177e-05,3.9105217e-09,1.9567013e-05,3.910518e-09,7.674897e-06,2.3912065e-08
701,-5.3716873265853184,-8.089269401392531,1.0,3.3923538e-05,7.170324e-08,3.2642016e-05,1.1684611e-07,6.3221937e-06,2.5640087e-08,5.387236e-06,3.7030386e-08,4.771476e-06,0.0,3.0811646e-06,1.259643e-07,2.821042e-06,9.2616304e-08,2.427676e-06,5.2414126e-08,9.687684e-07,3.855823e-08,9.3791823e-07,2.6882542e-08
702,9.735939621988159,-3.307199441206391,1.0,0.00059657026,0.0,0.00019696937,1.6976276e-08,7.3334515e-05,2.9084184e-09,3.6018588e-05,4.3625437e-08,2.8613518e-05,5.267587e-08,2.5597054e-05,1.6320632e-07,2.2831142e-05,6.393691e-08,2.0328991e-05,7.129999e-08,1.6181446e-05,3.597318e-09,1.3642948e-05,2.6638904e-08
703,-6.024280393815858,0.3685521119180297,1.0,0.00011284042,8.01973e-08,3.7387952e-05,0.0,3.4354496e-05,1.231455e-07,3.3056593e-05,8.125817e-08,3.294615e-05,8.125817e-08,1.5229729e-05,1.2389896e-07,8.148788e-06,4.2354227e-09,8.148629e-06,4.2354262e-09,5.720504e-06,4.054646e-08,5.7146417e-06,6.863848e-09
704,3.9563913902473935,4.474932650433523,1.0,0.0003795067,0.0,6.1969746e-05,4.2614303e-09,2.3334529e-05,5.0522935e-08,2.152333e-05,9.755939e-08,1.3708257e-05,9.323598e-09,1.2898235e-05,7.6113764e-08,1.1169858e-05,5.2221836e-09,1.1169647e-05,5.2221836e-09,1.0318104e-05,7.609638e-08,7.912014e-06,9.847143e-08
705,7.946462264930368,-0.9231554133970121,1.0,0.000749059,0.0,0.00018785063,2.8674805e-08,0.00011471612,3.5215635e-09,0.00011471518,3.5215635e-09,2.6023683e-05,6.9482255e-08,2.5782698e-05,5.5784273e-08,2.5400981e-05,7.903651e-09,2.2838703e-05,6.158608e-08,2.2622398e-05,4.3387978e-09,2.2621942e-05,4.3387978e-09
706,-4.463510875454489,3.274214932143332,1.0,4.6438712e-05,7.699968e-08,1.7894392e-05,0.0,1.3086435e-05,7.810861e-08,7.849414e-06,1.3009149e-09,5.2824407e-06,7.9982925e-08,3.8723515e-06,4.449557e-09,3.4110137e-06,4.449557e-09,3.167796e-06,1.4670039e-07,2.453377e-06,5.5468625e-09,2.2517381e-06,5.5468625e-09
707,-7.058467574717472,9.813715571393736,1.0,9.687202e-05,7.015393e-08,3.424826e-05,7.113756e-08,3.294135e-05,1.05062114e-07,3.2239972e-05,7.113756e-08,2.126081e-05,0.0,6.8217923e-06,1.4958736e-08,5.7034504e-06,2.7033966e-08,4.9977853e-06,7.23943e-08,3.4707296e-06,7.676475e-08,3.3294925e-06,7.717746e-08
708,6.797597383053347,3.285622929020665,1.0,0.0006247092,0.0,0.00017431099,3.4623852e-08,9.789842e-05,3.6679673e-09,9.789787e-05,3.6679673e-09,3.0468193e-05,6.695047e-08,2.726156e-05,4.8561105e-08,2.6824042e-05,3.5908258e-08,2.1523603e-05,8.192206e-09,1.8911247e-05,4.514618e-09,1.5612884e-05,3.636255e-08
709,8.314554229181354,-6.901671555550942,1.0,0.0003877977,0.0,0.00016040726,2.325568e-08,4.405148e-05,2.793417e-09,4.4048837e-05,2.7934135e-09,4.330736e-05,2.9327602e-08,3.754255e-05,4.4753058e-08,1.8204906e-05,2.5033671e-08,1.7976852e-05,8.2393136e-08,1.6853393e-05,7.233936e-08,1.0801406e-05,6.4128294e-09
710,7.922073604796481,3.8501603549964365,1.0,0.00058450695,0.0,0.0001798496,2.7632034e-08,8.455773e-05,3.2812757e-09,8.455614e-05,3.2812757e-09,3.1924108e-05,4.4238917e-08,1.9107023e-05,7.4219138e-09,1.732318e-05,4.0491805e-09,1.3904665e-05,2.9461596e-08,7.2749385e-06,6.059015e-08,6.8171043e-06,8.133879e-08
711,-3.9416197107947992,-3.5154358245135633,1.0,4.704003e-05,7.605981e-08,1.7203212e-05,0.0,4.9309856e-06,6.1973626e-09,4.695661e-06,4.5635193e-09,4.695621e-06,4.5635193e-09,2.4270587e-06,2.1240199e-08,2.1088551e-06,7.484458e-08,1.8549182e-06,1.5970055e-07,1.6037162e-06,5.069785e-08,1.5370396e-06,9.876386e-09
712,-5.26035117707188,-5.934682852749112,1.0,1.8227449e-05,1.2959735e-07,1.5650747e-05,1.1869609e-07,9.95935e-06,7.95912e-09,8.920556e-06,1.3027947e-07,6.1606784e-06,1.4563425e-07,5.688431e-06,3.4135983e-08,5.0750277e-06,7.161846e-08,2.8382333e-06,1.3082153e-07,2.7778444e-06,1.3082153e-07,2.4980745e-06,1.3122975e-07
713,5.689876055633533,-0.06694310571366735,1.0,0.0008224399,0.0,0.00016991388,4.257832e-08,0.00013469715,4.381885e-09,0.00013469471,4.381885e-09,2.9990444e-05,9.545854e-09,2.7397446e-05,1.6303902e-07,2.5786958e-05,8.31861e-08,2.3986922e-05,5.3647593e-09,2.3986444e-05,5.364763e-09,1.938959e-05,6.357214e-08
714,-11.386772184234005,-8.070657173954348,1.0,2.0466736e-05,8.6925354e-08,1.8645902e-05,0.0,7.4291315e-06,6.0198744e-09,7.381663e-06,1.3723336e-07,5.9043546e-06,2.0921615e-08,5.6208983e-06,7.749421e-08,4.0514005e-06,8.8071346e-08,3.281297e-06,6.89988e-08,2.9733433e-06,9.568424e-08,2.9152568e-06,2.5251534e-08
715,6.886484659590401,-9.697877865641463,1.0,0.000229696,0.0,0.00013281404,2.7963303e-08,4.9210386e-05,1.568305e-08,2.276487e-05,2.9539066e-08,2.1176513e-05,2.5787017e-09,2.1174399e-05,2.5787017e-09,1.658537e-05,8.938303e-08,1.4404591e-05,2.9539073e-08,8.001927e-06,4.5006047e-08,6.860654e-06,1.686984e-08
716,-11.133058845387596,6.978531877488248,1.0,9.3449875e-05,7.76628e-08,3.7334605e-05,8.6579e-08,2.3248627e-05,1.1568796e-07,1.9710164e-05,0.0,1.9339155e-05,9.035052e-08,1.16477595e-05,1.1637545e-07,5.596231e-06,2.6093105e-08,3.86956e-06,9.148973e-08,3.0210783e-06,9.012877e-08,2.8285294e-06,9.906041e-08
717,4.763984910019321,-7.918656837239785,1.0,0.0002279756,0.0,0.00013813988,4.0112706e-08,4.3391352e-05,5.5745485e-08,3.170292e-05,3.1635459e-09,3.0882547e-05,2.7048646e-08,1.19981205e-05,7.8158905e-08,1.0589465e-05,5.6982397e-08,6.9284933e-06,2.0789065e-07,6.6332004e-06,3.9068198e-09,4.9643554e-06,2.8043534e-08
718,-10.232070433282134,8.309820064015778,1.0,9.328084e-05,7.55329e-08,1.9652769e-05,0.0,1.4287656e-05,7.682413e-08,6.8902755e-06,1.2128847e-08,6.0499083e-06,2.0702679e-08,5.7476386e-06,7.771154e-08,5.342209e-06,7.772709e-08,3.2910175e-06,7.104864e-08,3.0420194e-06,8.5349576e-08,2.9868067e-06,9.461893e-08
719,-10.67729831797294,-0.5379468355857124,1.0,2.371648e-05,0.0,1.5562473e-05,8.301646e-08,1.4226945e-05,1.0963974e-07,7.2735656e-06,1.1560829e-08,5.6636923e-06,8.393185e-08,5.4822294e-06,8.284442e-08,5.450692e-06,1.6870644e-07,3.166536e-06,2.8179663e-09,2.799545e-06,9.579024e-08,2.7371466e-06,8.4342545e-08
720,-2.438522006798731,-3.9781271169179293,1.0,4.4048233e-05,0.0,3.1577227e-05,7.412233e-08,2.9864139e-05,7.412233e-08,1.9148529e-05,7.424636e-08,1.0330096e-05,4.8530193e-09,1.02911945e-05,1.1411256e-07,4.8265233e-06,7.54135e-08,4.773086e-06,7.54135e-08,3.14346e-06,1.0391949e-08,3.0195042e-06,1.1425063e-07
721,2.6496652432896095,-2.7649854151290327,1.0,0.00038201144,0.0,6.426702e-05,5.2713762e-09,6.42655e-05,5.2713762e-09,3.1921285e-05,8.753312e-08,2.8942937e-05,1.578961e-07,2.3728204e-05,1.0116727e-07,1.5298789e-05,1.1113357e-08,1.21031235e-05,7.5514976e-08,1.0518398e-05,6.406424e-09,1.05178915e-05,6.406424e-09
722,3.5099363295119197,9.796424649653723,1.0,0.00013210405,0.0,0.00012294232,4.2714372e-08,2.9845776e-05,1.6543101e-08,2.730571e-05,1.4475889e-07,2.6848946e-05,4.4094964e-08,2.10352e-05,4.4094957e-08,1.7500417e-05,9.988317e-08,1.5956055e-05,2.8804479e-09,1.5955182e-05,2.8804479e-09,9.982937e-06,8.0230436e-08
723,4.2546933044275175,-9.553204274128625,1.0,0.00012643394,3.9994926e-08,4.970102e-05,4.995206e-08,3.3164375e-05,1.7735953e-08,2.5970385e-05,4.1420382e-08,1.9865154e-05,1.5129035e-07,1.911914e-05,2.868937e-09,1.125689e-05,5.1217402e-08,1.0753347e-05,7.954337e-08,7.1577656e-06,2.0456056e-07,4.258782e-06,3.549303e-09
724,-10.02425486411873,-7.896900227431874,1.0,4.909375e-05,8.608771e-08,2.024288e-05,0.0,2.0227057e-05,1.0103989e-07,1.9605954e-05,8.693628e-08,3.626603e-06,8.811517e-08,2.9262785e-06,9.5932805e-08,2.7564092e-06,3.2385262e-08,2.2433505e-06,7.681315e-08,2.1709986e-06,7.669486e-08,1.6640349e-06,2.4281555e-09
725,-5.287341046255061,5.092087052523464,1.0,1.5121872e-05,9.4658176e-08,5.5268733e-06,4.1325876e-08,5.4703564e-06,4.2106215e-08,3.6122653e-06,9.448037e-08,2.4338963e-06,1.2486692e-07,2.3765413e-06,9.5922815e-08,2.2312302e-06,6.6514936e-08,1.955029e-06,3.083405e-08,1.8990046e-06,3.0387315e-07,1.8856532e-06,9.2850456e-08
726,9.82173710269123,-3.135982706589264,1.0,0.0006031358,0.0,0.00019863644,1.6503787e-08,7.3852636e-05,2.9020732e-09,3.578305e-05,4.4168114e-08,2.826854e-05,5.2889856e-08,2.5568796e-05,1.6337401e-07,2.3214383e-05,6.340814e-08,2.0447613e-05,7.057962e-08,1.6320044e-05,3.589605e-09,1.0848801e-05,1.8548537e-08
727,10.417435531130312,4.034544110197983,1.0,0.00054884,0.0,0.00019770092,1.2622934e-08,5.8547375e-05,2.717794e-09,4.043414e-05,3.9641712e-08,2.5277846e-05,1.6283941e-07,2.299094e-05,6.417495e-08,1.9372786e-05,6.961554e-08,1.3585024e-05,3.365198e-09,1.35828e-05,3.365198e-09,1.3011047e-05,2.5511554e-08
728,4.555458056314215,0.06292708995568397,1.0,0.0008086012,0.0,0.00016227888,4.9266006e-08,0.000133901,4.906669e-09,2.5665391e-05,5.0575892e-08,2.268982e-05,5.981729e-09,1.7280885e-05,6.538092e-08,8.373901e-06,8.918591e-08,5.1769016e-06,1.16522685e-08,5.176603e-06,1.16522685e-08,3.796101e-06,6.667097e-08
729,-3.36989211631715,5.129802604026491,1.0,3.9951792e-05,9.186516e-08,3.2203377e-05,1.326104e-07,1.7516733e-05,1.4516283e-07,1.41776945e-05,9.2817956e-08,1.3870872e-05,9.2817956e-08,6.5372155e-06,4.4100467e-08,5.832735e-06,1.5314264e-07,5.01654e-06,1.3393196e-07,5.0165377e-06,1.3393196e-07,3.7809232e-06,9.263068e-08
730,-4.836871826123698,-1.6348446545593056,1.0,0.00011690778,7.892851e-08,4.173847e-05,0.0,3.3551212e-05,1.2970102e-07,3.2720724e-05,8.00289e-08,2.7754346e-05,1.124418e-07,9.5607475e-06,4.6443436e-09,9.5605865e-06,4.6443436e-09,5.6161352e-06,2.561632e-07,5.453817e-06,4.714922e-08,5.34228e-06,8.0299955e-08
731,-2.138316661434285,8.56316915363777,1.0,0.00011260249,6.3533285e-08,3.1941094e-05,6.4687086e-08,3.052988e-05,1.3040929e-07,2.8874716e-05,6.468708e-08,2.7936985e-05,0.0,1.5145883e-05,7.538546e-08,8.766983e-06,2.4553437e-08,5.978712e-06,8.0649244e-08,4.8715565e-06,3.276238e-09,4.685903e-06,5.0195062e-08
732,4.490478098438759,-3.9197507998411023,1.0,0.0004715547,0.0,0.00015710702,4.697265e-08,7.7012606e-05,4.26666e-09,7.701166e-05,4.2666635e-09,3.319829e-05,7.5063845e-08,2.1797407e-05,4.9176982e-08,2.1729373e-05,4.8524612e-08,1.7558703e-05,4.8524612e-08,1.703994e-05,9.333304e-09,1.3961647e-05,7.4585024e-08
733,2.0196577673562945,0.7527058623754677,1.0,0.00047364458,0.0,0.00014754756,6.2690916e-08,8.858136e-05,6.109719e-09,8.857948e-05,6.109719e-09,2.928949e-05,1.5889292e-07,2.870209e-05,9.707339e-08,2.3203545e-05,6.410731e-08,2.2810455e-05,1.2480374e-08,2.2586444e-05,6.4107304e-08,1.3338707e-05,7.3699304e-09
734,10.280972039510736,-11.024772025622521,1.0,0.00024798926,0.0,0.00013024325,1.0753418e-08,8.308004e-05,7.366303e-09,1.9516328e-05,1.5481578e-07,1.913333e-05,1.25014665e-08,1.5906006e-05,7.3650085e-08,1.4670716e-05,7.84692e-08,1.0634718e-05,9.211121e-09,1.0634441e-05,9.211121e-09,1.0359684e-05,8.419242e-09
735,5.920200893013096,8.642823226017917,1.0,0.000240935,0.0,0.00013747902,3.3726202e-08,3.886617e-05,2.2134756e-08,2.8805662e-05,2.8649012e-09,2.8804152e-05,2.8649012e-09,2.6532882e-05,1.5181055e-07,2.3516233e-05,3.52736e-08,1.756936e-05,9.2294414e-08,1.596513e-05,3.5273594e-08,1.284793e-05,7.731828e-08
736,10.429988950990278,-6.183997773122389,1.0,0.00044209746,0.0,0.00017789334,1.1866447e-08,4.9056525e-05,3.040077e-08,3.862732e-05,2.5369076e-09,3.8623337e-05,2.5369076e-09,3.3795448e-05,3.7903796e-08,2.0398174e-05,6.790105e-08,1.766975e-05,7.29949e-08,1.4963825e-05,1.3872683e-08,1.0833746e-05,2.437465e-08
737,-10.913034260776739,-10.10967470459913,1.0,5.5563884e-05,7.898227e-08,3.534204e-05,8.3945864e-08,3.5190387e-05,7.4664e-08,2.5619398e-05,7.9832986e-08,2.2698196e-05,8.877295e-08,2.2251897e-05,7.9832986e-08,1.757372e-05,0.0,4.119269e-06,8.101479e-08,3.2176997e-06,8.885054e-08,3.0399785e-06,1.8279334e-08
738,-10.922339858396567,7.971280080349651,1.0,9.239279e-05,7.642585e-08,3.6655012e-05,8.6664784e-08,3.5769805e-05,7.732379e-08,1.9198282e-05,0.0,7.216527e-06,8.552469e-09,5.899591e-06,2.1752275e-08,5.4020297e-06,7.86099e-08,3.3031681e-06,6.958766e-08,2.9865196e-06,8.681326e-08,2.953171e-06,9.590674e-08
739,-3.2190518419440153,3.5413272085762877,1.0,4.8076286e-05,7.4995384e-08,1.7576327e-05,0.0,1.26820705e-05,7.6149846e-08,5.430068e-06,8.6105146e-08,4.877696e-06,4.795309e-09,4.36081e-06,4.795311e-09,3.5384328e-06,1.1456271e-07,3.2586063e-06,1.5203541e-07,2.6036143e-06,5.2793613e-08,2.371448e-06,8.8840395e-08
740,1.1248077059656385,-9.06628958697536,1.0,0.00011998147,5.295962e-08,7.545091e-05,0.0,4.9905157e-05,6.340405e-08,2.4779458e-05,5.4240473e-08,1.7787166e-05,5.419343e-08,1.7718996e-05,2.16599e-08,1.0600177e-05,3.1915413e-09,1.0599911e-05,3.1915413e-09,8.185659e-06,8.120835e-08,6.890244e-06,2.1917381e-07
741,-11.232888709759234,-6.182643681923472,1.0,4.4640627e-05,9.203677e-08,1.858596e-05,9.955734e-08,1.48415575e-05,8.766557e-08,7.503026e-06,7.2761885e-09,6.847052e-06,1.4532279e-07,5.380608e-06,2.9506129e-08,3.8303174e-06,9.3974506e-08,3.463061e-06,6.655682e-08,2.7799092e-06,3.4106936e-08,2.3268374e-06,6.967818e-08
742,-8.249177165351599,-6.527334262219627,1.0,3.523323e-05,1.0404783e-07,2.4054783e-05,0.0,1.884594e-05,1.1533206e-07,1.4947596e-05,1.048315e-07,6.3017737e-06,2.3893737e-08,5.6690983e-06,3.1249638e-08,5.3188223e-06,7.72429e-08,3.309063e-06,2.8553409e-09,2.865305e-06,1.1654855e-07,2.5091124e-06,4.670289e-08
743,-0.6393986896744472,11.370511320816494,1.0,0.00010542977,5.424041e-08,3.6606543e-05,0.0,3.0392092e-05,5.541054e-08,2.8698465e-05,1.2922432e-07,2.6540947e-05,5.541053e-08,2.1057085e-05,5.863992e-08,1.7484304e-05,1.0876943e-07,1.5987784e-05,5.8639912e-08,1.3234662e-05,7.165614e-09,7.989586e-06,1.09514176e-07
744,-3.4351307682545933,5.326069028969592,1.0,4.04783e-05,9.1109214e-08,1.431418e-05,9.206359e-08,1.40166385e-05,9.206359e-08,6.4719984e-06,4.2942137e-08,5.0863337e-06,5.0286946e-08,3.7872517e-06,9.186854e-08,3.1222353e-06,1.5277283e-07,2.422802e-06,1.3392841e-07,2.1675955e-06,3.240586e-08,1.9889442e-06,9.338679e-08
745,11.057008770284366,-5.544984454867937,1.0,0.00047013912,0.0,4.8588554e-05,3.246273e-08,3.8647788e-05,2.4941151e-09,3.1830285e-05,3.75833e-08,1.7329756e-05,1.0540912e-08,1.1608878e-05,2.4095634e-08,1.0560865e-05,5.7736607e-09,1.002549e-05,3.391615e-08,9.734183e-06,3.0919374e-09,7.5889907e-06,6.68261e-08
746,6.664415033255018,-4.483693293975059,1.0,0.00052063575,0.0,0.00016799939,3.4429895e-08,7.958364e-05,3.5113814e-09,7.9582904e-05,3.5113779e-09,3.2946264e-05,6.281585e-08,2.945817e-05,4.3250346e-08,2.0556543e-05,8.664835e-08,1.7930384e-05,3.6136036e-08,1.7633076e-05,7.88344e-09,1.5717584e-05,4.326548e-09
747,-7.137926305889328,-8.729323948227192,1.0,5.137914e-05,8.0985295e-08,3.4558227e-05,7.296371e-08,2.262639e-05,0.0,1.8703066e-05,8.190218e-08,6.4180713e-06,2.0839877e-08,5.8025466e-06,2.7735318e-08,2.9930948e-06,9.1566385e-08,2.8316035e-06,8.317432e-08,2.7015817e-06,2.6968152e-09,2.5879856e-06,4.178225e-08
748,-5.684247664801726,10.909738342955404,1.0,9.674333e-05,6.629593e-08,3.3360582e-05,6.730788e-08,3.1549742e-05,1.09669585e-07,3.0979983e-05,6.730788e-08,2.4061417e-05,7.124255e-08,2.0927717e-05,0.0,1.4333403e-05,1.1039593e-07,7.3904225e-06,9.258432e-09,5.2781393e-06,3.2041505e-08,3.952513e-06,1.8473952e-07
749,-11.235167288354289,6.805917866247881,1.0,9.346568e-05,7.789991e-08,3.7501995e-05,8.6156774e-08,3.6028887e-05,7.8796134e-08,2.3439645e-05,1.1557479e-07,1.9715157e-05,0.0,1.9236943e-05,9.091829e-08,1.173119e-05,1.162628e-07,5.5430137e-06,2.6762041e-08,3.0185622e-06,9.070308e-08,2.8153731e-06,3.145853e-08
750,-7.9755451815498475,-8.732144950175137,1.0,5.1468774e-05,8.173156e-08,3.4847766e-05,7.38891e-08,2.168433e-05,0.0,1.9222847e-05,8.263012e-08,6.0503266e-06,2.3558126e-08,3.0784702e-06,8.387731e-08,3.0113138e-06,9.211661e-08,2.663011e-06,7.5486426e-08,2.6513433e-06,3.8027107e-08,2.293935e-06,2.5912321e-09
751,9.366175038596943,8.269182660517757,1.0,0.00033572334,0.0,0.00015247396,1.672445e-08,5.509106e-05,2.1574941e-08,4.061686e-05,3.3777624e-08,2.6702068e-05,2.4727704e-09,2.6698657e-05,2.4727633e-09,1.8140763e-05,1.8536866e-08,8.187911e-06,2.3256305e-08,7.585796e-06,3.519957e-08,7.4527047e-06,2.2718268e-08
752,-0.624932694589285,2.262229820228768,1.0,0.00013360572,7.1369456e-08,5.837275e-05,0.0,3.2452153e-05,9.958058e-08,2.8734412e-05,7.264142e-08,2.7460952e-05,7.264143e-08,2.5522322e-05,1.1004381e-07,1.5645815e-05,6.0208034e-09,1.5645634e-05,6.0208034e-09,1.1678339e-05,1.00543645e-07,9.827663e-06,1.10927154e-07
753,5.658687990847628,0.3459267635282579,1.0,0.0008194234,0.0,0.00017001954,4.2747246e-08,0.00013422922,4.3910067e-09,0.00013422676,4.3910067e-09,2.9902412e-05,9.562591e-09,2.6365135e-05,8.222814e-08,2.3882056e-05,5.375547e-09,2.3881443e-05,5.375547e-09,1.981533e-05,6.228015e-08,1.3669966e-05,4.441476e-08
754,-4.062808132771387,6.13580846365458,1.0,3.242432e-05,1.2722676e-07,3.2320982e-05,0.0,6.466112e-06,3.733062e-09,5.7846296e-06,3.7796553e-08,5.1921925e-06,4.605038e-08,3.7688742e-06,8.913015e-08,2.223338e-06,6.7008344e-08,1.9512368e-06,3.0805886e-08,1.850813e-06,3.0876905e-07,1.7924557e-06,9.792609e-08
755,-0.3185520993922317,-0.369115614077554,1.0,0.00013551355,7.2068616e-08,6.718159e-05,0.0,3.0591615e-05,1.5281894e-07,2.9116518e-05,1.0513635e-07,2.6939995e-05,7.336006e-08,1.9034767e-05,6.638497e-09,1.9034756e-05,6.6384986e-09,1.0963858e-05,1.0607099e-07,1.02487975e-05,1.0777703e-07,9.400669e-06,6.9801594e-08
756,9.277485134905806,-2.435483293740827,1.0,0.00064907625,0.0,0.00019697381,2.0056167e-08,8.6993954e-05,3.0734277e-09,3.2365053e-05,4.7801684e-08,2.749098e-05,5.803617e-08,2.3228784e-05,6.285719e-08,1.8521989e-05,3.7976555e-09,1.438171e-05,2.756034e-08,8.387038e-06,2.205303e-08,7.3637043e-06,4.914002e-08
757,2.4911992657730657,-8.285624331707591,1.0,0.00012804253,4.9316398e-08,4.6222045e-05,6.2669905e-08,2.770103e-05,5.0676746e-08,2.2662929e-05,5.0676746e-08,2.195329e-05,2.6131495e-08,1.900445e-05,5.0553005e-08,1.2139328e-05,6.3840496e-08,1.1543755e-05,6.384049e-08,7.915872e-06,3.2955526e-08,6.855269e-06,2.167694e-07
758,5.832591177146462,-3.196143053767358,1.0,0.00061483245,0.0,0.00016796404,4.028917e-08,9.926351e-05,3.990369e-09,9.926236e-05,3.9903725e-09,3.089609e-05,7.1863596e-08,2.7330916e-05,1.6113073e-07,2.4367497e-05,5.057203e-08,2.1760896e-05,8.814407e-09,1.842254e-05,4.9000484e-09,1.842225e-05,4.9000484e-09
759,-10.908161387185883,10.273382292858749,1.0,8.827168e-05,7.3562276e-08,5.606539e-05,7.841166e-08,3.5228055e-05,8.375004e-08,1.7455315e-05,0.0,1.4229865e-05,8.4568796e-08,7.0623046e-06,7.948561e-09,6.7444034e-06,1.0837237e-08,5.211205e-06,7.5714425e-08,3.236506e-06,8.8295565e-08,3.1075142e-06,7.214501e-08
760,10.03482286853232,-9.310360134241503,1.0,0.00030189933,0.0,6.576819e-05,1.5970365e-08,4.347352e-05,2.5974643e-08,2.4735959e-05,1.5551709e-07,1.8702354e-05,1.5983983e-07,1.820419e-05,1.4533718e-08,1.6094113e-05,2.284132e-09,9.520292e-06,1.7697971e-08,7.720395e-06,2.266718e-08,7.495721e-06,1.7575944e-07
761,6.771263487461816,-11.156608376328634,1.0,0.00018452878,0.0,5.752476e-05,7.576723e-09,5.4594646e-05,3.1976807e-08,2.0310272e-05,1.4984215e-07,1.6871436e-05,2.8117743e-08,1.2443052e-05,2.3814302e-09,9.473471e-06,3.3399292e-08,6.5244603e-06,9.1009724e-08,5.4890197e-06,8.342565e-08,4.7418775e-06,8.666538e-08
762,7.689427417092968,-8.661222481007755,1.0,0.00028841404,0.0,0.00014326857,2.5057702e-08,4.8362668e-05,2.0821581e-08,2.842769e-05,2.6371545e-09,2.8425153e-05,2.6371545e-09,2.5785179e-05,1.5417207e-07,2.1008493e-05,2.6724258e-08,1.8756102e-05,1.5957195e-07,1.6985809e-05,8.608923e-08,1.1737944e-05,2.6724258e-08
763,6.208547727258313,5.9717992158417275,1.0,0.00039198674,0.0,0.00015673946,3.542902e-08,5.7597645e-05,3.336332e-09,5.7596528e-05,3.3363357e-09,3.6833946e-05,5.8516246e-08,3.157195e-05,3.6403254e-08,2.083722e-05,3.7066986e-08,1.9452806e-05,8.989221e-08,1.3813268e-05,3.7066993e-08,1.2941904e-05,7.533199e-09
764,11.196199325551099,3.362323419221429,1.0,0.0005627299,0.0,0.0002092933,8.0194695e-09,5.4234424e-05,2.6166411e-09,5.4229517e-05,2.6166411e-09,4.0607065e-05,4.11397e-08,2.76732e-05,4.5431662e-08,2.526884e-05,6.13688e-08,2.5002277e-05,1.636576e-07,1.958747e-05,6.484527e-08,1.7754568e-05,1.0229805e-08
765,4.226375874876032,8.793219632245613,1.0,0.00017833401,0.0,0.00013094257,4.124713e-08,3.0764408e-05,2.2266992e-08,2.579198e-05,4.2689496e-08,2.345478e-05,3.0326959e-09,2.3453962e-05,3.0326994e-09,1.9563548e-05,4.2689496e-08,5.4802535e-06,6.912913e-09,5.0354874e-06,3.7482515e-09,4.8748625e-06,5.4539175e-08
766,8.108237802194417,-0.71076141489233,1.0,0.0007483662,0.0,0.000189105,2.7700302e-08,0.00011365718,3.4780783e-09,0.00011365582,3.4780818e-09,2.5787498e-05,5.619978e-08,2.5646055e-05,6.9333026e-08,2.5238609e-05,7.817231e-09,2.3838491e-05,7.322751e-08,2.3479466e-05,6.065864e-08,2.2559625e-05,4.286484e-09
767,9.786036945070553,-3.3070862173687434,1.0,0.0005955786,0.0,0.00019739104,1.6670587e-08,7.272713e-05,2.8976608e-09,3.6169175e-05,4.354597e-08,2.8579583e-05,5.243376e-08,2.5576303e-05,1.6322535e-07,2.2917366e-05,6.384313e-08,2.0305815e-05,7.107366e-08,1.6088246e-05,3.584237e-09,1.3648229e-05,2.6577109e-08
768,5.718373722040617,-10.759213059618173,1.0,0.00017041407,0.0,0.00012251142,3.207392e-08,4.7336096e-05,1.0122093e-08,2.4551357e-05,3.354593e-08,2.0302938e-05,1.4951735e-07,1.7319102e-05,3.354593e-08,1.6291055e-05,9.339327e-08,1.4678005e-05,2.5264413e-09,1.4284912e-05,3.96465e-08,1.1588507e-05,7.875306e-08
769,-6.992669048704259,0.10903738538130447,1.0,0.00010962355,8.0673495e-08,3.3601547e-05,0.0,3.3582917e-05,8.1703135e-08,3.3553915e-05,8.1703135e-08,1.3988164e-05,1.3977765e-07,6.903024e-06,3.862647e-09,6.9028747e-06,3.862647e-09,5.975078e-06,3.4657084e-08,5.479068e-06,8.1956976e-08,4.4068306e-06,6.0393454e-08
770,7.256636199899326,-6.75108925807027,1.0,0.0003743285,0.0,4.831637e-05,2.9950797e-09,3.8171424e-05,3.1201154e-08,3.807961e-05,5.029198e-08,1.9864305e-05,3.076054e-08,1.1369579e-05,3.0760532e-08,1.0455918e-05,3.7026027e-09,8.419848e-06,2.7128884e-08,7.8743715e-06,5.157699e-08,6.8705426e-06,1.987512e-07
771,11.367358942690242,0.5003089599629185,1.0,0.00062654517,0.0,0.00021881796,7.1889126e-09,6.4301945e-05,2.6766074e-09,6.4296866e-05,2.676611e-09,3.3004337e-05,5.0841773e-08,3.0764724e-05,5.384833e-08,2.3496888e-05,5.4237862e-08,2.232636e-05,5.7139612e-08,1.6293181e-05,6.165166e-09,1.5111641e-05,3.3149519e-09
772,1.6210232376660514,4.488580787092344,1.0,0.00016318014,0.0,0.00014009008,5.975037e-08,2.709873e-05,6.112052e-08,2.6947439e-05,4.8017466e-09,2.6946918e-05,4.8017466e-09,2.3957537e-05,6.1120524e-08,1.49636035e-05,4.914606e-08,1.14120985e-05,8.488494e-08,1.0060979e-05,7.864036e-08,6.1806036e-06,1.0301633e-08
773,8.938615863916986,-3.6321637059439666,1.0,0.00059178134,0.0,7.881067e-05,3.0593057e-09,3.4506094e-05,4.3564384e-08,2.1071332e-05,6.6098536e-08,2.0393594e-05,7.5477175e-08,1.6827644e-05,3.780528e-09,1.1212391e-05,2.362071e-08,7.1867753e-06,5.6544195e-08,7.14503e-06,4.497089e-08,6.5810837e-06,7.64812e-08
774,-8.353081454257328,-1.3359318061659593,1.0,3.6222882e-05,1.0841704e-07,3.444069e-05,8.191502e-08,2.8930961e-05,0.0,1.5207932e-05,1.0921161e-07,1.3079497e-05,1.1194862e-07,6.4590718e-06,2.6069717e-08,5.2483465e-06,3.381576e-09,4.1380517e-06,6.190834e-08,3.2477255e-06,6.8216934e-09,2.9099754e-06,8.35751e-08
775,-1.8466565818341945,-3.5181293937706624,1.0,0.00012678091,7.249025e-08,4.8015958e-05,0.0,3.0822368e-05,7.370094e-08,2.4433939e-05,1.12519e-07,1.2337713e-05,1.6834731e-07,1.171148e-05,5.197977e-09,1.1711276e-05,5.197979e-09,1.0237195e-05,1.1336352e-07,6.9242374e-06,7.7448256e-08,5.4283323e-06,1.6073989e-07
776,-4.739626726925505,8.328618604089204,1.0,0.00010623772,6.9240144e-08,4.9646012e-05,7.986666e-08,3.2151464e-05,1.1944823e-07,2.6070138e-05,0.0,8.118245e-06,2.331246e-07,6.4340916e-06,2.4695371e-08,4.8973493e-06,7.156793e-08,4.823608e-06,7.156793e-08,4.1378767e-06,3.075698e-09,4.0407313e-06,1.7101222e-07
777,5.3818410862717805,1.7905326131711679,1.0,0.0007364552,0.0,0.000167926,4.390109e-08,0.00012063479,4.3898662e-09,0.000120633136,4.3898662e-09,2.8684246e-05,7.909347e-08,2.7586737e-05,1.6216049e-07,2.6872414e-05,9.560495e-09,2.3786337e-05,8.8411404e-08,2.1465827e-05,5.3741953e-09,2.1465248e-05,5.3741953e-09
778,-10.22633040058259,-8.530331131772437,1.0,5.0920135e-05,8.401362e-08,3.5502737e-05,7.616235e-08,2.0895071e-05,9.783217e-08,2.0312602e-05,8.486414e-08,1.9469147e-05,0.0,1.5691505e-05,9.077421e-08,5.324631e-06,7.7442294e-08,3.743931e-06,8.604569e-08,2.8252693e-06,2.8615599e-08,2.5509637e-06,7.7830805e-08
779,-7.5190085956952535,-3.711291027339775,1.0,1.1874479e-05,1.15088596e-07,1.160991e-05,1.1508861e-07,5.932176e-06,1.5817828e-07,5.3980016e-06,8.000612e-08,5.04778e-06,4.5494296e-08,4.33858e-06,5.968655e-09,3.849798e-06,6.890625e-08,2.9667422e-06,0.0,2.9457876e-06,1.152077e-07,2.8488712e-06,1.161511e-07
780,7.264060373165396,11.186981411638943,1.0,0.00019394908,0.0,2.5357927e-05,1.4863004e-07,2.2879922e-05,2.6303137e-08,1.5596175e-05,8.863573e-08,1.2821926e-05,7.7385664e-08,1.1846478e-05,2.336602e-09,6.4247583e-06,8.9456904e-08,5.977004e-06,9.32274e-09,5.647744e-06,3.0528494e-08,4.918888e-06,2.303356e-08
781,9.047446753761324,-8.970387360976359,1.0,0.00030151813,0.0,0.00014500733,1.7945414e-08,5.7665366e-05,1.8287505e-08,4.3399887e-05,3.206247e-08,2.5180832e-05,1.5512376e-07,2.2375598e-05,2.4315305e-09,2.2372378e-05,2.431534e-09,1.9287567e-05,1.97013e-08,1.8696106e-05,1.5998185e-07,1.6323596e-05,8.1350805e-08
782,7.981795156832742,-1.350912224235298,1.0,0.0001880403,2.836785e-08,2.6644904e-05,5.419949e-08,2.6612342e-05,6.797881e-08,2.2802651e-05,3.4917171e-09,2.230654e-05,6.268559e-08,1.5151664e-05,5.1971085e-09,1.5000518e-05,2.9693048e-08,8.292366e-06,3.0240244e-08,7.1171085e-06,6.9106555e-08,6.9615858e-06,7.641173e-08
783,7.788045545304904,6.459042753281608,1.0,0.00040393881,0.0,0.00016143236,2.6465546e-08,5.077594e-05,2.946269e-09,5.077361e-05,2.9462726e-09,3.93542e-05,3.2102985e-08,3.6805606e-05,4.9143747e-08,1.8556442e-05,2.8214135e-08,1.8499522e-05,8.406559e-08,1.2045551e-05,6.7334263e-09,1.1107419e-05,3.6433185e-09
784,-7.515428165837512,5.619837938199076,1.0,4.2588897e-05,9.293927e-08,3.505288e-05,7.784512e-08,3.4974895e-05,1.0954158e-07,2.6537604e-05,0.0,1.6540936e-05,9.381258e-08,1.641277e-05,9.3812595e-08,5.484328e-06,3.6580403e-08,5.3468084e-06,7.9139156e-08,4.3247837e-06,3.1262424e-09,3.4181421e-06,9.362376e-08
785,-2.45699085926622,-4.442501080535744,1.0,0.00012280529,7.217339e-08,4.1885785e-05,0.0,3.17457e-05,7.335302e-08,2.9865658e-05,7.335302e-08,2.3598324e-05,1.13390286e-07,2.0556214e-05,4.1462496e-09,1.0148912e-05,1.14212284e-07,9.8452665e-06,1.1421227e-07,9.609206e-06,4.657828e-09,9.6090735e-06,4.657828e-09
786,2.4657694778280526,-8.615258726544692,1.0,0.0001262779,4.8836892e-08,4.7407328e-05,6.115417e-08,2.7799517e-05,5.01897e-08,2.2718577e-05,5.01897e-08,2.2386896e-05,2.4122787e-08,1.8685007e-05,5.0068014e-08,1.2264758e-05,6.2331864e-08,1.1688898e-05,6.2331864e-08,7.8221765e-06,1.0373317e-07,7.722642e-06,3.307319e-08
787,5.070184233979877,4.4526850366607444,1.0,0.00045958164,0.0,0.00015844768,4.324631e-08,7.4028074e-05,3.953618e-09,7.402762e-05,3.953618e-09,3.3982556e-05,7.024459e-08,2.4362038e-05,4.5678284e-08,2.1211863e-05,4.4831182e-08,2.1163838e-05,9.320439e-08,1.622089e-05,8.744385e-09,1.6218057e-05,4.4831182e-08
788,8.043244830771908,-10.825550089468182,1.0,0.00021916606,0.0,0.00012718377,2.1496042e-08,6.453335e-05,9.052922e-09,2.1813825e-05,2.310339e-08,1.9865038e-05,1.528239e-07,1.555902e-05,8.5959414e-08,1.2732362e-05,2.310339e-08,1.2667558e-05,2.3141524e-09,1.2665113e-05,2.314156e-09,8.592461e-06,1.0184383e-08
789,10.817857064019979,-4.77450552810622,1.0,0.0005082242,0.0,0.00019438278,1.0029531e-08,4.7584224e-05,2.5915305e-09,4.4487184e-05,3.602526e-08,3.0474826e-05,4.183293e-08,2.2653994e-05,6.486982e-08,1.8579256e-05,6.917594e-08,1.6394633e-05,1.2139896e-08,1.6390824e-05,1.2139896e-08,1.2428559e-05,5.9833276e-09
790,-4.261537357102238,8.690182571526393,1.0,0.00010646844,6.7756325e-08,3.3255237e-05,6.8834176e-08,3.0774863e-05,6.8834176e-08,2.5849322e-05,0.0,1.6829235e-05,7.8588414e-08,1.0210457e-05,1.5502334e-07,6.579351e-06,2.2857868e-08,5.097585e-06,4.1247887e-08,4.812435e-06,7.009019e-08,4.0488703e-06,3.0517455e-09
791,5.937378095207471,-0.6849271107087667,1.0,0.00080789736,0.0,0.00013191628,4.259908e-09,2.3781518e-05,5.220379e-09,1.4414998e-05,3.298311e-08,7.743568e-06,8.4565265e-08,5.1440916e-06,1.0398942e-08,5.1438606e-06,1.0398946e-08,4.7638046e-06,3.927569e-08,3.6451386e-06,8.009087e-08,3.4824616e-06,8.4601545e-08
792,-0.48509516525824914,10.240790256476508,1.0,0.000110523164,5.5873553e-08,5.5338638e-05,6.242924e-08,4.0341074e-05,0.0,3.0514078e-05,5.7067655e-08,2.9059009e-05,1.3247778e-07,2.6652968e-05,5.7067655e-08,1.8175302e-05,1.0897162e-07,1.51432605e-05,6.354527e-08,1.3161978e-05,1.4324485e-08,9.802359e-06,1.6645463e-07
793,2.647671662440496,7.560149473129634,1.0,0.00014814883,0.0,0.00013223085,4.9965642e-08,2.730618e-05,5.1347435e-08,2.2674907e-05,3.518263e-09,2.2674645e-05,3.5182595e-09,2.2342885e-05,5.1347442e-08,2.1419295e-05,3.046766e-08,5.0218105e-06,7.8971105e-09,4.548841e-06,6.6457794e-08,4.47364e-06,4.3348294e-09
794,8.19685732319762,-0.15786354872471797,1.0,0.00075194356,0.0,0.0001891507,2.71897e-08,0.000113776914,3.4599346e-09,0.00011377561,3.4599346e-09,2.5297986e-05,7.781065e-09,2.5042063e-05,5.784477e-08,2.4869347e-05,7.049782e-08,2.4524783e-05,5.883413e-08,2.4469095e-05,7.136428e-08,2.2645721e-05,4.264642e-09
795,9.872661668171364,-9.260322707789598,1.0,0.0003018087,0.0,0.00014482449,1.3567693e-08,6.443528e-05,1.6313969e-08,4.349029e-05,2.6949841e-08,2.4806828e-05,1.5544697e-07,1.8704997e-05,1.5984867e-07,1.8381248e-05,1.5375328e-08,1.7112932e-05,2.306745e-09,1.7109453e-05,2.3067415e-09,1.6804392e-05,7.2595135e-08
796,1.4581694600664754,-8.416103023164261,1.0,4.7333237e-05,6.551653e-08,2.8837141e-05,5.430143e-08,2.4332989e-05,5.4301424e-08,1.8467315e-05,5.4236118e-08,1.2877218e-05,6.665715e-08,1.2386841e-05,6.665715e-08,8.765529e-06,2.1580968e-07,4.0534032e-06,5.4622575e-08,3.8769826e-06,5.5524772e-08,3.7295113e-06,5.552478e-08
797,-9.116073611407039,3.6387591835525974,1.0,3.670049e-05,1.0220657e-07,3.5531684e-05,8.0826055e-08,2.6396825e-05,1.1382238e-07,2.5541058e-05,0.0,6.752642e-06,2.0614024e-08,5.5425817e-06,8.213327e-08,4.9423807e-06,4.3256005e-08,3.9238544e-06,3.0182328e-09,3.923611e-06,3.0182328e-09,3.8099986e-06,6.5780284e-08
798,-11.064453134055885,-0.2600587185734895,1.0,9.808039e-05,8.1784464e-08,3.5458266e-05,8.270024e-08,3.541223e-05,8.2700254e-08,2.300402e-05,0.0,1.4499366e-05,1.0897406e-07,7.404625e-06,9.114373e-09,5.3285044e-06,8.397092e-08,4.1750573e-06,5.3695313e-08,2.8635698e-06,2.7389113e-09,2.8633185e-06,2.7389113e-09
799,-2.073353960591911,-5.5322282513192835,1.0,0.00012187805,6.9334924e-08,4.0417373e-05,8.8229015e-08,3.7943322e-05,0.0,3.169453e-05,7.0522034e-08,2.2363025e-05,1.1296983e-07,1.9285591e-05,4.9212616e-09,1.3704988e-05,8.921784e-08,9.705744e-06,1.13780956e-07,9.45069e-06,1.13780956e-07,9.415769e-06,1.455591e-08
800,5.898186288423272,9.007057572791414,1.0,0.00022672843,0.0,0.00013487507,3.3386016e-08,4.019311e-05,2.0092159e-08,2.6460071e-05,1.510207e-07,2.591973e-05,2.8017801e-09,2.5918103e-05,2.8017801e-09,2.3733937e-05,3.492145e-08,1.6190112e-05,3.492144e-08,6.3423945e-06,6.430472e-09,5.873749e-06,3.4675551e-09
801,-8.503001891790042,6.780127103018621,1.0,9.992394e-05,7.61456e-08,3.534814e-05,7.711077e-08,3.532998e-05,1.0223583e-07,2.3362585e-05,0.0,6.368011e-06,2.2320211e-08,5.7194275e-06,2.972995e-08,5.348897e-06,7.839935e-08,4.498443e-06,1.8166293e-07,3.3087822e-06,8.989589e-08,3.0165e-06,2.7787586e-09
802,1.1702209353835187,4.174157144191971,1.0,0.00013879809,6.211794e-08,0.00013123878,0.0,2.7531169e-05,6.346713e-08,2.4737683e-05,6.3467134e-08,2.1811338e-05,5.0157034e-09,2.1810676e-05,5.0157034e-09,1.370622e-05,5.116941e-08,9.67221e-06,7.862698e-08,5.0878452e-06,1.0675743e-08,4.216845e-06,1.781901e-07
803,5.601108601723254,7.6907095701562795,1.0,0.00027030523,0.0,3.6539754e-05,3.0930103e-09,2.687224e-05,1.5327933e-07,2.3385015e-05,3.8000938e-08,1.3032001e-05,7.7008536e-08,7.74945e-06,3.821384e-09,5.9667086e-06,2.7666498e-08,4.8333213e-06,5.4199592e-08,4.425875e-06,1.9901012e-07,3.6246781e-06,7.166436e-08
804,-8.49735743156943,0.12748145298943925,1.0,3.6251422e-05,1.0774963e-07,3.438698e-05,8.21838e-08,1.516828e-05,1.0854734e-07,6.438487e-06,2.5312012e-08,5.5410273e-06,8.34974e-08,5.509614e-06,8.2426624e-08,5.2943856e-06,2.5983107e-07,4.31087e-06,5.8149066e-08,3.1453715e-06,1.0965657e-07,2.2711172e-06,9.3858326e-09
805,4.836579525851505,3.9788545141809273,1.0,0.0004896783,0.0,0.00015894919,4.505319e-08,7.9644204e-05,4.1425103e-09,7.964343e-05,4.1425103e-09,3.309993e-05,7.3285015e-08,2.2869306e-05,4.838963e-08,2.169315e-05,9.372523e-08,2.1105272e-05,4.6628536e-08,1.7529243e-05,9.101761e-09,1.6670452e-05,4.6628543e-08
806,8.592279163880423,0.8745191974476629,1.0,0.00072689255,0.0,0.00019329722,2.4660057e-08,0.00010662349,3.3299372e-09,0.00010662153,3.3299372e-09,2.722527e-05,5.4712483e-08,2.5609475e-05,6.648318e-08,2.4222156e-05,6.016742e-08,2.39727e-05,7.520292e-09,2.3408174e-05,7.131699e-08,2.1665855e-05,4.107939e-09
807,-5.372811710225336,2.6674813124375376,1.0,7.2763437e-06,0.0,5.5976843e-06,4.3355247e-08,4.924797e-06,5.372222e-08,4.800476e-06,1.7918842e-07,2.2162699e-06,4.738614e-08,2.1130838e-06,7.601781e-08,1.9448446e-06,8.988661e-08,1.5640836e-06,5.2095928e-09,1.5323436e-06,1.3540777e-07,1.036281e-06,1.435428e-07
808,11.202971496483968,7.078297217937365,1.0,0.00040106341,0.0,0.00017210719,7.245312e-09,5.6995308e-05,2.5577819e-08,3.524607e-05,3.0441292e-08,2.526646e-05,2.349946e-09,2.5262132e-05,2.3499496e-09,1.6709879e-05,9.289121e-09,1.6707549e-05,9.289117e-09,1.1313965e-05,1.2030004e-08,1.0753866e-05,2.711213e-08
809,-5.4811780972050546,-7.668099095724578,1.0,3.403146e-05,7.258079e-08,1.9719128e-05,1.2575869e-07,5.08533e-06,1.18430464e-07,4.0034392e-06,0.0,3.0213662e-06,1.2699847e-07,2.7475091e-06,9.4408165e-08,2.4019448e-06,5.3932784e-08,1.7791026e-06,8.450691e-08,1.5554633e-06,2.7788094e-08,7.9495936e-07,3.828023e-08
810,9.877570524203708,10.39517181949137,1.0,0.0002621998,0.0,0.0001346957,1.29905295e-08,7.385336e-05,1.0648588e-08,2.4568084e-05,1.5349816e-07,1.9249235e-05,1.4742067e-08,1.594232e-05,7.364271e-08,1.5171826e-05,7.942333e-08,1.0204973e-05,2.1922375e-09,6.7954747e-06,2.200981e-08,5.933896e-06,8.028245e-08
811,5.8538156855328225,-2.846198878959326,1.0,0.00064921734,0.0,0.00016914324,4.0446842e-08,0.00010513188,4.0450487e-09,0.000105130915,4.0450487e-09,3.0235824e-05,7.3093524e-08,2.7337226e-05,1.6154259e-07,2.383083e-05,5.2105243e-08,2.3072267e-05,8.918137e-09,1.9391608e-05,4.965175e-09,1.9391528e-05,4.965175e-09
812,-8.505736685896402,-6.909192588159081,1.0,4.6172107e-05,8.880042e-08,3.5281606e-05,1.0203651e-07,2.3206434e-05,0.0,1.9204814e-05,1.1266897e-07,1.7951133e-05,8.966869e-08,1.4895004e-05,1.0282372e-07,6.3593925e-06,2.2212884e-08,5.7547327e-06,2.9091307e-08,5.312728e-06,7.694432e-08,3.1368688e-06,9.0874494e-08
813,9.445453464576627,-1.2683658868960972,1.0,0.0006858807,0.0,0.00020084229,1.926334e-08,9.255482e-05,3.0889424e-09,3.0102587e-05,5.176226e-08,2.5669702e-05,6.110828e-08,2.5323468e-05,5.9589322e-08,2.253126e-05,6.8225546e-08,1.9645076e-05,3.8164565e-09,1.5151916e-05,2.76445e-08,7.383911e-06,5.304295e-08
814,5.303771974281613,-4.849256560625,1.0,0.000437912,0.0,6.962408e-05,3.7933923e-09,3.4729925e-05,6.749909e-08,2.5834857e-05,4.333941e-08,2.1227923e-05,4.3124817e-08,1.4447827e-05,7.456778e-08,1.3230935e-05,4.664855e-09,8.8463485e-06,6.866395e-08,8.460451e-06,3.1071977e-08,7.599424e-06,9.3521834e-08
815,-3.479906004314218,-1.0552006298617194,1.0,5.0078204e-05,0.0,3.084738e-05,7.911587e-08,1.2462364e-05,5.3706337e-09,5.5858977e-06,2.5598737e-07,5.1930574e-06,7.939949e-08,5.0240283e-06,8.042101e-08,3.3336948e-06,8.0605275e-08,3.278881e-06,1.12313614e-07,2.7175704e-06,3.6699305e-08,2.1509331e-06,6.5214287e-09
816,2.9502552790822545,-0.883622201475367,1.0,0.0006307713,0.0,0.00015285514,5.79694e-08,0.00010959674,5.657231e-09,0.00010959384,5.6572276e-09,2.8798211e-05,1.6031166e-07,2.846217e-05,9.297342e-08,2.6920809e-05,1.17550645e-08,2.5900308e-05,9.736225e-08,2.140858e-05,5.944223e-08,2.0582505e-05,5.944223e-08
817,-4.374103085463697,7.384044834023182,1.0,0.000109736226,7.0322784e-08,3.346559e-05,7.1408834e-08,3.225775e-05,1.231638e-07,3.1234624e-05,7.1408834e-08,2.859044e-05,0.0,6.141404e-06,3.0413293e-08,5.1987886e-06,4.2700346e-08,5.1203247e-06,3.3456082e-09,3.7677637e-06,8.4129894e-08,2.322676e-06,5.987246e-08
818,3.9117017307045376,3.0164671169681316,1.0,0.0005154158,0.0,0.00015627725,5.1098958e-08,8.4964544e-05,4.7220574e-09,8.496251e-05,4.722059e-09,3.170653e-05,8.128394e-08,2.1842654e-05,5.262185e-08,1.93679e-05,1.0160415e-08,1.9068957e-05,5.4464856e-08,1.8766044e-05,5.2621857e-08,1.4647547e-05,5.765475e-09
819,10.628711377920315,-1.3829519508050065,1.0,0.00064089906,0.0,0.00021194831,1.1812059e-08,7.3833704e-05,2.8120617e-09,2.750242e-05,5.764974e-08,2.5107096e-05,5.5016255e-08,2.1781623e-05,6.293669e-08,1.6684475e-05,3.480082e-09,1.4606511e-05,1.7928612e-07,1.1299832e-05,1.3991055e-08,1.1296857e-05,1.3991048e-08
820,-8.420929767001748,-8.33623464639744,1.0,9.721518e-05,7.395178e-08,5.027883e-05,8.356543e-08,3.5076046e-05,7.490974e-08,2.1646496e-05,0.0,2.0574045e-05,1.0829499e-07,1.9119227e-05,8.445041e-08,3.1852298e-06,8.567907e-08,2.9577686e-06,9.380445e-08,2.6574946e-06,3.7819554e-08,2.2774814e-06,2.586976e-09
821,-9.188969574495376,-0.1206086089593228,1.0,0.000103078324,8.138903e-08,3.682489e-05,1.0335215e-07,3.473008e-05,8.2354006e-08,3.470467e-05,8.235401e-08,2.7010576e-05,0.0,1.5137658e-05,1.04163206e-07,1.3930328e-05,1.0949306e-07,6.6723105e-06,2.0971324e-08,4.5117213e-06,3.1771599e-09,4.5114984e-06,3.1771599e-09
822,1.9354515046722724,-1.370135726598809,1.0,0.00038734582,0.0,7.090858e-05,6.00925e-09,7.090666e-05,6.0092518e-09,2.9767047e-05,9.543825e-08,2.9350073e-05,1.5830015e-07,2.5678191e-05,1.0210794e-07,1.8031531e-05,1.2321774e-08,1.1821236e-05,7.3690416e-08,1.0780586e-05,7.2553874e-09,1.0780155e-05,7.2553927e-09
823,11.080610783136304,-2.1125939987812163,1.0,0.00060784444,0.0,0.00021481708,8.898088e-09,6.355578e-05,2.6960052e-09,3.6445195e-05,4.5941317e-08,2.709753e-05,5.8683664e-08,2.0803183e-05,6.260953e-08,1.6006803e-05,6.206456e-09,1.5280013e-05,1.1126307e-08,1.5277068e-05,1.1126307e-08,1.4842415e-05,3.3386236e-09
824,-5.833639168713864,3.2826031235235664,1.0,3.4716548e-05,0.0,3.418148e-05,1.2231988e-07,7.2756593e-06,3.974044e-09,5.7162347e-06,4.0210164e-08,5.0355134e-06,5.017593e-08,4.752471e-06,1.7976728e-07,2.1676824e-06,7.152421e-08,1.9732247e-06,3.0222714e-07,1.9603685e-06,8.873005e-08,1.4889665e-06,1.3159753e-07
825,-7.320533846990013,4.7029291393185275,1.0,3.506011e-05,1.1190171e-07,2.8268929e-05,0.0,1.5861993e-05,9.6925746e-08,6.1094447e-06,3.0521317e-08,5.2768632e-06,4.1255493e-08,4.998458e-06,3.3115342e-09,4.669168e-06,1.8041473e-07,3.4208203e-06,9.677014e-08,2.8231193e-06,9.8128865e-08,2.3005218e-06,1.2794153e-07
826,1.0213133494373547,-10.549020349881847,1.0,5.5994606e-05,5.6548522e-08,2.4743145e-05,5.1858613e-08,2.114099e-05,1.3959969e-07,1.8965791e-05,1.2345346e-08,1.4520362e-05,5.9050713e-08,1.4100053e-05,5.7720705e-08,4.089216e-06,5.2165888e-08,3.8415747e-06,5.305108e-08,2.9827947e-06,6.977493e-08,2.9411758e-06,9.452651e-08
827,5.278727827550092,1.80851654749506,1.0,0.00073234,0.0,0.00016719846,4.4492104e-08,0.00012006003,4.430042e-09,0.00012005773,4.430042e-09,2.8768794e-05,7.951857e-08,2.763633e-05,1.6206947e-07,2.681019e-05,9.634029e-09,2.3807666e-05,8.891141e-08,2.1279944e-05,5.421663e-09,2.1279126e-05,5.421665e-09
828,-5.881102617332749,9.796379653180274,1.0,9.9475095e-05,6.850624e-08,3.379118e-05,6.9523324e-08,3.222131e-05,1.1095692e-07,3.154951e-05,6.9523324e-08,2.2361986e-05,0.0,1.8867437e-05,7.616532e-08,6.9048756e-06,1.560742e-08,5.397324e-06,3.250833e-08,4.0822792e-06,7.0931634e-08,3.4977527e-06,7.579828e-08
829,-5.034335348479844,1.679665005184921,1.0,0.00011619137,7.905572e-08,4.073514e-05,0.0,3.492027e-05,7.881056e-10,3.3691183e-05,1.28518e-07,3.288942e-05,8.014901e-08,3.232897e-05,8.0149015e-08,2.775503e-05,1.12497354e-07,1.5247162e-05,1.2925459e-07,9.232492e-06,4.551886e-09,9.232369e-06,4.5518824e-09
830,0.7028503735917493,3.165429381277308,1.0,0.00013869813,6.56376e-08,9.983498e-05,0.0,2.751941e-05,6.6970436e-08,1.7195369e-05,5.5736695e-09,1.7195005e-05,5.5736695e-09,9.488838e-06,7.774564e-08,9.446645e-06,1.0850499e-07,4.2027355e-06,6.8256305e-08,3.87601e-06,9.34915e-08,3.7652753e-06,6.8250955e-08
831,-2.9201705801756628,10.802619298814559,1.0,3.201547e-05,6.220541e-08,3.0084631e-05,1.220339e-07,2.278026e-05,0.0,1.7527298e-05,6.674036e-08,6.942661e-06,2.2488953e-07,5.284364e-06,8.092185e-08,4.7058666e-06,4.343122e-08,4.625443e-06,1.2333024e-07,4.4569924e-06,6.3426924e-08,4.355492e-06,6.3426924e-08
832,6.744501858239879,-5.408269858861259,1.0,0.00044988282,0.0,0.00016317616,3.3122127e-08,6.594721e-05,3.3275214e-09,6.5946006e-05,3.3275178e-09,3.499225e-05,5.854106e-08,3.2040763e-05,3.8616946e-08,1.9725027e-05,8.728194e-08,1.911572e-05,3.4814562e-08,1.4830792e-05,7.5154105e-09,1.3405531e-05,4.105015e-09
833,-4.568059824705798,7.028698920613721,1.0,0.00011005951,7.1269056e-08,3.3594104e-05,7.23515e-08,3.24958e-05,1.2294491e-07,3.147812e-05,7.235148e-08,2.9146315e-05,0.0,2.1641841e-05,1.1503029e-07,6.0260727e-06,3.229287e-08,5.3287176e-06,3.40426e-09,5.2621467e-06,4.231619e-08,4.9731466e-06,7.3625756e-08
834,10.023313581385512,2.1681761191867626,1.0,0.00063853303,0.0,0.00020454895,1.5493775e-08,7.878939e-05,2.9146179e-09,7.878553e-05,2.9146179e-09,3.3733053e-05,4.7520427e-08,2.6612342e-05,5.5336127e-08,2.5007417e-05,6.079377e-08,1.8806117e-05,6.6673707e-09,1.7361994e-05,3.6048533e-09,1.7359973e-05,3.6048533e-09
835,-6.601211477702346,6.133187351654044,1.0,3.465902e-05,7.63417e-08,2.7459811e-05,0.0,1.6425558e-05,9.150347e-08,5.8271426e-06,3.3168632e-08,5.67221e-06,3.5111015e-08,4.687259e-06,3.225317e-09,2.6563837e-06,9.274955e-08,1.9498261e-06,8.847899e-08,1.6288257e-06,2.8366912e-08,1.2039708e-06,7.514322e-08
836,-5.113337466411836,-2.9100547789315616,1.0,0.00011518828,7.806236e-08,3.805175e-05,0.0,3.3376513e-05,7.91496e-08,2.8884391e-05,6.360157e-10,8.74343e-06,4.839629e-09,8.363451e-06,4.2991566e-09,8.3632785e-06,4.2991566e-09,5.5304845e-06,4.4624965e-08,3.1656975e-06,8.0696495e-08,3.0758245e-06,1.14779255e-07
837,11.470614673194945,-7.215055345509274,1.0,0.00039538508,0.0,0.00017174211,5.727472e-09,5.9009475e-05,2.4712872e-08,2.2286189e-05,2.304489e-09,2.2281738e-05,2.3044855e-09,2.0688822e-05,6.771448e-08,1.7473742e-05,7.792167e-09,1.15928715e-05,1.0558718e-08,6.898802e-06,7.112591e-08,6.329647e-06,2.859558e-09
838,-6.452586184535302,2.7631758962440554,1.0,3.468895e-05,1.1921212e-07,3.3508295e-05,0.0,1.5234121e-05,1.1997139e-07,6.8715885e-06,3.8532733e-09,6.8713857e-06,3.8532733e-09,5.891867e-06,3.7008714e-08,4.904219e-06,5.1428966e-08,4.855177e-06,1.7838197e-07,2.0222994e-06,3.1331542e-08,2.0149375e-06,8.522004e-08
839,-9.043618930258997,-1.7947719136609717,1.0,2.6936063e-05,0.0,1.9867428e-05,2.6671074e-09,1.5135854e-05,1.2406177e-07,6.7174055e-06,2.1673124e-08,5.5770793e-06,8.32511e-08,4.482411e-06,3.1691592e-09,3.1392613e-06,5.6209295e-09,2.857347e-06,8.3618076e-08,1.9037835e-06,1.3189756e-07,1.1608506e-06,1.3100718e-07
840,-1.1347244353707957,5.136478472777178,1.0,4.9795897e-05,6.779683e-08,2.0856385e-05,6.911664e-08,1.841131e-05,0.0,1.7054219e-05,2.736673e-10,7.956961e-06,8.1115054e-08,5.7459692e-06,2.5597284e-09,5.0501453e-06,2.805221e-09,4.971913e-06,4.800272e-09,4.354323e-06,4.5731845e-09,4.043842e-06,4.5731863e-09
841,2.7217041228831658,-5.3592500590073495,1.0,0.00022296132,0.0,0.00014239187,5.3504664e-08,9.463103e-05,5.242793e-10,3.6391288e-05,4.24572e-09,3.639087e-05,4.24572e-09,2.6079095e-05,5.4925692e-08,2.194433e-05,5.4925692e-08,1.0950606e-05,7.846189e-08,8.04389e-06,9.294437e-09,6.569958e-06,5.203564e-09
842,-0.8575163292522898,3.582601110235208,1.0,0.00013084091,6.995286e-08,4.978338e-05,0.0,2.977616e-05,7.120699e-08,2.7883478e-05,7.120699e-08,1.3389059e-05,8.376835e-08,1.2353602e-05,5.3462266e-09,7.780537e-06,7.817409e-08,4.7035273e-06,7.15153e-08,4.1306685e-06,5.7793716e-09,3.566879e-06,7.256726e-08
843,4.276044684948971,-9.924467142919283,1.0,0.00015161278,0.0,0.00012424334,3.9361616e-08,5.1209274e-05,4.808158e-08,3.4499768e-05,1.550972e-08,2.602227e-05,4.077888e-08,2.0089168e-05,1.4993586e-07,1.9714931e-05,4.077888e-08,1.7220402e-05,2.7932678e-09,1.721054e-05,9.768046e-08,1.1318964e-05,4.9358192e-08
844,-1.7641263363674273,5.472032176686906,1.0,3.865181e-05,0.0,1.3512151e-05,8.8947935e-08,8.801542e-06,4.3387985e-08,8.557342e-06,4.356359e-09,6.6731236e-06,7.932183e-08,5.9522445e-06,6.5924013e-09,3.941254e-06,8.873882e-08,3.777649e-06,1.96016e-07,2.2939919e-06,3.3348662e-08,2.105027e-06,1.2588077e-07
845,4.140923127308254,-3.2117284912909643,1.0,0.00051572383,0.0,0.00015717151,4.9661e-08,8.47873e-05,4.582258e-09,8.478605e-05,4.58226e-09,3.1954925e-05,7.9504474e-08,2.8152603e-05,1.5941293e-07,2.1602336e-05,5.11974e-08,1.9884857e-05,5.3181783e-08,1.9128658e-05,9.910174e-09,1.8243029e-05,5.1197393e-08
846,-0.4386215163721161,-9.027775029523308,1.0,4.4844695e-05,5.8052887e-08,1.9181449e-05,6.8108506e-08,1.791563e-05,0.0,7.889928e-06,7.492373e-08,6.1443498e-06,6.5710246e-09,5.4142806e-06,6.920335e-08,5.1027846e-06,2.1972987e-08,2.6741473e-06,3.217771e-09,2.6740545e-06,3.2177745e-09,2.555549e-06,1.27243815e-08
847,2.0212513658438134,7.558326262006197,1.0,0.00012993909,5.247379e-08,0.000121651276,0.0,2.8045537e-05,5.382312e-08,2.3437196e-05,5.3823126e-08,1.9479192e-05,1.0428438e-07,1.917813e-05,3.075836e-08,1.8812247e-05,3.5776964e-09,1.8812018e-05,3.5777e-09,9.397334e-06,8.031623e-08,7.9838155e-06,1.0511465e-07
848,-8.716438792173232,9.470716537956761,1.0,9.4184805e-05,7.26185e-08,5.383951e-05,7.957904e-08,3.4210014e-05,9.695333e-08,3.3187473e-05,7.356104e-08,2.0218422e-05,8.046929e-08,2.0084912e-05,0.0,5.230046e-06,7.486811e-08,5.1547745e-06,7.482787e-08,3.2230125e-06,7.438962e-08,3.1363786e-06,8.01399e-08
849,3.515270089547762,8.608616748135798,1.0,0.00015765885,0.0,0.00012971005,4.4583544e-08,2.6937369e-05,2.372364e-08,2.6596395e-05,4.5991037e-08,2.1799107e-05,3.1484753e-09,2.1798423e-05,3.1484753e-09,2.087443e-05,4.599103e-08,1.830056e-05,9.99576e-08,1.0433972e-05,7.973968e-08,7.4882187e-06,1.0078709e-07
850,3.030855098013385,0.7046439173741952,1.0,0.00065704325,0.0,0.00015329727,5.761865e-08,0.00011395583,5.640869e-09,0.00011395334,5.640869e-09,2.8142265e-05,9.31671e-08,2.7952283e-05,1.1728302e-08,2.1025762e-05,5.909701e-08,2.0358131e-05,5.9097005e-08,1.7977009e-05,6.833263e-09,1.4937301e-05,6.584711e-08
851,9.170146880068451,8.237532342545691,1.0,0.00033443404,0.0,0.00015206504,1.7773075e-08,5.3894066e-05,2.1887026e-08,4.072814e-05,3.482608e-08,2.7796745e-05,2.501519e-09,2.7793461e-05,2.501519e-09,2.5270301e-05,1.564918e-07,1.8400484e-05,1.9570571e-08,1.0662008e-05,1.8354237e-07,8.247159e-06,2.4144164e-08
852,-6.47764565059667,-1.0389076577678935,1.0,0.00011140118,8.0269125e-08,3.5232402e-05,0.0,3.3635417e-05,8.1314624e-08,3.3339227e-05,8.131464e-08,1.524162e-05,1.209589e-07,1.2586581e-05,1.1209866e-07,7.4460904e-06,4.025125e-09,7.445922e-06,4.025125e-09,5.8709325e-06,3.767306e-08,5.4907896e-06,2.5797277e-07
853,2.1706854872096635,-8.62922553988981,1.0,0.0001252669,4.9953194e-08,2.8122111e-05,5.129109e-08,2.3204842e-05,5.129109e-08,2.1206912e-05,2.4136032e-08,1.2471501e-05,6.327762e-08,7.3411534e-06,3.3194908e-08,6.8881554e-06,2.1680955e-07,5.968082e-06,1.2563646e-07,3.86405e-06,5.1619594e-08,3.706039e-06,5.2504895e-08
854,4.677652127862551,3.6771239940090847,1.0,0.0005090869,0.0,0.00015904347,4.625413e-08,8.315237e-05,4.271138e-09,8.31516e-05,4.271138e-09,3.2567583e-05,7.524195e-08,2.2044396e-05,9.4082694e-08,2.1953838e-05,5.0114224e-08,2.1059777e-05,4.782227e-08,1.8402654e-05,9.341605e-09,1.699105e-05,4.7822283e-08
855,-4.510988374129483,8.253667767015724,1.0,0.00010704618,6.89886e-08,3.3457185e-05,7.0062384e-08,3.2038224e-05,1.2069447e-07,3.1104864e-05,7.0062384e-08,2.6485768e-05,0.0,6.4183755e-06,2.5275483e-08,5.1784828e-06,4.0785086e-08,4.8768993e-06,7.1324294e-08,4.3041396e-06,3.1206469e-09,4.3039313e-06,3.1206469e-09
856,-7.921896821026873,-8.44293267458791,1.0,9.813623e-05,7.329329e-08,5.0559695e-05,8.278484e-08,3.4894878e-05,7.426388e-08,2.2100894e-05,0.0,1.892226e-05,8.3681485e-08,6.261341e-06,2.1803015e-08,6.0553816e-06,2.4074783e-08,3.0452493e-06,8.492604e-08,2.963689e-06,9.31491e-08,2.6252487e-06,3.9598813e-08
857,9.91066538489427,7.545901163381494,1.0,0.00037443437,0.0,0.00016155589,1.4195674e-08,5.3678577e-05,2.4628207e-08,3.7818827e-05,3.4469295e-08,3.0084397e-05,2.4792008e-09,3.0080664e-05,2.4792008e-09,1.6514165e-05,1.6088528e-08,8.88535e-06,2.6239036e-08,8.289121e-06,5.7414127e-09,7.631143e-06,3.0736835e-09
858,2.3007817014674696,-9.892403239490477,1.0,0.000119187265,4.7254062e-08,9.74728e-05,0.0,5.247095e-05,5.5515677e-08,2.8108156e-05,4.8573547e-08,2.2990087e-05,4.8573547e-08,1.7749328e-05,1.0307842e-07,1.476856e-05,6.357487e-08,1.2821678e-05,5.671818e-08,1.2189849e-05,2.937334e-09,7.668387e-06,1.03873816e-07
859,-7.387284018015106,-4.221374705701825,1.0,1.1659421e-05,1.1605887e-07,5.368784e-06,7.940851e-08,5.1943825e-06,8.1409425e-08,5.164726e-06,4.3399584e-08,4.473376e-06,5.8255694e-09,3.791003e-06,7.005927e-08,3.1240916e-06,0.0,1.7919442e-06,1.9165712e-07,1.4573202e-06,1.3986394e-09,1.3264923e-06,1.2389013e-07
860,-1.1365731386716575,2.105445135727148,1.0,0.00013142878,7.2929126e-08,5.8081234e-05,0.0,3.111641e-05,1.481394e-07,2.928533e-05,7.4177876e-08,2.8171375e-05,7.4177876e-08,1.5531657e-05,5.999116e-09,1.5531494e-05,5.999116e-09,7.839817e-06,7.5924476e-08,4.993545e-06,1.2305698e-08,4.6186037e-06,7.5474865e-08
861,7.989412742254363,-4.986885059238037,1.0,0.0005037026,0.0,0.00017342126,2.648471e-08,6.8794456e-05,3.1175347e-09,6.879214e-05,3.1175347e-09,3.527987e-05,3.897605e-08,3.3079075e-05,5.449171e-08,1.960146e-05,8.16387e-08,1.812715e-05,7.023988e-08,1.5892821e-05,2.8293297e-08,1.5866413e-05,7.087852e-09
862,7.27826022101857,-8.043934129815955,1.0,0.00030619852,0.0,0.00014672699,2.7708406e-08,5.072753e-05,5.1854176e-08,4.332327e-05,2.4412845e-08,3.454296e-05,2.7844997e-09,3.4540662e-05,2.7844997e-09,2.112234e-05,2.93665e-08,1.8482251e-05,1.6113533e-07,1.7535427e-05,8.721695e-08,1.2300384e-05,2.93665e-08
863,1.4894941127752865,0.9238130775503866,1.0,0.00033394812,0.0,0.00014469725,6.5041945e-08,6.554621e-05,6.2830425e-09,6.554469e-05,6.2830443e-09,2.9235238e-05,9.847144e-08,2.4382693e-05,6.642752e-08,2.3680148e-05,6.642752e-08,1.734083e-05,1.2750815e-08,1.2340803e-05,6.699454e-08,1.04054925e-05,9.945149e-08
864,4.660320218266417,-0.7350185105537665,1.0,0.00079284265,0.0,0.00016346575,4.855666e-08,0.00013101347,4.827923e-09,0.00013101054,4.827923e-09,3.0110683e-05,1.0347794e-08,2.5369576e-05,8.959516e-08,2.2364276e-05,5.8895893e-09,2.2363616e-05,5.889591e-09,1.817899e-05,6.285936e-08,1.7089305e-05,5.0146536e-08
865,-4.308650632983756,3.4382360273942094,1.0,4.6565918e-05,7.661558e-08,1.7937386e-05,0.0,1.304816e-05,7.7729446e-08,7.691119e-06,1.9765753e-09,5.298982e-06,8.0608935e-08,4.022702e-06,4.4598654e-09,3.8865405e-06,4.4598654e-09,3.1954842e-06,1.4699384e-07,2.4095937e-06,9.044668e-08,2.3969374e-06,6.1324954e-09
866,-6.421927635392606,-0.5326227474887517,1.0,0.00011155578,8.037382e-08,3.5693167e-05,0.0,3.339738e-05,8.142155e-08,3.324457e-05,8.142155e-08,1.5231362e-05,1.2144366e-07,1.4388538e-05,1.4193921e-07,7.597382e-06,4.070502e-09,7.5972125e-06,4.070502e-09,5.4317547e-06,2.586064e-07,4.3235937e-06,6.3528844e-08
867,2.573955290080164,-7.208433534911753,1.0,7.529652e-05,1.9468143e-09,6.588694e-05,0.0,5.1971594e-05,5.08916e-08,2.6814636e-05,2.0451463e-09,2.3814886e-05,1.0496137e-10,2.0509342e-05,5.972757e-08,1.6688498e-05,8.55601e-08,1.3888522e-05,6.760705e-08,1.0746182e-05,3.6332164e-09,1.0709686e-05,3.6332164e-09
868,0.3567124965029027,10.443496307639236,1.0,0.00011165812,5.2946994e-08,5.2550862e-05,0.0,2.9820596e-05,5.417128e-08,2.8571316e-05,1.3474175e-07,2.5605632e-05,5.4171288e-08,1.9209794e-05,6.022336e-08,1.7852715e-05,1.07289466e-07,1.6099139e-05,1.3046662e-08,1.4585851e-05,6.0223364e-08,7.927594e-06,1.0805684e-07
869,0.16531686717891603,3.8331300929743364,1.0,5.334614e-05,6.638773e-08,2.799863e-05,0.0,5.61175e-06,5.2677454e-09,5.6116355e-06,5.2677454e-09,4.592236e-06,5.3368762e-08,3.471167e-06,7.861155e-08,1.991032e-06,1.355345e-08,1.8112827e-06,1.1107215e-08,1.7651489e-06,9.218414e-08,1.3064071e-06,9.039381e-08
870,4.646660311277383,10.612570905831586,1.0,0.00014701701,0.0,1.4481306e-05,2.636547e-09,1.1158737e-05,4.4633083e-08,9.020149e-06,1.9682037e-07,4.922963e-06,1.8420816e-07,4.0460586e-06,5.2448726e-08,3.9699803e-06,9.208178e-08,3.6434678e-06,6.499694e-08,3.447564e-06,3.2660488e-09,3.1263878e-06,1.3375441e-08
871,-7.104306189550916,-0.07032386049754002,1.0,0.00010925999,8.072024e-08,3.5138662e-05,1.1650912e-07,3.3634842e-05,8.174639e-08,3.3616554e-05,8.174639e-08,3.3203192e-05,0.0,1.5205996e-05,1.17281296e-07,6.7682627e-06,3.82253e-09,6.7680744e-06,3.8225263e-09,6.0050284e-06,3.3970586e-08,5.356917e-06,2.593311e-07
872,-4.665036336744749,-4.48074679427894,1.0,0.00011484661,7.55915e-08,3.3458935e-05,7.668762e-08,3.198756e-05,7.668761e-08,1.849418e-05,1.9039774e-09,1.777074e-05,7.6899575e-08,1.7065617e-05,1.4115658e-07,8.21211e-06,2.411198e-07,5.619946e-06,5.7171743e-09,5.619577e-06,5.7171743e-09,5.2550545e-06,7.695764e-08
873,0.4633872412199995,-10.99297106694835,1.0,0.00010942121,5.1619963e-08,5.2233856e-05,0.0,2.964776e-05,5.2838885e-08,2.5370473e-05,5.2838892e-08,1.7008277e-05,9.563539e-09,1.5984986e-05,5.2826138e-08,8.239862e-06,3.1922127e-09,7.2624125e-06,8.175739e-08,6.6722864e-06,1.1524128e-07,5.740738e-06,2.7522198e-09
874,-1.5554191701054645,6.639802981202717,1.0,0.0001206817,6.590409e-08,3.1445266e-05,6.71021e-08,2.8611168e-05,6.71021e-08,9.429822e-06,3.6522074e-08,7.1176264e-06,3.9267345e-09,6.6421558e-06,8.013363e-08,4.667216e-06,5.5994484e-08,4.0453274e-06,8.2899504e-08,2.1522633e-06,7.384984e-08,2.0645903e-06,3.1643943e-08
875,9.892920322818654,4.3604090456855165,1.0,0.000539372,0.0,6.121507e-05,2.7922589e-09,3.9815448e-05,3.9051848e-08,2.5469022e-05,1.6230234e-07,2.1724221e-05,6.5752026e-08,1.9330597e-05,7.249333e-08,1.3905929e-05,3.4559555e-09,1.2609423e-05,2.5960254e-08,1.25722e-05,1.7686084e-08,6.2493227e-06,4.9182283e-08
876,5.910305042103875,4.762494451913788,1.0,0.00047304473,0.0,0.00016194675,3.8351494e-08,7.399562e-05,3.654458e-09,7.399545e-05,3.654458e-09,2.7624537e-05,4.296033e-08,2.0585374e-05,9.007636e-08,1.6276494e-05,8.165733e-09,1.5342903e-05,7.3472044e-08,1.4320191e-05,4.4984123e-09,1.4319779e-05,4.4984194e-09
877,9.05956579745283,10.582980309217263,1.0,0.0002442475,0.0,0.00013129781,1.6856088e-08,6.982773e-05,9.996157e-09,2.482824e-05,1.5223688e-07,2.041878e-05,1.8540764e-08,1.535878e-05,8.239367e-08,1.4957147e-05,7.485656e-08,1.1706205e-05,2.249088e-09,1.1703383e-05,2.249088e-09,1.0481596e-05,2.6087289e-08
878,-6.452734570089323,-9.269433966098328,1.0,5.3090233e-05,7.809468e-08,2.2594122e-05,0.0,2.1289929e-05,1.150534e-07,1.87587e-05,7.9033384e-08,5.5779524e-06,3.0471874e-08,3.071686e-06,8.890864e-08,2.6876971e-06,2.6932092e-09,2.6558132e-06,8.033526e-08,2.5891056e-06,4.2245475e-08,1.8143129e-06,4.9991712e-08
879,-5.083355295692495,9.570762267387071,1.0,0.00010191419,6.7613016e-08,5.3961514e-05,7.503019e-08,3.1845302e-05,1.1523716e-07,2.3435248e-05,0.0,1.7975808e-05,7.6005776e-08,6.867835e-06,1.72741e-08,4.830372e-06,6.990625e-08,4.753197e-06,6.990625e-08,3.6277052e-06,7.564107e-08,3.047379e-06,2.7868161e-09
880,4.106547518979291,-0.9863861251685879,1.0,0.0007479611,0.0,0.0001245784,5.071568e-09,0.00012457605,5.071568e-09,2.9189483e-05,1.07722276e-08,2.8207285e-05,1.6159926e-07,2.5283198e-05,9.2618166e-08,2.0784482e-05,6.174165e-09,2.0783826e-05,6.174167e-09,1.552144e-05,6.936221e-08,1.4636503e-05,1.7850383e-07
881,1.107744943837428,3.836531485996412,1.0,0.00013931407,6.295892e-08,0.00013081808,0.0,2.7398548e-05,6.43078e-08,2.4816962e-05,6.43078e-08,2.1906017e-05,5.187845e-09,2.1905365e-05,5.187845e-09,1.3351366e-05,5.3085195e-08,9.719907e-06,7.832624e-08,5.180288e-06,1.09714975e-08,4.25606e-06,1.7806849e-07
882,-0.6643360233701578,4.553836508835484,1.0,5.1184958e-05,6.7623155e-08,2.0787647e-05,7.2006145e-08,1.9863828e-05,0.0,8.126462e-06,8.097655e-08,6.2352924e-06,5.7121774e-09,4.9056534e-06,4.8841287e-09,4.4916815e-06,4.8841287e-09,4.1286376e-06,4.9190398e-08,3.0860235e-06,7.916563e-08,1.6489118e-06,9.096338e-08
883,-11.111980474004834,-4.5652422062873645,1.0,1.7433504e-05,9.760994e-08,1.717184e-05,1.04906604e-07,7.552725e-06,8.321784e-09,5.0136186e-06,3.6493123e-08,3.6349809e-06,6.396127e-08,2.6852845e-06,4.1253383e-08,2.3670818e-06,2.6229043e-07,2.364467e-06,6.753676e-08,1.2371091e-06,6.5003874e-08,1.2191329e-06,2.4952806e-07
884,-8.588020869601804,7.075134482034571,1.0,9.920646e-05,7.582973e-08,3.5340923e-05,7.679098e-08,3.5276844e-05,1.0132945e-07,2.2895023e-05,0.0,1.8124885e-05,8.9119695e-08,6.3746775e-06,2.1648372e-08,5.795089e-06,2.8187127e-08,5.3348003e-06,7.807762e-08,4.4708727e-06,1.818635e-07,3.2917012e-06,8.8881464e-08
885,-11.48779855181617,3.4514835258311827,1.0,9.626632e-05,8.080207e-08,3.8828024e-05,8.748866e-08,3.616977e-05,8.1703504e-08,2.1409815e-05,0.0,7.768152e-06,6.217288e-09,5.662013e-06,8.3014626e-08,4.767003e-06,4.03626e-08,3.0575068e-06,1.0048112e-07,2.1743851e-06,2.5603164e-09,2.174123e-06,2.56032e-09
886,8.74238857783276,-6.140331685242626,1.0,0.0004372146,0.0,0.000169031,2.1432651e-08,5.0647635e-05,2.819597e-09,5.0644605e-05,2.8195934e-09,1.838069e-05,7.988252e-08,1.8097648e-05,7.065905e-08,1.6351321e-05,2.3274623e-08,1.2340356e-05,6.4680172e-09,1.1423859e-05,3.4892444e-09,1.1422714e-05,3.489241e-09
887,6.146493416596783,6.271348029380416,1.0,0.00036970712,0.0,0.00015452653,3.5419532e-08,5.360385e-05,3.288843e-09,3.7662245e-05,5.74557e-08,3.2146952e-05,3.490385e-08,1.45667545e-05,7.495322e-08,1.0967487e-05,4.058318e-09,1.096739e-05,4.058318e-09,8.5575675e-06,5.8688435e-08,7.8584435e-06,2.8693073e-08
888,-2.0909409316078182,3.822649208792498,1.0,4.5769226e-05,0.0,2.4166626e-05,1.1288736e-07,1.2960902e-05,7.827783e-08,1.0919155e-05,5.0047326e-09,1.0918949e-05,5.0047326e-09,9.89866e-06,1.13723715e-07,7.990895e-06,5.2497008e-08,7.1948944e-06,6.728534e-09,6.6741504e-06,7.75841e-08,3.3665417e-06,1.0656731e-08
889,-4.900326096752672,9.273238153982764,1.0,0.00010319832,6.782885e-08,3.347371e-05,6.8880524e-08,3.1866082e-05,1.1671857e-07,3.1070635e-05,6.8880524e-08,2.4116633e-05,0.0,6.76416e-06,1.9099822e-08,5.201436e-06,3.7589228e-08,3.6693123e-06,7.6658054e-08,3.3350266e-06,2.8621585e-09,3.3347783e-06,2.862162e-09
890,-8.297909726906301,-1.8014063597687588,1.0,0.00010562212,8.072074e-08,3.618132e-05,1.0856181e-07,3.4858003e-05,8.170956e-08,2.8841898e-05,0.0,2.0617257e-05,2.8270257e-09,1.5213169e-05,1.0935507e-07,1.5159125e-05,1.2842749e-07,1.2859467e-05,1.1266816e-07,6.4559486e-06,2.6292948e-08,5.2149708e-06,3.3721754e-09
891,-2.846380535144883,8.591740290253139,1.0,0.00011053881,6.511002e-08,4.9977738e-05,7.5626325e-08,3.242027e-05,6.623754e-08,3.092284e-05,1.274253e-07,2.7357573e-05,0.0,1.0277977e-05,1.6057072e-07,7.518507e-06,2.4121732e-08,5.5486075e-06,8.0232645e-08,4.816287e-06,4.7366804e-08,4.6474725e-06,3.2143745e-09
892,-8.04853778523385,3.321677556193908,1.0,3.5872257e-05,1.0904392e-07,2.8252827e-05,0.0,2.649823e-05,1.13829934e-07,6.381489e-06,2.7182264e-08,4.992315e-06,3.3098182e-09,4.992101e-06,3.3098218e-09,4.9390974e-06,4.6317787e-08,3.3207755e-06,1.01282744e-07,2.1210872e-06,7.894365e-08,1.9914155e-06,2.892518e-07
893,-4.3067362628177595,-9.747086362220319,1.0,5.4470667e-05,7.304219e-08,3.1311527e-05,1.1844877e-07,2.378415e-05,0.0,2.1435086e-05,1.2327011e-07,1.9359437e-05,1.14243875e-07,1.7684182e-05,7.404002e-08,9.219785e-06,1.1497312e-07,9.054084e-06,1.1497313e-07,6.975172e-06,1.6558346e-08,5.042149e-06,3.949024e-08
894,4.457680984406283,3.1389670514599004,1.0,0.00054976385,0.0,9.022529e-05,4.486708e-09,2.0851096e-05,4.9593147e-08,1.590456e-05,5.488543e-09,1.4449118e-05,7.340858e-08,8.974655e-06,7.948962e-08,8.141828e-06,9.5367255e-08,7.942088e-06,9.536727e-08,3.6457632e-06,6.4927406e-08,3.4998518e-06,1.0848289e-08
895,-5.0557204796862045,-4.5795671287432915,1.0,0.00011339865,7.590868e-08,3.3726832e-05,7.699074e-08,3.229107e-05,7.699073e-08,1.7544684e-05,7.721678e-08,1.714874e-05,1.3882878e-07,8.171748e-06,2.4142878e-07,5.3545805e-06,4.5051557e-08,5.2830705e-06,7.725733e-08,5.1186876e-06,7.828532e-08,5.074512e-06,7.865974e-08
896,-10.275042612491418,-6.0390589886310755,1.0,4.4167817e-05,9.2316e-08,1.8445757e-05,1.05498856e-07,7.0878095e-06,1.2803962e-08,5.404727e-06,3.1228883e-08,3.5072555e-06,6.7939226e-08,2.7835533e-06,1.0669919e-07,2.6636499e-06,3.9248487e-08,2.4658339e-06,0.0,2.2425086e-06,7.343462e-08,1.6897397e-06,7.910825e-08
897,-6.0869714526809435,-1.3096458452857487,1.0,0.00011266441,7.9955896e-08,3.658098e-05,0.0,3.3486634e-05,8.101385e-08,1.7654138e-05,8.1278245e-08,1.5247383e-05,1.232184e-07,1.2347936e-05,1.12628086e-07,7.887057e-06,4.1572914e-09,7.8869e-06,4.1572914e-09,5.7708844e-06,3.9945196e-08,5.535752e-06,2.5741477e-07
898,2.8751222323309875,6.233888758379024,1.0,0.00019869847,0.0,0.00013942583,5.132376e-08,3.19084e-05,3.9098573e-09,3.1908283e-05,3.9098573e-09,2.6404388e-05,5.2740518e-08,2.1765592e-05,5.2740525e-08,2.03017e-05,1.01868224e-07,2.0282572e-05,3.8215077e-08,7.962232e-06,1.0273206e-07,6.9894086e-06,8.660717e-09
899,-6.891373373179265,-10.898439959515585,1.0,5.8889156e-05,7.204316e-08,2.0693395e-05,7.298969e-08,2.0052063e-05,0.0,7.2916955e-06,8.994341e-09,6.784526e-06,7.430223e-08,5.586581e-06,2.6717792e-08,2.7810602e-06,3.2679033e-08,1.8748735e-06,8.974565e-08,1.7106197e-06,5.0492794e-08,1.5804818e-06,2.4064342e-09
900,-5.835133136001171,7.170641384711384,1.0,0.0001061456,7.283885e-08,3.425157e-05,7.38791e-08,3.328348e-05,1.1624227e-07,3.2371376e-05,7.3879114e-08,2.6875145e-05,0.0,6.008573e-06,3.038285e-08,5.5600813e-06,3.5946954e-08,4.458406e-06,3.1626044e-09,3.5991386e-06,8.662712e-08,2.6733815e-06,9.664759e-08
901,1.6358949837495835,8.500207163172742,1.0,9.486824e-05,0.0,2.866577e-05,5.350486e-08,2.40557e-05,5.350486e-08,1.8967594e-05,2.5086184e-08,1.887658e-05,1.0508147e-07,1.3894418e-05,3.324331e-09,1.3894156e-05,3.324331e-09,1.2789312e-05,6.567777e-08,7.935888e-06,1.0589187e-07,4.0904697e-06,6.24042e-08
902,-2.2317891532821417,-3.034752386821822,1.0,0.00012585944,7.403854e-08,4.9269343e-05,0.0,3.1000938e-05,7.523538e-08,2.5139887e-05,1.1272138e-07,1.2165212e-05,5.303452e-09,1.2165008e-05,5.303452e-09,1.0536361e-05,1.13567694e-07,1.0171654e-05,1.13567694e-07,6.6777648e-06,7.6425806e-08,5.382187e-06,1.6325174e-07
903,-2.8986818489919823,3.473946074122688,1.0,4.860148e-05,7.457883e-08,1.7772452e-05,0.0,1.2556093e-05,7.574627e-08,1.2450756e-05,7.594661e-08,5.4679595e-06,8.778509e-08,4.948073e-06,4.9220805e-09,4.9480004e-06,4.9220787e-09,3.4991963e-06,1.14323946e-07,3.2642308e-06,1.5375448e-07,2.3580944e-06,8.843303e-08
904,-8.242229982763597,10.77114415556536,1.0,9.2136244e-05,7.015345e-08,3.4322384e-05,7.109803e-08,3.3152064e-05,9.729813e-08,3.2441585e-05,7.1098015e-08,2.522979e-05,7.509671e-08,1.9144753e-05,0.0,1.4286417e-05,9.806628e-08,7.1275263e-06,9.282299e-09,5.994408e-06,2.0607711e-08,5.1694087e-06,7.24079e-08
905,7.240893974469934,5.372573684524493,1.0,0.00046474856,0.0,0.00016627563,3.0409147e-08,6.60221e-05,3.2237573e-09,6.602045e-05,3.2237573e-09,3.4524026e-05,5.639221e-08,3.3734985e-05,3.814511e-08,1.9569568e-05,8.521338e-08,1.807134e-05,3.2142836e-08,1.50165315e-05,7.305097e-09,1.3662855e-05,3.979668e-09
906,7.276397747494066,2.7927284136469552,1.0,0.0006645989,0.0,0.00010293396,3.5874095e-09,2.1926351e-05,8.1537756e-08,2.0106716e-05,4.4179345e-09,2.0106554e-05,4.417938e-09,1.3341965e-05,3.0143855e-08,7.091549e-06,8.253781e-08,4.5381316e-06,5.1257096e-08,4.2444276e-06,9.000935e-09,3.9898764e-06,6.752425e-08
907,-1.3044771529555454,8.210087043658724,1.0,0.00011626875,6.210766e-08,3.133317e-05,6.3297975e-08,3.0277319e-05,0.0,3.0178593e-05,1.3449025e-07,2.8046345e-05,6.3297975e-08,1.034775e-05,2.6964255e-08,5.4023985e-06,3.425118e-09,4.5560596e-06,5.393463e-08,4.425487e-06,6.45437e-08,4.157976e-06,7.48899e-08
908,5.46524166235648,8.304361395198853,1.0,0.00023906038,0.0,0.00013821632,3.6306034e-08,3.5351506e-05,2.435381e-08,3.0741587e-05,2.9879068e-09,3.0740295e-05,2.9879068e-09,2.3957804e-05,3.783409e-08,1.6829583e-05,3.78341e-08,7.2376934e-06,6.8200556e-09,7.0698393e-06,9.459273e-08,6.6633506e-06,3.6938914e-09
909,4.157681444225464,-2.5887790084516027,1.0,0.00058655435,0.0,9.6732154e-05,4.741894e-09,9.672992e-05,4.7418958e-09,3.07491e-05,8.186216e-08,2.8172995e-05,1.6025503e-07,2.2084065e-05,1.0195661e-08,1.6645294e-05,5.7887526e-09,1.6644832e-05,5.7887526e-09,1.4388628e-05,7.292367e-08,9.826095e-06,3.4721452e-08
910,-6.038267459109707,-10.886000078023981,1.0,5.8912898e-05,7.089922e-08,3.1765434e-05,1.0804277e-07,2.2891873e-05,1.1097475e-07,2.0704198e-05,0.0,2.0078689e-05,7.1866765e-08,1.8911982e-05,1.1521141e-07,9.339729e-06,1.15910424e-07,9.18024e-06,1.15910424e-07,7.3534834e-06,9.301729e-09,5.365659e-06,3.0527463e-08
911,5.132943174179118,9.135341699086997,1.0,0.0001985933,0.0,0.00013164329,3.6736928e-08,3.6525675e-05,1.9784697e-08,2.4781402e-05,3.822258e-08,2.3734261e-05,2.8643221e-09,2.3733006e-05,2.8643221e-09,1.7857545e-05,3.822258e-08,7.059862e-06,9.584247e-08,5.724663e-06,6.5620505e-09,5.310933e-06,2.1021336e-08
912,3.2732979428611486,5.6652439830274695,1.0,0.0002491697,0.0,0.00014374695,5.0494737e-08,4.0321935e-05,4.0319126e-09,4.0321698e-05,4.0319126e-09,2.5466668e-05,5.194352e-08,2.0858486e-05,5.1943513e-08,2.0749643e-05,4.1178293e-08,2.0666486e-05,1.00487966e-07,8.846463e-06,8.893263e-09,7.937578e-06,1.0136746e-07
913,11.262965760648378,-4.16522528687067,1.0,0.0005290343,0.0,0.00020339535,7.486388e-09,4.7518584e-05,2.557897e-09,2.899208e-05,4.208651e-08,2.4192492e-05,6.291725e-08,1.8867886e-05,6.61407e-08,1.860677e-05,9.676597e-09,1.2915362e-05,2.4510069e-08,1.2587538e-05,5.9111116e-09,1.1645397e-05,3.1699479e-09
914,3.6204985909551084,1.285484867783513,1.0,0.00067878107,0.0,0.00015682631,5.4178187e-08,0.00011415089,5.2650613e-09,0.000114148366,5.2650595e-09,2.877566e-05,8.883603e-08,2.8459612e-05,1.6090677e-07,2.7159895e-05,1.1102671e-08,2.0385809e-05,5.5693313e-08,1.9068028e-05,5.5693313e-08,1.8694196e-05,6.399098e-09
915,1.8920532217133612,4.720930420938096,1.0,0.00017978722,0.0,0.00014068333,5.8212173e-08,3.637837e-05,8.183339e-08,2.9596942e-05,4.653506e-09,2.9596396e-05,4.653506e-09,2.686303e-05,5.9594576e-08,2.3478371e-05,5.9594583e-08,1.5816548e-05,4.7652087e-08,1.1662311e-05,6.7112545e-08,1.1352125e-05,8.2903746e-08
916,-0.8558616281783493,4.821612577820318,1.0,5.0583923e-05,6.765014e-08,2.0809357e-05,7.078262e-08,1.9123241e-05,0.0,8.054659e-06,8.098713e-08,5.5647974e-06,4.2645834e-09,4.6495443e-06,4.742267e-09,4.283821e-06,4.7422652e-09,4.035288e-06,4.7585644e-08,2.9963458e-06,7.9314326e-08,1.68087e-06,9.016808e-08
917,-2.550956292869502,-6.131721442398333,1.0,0.000118682976,6.9228896e-08,3.491854e-05,0.0,3.2193166e-05,7.03919e-08,2.9795568e-05,7.03919e-08,2.192496e-05,1.1344956e-07,1.4265766e-05,8.730911e-08,9.682111e-06,1.14245964e-07,9.440431e-06,1.14245964e-07,7.726823e-06,3.903635e-08,7.3425117e-06,3.994078e-09
918,5.082313561933137,-5.421169996310488,1.0,0.00038094207,0.0,0.00015395477,4.1986105e-08,6.0004004e-05,3.7083279e-09,6.0003877e-05,3.7083314e-09,2.6242931e-05,4.0629054e-08,2.2272408e-05,4.355497e-08,2.0296939e-05,9.387079e-08,1.6562422e-05,4.355497e-08,1.3776646e-05,7.559212e-08,1.31752595e-05,8.271092e-09
919,4.448390683369899,3.2256238382071167,1.0,0.0005396741,0.0,0.00015900069,4.799233e-08,8.853742e-05,4.4676476e-09,2.2583634e-05,9.4554785e-08,2.0979012e-05,4.9549755e-08,2.0694464e-05,5.2652062e-08,1.9818857e-05,9.702605e-09,1.5635742e-05,5.466058e-09,1.43744555e-05,7.357121e-08,9.3421495e-06,3.3759036e-08
920,8.596253890362846,2.959405660364224,1.0,0.0006369628,0.0,0.00018924594,2.404775e-08,8.986316e-05,3.2034535e-09,8.9860674e-05,3.203457e-09,3.172818e-05,4.6902272e-08,2.8769047e-05,5.9481486e-08,2.609402e-05,1.6302836e-07,2.1320999e-05,6.534795e-08,2.0489677e-05,7.263729e-09,1.866537e-05,3.9551153e-09
921,-2.870920035002131,-11.416753477968722,1.0,0.00010072577,5.9874296e-08,3.1799784e-05,6.096627e-08,2.9783321e-05,1.2082917e-07,2.8677316e-05,6.096627e-08,2.2640577e-05,1.2267523e-07,2.1773585e-05,0.0,1.8068398e-05,6.386665e-08,7.734024e-06,6.720885e-09,5.250434e-06,8.110574e-08,4.66256e-06,4.265151e-08
922,6.107358192839261,-10.447500813630858,1.0,0.00018778598,0.0,0.00012549941,3.0723847e-08,5.192449e-05,3.814347e-08,4.8303493e-05,1.1793269e-08,2.004368e-05,1.5129179e-07,1.6501228e-05,2.541153e-09,1.2100287e-05,7.820715e-08,7.4260165e-06,1.9273597e-07,6.719813e-06,9.2957364e-08,4.59826e-06,2.4402112e-08
923,1.065159223662528,-10.610702482274656,1.0,0.00011255596,5.0353567e-08,6.420123e-05,0.0,5.6243793e-05,5.6114363e-08,2.9209106e-05,5.160415e-08,2.4677018e-05,5.160415e-08,2.1174466e-05,1.3947917e-07,1.9235176e-05,1.1952661e-08,1.4092585e-05,5.7289366e-08,7.771187e-06,8.15929e-08,7.4596624e-06,2.8237466e-09
924,-9.253564240458575,1.0374910127040842,1.0,3.6963633e-05,1.0280813e-07,3.483053e-05,8.22443e-08,2.6712662e-05,0.0,1.516688e-05,1.0362018e-07,6.760217e-06,2.0498504e-08,5.171108e-06,2.6065177e-07,4.5748784e-06,8.357891e-08,4.4615294e-06,5.2911265e-08,4.3942127e-06,3.1451144e-09,4.393992e-06,3.1451144e-09
925,0.582176304293565,4.621115580737644,1.0,5.3189928e-05,6.3482574e-08,4.6821613e-05,9.898393e-11,3.8398106e-05,0.0,2.0004973e-05,7.596276e-08,1.2779183e-05,5.4367746e-09,1.1666858e-05,5.358247e-09,8.414245e-06,7.680076e-08,6.6510393e-06,4.857087e-09,6.1344817e-06,4.8570854e-09,5.0866774e-06,4.8821708e-08
926,-0.7378064043984374,-2.6216211924714674,1.0,5.59429e-05,0.0,3.0857173e-05,1.4895191e-07,1.4696157e-05,5.837501e-09,9.770133e-06,1.1137362e-07,5.8856667e-06,2.4762738e-07,4.681934e-06,7.2756016e-08,4.601299e-06,6.6345656e-08,4.53486e-06,7.373874e-08,2.8645989e-06,3.7996276e-08,2.4108317e-06,7.0590094e-09
927,3.670962254441557,6.21520553700303,1.0,0.0002482801,0.0,0.00014306202,4.7769042e-08,3.9429848e-05,3.782125e-09,3.9429833e-05,3.782125e-09,2.8046456e-05,1.531891e-07,2.5250753e-05,4.923251e-08,2.2897262e-05,3.7696303e-08,2.0125022e-05,4.923251e-08,2.0078618e-05,9.928455e-08,1.1633966e-05,7.815829e-08
928,-1.8009849964250986,4.7273686106190915,1.0,4.197687e-05,0.0,9.639188e-06,4.666152e-09,9.639063e-06,4.666152e-09,8.579655e-06,4.7675204e-08,6.76336e-06,7.8721584e-08,6.3651655e-06,6.9426154e-09,3.6881356e-06,1.9946643e-07,2.88161e-06,1.0060727e-08,2.440269e-06,3.44623e-08,2.3177101e-06,1.1972421e-08
929,-1.8862361978563342,0.19301344867779058,1.0,0.00012841346,7.590651e-08,6.115595e-05,0.0,2.8987874e-05,7.7125435e-08,2.8893905e-05,7.7125435e-08,2.8834886e-05,1.08858295e-07,1.6733993e-05,6.22373e-09,1.6733886e-05,6.22373e-09,1.1029751e-05,1.0888973e-07,7.5453368e-06,6.928613e-08,7.4731875e-06,7.05541e-08
930,8.241742198093537,7.2369291597200345,1.0,0.00036829105,0.0,0.00015723737,2.3391134e-08,4.4402368e-05,2.7724465e-08,4.071819e-05,2.759382e-09,4.0715477e-05,2.759382e-09,3.8571114e-05,4.360113e-08,1.874729e-05,2.5151277e-08,1.0071693e-05,6.3409153e-09,9.334414e-06,3.4159022e-09,9.333539e-06,3.4159022e-09
931,6.530890258000895,5.6862187854685935,1.0,0.00042314036,0.0,0.00016024556,3.4008934e-08,6.195735e-05,3.3234109e-09,6.195623e-05,3.3234073e-09,3.2009095e-05,3.748641e-08,1.9895946e-05,3.5678056e-08,1.9571857e-05,8.8393016e-08,1.3939191e-05,7.5071185e-09,1.260289e-05,4.100059e-09,1.260279e-05,4.100059e-09
932,6.936885529084506,-9.062869666972047,1.0,0.00025382263,0.0,0.00013771061,2.8378363e-08,4.621874e-05,1.915349e-08,2.6010008e-05,1.5243415e-07,2.5875777e-05,2.6698288e-09,2.5873664e-05,2.6698288e-09,2.2354941e-05,2.9978867e-08,1.9103994e-05,1.5733154e-07,1.6970136e-05,8.895877e-08,1.38740825e-05,2.9978867e-08
933,-6.2634153735302105,1.5804355018163605,1.0,0.00011202401,7.9921826e-08,3.563028e-05,0.0,3.458886e-05,1.2124931e-07,3.3699293e-05,8.097356e-08,3.3239365e-05,8.0973564e-08,1.5248024e-05,1.220064e-07,7.5767753e-06,4.0643204e-09,7.5766015e-06,4.0643204e-09,5.8261307e-06,3.878006e-08,4.6856867e-06,5.661427e-08
934,4.205854831927045,-7.880289033646461,1.0,0.00013629532,4.2719552e-08,4.3669486e-05,5.818359e-08,2.9555033e-05,3.2467398e-09,2.8311748e-05,2.7651591e-08,2.7468688e-05,1.5055208e-07,2.5453035e-05,4.41817e-08,1.938777e-05,4.41817e-08,1.8625173e-05,9.7807e-08,1.1430649e-05,7.8726174e-08,1.0926446e-05,5.940043e-08
935,2.7447290987971726,-0.04703712654203329,1.0,0.00064337964,0.0,0.00015123432,5.9242858e-08,0.00011422302,5.8266867e-09,0.0001142201,5.8266867e-09,2.8866923e-05,1.6026033e-07,2.8491515e-05,1.2030039e-08,2.7147618e-05,9.637513e-08,2.0918476e-05,6.0703876e-08,2.087591e-05,6.0703876e-08,1.7683657e-05,7.0466193e-09
936,-0.2716905213866454,1.6570128886886852,1.0,0.00013567372,7.105497e-08,6.240345e-05,0.0,2.7843384e-05,7.234618e-08,2.685664e-05,7.234618e-08,2.6172956e-05,1.0877927e-07,1.7218645e-05,6.3123142e-09,1.7218576e-05,6.312316e-09,1.1337975e-05,1.0201709e-07,9.864779e-06,1.0967876e-07,5.5311302e-06,1.27961e-08
937,-8.98612747580065,-10.067740646077116,1.0,9.233087e-05,7.203581e-08,5.575733e-05,7.759216e-08,3.477097e-05,7.296727e-08,3.4049022e-05,9.454982e-08,2.2418562e-05,9.925304e-08,2.1153906e-05,7.848236e-08,1.923356e-05,0.0,7.650549e-06,1.284696e-07,6.7726446e-06,1.2694258e-08,6.2890836e-06,1.7541616e-08
938,-5.434479052800125,-2.7273500225373475,1.0,0.00011423382,7.851748e-08,3.7195412e-05,0.0,3.3538327e-05,7.959424e-08,2.7440827e-05,1.1279582e-09,1.5235274e-05,1.2599398e-07,8.263403e-06,5.1837947e-09,8.086463e-06,4.2168455e-09,8.086297e-06,4.2168455e-09,5.6136623e-06,4.2954404e-08,5.262031e-06,8.0898644e-08
939,-6.4690192165477205,-9.202810017032302,1.0,5.2865646e-05,7.838412e-08,3.4189434e-05,7.135776e-08,3.286816e-05,1.09187354e-07,2.2674863e-05,0.0,1.870736e-05,7.9321666e-08,6.636497e-06,1.8658906e-08,5.58684e-06,3.04691e-08,3.0601905e-06,8.918575e-08,2.7224157e-06,2.7022224e-09,2.6577277e-06,8.062196e-08
940,10.974068574806392,-5.704500031443448,1.0,0.000463299,0.0,0.00018605679,8.879908e-09,3.8098617e-05,2.494346e-09,3.8093916e-05,2.494346e-09,3.2241463e-05,3.732167e-08,2.1728927e-05,6.6219876e-08,1.6872564e-05,1.0968073e-08,1.6869248e-05,1.0968073e-08,1.0698921e-05,1.3763401e-08,9.597996e-06,3.0922251e-09
941,5.114728979145006,9.300092237039276,1.0,0.0001929801,0.0,0.00013051611,3.6597076e-08,3.7025915e-05,1.8836811e-08,2.4863995e-05,3.807723e-08,2.2598078e-05,2.8346463e-09,2.259676e-05,2.8346463e-09,1.7951252e-05,3.8077236e-08,7.046687e-06,9.592098e-08,5.486798e-06,6.4997074e-09,5.377912e-06,2.0072033e-08
942,-1.381283963201204,-8.198478832256786,1.0,1.8198472e-05,7.440389e-08,1.2436667e-05,0.0,5.483707e-06,7.545649e-08,5.191639e-06,1.1603351e-08,4.0696586e-06,2.7018821e-08,3.993566e-06,1.419732e-07,3.3493238e-06,1.2237386e-08,2.522333e-06,3.4248302e-09,2.52224e-06,3.4248302e-09,2.0268049e-06,1.250303e-08
943,0.8769797036004583,5.4391190273790535,1.0,0.00013380183,6.084782e-08,2.8606306e-05,6.216897e-08,2.5303336e-05,6.2168965e-08,1.5939713e-05,4.461185e-09,1.3887839e-05,4.395244e-08,1.2102028e-05,8.280104e-08,8.957601e-06,7.973857e-08,8.838314e-06,1.0837934e-07,4.245831e-06,6.249344e-08,4.1071607e-06,1.7940377e-07
944,6.089253324196829,10.321133607134762,1.0,0.00019077328,0.0,0.00012631773,3.0950293e-08,5.1383624e-05,3.8818865e-08,4.749576e-05,1.25218484e-08,2.4005643e-05,3.245705e-08,1.7234672e-05,2.562416e-09,1.7232956e-05,2.5624125e-09,1.6416783e-05,3.245704e-08,1.3560815e-05,4.0181714e-08,6.682414e-06,1.372015e-08
945,-6.950727440997491,-4.9219450057771015,1.0,0.00010702351,7.726899e-08,3.4784698e-05,7.828824e-08,3.353788e-05,7.828825e-08,1.7451133e-05,1.2762123e-07,1.6561138e-05,7.857804e-08,6.1158585e-06,1.5339945e-07,5.3487106e-06,4.07312e-08,5.296809e-06,7.9585256e-08,4.359606e-06,0.0,3.9469146e-06,7.969945e-08
946,-1.336378221545905,9.09757694120016,1.0,0.00011290202,6.04469e-08,3.1307427e-05,6.1624505e-08,3.013015e-05,0.0,2.990709e-05,1.322264e-07,2.7886332e-05,6.1624505e-08,1.5126814e-05,7.1106435e-08,1.0539657e-05,2.1430118e-08,1.01468e-05,1.6520562e-07,4.5188963e-06,5.2163543e-08,4.5064344e-06,3.175714e-09
947,4.608937424288307,-4.343044386485416,1.0,0.00044037026,0.0,0.00015623003,4.5826397e-08,7.154282e-05,4.1145043e-09,7.154232e-05,4.1145043e-09,3.4046483e-05,7.275025e-08,2.2793643e-05,4.6863292e-08,2.1982982e-05,4.7380638e-08,1.7390645e-05,4.7380638e-08,1.5731332e-05,9.049163e-09,1.3846558e-05,7.498736e-08
948,10.839699111021009,9.331761398509855,1.0,0.00030940984,0.0,0.00014686686,8.579391e-09,7.07027e-05,1.5396555e-08,4.252078e-05,2.2156666e-08,2.443281e-05,1.5620498e-07,1.718729e-05,1.0463257e-08,1.2289395e-05,2.1972006e-09,1.2285599e-05,2.197197e-09,1.1011233e-05,1.7087938e-08,1.0685845e-05,1.3005408e-08
949,3.8552443828405796,4.365030567289995,1.0,0.00038002446,0.0,0.00015192288,4.9677215e-08,6.215764e-05,4.3244874e-09,6.215671e-05,4.3244874e-09,2.3407385e-05,5.1180873e-08,2.166121e-05,9.7870924e-08,2.0652975e-05,4.771488e-08,1.925816e-05,5.1180873e-08,1.3794403e-05,9.44026e-09,1.1132257e-05,5.296865e-09
950,3.937439682783223,9.196278162567282,1.0,0.00015797588,0.0,0.00012764428,4.187679e-08,3.0436646e-05,2.0003931e-08,2.7276574e-05,1.4706173e-07,2.6254951e-05,4.3293774e-08,2.0191192e-05,4.3293767e-08,2.0155112e-05,2.973085e-09,2.0154173e-05,2.9730813e-09,1.1405087e-05,5.4148764e-08,4.757799e-06,6.78925e-09
951,-3.9365213470300464,-3.7365087823838588,1.0,4.690979e-05,7.5743884e-08,3.633533e-05,7.7859696e-08,1.6631395e-05,0.0,5.2022633e-06,5.250861e-09,4.541297e-06,4.4976485e-09,4.54123e-06,4.4976485e-09,2.4871e-06,2.0593824e-08,2.1035894e-06,7.517588e-08,1.8503761e-06,1.5971176e-07,1.7580614e-06,9.007426e-09
952,8.170687730310288,6.664478225911157,1.0,0.0003988128,0.0,4.7200243e-05,2.8499016e-09,1.8203667e-05,8.2737756e-08,1.8143866e-05,2.5991866e-08,1.0564092e-05,3.5261394e-09,1.0563356e-05,3.526143e-09,9.222422e-06,2.6300242e-08,6.556941e-06,8.3658705e-08,4.437287e-06,1.1008581e-07,4.381668e-06,2.0471238e-07
953,-7.426441584796846,0.6101625962084718,1.0,0.000108367894,8.0791594e-08,3.5441637e-05,1.1443982e-07,3.4037286e-05,8.180763e-08,3.3880253e-05,8.180762e-08,3.201002e-05,0.0,1.521775e-05,1.1521771e-07,6.358336e-06,3.701322e-09,6.3581415e-06,3.701322e-09,6.1300475e-06,3.194262e-08,5.2683145e-06,2.6000922e-07
954,5.462426750569108,3.3433787051544233,1.0,0.0005869031,0.0,0.00016504957,4.226336e-08,9.5230054e-05,4.0860915e-09,9.522945e-05,4.0860932e-09,3.1406013e-05,7.301483e-08,2.3593553e-05,5.0499366e-08,2.0921698e-05,8.995663e-09,1.8909996e-05,4.3893245e-08,1.748581e-05,5.0140088e-09,1.5803336e-05,7.201605e-08
955,0.041554614734113926,5.240286099436993,1.0,5.1496263e-05,6.411712e-08,2.6860595e-05,0.0,2.0103142e-05,7.304774e-08,8.389994e-06,2.0312676e-09,8.208126e-06,7.739581e-08,4.7683043e-06,4.5257842e-08,4.3765003e-06,4.5822635e-09,4.268968e-06,4.5822617e-09,3.273438e-06,7.975891e-08,1.7076594e-06,8.6070685e-08
956,-3.9318484728925798,-0.937706556694172,1.0,4.7604844e-05,0.0,3.290831e-05,1.3530784e-07,3.1280095e-05,7.964046e-08,1.1564412e-05,5.163024e-09,5.556998e-06,2.5660495e-07,5.2505434e-06,7.9919886e-08,5.226294e-06,5.2630693e-08,5.0882436e-06,8.0946634e-08,3.2726957e-06,1.12216725e-07,2.6433072e-06,3.607821e-08
957,-5.094036656335044,-4.8583343164678805,1.0,0.00011283715,7.5547376e-08,3.379222e-05,7.6626634e-08,1.7436932e-05,7.6853745e-08,1.7363347e-05,1.3770192e-07,8.164169e-06,2.4098145e-07,7.883854e-06,3.2272727e-09,5.420297e-06,4.3566637e-08,5.155927e-06,7.7919566e-08,4.084224e-06,0.0,3.1117083e-06,7.811899e-08
958,3.673787719579188,10.716052718116206,1.0,0.00012069559,0.0,0.00011809019,4.0648978e-08,3.3544984e-05,1.0900383e-08,2.6960975e-05,1.4298317e-07,1.6946233e-05,4.182722e-08,1.2505986e-05,2.6864662e-09,1.1976285e-05,4.7853185e-08,9.7996035e-06,8.0431846e-08,6.23171e-06,1.09623315e-07,3.7494174e-06,6.290102e-08
959,4.885665848892721,-8.484507650756685,1.0,0.00021168776,0.0,0.00013503186,3.8752685e-08,3.309254e-05,2.3700231e-08,2.7727949e-05,3.0242724e-09,2.4831284e-05,4.0240675e-08,1.9742338e-05,3.9964032e-08,1.8148876e-05,4.0240675e-08,1.799419e-05,9.5697914e-08,1.1847689e-05,7.8382314e-08,1.0615234e-05,5.3811707e-08
960,-7.336083263540194,-7.958667654794113,1.0,4.9001224e-05,8.4159936e-08,3.478361e-05,7.437767e-08,3.4003624e-05,1.0688858e-07,2.3460016e-05,0.0,1.8151464e-05,8.506376e-08,6.149909e-06,2.4817712e-08,5.915614e-06,2.7496501e-08,3.057896e-06,2.7895588e-09,2.868432e-06,9.460146e-08,2.8564693e-06,8.631814e-08
961,-1.1142795726451773,-10.101978715907837,1.0,5.5002452e-05,6.4737755e-08,2.1248707e-05,1.345586e-07,2.004696e-05,6.583162e-08,1.554893e-05,6.583163e-08,1.1385903e-05,1.5156434e-08,1.0947056e-05,1.3520808e-07,8.48182e-06,6.588881e-08,6.6432335e-06,1.2318476e-07,3.2722157e-06,1.3583148e-07,3.2704306e-06,1.2388033e-07
962,-1.3581763815870325,-7.633911045959884,1.0,3.1028416e-05,0.0,3.0379386e-05,1.3567612e-07,2.0297128e-05,1.1145914e-07,1.1267321e-05,2.4910793e-09,8.977776e-06,1.1224849e-07,8.799253e-06,1.1224849e-07,6.623005e-06,8.066058e-08,6.5493737e-06,2.3244549e-07,6.013251e-06,3.6004746e-09,6.0130546e-06,3.6004746e-09
963,9.96669026349193,7.672328124086523,1.0,0.00036909446,0.0,5.4651635e-05,2.397454e-08,2.8692333e-05,2.4586413e-09,1.6593582e-05,1.5725004e-08,7.3527403e-06,3.0485197e-09,4.9980003e-06,3.4647055e-08,3.255191e-06,1.5522433e-07,3.2134599e-06,1.5165575e-07,3.1993839e-06,7.612877e-08,2.8777577e-06,3.8282227e-08
964,-6.129676429477415,-1.2504602099691073,1.0,0.00011253043,8.000572e-08,3.6458012e-05,0.0,3.349212e-05,8.106234e-08,3.3122124e-05,8.106234e-08,1.5246693e-05,1.2298833e-07,1.2385524e-05,1.1252642e-07,7.847069e-06,4.1453188e-09,7.846894e-06,4.145315e-09,5.7809366e-06,3.97098e-08,5.5272267e-06,2.5752342e-07
965,-4.673985016547883,0.8644809686687616,1.0,0.00011760416,7.919638e-08,4.3576827e-05,0.0,3.3417098e-05,1.3108406e-07,3.224973e-05,8.0303806e-08,3.194733e-05,8.0303806e-08,1.3616388e-05,1.5386343e-07,1.0171244e-05,4.8109037e-09,1.0171091e-05,4.8109037e-09,7.3370175e-06,6.8906623e-09,5.397073e-06,4.8438583e-08
966,-7.190502435871082,5.873960820033776,1.0,4.315545e-05,9.188706e-08,3.491855e-05,7.7246234e-08,2.6777703e-05,0.0,1.824186e-05,1.2324622e-07,1.6550355e-05,9.276977e-08,1.6420961e-05,9.276978e-08,6.0122884e-06,3.0238546e-08,5.568767e-06,3.5728497e-08,4.527783e-06,1.8178491e-07,4.419931e-06,3.1521203e-09
967,7.750960104333707,-4.245193255199331,1.0,0.000555199,0.0,0.00017647918,2.8379887e-08,8.012031e-05,3.2730938e-09,8.011875e-05,3.2730938e-09,3.239768e-05,4.2738314e-08,3.1694646e-05,5.864468e-08,2.0343772e-05,8.16812e-08,1.8498062e-05,6.944038e-08,1.8120467e-05,7.4053332e-09,1.6437483e-05,4.039304e-09
968,-6.758728824401214,-7.595928977504361,1.0,4.7816033e-05,8.508913e-08,2.4777031e-05,0.0,3.610232e-06,2.9347689e-09,2.7871042e-06,9.561897e-08,2.6951097e-06,8.726681e-08,2.4775957e-06,4.8704695e-08,1.9257566e-06,4.843636e-08,1.4328901e-06,2.6789312e-08,8.858181e-07,2.8463948e-08,8.369278e-07,3.2012107e-08
969,6.097502092173784,9.540617067077989,1.0,0.0002143348,0.0,0.00013174672,3.1821394e-08,4.3651635e-05,1.6960357e-08,2.3714441e-05,3.3353054e-08,2.2232181e-05,2.6875817e-09,2.2230515e-05,2.6875853e-09,1.602138e-05,3.3353054e-08,6.1999513e-06,1.8169889e-08,5.6138583e-06,6.188529e-09,5.2055198e-06,3.3283456e-09
970,-10.09142795505935,3.8415401470418846,1.0,3.7496917e-05,9.599012e-08,2.640603e-05,1.13691144e-07,1.6526721e-05,9.973121e-08,1.2547479e-05,1.1442093e-07,7.1311624e-06,1.4649235e-08,5.589224e-06,8.233853e-08,3.4356667e-06,1.00854265e-07,3.1723155e-06,9.961384e-08,2.5391594e-06,4.8952543e-08,2.2848205e-06,7.070697e-08
971,-3.5012638972215786,2.2767831813912434,1.0,4.830466e-05,7.701175e-08,1.6808273e-05,0.0,1.2668723e-05,7.8160284e-08,4.652669e-06,5.0951474e-09,4.6523714e-06,5.0951456e-09,3.091117e-06,1.5449915e-07,2.4393858e-06,5.855311e-08,2.2788215e-06,7.340745e-08,2.0462826e-06,5.404716e-08,1.4840223e-06,1.0812808e-08
972,-11.044193426996411,0.26355531859698544,1.0,9.813288e-05,8.1780655e-08,3.540635e-05,8.269693e-08,2.3041157e-05,0.0,1.5024444e-05,9.228664e-08,1.4770558e-05,1.07996314e-07,7.396529e-06,9.242807e-09,5.4708107e-06,8.292312e-08,5.3196372e-06,8.396829e-08,4.2527113e-06,5.215101e-08,2.8794504e-06,2.7430431e-09
973,2.921204820401382,-6.9547958883745045,1.0,7.6258286e-05,0.0,7.56183e-05,1.1049828e-09,2.9393008e-05,1.4991777e-09,2.524998e-05,2.5508236e-09,1.6631082e-05,8.6838675e-08,1.5872065e-05,4.653007e-09,1.3730589e-05,6.7566205e-08,1.2520949e-05,3.6701984e-09,1.244228e-05,3.6701948e-09,9.761018e-06,5.128522e-08
974,10.791416368950546,4.7599352331523335,1.0,0.000509212,0.0,4.7990983e-05,2.5971083e-09,4.433802e-05,3.612158e-08,2.2631742e-05,6.488963e-08,1.8602987e-05,6.9265084e-08,1.6267386e-05,1.2298148e-08,1.2507211e-05,5.995286e-09,1.234345e-05,2.476057e-08,1.1585827e-05,3.217881e-09,9.88447e-06,1.5117472e-08
975,0.9480488406949359,6.544380577336224,1.0,9.061756e-05,0.0,4.165016e-05,7.622317e-08,2.8955294e-05,5.974127e-08,1.4870368e-05,3.7290885e-08,1.46423845e-05,4.004992e-09,1.194369e-05,7.73082e-08,8.704787e-06,8.033136e-08,4.2749266e-06,7.7033945e-08,4.256075e-06,6.447638e-08,2.7130347e-06,4.9174744e-09
976,8.960687748278488,-10.767410365474426,1.0,0.00023697404,0.0,0.00012960573,1.7211622e-08,7.074995e-05,9.071044e-09,2.0644862e-05,1.8881249e-08,1.5288662e-05,8.283891e-08,1.0952417e-05,2.2381386e-09,1.0949619e-05,2.2381421e-09,9.211402e-06,1.01744035e-08,7.978108e-06,1.0969298e-08,7.977961e-06,1.0969298e-08
977,3.058353842985614,9.651475933606456,1.0,0.00012252052,4.4751005e-08,0.00012158754,0.0,2.7552247e-05,1.440703e-07,2.7315575e-05,4.611215e-08,2.7134101e-05,1.7570052e-08,1.527059e-05,2.9447627e-09,1.526996e-05,2.944759e-09,1.216799e-05,5.5221875e-08,4.8287625e-06,5.4761166e-08,3.862092e-06,6.355842e-08
978,-6.807006749711197,-8.430396944861752,1.0,5.0379822e-05,8.184439e-08,3.449523e-05,7.3042656e-08,3.3439475e-05,1.088728e-07,2.3438159e-05,0.0,1.8232631e-05,8.276521e-08,7.918512e-06,2.361209e-07,6.341696e-06,2.2696671e-08,5.7319708e-06,2.9674656e-08,5.095993e-06,7.431221e-08,3.0486149e-06,2.7871394e-09
979,-4.869667275629819,-10.179408733336025,1.0,5.618063e-05,7.208723e-08,3.1441654e-05,1.14961125e-07,2.261194e-05,0.0,2.2032842e-05,1.1907386e-07,1.9167586e-05,1.145807e-07,1.8499106e-05,7.307611e-08,9.247334e-06,1.15299116e-07,9.0848425e-06,1.1529913e-07,7.124626e-06,1.3784703e-08,5.136844e-06,3.648324e-08
980,-6.931684354317775,6.986119787339501,1.0,3.4754637e-05,7.54182e-08,3.410495e-05,1.1071303e-07,2.54832e-05,0.0,1.7180993e-05,8.848403e-08,5.886628e-06,3.0315444e-08,5.8674786e-06,3.0545326e-08,3.900291e-06,3.0119338e-09,3.4771692e-06,8.8240085e-08,2.7350611e-06,8.9734755e-08,2.6897426e-06,9.7995695e-08
981,1.4046363181725336,2.2963921759731196,1.0,0.00020713055,0.0,0.0001434749,6.411261e-08,3.6917314e-05,5.8532077e-09,3.691647e-05,5.853206e-09,2.5768035e-05,6.548824e-08,1.2984394e-05,6.095743e-08,1.0667719e-05,7.6059926e-08,9.232439e-06,1.2072704e-08,5.700152e-06,7.076995e-09,4.248516e-06,7.332736e-08
982,10.387847844769034,-10.648351037804336,1.0,0.00026060798,0.0,7.987986e-05,9.200193e-09,1.9308223e-05,1.5608862e-07,1.8762721e-05,1.2160484e-08,1.06820635e-05,1.1009718e-08,1.0681748e-05,1.1009718e-08,7.771311e-06,1.6979493e-07,7.1708046e-06,2.1215918e-09,6.964643e-06,1.9806087e-08,6.8149607e-06,2.1490543e-08
983,-1.3944809341707707,2.58545919139174,1.0,0.00012987015,7.2910375e-08,5.4549142e-05,0.0,2.9871591e-05,7.414553e-08,2.8559853e-05,7.414553e-08,1.4155452e-05,5.7297243e-09,1.4155273e-05,5.7297243e-09,1.27924095e-05,1.7034468e-07,1.0011079e-05,1.1235999e-07,8.57058e-06,2.3876524e-07,7.4937398e-06,7.653974e-08
984,-9.338925241831392,-10.916154598873328,1.0,5.850313e-05,7.47767e-08,3.4567413e-05,7.2103425e-08,3.375415e-05,9.132365e-08,2.339579e-05,9.441295e-08,2.2248656e-05,7.566707e-08,1.8153767e-05,0.0,7.985123e-06,1.2431013e-07,7.1179506e-06,8.183772e-09,3.3339286e-06,8.5073644e-08,2.9645062e-06,2.1770049e-08
985,6.008282856230554,-8.265002951214896,1.0,0.0002590641,0.0,0.00014042054,3.3762632e-08,3.7892496e-05,2.4190427e-08,3.2129126e-05,2.9231053e-09,3.2127624e-05,2.9231053e-09,2.657599e-05,1.52715e-07,2.3170389e-05,3.53265e-08,1.8802868e-05,1.5883842e-07,1.7800408e-05,9.1862844e-08,1.5573694e-05,3.5326508e-08
986,6.764786964065099,-7.5588408532795235,1.0,0.00031593323,0.0,0.00014840129,3.0811055e-08,5.220105e-05,5.1958995e-08,4.0797753e-05,4.8848026e-08,3.9576782e-05,2.94024e-09,3.9574916e-05,2.94024e-09,3.8910734e-05,2.7438748e-08,2.1678741e-05,3.2021422e-08,2.1501133e-05,3.244728e-08,1.3291781e-05,3.244728e-08
987,6.451533928034959,10.074636426833258,1.0,0.00020690815,0.0,0.00012893828,2.9584697e-08,4.999574e-05,3.8450594e-08,4.8528655e-05,1.3777903e-08,2.5970148e-05,1.4966524e-07,2.3479977e-05,3.1120884e-08,1.877938e-05,2.5660825e-09,1.8777439e-05,2.566086e-09,1.5557282e-05,3.1120884e-08,1.2623322e-05,7.762823e-08
988,-0.2709231057248882,2.595702707821225,1.0,0.00013489401,6.9850884e-08,5.6681274e-05,0.0,2.8482864e-05,7.113828e-08,2.696491e-05,7.113829e-08,2.4978859e-05,1.0959438e-07,1.4984169e-05,5.8938205e-09,1.4983976e-05,5.8938205e-09,1.3540853e-05,8.755426e-08,1.2807782e-05,1.7424418e-07,8.588541e-06,7.708438e-08
989,-4.845946737176091,0.0003773228935219919,1.0,0.00011679239,7.9485744e-08,4.3083048e-05,0.0,3.347173e-05,1.3024778e-07,3.196631e-05,8.058742e-08,1.4103498e-05,1.5171914e-07,1.0005972e-05,4.7665267e-09,1.0005785e-05,4.7665285e-09,8.194103e-06,2.4571168e-07,5.412546e-06,2.584466e-07,5.34293e-06,8.085879e-08
990,-5.970374195223312,4.686670866352689,1.0,3.4063673e-05,1.1967954e-07,3.1553212e-05,0.0,1.52174725e-05,9.653664e-08,6.198681e-06,3.654522e-09,5.7204666e-06,3.8101845e-08,5.342967e-06,4.3254715e-08,3.5369167e-06,9.637699e-08,2.5284485e-06,9.777514e-08,2.2460674e-06,6.5181005e-08,1.9381473e-06,8.9757876e-08
991,10.363253286889318,-2.75585320231729,1.0,0.0006066967,0.0,0.00020535498,1.3264319e-08,6.9836206e-05,2.810971e-09,3.6274552e-05,4.475911e-08,2.7289623e-05,5.1640168e-08,2.5359654e-05,1.6382403e-07,2.4725692e-05,6.154612e-08,2.0544943e-05,6.733805e-08,1.5786032e-05,3.4787426e-09,1.2639529e-05,1.5383613e-08
992,11.009220969427684,-2.964680612393087,1.0,0.0005821198,0.0,0.00021016692,9.231609e-09,5.9477283e-05,2.6720919e-09,2.7170103e-05,4.7778574e-08,2.555923e-05,6.082881e-08,2.5092246e-05,1.6387774e-07,1.628384e-05,1.1429044e-08,1.6280535e-05,1.1429044e-08,1.3994592e-05,3.3094416e-09,1.3917788e-05,2.5230651e-08
993,5.389667104611345,11.241477549384623,1.0,0.00015200075,0.0,2.4997516e-05,3.4336892e-08,1.2179025e-05,2.4774387e-09,1.0623776e-05,3.8702325e-08,5.3522904e-06,3.8103593e-08,4.5585352e-06,9.524886e-09,4.557757e-06,9.524886e-09,4.2941215e-06,8.7536066e-08,4.2084457e-06,8.017328e-08,4.196811e-06,4.8703313e-08
994,10.487455996961764,4.406589720015729,1.0,0.00052985677,0.0,0.00019522764,1.2098418e-08,5.440757e-05,2.6771474e-09,5.4403255e-05,2.6771474e-09,4.1970525e-05,3.80106e-08,3.0032596e-05,4.4865974e-08,2.5224172e-05,1.6251619e-07,2.261158e-05,6.476995e-08,1.4769915e-05,1.418346e-08,1.4764817e-05,1.4183467e-08
995,-7.039265074749959,-1.995823863342391,1.0,0.000109389395,8.009167e-08,3.246476e-05,0.0,1.7106404e-05,8.1413276e-08,1.5240177e-05,1.1703046e-07,1.238166e-05,1.13361345e-07,6.515714e-06,3.747699e-09,6.5155327e-06,3.747699e-09,6.05863e-06,3.392327e-08,4.53445e-06,6.1576007e-09,4.089097e-06,6.6195945e-08
996,-1.3145148080751614,2.957045570372422,1.0,0.00012979202,7.216808e-08,5.2616146e-05,0.0,2.847686e-05,7.340506e-08,2.491355e-05,1.11597416e-07,2.0180203e-05,7.347947e-08,1.3414127e-05,5.576993e-09,1.3413911e-05,5.576993e-09,1.0230579e-05,1.12458665e-07,7.4935438e-06,7.714411e-08,4.8096044e-06,7.370923e-08
997,-1.8301928296715015,0.0824601176912747,1.0,0.00012859877,7.580997e-08,6.153196e-05,0.0,2.884175e-05,7.7031366e-08,2.8801736e-05,7.7031366e-08,1.6880404e-05,6.2505787e-09,1.6880285e-05,6.2505787e-09,7.583655e-06,6.972571e-08,7.5521825e-06,7.026749e-08,5.4253314e-06,1.2700465e-08,3.4412362e-06,1.09096e-07
998,-4.5306752696889845,-11.378659250312356,1.0,6.0924736e-05,6.63183e-08,3.0671716e-05,1.13937766e-07,2.299346e-05,1.15913146e-07,2.1011529e-05,0.0,1.9439263e-05,6.733162e-08,7.681375e-06,6.730687e-09,4.9906075e-06,3.627303e-08,3.4410116e-06,7.791893e-08,3.1183254e-06,6.446677e-08,2.7160238e-06,4.01157e-08
999,8.597668120883384,-4.7643403832494995,1.0,0.0005220394,0.0,6.806136e-05,3.0148257e-09,3.6722828e-05,3.914407e-08,3.2152006e-05,5.2508042e-08,1.4667701e-05,3.7265764e-09,1.4666832e-05,3.7265764e-09,1.1697936e-05,2.7238663e-08,6.949355e-06,5.3764772e-08,6.8667314e-06,4.0622048e-08,6.565569e-06,7.9715065e-08
