stage,method,metric,ebno_db,value
resource_managers,static,ber,-5.0,0.1570866902669271
resource_managers,static,ber,-4.5,0.133453369140625
resource_managers,static,ber,-4.0,0.08005269368489583
resource_managers,static,ber,-3.5,0.06871831984747023
resource_managers,static,ber,-3.0,0.04310561671401515
resource_managers,static,ber,-2.5,0.035481770833333336
resource_managers,static,ber,-2.0,0.023810323079427084
resource_managers,static,ber,-1.5,0.014423408893623738
resource_managers,static,ber,-1.0,0.008375705816806892
resource_managers,static,ber,-0.5,0.005644593057753165
resource_managers,static,ber,0.0,0.0039370262016684325
resource_managers,static,ber,0.5,0.0
resource_managers,static,ber,1.0,0.0020467440287272134
resource_managers,static,ber,1.5,0.001617749532063802
resource_managers,static,ber,2.0,0.0011712710062662761
resource_managers,static,ber,2.5,0.0008714199066162109
resource_managers,static,ber,3.0,0.0
resource_managers,static,ber,3.5,0.0
resource_managers,static,ber,4.0,0.0003344217936197917
resource_managers,static,ber,4.5,0.0
resource_managers,static,ber,5.0,0.0
resource_managers,static,ber,5.5,0.00020051002502441406
resource_managers,static,ber,6.0,0.0
resource_managers,static,ber,6.5,0.0
resource_managers,static,ber,7.0,0.0
resource_managers,static,ber,7.5,0.0
resource_managers,static,ber,8.0,0.0
resource_managers,static,ber,8.5,0.0
resource_managers,static,ber,9.0,0.0
resource_managers,static,ber,9.5,0.0
resource_managers,static,ber,10.0,0.0
resource_managers,static,ber_upper_confidence,-5.0,0.1580435424679186
resource_managers,static,ber_upper_confidence,-4.5,0.13425323004787337
resource_managers,static,ber_upper_confidence,-4.0,0.08063583507340213
resource_managers,static,ber_upper_confidence,-3.5,0.06922163116640138
resource_managers,static,ber_upper_confidence,-3.0,0.0434280123281217
resource_managers,static,ber_upper_confidence,-2.5,0.035751926511607225
resource_managers,static,ber_upper_confidence,-2.0,0.023989824285264687
resource_managers,static,ber_upper_confidence,-1.5,0.014532698518028384
resource_managers,static,ber_upper_confidence,-1.0,0.008442268154196988
resource_managers,static,ber_upper_confidence,-0.5,0.005688985255421297
resource_managers,static,ber_upper_confidence,0.0,0.0039673853532693594
resource_managers,static,ber_upper_confidence,0.5,7.618541141647314e-06
resource_managers,static,ber_upper_confidence,1.0,0.0020678080997045337
resource_managers,static,ber_upper_confidence,1.5,0.0016364924858333814
resource_managers,static,ber_upper_confidence,2.0,0.0011872389053128646
resource_managers,static,ber_upper_confidence,2.5,0.0008852100102294302
resource_managers,static,ber_upper_confidence,3.0,7.618541141647314e-06
resource_managers,static,ber_upper_confidence,3.5,7.618541141647314e-06
resource_managers,static,ber_upper_confidence,4.0,0.0003430082599292607
resource_managers,static,ber_upper_confidence,4.5,7.618541141647314e-06
resource_managers,static,ber_upper_confidence,5.0,7.618541141647314e-06
resource_managers,static,ber_upper_confidence,5.5,0.00020718376909232788
resource_managers,static,ber_upper_confidence,6.0,7.618541141647314e-06
resource_managers,static,ber_upper_confidence,6.5,7.618541141647314e-06
resource_managers,static,ber_upper_confidence,7.0,7.618541141647314e-06
resource_managers,static,ber_upper_confidence,7.5,7.618541141647314e-06
resource_managers,static,ber_upper_confidence,8.0,7.618541141647314e-06
resource_managers,static,ber_upper_confidence,8.5,7.618541141647314e-06
resource_managers,static,ber_upper_confidence,9.0,7.618541141647314e-06
resource_managers,static,ber_upper_confidence,9.5,7.618541141647314e-06
resource_managers,static,ber_upper_confidence,10.0,7.618541141647314e-06
resource_managers,static,latency_ms,-5.0,646.9584083289684
resource_managers,static,latency_ms,-4.5,703.444683335287
resource_managers,static,latency_ms,-4.0,739.1644166683856
resource_managers,static,latency_ms,-3.5,764.5475404824641
resource_managers,static,latency_ms,-3.0,796.0516106071981
resource_managers,static,latency_ms,-2.5,818.8683756454622
resource_managers,static,latency_ms,-2.0,816.4619133345278
resource_managers,static,latency_ms,-1.5,872.5641500022368
resource_managers,static,latency_ms,-1.0,902.5897044867427
resource_managers,static,latency_ms,-0.5,936.4794529538735
resource_managers,static,latency_ms,0.0,986.3183333334277
resource_managers,static,latency_ms,0.5,677.3609083367355
resource_managers,static,latency_ms,1.0,980.9555661460357
resource_managers,static,latency_ms,1.5,977.6339052090456
resource_managers,static,latency_ms,2.0,981.2214591130718
resource_managers,static,latency_ms,2.5,968.8230833343417
resource_managers,static,latency_ms,3.0,691.3994583348123
resource_managers,static,latency_ms,3.5,692.8223083351933
resource_managers,static,latency_ms,4.0,973.3978317705399
resource_managers,static,latency_ms,4.5,699.5528333256099
resource_managers,static,latency_ms,5.0,670.7417833360106
resource_managers,static,latency_ms,5.5,980.7000927081893
resource_managers,static,latency_ms,6.0,669.601258324432
resource_managers,static,latency_ms,6.5,702.5739583379201
resource_managers,static,latency_ms,7.0,761.4081333278173
resource_managers,static,latency_ms,7.5,729.4776333339124
resource_managers,static,latency_ms,8.0,691.0781583329973
resource_managers,static,latency_ms,8.5,754.8452333332116
resource_managers,static,latency_ms,9.0,709.7581333265717
resource_managers,static,latency_ms,9.5,724.1529333233794
resource_managers,static,latency_ms,10.0,713.4343333429152
resource_managers,static,throughput_bits_per_batch,-5.0,82861.75
resource_managers,static,throughput_bits_per_batch,-4.5,85185.0
resource_managers,static,throughput_bits_per_batch,-4.0,90434.5
resource_managers,static,throughput_bits_per_batch,-3.5,91548.71428571429
resource_managers,static,throughput_bits_per_batch,-3.0,94066.54545454546
resource_managers,static,throughput_bits_per_batch,-2.5,94816.0
resource_managers,static,throughput_bits_per_batch,-2.0,95963.35
resource_managers,static,throughput_bits_per_batch,-1.5,96886.12121212122
resource_managers,static,throughput_bits_per_batch,-1.0,97480.63461538461
resource_managers,static,throughput_bits_per_batch,-0.5,97749.11392405063
resource_managers,static,throughput_bits_per_batch,0.0,97916.97457627118
resource_managers,static,throughput_bits_per_batch,0.5,98304.0
resource_managers,static,throughput_bits_per_batch,1.0,98102.796875
resource_managers,static,throughput_bits_per_batch,1.5,98144.96875
resource_managers,static,throughput_bits_per_batch,2.0,98188.859375
resource_managers,static,throughput_bits_per_batch,2.5,98218.3359375
resource_managers,static,throughput_bits_per_batch,3.0,98304.0
resource_managers,static,throughput_bits_per_batch,3.5,98304.0
resource_managers,static,throughput_bits_per_batch,4.0,98271.125
resource_managers,static,throughput_bits_per_batch,4.5,98304.0
resource_managers,static,throughput_bits_per_batch,5.0,98304.0
resource_managers,static,throughput_bits_per_batch,5.5,98284.2890625
resource_managers,static,throughput_bits_per_batch,6.0,98304.0
resource_managers,static,throughput_bits_per_batch,6.5,98304.0
resource_managers,static,throughput_bits_per_batch,7.0,98304.0
resource_managers,static,throughput_bits_per_batch,7.5,98304.0
resource_managers,static,throughput_bits_per_batch,8.0,98304.0
resource_managers,static,throughput_bits_per_batch,8.5,98304.0
resource_managers,static,throughput_bits_per_batch,9.0,98304.0
resource_managers,static,throughput_bits_per_batch,9.5,98304.0
resource_managers,static,throughput_bits_per_batch,10.0,98304.0
resource_managers,static,energy_joules_per_batch,-5.0,0.00018645100000000002
resource_managers,static,energy_joules_per_batch,-4.5,0.00018645100000000002
resource_managers,static,energy_joules_per_batch,-4.0,0.00018645100000000002
resource_managers,static,energy_joules_per_batch,-3.5,0.00018645100000000002
resource_managers,static,energy_joules_per_batch,-3.0,0.00018645100000000005
resource_managers,static,energy_joules_per_batch,-2.5,0.00018645100000000008
resource_managers,static,energy_joules_per_batch,-2.0,0.0001864510000000001
resource_managers,static,energy_joules_per_batch,-1.5,0.00018645099999999994
resource_managers,static,energy_joules_per_batch,-1.0,0.00018645100000000008
resource_managers,static,energy_joules_per_batch,-0.5,0.0001864510000000003
resource_managers,static,energy_joules_per_batch,0.0,0.0001864510000000004
resource_managers,static,energy_joules_per_batch,0.5,0.00018645100000000002
resource_managers,static,energy_joules_per_batch,1.0,0.00018645100000000043
resource_managers,static,energy_joules_per_batch,1.5,0.00018645100000000043
resource_managers,static,energy_joules_per_batch,2.0,0.00018645100000000043
resource_managers,static,energy_joules_per_batch,2.5,0.00018645100000000043
resource_managers,static,energy_joules_per_batch,3.0,0.00018645100000000002
resource_managers,static,energy_joules_per_batch,3.5,0.00018645100000000002
resource_managers,static,energy_joules_per_batch,4.0,0.00018645100000000043
resource_managers,static,energy_joules_per_batch,4.5,0.00018645100000000002
resource_managers,static,energy_joules_per_batch,5.0,0.00018645100000000002
resource_managers,static,energy_joules_per_batch,5.5,0.00018645100000000043
resource_managers,static,energy_joules_per_batch,6.0,0.00018645100000000002
resource_managers,static,energy_joules_per_batch,6.5,0.00018645100000000002
resource_managers,static,energy_joules_per_batch,7.0,0.00018645100000000002
resource_managers,static,energy_joules_per_batch,7.5,0.00018645100000000002
resource_managers,static,energy_joules_per_batch,8.0,0.00018645100000000002
resource_managers,static,energy_joules_per_batch,8.5,0.00018645100000000002
resource_managers,static,energy_joules_per_batch,9.0,0.00018645100000000002
resource_managers,static,energy_joules_per_batch,9.5,0.00018645100000000002
resource_managers,static,energy_joules_per_batch,10.0,0.00018645100000000002
resource_managers,static,avg_power_w,-5.0,0.00028819626980594484
resource_managers,static,avg_power_w,-4.5,0.00026505424579508944
resource_managers,static,avg_power_w,-4.0,0.00025224563817666603
resource_managers,static,avg_power_w,-3.5,0.00024387103499455507
resource_managers,static,avg_power_w,-3.0,0.00023421973841342055
resource_managers,static,avg_power_w,-2.5,0.00022769349207439176
resource_managers,static,avg_power_w,-2.0,0.00022836460213864968
resource_managers,static,avg_power_w,-1.5,0.0002136817103928943
resource_managers,static,avg_power_w,-1.0,0.00020657337334245948
resource_managers,static,avg_power_w,-0.5,0.00019909780125115459
resource_managers,static,avg_power_w,0.0,0.00018903734595488868
resource_managers,static,avg_power_w,0.5,0.0002752609394862065
resource_managers,static,avg_power_w,1.0,0.00019007079059913637
resource_managers,static,avg_power_w,1.5,0.00019071658522331217
resource_managers,static,avg_power_w,2.0,0.00019001928491100664
resource_managers,static,avg_power_w,2.5,0.00019245102971566586
resource_managers,static,avg_power_w,3.0,0.00026967189191766844
resource_managers,static,avg_power_w,3.5,0.00026911806643182374
resource_managers,static,avg_power_w,4.0,0.00019154655364380624
resource_managers,static,avg_power_w,4.5,0.0002665288325881393
resource_managers,static,avg_power_w,5.0,0.0002779773150148254
resource_managers,static,avg_power_w,5.5,0.00019012030424624376
resource_managers,static,avg_power_w,6.0,0.00027845079094768015
resource_managers,static,avg_power_w,6.5,0.00026538273698770067
resource_managers,static,avg_power_w,7.0,0.00024487655416168935
resource_managers,static,avg_power_w,7.5,0.00025559522524065323
resource_managers,static,avg_power_w,8.0,0.0002697972693128557
resource_managers,static,avg_power_w,8.5,0.0002470056003091893
resource_managers,static,avg_power_w,9.0,0.00026269653174120194
resource_managers,static,avg_power_w,9.5,0.000257474618164307
resource_managers,static,avg_power_w,10.0,0.0002613429033143847
resource_managers,static,runtime_sec,-5.0,2.783436800033087
resource_managers,static,runtime_sec,-4.5,3.779063399968436
resource_managers,static,runtime_sec,-4.0,4.782241399982013
resource_managers,static,runtime_sec,-3.5,5.750377099990146
resource_managers,static,runtime_sec,-3.0,9.433598400064511
resource_managers,static,runtime_sec,-2.5,11.477204900060315
resource_managers,static,runtime_sec,-2.0,17.588028400059557
resource_managers,static,runtime_sec,-1.5,30.98952930010273
resource_managers,static,runtime_sec,-1.0,50.484888000035426
resource_managers,static,runtime_sec,-0.5,79.62444679997861
resource_managers,static,runtime_sec,0.0,125.14757710008416
resource_managers,static,runtime_sec,0.5,2.9104610000213142
resource_managers,static,runtime_sec,1.0,134.98927160006133
resource_managers,static,runtime_sec,1.5,134.69510049998644
resource_managers,static,runtime_sec,2.0,135.29948340018746
resource_managers,static,runtime_sec,2.5,133.31424699991476
resource_managers,static,runtime_sec,3.0,2.977045400009956
resource_managers,static,runtime_sec,3.5,2.9921637999941595
resource_managers,static,runtime_sec,4.0,134.04197359990212
resource_managers,static,runtime_sec,4.5,3.0093364999920595
resource_managers,static,runtime_sec,5.0,2.8900555999716744
resource_managers,static,runtime_sec,5.5,135.02329330003704
resource_managers,static,runtime_sec,6.0,2.9083861999970395
resource_managers,static,runtime_sec,6.5,3.0522642999712843
resource_managers,static,runtime_sec,7.0,3.3423983000102453
resource_managers,static,runtime_sec,7.5,3.1589180000009947
resource_managers,static,runtime_sec,8.0,3.0061357999802567
resource_managers,static,runtime_sec,8.5,3.2666110999998637
resource_managers,static,runtime_sec,9.0,3.085834799974691
resource_managers,static,runtime_sec,9.5,3.145380200003274
resource_managers,static,runtime_sec,10.0,3.1025387000117917
resource_managers,static,bit_errors,-5.0,61769.0
resource_managers,static,bit_errors,-4.5,65595.0
resource_managers,static,bit_errors,-4.0,47217.0
resource_managers,static,bit_errors,-3.5,47287.0
resource_managers,static,bit_errors,-3.0,46612.0
resource_managers,static,bit_errors,-2.5,45344.0
resource_managers,static,bit_errors,-2.0,46813.0
resource_managers,static,bit_errors,-1.5,46790.0
resource_managers,static,bit_errors,-1.0,42815.0
resource_managers,static,bit_errors,-0.5,43836.0
resource_managers,static,bit_errors,0.0,45669.0
resource_managers,static,bit_errors,0.5,0.0
resource_managers,static,bit_errors,1.0,25754.0
resource_managers,static,bit_errors,1.5,20356.0
resource_managers,static,bit_errors,2.0,14738.0
resource_managers,static,bit_errors,2.5,10965.0
resource_managers,static,bit_errors,3.0,0.0
resource_managers,static,bit_errors,3.5,0.0
resource_managers,static,bit_errors,4.0,4208.0
resource_managers,static,bit_errors,4.5,0.0
resource_managers,static,bit_errors,5.0,0.0
resource_managers,static,bit_errors,5.5,2523.0
resource_managers,static,bit_errors,6.0,0.0
resource_managers,static,bit_errors,6.5,0.0
resource_managers,static,bit_errors,7.0,0.0
resource_managers,static,bit_errors,7.5,0.0
resource_managers,static,bit_errors,8.0,0.0
resource_managers,static,bit_errors,8.5,0.0
resource_managers,static,bit_errors,9.0,0.0
resource_managers,static,bit_errors,9.5,0.0
resource_managers,static,bit_errors,10.0,0.0
resource_managers,static,total_bits,-5.0,393216.0
resource_managers,static,total_bits,-4.5,491520.0
resource_managers,static,total_bits,-4.0,589824.0
resource_managers,static,total_bits,-3.5,688128.0
resource_managers,static,total_bits,-3.0,1081344.0
resource_managers,static,total_bits,-2.5,1277952.0
resource_managers,static,total_bits,-2.0,1966080.0
resource_managers,static,total_bits,-1.5,3244032.0
resource_managers,static,total_bits,-1.0,5111808.0
resource_managers,static,total_bits,-0.5,7766016.0
resource_managers,static,total_bits,0.0,11599872.0
resource_managers,static,total_bits,0.5,393216.0
resource_managers,static,total_bits,1.0,12582912.0
resource_managers,static,total_bits,1.5,12582912.0
resource_managers,static,total_bits,2.0,12582912.0
resource_managers,static,total_bits,2.5,12582912.0
resource_managers,static,total_bits,3.0,393216.0
resource_managers,static,total_bits,3.5,393216.0
resource_managers,static,total_bits,4.0,12582912.0
resource_managers,static,total_bits,4.5,393216.0
resource_managers,static,total_bits,5.0,393216.0
resource_managers,static,total_bits,5.5,12582912.0
resource_managers,static,total_bits,6.0,393216.0
resource_managers,static,total_bits,6.5,393216.0
resource_managers,static,total_bits,7.0,393216.0
resource_managers,static,total_bits,7.5,393216.0
resource_managers,static,total_bits,8.0,393216.0
resource_managers,static,total_bits,8.5,393216.0
resource_managers,static,total_bits,9.0,393216.0
resource_managers,static,total_bits,9.5,393216.0
resource_managers,static,total_bits,10.0,393216.0
resource_managers,static,block_errors,-5.0,225.0
resource_managers,static,block_errors,-4.5,245.0
resource_managers,static,block_errors,-4.0,204.0
resource_managers,static,block_errors,-3.5,204.0
resource_managers,static,block_errors,-3.0,221.0
resource_managers,static,block_errors,-2.5,202.0
resource_managers,static,block_errors,-2.0,203.0
resource_managers,static,block_errors,-1.5,203.0
resource_managers,static,block_errors,-1.0,205.0
resource_managers,static,block_errors,-0.5,200.0
resource_managers,static,block_errors,0.0,201.0
resource_managers,static,block_errors,0.5,0.0
resource_managers,static,block_errors,1.0,112.0
resource_managers,static,block_errors,1.5,77.0
resource_managers,static,block_errors,2.0,57.0
resource_managers,static,block_errors,2.5,40.0
resource_managers,static,block_errors,3.0,0.0
resource_managers,static,block_errors,3.5,0.0
resource_managers,static,block_errors,4.0,11.0
resource_managers,static,block_errors,4.5,0.0
resource_managers,static,block_errors,5.0,0.0
resource_managers,static,block_errors,5.5,9.0
resource_managers,static,block_errors,6.0,0.0
resource_managers,static,block_errors,6.5,0.0
resource_managers,static,block_errors,7.0,0.0
resource_managers,static,block_errors,7.5,0.0
resource_managers,static,block_errors,8.0,0.0
resource_managers,static,block_errors,8.5,0.0
resource_managers,static,block_errors,9.0,0.0
resource_managers,static,block_errors,9.5,0.0
resource_managers,static,block_errors,10.0,0.0
resource_managers,static,total_blocks,-5.0,256.0
resource_managers,static,total_blocks,-4.5,320.0
resource_managers,static,total_blocks,-4.0,384.0
resource_managers,static,total_blocks,-3.5,448.0
resource_managers,static,total_blocks,-3.0,704.0
resource_managers,static,total_blocks,-2.5,832.0
resource_managers,static,total_blocks,-2.0,1280.0
resource_managers,static,total_blocks,-1.5,2112.0
resource_managers,static,total_blocks,-1.0,3328.0
resource_managers,static,total_blocks,-0.5,5056.0
resource_managers,static,total_blocks,0.0,7552.0
resource_managers,static,total_blocks,0.5,256.0
resource_managers,static,total_blocks,1.0,8192.0
resource_managers,static,total_blocks,1.5,8192.0
resource_managers,static,total_blocks,2.0,8192.0
resource_managers,static,total_blocks,2.5,8192.0
resource_managers,static,total_blocks,3.0,256.0
resource_managers,static,total_blocks,3.5,256.0
resource_managers,static,total_blocks,4.0,8192.0
resource_managers,static,total_blocks,4.5,256.0
resource_managers,static,total_blocks,5.0,256.0
resource_managers,static,total_blocks,5.5,8192.0
resource_managers,static,total_blocks,6.0,256.0
resource_managers,static,total_blocks,6.5,256.0
resource_managers,static,total_blocks,7.0,256.0
resource_managers,static,total_blocks,7.5,256.0
resource_managers,static,total_blocks,8.0,256.0
resource_managers,static,total_blocks,8.5,256.0
resource_managers,static,total_blocks,9.0,256.0
resource_managers,static,total_blocks,9.5,256.0
resource_managers,static,total_blocks,10.0,256.0
resource_managers,static,num_batches,-5.0,4.0
resource_managers,static,num_batches,-4.5,5.0
resource_managers,static,num_batches,-4.0,6.0
resource_managers,static,num_batches,-3.5,7.0
resource_managers,static,num_batches,-3.0,11.0
resource_managers,static,num_batches,-2.5,13.0
resource_managers,static,num_batches,-2.0,20.0
resource_managers,static,num_batches,-1.5,33.0
resource_managers,static,num_batches,-1.0,52.0
resource_managers,static,num_batches,-0.5,79.0
resource_managers,static,num_batches,0.0,118.0
resource_managers,static,num_batches,0.5,4.0
resource_managers,static,num_batches,1.0,128.0
resource_managers,static,num_batches,1.5,128.0
resource_managers,static,num_batches,2.0,128.0
resource_managers,static,num_batches,2.5,128.0
resource_managers,static,num_batches,3.0,4.0
resource_managers,static,num_batches,3.5,4.0
resource_managers,static,num_batches,4.0,128.0
resource_managers,static,num_batches,4.5,4.0
resource_managers,static,num_batches,5.0,4.0
resource_managers,static,num_batches,5.5,128.0
resource_managers,static,num_batches,6.0,4.0
resource_managers,static,num_batches,6.5,4.0
resource_managers,static,num_batches,7.0,4.0
resource_managers,static,num_batches,7.5,4.0
resource_managers,static,num_batches,8.0,4.0
resource_managers,static,num_batches,8.5,4.0
resource_managers,static,num_batches,9.0,4.0
resource_managers,static,num_batches,9.5,4.0
resource_managers,static,num_batches,10.0,4.0
resource_managers,static,runtime_total_sec,,1192.0512907003867
resource_managers,round_robin,ber,-5.0,0.2830912272135417
resource_managers,round_robin,ber,-4.5,0.27842610677083335
resource_managers,round_robin,ber,-4.0,0.2604878743489583
resource_managers,round_robin,ber,-3.5,0.2639719645182292
resource_managers,round_robin,ber,-3.0,0.2547539605034722
resource_managers,round_robin,ber,-2.5,0.25131952194940477
resource_managers,round_robin,ber,-2.0,0.2555253770616319
resource_managers,round_robin,ber,-1.5,0.2526332310267857
resource_managers,round_robin,ber,-1.0,0.24967883882068453
resource_managers,round_robin,ber,-0.5,0.25085594540550593
resource_managers,round_robin,ber,0.0,0.25081670851934523
resource_managers,round_robin,ber,0.5,0.25120471772693453
resource_managers,round_robin,ber,1.0,0.25008428664434523
resource_managers,round_robin,ber,1.5,0.2502412341889881
resource_managers,round_robin,ber,2.0,0.25175694056919645
resource_managers,round_robin,ber,2.5,0.2503269740513393
resource_managers,round_robin,ber,3.0,0.24973842075892858
resource_managers,round_robin,ber,3.5,0.24968755812872023
resource_managers,round_robin,ber,4.0,0.24957130068824404
resource_managers,round_robin,ber,4.5,0.25086902436755953
resource_managers,round_robin,ber,5.0,0.24951898484002977
resource_managers,round_robin,ber,5.5,0.2497195289248512
resource_managers,round_robin,ber,6.0,0.25054350353422616
resource_managers,round_robin,ber,6.5,0.24942452566964285
resource_managers,round_robin,ber,7.0,0.24948846726190477
resource_managers,round_robin,ber,7.5,0.24999564034598215
resource_managers,round_robin,ber,8.0,0.250335693359375
resource_managers,round_robin,ber,8.5,0.25023832775297616
resource_managers,round_robin,ber,9.0,0.24959019252232142
resource_managers,round_robin,ber,9.5,0.25020635695684523
resource_managers,round_robin,ber,10.0,0.2502557663690476
resource_managers,round_robin,ber_upper_confidence,-5.0,0.28414936253278894
resource_managers,round_robin,ber_upper_confidence,-4.5,0.2794789277667826
resource_managers,round_robin,ber_upper_confidence,-4.0,0.2614289814127261
resource_managers,round_robin,ber_upper_confidence,-3.5,0.2649170893795122
resource_managers,round_robin,ber_upper_confidence,-3.0,0.255688287463303
resource_managers,round_robin,ber_upper_confidence,-2.5,0.2521806085821467
resource_managers,round_robin,ber_upper_confidence,-2.0,0.25646062847431933
resource_managers,round_robin,ber_upper_confidence,-1.5,0.2534958006390048
resource_managers,round_robin,ber_upper_confidence,-1.0,0.2505380586430588
resource_managers,round_robin,ber_upper_confidence,-0.5,0.25171650623098635
resource_managers,round_robin,ber_upper_confidence,0.0,0.2516772247807737
resource_managers,round_robin,ber_upper_confidence,0.5,0.2520656742657729
resource_managers,round_robin,ber_upper_confidence,1.0,0.2509439693221223
resource_managers,round_robin,ber_upper_confidence,1.5,0.25110109576714046
resource_managers,round_robin,ber_upper_confidence,2.0,0.2526185221429457
resource_managers,round_robin,ber_upper_confidence,2.5,0.25118693329863684
resource_managers,round_robin,ber_upper_confidence,3.0,0.2505977086624322
resource_managers,round_robin,ber_upper_confidence,3.5,0.2505467879155421
resource_managers,round_robin,ber_upper_confidence,4.0,0.25043039757754415
resource_managers,round_robin,ber_upper_confidence,4.5,0.2517296000456421
resource_managers,round_robin,ber_upper_confidence,5.0,0.25037802189847846
resource_managers,round_robin,ber_upper_confidence,5.5,0.25057879524400467
resource_managers,round_robin,ber_upper_confidence,6.0,0.25140370923799005
resource_managers,round_robin,ber_upper_confidence,6.5,0.2502834546577565
resource_managers,round_robin,ber_upper_confidence,7.0,0.2503474694112917
resource_managers,round_robin,ber_upper_confidence,7.5,0.2508552219117431
resource_managers,round_robin,ber_upper_confidence,8.0,0.2511956625366167
resource_managers,round_robin,ber_upper_confidence,8.5,0.2510981860195244
resource_managers,round_robin,ber_upper_confidence,9.0,0.2504493110130928
resource_managers,round_robin,ber_upper_confidence,9.5,0.2510661787923466
resource_managers,round_robin,ber_upper_confidence,10.0,0.25111564450444795
resource_managers,round_robin,latency_ms,-5.0,671.4199033379866
resource_managers,round_robin,latency_ms,-4.5,761.1482033261874
resource_managers,round_robin,latency_ms,-4.0,724.7103666642525
resource_managers,round_robin,latency_ms,-3.5,725.762883327195
resource_managers,round_robin,latency_ms,-3.0,709.1472666650777
resource_managers,round_robin,latency_ms,-2.5,770.3126547613957
resource_managers,round_robin,latency_ms,-2.0,716.1153833341397
resource_managers,round_robin,latency_ms,-1.5,746.5406690488347
resource_managers,round_robin,latency_ms,-1.0,746.2673690507964
resource_managers,round_robin,latency_ms,-0.5,748.7000261862808
resource_managers,round_robin,latency_ms,0.0,758.3197404710621
resource_managers,round_robin,latency_ms,0.5,749.7361261968346
resource_managers,round_robin,latency_ms,1.0,748.8531547595525
resource_managers,round_robin,latency_ms,1.5,780.3431547659627
resource_managers,round_robin,latency_ms,2.0,768.4797976196256
resource_managers,round_robin,latency_ms,2.5,780.8865404767961
resource_managers,round_robin,latency_ms,3.0,759.8793833297323
resource_managers,round_robin,latency_ms,3.5,739.4516833306468
resource_managers,round_robin,latency_ms,4.0,737.0423690387958
resource_managers,round_robin,latency_ms,4.5,753.0128833360815
resource_managers,round_robin,latency_ms,5.0,770.6904976226567
resource_managers,round_robin,latency_ms,5.5,749.7004404810701
resource_managers,round_robin,latency_ms,6.0,758.3811547629115
resource_managers,round_robin,latency_ms,6.5,753.4381119065696
resource_managers,round_robin,latency_ms,7.0,783.0866119023058
resource_managers,round_robin,latency_ms,7.5,791.9361261889051
resource_managers,round_robin,latency_ms,8.0,767.5602119088684
resource_managers,round_robin,latency_ms,8.5,798.8945261879935
resource_managers,round_robin,latency_ms,9.0,785.0210261910667
resource_managers,round_robin,latency_ms,9.5,798.9111976229364
resource_managers,round_robin,latency_ms,10.0,795.0146118949278
resource_managers,round_robin,throughput_bits_per_batch,-5.0,70475.0
resource_managers,round_robin,throughput_bits_per_batch,-4.5,70933.6
resource_managers,round_robin,throughput_bits_per_batch,-4.0,72697.0
resource_managers,round_robin,throughput_bits_per_batch,-3.5,72354.5
resource_managers,round_robin,throughput_bits_per_batch,-3.0,73260.66666666667
resource_managers,round_robin,throughput_bits_per_batch,-2.5,73598.28571428571
resource_managers,round_robin,throughput_bits_per_batch,-2.0,73184.83333333333
resource_managers,round_robin,throughput_bits_per_batch,-1.5,73469.14285714286
resource_managers,round_robin,throughput_bits_per_batch,-1.0,73759.57142857143
resource_managers,round_robin,throughput_bits_per_batch,-0.5,73643.85714285714
resource_managers,round_robin,throughput_bits_per_batch,0.0,73647.71428571429
resource_managers,round_robin,throughput_bits_per_batch,0.5,73609.57142857143
resource_managers,round_robin,throughput_bits_per_batch,1.0,73719.71428571429
resource_managers,round_robin,throughput_bits_per_batch,1.5,73704.28571428571
resource_managers,round_robin,throughput_bits_per_batch,2.0,73555.28571428571
resource_managers,round_robin,throughput_bits_per_batch,2.5,73695.85714285714
resource_managers,round_robin,throughput_bits_per_batch,3.0,73753.71428571429
resource_managers,round_robin,throughput_bits_per_batch,3.5,73758.71428571429
resource_managers,round_robin,throughput_bits_per_batch,4.0,73770.14285714286
resource_managers,round_robin,throughput_bits_per_batch,4.5,73642.57142857143
resource_managers,round_robin,throughput_bits_per_batch,5.0,73775.28571428571
resource_managers,round_robin,throughput_bits_per_batch,5.5,73755.57142857143
resource_managers,round_robin,throughput_bits_per_batch,6.0,73674.57142857143
resource_managers,round_robin,throughput_bits_per_batch,6.5,73784.57142857143
resource_managers,round_robin,throughput_bits_per_batch,7.0,73778.28571428571
resource_managers,round_robin,throughput_bits_per_batch,7.5,73728.42857142857
resource_managers,round_robin,throughput_bits_per_batch,8.0,73695.0
resource_managers,round_robin,throughput_bits_per_batch,8.5,73704.57142857143
resource_managers,round_robin,throughput_bits_per_batch,9.0,73768.28571428571
resource_managers,round_robin,throughput_bits_per_batch,9.5,73707.71428571429
resource_managers,round_robin,throughput_bits_per_batch,10.0,73702.85714285714
resource_managers,round_robin,energy_joules_per_batch,-5.0,0.00018645100000000002
resource_managers,round_robin,energy_joules_per_batch,-4.5,0.00018645100000000002
resource_managers,round_robin,energy_joules_per_batch,-4.0,0.00018645100000000002
resource_managers,round_robin,energy_joules_per_batch,-3.5,0.00018645100000000002
resource_managers,round_robin,energy_joules_per_batch,-3.0,0.00018645100000000002
resource_managers,round_robin,energy_joules_per_batch,-2.5,0.00018645100000000002
resource_managers,round_robin,energy_joules_per_batch,-2.0,0.00018645100000000002
resource_managers,round_robin,energy_joules_per_batch,-1.5,0.00018645100000000002
resource_managers,round_robin,energy_joules_per_batch,-1.0,0.00018645100000000002
resource_managers,round_robin,energy_joules_per_batch,-0.5,0.00018645100000000002
resource_managers,round_robin,energy_joules_per_batch,0.0,0.00018645100000000002
resource_managers,round_robin,energy_joules_per_batch,0.5,0.00018645100000000002
resource_managers,round_robin,energy_joules_per_batch,1.0,0.00018645100000000002
resource_managers,round_robin,energy_joules_per_batch,1.5,0.00018645100000000002
resource_managers,round_robin,energy_joules_per_batch,2.0,0.00018645100000000002
resource_managers,round_robin,energy_joules_per_batch,2.5,0.00018645100000000002
resource_managers,round_robin,energy_joules_per_batch,3.0,0.00018645100000000002
resource_managers,round_robin,energy_joules_per_batch,3.5,0.00018645100000000002
resource_managers,round_robin,energy_joules_per_batch,4.0,0.00018645100000000002
resource_managers,round_robin,energy_joules_per_batch,4.5,0.00018645100000000002
resource_managers,round_robin,energy_joules_per_batch,5.0,0.00018645100000000002
resource_managers,round_robin,energy_joules_per_batch,5.5,0.00018645100000000002
resource_managers,round_robin,energy_joules_per_batch,6.0,0.00018645100000000002
resource_managers,round_robin,energy_joules_per_batch,6.5,0.00018645100000000002
resource_managers,round_robin,energy_joules_per_batch,7.0,0.00018645100000000002
resource_managers,round_robin,energy_joules_per_batch,7.5,0.00018645100000000002
resource_managers,round_robin,energy_joules_per_batch,8.0,0.00018645100000000002
resource_managers,round_robin,energy_joules_per_batch,8.5,0.00018645100000000002
resource_managers,round_robin,energy_joules_per_batch,9.0,0.00018645100000000002
resource_managers,round_robin,energy_joules_per_batch,9.5,0.00018645100000000002
resource_managers,round_robin,energy_joules_per_batch,10.0,0.00018645100000000002
resource_managers,round_robin,avg_power_w,-5.0,0.00027769656376442313
resource_managers,round_robin,avg_power_w,-4.5,0.0002449601788261689
resource_managers,round_robin,avg_power_w,-4.0,0.00025727657361686394
resource_managers,round_robin,avg_power_w,-3.5,0.00025690346569561684
resource_managers,round_robin,avg_power_w,-3.0,0.0002629228212030305
resource_managers,round_robin,avg_power_w,-2.5,0.0002420458742921122
resource_managers,round_robin,avg_power_w,-2.0,0.0002603644668711186
resource_managers,round_robin,avg_power_w,-1.5,0.0002497533057878236
resource_managers,round_robin,avg_power_w,-1.0,0.0002498447711001401
resource_managers,round_robin,avg_power_w,-0.5,0.0002490329818068017
resource_managers,round_robin,avg_power_w,0.0,0.0002458738577531664
resource_managers,round_robin,avg_power_w,0.5,0.00024868882995648716
resource_managers,round_robin,avg_power_w,1.0,0.00024898205851835815
resource_managers,round_robin,avg_power_w,1.5,0.00023893462621059274
resource_managers,round_robin,avg_power_w,2.0,0.0002426231640409208
resource_managers,round_robin,avg_power_w,2.5,0.00023876836177270542
resource_managers,round_robin,avg_power_w,3.0,0.00024536920475850556
resource_managers,round_robin,avg_power_w,3.5,0.0002521476442655256
resource_managers,round_robin,avg_power_w,4.0,0.0002529718884996499
resource_managers,round_robin,avg_power_w,4.5,0.0002476066533868106
resource_managers,round_robin,avg_power_w,5.0,0.00024192720758221885
resource_managers,round_robin,avg_power_w,5.5,0.00024870066753643306
resource_managers,round_robin,avg_power_w,6.0,0.0002458539466981998
resource_managers,round_robin,avg_power_w,6.5,0.00024746690810236176
resource_managers,round_robin,avg_power_w,7.0,0.00023809754523457588
resource_managers,round_robin,avg_power_w,7.5,0.0002354369169863136
resource_managers,round_robin,avg_power_w,8.0,0.00024291384194643112
resource_managers,round_robin,avg_power_w,8.5,0.00023338625298845135
resource_managers,round_robin,avg_power_w,9.0,0.00023751083573476112
resource_managers,round_robin,avg_power_w,9.5,0.0002333813827553831
resource_managers,round_robin,avg_power_w,10.0,0.00023452524923484313
resource_managers,round_robin,runtime_sec,-5.0,3.613347199978307
resource_managers,round_robin,runtime_sec,-4.5,4.08719600000768
resource_managers,round_robin,runtime_sec,-4.0,4.680615099990973
resource_managers,round_robin,runtime_sec,-3.5,4.689018499979284
resource_managers,round_robin,runtime_sec,-3.0,4.587603299965849
resource_managers,round_robin,runtime_sec,-2.5,5.7972295000217855
resource_managers,round_robin,runtime_sec,-2.0,4.623582600004738
resource_managers,round_robin,runtime_sec,-1.5,5.629522000002908
resource_managers,round_robin,runtime_sec,-1.0,5.621595499920659
resource_managers,round_robin,runtime_sec,-0.5,5.6436725999519695
resource_managers,round_robin,runtime_sec,0.0,5.718553500017151
resource_managers,round_robin,runtime_sec,0.5,5.646925100038061
resource_managers,round_robin,runtime_sec,1.0,5.643453700002283
resource_managers,round_robin,runtime_sec,1.5,5.874770000024
resource_managers,round_robin,runtime_sec,2.0,5.793718300032197
resource_managers,round_robin,runtime_sec,2.5,5.862235199980205
resource_managers,round_robin,runtime_sec,3.0,5.727881899976637
resource_managers,round_robin,runtime_sec,3.5,5.577940399991348
resource_managers,round_robin,runtime_sec,4.0,5.562973600026453
resource_managers,round_robin,runtime_sec,4.5,5.689786100003403
resource_managers,round_robin,runtime_sec,5.0,5.813740900019184
resource_managers,round_robin,runtime_sec,5.5,5.655674799985718
resource_managers,round_robin,runtime_sec,6.0,5.71523019997403
resource_managers,round_robin,runtime_sec,6.5,5.688328399992315
resource_managers,round_robin,runtime_sec,7.0,5.917487500002608
resource_managers,round_robin,runtime_sec,7.5,5.991227300022729
resource_managers,round_robin,runtime_sec,8.0,5.793530499999179
resource_managers,round_robin,runtime_sec,8.5,6.040777600079309
resource_managers,round_robin,runtime_sec,9.0,5.952899700001581
resource_managers,round_robin,runtime_sec,9.5,6.091236200009007
resource_managers,round_robin,runtime_sec,10.0,6.0628125999937765
resource_managers,round_robin,bit_errors,-5.0,139145.0
resource_managers,round_robin,bit_errors,-4.5,136852.0
resource_managers,round_robin,bit_errors,-4.0,153642.0
resource_managers,round_robin,bit_errors,-3.5,155697.0
resource_managers,round_robin,bit_errors,-3.0,150260.0
resource_managers,round_robin,bit_errors,-2.5,172940.0
resource_managers,round_robin,bit_errors,-2.0,150715.0
resource_managers,round_robin,bit_errors,-1.5,173844.0
resource_managers,round_robin,bit_errors,-1.0,171811.0
resource_managers,round_robin,bit_errors,-0.5,172621.0
resource_managers,round_robin,bit_errors,0.0,172594.0
resource_managers,round_robin,bit_errors,0.5,172861.0
resource_managers,round_robin,bit_errors,1.0,172090.0
resource_managers,round_robin,bit_errors,1.5,172198.0
resource_managers,round_robin,bit_errors,2.0,173241.0
resource_managers,round_robin,bit_errors,2.5,172257.0
resource_managers,round_robin,bit_errors,3.0,171852.0
resource_managers,round_robin,bit_errors,3.5,171817.0
resource_managers,round_robin,bit_errors,4.0,171737.0
resource_managers,round_robin,bit_errors,4.5,172630.0
resource_managers,round_robin,bit_errors,5.0,171701.0
resource_managers,round_robin,bit_errors,5.5,171839.0
resource_managers,round_robin,bit_errors,6.0,172406.0
resource_managers,round_robin,bit_errors,6.5,171636.0
resource_managers,round_robin,bit_errors,7.0,171680.0
resource_managers,round_robin,bit_errors,7.5,172029.0
resource_managers,round_robin,bit_errors,8.0,172263.0
resource_managers,round_robin,bit_errors,8.5,172196.0
resource_managers,round_robin,bit_errors,9.0,171750.0
resource_managers,round_robin,bit_errors,9.5,172174.0
resource_managers,round_robin,bit_errors,10.0,172208.0
resource_managers,round_robin,total_bits,-5.0,491520.0
resource_managers,round_robin,total_bits,-4.5,491520.0
resource_managers,round_robin,total_bits,-4.0,589824.0
resource_managers,round_robin,total_bits,-3.5,589824.0
resource_managers,round_robin,total_bits,-3.0,589824.0
resource_managers,round_robin,total_bits,-2.5,688128.0
resource_managers,round_robin,total_bits,-2.0,589824.0
resource_managers,round_robin,total_bits,-1.5,688128.0
resource_managers,round_robin,total_bits,-1.0,688128.0
resource_managers,round_robin,total_bits,-0.5,688128.0
resource_managers,round_robin,total_bits,0.0,688128.0
resource_managers,round_robin,total_bits,0.5,688128.0
resource_managers,round_robin,total_bits,1.0,688128.0
resource_managers,round_robin,total_bits,1.5,688128.0
resource_managers,round_robin,total_bits,2.0,688128.0
resource_managers,round_robin,total_bits,2.5,688128.0
resource_managers,round_robin,total_bits,3.0,688128.0
resource_managers,round_robin,total_bits,3.5,688128.0
resource_managers,round_robin,total_bits,4.0,688128.0
resource_managers,round_robin,total_bits,4.5,688128.0
resource_managers,round_robin,total_bits,5.0,688128.0
resource_managers,round_robin,total_bits,5.5,688128.0
resource_managers,round_robin,total_bits,6.0,688128.0
resource_managers,round_robin,total_bits,6.5,688128.0
resource_managers,round_robin,total_bits,7.0,688128.0
resource_managers,round_robin,total_bits,7.5,688128.0
resource_managers,round_robin,total_bits,8.0,688128.0
resource_managers,round_robin,total_bits,8.5,688128.0
resource_managers,round_robin,total_bits,9.0,688128.0
resource_managers,round_robin,total_bits,9.5,688128.0
resource_managers,round_robin,total_bits,10.0,688128.0
resource_managers,round_robin,block_errors,-5.0,225.0
resource_managers,round_robin,block_errors,-4.5,222.0
resource_managers,round_robin,block_errors,-4.0,221.0
resource_managers,round_robin,block_errors,-3.5,226.0
resource_managers,round_robin,block_errors,-3.0,211.0
resource_managers,round_robin,block_errors,-2.5,232.0
resource_managers,round_robin,block_errors,-2.0,204.0
resource_managers,round_robin,block_errors,-1.5,229.0
resource_managers,round_robin,block_errors,-1.0,225.0
resource_managers,round_robin,block_errors,-0.5,226.0
resource_managers,round_robin,block_errors,0.0,225.0
resource_managers,round_robin,block_errors,0.5,225.0
resource_managers,round_robin,block_errors,1.0,224.0
resource_managers,round_robin,block_errors,1.5,224.0
resource_managers,round_robin,block_errors,2.0,226.0
resource_managers,round_robin,block_errors,2.5,224.0
resource_managers,round_robin,block_errors,3.0,224.0
resource_managers,round_robin,block_errors,3.5,224.0
resource_managers,round_robin,block_errors,4.0,224.0
resource_managers,round_robin,block_errors,4.5,225.0
resource_managers,round_robin,block_errors,5.0,224.0
resource_managers,round_robin,block_errors,5.5,224.0
resource_managers,round_robin,block_errors,6.0,224.0
resource_managers,round_robin,block_errors,6.5,224.0
resource_managers,round_robin,block_errors,7.0,224.0
resource_managers,round_robin,block_errors,7.5,224.0
resource_managers,round_robin,block_errors,8.0,224.0
resource_managers,round_robin,block_errors,8.5,224.0
resource_managers,round_robin,block_errors,9.0,224.0
resource_managers,round_robin,block_errors,9.5,224.0
resource_managers,round_robin,block_errors,10.0,224.0
resource_managers,round_robin,total_blocks,-5.0,320.0
resource_managers,round_robin,total_blocks,-4.5,320.0
resource_managers,round_robin,total_blocks,-4.0,384.0
resource_managers,round_robin,total_blocks,-3.5,384.0
resource_managers,round_robin,total_blocks,-3.0,384.0
resource_managers,round_robin,total_blocks,-2.5,448.0
resource_managers,round_robin,total_blocks,-2.0,384.0
resource_managers,round_robin,total_blocks,-1.5,448.0
resource_managers,round_robin,total_blocks,-1.0,448.0
resource_managers,round_robin,total_blocks,-0.5,448.0
resource_managers,round_robin,total_blocks,0.0,448.0
resource_managers,round_robin,total_blocks,0.5,448.0
resource_managers,round_robin,total_blocks,1.0,448.0
resource_managers,round_robin,total_blocks,1.5,448.0
resource_managers,round_robin,total_blocks,2.0,448.0
resource_managers,round_robin,total_blocks,2.5,448.0
resource_managers,round_robin,total_blocks,3.0,448.0
resource_managers,round_robin,total_blocks,3.5,448.0
resource_managers,round_robin,total_blocks,4.0,448.0
resource_managers,round_robin,total_blocks,4.5,448.0
resource_managers,round_robin,total_blocks,5.0,448.0
resource_managers,round_robin,total_blocks,5.5,448.0
resource_managers,round_robin,total_blocks,6.0,448.0
resource_managers,round_robin,total_blocks,6.5,448.0
resource_managers,round_robin,total_blocks,7.0,448.0
resource_managers,round_robin,total_blocks,7.5,448.0
resource_managers,round_robin,total_blocks,8.0,448.0
resource_managers,round_robin,total_blocks,8.5,448.0
resource_managers,round_robin,total_blocks,9.0,448.0
resource_managers,round_robin,total_blocks,9.5,448.0
resource_managers,round_robin,total_blocks,10.0,448.0
resource_managers,round_robin,num_batches,-5.0,5.0
resource_managers,round_robin,num_batches,-4.5,5.0
resource_managers,round_robin,num_batches,-4.0,6.0
resource_managers,round_robin,num_batches,-3.5,6.0
resource_managers,round_robin,num_batches,-3.0,6.0
resource_managers,round_robin,num_batches,-2.5,7.0
resource_managers,round_robin,num_batches,-2.0,6.0
resource_managers,round_robin,num_batches,-1.5,7.0
resource_managers,round_robin,num_batches,-1.0,7.0
resource_managers,round_robin,num_batches,-0.5,7.0
resource_managers,round_robin,num_batches,0.0,7.0
resource_managers,round_robin,num_batches,0.5,7.0
resource_managers,round_robin,num_batches,1.0,7.0
resource_managers,round_robin,num_batches,1.5,7.0
resource_managers,round_robin,num_batches,2.0,7.0
resource_managers,round_robin,num_batches,2.5,7.0
resource_managers,round_robin,num_batches,3.0,7.0
resource_managers,round_robin,num_batches,3.5,7.0
resource_managers,round_robin,num_batches,4.0,7.0
resource_managers,round_robin,num_batches,4.5,7.0
resource_managers,round_robin,num_batches,5.0,7.0
resource_managers,round_robin,num_batches,5.5,7.0
resource_managers,round_robin,num_batches,6.0,7.0
resource_managers,round_robin,num_batches,6.5,7.0
resource_managers,round_robin,num_batches,7.0,7.0
resource_managers,round_robin,num_batches,7.5,7.0
resource_managers,round_robin,num_batches,8.0,7.0
resource_managers,round_robin,num_batches,8.5,7.0
resource_managers,round_robin,num_batches,9.0,7.0
resource_managers,round_robin,num_batches,9.5,7.0
resource_managers,round_robin,num_batches,10.0,7.0
resource_managers,round_robin,runtime_total_sec,,170.79456579999533
resource_managers,max_throughput,ber,-5.0,0.28173828125
resource_managers,max_throughput,ber,-4.5,0.26962890625
resource_managers,max_throughput,ber,-4.0,0.2588144938151042
resource_managers,max_throughput,ber,-3.5,0.260955810546875
resource_managers,max_throughput,ber,-3.0,0.2546064588758681
resource_managers,max_throughput,ber,-2.5,0.2536366780598958
resource_managers,max_throughput,ber,-2.0,0.25105067661830355
resource_managers,max_throughput,ber,-1.5,0.2520781017485119
resource_managers,max_throughput,ber,-1.0,0.24960763113839285
resource_managers,max_throughput,ber,-0.5,0.24965268089657738
resource_managers,max_throughput,ber,0.0,0.25112188430059523
resource_managers,max_throughput,ber,0.5,0.24962361653645834
resource_managers,max_throughput,ber,1.0,0.24940127418154762
resource_managers,max_throughput,ber,1.5,0.25026739211309523
resource_managers,max_throughput,ber,2.0,0.25073968796502977
resource_managers,max_throughput,ber,2.5,0.25052315848214285
resource_managers,max_throughput,ber,3.0,0.25000435965401785
resource_managers,max_throughput,ber,3.5,0.2505682082403274
resource_managers,max_throughput,ber,4.0,0.25071643647693453
resource_managers,max_throughput,ber,4.5,0.25054495675223215
resource_managers,max_throughput,ber,5.0,0.24955967494419642
resource_managers,max_throughput,ber,5.5,0.24969482421875
resource_managers,max_throughput,ber,6.0,0.25012642996651785
resource_managers,max_throughput,ber,6.5,0.25110299246651785
resource_managers,max_throughput,ber,7.0,0.24977765764508927
resource_managers,max_throughput,ber,7.5,0.2500276111421131
resource_managers,max_throughput,ber,8.0,0.24999564034598215
resource_managers,max_throughput,ber,8.5,0.24989246186755953
resource_managers,max_throughput,ber,9.0,0.25003487723214285
resource_managers,max_throughput,ber,9.5,0.24948410760788692
resource_managers,max_throughput,ber,10.0,0.2502252487909226
resource_managers,max_throughput,ber_upper_confidence,-5.0,0.2827948898133309
resource_managers,max_throughput,ber_upper_confidence,-4.5,0.27067131830559765
resource_managers,max_throughput,ber_upper_confidence,-4.0,0.2597536438959258
resource_managers,max_throughput,ber_upper_confidence,-3.5,0.26189746167451217
resource_managers,max_throughput,ber_upper_confidence,-3.0,0.2555406086338918
resource_managers,max_throughput,ber_upper_confidence,-2.5,0.25456965925468
resource_managers,max_throughput,ber_upper_confidence,-2.0,0.2519114584749378
resource_managers,max_throughput,ber_upper_confidence,-1.5,0.25294004597880965
resource_managers,max_throughput,ber_upper_confidence,-1.0,0.2504667695670466
resource_managers,max_throughput,ber_upper_confidence,-0.5,0.2505118708228201
resource_managers,max_throughput,ber_upper_confidence,0.0,0.2519827469244762
resource_managers,max_throughput,ber_upper_confidence,0.5,0.25048277323987056
resource_managers,max_throughput,ber_upper_confidence,1.0,0.25026017655935884
resource_managers,max_throughput,ber_upper_confidence,1.5,0.25112728349336655
resource_managers,max_throughput,ber_upper_confidence,2.0,0.25160011672162697
resource_managers,max_throughput,ber_upper_confidence,2.5,0.2513833410410856
resource_managers,max_throughput,ber_upper_confidence,3.0,0.2508639511673502
resource_managers,max_throughput,ber_upper_confidence,3.5,0.2514284420451267
resource_managers,max_throughput,ber_upper_confidence,4.0,0.2515768388098829
resource_managers,max_throughput,ber_upper_confidence,4.5,0.251405164109101
resource_managers,max_throughput,ber_upper_confidence,5.0,0.25041875853919854
resource_managers,max_throughput,ber_upper_confidence,5.5,0.25055406230892313
resource_managers,max_throughput,ber_upper_confidence,6.0,0.25098616069711993
resource_managers,max_throughput,ber_upper_confidence,6.5,0.25196383366535785
resource_managers,max_throughput,ber_upper_confidence,7.0,0.2506369903706579
resource_managers,max_throughput,ber_upper_confidence,7.5,0.2508872291800335
resource_managers,max_throughput,ber_upper_confidence,8.0,0.2508552219117431
resource_managers,max_throughput,ber_upper_confidence,8.5,0.2507519256851402
resource_managers,max_throughput,ber_upper_confidence,9.0,0.25089450355832016
resource_managers,max_throughput,ber_upper_confidence,9.5,0.2503431047697998
resource_managers,max_throughput,ber_upper_confidence,10.0,0.2510850921546144
resource_managers,max_throughput,latency_ms,-5.0,666.2181233393804
resource_managers,max_throughput,latency_ms,-4.5,713.7533833319633
resource_managers,max_throughput,latency_ms,-4.0,745.4314666682155
resource_managers,max_throughput,latency_ms,-3.5,726.5518500060541
resource_managers,max_throughput,latency_ms,-3.0,708.2583833348393
resource_managers,max_throughput,latency_ms,-2.5,730.0911833249187
resource_managers,max_throughput,latency_ms,-2.0,724.517811896876
resource_managers,max_throughput,latency_ms,-1.5,752.7829976258778
resource_managers,max_throughput,latency_ms,-1.0,757.8285404852171
resource_managers,max_throughput,latency_ms,-0.5,742.9641833259769
resource_managers,max_throughput,latency_ms,0.0,778.5506547625222
resource_managers,max_throughput,latency_ms,0.5,752.4996261849445
resource_managers,max_throughput,latency_ms,1.0,751.3545690500488
resource_managers,max_throughput,latency_ms,1.5,773.7305261881867
resource_managers,max_throughput,latency_ms,2.0,810.4885404760196
resource_managers,max_throughput,latency_ms,2.5,770.4164976192882
resource_managers,max_throughput,latency_ms,3.0,738.5824119062141
resource_managers,max_throughput,latency_ms,3.5,748.4822119092547
resource_managers,max_throughput,latency_ms,4.0,754.1176690517437
resource_managers,max_throughput,latency_ms,4.5,748.8351976213223
resource_managers,max_throughput,latency_ms,5.0,768.7715690538398
resource_managers,max_throughput,latency_ms,5.5,750.7684547584149
resource_managers,max_throughput,latency_ms,6.0,750.7025976130118
resource_managers,max_throughput,latency_ms,6.5,744.5466976210653
resource_managers,max_throughput,latency_ms,7.0,760.2246976171798
resource_managers,max_throughput,latency_ms,7.5,778.8383404804439
resource_managers,max_throughput,latency_ms,8.0,778.628069047315
resource_managers,max_throughput,latency_ms,8.5,769.0776261863875
resource_managers,max_throughput,latency_ms,9.0,789.9874404751607
resource_managers,max_throughput,latency_ms,9.5,813.2783404814523
resource_managers,max_throughput,latency_ms,10.0,777.3714833316105
resource_managers,max_throughput,throughput_bits_per_batch,-5.0,70608.0
resource_managers,max_throughput,throughput_bits_per_batch,-4.5,71798.4
resource_managers,max_throughput,throughput_bits_per_batch,-4.0,72861.5
resource_managers,max_throughput,throughput_bits_per_batch,-3.5,72651.0
resource_managers,max_throughput,throughput_bits_per_batch,-3.0,73275.16666666667
resource_managers,max_throughput,throughput_bits_per_batch,-2.5,73370.5
resource_managers,max_throughput,throughput_bits_per_batch,-2.0,73624.71428571429
resource_managers,max_throughput,throughput_bits_per_batch,-1.5,73523.71428571429
resource_managers,max_throughput,throughput_bits_per_batch,-1.0,73766.57142857143
resource_managers,max_throughput,throughput_bits_per_batch,-0.5,73762.14285714286
resource_managers,max_throughput,throughput_bits_per_batch,0.0,73617.71428571429
resource_managers,max_throughput,throughput_bits_per_batch,0.5,73765.0
resource_managers,max_throughput,throughput_bits_per_batch,1.0,73786.85714285714
resource_managers,max_throughput,throughput_bits_per_batch,1.5,73701.71428571429
resource_managers,max_throughput,throughput_bits_per_batch,2.0,73655.28571428571
resource_managers,max_throughput,throughput_bits_per_batch,2.5,73676.57142857143
resource_managers,max_throughput,throughput_bits_per_batch,3.0,73727.57142857143
resource_managers,max_throughput,throughput_bits_per_batch,3.5,73672.14285714286
resource_managers,max_throughput,throughput_bits_per_batch,4.0,73657.57142857143
resource_managers,max_throughput,throughput_bits_per_batch,4.5,73674.42857142857
resource_managers,max_throughput,throughput_bits_per_batch,5.0,73771.28571428571
resource_managers,max_throughput,throughput_bits_per_batch,5.5,73758.0
resource_managers,max_throughput,throughput_bits_per_batch,6.0,73715.57142857143
resource_managers,max_throughput,throughput_bits_per_batch,6.5,73619.57142857143
resource_managers,max_throughput,throughput_bits_per_batch,7.0,73749.85714285714
resource_managers,max_throughput,throughput_bits_per_batch,7.5,73725.28571428571
resource_managers,max_throughput,throughput_bits_per_batch,8.0,73728.42857142857
resource_managers,max_throughput,throughput_bits_per_batch,8.5,73738.57142857143
resource_managers,max_throughput,throughput_bits_per_batch,9.0,73724.57142857143
resource_managers,max_throughput,throughput_bits_per_batch,9.5,73778.71428571429
resource_managers,max_throughput,throughput_bits_per_batch,10.0,73705.85714285714
resource_managers,max_throughput,energy_joules_per_batch,-5.0,0.00018645100000000002
resource_managers,max_throughput,energy_joules_per_batch,-4.5,0.00018645100000000002
resource_managers,max_throughput,energy_joules_per_batch,-4.0,0.00018645100000000005
resource_managers,max_throughput,energy_joules_per_batch,-3.5,0.00018645100000000002
resource_managers,max_throughput,energy_joules_per_batch,-3.0,0.00018645100000000002
resource_managers,max_throughput,energy_joules_per_batch,-2.5,0.00018645100000000002
resource_managers,max_throughput,energy_joules_per_batch,-2.0,0.00018645100000000002
resource_managers,max_throughput,energy_joules_per_batch,-1.5,0.00018645100000000002
resource_managers,max_throughput,energy_joules_per_batch,-1.0,0.00018645100000000002
resource_managers,max_throughput,energy_joules_per_batch,-0.5,0.00018645100000000002
resource_managers,max_throughput,energy_joules_per_batch,0.0,0.00018645100000000002
resource_managers,max_throughput,energy_joules_per_batch,0.5,0.00018645100000000002
resource_managers,max_throughput,energy_joules_per_batch,1.0,0.00018645100000000002
resource_managers,max_throughput,energy_joules_per_batch,1.5,0.00018645100000000002
resource_managers,max_throughput,energy_joules_per_batch,2.0,0.00018645100000000002
resource_managers,max_throughput,energy_joules_per_batch,2.5,0.00018645100000000002
resource_managers,max_throughput,energy_joules_per_batch,3.0,0.00018645100000000002
resource_managers,max_throughput,energy_joules_per_batch,3.5,0.00018645100000000002
resource_managers,max_throughput,energy_joules_per_batch,4.0,0.00018645100000000002
resource_managers,max_throughput,energy_joules_per_batch,4.5,0.00018645100000000002
resource_managers,max_throughput,energy_joules_per_batch,5.0,0.00018645100000000002
resource_managers,max_throughput,energy_joules_per_batch,5.5,0.00018645100000000002
resource_managers,max_throughput,energy_joules_per_batch,6.0,0.00018645100000000002
resource_managers,max_throughput,energy_joules_per_batch,6.5,0.00018645100000000002
resource_managers,max_throughput,energy_joules_per_batch,7.0,0.00018645100000000005
resource_managers,max_throughput,energy_joules_per_batch,7.5,0.00018645100000000002
resource_managers,max_throughput,energy_joules_per_batch,8.0,0.00018645100000000002
resource_managers,max_throughput,energy_joules_per_batch,8.5,0.00018645100000000005
resource_managers,max_throughput,energy_joules_per_batch,9.0,0.00018645100000000005
resource_managers,max_throughput,energy_joules_per_batch,9.5,0.00018645100000000002
resource_managers,max_throughput,energy_joules_per_batch,10.0,0.00018645100000000002
resource_managers,max_throughput,avg_power_w,-5.0,0.00027986479723101043
resource_managers,max_throughput,avg_power_w,-4.5,0.00026122608222129096
resource_managers,max_throughput,avg_power_w,-4.0,0.00025012493882685475
resource_managers,max_throughput,avg_power_w,-3.5,0.00025662449279902923
resource_managers,max_throughput,avg_power_w,-3.0,0.00026325279641886375
resource_managers,max_throughput,avg_power_w,-2.5,0.00025538042953878837
resource_managers,max_throughput,avg_power_w,-2.0,0.00025734494989412143
resource_managers,max_throughput,avg_power_w,-1.5,0.00024768226778238615
resource_managers,max_throughput,avg_power_w,-1.0,0.0002460332252472578
resource_managers,max_throughput,avg_power_w,-0.5,0.00025095556984366
resource_managers,max_throughput,avg_power_w,0.0,0.000239484738545204
resource_managers,max_throughput,avg_power_w,0.5,0.0002477755383684075
resource_managers,max_throughput,avg_power_w,1.0,0.00024815314590517947
resource_managers,max_throughput,avg_power_w,1.5,0.00024097666266129897
resource_managers,max_throughput,avg_power_w,2.0,0.00023004766963206268
resource_managers,max_throughput,avg_power_w,2.5,0.00024201324942568574
resource_managers,max_throughput,avg_power_w,3.0,0.00025244440836167076
resource_managers,max_throughput,avg_power_w,3.5,0.0002491054523852935
resource_managers,max_throughput,avg_power_w,4.0,0.00024724390854606365
resource_managers,max_throughput,avg_power_w,4.5,0.00024898802913145946
resource_managers,max_throughput,avg_power_w,5.0,0.00024253108141014277
resource_managers,max_throughput,avg_power_w,5.5,0.0002483468755489959
resource_managers,max_throughput,avg_power_w,6.0,0.0002483686623609044
resource_managers,max_throughput,avg_power_w,6.5,0.0002504221704236121
resource_managers,max_throughput,avg_power_w,7.0,0.00024525775153636176
resource_managers,max_throughput,avg_power_w,7.5,0.0002393962781608614
resource_managers,max_throughput,avg_power_w,8.0,0.00023946092802450708
resource_managers,max_throughput,avg_power_w,8.5,0.000242434565317615
resource_managers,max_throughput,avg_power_w,9.0,0.00023601767629097208
resource_managers,max_throughput,avg_power_w,9.5,0.0002292585339105711
resource_managers,max_throughput,avg_power_w,10.0,0.00023984800574484657
resource_managers,max_throughput,runtime_sec,-5.0,3.6058481999498326
resource_managers,max_throughput,runtime_sec,-4.5,3.8697719000047073
resource_managers,max_throughput,runtime_sec,-4.0,4.83292590000201
resource_managers,max_throughput,runtime_sec,-3.5,4.721652699983679
resource_managers,max_throughput,runtime_sec,-3.0,4.616559500049334
resource_managers,max_throughput,runtime_sec,-2.5,4.751855999988038
resource_managers,max_throughput,runtime_sec,-2.0,5.495721199986292
resource_managers,max_throughput,runtime_sec,-1.5,5.710113199980697
resource_managers,max_throughput,runtime_sec,-1.0,5.74129149998771
resource_managers,max_throughput,runtime_sec,-0.5,5.636881799960975
resource_managers,max_throughput,runtime_sec,0.0,5.89256999999634
resource_managers,max_throughput,runtime_sec,0.5,5.713883899967186
resource_managers,max_throughput,runtime_sec,1.0,5.701859899942065
resource_managers,max_throughput,runtime_sec,1.5,5.862914700002875
resource_managers,max_throughput,runtime_sec,2.0,6.1162290999200195
resource_managers,max_throughput,runtime_sec,2.5,5.84071680001216
resource_managers,max_throughput,runtime_sec,3.0,5.61457949996111
resource_managers,max_throughput,runtime_sec,3.5,5.682656799996039
resource_managers,max_throughput,runtime_sec,4.0,5.7193134999251924
resource_managers,max_throughput,runtime_sec,4.5,5.687027799984207
resource_managers,max_throughput,runtime_sec,5.0,5.84851799995522
resource_managers,max_throughput,runtime_sec,5.5,5.722677900019335
resource_managers,max_throughput,runtime_sec,6.0,5.707133099989733
resource_managers,max_throughput,runtime_sec,6.5,5.648459299962269
resource_managers,max_throughput,runtime_sec,7.0,5.789159200008726
resource_managers,max_throughput,runtime_sec,7.5,5.9099231000000145
resource_managers,max_throughput,runtime_sec,8.0,5.905449200014118
resource_managers,max_throughput,runtime_sec,8.5,5.836502399964957
resource_managers,max_throughput,runtime_sec,9.0,6.035810500034131
resource_managers,max_throughput,runtime_sec,9.5,6.220244200056186
resource_managers,max_throughput,runtime_sec,10.0,5.960255599929951
resource_managers,max_throughput,bit_errors,-5.0,138480.0
resource_managers,max_throughput,bit_errors,-4.5,132528.0
resource_managers,max_throughput,bit_errors,-4.0,152655.0
resource_managers,max_throughput,bit_errors,-3.5,153918.0
resource_managers,max_throughput,bit_errors,-3.0,150173.0
resource_managers,max_throughput,bit_errors,-2.5,149601.0
resource_managers,max_throughput,bit_errors,-2.0,172755.0
resource_managers,max_throughput,bit_errors,-1.5,173462.0
resource_managers,max_throughput,bit_errors,-1.0,171762.0
resource_managers,max_throughput,bit_errors,-0.5,171793.0
resource_managers,max_throughput,bit_errors,0.0,172804.0
resource_managers,max_throughput,bit_errors,0.5,171773.0
resource_managers,max_throughput,bit_errors,1.0,171620.0
resource_managers,max_throughput,bit_errors,1.5,172216.0
resource_managers,max_throughput,bit_errors,2.0,172541.0
resource_managers,max_throughput,bit_errors,2.5,172392.0
resource_managers,max_throughput,bit_errors,3.0,172035.0
resource_managers,max_throughput,bit_errors,3.5,172423.0
resource_managers,max_throughput,bit_errors,4.0,172525.0
resource_managers,max_throughput,bit_errors,4.5,172407.0
resource_managers,max_throughput,bit_errors,5.0,171729.0
resource_managers,max_throughput,bit_errors,5.5,171822.0
resource_managers,max_throughput,bit_errors,6.0,172119.0
resource_managers,max_throughput,bit_errors,6.5,172791.0
resource_managers,max_throughput,bit_errors,7.0,171879.0
resource_managers,max_throughput,bit_errors,7.5,172051.0
resource_managers,max_throughput,bit_errors,8.0,172029.0
resource_managers,max_throughput,bit_errors,8.5,171958.0
resource_managers,max_throughput,bit_errors,9.0,172056.0
resource_managers,max_throughput,bit_errors,9.5,171677.0
resource_managers,max_throughput,bit_errors,10.0,172187.0
resource_managers,max_throughput,total_bits,-5.0,491520.0
resource_managers,max_throughput,total_bits,-4.5,491520.0
resource_managers,max_throughput,total_bits,-4.0,589824.0
resource_managers,max_throughput,total_bits,-3.5,589824.0
resource_managers,max_throughput,total_bits,-3.0,589824.0
resource_managers,max_throughput,total_bits,-2.5,589824.0
resource_managers,max_throughput,total_bits,-2.0,688128.0
resource_managers,max_throughput,total_bits,-1.5,688128.0
resource_managers,max_throughput,total_bits,-1.0,688128.0
resource_managers,max_throughput,total_bits,-0.5,688128.0
resource_managers,max_throughput,total_bits,0.0,688128.0
resource_managers,max_throughput,total_bits,0.5,688128.0
resource_managers,max_throughput,total_bits,1.0,688128.0
resource_managers,max_throughput,total_bits,1.5,688128.0
resource_managers,max_throughput,total_bits,2.0,688128.0
resource_managers,max_throughput,total_bits,2.5,688128.0
resource_managers,max_throughput,total_bits,3.0,688128.0
resource_managers,max_throughput,total_bits,3.5,688128.0
resource_managers,max_throughput,total_bits,4.0,688128.0
resource_managers,max_throughput,total_bits,4.5,688128.0
resource_managers,max_throughput,total_bits,5.0,688128.0
resource_managers,max_throughput,total_bits,5.5,688128.0
resource_managers,max_throughput,total_bits,6.0,688128.0
resource_managers,max_throughput,total_bits,6.5,688128.0
resource_managers,max_throughput,total_bits,7.0,688128.0
resource_managers,max_throughput,total_bits,7.5,688128.0
resource_managers,max_throughput,total_bits,8.0,688128.0
resource_managers,max_throughput,total_bits,8.5,688128.0
resource_managers,max_throughput,total_bits,9.0,688128.0
resource_managers,max_throughput,total_bits,9.5,688128.0
resource_managers,max_throughput,total_bits,10.0,688128.0
resource_managers,max_throughput,block_errors,-5.0,226.0
resource_managers,max_throughput,block_errors,-4.5,208.0
resource_managers,max_throughput,block_errors,-4.0,222.0
resource_managers,max_throughput,block_errors,-3.5,220.0
resource_managers,max_throughput,block_errors,-3.0,205.0
resource_managers,max_throughput,block_errors,-2.5,200.0
resource_managers,max_throughput,block_errors,-2.0,227.0
resource_managers,max_throughput,block_errors,-1.5,228.0
resource_managers,max_throughput,block_errors,-1.0,224.0
resource_managers,max_throughput,block_errors,-0.5,224.0
resource_managers,max_throughput,block_errors,0.0,225.0
resource_managers,max_throughput,block_errors,0.5,224.0
resource_managers,max_throughput,block_errors,1.0,224.0
resource_managers,max_throughput,block_errors,1.5,224.0
resource_managers,max_throughput,block_errors,2.0,225.0
resource_managers,max_throughput,block_errors,2.5,225.0
resource_managers,max_throughput,block_errors,3.0,224.0
resource_managers,max_throughput,block_errors,3.5,224.0
resource_managers,max_throughput,block_errors,4.0,224.0
resource_managers,max_throughput,block_errors,4.5,224.0
resource_managers,max_throughput,block_errors,5.0,224.0
resource_managers,max_throughput,block_errors,5.5,224.0
resource_managers,max_throughput,block_errors,6.0,224.0
resource_managers,max_throughput,block_errors,6.5,224.0
resource_managers,max_throughput,block_errors,7.0,224.0
resource_managers,max_throughput,block_errors,7.5,224.0
resource_managers,max_throughput,block_errors,8.0,224.0
resource_managers,max_throughput,block_errors,8.5,224.0
resource_managers,max_throughput,block_errors,9.0,224.0
resource_managers,max_throughput,block_errors,9.5,224.0
resource_managers,max_throughput,block_errors,10.0,224.0
resource_managers,max_throughput,total_blocks,-5.0,320.0
resource_managers,max_throughput,total_blocks,-4.5,320.0
resource_managers,max_throughput,total_blocks,-4.0,384.0
resource_managers,max_throughput,total_blocks,-3.5,384.0
resource_managers,max_throughput,total_blocks,-3.0,384.0
resource_managers,max_throughput,total_blocks,-2.5,384.0
resource_managers,max_throughput,total_blocks,-2.0,448.0
resource_managers,max_throughput,total_blocks,-1.5,448.0
resource_managers,max_throughput,total_blocks,-1.0,448.0
resource_managers,max_throughput,total_blocks,-0.5,448.0
resource_managers,max_throughput,total_blocks,0.0,448.0
resource_managers,max_throughput,total_blocks,0.5,448.0
resource_managers,max_throughput,total_blocks,1.0,448.0
resource_managers,max_throughput,total_blocks,1.5,448.0
resource_managers,max_throughput,total_blocks,2.0,448.0
resource_managers,max_throughput,total_blocks,2.5,448.0
resource_managers,max_throughput,total_blocks,3.0,448.0
resource_managers,max_throughput,total_blocks,3.5,448.0
resource_managers,max_throughput,total_blocks,4.0,448.0
resource_managers,max_throughput,total_blocks,4.5,448.0
resource_managers,max_throughput,total_blocks,5.0,448.0
resource_managers,max_throughput,total_blocks,5.5,448.0
resource_managers,max_throughput,total_blocks,6.0,448.0
resource_managers,max_throughput,total_blocks,6.5,448.0
resource_managers,max_throughput,total_blocks,7.0,448.0
resource_managers,max_throughput,total_blocks,7.5,448.0
resource_managers,max_throughput,total_blocks,8.0,448.0
resource_managers,max_throughput,total_blocks,8.5,448.0
resource_managers,max_throughput,total_blocks,9.0,448.0
resource_managers,max_throughput,total_blocks,9.5,448.0
resource_managers,max_throughput,total_blocks,10.0,448.0
resource_managers,max_throughput,num_batches,-5.0,5.0
resource_managers,max_throughput,num_batches,-4.5,5.0
resource_managers,max_throughput,num_batches,-4.0,6.0
resource_managers,max_throughput,num_batches,-3.5,6.0
resource_managers,max_throughput,num_batches,-3.0,6.0
resource_managers,max_throughput,num_batches,-2.5,6.0
resource_managers,max_throughput,num_batches,-2.0,7.0
resource_managers,max_throughput,num_batches,-1.5,7.0
resource_managers,max_throughput,num_batches,-1.0,7.0
resource_managers,max_throughput,num_batches,-0.5,7.0
resource_managers,max_throughput,num_batches,0.0,7.0
resource_managers,max_throughput,num_batches,0.5,7.0
resource_managers,max_throughput,num_batches,1.0,7.0
resource_managers,max_throughput,num_batches,1.5,7.0
resource_managers,max_throughput,num_batches,2.0,7.0
resource_managers,max_throughput,num_batches,2.5,7.0
resource_managers,max_throughput,num_batches,3.0,7.0
resource_managers,max_throughput,num_batches,3.5,7.0
resource_managers,max_throughput,num_batches,4.0,7.0
resource_managers,max_throughput,num_batches,4.5,7.0
resource_managers,max_throughput,num_batches,5.0,7.0
resource_managers,max_throughput,num_batches,5.5,7.0
resource_managers,max_throughput,num_batches,6.0,7.0
resource_managers,max_throughput,num_batches,6.5,7.0
resource_managers,max_throughput,num_batches,7.0,7.0
resource_managers,max_throughput,num_batches,7.5,7.0
resource_managers,max_throughput,num_batches,8.0,7.0
resource_managers,max_throughput,num_batches,8.5,7.0
resource_managers,max_throughput,num_batches,9.0,7.0
resource_managers,max_throughput,num_batches,9.5,7.0
resource_managers,max_throughput,num_batches,10.0,7.0
resource_managers,max_throughput,runtime_total_sec,,171.3985063995351
resource_managers,pf,ber,-5.0,0.2856852213541667
resource_managers,pf,ber,-4.5,0.27638346354166665
resource_managers,pf,ber,-4.0,0.2645144992404514
resource_managers,pf,ber,-3.5,0.2618357340494792
resource_managers,pf,ber,-3.0,0.2569122314453125
resource_managers,pf,ber,-2.5,0.25263177780877977
resource_managers,pf,ber,-2.0,0.2536671956380208
resource_managers,pf,ber,-1.5,0.25143287295386907
resource_managers,pf,ber,-1.0,0.2519923618861607
resource_managers,pf,ber,-0.5,0.2513398670014881
resource_managers,pf,ber,0.0,0.24916875930059523
resource_managers,pf,ber,0.5,0.25046212332589285
resource_managers,pf,ber,1.0,0.24954368954613096
resource_managers,pf,ber,1.5,0.2504475911458333
resource_managers,pf,ber,2.0,0.251129150390625
resource_managers,pf,ber,2.5,0.2501118977864583
resource_managers,pf,ber,3.0,0.2502019973028274
resource_managers,pf,ber,3.5,0.2498532249813988
resource_managers,pf,ber,4.0,0.25092279343377977
resource_managers,pf,ber,4.5,0.25006103515625
resource_managers,pf,ber,5.0,0.24938528878348215
resource_managers,pf,ber,5.5,0.2500581287202381
resource_managers,pf,ber,6.0,0.24988519577752977
resource_managers,pf,ber,6.5,0.24994623093377977
resource_managers,pf,ber,7.0,0.25057547433035715
resource_managers,pf,ber,7.5,0.2497500465029762
resource_managers,pf,ber,8.0,0.25018891834077384
resource_managers,pf,ber,8.5,0.2503138950892857
resource_managers,pf,ber,9.0,0.25021943591889884
resource_managers,pf,ber,9.5,0.25004795619419645
resource_managers,pf,ber,10.0,0.24954659598214285
resource_managers,pf,ber_upper_confidence,-5.0,0.286746251115081
resource_managers,pf,ber_upper_confidence,-4.5,0.2774339131434295
resource_managers,pf,ber_upper_confidence,-4.0,0.26546024289045167
resource_managers,pf,ber_upper_confidence,-3.5,0.26277840450673173
resource_managers,pf,ber_upper_confidence,-3.0,0.2578491351910612
resource_managers,pf,ber_upper_confidence,-2.5,0.253494345786306
resource_managers,pf,ber_upper_confidence,-2.0,0.25460021369882097
resource_managers,pf,ber_upper_confidence,-1.5,0.2522940879552197
resource_managers,pf,ber_upper_confidence,-1.0,0.2528542093597936
resource_managers,pf,ber_upper_confidence,-0.5,0.25220097668049474
resource_managers,pf,ber_upper_confidence,0.0,0.2500273953933468
resource_managers,pf,ber_upper_confidence,0.5,0.2513222364352396
resource_managers,pf,ber_upper_confidence,1.0,0.2504027548601235
resource_managers,pf,ber_upper_confidence,1.5,0.2513076877162159
resource_managers,pf,ber_upper_confidence,2.0,0.2519900212543287
resource_managers,pf,ber_upper_confidence,2.5,0.25097161194834516
resource_managers,pf,ber_upper_confidence,3.0,0.2510618141699757
resource_managers,pf,ber_upper_confidence,3.5,0.25071264400443777
resource_managers,pf,ber_upper_confidence,4.0,0.25178343016162597
resource_managers,pf,ber_upper_confidence,4.5,0.2509206913174835
resource_managers,pf,ber_upper_confidence,5.0,0.2502441728647911
resource_managers,pf,ber_upper_confidence,5.5,0.2509177815666716
resource_managers,pf,ber_upper_confidence,6.0,0.25074465130053447
resource_managers,pf,ber_upper_confidence,6.5,0.2508057561212003
resource_managers,pf,ber_upper_confidence,7.0,0.25143571639945933
resource_managers,pf,ber_upper_confidence,7.5,0.2506093476880726
resource_managers,pf,ber_upper_confidence,8.0,0.25104872030216696
resource_managers,pf,ber_upper_confidence,8.5,0.2511738394407978
resource_managers,pf,ber_upper_confidence,9.0,0.25107927265876395
resource_managers,pf,ber_upper_confidence,9.5,0.25090759743842395
resource_managers,pf,ber_upper_confidence,10.0,0.2504056646200716
resource_managers,pf,latency_ms,-5.0,662.293263343194
resource_managers,pf,latency_ms,-4.5,751.97058333902
resource_managers,pf,latency_ms,-4.0,708.5535999987352
resource_managers,pf,latency_ms,-3.5,737.8101166588332
resource_managers,pf,latency_ms,-3.0,739.4456166753001
resource_managers,pf,latency_ms,-2.5,738.033483333451
resource_managers,pf,latency_ms,-2.0,702.407750005011
resource_managers,pf,latency_ms,-1.5,753.7410976245777
resource_managers,pf,latency_ms,-1.0,732.4125261932722
resource_managers,pf,latency_ms,-0.5,734.3056261935582
resource_managers,pf,latency_ms,0.0,772.6565833358471
resource_managers,pf,latency_ms,0.5,739.210326191834
resource_managers,pf,latency_ms,1.0,771.4431976164736
resource_managers,pf,latency_ms,1.5,757.8180261942802
resource_managers,pf,latency_ms,2.0,754.4205261848712
resource_managers,pf,latency_ms,2.5,741.0937547564284
resource_managers,pf,latency_ms,3.0,735.4331262015849
resource_managers,pf,latency_ms,3.5,751.9906118983115
resource_managers,pf,latency_ms,4.0,748.5904690490548
resource_managers,pf,latency_ms,4.5,779.9032404733068
resource_managers,pf,latency_ms,5.0,749.962697616876
resource_managers,pf,latency_ms,5.5,759.8906833326222
resource_managers,pf,latency_ms,6.0,750.3736261907344
resource_managers,pf,latency_ms,6.5,751.5875119014421
resource_managers,pf,latency_ms,7.0,754.0331261869763
resource_managers,pf,latency_ms,7.5,796.370583329148
resource_managers,pf,latency_ms,8.0,811.7212976217913
resource_managers,pf,latency_ms,8.5,768.0557118983519
resource_managers,pf,latency_ms,9.0,797.3179976153498
resource_managers,pf,latency_ms,9.5,831.8251404692064
resource_managers,pf,latency_ms,10.0,794.8826833334064
resource_managers,pf,throughput_bits_per_batch,-5.0,70220.0
resource_managers,pf,throughput_bits_per_batch,-4.5,71134.4
resource_managers,pf,throughput_bits_per_batch,-4.0,72301.16666666667
resource_managers,pf,throughput_bits_per_batch,-3.5,72564.5
resource_managers,pf,throughput_bits_per_batch,-3.0,73048.5
resource_managers,pf,throughput_bits_per_batch,-2.5,73469.28571428571
resource_managers,pf,throughput_bits_per_batch,-2.0,73367.5
resource_managers,pf,throughput_bits_per_batch,-1.5,73587.14285714286
resource_managers,pf,throughput_bits_per_batch,-1.0,73532.14285714286
resource_managers,pf,throughput_bits_per_batch,-0.5,73596.28571428571
resource_managers,pf,throughput_bits_per_batch,0.0,73809.71428571429
resource_managers,pf,throughput_bits_per_batch,0.5,73682.57142857143
resource_managers,pf,throughput_bits_per_batch,1.0,73772.85714285714
resource_managers,pf,throughput_bits_per_batch,1.5,73684.0
resource_managers,pf,throughput_bits_per_batch,2.0,73617.0
resource_managers,pf,throughput_bits_per_batch,2.5,73717.0
resource_managers,pf,throughput_bits_per_batch,3.0,73708.14285714286
resource_managers,pf,throughput_bits_per_batch,3.5,73742.42857142857
resource_managers,pf,throughput_bits_per_batch,4.0,73637.28571428571
resource_managers,pf,throughput_bits_per_batch,4.5,73722.0
resource_managers,pf,throughput_bits_per_batch,5.0,73788.42857142857
resource_managers,pf,throughput_bits_per_batch,5.5,73722.28571428571
resource_managers,pf,throughput_bits_per_batch,6.0,73739.28571428571
resource_managers,pf,throughput_bits_per_batch,6.5,73733.28571428571
resource_managers,pf,throughput_bits_per_batch,7.0,73671.42857142857
resource_managers,pf,throughput_bits_per_batch,7.5,73752.57142857143
resource_managers,pf,throughput_bits_per_batch,8.0,73709.42857142857
resource_managers,pf,throughput_bits_per_batch,8.5,73697.14285714286
resource_managers,pf,throughput_bits_per_batch,9.0,73706.42857142857
resource_managers,pf,throughput_bits_per_batch,9.5,73723.28571428571
resource_managers,pf,throughput_bits_per_batch,10.0,73772.57142857143
resource_managers,pf,energy_joules_per_batch,-5.0,0.00018645100000000005
resource_managers,pf,energy_joules_per_batch,-4.5,0.00018645100000000002
resource_managers,pf,energy_joules_per_batch,-4.0,0.00018645100000000002
resource_managers,pf,energy_joules_per_batch,-3.5,0.00018645100000000002
resource_managers,pf,energy_joules_per_batch,-3.0,0.00018645100000000002
resource_managers,pf,energy_joules_per_batch,-2.5,0.00018645100000000002
resource_managers,pf,energy_joules_per_batch,-2.0,0.00018645100000000005
resource_managers,pf,energy_joules_per_batch,-1.5,0.00018645100000000002
resource_managers,pf,energy_joules_per_batch,-1.0,0.00018645100000000002
resource_managers,pf,energy_joules_per_batch,-0.5,0.00018645100000000002
resource_managers,pf,energy_joules_per_batch,0.0,0.00018645100000000002
resource_managers,pf,energy_joules_per_batch,0.5,0.00018645100000000002
resource_managers,pf,energy_joules_per_batch,1.0,0.00018645100000000002
resource_managers,pf,energy_joules_per_batch,1.5,0.00018645100000000002
resource_managers,pf,energy_joules_per_batch,2.0,0.00018645100000000002
resource_managers,pf,energy_joules_per_batch,2.5,0.00018645100000000002
resource_managers,pf,energy_joules_per_batch,3.0,0.00018645100000000002
resource_managers,pf,energy_joules_per_batch,3.5,0.00018645100000000002
resource_managers,pf,energy_joules_per_batch,4.0,0.00018645100000000002
resource_managers,pf,energy_joules_per_batch,4.5,0.00018645100000000002
resource_managers,pf,energy_joules_per_batch,5.0,0.00018645100000000002
resource_managers,pf,energy_joules_per_batch,5.5,0.00018645100000000002
resource_managers,pf,energy_joules_per_batch,6.0,0.00018645100000000002
resource_managers,pf,energy_joules_per_batch,6.5,0.00018645100000000002
resource_managers,pf,energy_joules_per_batch,7.0,0.00018645100000000002
resource_managers,pf,energy_joules_per_batch,7.5,0.00018645100000000002
resource_managers,pf,energy_joules_per_batch,8.0,0.00018645100000000002
resource_managers,pf,energy_joules_per_batch,8.5,0.00018645100000000002
resource_managers,pf,energy_joules_per_batch,9.0,0.00018645100000000002
resource_managers,pf,energy_joules_per_batch,9.5,0.00018645100000000002
resource_managers,pf,energy_joules_per_batch,10.0,0.00018645100000000002
resource_managers,pf,avg_power_w,-5.0,0.00028152332255172426
resource_managers,pf,avg_power_w,-4.5,0.00024794985885231107
resource_managers,pf,avg_power_w,-4.0,0.0002631431129562151
resource_managers,pf,avg_power_w,-3.5,0.00025270865198262905
resource_managers,pf,avg_power_w,-3.0,0.0002521497129678341
resource_managers,pf,avg_power_w,-2.5,0.00025263216942117997
resource_managers,pf,avg_power_w,-2.0,0.0002654455335930873
resource_managers,pf,avg_power_w,-1.5,0.0002473674323817583
resource_managers,pf,avg_power_w,-1.0,0.00025457101473821394
resource_managers,pf,avg_power_w,-0.5,0.000253914709827993
resource_managers,pf,avg_power_w,0.0,0.00024131160469120888
resource_managers,pf,avg_power_w,0.5,0.0002522299721657483
resource_managers,pf,avg_power_w,1.0,0.00024169115830702413
resource_managers,pf,avg_power_w,1.5,0.0002460366388172983
resource_managers,pf,avg_power_w,2.0,0.0002471446541133878
resource_managers,pf,avg_power_w,2.5,0.0002515889505252678
resource_managers,pf,avg_power_w,3.0,0.0002535254306030446
resource_managers,pf,avg_power_w,3.5,0.0002479432549421415
resource_managers,pf,avg_power_w,4.0,0.00024906942809043694
resource_managers,pf,avg_power_w,4.5,0.00023906940031028317
resource_managers,pf,avg_power_w,5.0,0.00024861369851124235
resource_managers,pf,avg_power_w,5.5,0.00024536555598009084
resource_managers,pf,avg_power_w,6.0,0.00024847754970616035
resource_managers,pf,avg_power_w,6.5,0.0002480762346999319
resource_managers,pf,avg_power_w,7.0,0.00024727162975299587
resource_managers,pf,avg_power_w,7.5,0.00023412592567214144
resource_managers,pf,avg_power_w,8.0,0.000229698297366683
resource_managers,pf,avg_power_w,8.5,0.0002427571296086863
resource_managers,pf,avg_power_w,9.0,0.00023384772519577515
resource_managers,pf,avg_power_w,9.5,0.00022414686804828822
resource_managers,pf,avg_power_w,10.0,0.0002345641739458989
resource_managers,pf,runtime_sec,-5.0,3.58520220007631
resource_managers,pf,runtime_sec,-4.5,4.059615699981805
resource_managers,pf,runtime_sec,-4.0,4.612806700024521
resource_managers,pf,runtime_sec,-3.5,4.795526500005508
resource_managers,pf,runtime_sec,-3.0,4.820911399991019
resource_managers,pf,runtime_sec,-2.5,5.603214600036154
resource_managers,pf,runtime_sec,-2.0,4.571199500060175
resource_managers,pf,runtime_sec,-1.5,5.71730440002284
resource_managers,pf,runtime_sec,-1.0,5.562628300016513
resource_managers,pf,runtime_sec,-0.5,5.5814769999997225
resource_managers,pf,runtime_sec,0.0,5.875024400011171
resource_managers,pf,runtime_sec,0.5,5.628499700018438
resource_managers,pf,runtime_sec,1.0,5.854011500050547
resource_managers,pf,runtime_sec,1.5,5.765066499996465
resource_managers,pf,runtime_sec,2.0,5.724326199997449
resource_managers,pf,runtime_sec,2.5,5.636484500049846
resource_managers,pf,runtime_sec,3.0,5.570853100041859
resource_managers,pf,runtime_sec,3.5,5.702971700025955
resource_managers,pf,runtime_sec,4.0,5.694457500008866
resource_managers,pf,runtime_sec,4.5,5.921672099997522
resource_managers,pf,runtime_sec,5.0,5.715917300025467
resource_managers,pf,runtime_sec,5.5,5.764665199967567
resource_managers,pf,runtime_sec,6.0,5.704135300009511
resource_managers,pf,runtime_sec,6.5,5.702851800015196
resource_managers,pf,runtime_sec,7.0,5.734241499972995
resource_managers,pf,runtime_sec,7.5,6.028222699998878
resource_managers,pf,runtime_sec,8.0,6.146576100058155
resource_managers,pf,runtime_sec,8.5,5.830098400008865
resource_managers,pf,runtime_sec,9.0,6.107523600017885
resource_managers,pf,runtime_sec,9.5,6.389343699935125
resource_managers,pf,runtime_sec,10.0,6.0971940999734215
resource_managers,pf,bit_errors,-5.0,140420.0
resource_managers,pf,bit_errors,-4.5,135848.0
resource_managers,pf,bit_errors,-4.0,156017.0
resource_managers,pf,bit_errors,-3.5,154437.0
resource_managers,pf,bit_errors,-3.0,151533.0
resource_managers,pf,bit_errors,-2.5,173843.0
resource_managers,pf,bit_errors,-2.0,149619.0
resource_managers,pf,bit_errors,-1.5,173018.0
resource_managers,pf,bit_errors,-1.0,173403.0
resource_managers,pf,bit_errors,-0.5,172954.0
resource_managers,pf,bit_errors,0.0,171460.0
resource_managers,pf,bit_errors,0.5,172350.0
resource_managers,pf,bit_errors,1.0,171718.0
resource_managers,pf,bit_errors,1.5,172340.0
resource_managers,pf,bit_errors,2.0,172809.0
resource_managers,pf,bit_errors,2.5,172109.0
resource_managers,pf,bit_errors,3.0,172171.0
resource_managers,pf,bit_errors,3.5,171931.0
resource_managers,pf,bit_errors,4.0,172667.0
resource_managers,pf,bit_errors,4.5,172074.0
resource_managers,pf,bit_errors,5.0,171609.0
resource_managers,pf,bit_errors,5.5,172072.0
resource_managers,pf,bit_errors,6.0,171953.0
resource_managers,pf,bit_errors,6.5,171995.0
resource_managers,pf,bit_errors,7.0,172428.0
resource_managers,pf,bit_errors,7.5,171860.0
resource_managers,pf,bit_errors,8.0,172162.0
resource_managers,pf,bit_errors,8.5,172248.0
resource_managers,pf,bit_errors,9.0,172183.0
resource_managers,pf,bit_errors,9.5,172065.0
resource_managers,pf,bit_errors,10.0,171720.0
resource_managers,pf,total_bits,-5.0,491520.0
resource_managers,pf,total_bits,-4.5,491520.0
resource_managers,pf,total_bits,-4.0,589824.0
resource_managers,pf,total_bits,-3.5,589824.0
resource_managers,pf,total_bits,-3.0,589824.0
resource_managers,pf,total_bits,-2.5,688128.0
resource_managers,pf,total_bits,-2.0,589824.0
resource_managers,pf,total_bits,-1.5,688128.0
resource_managers,pf,total_bits,-1.0,688128.0
resource_managers,pf,total_bits,-0.5,688128.0
resource_managers,pf,total_bits,0.0,688128.0
resource_managers,pf,total_bits,0.5,688128.0
resource_managers,pf,total_bits,1.0,688128.0
resource_managers,pf,total_bits,1.5,688128.0
resource_managers,pf,total_bits,2.0,688128.0
resource_managers,pf,total_bits,2.5,688128.0
resource_managers,pf,total_bits,3.0,688128.0
resource_managers,pf,total_bits,3.5,688128.0
resource_managers,pf,total_bits,4.0,688128.0
resource_managers,pf,total_bits,4.5,688128.0
resource_managers,pf,total_bits,5.0,688128.0
resource_managers,pf,total_bits,5.5,688128.0
resource_managers,pf,total_bits,6.0,688128.0
resource_managers,pf,total_bits,6.5,688128.0
resource_managers,pf,total_bits,7.0,688128.0
resource_managers,pf,total_bits,7.5,688128.0
resource_managers,pf,total_bits,8.0,688128.0
resource_managers,pf,total_bits,8.5,688128.0
resource_managers,pf,total_bits,9.0,688128.0
resource_managers,pf,total_bits,9.5,688128.0
resource_managers,pf,total_bits,10.0,688128.0
resource_managers,pf,block_errors,-5.0,242.0
resource_managers,pf,block_errors,-4.5,217.0
resource_managers,pf,block_errors,-4.0,234.0
resource_managers,pf,block_errors,-3.5,225.0
resource_managers,pf,block_errors,-3.0,208.0
resource_managers,pf,block_errors,-2.5,231.0
resource_managers,pf,block_errors,-2.0,202.0
resource_managers,pf,block_errors,-1.5,229.0
resource_managers,pf,block_errors,-1.0,230.0
resource_managers,pf,block_errors,-0.5,226.0
resource_managers,pf,block_errors,0.0,224.0
resource_managers,pf,block_errors,0.5,225.0
resource_managers,pf,block_errors,1.0,225.0
resource_managers,pf,block_errors,1.5,224.0
resource_managers,pf,block_errors,2.0,226.0
resource_managers,pf,block_errors,2.5,225.0
resource_managers,pf,block_errors,3.0,224.0
resource_managers,pf,block_errors,3.5,224.0
resource_managers,pf,block_errors,4.0,225.0
resource_managers,pf,block_errors,4.5,224.0
resource_managers,pf,block_errors,5.0,224.0
resource_managers,pf,block_errors,5.5,224.0
resource_managers,pf,block_errors,6.0,224.0
resource_managers,pf,block_errors,6.5,224.0
resource_managers,pf,block_errors,7.0,224.0
resource_managers,pf,block_errors,7.5,224.0
resource_managers,pf,block_errors,8.0,224.0
resource_managers,pf,block_errors,8.5,224.0
resource_managers,pf,block_errors,9.0,224.0
resource_managers,pf,block_errors,9.5,224.0
resource_managers,pf,block_errors,10.0,224.0
resource_managers,pf,total_blocks,-5.0,320.0
resource_managers,pf,total_blocks,-4.5,320.0
resource_managers,pf,total_blocks,-4.0,384.0
resource_managers,pf,total_blocks,-3.5,384.0
resource_managers,pf,total_blocks,-3.0,384.0
resource_managers,pf,total_blocks,-2.5,448.0
resource_managers,pf,total_blocks,-2.0,384.0
resource_managers,pf,total_blocks,-1.5,448.0
resource_managers,pf,total_blocks,-1.0,448.0
resource_managers,pf,total_blocks,-0.5,448.0
resource_managers,pf,total_blocks,0.0,448.0
resource_managers,pf,total_blocks,0.5,448.0
resource_managers,pf,total_blocks,1.0,448.0
resource_managers,pf,total_blocks,1.5,448.0
resource_managers,pf,total_blocks,2.0,448.0
resource_managers,pf,total_blocks,2.5,448.0
resource_managers,pf,total_blocks,3.0,448.0
resource_managers,pf,total_blocks,3.5,448.0
resource_managers,pf,total_blocks,4.0,448.0
resource_managers,pf,total_blocks,4.5,448.0
resource_managers,pf,total_blocks,5.0,448.0
resource_managers,pf,total_blocks,5.5,448.0
resource_managers,pf,total_blocks,6.0,448.0
resource_managers,pf,total_blocks,6.5,448.0
resource_managers,pf,total_blocks,7.0,448.0
resource_managers,pf,total_blocks,7.5,448.0
resource_managers,pf,total_blocks,8.0,448.0
resource_managers,pf,total_blocks,8.5,448.0
resource_managers,pf,total_blocks,9.0,448.0
resource_managers,pf,total_blocks,9.5,448.0
resource_managers,pf,total_blocks,10.0,448.0
resource_managers,pf,num_batches,-5.0,5.0
resource_managers,pf,num_batches,-4.5,5.0
resource_managers,pf,num_batches,-4.0,6.0
resource_managers,pf,num_batches,-3.5,6.0
resource_managers,pf,num_batches,-3.0,6.0
resource_managers,pf,num_batches,-2.5,7.0
resource_managers,pf,num_batches,-2.0,6.0
resource_managers,pf,num_batches,-1.5,7.0
resource_managers,pf,num_batches,-1.0,7.0
resource_managers,pf,num_batches,-0.5,7.0
resource_managers,pf,num_batches,0.0,7.0
resource_managers,pf,num_batches,0.5,7.0
resource_managers,pf,num_batches,1.0,7.0
resource_managers,pf,num_batches,1.5,7.0
resource_managers,pf,num_batches,2.0,7.0
resource_managers,pf,num_batches,2.5,7.0
resource_managers,pf,num_batches,3.0,7.0
resource_managers,pf,num_batches,3.5,7.0
resource_managers,pf,num_batches,4.0,7.0
resource_managers,pf,num_batches,4.5,7.0
resource_managers,pf,num_batches,5.0,7.0
resource_managers,pf,num_batches,5.5,7.0
resource_managers,pf,num_batches,6.0,7.0
resource_managers,pf,num_batches,6.5,7.0
resource_managers,pf,num_batches,7.0,7.0
resource_managers,pf,num_batches,7.5,7.0
resource_managers,pf,num_batches,8.0,7.0
resource_managers,pf,num_batches,8.5,7.0
resource_managers,pf,num_batches,9.0,7.0
resource_managers,pf,num_batches,9.5,7.0
resource_managers,pf,num_batches,10.0,7.0
resource_managers,pf,runtime_total_sec,,171.50402320039575
resource_managers,wmmse,ber,-5.0,0.281878662109375
resource_managers,wmmse,ber,-4.5,0.27801106770833334
resource_managers,wmmse,ber,-4.0,0.2617713080512153
resource_managers,wmmse,ber,-3.5,0.2643890380859375
resource_managers,wmmse,ber,-3.0,0.2544436984592014
resource_managers,wmmse,ber,-2.5,0.25271025158110116
resource_managers,wmmse,ber,-2.0,0.2519647507440476
resource_managers,wmmse,ber,-1.5,0.2542894151475694
resource_managers,wmmse,ber,-1.0,0.2506931849888393
resource_managers,wmmse,ber,-0.5,0.25009009951636907
resource_managers,wmmse,ber,0.0,0.25060889834449407
resource_managers,wmmse,ber,0.5,0.25030662899925593
resource_managers,wmmse,ber,1.0,0.24970644996279762
resource_managers,wmmse,ber,1.5,0.24958147321428573
resource_managers,wmmse,ber,2.0,0.25142851329985116
resource_managers,wmmse,ber,2.5,0.2504388718377976
resource_managers,wmmse,ber,3.0,0.24998982747395834
resource_managers,wmmse,ber,3.5,0.24989972795758927
resource_managers,wmmse,ber,4.0,0.25055512927827384
resource_managers,wmmse,ber,4.5,0.24989827473958334
resource_managers,wmmse,ber,5.0,0.2501409621465774
resource_managers,wmmse,ber,5.5,0.24965268089657738
resource_managers,wmmse,ber,6.0,0.25045921688988093
resource_managers,wmmse,ber,6.5,0.24925304594494047
resource_managers,wmmse,ber,7.0,0.24953932989211308
resource_managers,wmmse,ber,7.5,0.2501249767485119
resource_managers,wmmse,ber,8.0,0.24989536830357142
resource_managers,wmmse,ber,8.5,0.2502165294828869
resource_managers,wmmse,ber,9.0,0.24950009300595238
resource_managers,wmmse,ber,9.5,0.24914114815848215
resource_managers,wmmse,ber,10.0,0.25048828125
resource_managers,wmmse,ber_upper_confidence,-5.0,0.2829354296354821
resource_managers,wmmse,ber_upper_confidence,-4.5,0.27906340907316673
resource_managers,wmmse,ber_upper_confidence,-4.0,0.26271390404119643
resource_managers,wmmse,ber_upper_confidence,-3.5,0.2653346388044312
resource_managers,wmmse,ber_upper_confidence,-3.0,0.25537765252067474
resource_managers,wmmse,ber_upper_confidence,-2.5,0.2535729078137846
resource_managers,wmmse,ber_upper_confidence,-2.0,0.25282656704927614
resource_managers,wmmse,ber_upper_confidence,-1.5,0.25522318354653273
resource_managers,wmmse,ber_upper_confidence,-1.0,0.2515535608948474
resource_managers,wmmse,ber_upper_confidence,-0.5,0.2509497888227664
resource_managers,wmmse,ber_upper_confidence,0.0,0.25146917842524713
resource_managers,wmmse,ber_upper_confidence,0.5,0.251166565074881
resource_managers,wmmse,ber_upper_confidence,1.0,0.25056570133766154
resource_managers,wmmse,ber_upper_confidence,1.5,0.25044058173541855
resource_managers,wmmse,ber_upper_confidence,2.0,0.25228972336539013
resource_managers,wmmse,ber_upper_confidence,2.5,0.25129895848418393
resource_managers,wmmse,ber_upper_confidence,3.0,0.250849402407747
resource_managers,wmmse,ber_upper_confidence,3.5,0.2507592000694234
resource_managers,wmmse,ber_upper_confidence,4.0,0.25141534820651756
resource_managers,wmmse,ber_upper_confidence,4.5,0.25075774519259264
resource_managers,wmmse,ber_upper_confidence,5.0,0.2510007094446059
resource_managers,wmmse,ber_upper_confidence,5.5,0.2505118708228201
resource_managers,wmmse,ber_upper_confidence,6.0,0.25131932669153784
resource_managers,wmmse,ber_upper_confidence,6.5,0.25011177860427786
resource_managers,wmmse,ber_upper_confidence,7.0,0.2503983902201044
resource_managers,wmmse,ber_upper_confidence,7.5,0.2509847058223005
resource_managers,wmmse,ber_upper_confidence,8.0,0.2507548354388922
resource_managers,wmmse,ber_upper_confidence,8.5,0.25107636291076135
resource_managers,wmmse,ber_upper_confidence,9.0,0.2503591084547013
resource_managers,wmmse,ber_upper_confidence,9.5,0.2499997526078894
resource_managers,wmmse,ber_upper_confidence,10.0,0.251348424126239
resource_managers,wmmse,latency_ms,-5.0,675.7515433349492
resource_managers,wmmse,latency_ms,-4.5,730.9362433257359
resource_managers,wmmse,latency_ms,-4.0,716.4599499954609
resource_managers,wmmse,latency_ms,-3.5,718.1834166644761
resource_managers,wmmse,latency_ms,-3.0,731.9297166588095
resource_managers,wmmse,latency_ms,-2.5,753.3929547732674
resource_managers,wmmse,latency_ms,-2.0,746.6693547576245
resource_managers,wmmse,latency_ms,-1.5,718.3539166676268
resource_managers,wmmse,latency_ms,-1.0,744.8788404711167
resource_managers,wmmse,latency_ms,-0.5,722.8245690437012
resource_managers,wmmse,latency_ms,0.0,773.8054690546933
resource_managers,wmmse,latency_ms,0.5,768.008797617128
resource_managers,wmmse,latency_ms,1.0,761.7121404790563
resource_managers,wmmse,latency_ms,1.5,746.3697119097403
resource_managers,wmmse,latency_ms,2.0,748.7376261940204
resource_managers,wmmse,latency_ms,2.5,761.4807119041194
resource_managers,wmmse,latency_ms,3.0,731.0857833285262
resource_managers,wmmse,latency_ms,3.5,747.6039976136339
resource_managers,wmmse,latency_ms,4.0,778.8204119138597
resource_managers,wmmse,latency_ms,4.5,769.059383331696
resource_managers,wmmse,latency_ms,5.0,747.7131119028178
resource_managers,wmmse,latency_ms,5.5,753.5888261965321
resource_managers,wmmse,latency_ms,6.0,750.9576690504971
resource_managers,wmmse,latency_ms,6.5,761.6393547635171
resource_managers,wmmse,latency_ms,7.0,734.6427690484206
resource_managers,wmmse,latency_ms,7.5,779.2978547477209
resource_managers,wmmse,latency_ms,8.0,787.4108119041504
resource_managers,wmmse,latency_ms,8.5,761.8506690450989
resource_managers,wmmse,latency_ms,9.0,794.3420690597744
resource_managers,wmmse,latency_ms,9.5,810.7010833300695
resource_managers,wmmse,latency_ms,10.0,781.5998690499171
resource_managers,wmmse,throughput_bits_per_batch,-5.0,70594.2
resource_managers,wmmse,throughput_bits_per_batch,-4.5,70974.4
resource_managers,wmmse,throughput_bits_per_batch,-4.0,72570.83333333333
resource_managers,wmmse,throughput_bits_per_batch,-3.5,72313.5
resource_managers,wmmse,throughput_bits_per_batch,-3.0,73291.16666666667
resource_managers,wmmse,throughput_bits_per_batch,-2.5,73461.57142857143
resource_managers,wmmse,throughput_bits_per_batch,-2.0,73534.85714285714
resource_managers,wmmse,throughput_bits_per_batch,-1.5,73306.33333333333
resource_managers,wmmse,throughput_bits_per_batch,-1.0,73659.85714285714
resource_managers,wmmse,throughput_bits_per_batch,-0.5,73719.14285714286
resource_managers,wmmse,throughput_bits_per_batch,0.0,73668.14285714286
resource_managers,wmmse,throughput_bits_per_batch,0.5,73697.85714285714
resource_managers,wmmse,throughput_bits_per_batch,1.0,73756.85714285714
resource_managers,wmmse,throughput_bits_per_batch,1.5,73769.14285714286
resource_managers,wmmse,throughput_bits_per_batch,2.0,73587.57142857143
resource_managers,wmmse,throughput_bits_per_batch,2.5,73684.85714285714
resource_managers,wmmse,throughput_bits_per_batch,3.0,73729.0
resource_managers,wmmse,throughput_bits_per_batch,3.5,73737.85714285714
resource_managers,wmmse,throughput_bits_per_batch,4.0,73673.42857142857
resource_managers,wmmse,throughput_bits_per_batch,4.5,73738.0
resource_managers,wmmse,throughput_bits_per_batch,5.0,73714.14285714286
resource_managers,wmmse,throughput_bits_per_batch,5.5,73762.14285714286
resource_managers,wmmse,throughput_bits_per_batch,6.0,73682.85714285714
resource_managers,wmmse,throughput_bits_per_batch,6.5,73801.42857142857
resource_managers,wmmse,throughput_bits_per_batch,7.0,73773.28571428571
resource_managers,wmmse,throughput_bits_per_batch,7.5,73715.71428571429
resource_managers,wmmse,throughput_bits_per_batch,8.0,73738.28571428571
resource_managers,wmmse,throughput_bits_per_batch,8.5,73706.71428571429
resource_managers,wmmse,throughput_bits_per_batch,9.0,73777.14285714286
resource_managers,wmmse,throughput_bits_per_batch,9.5,73812.42857142857
resource_managers,wmmse,throughput_bits_per_batch,10.0,73680.0
resource_managers,wmmse,energy_joules_per_batch,-5.0,0.00018645100000000002
resource_managers,wmmse,energy_joules_per_batch,-4.5,0.00018645100000000002
resource_managers,wmmse,energy_joules_per_batch,-4.0,0.00018645100000000002
resource_managers,wmmse,energy_joules_per_batch,-3.5,0.00018645100000000002
resource_managers,wmmse,energy_joules_per_batch,-3.0,0.00018645100000000002
resource_managers,wmmse,energy_joules_per_batch,-2.5,0.00018645100000000002
resource_managers,wmmse,energy_joules_per_batch,-2.0,0.00018645100000000002
resource_managers,wmmse,energy_joules_per_batch,-1.5,0.00018645100000000002
resource_managers,wmmse,energy_joules_per_batch,-1.0,0.00018645100000000002
resource_managers,wmmse,energy_joules_per_batch,-0.5,0.00018645100000000002
resource_managers,wmmse,energy_joules_per_batch,0.0,0.00018645100000000002
resource_managers,wmmse,energy_joules_per_batch,0.5,0.00018645100000000002
resource_managers,wmmse,energy_joules_per_batch,1.0,0.00018645100000000002
resource_managers,wmmse,energy_joules_per_batch,1.5,0.00018645100000000002
resource_managers,wmmse,energy_joules_per_batch,2.0,0.00018645100000000005
resource_managers,wmmse,energy_joules_per_batch,2.5,0.00018645100000000005
resource_managers,wmmse,energy_joules_per_batch,3.0,0.00018645100000000002
resource_managers,wmmse,energy_joules_per_batch,3.5,0.00018645100000000002
resource_managers,wmmse,energy_joules_per_batch,4.0,0.00018645100000000005
resource_managers,wmmse,energy_joules_per_batch,4.5,0.00018645100000000002
resource_managers,wmmse,energy_joules_per_batch,5.0,0.00018645100000000002
resource_managers,wmmse,energy_joules_per_batch,5.5,0.00018645100000000002
resource_managers,wmmse,energy_joules_per_batch,6.0,0.00018645100000000002
resource_managers,wmmse,energy_joules_per_batch,6.5,0.00018645100000000002
resource_managers,wmmse,energy_joules_per_batch,7.0,0.00018645100000000002
resource_managers,wmmse,energy_joules_per_batch,7.5,0.00018645100000000002
resource_managers,wmmse,energy_joules_per_batch,8.0,0.00018645100000000002
resource_managers,wmmse,energy_joules_per_batch,8.5,0.00018645100000000002
resource_managers,wmmse,energy_joules_per_batch,9.0,0.00018645100000000002
resource_managers,wmmse,energy_joules_per_batch,9.5,0.00018645100000000002
resource_managers,wmmse,energy_joules_per_batch,10.0,0.00018645100000000002
resource_managers,wmmse,avg_power_w,-5.0,0.0002759164989543827
resource_managers,wmmse,avg_power_w,-4.5,0.00025508517562578936
resource_managers,wmmse,avg_power_w,-4.0,0.0002602392499415791
resource_managers,wmmse,avg_power_w,-3.5,0.000259614738621996
resource_managers,wmmse,avg_power_w,-3.0,0.0002547389397593137
resource_managers,wmmse,avg_power_w,-2.5,0.0002474817408613971
resource_managers,wmmse,avg_power_w,-2.0,0.0002497102617269242
resource_managers,wmmse,avg_power_w,-1.5,0.0002595531195332349
resource_managers,wmmse,avg_power_w,-1.0,0.0002503105067155278
resource_managers,wmmse,avg_power_w,-0.5,0.000257947789802822
resource_managers,wmmse,avg_power_w,0.0,0.0002409533241316772
resource_managers,wmmse,avg_power_w,0.5,0.00024277195857455607
resource_managers,wmmse,avg_power_w,1.0,0.00024477882140980077
resource_managers,wmmse,avg_power_w,1.5,0.0002498105121695343
resource_managers,wmmse,avg_power_w,2.0,0.0002490204759012405
resource_managers,wmmse,avg_power_w,2.5,0.0002448532143825026
resource_managers,wmmse,avg_power_w,3.0,0.0002550329992071738
resource_managers,wmmse,avg_power_w,3.5,0.000249398077852921
resource_managers,wmmse,avg_power_w,4.0,0.00023940178910028642
resource_managers,wmmse,avg_power_w,4.5,0.00024244031610701192
resource_managers,wmmse,avg_power_w,5.0,0.00024936168301972154
resource_managers,wmmse,avg_power_w,5.5,0.0002474174158619684
resource_managers,wmmse,avg_power_w,6.0,0.00024828430107884337
resource_managers,wmmse,avg_power_w,6.5,0.00024480221358557763
resource_managers,wmmse,avg_power_w,7.0,0.0002537981830836083
resource_managers,wmmse,avg_power_w,7.5,0.000239255117750015
resource_managers,wmmse,avg_power_w,8.0,0.00023678999218859626
resource_managers,wmmse,avg_power_w,8.5,0.00024473431287222875
resource_managers,wmmse,avg_power_w,9.0,0.0002347238139114215
resource_managers,wmmse,avg_power_w,9.5,0.00022998735765114082
resource_managers,wmmse,avg_power_w,10.0,0.00023855044938357362
resource_managers,wmmse,runtime_sec,-5.0,3.6440494999988005
resource_managers,wmmse,runtime_sec,-4.5,3.9769509000179823
resource_managers,wmmse,runtime_sec,-4.0,4.649286399973789
resource_managers,wmmse,runtime_sec,-3.5,4.664263299986487
resource_managers,wmmse,runtime_sec,-3.0,4.764740899991011
resource_managers,wmmse,runtime_sec,-2.5,5.703405000036582
resource_managers,wmmse,runtime_sec,-2.0,5.643772000010358
resource_managers,wmmse,runtime_sec,-1.5,4.683210900024278
resource_managers,wmmse,runtime_sec,-1.0,5.632955100008985
resource_managers,wmmse,runtime_sec,-0.5,5.478844899946125
resource_managers,wmmse,runtime_sec,0.0,5.927676899969811
resource_managers,wmmse,runtime_sec,0.5,5.806204699998489
resource_managers,wmmse,runtime_sec,1.0,5.768799300014507
resource_managers,wmmse,runtime_sec,1.5,5.657431099971291
resource_managers,wmmse,runtime_sec,2.0,5.665277299965965
resource_managers,wmmse,runtime_sec,2.5,5.745701300009387
resource_managers,wmmse,runtime_sec,3.0,5.542074699973455
resource_managers,wmmse,runtime_sec,3.5,5.657142299984116
resource_managers,wmmse,runtime_sec,4.0,5.880093000043416
resource_managers,wmmse,runtime_sec,4.5,5.8276934000023175
resource_managers,wmmse,runtime_sec,5.0,5.672896300005959
resource_managers,wmmse,runtime_sec,5.5,5.716740600037156
resource_managers,wmmse,runtime_sec,6.0,5.686376599944197
resource_managers,wmmse,runtime_sec,6.5,5.757992499973625
resource_managers,wmmse,runtime_sec,7.0,5.577898300020024
resource_managers,wmmse,runtime_sec,7.5,5.955038300016895
resource_managers,wmmse,runtime_sec,8.0,5.969918300048448
resource_managers,wmmse,runtime_sec,8.5,5.770206900022458
resource_managers,wmmse,runtime_sec,9.0,6.051875400036806
resource_managers,wmmse,runtime_sec,9.5,6.196116300008725
resource_managers,wmmse,runtime_sec,10.0,5.975079200026812
resource_managers,wmmse,bit_errors,-5.0,138549.0
resource_managers,wmmse,bit_errors,-4.5,136648.0
resource_managers,wmmse,bit_errors,-4.0,154399.0
resource_managers,wmmse,bit_errors,-3.5,155943.0
resource_managers,wmmse,bit_errors,-3.0,150077.0
resource_managers,wmmse,bit_errors,-2.5,173897.0
resource_managers,wmmse,bit_errors,-2.0,173384.0
resource_managers,wmmse,bit_errors,-1.5,149986.0
resource_managers,wmmse,bit_errors,-1.0,172509.0
resource_managers,wmmse,bit_errors,-0.5,172094.0
resource_managers,wmmse,bit_errors,0.0,172451.0
resource_managers,wmmse,bit_errors,0.5,172243.0
resource_managers,wmmse,bit_errors,1.0,171830.0
resource_managers,wmmse,bit_errors,1.5,171744.0
resource_managers,wmmse,bit_errors,2.0,173015.0
resource_managers,wmmse,bit_errors,2.5,172334.0
resource_managers,wmmse,bit_errors,3.0,172025.0
resource_managers,wmmse,bit_errors,3.5,171963.0
resource_managers,wmmse,bit_errors,4.0,172414.0
resource_managers,wmmse,bit_errors,4.5,171962.0
resource_managers,wmmse,bit_errors,5.0,172129.0
resource_managers,wmmse,bit_errors,5.5,171793.0
resource_managers,wmmse,bit_errors,6.0,172348.0
resource_managers,wmmse,bit_errors,6.5,171518.0
resource_managers,wmmse,bit_errors,7.0,171715.0
resource_managers,wmmse,bit_errors,7.5,172118.0
resource_managers,wmmse,bit_errors,8.0,171960.0
resource_managers,wmmse,bit_errors,8.5,172181.0
resource_managers,wmmse,bit_errors,9.0,171688.0
resource_managers,wmmse,bit_errors,9.5,171441.0
resource_managers,wmmse,bit_errors,10.0,172368.0
resource_managers,wmmse,total_bits,-5.0,491520.0
resource_managers,wmmse,total_bits,-4.5,491520.0
resource_managers,wmmse,total_bits,-4.0,589824.0
resource_managers,wmmse,total_bits,-3.5,589824.0
resource_managers,wmmse,total_bits,-3.0,589824.0
resource_managers,wmmse,total_bits,-2.5,688128.0
resource_managers,wmmse,total_bits,-2.0,688128.0
resource_managers,wmmse,total_bits,-1.5,589824.0
resource_managers,wmmse,total_bits,-1.0,688128.0
resource_managers,wmmse,total_bits,-0.5,688128.0
resource_managers,wmmse,total_bits,0.0,688128.0
resource_managers,wmmse,total_bits,0.5,688128.0
resource_managers,wmmse,total_bits,1.0,688128.0
resource_managers,wmmse,total_bits,1.5,688128.0
resource_managers,wmmse,total_bits,2.0,688128.0
resource_managers,wmmse,total_bits,2.5,688128.0
resource_managers,wmmse,total_bits,3.0,688128.0
resource_managers,wmmse,total_bits,3.5,688128.0
resource_managers,wmmse,total_bits,4.0,688128.0
resource_managers,wmmse,total_bits,4.5,688128.0
resource_managers,wmmse,total_bits,5.0,688128.0
resource_managers,wmmse,total_bits,5.5,688128.0
resource_managers,wmmse,total_bits,6.0,688128.0
resource_managers,wmmse,total_bits,6.5,688128.0
resource_managers,wmmse,total_bits,7.0,688128.0
resource_managers,wmmse,total_bits,7.5,688128.0
resource_managers,wmmse,total_bits,8.0,688128.0
resource_managers,wmmse,total_bits,8.5,688128.0
resource_managers,wmmse,total_bits,9.0,688128.0
resource_managers,wmmse,total_bits,9.5,688128.0
resource_managers,wmmse,total_bits,10.0,688128.0
resource_managers,wmmse,block_errors,-5.0,228.0
resource_managers,wmmse,block_errors,-4.5,226.0
resource_managers,wmmse,block_errors,-4.0,225.0
resource_managers,wmmse,block_errors,-3.5,224.0
resource_managers,wmmse,block_errors,-3.0,205.0
resource_managers,wmmse,block_errors,-2.5,229.0
resource_managers,wmmse,block_errors,-2.0,231.0
resource_managers,wmmse,block_errors,-1.5,200.0
resource_managers,wmmse,block_errors,-1.0,227.0
resource_managers,wmmse,block_errors,-0.5,224.0
resource_managers,wmmse,block_errors,0.0,224.0
resource_managers,wmmse,block_errors,0.5,224.0
resource_managers,wmmse,block_errors,1.0,225.0
resource_managers,wmmse,block_errors,1.5,224.0
resource_managers,wmmse,block_errors,2.0,226.0
resource_managers,wmmse,block_errors,2.5,225.0
resource_managers,wmmse,block_errors,3.0,224.0
resource_managers,wmmse,block_errors,3.5,224.0
resource_managers,wmmse,block_errors,4.0,224.0
resource_managers,wmmse,block_errors,4.5,224.0
resource_managers,wmmse,block_errors,5.0,224.0
resource_managers,wmmse,block_errors,5.5,224.0
resource_managers,wmmse,block_errors,6.0,224.0
resource_managers,wmmse,block_errors,6.5,224.0
resource_managers,wmmse,block_errors,7.0,224.0
resource_managers,wmmse,block_errors,7.5,224.0
resource_managers,wmmse,block_errors,8.0,224.0
resource_managers,wmmse,block_errors,8.5,224.0
resource_managers,wmmse,block_errors,9.0,224.0
resource_managers,wmmse,block_errors,9.5,224.0
resource_managers,wmmse,block_errors,10.0,224.0
resource_managers,wmmse,total_blocks,-5.0,320.0
resource_managers,wmmse,total_blocks,-4.5,320.0
resource_managers,wmmse,total_blocks,-4.0,384.0
resource_managers,wmmse,total_blocks,-3.5,384.0
resource_managers,wmmse,total_blocks,-3.0,384.0
resource_managers,wmmse,total_blocks,-2.5,448.0
resource_managers,wmmse,total_blocks,-2.0,448.0
resource_managers,wmmse,total_blocks,-1.5,384.0
resource_managers,wmmse,total_blocks,-1.0,448.0
resource_managers,wmmse,total_blocks,-0.5,448.0
resource_managers,wmmse,total_blocks,0.0,448.0
resource_managers,wmmse,total_blocks,0.5,448.0
resource_managers,wmmse,total_blocks,1.0,448.0
resource_managers,wmmse,total_blocks,1.5,448.0
resource_managers,wmmse,total_blocks,2.0,448.0
resource_managers,wmmse,total_blocks,2.5,448.0
resource_managers,wmmse,total_blocks,3.0,448.0
resource_managers,wmmse,total_blocks,3.5,448.0
resource_managers,wmmse,total_blocks,4.0,448.0
resource_managers,wmmse,total_blocks,4.5,448.0
resource_managers,wmmse,total_blocks,5.0,448.0
resource_managers,wmmse,total_blocks,5.5,448.0
resource_managers,wmmse,total_blocks,6.0,448.0
resource_managers,wmmse,total_blocks,6.5,448.0
resource_managers,wmmse,total_blocks,7.0,448.0
resource_managers,wmmse,total_blocks,7.5,448.0
resource_managers,wmmse,total_blocks,8.0,448.0
resource_managers,wmmse,total_blocks,8.5,448.0
resource_managers,wmmse,total_blocks,9.0,448.0
resource_managers,wmmse,total_blocks,9.5,448.0
resource_managers,wmmse,total_blocks,10.0,448.0
resource_managers,wmmse,num_batches,-5.0,5.0
resource_managers,wmmse,num_batches,-4.5,5.0
resource_managers,wmmse,num_batches,-4.0,6.0
resource_managers,wmmse,num_batches,-3.5,6.0
resource_managers,wmmse,num_batches,-3.0,6.0
resource_managers,wmmse,num_batches,-2.5,7.0
resource_managers,wmmse,num_batches,-2.0,7.0
resource_managers,wmmse,num_batches,-1.5,6.0
resource_managers,wmmse,num_batches,-1.0,7.0
resource_managers,wmmse,num_batches,-0.5,7.0
resource_managers,wmmse,num_batches,0.0,7.0
resource_managers,wmmse,num_batches,0.5,7.0
resource_managers,wmmse,num_batches,1.0,7.0
resource_managers,wmmse,num_batches,1.5,7.0
resource_managers,wmmse,num_batches,2.0,7.0
resource_managers,wmmse,num_batches,2.5,7.0
resource_managers,wmmse,num_batches,3.0,7.0
resource_managers,wmmse,num_batches,3.5,7.0
resource_managers,wmmse,num_batches,4.0,7.0
resource_managers,wmmse,num_batches,4.5,7.0
resource_managers,wmmse,num_batches,5.0,7.0
resource_managers,wmmse,num_batches,5.5,7.0
resource_managers,wmmse,num_batches,6.0,7.0
resource_managers,wmmse,num_batches,6.5,7.0
resource_managers,wmmse,num_batches,7.0,7.0
resource_managers,wmmse,num_batches,7.5,7.0
resource_managers,wmmse,num_batches,8.0,7.0
resource_managers,wmmse,num_batches,8.5,7.0
resource_managers,wmmse,num_batches,9.0,7.0
resource_managers,wmmse,num_batches,9.5,7.0
resource_managers,wmmse,num_batches,10.0,7.0
resource_managers,wmmse,runtime_total_sec,,170.64971160006826
resource_managers,queue_aware,ber,-5.0,0.286566162109375
resource_managers,queue_aware,ber,-4.5,0.2719807942708333
resource_managers,queue_aware,ber,-4.0,0.2589009602864583
resource_managers,queue_aware,ber,-3.5,0.2642856174045139
resource_managers,queue_aware,ber,-3.0,0.2560645209418403
resource_managers,queue_aware,ber,-2.5,0.2535536024305556
resource_managers,queue_aware,ber,-2.0,0.2536197238498264
resource_managers,queue_aware,ber,-1.5,0.25144159226190477
resource_managers,queue_aware,ber,-1.0,0.24969627743675596
resource_managers,queue_aware,ber,-0.5,0.2499941871279762
resource_managers,queue_aware,ber,0.0,0.25084141322544645
resource_managers,queue_aware,ber,0.5,0.2504693894159226
resource_managers,queue_aware,ber,1.0,0.24997674851190477
resource_managers,queue_aware,ber,1.5,0.250457763671875
resource_managers,queue_aware,ber,2.0,0.25116693405877977
resource_managers,queue_aware,ber,2.5,0.25057547433035715
resource_managers,queue_aware,ber,3.0,0.2502049037388393
resource_managers,queue_aware,ber,3.5,0.24990990048363096
resource_managers,queue_aware,ber,4.0,0.25157092866443453
resource_managers,queue_aware,ber,4.5,0.25089227585565477
resource_managers,queue_aware,ber,5.0,0.24999854678199404
resource_managers,queue_aware,ber,5.5,0.25006539481026785
resource_managers,queue_aware,ber,6.0,0.2503240676153274
resource_managers,queue_aware,ber,6.5,0.25068882533482145
resource_managers,queue_aware,ber,7.0,0.24917893182663692
resource_managers,queue_aware,ber,7.5,0.24980817522321427
resource_managers,queue_aware,ber,8.0,0.24933587937127977
resource_managers,queue_aware,ber,8.5,0.25022960844494047
resource_managers,queue_aware,ber,9.0,0.2502165294828869
resource_managers,queue_aware,ber,9.5,0.25010608491443453
resource_managers,queue_aware,ber,10.0,0.25026157924107145
resource_managers,queue_aware,ber_upper_confidence,-5.0,0.2876281650892846
resource_managers,queue_aware,ber_upper_confidence,-4.5,0.273026039326564
resource_managers,queue_aware,ber_upper_confidence,-4.0,0.2598402119242361
resource_managers,queue_aware,ber_upper_confidence,-3.5,0.2652311002272075
resource_managers,queue_aware,ber_upper_confidence,-3.0,0.2570004161751021
resource_managers,queue_aware,ber_upper_confidence,-2.5,0.254486483237177
resource_managers,queue_aware,ber_upper_confidence,-2.0,0.25455268456087465
resource_managers,queue_aware,ber_upper_confidence,-1.5,0.25230281713453245
resource_managers,queue_aware,ber_upper_confidence,-1.0,0.25055551718756064
resource_managers,queue_aware,ber_upper_confidence,-0.5,0.25085376703576334
resource_managers,queue_aware,ber_upper_confidence,0.0,0.25170195754681474
resource_managers,queue_aware,ber_upper_confidence,0.5,0.2513295107942688
resource_managers,queue_aware,ber_upper_confidence,1.0,0.25083630852300165
resource_managers,queue_aware,ber_upper_confidence,1.5,0.25131787181966764
resource_managers,queue_aware,ber_upper_confidence,2.0,0.25202784776438875
resource_managers,queue_aware,ber_upper_confidence,2.5,0.25143571639945933
resource_managers,queue_aware,ber_upper_confidence,3.0,0.25106472391823587
resource_managers,queue_aware,ber_upper_confidence,3.5,0.2507693842068782
resource_managers,queue_aware,ber_upper_confidence,4.0,0.2524322999068169
resource_managers,queue_aware,ber_upper_confidence,4.5,0.2517528779357936
resource_managers,queue_aware,ber_upper_confidence,5.0,0.2508581316636637
resource_managers,queue_aware,ber_upper_confidence,5.5,0.25092505594360465
resource_managers,queue_aware,ber_upper_confidence,6.0,0.2511840235525405
resource_managers,queue_aware,ber_upper_confidence,6.5,0.2515491962854118
resource_managers,queue_aware,ber_upper_confidence,7.0,0.25003757957628536
resource_managers,queue_aware,ber_upper_confidence,7.5,0.25066754280388454
resource_managers,queue_aware,ber_upper_confidence,8.0,0.2501947068898748
resource_managers,queue_aware,ber_upper_confidence,8.5,0.251089456776367
resource_managers,queue_aware,ber_upper_confidence,9.0,0.25107636291076135
resource_managers,queue_aware,ber_upper_confidence,9.5,0.2509657924484744
resource_managers,queue_aware,ber_upper_confidence,10.0,0.2511214639990103
resource_managers,queue_aware,latency_ms,-5.0,667.7672033419678
resource_managers,queue_aware,latency_ms,-4.5,707.5164433324554
resource_managers,queue_aware,latency_ms,-4.0,738.2901499996971
resource_managers,queue_aware,latency_ms,-3.5,706.6952833409421
resource_managers,queue_aware,latency_ms,-3.0,731.9717333301203
resource_managers,queue_aware,latency_ms,-2.5,731.1683666725797
resource_managers,queue_aware,latency_ms,-2.0,722.3831000057127
resource_managers,queue_aware,latency_ms,-1.5,738.9966119086082
resource_managers,queue_aware,latency_ms,-1.0,738.9210261925367
resource_managers,queue_aware,latency_ms,-0.5,735.7165404791989
resource_managers,queue_aware,latency_ms,0.0,756.4465404809431
resource_managers,queue_aware,latency_ms,0.5,753.4435404777572
resource_managers,queue_aware,latency_ms,1.0,753.7934690527928
resource_managers,queue_aware,latency_ms,1.5,754.4413261935758
resource_managers,queue_aware,latency_ms,2.0,751.722269047615
resource_managers,queue_aware,latency_ms,2.5,728.8415547606979
resource_managers,queue_aware,latency_ms,3.0,741.9600690445908
resource_managers,queue_aware,latency_ms,3.5,738.491226187772
resource_managers,queue_aware,latency_ms,4.0,762.3714976242521
resource_managers,queue_aware,latency_ms,4.5,766.402597618653
resource_managers,queue_aware,latency_ms,5.0,745.9658261926024
resource_managers,queue_aware,latency_ms,5.5,753.7702547649366
resource_managers,queue_aware,latency_ms,6.0,771.679669049533
resource_managers,queue_aware,latency_ms,6.5,776.6703976173864
resource_managers,queue_aware,latency_ms,7.0,767.0994118967271
resource_managers,queue_aware,latency_ms,7.5,767.6507404752919
resource_managers,queue_aware,latency_ms,8.0,774.6075261930049
resource_managers,queue_aware,latency_ms,8.5,758.7127547683173
resource_managers,queue_aware,latency_ms,9.0,825.1177547671144
resource_managers,queue_aware,latency_ms,9.5,778.0276547590514
resource_managers,queue_aware,latency_ms,10.0,810.3494404728968
resource_managers,queue_aware,throughput_bits_per_batch,-5.0,70133.4
resource_managers,queue_aware,throughput_bits_per_batch,-4.5,71567.2
resource_managers,queue_aware,throughput_bits_per_batch,-4.0,72853.0
resource_managers,queue_aware,throughput_bits_per_batch,-3.5,72323.66666666667
resource_managers,queue_aware,throughput_bits_per_batch,-3.0,73131.83333333333
resource_managers,queue_aware,throughput_bits_per_batch,-2.5,73378.66666666667
resource_managers,queue_aware,throughput_bits_per_batch,-2.0,73372.16666666667
resource_managers,queue_aware,throughput_bits_per_batch,-1.5,73586.28571428571
resource_managers,queue_aware,throughput_bits_per_batch,-1.0,73757.85714285714
resource_managers,queue_aware,throughput_bits_per_batch,-0.5,73728.57142857143
resource_managers,queue_aware,throughput_bits_per_batch,0.0,73645.28571428571
resource_managers,queue_aware,throughput_bits_per_batch,0.5,73681.85714285714
resource_managers,queue_aware,throughput_bits_per_batch,1.0,73730.28571428571
resource_managers,queue_aware,throughput_bits_per_batch,1.5,73683.0
resource_managers,queue_aware,throughput_bits_per_batch,2.0,73613.28571428571
resource_managers,queue_aware,throughput_bits_per_batch,2.5,73671.42857142857
resource_managers,queue_aware,throughput_bits_per_batch,3.0,73707.85714285714
resource_managers,queue_aware,throughput_bits_per_batch,3.5,73736.85714285714
resource_managers,queue_aware,throughput_bits_per_batch,4.0,73573.57142857143
resource_managers,queue_aware,throughput_bits_per_batch,4.5,73640.28571428571
resource_managers,queue_aware,throughput_bits_per_batch,5.0,73728.14285714286
resource_managers,queue_aware,throughput_bits_per_batch,5.5,73721.57142857143
resource_managers,queue_aware,throughput_bits_per_batch,6.0,73696.14285714286
resource_managers,queue_aware,throughput_bits_per_batch,6.5,73660.28571428571
resource_managers,queue_aware,throughput_bits_per_batch,7.0,73808.71428571429
resource_managers,queue_aware,throughput_bits_per_batch,7.5,73746.85714285714
resource_managers,queue_aware,throughput_bits_per_batch,8.0,73793.28571428571
resource_managers,queue_aware,throughput_bits_per_batch,8.5,73705.42857142857
resource_managers,queue_aware,throughput_bits_per_batch,9.0,73706.71428571429
resource_managers,queue_aware,throughput_bits_per_batch,9.5,73717.57142857143
resource_managers,queue_aware,throughput_bits_per_batch,10.0,73702.28571428571
resource_managers,queue_aware,energy_joules_per_batch,-5.0,0.00018645100000000002
resource_managers,queue_aware,energy_joules_per_batch,-4.5,0.00018645100000000005
resource_managers,queue_aware,energy_joules_per_batch,-4.0,0.00018645100000000002
resource_managers,queue_aware,energy_joules_per_batch,-3.5,0.00018645100000000002
resource_managers,queue_aware,energy_joules_per_batch,-3.0,0.00018645100000000002
resource_managers,queue_aware,energy_joules_per_batch,-2.5,0.00018645100000000005
resource_managers,queue_aware,energy_joules_per_batch,-2.0,0.00018645100000000002
resource_managers,queue_aware,energy_joules_per_batch,-1.5,0.00018645100000000002
resource_managers,queue_aware,energy_joules_per_batch,-1.0,0.00018645100000000002
resource_managers,queue_aware,energy_joules_per_batch,-0.5,0.00018645100000000002
resource_managers,queue_aware,energy_joules_per_batch,0.0,0.00018645100000000002
resource_managers,queue_aware,energy_joules_per_batch,0.5,0.00018645100000000002
resource_managers,queue_aware,energy_joules_per_batch,1.0,0.00018645100000000002
resource_managers,queue_aware,energy_joules_per_batch,1.5,0.00018645100000000002
resource_managers,queue_aware,energy_joules_per_batch,2.0,0.00018645100000000002
resource_managers,queue_aware,energy_joules_per_batch,2.5,0.00018645100000000005
resource_managers,queue_aware,energy_joules_per_batch,3.0,0.00018645100000000002
resource_managers,queue_aware,energy_joules_per_batch,3.5,0.00018645100000000002
resource_managers,queue_aware,energy_joules_per_batch,4.0,0.00018645100000000002
resource_managers,queue_aware,energy_joules_per_batch,4.5,0.00018645100000000002
resource_managers,queue_aware,energy_joules_per_batch,5.0,0.00018645100000000002
resource_managers,queue_aware,energy_joules_per_batch,5.5,0.00018645100000000002
resource_managers,queue_aware,energy_joules_per_batch,6.0,0.00018645100000000002
resource_managers,queue_aware,energy_joules_per_batch,6.5,0.00018645100000000002
resource_managers,queue_aware,energy_joules_per_batch,7.0,0.00018645100000000002
resource_managers,queue_aware,energy_joules_per_batch,7.5,0.00018645100000000002
resource_managers,queue_aware,energy_joules_per_batch,8.0,0.00018645100000000002
resource_managers,queue_aware,energy_joules_per_batch,8.5,0.00018645100000000002
resource_managers,queue_aware,energy_joules_per_batch,9.0,0.00018645100000000002
resource_managers,queue_aware,energy_joules_per_batch,9.5,0.00018645100000000002
resource_managers,queue_aware,energy_joules_per_batch,10.0,0.00018645100000000002
resource_managers,queue_aware,avg_power_w,-5.0,0.00027921556953811234
resource_managers,queue_aware,avg_power_w,-4.5,0.00026352885753693845
resource_managers,queue_aware,avg_power_w,-4.0,0.0002525443418147682
resource_managers,queue_aware,avg_power_w,-3.5,0.00026383507063828463
resource_managers,queue_aware,avg_power_w,-3.0,0.0002547243172242969
resource_managers,queue_aware,avg_power_w,-2.5,0.00025500419397040677
resource_managers,queue_aware,avg_power_w,-2.0,0.0002581054290978368
resource_managers,queue_aware,avg_power_w,-1.5,0.00025230291586649173
resource_managers,queue_aware,avg_power_w,-1.0,0.00025232872443856736
resource_managers,queue_aware,avg_power_w,-0.5,0.0002534277670018914
resource_managers,queue_aware,avg_power_w,0.0,0.0002464827188996804
resource_managers,queue_aware,avg_power_w,0.5,0.00024746512509984725
resource_managers,queue_aware,avg_power_w,1.0,0.00024735024599548724
resource_managers,queue_aware,avg_power_w,1.5,0.0002471378403151793
resource_managers,queue_aware,avg_power_w,2.0,0.0002480317634280301
resource_managers,queue_aware,avg_power_w,2.5,0.0002558182896983939
resource_managers,queue_aware,avg_power_w,3.0,0.0002512951946862717
resource_managers,queue_aware,avg_power_w,3.5,0.00025247557911079664
resource_managers,queue_aware,avg_power_w,4.0,0.00024456711797467485
resource_managers,queue_aware,avg_power_w,4.5,0.00024328075163019533
resource_managers,queue_aware,avg_power_w,5.0,0.00024994576621779435
resource_managers,queue_aware,avg_power_w,5.5,0.00024735786378058235
resource_managers,queue_aware,avg_power_w,6.0,0.00024161709512141106
resource_managers,queue_aware,avg_power_w,6.5,0.0002400645120143384
resource_managers,queue_aware,avg_power_w,7.0,0.00024305976136649874
resource_managers,queue_aware,avg_power_w,7.5,0.00024288519527064962
resource_managers,queue_aware,avg_power_w,8.0,0.00024070383219274713
resource_managers,queue_aware,avg_power_w,8.5,0.00024574649474152474
resource_managers,queue_aware,avg_power_w,9.0,0.00022596895888226878
resource_managers,queue_aware,avg_power_w,9.5,0.00023964572320728407
resource_managers,queue_aware,avg_power_w,10.0,0.00023008715831431012
resource_managers,queue_aware,runtime_sec,-5.0,3.6145954999956302
resource_managers,queue_aware,runtime_sec,-4.5,3.8310255999385845
resource_managers,queue_aware,runtime_sec,-4.0,4.824706399987917
resource_managers,queue_aware,runtime_sec,-3.5,4.6056720999768
resource_managers,queue_aware,runtime_sec,-3.0,4.769860200030962
resource_managers,queue_aware,runtime_sec,-2.5,4.763846699963324
resource_managers,queue_aware,runtime_sec,-2.0,4.696304499957478
resource_managers,queue_aware,runtime_sec,-1.5,5.613046899990877
resource_managers,queue_aware,runtime_sec,-1.0,5.613723400019808
resource_managers,queue_aware,runtime_sec,-0.5,5.591932600014843
resource_managers,queue_aware,runtime_sec,0.0,5.745611199992709
resource_managers,queue_aware,runtime_sec,0.5,5.7129949999798555
resource_managers,queue_aware,runtime_sec,1.0,5.72837129997788
resource_managers,queue_aware,runtime_sec,1.5,5.729025900014676
resource_managers,queue_aware,runtime_sec,2.0,5.7127081000071485
resource_managers,queue_aware,runtime_sec,2.5,5.543081199983135
resource_managers,queue_aware,runtime_sec,3.0,5.623585099994671
resource_managers,queue_aware,runtime_sec,3.5,5.610396699979901
resource_managers,queue_aware,runtime_sec,4.0,5.802075699990382
resource_managers,queue_aware,runtime_sec,4.5,5.821300099982182
resource_managers,queue_aware,runtime_sec,5.0,5.679149400006281
resource_managers,queue_aware,runtime_sec,5.5,5.729774300009012
resource_managers,queue_aware,runtime_sec,6.0,5.862900400010403
resource_managers,queue_aware,runtime_sec,6.5,5.897996500018053
resource_managers,queue_aware,runtime_sec,7.0,5.8245688999886625
resource_managers,queue_aware,runtime_sec,7.5,5.824437200004468
resource_managers,queue_aware,runtime_sec,8.0,5.896064000058686
resource_managers,queue_aware,runtime_sec,8.5,5.75754560000496
resource_managers,queue_aware,runtime_sec,9.0,6.31537740008207
resource_managers,queue_aware,runtime_sec,9.5,5.9665425999846775
resource_managers,queue_aware,runtime_sec,10.0,6.213255700014997
resource_managers,queue_aware,bit_errors,-5.0,140853.0
resource_managers,queue_aware,bit_errors,-4.5,133684.0
resource_managers,queue_aware,bit_errors,-4.0,152706.0
resource_managers,queue_aware,bit_errors,-3.5,155882.0
resource_managers,queue_aware,bit_errors,-3.0,151033.0
resource_managers,queue_aware,bit_errors,-2.5,149552.0
resource_managers,queue_aware,bit_errors,-2.0,149591.0
resource_managers,queue_aware,bit_errors,-1.5,173024.0
resource_managers,queue_aware,bit_errors,-1.0,171823.0
resource_managers,queue_aware,bit_errors,-0.5,172028.0
resource_managers,queue_aware,bit_errors,0.0,172611.0
resource_managers,queue_aware,bit_errors,0.5,172355.0
resource_managers,queue_aware,bit_errors,1.0,172016.0
resource_managers,queue_aware,bit_errors,1.5,172347.0
resource_managers,queue_aware,bit_errors,2.0,172835.0
resource_managers,queue_aware,bit_errors,2.5,172428.0
resource_managers,queue_aware,bit_errors,3.0,172173.0
resource_managers,queue_aware,bit_errors,3.5,171970.0
resource_managers,queue_aware,bit_errors,4.0,173113.0
resource_managers,queue_aware,bit_errors,4.5,172646.0
resource_managers,queue_aware,bit_errors,5.0,172031.0
resource_managers,queue_aware,bit_errors,5.5,172077.0
resource_managers,queue_aware,bit_errors,6.0,172255.0
resource_managers,queue_aware,bit_errors,6.5,172506.0
resource_managers,queue_aware,bit_errors,7.0,171467.0
resource_managers,queue_aware,bit_errors,7.5,171900.0
resource_managers,queue_aware,bit_errors,8.0,171575.0
resource_managers,queue_aware,bit_errors,8.5,172190.0
resource_managers,queue_aware,bit_errors,9.0,172181.0
resource_managers,queue_aware,bit_errors,9.5,172105.0
resource_managers,queue_aware,bit_errors,10.0,172212.0
resource_managers,queue_aware,total_bits,-5.0,491520.0
resource_managers,queue_aware,total_bits,-4.5,491520.0
resource_managers,queue_aware,total_bits,-4.0,589824.0
resource_managers,queue_aware,total_bits,-3.5,589824.0
resource_managers,queue_aware,total_bits,-3.0,589824.0
resource_managers,queue_aware,total_bits,-2.5,589824.0
resource_managers,queue_aware,total_bits,-2.0,589824.0
resource_managers,queue_aware,total_bits,-1.5,688128.0
resource_managers,queue_aware,total_bits,-1.0,688128.0
resource_managers,queue_aware,total_bits,-0.5,688128.0
resource_managers,queue_aware,total_bits,0.0,688128.0
resource_managers,queue_aware,total_bits,0.5,688128.0
resource_managers,queue_aware,total_bits,1.0,688128.0
resource_managers,queue_aware,total_bits,1.5,688128.0
resource_managers,queue_aware,total_bits,2.0,688128.0
resource_managers,queue_aware,total_bits,2.5,688128.0
resource_managers,queue_aware,total_bits,3.0,688128.0
resource_managers,queue_aware,total_bits,3.5,688128.0
resource_managers,queue_aware,total_bits,4.0,688128.0
resource_managers,queue_aware,total_bits,4.5,688128.0
resource_managers,queue_aware,total_bits,5.0,688128.0
resource_managers,queue_aware,total_bits,5.5,688128.0
resource_managers,queue_aware,total_bits,6.0,688128.0
resource_managers,queue_aware,total_bits,6.5,688128.0
resource_managers,queue_aware,total_bits,7.0,688128.0
resource_managers,queue_aware,total_bits,7.5,688128.0
resource_managers,queue_aware,total_bits,8.0,688128.0
resource_managers,queue_aware,total_bits,8.5,688128.0
resource_managers,queue_aware,total_bits,9.0,688128.0
resource_managers,queue_aware,total_bits,9.5,688128.0
resource_managers,queue_aware,total_bits,10.0,688128.0
resource_managers,queue_aware,block_errors,-5.0,243.0
resource_managers,queue_aware,block_errors,-4.5,211.0
resource_managers,queue_aware,block_errors,-4.0,217.0
resource_managers,queue_aware,block_errors,-3.5,228.0
resource_managers,queue_aware,block_errors,-3.0,204.0
resource_managers,queue_aware,block_errors,-2.5,201.0
resource_managers,queue_aware,block_errors,-2.0,202.0
resource_managers,queue_aware,block_errors,-1.5,229.0
resource_managers,queue_aware,block_errors,-1.0,225.0
resource_managers,queue_aware,block_errors,-0.5,224.0
resource_managers,queue_aware,block_errors,0.0,225.0
resource_managers,queue_aware,block_errors,0.5,225.0
resource_managers,queue_aware,block_errors,1.0,224.0
resource_managers,queue_aware,block_errors,1.5,224.0
resource_managers,queue_aware,block_errors,2.0,226.0
resource_managers,queue_aware,block_errors,2.5,225.0
resource_managers,queue_aware,block_errors,3.0,224.0
resource_managers,queue_aware,block_errors,3.5,224.0
resource_managers,queue_aware,block_errors,4.0,225.0
resource_managers,queue_aware,block_errors,4.5,225.0
resource_managers,queue_aware,block_errors,5.0,224.0
resource_managers,queue_aware,block_errors,5.5,224.0
resource_managers,queue_aware,block_errors,6.0,224.0
resource_managers,queue_aware,block_errors,6.5,224.0
resource_managers,queue_aware,block_errors,7.0,224.0
resource_managers,queue_aware,block_errors,7.5,224.0
resource_managers,queue_aware,block_errors,8.0,224.0
resource_managers,queue_aware,block_errors,8.5,224.0
resource_managers,queue_aware,block_errors,9.0,224.0
resource_managers,queue_aware,block_errors,9.5,224.0
resource_managers,queue_aware,block_errors,10.0,224.0
resource_managers,queue_aware,total_blocks,-5.0,320.0
resource_managers,queue_aware,total_blocks,-4.5,320.0
resource_managers,queue_aware,total_blocks,-4.0,384.0
resource_managers,queue_aware,total_blocks,-3.5,384.0
resource_managers,queue_aware,total_blocks,-3.0,384.0
resource_managers,queue_aware,total_blocks,-2.5,384.0
resource_managers,queue_aware,total_blocks,-2.0,384.0
resource_managers,queue_aware,total_blocks,-1.5,448.0
resource_managers,queue_aware,total_blocks,-1.0,448.0
resource_managers,queue_aware,total_blocks,-0.5,448.0
resource_managers,queue_aware,total_blocks,0.0,448.0
resource_managers,queue_aware,total_blocks,0.5,448.0
resource_managers,queue_aware,total_blocks,1.0,448.0
resource_managers,queue_aware,total_blocks,1.5,448.0
resource_managers,queue_aware,total_blocks,2.0,448.0
resource_managers,queue_aware,total_blocks,2.5,448.0
resource_managers,queue_aware,total_blocks,3.0,448.0
resource_managers,queue_aware,total_blocks,3.5,448.0
resource_managers,queue_aware,total_blocks,4.0,448.0
resource_managers,queue_aware,total_blocks,4.5,448.0
resource_managers,queue_aware,total_blocks,5.0,448.0
resource_managers,queue_aware,total_blocks,5.5,448.0
resource_managers,queue_aware,total_blocks,6.0,448.0
resource_managers,queue_aware,total_blocks,6.5,448.0
resource_managers,queue_aware,total_blocks,7.0,448.0
resource_managers,queue_aware,total_blocks,7.5,448.0
resource_managers,queue_aware,total_blocks,8.0,448.0
resource_managers,queue_aware,total_blocks,8.5,448.0
resource_managers,queue_aware,total_blocks,9.0,448.0
resource_managers,queue_aware,total_blocks,9.5,448.0
resource_managers,queue_aware,total_blocks,10.0,448.0
resource_managers,queue_aware,num_batches,-5.0,5.0
resource_managers,queue_aware,num_batches,-4.5,5.0
resource_managers,queue_aware,num_batches,-4.0,6.0
resource_managers,queue_aware,num_batches,-3.5,6.0
resource_managers,queue_aware,num_batches,-3.0,6.0
resource_managers,queue_aware,num_batches,-2.5,6.0
resource_managers,queue_aware,num_batches,-2.0,6.0
resource_managers,queue_aware,num_batches,-1.5,7.0
resource_managers,queue_aware,num_batches,-1.0,7.0
resource_managers,queue_aware,num_batches,-0.5,7.0
resource_managers,queue_aware,num_batches,0.0,7.0
resource_managers,queue_aware,num_batches,0.5,7.0
resource_managers,queue_aware,num_batches,1.0,7.0
resource_managers,queue_aware,num_batches,1.5,7.0
resource_managers,queue_aware,num_batches,2.0,7.0
resource_managers,queue_aware,num_batches,2.5,7.0
resource_managers,queue_aware,num_batches,3.0,7.0
resource_managers,queue_aware,num_batches,3.5,7.0
resource_managers,queue_aware,num_batches,4.0,7.0
resource_managers,queue_aware,num_batches,4.5,7.0
resource_managers,queue_aware,num_batches,5.0,7.0
resource_managers,queue_aware,num_batches,5.5,7.0
resource_managers,queue_aware,num_batches,6.0,7.0
resource_managers,queue_aware,num_batches,6.5,7.0
resource_managers,queue_aware,num_batches,7.0,7.0
resource_managers,queue_aware,num_batches,7.5,7.0
resource_managers,queue_aware,num_batches,8.0,7.0
resource_managers,queue_aware,num_batches,8.5,7.0
resource_managers,queue_aware,num_batches,9.0,7.0
resource_managers,queue_aware,num_batches,9.5,7.0
resource_managers,queue_aware,num_batches,10.0,7.0
resource_managers,queue_aware,runtime_total_sec,,169.92147619996103
resource_managers,drl,ber,-5.0,0.2844746907552083
resource_managers,drl,ber,-4.5,0.2719197591145833
resource_managers,drl,ber,-4.0,0.2639787462022569
resource_managers,drl,ber,-3.5,0.2637142605251736
resource_managers,drl,ber,-3.0,0.2537740071614583
resource_managers,drl,ber,-2.5,0.25270879836309523
resource_managers,drl,ber,-2.0,0.2540062798394097
resource_managers,drl,ber,-1.5,0.25220307849702384
resource_managers,drl,ber,-1.0,0.2514227004278274
resource_managers,drl,ber,-0.5,0.25010463169642855
resource_managers,drl,ber,0.0,0.24947102864583334
resource_managers,drl,ber,0.5,0.25082252139136907
resource_managers,drl,ber,1.0,0.2501336960565476
resource_managers,drl,ber,1.5,0.24939691452752977
resource_managers,drl,ber,2.0,0.25189935593377977
resource_managers,drl,ber,2.5,0.24983578636532738
resource_managers,drl,ber,3.0,0.25012933640252977
resource_managers,drl,ber,3.5,0.25012933640252977
resource_managers,drl,ber,4.0,0.25040108816964285
resource_managers,drl,ber,4.5,0.2500087193080357
resource_managers,drl,ber,5.0,0.24951026553199404
resource_managers,drl,ber,5.5,0.24974278041294642
resource_managers,drl,ber,6.0,0.2501307896205357
resource_managers,drl,ber,6.5,0.2502935500372024
resource_managers,drl,ber,7.0,0.2500494094122024
resource_managers,drl,ber,7.5,0.24896530877976192
resource_managers,drl,ber,8.0,0.24973260788690477
resource_managers,drl,ber,8.5,0.2506742931547619
resource_managers,drl,ber,9.0,0.2500944591703869
resource_managers,drl,ber,9.5,0.24996802920386904
resource_managers,drl,ber,10.0,0.25008719308035715
resource_managers,drl,ber_upper_confidence,-5.0,0.28553437512582175
resource_managers,drl,ber_upper_confidence,-4.5,0.27296493111624104
resource_managers,drl,ber_upper_confidence,-4.0,0.26492387880974916
resource_managers,drl,ber_upper_confidence,-3.5,0.26465909081737266
resource_managers,drl,ber_upper_confidence,-3.0,0.25470715420564755
resource_managers,drl,ber_upper_confidence,-2.5,0.253571452961762
resource_managers,drl,ber_upper_confidence,-2.0,0.25493970711546865
resource_managers,drl,ber_upper_confidence,-1.5,0.2530651636827309
resource_managers,drl,ber_upper_confidence,-1.0,0.2522839039121047
resource_managers,drl,ber_upper_confidence,-0.5,0.2509643375734744
resource_managers,drl,ber_upper_confidence,0.0,0.2503300108446267
resource_managers,drl,ber_upper_confidence,0.5,0.25168304425547045
resource_managers,drl,ber_upper_confidence,1.0,0.25099343507102395
resource_managers,drl,ber_upper_confidence,1.5,0.25025581191554097
resource_managers,drl,ber_upper_confidence,2.0,0.25276109840067923
resource_managers,drl,ber_upper_confidence,2.5,0.25069518547666225
resource_managers,drl,ber_upper_confidence,3.0,0.2509890704467202
resource_managers,drl,ber_upper_confidence,3.5,0.2509890704467202
resource_managers,drl,ber_upper_confidence,4.0,0.2512611318066905
resource_managers,drl,ber_upper_confidence,4.5,0.25086831579497976
resource_managers,drl,ber_upper_confidence,5.0,0.2503692926170064
resource_managers,drl,ber_upper_confidence,5.5,0.2506020732971441
resource_managers,drl,ber_upper_confidence,6.0,0.250990525321501
resource_managers,drl,ber_upper_confidence,6.5,0.25115347121541937
resource_managers,drl,ber_upper_confidence,7.0,0.2509090523139266
resource_managers,drl,ber_upper_confidence,7.5,0.24982371160141773
resource_managers,drl,ber_upper_confidence,8.0,0.2505918891493022
resource_managers,drl,ber_upper_confidence,8.5,0.2515346475864572
resource_managers,drl,ber_upper_confidence,9.0,0.2509541534481142
resource_managers,drl,ber_upper_confidence,9.5,0.2508275792659244
resource_managers,drl,ber_upper_confidence,10.0,0.25094687907247015
resource_managers,drl,latency_ms,-5.0,689.0225433267499
resource_managers,drl,latency_ms,-4.5,701.8947233318197
resource_managers,drl,latency_ms,-4.0,717.5089500134656
resource_managers,drl,latency_ms,-3.5,708.4499666766418
resource_managers,drl,latency_ms,-3.0,742.1809833272049
resource_managers,drl,latency_ms,-2.5,723.8943833389097
resource_managers,drl,latency_ms,-2.0,746.4615333299851
resource_managers,drl,latency_ms,-1.5,755.7248404820294
resource_managers,drl,latency_ms,-1.0,728.4828404793161
resource_managers,drl,latency_ms,-0.5,732.9172833254206
resource_managers,drl,latency_ms,0.0,742.3840261934569
resource_managers,drl,latency_ms,0.5,747.5294833301344
resource_managers,drl,latency_ms,1.0,786.5713261921336
resource_managers,drl,latency_ms,1.5,791.337297622844
resource_managers,drl,latency_ms,2.0,734.5424404738982
resource_managers,drl,latency_ms,2.5,755.9216119038318
resource_managers,drl,latency_ms,3.0,745.7853404718895
resource_managers,drl,latency_ms,3.5,743.8795404705264
resource_managers,drl,latency_ms,4.0,748.1900833377792
resource_managers,drl,latency_ms,4.5,756.1673404795562
resource_managers,drl,latency_ms,5.0,758.0645119061538
resource_managers,drl,latency_ms,5.5,750.7232976126396
resource_managers,drl,latency_ms,6.0,744.142811908085
resource_managers,drl,latency_ms,6.5,790.6476547614251
resource_managers,drl,latency_ms,7.0,768.8775690460689
resource_managers,drl,latency_ms,7.5,752.225883330549
resource_managers,drl,latency_ms,8.0,761.9277690417842
resource_managers,drl,latency_ms,8.5,770.4877833317212
resource_managers,drl,latency_ms,9.0,796.147669054865
resource_managers,drl,latency_ms,9.5,784.6091547612012
resource_managers,drl,latency_ms,10.0,782.7289833393191
resource_managers,drl,throughput_bits_per_batch,-5.0,70339.0
resource_managers,drl,throughput_bits_per_batch,-4.5,71573.2
resource_managers,drl,throughput_bits_per_batch,-4.0,72353.83333333333
resource_managers,drl,throughput_bits_per_batch,-3.5,72379.83333333333
resource_managers,drl,throughput_bits_per_batch,-3.0,73357.0
resource_managers,drl,throughput_bits_per_batch,-2.5,73461.71428571429
resource_managers,drl,throughput_bits_per_batch,-2.0,73334.16666666667
resource_managers,drl,throughput_bits_per_batch,-1.5,73511.42857142857
resource_managers,drl,throughput_bits_per_batch,-1.0,73588.14285714286
resource_managers,drl,throughput_bits_per_batch,-0.5,73717.71428571429
resource_managers,drl,throughput_bits_per_batch,0.0,73780.0
resource_managers,drl,throughput_bits_per_batch,0.5,73647.14285714286
resource_managers,drl,throughput_bits_per_batch,1.0,73714.85714285714
resource_managers,drl,throughput_bits_per_batch,1.5,73787.28571428571
resource_managers,drl,throughput_bits_per_batch,2.0,73541.28571428571
resource_managers,drl,throughput_bits_per_batch,2.5,73744.14285714286
resource_managers,drl,throughput_bits_per_batch,3.0,73715.28571428571
resource_managers,drl,throughput_bits_per_batch,3.5,73715.28571428571
resource_managers,drl,throughput_bits_per_batch,4.0,73688.57142857143
resource_managers,drl,throughput_bits_per_batch,4.5,73727.14285714286
resource_managers,drl,throughput_bits_per_batch,5.0,73776.14285714286
resource_managers,drl,throughput_bits_per_batch,5.5,73753.28571428571
resource_managers,drl,throughput_bits_per_batch,6.0,73715.14285714286
resource_managers,drl,throughput_bits_per_batch,6.5,73699.14285714286
resource_managers,drl,throughput_bits_per_batch,7.0,73723.14285714286
resource_managers,drl,throughput_bits_per_batch,7.5,73829.71428571429
resource_managers,drl,throughput_bits_per_batch,8.0,73754.28571428571
resource_managers,drl,throughput_bits_per_batch,8.5,73661.71428571429
resource_managers,drl,throughput_bits_per_batch,9.0,73718.71428571429
resource_managers,drl,throughput_bits_per_batch,9.5,73731.14285714286
resource_managers,drl,throughput_bits_per_batch,10.0,73719.42857142857
resource_managers,drl,energy_joules_per_batch,-5.0,0.00018645100000000005
resource_managers,drl,energy_joules_per_batch,-4.5,0.00018645100000000005
resource_managers,drl,energy_joules_per_batch,-4.0,0.00018645100000000002
resource_managers,drl,energy_joules_per_batch,-3.5,0.00018645100000000002
resource_managers,drl,energy_joules_per_batch,-3.0,0.00018645100000000002
resource_managers,drl,energy_joules_per_batch,-2.5,0.00018645100000000002
resource_managers,drl,energy_joules_per_batch,-2.0,0.00018645100000000002
resource_managers,drl,energy_joules_per_batch,-1.5,0.00018645100000000002
resource_managers,drl,energy_joules_per_batch,-1.0,0.00018645100000000002
resource_managers,drl,energy_joules_per_batch,-0.5,0.00018645100000000002
resource_managers,drl,energy_joules_per_batch,0.0,0.00018645100000000002
resource_managers,drl,energy_joules_per_batch,0.5,0.00018645100000000002
resource_managers,drl,energy_joules_per_batch,1.0,0.00018645100000000002
resource_managers,drl,energy_joules_per_batch,1.5,0.00018645100000000002
resource_managers,drl,energy_joules_per_batch,2.0,0.00018645100000000002
resource_managers,drl,energy_joules_per_batch,2.5,0.00018645100000000005
resource_managers,drl,energy_joules_per_batch,3.0,0.00018645100000000002
resource_managers,drl,energy_joules_per_batch,3.5,0.00018645100000000002
resource_managers,drl,energy_joules_per_batch,4.0,0.00018645100000000002
resource_managers,drl,energy_joules_per_batch,4.5,0.00018645100000000002
resource_managers,drl,energy_joules_per_batch,5.0,0.00018645100000000002
resource_managers,drl,energy_joules_per_batch,5.5,0.00018645100000000002
resource_managers,drl,energy_joules_per_batch,6.0,0.00018645100000000005
resource_managers,drl,energy_joules_per_batch,6.5,0.00018645100000000002
resource_managers,drl,energy_joules_per_batch,7.0,0.00018645100000000002
resource_managers,drl,energy_joules_per_batch,7.5,0.00018645100000000005
resource_managers,drl,energy_joules_per_batch,8.0,0.00018645100000000002
resource_managers,drl,energy_joules_per_batch,8.5,0.00018645100000000002
resource_managers,drl,energy_joules_per_batch,9.0,0.00018645100000000002
resource_managers,drl,energy_joules_per_batch,9.5,0.00018645100000000002
resource_managers,drl,energy_joules_per_batch,10.0,0.00018645100000000002
resource_managers,drl,avg_power_w,-5.0,0.0002706021766715706
resource_managers,drl,avg_power_w,-4.5,0.0002656395522036937
resource_managers,drl,avg_power_w,-4.0,0.00025985877945703794
resource_managers,drl,avg_power_w,-3.5,0.0002631816059991459
resource_managers,drl,avg_power_w,-3.0,0.0002512203952789767
resource_managers,drl,avg_power_w,-2.5,0.0002575665791741724
resource_managers,drl,avg_power_w,-2.0,0.00024977978325050064
resource_managers,drl,avg_power_w,-1.5,0.0002467181042786348
resource_managers,drl,avg_power_w,-1.0,0.00025594425790087495
resource_managers,drl,avg_power_w,-0.5,0.0002543956927226867
resource_managers,drl,avg_power_w,0.0,0.0002511516862182767
resource_managers,drl,avg_power_w,0.5,0.0002494229380350165
resource_managers,drl,avg_power_w,1.0,0.0002370427115651762
resource_managers,drl,avg_power_w,1.5,0.00023561507913261997
resource_managers,drl,avg_power_w,2.0,0.0002538328484868881
resource_managers,drl,avg_power_w,2.5,0.0002466538819156295
resource_managers,drl,avg_power_w,3.0,0.00025000625499292423
resource_managers,drl,avg_power_w,3.5,0.0002506467645044574
resource_managers,drl,avg_power_w,4.0,0.00024920271486119727
resource_managers,drl,avg_power_w,4.5,0.0002465737278229368
resource_managers,drl,avg_power_w,5.0,0.0002459566396679998
resource_managers,drl,avg_power_w,5.5,0.0002483618139904932
resource_managers,drl,avg_power_w,6.0,0.0002505580877975746
resource_managers,drl,avg_power_w,6.5,0.00023582059451787143
resource_managers,drl,avg_power_w,7.0,0.00024249764527703167
resource_managers,drl,avg_power_w,7.5,0.0002478657064743255
resource_managers,drl,avg_power_w,8.0,0.0002447095480382406
resource_managers,drl,avg_power_w,8.5,0.00024199085830245608
resource_managers,drl,avg_power_w,9.0,0.00023419147885133241
resource_managers,drl,avg_power_w,9.5,0.00023763551427939572
resource_managers,drl,avg_power_w,10.0,0.00023820633190884674
resource_managers,drl,runtime_sec,-5.0,3.8738037000002805
resource_managers,drl,runtime_sec,-4.5,3.931826899992302
resource_managers,drl,runtime_sec,-4.0,4.862543399998685
resource_managers,drl,runtime_sec,-3.5,4.760479299962753
resource_managers,drl,runtime_sec,-3.0,4.983030399976997
resource_managers,drl,runtime_sec,-2.5,5.6913647999754176
resource_managers,drl,runtime_sec,-2.0,4.995734799973434
resource_managers,drl,runtime_sec,-1.5,5.917074199940544
resource_managers,drl,runtime_sec,-1.0,5.724512799963122
resource_managers,drl,runtime_sec,-0.5,5.75580159999663
resource_managers,drl,runtime_sec,0.0,5.826008000090951
resource_managers,drl,runtime_sec,0.5,5.871227000083309
resource_managers,drl,runtime_sec,1.0,6.152902499976335
resource_managers,drl,runtime_sec,1.5,6.182228199962992
resource_managers,drl,runtime_sec,2.0,5.759710800048197
resource_managers,drl,runtime_sec,2.5,5.911213399987901
resource_managers,drl,runtime_sec,3.0,5.846188799972879
resource_managers,drl,runtime_sec,3.5,5.841466299956664
resource_managers,drl,runtime_sec,4.0,5.860464500001399
resource_managers,drl,runtime_sec,4.5,5.943898099998478
resource_managers,drl,runtime_sec,5.0,5.991484600031981
resource_managers,drl,runtime_sec,5.5,5.902200000040466
resource_managers,drl,runtime_sec,6.0,5.848054800007958
resource_managers,drl,runtime_sec,6.5,6.210076499963179
resource_managers,drl,runtime_sec,7.0,6.107028899976285
resource_managers,drl,runtime_sec,7.5,5.910628500016173
resource_managers,drl,runtime_sec,8.0,6.004306999966502
resource_managers,drl,runtime_sec,8.5,6.042325099988375
resource_managers,drl,runtime_sec,9.0,6.312328999949386
resource_managers,drl,runtime_sec,9.5,6.198277699993923
resource_managers,drl,runtime_sec,10.0,6.18947240000125
resource_managers,drl,bit_errors,-5.0,139825.0
resource_managers,drl,bit_errors,-4.5,133654.0
resource_managers,drl,bit_errors,-4.0,155701.0
resource_managers,drl,bit_errors,-3.5,155545.0
resource_managers,drl,bit_errors,-3.0,149682.0
resource_managers,drl,bit_errors,-2.5,173896.0
resource_managers,drl,bit_errors,-2.0,149819.0
resource_managers,drl,bit_errors,-1.5,173548.0
resource_managers,drl,bit_errors,-1.0,173011.0
resource_managers,drl,bit_errors,-0.5,172104.0
resource_managers,drl,bit_errors,0.0,171668.0
resource_managers,drl,bit_errors,0.5,172598.0
resource_managers,drl,bit_errors,1.0,172124.0
resource_managers,drl,bit_errors,1.5,171617.0
resource_managers,drl,bit_errors,2.0,173339.0
resource_managers,drl,bit_errors,2.5,171919.0
resource_managers,drl,bit_errors,3.0,172121.0
resource_managers,drl,bit_errors,3.5,172121.0
resource_managers,drl,bit_errors,4.0,172308.0
resource_managers,drl,bit_errors,4.5,172038.0
resource_managers,drl,bit_errors,5.0,171695.0
resource_managers,drl,bit_errors,5.5,171855.0
resource_managers,drl,bit_errors,6.0,172122.0
resource_managers,drl,bit_errors,6.5,172234.0
resource_managers,drl,bit_errors,7.0,172066.0
resource_managers,drl,bit_errors,7.5,171320.0
resource_managers,drl,bit_errors,8.0,171848.0
resource_managers,drl,bit_errors,8.5,172496.0
resource_managers,drl,bit_errors,9.0,172097.0
resource_managers,drl,bit_errors,9.5,172010.0
resource_managers,drl,bit_errors,10.0,172092.0
resource_managers,drl,total_bits,-5.0,491520.0
resource_managers,drl,total_bits,-4.5,491520.0
resource_managers,drl,total_bits,-4.0,589824.0
resource_managers,drl,total_bits,-3.5,589824.0
resource_managers,drl,total_bits,-3.0,589824.0
resource_managers,drl,total_bits,-2.5,688128.0
resource_managers,drl,total_bits,-2.0,589824.0
resource_managers,drl,total_bits,-1.5,688128.0
resource_managers,drl,total_bits,-1.0,688128.0
resource_managers,drl,total_bits,-0.5,688128.0
resource_managers,drl,total_bits,0.0,688128.0
resource_managers,drl,total_bits,0.5,688128.0
resource_managers,drl,total_bits,1.0,688128.0
resource_managers,drl,total_bits,1.5,688128.0
resource_managers,drl,total_bits,2.0,688128.0
resource_managers,drl,total_bits,2.5,688128.0
resource_managers,drl,total_bits,3.0,688128.0
resource_managers,drl,total_bits,3.5,688128.0
resource_managers,drl,total_bits,4.0,688128.0
resource_managers,drl,total_bits,4.5,688128.0
resource_managers,drl,total_bits,5.0,688128.0
resource_managers,drl,total_bits,5.5,688128.0
resource_managers,drl,total_bits,6.0,688128.0
resource_managers,drl,total_bits,6.5,688128.0
resource_managers,drl,total_bits,7.0,688128.0
resource_managers,drl,total_bits,7.5,688128.0
resource_managers,drl,total_bits,8.0,688128.0
resource_managers,drl,total_bits,8.5,688128.0
resource_managers,drl,total_bits,9.0,688128.0
resource_managers,drl,total_bits,9.5,688128.0
resource_managers,drl,total_bits,10.0,688128.0
resource_managers,drl,block_errors,-5.0,233.0
resource_managers,drl,block_errors,-4.5,211.0
resource_managers,drl,block_errors,-4.0,232.0
resource_managers,drl,block_errors,-3.5,227.0
resource_managers,drl,block_errors,-3.0,210.0
resource_managers,drl,block_errors,-2.5,231.0
resource_managers,drl,block_errors,-2.0,203.0
resource_managers,drl,block_errors,-1.5,230.0
resource_managers,drl,block_errors,-1.0,225.0
resource_managers,drl,block_errors,-0.5,224.0
resource_managers,drl,block_errors,0.0,224.0
resource_managers,drl,block_errors,0.5,225.0
resource_managers,drl,block_errors,1.0,224.0
resource_managers,drl,block_errors,1.5,224.0
resource_managers,drl,block_errors,2.0,226.0
resource_managers,drl,block_errors,2.5,224.0
resource_managers,drl,block_errors,3.0,224.0
resource_managers,drl,block_errors,3.5,224.0
resource_managers,drl,block_errors,4.0,224.0
resource_managers,drl,block_errors,4.5,224.0
resource_managers,drl,block_errors,5.0,224.0
resource_managers,drl,block_errors,5.5,224.0
resource_managers,drl,block_errors,6.0,224.0
resource_managers,drl,block_errors,6.5,225.0
resource_managers,drl,block_errors,7.0,224.0
resource_managers,drl,block_errors,7.5,224.0
resource_managers,drl,block_errors,8.0,224.0
resource_managers,drl,block_errors,8.5,224.0
resource_managers,drl,block_errors,9.0,224.0
resource_managers,drl,block_errors,9.5,224.0
resource_managers,drl,block_errors,10.0,224.0
resource_managers,drl,total_blocks,-5.0,320.0
resource_managers,drl,total_blocks,-4.5,320.0
resource_managers,drl,total_blocks,-4.0,384.0
resource_managers,drl,total_blocks,-3.5,384.0
resource_managers,drl,total_blocks,-3.0,384.0
resource_managers,drl,total_blocks,-2.5,448.0
resource_managers,drl,total_blocks,-2.0,384.0
resource_managers,drl,total_blocks,-1.5,448.0
resource_managers,drl,total_blocks,-1.0,448.0
resource_managers,drl,total_blocks,-0.5,448.0
resource_managers,drl,total_blocks,0.0,448.0
resource_managers,drl,total_blocks,0.5,448.0
resource_managers,drl,total_blocks,1.0,448.0
resource_managers,drl,total_blocks,1.5,448.0
resource_managers,drl,total_blocks,2.0,448.0
resource_managers,drl,total_blocks,2.5,448.0
resource_managers,drl,total_blocks,3.0,448.0
resource_managers,drl,total_blocks,3.5,448.0
resource_managers,drl,total_blocks,4.0,448.0
resource_managers,drl,total_blocks,4.5,448.0
resource_managers,drl,total_blocks,5.0,448.0
resource_managers,drl,total_blocks,5.5,448.0
resource_managers,drl,total_blocks,6.0,448.0
resource_managers,drl,total_blocks,6.5,448.0
resource_managers,drl,total_blocks,7.0,448.0
resource_managers,drl,total_blocks,7.5,448.0
resource_managers,drl,total_blocks,8.0,448.0
resource_managers,drl,total_blocks,8.5,448.0
resource_managers,drl,total_blocks,9.0,448.0
resource_managers,drl,total_blocks,9.5,448.0
resource_managers,drl,total_blocks,10.0,448.0
resource_managers,drl,num_batches,-5.0,5.0
resource_managers,drl,num_batches,-4.5,5.0
resource_managers,drl,num_batches,-4.0,6.0
resource_managers,drl,num_batches,-3.5,6.0
resource_managers,drl,num_batches,-3.0,6.0
resource_managers,drl,num_batches,-2.5,7.0
resource_managers,drl,num_batches,-2.0,6.0
resource_managers,drl,num_batches,-1.5,7.0
resource_managers,drl,num_batches,-1.0,7.0
resource_managers,drl,num_batches,-0.5,7.0
resource_managers,drl,num_batches,0.0,7.0
resource_managers,drl,num_batches,0.5,7.0
resource_managers,drl,num_batches,1.0,7.0
resource_managers,drl,num_batches,1.5,7.0
resource_managers,drl,num_batches,2.0,7.0
resource_managers,drl,num_batches,2.5,7.0
resource_managers,drl,num_batches,3.0,7.0
resource_managers,drl,num_batches,3.5,7.0
resource_managers,drl,num_batches,4.0,7.0
resource_managers,drl,num_batches,4.5,7.0
resource_managers,drl,num_batches,5.0,7.0
resource_managers,drl,num_batches,5.5,7.0
resource_managers,drl,num_batches,6.0,7.0
resource_managers,drl,num_batches,6.5,7.0
resource_managers,drl,num_batches,7.0,7.0
resource_managers,drl,num_batches,7.5,7.0
resource_managers,drl,num_batches,8.0,7.0
resource_managers,drl,num_batches,8.5,7.0
resource_managers,drl,num_batches,9.0,7.0
resource_managers,drl,num_batches,9.5,7.0
resource_managers,drl,num_batches,10.0,7.0
resource_managers,drl,runtime_total_sec,,176.40766399979475
