Log file: /app/results/20260412_091944_neural_ls_rayleigh_16qam_s/simulation.log
Loaded configuration for scenario: umi
======================================================================
  6G Smart Factory Simulation Flow
======================================================================
Stages: estimators
Estimators: ['neural', 'ls']
Factory sizes: Small
Modulations: 16-QAM
Channels: rayleigh
Scenario: umi
Eb/No Range: [0.0, 2.0, 4.0, 6.0, 8.0, 10.0, 12.0, 14.0, 16.0, 18.0, 20.0]
Run directory: results/20260412_091944_neural_ls_rayleigh_16qam_s
----------------------------------------------------------------------

======================================================================
  Small
======================================================================
[estimators] Starting...
Estimator batch 1/1600 (active points 22/22) [0s elapsed] ...   snr=+0.0dB [neural][ls]  snr=+2.0dB [neural][ls]  snr=+4.0dB [neural][ls]  snr=+6.0dB [neural][ls]  snr=+8.0dB [neural][ls]  snr=+10.0dB [neural][ls]  snr=+12.0dB [neural][ls]  snr=+14.0dB [neural][ls]  snr=+16.0dB [neural][ls]  snr=+18.0dB [neural][ls]  snr=+20.0dB [neural][ls]Done (16.66s)
Estimator batch 2/1600 (active points 22/22) [16s elapsed] ...   snr=+0.0dB [neural][ls]  snr=+2.0dB [neural][ls]  snr=+4.0dB [neural][ls]  snr=+6.0dB [neural][ls]  snr=+8.0dB [neural][ls]  snr=+10.0dB [neural][ls]  snr=+12.0dB [neural][ls]  snr=+14.0dB [neural][ls]  snr=+16.0dB [neural][ls]  snr=+18.0dB [neural][ls]  snr=+20.0dB [neural][ls]Done (16.18s)
Estimator batch 3/1600 (active points 22/22) [32s elapsed] ...   snr=+0.0dB [neural][ls]  snr=+2.0dB [neural][ls]  snr=+4.0dB [neural][ls]  snr=+6.0dB [neural][ls]  snr=+8.0dB [neural][ls]  snr=+10.0dB [neural][ls]  snr=+12.0dB [neural][ls]  snr=+14.0dB [neural][ls]  snr=+16.0dB [neural][ls]  snr=+18.0dB [neural][ls]  snr=+20.0dB [neural][ls]Done (16.62s)
Estimator batch 4/1600 (active points 22/22) [49s elapsed] ...   snr=+0.0dB [neural][ls]  snr=+2.0dB [neural][ls]  snr=+4.0dB [neural][ls]  snr=+6.0dB [neural][ls]  snr=+8.0dB [neural][ls]  snr=+10.0dB [neural][ls]  snr=+12.0dB [neural][ls]  snr=+14.0dB [neural][ls]  snr=+16.0dB [neural][ls]  snr=+18.0dB [neural][ls]  snr=+20.0dB [neural][ls]Done (16.34s)
Estimator batch 5/1600 (active points 22/22) [1m 05s elapsed] ...   snr=+0.0dB [neural][ls]  snr=+2.0dB [neural][ls]  snr=+4.0dB [neural][ls]  snr=+6.0dB [neural][ls]  snr=+8.0dB [neural][ls]  snr=+10.0dB [neural][ls]  snr=+12.0dB [neural][ls]  snr=+14.0dB [neural][ls]  snr=+16.0dB [neural][ls]  snr=+18.0dB [neural][ls]  snr=+20.0dB [neural][ls]Done (16.46s)
Estimator batch 6/1600 (active points 22/22) [1m 22s elapsed] ...   snr=+0.0dB [neural][ls]  snr=+2.0dB [neural][ls]  snr=+4.0dB [neural][ls]  snr=+6.0dB [neural][ls]  snr=+8.0dB [neural][ls]  snr=+10.0dB [neural][ls]  snr=+12.0dB [neural][ls]  snr=+14.0dB [neural][ls]  snr=+16.0dB [neural][ls]  snr=+18.0dB [neural][ls]  snr=+20.0dB [neural][ls]Done (16.70s)
Estimator batch 7/1600 (active points 22/22) [1m 38s elapsed] ...   snr=+0.0dB [neural][ls]  snr=+2.0dB [neural][ls]  snr=+4.0dB [neural][ls]  snr=+6.0dB [neural][ls]  snr=+8.0dB [neural][ls]  snr=+10.0dB [neural][ls]  snr=+12.0dB [neural][ls]  snr=+14.0dB [neural][ls]  snr=+16.0dB [neural][ls]  snr=+18.0dB [neural][ls]  snr=+20.0dB [neural][ls]Done (16.74s)
Estimator batch 8/1600 (active points 22/22) [1m 55s elapsed] ...   snr=+0.0dB [neural][ls]  snr=+2.0dB [neural][ls]  snr=+4.0dB [neural][ls]  snr=+6.0dB [neural][ls]  snr=+8.0dB [neural][ls]  snr=+10.0dB [neural][ls]  snr=+12.0dB [neural][ls]  snr=+14.0dB [neural][ls]  snr=+16.0dB [neural][ls]  snr=+18.0dB [neural][ls]  snr=+20.0dB [neural][ls]Done (16.64s)
Estimator batch 9/1600 (active points 22/22) [2m 12s elapsed] ...   snr=+0.0dB [neural][ls]  snr=+2.0dB [neural][ls]  snr=+4.0dB [neural][ls]  snr=+6.0dB [neural][ls]  snr=+8.0dB [neural][ls]  snr=+10.0dB [neural][ls]  snr=+12.0dB [neural][ls]  snr=+14.0dB [neural][ls]  snr=+16.0dB [neural][ls]  snr=+18.0dB [neural][ls]  snr=+20.0dB [neural][ls]Done (16.63s)
Estimator batch 10/1600 (active points 22/22) [2m 28s elapsed] ...   snr=+0.0dB [neural][ls]  snr=+2.0dB [neural][ls]  snr=+4.0dB [neural][ls]  snr=+6.0dB [neural][ls]  snr=+8.0dB [neural][ls]  snr=+10.0dB [neural][ls]  snr=+12.0dB [neural][ls]  snr=+14.0dB [neural][ls]  snr=+16.0dB [neural][ls]  snr=+18.0dB [neural][ls]  snr=+20.0dB [neural][ls]Done (17.15s)
Estimator batch 11/1600 (active points 19/22) [2m 46s elapsed] ...   snr=+2.0dB [neural]  snr=+4.0dB [neural][ls]  snr=+6.0dB [neural][ls]  snr=+8.0dB [neural][ls]  snr=+10.0dB [neural][ls]  snr=+12.0dB [neural][ls]  snr=+14.0dB [neural][ls]  snr=+16.0dB [neural][ls]  snr=+18.0dB [neural][ls]  snr=+20.0dB [neural][ls]Done (14.64s)
Estimator batch 12/1600 (active points 19/22) [3m 00s elapsed] ...   snr=+2.0dB [neural]  snr=+4.0dB [neural][ls]  snr=+6.0dB [neural][ls]  snr=+8.0dB [neural][ls]  snr=+10.0dB [neural][ls]  snr=+12.0dB [neural][ls]  snr=+14.0dB [neural][ls]  snr=+16.0dB [neural][ls]  snr=+18.0dB [neural][ls]  snr=+20.0dB [neural][ls]Done (14.52s)
Estimator batch 13/1600 (active points 19/22) [3m 15s elapsed] ...   snr=+2.0dB [neural]  snr=+4.0dB [neural][ls]  snr=+6.0dB [neural][ls]  snr=+8.0dB [neural][ls]  snr=+10.0dB [neural][ls]  snr=+12.0dB [neural][ls]  snr=+14.0dB [neural][ls]  snr=+16.0dB [neural][ls]  snr=+18.0dB [neural][ls]  snr=+20.0dB [neural][ls]Done (14.55s)
Estimator batch 14/1600 (active points 19/22) [3m 29s elapsed] ...   snr=+2.0dB [neural]  snr=+4.0dB [neural][ls]  snr=+6.0dB [neural][ls]  snr=+8.0dB [neural][ls]  snr=+10.0dB [neural][ls]  snr=+12.0dB [neural][ls]  snr=+14.0dB [neural][ls]  snr=+16.0dB [neural][ls]  snr=+18.0dB [neural][ls]  snr=+20.0dB [neural][ls]Done (14.47s)
Estimator batch 15/1600 (active points 19/22) [3m 44s elapsed] ...   snr=+2.0dB [neural]  snr=+4.0dB [neural][ls]  snr=+6.0dB [neural][ls]  snr=+8.0dB [neural][ls]  snr=+10.0dB [neural][ls]  snr=+12.0dB [neural][ls]  snr=+14.0dB [neural][ls]  snr=+16.0dB [neural][ls]  snr=+18.0dB [neural][ls]  snr=+20.0dB [neural][ls]Done (14.83s)
Estimator batch 16/1600 (active points 19/22) [3m 59s elapsed] ...   snr=+2.0dB [neural]  snr=+4.0dB [neural][ls]  snr=+6.0dB [neural][ls]  snr=+8.0dB [neural][ls]  snr=+10.0dB [neural][ls]  snr=+12.0dB [neural][ls]  snr=+14.0dB [neural][ls]  snr=+16.0dB [neural][ls]  snr=+18.0dB [neural][ls]  snr=+20.0dB [neural][ls]Done (14.41s)
Estimator batch 17/1600 (active points 19/22) [4m 13s elapsed] ...   snr=+2.0dB [neural]  snr=+4.0dB [neural][ls]  snr=+6.0dB [neural][ls]  snr=+8.0dB [neural][ls]  snr=+10.0dB [neural][ls]  snr=+12.0dB [neural][ls]  snr=+14.0dB [neural][ls]  snr=+16.0dB [neural][ls]  snr=+18.0dB [neural][ls]  snr=+20.0dB [neural][ls]Done (14.44s)
Estimator batch 18/1600 (active points 19/22) [4m 27s elapsed] ...   snr=+2.0dB [neural]  snr=+4.0dB [neural][ls]  snr=+6.0dB [neural][ls]  snr=+8.0dB [neural][ls]  snr=+10.0dB [neural][ls]  snr=+12.0dB [neural][ls]  snr=+14.0dB [neural][ls]  snr=+16.0dB [neural][ls]  snr=+18.0dB [neural][ls]  snr=+20.0dB [neural][ls]Done (14.35s)
Estimator batch 19/1600 (active points 19/22) [4m 42s elapsed] ...   snr=+2.0dB [neural]  snr=+4.0dB [neural][ls]  snr=+6.0dB [neural][ls]  snr=+8.0dB [neural][ls]  snr=+10.0dB [neural][ls]  snr=+12.0dB [neural][ls]  snr=+14.0dB [neural][ls]  snr=+16.0dB [neural][ls]  snr=+18.0dB [neural][ls]  snr=+20.0dB [neural][ls]Done (14.42s)
Estimator batch 20/1600 (active points 19/22) [4m 56s elapsed] ...   snr=+2.0dB [neural]  snr=+4.0dB [neural][ls]  snr=+6.0dB [neural][ls]  snr=+8.0dB [neural][ls]  snr=+10.0dB [neural][ls]  snr=+12.0dB [neural][ls]  snr=+14.0dB [neural][ls]  snr=+16.0dB [neural][ls]  snr=+18.0dB [neural][ls]  snr=+20.0dB [neural][ls]Done (14.30s)
Estimator batch 21/1600 (active points 19/22) [5m 11s elapsed] ...   snr=+2.0dB [neural]  snr=+4.0dB [neural][ls]  snr=+6.0dB [neural][ls]  snr=+8.0dB [neural][ls]  snr=+10.0dB [neural][ls]  snr=+12.0dB [neural][ls]  snr=+14.0dB [neural][ls]  snr=+16.0dB [neural][ls]  snr=+18.0dB [neural][ls]  snr=+20.0dB [neural][ls]Done (14.38s)
Estimator batch 22/1600 (active points 19/22) [5m 25s elapsed] ...   snr=+2.0dB [neural]  snr=+4.0dB [neural][ls]  snr=+6.0dB [neural][ls]  snr=+8.0dB [neural][ls]  snr=+10.0dB [neural][ls]  snr=+12.0dB [neural][ls]  snr=+14.0dB [neural][ls]  snr=+16.0dB [neural][ls]  snr=+18.0dB [neural][ls]  snr=+20.0dB [neural][ls]Done (14.33s)
Estimator batch 23/1600 (active points 19/22) [5m 39s elapsed] ...   snr=+2.0dB [neural]  snr=+4.0dB [neural][ls]  snr=+6.0dB [neural][ls]  snr=+8.0dB [neural][ls]  snr=+10.0dB [neural][ls]  snr=+12.0dB [neural][ls]  snr=+14.0dB [neural][ls]  snr=+16.0dB [neural][ls]  snr=+18.0dB [neural][ls]  snr=+20.0dB [neural][ls]Done (14.46s)
Estimator batch 24/1600 (active points 19/22) [5m 54s elapsed] ...   snr=+2.0dB [neural]  snr=+4.0dB [neural][ls]  snr=+6.0dB [neural][ls]  snr=+8.0dB [neural][ls]  snr=+10.0dB [neural][ls]  snr=+12.0dB [neural][ls]  snr=+14.0dB [neural][ls]  snr=+16.0dB [neural][ls]  snr=+18.0dB [neural][ls]  snr=+20.0dB [neural][ls]Done (14.55s)
Estimator batch 25/1600 (active points 19/22) [6m 08s elapsed] ...   snr=+2.0dB [neural]  snr=+4.0dB [neural][ls]  snr=+6.0dB [neural][ls]  snr=+8.0dB [neural][ls]  snr=+10.0dB [neural][ls]  snr=+12.0dB [neural][ls]  snr=+14.0dB [neural][ls]  snr=+16.0dB [neural][ls]  snr=+18.0dB [neural][ls]  snr=+20.0dB [neural][ls]Done (14.33s)
Estimator batch 26/1600 (active points 19/22) [6m 23s elapsed] ...   snr=+2.0dB [neural]  snr=+4.0dB [neural][ls]  snr=+6.0dB [neural][ls]  snr=+8.0dB [neural][ls]  snr=+10.0dB [neural][ls]  snr=+12.0dB [neural][ls]  snr=+14.0dB [neural][ls]  snr=+16.0dB [neural][ls]  snr=+18.0dB [neural][ls]  snr=+20.0dB [neural][ls]Done (14.39s)
Estimator batch 27/1600 (active points 19/22) [6m 37s elapsed] ...   snr=+2.0dB [neural]  snr=+4.0dB [neural][ls]  snr=+6.0dB [neural][ls]  snr=+8.0dB [neural][ls]  snr=+10.0dB [neural][ls]  snr=+12.0dB [neural][ls]  snr=+14.0dB [neural][ls]  snr=+16.0dB [neural][ls]  snr=+18.0dB [neural][ls]  snr=+20.0dB [neural][ls]Done (14.31s)
Estimator batch 28/1600 (active points 19/22) [6m 51s elapsed] ...   snr=+2.0dB [neural]  snr=+4.0dB [neural][ls]  snr=+6.0dB [neural][ls]  snr=+8.0dB [neural][ls]  snr=+10.0dB [neural][ls]  snr=+12.0dB [neural][ls]  snr=+14.0dB [neural][ls]  snr=+16.0dB [neural][ls]  snr=+18.0dB [neural][ls]  snr=+20.0dB [neural][ls]Done (14.44s)
Estimator batch 29/1600 (active points 19/22) [7m 06s elapsed] ...   snr=+2.0dB [neural]  snr=+4.0dB [neural][ls]  snr=+6.0dB [neural][ls]  snr=+8.0dB [neural][ls]  snr=+10.0dB [neural][ls]  snr=+12.0dB [neural][ls]  snr=+14.0dB [neural][ls]  snr=+16.0dB [neural][ls]  snr=+18.0dB [neural][ls]  snr=+20.0dB [neural][ls]Done (14.32s)
Estimator batch 30/1600 (active points 19/22) [7m 20s elapsed] ...   snr=+2.0dB [neural]  snr=+4.0dB [neural][ls]  snr=+6.0dB [neural][ls]  snr=+8.0dB [neural][ls]  snr=+10.0dB [neural][ls]  snr=+12.0dB [neural][ls]  snr=+14.0dB [neural][ls]  snr=+16.0dB [neural][ls]  snr=+18.0dB [neural][ls]  snr=+20.0dB [neural][ls]Done (14.34s)
Estimator batch 31/1600 (active points 19/22) [7m 34s elapsed] ...   snr=+2.0dB [neural]  snr=+4.0dB [neural][ls]  snr=+6.0dB [neural][ls]  snr=+8.0dB [neural][ls]  snr=+10.0dB [neural][ls]  snr=+12.0dB [neural][ls]  snr=+14.0dB [neural][ls]  snr=+16.0dB [neural][ls]  snr=+18.0dB [neural][ls]  snr=+20.0dB [neural][ls]Done (14.31s)
Estimator batch 32/1600 (active points 19/22) [7m 49s elapsed] ...   snr=+2.0dB [neural]  snr=+4.0dB [neural][ls]  snr=+6.0dB [neural][ls]  snr=+8.0dB [neural][ls]  snr=+10.0dB [neural][ls]  snr=+12.0dB [neural][ls]  snr=+14.0dB [neural][ls]  snr=+16.0dB [neural][ls]  snr=+18.0dB [neural][ls]  snr=+20.0dB [neural][ls]Done (14.38s)
Estimator batch 33/1600 (active points 19/22) [8m 03s elapsed] ...   snr=+2.0dB [neural]  snr=+4.0dB [neural][ls]  snr=+6.0dB [neural][ls]  snr=+8.0dB [neural][ls]  snr=+10.0dB [neural][ls]  snr=+12.0dB [neural][ls]  snr=+14.0dB [neural][ls]  snr=+16.0dB [neural][ls]  snr=+18.0dB [neural][ls]  snr=+20.0dB [neural][ls]Done (14.36s)
Estimator batch 34/1600 (active points 18/22) [8m 17s elapsed] ...   snr=+2.0dB [neural]  snr=+4.0dB [neural]  snr=+6.0dB [neural][ls]  snr=+8.0dB [neural][ls]  snr=+10.0dB [neural][ls]  snr=+12.0dB [neural][ls]  snr=+14.0dB [neural][ls]  snr=+16.0dB [neural][ls]  snr=+18.0dB [neural][ls]  snr=+20.0dB [neural][ls]Done (13.89s)
Estimator batch 35/1600 (active points 18/22) [8m 31s elapsed] ...   snr=+2.0dB [neural]  snr=+4.0dB [neural]  snr=+6.0dB [neural][ls]  snr=+8.0dB [neural][ls]  snr=+10.0dB [neural][ls]  snr=+12.0dB [neural][ls]  snr=+14.0dB [neural][ls]  snr=+16.0dB [neural][ls]  snr=+18.0dB [neural][ls]  snr=+20.0dB [neural][ls]Done (13.89s)
Estimator batch 36/1600 (active points 18/22) [8m 45s elapsed] ...   snr=+2.0dB [neural]  snr=+4.0dB [neural]  snr=+6.0dB [neural][ls]  snr=+8.0dB [neural][ls]  snr=+10.0dB [neural][ls]  snr=+12.0dB [neural][ls]  snr=+14.0dB [neural][ls]  snr=+16.0dB [neural][ls]  snr=+18.0dB [neural][ls]  snr=+20.0dB [neural][ls]Done (13.97s)
Estimator batch 37/1600 (active points 18/22) [8m 59s elapsed] ...   snr=+2.0dB [neural]  snr=+4.0dB [neural]  snr=+6.0dB [neural][ls]  snr=+8.0dB [neural][ls]  snr=+10.0dB [neural][ls]  snr=+12.0dB [neural][ls]  snr=+14.0dB [neural][ls]  snr=+16.0dB [neural][ls]  snr=+18.0dB [neural][ls]  snr=+20.0dB [neural][ls]Done (13.92s)
Estimator batch 38/1600 (active points 18/22) [9m 13s elapsed] ...   snr=+2.0dB [neural]  snr=+4.0dB [neural]  snr=+6.0dB [neural][ls]  snr=+8.0dB [neural][ls]  snr=+10.0dB [neural][ls]  snr=+12.0dB [neural][ls]  snr=+14.0dB [neural][ls]  snr=+16.0dB [neural][ls]  snr=+18.0dB [neural][ls]  snr=+20.0dB [neural][ls]Done (13.89s)
Estimator batch 39/1600 (active points 18/22) [9m 27s elapsed] ...   snr=+2.0dB [neural]  snr=+4.0dB [neural]  snr=+6.0dB [neural][ls]  snr=+8.0dB [neural][ls]  snr=+10.0dB [neural][ls]  snr=+12.0dB [neural][ls]  snr=+14.0dB [neural][ls]  snr=+16.0dB [neural][ls]  snr=+18.0dB [neural][ls]  snr=+20.0dB [neural][ls]Done (13.86s)
Estimator batch 40/1600 (active points 18/22) [9m 41s elapsed] ...   snr=+2.0dB [neural]  snr=+4.0dB [neural]  snr=+6.0dB [neural][ls]  snr=+8.0dB [neural][ls]  snr=+10.0dB [neural][ls]  snr=+12.0dB [neural][ls]  snr=+14.0dB [neural][ls]  snr=+16.0dB [neural][ls]  snr=+18.0dB [neural][ls]  snr=+20.0dB [neural][ls]Done (13.89s)
Estimator batch 41/1600 (active points 18/22) [9m 55s elapsed] ...   snr=+2.0dB [neural]  snr=+4.0dB [neural]  snr=+6.0dB [neural][ls]  snr=+8.0dB [neural][ls]  snr=+10.0dB [neural][ls]  snr=+12.0dB [neural][ls]  snr=+14.0dB [neural][ls]  snr=+16.0dB [neural][ls]  snr=+18.0dB [neural][ls]  snr=+20.0dB [neural][ls]Done (13.89s)
Estimator batch 42/1600 (active points 18/22) [10m 09s elapsed] ...   snr=+2.0dB [neural]  snr=+4.0dB [neural]  snr=+6.0dB [neural][ls]  snr=+8.0dB [neural][ls]  snr=+10.0dB [neural][ls]  snr=+12.0dB [neural][ls]  snr=+14.0dB [neural][ls]  snr=+16.0dB [neural][ls]  snr=+18.0dB [neural][ls]  snr=+20.0dB [neural][ls]Done (13.92s)
Estimator batch 43/1600 (active points 18/22) [10m 23s elapsed] ...   snr=+2.0dB [neural]  snr=+4.0dB [neural]  snr=+6.0dB [neural][ls]  snr=+8.0dB [neural][ls]  snr=+10.0dB [neural][ls]  snr=+12.0dB [neural][ls]  snr=+14.0dB [neural][ls]  snr=+16.0dB [neural][ls]  snr=+18.0dB [neural][ls]  snr=+20.0dB [neural][ls]Done (13.89s)
Estimator batch 44/1600 (active points 18/22) [10m 36s elapsed] ...   snr=+2.0dB [neural]  snr=+4.0dB [neural]  snr=+6.0dB [neural][ls]  snr=+8.0dB [neural][ls]  snr=+10.0dB [neural][ls]  snr=+12.0dB [neural][ls]  snr=+14.0dB [neural][ls]  snr=+16.0dB [neural][ls]  snr=+18.0dB [neural][ls]  snr=+20.0dB [neural][ls]Done (13.86s)
Estimator batch 45/1600 (active points 18/22) [10m 50s elapsed] ...   snr=+2.0dB [neural]  snr=+4.0dB [neural]  snr=+6.0dB [neural][ls]  snr=+8.0dB [neural][ls]  snr=+10.0dB [neural][ls]  snr=+12.0dB [neural][ls]  snr=+14.0dB [neural][ls]  snr=+16.0dB [neural][ls]  snr=+18.0dB [neural][ls]  snr=+20.0dB [neural][ls]Done (14.04s)
Estimator batch 46/1600 (active points 18/22) [11m 04s elapsed] ...   snr=+2.0dB [neural]  snr=+4.0dB [neural]  snr=+6.0dB [neural][ls]  snr=+8.0dB [neural][ls]  snr=+10.0dB [neural][ls]  snr=+12.0dB [neural][ls]  snr=+14.0dB [neural][ls]  snr=+16.0dB [neural][ls]  snr=+18.0dB [neural][ls]  snr=+20.0dB [neural][ls]Done (13.92s)
Estimator batch 47/1600 (active points 18/22) [11m 18s elapsed] ...   snr=+2.0dB [neural]  snr=+4.0dB [neural]  snr=+6.0dB [neural][ls]  snr=+8.0dB [neural][ls]  snr=+10.0dB [neural][ls]  snr=+12.0dB [neural][ls]  snr=+14.0dB [neural][ls]  snr=+16.0dB [neural][ls]  snr=+18.0dB [neural][ls]  snr=+20.0dB [neural][ls]Done (13.86s)
Estimator batch 48/1600 (active points 18/22) [11m 32s elapsed] ...   snr=+2.0dB [neural]  snr=+4.0dB [neural]  snr=+6.0dB [neural][ls]  snr=+8.0dB [neural][ls]  snr=+10.0dB [neural][ls]  snr=+12.0dB [neural][ls]  snr=+14.0dB [neural][ls]  snr=+16.0dB [neural][ls]  snr=+18.0dB [neural][ls]  snr=+20.0dB [neural][ls]Done (13.86s)
Estimator batch 49/1600 (active points 18/22) [11m 46s elapsed] ...   snr=+2.0dB [neural]  snr=+4.0dB [neural]  snr=+6.0dB [neural][ls]  snr=+8.0dB [neural][ls]  snr=+10.0dB [neural][ls]  snr=+12.0dB [neural][ls]  snr=+14.0dB [neural][ls]  snr=+16.0dB [neural][ls]  snr=+18.0dB [neural][ls]  snr=+20.0dB [neural][ls]Done (13.86s)
Estimator batch 50/1600 (active points 18/22) [12m 00s elapsed] ...   snr=+2.0dB [neural]  snr=+4.0dB [neural]  snr=+6.0dB [neural][ls]  snr=+8.0dB [neural][ls]  snr=+10.0dB [neural][ls]  snr=+12.0dB [neural][ls]  snr=+14.0dB [neural][ls]  snr=+16.0dB [neural][ls]  snr=+18.0dB [neural][ls]  snr=+20.0dB [neural][ls]Done (13.89s)
Estimator batch 51/1600 (active points 18/22) [12m 14s elapsed] ...   snr=+2.0dB [neural]  snr=+4.0dB [neural]  snr=+6.0dB [neural][ls]  snr=+8.0dB [neural][ls]  snr=+10.0dB [neural][ls]  snr=+12.0dB [neural][ls]  snr=+14.0dB [neural][ls]  snr=+16.0dB [neural][ls]  snr=+18.0dB [neural][ls]  snr=+20.0dB [neural][ls]Done (13.98s)
Estimator batch 52/1600 (active points 18/22) [12m 28s elapsed] ...   snr=+2.0dB [neural]  snr=+4.0dB [neural]  snr=+6.0dB [neural][ls]  snr=+8.0dB [neural][ls]  snr=+10.0dB [neural][ls]  snr=+12.0dB [neural][ls]  snr=+14.0dB [neural][ls]  snr=+16.0dB [neural][ls]  snr=+18.0dB [neural][ls]  snr=+20.0dB [neural][ls]Done (14.36s)
Estimator batch 53/1600 (active points 18/22) [12m 42s elapsed] ...   snr=+2.0dB [neural]  snr=+4.0dB [neural]  snr=+6.0dB [neural][ls]  snr=+8.0dB [neural][ls]  snr=+10.0dB [neural][ls]  snr=+12.0dB [neural][ls]  snr=+14.0dB [neural][ls]  snr=+16.0dB [neural][ls]  snr=+18.0dB [neural][ls]  snr=+20.0dB [neural][ls]Done (13.89s)
Estimator batch 54/1600 (active points 18/22) [12m 56s elapsed] ...   snr=+2.0dB [neural]  snr=+4.0dB [neural]  snr=+6.0dB [neural][ls]  snr=+8.0dB [neural][ls]  snr=+10.0dB [neural][ls]  snr=+12.0dB [neural][ls]  snr=+14.0dB [neural][ls]  snr=+16.0dB [neural][ls]  snr=+18.0dB [neural][ls]  snr=+20.0dB [neural][ls]Done (13.87s)
Estimator batch 55/1600 (active points 18/22) [13m 10s elapsed] ...   snr=+2.0dB [neural]  snr=+4.0dB [neural]  snr=+6.0dB [neural][ls]  snr=+8.0dB [neural][ls]  snr=+10.0dB [neural][ls]  snr=+12.0dB [neural][ls]  snr=+14.0dB [neural][ls]  snr=+16.0dB [neural][ls]  snr=+18.0dB [neural][ls]  snr=+20.0dB [neural][ls]Done (13.92s)
Estimator batch 56/1600 (active points 18/22) [13m 24s elapsed] ...   snr=+2.0dB [neural]  snr=+4.0dB [neural]  snr=+6.0dB [neural][ls]  snr=+8.0dB [neural][ls]  snr=+10.0dB [neural][ls]  snr=+12.0dB [neural][ls]  snr=+14.0dB [neural][ls]  snr=+16.0dB [neural][ls]  snr=+18.0dB [neural][ls]  snr=+20.0dB [neural][ls]Done (13.98s)
Estimator batch 57/1600 (active points 18/22) [13m 38s elapsed] ...   snr=+2.0dB [neural]  snr=+4.0dB [neural]  snr=+6.0dB [neural][ls]  snr=+8.0dB [neural][ls]  snr=+10.0dB [neural][ls]  snr=+12.0dB [neural][ls]  snr=+14.0dB [neural][ls]  snr=+16.0dB [neural][ls]  snr=+18.0dB [neural][ls]  snr=+20.0dB [neural][ls]Done (13.85s)
Estimator batch 58/1600 (active points 18/22) [13m 52s elapsed] ...   snr=+2.0dB [neural]  snr=+4.0dB [neural]  snr=+6.0dB [neural][ls]  snr=+8.0dB [neural][ls]  snr=+10.0dB [neural][ls]  snr=+12.0dB [neural][ls]  snr=+14.0dB [neural][ls]  snr=+16.0dB [neural][ls]  snr=+18.0dB [neural][ls]  snr=+20.0dB [neural][ls]Done (13.87s)
Estimator batch 59/1600 (active points 18/22) [14m 06s elapsed] ...   snr=+2.0dB [neural]  snr=+4.0dB [neural]  snr=+6.0dB [neural][ls]  snr=+8.0dB [neural][ls]  snr=+10.0dB [neural][ls]  snr=+12.0dB [neural][ls]  snr=+14.0dB [neural][ls]  snr=+16.0dB [neural][ls]  snr=+18.0dB [neural][ls]  snr=+20.0dB [neural][ls]Done (13.90s)
Estimator batch 60/1600 (active points 18/22) [14m 19s elapsed] ...   snr=+2.0dB [neural]  snr=+4.0dB [neural]  snr=+6.0dB [neural][ls]  snr=+8.0dB [neural][ls]  snr=+10.0dB [neural][ls]  snr=+12.0dB [neural][ls]  snr=+14.0dB [neural][ls]  snr=+16.0dB [neural][ls]  snr=+18.0dB [neural][ls]  snr=+20.0dB [neural][ls]Done (13.91s)
Estimator batch 61/1600 (active points 18/22) [14m 33s elapsed] ...   snr=+2.0dB [neural]  snr=+4.0dB [neural]  snr=+6.0dB [neural][ls]  snr=+8.0dB [neural][ls]  snr=+10.0dB [neural][ls]  snr=+12.0dB [neural][ls]  snr=+14.0dB [neural][ls]  snr=+16.0dB [neural][ls]  snr=+18.0dB [neural][ls]  snr=+20.0dB [neural][ls]Done (13.87s)
Estimator batch 62/1600 (active points 18/22) [14m 47s elapsed] ...   snr=+2.0dB [neural]  snr=+4.0dB [neural]  snr=+6.0dB [neural][ls]  snr=+8.0dB [neural][ls]  snr=+10.0dB [neural][ls]  snr=+12.0dB [neural][ls]  snr=+14.0dB [neural][ls]  snr=+16.0dB [neural][ls]  snr=+18.0dB [neural][ls]  snr=+20.0dB [neural][ls]Done (13.88s)
Estimator batch 63/1600 (active points 18/22) [15m 01s elapsed] ...   snr=+2.0dB [neural]  snr=+4.0dB [neural]  snr=+6.0dB [neural][ls]  snr=+8.0dB [neural][ls]  snr=+10.0dB [neural][ls]  snr=+12.0dB [neural][ls]  snr=+14.0dB [neural][ls]  snr=+16.0dB [neural][ls]  snr=+18.0dB [neural][ls]  snr=+20.0dB [neural][ls]Done (13.90s)
Estimator batch 64/1600 (active points 18/22) [15m 15s elapsed] ...   snr=+2.0dB [neural]  snr=+4.0dB [neural]  snr=+6.0dB [neural][ls]  snr=+8.0dB [neural][ls]  snr=+10.0dB [neural][ls]  snr=+12.0dB [neural][ls]  snr=+14.0dB [neural][ls]  snr=+16.0dB [neural][ls]  snr=+18.0dB [neural][ls]  snr=+20.0dB [neural][ls]Done (13.92s)
Estimator batch 65/1600 (active points 18/22) [15m 29s elapsed] ...   snr=+2.0dB [neural]  snr=+4.0dB [neural]  snr=+6.0dB [neural][ls]  snr=+8.0dB [neural][ls]  snr=+10.0dB [neural][ls]  snr=+12.0dB [neural][ls]  snr=+14.0dB [neural][ls]  snr=+16.0dB [neural][ls]  snr=+18.0dB [neural][ls]  snr=+20.0dB [neural][ls]Done (13.84s)
Estimator batch 66/1600 (active points 18/22) [15m 43s elapsed] ...   snr=+2.0dB [neural]  snr=+4.0dB [neural]  snr=+6.0dB [neural][ls]  snr=+8.0dB [neural][ls]  snr=+10.0dB [neural][ls]  snr=+12.0dB [neural][ls]  snr=+14.0dB [neural][ls]  snr=+16.0dB [neural][ls]  snr=+18.0dB [neural][ls]  snr=+20.0dB [neural][ls]Done (13.91s)
Estimator batch 67/1600 (active points 18/22) [15m 57s elapsed] ...   snr=+2.0dB [neural]  snr=+4.0dB [neural]  snr=+6.0dB [neural][ls]  snr=+8.0dB [neural][ls]  snr=+10.0dB [neural][ls]  snr=+12.0dB [neural][ls]  snr=+14.0dB [neural][ls]  snr=+16.0dB [neural][ls]  snr=+18.0dB [neural][ls]  snr=+20.0dB [neural][ls]Done (13.87s)
Estimator batch 68/1600 (active points 18/22) [16m 10s elapsed] ...   snr=+2.0dB [neural]  snr=+4.0dB [neural]  snr=+6.0dB [neural][ls]  snr=+8.0dB [neural][ls]  snr=+10.0dB [neural][ls]  snr=+12.0dB [neural][ls]  snr=+14.0dB [neural][ls]  snr=+16.0dB [neural][ls]  snr=+18.0dB [neural][ls]  snr=+20.0dB [neural][ls]Done (13.87s)
Estimator batch 69/1600 (active points 18/22) [16m 24s elapsed] ...   snr=+2.0dB [neural]  snr=+4.0dB [neural]  snr=+6.0dB [neural][ls]  snr=+8.0dB [neural][ls]  snr=+10.0dB [neural][ls]  snr=+12.0dB [neural][ls]  snr=+14.0dB [neural][ls]  snr=+16.0dB [neural][ls]  snr=+18.0dB [neural][ls]  snr=+20.0dB [neural][ls]Done (13.94s)
Estimator batch 70/1600 (active points 18/22) [16m 38s elapsed] ...   snr=+2.0dB [neural]  snr=+4.0dB [neural]  snr=+6.0dB [neural][ls]  snr=+8.0dB [neural][ls]  snr=+10.0dB [neural][ls]  snr=+12.0dB [neural][ls]  snr=+14.0dB [neural][ls]  snr=+16.0dB [neural][ls]  snr=+18.0dB [neural][ls]  snr=+20.0dB [neural][ls]Done (13.83s)
Estimator batch 71/1600 (active points 18/22) [16m 52s elapsed] ...   snr=+2.0dB [neural]  snr=+4.0dB [neural]  snr=+6.0dB [neural][ls]  snr=+8.0dB [neural][ls]  snr=+10.0dB [neural][ls]  snr=+12.0dB [neural][ls]  snr=+14.0dB [neural][ls]  snr=+16.0dB [neural][ls]  snr=+18.0dB [neural][ls]  snr=+20.0dB [neural][ls]Done (13.86s)
Estimator batch 72/1600 (active points 18/22) [17m 06s elapsed] ...   snr=+2.0dB [neural]  snr=+4.0dB [neural]  snr=+6.0dB [neural][ls]  snr=+8.0dB [neural][ls]  snr=+10.0dB [neural][ls]  snr=+12.0dB [neural][ls]  snr=+14.0dB [neural][ls]  snr=+16.0dB [neural][ls]  snr=+18.0dB [neural][ls]  snr=+20.0dB [neural][ls]Done (13.88s)
Estimator batch 73/1600 (active points 18/22) [17m 20s elapsed] ...   snr=+2.0dB [neural]  snr=+4.0dB [neural]  snr=+6.0dB [neural][ls]  snr=+8.0dB [neural][ls]  snr=+10.0dB [neural][ls]  snr=+12.0dB [neural][ls]  snr=+14.0dB [neural][ls]  snr=+16.0dB [neural][ls]  snr=+18.0dB [neural][ls]  snr=+20.0dB [neural][ls]Done (13.87s)
Estimator batch 74/1600 (active points 18/22) [17m 34s elapsed] ...   snr=+2.0dB [neural]  snr=+4.0dB [neural]  snr=+6.0dB [neural][ls]  snr=+8.0dB [neural][ls]  snr=+10.0dB [neural][ls]  snr=+12.0dB [neural][ls]  snr=+14.0dB [neural][ls]  snr=+16.0dB [neural][ls]  snr=+18.0dB [neural][ls]  snr=+20.0dB [neural][ls]Done (13.91s)
Estimator batch 75/1600 (active points 18/22) [17m 48s elapsed] ...   snr=+2.0dB [neural]  snr=+4.0dB [neural]  snr=+6.0dB [neural][ls]  snr=+8.0dB [neural][ls]  snr=+10.0dB [neural][ls]  snr=+12.0dB [neural][ls]  snr=+14.0dB [neural][ls]  snr=+16.0dB [neural][ls]  snr=+18.0dB [neural][ls]  snr=+20.0dB [neural][ls]Done (13.89s)
Estimator batch 76/1600 (active points 18/22) [18m 02s elapsed] ...   snr=+2.0dB [neural]  snr=+4.0dB [neural]  snr=+6.0dB [neural][ls]  snr=+8.0dB [neural][ls]  snr=+10.0dB [neural][ls]  snr=+12.0dB [neural][ls]  snr=+14.0dB [neural][ls]  snr=+16.0dB [neural][ls]  snr=+18.0dB [neural][ls]  snr=+20.0dB [neural][ls]Done (13.87s)
Estimator batch 77/1600 (active points 18/22) [18m 15s elapsed] ...   snr=+2.0dB [neural]  snr=+4.0dB [neural]  snr=+6.0dB [neural][ls]  snr=+8.0dB [neural][ls]  snr=+10.0dB [neural][ls]  snr=+12.0dB [neural][ls]  snr=+14.0dB [neural][ls]  snr=+16.0dB [neural][ls]  snr=+18.0dB [neural][ls]  snr=+20.0dB [neural][ls]Done (13.90s)
Estimator batch 78/1600 (active points 18/22) [18m 29s elapsed] ...   snr=+2.0dB [neural]  snr=+4.0dB [neural]  snr=+6.0dB [neural][ls]  snr=+8.0dB [neural][ls]  snr=+10.0dB [neural][ls]  snr=+12.0dB [neural][ls]  snr=+14.0dB [neural][ls]  snr=+16.0dB [neural][ls]  snr=+18.0dB [neural][ls]  snr=+20.0dB [neural][ls]Done (13.93s)
Estimator batch 79/1600 (active points 18/22) [18m 43s elapsed] ...   snr=+2.0dB [neural]  snr=+4.0dB [neural]  snr=+6.0dB [neural][ls]  snr=+8.0dB [neural][ls]  snr=+10.0dB [neural][ls]  snr=+12.0dB [neural][ls]  snr=+14.0dB [neural][ls]  snr=+16.0dB [neural][ls]  snr=+18.0dB [neural][ls]  snr=+20.0dB [neural][ls]Done (13.89s)
Estimator batch 80/1600 (active points 18/22) [18m 57s elapsed] ...   snr=+2.0dB [neural]  snr=+4.0dB [neural]  snr=+6.0dB [neural][ls]  snr=+8.0dB [neural][ls]  snr=+10.0dB [neural][ls]  snr=+12.0dB [neural][ls]  snr=+14.0dB [neural][ls]  snr=+16.0dB [neural][ls]  snr=+18.0dB [neural][ls]  snr=+20.0dB [neural][ls]Done (13.84s)
Estimator batch 81/1600 (active points 18/22) [19m 11s elapsed] ...   snr=+2.0dB [neural]  snr=+4.0dB [neural]  snr=+6.0dB [neural][ls]  snr=+8.0dB [neural][ls]  snr=+10.0dB [neural][ls]  snr=+12.0dB [neural][ls]  snr=+14.0dB [neural][ls]  snr=+16.0dB [neural][ls]  snr=+18.0dB [neural][ls]  snr=+20.0dB [neural][ls]Done (13.89s)
Estimator batch 82/1600 (active points 18/22) [19m 25s elapsed] ...   snr=+2.0dB [neural]  snr=+4.0dB [neural]  snr=+6.0dB [neural][ls]  snr=+8.0dB [neural][ls]  snr=+10.0dB [neural][ls]  snr=+12.0dB [neural][ls]  snr=+14.0dB [neural][ls]  snr=+16.0dB [neural][ls]  snr=+18.0dB [neural][ls]  snr=+20.0dB [neural][ls]Done (13.88s)
Estimator batch 83/1600 (active points 18/22) [19m 39s elapsed] ...   snr=+2.0dB [neural]  snr=+4.0dB [neural]  snr=+6.0dB [neural][ls]  snr=+8.0dB [neural][ls]  snr=+10.0dB [neural][ls]  snr=+12.0dB [neural][ls]  snr=+14.0dB [neural][ls]  snr=+16.0dB [neural][ls]  snr=+18.0dB [neural][ls]  snr=+20.0dB [neural][ls]Done (13.91s)
Estimator batch 84/1600 (active points 18/22) [19m 53s elapsed] ...   snr=+2.0dB [neural]  snr=+4.0dB [neural]  snr=+6.0dB [neural][ls]  snr=+8.0dB [neural][ls]  snr=+10.0dB [neural][ls]  snr=+12.0dB [neural][ls]  snr=+14.0dB [neural][ls]  snr=+16.0dB [neural][ls]  snr=+18.0dB [neural][ls]  snr=+20.0dB [neural][ls]Done (13.92s)
Estimator batch 85/1600 (active points 18/22) [20m 07s elapsed] ...   snr=+2.0dB [neural]  snr=+4.0dB [neural]  snr=+6.0dB [neural][ls]  snr=+8.0dB [neural][ls]  snr=+10.0dB [neural][ls]  snr=+12.0dB [neural][ls]  snr=+14.0dB [neural][ls]  snr=+16.0dB [neural][ls]  snr=+18.0dB [neural][ls]  snr=+20.0dB [neural][ls]Done (13.90s)
Estimator batch 86/1600 (active points 18/22) [20m 20s elapsed] ...   snr=+2.0dB [neural]  snr=+4.0dB [neural]  snr=+6.0dB [neural][ls]  snr=+8.0dB [neural][ls]  snr=+10.0dB [neural][ls]  snr=+12.0dB [neural][ls]  snr=+14.0dB [neural][ls]  snr=+16.0dB [neural][ls]  snr=+18.0dB [neural][ls]  snr=+20.0dB [neural][ls]Done (13.92s)
Estimator batch 87/1600 (active points 18/22) [20m 34s elapsed] ...   snr=+2.0dB [neural]  snr=+4.0dB [neural]  snr=+6.0dB [neural][ls]  snr=+8.0dB [neural][ls]  snr=+10.0dB [neural][ls]  snr=+12.0dB [neural][ls]  snr=+14.0dB [neural][ls]  snr=+16.0dB [neural][ls]  snr=+18.0dB [neural][ls]  snr=+20.0dB [neural][ls]Done (14.00s)
Estimator batch 88/1600 (active points 17/22) [20m 48s elapsed] ...   snr=+4.0dB [neural]  snr=+6.0dB [neural][ls]  snr=+8.0dB [neural][ls]  snr=+10.0dB [neural][ls]  snr=+12.0dB [neural][ls]  snr=+14.0dB [neural][ls]  snr=+16.0dB [neural][ls]  snr=+18.0dB [neural][ls]  snr=+20.0dB [neural][ls]Done (12.86s)
Estimator batch 89/1600 (active points 17/22) [21m 01s elapsed] ...   snr=+4.0dB [neural]  snr=+6.0dB [neural][ls]  snr=+8.0dB [neural][ls]  snr=+10.0dB [neural][ls]  snr=+12.0dB [neural][ls]  snr=+14.0dB [neural][ls]  snr=+16.0dB [neural][ls]  snr=+18.0dB [neural][ls]  snr=+20.0dB [neural][ls]Done (12.85s)
Estimator batch 90/1600 (active points 17/22) [21m 14s elapsed] ...   snr=+4.0dB [neural]  snr=+6.0dB [neural][ls]  snr=+8.0dB [neural][ls]  snr=+10.0dB [neural][ls]  snr=+12.0dB [neural][ls]  snr=+14.0dB [neural][ls]  snr=+16.0dB [neural][ls]  snr=+18.0dB [neural][ls]  snr=+20.0dB [neural][ls]Done (12.86s)
Estimator batch 91/1600 (active points 17/22) [21m 27s elapsed] ...   snr=+4.0dB [neural]  snr=+6.0dB [neural][ls]  snr=+8.0dB [neural][ls]  snr=+10.0dB [neural][ls]  snr=+12.0dB [neural][ls]  snr=+14.0dB [neural][ls]  snr=+16.0dB [neural][ls]  snr=+18.0dB [neural][ls]  snr=+20.0dB [neural][ls]Done (12.85s)
Estimator batch 92/1600 (active points 17/22) [21m 40s elapsed] ...   snr=+4.0dB [neural]  snr=+6.0dB [neural][ls]  snr=+8.0dB [neural][ls]  snr=+10.0dB [neural][ls]  snr=+12.0dB [neural][ls]  snr=+14.0dB [neural][ls]  snr=+16.0dB [neural][ls]  snr=+18.0dB [neural][ls]  snr=+20.0dB [neural][ls]Done (12.90s)
Estimator batch 93/1600 (active points 17/22) [21m 53s elapsed] ...   snr=+4.0dB [neural]  snr=+6.0dB [neural][ls]  snr=+8.0dB [neural][ls]  snr=+10.0dB [neural][ls]  snr=+12.0dB [neural][ls]  snr=+14.0dB [neural][ls]  snr=+16.0dB [neural][ls]  snr=+18.0dB [neural][ls]  snr=+20.0dB [neural][ls]Done (12.90s)
Estimator batch 94/1600 (active points 17/22) [22m 06s elapsed] ...   snr=+4.0dB [neural]  snr=+6.0dB [neural][ls]  snr=+8.0dB [neural][ls]  snr=+10.0dB [neural][ls]  snr=+12.0dB [neural][ls]  snr=+14.0dB [neural][ls]  snr=+16.0dB [neural][ls]  snr=+18.0dB [neural][ls]  snr=+20.0dB [neural][ls]Done (12.87s)
Estimator batch 95/1600 (active points 17/22) [22m 19s elapsed] ...   snr=+4.0dB [neural]  snr=+6.0dB [neural][ls]  snr=+8.0dB [neural][ls]  snr=+10.0dB [neural][ls]  snr=+12.0dB [neural][ls]  snr=+14.0dB [neural][ls]  snr=+16.0dB [neural][ls]  snr=+18.0dB [neural][ls]  snr=+20.0dB [neural][ls]Done (13.37s)
Estimator batch 96/1600 (active points 17/22) [22m 32s elapsed] ...   snr=+4.0dB [neural]  snr=+6.0dB [neural][ls]  snr=+8.0dB [neural][ls]  snr=+10.0dB [neural][ls]  snr=+12.0dB [neural][ls]  snr=+14.0dB [neural][ls]  snr=+16.0dB [neural][ls]  snr=+18.0dB [neural][ls]  snr=+20.0dB [neural][ls]Done (12.89s)
Estimator batch 97/1600 (active points 17/22) [22m 45s elapsed] ...   snr=+4.0dB [neural]  snr=+6.0dB [neural][ls]  snr=+8.0dB [neural][ls]  snr=+10.0dB [neural][ls]  snr=+12.0dB [neural][ls]  snr=+14.0dB [neural][ls]  snr=+16.0dB [neural][ls]  snr=+18.0dB [neural][ls]  snr=+20.0dB [neural][ls]Done (12.93s)
Estimator batch 98/1600 (active points 17/22) [22m 58s elapsed] ...   snr=+4.0dB [neural]  snr=+6.0dB [neural][ls]  snr=+8.0dB [neural][ls]  snr=+10.0dB [neural][ls]  snr=+12.0dB [neural][ls]  snr=+14.0dB [neural][ls]  snr=+16.0dB [neural][ls]  snr=+18.0dB [neural][ls]  snr=+20.0dB [neural][ls]Done (12.85s)
Estimator batch 99/1600 (active points 17/22) [23m 11s elapsed] ...   snr=+4.0dB [neural]  snr=+6.0dB [neural][ls]  snr=+8.0dB [neural][ls]  snr=+10.0dB [neural][ls]  snr=+12.0dB [neural][ls]  snr=+14.0dB [neural][ls]  snr=+16.0dB [neural][ls]  snr=+18.0dB [neural][ls]  snr=+20.0dB [neural][ls]Done (12.91s)
Estimator batch 100/1600 (active points 17/22) [23m 23s elapsed] ...   snr=+4.0dB [neural]  snr=+6.0dB [neural][ls]  snr=+8.0dB [neural][ls]  snr=+10.0dB [neural][ls]  snr=+12.0dB [neural][ls]  snr=+14.0dB [neural][ls]  snr=+16.0dB [neural][ls]  snr=+18.0dB [neural][ls]  snr=+20.0dB [neural][ls]Done (12.90s)
Estimator batch 101/1600 (active points 17/22) [23m 36s elapsed] ...   snr=+4.0dB [neural]  snr=+6.0dB [neural][ls]  snr=+8.0dB [neural][ls]  snr=+10.0dB [neural][ls]  snr=+12.0dB [neural][ls]  snr=+14.0dB [neural][ls]  snr=+16.0dB [neural][ls]  snr=+18.0dB [neural][ls]  snr=+20.0dB [neural][ls]Done (12.86s)
Estimator batch 102/1600 (active points 17/22) [23m 49s elapsed] ...   snr=+4.0dB [neural]  snr=+6.0dB [neural][ls]  snr=+8.0dB [neural][ls]  snr=+10.0dB [neural][ls]  snr=+12.0dB [neural][ls]  snr=+14.0dB [neural][ls]  snr=+16.0dB [neural][ls]  snr=+18.0dB [neural][ls]  snr=+20.0dB [neural][ls]Done (12.88s)
Estimator batch 103/1600 (active points 17/22) [24m 02s elapsed] ...   snr=+4.0dB [neural]  snr=+6.0dB [neural][ls]  snr=+8.0dB [neural][ls]  snr=+10.0dB [neural][ls]  snr=+12.0dB [neural][ls]  snr=+14.0dB [neural][ls]  snr=+16.0dB [neural][ls]  snr=+18.0dB [neural][ls]  snr=+20.0dB [neural][ls]Done (12.98s)
Estimator batch 104/1600 (active points 17/22) [24m 15s elapsed] ...   snr=+4.0dB [neural]  snr=+6.0dB [neural][ls]  snr=+8.0dB [neural][ls]  snr=+10.0dB [neural][ls]  snr=+12.0dB [neural][ls]  snr=+14.0dB [neural][ls]  snr=+16.0dB [neural][ls]  snr=+18.0dB [neural][ls]  snr=+20.0dB [neural][ls]Done (12.97s)
Estimator batch 105/1600 (active points 17/22) [24m 28s elapsed] ...   snr=+4.0dB [neural]  snr=+6.0dB [neural][ls]  snr=+8.0dB [neural][ls]  snr=+10.0dB [neural][ls]  snr=+12.0dB [neural][ls]  snr=+14.0dB [neural][ls]  snr=+16.0dB [neural][ls]  snr=+18.0dB [neural][ls]  snr=+20.0dB [neural][ls]Done (12.86s)
Estimator batch 106/1600 (active points 17/22) [24m 41s elapsed] ...   snr=+4.0dB [neural]  snr=+6.0dB [neural][ls]  snr=+8.0dB [neural][ls]  snr=+10.0dB [neural][ls]  snr=+12.0dB [neural][ls]  snr=+14.0dB [neural][ls]  snr=+16.0dB [neural][ls]  snr=+18.0dB [neural][ls]  snr=+20.0dB [neural][ls]Done (12.89s)
Estimator batch 107/1600 (active points 17/22) [24m 54s elapsed] ...   snr=+4.0dB [neural]  snr=+6.0dB [neural][ls]  snr=+8.0dB [neural][ls]  snr=+10.0dB [neural][ls]  snr=+12.0dB [neural][ls]  snr=+14.0dB [neural][ls]  snr=+16.0dB [neural][ls]  snr=+18.0dB [neural][ls]  snr=+20.0dB [neural][ls]Done (12.97s)
Estimator batch 108/1600 (active points 17/22) [25m 07s elapsed] ...   snr=+4.0dB [neural]  snr=+6.0dB [neural][ls]  snr=+8.0dB [neural][ls]  snr=+10.0dB [neural][ls]  snr=+12.0dB [neural][ls]  snr=+14.0dB [neural][ls]  snr=+16.0dB [neural][ls]  snr=+18.0dB [neural][ls]  snr=+20.0dB [neural][ls]Done (12.95s)
Estimator batch 109/1600 (active points 17/22) [25m 20s elapsed] ...   snr=+4.0dB [neural]  snr=+6.0dB [neural][ls]  snr=+8.0dB [neural][ls]  snr=+10.0dB [neural][ls]  snr=+12.0dB [neural][ls]  snr=+14.0dB [neural][ls]  snr=+16.0dB [neural][ls]  snr=+18.0dB [neural][ls]  snr=+20.0dB [neural][ls]Done (12.93s)
Estimator batch 110/1600 (active points 17/22) [25m 33s elapsed] ...   snr=+4.0dB [neural]  snr=+6.0dB [neural][ls]  snr=+8.0dB [neural][ls]  snr=+10.0dB [neural][ls]  snr=+12.0dB [neural][ls]  snr=+14.0dB [neural][ls]  snr=+16.0dB [neural][ls]  snr=+18.0dB [neural][ls]  snr=+20.0dB [neural][ls]Done (12.94s)
Estimator batch 111/1600 (active points 17/22) [25m 46s elapsed] ...   snr=+4.0dB [neural]  snr=+6.0dB [neural][ls]  snr=+8.0dB [neural][ls]  snr=+10.0dB [neural][ls]  snr=+12.0dB [neural][ls]  snr=+14.0dB [neural][ls]  snr=+16.0dB [neural][ls]  snr=+18.0dB [neural][ls]  snr=+20.0dB [neural][ls]Done (13.12s)
Estimator batch 112/1600 (active points 17/22) [25m 59s elapsed] ...   snr=+4.0dB [neural]  snr=+6.0dB [neural][ls]  snr=+8.0dB [neural][ls]  snr=+10.0dB [neural][ls]  snr=+12.0dB [neural][ls]  snr=+14.0dB [neural][ls]  snr=+16.0dB [neural][ls]  snr=+18.0dB [neural][ls]  snr=+20.0dB [neural][ls]Done (13.14s)
Estimator batch 113/1600 (active points 17/22) [26m 12s elapsed] ...   snr=+4.0dB [neural]  snr=+6.0dB [neural][ls]  snr=+8.0dB [neural][ls]  snr=+10.0dB [neural][ls]  snr=+12.0dB [neural][ls]  snr=+14.0dB [neural][ls]  snr=+16.0dB [neural][ls]  snr=+18.0dB [neural][ls]  snr=+20.0dB [neural][ls]Done (12.92s)
Estimator batch 114/1600 (active points 17/22) [26m 25s elapsed] ...   snr=+4.0dB [neural]  snr=+6.0dB [neural][ls]  snr=+8.0dB [neural][ls]  snr=+10.0dB [neural][ls]  snr=+12.0dB [neural][ls]  snr=+14.0dB [neural][ls]  snr=+16.0dB [neural][ls]  snr=+18.0dB [neural][ls]  snr=+20.0dB [neural][ls]Done (12.94s)
Estimator batch 115/1600 (active points 17/22) [26m 38s elapsed] ...   snr=+4.0dB [neural]  snr=+6.0dB [neural][ls]  snr=+8.0dB [neural][ls]  snr=+10.0dB [neural][ls]  snr=+12.0dB [neural][ls]  snr=+14.0dB [neural][ls]  snr=+16.0dB [neural][ls]  snr=+18.0dB [neural][ls]  snr=+20.0dB [neural][ls]Done (12.89s)
Estimator batch 116/1600 (active points 17/22) [26m 51s elapsed] ...   snr=+4.0dB [neural]  snr=+6.0dB [neural][ls]  snr=+8.0dB [neural][ls]  snr=+10.0dB [neural][ls]  snr=+12.0dB [neural][ls]  snr=+14.0dB [neural][ls]  snr=+16.0dB [neural][ls]  snr=+18.0dB [neural][ls]  snr=+20.0dB [neural][ls]Done (12.93s)
Estimator batch 117/1600 (active points 17/22) [27m 04s elapsed] ...   snr=+4.0dB [neural]  snr=+6.0dB [neural][ls]  snr=+8.0dB [neural][ls]  snr=+10.0dB [neural][ls]  snr=+12.0dB [neural][ls]  snr=+14.0dB [neural][ls]  snr=+16.0dB [neural][ls]  snr=+18.0dB [neural][ls]  snr=+20.0dB [neural][ls]Done (13.03s)
Estimator batch 118/1600 (active points 17/22) [27m 17s elapsed] ...   snr=+4.0dB [neural]  snr=+6.0dB [neural][ls]  snr=+8.0dB [neural][ls]  snr=+10.0dB [neural][ls]  snr=+12.0dB [neural][ls]  snr=+14.0dB [neural][ls]  snr=+16.0dB [neural][ls]  snr=+18.0dB [neural][ls]  snr=+20.0dB [neural][ls]Done (12.95s)
Estimator batch 119/1600 (active points 17/22) [27m 30s elapsed] ...   snr=+4.0dB [neural]  snr=+6.0dB [neural][ls]  snr=+8.0dB [neural][ls]  snr=+10.0dB [neural][ls]  snr=+12.0dB [neural][ls]  snr=+14.0dB [neural][ls]  snr=+16.0dB [neural][ls]  snr=+18.0dB [neural][ls]  snr=+20.0dB [neural][ls]Done (12.91s)
Estimator batch 120/1600 (active points 17/22) [27m 42s elapsed] ...   snr=+4.0dB [neural]  snr=+6.0dB [neural][ls]  snr=+8.0dB [neural][ls]  snr=+10.0dB [neural][ls]  snr=+12.0dB [neural][ls]  snr=+14.0dB [neural][ls]  snr=+16.0dB [neural][ls]  snr=+18.0dB [neural][ls]  snr=+20.0dB [neural][ls]Done (12.89s)
Estimator batch 121/1600 (active points 17/22) [27m 55s elapsed] ...   snr=+4.0dB [neural]  snr=+6.0dB [neural][ls]  snr=+8.0dB [neural][ls]  snr=+10.0dB [neural][ls]  snr=+12.0dB [neural][ls]  snr=+14.0dB [neural][ls]  snr=+16.0dB [neural][ls]  snr=+18.0dB [neural][ls]  snr=+20.0dB [neural][ls]Done (12.91s)
Estimator batch 122/1600 (active points 17/22) [28m 08s elapsed] ...   snr=+4.0dB [neural]  snr=+6.0dB [neural][ls]  snr=+8.0dB [neural][ls]  snr=+10.0dB [neural][ls]  snr=+12.0dB [neural][ls]  snr=+14.0dB [neural][ls]  snr=+16.0dB [neural][ls]  snr=+18.0dB [neural][ls]  snr=+20.0dB [neural][ls]Done (13.02s)
Estimator batch 123/1600 (active points 17/22) [28m 21s elapsed] ...   snr=+4.0dB [neural]  snr=+6.0dB [neural][ls]  snr=+8.0dB [neural][ls]  snr=+10.0dB [neural][ls]  snr=+12.0dB [neural][ls]  snr=+14.0dB [neural][ls]  snr=+16.0dB [neural][ls]  snr=+18.0dB [neural][ls]  snr=+20.0dB [neural][ls]Done (12.90s)
Estimator batch 124/1600 (active points 17/22) [28m 34s elapsed] ...   snr=+4.0dB [neural]  snr=+6.0dB [neural][ls]  snr=+8.0dB [neural][ls]  snr=+10.0dB [neural][ls]  snr=+12.0dB [neural][ls]  snr=+14.0dB [neural][ls]  snr=+16.0dB [neural][ls]  snr=+18.0dB [neural][ls]  snr=+20.0dB [neural][ls]Done (12.96s)
Estimator batch 125/1600 (active points 17/22) [28m 47s elapsed] ...   snr=+4.0dB [neural]  snr=+6.0dB [neural][ls]  snr=+8.0dB [neural][ls]  snr=+10.0dB [neural][ls]  snr=+12.0dB [neural][ls]  snr=+14.0dB [neural][ls]  snr=+16.0dB [neural][ls]  snr=+18.0dB [neural][ls]  snr=+20.0dB [neural][ls]Done (12.90s)
Estimator batch 126/1600 (active points 17/22) [29m 00s elapsed] ...   snr=+4.0dB [neural]  snr=+6.0dB [neural][ls]  snr=+8.0dB [neural][ls]  snr=+10.0dB [neural][ls]  snr=+12.0dB [neural][ls]  snr=+14.0dB [neural][ls]  snr=+16.0dB [neural][ls]  snr=+18.0dB [neural][ls]  snr=+20.0dB [neural][ls]Done (12.94s)
Estimator batch 127/1600 (active points 17/22) [29m 13s elapsed] ...   snr=+4.0dB [neural]  snr=+6.0dB [neural][ls]  snr=+8.0dB [neural][ls]  snr=+10.0dB [neural][ls]  snr=+12.0dB [neural][ls]  snr=+14.0dB [neural][ls]  snr=+16.0dB [neural][ls]  snr=+18.0dB [neural][ls]  snr=+20.0dB [neural][ls]Done (13.02s)
Estimator batch 128/1600 (active points 17/22) [29m 26s elapsed] ...   snr=+4.0dB [neural]  snr=+6.0dB [neural][ls]  snr=+8.0dB [neural][ls]  snr=+10.0dB [neural][ls]  snr=+12.0dB [neural][ls]  snr=+14.0dB [neural][ls]  snr=+16.0dB [neural][ls]  snr=+18.0dB [neural][ls]  snr=+20.0dB [neural][ls]Done (12.96s)
Estimator batch 129/1600 (active points 17/22) [29m 39s elapsed] ...   snr=+4.0dB [neural]  snr=+6.0dB [neural][ls]  snr=+8.0dB [neural][ls]  snr=+10.0dB [neural][ls]  snr=+12.0dB [neural][ls]  snr=+14.0dB [neural][ls]  snr=+16.0dB [neural][ls]  snr=+18.0dB [neural][ls]  snr=+20.0dB [neural][ls]Done (12.92s)
Estimator batch 130/1600 (active points 17/22) [29m 52s elapsed] ...   snr=+4.0dB [neural]  snr=+6.0dB [neural][ls]  snr=+8.0dB [neural][ls]  snr=+10.0dB [neural][ls]  snr=+12.0dB [neural][ls]  snr=+14.0dB [neural][ls]  snr=+16.0dB [neural][ls]  snr=+18.0dB [neural][ls]  snr=+20.0dB [neural][ls]Done (12.94s)
Estimator batch 131/1600 (active points 17/22) [30m 05s elapsed] ...   snr=+4.0dB [neural]  snr=+6.0dB [neural][ls]  snr=+8.0dB [neural][ls]  snr=+10.0dB [neural][ls]  snr=+12.0dB [neural][ls]  snr=+14.0dB [neural][ls]  snr=+16.0dB [neural][ls]  snr=+18.0dB [neural][ls]  snr=+20.0dB [neural][ls]Done (12.99s)
Estimator batch 132/1600 (active points 17/22) [30m 18s elapsed] ...   snr=+4.0dB [neural]  snr=+6.0dB [neural][ls]  snr=+8.0dB [neural][ls]  snr=+10.0dB [neural][ls]  snr=+12.0dB [neural][ls]  snr=+14.0dB [neural][ls]  snr=+16.0dB [neural][ls]  snr=+18.0dB [neural][ls]  snr=+20.0dB [neural][ls]Done (12.98s)
Estimator batch 133/1600 (active points 17/22) [30m 31s elapsed] ...   snr=+4.0dB [neural]  snr=+6.0dB [neural][ls]  snr=+8.0dB [neural][ls]  snr=+10.0dB [neural][ls]  snr=+12.0dB [neural][ls]  snr=+14.0dB [neural][ls]  snr=+16.0dB [neural][ls]  snr=+18.0dB [neural][ls]  snr=+20.0dB [neural][ls]Done (12.96s)
Estimator batch 134/1600 (active points 17/22) [30m 44s elapsed] ...   snr=+4.0dB [neural]  snr=+6.0dB [neural][ls]  snr=+8.0dB [neural][ls]  snr=+10.0dB [neural][ls]  snr=+12.0dB [neural][ls]  snr=+14.0dB [neural][ls]  snr=+16.0dB [neural][ls]  snr=+18.0dB [neural][ls]  snr=+20.0dB [neural][ls]Done (13.00s)
Estimator batch 135/1600 (active points 17/22) [30m 57s elapsed] ...   snr=+4.0dB [neural]  snr=+6.0dB [neural][ls]  snr=+8.0dB [neural][ls]  snr=+10.0dB [neural][ls]  snr=+12.0dB [neural][ls]  snr=+14.0dB [neural][ls]  snr=+16.0dB [neural][ls]  snr=+18.0dB [neural][ls]  snr=+20.0dB [neural][ls]Done (12.96s)
Estimator batch 136/1600 (active points 17/22) [31m 10s elapsed] ...   snr=+4.0dB [neural]  snr=+6.0dB [neural][ls]  snr=+8.0dB [neural][ls]  snr=+10.0dB [neural][ls]  snr=+12.0dB [neural][ls]  snr=+14.0dB [neural][ls]  snr=+16.0dB [neural][ls]  snr=+18.0dB [neural][ls]  snr=+20.0dB [neural][ls]Done (12.94s)
Estimator batch 137/1600 (active points 17/22) [31m 23s elapsed] ...   snr=+4.0dB [neural]  snr=+6.0dB [neural][ls]  snr=+8.0dB [neural][ls]  snr=+10.0dB [neural][ls]  snr=+12.0dB [neural][ls]  snr=+14.0dB [neural][ls]  snr=+16.0dB [neural][ls]  snr=+18.0dB [neural][ls]  snr=+20.0dB [neural][ls]Done (12.98s)
Estimator batch 138/1600 (active points 17/22) [31m 36s elapsed] ...   snr=+4.0dB [neural]  snr=+6.0dB [neural][ls]  snr=+8.0dB [neural][ls]  snr=+10.0dB [neural][ls]  snr=+12.0dB [neural][ls]  snr=+14.0dB [neural][ls]  snr=+16.0dB [neural][ls]  snr=+18.0dB [neural][ls]  snr=+20.0dB [neural][ls]Done (12.93s)
Estimator batch 139/1600 (active points 17/22) [31m 49s elapsed] ...   snr=+4.0dB [neural]  snr=+6.0dB [neural][ls]  snr=+8.0dB [neural][ls]  snr=+10.0dB [neural][ls]  snr=+12.0dB [neural][ls]  snr=+14.0dB [neural][ls]  snr=+16.0dB [neural][ls]  snr=+18.0dB [neural][ls]  snr=+20.0dB [neural][ls]Done (13.08s)
Estimator batch 140/1600 (active points 17/22) [32m 02s elapsed] ...   snr=+4.0dB [neural]  snr=+6.0dB [neural][ls]  snr=+8.0dB [neural][ls]  snr=+10.0dB [neural][ls]  snr=+12.0dB [neural][ls]  snr=+14.0dB [neural][ls]  snr=+16.0dB [neural][ls]  snr=+18.0dB [neural][ls]  snr=+20.0dB [neural][ls]Done (13.01s)
Estimator batch 141/1600 (active points 17/22) [32m 15s elapsed] ...   snr=+4.0dB [neural]  snr=+6.0dB [neural][ls]  snr=+8.0dB [neural][ls]  snr=+10.0dB [neural][ls]  snr=+12.0dB [neural][ls]  snr=+14.0dB [neural][ls]  snr=+16.0dB [neural][ls]  snr=+18.0dB [neural][ls]  snr=+20.0dB [neural][ls]Done (12.99s)
Estimator batch 142/1600 (active points 17/22) [32m 28s elapsed] ...   snr=+4.0dB [neural]  snr=+6.0dB [neural][ls]  snr=+8.0dB [neural][ls]  snr=+10.0dB [neural][ls]  snr=+12.0dB [neural][ls]  snr=+14.0dB [neural][ls]  snr=+16.0dB [neural][ls]  snr=+18.0dB [neural][ls]  snr=+20.0dB [neural][ls]Done (13.49s)
Estimator batch 143/1600 (active points 17/22) [32m 41s elapsed] ...   snr=+4.0dB [neural]  snr=+6.0dB [neural][ls]  snr=+8.0dB [neural][ls]  snr=+10.0dB [neural][ls]  snr=+12.0dB [neural][ls]  snr=+14.0dB [neural][ls]  snr=+16.0dB [neural][ls]  snr=+18.0dB [neural][ls]  snr=+20.0dB [neural][ls]Done (12.94s)
Estimator batch 144/1600 (active points 17/22) [32m 54s elapsed] ...   snr=+4.0dB [neural]  snr=+6.0dB [neural][ls]  snr=+8.0dB [neural][ls]  snr=+10.0dB [neural][ls]  snr=+12.0dB [neural][ls]  snr=+14.0dB [neural][ls]  snr=+16.0dB [neural][ls]  snr=+18.0dB [neural][ls]  snr=+20.0dB [neural][ls]Done (13.00s)
Estimator batch 145/1600 (active points 17/22) [33m 07s elapsed] ...   snr=+4.0dB [neural]  snr=+6.0dB [neural][ls]  snr=+8.0dB [neural][ls]  snr=+10.0dB [neural][ls]  snr=+12.0dB [neural][ls]  snr=+14.0dB [neural][ls]  snr=+16.0dB [neural][ls]  snr=+18.0dB [neural][ls]  snr=+20.0dB [neural][ls]Done (13.01s)
Estimator batch 146/1600 (active points 17/22) [33m 20s elapsed] ...   snr=+4.0dB [neural]  snr=+6.0dB [neural][ls]  snr=+8.0dB [neural][ls]  snr=+10.0dB [neural][ls]  snr=+12.0dB [neural][ls]  snr=+14.0dB [neural][ls]  snr=+16.0dB [neural][ls]  snr=+18.0dB [neural][ls]  snr=+20.0dB [neural][ls]Done (12.96s)
Estimator batch 147/1600 (active points 17/22) [33m 33s elapsed] ...   snr=+4.0dB [neural]  snr=+6.0dB [neural][ls]  snr=+8.0dB [neural][ls]  snr=+10.0dB [neural][ls]  snr=+12.0dB [neural][ls]  snr=+14.0dB [neural][ls]  snr=+16.0dB [neural][ls]  snr=+18.0dB [neural][ls]  snr=+20.0dB [neural][ls]Done (12.99s)
Estimator batch 148/1600 (active points 17/22) [33m 46s elapsed] ...   snr=+4.0dB [neural]  snr=+6.0dB [neural][ls]  snr=+8.0dB [neural][ls]  snr=+10.0dB [neural][ls]  snr=+12.0dB [neural][ls]  snr=+14.0dB [neural][ls]  snr=+16.0dB [neural][ls]  snr=+18.0dB [neural][ls]  snr=+20.0dB [neural][ls]Done (12.96s)
Estimator batch 149/1600 (active points 17/22) [33m 59s elapsed] ...   snr=+4.0dB [neural]  snr=+6.0dB [neural][ls]  snr=+8.0dB [neural][ls]  snr=+10.0dB [neural][ls]  snr=+12.0dB [neural][ls]  snr=+14.0dB [neural][ls]  snr=+16.0dB [neural][ls]  snr=+18.0dB [neural][ls]  snr=+20.0dB [neural][ls]Done (12.98s)
Estimator batch 150/1600 (active points 17/22) [34m 12s elapsed] ...   snr=+4.0dB [neural]  snr=+6.0dB [neural][ls]  snr=+8.0dB [neural][ls]  snr=+10.0dB [neural][ls]  snr=+12.0dB [neural][ls]  snr=+14.0dB [neural][ls]  snr=+16.0dB [neural][ls]  snr=+18.0dB [neural][ls]  snr=+20.0dB [neural][ls]Done (13.08s)
Estimator batch 151/1600 (active points 17/22) [34m 25s elapsed] ...   snr=+4.0dB [neural]  snr=+6.0dB [neural][ls]  snr=+8.0dB [neural][ls]  snr=+10.0dB [neural][ls]  snr=+12.0dB [neural][ls]  snr=+14.0dB [neural][ls]  snr=+16.0dB [neural][ls]  snr=+18.0dB [neural][ls]  snr=+20.0dB [neural][ls]Done (13.01s)
Estimator batch 152/1600 (active points 17/22) [34m 38s elapsed] ...   snr=+4.0dB [neural]  snr=+6.0dB [neural][ls]  snr=+8.0dB [neural][ls]  snr=+10.0dB [neural][ls]  snr=+12.0dB [neural][ls]  snr=+14.0dB [neural][ls]  snr=+16.0dB [neural][ls]  snr=+18.0dB [neural][ls]  snr=+20.0dB [neural][ls]Done (12.98s)
Estimator batch 153/1600 (active points 17/22) [34m 51s elapsed] ...   snr=+4.0dB [neural]  snr=+6.0dB [neural][ls]  snr=+8.0dB [neural][ls]  snr=+10.0dB [neural][ls]  snr=+12.0dB [neural][ls]  snr=+14.0dB [neural][ls]  snr=+16.0dB [neural][ls]  snr=+18.0dB [neural][ls]  snr=+20.0dB [neural][ls]Done (12.93s)
Estimator batch 154/1600 (active points 17/22) [35m 04s elapsed] ...   snr=+4.0dB [neural]  snr=+6.0dB [neural][ls]  snr=+8.0dB [neural][ls]  snr=+10.0dB [neural][ls]  snr=+12.0dB [neural][ls]  snr=+14.0dB [neural][ls]  snr=+16.0dB [neural][ls]  snr=+18.0dB [neural][ls]  snr=+20.0dB [neural][ls]Done (13.00s)
Estimator batch 155/1600 (active points 17/22) [35m 17s elapsed] ...   snr=+4.0dB [neural]  snr=+6.0dB [neural][ls]  snr=+8.0dB [neural][ls]  snr=+10.0dB [neural][ls]  snr=+12.0dB [neural][ls]  snr=+14.0dB [neural][ls]  snr=+16.0dB [neural][ls]  snr=+18.0dB [neural][ls]  snr=+20.0dB [neural][ls]Done (12.96s)
Estimator batch 156/1600 (active points 17/22) [35m 30s elapsed] ...   snr=+4.0dB [neural]  snr=+6.0dB [neural][ls]  snr=+8.0dB [neural][ls]  snr=+10.0dB [neural][ls]  snr=+12.0dB [neural][ls]  snr=+14.0dB [neural][ls]  snr=+16.0dB [neural][ls]  snr=+18.0dB [neural][ls]  snr=+20.0dB [neural][ls]Done (12.99s)
Estimator batch 157/1600 (active points 17/22) [35m 43s elapsed] ...   snr=+4.0dB [neural]  snr=+6.0dB [neural][ls]  snr=+8.0dB [neural][ls]  snr=+10.0dB [neural][ls]  snr=+12.0dB [neural][ls]  snr=+14.0dB [neural][ls]  snr=+16.0dB [neural][ls]  snr=+18.0dB [neural][ls]  snr=+20.0dB [neural][ls]Done (12.97s)
Estimator batch 158/1600 (active points 17/22) [35m 56s elapsed] ...   snr=+4.0dB [neural]  snr=+6.0dB [neural][ls]  snr=+8.0dB [neural][ls]  snr=+10.0dB [neural][ls]  snr=+12.0dB [neural][ls]  snr=+14.0dB [neural][ls]  snr=+16.0dB [neural][ls]  snr=+18.0dB [neural][ls]  snr=+20.0dB [neural][ls]Done (13.08s)
Estimator batch 159/1600 (active points 17/22) [36m 09s elapsed] ...   snr=+4.0dB [neural]  snr=+6.0dB [neural][ls]  snr=+8.0dB [neural][ls]  snr=+10.0dB [neural][ls]  snr=+12.0dB [neural][ls]  snr=+14.0dB [neural][ls]  snr=+16.0dB [neural][ls]  snr=+18.0dB [neural][ls]  snr=+20.0dB [neural][ls]Done (12.98s)
Estimator batch 160/1600 (active points 17/22) [36m 22s elapsed] ...   snr=+4.0dB [neural]  snr=+6.0dB [neural][ls]  snr=+8.0dB [neural][ls]  snr=+10.0dB [neural][ls]  snr=+12.0dB [neural][ls]  snr=+14.0dB [neural][ls]  snr=+16.0dB [neural][ls]  snr=+18.0dB [neural][ls]  snr=+20.0dB [neural][ls]Done (12.96s)
Estimator batch 161/1600 (active points 17/22) [36m 35s elapsed] ...   snr=+4.0dB [neural]  snr=+6.0dB [neural][ls]  snr=+8.0dB [neural][ls]  snr=+10.0dB [neural][ls]  snr=+12.0dB [neural][ls]  snr=+14.0dB [neural][ls]  snr=+16.0dB [neural][ls]  snr=+18.0dB [neural][ls]  snr=+20.0dB [neural][ls]Done (12.99s)
Estimator batch 162/1600 (active points 17/22) [36m 48s elapsed] ...   snr=+4.0dB [neural]  snr=+6.0dB [neural][ls]  snr=+8.0dB [neural][ls]  snr=+10.0dB [neural][ls]  snr=+12.0dB [neural][ls]  snr=+14.0dB [neural][ls]  snr=+16.0dB [neural][ls]  snr=+18.0dB [neural][ls]  snr=+20.0dB [neural][ls]Done (13.00s)
Estimator batch 163/1600 (active points 17/22) [37m 01s elapsed] ...   snr=+4.0dB [neural]  snr=+6.0dB [neural][ls]  snr=+8.0dB [neural][ls]  snr=+10.0dB [neural][ls]  snr=+12.0dB [neural][ls]  snr=+14.0dB [neural][ls]  snr=+16.0dB [neural][ls]  snr=+18.0dB [neural][ls]  snr=+20.0dB [neural][ls]Done (13.01s)
Estimator batch 164/1600 (active points 17/22) [37m 14s elapsed] ...   snr=+4.0dB [neural]  snr=+6.0dB [neural][ls]  snr=+8.0dB [neural][ls]  snr=+10.0dB [neural][ls]  snr=+12.0dB [neural][ls]  snr=+14.0dB [neural][ls]  snr=+16.0dB [neural][ls]  snr=+18.0dB [neural][ls]  snr=+20.0dB [neural][ls]Done (13.02s)
Estimator batch 165/1600 (active points 17/22) [37m 27s elapsed] ...   snr=+4.0dB [neural]  snr=+6.0dB [neural][ls]  snr=+8.0dB [neural][ls]  snr=+10.0dB [neural][ls]  snr=+12.0dB [neural][ls]  snr=+14.0dB [neural][ls]  snr=+16.0dB [neural][ls]  snr=+18.0dB [neural][ls]  snr=+20.0dB [neural][ls]Done (13.01s)
Estimator batch 166/1600 (active points 17/22) [37m 40s elapsed] ...   snr=+4.0dB [neural]  snr=+6.0dB [neural][ls]  snr=+8.0dB [neural][ls]  snr=+10.0dB [neural][ls]  snr=+12.0dB [neural][ls]  snr=+14.0dB [neural][ls]  snr=+16.0dB [neural][ls]  snr=+18.0dB [neural][ls]  snr=+20.0dB [neural][ls]Done (12.99s)
Estimator batch 167/1600 (active points 17/22) [37m 53s elapsed] ...   snr=+4.0dB [neural]  snr=+6.0dB [neural][ls]  snr=+8.0dB [neural][ls]  snr=+10.0dB [neural][ls]  snr=+12.0dB [neural][ls]  snr=+14.0dB [neural][ls]  snr=+16.0dB [neural][ls]  snr=+18.0dB [neural][ls]  snr=+20.0dB [neural][ls]Done (13.02s)
Estimator batch 168/1600 (active points 17/22) [38m 06s elapsed] ...   snr=+4.0dB [neural]  snr=+6.0dB [neural][ls]  snr=+8.0dB [neural][ls]  snr=+10.0dB [neural][ls]  snr=+12.0dB [neural][ls]  snr=+14.0dB [neural][ls]  snr=+16.0dB [neural][ls]  snr=+18.0dB [neural][ls]  snr=+20.0dB [neural][ls]Done (13.08s)
Estimator batch 169/1600 (active points 17/22) [38m 19s elapsed] ...   snr=+4.0dB [neural]  snr=+6.0dB [neural][ls]  snr=+8.0dB [neural][ls]  snr=+10.0dB [neural][ls]  snr=+12.0dB [neural][ls]  snr=+14.0dB [neural][ls]  snr=+16.0dB [neural][ls]  snr=+18.0dB [neural][ls]  snr=+20.0dB [neural][ls]Done (13.02s)
Estimator batch 170/1600 (active points 17/22) [38m 32s elapsed] ...   snr=+4.0dB [neural]  snr=+6.0dB [neural][ls]  snr=+8.0dB [neural][ls]  snr=+10.0dB [neural][ls]  snr=+12.0dB [neural][ls]  snr=+14.0dB [neural][ls]  snr=+16.0dB [neural][ls]  snr=+18.0dB [neural][ls]  snr=+20.0dB [neural][ls]Done (12.97s)
Estimator batch 171/1600 (active points 17/22) [38m 45s elapsed] ...   snr=+4.0dB [neural]  snr=+6.0dB [neural][ls]  snr=+8.0dB [neural][ls]  snr=+10.0dB [neural][ls]  snr=+12.0dB [neural][ls]  snr=+14.0dB [neural][ls]  snr=+16.0dB [neural][ls]  snr=+18.0dB [neural][ls]  snr=+20.0dB [neural][ls]Done (13.12s)
Estimator batch 172/1600 (active points 17/22) [38m 58s elapsed] ...   snr=+4.0dB [neural]  snr=+6.0dB [neural][ls]  snr=+8.0dB [neural][ls]  snr=+10.0dB [neural][ls]  snr=+12.0dB [neural][ls]  snr=+14.0dB [neural][ls]  snr=+16.0dB [neural][ls]  snr=+18.0dB [neural][ls]  snr=+20.0dB [neural][ls]Done (12.97s)
Estimator batch 173/1600 (active points 17/22) [39m 11s elapsed] ...   snr=+4.0dB [neural]  snr=+6.0dB [neural][ls]  snr=+8.0dB [neural][ls]  snr=+10.0dB [neural][ls]  snr=+12.0dB [neural][ls]  snr=+14.0dB [neural][ls]  snr=+16.0dB [neural][ls]  snr=+18.0dB [neural][ls]  snr=+20.0dB [neural][ls]Done (12.97s)
Estimator batch 174/1600 (active points 17/22) [39m 24s elapsed] ...   snr=+4.0dB [neural]  snr=+6.0dB [neural][ls]  snr=+8.0dB [neural][ls]  snr=+10.0dB [neural][ls]  snr=+12.0dB [neural][ls]  snr=+14.0dB [neural][ls]  snr=+16.0dB [neural][ls]  snr=+18.0dB [neural][ls]  snr=+20.0dB [neural][ls]Done (13.02s)
Estimator batch 175/1600 (active points 17/22) [39m 37s elapsed] ...   snr=+4.0dB [neural]  snr=+6.0dB [neural][ls]  snr=+8.0dB [neural][ls]  snr=+10.0dB [neural][ls]  snr=+12.0dB [neural][ls]  snr=+14.0dB [neural][ls]  snr=+16.0dB [neural][ls]  snr=+18.0dB [neural][ls]  snr=+20.0dB [neural][ls]Done (12.97s)
Estimator batch 176/1600 (active points 17/22) [39m 50s elapsed] ...   snr=+4.0dB [neural]  snr=+6.0dB [neural][ls]  snr=+8.0dB [neural][ls]  snr=+10.0dB [neural][ls]  snr=+12.0dB [neural][ls]  snr=+14.0dB [neural][ls]  snr=+16.0dB [neural][ls]  snr=+18.0dB [neural][ls]  snr=+20.0dB [neural][ls]Done (13.01s)
Estimator batch 177/1600 (active points 17/22) [40m 03s elapsed] ...   snr=+4.0dB [neural]  snr=+6.0dB [neural][ls]  snr=+8.0dB [neural][ls]  snr=+10.0dB [neural][ls]  snr=+12.0dB [neural][ls]  snr=+14.0dB [neural][ls]  snr=+16.0dB [neural][ls]  snr=+18.0dB [neural][ls]  snr=+20.0dB [neural][ls]Done (13.04s)
Estimator batch 178/1600 (active points 17/22) [40m 16s elapsed] ...   snr=+4.0dB [neural]  snr=+6.0dB [neural][ls]  snr=+8.0dB [neural][ls]  snr=+10.0dB [neural][ls]  snr=+12.0dB [neural][ls]  snr=+14.0dB [neural][ls]  snr=+16.0dB [neural][ls]  snr=+18.0dB [neural][ls]  snr=+20.0dB [neural][ls]Done (12.99s)
Estimator batch 179/1600 (active points 17/22) [40m 29s elapsed] ...   snr=+4.0dB [neural]  snr=+6.0dB [neural][ls]  snr=+8.0dB [neural][ls]  snr=+10.0dB [neural][ls]  snr=+12.0dB [neural][ls]  snr=+14.0dB [neural][ls]  snr=+16.0dB [neural][ls]  snr=+18.0dB [neural][ls]  snr=+20.0dB [neural][ls]Done (12.94s)
Estimator batch 180/1600 (active points 17/22) [40m 42s elapsed] ...   snr=+4.0dB [neural]  snr=+6.0dB [neural][ls]  snr=+8.0dB [neural][ls]  snr=+10.0dB [neural][ls]  snr=+12.0dB [neural][ls]  snr=+14.0dB [neural][ls]  snr=+16.0dB [neural][ls]  snr=+18.0dB [neural][ls]  snr=+20.0dB [neural][ls]Done (12.95s)
Estimator batch 181/1600 (active points 17/22) [40m 55s elapsed] ...   snr=+4.0dB [neural]  snr=+6.0dB [neural][ls]  snr=+8.0dB [neural][ls]  snr=+10.0dB [neural][ls]  snr=+12.0dB [neural][ls]  snr=+14.0dB [neural][ls]  snr=+16.0dB [neural][ls]  snr=+18.0dB [neural][ls]  snr=+20.0dB [neural][ls]Done (13.07s)
Estimator batch 182/1600 (active points 17/22) [41m 08s elapsed] ...   snr=+4.0dB [neural]  snr=+6.0dB [neural][ls]  snr=+8.0dB [neural][ls]  snr=+10.0dB [neural][ls]  snr=+12.0dB [neural][ls]  snr=+14.0dB [neural][ls]  snr=+16.0dB [neural][ls]  snr=+18.0dB [neural][ls]  snr=+20.0dB [neural][ls]Done (13.06s)
Estimator batch 183/1600 (active points 17/22) [41m 21s elapsed] ...   snr=+4.0dB [neural]  snr=+6.0dB [neural][ls]  snr=+8.0dB [neural][ls]  snr=+10.0dB [neural][ls]  snr=+12.0dB [neural][ls]  snr=+14.0dB [neural][ls]  snr=+16.0dB [neural][ls]  snr=+18.0dB [neural][ls]  snr=+20.0dB [neural][ls]Done (13.04s)
Estimator batch 184/1600 (active points 17/22) [41m 34s elapsed] ...   snr=+4.0dB [neural]  snr=+6.0dB [neural][ls]  snr=+8.0dB [neural][ls]  snr=+10.0dB [neural][ls]  snr=+12.0dB [neural][ls]  snr=+14.0dB [neural][ls]  snr=+16.0dB [neural][ls]  snr=+18.0dB [neural][ls]  snr=+20.0dB [neural][ls]Done (13.05s)
Estimator batch 185/1600 (active points 17/22) [41m 47s elapsed] ...   snr=+4.0dB [neural]  snr=+6.0dB [neural][ls]  snr=+8.0dB [neural][ls]  snr=+10.0dB [neural][ls]  snr=+12.0dB [neural][ls]  snr=+14.0dB [neural][ls]  snr=+16.0dB [neural][ls]  snr=+18.0dB [neural][ls]  snr=+20.0dB [neural][ls]Done (12.99s)
Estimator batch 186/1600 (active points 17/22) [42m 00s elapsed] ...   snr=+4.0dB [neural]  snr=+6.0dB [neural][ls]  snr=+8.0dB [neural][ls]  snr=+10.0dB [neural][ls]  snr=+12.0dB [neural][ls]  snr=+14.0dB [neural][ls]  snr=+16.0dB [neural][ls]  snr=+18.0dB [neural][ls]  snr=+20.0dB [neural][ls]Done (12.99s)
Estimator batch 187/1600 (active points 17/22) [42m 13s elapsed] ...   snr=+4.0dB [neural]  snr=+6.0dB [neural][ls]  snr=+8.0dB [neural][ls]  snr=+10.0dB [neural][ls]  snr=+12.0dB [neural][ls]  snr=+14.0dB [neural][ls]  snr=+16.0dB [neural][ls]  snr=+18.0dB [neural][ls]  snr=+20.0dB [neural][ls]Done (12.98s)
Estimator batch 188/1600 (active points 17/22) [42m 26s elapsed] ...   snr=+4.0dB [neural]  snr=+6.0dB [neural][ls]  snr=+8.0dB [neural][ls]  snr=+10.0dB [neural][ls]  snr=+12.0dB [neural][ls]  snr=+14.0dB [neural][ls]  snr=+16.0dB [neural][ls]  snr=+18.0dB [neural][ls]  snr=+20.0dB [neural][ls]Done (13.58s)
Estimator batch 189/1600 (active points 17/22) [42m 40s elapsed] ...   snr=+4.0dB [neural]  snr=+6.0dB [neural][ls]  snr=+8.0dB [neural][ls]  snr=+10.0dB [neural][ls]  snr=+12.0dB [neural][ls]  snr=+14.0dB [neural][ls]  snr=+16.0dB [neural][ls]  snr=+18.0dB [neural][ls]  snr=+20.0dB [neural][ls]Done (12.96s)
Estimator batch 190/1600 (active points 17/22) [42m 53s elapsed] ...   snr=+4.0dB [neural]  snr=+6.0dB [neural][ls]  snr=+8.0dB [neural][ls]  snr=+10.0dB [neural][ls]  snr=+12.0dB [neural][ls]  snr=+14.0dB [neural][ls]  snr=+16.0dB [neural][ls]  snr=+18.0dB [neural][ls]  snr=+20.0dB [neural][ls]Done (12.97s)
Estimator batch 191/1600 (active points 17/22) [43m 06s elapsed] ...   snr=+4.0dB [neural]  snr=+6.0dB [neural][ls]  snr=+8.0dB [neural][ls]  snr=+10.0dB [neural][ls]  snr=+12.0dB [neural][ls]  snr=+14.0dB [neural][ls]  snr=+16.0dB [neural][ls]  snr=+18.0dB [neural][ls]  snr=+20.0dB [neural][ls]Done (13.00s)
Estimator batch 192/1600 (active points 17/22) [43m 19s elapsed] ...   snr=+4.0dB [neural]  snr=+6.0dB [neural][ls]  snr=+8.0dB [neural][ls]  snr=+10.0dB [neural][ls]  snr=+12.0dB [neural][ls]  snr=+14.0dB [neural][ls]  snr=+16.0dB [neural][ls]  snr=+18.0dB [neural][ls]  snr=+20.0dB [neural][ls]Done (12.95s)
Estimator batch 193/1600 (active points 17/22) [43m 32s elapsed] ...   snr=+4.0dB [neural]  snr=+6.0dB [neural][ls]  snr=+8.0dB [neural][ls]  snr=+10.0dB [neural][ls]  snr=+12.0dB [neural][ls]  snr=+14.0dB [neural][ls]  snr=+16.0dB [neural][ls]  snr=+18.0dB [neural][ls]  snr=+20.0dB [neural][ls]Done (12.90s)
Estimator batch 194/1600 (active points 17/22) [43m 45s elapsed] ...   snr=+4.0dB [neural]  snr=+6.0dB [neural][ls]  snr=+8.0dB [neural][ls]  snr=+10.0dB [neural][ls]  snr=+12.0dB [neural][ls]  snr=+14.0dB [neural][ls]  snr=+16.0dB [neural][ls]  snr=+18.0dB [neural][ls]  snr=+20.0dB [neural][ls]Done (12.95s)
Estimator batch 195/1600 (active points 17/22) [43m 58s elapsed] ...   snr=+4.0dB [neural]  snr=+6.0dB [neural][ls]  snr=+8.0dB [neural][ls]  snr=+10.0dB [neural][ls]  snr=+12.0dB [neural][ls]  snr=+14.0dB [neural][ls]  snr=+16.0dB [neural][ls]  snr=+18.0dB [neural][ls]  snr=+20.0dB [neural][ls]Done (12.94s)
Estimator batch 196/1600 (active points 17/22) [44m 11s elapsed] ...   snr=+4.0dB [neural]  snr=+6.0dB [neural][ls]  snr=+8.0dB [neural][ls]  snr=+10.0dB [neural][ls]  snr=+12.0dB [neural][ls]  snr=+14.0dB [neural][ls]  snr=+16.0dB [neural][ls]  snr=+18.0dB [neural][ls]  snr=+20.0dB [neural][ls]Done (13.03s)
Estimator batch 197/1600 (active points 17/22) [44m 24s elapsed] ...   snr=+4.0dB [neural]  snr=+6.0dB [neural][ls]  snr=+8.0dB [neural][ls]  snr=+10.0dB [neural][ls]  snr=+12.0dB [neural][ls]  snr=+14.0dB [neural][ls]  snr=+16.0dB [neural][ls]  snr=+18.0dB [neural][ls]  snr=+20.0dB [neural][ls]Done (12.94s)
Estimator batch 198/1600 (active points 17/22) [44m 36s elapsed] ...   snr=+4.0dB [neural]  snr=+6.0dB [neural][ls]  snr=+8.0dB [neural][ls]  snr=+10.0dB [neural][ls]  snr=+12.0dB [neural][ls]  snr=+14.0dB [neural][ls]  snr=+16.0dB [neural][ls]  snr=+18.0dB [neural][ls]  snr=+20.0dB [neural][ls]Done (12.95s)
Estimator batch 199/1600 (active points 17/22) [44m 49s elapsed] ...   snr=+4.0dB [neural]  snr=+6.0dB [neural][ls]  snr=+8.0dB [neural][ls]  snr=+10.0dB [neural][ls]  snr=+12.0dB [neural][ls]  snr=+14.0dB [neural][ls]  snr=+16.0dB [neural][ls]  snr=+18.0dB [neural][ls]  snr=+20.0dB [neural][ls]Done (12.91s)
Estimator batch 200/1600 (active points 17/22) [45m 02s elapsed] ...   snr=+4.0dB [neural]  snr=+6.0dB [neural][ls]  snr=+8.0dB [neural][ls]  snr=+10.0dB [neural][ls]  snr=+12.0dB [neural][ls]  snr=+14.0dB [neural][ls]  snr=+16.0dB [neural][ls]  snr=+18.0dB [neural][ls]  snr=+20.0dB [neural][ls]Done (12.90s)
Estimator batch 201/1600 (active points 17/22) [45m 15s elapsed] ...   snr=+4.0dB [neural]  snr=+6.0dB [neural][ls]  snr=+8.0dB [neural][ls]  snr=+10.0dB [neural][ls]  snr=+12.0dB [neural][ls]  snr=+14.0dB [neural][ls]  snr=+16.0dB [neural][ls]  snr=+18.0dB [neural][ls]  snr=+20.0dB [neural][ls]Done (13.05s)
Estimator batch 202/1600 (active points 17/22) [45m 28s elapsed] ...   snr=+4.0dB [neural]  snr=+6.0dB [neural][ls]  snr=+8.0dB [neural][ls]  snr=+10.0dB [neural][ls]  snr=+12.0dB [neural][ls]  snr=+14.0dB [neural][ls]  snr=+16.0dB [neural][ls]  snr=+18.0dB [neural][ls]  snr=+20.0dB [neural][ls]Done (12.92s)
Estimator batch 203/1600 (active points 17/22) [45m 41s elapsed] ...   snr=+4.0dB [neural]  snr=+6.0dB [neural][ls]  snr=+8.0dB [neural][ls]  snr=+10.0dB [neural][ls]  snr=+12.0dB [neural][ls]  snr=+14.0dB [neural][ls]  snr=+16.0dB [neural][ls]  snr=+18.0dB [neural][ls]  snr=+20.0dB [neural][ls]Done (12.91s)
Estimator batch 204/1600 (active points 17/22) [45m 54s elapsed] ...   snr=+4.0dB [neural]  snr=+6.0dB [neural][ls]  snr=+8.0dB [neural][ls]  snr=+10.0dB [neural][ls]  snr=+12.0dB [neural][ls]  snr=+14.0dB [neural][ls]  snr=+16.0dB [neural][ls]  snr=+18.0dB [neural][ls]  snr=+20.0dB [neural][ls]Done (12.97s)
Estimator batch 205/1600 (active points 17/22) [46m 07s elapsed] ...   snr=+4.0dB [neural]  snr=+6.0dB [neural][ls]  snr=+8.0dB [neural][ls]  snr=+10.0dB [neural][ls]  snr=+12.0dB [neural][ls]  snr=+14.0dB [neural][ls]  snr=+16.0dB [neural][ls]  snr=+18.0dB [neural][ls]  snr=+20.0dB [neural][ls]Done (12.92s)
Estimator batch 206/1600 (active points 17/22) [46m 20s elapsed] ...   snr=+4.0dB [neural]  snr=+6.0dB [neural][ls]  snr=+8.0dB [neural][ls]  snr=+10.0dB [neural][ls]  snr=+12.0dB [neural][ls]  snr=+14.0dB [neural][ls]  snr=+16.0dB [neural][ls]  snr=+18.0dB [neural][ls]  snr=+20.0dB [neural][ls]Done (12.97s)
Estimator batch 207/1600 (active points 17/22) [46m 33s elapsed] ...   snr=+4.0dB [neural]  snr=+6.0dB [neural][ls]  snr=+8.0dB [neural][ls]  snr=+10.0dB [neural][ls]  snr=+12.0dB [neural][ls]  snr=+14.0dB [neural][ls]  snr=+16.0dB [neural][ls]  snr=+18.0dB [neural][ls]  snr=+20.0dB [neural][ls]Done (13.08s)
Estimator batch 208/1600 (active points 17/22) [46m 46s elapsed] ...   snr=+4.0dB [neural]  snr=+6.0dB [neural][ls]  snr=+8.0dB [neural][ls]  snr=+10.0dB [neural][ls]  snr=+12.0dB [neural][ls]  snr=+14.0dB [neural][ls]  snr=+16.0dB [neural][ls]  snr=+18.0dB [neural][ls]  snr=+20.0dB [neural][ls]Done (13.41s)
Estimator batch 209/1600 (active points 17/22) [46m 59s elapsed] ...   snr=+4.0dB [neural]  snr=+6.0dB [neural][ls]  snr=+8.0dB [neural][ls]  snr=+10.0dB [neural][ls]  snr=+12.0dB [neural][ls]  snr=+14.0dB [neural][ls]  snr=+16.0dB [neural][ls]  snr=+18.0dB [neural][ls]  snr=+20.0dB [neural][ls]Done (12.96s)
Estimator batch 210/1600 (active points 17/22) [47m 12s elapsed] ...   snr=+4.0dB [neural]  snr=+6.0dB [neural][ls]  snr=+8.0dB [neural][ls]  snr=+10.0dB [neural][ls]  snr=+12.0dB [neural][ls]  snr=+14.0dB [neural][ls]  snr=+16.0dB [neural][ls]  snr=+18.0dB [neural][ls]  snr=+20.0dB [neural][ls]Done (12.97s)
Estimator batch 211/1600 (active points 17/22) [47m 25s elapsed] ...   snr=+4.0dB [neural]  snr=+6.0dB [neural][ls]  snr=+8.0dB [neural][ls]  snr=+10.0dB [neural][ls]  snr=+12.0dB [neural][ls]  snr=+14.0dB [neural][ls]  snr=+16.0dB [neural][ls]  snr=+18.0dB [neural][ls]  snr=+20.0dB [neural][ls]Done (12.97s)
Estimator batch 212/1600 (active points 17/22) [47m 38s elapsed] ...   snr=+4.0dB [neural]  snr=+6.0dB [neural][ls]  snr=+8.0dB [neural][ls]  snr=+10.0dB [neural][ls]  snr=+12.0dB [neural][ls]  snr=+14.0dB [neural][ls]  snr=+16.0dB [neural][ls]  snr=+18.0dB [neural][ls]  snr=+20.0dB [neural][ls]Done (12.94s)
Estimator batch 213/1600 (active points 17/22) [47m 51s elapsed] ...   snr=+4.0dB [neural]  snr=+6.0dB [neural][ls]  snr=+8.0dB [neural][ls]  snr=+10.0dB [neural][ls]  snr=+12.0dB [neural][ls]  snr=+14.0dB [neural][ls]  snr=+16.0dB [neural][ls]  snr=+18.0dB [neural][ls]  snr=+20.0dB [neural][ls]Done (12.93s)
Estimator batch 214/1600 (active points 17/22) [48m 04s elapsed] ...   snr=+4.0dB [neural]  snr=+6.0dB [neural][ls]  snr=+8.0dB [neural][ls]  snr=+10.0dB [neural][ls]  snr=+12.0dB [neural][ls]  snr=+14.0dB [neural][ls]  snr=+16.0dB [neural][ls]  snr=+18.0dB [neural][ls]  snr=+20.0dB [neural][ls]Done (12.94s)
Estimator batch 215/1600 (active points 17/22) [48m 17s elapsed] ...   snr=+4.0dB [neural]  snr=+6.0dB [neural][ls]  snr=+8.0dB [neural][ls]  snr=+10.0dB [neural][ls]  snr=+12.0dB [neural][ls]  snr=+14.0dB [neural][ls]  snr=+16.0dB [neural][ls]  snr=+18.0dB [neural][ls]  snr=+20.0dB [neural][ls]Done (12.94s)
Estimator batch 216/1600 (active points 17/22) [48m 30s elapsed] ...   snr=+4.0dB [neural]  snr=+6.0dB [neural][ls]  snr=+8.0dB [neural][ls]  snr=+10.0dB [neural][ls]  snr=+12.0dB [neural][ls]  snr=+14.0dB [neural][ls]  snr=+16.0dB [neural][ls]  snr=+18.0dB [neural][ls]  snr=+20.0dB [neural][ls]Done (12.93s)
Estimator batch 217/1600 (active points 17/22) [48m 43s elapsed] ...   snr=+4.0dB [neural]  snr=+6.0dB [neural][ls]  snr=+8.0dB [neural][ls]  snr=+10.0dB [neural][ls]  snr=+12.0dB [neural][ls]  snr=+14.0dB [neural][ls]  snr=+16.0dB [neural][ls]  snr=+18.0dB [neural][ls]  snr=+20.0dB [neural][ls]Done (12.95s)
Estimator batch 218/1600 (active points 17/22) [48m 56s elapsed] ...   snr=+4.0dB [neural]  snr=+6.0dB [neural][ls]  snr=+8.0dB [neural][ls]  snr=+10.0dB [neural][ls]  snr=+12.0dB [neural][ls]  snr=+14.0dB [neural][ls]  snr=+16.0dB [neural][ls]  snr=+18.0dB [neural][ls]  snr=+20.0dB [neural][ls]Done (12.94s)
Estimator batch 219/1600 (active points 17/22) [49m 09s elapsed] ...   snr=+4.0dB [neural]  snr=+6.0dB [neural][ls]  snr=+8.0dB [neural][ls]  snr=+10.0dB [neural][ls]  snr=+12.0dB [neural][ls]  snr=+14.0dB [neural][ls]  snr=+16.0dB [neural][ls]  snr=+18.0dB [neural][ls]  snr=+20.0dB [neural][ls]Done (12.99s)
Estimator batch 220/1600 (active points 17/22) [49m 22s elapsed] ...   snr=+4.0dB [neural]  snr=+6.0dB [neural][ls]  snr=+8.0dB [neural][ls]  snr=+10.0dB [neural][ls]  snr=+12.0dB [neural][ls]  snr=+14.0dB [neural][ls]  snr=+16.0dB [neural][ls]  snr=+18.0dB [neural][ls]  snr=+20.0dB [neural][ls]Done (12.96s)
Estimator batch 221/1600 (active points 17/22) [49m 35s elapsed] ...   snr=+4.0dB [neural]  snr=+6.0dB [neural][ls]  snr=+8.0dB [neural][ls]  snr=+10.0dB [neural][ls]  snr=+12.0dB [neural][ls]  snr=+14.0dB [neural][ls]  snr=+16.0dB [neural][ls]  snr=+18.0dB [neural][ls]  snr=+20.0dB [neural][ls]Done (12.97s)
Estimator batch 222/1600 (active points 17/22) [49m 48s elapsed] ...   snr=+4.0dB [neural]  snr=+6.0dB [neural][ls]  snr=+8.0dB [neural][ls]  snr=+10.0dB [neural][ls]  snr=+12.0dB [neural][ls]  snr=+14.0dB [neural][ls]  snr=+16.0dB [neural][ls]  snr=+18.0dB [neural][ls]  snr=+20.0dB [neural][ls]Done (12.95s)
Estimator batch 223/1600 (active points 17/22) [50m 01s elapsed] ...   snr=+4.0dB [neural]  snr=+6.0dB [neural][ls]  snr=+8.0dB [neural][ls]  snr=+10.0dB [neural][ls]  snr=+12.0dB [neural][ls]  snr=+14.0dB [neural][ls]  snr=+16.0dB [neural][ls]  snr=+18.0dB [neural][ls]  snr=+20.0dB [neural][ls]Done (12.95s)
Estimator batch 224/1600 (active points 17/22) [50m 14s elapsed] ...   snr=+4.0dB [neural]  snr=+6.0dB [neural][ls]  snr=+8.0dB [neural][ls]  snr=+10.0dB [neural][ls]  snr=+12.0dB [neural][ls]  snr=+14.0dB [neural][ls]  snr=+16.0dB [neural][ls]  snr=+18.0dB [neural][ls]  snr=+20.0dB [neural][ls]Done (12.97s)
Estimator batch 225/1600 (active points 17/22) [50m 27s elapsed] ...   snr=+4.0dB [neural]  snr=+6.0dB [neural][ls]  snr=+8.0dB [neural][ls]  snr=+10.0dB [neural][ls]  snr=+12.0dB [neural][ls]  snr=+14.0dB [neural][ls]  snr=+16.0dB [neural][ls]  snr=+18.0dB [neural][ls]  snr=+20.0dB [neural][ls]Done (13.02s)
Estimator batch 226/1600 (active points 17/22) [50m 40s elapsed] ...   snr=+4.0dB [neural]  snr=+6.0dB [neural][ls]  snr=+8.0dB [neural][ls]  snr=+10.0dB [neural][ls]  snr=+12.0dB [neural][ls]  snr=+14.0dB [neural][ls]  snr=+16.0dB [neural][ls]  snr=+18.0dB [neural][ls]  snr=+20.0dB [neural][ls]Done (12.99s)
Estimator batch 227/1600 (active points 17/22) [50m 53s elapsed] ...   snr=+4.0dB [neural]  snr=+6.0dB [neural][ls]  snr=+8.0dB [neural][ls]  snr=+10.0dB [neural][ls]  snr=+12.0dB [neural][ls]  snr=+14.0dB [neural][ls]  snr=+16.0dB [neural][ls]  snr=+18.0dB [neural][ls]  snr=+20.0dB [neural][ls]Done (12.98s)
Estimator batch 228/1600 (active points 17/22) [51m 06s elapsed] ...   snr=+4.0dB [neural]  snr=+6.0dB [neural][ls]  snr=+8.0dB [neural][ls]  snr=+10.0dB [neural][ls]  snr=+12.0dB [neural][ls]  snr=+14.0dB [neural][ls]  snr=+16.0dB [neural][ls]  snr=+18.0dB [neural][ls]  snr=+20.0dB [neural][ls]Done (13.00s)
Estimator batch 229/1600 (active points 17/22) [51m 19s elapsed] ...   snr=+4.0dB [neural]  snr=+6.0dB [neural][ls]  snr=+8.0dB [neural][ls]  snr=+10.0dB [neural][ls]  snr=+12.0dB [neural][ls]  snr=+14.0dB [neural][ls]  snr=+16.0dB [neural][ls]  snr=+18.0dB [neural][ls]  snr=+20.0dB [neural][ls]Done (12.99s)
Estimator batch 230/1600 (active points 17/22) [51m 32s elapsed] ...   snr=+4.0dB [neural]  snr=+6.0dB [neural][ls]  snr=+8.0dB [neural][ls]  snr=+10.0dB [neural][ls]  snr=+12.0dB [neural][ls]  snr=+14.0dB [neural][ls]  snr=+16.0dB [neural][ls]  snr=+18.0dB [neural][ls]  snr=+20.0dB [neural][ls]Done (13.02s)
Estimator batch 231/1600 (active points 17/22) [51m 45s elapsed] ...   snr=+4.0dB [neural]  snr=+6.0dB [neural][ls]  snr=+8.0dB [neural][ls]  snr=+10.0dB [neural][ls]  snr=+12.0dB [neural][ls]  snr=+14.0dB [neural][ls]  snr=+16.0dB [neural][ls]  snr=+18.0dB [neural][ls]  snr=+20.0dB [neural][ls]Done (13.05s)
Estimator batch 232/1600 (active points 17/22) [51m 58s elapsed] ...   snr=+4.0dB [neural]  snr=+6.0dB [neural][ls]  snr=+8.0dB [neural][ls]  snr=+10.0dB [neural][ls]  snr=+12.0dB [neural][ls]  snr=+14.0dB [neural][ls]  snr=+16.0dB [neural][ls]  snr=+18.0dB [neural][ls]  snr=+20.0dB [neural][ls]Done (13.01s)
Estimator batch 233/1600 (active points 17/22) [52m 11s elapsed] ...   snr=+4.0dB [neural]  snr=+6.0dB [neural][ls]  snr=+8.0dB [neural][ls]  snr=+10.0dB [neural][ls]  snr=+12.0dB [neural][ls]  snr=+14.0dB [neural][ls]  snr=+16.0dB [neural][ls]  snr=+18.0dB [neural][ls]  snr=+20.0dB [neural][ls]Done (12.96s)
Estimator batch 234/1600 (active points 17/22) [52m 24s elapsed] ...   snr=+4.0dB [neural]  snr=+6.0dB [neural][ls]  snr=+8.0dB [neural][ls]  snr=+10.0dB [neural][ls]  snr=+12.0dB [neural][ls]  snr=+14.0dB [neural][ls]  snr=+16.0dB [neural][ls]  snr=+18.0dB [neural][ls]  snr=+20.0dB [neural][ls]Done (13.48s)
Estimator batch 235/1600 (active points 17/22) [52m 37s elapsed] ...   snr=+4.0dB [neural]  snr=+6.0dB [neural][ls]  snr=+8.0dB [neural][ls]  snr=+10.0dB [neural][ls]  snr=+12.0dB [neural][ls]  snr=+14.0dB [neural][ls]  snr=+16.0dB [neural][ls]  snr=+18.0dB [neural][ls]  snr=+20.0dB [neural][ls]Done (12.97s)
Estimator batch 236/1600 (active points 17/22) [52m 50s elapsed] ...   snr=+4.0dB [neural]  snr=+6.0dB [neural][ls]  snr=+8.0dB [neural][ls]  snr=+10.0dB [neural][ls]  snr=+12.0dB [neural][ls]  snr=+14.0dB [neural][ls]  snr=+16.0dB [neural][ls]  snr=+18.0dB [neural][ls]  snr=+20.0dB [neural][ls]Done (13.04s)
Estimator batch 237/1600 (active points 17/22) [53m 03s elapsed] ...   snr=+4.0dB [neural]  snr=+6.0dB [neural][ls]  snr=+8.0dB [neural][ls]  snr=+10.0dB [neural][ls]  snr=+12.0dB [neural][ls]  snr=+14.0dB [neural][ls]  snr=+16.0dB [neural][ls]  snr=+18.0dB [neural][ls]  snr=+20.0dB [neural][ls]Done (12.98s)
Estimator batch 238/1600 (active points 17/22) [53m 16s elapsed] ...   snr=+4.0dB [neural]  snr=+6.0dB [neural][ls]  snr=+8.0dB [neural][ls]  snr=+10.0dB [neural][ls]  snr=+12.0dB [neural][ls]  snr=+14.0dB [neural][ls]  snr=+16.0dB [neural][ls]  snr=+18.0dB [neural][ls]  snr=+20.0dB [neural][ls]Done (13.12s)
Estimator batch 239/1600 (active points 17/22) [53m 29s elapsed] ...   snr=+4.0dB [neural]  snr=+6.0dB [neural][ls]  snr=+8.0dB [neural][ls]  snr=+10.0dB [neural][ls]  snr=+12.0dB [neural][ls]  snr=+14.0dB [neural][ls]  snr=+16.0dB [neural][ls]  snr=+18.0dB [neural][ls]  snr=+20.0dB [neural][ls]Done (12.93s)
Estimator batch 240/1600 (active points 17/22) [53m 42s elapsed] ...   snr=+4.0dB [neural]  snr=+6.0dB [neural][ls]  snr=+8.0dB [neural][ls]  snr=+10.0dB [neural][ls]  snr=+12.0dB [neural][ls]  snr=+14.0dB [neural][ls]  snr=+16.0dB [neural][ls]  snr=+18.0dB [neural][ls]  snr=+20.0dB [neural][ls]Done (12.96s)
Estimator batch 241/1600 (active points 17/22) [53m 55s elapsed] ...   snr=+4.0dB [neural]  snr=+6.0dB [neural][ls]  snr=+8.0dB [neural][ls]  snr=+10.0dB [neural][ls]  snr=+12.0dB [neural][ls]  snr=+14.0dB [neural][ls]  snr=+16.0dB [neural][ls]  snr=+18.0dB [neural][ls]  snr=+20.0dB [neural][ls]Done (12.96s)
Estimator batch 242/1600 (active points 17/22) [54m 08s elapsed] ...   snr=+4.0dB [neural]  snr=+6.0dB [neural][ls]  snr=+8.0dB [neural][ls]  snr=+10.0dB [neural][ls]  snr=+12.0dB [neural][ls]  snr=+14.0dB [neural][ls]  snr=+16.0dB [neural][ls]  snr=+18.0dB [neural][ls]  snr=+20.0dB [neural][ls]Done (13.04s)
Estimator batch 243/1600 (active points 17/22) [54m 21s elapsed] ...   snr=+4.0dB [neural]  snr=+6.0dB [neural][ls]  snr=+8.0dB [neural][ls]  snr=+10.0dB [neural][ls]  snr=+12.0dB [neural][ls]  snr=+14.0dB [neural][ls]  snr=+16.0dB [neural][ls]  snr=+18.0dB [neural][ls]  snr=+20.0dB [neural][ls]Done (12.94s)
Estimator batch 244/1600 (active points 17/22) [54m 34s elapsed] ...   snr=+4.0dB [neural]  snr=+6.0dB [neural][ls]  snr=+8.0dB [neural][ls]  snr=+10.0dB [neural][ls]  snr=+12.0dB [neural][ls]  snr=+14.0dB [neural][ls]  snr=+16.0dB [neural][ls]  snr=+18.0dB [neural][ls]  snr=+20.0dB [neural][ls]Done (12.96s)
Estimator batch 245/1600 (active points 17/22) [54m 47s elapsed] ...   snr=+4.0dB [neural]  snr=+6.0dB [neural][ls]  snr=+8.0dB [neural][ls]  snr=+10.0dB [neural][ls]  snr=+12.0dB [neural][ls]  snr=+14.0dB [neural][ls]  snr=+16.0dB [neural][ls]  snr=+18.0dB [neural][ls]  snr=+20.0dB [neural][ls]Done (12.94s)
Estimator batch 246/1600 (active points 17/22) [55m 00s elapsed] ...   snr=+4.0dB [neural]  snr=+6.0dB [neural][ls]  snr=+8.0dB [neural][ls]  snr=+10.0dB [neural][ls]  snr=+12.0dB [neural][ls]  snr=+14.0dB [neural][ls]  snr=+16.0dB [neural][ls]  snr=+18.0dB [neural][ls]  snr=+20.0dB [neural][ls]Done (12.93s)
Estimator batch 247/1600 (active points 17/22) [55m 13s elapsed] ...   snr=+4.0dB [neural]  snr=+6.0dB [neural][ls]  snr=+8.0dB [neural][ls]  snr=+10.0dB [neural][ls]  snr=+12.0dB [neural][ls]  snr=+14.0dB [neural][ls]  snr=+16.0dB [neural][ls]  snr=+18.0dB [neural][ls]  snr=+20.0dB [neural][ls]Done (12.92s)
Estimator batch 248/1600 (active points 17/22) [55m 26s elapsed] ...   snr=+4.0dB [neural]  snr=+6.0dB [neural][ls]  snr=+8.0dB [neural][ls]  snr=+10.0dB [neural][ls]  snr=+12.0dB [neural][ls]  snr=+14.0dB [neural][ls]  snr=+16.0dB [neural][ls]  snr=+18.0dB [neural][ls]  snr=+20.0dB [neural][ls]Done (12.97s)
Estimator batch 249/1600 (active points 17/22) [55m 39s elapsed] ...   snr=+4.0dB [neural]  snr=+6.0dB [neural][ls]  snr=+8.0dB [neural][ls]  snr=+10.0dB [neural][ls]  snr=+12.0dB [neural][ls]  snr=+14.0dB [neural][ls]  snr=+16.0dB [neural][ls]  snr=+18.0dB [neural][ls]  snr=+20.0dB [neural][ls]Done (12.99s)
Estimator batch 250/1600 (active points 17/22) [55m 52s elapsed] ...   snr=+4.0dB [neural]  snr=+6.0dB [neural][ls]  snr=+8.0dB [neural][ls]  snr=+10.0dB [neural][ls]  snr=+12.0dB [neural][ls]  snr=+14.0dB [neural][ls]  snr=+16.0dB [neural][ls]  snr=+18.0dB [neural][ls]  snr=+20.0dB [neural][ls]Done (12.99s)
Estimator batch 251/1600 (active points 17/22) [56m 05s elapsed] ...   snr=+4.0dB [neural]  snr=+6.0dB [neural][ls]  snr=+8.0dB [neural][ls]  snr=+10.0dB [neural][ls]  snr=+12.0dB [neural][ls]  snr=+14.0dB [neural][ls]  snr=+16.0dB [neural][ls]  snr=+18.0dB [neural][ls]  snr=+20.0dB [neural][ls]Done (12.96s)
Estimator batch 252/1600 (active points 17/22) [56m 18s elapsed] ...   snr=+4.0dB [neural]  snr=+6.0dB [neural][ls]  snr=+8.0dB [neural][ls]  snr=+10.0dB [neural][ls]  snr=+12.0dB [neural][ls]  snr=+14.0dB [neural][ls]  snr=+16.0dB [neural][ls]  snr=+18.0dB [neural][ls]  snr=+20.0dB [neural][ls]Done (12.95s)
Estimator batch 253/1600 (active points 17/22) [56m 31s elapsed] ...   snr=+4.0dB [neural]  snr=+6.0dB [neural][ls]  snr=+8.0dB [neural][ls]  snr=+10.0dB [neural][ls]  snr=+12.0dB [neural][ls]  snr=+14.0dB [neural][ls]  snr=+16.0dB [neural][ls]  snr=+18.0dB [neural][ls]  snr=+20.0dB [neural][ls]Done (12.94s)
Estimator batch 254/1600 (active points 17/22) [56m 44s elapsed] ...   snr=+4.0dB [neural]  snr=+6.0dB [neural][ls]  snr=+8.0dB [neural][ls]  snr=+10.0dB [neural][ls]  snr=+12.0dB [neural][ls]  snr=+14.0dB [neural][ls]  snr=+16.0dB [neural][ls]  snr=+18.0dB [neural][ls]  snr=+20.0dB [neural][ls]Done (12.98s)
Estimator batch 255/1600 (active points 17/22) [56m 57s elapsed] ...   snr=+4.0dB [neural]  snr=+6.0dB [neural][ls]  snr=+8.0dB [neural][ls]  snr=+10.0dB [neural][ls]  snr=+12.0dB [neural][ls]  snr=+14.0dB [neural][ls]  snr=+16.0dB [neural][ls]  snr=+18.0dB [neural][ls]  snr=+20.0dB [neural][ls]Done (12.97s)
Estimator batch 256/1600 (active points 17/22) [57m 10s elapsed] ...   snr=+4.0dB [neural]  snr=+6.0dB [neural][ls]  snr=+8.0dB [neural][ls]  snr=+10.0dB [neural][ls]  snr=+12.0dB [neural][ls]  snr=+14.0dB [neural][ls]  snr=+16.0dB [neural][ls]  snr=+18.0dB [neural][ls]  snr=+20.0dB [neural][ls]Done (12.94s)
Estimator batch 257/1600 (active points 17/22) [57m 23s elapsed] ...   snr=+4.0dB [neural]  snr=+6.0dB [neural][ls]  snr=+8.0dB [neural][ls]  snr=+10.0dB [neural][ls]  snr=+12.0dB [neural][ls]  snr=+14.0dB [neural][ls]  snr=+16.0dB [neural][ls]  snr=+18.0dB [neural][ls]  snr=+20.0dB [neural][ls]Done (12.92s)
Estimator batch 258/1600 (active points 17/22) [57m 36s elapsed] ...   snr=+4.0dB [neural]  snr=+6.0dB [neural][ls]  snr=+8.0dB [neural][ls]  snr=+10.0dB [neural][ls]  snr=+12.0dB [neural][ls]  snr=+14.0dB [neural][ls]  snr=+16.0dB [neural][ls]  snr=+18.0dB [neural][ls]  snr=+20.0dB [neural][ls]Done (12.93s)
Estimator batch 259/1600 (active points 17/22) [57m 49s elapsed] ...   snr=+4.0dB [neural]  snr=+6.0dB [neural][ls]  snr=+8.0dB [neural][ls]  snr=+10.0dB [neural][ls]  snr=+12.0dB [neural][ls]  snr=+14.0dB [neural][ls]  snr=+16.0dB [neural][ls]  snr=+18.0dB [neural][ls]  snr=+20.0dB [neural][ls]Done (12.91s)
Estimator batch 260/1600 (active points 17/22) [58m 01s elapsed] ...   snr=+4.0dB [neural]  snr=+6.0dB [neural][ls]  snr=+8.0dB [neural][ls]  snr=+10.0dB [neural][ls]  snr=+12.0dB [neural][ls]  snr=+14.0dB [neural][ls]  snr=+16.0dB [neural][ls]  snr=+18.0dB [neural][ls]  snr=+20.0dB [neural][ls]Done (12.94s)
Estimator batch 261/1600 (active points 17/22) [58m 14s elapsed] ...   snr=+4.0dB [neural]  snr=+6.0dB [neural][ls]  snr=+8.0dB [neural][ls]  snr=+10.0dB [neural][ls]  snr=+12.0dB [neural][ls]  snr=+14.0dB [neural][ls]  snr=+16.0dB [neural][ls]  snr=+18.0dB [neural][ls]  snr=+20.0dB [neural][ls]Done (12.98s)
Estimator batch 262/1600 (active points 17/22) [58m 27s elapsed] ...   snr=+4.0dB [neural]  snr=+6.0dB [neural][ls]  snr=+8.0dB [neural][ls]  snr=+10.0dB [neural][ls]  snr=+12.0dB [neural][ls]  snr=+14.0dB [neural][ls]  snr=+16.0dB [neural][ls]  snr=+18.0dB [neural][ls]  snr=+20.0dB [neural][ls]Done (12.89s)
Estimator batch 263/1600 (active points 17/22) [58m 40s elapsed] ...   snr=+4.0dB [neural]  snr=+6.0dB [neural][ls]  snr=+8.0dB [neural][ls]  snr=+10.0dB [neural][ls]  snr=+12.0dB [neural][ls]  snr=+14.0dB [neural][ls]  snr=+16.0dB [neural][ls]  snr=+18.0dB [neural][ls]  snr=+20.0dB [neural][ls]Done (12.86s)
Estimator batch 264/1600 (active points 17/22) [58m 53s elapsed] ...   snr=+4.0dB [neural]  snr=+6.0dB [neural][ls]  snr=+8.0dB [neural][ls]  snr=+10.0dB [neural][ls]  snr=+12.0dB [neural][ls]  snr=+14.0dB [neural][ls]  snr=+16.0dB [neural][ls]  snr=+18.0dB [neural][ls]  snr=+20.0dB [neural][ls]Done (12.85s)
Estimator batch 265/1600 (active points 17/22) [59m 06s elapsed] ...   snr=+4.0dB [neural]  snr=+6.0dB [neural][ls]  snr=+8.0dB [neural][ls]  snr=+10.0dB [neural][ls]  snr=+12.0dB [neural][ls]  snr=+14.0dB [neural][ls]  snr=+16.0dB [neural][ls]  snr=+18.0dB [neural][ls]  snr=+20.0dB [neural][ls]Done (12.98s)
Estimator batch 266/1600 (active points 17/22) [59m 19s elapsed] ...   snr=+4.0dB [neural]  snr=+6.0dB [neural][ls]  snr=+8.0dB [neural][ls]  snr=+10.0dB [neural][ls]  snr=+12.0dB [neural][ls]  snr=+14.0dB [neural][ls]  snr=+16.0dB [neural][ls]  snr=+18.0dB [neural][ls]  snr=+20.0dB [neural][ls]Done (12.85s)
Estimator batch 267/1600 (active points 17/22) [59m 32s elapsed] ...   snr=+4.0dB [neural]  snr=+6.0dB [neural][ls]  snr=+8.0dB [neural][ls]  snr=+10.0dB [neural][ls]  snr=+12.0dB [neural][ls]  snr=+14.0dB [neural][ls]  snr=+16.0dB [neural][ls]  snr=+18.0dB [neural][ls]  snr=+20.0dB [neural][ls]Done (12.86s)
Estimator batch 268/1600 (active points 17/22) [59m 45s elapsed] ...   snr=+4.0dB [neural]  snr=+6.0dB [neural][ls]  snr=+8.0dB [neural][ls]  snr=+10.0dB [neural][ls]  snr=+12.0dB [neural][ls]  snr=+14.0dB [neural][ls]  snr=+16.0dB [neural][ls]  snr=+18.0dB [neural][ls]  snr=+20.0dB [neural][ls]Done (12.92s)
Estimator batch 269/1600 (active points 17/22) [59m 58s elapsed] ...   snr=+4.0dB [neural]  snr=+6.0dB [neural][ls]  snr=+8.0dB [neural][ls]  snr=+10.0dB [neural][ls]  snr=+12.0dB [neural][ls]  snr=+14.0dB [neural][ls]  snr=+16.0dB [neural][ls]  snr=+18.0dB [neural][ls]  snr=+20.0dB [neural][ls]Done (12.87s)
Estimator batch 270/1600 (active points 17/22) [1h 00m 10s elapsed] ...   snr=+4.0dB [neural]  snr=+6.0dB [neural][ls]  snr=+8.0dB [neural][ls]  snr=+10.0dB [neural][ls]  snr=+12.0dB [neural][ls]  snr=+14.0dB [neural][ls]  snr=+16.0dB [neural][ls]  snr=+18.0dB [neural][ls]  snr=+20.0dB [neural][ls]Done (12.88s)
Estimator batch 271/1600 (active points 17/22) [1h 00m 23s elapsed] ...   snr=+4.0dB [neural]  snr=+6.0dB [neural][ls]  snr=+8.0dB [neural][ls]  snr=+10.0dB [neural][ls]  snr=+12.0dB [neural][ls]  snr=+14.0dB [neural][ls]  snr=+16.0dB [neural][ls]  snr=+18.0dB [neural][ls]  snr=+20.0dB [neural][ls]Done (12.86s)
Estimator batch 272/1600 (active points 17/22) [1h 00m 36s elapsed] ...   snr=+4.0dB [neural]  snr=+6.0dB [neural][ls]  snr=+8.0dB [neural][ls]  snr=+10.0dB [neural][ls]  snr=+12.0dB [neural][ls]  snr=+14.0dB [neural][ls]  snr=+16.0dB [neural][ls]  snr=+18.0dB [neural][ls]  snr=+20.0dB [neural][ls]Done (12.89s)
Estimator batch 273/1600 (active points 17/22) [1h 00m 49s elapsed] ...   snr=+4.0dB [neural]  snr=+6.0dB [neural][ls]  snr=+8.0dB [neural][ls]  snr=+10.0dB [neural][ls]  snr=+12.0dB [neural][ls]  snr=+14.0dB [neural][ls]  snr=+16.0dB [neural][ls]  snr=+18.0dB [neural][ls]  snr=+20.0dB [neural][ls]Done (12.85s)
Estimator batch 274/1600 (active points 17/22) [1h 01m 02s elapsed] ...   snr=+4.0dB [neural]  snr=+6.0dB [neural][ls]  snr=+8.0dB [neural][ls]  snr=+10.0dB [neural][ls]  snr=+12.0dB [neural][ls]  snr=+14.0dB [neural][ls]  snr=+16.0dB [neural][ls]  snr=+18.0dB [neural][ls]  snr=+20.0dB [neural][ls]Done (12.84s)
Estimator batch 275/1600 (active points 17/22) [1h 01m 15s elapsed] ...   snr=+4.0dB [neural]  snr=+6.0dB [neural][ls]  snr=+8.0dB [neural][ls]  snr=+10.0dB [neural][ls]  snr=+12.0dB [neural][ls]  snr=+14.0dB [neural][ls]  snr=+16.0dB [neural][ls]  snr=+18.0dB [neural][ls]  snr=+20.0dB [neural][ls]Done (12.93s)
Estimator batch 276/1600 (active points 17/22) [1h 01m 28s elapsed] ...   snr=+4.0dB [neural]  snr=+6.0dB [neural][ls]  snr=+8.0dB [neural][ls]  snr=+10.0dB [neural][ls]  snr=+12.0dB [neural][ls]  snr=+14.0dB [neural][ls]  snr=+16.0dB [neural][ls]  snr=+18.0dB [neural][ls]  snr=+20.0dB [neural][ls]Done (12.86s)
Estimator batch 277/1600 (active points 17/22) [1h 01m 41s elapsed] ...   snr=+4.0dB [neural]  snr=+6.0dB [neural][ls]  snr=+8.0dB [neural][ls]  snr=+10.0dB [neural][ls]  snr=+12.0dB [neural][ls]  snr=+14.0dB [neural][ls]  snr=+16.0dB [neural][ls]  snr=+18.0dB [neural][ls]  snr=+20.0dB [neural][ls]Done (12.87s)
Estimator batch 278/1600 (active points 17/22) [1h 01m 53s elapsed] ...   snr=+4.0dB [neural]  snr=+6.0dB [neural][ls]  snr=+8.0dB [neural][ls]  snr=+10.0dB [neural][ls]  snr=+12.0dB [neural][ls]  snr=+14.0dB [neural][ls]  snr=+16.0dB [neural][ls]  snr=+18.0dB [neural][ls]  snr=+20.0dB [neural][ls]Done (12.85s)
Estimator batch 279/1600 (active points 16/22) [1h 02m 06s elapsed] ...   snr=+4.0dB [neural]  snr=+6.0dB [neural]  snr=+8.0dB [neural][ls]  snr=+10.0dB [neural][ls]  snr=+12.0dB [neural][ls]  snr=+14.0dB [neural][ls]  snr=+16.0dB [neural][ls]  snr=+18.0dB [neural][ls]  snr=+20.0dB [neural][ls]Done (12.44s)
Estimator batch 280/1600 (active points 16/22) [1h 02m 19s elapsed] ...   snr=+4.0dB [neural]  snr=+6.0dB [neural]  snr=+8.0dB [neural][ls]  snr=+10.0dB [neural][ls]  snr=+12.0dB [neural][ls]  snr=+14.0dB [neural][ls]  snr=+16.0dB [neural][ls]  snr=+18.0dB [neural][ls]  snr=+20.0dB [neural][ls]Done (12.97s)
Estimator batch 281/1600 (active points 16/22) [1h 02m 32s elapsed] ...   snr=+4.0dB [neural]  snr=+6.0dB [neural]  snr=+8.0dB [neural][ls]  snr=+10.0dB [neural][ls]  snr=+12.0dB [neural][ls]  snr=+14.0dB [neural][ls]  snr=+16.0dB [neural][ls]  snr=+18.0dB [neural][ls]  snr=+20.0dB [neural][ls]Done (12.41s)
Estimator batch 282/1600 (active points 16/22) [1h 02m 44s elapsed] ...   snr=+4.0dB [neural]  snr=+6.0dB [neural]  snr=+8.0dB [neural][ls]  snr=+10.0dB [neural][ls]  snr=+12.0dB [neural][ls]  snr=+14.0dB [neural][ls]  snr=+16.0dB [neural][ls]  snr=+18.0dB [neural][ls]  snr=+20.0dB [neural][ls]Done (12.43s)
Estimator batch 283/1600 (active points 16/22) [1h 02m 56s elapsed] ...   snr=+4.0dB [neural]  snr=+6.0dB [neural]  snr=+8.0dB [neural][ls]  snr=+10.0dB [neural][ls]  snr=+12.0dB [neural][ls]  snr=+14.0dB [neural][ls]  snr=+16.0dB [neural][ls]  snr=+18.0dB [neural][ls]  snr=+20.0dB [neural][ls]Done (12.44s)
Estimator batch 284/1600 (active points 16/22) [1h 03m 09s elapsed] ...   snr=+4.0dB [neural]  snr=+6.0dB [neural]  snr=+8.0dB [neural][ls]  snr=+10.0dB [neural][ls]  snr=+12.0dB [neural][ls]  snr=+14.0dB [neural][ls]  snr=+16.0dB [neural][ls]  snr=+18.0dB [neural][ls]  snr=+20.0dB [neural][ls]Done (12.51s)
Estimator batch 285/1600 (active points 16/22) [1h 03m 21s elapsed] ...   snr=+4.0dB [neural]  snr=+6.0dB [neural]  snr=+8.0dB [neural][ls]  snr=+10.0dB [neural][ls]  snr=+12.0dB [neural][ls]  snr=+14.0dB [neural][ls]  snr=+16.0dB [neural][ls]  snr=+18.0dB [neural][ls]  snr=+20.0dB [neural][ls]Done (12.64s)
Estimator batch 286/1600 (active points 16/22) [1h 03m 34s elapsed] ...   snr=+4.0dB [neural]  snr=+6.0dB [neural]  snr=+8.0dB [neural][ls]  snr=+10.0dB [neural][ls]  snr=+12.0dB [neural][ls]  snr=+14.0dB [neural][ls]  snr=+16.0dB [neural][ls]  snr=+18.0dB [neural][ls]  snr=+20.0dB [neural][ls]Done (12.40s)
Estimator batch 287/1600 (active points 16/22) [1h 03m 46s elapsed] ...   snr=+4.0dB [neural]  snr=+6.0dB [neural]  snr=+8.0dB [neural][ls]  snr=+10.0dB [neural][ls]  snr=+12.0dB [neural][ls]  snr=+14.0dB [neural][ls]  snr=+16.0dB [neural][ls]  snr=+18.0dB [neural][ls]  snr=+20.0dB [neural][ls]Done (12.46s)
Estimator batch 288/1600 (active points 16/22) [1h 03m 59s elapsed] ...   snr=+4.0dB [neural]  snr=+6.0dB [neural]  snr=+8.0dB [neural][ls]  snr=+10.0dB [neural][ls]  snr=+12.0dB [neural][ls]  snr=+14.0dB [neural][ls]  snr=+16.0dB [neural][ls]  snr=+18.0dB [neural][ls]  snr=+20.0dB [neural][ls]Done (12.39s)
Estimator batch 289/1600 (active points 16/22) [1h 04m 11s elapsed] ...   snr=+4.0dB [neural]  snr=+6.0dB [neural]  snr=+8.0dB [neural][ls]  snr=+10.0dB [neural][ls]  snr=+12.0dB [neural][ls]  snr=+14.0dB [neural][ls]  snr=+16.0dB [neural][ls]  snr=+18.0dB [neural][ls]  snr=+20.0dB [neural][ls]Done (12.42s)
Estimator batch 290/1600 (active points 16/22) [1h 04m 24s elapsed] ...   snr=+4.0dB [neural]  snr=+6.0dB [neural]  snr=+8.0dB [neural][ls]  snr=+10.0dB [neural][ls]  snr=+12.0dB [neural][ls]  snr=+14.0dB [neural][ls]  snr=+16.0dB [neural][ls]  snr=+18.0dB [neural][ls]  snr=+20.0dB [neural][ls]Done (12.40s)
Estimator batch 291/1600 (active points 16/22) [1h 04m 36s elapsed] ...   snr=+4.0dB [neural]  snr=+6.0dB [neural]  snr=+8.0dB [neural][ls]  snr=+10.0dB [neural][ls]  snr=+12.0dB [neural][ls]  snr=+14.0dB [neural][ls]  snr=+16.0dB [neural][ls]  snr=+18.0dB [neural][ls]  snr=+20.0dB [neural][ls]Done (12.42s)
Estimator batch 292/1600 (active points 16/22) [1h 04m 49s elapsed] ...   snr=+4.0dB [neural]  snr=+6.0dB [neural]  snr=+8.0dB [neural][ls]  snr=+10.0dB [neural][ls]  snr=+12.0dB [neural][ls]  snr=+14.0dB [neural][ls]  snr=+16.0dB [neural][ls]  snr=+18.0dB [neural][ls]  snr=+20.0dB [neural][ls]Done (12.37s)
Estimator batch 293/1600 (active points 16/22) [1h 05m 01s elapsed] ...   snr=+4.0dB [neural]  snr=+6.0dB [neural]  snr=+8.0dB [neural][ls]  snr=+10.0dB [neural][ls]  snr=+12.0dB [neural][ls]  snr=+14.0dB [neural][ls]  snr=+16.0dB [neural][ls]  snr=+18.0dB [neural][ls]  snr=+20.0dB [neural][ls]Done (12.40s)
Estimator batch 294/1600 (active points 16/22) [1h 05m 13s elapsed] ...   snr=+4.0dB [neural]  snr=+6.0dB [neural]  snr=+8.0dB [neural][ls]  snr=+10.0dB [neural][ls]  snr=+12.0dB [neural][ls]  snr=+14.0dB [neural][ls]  snr=+16.0dB [neural][ls]  snr=+18.0dB [neural][ls]  snr=+20.0dB [neural][ls]Done (12.39s)
Estimator batch 295/1600 (active points 16/22) [1h 05m 26s elapsed] ...   snr=+4.0dB [neural]  snr=+6.0dB [neural]  snr=+8.0dB [neural][ls]  snr=+10.0dB [neural][ls]  snr=+12.0dB [neural][ls]  snr=+14.0dB [neural][ls]  snr=+16.0dB [neural][ls]  snr=+18.0dB [neural][ls]  snr=+20.0dB [neural][ls]Done (12.44s)
Estimator batch 296/1600 (active points 16/22) [1h 05m 38s elapsed] ...   snr=+4.0dB [neural]  snr=+6.0dB [neural]  snr=+8.0dB [neural][ls]  snr=+10.0dB [neural][ls]  snr=+12.0dB [neural][ls]  snr=+14.0dB [neural][ls]  snr=+16.0dB [neural][ls]  snr=+18.0dB [neural][ls]  snr=+20.0dB [neural][ls]Done (12.39s)
Estimator batch 297/1600 (active points 16/22) [1h 05m 51s elapsed] ...   snr=+4.0dB [neural]  snr=+6.0dB [neural]  snr=+8.0dB [neural][ls]  snr=+10.0dB [neural][ls]  snr=+12.0dB [neural][ls]  snr=+14.0dB [neural][ls]  snr=+16.0dB [neural][ls]  snr=+18.0dB [neural][ls]  snr=+20.0dB [neural][ls]Done (12.43s)
Estimator batch 298/1600 (active points 16/22) [1h 06m 03s elapsed] ...   snr=+4.0dB [neural]  snr=+6.0dB [neural]  snr=+8.0dB [neural][ls]  snr=+10.0dB [neural][ls]  snr=+12.0dB [neural][ls]  snr=+14.0dB [neural][ls]  snr=+16.0dB [neural][ls]  snr=+18.0dB [neural][ls]  snr=+20.0dB [neural][ls]Done (12.38s)
Estimator batch 299/1600 (active points 16/22) [1h 06m 15s elapsed] ...   snr=+4.0dB [neural]  snr=+6.0dB [neural]  snr=+8.0dB [neural][ls]  snr=+10.0dB [neural][ls]  snr=+12.0dB [neural][ls]  snr=+14.0dB [neural][ls]  snr=+16.0dB [neural][ls]  snr=+18.0dB [neural][ls]  snr=+20.0dB [neural][ls]Done (12.41s)
Estimator batch 300/1600 (active points 16/22) [1h 06m 28s elapsed] ...   snr=+4.0dB [neural]  snr=+6.0dB [neural]  snr=+8.0dB [neural][ls]  snr=+10.0dB [neural][ls]  snr=+12.0dB [neural][ls]  snr=+14.0dB [neural][ls]  snr=+16.0dB [neural][ls]  snr=+18.0dB [neural][ls]  snr=+20.0dB [neural][ls]Done (12.44s)
Estimator batch 301/1600 (active points 16/22) [1h 06m 40s elapsed] ...   snr=+4.0dB [neural]  snr=+6.0dB [neural]  snr=+8.0dB [neural][ls]  snr=+10.0dB [neural][ls]  snr=+12.0dB [neural][ls]  snr=+14.0dB [neural][ls]  snr=+16.0dB [neural][ls]  snr=+18.0dB [neural][ls]  snr=+20.0dB [neural][ls]Done (12.37s)
Estimator batch 302/1600 (active points 16/22) [1h 06m 53s elapsed] ...   snr=+4.0dB [neural]  snr=+6.0dB [neural]  snr=+8.0dB [neural][ls]  snr=+10.0dB [neural][ls]  snr=+12.0dB [neural][ls]  snr=+14.0dB [neural][ls]  snr=+16.0dB [neural][ls]  snr=+18.0dB [neural][ls]  snr=+20.0dB [neural][ls]Done (12.39s)
Estimator batch 303/1600 (active points 16/22) [1h 07m 05s elapsed] ...   snr=+4.0dB [neural]  snr=+6.0dB [neural]  snr=+8.0dB [neural][ls]  snr=+10.0dB [neural][ls]  snr=+12.0dB [neural][ls]  snr=+14.0dB [neural][ls]  snr=+16.0dB [neural][ls]  snr=+18.0dB [neural][ls]  snr=+20.0dB [neural][ls]Done (12.41s)
Estimator batch 304/1600 (active points 16/22) [1h 07m 17s elapsed] ...   snr=+4.0dB [neural]  snr=+6.0dB [neural]  snr=+8.0dB [neural][ls]  snr=+10.0dB [neural][ls]  snr=+12.0dB [neural][ls]  snr=+14.0dB [neural][ls]  snr=+16.0dB [neural][ls]  snr=+18.0dB [neural][ls]  snr=+20.0dB [neural][ls]Done (12.39s)
Estimator batch 305/1600 (active points 16/22) [1h 07m 30s elapsed] ...   snr=+4.0dB [neural]  snr=+6.0dB [neural]  snr=+8.0dB [neural][ls]  snr=+10.0dB [neural][ls]  snr=+12.0dB [neural][ls]  snr=+14.0dB [neural][ls]  snr=+16.0dB [neural][ls]  snr=+18.0dB [neural][ls]  snr=+20.0dB [neural][ls]Done (12.38s)
Estimator batch 306/1600 (active points 16/22) [1h 07m 42s elapsed] ...   snr=+4.0dB [neural]  snr=+6.0dB [neural]  snr=+8.0dB [neural][ls]  snr=+10.0dB [neural][ls]  snr=+12.0dB [neural][ls]  snr=+14.0dB [neural][ls]  snr=+16.0dB [neural][ls]  snr=+18.0dB [neural][ls]  snr=+20.0dB [neural][ls]Done (12.44s)
Estimator batch 307/1600 (active points 16/22) [1h 07m 55s elapsed] ...   snr=+4.0dB [neural]  snr=+6.0dB [neural]  snr=+8.0dB [neural][ls]  snr=+10.0dB [neural][ls]  snr=+12.0dB [neural][ls]  snr=+14.0dB [neural][ls]  snr=+16.0dB [neural][ls]  snr=+18.0dB [neural][ls]  snr=+20.0dB [neural][ls]Done (12.40s)
Estimator batch 308/1600 (active points 16/22) [1h 08m 07s elapsed] ...   snr=+4.0dB [neural]  snr=+6.0dB [neural]  snr=+8.0dB [neural][ls]  snr=+10.0dB [neural][ls]  snr=+12.0dB [neural][ls]  snr=+14.0dB [neural][ls]  snr=+16.0dB [neural][ls]  snr=+18.0dB [neural][ls]  snr=+20.0dB [neural][ls]Done (12.45s)
Estimator batch 309/1600 (active points 16/22) [1h 08m 19s elapsed] ...   snr=+4.0dB [neural]  snr=+6.0dB [neural]  snr=+8.0dB [neural][ls]  snr=+10.0dB [neural][ls]  snr=+12.0dB [neural][ls]  snr=+14.0dB [neural][ls]  snr=+16.0dB [neural][ls]  snr=+18.0dB [neural][ls]  snr=+20.0dB [neural][ls]Done (12.43s)
Estimator batch 310/1600 (active points 16/22) [1h 08m 32s elapsed] ...   snr=+4.0dB [neural]  snr=+6.0dB [neural]  snr=+8.0dB [neural][ls]  snr=+10.0dB [neural][ls]  snr=+12.0dB [neural][ls]  snr=+14.0dB [neural][ls]  snr=+16.0dB [neural][ls]  snr=+18.0dB [neural][ls]  snr=+20.0dB [neural][ls]Done (12.38s)
Estimator batch 311/1600 (active points 16/22) [1h 08m 44s elapsed] ...   snr=+4.0dB [neural]  snr=+6.0dB [neural]  snr=+8.0dB [neural][ls]  snr=+10.0dB [neural][ls]  snr=+12.0dB [neural][ls]  snr=+14.0dB [neural][ls]  snr=+16.0dB [neural][ls]  snr=+18.0dB [neural][ls]  snr=+20.0dB [neural][ls]Done (12.47s)
Estimator batch 312/1600 (active points 16/22) [1h 08m 57s elapsed] ...   snr=+4.0dB [neural]  snr=+6.0dB [neural]  snr=+8.0dB [neural][ls]  snr=+10.0dB [neural][ls]  snr=+12.0dB [neural][ls]  snr=+14.0dB [neural][ls]  snr=+16.0dB [neural][ls]  snr=+18.0dB [neural][ls]  snr=+20.0dB [neural][ls]Done (12.43s)
Estimator batch 313/1600 (active points 16/22) [1h 09m 09s elapsed] ...   snr=+4.0dB [neural]  snr=+6.0dB [neural]  snr=+8.0dB [neural][ls]  snr=+10.0dB [neural][ls]  snr=+12.0dB [neural][ls]  snr=+14.0dB [neural][ls]  snr=+16.0dB [neural][ls]  snr=+18.0dB [neural][ls]  snr=+20.0dB [neural][ls]Done (12.42s)
Estimator batch 314/1600 (active points 16/22) [1h 09m 22s elapsed] ...   snr=+4.0dB [neural]  snr=+6.0dB [neural]  snr=+8.0dB [neural][ls]  snr=+10.0dB [neural][ls]  snr=+12.0dB [neural][ls]  snr=+14.0dB [neural][ls]  snr=+16.0dB [neural][ls]  snr=+18.0dB [neural][ls]  snr=+20.0dB [neural][ls]Done (12.40s)
Estimator batch 315/1600 (active points 16/22) [1h 09m 34s elapsed] ...   snr=+4.0dB [neural]  snr=+6.0dB [neural]  snr=+8.0dB [neural][ls]  snr=+10.0dB [neural][ls]  snr=+12.0dB [neural][ls]  snr=+14.0dB [neural][ls]  snr=+16.0dB [neural][ls]  snr=+18.0dB [neural][ls]  snr=+20.0dB [neural][ls]Done (12.39s)
Estimator batch 316/1600 (active points 16/22) [1h 09m 46s elapsed] ...   snr=+4.0dB [neural]  snr=+6.0dB [neural]  snr=+8.0dB [neural][ls]  snr=+10.0dB [neural][ls]  snr=+12.0dB [neural][ls]  snr=+14.0dB [neural][ls]  snr=+16.0dB [neural][ls]  snr=+18.0dB [neural][ls]  snr=+20.0dB [neural][ls]Done (12.48s)
Estimator batch 317/1600 (active points 16/22) [1h 09m 59s elapsed] ...   snr=+4.0dB [neural]  snr=+6.0dB [neural]  snr=+8.0dB [neural][ls]  snr=+10.0dB [neural][ls]  snr=+12.0dB [neural][ls]  snr=+14.0dB [neural][ls]  snr=+16.0dB [neural][ls]  snr=+18.0dB [neural][ls]  snr=+20.0dB [neural][ls]Done (12.39s)
Estimator batch 318/1600 (active points 16/22) [1h 10m 11s elapsed] ...   snr=+4.0dB [neural]  snr=+6.0dB [neural]  snr=+8.0dB [neural][ls]  snr=+10.0dB [neural][ls]  snr=+12.0dB [neural][ls]  snr=+14.0dB [neural][ls]  snr=+16.0dB [neural][ls]  snr=+18.0dB [neural][ls]  snr=+20.0dB [neural][ls]Done (12.50s)
Estimator batch 319/1600 (active points 16/22) [1h 10m 24s elapsed] ...   snr=+4.0dB [neural]  snr=+6.0dB [neural]  snr=+8.0dB [neural][ls]  snr=+10.0dB [neural][ls]  snr=+12.0dB [neural][ls]  snr=+14.0dB [neural][ls]  snr=+16.0dB [neural][ls]  snr=+18.0dB [neural][ls]  snr=+20.0dB [neural][ls]Done (12.42s)
Estimator batch 320/1600 (active points 16/22) [1h 10m 36s elapsed] ...   snr=+4.0dB [neural]  snr=+6.0dB [neural]  snr=+8.0dB [neural][ls]  snr=+10.0dB [neural][ls]  snr=+12.0dB [neural][ls]  snr=+14.0dB [neural][ls]  snr=+16.0dB [neural][ls]  snr=+18.0dB [neural][ls]  snr=+20.0dB [neural][ls]Done (12.41s)
Estimator batch 321/1600 (active points 16/22) [1h 10m 49s elapsed] ...   snr=+4.0dB [neural]  snr=+6.0dB [neural]  snr=+8.0dB [neural][ls]  snr=+10.0dB [neural][ls]  snr=+12.0dB [neural][ls]  snr=+14.0dB [neural][ls]  snr=+16.0dB [neural][ls]  snr=+18.0dB [neural][ls]  snr=+20.0dB [neural][ls]Done (12.41s)
Estimator batch 322/1600 (active points 16/22) [1h 11m 01s elapsed] ...   snr=+4.0dB [neural]  snr=+6.0dB [neural]  snr=+8.0dB [neural][ls]  snr=+10.0dB [neural][ls]  snr=+12.0dB [neural][ls]  snr=+14.0dB [neural][ls]  snr=+16.0dB [neural][ls]  snr=+18.0dB [neural][ls]  snr=+20.0dB [neural][ls]Done (12.39s)
Estimator batch 323/1600 (active points 16/22) [1h 11m 13s elapsed] ...   snr=+4.0dB [neural]  snr=+6.0dB [neural]  snr=+8.0dB [neural][ls]  snr=+10.0dB [neural][ls]  snr=+12.0dB [neural][ls]  snr=+14.0dB [neural][ls]  snr=+16.0dB [neural][ls]  snr=+18.0dB [neural][ls]  snr=+20.0dB [neural][ls]Done (12.39s)
Estimator batch 324/1600 (active points 16/22) [1h 11m 26s elapsed] ...   snr=+4.0dB [neural]  snr=+6.0dB [neural]  snr=+8.0dB [neural][ls]  snr=+10.0dB [neural][ls]  snr=+12.0dB [neural][ls]  snr=+14.0dB [neural][ls]  snr=+16.0dB [neural][ls]  snr=+18.0dB [neural][ls]  snr=+20.0dB [neural][ls]Done (12.41s)
Estimator batch 325/1600 (active points 16/22) [1h 11m 38s elapsed] ...   snr=+4.0dB [neural]  snr=+6.0dB [neural]  snr=+8.0dB [neural][ls]  snr=+10.0dB [neural][ls]  snr=+12.0dB [neural][ls]  snr=+14.0dB [neural][ls]  snr=+16.0dB [neural][ls]  snr=+18.0dB [neural][ls]  snr=+20.0dB [neural][ls]Done (12.38s)
Estimator batch 326/1600 (active points 16/22) [1h 11m 51s elapsed] ...   snr=+4.0dB [neural]  snr=+6.0dB [neural]  snr=+8.0dB [neural][ls]  snr=+10.0dB [neural][ls]  snr=+12.0dB [neural][ls]  snr=+14.0dB [neural][ls]  snr=+16.0dB [neural][ls]  snr=+18.0dB [neural][ls]  snr=+20.0dB [neural][ls]Done (12.42s)
Estimator batch 327/1600 (active points 16/22) [1h 12m 03s elapsed] ...   snr=+4.0dB [neural]  snr=+6.0dB [neural]  snr=+8.0dB [neural][ls]  snr=+10.0dB [neural][ls]  snr=+12.0dB [neural][ls]  snr=+14.0dB [neural][ls]  snr=+16.0dB [neural][ls]  snr=+18.0dB [neural][ls]  snr=+20.0dB [neural][ls]Done (12.37s)
Estimator batch 328/1600 (active points 16/22) [1h 12m 15s elapsed] ...   snr=+4.0dB [neural]  snr=+6.0dB [neural]  snr=+8.0dB [neural][ls]  snr=+10.0dB [neural][ls]  snr=+12.0dB [neural][ls]  snr=+14.0dB [neural][ls]  snr=+16.0dB [neural][ls]  snr=+18.0dB [neural][ls]  snr=+20.0dB [neural][ls]Done (12.40s)
Estimator batch 329/1600 (active points 16/22) [1h 12m 28s elapsed] ...   snr=+4.0dB [neural]  snr=+6.0dB [neural]  snr=+8.0dB [neural][ls]  snr=+10.0dB [neural][ls]  snr=+12.0dB [neural][ls]  snr=+14.0dB [neural][ls]  snr=+16.0dB [neural][ls]  snr=+18.0dB [neural][ls]  snr=+20.0dB [neural][ls]Done (12.91s)
Estimator batch 330/1600 (active points 16/22) [1h 12m 41s elapsed] ...   snr=+4.0dB [neural]  snr=+6.0dB [neural]  snr=+8.0dB [neural][ls]  snr=+10.0dB [neural][ls]  snr=+12.0dB [neural][ls]  snr=+14.0dB [neural][ls]  snr=+16.0dB [neural][ls]  snr=+18.0dB [neural][ls]  snr=+20.0dB [neural][ls]Done (12.36s)
Estimator batch 331/1600 (active points 16/22) [1h 12m 53s elapsed] ...   snr=+4.0dB [neural]  snr=+6.0dB [neural]  snr=+8.0dB [neural][ls]  snr=+10.0dB [neural][ls]  snr=+12.0dB [neural][ls]  snr=+14.0dB [neural][ls]  snr=+16.0dB [neural][ls]  snr=+18.0dB [neural][ls]  snr=+20.0dB [neural][ls]Done (12.44s)
Estimator batch 332/1600 (active points 16/22) [1h 13m 05s elapsed] ...   snr=+4.0dB [neural]  snr=+6.0dB [neural]  snr=+8.0dB [neural][ls]  snr=+10.0dB [neural][ls]  snr=+12.0dB [neural][ls]  snr=+14.0dB [neural][ls]  snr=+16.0dB [neural][ls]  snr=+18.0dB [neural][ls]  snr=+20.0dB [neural][ls]Done (12.47s)
Estimator batch 333/1600 (active points 16/22) [1h 13m 18s elapsed] ...   snr=+4.0dB [neural]  snr=+6.0dB [neural]  snr=+8.0dB [neural][ls]  snr=+10.0dB [neural][ls]  snr=+12.0dB [neural][ls]  snr=+14.0dB [neural][ls]  snr=+16.0dB [neural][ls]  snr=+18.0dB [neural][ls]  snr=+20.0dB [neural][ls]Done (12.43s)
Estimator batch 334/1600 (active points 16/22) [1h 13m 30s elapsed] ...   snr=+4.0dB [neural]  snr=+6.0dB [neural]  snr=+8.0dB [neural][ls]  snr=+10.0dB [neural][ls]  snr=+12.0dB [neural][ls]  snr=+14.0dB [neural][ls]  snr=+16.0dB [neural][ls]  snr=+18.0dB [neural][ls]  snr=+20.0dB [neural][ls]Done (12.39s)
Estimator batch 335/1600 (active points 16/22) [1h 13m 43s elapsed] ...   snr=+4.0dB [neural]  snr=+6.0dB [neural]  snr=+8.0dB [neural][ls]  snr=+10.0dB [neural][ls]  snr=+12.0dB [neural][ls]  snr=+14.0dB [neural][ls]  snr=+16.0dB [neural][ls]  snr=+18.0dB [neural][ls]  snr=+20.0dB [neural][ls]Done (12.41s)
Estimator batch 336/1600 (active points 16/22) [1h 13m 55s elapsed] ...   snr=+4.0dB [neural]  snr=+6.0dB [neural]  snr=+8.0dB [neural][ls]  snr=+10.0dB [neural][ls]  snr=+12.0dB [neural][ls]  snr=+14.0dB [neural][ls]  snr=+16.0dB [neural][ls]  snr=+18.0dB [neural][ls]  snr=+20.0dB [neural][ls]Done (12.42s)
Estimator batch 337/1600 (active points 16/22) [1h 14m 08s elapsed] ...   snr=+4.0dB [neural]  snr=+6.0dB [neural]  snr=+8.0dB [neural][ls]  snr=+10.0dB [neural][ls]  snr=+12.0dB [neural][ls]  snr=+14.0dB [neural][ls]  snr=+16.0dB [neural][ls]  snr=+18.0dB [neural][ls]  snr=+20.0dB [neural][ls]Done (12.44s)
Estimator batch 338/1600 (active points 16/22) [1h 14m 20s elapsed] ...   snr=+4.0dB [neural]  snr=+6.0dB [neural]  snr=+8.0dB [neural][ls]  snr=+10.0dB [neural][ls]  snr=+12.0dB [neural][ls]  snr=+14.0dB [neural][ls]  snr=+16.0dB [neural][ls]  snr=+18.0dB [neural][ls]  snr=+20.0dB [neural][ls]Done (12.40s)
Estimator batch 339/1600 (active points 16/22) [1h 14m 32s elapsed] ...   snr=+4.0dB [neural]  snr=+6.0dB [neural]  snr=+8.0dB [neural][ls]  snr=+10.0dB [neural][ls]  snr=+12.0dB [neural][ls]  snr=+14.0dB [neural][ls]  snr=+16.0dB [neural][ls]  snr=+18.0dB [neural][ls]  snr=+20.0dB [neural][ls]Done (12.40s)
Estimator batch 340/1600 (active points 16/22) [1h 14m 45s elapsed] ...   snr=+4.0dB [neural]  snr=+6.0dB [neural]  snr=+8.0dB [neural][ls]  snr=+10.0dB [neural][ls]  snr=+12.0dB [neural][ls]  snr=+14.0dB [neural][ls]  snr=+16.0dB [neural][ls]  snr=+18.0dB [neural][ls]  snr=+20.0dB [neural][ls]Done (12.41s)
Estimator batch 341/1600 (active points 16/22) [1h 14m 57s elapsed] ...   snr=+4.0dB [neural]  snr=+6.0dB [neural]  snr=+8.0dB [neural][ls]  snr=+10.0dB [neural][ls]  snr=+12.0dB [neural][ls]  snr=+14.0dB [neural][ls]  snr=+16.0dB [neural][ls]  snr=+18.0dB [neural][ls]  snr=+20.0dB [neural][ls]Done (12.43s)
Estimator batch 342/1600 (active points 16/22) [1h 15m 10s elapsed] ...   snr=+4.0dB [neural]  snr=+6.0dB [neural]  snr=+8.0dB [neural][ls]  snr=+10.0dB [neural][ls]  snr=+12.0dB [neural][ls]  snr=+14.0dB [neural][ls]  snr=+16.0dB [neural][ls]  snr=+18.0dB [neural][ls]  snr=+20.0dB [neural][ls]Done (12.41s)
Estimator batch 343/1600 (active points 16/22) [1h 15m 22s elapsed] ...   snr=+4.0dB [neural]  snr=+6.0dB [neural]  snr=+8.0dB [neural][ls]  snr=+10.0dB [neural][ls]  snr=+12.0dB [neural][ls]  snr=+14.0dB [neural][ls]  snr=+16.0dB [neural][ls]  snr=+18.0dB [neural][ls]  snr=+20.0dB [neural][ls]Done (12.41s)
Estimator batch 344/1600 (active points 16/22) [1h 15m 34s elapsed] ...   snr=+4.0dB [neural]  snr=+6.0dB [neural]  snr=+8.0dB [neural][ls]  snr=+10.0dB [neural][ls]  snr=+12.0dB [neural][ls]  snr=+14.0dB [neural][ls]  snr=+16.0dB [neural][ls]  snr=+18.0dB [neural][ls]  snr=+20.0dB [neural][ls]Done (12.40s)
Estimator batch 345/1600 (active points 16/22) [1h 15m 47s elapsed] ...   snr=+4.0dB [neural]  snr=+6.0dB [neural]  snr=+8.0dB [neural][ls]  snr=+10.0dB [neural][ls]  snr=+12.0dB [neural][ls]  snr=+14.0dB [neural][ls]  snr=+16.0dB [neural][ls]  snr=+18.0dB [neural][ls]  snr=+20.0dB [neural][ls]Done (12.45s)
Estimator batch 346/1600 (active points 16/22) [1h 15m 59s elapsed] ...   snr=+4.0dB [neural]  snr=+6.0dB [neural]  snr=+8.0dB [neural][ls]  snr=+10.0dB [neural][ls]  snr=+12.0dB [neural][ls]  snr=+14.0dB [neural][ls]  snr=+16.0dB [neural][ls]  snr=+18.0dB [neural][ls]  snr=+20.0dB [neural][ls]Done (12.40s)
Estimator batch 347/1600 (active points 16/22) [1h 16m 12s elapsed] ...   snr=+4.0dB [neural]  snr=+6.0dB [neural]  snr=+8.0dB [neural][ls]  snr=+10.0dB [neural][ls]  snr=+12.0dB [neural][ls]  snr=+14.0dB [neural][ls]  snr=+16.0dB [neural][ls]  snr=+18.0dB [neural][ls]  snr=+20.0dB [neural][ls]Done (12.46s)
Estimator batch 348/1600 (active points 16/22) [1h 16m 24s elapsed] ...   snr=+4.0dB [neural]  snr=+6.0dB [neural]  snr=+8.0dB [neural][ls]  snr=+10.0dB [neural][ls]  snr=+12.0dB [neural][ls]  snr=+14.0dB [neural][ls]  snr=+16.0dB [neural][ls]  snr=+18.0dB [neural][ls]  snr=+20.0dB [neural][ls]Done (12.39s)
Estimator batch 349/1600 (active points 16/22) [1h 16m 37s elapsed] ...   snr=+4.0dB [neural]  snr=+6.0dB [neural]  snr=+8.0dB [neural][ls]  snr=+10.0dB [neural][ls]  snr=+12.0dB [neural][ls]  snr=+14.0dB [neural][ls]  snr=+16.0dB [neural][ls]  snr=+18.0dB [neural][ls]  snr=+20.0dB [neural][ls]Done (12.51s)
Estimator batch 350/1600 (active points 16/22) [1h 16m 49s elapsed] ...   snr=+4.0dB [neural]  snr=+6.0dB [neural]  snr=+8.0dB [neural][ls]  snr=+10.0dB [neural][ls]  snr=+12.0dB [neural][ls]  snr=+14.0dB [neural][ls]  snr=+16.0dB [neural][ls]  snr=+18.0dB [neural][ls]  snr=+20.0dB [neural][ls]Done (12.40s)
Estimator batch 351/1600 (active points 16/22) [1h 17m 01s elapsed] ...   snr=+4.0dB [neural]  snr=+6.0dB [neural]  snr=+8.0dB [neural][ls]  snr=+10.0dB [neural][ls]  snr=+12.0dB [neural][ls]  snr=+14.0dB [neural][ls]  snr=+16.0dB [neural][ls]  snr=+18.0dB [neural][ls]  snr=+20.0dB [neural][ls]Done (12.39s)
Estimator batch 352/1600 (active points 16/22) [1h 17m 14s elapsed] ...   snr=+4.0dB [neural]  snr=+6.0dB [neural]  snr=+8.0dB [neural][ls]  snr=+10.0dB [neural][ls]  snr=+12.0dB [neural][ls]  snr=+14.0dB [neural][ls]  snr=+16.0dB [neural][ls]  snr=+18.0dB [neural][ls]  snr=+20.0dB [neural][ls]Done (12.44s)
Estimator batch 353/1600 (active points 16/22) [1h 17m 26s elapsed] ...   snr=+4.0dB [neural]  snr=+6.0dB [neural]  snr=+8.0dB [neural][ls]  snr=+10.0dB [neural][ls]  snr=+12.0dB [neural][ls]  snr=+14.0dB [neural][ls]  snr=+16.0dB [neural][ls]  snr=+18.0dB [neural][ls]  snr=+20.0dB [neural][ls]Done (12.45s)
Estimator batch 354/1600 (active points 16/22) [1h 17m 39s elapsed] ...   snr=+4.0dB [neural]  snr=+6.0dB [neural]  snr=+8.0dB [neural][ls]  snr=+10.0dB [neural][ls]  snr=+12.0dB [neural][ls]  snr=+14.0dB [neural][ls]  snr=+16.0dB [neural][ls]  snr=+18.0dB [neural][ls]  snr=+20.0dB [neural][ls]Done (12.41s)
Estimator batch 355/1600 (active points 16/22) [1h 17m 51s elapsed] ...   snr=+4.0dB [neural]  snr=+6.0dB [neural]  snr=+8.0dB [neural][ls]  snr=+10.0dB [neural][ls]  snr=+12.0dB [neural][ls]  snr=+14.0dB [neural][ls]  snr=+16.0dB [neural][ls]  snr=+18.0dB [neural][ls]  snr=+20.0dB [neural][ls]Done (12.43s)
Estimator batch 356/1600 (active points 16/22) [1h 18m 04s elapsed] ...   snr=+4.0dB [neural]  snr=+6.0dB [neural]  snr=+8.0dB [neural][ls]  snr=+10.0dB [neural][ls]  snr=+12.0dB [neural][ls]  snr=+14.0dB [neural][ls]  snr=+16.0dB [neural][ls]  snr=+18.0dB [neural][ls]  snr=+20.0dB [neural][ls]Done (12.41s)
Estimator batch 357/1600 (active points 16/22) [1h 18m 16s elapsed] ...   snr=+4.0dB [neural]  snr=+6.0dB [neural]  snr=+8.0dB [neural][ls]  snr=+10.0dB [neural][ls]  snr=+12.0dB [neural][ls]  snr=+14.0dB [neural][ls]  snr=+16.0dB [neural][ls]  snr=+18.0dB [neural][ls]  snr=+20.0dB [neural][ls]Done (12.51s)
Estimator batch 358/1600 (active points 16/22) [1h 18m 29s elapsed] ...   snr=+4.0dB [neural]  snr=+6.0dB [neural]  snr=+8.0dB [neural][ls]  snr=+10.0dB [neural][ls]  snr=+12.0dB [neural][ls]  snr=+14.0dB [neural][ls]  snr=+16.0dB [neural][ls]  snr=+18.0dB [neural][ls]  snr=+20.0dB [neural][ls]Done (12.40s)
Estimator batch 359/1600 (active points 16/22) [1h 18m 41s elapsed] ...   snr=+4.0dB [neural]  snr=+6.0dB [neural]  snr=+8.0dB [neural][ls]  snr=+10.0dB [neural][ls]  snr=+12.0dB [neural][ls]  snr=+14.0dB [neural][ls]  snr=+16.0dB [neural][ls]  snr=+18.0dB [neural][ls]  snr=+20.0dB [neural][ls]Done (12.41s)
Estimator batch 360/1600 (active points 16/22) [1h 18m 53s elapsed] ...   snr=+4.0dB [neural]  snr=+6.0dB [neural]  snr=+8.0dB [neural][ls]  snr=+10.0dB [neural][ls]  snr=+12.0dB [neural][ls]  snr=+14.0dB [neural][ls]  snr=+16.0dB [neural][ls]  snr=+18.0dB [neural][ls]  snr=+20.0dB [neural][ls]Done (12.42s)
Estimator batch 361/1600 (active points 16/22) [1h 19m 06s elapsed] ...   snr=+4.0dB [neural]  snr=+6.0dB [neural]  snr=+8.0dB [neural][ls]  snr=+10.0dB [neural][ls]  snr=+12.0dB [neural][ls]  snr=+14.0dB [neural][ls]  snr=+16.0dB [neural][ls]  snr=+18.0dB [neural][ls]  snr=+20.0dB [neural][ls]Done (12.47s)
Estimator batch 362/1600 (active points 16/22) [1h 19m 18s elapsed] ...   snr=+4.0dB [neural]  snr=+6.0dB [neural]  snr=+8.0dB [neural][ls]  snr=+10.0dB [neural][ls]  snr=+12.0dB [neural][ls]  snr=+14.0dB [neural][ls]  snr=+16.0dB [neural][ls]  snr=+18.0dB [neural][ls]  snr=+20.0dB [neural][ls]Done (12.45s)
Estimator batch 363/1600 (active points 16/22) [1h 19m 31s elapsed] ...   snr=+4.0dB [neural]  snr=+6.0dB [neural]  snr=+8.0dB [neural][ls]  snr=+10.0dB [neural][ls]  snr=+12.0dB [neural][ls]  snr=+14.0dB [neural][ls]  snr=+16.0dB [neural][ls]  snr=+18.0dB [neural][ls]  snr=+20.0dB [neural][ls]Done (12.45s)
Estimator batch 364/1600 (active points 16/22) [1h 19m 43s elapsed] ...   snr=+4.0dB [neural]  snr=+6.0dB [neural]  snr=+8.0dB [neural][ls]  snr=+10.0dB [neural][ls]  snr=+12.0dB [neural][ls]  snr=+14.0dB [neural][ls]  snr=+16.0dB [neural][ls]  snr=+18.0dB [neural][ls]  snr=+20.0dB [neural][ls]Done (12.45s)
Estimator batch 365/1600 (active points 16/22) [1h 19m 56s elapsed] ...   snr=+4.0dB [neural]  snr=+6.0dB [neural]  snr=+8.0dB [neural][ls]  snr=+10.0dB [neural][ls]  snr=+12.0dB [neural][ls]  snr=+14.0dB [neural][ls]  snr=+16.0dB [neural][ls]  snr=+18.0dB [neural][ls]  snr=+20.0dB [neural][ls]Done (12.43s)
Estimator batch 366/1600 (active points 16/22) [1h 20m 08s elapsed] ...   snr=+4.0dB [neural]  snr=+6.0dB [neural]  snr=+8.0dB [neural][ls]  snr=+10.0dB [neural][ls]  snr=+12.0dB [neural][ls]  snr=+14.0dB [neural][ls]  snr=+16.0dB [neural][ls]  snr=+18.0dB [neural][ls]  snr=+20.0dB [neural][ls]Done (12.45s)
Estimator batch 367/1600 (active points 16/22) [1h 20m 20s elapsed] ...   snr=+4.0dB [neural]  snr=+6.0dB [neural]  snr=+8.0dB [neural][ls]  snr=+10.0dB [neural][ls]  snr=+12.0dB [neural][ls]  snr=+14.0dB [neural][ls]  snr=+16.0dB [neural][ls]  snr=+18.0dB [neural][ls]  snr=+20.0dB [neural][ls]Done (12.48s)
Estimator batch 368/1600 (active points 16/22) [1h 20m 33s elapsed] ...   snr=+4.0dB [neural]  snr=+6.0dB [neural]  snr=+8.0dB [neural][ls]  snr=+10.0dB [neural][ls]  snr=+12.0dB [neural][ls]  snr=+14.0dB [neural][ls]  snr=+16.0dB [neural][ls]  snr=+18.0dB [neural][ls]  snr=+20.0dB [neural][ls]Done (12.41s)
Estimator batch 369/1600 (active points 16/22) [1h 20m 45s elapsed] ...   snr=+4.0dB [neural]  snr=+6.0dB [neural]  snr=+8.0dB [neural][ls]  snr=+10.0dB [neural][ls]  snr=+12.0dB [neural][ls]  snr=+14.0dB [neural][ls]  snr=+16.0dB [neural][ls]  snr=+18.0dB [neural][ls]  snr=+20.0dB [neural][ls]Done (12.42s)
Estimator batch 370/1600 (active points 16/22) [1h 20m 58s elapsed] ...   snr=+4.0dB [neural]  snr=+6.0dB [neural]  snr=+8.0dB [neural][ls]  snr=+10.0dB [neural][ls]  snr=+12.0dB [neural][ls]  snr=+14.0dB [neural][ls]  snr=+16.0dB [neural][ls]  snr=+18.0dB [neural][ls]  snr=+20.0dB [neural][ls]Done (12.43s)
Estimator batch 371/1600 (active points 16/22) [1h 21m 10s elapsed] ...   snr=+4.0dB [neural]  snr=+6.0dB [neural]  snr=+8.0dB [neural][ls]  snr=+10.0dB [neural][ls]  snr=+12.0dB [neural][ls]  snr=+14.0dB [neural][ls]  snr=+16.0dB [neural][ls]  snr=+18.0dB [neural][ls]  snr=+20.0dB [neural][ls]Done (12.42s)
Estimator batch 372/1600 (active points 16/22) [1h 21m 23s elapsed] ...   snr=+4.0dB [neural]  snr=+6.0dB [neural]  snr=+8.0dB [neural][ls]  snr=+10.0dB [neural][ls]  snr=+12.0dB [neural][ls]  snr=+14.0dB [neural][ls]  snr=+16.0dB [neural][ls]  snr=+18.0dB [neural][ls]  snr=+20.0dB [neural][ls]Done (12.41s)
Estimator batch 373/1600 (active points 16/22) [1h 21m 35s elapsed] ...   snr=+4.0dB [neural]  snr=+6.0dB [neural]  snr=+8.0dB [neural][ls]  snr=+10.0dB [neural][ls]  snr=+12.0dB [neural][ls]  snr=+14.0dB [neural][ls]  snr=+16.0dB [neural][ls]  snr=+18.0dB [neural][ls]  snr=+20.0dB [neural][ls]Done (12.44s)
Estimator batch 374/1600 (active points 16/22) [1h 21m 47s elapsed] ...   snr=+4.0dB [neural]  snr=+6.0dB [neural]  snr=+8.0dB [neural][ls]  snr=+10.0dB [neural][ls]  snr=+12.0dB [neural][ls]  snr=+14.0dB [neural][ls]  snr=+16.0dB [neural][ls]  snr=+18.0dB [neural][ls]  snr=+20.0dB [neural][ls]Done (12.47s)
Estimator batch 375/1600 (active points 16/22) [1h 22m 00s elapsed] ...   snr=+4.0dB [neural]  snr=+6.0dB [neural]  snr=+8.0dB [neural][ls]  snr=+10.0dB [neural][ls]  snr=+12.0dB [neural][ls]  snr=+14.0dB [neural][ls]  snr=+16.0dB [neural][ls]  snr=+18.0dB [neural][ls]  snr=+20.0dB [neural][ls]Done (12.40s)
Estimator batch 376/1600 (active points 16/22) [1h 22m 12s elapsed] ...   snr=+4.0dB [neural]  snr=+6.0dB [neural]  snr=+8.0dB [neural][ls]  snr=+10.0dB [neural][ls]  snr=+12.0dB [neural][ls]  snr=+14.0dB [neural][ls]  snr=+16.0dB [neural][ls]  snr=+18.0dB [neural][ls]  snr=+20.0dB [neural][ls]Done (12.40s)
Estimator batch 377/1600 (active points 16/22) [1h 22m 25s elapsed] ...   snr=+4.0dB [neural]  snr=+6.0dB [neural]  snr=+8.0dB [neural][ls]  snr=+10.0dB [neural][ls]  snr=+12.0dB [neural][ls]  snr=+14.0dB [neural][ls]  snr=+16.0dB [neural][ls]  snr=+18.0dB [neural][ls]  snr=+20.0dB [neural][ls]Done (12.95s)
Estimator batch 378/1600 (active points 16/22) [1h 22m 38s elapsed] ...   snr=+4.0dB [neural]  snr=+6.0dB [neural]  snr=+8.0dB [neural][ls]  snr=+10.0dB [neural][ls]  snr=+12.0dB [neural][ls]  snr=+14.0dB [neural][ls]  snr=+16.0dB [neural][ls]  snr=+18.0dB [neural][ls]  snr=+20.0dB [neural][ls]Done (12.48s)
Estimator batch 379/1600 (active points 16/22) [1h 22m 50s elapsed] ...   snr=+4.0dB [neural]  snr=+6.0dB [neural]  snr=+8.0dB [neural][ls]  snr=+10.0dB [neural][ls]  snr=+12.0dB [neural][ls]  snr=+14.0dB [neural][ls]  snr=+16.0dB [neural][ls]  snr=+18.0dB [neural][ls]  snr=+20.0dB [neural][ls]Done (12.40s)
Estimator batch 380/1600 (active points 16/22) [1h 23m 03s elapsed] ...   snr=+4.0dB [neural]  snr=+6.0dB [neural]  snr=+8.0dB [neural][ls]  snr=+10.0dB [neural][ls]  snr=+12.0dB [neural][ls]  snr=+14.0dB [neural][ls]  snr=+16.0dB [neural][ls]  snr=+18.0dB [neural][ls]  snr=+20.0dB [neural][ls]Done (12.42s)
Estimator batch 381/1600 (active points 16/22) [1h 23m 15s elapsed] ...   snr=+4.0dB [neural]  snr=+6.0dB [neural]  snr=+8.0dB [neural][ls]  snr=+10.0dB [neural][ls]  snr=+12.0dB [neural][ls]  snr=+14.0dB [neural][ls]  snr=+16.0dB [neural][ls]  snr=+18.0dB [neural][ls]  snr=+20.0dB [neural][ls]Done (12.49s)
Estimator batch 382/1600 (active points 16/22) [1h 23m 28s elapsed] ...   snr=+4.0dB [neural]  snr=+6.0dB [neural]  snr=+8.0dB [neural][ls]  snr=+10.0dB [neural][ls]  snr=+12.0dB [neural][ls]  snr=+14.0dB [neural][ls]  snr=+16.0dB [neural][ls]  snr=+18.0dB [neural][ls]  snr=+20.0dB [neural][ls]Done (12.46s)
Estimator batch 383/1600 (active points 16/22) [1h 23m 40s elapsed] ...   snr=+4.0dB [neural]  snr=+6.0dB [neural]  snr=+8.0dB [neural][ls]  snr=+10.0dB [neural][ls]  snr=+12.0dB [neural][ls]  snr=+14.0dB [neural][ls]  snr=+16.0dB [neural][ls]  snr=+18.0dB [neural][ls]  snr=+20.0dB [neural][ls]Done (12.46s)
Estimator batch 384/1600 (active points 16/22) [1h 23m 52s elapsed] ...   snr=+4.0dB [neural]  snr=+6.0dB [neural]  snr=+8.0dB [neural][ls]  snr=+10.0dB [neural][ls]  snr=+12.0dB [neural][ls]  snr=+14.0dB [neural][ls]  snr=+16.0dB [neural][ls]  snr=+18.0dB [neural][ls]  snr=+20.0dB [neural][ls]Done (12.44s)
Estimator batch 385/1600 (active points 16/22) [1h 24m 05s elapsed] ...   snr=+4.0dB [neural]  snr=+6.0dB [neural]  snr=+8.0dB [neural][ls]  snr=+10.0dB [neural][ls]  snr=+12.0dB [neural][ls]  snr=+14.0dB [neural][ls]  snr=+16.0dB [neural][ls]  snr=+18.0dB [neural][ls]  snr=+20.0dB [neural][ls]Done (12.49s)
Estimator batch 386/1600 (active points 16/22) [1h 24m 17s elapsed] ...   snr=+4.0dB [neural]  snr=+6.0dB [neural]  snr=+8.0dB [neural][ls]  snr=+10.0dB [neural][ls]  snr=+12.0dB [neural][ls]  snr=+14.0dB [neural][ls]  snr=+16.0dB [neural][ls]  snr=+18.0dB [neural][ls]  snr=+20.0dB [neural][ls]Done (12.52s)
Estimator batch 387/1600 (active points 16/22) [1h 24m 30s elapsed] ...   snr=+4.0dB [neural]  snr=+6.0dB [neural]  snr=+8.0dB [neural][ls]  snr=+10.0dB [neural][ls]  snr=+12.0dB [neural][ls]  snr=+14.0dB [neural][ls]  snr=+16.0dB [neural][ls]  snr=+18.0dB [neural][ls]  snr=+20.0dB [neural][ls]Done (12.40s)
Estimator batch 388/1600 (active points 16/22) [1h 24m 42s elapsed] ...   snr=+4.0dB [neural]  snr=+6.0dB [neural]  snr=+8.0dB [neural][ls]  snr=+10.0dB [neural][ls]  snr=+12.0dB [neural][ls]  snr=+14.0dB [neural][ls]  snr=+16.0dB [neural][ls]  snr=+18.0dB [neural][ls]  snr=+20.0dB [neural][ls]Done (12.49s)
Estimator batch 389/1600 (active points 16/22) [1h 24m 55s elapsed] ...   snr=+4.0dB [neural]  snr=+6.0dB [neural]  snr=+8.0dB [neural][ls]  snr=+10.0dB [neural][ls]  snr=+12.0dB [neural][ls]  snr=+14.0dB [neural][ls]  snr=+16.0dB [neural][ls]  snr=+18.0dB [neural][ls]  snr=+20.0dB [neural][ls]Done (12.40s)
Estimator batch 390/1600 (active points 16/22) [1h 25m 07s elapsed] ...   snr=+4.0dB [neural]  snr=+6.0dB [neural]  snr=+8.0dB [neural][ls]  snr=+10.0dB [neural][ls]  snr=+12.0dB [neural][ls]  snr=+14.0dB [neural][ls]  snr=+16.0dB [neural][ls]  snr=+18.0dB [neural][ls]  snr=+20.0dB [neural][ls]Done (12.44s)
Estimator batch 391/1600 (active points 16/22) [1h 25m 20s elapsed] ...   snr=+4.0dB [neural]  snr=+6.0dB [neural]  snr=+8.0dB [neural][ls]  snr=+10.0dB [neural][ls]  snr=+12.0dB [neural][ls]  snr=+14.0dB [neural][ls]  snr=+16.0dB [neural][ls]  snr=+18.0dB [neural][ls]  snr=+20.0dB [neural][ls]Done (12.41s)
Estimator batch 392/1600 (active points 16/22) [1h 25m 32s elapsed] ...   snr=+4.0dB [neural]  snr=+6.0dB [neural]  snr=+8.0dB [neural][ls]  snr=+10.0dB [neural][ls]  snr=+12.0dB [neural][ls]  snr=+14.0dB [neural][ls]  snr=+16.0dB [neural][ls]  snr=+18.0dB [neural][ls]  snr=+20.0dB [neural][ls]Done (12.45s)
Estimator batch 393/1600 (active points 16/22) [1h 25m 44s elapsed] ...   snr=+4.0dB [neural]  snr=+6.0dB [neural]  snr=+8.0dB [neural][ls]  snr=+10.0dB [neural][ls]  snr=+12.0dB [neural][ls]  snr=+14.0dB [neural][ls]  snr=+16.0dB [neural][ls]  snr=+18.0dB [neural][ls]  snr=+20.0dB [neural][ls]Done (12.49s)
Estimator batch 394/1600 (active points 16/22) [1h 25m 57s elapsed] ...   snr=+4.0dB [neural]  snr=+6.0dB [neural]  snr=+8.0dB [neural][ls]  snr=+10.0dB [neural][ls]  snr=+12.0dB [neural][ls]  snr=+14.0dB [neural][ls]  snr=+16.0dB [neural][ls]  snr=+18.0dB [neural][ls]  snr=+20.0dB [neural][ls]Done (12.44s)
Estimator batch 395/1600 (active points 16/22) [1h 26m 09s elapsed] ...   snr=+4.0dB [neural]  snr=+6.0dB [neural]  snr=+8.0dB [neural][ls]  snr=+10.0dB [neural][ls]  snr=+12.0dB [neural][ls]  snr=+14.0dB [neural][ls]  snr=+16.0dB [neural][ls]  snr=+18.0dB [neural][ls]  snr=+20.0dB [neural][ls]Done (12.42s)
Estimator batch 396/1600 (active points 16/22) [1h 26m 22s elapsed] ...   snr=+4.0dB [neural]  snr=+6.0dB [neural]  snr=+8.0dB [neural][ls]  snr=+10.0dB [neural][ls]  snr=+12.0dB [neural][ls]  snr=+14.0dB [neural][ls]  snr=+16.0dB [neural][ls]  snr=+18.0dB [neural][ls]  snr=+20.0dB [neural][ls]Done (12.40s)
Estimator batch 397/1600 (active points 16/22) [1h 26m 34s elapsed] ...   snr=+4.0dB [neural]  snr=+6.0dB [neural]  snr=+8.0dB [neural][ls]  snr=+10.0dB [neural][ls]  snr=+12.0dB [neural][ls]  snr=+14.0dB [neural][ls]  snr=+16.0dB [neural][ls]  snr=+18.0dB [neural][ls]  snr=+20.0dB [neural][ls]Done (12.38s)
Estimator batch 398/1600 (active points 16/22) [1h 26m 47s elapsed] ...   snr=+4.0dB [neural]  snr=+6.0dB [neural]  snr=+8.0dB [neural][ls]  snr=+10.0dB [neural][ls]  snr=+12.0dB [neural][ls]  snr=+14.0dB [neural][ls]  snr=+16.0dB [neural][ls]  snr=+18.0dB [neural][ls]  snr=+20.0dB [neural][ls]Done (12.44s)
Estimator batch 399/1600 (active points 16/22) [1h 26m 59s elapsed] ...   snr=+4.0dB [neural]  snr=+6.0dB [neural]  snr=+8.0dB [neural][ls]  snr=+10.0dB [neural][ls]  snr=+12.0dB [neural][ls]  snr=+14.0dB [neural][ls]  snr=+16.0dB [neural][ls]  snr=+18.0dB [neural][ls]  snr=+20.0dB [neural][ls]Done (12.42s)
Estimator batch 400/1600 (active points 16/22) [1h 27m 11s elapsed] ...   snr=+4.0dB [neural]  snr=+6.0dB [neural]  snr=+8.0dB [neural][ls]  snr=+10.0dB [neural][ls]  snr=+12.0dB [neural][ls]  snr=+14.0dB [neural][ls]  snr=+16.0dB [neural][ls]  snr=+18.0dB [neural][ls]  snr=+20.0dB [neural][ls]Done (12.44s)
Estimator batch 401/1600 (active points 16/22) [1h 27m 24s elapsed] ...   snr=+4.0dB [neural]  snr=+6.0dB [neural]  snr=+8.0dB [neural][ls]  snr=+10.0dB [neural][ls]  snr=+12.0dB [neural][ls]  snr=+14.0dB [neural][ls]  snr=+16.0dB [neural][ls]  snr=+18.0dB [neural][ls]  snr=+20.0dB [neural][ls]Done (12.52s)
Estimator batch 402/1600 (active points 16/22) [1h 27m 36s elapsed] ...   snr=+4.0dB [neural]  snr=+6.0dB [neural]  snr=+8.0dB [neural][ls]  snr=+10.0dB [neural][ls]  snr=+12.0dB [neural][ls]  snr=+14.0dB [neural][ls]  snr=+16.0dB [neural][ls]  snr=+18.0dB [neural][ls]  snr=+20.0dB [neural][ls]Done (12.66s)
Estimator batch 403/1600 (active points 16/22) [1h 27m 49s elapsed] ...   snr=+4.0dB [neural]  snr=+6.0dB [neural]  snr=+8.0dB [neural][ls]  snr=+10.0dB [neural][ls]  snr=+12.0dB [neural][ls]  snr=+14.0dB [neural][ls]  snr=+16.0dB [neural][ls]  snr=+18.0dB [neural][ls]  snr=+20.0dB [neural][ls]Done (12.49s)
Estimator batch 404/1600 (active points 16/22) [1h 28m 02s elapsed] ...   snr=+4.0dB [neural]  snr=+6.0dB [neural]  snr=+8.0dB [neural][ls]  snr=+10.0dB [neural][ls]  snr=+12.0dB [neural][ls]  snr=+14.0dB [neural][ls]  snr=+16.0dB [neural][ls]  snr=+18.0dB [neural][ls]  snr=+20.0dB [neural][ls]Done (12.43s)
Estimator batch 405/1600 (active points 16/22) [1h 28m 14s elapsed] ...   snr=+4.0dB [neural]  snr=+6.0dB [neural]  snr=+8.0dB [neural][ls]  snr=+10.0dB [neural][ls]  snr=+12.0dB [neural][ls]  snr=+14.0dB [neural][ls]  snr=+16.0dB [neural][ls]  snr=+18.0dB [neural][ls]  snr=+20.0dB [neural][ls]Done (12.48s)
Estimator batch 406/1600 (active points 16/22) [1h 28m 26s elapsed] ...   snr=+4.0dB [neural]  snr=+6.0dB [neural]  snr=+8.0dB [neural][ls]  snr=+10.0dB [neural][ls]  snr=+12.0dB [neural][ls]  snr=+14.0dB [neural][ls]  snr=+16.0dB [neural][ls]  snr=+18.0dB [neural][ls]  snr=+20.0dB [neural][ls]Done (12.48s)
Estimator batch 407/1600 (active points 16/22) [1h 28m 39s elapsed] ...   snr=+4.0dB [neural]  snr=+6.0dB [neural]  snr=+8.0dB [neural][ls]  snr=+10.0dB [neural][ls]  snr=+12.0dB [neural][ls]  snr=+14.0dB [neural][ls]  snr=+16.0dB [neural][ls]  snr=+18.0dB [neural][ls]  snr=+20.0dB [neural][ls]Done (12.44s)
Estimator batch 408/1600 (active points 16/22) [1h 28m 51s elapsed] ...   snr=+4.0dB [neural]  snr=+6.0dB [neural]  snr=+8.0dB [neural][ls]  snr=+10.0dB [neural][ls]  snr=+12.0dB [neural][ls]  snr=+14.0dB [neural][ls]  snr=+16.0dB [neural][ls]  snr=+18.0dB [neural][ls]  snr=+20.0dB [neural][ls]Done (12.41s)
Estimator batch 409/1600 (active points 16/22) [1h 29m 04s elapsed] ...   snr=+4.0dB [neural]  snr=+6.0dB [neural]  snr=+8.0dB [neural][ls]  snr=+10.0dB [neural][ls]  snr=+12.0dB [neural][ls]  snr=+14.0dB [neural][ls]  snr=+16.0dB [neural][ls]  snr=+18.0dB [neural][ls]  snr=+20.0dB [neural][ls]Done (12.46s)
Estimator batch 410/1600 (active points 16/22) [1h 29m 16s elapsed] ...   snr=+4.0dB [neural]  snr=+6.0dB [neural]  snr=+8.0dB [neural][ls]  snr=+10.0dB [neural][ls]  snr=+12.0dB [neural][ls]  snr=+14.0dB [neural][ls]  snr=+16.0dB [neural][ls]  snr=+18.0dB [neural][ls]  snr=+20.0dB [neural][ls]Done (12.49s)
Estimator batch 411/1600 (active points 16/22) [1h 29m 29s elapsed] ...   snr=+4.0dB [neural]  snr=+6.0dB [neural]  snr=+8.0dB [neural][ls]  snr=+10.0dB [neural][ls]  snr=+12.0dB [neural][ls]  snr=+14.0dB [neural][ls]  snr=+16.0dB [neural][ls]  snr=+18.0dB [neural][ls]  snr=+20.0dB [neural][ls]Done (12.42s)
Estimator batch 412/1600 (active points 16/22) [1h 29m 41s elapsed] ...   snr=+4.0dB [neural]  snr=+6.0dB [neural]  snr=+8.0dB [neural][ls]  snr=+10.0dB [neural][ls]  snr=+12.0dB [neural][ls]  snr=+14.0dB [neural][ls]  snr=+16.0dB [neural][ls]  snr=+18.0dB [neural][ls]  snr=+20.0dB [neural][ls]Done (12.46s)
Estimator batch 413/1600 (active points 16/22) [1h 29m 54s elapsed] ...   snr=+4.0dB [neural]  snr=+6.0dB [neural]  snr=+8.0dB [neural][ls]  snr=+10.0dB [neural][ls]  snr=+12.0dB [neural][ls]  snr=+14.0dB [neural][ls]  snr=+16.0dB [neural][ls]  snr=+18.0dB [neural][ls]  snr=+20.0dB [neural][ls]Done (12.43s)
Estimator batch 414/1600 (active points 16/22) [1h 30m 06s elapsed] ...   snr=+4.0dB [neural]  snr=+6.0dB [neural]  snr=+8.0dB [neural][ls]  snr=+10.0dB [neural][ls]  snr=+12.0dB [neural][ls]  snr=+14.0dB [neural][ls]  snr=+16.0dB [neural][ls]  snr=+18.0dB [neural][ls]  snr=+20.0dB [neural][ls]Done (12.48s)
Estimator batch 415/1600 (active points 16/22) [1h 30m 19s elapsed] ...   snr=+4.0dB [neural]  snr=+6.0dB [neural]  snr=+8.0dB [neural][ls]  snr=+10.0dB [neural][ls]  snr=+12.0dB [neural][ls]  snr=+14.0dB [neural][ls]  snr=+16.0dB [neural][ls]  snr=+18.0dB [neural][ls]  snr=+20.0dB [neural][ls]Done (12.45s)
Estimator batch 416/1600 (active points 16/22) [1h 30m 31s elapsed] ...   snr=+4.0dB [neural]  snr=+6.0dB [neural]  snr=+8.0dB [neural][ls]  snr=+10.0dB [neural][ls]  snr=+12.0dB [neural][ls]  snr=+14.0dB [neural][ls]  snr=+16.0dB [neural][ls]  snr=+18.0dB [neural][ls]  snr=+20.0dB [neural][ls]Done (12.39s)
Estimator batch 417/1600 (active points 16/22) [1h 30m 43s elapsed] ...   snr=+4.0dB [neural]  snr=+6.0dB [neural]  snr=+8.0dB [neural][ls]  snr=+10.0dB [neural][ls]  snr=+12.0dB [neural][ls]  snr=+14.0dB [neural][ls]  snr=+16.0dB [neural][ls]  snr=+18.0dB [neural][ls]  snr=+20.0dB [neural][ls]Done (12.41s)
Estimator batch 418/1600 (active points 16/22) [1h 30m 56s elapsed] ...   snr=+4.0dB [neural]  snr=+6.0dB [neural]  snr=+8.0dB [neural][ls]  snr=+10.0dB [neural][ls]  snr=+12.0dB [neural][ls]  snr=+14.0dB [neural][ls]  snr=+16.0dB [neural][ls]  snr=+18.0dB [neural][ls]  snr=+20.0dB [neural][ls]Done (12.44s)
Estimator batch 419/1600 (active points 16/22) [1h 31m 08s elapsed] ...   snr=+4.0dB [neural]  snr=+6.0dB [neural]  snr=+8.0dB [neural][ls]  snr=+10.0dB [neural][ls]  snr=+12.0dB [neural][ls]  snr=+14.0dB [neural][ls]  snr=+16.0dB [neural][ls]  snr=+18.0dB [neural][ls]  snr=+20.0dB [neural][ls]Done (12.46s)
Estimator batch 420/1600 (active points 16/22) [1h 31m 21s elapsed] ...   snr=+4.0dB [neural]  snr=+6.0dB [neural]  snr=+8.0dB [neural][ls]  snr=+10.0dB [neural][ls]  snr=+12.0dB [neural][ls]  snr=+14.0dB [neural][ls]  snr=+16.0dB [neural][ls]  snr=+18.0dB [neural][ls]  snr=+20.0dB [neural][ls]Done (12.40s)
Estimator batch 421/1600 (active points 16/22) [1h 31m 33s elapsed] ...   snr=+4.0dB [neural]  snr=+6.0dB [neural]  snr=+8.0dB [neural][ls]  snr=+10.0dB [neural][ls]  snr=+12.0dB [neural][ls]  snr=+14.0dB [neural][ls]  snr=+16.0dB [neural][ls]  snr=+18.0dB [neural][ls]  snr=+20.0dB [neural][ls]Done (12.39s)
Estimator batch 422/1600 (active points 16/22) [1h 31m 46s elapsed] ...   snr=+4.0dB [neural]  snr=+6.0dB [neural]  snr=+8.0dB [neural][ls]  snr=+10.0dB [neural][ls]  snr=+12.0dB [neural][ls]  snr=+14.0dB [neural][ls]  snr=+16.0dB [neural][ls]  snr=+18.0dB [neural][ls]  snr=+20.0dB [neural][ls]Done (12.44s)
Estimator batch 423/1600 (active points 16/22) [1h 31m 58s elapsed] ...   snr=+4.0dB [neural]  snr=+6.0dB [neural]  snr=+8.0dB [neural][ls]  snr=+10.0dB [neural][ls]  snr=+12.0dB [neural][ls]  snr=+14.0dB [neural][ls]  snr=+16.0dB [neural][ls]  snr=+18.0dB [neural][ls]  snr=+20.0dB [neural][ls]Done (12.43s)
Estimator batch 424/1600 (active points 16/22) [1h 32m 10s elapsed] ...   snr=+4.0dB [neural]  snr=+6.0dB [neural]  snr=+8.0dB [neural][ls]  snr=+10.0dB [neural][ls]  snr=+12.0dB [neural][ls]  snr=+14.0dB [neural][ls]  snr=+16.0dB [neural][ls]  snr=+18.0dB [neural][ls]  snr=+20.0dB [neural][ls]Done (12.44s)
Estimator batch 425/1600 (active points 16/22) [1h 32m 23s elapsed] ...   snr=+4.0dB [neural]  snr=+6.0dB [neural]  snr=+8.0dB [neural][ls]  snr=+10.0dB [neural][ls]  snr=+12.0dB [neural][ls]  snr=+14.0dB [neural][ls]  snr=+16.0dB [neural][ls]  snr=+18.0dB [neural][ls]  snr=+20.0dB [neural][ls]Done (12.92s)
Estimator batch 426/1600 (active points 16/22) [1h 32m 36s elapsed] ...   snr=+4.0dB [neural]  snr=+6.0dB [neural]  snr=+8.0dB [neural][ls]  snr=+10.0dB [neural][ls]  snr=+12.0dB [neural][ls]  snr=+14.0dB [neural][ls]  snr=+16.0dB [neural][ls]  snr=+18.0dB [neural][ls]  snr=+20.0dB [neural][ls]Done (12.42s)
Estimator batch 427/1600 (active points 16/22) [1h 32m 48s elapsed] ...   snr=+4.0dB [neural]  snr=+6.0dB [neural]  snr=+8.0dB [neural][ls]  snr=+10.0dB [neural][ls]  snr=+12.0dB [neural][ls]  snr=+14.0dB [neural][ls]  snr=+16.0dB [neural][ls]  snr=+18.0dB [neural][ls]  snr=+20.0dB [neural][ls]Done (12.44s)
Estimator batch 428/1600 (active points 16/22) [1h 33m 01s elapsed] ...   snr=+4.0dB [neural]  snr=+6.0dB [neural]  snr=+8.0dB [neural][ls]  snr=+10.0dB [neural][ls]  snr=+12.0dB [neural][ls]  snr=+14.0dB [neural][ls]  snr=+16.0dB [neural][ls]  snr=+18.0dB [neural][ls]  snr=+20.0dB [neural][ls]Done (12.42s)
Estimator batch 429/1600 (active points 16/22) [1h 33m 13s elapsed] ...   snr=+4.0dB [neural]  snr=+6.0dB [neural]  snr=+8.0dB [neural][ls]  snr=+10.0dB [neural][ls]  snr=+12.0dB [neural][ls]  snr=+14.0dB [neural][ls]  snr=+16.0dB [neural][ls]  snr=+18.0dB [neural][ls]  snr=+20.0dB [neural][ls]Done (12.49s)
Estimator batch 430/1600 (active points 16/22) [1h 33m 25s elapsed] ...   snr=+4.0dB [neural]  snr=+6.0dB [neural]  snr=+8.0dB [neural][ls]  snr=+10.0dB [neural][ls]  snr=+12.0dB [neural][ls]  snr=+14.0dB [neural][ls]  snr=+16.0dB [neural][ls]  snr=+18.0dB [neural][ls]  snr=+20.0dB [neural][ls]Done (12.42s)
Estimator batch 431/1600 (active points 16/22) [1h 33m 38s elapsed] ...   snr=+4.0dB [neural]  snr=+6.0dB [neural]  snr=+8.0dB [neural][ls]  snr=+10.0dB [neural][ls]  snr=+12.0dB [neural][ls]  snr=+14.0dB [neural][ls]  snr=+16.0dB [neural][ls]  snr=+18.0dB [neural][ls]  snr=+20.0dB [neural][ls]Done (12.48s)
Estimator batch 432/1600 (active points 16/22) [1h 33m 50s elapsed] ...   snr=+4.0dB [neural]  snr=+6.0dB [neural]  snr=+8.0dB [neural][ls]  snr=+10.0dB [neural][ls]  snr=+12.0dB [neural][ls]  snr=+14.0dB [neural][ls]  snr=+16.0dB [neural][ls]  snr=+18.0dB [neural][ls]  snr=+20.0dB [neural][ls]Done (12.43s)
Estimator batch 433/1600 (active points 16/22) [1h 34m 03s elapsed] ...   snr=+4.0dB [neural]  snr=+6.0dB [neural]  snr=+8.0dB [neural][ls]  snr=+10.0dB [neural][ls]  snr=+12.0dB [neural][ls]  snr=+14.0dB [neural][ls]  snr=+16.0dB [neural][ls]  snr=+18.0dB [neural][ls]  snr=+20.0dB [neural][ls]Done (12.41s)
Estimator batch 434/1600 (active points 16/22) [1h 34m 15s elapsed] ...   snr=+4.0dB [neural]  snr=+6.0dB [neural]  snr=+8.0dB [neural][ls]  snr=+10.0dB [neural][ls]  snr=+12.0dB [neural][ls]  snr=+14.0dB [neural][ls]  snr=+16.0dB [neural][ls]  snr=+18.0dB [neural][ls]  snr=+20.0dB [neural][ls]Done (12.45s)
Estimator batch 435/1600 (active points 16/22) [1h 34m 28s elapsed] ...   snr=+4.0dB [neural]  snr=+6.0dB [neural]  snr=+8.0dB [neural][ls]  snr=+10.0dB [neural][ls]  snr=+12.0dB [neural][ls]  snr=+14.0dB [neural][ls]  snr=+16.0dB [neural][ls]  snr=+18.0dB [neural][ls]  snr=+20.0dB [neural][ls]Done (12.55s)
Estimator batch 436/1600 (active points 16/22) [1h 34m 40s elapsed] ...   snr=+4.0dB [neural]  snr=+6.0dB [neural]  snr=+8.0dB [neural][ls]  snr=+10.0dB [neural][ls]  snr=+12.0dB [neural][ls]  snr=+14.0dB [neural][ls]  snr=+16.0dB [neural][ls]  snr=+18.0dB [neural][ls]  snr=+20.0dB [neural][ls]Done (12.50s)
Estimator batch 437/1600 (active points 16/22) [1h 34m 53s elapsed] ...   snr=+4.0dB [neural]  snr=+6.0dB [neural]  snr=+8.0dB [neural][ls]  snr=+10.0dB [neural][ls]  snr=+12.0dB [neural][ls]  snr=+14.0dB [neural][ls]  snr=+16.0dB [neural][ls]  snr=+18.0dB [neural][ls]  snr=+20.0dB [neural][ls]Done (12.50s)
Estimator batch 438/1600 (active points 16/22) [1h 35m 05s elapsed] ...   snr=+4.0dB [neural]  snr=+6.0dB [neural]  snr=+8.0dB [neural][ls]  snr=+10.0dB [neural][ls]  snr=+12.0dB [neural][ls]  snr=+14.0dB [neural][ls]  snr=+16.0dB [neural][ls]  snr=+18.0dB [neural][ls]  snr=+20.0dB [neural][ls]Done (12.41s)
Estimator batch 439/1600 (active points 16/22) [1h 35m 18s elapsed] ...   snr=+4.0dB [neural]  snr=+6.0dB [neural]  snr=+8.0dB [neural][ls]  snr=+10.0dB [neural][ls]  snr=+12.0dB [neural][ls]  snr=+14.0dB [neural][ls]  snr=+16.0dB [neural][ls]  snr=+18.0dB [neural][ls]  snr=+20.0dB [neural][ls]Done (12.55s)
Estimator batch 440/1600 (active points 16/22) [1h 35m 30s elapsed] ...   snr=+4.0dB [neural]  snr=+6.0dB [neural]  snr=+8.0dB [neural][ls]  snr=+10.0dB [neural][ls]  snr=+12.0dB [neural][ls]  snr=+14.0dB [neural][ls]  snr=+16.0dB [neural][ls]  snr=+18.0dB [neural][ls]  snr=+20.0dB [neural][ls]Done (12.42s)
Estimator batch 441/1600 (active points 16/22) [1h 35m 43s elapsed] ...   snr=+4.0dB [neural]  snr=+6.0dB [neural]  snr=+8.0dB [neural][ls]  snr=+10.0dB [neural][ls]  snr=+12.0dB [neural][ls]  snr=+14.0dB [neural][ls]  snr=+16.0dB [neural][ls]  snr=+18.0dB [neural][ls]  snr=+20.0dB [neural][ls]Done (12.43s)
Estimator batch 442/1600 (active points 16/22) [1h 35m 55s elapsed] ...   snr=+4.0dB [neural]  snr=+6.0dB [neural]  snr=+8.0dB [neural][ls]  snr=+10.0dB [neural][ls]  snr=+12.0dB [neural][ls]  snr=+14.0dB [neural][ls]  snr=+16.0dB [neural][ls]  snr=+18.0dB [neural][ls]  snr=+20.0dB [neural][ls]Done (12.53s)
Estimator batch 443/1600 (active points 16/22) [1h 36m 08s elapsed] ...   snr=+4.0dB [neural]  snr=+6.0dB [neural]  snr=+8.0dB [neural][ls]  snr=+10.0dB [neural][ls]  snr=+12.0dB [neural][ls]  snr=+14.0dB [neural][ls]  snr=+16.0dB [neural][ls]  snr=+18.0dB [neural][ls]  snr=+20.0dB [neural][ls]Done (12.44s)
Estimator batch 444/1600 (active points 16/22) [1h 36m 20s elapsed] ...   snr=+4.0dB [neural]  snr=+6.0dB [neural]  snr=+8.0dB [neural][ls]  snr=+10.0dB [neural][ls]  snr=+12.0dB [neural][ls]  snr=+14.0dB [neural][ls]  snr=+16.0dB [neural][ls]  snr=+18.0dB [neural][ls]  snr=+20.0dB [neural][ls]Done (12.46s)
Estimator batch 445/1600 (active points 16/22) [1h 36m 32s elapsed] ...   snr=+4.0dB [neural]  snr=+6.0dB [neural]  snr=+8.0dB [neural][ls]  snr=+10.0dB [neural][ls]  snr=+12.0dB [neural][ls]  snr=+14.0dB [neural][ls]  snr=+16.0dB [neural][ls]  snr=+18.0dB [neural][ls]  snr=+20.0dB [neural][ls]Done (12.40s)
Estimator batch 446/1600 (active points 16/22) [1h 36m 45s elapsed] ...   snr=+4.0dB [neural]  snr=+6.0dB [neural]  snr=+8.0dB [neural][ls]  snr=+10.0dB [neural][ls]  snr=+12.0dB [neural][ls]  snr=+14.0dB [neural][ls]  snr=+16.0dB [neural][ls]  snr=+18.0dB [neural][ls]  snr=+20.0dB [neural][ls]Done (12.43s)
Estimator batch 447/1600 (active points 16/22) [1h 36m 57s elapsed] ...   snr=+4.0dB [neural]  snr=+6.0dB [neural]  snr=+8.0dB [neural][ls]  snr=+10.0dB [neural][ls]  snr=+12.0dB [neural][ls]  snr=+14.0dB [neural][ls]  snr=+16.0dB [neural][ls]  snr=+18.0dB [neural][ls]  snr=+20.0dB [neural][ls]Done (12.43s)
Estimator batch 448/1600 (active points 16/22) [1h 37m 10s elapsed] ...   snr=+4.0dB [neural]  snr=+6.0dB [neural]  snr=+8.0dB [neural][ls]  snr=+10.0dB [neural][ls]  snr=+12.0dB [neural][ls]  snr=+14.0dB [neural][ls]  snr=+16.0dB [neural][ls]  snr=+18.0dB [neural][ls]  snr=+20.0dB [neural][ls]Done (12.42s)
Estimator batch 449/1600 (active points 16/22) [1h 37m 22s elapsed] ...   snr=+4.0dB [neural]  snr=+6.0dB [neural]  snr=+8.0dB [neural][ls]  snr=+10.0dB [neural][ls]  snr=+12.0dB [neural][ls]  snr=+14.0dB [neural][ls]  snr=+16.0dB [neural][ls]  snr=+18.0dB [neural][ls]  snr=+20.0dB [neural][ls]Done (12.73s)
Estimator batch 450/1600 (active points 16/22) [1h 37m 35s elapsed] ...   snr=+4.0dB [neural]  snr=+6.0dB [neural]  snr=+8.0dB [neural][ls]  snr=+10.0dB [neural][ls]  snr=+12.0dB [neural][ls]  snr=+14.0dB [neural][ls]  snr=+16.0dB [neural][ls]  snr=+18.0dB [neural][ls]  snr=+20.0dB [neural][ls]Done (12.52s)
Estimator batch 451/1600 (active points 16/22) [1h 37m 47s elapsed] ...   snr=+4.0dB [neural]  snr=+6.0dB [neural]  snr=+8.0dB [neural][ls]  snr=+10.0dB [neural][ls]  snr=+12.0dB [neural][ls]  snr=+14.0dB [neural][ls]  snr=+16.0dB [neural][ls]  snr=+18.0dB [neural][ls]  snr=+20.0dB [neural][ls]Done (12.46s)
Estimator batch 452/1600 (active points 16/22) [1h 38m 00s elapsed] ...   snr=+4.0dB [neural]  snr=+6.0dB [neural]  snr=+8.0dB [neural][ls]  snr=+10.0dB [neural][ls]  snr=+12.0dB [neural][ls]  snr=+14.0dB [neural][ls]  snr=+16.0dB [neural][ls]  snr=+18.0dB [neural][ls]  snr=+20.0dB [neural][ls]Done (12.42s)
Estimator batch 453/1600 (active points 16/22) [1h 38m 12s elapsed] ...   snr=+4.0dB [neural]  snr=+6.0dB [neural]  snr=+8.0dB [neural][ls]  snr=+10.0dB [neural][ls]  snr=+12.0dB [neural][ls]  snr=+14.0dB [neural][ls]  snr=+16.0dB [neural][ls]  snr=+18.0dB [neural][ls]  snr=+20.0dB [neural][ls]Done (12.49s)
Estimator batch 454/1600 (active points 16/22) [1h 38m 25s elapsed] ...   snr=+4.0dB [neural]  snr=+6.0dB [neural]  snr=+8.0dB [neural][ls]  snr=+10.0dB [neural][ls]  snr=+12.0dB [neural][ls]  snr=+14.0dB [neural][ls]  snr=+16.0dB [neural][ls]  snr=+18.0dB [neural][ls]  snr=+20.0dB [neural][ls]Done (12.39s)
Estimator batch 455/1600 (active points 16/22) [1h 38m 37s elapsed] ...   snr=+4.0dB [neural]  snr=+6.0dB [neural]  snr=+8.0dB [neural][ls]  snr=+10.0dB [neural][ls]  snr=+12.0dB [neural][ls]  snr=+14.0dB [neural][ls]  snr=+16.0dB [neural][ls]  snr=+18.0dB [neural][ls]  snr=+20.0dB [neural][ls]Done (12.46s)
Estimator batch 456/1600 (active points 16/22) [1h 38m 50s elapsed] ...   snr=+4.0dB [neural]  snr=+6.0dB [neural]  snr=+8.0dB [neural][ls]  snr=+10.0dB [neural][ls]  snr=+12.0dB [neural][ls]  snr=+14.0dB [neural][ls]  snr=+16.0dB [neural][ls]  snr=+18.0dB [neural][ls]  snr=+20.0dB [neural][ls]Done (12.40s)
Estimator batch 457/1600 (active points 16/22) [1h 39m 02s elapsed] ...   snr=+4.0dB [neural]  snr=+6.0dB [neural]  snr=+8.0dB [neural][ls]  snr=+10.0dB [neural][ls]  snr=+12.0dB [neural][ls]  snr=+14.0dB [neural][ls]  snr=+16.0dB [neural][ls]  snr=+18.0dB [neural][ls]  snr=+20.0dB [neural][ls]Done (12.41s)
Estimator batch 458/1600 (active points 16/22) [1h 39m 14s elapsed] ...   snr=+4.0dB [neural]  snr=+6.0dB [neural]  snr=+8.0dB [neural][ls]  snr=+10.0dB [neural][ls]  snr=+12.0dB [neural][ls]  snr=+14.0dB [neural][ls]  snr=+16.0dB [neural][ls]  snr=+18.0dB [neural][ls]  snr=+20.0dB [neural][ls]Done (12.47s)
Estimator batch 459/1600 (active points 16/22) [1h 39m 27s elapsed] ...   snr=+4.0dB [neural]  snr=+6.0dB [neural]  snr=+8.0dB [neural][ls]  snr=+10.0dB [neural][ls]  snr=+12.0dB [neural][ls]  snr=+14.0dB [neural][ls]  snr=+16.0dB [neural][ls]  snr=+18.0dB [neural][ls]  snr=+20.0dB [neural][ls]Done (12.42s)
Estimator batch 460/1600 (active points 16/22) [1h 39m 39s elapsed] ...   snr=+4.0dB [neural]  snr=+6.0dB [neural]  snr=+8.0dB [neural][ls]  snr=+10.0dB [neural][ls]  snr=+12.0dB [neural][ls]  snr=+14.0dB [neural][ls]  snr=+16.0dB [neural][ls]  snr=+18.0dB [neural][ls]  snr=+20.0dB [neural][ls]Done (12.48s)
Estimator batch 461/1600 (active points 16/22) [1h 39m 52s elapsed] ...   snr=+4.0dB [neural]  snr=+6.0dB [neural]  snr=+8.0dB [neural][ls]  snr=+10.0dB [neural][ls]  snr=+12.0dB [neural][ls]  snr=+14.0dB [neural][ls]  snr=+16.0dB [neural][ls]  snr=+18.0dB [neural][ls]  snr=+20.0dB [neural][ls]Done (12.39s)
Estimator batch 462/1600 (active points 16/22) [1h 40m 04s elapsed] ...   snr=+4.0dB [neural]  snr=+6.0dB [neural]  snr=+8.0dB [neural][ls]  snr=+10.0dB [neural][ls]  snr=+12.0dB [neural][ls]  snr=+14.0dB [neural][ls]  snr=+16.0dB [neural][ls]  snr=+18.0dB [neural][ls]  snr=+20.0dB [neural][ls]Done (12.47s)
Estimator batch 463/1600 (active points 16/22) [1h 40m 17s elapsed] ...   snr=+4.0dB [neural]  snr=+6.0dB [neural]  snr=+8.0dB [neural][ls]  snr=+10.0dB [neural][ls]  snr=+12.0dB [neural][ls]  snr=+14.0dB [neural][ls]  snr=+16.0dB [neural][ls]  snr=+18.0dB [neural][ls]  snr=+20.0dB [neural][ls]Done (12.54s)
Estimator batch 464/1600 (active points 16/22) [1h 40m 29s elapsed] ...   snr=+4.0dB [neural]  snr=+6.0dB [neural]  snr=+8.0dB [neural][ls]  snr=+10.0dB [neural][ls]  snr=+12.0dB [neural][ls]  snr=+14.0dB [neural][ls]  snr=+16.0dB [neural][ls]  snr=+18.0dB [neural][ls]  snr=+20.0dB [neural][ls]Done (12.42s)
Estimator batch 465/1600 (active points 16/22) [1h 40m 42s elapsed] ...   snr=+4.0dB [neural]  snr=+6.0dB [neural]  snr=+8.0dB [neural][ls]  snr=+10.0dB [neural][ls]  snr=+12.0dB [neural][ls]  snr=+14.0dB [neural][ls]  snr=+16.0dB [neural][ls]  snr=+18.0dB [neural][ls]  snr=+20.0dB [neural][ls]Done (12.44s)
Estimator batch 466/1600 (active points 16/22) [1h 40m 54s elapsed] ...   snr=+4.0dB [neural]  snr=+6.0dB [neural]  snr=+8.0dB [neural][ls]  snr=+10.0dB [neural][ls]  snr=+12.0dB [neural][ls]  snr=+14.0dB [neural][ls]  snr=+16.0dB [neural][ls]  snr=+18.0dB [neural][ls]  snr=+20.0dB [neural][ls]Done (12.40s)
Estimator batch 467/1600 (active points 16/22) [1h 41m 07s elapsed] ...   snr=+4.0dB [neural]  snr=+6.0dB [neural]  snr=+8.0dB [neural][ls]  snr=+10.0dB [neural][ls]  snr=+12.0dB [neural][ls]  snr=+14.0dB [neural][ls]  snr=+16.0dB [neural][ls]  snr=+18.0dB [neural][ls]  snr=+20.0dB [neural][ls]Done (12.43s)
Estimator batch 468/1600 (active points 16/22) [1h 41m 19s elapsed] ...   snr=+4.0dB [neural]  snr=+6.0dB [neural]  snr=+8.0dB [neural][ls]  snr=+10.0dB [neural][ls]  snr=+12.0dB [neural][ls]  snr=+14.0dB [neural][ls]  snr=+16.0dB [neural][ls]  snr=+18.0dB [neural][ls]  snr=+20.0dB [neural][ls]Done (12.41s)
Estimator batch 469/1600 (active points 16/22) [1h 41m 31s elapsed] ...   snr=+4.0dB [neural]  snr=+6.0dB [neural]  snr=+8.0dB [neural][ls]  snr=+10.0dB [neural][ls]  snr=+12.0dB [neural][ls]  snr=+14.0dB [neural][ls]  snr=+16.0dB [neural][ls]  snr=+18.0dB [neural][ls]  snr=+20.0dB [neural][ls]Done (12.41s)
Estimator batch 470/1600 (active points 16/22) [1h 41m 44s elapsed] ...   snr=+4.0dB [neural]  snr=+6.0dB [neural]  snr=+8.0dB [neural][ls]  snr=+10.0dB [neural][ls]  snr=+12.0dB [neural][ls]  snr=+14.0dB [neural][ls]  snr=+16.0dB [neural][ls]  snr=+18.0dB [neural][ls]  snr=+20.0dB [neural][ls]Done (12.44s)
Estimator batch 471/1600 (active points 16/22) [1h 41m 56s elapsed] ...   snr=+4.0dB [neural]  snr=+6.0dB [neural]  snr=+8.0dB [neural][ls]  snr=+10.0dB [neural][ls]  snr=+12.0dB [neural][ls]  snr=+14.0dB [neural][ls]  snr=+16.0dB [neural][ls]  snr=+18.0dB [neural][ls]  snr=+20.0dB [neural][ls]Done (12.41s)
Estimator batch 472/1600 (active points 16/22) [1h 42m 09s elapsed] ...   snr=+4.0dB [neural]  snr=+6.0dB [neural]  snr=+8.0dB [neural][ls]  snr=+10.0dB [neural][ls]  snr=+12.0dB [neural][ls]  snr=+14.0dB [neural][ls]  snr=+16.0dB [neural][ls]  snr=+18.0dB [neural][ls]  snr=+20.0dB [neural][ls]Done (12.40s)
Estimator batch 473/1600 (active points 16/22) [1h 42m 21s elapsed] ...   snr=+4.0dB [neural]  snr=+6.0dB [neural]  snr=+8.0dB [neural][ls]  snr=+10.0dB [neural][ls]  snr=+12.0dB [neural][ls]  snr=+14.0dB [neural][ls]  snr=+16.0dB [neural][ls]  snr=+18.0dB [neural][ls]  snr=+20.0dB [neural][ls]Done (12.97s)
Estimator batch 474/1600 (active points 16/22) [1h 42m 34s elapsed] ...   snr=+4.0dB [neural]  snr=+6.0dB [neural]  snr=+8.0dB [neural][ls]  snr=+10.0dB [neural][ls]  snr=+12.0dB [neural][ls]  snr=+14.0dB [neural][ls]  snr=+16.0dB [neural][ls]  snr=+18.0dB [neural][ls]  snr=+20.0dB [neural][ls]Done (12.41s)
Estimator batch 475/1600 (active points 16/22) [1h 42m 46s elapsed] ...   snr=+4.0dB [neural]  snr=+6.0dB [neural]  snr=+8.0dB [neural][ls]  snr=+10.0dB [neural][ls]  snr=+12.0dB [neural][ls]  snr=+14.0dB [neural][ls]  snr=+16.0dB [neural][ls]  snr=+18.0dB [neural][ls]  snr=+20.0dB [neural][ls]Done (12.47s)
Estimator batch 476/1600 (active points 16/22) [1h 42m 59s elapsed] ...   snr=+4.0dB [neural]  snr=+6.0dB [neural]  snr=+8.0dB [neural][ls]  snr=+10.0dB [neural][ls]  snr=+12.0dB [neural][ls]  snr=+14.0dB [neural][ls]  snr=+16.0dB [neural][ls]  snr=+18.0dB [neural][ls]  snr=+20.0dB [neural][ls]Done (12.43s)
Estimator batch 477/1600 (active points 16/22) [1h 43m 11s elapsed] ...   snr=+4.0dB [neural]  snr=+6.0dB [neural]  snr=+8.0dB [neural][ls]  snr=+10.0dB [neural][ls]  snr=+12.0dB [neural][ls]  snr=+14.0dB [neural][ls]  snr=+16.0dB [neural][ls]  snr=+18.0dB [neural][ls]  snr=+20.0dB [neural][ls]Done (12.47s)
Estimator batch 478/1600 (active points 16/22) [1h 43m 24s elapsed] ...   snr=+4.0dB [neural]  snr=+6.0dB [neural]  snr=+8.0dB [neural][ls]  snr=+10.0dB [neural][ls]  snr=+12.0dB [neural][ls]  snr=+14.0dB [neural][ls]  snr=+16.0dB [neural][ls]  snr=+18.0dB [neural][ls]  snr=+20.0dB [neural][ls]Done (12.42s)
Estimator batch 479/1600 (active points 16/22) [1h 43m 36s elapsed] ...   snr=+4.0dB [neural]  snr=+6.0dB [neural]  snr=+8.0dB [neural][ls]  snr=+10.0dB [neural][ls]  snr=+12.0dB [neural][ls]  snr=+14.0dB [neural][ls]  snr=+16.0dB [neural][ls]  snr=+18.0dB [neural][ls]  snr=+20.0dB [neural][ls]Done (12.41s)
Estimator batch 480/1600 (active points 16/22) [1h 43m 49s elapsed] ...   snr=+4.0dB [neural]  snr=+6.0dB [neural]  snr=+8.0dB [neural][ls]  snr=+10.0dB [neural][ls]  snr=+12.0dB [neural][ls]  snr=+14.0dB [neural][ls]  snr=+16.0dB [neural][ls]  snr=+18.0dB [neural][ls]  snr=+20.0dB [neural][ls]Done (12.49s)
Estimator batch 481/1600 (active points 16/22) [1h 44m 01s elapsed] ...   snr=+4.0dB [neural]  snr=+6.0dB [neural]  snr=+8.0dB [neural][ls]  snr=+10.0dB [neural][ls]  snr=+12.0dB [neural][ls]  snr=+14.0dB [neural][ls]  snr=+16.0dB [neural][ls]  snr=+18.0dB [neural][ls]  snr=+20.0dB [neural][ls]Done (12.43s)
Estimator batch 482/1600 (active points 16/22) [1h 44m 14s elapsed] ...   snr=+4.0dB [neural]  snr=+6.0dB [neural]  snr=+8.0dB [neural][ls]  snr=+10.0dB [neural][ls]  snr=+12.0dB [neural][ls]  snr=+14.0dB [neural][ls]  snr=+16.0dB [neural][ls]  snr=+18.0dB [neural][ls]  snr=+20.0dB [neural][ls]Done (12.47s)
Estimator batch 483/1600 (active points 16/22) [1h 44m 26s elapsed] ...   snr=+4.0dB [neural]  snr=+6.0dB [neural]  snr=+8.0dB [neural][ls]  snr=+10.0dB [neural][ls]  snr=+12.0dB [neural][ls]  snr=+14.0dB [neural][ls]  snr=+16.0dB [neural][ls]  snr=+18.0dB [neural][ls]  snr=+20.0dB [neural][ls]Done (12.43s)
Estimator batch 484/1600 (active points 16/22) [1h 44m 38s elapsed] ...   snr=+4.0dB [neural]  snr=+6.0dB [neural]  snr=+8.0dB [neural][ls]  snr=+10.0dB [neural][ls]  snr=+12.0dB [neural][ls]  snr=+14.0dB [neural][ls]  snr=+16.0dB [neural][ls]  snr=+18.0dB [neural][ls]  snr=+20.0dB [neural][ls]Done (12.45s)
Estimator batch 485/1600 (active points 16/22) [1h 44m 51s elapsed] ...   snr=+4.0dB [neural]  snr=+6.0dB [neural]  snr=+8.0dB [neural][ls]  snr=+10.0dB [neural][ls]  snr=+12.0dB [neural][ls]  snr=+14.0dB [neural][ls]  snr=+16.0dB [neural][ls]  snr=+18.0dB [neural][ls]  snr=+20.0dB [neural][ls]Done (12.45s)
Estimator batch 486/1600 (active points 16/22) [1h 45m 03s elapsed] ...   snr=+4.0dB [neural]  snr=+6.0dB [neural]  snr=+8.0dB [neural][ls]  snr=+10.0dB [neural][ls]  snr=+12.0dB [neural][ls]  snr=+14.0dB [neural][ls]  snr=+16.0dB [neural][ls]  snr=+18.0dB [neural][ls]  snr=+20.0dB [neural][ls]Done (12.47s)
Estimator batch 487/1600 (active points 16/22) [1h 45m 16s elapsed] ...   snr=+4.0dB [neural]  snr=+6.0dB [neural]  snr=+8.0dB [neural][ls]  snr=+10.0dB [neural][ls]  snr=+12.0dB [neural][ls]  snr=+14.0dB [neural][ls]  snr=+16.0dB [neural][ls]  snr=+18.0dB [neural][ls]  snr=+20.0dB [neural][ls]Done (12.43s)
Estimator batch 488/1600 (active points 16/22) [1h 45m 28s elapsed] ...   snr=+4.0dB [neural]  snr=+6.0dB [neural]  snr=+8.0dB [neural][ls]  snr=+10.0dB [neural][ls]  snr=+12.0dB [neural][ls]  snr=+14.0dB [neural][ls]  snr=+16.0dB [neural][ls]  snr=+18.0dB [neural][ls]  snr=+20.0dB [neural][ls]Done (12.44s)
Estimator batch 489/1600 (active points 16/22) [1h 45m 41s elapsed] ...   snr=+4.0dB [neural]  snr=+6.0dB [neural]  snr=+8.0dB [neural][ls]  snr=+10.0dB [neural][ls]  snr=+12.0dB [neural][ls]  snr=+14.0dB [neural][ls]  snr=+16.0dB [neural][ls]  snr=+18.0dB [neural][ls]  snr=+20.0dB [neural][ls]Done (12.42s)
Estimator batch 490/1600 (active points 16/22) [1h 45m 53s elapsed] ...   snr=+4.0dB [neural]  snr=+6.0dB [neural]  snr=+8.0dB [neural][ls]  snr=+10.0dB [neural][ls]  snr=+12.0dB [neural][ls]  snr=+14.0dB [neural][ls]  snr=+16.0dB [neural][ls]  snr=+18.0dB [neural][ls]  snr=+20.0dB [neural][ls]Done (12.42s)
Estimator batch 491/1600 (active points 16/22) [1h 46m 06s elapsed] ...   snr=+4.0dB [neural]  snr=+6.0dB [neural]  snr=+8.0dB [neural][ls]  snr=+10.0dB [neural][ls]  snr=+12.0dB [neural][ls]  snr=+14.0dB [neural][ls]  snr=+16.0dB [neural][ls]  snr=+18.0dB [neural][ls]  snr=+20.0dB [neural][ls]Done (12.47s)
Estimator batch 492/1600 (active points 16/22) [1h 46m 18s elapsed] ...   snr=+4.0dB [neural]  snr=+6.0dB [neural]  snr=+8.0dB [neural][ls]  snr=+10.0dB [neural][ls]  snr=+12.0dB [neural][ls]  snr=+14.0dB [neural][ls]  snr=+16.0dB [neural][ls]  snr=+18.0dB [neural][ls]  snr=+20.0dB [neural][ls]Done (12.47s)
Estimator batch 493/1600 (active points 16/22) [1h 46m 30s elapsed] ...   snr=+4.0dB [neural]  snr=+6.0dB [neural]  snr=+8.0dB [neural][ls]  snr=+10.0dB [neural][ls]  snr=+12.0dB [neural][ls]  snr=+14.0dB [neural][ls]  snr=+16.0dB [neural][ls]  snr=+18.0dB [neural][ls]  snr=+20.0dB [neural][ls]Done (12.43s)
Estimator batch 494/1600 (active points 16/22) [1h 46m 43s elapsed] ...   snr=+4.0dB [neural]  snr=+6.0dB [neural]  snr=+8.0dB [neural][ls]  snr=+10.0dB [neural][ls]  snr=+12.0dB [neural][ls]  snr=+14.0dB [neural][ls]  snr=+16.0dB [neural][ls]  snr=+18.0dB [neural][ls]  snr=+20.0dB [neural][ls]Done (12.41s)
Estimator batch 495/1600 (active points 16/22) [1h 46m 55s elapsed] ...   snr=+4.0dB [neural]  snr=+6.0dB [neural]  snr=+8.0dB [neural][ls]  snr=+10.0dB [neural][ls]  snr=+12.0dB [neural][ls]  snr=+14.0dB [neural][ls]  snr=+16.0dB [neural][ls]  snr=+18.0dB [neural][ls]  snr=+20.0dB [neural][ls]Done (12.40s)
Estimator batch 496/1600 (active points 16/22) [1h 47m 08s elapsed] ...   snr=+4.0dB [neural]  snr=+6.0dB [neural]  snr=+8.0dB [neural][ls]  snr=+10.0dB [neural][ls]  snr=+12.0dB [neural][ls]  snr=+14.0dB [neural][ls]  snr=+16.0dB [neural][ls]  snr=+18.0dB [neural][ls]  snr=+20.0dB [neural][ls]Done (12.48s)
Estimator batch 497/1600 (active points 16/22) [1h 47m 20s elapsed] ...   snr=+4.0dB [neural]  snr=+6.0dB [neural]  snr=+8.0dB [neural][ls]  snr=+10.0dB [neural][ls]  snr=+12.0dB [neural][ls]  snr=+14.0dB [neural][ls]  snr=+16.0dB [neural][ls]  snr=+18.0dB [neural][ls]  snr=+20.0dB [neural][ls]Done (12.52s)
Estimator batch 498/1600 (active points 16/22) [1h 47m 33s elapsed] ...   snr=+4.0dB [neural]  snr=+6.0dB [neural]  snr=+8.0dB [neural][ls]  snr=+10.0dB [neural][ls]  snr=+12.0dB [neural][ls]  snr=+14.0dB [neural][ls]  snr=+16.0dB [neural][ls]  snr=+18.0dB [neural][ls]  snr=+20.0dB [neural][ls]Done (12.42s)
Estimator batch 499/1600 (active points 16/22) [1h 47m 45s elapsed] ...   snr=+4.0dB [neural]  snr=+6.0dB [neural]  snr=+8.0dB [neural][ls]  snr=+10.0dB [neural][ls]  snr=+12.0dB [neural][ls]  snr=+14.0dB [neural][ls]  snr=+16.0dB [neural][ls]  snr=+18.0dB [neural][ls]  snr=+20.0dB [neural][ls]Done (12.43s)
Estimator batch 500/1600 (active points 16/22) [1h 47m 58s elapsed] ...   snr=+4.0dB [neural]  snr=+6.0dB [neural]  snr=+8.0dB [neural][ls]  snr=+10.0dB [neural][ls]  snr=+12.0dB [neural][ls]  snr=+14.0dB [neural][ls]  snr=+16.0dB [neural][ls]  snr=+18.0dB [neural][ls]  snr=+20.0dB [neural][ls]Done (12.46s)
Estimator batch 501/1600 (active points 16/22) [1h 48m 10s elapsed] ...   snr=+4.0dB [neural]  snr=+6.0dB [neural]  snr=+8.0dB [neural][ls]  snr=+10.0dB [neural][ls]  snr=+12.0dB [neural][ls]  snr=+14.0dB [neural][ls]  snr=+16.0dB [neural][ls]  snr=+18.0dB [neural][ls]  snr=+20.0dB [neural][ls]Done (12.50s)
Estimator batch 502/1600 (active points 16/22) [1h 48m 23s elapsed] ...   snr=+4.0dB [neural]  snr=+6.0dB [neural]  snr=+8.0dB [neural][ls]  snr=+10.0dB [neural][ls]  snr=+12.0dB [neural][ls]  snr=+14.0dB [neural][ls]  snr=+16.0dB [neural][ls]  snr=+18.0dB [neural][ls]  snr=+20.0dB [neural][ls]Done (12.46s)
Estimator batch 503/1600 (active points 16/22) [1h 48m 35s elapsed] ...   snr=+4.0dB [neural]  snr=+6.0dB [neural]  snr=+8.0dB [neural][ls]  snr=+10.0dB [neural][ls]  snr=+12.0dB [neural][ls]  snr=+14.0dB [neural][ls]  snr=+16.0dB [neural][ls]  snr=+18.0dB [neural][ls]  snr=+20.0dB [neural][ls]Done (12.45s)
Estimator batch 504/1600 (active points 16/22) [1h 48m 47s elapsed] ...   snr=+4.0dB [neural]  snr=+6.0dB [neural]  snr=+8.0dB [neural][ls]  snr=+10.0dB [neural][ls]  snr=+12.0dB [neural][ls]  snr=+14.0dB [neural][ls]  snr=+16.0dB [neural][ls]  snr=+18.0dB [neural][ls]  snr=+20.0dB [neural][ls]Done (12.46s)
Estimator batch 505/1600 (active points 16/22) [1h 49m 00s elapsed] ...   snr=+4.0dB [neural]  snr=+6.0dB [neural]  snr=+8.0dB [neural][ls]  snr=+10.0dB [neural][ls]  snr=+12.0dB [neural][ls]  snr=+14.0dB [neural][ls]  snr=+16.0dB [neural][ls]  snr=+18.0dB [neural][ls]  snr=+20.0dB [neural][ls]Done (12.45s)
Estimator batch 506/1600 (active points 16/22) [1h 49m 12s elapsed] ...   snr=+4.0dB [neural]  snr=+6.0dB [neural]  snr=+8.0dB [neural][ls]  snr=+10.0dB [neural][ls]  snr=+12.0dB [neural][ls]  snr=+14.0dB [neural][ls]  snr=+16.0dB [neural][ls]  snr=+18.0dB [neural][ls]  snr=+20.0dB [neural][ls]Done (12.56s)
Estimator batch 507/1600 (active points 16/22) [1h 49m 25s elapsed] ...   snr=+4.0dB [neural]  snr=+6.0dB [neural]  snr=+8.0dB [neural][ls]  snr=+10.0dB [neural][ls]  snr=+12.0dB [neural][ls]  snr=+14.0dB [neural][ls]  snr=+16.0dB [neural][ls]  snr=+18.0dB [neural][ls]  snr=+20.0dB [neural][ls]Done (12.44s)
Estimator batch 508/1600 (active points 16/22) [1h 49m 37s elapsed] ...   snr=+4.0dB [neural]  snr=+6.0dB [neural]  snr=+8.0dB [neural][ls]  snr=+10.0dB [neural][ls]  snr=+12.0dB [neural][ls]  snr=+14.0dB [neural][ls]  snr=+16.0dB [neural][ls]  snr=+18.0dB [neural][ls]  snr=+20.0dB [neural][ls]Done (12.50s)
Estimator batch 509/1600 (active points 16/22) [1h 49m 50s elapsed] ...   snr=+4.0dB [neural]  snr=+6.0dB [neural]  snr=+8.0dB [neural][ls]  snr=+10.0dB [neural][ls]  snr=+12.0dB [neural][ls]  snr=+14.0dB [neural][ls]  snr=+16.0dB [neural][ls]  snr=+18.0dB [neural][ls]  snr=+20.0dB [neural][ls]Done (12.47s)
Estimator batch 510/1600 (active points 16/22) [1h 50m 02s elapsed] ...   snr=+4.0dB [neural]  snr=+6.0dB [neural]  snr=+8.0dB [neural][ls]  snr=+10.0dB [neural][ls]  snr=+12.0dB [neural][ls]  snr=+14.0dB [neural][ls]  snr=+16.0dB [neural][ls]  snr=+18.0dB [neural][ls]  snr=+20.0dB [neural][ls]Done (12.48s)
Estimator batch 511/1600 (active points 16/22) [1h 50m 15s elapsed] ...   snr=+4.0dB [neural]  snr=+6.0dB [neural]  snr=+8.0dB [neural][ls]  snr=+10.0dB [neural][ls]  snr=+12.0dB [neural][ls]  snr=+14.0dB [neural][ls]  snr=+16.0dB [neural][ls]  snr=+18.0dB [neural][ls]  snr=+20.0dB [neural][ls]Done (12.51s)
Estimator batch 512/1600 (active points 16/22) [1h 50m 27s elapsed] ...   snr=+4.0dB [neural]  snr=+6.0dB [neural]  snr=+8.0dB [neural][ls]  snr=+10.0dB [neural][ls]  snr=+12.0dB [neural][ls]  snr=+14.0dB [neural][ls]  snr=+16.0dB [neural][ls]  snr=+18.0dB [neural][ls]  snr=+20.0dB [neural][ls]Done (12.53s)
Estimator batch 513/1600 (active points 16/22) [1h 50m 40s elapsed] ...   snr=+4.0dB [neural]  snr=+6.0dB [neural]  snr=+8.0dB [neural][ls]  snr=+10.0dB [neural][ls]  snr=+12.0dB [neural][ls]  snr=+14.0dB [neural][ls]  snr=+16.0dB [neural][ls]  snr=+18.0dB [neural][ls]  snr=+20.0dB [neural][ls]Done (12.46s)
Estimator batch 514/1600 (active points 16/22) [1h 50m 52s elapsed] ...   snr=+4.0dB [neural]  snr=+6.0dB [neural]  snr=+8.0dB [neural][ls]  snr=+10.0dB [neural][ls]  snr=+12.0dB [neural][ls]  snr=+14.0dB [neural][ls]  snr=+16.0dB [neural][ls]  snr=+18.0dB [neural][ls]  snr=+20.0dB [neural][ls]Done (12.48s)
Estimator batch 515/1600 (active points 16/22) [1h 51m 05s elapsed] ...   snr=+4.0dB [neural]  snr=+6.0dB [neural]  snr=+8.0dB [neural][ls]  snr=+10.0dB [neural][ls]  snr=+12.0dB [neural][ls]  snr=+14.0dB [neural][ls]  snr=+16.0dB [neural][ls]  snr=+18.0dB [neural][ls]  snr=+20.0dB [neural][ls]Done (12.45s)
Estimator batch 516/1600 (active points 16/22) [1h 51m 17s elapsed] ...   snr=+4.0dB [neural]  snr=+6.0dB [neural]  snr=+8.0dB [neural][ls]  snr=+10.0dB [neural][ls]  snr=+12.0dB [neural][ls]  snr=+14.0dB [neural][ls]  snr=+16.0dB [neural][ls]  snr=+18.0dB [neural][ls]  snr=+20.0dB [neural][ls]Done (12.49s)
Estimator batch 517/1600 (active points 16/22) [1h 51m 30s elapsed] ...   snr=+4.0dB [neural]  snr=+6.0dB [neural]  snr=+8.0dB [neural][ls]  snr=+10.0dB [neural][ls]  snr=+12.0dB [neural][ls]  snr=+14.0dB [neural][ls]  snr=+16.0dB [neural][ls]  snr=+18.0dB [neural][ls]  snr=+20.0dB [neural][ls]Done (12.46s)
Estimator batch 518/1600 (active points 16/22) [1h 51m 42s elapsed] ...   snr=+4.0dB [neural]  snr=+6.0dB [neural]  snr=+8.0dB [neural][ls]  snr=+10.0dB [neural][ls]  snr=+12.0dB [neural][ls]  snr=+14.0dB [neural][ls]  snr=+16.0dB [neural][ls]  snr=+18.0dB [neural][ls]  snr=+20.0dB [neural][ls]Done (12.53s)
Estimator batch 519/1600 (active points 16/22) [1h 51m 55s elapsed] ...   snr=+4.0dB [neural]  snr=+6.0dB [neural]  snr=+8.0dB [neural][ls]  snr=+10.0dB [neural][ls]  snr=+12.0dB [neural][ls]  snr=+14.0dB [neural][ls]  snr=+16.0dB [neural][ls]  snr=+18.0dB [neural][ls]  snr=+20.0dB [neural][ls]Done (12.55s)
Estimator batch 520/1600 (active points 16/22) [1h 52m 07s elapsed] ...   snr=+4.0dB [neural]  snr=+6.0dB [neural]  snr=+8.0dB [neural][ls]  snr=+10.0dB [neural][ls]  snr=+12.0dB [neural][ls]  snr=+14.0dB [neural][ls]  snr=+16.0dB [neural][ls]  snr=+18.0dB [neural][ls]  snr=+20.0dB [neural][ls]Done (12.52s)
Estimator batch 521/1600 (active points 16/22) [1h 52m 20s elapsed] ...   snr=+4.0dB [neural]  snr=+6.0dB [neural]  snr=+8.0dB [neural][ls]  snr=+10.0dB [neural][ls]  snr=+12.0dB [neural][ls]  snr=+14.0dB [neural][ls]  snr=+16.0dB [neural][ls]  snr=+18.0dB [neural][ls]  snr=+20.0dB [neural][ls]Done (13.07s)
Estimator batch 522/1600 (active points 16/22) [1h 52m 33s elapsed] ...   snr=+4.0dB [neural]  snr=+6.0dB [neural]  snr=+8.0dB [neural][ls]  snr=+10.0dB [neural][ls]  snr=+12.0dB [neural][ls]  snr=+14.0dB [neural][ls]  snr=+16.0dB [neural][ls]  snr=+18.0dB [neural][ls]  snr=+20.0dB [neural][ls]Done (12.85s)
Estimator batch 523/1600 (active points 16/22) [1h 52m 46s elapsed] ...   snr=+4.0dB [neural]  snr=+6.0dB [neural]  snr=+8.0dB [neural][ls]  snr=+10.0dB [neural][ls]  snr=+12.0dB [neural][ls]  snr=+14.0dB [neural][ls]  snr=+16.0dB [neural][ls]  snr=+18.0dB [neural][ls]  snr=+20.0dB [neural][ls]Done (12.51s)
Estimator batch 524/1600 (active points 16/22) [1h 52m 58s elapsed] ...   snr=+4.0dB [neural]  snr=+6.0dB [neural]  snr=+8.0dB [neural][ls]  snr=+10.0dB [neural][ls]  snr=+12.0dB [neural][ls]  snr=+14.0dB [neural][ls]  snr=+16.0dB [neural][ls]  snr=+18.0dB [neural][ls]  snr=+20.0dB [neural][ls]Done (12.52s)
Estimator batch 525/1600 (active points 16/22) [1h 53m 11s elapsed] ...   snr=+4.0dB [neural]  snr=+6.0dB [neural]  snr=+8.0dB [neural][ls]  snr=+10.0dB [neural][ls]  snr=+12.0dB [neural][ls]  snr=+14.0dB [neural][ls]  snr=+16.0dB [neural][ls]  snr=+18.0dB [neural][ls]  snr=+20.0dB [neural][ls]Done (12.59s)
Estimator batch 526/1600 (active points 16/22) [1h 53m 23s elapsed] ...   snr=+4.0dB [neural]  snr=+6.0dB [neural]  snr=+8.0dB [neural][ls]  snr=+10.0dB [neural][ls]  snr=+12.0dB [neural][ls]  snr=+14.0dB [neural][ls]  snr=+16.0dB [neural][ls]  snr=+18.0dB [neural][ls]  snr=+20.0dB [neural][ls]Done (12.59s)
Estimator batch 527/1600 (active points 16/22) [1h 53m 36s elapsed] ...   snr=+4.0dB [neural]  snr=+6.0dB [neural]  snr=+8.0dB [neural][ls]  snr=+10.0dB [neural][ls]  snr=+12.0dB [neural][ls]  snr=+14.0dB [neural][ls]  snr=+16.0dB [neural][ls]  snr=+18.0dB [neural][ls]  snr=+20.0dB [neural][ls]Done (12.52s)
Estimator batch 528/1600 (active points 16/22) [1h 53m 48s elapsed] ...   snr=+4.0dB [neural]  snr=+6.0dB [neural]  snr=+8.0dB [neural][ls]  snr=+10.0dB [neural][ls]  snr=+12.0dB [neural][ls]  snr=+14.0dB [neural][ls]  snr=+16.0dB [neural][ls]  snr=+18.0dB [neural][ls]  snr=+20.0dB [neural][ls]Done (12.51s)
Estimator batch 529/1600 (active points 16/22) [1h 54m 01s elapsed] ...   snr=+4.0dB [neural]  snr=+6.0dB [neural]  snr=+8.0dB [neural][ls]  snr=+10.0dB [neural][ls]  snr=+12.0dB [neural][ls]  snr=+14.0dB [neural][ls]  snr=+16.0dB [neural][ls]  snr=+18.0dB [neural][ls]  snr=+20.0dB [neural][ls]Done (12.52s)
Estimator batch 530/1600 (active points 16/22) [1h 54m 13s elapsed] ...   snr=+4.0dB [neural]  snr=+6.0dB [neural]  snr=+8.0dB [neural][ls]  snr=+10.0dB [neural][ls]  snr=+12.0dB [neural][ls]  snr=+14.0dB [neural][ls]  snr=+16.0dB [neural][ls]  snr=+18.0dB [neural][ls]  snr=+20.0dB [neural][ls]Done (12.57s)
Estimator batch 531/1600 (active points 16/22) [1h 54m 26s elapsed] ...   snr=+4.0dB [neural]  snr=+6.0dB [neural]  snr=+8.0dB [neural][ls]  snr=+10.0dB [neural][ls]  snr=+12.0dB [neural][ls]  snr=+14.0dB [neural][ls]  snr=+16.0dB [neural][ls]  snr=+18.0dB [neural][ls]  snr=+20.0dB [neural][ls]Done (12.54s)
Estimator batch 532/1600 (active points 16/22) [1h 54m 39s elapsed] ...   snr=+4.0dB [neural]  snr=+6.0dB [neural]  snr=+8.0dB [neural][ls]  snr=+10.0dB [neural][ls]  snr=+12.0dB [neural][ls]  snr=+14.0dB [neural][ls]  snr=+16.0dB [neural][ls]  snr=+18.0dB [neural][ls]  snr=+20.0dB [neural][ls]Done (12.57s)
Estimator batch 533/1600 (active points 16/22) [1h 54m 51s elapsed] ...   snr=+4.0dB [neural]  snr=+6.0dB [neural]  snr=+8.0dB [neural][ls]  snr=+10.0dB [neural][ls]  snr=+12.0dB [neural][ls]  snr=+14.0dB [neural][ls]  snr=+16.0dB [neural][ls]  snr=+18.0dB [neural][ls]  snr=+20.0dB [neural][ls]Done (12.50s)
Estimator batch 534/1600 (active points 16/22) [1h 55m 04s elapsed] ...   snr=+4.0dB [neural]  snr=+6.0dB [neural]  snr=+8.0dB [neural][ls]  snr=+10.0dB [neural][ls]  snr=+12.0dB [neural][ls]  snr=+14.0dB [neural][ls]  snr=+16.0dB [neural][ls]  snr=+18.0dB [neural][ls]  snr=+20.0dB [neural][ls]Done (12.52s)
Estimator batch 535/1600 (active points 16/22) [1h 55m 16s elapsed] ...   snr=+4.0dB [neural]  snr=+6.0dB [neural]  snr=+8.0dB [neural][ls]  snr=+10.0dB [neural][ls]  snr=+12.0dB [neural][ls]  snr=+14.0dB [neural][ls]  snr=+16.0dB [neural][ls]  snr=+18.0dB [neural][ls]  snr=+20.0dB [neural][ls]Done (12.53s)
Estimator batch 536/1600 (active points 16/22) [1h 55m 29s elapsed] ...   snr=+4.0dB [neural]  snr=+6.0dB [neural]  snr=+8.0dB [neural][ls]  snr=+10.0dB [neural][ls]  snr=+12.0dB [neural][ls]  snr=+14.0dB [neural][ls]  snr=+16.0dB [neural][ls]  snr=+18.0dB [neural][ls]  snr=+20.0dB [neural][ls]Done (12.50s)
Estimator batch 537/1600 (active points 16/22) [1h 55m 41s elapsed] ...   snr=+4.0dB [neural]  snr=+6.0dB [neural]  snr=+8.0dB [neural][ls]  snr=+10.0dB [neural][ls]  snr=+12.0dB [neural][ls]  snr=+14.0dB [neural][ls]  snr=+16.0dB [neural][ls]  snr=+18.0dB [neural][ls]  snr=+20.0dB [neural][ls]Done (12.51s)
Estimator batch 538/1600 (active points 16/22) [1h 55m 54s elapsed] ...   snr=+4.0dB [neural]  snr=+6.0dB [neural]  snr=+8.0dB [neural][ls]  snr=+10.0dB [neural][ls]  snr=+12.0dB [neural][ls]  snr=+14.0dB [neural][ls]  snr=+16.0dB [neural][ls]  snr=+18.0dB [neural][ls]  snr=+20.0dB [neural][ls]Done (12.50s)
Estimator batch 539/1600 (active points 16/22) [1h 56m 06s elapsed] ...   snr=+4.0dB [neural]  snr=+6.0dB [neural]  snr=+8.0dB [neural][ls]  snr=+10.0dB [neural][ls]  snr=+12.0dB [neural][ls]  snr=+14.0dB [neural][ls]  snr=+16.0dB [neural][ls]  snr=+18.0dB [neural][ls]  snr=+20.0dB [neural][ls]Done (12.50s)
Estimator batch 540/1600 (active points 16/22) [1h 56m 19s elapsed] ...   snr=+4.0dB [neural]  snr=+6.0dB [neural]  snr=+8.0dB [neural][ls]  snr=+10.0dB [neural][ls]  snr=+12.0dB [neural][ls]  snr=+14.0dB [neural][ls]  snr=+16.0dB [neural][ls]  snr=+18.0dB [neural][ls]  snr=+20.0dB [neural][ls]Done (12.57s)
Estimator batch 541/1600 (active points 16/22) [1h 56m 31s elapsed] ...   snr=+4.0dB [neural]  snr=+6.0dB [neural]  snr=+8.0dB [neural][ls]  snr=+10.0dB [neural][ls]  snr=+12.0dB [neural][ls]  snr=+14.0dB [neural][ls]  snr=+16.0dB [neural][ls]  snr=+18.0dB [neural][ls]  snr=+20.0dB [neural][ls]Done (12.46s)
Estimator batch 542/1600 (active points 16/22) [1h 56m 44s elapsed] ...   snr=+4.0dB [neural]  snr=+6.0dB [neural]  snr=+8.0dB [neural][ls]  snr=+10.0dB [neural][ls]  snr=+12.0dB [neural][ls]  snr=+14.0dB [neural][ls]  snr=+16.0dB [neural][ls]  snr=+18.0dB [neural][ls]  snr=+20.0dB [neural][ls]Done (12.53s)
Estimator batch 543/1600 (active points 16/22) [1h 56m 56s elapsed] ...   snr=+4.0dB [neural]  snr=+6.0dB [neural]  snr=+8.0dB [neural][ls]  snr=+10.0dB [neural][ls]  snr=+12.0dB [neural][ls]  snr=+14.0dB [neural][ls]  snr=+16.0dB [neural][ls]  snr=+18.0dB [neural][ls]  snr=+20.0dB [neural][ls]Done (12.49s)
Estimator batch 544/1600 (active points 16/22) [1h 57m 09s elapsed] ...   snr=+4.0dB [neural]  snr=+6.0dB [neural]  snr=+8.0dB [neural][ls]  snr=+10.0dB [neural][ls]  snr=+12.0dB [neural][ls]  snr=+14.0dB [neural][ls]  snr=+16.0dB [neural][ls]  snr=+18.0dB [neural][ls]  snr=+20.0dB [neural][ls]Done (12.52s)
Estimator batch 545/1600 (active points 16/22) [1h 57m 21s elapsed] ...   snr=+4.0dB [neural]  snr=+6.0dB [neural]  snr=+8.0dB [neural][ls]  snr=+10.0dB [neural][ls]  snr=+12.0dB [neural][ls]  snr=+14.0dB [neural][ls]  snr=+16.0dB [neural][ls]  snr=+18.0dB [neural][ls]  snr=+20.0dB [neural][ls]Done (12.49s)
Estimator batch 546/1600 (active points 16/22) [1h 57m 34s elapsed] ...   snr=+4.0dB [neural]  snr=+6.0dB [neural]  snr=+8.0dB [neural][ls]  snr=+10.0dB [neural][ls]  snr=+12.0dB [neural][ls]  snr=+14.0dB [neural][ls]  snr=+16.0dB [neural][ls]  snr=+18.0dB [neural][ls]  snr=+20.0dB [neural][ls]Done (12.49s)
Estimator batch 547/1600 (active points 16/22) [1h 57m 46s elapsed] ...   snr=+4.0dB [neural]  snr=+6.0dB [neural]  snr=+8.0dB [neural][ls]  snr=+10.0dB [neural][ls]  snr=+12.0dB [neural][ls]  snr=+14.0dB [neural][ls]  snr=+16.0dB [neural][ls]  snr=+18.0dB [neural][ls]  snr=+20.0dB [neural][ls]Done (12.52s)
Estimator batch 548/1600 (active points 16/22) [1h 57m 59s elapsed] ...   snr=+4.0dB [neural]  snr=+6.0dB [neural]  snr=+8.0dB [neural][ls]  snr=+10.0dB [neural][ls]  snr=+12.0dB [neural][ls]  snr=+14.0dB [neural][ls]  snr=+16.0dB [neural][ls]  snr=+18.0dB [neural][ls]  snr=+20.0dB [neural][ls]Done (12.53s)
Estimator batch 549/1600 (active points 16/22) [1h 58m 11s elapsed] ...   snr=+4.0dB [neural]  snr=+6.0dB [neural]  snr=+8.0dB [neural][ls]  snr=+10.0dB [neural][ls]  snr=+12.0dB [neural][ls]  snr=+14.0dB [neural][ls]  snr=+16.0dB [neural][ls]  snr=+18.0dB [neural][ls]  snr=+20.0dB [neural][ls]Done (12.56s)
Estimator batch 550/1600 (active points 16/22) [1h 58m 24s elapsed] ...   snr=+4.0dB [neural]  snr=+6.0dB [neural]  snr=+8.0dB [neural][ls]  snr=+10.0dB [neural][ls]  snr=+12.0dB [neural][ls]  snr=+14.0dB [neural][ls]  snr=+16.0dB [neural][ls]  snr=+18.0dB [neural][ls]  snr=+20.0dB [neural][ls]Done (12.48s)
Estimator batch 551/1600 (active points 16/22) [1h 58m 36s elapsed] ...   snr=+4.0dB [neural]  snr=+6.0dB [neural]  snr=+8.0dB [neural][ls]  snr=+10.0dB [neural][ls]  snr=+12.0dB [neural][ls]  snr=+14.0dB [neural][ls]  snr=+16.0dB [neural][ls]  snr=+18.0dB [neural][ls]  snr=+20.0dB [neural][ls]Done (12.49s)
Estimator batch 552/1600 (active points 16/22) [1h 58m 49s elapsed] ...   snr=+4.0dB [neural]  snr=+6.0dB [neural]  snr=+8.0dB [neural][ls]  snr=+10.0dB [neural][ls]  snr=+12.0dB [neural][ls]  snr=+14.0dB [neural][ls]  snr=+16.0dB [neural][ls]  snr=+18.0dB [neural][ls]  snr=+20.0dB [neural][ls]Done (12.52s)
Estimator batch 553/1600 (active points 16/22) [1h 59m 01s elapsed] ...   snr=+4.0dB [neural]  snr=+6.0dB [neural]  snr=+8.0dB [neural][ls]  snr=+10.0dB [neural][ls]  snr=+12.0dB [neural][ls]  snr=+14.0dB [neural][ls]  snr=+16.0dB [neural][ls]  snr=+18.0dB [neural][ls]  snr=+20.0dB [neural][ls]Done (12.48s)
Estimator batch 554/1600 (active points 16/22) [1h 59m 14s elapsed] ...   snr=+4.0dB [neural]  snr=+6.0dB [neural]  snr=+8.0dB [neural][ls]  snr=+10.0dB [neural][ls]  snr=+12.0dB [neural][ls]  snr=+14.0dB [neural][ls]  snr=+16.0dB [neural][ls]  snr=+18.0dB [neural][ls]  snr=+20.0dB [neural][ls]Done (12.49s)
Estimator batch 555/1600 (active points 16/22) [1h 59m 26s elapsed] ...   snr=+4.0dB [neural]  snr=+6.0dB [neural]  snr=+8.0dB [neural][ls]  snr=+10.0dB [neural][ls]  snr=+12.0dB [neural][ls]  snr=+14.0dB [neural][ls]  snr=+16.0dB [neural][ls]  snr=+18.0dB [neural][ls]  snr=+20.0dB [neural][ls]Done (12.48s)
Estimator batch 556/1600 (active points 16/22) [1h 59m 39s elapsed] ...   snr=+4.0dB [neural]  snr=+6.0dB [neural]  snr=+8.0dB [neural][ls]  snr=+10.0dB [neural][ls]  snr=+12.0dB [neural][ls]  snr=+14.0dB [neural][ls]  snr=+16.0dB [neural][ls]  snr=+18.0dB [neural][ls]  snr=+20.0dB [neural][ls]Done (12.48s)
Estimator batch 557/1600 (active points 16/22) [1h 59m 51s elapsed] ...   snr=+4.0dB [neural]  snr=+6.0dB [neural]  snr=+8.0dB [neural][ls]  snr=+10.0dB [neural][ls]  snr=+12.0dB [neural][ls]  snr=+14.0dB [neural][ls]  snr=+16.0dB [neural][ls]  snr=+18.0dB [neural][ls]  snr=+20.0dB [neural][ls]Done (12.49s)
Estimator batch 558/1600 (active points 16/22) [2h 00m 04s elapsed] ...   snr=+4.0dB [neural]  snr=+6.0dB [neural]  snr=+8.0dB [neural][ls]  snr=+10.0dB [neural][ls]  snr=+12.0dB [neural][ls]  snr=+14.0dB [neural][ls]  snr=+16.0dB [neural][ls]  snr=+18.0dB [neural][ls]  snr=+20.0dB [neural][ls]Done (12.46s)
Estimator batch 559/1600 (active points 16/22) [2h 00m 16s elapsed] ...   snr=+4.0dB [neural]  snr=+6.0dB [neural]  snr=+8.0dB [neural][ls]  snr=+10.0dB [neural][ls]  snr=+12.0dB [neural][ls]  snr=+14.0dB [neural][ls]  snr=+16.0dB [neural][ls]  snr=+18.0dB [neural][ls]  snr=+20.0dB [neural][ls]Done (12.49s)
Estimator batch 560/1600 (active points 16/22) [2h 00m 29s elapsed] ...   snr=+4.0dB [neural]  snr=+6.0dB [neural]  snr=+8.0dB [neural][ls]  snr=+10.0dB [neural][ls]  snr=+12.0dB [neural][ls]  snr=+14.0dB [neural][ls]  snr=+16.0dB [neural][ls]  snr=+18.0dB [neural][ls]  snr=+20.0dB [neural][ls]Done (12.54s)
Estimator batch 561/1600 (active points 16/22) [2h 00m 41s elapsed] ...   snr=+4.0dB [neural]  snr=+6.0dB [neural]  snr=+8.0dB [neural][ls]  snr=+10.0dB [neural][ls]  snr=+12.0dB [neural][ls]  snr=+14.0dB [neural][ls]  snr=+16.0dB [neural][ls]  snr=+18.0dB [neural][ls]  snr=+20.0dB [neural][ls]Done (12.47s)
Estimator batch 562/1600 (active points 16/22) [2h 00m 54s elapsed] ...   snr=+4.0dB [neural]  snr=+6.0dB [neural]  snr=+8.0dB [neural][ls]  snr=+10.0dB [neural][ls]  snr=+12.0dB [neural][ls]  snr=+14.0dB [neural][ls]  snr=+16.0dB [neural][ls]  snr=+18.0dB [neural][ls]  snr=+20.0dB [neural][ls]Done (12.45s)
Estimator batch 563/1600 (active points 16/22) [2h 01m 06s elapsed] ...   snr=+4.0dB [neural]  snr=+6.0dB [neural]  snr=+8.0dB [neural][ls]  snr=+10.0dB [neural][ls]  snr=+12.0dB [neural][ls]  snr=+14.0dB [neural][ls]  snr=+16.0dB [neural][ls]  snr=+18.0dB [neural][ls]  snr=+20.0dB [neural][ls]Done (12.47s)
Estimator batch 564/1600 (active points 16/22) [2h 01m 19s elapsed] ...   snr=+4.0dB [neural]  snr=+6.0dB [neural]  snr=+8.0dB [neural][ls]  snr=+10.0dB [neural][ls]  snr=+12.0dB [neural][ls]  snr=+14.0dB [neural][ls]  snr=+16.0dB [neural][ls]  snr=+18.0dB [neural][ls]  snr=+20.0dB [neural][ls]Done (12.50s)
Estimator batch 565/1600 (active points 16/22) [2h 01m 31s elapsed] ...   snr=+4.0dB [neural]  snr=+6.0dB [neural]  snr=+8.0dB [neural][ls]  snr=+10.0dB [neural][ls]  snr=+12.0dB [neural][ls]  snr=+14.0dB [neural][ls]  snr=+16.0dB [neural][ls]  snr=+18.0dB [neural][ls]  snr=+20.0dB [neural][ls]Done (12.48s)
Estimator batch 566/1600 (active points 16/22) [2h 01m 44s elapsed] ...   snr=+4.0dB [neural]  snr=+6.0dB [neural]  snr=+8.0dB [neural][ls]  snr=+10.0dB [neural][ls]  snr=+12.0dB [neural][ls]  snr=+14.0dB [neural][ls]  snr=+16.0dB [neural][ls]  snr=+18.0dB [neural][ls]  snr=+20.0dB [neural][ls]Done (12.48s)
Estimator batch 567/1600 (active points 16/22) [2h 01m 56s elapsed] ...   snr=+4.0dB [neural]  snr=+6.0dB [neural]  snr=+8.0dB [neural][ls]  snr=+10.0dB [neural][ls]  snr=+12.0dB [neural][ls]  snr=+14.0dB [neural][ls]  snr=+16.0dB [neural][ls]  snr=+18.0dB [neural][ls]  snr=+20.0dB [neural][ls]Done (12.47s)
Estimator batch 568/1600 (active points 16/22) [2h 02m 09s elapsed] ...   snr=+4.0dB [neural]  snr=+6.0dB [neural]  snr=+8.0dB [neural][ls]  snr=+10.0dB [neural][ls]  snr=+12.0dB [neural][ls]  snr=+14.0dB [neural][ls]  snr=+16.0dB [neural][ls]  snr=+18.0dB [neural][ls]  snr=+20.0dB [neural][ls]Done (12.50s)
Estimator batch 569/1600 (active points 16/22) [2h 02m 21s elapsed] ...   snr=+4.0dB [neural]  snr=+6.0dB [neural]  snr=+8.0dB [neural][ls]  snr=+10.0dB [neural][ls]  snr=+12.0dB [neural][ls]  snr=+14.0dB [neural][ls]  snr=+16.0dB [neural][ls]  snr=+18.0dB [neural][ls]  snr=+20.0dB [neural][ls]Done (12.95s)
Estimator batch 570/1600 (active points 16/22) [2h 02m 34s elapsed] ...   snr=+4.0dB [neural]  snr=+6.0dB [neural]  snr=+8.0dB [neural][ls]  snr=+10.0dB [neural][ls]  snr=+12.0dB [neural][ls]  snr=+14.0dB [neural][ls]  snr=+16.0dB [neural][ls]  snr=+18.0dB [neural][ls]  snr=+20.0dB [neural][ls]Done (12.42s)
Estimator batch 571/1600 (active points 16/22) [2h 02m 47s elapsed] ...   snr=+4.0dB [neural]  snr=+6.0dB [neural]  snr=+8.0dB [neural][ls]  snr=+10.0dB [neural][ls]  snr=+12.0dB [neural][ls]  snr=+14.0dB [neural][ls]  snr=+16.0dB [neural][ls]  snr=+18.0dB [neural][ls]  snr=+20.0dB [neural][ls]Done (12.45s)
Estimator batch 572/1600 (active points 16/22) [2h 02m 59s elapsed] ...   snr=+4.0dB [neural]  snr=+6.0dB [neural]  snr=+8.0dB [neural][ls]  snr=+10.0dB [neural][ls]  snr=+12.0dB [neural][ls]  snr=+14.0dB [neural][ls]  snr=+16.0dB [neural][ls]  snr=+18.0dB [neural][ls]  snr=+20.0dB [neural][ls]Done (12.46s)
Estimator batch 573/1600 (active points 16/22) [2h 03m 11s elapsed] ...   snr=+4.0dB [neural]  snr=+6.0dB [neural]  snr=+8.0dB [neural][ls]  snr=+10.0dB [neural][ls]  snr=+12.0dB [neural][ls]  snr=+14.0dB [neural][ls]  snr=+16.0dB [neural][ls]  snr=+18.0dB [neural][ls]  snr=+20.0dB [neural][ls]Done (12.50s)
Estimator batch 574/1600 (active points 16/22) [2h 03m 24s elapsed] ...   snr=+4.0dB [neural]  snr=+6.0dB [neural]  snr=+8.0dB [neural][ls]  snr=+10.0dB [neural][ls]  snr=+12.0dB [neural][ls]  snr=+14.0dB [neural][ls]  snr=+16.0dB [neural][ls]  snr=+18.0dB [neural][ls]  snr=+20.0dB [neural][ls]Done (12.42s)
Estimator batch 575/1600 (active points 16/22) [2h 03m 36s elapsed] ...   snr=+4.0dB [neural]  snr=+6.0dB [neural]  snr=+8.0dB [neural][ls]  snr=+10.0dB [neural][ls]  snr=+12.0dB [neural][ls]  snr=+14.0dB [neural][ls]  snr=+16.0dB [neural][ls]  snr=+18.0dB [neural][ls]  snr=+20.0dB [neural][ls]Done (12.44s)
Estimator batch 576/1600 (active points 16/22) [2h 03m 49s elapsed] ...   snr=+4.0dB [neural]  snr=+6.0dB [neural]  snr=+8.0dB [neural][ls]  snr=+10.0dB [neural][ls]  snr=+12.0dB [neural][ls]  snr=+14.0dB [neural][ls]  snr=+16.0dB [neural][ls]  snr=+18.0dB [neural][ls]  snr=+20.0dB [neural][ls]Done (12.53s)
Estimator batch 577/1600 (active points 16/22) [2h 04m 01s elapsed] ...   snr=+4.0dB [neural]  snr=+6.0dB [neural]  snr=+8.0dB [neural][ls]  snr=+10.0dB [neural][ls]  snr=+12.0dB [neural][ls]  snr=+14.0dB [neural][ls]  snr=+16.0dB [neural][ls]  snr=+18.0dB [neural][ls]  snr=+20.0dB [neural][ls]Done (12.41s)
Estimator batch 578/1600 (active points 16/22) [2h 04m 14s elapsed] ...   snr=+4.0dB [neural]  snr=+6.0dB [neural]  snr=+8.0dB [neural][ls]  snr=+10.0dB [neural][ls]  snr=+12.0dB [neural][ls]  snr=+14.0dB [neural][ls]  snr=+16.0dB [neural][ls]  snr=+18.0dB [neural][ls]  snr=+20.0dB [neural][ls]Done (12.48s)
Estimator batch 579/1600 (active points 16/22) [2h 04m 26s elapsed] ...   snr=+4.0dB [neural]  snr=+6.0dB [neural]  snr=+8.0dB [neural][ls]  snr=+10.0dB [neural][ls]  snr=+12.0dB [neural][ls]  snr=+14.0dB [neural][ls]  snr=+16.0dB [neural][ls]  snr=+18.0dB [neural][ls]  snr=+20.0dB [neural][ls]Done (12.79s)
Estimator batch 580/1600 (active points 16/22) [2h 04m 39s elapsed] ...   snr=+4.0dB [neural]  snr=+6.0dB [neural]  snr=+8.0dB [neural][ls]  snr=+10.0dB [neural][ls]  snr=+12.0dB [neural][ls]  snr=+14.0dB [neural][ls]  snr=+16.0dB [neural][ls]  snr=+18.0dB [neural][ls]  snr=+20.0dB [neural][ls]Done (12.42s)
Estimator batch 581/1600 (active points 16/22) [2h 04m 51s elapsed] ...   snr=+4.0dB [neural]  snr=+6.0dB [neural]  snr=+8.0dB [neural][ls]  snr=+10.0dB [neural][ls]  snr=+12.0dB [neural][ls]  snr=+14.0dB [neural][ls]  snr=+16.0dB [neural][ls]  snr=+18.0dB [neural][ls]  snr=+20.0dB [neural][ls]Done (12.41s)
Estimator batch 582/1600 (active points 16/22) [2h 05m 04s elapsed] ...   snr=+4.0dB [neural]  snr=+6.0dB [neural]  snr=+8.0dB [neural][ls]  snr=+10.0dB [neural][ls]  snr=+12.0dB [neural][ls]  snr=+14.0dB [neural][ls]  snr=+16.0dB [neural][ls]  snr=+18.0dB [neural][ls]  snr=+20.0dB [neural][ls]Done (13.37s)
Estimator batch 583/1600 (active points 16/22) [2h 05m 17s elapsed] ...   snr=+4.0dB [neural]  snr=+6.0dB [neural]  snr=+8.0dB [neural][ls]  snr=+10.0dB [neural][ls]  snr=+12.0dB [neural][ls]  snr=+14.0dB [neural][ls]  snr=+16.0dB [neural][ls]  snr=+18.0dB [neural][ls]  snr=+20.0dB [neural][ls]Done (13.53s)
Estimator batch 584/1600 (active points 16/22) [2h 05m 31s elapsed] ...   snr=+4.0dB [neural]  snr=+6.0dB [neural]  snr=+8.0dB [neural][ls]  snr=+10.0dB [neural][ls]  snr=+12.0dB [neural][ls]  snr=+14.0dB [neural][ls]  snr=+16.0dB [neural][ls]  snr=+18.0dB [neural][ls]  snr=+20.0dB [neural][ls]Done (13.19s)
Estimator batch 585/1600 (active points 16/22) [2h 05m 44s elapsed] ...   snr=+4.0dB [neural]  snr=+6.0dB [neural]  snr=+8.0dB [neural][ls]  snr=+10.0dB [neural][ls]  snr=+12.0dB [neural][ls]  snr=+14.0dB [neural][ls]  snr=+16.0dB [neural][ls]  snr=+18.0dB [neural][ls]  snr=+20.0dB [neural][ls]Done (12.49s)
Estimator batch 586/1600 (active points 16/22) [2h 05m 56s elapsed] ...   snr=+4.0dB [neural]  snr=+6.0dB [neural]  snr=+8.0dB [neural][ls]  snr=+10.0dB [neural][ls]  snr=+12.0dB [neural][ls]  snr=+14.0dB [neural][ls]  snr=+16.0dB [neural][ls]  snr=+18.0dB [neural][ls]  snr=+20.0dB [neural][ls]Done (12.48s)
Estimator batch 587/1600 (active points 16/22) [2h 06m 09s elapsed] ...   snr=+4.0dB [neural]  snr=+6.0dB [neural]  snr=+8.0dB [neural][ls]  snr=+10.0dB [neural][ls]  snr=+12.0dB [neural][ls]  snr=+14.0dB [neural][ls]  snr=+16.0dB [neural][ls]  snr=+18.0dB [neural][ls]  snr=+20.0dB [neural][ls]Done (12.48s)
Estimator batch 588/1600 (active points 16/22) [2h 06m 21s elapsed] ...   snr=+4.0dB [neural]  snr=+6.0dB [neural]  snr=+8.0dB [neural][ls]  snr=+10.0dB [neural][ls]  snr=+12.0dB [neural][ls]  snr=+14.0dB [neural][ls]  snr=+16.0dB [neural][ls]  snr=+18.0dB [neural][ls]  snr=+20.0dB [neural][ls]Done (12.47s)
Estimator batch 589/1600 (active points 16/22) [2h 06m 34s elapsed] ...   snr=+4.0dB [neural]  snr=+6.0dB [neural]  snr=+8.0dB [neural][ls]  snr=+10.0dB [neural][ls]  snr=+12.0dB [neural][ls]  snr=+14.0dB [neural][ls]  snr=+16.0dB [neural][ls]  snr=+18.0dB [neural][ls]  snr=+20.0dB [neural][ls]Done (12.42s)
Estimator batch 590/1600 (active points 16/22) [2h 06m 46s elapsed] ...   snr=+4.0dB [neural]  snr=+6.0dB [neural]  snr=+8.0dB [neural][ls]  snr=+10.0dB [neural][ls]  snr=+12.0dB [neural][ls]  snr=+14.0dB [neural][ls]  snr=+16.0dB [neural][ls]  snr=+18.0dB [neural][ls]  snr=+20.0dB [neural][ls]Done (12.45s)
Estimator batch 591/1600 (active points 16/22) [2h 06m 59s elapsed] ...   snr=+4.0dB [neural]  snr=+6.0dB [neural]  snr=+8.0dB [neural][ls]  snr=+10.0dB [neural][ls]  snr=+12.0dB [neural][ls]  snr=+14.0dB [neural][ls]  snr=+16.0dB [neural][ls]  snr=+18.0dB [neural][ls]  snr=+20.0dB [neural][ls]Done (12.46s)
Estimator batch 592/1600 (active points 16/22) [2h 07m 11s elapsed] ...   snr=+4.0dB [neural]  snr=+6.0dB [neural]  snr=+8.0dB [neural][ls]  snr=+10.0dB [neural][ls]  snr=+12.0dB [neural][ls]  snr=+14.0dB [neural][ls]  snr=+16.0dB [neural][ls]  snr=+18.0dB [neural][ls]  snr=+20.0dB [neural][ls]Done (12.45s)
Estimator batch 593/1600 (active points 16/22) [2h 07m 24s elapsed] ...   snr=+4.0dB [neural]  snr=+6.0dB [neural]  snr=+8.0dB [neural][ls]  snr=+10.0dB [neural][ls]  snr=+12.0dB [neural][ls]  snr=+14.0dB [neural][ls]  snr=+16.0dB [neural][ls]  snr=+18.0dB [neural][ls]  snr=+20.0dB [neural][ls]Done (12.50s)
Estimator batch 594/1600 (active points 16/22) [2h 07m 36s elapsed] ...   snr=+4.0dB [neural]  snr=+6.0dB [neural]  snr=+8.0dB [neural][ls]  snr=+10.0dB [neural][ls]  snr=+12.0dB [neural][ls]  snr=+14.0dB [neural][ls]  snr=+16.0dB [neural][ls]  snr=+18.0dB [neural][ls]  snr=+20.0dB [neural][ls]Done (12.45s)
Estimator batch 595/1600 (active points 16/22) [2h 07m 49s elapsed] ...   snr=+4.0dB [neural]  snr=+6.0dB [neural]  snr=+8.0dB [neural][ls]  snr=+10.0dB [neural][ls]  snr=+12.0dB [neural][ls]  snr=+14.0dB [neural][ls]  snr=+16.0dB [neural][ls]  snr=+18.0dB [neural][ls]  snr=+20.0dB [neural][ls]Done (12.51s)
Estimator batch 596/1600 (active points 16/22) [2h 08m 01s elapsed] ...   snr=+4.0dB [neural]  snr=+6.0dB [neural]  snr=+8.0dB [neural][ls]  snr=+10.0dB [neural][ls]  snr=+12.0dB [neural][ls]  snr=+14.0dB [neural][ls]  snr=+16.0dB [neural][ls]  snr=+18.0dB [neural][ls]  snr=+20.0dB [neural][ls]Done (12.47s)
Estimator batch 597/1600 (active points 16/22) [2h 08m 14s elapsed] ...   snr=+4.0dB [neural]  snr=+6.0dB [neural]  snr=+8.0dB [neural][ls]  snr=+10.0dB [neural][ls]  snr=+12.0dB [neural][ls]  snr=+14.0dB [neural][ls]  snr=+16.0dB [neural][ls]  snr=+18.0dB [neural][ls]  snr=+20.0dB [neural][ls]Done (12.83s)
Estimator batch 598/1600 (active points 16/22) [2h 08m 26s elapsed] ...   snr=+4.0dB [neural]  snr=+6.0dB [neural]  snr=+8.0dB [neural][ls]  snr=+10.0dB [neural][ls]  snr=+12.0dB [neural][ls]  snr=+14.0dB [neural][ls]  snr=+16.0dB [neural][ls]  snr=+18.0dB [neural][ls]  snr=+20.0dB [neural][ls]Done (12.57s)
Estimator batch 599/1600 (active points 16/22) [2h 08m 39s elapsed] ...   snr=+4.0dB [neural]  snr=+6.0dB [neural]  snr=+8.0dB [neural][ls]  snr=+10.0dB [neural][ls]  snr=+12.0dB [neural][ls]  snr=+14.0dB [neural][ls]  snr=+16.0dB [neural][ls]  snr=+18.0dB [neural][ls]  snr=+20.0dB [neural][ls]Done (12.48s)
Estimator batch 600/1600 (active points 16/22) [2h 08m 51s elapsed] ...   snr=+4.0dB [neural]  snr=+6.0dB [neural]  snr=+8.0dB [neural][ls]  snr=+10.0dB [neural][ls]  snr=+12.0dB [neural][ls]  snr=+14.0dB [neural][ls]  snr=+16.0dB [neural][ls]  snr=+18.0dB [neural][ls]  snr=+20.0dB [neural][ls]Done (12.46s)
Estimator batch 601/1600 (active points 16/22) [2h 09m 04s elapsed] ...   snr=+4.0dB [neural]  snr=+6.0dB [neural]  snr=+8.0dB [neural][ls]  snr=+10.0dB [neural][ls]  snr=+12.0dB [neural][ls]  snr=+14.0dB [neural][ls]  snr=+16.0dB [neural][ls]  snr=+18.0dB [neural][ls]  snr=+20.0dB [neural][ls]Done (12.54s)
Estimator batch 602/1600 (active points 16/22) [2h 09m 16s elapsed] ...   snr=+4.0dB [neural]  snr=+6.0dB [neural]  snr=+8.0dB [neural][ls]  snr=+10.0dB [neural][ls]  snr=+12.0dB [neural][ls]  snr=+14.0dB [neural][ls]  snr=+16.0dB [neural][ls]  snr=+18.0dB [neural][ls]  snr=+20.0dB [neural][ls]Done (12.47s)
Estimator batch 603/1600 (active points 16/22) [2h 09m 29s elapsed] ...   snr=+4.0dB [neural]  snr=+6.0dB [neural]  snr=+8.0dB [neural][ls]  snr=+10.0dB [neural][ls]  snr=+12.0dB [neural][ls]  snr=+14.0dB [neural][ls]  snr=+16.0dB [neural][ls]  snr=+18.0dB [neural][ls]  snr=+20.0dB [neural][ls]Done (12.51s)
Estimator batch 604/1600 (active points 16/22) [2h 09m 41s elapsed] ...   snr=+4.0dB [neural]  snr=+6.0dB [neural]  snr=+8.0dB [neural][ls]  snr=+10.0dB [neural][ls]  snr=+12.0dB [neural][ls]  snr=+14.0dB [neural][ls]  snr=+16.0dB [neural][ls]  snr=+18.0dB [neural][ls]  snr=+20.0dB [neural][ls]Done (12.46s)
Estimator batch 605/1600 (active points 16/22) [2h 09m 54s elapsed] ...   snr=+4.0dB [neural]  snr=+6.0dB [neural]  snr=+8.0dB [neural][ls]  snr=+10.0dB [neural][ls]  snr=+12.0dB [neural][ls]  snr=+14.0dB [neural][ls]  snr=+16.0dB [neural][ls]  snr=+18.0dB [neural][ls]  snr=+20.0dB [neural][ls]Done (12.46s)
Estimator batch 606/1600 (active points 16/22) [2h 10m 06s elapsed] ...   snr=+4.0dB [neural]  snr=+6.0dB [neural]  snr=+8.0dB [neural][ls]  snr=+10.0dB [neural][ls]  snr=+12.0dB [neural][ls]  snr=+14.0dB [neural][ls]  snr=+16.0dB [neural][ls]  snr=+18.0dB [neural][ls]  snr=+20.0dB [neural][ls]Done (12.57s)
Estimator batch 607/1600 (active points 16/22) [2h 10m 19s elapsed] ...   snr=+4.0dB [neural]  snr=+6.0dB [neural]  snr=+8.0dB [neural][ls]  snr=+10.0dB [neural][ls]  snr=+12.0dB [neural][ls]  snr=+14.0dB [neural][ls]  snr=+16.0dB [neural][ls]  snr=+18.0dB [neural][ls]  snr=+20.0dB [neural][ls]Done (12.49s)
Estimator batch 608/1600 (active points 16/22) [2h 10m 31s elapsed] ...   snr=+4.0dB [neural]  snr=+6.0dB [neural]  snr=+8.0dB [neural][ls]  snr=+10.0dB [neural][ls]  snr=+12.0dB [neural][ls]  snr=+14.0dB [neural][ls]  snr=+16.0dB [neural][ls]  snr=+18.0dB [neural][ls]  snr=+20.0dB [neural][ls]Done (12.63s)
Estimator batch 609/1600 (active points 16/22) [2h 10m 44s elapsed] ...   snr=+4.0dB [neural]  snr=+6.0dB [neural]  snr=+8.0dB [neural][ls]  snr=+10.0dB [neural][ls]  snr=+12.0dB [neural][ls]  snr=+14.0dB [neural][ls]  snr=+16.0dB [neural][ls]  snr=+18.0dB [neural][ls]  snr=+20.0dB [neural][ls]Done (12.49s)
Estimator batch 610/1600 (active points 16/22) [2h 10m 57s elapsed] ...   snr=+4.0dB [neural]  snr=+6.0dB [neural]  snr=+8.0dB [neural][ls]  snr=+10.0dB [neural][ls]  snr=+12.0dB [neural][ls]  snr=+14.0dB [neural][ls]  snr=+16.0dB [neural][ls]  snr=+18.0dB [neural][ls]  snr=+20.0dB [neural][ls]Done (12.51s)
Estimator batch 611/1600 (active points 16/22) [2h 11m 09s elapsed] ...   snr=+4.0dB [neural]  snr=+6.0dB [neural]  snr=+8.0dB [neural][ls]  snr=+10.0dB [neural][ls]  snr=+12.0dB [neural][ls]  snr=+14.0dB [neural][ls]  snr=+16.0dB [neural][ls]  snr=+18.0dB [neural][ls]  snr=+20.0dB [neural][ls]Done (12.44s)
Estimator batch 612/1600 (active points 16/22) [2h 11m 21s elapsed] ...   snr=+4.0dB [neural]  snr=+6.0dB [neural]  snr=+8.0dB [neural][ls]  snr=+10.0dB [neural][ls]  snr=+12.0dB [neural][ls]  snr=+14.0dB [neural][ls]  snr=+16.0dB [neural][ls]  snr=+18.0dB [neural][ls]  snr=+20.0dB [neural][ls]Done (12.48s)
Estimator batch 613/1600 (active points 16/22) [2h 11m 34s elapsed] ...   snr=+4.0dB [neural]  snr=+6.0dB [neural]  snr=+8.0dB [neural][ls]  snr=+10.0dB [neural][ls]  snr=+12.0dB [neural][ls]  snr=+14.0dB [neural][ls]  snr=+16.0dB [neural][ls]  snr=+18.0dB [neural][ls]  snr=+20.0dB [neural][ls]Done (12.50s)
Estimator batch 614/1600 (active points 16/22) [2h 11m 46s elapsed] ...   snr=+4.0dB [neural]  snr=+6.0dB [neural]  snr=+8.0dB [neural][ls]  snr=+10.0dB [neural][ls]  snr=+12.0dB [neural][ls]  snr=+14.0dB [neural][ls]  snr=+16.0dB [neural][ls]  snr=+18.0dB [neural][ls]  snr=+20.0dB [neural][ls]Done (12.44s)
Estimator batch 615/1600 (active points 16/22) [2h 11m 59s elapsed] ...   snr=+4.0dB [neural]  snr=+6.0dB [neural]  snr=+8.0dB [neural][ls]  snr=+10.0dB [neural][ls]  snr=+12.0dB [neural][ls]  snr=+14.0dB [neural][ls]  snr=+16.0dB [neural][ls]  snr=+18.0dB [neural][ls]  snr=+20.0dB [neural][ls]Done (12.48s)
Estimator batch 616/1600 (active points 16/22) [2h 12m 11s elapsed] ...   snr=+4.0dB [neural]  snr=+6.0dB [neural]  snr=+8.0dB [neural][ls]  snr=+10.0dB [neural][ls]  snr=+12.0dB [neural][ls]  snr=+14.0dB [neural][ls]  snr=+16.0dB [neural][ls]  snr=+18.0dB [neural][ls]  snr=+20.0dB [neural][ls]Done (12.43s)
Estimator batch 617/1600 (active points 16/22) [2h 12m 24s elapsed] ...   snr=+4.0dB [neural]  snr=+6.0dB [neural]  snr=+8.0dB [neural][ls]  snr=+10.0dB [neural][ls]  snr=+12.0dB [neural][ls]  snr=+14.0dB [neural][ls]  snr=+16.0dB [neural][ls]  snr=+18.0dB [neural][ls]  snr=+20.0dB [neural][ls]Done (12.97s)
Estimator batch 618/1600 (active points 16/22) [2h 12m 37s elapsed] ...   snr=+4.0dB [neural]  snr=+6.0dB [neural]  snr=+8.0dB [neural][ls]  snr=+10.0dB [neural][ls]  snr=+12.0dB [neural][ls]  snr=+14.0dB [neural][ls]  snr=+16.0dB [neural][ls]  snr=+18.0dB [neural][ls]  snr=+20.0dB [neural][ls]Done (12.48s)
Estimator batch 619/1600 (active points 16/22) [2h 12m 49s elapsed] ...   snr=+4.0dB [neural]  snr=+6.0dB [neural]  snr=+8.0dB [neural][ls]  snr=+10.0dB [neural][ls]  snr=+12.0dB [neural][ls]  snr=+14.0dB [neural][ls]  snr=+16.0dB [neural][ls]  snr=+18.0dB [neural][ls]  snr=+20.0dB [neural][ls]Done (12.46s)
Estimator batch 620/1600 (active points 16/22) [2h 13m 02s elapsed] ...   snr=+4.0dB [neural]  snr=+6.0dB [neural]  snr=+8.0dB [neural][ls]  snr=+10.0dB [neural][ls]  snr=+12.0dB [neural][ls]  snr=+14.0dB [neural][ls]  snr=+16.0dB [neural][ls]  snr=+18.0dB [neural][ls]  snr=+20.0dB [neural][ls]Done (12.42s)
Estimator batch 621/1600 (active points 16/22) [2h 13m 14s elapsed] ...   snr=+4.0dB [neural]  snr=+6.0dB [neural]  snr=+8.0dB [neural][ls]  snr=+10.0dB [neural][ls]  snr=+12.0dB [neural][ls]  snr=+14.0dB [neural][ls]  snr=+16.0dB [neural][ls]  snr=+18.0dB [neural][ls]  snr=+20.0dB [neural][ls]Done (12.51s)
Estimator batch 622/1600 (active points 16/22) [2h 13m 27s elapsed] ...   snr=+4.0dB [neural]  snr=+6.0dB [neural]  snr=+8.0dB [neural][ls]  snr=+10.0dB [neural][ls]  snr=+12.0dB [neural][ls]  snr=+14.0dB [neural][ls]  snr=+16.0dB [neural][ls]  snr=+18.0dB [neural][ls]  snr=+20.0dB [neural][ls]Done (12.44s)
Estimator batch 623/1600 (active points 16/22) [2h 13m 39s elapsed] ...   snr=+4.0dB [neural]  snr=+6.0dB [neural]  snr=+8.0dB [neural][ls]  snr=+10.0dB [neural][ls]  snr=+12.0dB [neural][ls]  snr=+14.0dB [neural][ls]  snr=+16.0dB [neural][ls]  snr=+18.0dB [neural][ls]  snr=+20.0dB [neural][ls]Done (12.67s)
Estimator batch 624/1600 (active points 16/22) [2h 13m 52s elapsed] ...   snr=+4.0dB [neural]  snr=+6.0dB [neural]  snr=+8.0dB [neural][ls]  snr=+10.0dB [neural][ls]  snr=+12.0dB [neural][ls]  snr=+14.0dB [neural][ls]  snr=+16.0dB [neural][ls]  snr=+18.0dB [neural][ls]  snr=+20.0dB [neural][ls]Done (12.45s)
Estimator batch 625/1600 (active points 16/22) [2h 14m 04s elapsed] ...   snr=+4.0dB [neural]  snr=+6.0dB [neural]  snr=+8.0dB [neural][ls]  snr=+10.0dB [neural][ls]  snr=+12.0dB [neural][ls]  snr=+14.0dB [neural][ls]  snr=+16.0dB [neural][ls]  snr=+18.0dB [neural][ls]  snr=+20.0dB [neural][ls]Done (12.44s)
Estimator batch 626/1600 (active points 16/22) [2h 14m 17s elapsed] ...   snr=+4.0dB [neural]  snr=+6.0dB [neural]  snr=+8.0dB [neural][ls]  snr=+10.0dB [neural][ls]  snr=+12.0dB [neural][ls]  snr=+14.0dB [neural][ls]  snr=+16.0dB [neural][ls]  snr=+18.0dB [neural][ls]  snr=+20.0dB [neural][ls]Done (12.46s)
Estimator batch 627/1600 (active points 16/22) [2h 14m 29s elapsed] ...   snr=+4.0dB [neural]  snr=+6.0dB [neural]  snr=+8.0dB [neural][ls]  snr=+10.0dB [neural][ls]  snr=+12.0dB [neural][ls]  snr=+14.0dB [neural][ls]  snr=+16.0dB [neural][ls]  snr=+18.0dB [neural][ls]  snr=+20.0dB [neural][ls]Done (12.46s)
Estimator batch 628/1600 (active points 16/22) [2h 14m 42s elapsed] ...   snr=+4.0dB [neural]  snr=+6.0dB [neural]  snr=+8.0dB [neural][ls]  snr=+10.0dB [neural][ls]  snr=+12.0dB [neural][ls]  snr=+14.0dB [neural][ls]  snr=+16.0dB [neural][ls]  snr=+18.0dB [neural][ls]  snr=+20.0dB [neural][ls]Done (12.45s)
Estimator batch 629/1600 (active points 16/22) [2h 14m 54s elapsed] ...   snr=+4.0dB [neural]  snr=+6.0dB [neural]  snr=+8.0dB [neural][ls]  snr=+10.0dB [neural][ls]  snr=+12.0dB [neural][ls]  snr=+14.0dB [neural][ls]  snr=+16.0dB [neural][ls]  snr=+18.0dB [neural][ls]  snr=+20.0dB [neural][ls]Done (12.47s)
Estimator batch 630/1600 (active points 16/22) [2h 15m 07s elapsed] ...   snr=+4.0dB [neural]  snr=+6.0dB [neural]  snr=+8.0dB [neural][ls]  snr=+10.0dB [neural][ls]  snr=+12.0dB [neural][ls]  snr=+14.0dB [neural][ls]  snr=+16.0dB [neural][ls]  snr=+18.0dB [neural][ls]  snr=+20.0dB [neural][ls]Done (12.49s)
Estimator batch 631/1600 (active points 16/22) [2h 15m 19s elapsed] ...   snr=+4.0dB [neural]  snr=+6.0dB [neural]  snr=+8.0dB [neural][ls]  snr=+10.0dB [neural][ls]  snr=+12.0dB [neural][ls]  snr=+14.0dB [neural][ls]  snr=+16.0dB [neural][ls]  snr=+18.0dB [neural][ls]  snr=+20.0dB [neural][ls]Done (12.48s)
Estimator batch 632/1600 (active points 16/22) [2h 15m 31s elapsed] ...   snr=+4.0dB [neural]  snr=+6.0dB [neural]  snr=+8.0dB [neural][ls]  snr=+10.0dB [neural][ls]  snr=+12.0dB [neural][ls]  snr=+14.0dB [neural][ls]  snr=+16.0dB [neural][ls]  snr=+18.0dB [neural][ls]  snr=+20.0dB [neural][ls]Done (12.47s)
Estimator batch 633/1600 (active points 16/22) [2h 15m 44s elapsed] ...   snr=+4.0dB [neural]  snr=+6.0dB [neural]  snr=+8.0dB [neural][ls]  snr=+10.0dB [neural][ls]  snr=+12.0dB [neural][ls]  snr=+14.0dB [neural][ls]  snr=+16.0dB [neural][ls]  snr=+18.0dB [neural][ls]  snr=+20.0dB [neural][ls]Done (12.52s)
Estimator batch 634/1600 (active points 16/22) [2h 15m 56s elapsed] ...   snr=+4.0dB [neural]  snr=+6.0dB [neural]  snr=+8.0dB [neural][ls]  snr=+10.0dB [neural][ls]  snr=+12.0dB [neural][ls]  snr=+14.0dB [neural][ls]  snr=+16.0dB [neural][ls]  snr=+18.0dB [neural][ls]  snr=+20.0dB [neural][ls]Done (12.53s)
Estimator batch 635/1600 (active points 16/22) [2h 16m 09s elapsed] ...   snr=+4.0dB [neural]  snr=+6.0dB [neural]  snr=+8.0dB [neural][ls]  snr=+10.0dB [neural][ls]  snr=+12.0dB [neural][ls]  snr=+14.0dB [neural][ls]  snr=+16.0dB [neural][ls]  snr=+18.0dB [neural][ls]  snr=+20.0dB [neural][ls]Done (12.56s)
Estimator batch 636/1600 (active points 16/22) [2h 16m 22s elapsed] ...   snr=+4.0dB [neural]  snr=+6.0dB [neural]  snr=+8.0dB [neural][ls]  snr=+10.0dB [neural][ls]  snr=+12.0dB [neural][ls]  snr=+14.0dB [neural][ls]  snr=+16.0dB [neural][ls]  snr=+18.0dB [neural][ls]  snr=+20.0dB [neural][ls]Done (12.44s)
Estimator batch 637/1600 (active points 16/22) [2h 16m 34s elapsed] ...   snr=+4.0dB [neural]  snr=+6.0dB [neural]  snr=+8.0dB [neural][ls]  snr=+10.0dB [neural][ls]  snr=+12.0dB [neural][ls]  snr=+14.0dB [neural][ls]  snr=+16.0dB [neural][ls]  snr=+18.0dB [neural][ls]  snr=+20.0dB [neural][ls]Done (12.49s)
Estimator batch 638/1600 (active points 16/22) [2h 16m 46s elapsed] ...   snr=+4.0dB [neural]  snr=+6.0dB [neural]  snr=+8.0dB [neural][ls]  snr=+10.0dB [neural][ls]  snr=+12.0dB [neural][ls]  snr=+14.0dB [neural][ls]  snr=+16.0dB [neural][ls]  snr=+18.0dB [neural][ls]  snr=+20.0dB [neural][ls]Done (12.49s)
Estimator batch 639/1600 (active points 16/22) [2h 16m 59s elapsed] ...   snr=+4.0dB [neural]  snr=+6.0dB [neural]  snr=+8.0dB [neural][ls]  snr=+10.0dB [neural][ls]  snr=+12.0dB [neural][ls]  snr=+14.0dB [neural][ls]  snr=+16.0dB [neural][ls]  snr=+18.0dB [neural][ls]  snr=+20.0dB [neural][ls]Done (12.48s)
Estimator batch 640/1600 (active points 16/22) [2h 17m 11s elapsed] ...   snr=+4.0dB [neural]  snr=+6.0dB [neural]  snr=+8.0dB [neural][ls]  snr=+10.0dB [neural][ls]  snr=+12.0dB [neural][ls]  snr=+14.0dB [neural][ls]  snr=+16.0dB [neural][ls]  snr=+18.0dB [neural][ls]  snr=+20.0dB [neural][ls]Done (12.46s)
Estimator batch 641/1600 (active points 16/22) [2h 17m 24s elapsed] ...   snr=+4.0dB [neural]  snr=+6.0dB [neural]  snr=+8.0dB [neural][ls]  snr=+10.0dB [neural][ls]  snr=+12.0dB [neural][ls]  snr=+14.0dB [neural][ls]  snr=+16.0dB [neural][ls]  snr=+18.0dB [neural][ls]  snr=+20.0dB [neural][ls]Done (12.42s)
Estimator batch 642/1600 (active points 16/22) [2h 17m 36s elapsed] ...   snr=+4.0dB [neural]  snr=+6.0dB [neural]  snr=+8.0dB [neural][ls]  snr=+10.0dB [neural][ls]  snr=+12.0dB [neural][ls]  snr=+14.0dB [neural][ls]  snr=+16.0dB [neural][ls]  snr=+18.0dB [neural][ls]  snr=+20.0dB [neural][ls]Done (12.42s)
Estimator batch 643/1600 (active points 16/22) [2h 17m 49s elapsed] ...   snr=+4.0dB [neural]  snr=+6.0dB [neural]  snr=+8.0dB [neural][ls]  snr=+10.0dB [neural][ls]  snr=+12.0dB [neural][ls]  snr=+14.0dB [neural][ls]  snr=+16.0dB [neural][ls]  snr=+18.0dB [neural][ls]  snr=+20.0dB [neural][ls]Done (12.44s)
Estimator batch 644/1600 (active points 16/22) [2h 18m 01s elapsed] ...   snr=+4.0dB [neural]  snr=+6.0dB [neural]  snr=+8.0dB [neural][ls]  snr=+10.0dB [neural][ls]  snr=+12.0dB [neural][ls]  snr=+14.0dB [neural][ls]  snr=+16.0dB [neural][ls]  snr=+18.0dB [neural][ls]  snr=+20.0dB [neural][ls]Done (12.45s)
Estimator batch 645/1600 (active points 16/22) [2h 18m 14s elapsed] ...   snr=+4.0dB [neural]  snr=+6.0dB [neural]  snr=+8.0dB [neural][ls]  snr=+10.0dB [neural][ls]  snr=+12.0dB [neural][ls]  snr=+14.0dB [neural][ls]  snr=+16.0dB [neural][ls]  snr=+18.0dB [neural][ls]  snr=+20.0dB [neural][ls]Done (12.45s)
Estimator batch 646/1600 (active points 16/22) [2h 18m 26s elapsed] ...   snr=+4.0dB [neural]  snr=+6.0dB [neural]  snr=+8.0dB [neural][ls]  snr=+10.0dB [neural][ls]  snr=+12.0dB [neural][ls]  snr=+14.0dB [neural][ls]  snr=+16.0dB [neural][ls]  snr=+18.0dB [neural][ls]  snr=+20.0dB [neural][ls]Done (12.42s)
Estimator batch 647/1600 (active points 16/22) [2h 18m 39s elapsed] ...   snr=+4.0dB [neural]  snr=+6.0dB [neural]  snr=+8.0dB [neural][ls]  snr=+10.0dB [neural][ls]  snr=+12.0dB [neural][ls]  snr=+14.0dB [neural][ls]  snr=+16.0dB [neural][ls]  snr=+18.0dB [neural][ls]  snr=+20.0dB [neural][ls]Done (12.41s)
Estimator batch 648/1600 (active points 16/22) [2h 18m 51s elapsed] ...   snr=+4.0dB [neural]  snr=+6.0dB [neural]  snr=+8.0dB [neural][ls]  snr=+10.0dB [neural][ls]  snr=+12.0dB [neural][ls]  snr=+14.0dB [neural][ls]  snr=+16.0dB [neural][ls]  snr=+18.0dB [neural][ls]  snr=+20.0dB [neural][ls]Done (12.42s)
Estimator batch 649/1600 (active points 16/22) [2h 19m 03s elapsed] ...   snr=+4.0dB [neural]  snr=+6.0dB [neural]  snr=+8.0dB [neural][ls]  snr=+10.0dB [neural][ls]  snr=+12.0dB [neural][ls]  snr=+14.0dB [neural][ls]  snr=+16.0dB [neural][ls]  snr=+18.0dB [neural][ls]  snr=+20.0dB [neural][ls]Done (12.46s)
Estimator batch 650/1600 (active points 16/22) [2h 19m 16s elapsed] ...   snr=+4.0dB [neural]  snr=+6.0dB [neural]  snr=+8.0dB [neural][ls]  snr=+10.0dB [neural][ls]  snr=+12.0dB [neural][ls]  snr=+14.0dB [neural][ls]  snr=+16.0dB [neural][ls]  snr=+18.0dB [neural][ls]  snr=+20.0dB [neural][ls]Done (12.43s)
Estimator batch 651/1600 (active points 16/22) [2h 19m 28s elapsed] ...   snr=+4.0dB [neural]  snr=+6.0dB [neural]  snr=+8.0dB [neural][ls]  snr=+10.0dB [neural][ls]  snr=+12.0dB [neural][ls]  snr=+14.0dB [neural][ls]  snr=+16.0dB [neural][ls]  snr=+18.0dB [neural][ls]  snr=+20.0dB [neural][ls]Done (12.45s)
Estimator batch 652/1600 (active points 16/22) [2h 19m 41s elapsed] ...   snr=+4.0dB [neural]  snr=+6.0dB [neural]  snr=+8.0dB [neural][ls]  snr=+10.0dB [neural][ls]  snr=+12.0dB [neural][ls]  snr=+14.0dB [neural][ls]  snr=+16.0dB [neural][ls]  snr=+18.0dB [neural][ls]  snr=+20.0dB [neural][ls]Done (12.40s)
Estimator batch 653/1600 (active points 16/22) [2h 19m 53s elapsed] ...   snr=+4.0dB [neural]  snr=+6.0dB [neural]  snr=+8.0dB [neural][ls]  snr=+10.0dB [neural][ls]  snr=+12.0dB [neural][ls]  snr=+14.0dB [neural][ls]  snr=+16.0dB [neural][ls]  snr=+18.0dB [neural][ls]  snr=+20.0dB [neural][ls]Done (12.40s)
Estimator batch 654/1600 (active points 16/22) [2h 20m 06s elapsed] ...   snr=+4.0dB [neural]  snr=+6.0dB [neural]  snr=+8.0dB [neural][ls]  snr=+10.0dB [neural][ls]  snr=+12.0dB [neural][ls]  snr=+14.0dB [neural][ls]  snr=+16.0dB [neural][ls]  snr=+18.0dB [neural][ls]  snr=+20.0dB [neural][ls]Done (12.48s)
Estimator batch 655/1600 (active points 16/22) [2h 20m 18s elapsed] ...   snr=+4.0dB [neural]  snr=+6.0dB [neural]  snr=+8.0dB [neural][ls]  snr=+10.0dB [neural][ls]  snr=+12.0dB [neural][ls]  snr=+14.0dB [neural][ls]  snr=+16.0dB [neural][ls]  snr=+18.0dB [neural][ls]  snr=+20.0dB [neural][ls]Done (12.42s)
Estimator batch 656/1600 (active points 16/22) [2h 20m 30s elapsed] ...   snr=+4.0dB [neural]  snr=+6.0dB [neural]  snr=+8.0dB [neural][ls]  snr=+10.0dB [neural][ls]  snr=+12.0dB [neural][ls]  snr=+14.0dB [neural][ls]  snr=+16.0dB [neural][ls]  snr=+18.0dB [neural][ls]  snr=+20.0dB [neural][ls]Done (12.43s)
Estimator batch 657/1600 (active points 16/22) [2h 20m 43s elapsed] ...   snr=+4.0dB [neural]  snr=+6.0dB [neural]  snr=+8.0dB [neural][ls]  snr=+10.0dB [neural][ls]  snr=+12.0dB [neural][ls]  snr=+14.0dB [neural][ls]  snr=+16.0dB [neural][ls]  snr=+18.0dB [neural][ls]  snr=+20.0dB [neural][ls]Done (12.43s)
Estimator batch 658/1600 (active points 16/22) [2h 20m 55s elapsed] ...   snr=+4.0dB [neural]  snr=+6.0dB [neural]  snr=+8.0dB [neural][ls]  snr=+10.0dB [neural][ls]  snr=+12.0dB [neural][ls]  snr=+14.0dB [neural][ls]  snr=+16.0dB [neural][ls]  snr=+18.0dB [neural][ls]  snr=+20.0dB [neural][ls]Done (12.40s)
Estimator batch 659/1600 (active points 16/22) [2h 21m 08s elapsed] ...   snr=+4.0dB [neural]  snr=+6.0dB [neural]  snr=+8.0dB [neural][ls]  snr=+10.0dB [neural][ls]  snr=+12.0dB [neural][ls]  snr=+14.0dB [neural][ls]  snr=+16.0dB [neural][ls]  snr=+18.0dB [neural][ls]  snr=+20.0dB [neural][ls]Done (12.45s)
Estimator batch 660/1600 (active points 16/22) [2h 21m 20s elapsed] ...   snr=+4.0dB [neural]  snr=+6.0dB [neural]  snr=+8.0dB [neural][ls]  snr=+10.0dB [neural][ls]  snr=+12.0dB [neural][ls]  snr=+14.0dB [neural][ls]  snr=+16.0dB [neural][ls]  snr=+18.0dB [neural][ls]  snr=+20.0dB [neural][ls]Done (12.51s)
Estimator batch 661/1600 (active points 16/22) [2h 21m 33s elapsed] ...   snr=+4.0dB [neural]  snr=+6.0dB [neural]  snr=+8.0dB [neural][ls]  snr=+10.0dB [neural][ls]  snr=+12.0dB [neural][ls]  snr=+14.0dB [neural][ls]  snr=+16.0dB [neural][ls]  snr=+18.0dB [neural][ls]  snr=+20.0dB [neural][ls]Done (12.41s)
Estimator batch 662/1600 (active points 16/22) [2h 21m 45s elapsed] ...   snr=+4.0dB [neural]  snr=+6.0dB [neural]  snr=+8.0dB [neural][ls]  snr=+10.0dB [neural][ls]  snr=+12.0dB [neural][ls]  snr=+14.0dB [neural][ls]  snr=+16.0dB [neural][ls]  snr=+18.0dB [neural][ls]  snr=+20.0dB [neural][ls]Done (12.42s)
Estimator batch 663/1600 (active points 16/22) [2h 21m 57s elapsed] ...   snr=+4.0dB [neural]  snr=+6.0dB [neural]  snr=+8.0dB [neural][ls]  snr=+10.0dB [neural][ls]  snr=+12.0dB [neural][ls]  snr=+14.0dB [neural][ls]  snr=+16.0dB [neural][ls]  snr=+18.0dB [neural][ls]  snr=+20.0dB [neural][ls]Done (12.42s)
Estimator batch 664/1600 (active points 16/22) [2h 22m 10s elapsed] ...   snr=+4.0dB [neural]  snr=+6.0dB [neural]  snr=+8.0dB [neural][ls]  snr=+10.0dB [neural][ls]  snr=+12.0dB [neural][ls]  snr=+14.0dB [neural][ls]  snr=+16.0dB [neural][ls]  snr=+18.0dB [neural][ls]  snr=+20.0dB [neural][ls]Done (12.45s)
Estimator batch 665/1600 (active points 16/22) [2h 22m 22s elapsed] ...   snr=+4.0dB [neural]  snr=+6.0dB [neural]  snr=+8.0dB [neural][ls]  snr=+10.0dB [neural][ls]  snr=+12.0dB [neural][ls]  snr=+14.0dB [neural][ls]  snr=+16.0dB [neural][ls]  snr=+18.0dB [neural][ls]  snr=+20.0dB [neural][ls]Done (12.96s)
Estimator batch 666/1600 (active points 16/22) [2h 22m 35s elapsed] ...   snr=+4.0dB [neural]  snr=+6.0dB [neural]  snr=+8.0dB [neural][ls]  snr=+10.0dB [neural][ls]  snr=+12.0dB [neural][ls]  snr=+14.0dB [neural][ls]  snr=+16.0dB [neural][ls]  snr=+18.0dB [neural][ls]  snr=+20.0dB [neural][ls]Done (12.43s)
Estimator batch 667/1600 (active points 16/22) [2h 22m 48s elapsed] ...   snr=+4.0dB [neural]  snr=+6.0dB [neural]  snr=+8.0dB [neural][ls]  snr=+10.0dB [neural][ls]  snr=+12.0dB [neural][ls]  snr=+14.0dB [neural][ls]  snr=+16.0dB [neural][ls]  snr=+18.0dB [neural][ls]  snr=+20.0dB [neural][ls]Done (12.47s)
Estimator batch 668/1600 (active points 16/22) [2h 23m 00s elapsed] ...   snr=+4.0dB [neural]  snr=+6.0dB [neural]  snr=+8.0dB [neural][ls]  snr=+10.0dB [neural][ls]  snr=+12.0dB [neural][ls]  snr=+14.0dB [neural][ls]  snr=+16.0dB [neural][ls]  snr=+18.0dB [neural][ls]  snr=+20.0dB [neural][ls]Done (12.46s)
Estimator batch 669/1600 (active points 16/22) [2h 23m 13s elapsed] ...   snr=+4.0dB [neural]  snr=+6.0dB [neural]  snr=+8.0dB [neural][ls]  snr=+10.0dB [neural][ls]  snr=+12.0dB [neural][ls]  snr=+14.0dB [neural][ls]  snr=+16.0dB [neural][ls]  snr=+18.0dB [neural][ls]  snr=+20.0dB [neural][ls]Done (12.48s)
Estimator batch 670/1600 (active points 16/22) [2h 23m 25s elapsed] ...   snr=+4.0dB [neural]  snr=+6.0dB [neural]  snr=+8.0dB [neural][ls]  snr=+10.0dB [neural][ls]  snr=+12.0dB [neural][ls]  snr=+14.0dB [neural][ls]  snr=+16.0dB [neural][ls]  snr=+18.0dB [neural][ls]  snr=+20.0dB [neural][ls]Done (12.44s)
Estimator batch 671/1600 (active points 16/22) [2h 23m 38s elapsed] ...   snr=+4.0dB [neural]  snr=+6.0dB [neural]  snr=+8.0dB [neural][ls]  snr=+10.0dB [neural][ls]  snr=+12.0dB [neural][ls]  snr=+14.0dB [neural][ls]  snr=+16.0dB [neural][ls]  snr=+18.0dB [neural][ls]  snr=+20.0dB [neural][ls]Done (12.39s)
Estimator batch 672/1600 (active points 16/22) [2h 23m 50s elapsed] ...   snr=+4.0dB [neural]  snr=+6.0dB [neural]  snr=+8.0dB [neural][ls]  snr=+10.0dB [neural][ls]  snr=+12.0dB [neural][ls]  snr=+14.0dB [neural][ls]  snr=+16.0dB [neural][ls]  snr=+18.0dB [neural][ls]  snr=+20.0dB [neural][ls]Done (12.44s)
Estimator batch 673/1600 (active points 16/22) [2h 24m 02s elapsed] ...   snr=+4.0dB [neural]  snr=+6.0dB [neural]  snr=+8.0dB [neural][ls]  snr=+10.0dB [neural][ls]  snr=+12.0dB [neural][ls]  snr=+14.0dB [neural][ls]  snr=+16.0dB [neural][ls]  snr=+18.0dB [neural][ls]  snr=+20.0dB [neural][ls]Done (12.41s)
Estimator batch 674/1600 (active points 16/22) [2h 24m 15s elapsed] ...   snr=+4.0dB [neural]  snr=+6.0dB [neural]  snr=+8.0dB [neural][ls]  snr=+10.0dB [neural][ls]  snr=+12.0dB [neural][ls]  snr=+14.0dB [neural][ls]  snr=+16.0dB [neural][ls]  snr=+18.0dB [neural][ls]  snr=+20.0dB [neural][ls]Done (12.41s)
Estimator batch 675/1600 (active points 16/22) [2h 24m 27s elapsed] ...   snr=+4.0dB [neural]  snr=+6.0dB [neural]  snr=+8.0dB [neural][ls]  snr=+10.0dB [neural][ls]  snr=+12.0dB [neural][ls]  snr=+14.0dB [neural][ls]  snr=+16.0dB [neural][ls]  snr=+18.0dB [neural][ls]  snr=+20.0dB [neural][ls]Done (12.45s)
Estimator batch 676/1600 (active points 16/22) [2h 24m 40s elapsed] ...   snr=+4.0dB [neural]  snr=+6.0dB [neural]  snr=+8.0dB [neural][ls]  snr=+10.0dB [neural][ls]  snr=+12.0dB [neural][ls]  snr=+14.0dB [neural][ls]  snr=+16.0dB [neural][ls]  snr=+18.0dB [neural][ls]  snr=+20.0dB [neural][ls]Done (12.42s)
Estimator batch 677/1600 (active points 16/22) [2h 24m 52s elapsed] ...   snr=+4.0dB [neural]  snr=+6.0dB [neural]  snr=+8.0dB [neural][ls]  snr=+10.0dB [neural][ls]  snr=+12.0dB [neural][ls]  snr=+14.0dB [neural][ls]  snr=+16.0dB [neural][ls]  snr=+18.0dB [neural][ls]  snr=+20.0dB [neural][ls]Done (12.47s)
Estimator batch 678/1600 (active points 16/22) [2h 25m 05s elapsed] ...   snr=+4.0dB [neural]  snr=+6.0dB [neural]  snr=+8.0dB [neural][ls]  snr=+10.0dB [neural][ls]  snr=+12.0dB [neural][ls]  snr=+14.0dB [neural][ls]  snr=+16.0dB [neural][ls]  snr=+18.0dB [neural][ls]  snr=+20.0dB [neural][ls]Done (12.41s)
Estimator batch 679/1600 (active points 16/22) [2h 25m 17s elapsed] ...   snr=+4.0dB [neural]  snr=+6.0dB [neural]  snr=+8.0dB [neural][ls]  snr=+10.0dB [neural][ls]  snr=+12.0dB [neural][ls]  snr=+14.0dB [neural][ls]  snr=+16.0dB [neural][ls]  snr=+18.0dB [neural][ls]  snr=+20.0dB [neural][ls]Done (12.52s)
Estimator batch 680/1600 (active points 16/22) [2h 25m 29s elapsed] ...   snr=+4.0dB [neural]  snr=+6.0dB [neural]  snr=+8.0dB [neural][ls]  snr=+10.0dB [neural][ls]  snr=+12.0dB [neural][ls]  snr=+14.0dB [neural][ls]  snr=+16.0dB [neural][ls]  snr=+18.0dB [neural][ls]  snr=+20.0dB [neural][ls]Done (12.48s)
Estimator batch 681/1600 (active points 16/22) [2h 25m 42s elapsed] ...   snr=+4.0dB [neural]  snr=+6.0dB [neural]  snr=+8.0dB [neural][ls]  snr=+10.0dB [neural][ls]  snr=+12.0dB [neural][ls]  snr=+14.0dB [neural][ls]  snr=+16.0dB [neural][ls]  snr=+18.0dB [neural][ls]  snr=+20.0dB [neural][ls]Done (12.41s)
Estimator batch 682/1600 (active points 16/22) [2h 25m 54s elapsed] ...   snr=+4.0dB [neural]  snr=+6.0dB [neural]  snr=+8.0dB [neural][ls]  snr=+10.0dB [neural][ls]  snr=+12.0dB [neural][ls]  snr=+14.0dB [neural][ls]  snr=+16.0dB [neural][ls]  snr=+18.0dB [neural][ls]  snr=+20.0dB [neural][ls]Done (12.45s)
Estimator batch 683/1600 (active points 16/22) [2h 26m 07s elapsed] ...   snr=+4.0dB [neural]  snr=+6.0dB [neural]  snr=+8.0dB [neural][ls]  snr=+10.0dB [neural][ls]  snr=+12.0dB [neural][ls]  snr=+14.0dB [neural][ls]  snr=+16.0dB [neural][ls]  snr=+18.0dB [neural][ls]  snr=+20.0dB [neural][ls]Done (12.46s)
Estimator batch 684/1600 (active points 16/22) [2h 26m 19s elapsed] ...   snr=+4.0dB [neural]  snr=+6.0dB [neural]  snr=+8.0dB [neural][ls]  snr=+10.0dB [neural][ls]  snr=+12.0dB [neural][ls]  snr=+14.0dB [neural][ls]  snr=+16.0dB [neural][ls]  snr=+18.0dB [neural][ls]  snr=+20.0dB [neural][ls]Done (12.42s)
Estimator batch 685/1600 (active points 16/22) [2h 26m 32s elapsed] ...   snr=+4.0dB [neural]  snr=+6.0dB [neural]  snr=+8.0dB [neural][ls]  snr=+10.0dB [neural][ls]  snr=+12.0dB [neural][ls]  snr=+14.0dB [neural][ls]  snr=+16.0dB [neural][ls]  snr=+18.0dB [neural][ls]  snr=+20.0dB [neural][ls]Done (12.46s)
Estimator batch 686/1600 (active points 16/22) [2h 26m 44s elapsed] ...   snr=+4.0dB [neural]  snr=+6.0dB [neural]  snr=+8.0dB [neural][ls]  snr=+10.0dB [neural][ls]  snr=+12.0dB [neural][ls]  snr=+14.0dB [neural][ls]  snr=+16.0dB [neural][ls]  snr=+18.0dB [neural][ls]  snr=+20.0dB [neural][ls]Done (12.42s)
Estimator batch 687/1600 (active points 16/22) [2h 26m 57s elapsed] ...   snr=+4.0dB [neural]  snr=+6.0dB [neural]  snr=+8.0dB [neural][ls]  snr=+10.0dB [neural][ls]  snr=+12.0dB [neural][ls]  snr=+14.0dB [neural][ls]  snr=+16.0dB [neural][ls]  snr=+18.0dB [neural][ls]  snr=+20.0dB [neural][ls]Done (12.43s)
Estimator batch 688/1600 (active points 16/22) [2h 27m 09s elapsed] ...   snr=+4.0dB [neural]  snr=+6.0dB [neural]  snr=+8.0dB [neural][ls]  snr=+10.0dB [neural][ls]  snr=+12.0dB [neural][ls]  snr=+14.0dB [neural][ls]  snr=+16.0dB [neural][ls]  snr=+18.0dB [neural][ls]  snr=+20.0dB [neural][ls]Done (12.47s)
Estimator batch 689/1600 (active points 16/22) [2h 27m 22s elapsed] ...   snr=+4.0dB [neural]  snr=+6.0dB [neural]  snr=+8.0dB [neural][ls]  snr=+10.0dB [neural][ls]  snr=+12.0dB [neural][ls]  snr=+14.0dB [neural][ls]  snr=+16.0dB [neural][ls]  snr=+18.0dB [neural][ls]  snr=+20.0dB [neural][ls]Done (12.44s)
Estimator batch 690/1600 (active points 16/22) [2h 27m 34s elapsed] ...   snr=+4.0dB [neural]  snr=+6.0dB [neural]  snr=+8.0dB [neural][ls]  snr=+10.0dB [neural][ls]  snr=+12.0dB [neural][ls]  snr=+14.0dB [neural][ls]  snr=+16.0dB [neural][ls]  snr=+18.0dB [neural][ls]  snr=+20.0dB [neural][ls]Done (12.45s)
Estimator batch 691/1600 (active points 16/22) [2h 27m 46s elapsed] ...   snr=+4.0dB [neural]  snr=+6.0dB [neural]  snr=+8.0dB [neural][ls]  snr=+10.0dB [neural][ls]  snr=+12.0dB [neural][ls]  snr=+14.0dB [neural][ls]  snr=+16.0dB [neural][ls]  snr=+18.0dB [neural][ls]  snr=+20.0dB [neural][ls]Done (12.41s)
Estimator batch 692/1600 (active points 16/22) [2h 27m 59s elapsed] ...   snr=+4.0dB [neural]  snr=+6.0dB [neural]  snr=+8.0dB [neural][ls]  snr=+10.0dB [neural][ls]  snr=+12.0dB [neural][ls]  snr=+14.0dB [neural][ls]  snr=+16.0dB [neural][ls]  snr=+18.0dB [neural][ls]  snr=+20.0dB [neural][ls]Done (12.43s)
Estimator batch 693/1600 (active points 16/22) [2h 28m 11s elapsed] ...   snr=+4.0dB [neural]  snr=+6.0dB [neural]  snr=+8.0dB [neural][ls]  snr=+10.0dB [neural][ls]  snr=+12.0dB [neural][ls]  snr=+14.0dB [neural][ls]  snr=+16.0dB [neural][ls]  snr=+18.0dB [neural][ls]  snr=+20.0dB [neural][ls]Done (12.56s)
Estimator batch 694/1600 (active points 16/22) [2h 28m 24s elapsed] ...   snr=+4.0dB [neural]  snr=+6.0dB [neural]  snr=+8.0dB [neural][ls]  snr=+10.0dB [neural][ls]  snr=+12.0dB [neural][ls]  snr=+14.0dB [neural][ls]  snr=+16.0dB [neural][ls]  snr=+18.0dB [neural][ls]  snr=+20.0dB [neural][ls]Done (12.49s)
Estimator batch 695/1600 (active points 16/22) [2h 28m 36s elapsed] ...   snr=+4.0dB [neural]  snr=+6.0dB [neural]  snr=+8.0dB [neural][ls]  snr=+10.0dB [neural][ls]  snr=+12.0dB [neural][ls]  snr=+14.0dB [neural][ls]  snr=+16.0dB [neural][ls]  snr=+18.0dB [neural][ls]  snr=+20.0dB [neural][ls]Done (12.40s)
Estimator batch 696/1600 (active points 16/22) [2h 28m 49s elapsed] ...   snr=+4.0dB [neural]  snr=+6.0dB [neural]  snr=+8.0dB [neural][ls]  snr=+10.0dB [neural][ls]  snr=+12.0dB [neural][ls]  snr=+14.0dB [neural][ls]  snr=+16.0dB [neural][ls]  snr=+18.0dB [neural][ls]  snr=+20.0dB [neural][ls]Done (12.54s)
Estimator batch 697/1600 (active points 16/22) [2h 29m 01s elapsed] ...   snr=+4.0dB [neural]  snr=+6.0dB [neural]  snr=+8.0dB [neural][ls]  snr=+10.0dB [neural][ls]  snr=+12.0dB [neural][ls]  snr=+14.0dB [neural][ls]  snr=+16.0dB [neural][ls]  snr=+18.0dB [neural][ls]  snr=+20.0dB [neural][ls]Done (12.41s)
Estimator batch 698/1600 (active points 16/22) [2h 29m 14s elapsed] ...   snr=+4.0dB [neural]  snr=+6.0dB [neural]  snr=+8.0dB [neural][ls]  snr=+10.0dB [neural][ls]  snr=+12.0dB [neural][ls]  snr=+14.0dB [neural][ls]  snr=+16.0dB [neural][ls]  snr=+18.0dB [neural][ls]  snr=+20.0dB [neural][ls]Done (12.46s)
Estimator batch 699/1600 (active points 16/22) [2h 29m 26s elapsed] ...   snr=+4.0dB [neural]  snr=+6.0dB [neural]  snr=+8.0dB [neural][ls]  snr=+10.0dB [neural][ls]  snr=+12.0dB [neural][ls]  snr=+14.0dB [neural][ls]  snr=+16.0dB [neural][ls]  snr=+18.0dB [neural][ls]  snr=+20.0dB [neural][ls]Done (12.41s)
Estimator batch 700/1600 (active points 16/22) [2h 29m 39s elapsed] ...   snr=+4.0dB [neural]  snr=+6.0dB [neural]  snr=+8.0dB [neural][ls]  snr=+10.0dB [neural][ls]  snr=+12.0dB [neural][ls]  snr=+14.0dB [neural][ls]  snr=+16.0dB [neural][ls]  snr=+18.0dB [neural][ls]  snr=+20.0dB [neural][ls]Done (12.41s)
Estimator batch 701/1600 (active points 16/22) [2h 29m 51s elapsed] ...   snr=+4.0dB [neural]  snr=+6.0dB [neural]  snr=+8.0dB [neural][ls]  snr=+10.0dB [neural][ls]  snr=+12.0dB [neural][ls]  snr=+14.0dB [neural][ls]  snr=+16.0dB [neural][ls]  snr=+18.0dB [neural][ls]  snr=+20.0dB [neural][ls]Done (12.42s)
Estimator batch 702/1600 (active points 16/22) [2h 30m 03s elapsed] ...   snr=+4.0dB [neural]  snr=+6.0dB [neural]  snr=+8.0dB [neural][ls]  snr=+10.0dB [neural][ls]  snr=+12.0dB [neural][ls]  snr=+14.0dB [neural][ls]  snr=+16.0dB [neural][ls]  snr=+18.0dB [neural][ls]  snr=+20.0dB [neural][ls]Done (12.46s)
Estimator batch 703/1600 (active points 16/22) [2h 30m 16s elapsed] ...   snr=+4.0dB [neural]  snr=+6.0dB [neural]  snr=+8.0dB [neural][ls]  snr=+10.0dB [neural][ls]  snr=+12.0dB [neural][ls]  snr=+14.0dB [neural][ls]  snr=+16.0dB [neural][ls]  snr=+18.0dB [neural][ls]  snr=+20.0dB [neural][ls]Done (12.44s)
Estimator batch 704/1600 (active points 16/22) [2h 30m 28s elapsed] ...   snr=+4.0dB [neural]  snr=+6.0dB [neural]  snr=+8.0dB [neural][ls]  snr=+10.0dB [neural][ls]  snr=+12.0dB [neural][ls]  snr=+14.0dB [neural][ls]  snr=+16.0dB [neural][ls]  snr=+18.0dB [neural][ls]  snr=+20.0dB [neural][ls]Done (12.44s)
Estimator batch 705/1600 (active points 16/22) [2h 30m 41s elapsed] ...   snr=+4.0dB [neural]  snr=+6.0dB [neural]  snr=+8.0dB [neural][ls]  snr=+10.0dB [neural][ls]  snr=+12.0dB [neural][ls]  snr=+14.0dB [neural][ls]  snr=+16.0dB [neural][ls]  snr=+18.0dB [neural][ls]  snr=+20.0dB [neural][ls]Done (12.41s)
Estimator batch 706/1600 (active points 16/22) [2h 30m 53s elapsed] ...   snr=+4.0dB [neural]  snr=+6.0dB [neural]  snr=+8.0dB [neural][ls]  snr=+10.0dB [neural][ls]  snr=+12.0dB [neural][ls]  snr=+14.0dB [neural][ls]  snr=+16.0dB [neural][ls]  snr=+18.0dB [neural][ls]  snr=+20.0dB [neural][ls]Done (12.46s)
Estimator batch 707/1600 (active points 16/22) [2h 31m 06s elapsed] ...   snr=+4.0dB [neural]  snr=+6.0dB [neural]  snr=+8.0dB [neural][ls]  snr=+10.0dB [neural][ls]  snr=+12.0dB [neural][ls]  snr=+14.0dB [neural][ls]  snr=+16.0dB [neural][ls]  snr=+18.0dB [neural][ls]  snr=+20.0dB [neural][ls]Done (12.45s)
Estimator batch 708/1600 (active points 16/22) [2h 31m 18s elapsed] ...   snr=+4.0dB [neural]  snr=+6.0dB [neural]  snr=+8.0dB [neural][ls]  snr=+10.0dB [neural][ls]  snr=+12.0dB [neural][ls]  snr=+14.0dB [neural][ls]  snr=+16.0dB [neural][ls]  snr=+18.0dB [neural][ls]  snr=+20.0dB [neural][ls]Done (12.45s)
Estimator batch 709/1600 (active points 16/22) [2h 31m 30s elapsed] ...   snr=+4.0dB [neural]  snr=+6.0dB [neural]  snr=+8.0dB [neural][ls]  snr=+10.0dB [neural][ls]  snr=+12.0dB [neural][ls]  snr=+14.0dB [neural][ls]  snr=+16.0dB [neural][ls]  snr=+18.0dB [neural][ls]  snr=+20.0dB [neural][ls]Done (12.39s)
Estimator batch 710/1600 (active points 16/22) [2h 31m 43s elapsed] ...   snr=+4.0dB [neural]  snr=+6.0dB [neural]  snr=+8.0dB [neural][ls]  snr=+10.0dB [neural][ls]  snr=+12.0dB [neural][ls]  snr=+14.0dB [neural][ls]  snr=+16.0dB [neural][ls]  snr=+18.0dB [neural][ls]  snr=+20.0dB [neural][ls]Done (12.45s)
Estimator batch 711/1600 (active points 16/22) [2h 31m 55s elapsed] ...   snr=+4.0dB [neural]  snr=+6.0dB [neural]  snr=+8.0dB [neural][ls]  snr=+10.0dB [neural][ls]  snr=+12.0dB [neural][ls]  snr=+14.0dB [neural][ls]  snr=+16.0dB [neural][ls]  snr=+18.0dB [neural][ls]  snr=+20.0dB [neural][ls]Done (12.43s)
Estimator batch 712/1600 (active points 16/22) [2h 32m 08s elapsed] ...   snr=+4.0dB [neural]  snr=+6.0dB [neural]  snr=+8.0dB [neural][ls]  snr=+10.0dB [neural][ls]  snr=+12.0dB [neural][ls]  snr=+14.0dB [neural][ls]  snr=+16.0dB [neural][ls]  snr=+18.0dB [neural][ls]  snr=+20.0dB [neural][ls]Done (12.39s)
Estimator batch 713/1600 (active points 16/22) [2h 32m 20s elapsed] ...   snr=+4.0dB [neural]  snr=+6.0dB [neural]  snr=+8.0dB [neural][ls]  snr=+10.0dB [neural][ls]  snr=+12.0dB [neural][ls]  snr=+14.0dB [neural][ls]  snr=+16.0dB [neural][ls]  snr=+18.0dB [neural][ls]  snr=+20.0dB [neural][ls]Done (12.90s)
Estimator batch 714/1600 (active points 16/22) [2h 32m 33s elapsed] ...   snr=+4.0dB [neural]  snr=+6.0dB [neural]  snr=+8.0dB [neural][ls]  snr=+10.0dB [neural][ls]  snr=+12.0dB [neural][ls]  snr=+14.0dB [neural][ls]  snr=+16.0dB [neural][ls]  snr=+18.0dB [neural][ls]  snr=+20.0dB [neural][ls]Done (12.41s)
Estimator batch 715/1600 (active points 16/22) [2h 32m 45s elapsed] ...   snr=+4.0dB [neural]  snr=+6.0dB [neural]  snr=+8.0dB [neural][ls]  snr=+10.0dB [neural][ls]  snr=+12.0dB [neural][ls]  snr=+14.0dB [neural][ls]  snr=+16.0dB [neural][ls]  snr=+18.0dB [neural][ls]  snr=+20.0dB [neural][ls]Done (12.42s)
Estimator batch 716/1600 (active points 16/22) [2h 32m 58s elapsed] ...   snr=+4.0dB [neural]  snr=+6.0dB [neural]  snr=+8.0dB [neural][ls]  snr=+10.0dB [neural][ls]  snr=+12.0dB [neural][ls]  snr=+14.0dB [neural][ls]  snr=+16.0dB [neural][ls]  snr=+18.0dB [neural][ls]  snr=+20.0dB [neural][ls]Done (12.46s)
Estimator batch 717/1600 (active points 16/22) [2h 33m 10s elapsed] ...   snr=+4.0dB [neural]  snr=+6.0dB [neural]  snr=+8.0dB [neural][ls]  snr=+10.0dB [neural][ls]  snr=+12.0dB [neural][ls]  snr=+14.0dB [neural][ls]  snr=+16.0dB [neural][ls]  snr=+18.0dB [neural][ls]  snr=+20.0dB [neural][ls]Done (12.49s)
Estimator batch 718/1600 (active points 16/22) [2h 33m 23s elapsed] ...   snr=+4.0dB [neural]  snr=+6.0dB [neural]  snr=+8.0dB [neural][ls]  snr=+10.0dB [neural][ls]  snr=+12.0dB [neural][ls]  snr=+14.0dB [neural][ls]  snr=+16.0dB [neural][ls]  snr=+18.0dB [neural][ls]  snr=+20.0dB [neural][ls]Done (12.41s)
Estimator batch 719/1600 (active points 16/22) [2h 33m 35s elapsed] ...   snr=+4.0dB [neural]  snr=+6.0dB [neural]  snr=+8.0dB [neural][ls]  snr=+10.0dB [neural][ls]  snr=+12.0dB [neural][ls]  snr=+14.0dB [neural][ls]  snr=+16.0dB [neural][ls]  snr=+18.0dB [neural][ls]  snr=+20.0dB [neural][ls]Done (12.40s)
Estimator batch 720/1600 (active points 16/22) [2h 33m 48s elapsed] ...   snr=+4.0dB [neural]  snr=+6.0dB [neural]  snr=+8.0dB [neural][ls]  snr=+10.0dB [neural][ls]  snr=+12.0dB [neural][ls]  snr=+14.0dB [neural][ls]  snr=+16.0dB [neural][ls]  snr=+18.0dB [neural][ls]  snr=+20.0dB [neural][ls]Done (12.40s)
Estimator batch 721/1600 (active points 16/22) [2h 34m 00s elapsed] ...   snr=+4.0dB [neural]  snr=+6.0dB [neural]  snr=+8.0dB [neural][ls]  snr=+10.0dB [neural][ls]  snr=+12.0dB [neural][ls]  snr=+14.0dB [neural][ls]  snr=+16.0dB [neural][ls]  snr=+18.0dB [neural][ls]  snr=+20.0dB [neural][ls]Done (12.44s)
Estimator batch 722/1600 (active points 16/22) [2h 34m 12s elapsed] ...   snr=+4.0dB [neural]  snr=+6.0dB [neural]  snr=+8.0dB [neural][ls]  snr=+10.0dB [neural][ls]  snr=+12.0dB [neural][ls]  snr=+14.0dB [neural][ls]  snr=+16.0dB [neural][ls]  snr=+18.0dB [neural][ls]  snr=+20.0dB [neural][ls]Done (12.42s)
Estimator batch 723/1600 (active points 16/22) [2h 34m 25s elapsed] ...   snr=+4.0dB [neural]  snr=+6.0dB [neural]  snr=+8.0dB [neural][ls]  snr=+10.0dB [neural][ls]  snr=+12.0dB [neural][ls]  snr=+14.0dB [neural][ls]  snr=+16.0dB [neural][ls]  snr=+18.0dB [neural][ls]  snr=+20.0dB [neural][ls]Done (12.41s)
Estimator batch 724/1600 (active points 16/22) [2h 34m 37s elapsed] ...   snr=+4.0dB [neural]  snr=+6.0dB [neural]  snr=+8.0dB [neural][ls]  snr=+10.0dB [neural][ls]  snr=+12.0dB [neural][ls]  snr=+14.0dB [neural][ls]  snr=+16.0dB [neural][ls]  snr=+18.0dB [neural][ls]  snr=+20.0dB [neural][ls]Done (12.44s)
Estimator batch 725/1600 (active points 16/22) [2h 34m 50s elapsed] ...   snr=+4.0dB [neural]  snr=+6.0dB [neural]  snr=+8.0dB [neural][ls]  snr=+10.0dB [neural][ls]  snr=+12.0dB [neural][ls]  snr=+14.0dB [neural][ls]  snr=+16.0dB [neural][ls]  snr=+18.0dB [neural][ls]  snr=+20.0dB [neural][ls]Done (12.44s)
Estimator batch 726/1600 (active points 16/22) [2h 35m 02s elapsed] ...   snr=+4.0dB [neural]  snr=+6.0dB [neural]  snr=+8.0dB [neural][ls]  snr=+10.0dB [neural][ls]  snr=+12.0dB [neural][ls]  snr=+14.0dB [neural][ls]  snr=+16.0dB [neural][ls]  snr=+18.0dB [neural][ls]  snr=+20.0dB [neural][ls]Done (12.45s)
Estimator batch 727/1600 (active points 16/22) [2h 35m 15s elapsed] ...   snr=+4.0dB [neural]  snr=+6.0dB [neural]  snr=+8.0dB [neural][ls]  snr=+10.0dB [neural][ls]  snr=+12.0dB [neural][ls]  snr=+14.0dB [neural][ls]  snr=+16.0dB [neural][ls]  snr=+18.0dB [neural][ls]  snr=+20.0dB [neural][ls]Done (12.43s)
Estimator batch 728/1600 (active points 16/22) [2h 35m 27s elapsed] ...   snr=+4.0dB [neural]  snr=+6.0dB [neural]  snr=+8.0dB [neural][ls]  snr=+10.0dB [neural][ls]  snr=+12.0dB [neural][ls]  snr=+14.0dB [neural][ls]  snr=+16.0dB [neural][ls]  snr=+18.0dB [neural][ls]  snr=+20.0dB [neural][ls]Done (12.44s)
Estimator batch 729/1600 (active points 16/22) [2h 35m 40s elapsed] ...   snr=+4.0dB [neural]  snr=+6.0dB [neural]  snr=+8.0dB [neural][ls]  snr=+10.0dB [neural][ls]  snr=+12.0dB [neural][ls]  snr=+14.0dB [neural][ls]  snr=+16.0dB [neural][ls]  snr=+18.0dB [neural][ls]  snr=+20.0dB [neural][ls]Done (12.47s)
Estimator batch 730/1600 (active points 16/22) [2h 35m 52s elapsed] ...   snr=+4.0dB [neural]  snr=+6.0dB [neural]  snr=+8.0dB [neural][ls]  snr=+10.0dB [neural][ls]  snr=+12.0dB [neural][ls]  snr=+14.0dB [neural][ls]  snr=+16.0dB [neural][ls]  snr=+18.0dB [neural][ls]  snr=+20.0dB [neural][ls]Done (12.59s)
Estimator batch 731/1600 (active points 16/22) [2h 36m 05s elapsed] ...   snr=+4.0dB [neural]  snr=+6.0dB [neural]  snr=+8.0dB [neural][ls]  snr=+10.0dB [neural][ls]  snr=+12.0dB [neural][ls]  snr=+14.0dB [neural][ls]  snr=+16.0dB [neural][ls]  snr=+18.0dB [neural][ls]  snr=+20.0dB [neural][ls]Done (12.44s)
Estimator batch 732/1600 (active points 16/22) [2h 36m 17s elapsed] ...   snr=+4.0dB [neural]  snr=+6.0dB [neural]  snr=+8.0dB [neural][ls]  snr=+10.0dB [neural][ls]  snr=+12.0dB [neural][ls]  snr=+14.0dB [neural][ls]  snr=+16.0dB [neural][ls]  snr=+18.0dB [neural][ls]  snr=+20.0dB [neural][ls]Done (12.56s)
Estimator batch 733/1600 (active points 16/22) [2h 36m 30s elapsed] ...   snr=+4.0dB [neural]  snr=+6.0dB [neural]  snr=+8.0dB [neural][ls]  snr=+10.0dB [neural][ls]  snr=+12.0dB [neural][ls]  snr=+14.0dB [neural][ls]  snr=+16.0dB [neural][ls]  snr=+18.0dB [neural][ls]  snr=+20.0dB [neural][ls]Done (12.52s)
Estimator batch 734/1600 (active points 16/22) [2h 36m 42s elapsed] ...   snr=+4.0dB [neural]  snr=+6.0dB [neural]  snr=+8.0dB [neural][ls]  snr=+10.0dB [neural][ls]  snr=+12.0dB [neural][ls]  snr=+14.0dB [neural][ls]  snr=+16.0dB [neural][ls]  snr=+18.0dB [neural][ls]  snr=+20.0dB [neural][ls]Done (12.54s)
Estimator batch 735/1600 (active points 16/22) [2h 36m 55s elapsed] ...   snr=+4.0dB [neural]  snr=+6.0dB [neural]  snr=+8.0dB [neural][ls]  snr=+10.0dB [neural][ls]  snr=+12.0dB [neural][ls]  snr=+14.0dB [neural][ls]  snr=+16.0dB [neural][ls]  snr=+18.0dB [neural][ls]  snr=+20.0dB [neural][ls]Done (12.44s)
Estimator batch 736/1600 (active points 16/22) [2h 37m 07s elapsed] ...   snr=+4.0dB [neural]  snr=+6.0dB [neural]  snr=+8.0dB [neural][ls]  snr=+10.0dB [neural][ls]  snr=+12.0dB [neural][ls]  snr=+14.0dB [neural][ls]  snr=+16.0dB [neural][ls]  snr=+18.0dB [neural][ls]  snr=+20.0dB [neural][ls]Done (12.43s)
Estimator batch 737/1600 (active points 16/22) [2h 37m 20s elapsed] ...   snr=+4.0dB [neural]  snr=+6.0dB [neural]  snr=+8.0dB [neural][ls]  snr=+10.0dB [neural][ls]  snr=+12.0dB [neural][ls]  snr=+14.0dB [neural][ls]  snr=+16.0dB [neural][ls]  snr=+18.0dB [neural][ls]  snr=+20.0dB [neural][ls]Done (12.47s)
Estimator batch 738/1600 (active points 16/22) [2h 37m 32s elapsed] ...   snr=+4.0dB [neural]  snr=+6.0dB [neural]  snr=+8.0dB [neural][ls]  snr=+10.0dB [neural][ls]  snr=+12.0dB [neural][ls]  snr=+14.0dB [neural][ls]  snr=+16.0dB [neural][ls]  snr=+18.0dB [neural][ls]  snr=+20.0dB [neural][ls]Done (12.43s)
Estimator batch 739/1600 (active points 16/22) [2h 37m 44s elapsed] ...   snr=+4.0dB [neural]  snr=+6.0dB [neural]  snr=+8.0dB [neural][ls]  snr=+10.0dB [neural][ls]  snr=+12.0dB [neural][ls]  snr=+14.0dB [neural][ls]  snr=+16.0dB [neural][ls]  snr=+18.0dB [neural][ls]  snr=+20.0dB [neural][ls]Done (12.41s)
Estimator batch 740/1600 (active points 16/22) [2h 37m 57s elapsed] ...   snr=+4.0dB [neural]  snr=+6.0dB [neural]  snr=+8.0dB [neural][ls]  snr=+10.0dB [neural][ls]  snr=+12.0dB [neural][ls]  snr=+14.0dB [neural][ls]  snr=+16.0dB [neural][ls]  snr=+18.0dB [neural][ls]  snr=+20.0dB [neural][ls]Done (12.41s)
Estimator batch 741/1600 (active points 16/22) [2h 38m 09s elapsed] ...   snr=+4.0dB [neural]  snr=+6.0dB [neural]  snr=+8.0dB [neural][ls]  snr=+10.0dB [neural][ls]  snr=+12.0dB [neural][ls]  snr=+14.0dB [neural][ls]  snr=+16.0dB [neural][ls]  snr=+18.0dB [neural][ls]  snr=+20.0dB [neural][ls]Done (12.44s)
Estimator batch 742/1600 (active points 16/22) [2h 38m 22s elapsed] ...   snr=+4.0dB [neural]  snr=+6.0dB [neural]  snr=+8.0dB [neural][ls]  snr=+10.0dB [neural][ls]  snr=+12.0dB [neural][ls]  snr=+14.0dB [neural][ls]  snr=+16.0dB [neural][ls]  snr=+18.0dB [neural][ls]  snr=+20.0dB [neural][ls]Done (12.48s)
Estimator batch 743/1600 (active points 16/22) [2h 38m 34s elapsed] ...   snr=+4.0dB [neural]  snr=+6.0dB [neural]  snr=+8.0dB [neural][ls]  snr=+10.0dB [neural][ls]  snr=+12.0dB [neural][ls]  snr=+14.0dB [neural][ls]  snr=+16.0dB [neural][ls]  snr=+18.0dB [neural][ls]  snr=+20.0dB [neural][ls]Done (12.39s)
Estimator batch 744/1600 (active points 16/22) [2h 38m 47s elapsed] ...   snr=+4.0dB [neural]  snr=+6.0dB [neural]  snr=+8.0dB [neural][ls]  snr=+10.0dB [neural][ls]  snr=+12.0dB [neural][ls]  snr=+14.0dB [neural][ls]  snr=+16.0dB [neural][ls]  snr=+18.0dB [neural][ls]  snr=+20.0dB [neural][ls]Done (12.40s)
Estimator batch 745/1600 (active points 16/22) [2h 38m 59s elapsed] ...   snr=+4.0dB [neural]  snr=+6.0dB [neural]  snr=+8.0dB [neural][ls]  snr=+10.0dB [neural][ls]  snr=+12.0dB [neural][ls]  snr=+14.0dB [neural][ls]  snr=+16.0dB [neural][ls]  snr=+18.0dB [neural][ls]  snr=+20.0dB [neural][ls]Done (12.42s)
Estimator batch 746/1600 (active points 16/22) [2h 39m 11s elapsed] ...   snr=+4.0dB [neural]  snr=+6.0dB [neural]  snr=+8.0dB [neural][ls]  snr=+10.0dB [neural][ls]  snr=+12.0dB [neural][ls]  snr=+14.0dB [neural][ls]  snr=+16.0dB [neural][ls]  snr=+18.0dB [neural][ls]  snr=+20.0dB [neural][ls]Done (12.42s)
Estimator batch 747/1600 (active points 16/22) [2h 39m 24s elapsed] ...   snr=+4.0dB [neural]  snr=+6.0dB [neural]  snr=+8.0dB [neural][ls]  snr=+10.0dB [neural][ls]  snr=+12.0dB [neural][ls]  snr=+14.0dB [neural][ls]  snr=+16.0dB [neural][ls]  snr=+18.0dB [neural][ls]  snr=+20.0dB [neural][ls]Done (12.45s)
Estimator batch 748/1600 (active points 16/22) [2h 39m 36s elapsed] ...   snr=+4.0dB [neural]  snr=+6.0dB [neural]  snr=+8.0dB [neural][ls]  snr=+10.0dB [neural][ls]  snr=+12.0dB [neural][ls]  snr=+14.0dB [neural][ls]  snr=+16.0dB [neural][ls]  snr=+18.0dB [neural][ls]  snr=+20.0dB [neural][ls]Done (12.41s)
Estimator batch 749/1600 (active points 16/22) [2h 39m 49s elapsed] ...   snr=+4.0dB [neural]  snr=+6.0dB [neural]  snr=+8.0dB [neural][ls]  snr=+10.0dB [neural][ls]  snr=+12.0dB [neural][ls]  snr=+14.0dB [neural][ls]  snr=+16.0dB [neural][ls]  snr=+18.0dB [neural][ls]  snr=+20.0dB [neural][ls]Done (12.40s)
Estimator batch 750/1600 (active points 16/22) [2h 40m 01s elapsed] ...   snr=+4.0dB [neural]  snr=+6.0dB [neural]  snr=+8.0dB [neural][ls]  snr=+10.0dB [neural][ls]  snr=+12.0dB [neural][ls]  snr=+14.0dB [neural][ls]  snr=+16.0dB [neural][ls]  snr=+18.0dB [neural][ls]  snr=+20.0dB [neural][ls]Done (12.61s)
Estimator batch 751/1600 (active points 16/22) [2h 40m 14s elapsed] ...   snr=+4.0dB [neural]  snr=+6.0dB [neural]  snr=+8.0dB [neural][ls]  snr=+10.0dB [neural][ls]  snr=+12.0dB [neural][ls]  snr=+14.0dB [neural][ls]  snr=+16.0dB [neural][ls]  snr=+18.0dB [neural][ls]  snr=+20.0dB [neural][ls]Done (12.42s)
Estimator batch 752/1600 (active points 16/22) [2h 40m 26s elapsed] ...   snr=+4.0dB [neural]  snr=+6.0dB [neural]  snr=+8.0dB [neural][ls]  snr=+10.0dB [neural][ls]  snr=+12.0dB [neural][ls]  snr=+14.0dB [neural][ls]  snr=+16.0dB [neural][ls]  snr=+18.0dB [neural][ls]  snr=+20.0dB [neural][ls]Done (12.49s)
Estimator batch 753/1600 (active points 16/22) [2h 40m 39s elapsed] ...   snr=+4.0dB [neural]  snr=+6.0dB [neural]  snr=+8.0dB [neural][ls]  snr=+10.0dB [neural][ls]  snr=+12.0dB [neural][ls]  snr=+14.0dB [neural][ls]  snr=+16.0dB [neural][ls]  snr=+18.0dB [neural][ls]  snr=+20.0dB [neural][ls]Done (12.42s)
Estimator batch 754/1600 (active points 16/22) [2h 40m 51s elapsed] ...   snr=+4.0dB [neural]  snr=+6.0dB [neural]  snr=+8.0dB [neural][ls]  snr=+10.0dB [neural][ls]  snr=+12.0dB [neural][ls]  snr=+14.0dB [neural][ls]  snr=+16.0dB [neural][ls]  snr=+18.0dB [neural][ls]  snr=+20.0dB [neural][ls]Done (12.53s)
Estimator batch 755/1600 (active points 16/22) [2h 41m 04s elapsed] ...   snr=+4.0dB [neural]  snr=+6.0dB [neural]  snr=+8.0dB [neural][ls]  snr=+10.0dB [neural][ls]  snr=+12.0dB [neural][ls]  snr=+14.0dB [neural][ls]  snr=+16.0dB [neural][ls]  snr=+18.0dB [neural][ls]  snr=+20.0dB [neural][ls]Done (12.43s)
Estimator batch 756/1600 (active points 16/22) [2h 41m 16s elapsed] ...   snr=+4.0dB [neural]  snr=+6.0dB [neural]  snr=+8.0dB [neural][ls]  snr=+10.0dB [neural][ls]  snr=+12.0dB [neural][ls]  snr=+14.0dB [neural][ls]  snr=+16.0dB [neural][ls]  snr=+18.0dB [neural][ls]  snr=+20.0dB [neural][ls]Done (12.43s)
Estimator batch 757/1600 (active points 16/22) [2h 41m 28s elapsed] ...   snr=+4.0dB [neural]  snr=+6.0dB [neural]  snr=+8.0dB [neural][ls]  snr=+10.0dB [neural][ls]  snr=+12.0dB [neural][ls]  snr=+14.0dB [neural][ls]  snr=+16.0dB [neural][ls]  snr=+18.0dB [neural][ls]  snr=+20.0dB [neural][ls]Done (12.45s)
Estimator batch 758/1600 (active points 16/22) [2h 41m 41s elapsed] ...   snr=+4.0dB [neural]  snr=+6.0dB [neural]  snr=+8.0dB [neural][ls]  snr=+10.0dB [neural][ls]  snr=+12.0dB [neural][ls]  snr=+14.0dB [neural][ls]  snr=+16.0dB [neural][ls]  snr=+18.0dB [neural][ls]  snr=+20.0dB [neural][ls]Done (12.44s)
Estimator batch 759/1600 (active points 16/22) [2h 41m 53s elapsed] ...   snr=+4.0dB [neural]  snr=+6.0dB [neural]  snr=+8.0dB [neural][ls]  snr=+10.0dB [neural][ls]  snr=+12.0dB [neural][ls]  snr=+14.0dB [neural][ls]  snr=+16.0dB [neural][ls]  snr=+18.0dB [neural][ls]  snr=+20.0dB [neural][ls]Done (12.48s)
Estimator batch 760/1600 (active points 16/22) [2h 42m 06s elapsed] ...   snr=+4.0dB [neural]  snr=+6.0dB [neural]  snr=+8.0dB [neural][ls]  snr=+10.0dB [neural][ls]  snr=+12.0dB [neural][ls]  snr=+14.0dB [neural][ls]  snr=+16.0dB [neural][ls]  snr=+18.0dB [neural][ls]  snr=+20.0dB [neural][ls]Done (12.46s)
Estimator batch 761/1600 (active points 16/22) [2h 42m 18s elapsed] ...   snr=+4.0dB [neural]  snr=+6.0dB [neural]  snr=+8.0dB [neural][ls]  snr=+10.0dB [neural][ls]  snr=+12.0dB [neural][ls]  snr=+14.0dB [neural][ls]  snr=+16.0dB [neural][ls]  snr=+18.0dB [neural][ls]  snr=+20.0dB [neural][ls]Done (12.92s)
Estimator batch 762/1600 (active points 16/22) [2h 42m 31s elapsed] ...   snr=+4.0dB [neural]  snr=+6.0dB [neural]  snr=+8.0dB [neural][ls]  snr=+10.0dB [neural][ls]  snr=+12.0dB [neural][ls]  snr=+14.0dB [neural][ls]  snr=+16.0dB [neural][ls]  snr=+18.0dB [neural][ls]  snr=+20.0dB [neural][ls]Done (12.45s)
Estimator batch 763/1600 (active points 16/22) [2h 42m 44s elapsed] ...   snr=+4.0dB [neural]  snr=+6.0dB [neural]  snr=+8.0dB [neural][ls]  snr=+10.0dB [neural][ls]  snr=+12.0dB [neural][ls]  snr=+14.0dB [neural][ls]  snr=+16.0dB [neural][ls]  snr=+18.0dB [neural][ls]  snr=+20.0dB [neural][ls]Done (12.42s)
Estimator batch 764/1600 (active points 16/22) [2h 42m 56s elapsed] ...   snr=+4.0dB [neural]  snr=+6.0dB [neural]  snr=+8.0dB [neural][ls]  snr=+10.0dB [neural][ls]  snr=+12.0dB [neural][ls]  snr=+14.0dB [neural][ls]  snr=+16.0dB [neural][ls]  snr=+18.0dB [neural][ls]  snr=+20.0dB [neural][ls]Done (12.42s)
Estimator batch 765/1600 (active points 16/22) [2h 43m 08s elapsed] ...   snr=+4.0dB [neural]  snr=+6.0dB [neural]  snr=+8.0dB [neural][ls]  snr=+10.0dB [neural][ls]  snr=+12.0dB [neural][ls]  snr=+14.0dB [neural][ls]  snr=+16.0dB [neural][ls]  snr=+18.0dB [neural][ls]  snr=+20.0dB [neural][ls]Done (12.48s)
Estimator batch 766/1600 (active points 16/22) [2h 43m 21s elapsed] ...   snr=+4.0dB [neural]  snr=+6.0dB [neural]  snr=+8.0dB [neural][ls]  snr=+10.0dB [neural][ls]  snr=+12.0dB [neural][ls]  snr=+14.0dB [neural][ls]  snr=+16.0dB [neural][ls]  snr=+18.0dB [neural][ls]  snr=+20.0dB [neural][ls]Done (12.45s)
Estimator batch 767/1600 (active points 16/22) [2h 43m 33s elapsed] ...   snr=+4.0dB [neural]  snr=+6.0dB [neural]  snr=+8.0dB [neural][ls]  snr=+10.0dB [neural][ls]  snr=+12.0dB [neural][ls]  snr=+14.0dB [neural][ls]  snr=+16.0dB [neural][ls]  snr=+18.0dB [neural][ls]  snr=+20.0dB [neural][ls]Done (12.44s)
Estimator batch 768/1600 (active points 16/22) [2h 43m 46s elapsed] ...   snr=+4.0dB [neural]  snr=+6.0dB [neural]  snr=+8.0dB [neural][ls]  snr=+10.0dB [neural][ls]  snr=+12.0dB [neural][ls]  snr=+14.0dB [neural][ls]  snr=+16.0dB [neural][ls]  snr=+18.0dB [neural][ls]  snr=+20.0dB [neural][ls]Done (12.44s)
Estimator batch 769/1600 (active points 16/22) [2h 43m 58s elapsed] ...   snr=+4.0dB [neural]  snr=+6.0dB [neural]  snr=+8.0dB [neural][ls]  snr=+10.0dB [neural][ls]  snr=+12.0dB [neural][ls]  snr=+14.0dB [neural][ls]  snr=+16.0dB [neural][ls]  snr=+18.0dB [neural][ls]  snr=+20.0dB [neural][ls]Done (12.42s)
Estimator batch 770/1600 (active points 16/22) [2h 44m 11s elapsed] ...   snr=+4.0dB [neural]  snr=+6.0dB [neural]  snr=+8.0dB [neural][ls]  snr=+10.0dB [neural][ls]  snr=+12.0dB [neural][ls]  snr=+14.0dB [neural][ls]  snr=+16.0dB [neural][ls]  snr=+18.0dB [neural][ls]  snr=+20.0dB [neural][ls]Done (12.48s)
Estimator batch 771/1600 (active points 16/22) [2h 44m 23s elapsed] ...   snr=+4.0dB [neural]  snr=+6.0dB [neural]  snr=+8.0dB [neural][ls]  snr=+10.0dB [neural][ls]  snr=+12.0dB [neural][ls]  snr=+14.0dB [neural][ls]  snr=+16.0dB [neural][ls]  snr=+18.0dB [neural][ls]  snr=+20.0dB [neural][ls]Done (12.42s)
Estimator batch 772/1600 (active points 16/22) [2h 44m 36s elapsed] ...   snr=+4.0dB [neural]  snr=+6.0dB [neural]  snr=+8.0dB [neural][ls]  snr=+10.0dB [neural][ls]  snr=+12.0dB [neural][ls]  snr=+14.0dB [neural][ls]  snr=+16.0dB [neural][ls]  snr=+18.0dB [neural][ls]  snr=+20.0dB [neural][ls]Done (12.39s)
Estimator batch 773/1600 (active points 16/22) [2h 44m 48s elapsed] ...   snr=+4.0dB [neural]  snr=+6.0dB [neural]  snr=+8.0dB [neural][ls]  snr=+10.0dB [neural][ls]  snr=+12.0dB [neural][ls]  snr=+14.0dB [neural][ls]  snr=+16.0dB [neural][ls]  snr=+18.0dB [neural][ls]  snr=+20.0dB [neural][ls]Done (12.47s)
Estimator batch 774/1600 (active points 16/22) [2h 45m 00s elapsed] ...   snr=+4.0dB [neural]  snr=+6.0dB [neural]  snr=+8.0dB [neural][ls]  snr=+10.0dB [neural][ls]  snr=+12.0dB [neural][ls]  snr=+14.0dB [neural][ls]  snr=+16.0dB [neural][ls]  snr=+18.0dB [neural][ls]  snr=+20.0dB [neural][ls]Done (12.43s)
Estimator batch 775/1600 (active points 16/22) [2h 45m 13s elapsed] ...   snr=+4.0dB [neural]  snr=+6.0dB [neural]  snr=+8.0dB [neural][ls]  snr=+10.0dB [neural][ls]  snr=+12.0dB [neural][ls]  snr=+14.0dB [neural][ls]  snr=+16.0dB [neural][ls]  snr=+18.0dB [neural][ls]  snr=+20.0dB [neural][ls]Done (12.44s)
Estimator batch 776/1600 (active points 16/22) [2h 45m 25s elapsed] ...   snr=+4.0dB [neural]  snr=+6.0dB [neural]  snr=+8.0dB [neural][ls]  snr=+10.0dB [neural][ls]  snr=+12.0dB [neural][ls]  snr=+14.0dB [neural][ls]  snr=+16.0dB [neural][ls]  snr=+18.0dB [neural][ls]  snr=+20.0dB [neural][ls]Done (12.44s)
Estimator batch 777/1600 (active points 16/22) [2h 45m 38s elapsed] ...   snr=+4.0dB [neural]  snr=+6.0dB [neural]  snr=+8.0dB [neural][ls]  snr=+10.0dB [neural][ls]  snr=+12.0dB [neural][ls]  snr=+14.0dB [neural][ls]  snr=+16.0dB [neural][ls]  snr=+18.0dB [neural][ls]  snr=+20.0dB [neural][ls]Done (12.41s)
Estimator batch 778/1600 (active points 16/22) [2h 45m 50s elapsed] ...   snr=+4.0dB [neural]  snr=+6.0dB [neural]  snr=+8.0dB [neural][ls]  snr=+10.0dB [neural][ls]  snr=+12.0dB [neural][ls]  snr=+14.0dB [neural][ls]  snr=+16.0dB [neural][ls]  snr=+18.0dB [neural][ls]  snr=+20.0dB [neural][ls]Done (12.46s)
Estimator batch 779/1600 (active points 16/22) [2h 46m 03s elapsed] ...   snr=+4.0dB [neural]  snr=+6.0dB [neural]  snr=+8.0dB [neural][ls]  snr=+10.0dB [neural][ls]  snr=+12.0dB [neural][ls]  snr=+14.0dB [neural][ls]  snr=+16.0dB [neural][ls]  snr=+18.0dB [neural][ls]  snr=+20.0dB [neural][ls]Done (12.45s)
Estimator batch 780/1600 (active points 16/22) [2h 46m 15s elapsed] ...   snr=+4.0dB [neural]  snr=+6.0dB [neural]  snr=+8.0dB [neural][ls]  snr=+10.0dB [neural][ls]  snr=+12.0dB [neural][ls]  snr=+14.0dB [neural][ls]  snr=+16.0dB [neural][ls]  snr=+18.0dB [neural][ls]  snr=+20.0dB [neural][ls]Done (12.44s)
Estimator batch 781/1600 (active points 16/22) [2h 46m 28s elapsed] ...   snr=+4.0dB [neural]  snr=+6.0dB [neural]  snr=+8.0dB [neural][ls]  snr=+10.0dB [neural][ls]  snr=+12.0dB [neural][ls]  snr=+14.0dB [neural][ls]  snr=+16.0dB [neural][ls]  snr=+18.0dB [neural][ls]  snr=+20.0dB [neural][ls]Done (12.43s)
Estimator batch 782/1600 (active points 16/22) [2h 46m 40s elapsed] ...   snr=+4.0dB [neural]  snr=+6.0dB [neural]  snr=+8.0dB [neural][ls]  snr=+10.0dB [neural][ls]  snr=+12.0dB [neural][ls]  snr=+14.0dB [neural][ls]  snr=+16.0dB [neural][ls]  snr=+18.0dB [neural][ls]  snr=+20.0dB [neural][ls]Done (12.44s)
Estimator batch 783/1600 (active points 16/22) [2h 46m 52s elapsed] ...   snr=+4.0dB [neural]  snr=+6.0dB [neural]  snr=+8.0dB [neural][ls]  snr=+10.0dB [neural][ls]  snr=+12.0dB [neural][ls]  snr=+14.0dB [neural][ls]  snr=+16.0dB [neural][ls]  snr=+18.0dB [neural][ls]  snr=+20.0dB [neural][ls]Done (12.51s)
Estimator batch 784/1600 (active points 16/22) [2h 47m 05s elapsed] ...   snr=+4.0dB [neural]  snr=+6.0dB [neural]  snr=+8.0dB [neural][ls]  snr=+10.0dB [neural][ls]  snr=+12.0dB [neural][ls]  snr=+14.0dB [neural][ls]  snr=+16.0dB [neural][ls]  snr=+18.0dB [neural][ls]  snr=+20.0dB [neural][ls]Done (12.47s)
Estimator batch 785/1600 (active points 16/22) [2h 47m 17s elapsed] ...   snr=+4.0dB [neural]  snr=+6.0dB [neural]  snr=+8.0dB [neural][ls]  snr=+10.0dB [neural][ls]  snr=+12.0dB [neural][ls]  snr=+14.0dB [neural][ls]  snr=+16.0dB [neural][ls]  snr=+18.0dB [neural][ls]  snr=+20.0dB [neural][ls]Done (12.44s)
Estimator batch 786/1600 (active points 16/22) [2h 47m 30s elapsed] ...   snr=+4.0dB [neural]  snr=+6.0dB [neural]  snr=+8.0dB [neural][ls]  snr=+10.0dB [neural][ls]  snr=+12.0dB [neural][ls]  snr=+14.0dB [neural][ls]  snr=+16.0dB [neural][ls]  snr=+18.0dB [neural][ls]  snr=+20.0dB [neural][ls]Done (12.41s)
Estimator batch 787/1600 (active points 16/22) [2h 47m 42s elapsed] ...   snr=+4.0dB [neural]  snr=+6.0dB [neural]  snr=+8.0dB [neural][ls]  snr=+10.0dB [neural][ls]  snr=+12.0dB [neural][ls]  snr=+14.0dB [neural][ls]  snr=+16.0dB [neural][ls]  snr=+18.0dB [neural][ls]  snr=+20.0dB [neural][ls]Done (12.40s)
Estimator batch 788/1600 (active points 16/22) [2h 47m 55s elapsed] ...   snr=+4.0dB [neural]  snr=+6.0dB [neural]  snr=+8.0dB [neural][ls]  snr=+10.0dB [neural][ls]  snr=+12.0dB [neural][ls]  snr=+14.0dB [neural][ls]  snr=+16.0dB [neural][ls]  snr=+18.0dB [neural][ls]  snr=+20.0dB [neural][ls]Done (12.46s)
Estimator batch 789/1600 (active points 16/22) [2h 48m 07s elapsed] ...   snr=+4.0dB [neural]  snr=+6.0dB [neural]  snr=+8.0dB [neural][ls]  snr=+10.0dB [neural][ls]  snr=+12.0dB [neural][ls]  snr=+14.0dB [neural][ls]  snr=+16.0dB [neural][ls]  snr=+18.0dB [neural][ls]  snr=+20.0dB [neural][ls]Done (12.47s)
Estimator batch 790/1600 (active points 16/22) [2h 48m 20s elapsed] ...   snr=+4.0dB [neural]  snr=+6.0dB [neural]  snr=+8.0dB [neural][ls]  snr=+10.0dB [neural][ls]  snr=+12.0dB [neural][ls]  snr=+14.0dB [neural][ls]  snr=+16.0dB [neural][ls]  snr=+18.0dB [neural][ls]  snr=+20.0dB [neural][ls]Done (12.46s)
Estimator batch 791/1600 (active points 16/22) [2h 48m 32s elapsed] ...   snr=+4.0dB [neural]  snr=+6.0dB [neural]  snr=+8.0dB [neural][ls]  snr=+10.0dB [neural][ls]  snr=+12.0dB [neural][ls]  snr=+14.0dB [neural][ls]  snr=+16.0dB [neural][ls]  snr=+18.0dB [neural][ls]  snr=+20.0dB [neural][ls]Done (12.42s)
Estimator batch 792/1600 (active points 16/22) [2h 48m 44s elapsed] ...   snr=+4.0dB [neural]  snr=+6.0dB [neural]  snr=+8.0dB [neural][ls]  snr=+10.0dB [neural][ls]  snr=+12.0dB [neural][ls]  snr=+14.0dB [neural][ls]  snr=+16.0dB [neural][ls]  snr=+18.0dB [neural][ls]  snr=+20.0dB [neural][ls]Done (12.43s)
Estimator batch 793/1600 (active points 16/22) [2h 48m 57s elapsed] ...   snr=+4.0dB [neural]  snr=+6.0dB [neural]  snr=+8.0dB [neural][ls]  snr=+10.0dB [neural][ls]  snr=+12.0dB [neural][ls]  snr=+14.0dB [neural][ls]  snr=+16.0dB [neural][ls]  snr=+18.0dB [neural][ls]  snr=+20.0dB [neural][ls]Done (12.43s)
Estimator batch 794/1600 (active points 16/22) [2h 49m 09s elapsed] ...   snr=+4.0dB [neural]  snr=+6.0dB [neural]  snr=+8.0dB [neural][ls]  snr=+10.0dB [neural][ls]  snr=+12.0dB [neural][ls]  snr=+14.0dB [neural][ls]  snr=+16.0dB [neural][ls]  snr=+18.0dB [neural][ls]  snr=+20.0dB [neural][ls]Done (12.44s)
Estimator batch 795/1600 (active points 16/22) [2h 49m 22s elapsed] ...   snr=+4.0dB [neural]  snr=+6.0dB [neural]  snr=+8.0dB [neural][ls]  snr=+10.0dB [neural][ls]  snr=+12.0dB [neural][ls]  snr=+14.0dB [neural][ls]  snr=+16.0dB [neural][ls]  snr=+18.0dB [neural][ls]  snr=+20.0dB [neural][ls]Done (12.41s)
Estimator batch 796/1600 (active points 16/22) [2h 49m 34s elapsed] ...   snr=+4.0dB [neural]  snr=+6.0dB [neural]  snr=+8.0dB [neural][ls]  snr=+10.0dB [neural][ls]  snr=+12.0dB [neural][ls]  snr=+14.0dB [neural][ls]  snr=+16.0dB [neural][ls]  snr=+18.0dB [neural][ls]  snr=+20.0dB [neural][ls]Done (12.40s)
Estimator batch 797/1600 (active points 16/22) [2h 49m 47s elapsed] ...   snr=+4.0dB [neural]  snr=+6.0dB [neural]  snr=+8.0dB [neural][ls]  snr=+10.0dB [neural][ls]  snr=+12.0dB [neural][ls]  snr=+14.0dB [neural][ls]  snr=+16.0dB [neural][ls]  snr=+18.0dB [neural][ls]  snr=+20.0dB [neural][ls]Done (12.49s)
Estimator batch 798/1600 (active points 16/22) [2h 49m 59s elapsed] ...   snr=+4.0dB [neural]  snr=+6.0dB [neural]  snr=+8.0dB [neural][ls]  snr=+10.0dB [neural][ls]  snr=+12.0dB [neural][ls]  snr=+14.0dB [neural][ls]  snr=+16.0dB [neural][ls]  snr=+18.0dB [neural][ls]  snr=+20.0dB [neural][ls]Done (12.50s)
Estimator batch 799/1600 (active points 16/22) [2h 50m 12s elapsed] ...   snr=+4.0dB [neural]  snr=+6.0dB [neural]  snr=+8.0dB [neural][ls]  snr=+10.0dB [neural][ls]  snr=+12.0dB [neural][ls]  snr=+14.0dB [neural][ls]  snr=+16.0dB [neural][ls]  snr=+18.0dB [neural][ls]  snr=+20.0dB [neural][ls]Done (12.61s)
Estimator batch 800/1600 (active points 16/22) [2h 50m 24s elapsed] ...   snr=+4.0dB [neural]  snr=+6.0dB [neural]  snr=+8.0dB [neural][ls]  snr=+10.0dB [neural][ls]  snr=+12.0dB [neural][ls]  snr=+14.0dB [neural][ls]  snr=+16.0dB [neural][ls]  snr=+18.0dB [neural][ls]  snr=+20.0dB [neural][ls]Done (12.45s)
Estimator batch 801/1600 (active points 16/22) [2h 50m 37s elapsed] ...   snr=+4.0dB [neural]  snr=+6.0dB [neural]  snr=+8.0dB [neural][ls]  snr=+10.0dB [neural][ls]  snr=+12.0dB [neural][ls]  snr=+14.0dB [neural][ls]  snr=+16.0dB [neural][ls]  snr=+18.0dB [neural][ls]  snr=+20.0dB [neural][ls]Done (12.41s)
Estimator batch 802/1600 (active points 16/22) [2h 50m 49s elapsed] ...   snr=+4.0dB [neural]  snr=+6.0dB [neural]  snr=+8.0dB [neural][ls]  snr=+10.0dB [neural][ls]  snr=+12.0dB [neural][ls]  snr=+14.0dB [neural][ls]  snr=+16.0dB [neural][ls]  snr=+18.0dB [neural][ls]  snr=+20.0dB [neural][ls]Done (12.43s)
Estimator batch 803/1600 (active points 16/22) [2h 51m 01s elapsed] ...   snr=+4.0dB [neural]  snr=+6.0dB [neural]  snr=+8.0dB [neural][ls]  snr=+10.0dB [neural][ls]  snr=+12.0dB [neural][ls]  snr=+14.0dB [neural][ls]  snr=+16.0dB [neural][ls]  snr=+18.0dB [neural][ls]  snr=+20.0dB [neural][ls]Done (12.54s)
Estimator batch 804/1600 (active points 16/22) [2h 51m 14s elapsed] ...   snr=+4.0dB [neural]  snr=+6.0dB [neural]  snr=+8.0dB [neural][ls]  snr=+10.0dB [neural][ls]  snr=+12.0dB [neural][ls]  snr=+14.0dB [neural][ls]  snr=+16.0dB [neural][ls]  snr=+18.0dB [neural][ls]  snr=+20.0dB [neural][ls]Done (12.45s)
Estimator batch 805/1600 (active points 16/22) [2h 51m 26s elapsed] ...   snr=+4.0dB [neural]  snr=+6.0dB [neural]  snr=+8.0dB [neural][ls]  snr=+10.0dB [neural][ls]  snr=+12.0dB [neural][ls]  snr=+14.0dB [neural][ls]  snr=+16.0dB [neural][ls]  snr=+18.0dB [neural][ls]  snr=+20.0dB [neural][ls]Done (12.44s)
Estimator batch 806/1600 (active points 16/22) [2h 51m 39s elapsed] ...   snr=+4.0dB [neural]  snr=+6.0dB [neural]  snr=+8.0dB [neural][ls]  snr=+10.0dB [neural][ls]  snr=+12.0dB [neural][ls]  snr=+14.0dB [neural][ls]  snr=+16.0dB [neural][ls]  snr=+18.0dB [neural][ls]  snr=+20.0dB [neural][ls]Done (12.41s)
Estimator batch 807/1600 (active points 16/22) [2h 51m 51s elapsed] ...   snr=+4.0dB [neural]  snr=+6.0dB [neural]  snr=+8.0dB [neural][ls]  snr=+10.0dB [neural][ls]  snr=+12.0dB [neural][ls]  snr=+14.0dB [neural][ls]  snr=+16.0dB [neural][ls]  snr=+18.0dB [neural][ls]  snr=+20.0dB [neural][ls]Done (12.47s)
Estimator batch 808/1600 (active points 16/22) [2h 52m 04s elapsed] ...   snr=+4.0dB [neural]  snr=+6.0dB [neural]  snr=+8.0dB [neural][ls]  snr=+10.0dB [neural][ls]  snr=+12.0dB [neural][ls]  snr=+14.0dB [neural][ls]  snr=+16.0dB [neural][ls]  snr=+18.0dB [neural][ls]  snr=+20.0dB [neural][ls]Done (12.44s)
Estimator batch 809/1600 (active points 16/22) [2h 52m 16s elapsed] ...   snr=+4.0dB [neural]  snr=+6.0dB [neural]  snr=+8.0dB [neural][ls]  snr=+10.0dB [neural][ls]  snr=+12.0dB [neural][ls]  snr=+14.0dB [neural][ls]  snr=+16.0dB [neural][ls]  snr=+18.0dB [neural][ls]  snr=+20.0dB [neural][ls]Done (12.48s)
Estimator batch 810/1600 (active points 16/22) [2h 52m 29s elapsed] ...   snr=+4.0dB [neural]  snr=+6.0dB [neural]  snr=+8.0dB [neural][ls]  snr=+10.0dB [neural][ls]  snr=+12.0dB [neural][ls]  snr=+14.0dB [neural][ls]  snr=+16.0dB [neural][ls]  snr=+18.0dB [neural][ls]  snr=+20.0dB [neural][ls]Done (12.95s)
Estimator batch 811/1600 (active points 16/22) [2h 52m 42s elapsed] ...   snr=+4.0dB [neural]  snr=+6.0dB [neural]  snr=+8.0dB [neural][ls]  snr=+10.0dB [neural][ls]  snr=+12.0dB [neural][ls]  snr=+14.0dB [neural][ls]  snr=+16.0dB [neural][ls]  snr=+18.0dB [neural][ls]  snr=+20.0dB [neural][ls]Done (12.44s)
Estimator batch 812/1600 (active points 16/22) [2h 52m 54s elapsed] ...   snr=+4.0dB [neural]  snr=+6.0dB [neural]  snr=+8.0dB [neural][ls]  snr=+10.0dB [neural][ls]  snr=+12.0dB [neural][ls]  snr=+14.0dB [neural][ls]  snr=+16.0dB [neural][ls]  snr=+18.0dB [neural][ls]  snr=+20.0dB [neural][ls]Done (12.44s)
Estimator batch 813/1600 (active points 16/22) [2h 53m 06s elapsed] ...   snr=+4.0dB [neural]  snr=+6.0dB [neural]  snr=+8.0dB [neural][ls]  snr=+10.0dB [neural][ls]  snr=+12.0dB [neural][ls]  snr=+14.0dB [neural][ls]  snr=+16.0dB [neural][ls]  snr=+18.0dB [neural][ls]  snr=+20.0dB [neural][ls]Done (12.46s)
Estimator batch 814/1600 (active points 16/22) [2h 53m 19s elapsed] ...   snr=+4.0dB [neural]  snr=+6.0dB [neural]  snr=+8.0dB [neural][ls]  snr=+10.0dB [neural][ls]  snr=+12.0dB [neural][ls]  snr=+14.0dB [neural][ls]  snr=+16.0dB [neural][ls]  snr=+18.0dB [neural][ls]  snr=+20.0dB [neural][ls]Done (12.49s)
Estimator batch 815/1600 (active points 16/22) [2h 53m 31s elapsed] ...   snr=+4.0dB [neural]  snr=+6.0dB [neural]  snr=+8.0dB [neural][ls]  snr=+10.0dB [neural][ls]  snr=+12.0dB [neural][ls]  snr=+14.0dB [neural][ls]  snr=+16.0dB [neural][ls]  snr=+18.0dB [neural][ls]  snr=+20.0dB [neural][ls]Done (12.42s)
Estimator batch 816/1600 (active points 16/22) [2h 53m 44s elapsed] ...   snr=+4.0dB [neural]  snr=+6.0dB [neural]  snr=+8.0dB [neural][ls]  snr=+10.0dB [neural][ls]  snr=+12.0dB [neural][ls]  snr=+14.0dB [neural][ls]  snr=+16.0dB [neural][ls]  snr=+18.0dB [neural][ls]  snr=+20.0dB [neural][ls]Done (12.40s)
Estimator batch 817/1600 (active points 16/22) [2h 53m 56s elapsed] ...   snr=+4.0dB [neural]  snr=+6.0dB [neural]  snr=+8.0dB [neural][ls]  snr=+10.0dB [neural][ls]  snr=+12.0dB [neural][ls]  snr=+14.0dB [neural][ls]  snr=+16.0dB [neural][ls]  snr=+18.0dB [neural][ls]  snr=+20.0dB [neural][ls]Done (12.42s)
Estimator batch 818/1600 (active points 16/22) [2h 54m 09s elapsed] ...   snr=+4.0dB [neural]  snr=+6.0dB [neural]  snr=+8.0dB [neural][ls]  snr=+10.0dB [neural][ls]  snr=+12.0dB [neural][ls]  snr=+14.0dB [neural][ls]  snr=+16.0dB [neural][ls]  snr=+18.0dB [neural][ls]  snr=+20.0dB [neural][ls]Done (12.43s)
Estimator batch 819/1600 (active points 16/22) [2h 54m 21s elapsed] ...   snr=+4.0dB [neural]  snr=+6.0dB [neural]  snr=+8.0dB [neural][ls]  snr=+10.0dB [neural][ls]  snr=+12.0dB [neural][ls]  snr=+14.0dB [neural][ls]  snr=+16.0dB [neural][ls]  snr=+18.0dB [neural][ls]  snr=+20.0dB [neural][ls]Done (12.48s)
Estimator batch 820/1600 (active points 16/22) [2h 54m 34s elapsed] ...   snr=+4.0dB [neural]  snr=+6.0dB [neural]  snr=+8.0dB [neural][ls]  snr=+10.0dB [neural][ls]  snr=+12.0dB [neural][ls]  snr=+14.0dB [neural][ls]  snr=+16.0dB [neural][ls]  snr=+18.0dB [neural][ls]  snr=+20.0dB [neural][ls]Done (12.40s)
Estimator batch 821/1600 (active points 16/22) [2h 54m 46s elapsed] ...   snr=+4.0dB [neural]  snr=+6.0dB [neural]  snr=+8.0dB [neural][ls]  snr=+10.0dB [neural][ls]  snr=+12.0dB [neural][ls]  snr=+14.0dB [neural][ls]  snr=+16.0dB [neural][ls]  snr=+18.0dB [neural][ls]  snr=+20.0dB [neural][ls]Done (12.44s)
Estimator batch 822/1600 (active points 16/22) [2h 54m 58s elapsed] ...   snr=+4.0dB [neural]  snr=+6.0dB [neural]  snr=+8.0dB [neural][ls]  snr=+10.0dB [neural][ls]  snr=+12.0dB [neural][ls]  snr=+14.0dB [neural][ls]  snr=+16.0dB [neural][ls]  snr=+18.0dB [neural][ls]  snr=+20.0dB [neural][ls]Done (12.42s)
Estimator batch 823/1600 (active points 16/22) [2h 55m 11s elapsed] ...   snr=+4.0dB [neural]  snr=+6.0dB [neural]  snr=+8.0dB [neural][ls]  snr=+10.0dB [neural][ls]  snr=+12.0dB [neural][ls]  snr=+14.0dB [neural][ls]  snr=+16.0dB [neural][ls]  snr=+18.0dB [neural][ls]  snr=+20.0dB [neural][ls]Done (12.43s)
Estimator batch 824/1600 (active points 16/22) [2h 55m 23s elapsed] ...   snr=+4.0dB [neural]  snr=+6.0dB [neural]  snr=+8.0dB [neural][ls]  snr=+10.0dB [neural][ls]  snr=+12.0dB [neural][ls]  snr=+14.0dB [neural][ls]  snr=+16.0dB [neural][ls]  snr=+18.0dB [neural][ls]  snr=+20.0dB [neural][ls]Done (12.45s)
Estimator batch 825/1600 (active points 16/22) [2h 55m 36s elapsed] ...   snr=+4.0dB [neural]  snr=+6.0dB [neural]  snr=+8.0dB [neural][ls]  snr=+10.0dB [neural][ls]  snr=+12.0dB [neural][ls]  snr=+14.0dB [neural][ls]  snr=+16.0dB [neural][ls]  snr=+18.0dB [neural][ls]  snr=+20.0dB [neural][ls]Done (12.42s)
Estimator batch 826/1600 (active points 16/22) [2h 55m 48s elapsed] ...   snr=+4.0dB [neural]  snr=+6.0dB [neural]  snr=+8.0dB [neural][ls]  snr=+10.0dB [neural][ls]  snr=+12.0dB [neural][ls]  snr=+14.0dB [neural][ls]  snr=+16.0dB [neural][ls]  snr=+18.0dB [neural][ls]  snr=+20.0dB [neural][ls]Done (12.42s)
Estimator batch 827/1600 (active points 16/22) [2h 56m 01s elapsed] ...   snr=+4.0dB [neural]  snr=+6.0dB [neural]  snr=+8.0dB [neural][ls]  snr=+10.0dB [neural][ls]  snr=+12.0dB [neural][ls]  snr=+14.0dB [neural][ls]  snr=+16.0dB [neural][ls]  snr=+18.0dB [neural][ls]  snr=+20.0dB [neural][ls]Done (12.46s)
Estimator batch 828/1600 (active points 16/22) [2h 56m 13s elapsed] ...   snr=+4.0dB [neural]  snr=+6.0dB [neural]  snr=+8.0dB [neural][ls]  snr=+10.0dB [neural][ls]  snr=+12.0dB [neural][ls]  snr=+14.0dB [neural][ls]  snr=+16.0dB [neural][ls]  snr=+18.0dB [neural][ls]  snr=+20.0dB [neural][ls]Done (12.42s)
Estimator batch 829/1600 (active points 16/22) [2h 56m 25s elapsed] ...   snr=+4.0dB [neural]  snr=+6.0dB [neural]  snr=+8.0dB [neural][ls]  snr=+10.0dB [neural][ls]  snr=+12.0dB [neural][ls]  snr=+14.0dB [neural][ls]  snr=+16.0dB [neural][ls]  snr=+18.0dB [neural][ls]  snr=+20.0dB [neural][ls]Done (12.45s)
Estimator batch 830/1600 (active points 16/22) [2h 56m 38s elapsed] ...   snr=+4.0dB [neural]  snr=+6.0dB [neural]  snr=+8.0dB [neural][ls]  snr=+10.0dB [neural][ls]  snr=+12.0dB [neural][ls]  snr=+14.0dB [neural][ls]  snr=+16.0dB [neural][ls]  snr=+18.0dB [neural][ls]  snr=+20.0dB [neural][ls]Done (12.39s)
Estimator batch 831/1600 (active points 16/22) [2h 56m 50s elapsed] ...   snr=+4.0dB [neural]  snr=+6.0dB [neural]  snr=+8.0dB [neural][ls]  snr=+10.0dB [neural][ls]  snr=+12.0dB [neural][ls]  snr=+14.0dB [neural][ls]  snr=+16.0dB [neural][ls]  snr=+18.0dB [neural][ls]  snr=+20.0dB [neural][ls]Done (12.45s)
Estimator batch 832/1600 (active points 16/22) [2h 57m 03s elapsed] ...   snr=+4.0dB [neural]  snr=+6.0dB [neural]  snr=+8.0dB [neural][ls]  snr=+10.0dB [neural][ls]  snr=+12.0dB [neural][ls]  snr=+14.0dB [neural][ls]  snr=+16.0dB [neural][ls]  snr=+18.0dB [neural][ls]  snr=+20.0dB [neural][ls]Done (12.40s)
Estimator batch 833/1600 (active points 16/22) [2h 57m 15s elapsed] ...   snr=+4.0dB [neural]  snr=+6.0dB [neural]  snr=+8.0dB [neural][ls]  snr=+10.0dB [neural][ls]  snr=+12.0dB [neural][ls]  snr=+14.0dB [neural][ls]  snr=+16.0dB [neural][ls]  snr=+18.0dB [neural][ls]  snr=+20.0dB [neural][ls]Done (12.44s)
Estimator batch 834/1600 (active points 16/22) [2h 57m 28s elapsed] ...   snr=+4.0dB [neural]  snr=+6.0dB [neural]  snr=+8.0dB [neural][ls]  snr=+10.0dB [neural][ls]  snr=+12.0dB [neural][ls]  snr=+14.0dB [neural][ls]  snr=+16.0dB [neural][ls]  snr=+18.0dB [neural][ls]  snr=+20.0dB [neural][ls]Done (12.57s)
Estimator batch 835/1600 (active points 16/22) [2h 57m 40s elapsed] ...   snr=+4.0dB [neural]  snr=+6.0dB [neural]  snr=+8.0dB [neural][ls]  snr=+10.0dB [neural][ls]  snr=+12.0dB [neural][ls]  snr=+14.0dB [neural][ls]  snr=+16.0dB [neural][ls]  snr=+18.0dB [neural][ls]  snr=+20.0dB [neural][ls]Done (12.48s)
Estimator batch 836/1600 (active points 16/22) [2h 57m 53s elapsed] ...   snr=+4.0dB [neural]  snr=+6.0dB [neural]  snr=+8.0dB [neural][ls]  snr=+10.0dB [neural][ls]  snr=+12.0dB [neural][ls]  snr=+14.0dB [neural][ls]  snr=+16.0dB [neural][ls]  snr=+18.0dB [neural][ls]  snr=+20.0dB [neural][ls]Done (12.42s)
Estimator batch 837/1600 (active points 16/22) [2h 58m 05s elapsed] ...   snr=+4.0dB [neural]  snr=+6.0dB [neural]  snr=+8.0dB [neural][ls]  snr=+10.0dB [neural][ls]  snr=+12.0dB [neural][ls]  snr=+14.0dB [neural][ls]  snr=+16.0dB [neural][ls]  snr=+18.0dB [neural][ls]  snr=+20.0dB [neural][ls]Done (12.49s)
Estimator batch 838/1600 (active points 16/22) [2h 58m 18s elapsed] ...   snr=+4.0dB [neural]  snr=+6.0dB [neural]  snr=+8.0dB [neural][ls]  snr=+10.0dB [neural][ls]  snr=+12.0dB [neural][ls]  snr=+14.0dB [neural][ls]  snr=+16.0dB [neural][ls]  snr=+18.0dB [neural][ls]  snr=+20.0dB [neural][ls]Done (12.51s)
Estimator batch 839/1600 (active points 15/22) [2h 58m 30s elapsed] ...   snr=+6.0dB [neural]  snr=+8.0dB [neural][ls]  snr=+10.0dB [neural][ls]  snr=+12.0dB [neural][ls]  snr=+14.0dB [neural][ls]  snr=+16.0dB [neural][ls]  snr=+18.0dB [neural][ls]  snr=+20.0dB [neural][ls]Done (11.40s)
Estimator batch 840/1600 (active points 15/22) [2h 58m 41s elapsed] ...   snr=+6.0dB [neural]  snr=+8.0dB [neural][ls]  snr=+10.0dB [neural][ls]  snr=+12.0dB [neural][ls]  snr=+14.0dB [neural][ls]  snr=+16.0dB [neural][ls]  snr=+18.0dB [neural][ls]  snr=+20.0dB [neural][ls]Done (11.40s)
Estimator batch 841/1600 (active points 15/22) [2h 58m 53s elapsed] ...   snr=+6.0dB [neural]  snr=+8.0dB [neural][ls]  snr=+10.0dB [neural][ls]  snr=+12.0dB [neural][ls]  snr=+14.0dB [neural][ls]  snr=+16.0dB [neural][ls]  snr=+18.0dB [neural][ls]  snr=+20.0dB [neural][ls]Done (11.40s)
Estimator batch 842/1600 (active points 15/22) [2h 59m 04s elapsed] ...   snr=+6.0dB [neural]  snr=+8.0dB [neural][ls]  snr=+10.0dB [neural][ls]  snr=+12.0dB [neural][ls]  snr=+14.0dB [neural][ls]  snr=+16.0dB [neural][ls]  snr=+18.0dB [neural][ls]  snr=+20.0dB [neural][ls]Done (11.40s)
Estimator batch 843/1600 (active points 15/22) [2h 59m 16s elapsed] ...   snr=+6.0dB [neural]  snr=+8.0dB [neural][ls]  snr=+10.0dB [neural][ls]  snr=+12.0dB [neural][ls]  snr=+14.0dB [neural][ls]  snr=+16.0dB [neural][ls]  snr=+18.0dB [neural][ls]  snr=+20.0dB [neural][ls]Done (11.39s)
Estimator batch 844/1600 (active points 15/22) [2h 59m 27s elapsed] ...   snr=+6.0dB [neural]  snr=+8.0dB [neural][ls]  snr=+10.0dB [neural][ls]  snr=+12.0dB [neural][ls]  snr=+14.0dB [neural][ls]  snr=+16.0dB [neural][ls]  snr=+18.0dB [neural][ls]  snr=+20.0dB [neural][ls]Done (11.52s)
Estimator batch 845/1600 (active points 15/22) [2h 59m 39s elapsed] ...   snr=+6.0dB [neural]  snr=+8.0dB [neural][ls]  snr=+10.0dB [neural][ls]  snr=+12.0dB [neural][ls]  snr=+14.0dB [neural][ls]  snr=+16.0dB [neural][ls]  snr=+18.0dB [neural][ls]  snr=+20.0dB [neural][ls]Done (11.42s)
Estimator batch 846/1600 (active points 15/22) [2h 59m 50s elapsed] ...   snr=+6.0dB [neural]  snr=+8.0dB [neural][ls]  snr=+10.0dB [neural][ls]  snr=+12.0dB [neural][ls]  snr=+14.0dB [neural][ls]  snr=+16.0dB [neural][ls]  snr=+18.0dB [neural][ls]  snr=+20.0dB [neural][ls]Done (11.41s)
Estimator batch 847/1600 (active points 15/22) [3h 00m 01s elapsed] ...   snr=+6.0dB [neural]  snr=+8.0dB [neural][ls]  snr=+10.0dB [neural][ls]  snr=+12.0dB [neural][ls]  snr=+14.0dB [neural][ls]  snr=+16.0dB [neural][ls]  snr=+18.0dB [neural][ls]  snr=+20.0dB [neural][ls]Done (11.45s)
Estimator batch 848/1600 (active points 15/22) [3h 00m 13s elapsed] ...   snr=+6.0dB [neural]  snr=+8.0dB [neural][ls]  snr=+10.0dB [neural][ls]  snr=+12.0dB [neural][ls]  snr=+14.0dB [neural][ls]  snr=+16.0dB [neural][ls]  snr=+18.0dB [neural][ls]  snr=+20.0dB [neural][ls]Done (11.42s)
Estimator batch 849/1600 (active points 15/22) [3h 00m 24s elapsed] ...   snr=+6.0dB [neural]  snr=+8.0dB [neural][ls]  snr=+10.0dB [neural][ls]  snr=+12.0dB [neural][ls]  snr=+14.0dB [neural][ls]  snr=+16.0dB [neural][ls]  snr=+18.0dB [neural][ls]  snr=+20.0dB [neural][ls]Done (11.40s)
Estimator batch 850/1600 (active points 15/22) [3h 00m 36s elapsed] ...   snr=+6.0dB [neural]  snr=+8.0dB [neural][ls]  snr=+10.0dB [neural][ls]  snr=+12.0dB [neural][ls]  snr=+14.0dB [neural][ls]  snr=+16.0dB [neural][ls]  snr=+18.0dB [neural][ls]  snr=+20.0dB [neural][ls]Done (11.41s)
Estimator batch 851/1600 (active points 15/22) [3h 00m 47s elapsed] ...   snr=+6.0dB [neural]  snr=+8.0dB [neural][ls]  snr=+10.0dB [neural][ls]  snr=+12.0dB [neural][ls]  snr=+14.0dB [neural][ls]  snr=+16.0dB [neural][ls]  snr=+18.0dB [neural][ls]  snr=+20.0dB [neural][ls]Done (11.45s)
Estimator batch 852/1600 (active points 15/22) [3h 00m 59s elapsed] ...   snr=+6.0dB [neural]  snr=+8.0dB [neural][ls]  snr=+10.0dB [neural][ls]  snr=+12.0dB [neural][ls]  snr=+14.0dB [neural][ls]  snr=+16.0dB [neural][ls]  snr=+18.0dB [neural][ls]  snr=+20.0dB [neural][ls]Done (11.41s)
Estimator batch 853/1600 (active points 15/22) [3h 01m 10s elapsed] ...   snr=+6.0dB [neural]  snr=+8.0dB [neural][ls]  snr=+10.0dB [neural][ls]  snr=+12.0dB [neural][ls]  snr=+14.0dB [neural][ls]  snr=+16.0dB [neural][ls]  snr=+18.0dB [neural][ls]  snr=+20.0dB [neural][ls]Done (11.42s)
Estimator batch 854/1600 (active points 15/22) [3h 01m 21s elapsed] ...   snr=+6.0dB [neural]  snr=+8.0dB [neural][ls]  snr=+10.0dB [neural][ls]  snr=+12.0dB [neural][ls]  snr=+14.0dB [neural][ls]  snr=+16.0dB [neural][ls]  snr=+18.0dB [neural][ls]  snr=+20.0dB [neural][ls]Done (11.41s)
Estimator batch 855/1600 (active points 15/22) [3h 01m 33s elapsed] ...   snr=+6.0dB [neural]  snr=+8.0dB [neural][ls]  snr=+10.0dB [neural][ls]  snr=+12.0dB [neural][ls]  snr=+14.0dB [neural][ls]  snr=+16.0dB [neural][ls]  snr=+18.0dB [neural][ls]  snr=+20.0dB [neural][ls]Done (11.39s)
Estimator batch 856/1600 (active points 15/22) [3h 01m 44s elapsed] ...   snr=+6.0dB [neural]  snr=+8.0dB [neural][ls]  snr=+10.0dB [neural][ls]  snr=+12.0dB [neural][ls]  snr=+14.0dB [neural][ls]  snr=+16.0dB [neural][ls]  snr=+18.0dB [neural][ls]  snr=+20.0dB [neural][ls]Done (11.45s)
Estimator batch 857/1600 (active points 15/22) [3h 01m 56s elapsed] ...   snr=+6.0dB [neural]  snr=+8.0dB [neural][ls]  snr=+10.0dB [neural][ls]  snr=+12.0dB [neural][ls]  snr=+14.0dB [neural][ls]  snr=+16.0dB [neural][ls]  snr=+18.0dB [neural][ls]  snr=+20.0dB [neural][ls]Done (11.41s)
Estimator batch 858/1600 (active points 15/22) [3h 02m 07s elapsed] ...   snr=+6.0dB [neural]  snr=+8.0dB [neural][ls]  snr=+10.0dB [neural][ls]  snr=+12.0dB [neural][ls]  snr=+14.0dB [neural][ls]  snr=+16.0dB [neural][ls]  snr=+18.0dB [neural][ls]  snr=+20.0dB [neural][ls]Done (11.40s)
Estimator batch 859/1600 (active points 15/22) [3h 02m 18s elapsed] ...   snr=+6.0dB [neural]  snr=+8.0dB [neural][ls]  snr=+10.0dB [neural][ls]  snr=+12.0dB [neural][ls]  snr=+14.0dB [neural][ls]  snr=+16.0dB [neural][ls]  snr=+18.0dB [neural][ls]  snr=+20.0dB [neural][ls]Done (11.91s)
Estimator batch 860/1600 (active points 15/22) [3h 02m 30s elapsed] ...   snr=+6.0dB [neural]  snr=+8.0dB [neural][ls]  snr=+10.0dB [neural][ls]  snr=+12.0dB [neural][ls]  snr=+14.0dB [neural][ls]  snr=+16.0dB [neural][ls]  snr=+18.0dB [neural][ls]  snr=+20.0dB [neural][ls]Done (11.42s)
Estimator batch 861/1600 (active points 15/22) [3h 02m 42s elapsed] ...   snr=+6.0dB [neural]  snr=+8.0dB [neural][ls]  snr=+10.0dB [neural][ls]  snr=+12.0dB [neural][ls]  snr=+14.0dB [neural][ls]  snr=+16.0dB [neural][ls]  snr=+18.0dB [neural][ls]  snr=+20.0dB [neural][ls]Done (11.41s)
Estimator batch 862/1600 (active points 15/22) [3h 02m 53s elapsed] ...   snr=+6.0dB [neural]  snr=+8.0dB [neural][ls]  snr=+10.0dB [neural][ls]  snr=+12.0dB [neural][ls]  snr=+14.0dB [neural][ls]  snr=+16.0dB [neural][ls]  snr=+18.0dB [neural][ls]  snr=+20.0dB [neural][ls]Done (11.57s)
Estimator batch 863/1600 (active points 15/22) [3h 03m 05s elapsed] ...   snr=+6.0dB [neural]  snr=+8.0dB [neural][ls]  snr=+10.0dB [neural][ls]  snr=+12.0dB [neural][ls]  snr=+14.0dB [neural][ls]  snr=+16.0dB [neural][ls]  snr=+18.0dB [neural][ls]  snr=+20.0dB [neural][ls]Done (12.01s)
Estimator batch 864/1600 (active points 15/22) [3h 03m 17s elapsed] ...   snr=+6.0dB [neural]  snr=+8.0dB [neural][ls]  snr=+10.0dB [neural][ls]  snr=+12.0dB [neural][ls]  snr=+14.0dB [neural][ls]  snr=+16.0dB [neural][ls]  snr=+18.0dB [neural][ls]  snr=+20.0dB [neural][ls]Done (11.46s)
Estimator batch 865/1600 (active points 15/22) [3h 03m 28s elapsed] ...   snr=+6.0dB [neural]  snr=+8.0dB [neural][ls]  snr=+10.0dB [neural][ls]  snr=+12.0dB [neural][ls]  snr=+14.0dB [neural][ls]  snr=+16.0dB [neural][ls]  snr=+18.0dB [neural][ls]  snr=+20.0dB [neural][ls]Done (11.42s)
Estimator batch 866/1600 (active points 15/22) [3h 03m 40s elapsed] ...   snr=+6.0dB [neural]  snr=+8.0dB [neural][ls]  snr=+10.0dB [neural][ls]  snr=+12.0dB [neural][ls]  snr=+14.0dB [neural][ls]  snr=+16.0dB [neural][ls]  snr=+18.0dB [neural][ls]  snr=+20.0dB [neural][ls]Done (11.40s)
Estimator batch 867/1600 (active points 15/22) [3h 03m 51s elapsed] ...   snr=+6.0dB [neural]  snr=+8.0dB [neural][ls]  snr=+10.0dB [neural][ls]  snr=+12.0dB [neural][ls]  snr=+14.0dB [neural][ls]  snr=+16.0dB [neural][ls]  snr=+18.0dB [neural][ls]  snr=+20.0dB [neural][ls]Done (11.44s)
Estimator batch 868/1600 (active points 15/22) [3h 04m 02s elapsed] ...   snr=+6.0dB [neural]  snr=+8.0dB [neural][ls]  snr=+10.0dB [neural][ls]  snr=+12.0dB [neural][ls]  snr=+14.0dB [neural][ls]  snr=+16.0dB [neural][ls]  snr=+18.0dB [neural][ls]  snr=+20.0dB [neural][ls]Done (11.41s)
Estimator batch 869/1600 (active points 15/22) [3h 04m 14s elapsed] ...   snr=+6.0dB [neural]  snr=+8.0dB [neural][ls]  snr=+10.0dB [neural][ls]  snr=+12.0dB [neural][ls]  snr=+14.0dB [neural][ls]  snr=+16.0dB [neural][ls]  snr=+18.0dB [neural][ls]  snr=+20.0dB [neural][ls]Done (11.41s)
Estimator batch 870/1600 (active points 15/22) [3h 04m 25s elapsed] ...   snr=+6.0dB [neural]  snr=+8.0dB [neural][ls]  snr=+10.0dB [neural][ls]  snr=+12.0dB [neural][ls]  snr=+14.0dB [neural][ls]  snr=+16.0dB [neural][ls]  snr=+18.0dB [neural][ls]  snr=+20.0dB [neural][ls]Done (11.47s)
Estimator batch 871/1600 (active points 15/22) [3h 04m 37s elapsed] ...   snr=+6.0dB [neural]  snr=+8.0dB [neural][ls]  snr=+10.0dB [neural][ls]  snr=+12.0dB [neural][ls]  snr=+14.0dB [neural][ls]  snr=+16.0dB [neural][ls]  snr=+18.0dB [neural][ls]  snr=+20.0dB [neural][ls]Done (11.40s)
Estimator batch 872/1600 (active points 15/22) [3h 04m 48s elapsed] ...   snr=+6.0dB [neural]  snr=+8.0dB [neural][ls]  snr=+10.0dB [neural][ls]  snr=+12.0dB [neural][ls]  snr=+14.0dB [neural][ls]  snr=+16.0dB [neural][ls]  snr=+18.0dB [neural][ls]  snr=+20.0dB [neural][ls]Done (11.42s)
Estimator batch 873/1600 (active points 15/22) [3h 05m 00s elapsed] ...   snr=+6.0dB [neural]  snr=+8.0dB [neural][ls]  snr=+10.0dB [neural][ls]  snr=+12.0dB [neural][ls]  snr=+14.0dB [neural][ls]  snr=+16.0dB [neural][ls]  snr=+18.0dB [neural][ls]  snr=+20.0dB [neural][ls]Done (11.44s)
Estimator batch 874/1600 (active points 15/22) [3h 05m 11s elapsed] ...   snr=+6.0dB [neural]  snr=+8.0dB [neural][ls]  snr=+10.0dB [neural][ls]  snr=+12.0dB [neural][ls]  snr=+14.0dB [neural][ls]  snr=+16.0dB [neural][ls]  snr=+18.0dB [neural][ls]  snr=+20.0dB [neural][ls]Done (11.44s)
Estimator batch 875/1600 (active points 15/22) [3h 05m 22s elapsed] ...   snr=+6.0dB [neural]  snr=+8.0dB [neural][ls]  snr=+10.0dB [neural][ls]  snr=+12.0dB [neural][ls]  snr=+14.0dB [neural][ls]  snr=+16.0dB [neural][ls]  snr=+18.0dB [neural][ls]  snr=+20.0dB [neural][ls]Done (11.44s)
Estimator batch 876/1600 (active points 15/22) [3h 05m 34s elapsed] ...   snr=+6.0dB [neural]  snr=+8.0dB [neural][ls]  snr=+10.0dB [neural][ls]  snr=+12.0dB [neural][ls]  snr=+14.0dB [neural][ls]  snr=+16.0dB [neural][ls]  snr=+18.0dB [neural][ls]  snr=+20.0dB [neural][ls]Done (11.42s)
Estimator batch 877/1600 (active points 15/22) [3h 05m 45s elapsed] ...   snr=+6.0dB [neural]  snr=+8.0dB [neural][ls]  snr=+10.0dB [neural][ls]  snr=+12.0dB [neural][ls]  snr=+14.0dB [neural][ls]  snr=+16.0dB [neural][ls]  snr=+18.0dB [neural][ls]  snr=+20.0dB [neural][ls]Done (11.40s)
Estimator batch 878/1600 (active points 15/22) [3h 05m 57s elapsed] ...   snr=+6.0dB [neural]  snr=+8.0dB [neural][ls]  snr=+10.0dB [neural][ls]  snr=+12.0dB [neural][ls]  snr=+14.0dB [neural][ls]  snr=+16.0dB [neural][ls]  snr=+18.0dB [neural][ls]  snr=+20.0dB [neural][ls]Done (11.41s)
Estimator batch 879/1600 (active points 15/22) [3h 06m 08s elapsed] ...   snr=+6.0dB [neural]  snr=+8.0dB [neural][ls]  snr=+10.0dB [neural][ls]  snr=+12.0dB [neural][ls]  snr=+14.0dB [neural][ls]  snr=+16.0dB [neural][ls]  snr=+18.0dB [neural][ls]  snr=+20.0dB [neural][ls]Done (11.46s)
Estimator batch 880/1600 (active points 15/22) [3h 06m 20s elapsed] ...   snr=+6.0dB [neural]  snr=+8.0dB [neural][ls]  snr=+10.0dB [neural][ls]  snr=+12.0dB [neural][ls]  snr=+14.0dB [neural][ls]  snr=+16.0dB [neural][ls]  snr=+18.0dB [neural][ls]  snr=+20.0dB [neural][ls]Done (11.58s)
Estimator batch 881/1600 (active points 15/22) [3h 06m 31s elapsed] ...   snr=+6.0dB [neural]  snr=+8.0dB [neural][ls]  snr=+10.0dB [neural][ls]  snr=+12.0dB [neural][ls]  snr=+14.0dB [neural][ls]  snr=+16.0dB [neural][ls]  snr=+18.0dB [neural][ls]  snr=+20.0dB [neural][ls]Done (11.40s)
Estimator batch 882/1600 (active points 15/22) [3h 06m 43s elapsed] ...   snr=+6.0dB [neural]  snr=+8.0dB [neural][ls]  snr=+10.0dB [neural][ls]  snr=+12.0dB [neural][ls]  snr=+14.0dB [neural][ls]  snr=+16.0dB [neural][ls]  snr=+18.0dB [neural][ls]  snr=+20.0dB [neural][ls]Done (11.40s)
Estimator batch 883/1600 (active points 15/22) [3h 06m 54s elapsed] ...   snr=+6.0dB [neural]  snr=+8.0dB [neural][ls]  snr=+10.0dB [neural][ls]  snr=+12.0dB [neural][ls]  snr=+14.0dB [neural][ls]  snr=+16.0dB [neural][ls]  snr=+18.0dB [neural][ls]  snr=+20.0dB [neural][ls]Done (11.42s)
Estimator batch 884/1600 (active points 15/22) [3h 07m 05s elapsed] ...   snr=+6.0dB [neural]  snr=+8.0dB [neural][ls]  snr=+10.0dB [neural][ls]  snr=+12.0dB [neural][ls]  snr=+14.0dB [neural][ls]  snr=+16.0dB [neural][ls]  snr=+18.0dB [neural][ls]  snr=+20.0dB [neural][ls]Done (11.45s)
Estimator batch 885/1600 (active points 15/22) [3h 07m 17s elapsed] ...   snr=+6.0dB [neural]  snr=+8.0dB [neural][ls]  snr=+10.0dB [neural][ls]  snr=+12.0dB [neural][ls]  snr=+14.0dB [neural][ls]  snr=+16.0dB [neural][ls]  snr=+18.0dB [neural][ls]  snr=+20.0dB [neural][ls]Done (11.40s)
Estimator batch 886/1600 (active points 15/22) [3h 07m 28s elapsed] ...   snr=+6.0dB [neural]  snr=+8.0dB [neural][ls]  snr=+10.0dB [neural][ls]  snr=+12.0dB [neural][ls]  snr=+14.0dB [neural][ls]  snr=+16.0dB [neural][ls]  snr=+18.0dB [neural][ls]  snr=+20.0dB [neural][ls]Done (11.39s)
Estimator batch 887/1600 (active points 15/22) [3h 07m 40s elapsed] ...   snr=+6.0dB [neural]  snr=+8.0dB [neural][ls]  snr=+10.0dB [neural][ls]  snr=+12.0dB [neural][ls]  snr=+14.0dB [neural][ls]  snr=+16.0dB [neural][ls]  snr=+18.0dB [neural][ls]  snr=+20.0dB [neural][ls]Done (11.40s)
Estimator batch 888/1600 (active points 15/22) [3h 07m 51s elapsed] ...   snr=+6.0dB [neural]  snr=+8.0dB [neural][ls]  snr=+10.0dB [neural][ls]  snr=+12.0dB [neural][ls]  snr=+14.0dB [neural][ls]  snr=+16.0dB [neural][ls]  snr=+18.0dB [neural][ls]  snr=+20.0dB [neural][ls]Done (11.41s)
Estimator batch 889/1600 (active points 15/22) [3h 08m 02s elapsed] ...   snr=+6.0dB [neural]  snr=+8.0dB [neural][ls]  snr=+10.0dB [neural][ls]  snr=+12.0dB [neural][ls]  snr=+14.0dB [neural][ls]  snr=+16.0dB [neural][ls]  snr=+18.0dB [neural][ls]  snr=+20.0dB [neural][ls]Done (11.43s)
Estimator batch 890/1600 (active points 15/22) [3h 08m 14s elapsed] ...   snr=+6.0dB [neural]  snr=+8.0dB [neural][ls]  snr=+10.0dB [neural][ls]  snr=+12.0dB [neural][ls]  snr=+14.0dB [neural][ls]  snr=+16.0dB [neural][ls]  snr=+18.0dB [neural][ls]  snr=+20.0dB [neural][ls]Done (11.48s)
Estimator batch 891/1600 (active points 15/22) [3h 08m 25s elapsed] ...   snr=+6.0dB [neural]  snr=+8.0dB [neural][ls]  snr=+10.0dB [neural][ls]  snr=+12.0dB [neural][ls]  snr=+14.0dB [neural][ls]  snr=+16.0dB [neural][ls]  snr=+18.0dB [neural][ls]  snr=+20.0dB [neural][ls]Done (11.48s)
Estimator batch 892/1600 (active points 15/22) [3h 08m 37s elapsed] ...   snr=+6.0dB [neural]  snr=+8.0dB [neural][ls]  snr=+10.0dB [neural][ls]  snr=+12.0dB [neural][ls]  snr=+14.0dB [neural][ls]  snr=+16.0dB [neural][ls]  snr=+18.0dB [neural][ls]  snr=+20.0dB [neural][ls]Done (11.40s)
Estimator batch 893/1600 (active points 15/22) [3h 08m 48s elapsed] ...   snr=+6.0dB [neural]  snr=+8.0dB [neural][ls]  snr=+10.0dB [neural][ls]  snr=+12.0dB [neural][ls]  snr=+14.0dB [neural][ls]  snr=+16.0dB [neural][ls]  snr=+18.0dB [neural][ls]  snr=+20.0dB [neural][ls]Done (11.41s)
Estimator batch 894/1600 (active points 15/22) [3h 09m 00s elapsed] ...   snr=+6.0dB [neural]  snr=+8.0dB [neural][ls]  snr=+10.0dB [neural][ls]  snr=+12.0dB [neural][ls]  snr=+14.0dB [neural][ls]  snr=+16.0dB [neural][ls]  snr=+18.0dB [neural][ls]  snr=+20.0dB [neural][ls]Done (11.39s)
Estimator batch 895/1600 (active points 15/22) [3h 09m 11s elapsed] ...   snr=+6.0dB [neural]  snr=+8.0dB [neural][ls]  snr=+10.0dB [neural][ls]  snr=+12.0dB [neural][ls]  snr=+14.0dB [neural][ls]  snr=+16.0dB [neural][ls]  snr=+18.0dB [neural][ls]  snr=+20.0dB [neural][ls]Done (11.47s)
Estimator batch 896/1600 (active points 15/22) [3h 09m 23s elapsed] ...   snr=+6.0dB [neural]  snr=+8.0dB [neural][ls]  snr=+10.0dB [neural][ls]  snr=+12.0dB [neural][ls]  snr=+14.0dB [neural][ls]  snr=+16.0dB [neural][ls]  snr=+18.0dB [neural][ls]  snr=+20.0dB [neural][ls]Done (11.38s)
Estimator batch 897/1600 (active points 15/22) [3h 09m 34s elapsed] ...   snr=+6.0dB [neural]  snr=+8.0dB [neural][ls]  snr=+10.0dB [neural][ls]  snr=+12.0dB [neural][ls]  snr=+14.0dB [neural][ls]  snr=+16.0dB [neural][ls]  snr=+18.0dB [neural][ls]  snr=+20.0dB [neural][ls]Done (11.39s)
Estimator batch 898/1600 (active points 15/22) [3h 09m 45s elapsed] ...   snr=+6.0dB [neural]  snr=+8.0dB [neural][ls]  snr=+10.0dB [neural][ls]  snr=+12.0dB [neural][ls]  snr=+14.0dB [neural][ls]  snr=+16.0dB [neural][ls]  snr=+18.0dB [neural][ls]  snr=+20.0dB [neural][ls]Done (11.38s)
Estimator batch 899/1600 (active points 15/22) [3h 09m 57s elapsed] ...   snr=+6.0dB [neural]  snr=+8.0dB [neural][ls]  snr=+10.0dB [neural][ls]  snr=+12.0dB [neural][ls]  snr=+14.0dB [neural][ls]  snr=+16.0dB [neural][ls]  snr=+18.0dB [neural][ls]  snr=+20.0dB [neural][ls]Done (11.38s)
Estimator batch 900/1600 (active points 15/22) [3h 10m 08s elapsed] ...   snr=+6.0dB [neural]  snr=+8.0dB [neural][ls]  snr=+10.0dB [neural][ls]  snr=+12.0dB [neural][ls]  snr=+14.0dB [neural][ls]  snr=+16.0dB [neural][ls]  snr=+18.0dB [neural][ls]  snr=+20.0dB [neural][ls]Done (11.42s)
Estimator batch 901/1600 (active points 15/22) [3h 10m 20s elapsed] ...   snr=+6.0dB [neural]  snr=+8.0dB [neural][ls]  snr=+10.0dB [neural][ls]  snr=+12.0dB [neural][ls]  snr=+14.0dB [neural][ls]  snr=+16.0dB [neural][ls]  snr=+18.0dB [neural][ls]  snr=+20.0dB [neural][ls]Done (11.43s)
Estimator batch 902/1600 (active points 15/22) [3h 10m 31s elapsed] ...   snr=+6.0dB [neural]  snr=+8.0dB [neural][ls]  snr=+10.0dB [neural][ls]  snr=+12.0dB [neural][ls]  snr=+14.0dB [neural][ls]  snr=+16.0dB [neural][ls]  snr=+18.0dB [neural][ls]  snr=+20.0dB [neural][ls]Done (11.41s)
Estimator batch 903/1600 (active points 15/22) [3h 10m 42s elapsed] ...   snr=+6.0dB [neural]  snr=+8.0dB [neural][ls]  snr=+10.0dB [neural][ls]  snr=+12.0dB [neural][ls]  snr=+14.0dB [neural][ls]  snr=+16.0dB [neural][ls]  snr=+18.0dB [neural][ls]  snr=+20.0dB [neural][ls]Done (11.40s)
Estimator batch 904/1600 (active points 15/22) [3h 10m 54s elapsed] ...   snr=+6.0dB [neural]  snr=+8.0dB [neural][ls]  snr=+10.0dB [neural][ls]  snr=+12.0dB [neural][ls]  snr=+14.0dB [neural][ls]  snr=+16.0dB [neural][ls]  snr=+18.0dB [neural][ls]  snr=+20.0dB [neural][ls]Done (11.45s)
Estimator batch 905/1600 (active points 15/22) [3h 11m 05s elapsed] ...   snr=+6.0dB [neural]  snr=+8.0dB [neural][ls]  snr=+10.0dB [neural][ls]  snr=+12.0dB [neural][ls]  snr=+14.0dB [neural][ls]  snr=+16.0dB [neural][ls]  snr=+18.0dB [neural][ls]  snr=+20.0dB [neural][ls]Done (11.38s)
Estimator batch 906/1600 (active points 15/22) [3h 11m 17s elapsed] ...   snr=+6.0dB [neural]  snr=+8.0dB [neural][ls]  snr=+10.0dB [neural][ls]  snr=+12.0dB [neural][ls]  snr=+14.0dB [neural][ls]  snr=+16.0dB [neural][ls]  snr=+18.0dB [neural][ls]  snr=+20.0dB [neural][ls]Done (11.39s)
Estimator batch 907/1600 (active points 15/22) [3h 11m 28s elapsed] ...   snr=+6.0dB [neural]  snr=+8.0dB [neural][ls]  snr=+10.0dB [neural][ls]  snr=+12.0dB [neural][ls]  snr=+14.0dB [neural][ls]  snr=+16.0dB [neural][ls]  snr=+18.0dB [neural][ls]  snr=+20.0dB [neural][ls]Done (11.54s)
Estimator batch 908/1600 (active points 15/22) [3h 11m 40s elapsed] ...   snr=+6.0dB [neural]  snr=+8.0dB [neural][ls]  snr=+10.0dB [neural][ls]  snr=+12.0dB [neural][ls]  snr=+14.0dB [neural][ls]  snr=+16.0dB [neural][ls]  snr=+18.0dB [neural][ls]  snr=+20.0dB [neural][ls]Done (11.40s)
Estimator batch 909/1600 (active points 15/22) [3h 11m 51s elapsed] ...   snr=+6.0dB [neural]  snr=+8.0dB [neural][ls]  snr=+10.0dB [neural][ls]  snr=+12.0dB [neural][ls]  snr=+14.0dB [neural][ls]  snr=+16.0dB [neural][ls]  snr=+18.0dB [neural][ls]  snr=+20.0dB [neural][ls]Done (11.41s)
Estimator batch 910/1600 (active points 15/22) [3h 12m 02s elapsed] ...   snr=+6.0dB [neural]  snr=+8.0dB [neural][ls]  snr=+10.0dB [neural][ls]  snr=+12.0dB [neural][ls]  snr=+14.0dB [neural][ls]  snr=+16.0dB [neural][ls]  snr=+18.0dB [neural][ls]  snr=+20.0dB [neural][ls]Done (11.44s)
Estimator batch 911/1600 (active points 15/22) [3h 12m 14s elapsed] ...   snr=+6.0dB [neural]  snr=+8.0dB [neural][ls]  snr=+10.0dB [neural][ls]  snr=+12.0dB [neural][ls]  snr=+14.0dB [neural][ls]  snr=+16.0dB [neural][ls]  snr=+18.0dB [neural][ls]  snr=+20.0dB [neural][ls]Done (11.41s)
Estimator batch 912/1600 (active points 15/22) [3h 12m 25s elapsed] ...   snr=+6.0dB [neural]  snr=+8.0dB [neural][ls]  snr=+10.0dB [neural][ls]  snr=+12.0dB [neural][ls]  snr=+14.0dB [neural][ls]  snr=+16.0dB [neural][ls]  snr=+18.0dB [neural][ls]  snr=+20.0dB [neural][ls]Done (11.94s)
Estimator batch 913/1600 (active points 15/22) [3h 12m 37s elapsed] ...   snr=+6.0dB [neural]  snr=+8.0dB [neural][ls]  snr=+10.0dB [neural][ls]  snr=+12.0dB [neural][ls]  snr=+14.0dB [neural][ls]  snr=+16.0dB [neural][ls]  snr=+18.0dB [neural][ls]  snr=+20.0dB [neural][ls]Done (11.40s)
Estimator batch 914/1600 (active points 15/22) [3h 12m 49s elapsed] ...   snr=+6.0dB [neural]  snr=+8.0dB [neural][ls]  snr=+10.0dB [neural][ls]  snr=+12.0dB [neural][ls]  snr=+14.0dB [neural][ls]  snr=+16.0dB [neural][ls]  snr=+18.0dB [neural][ls]  snr=+20.0dB [neural][ls]Done (11.40s)
Estimator batch 915/1600 (active points 15/22) [3h 13m 00s elapsed] ...   snr=+6.0dB [neural]  snr=+8.0dB [neural][ls]  snr=+10.0dB [neural][ls]  snr=+12.0dB [neural][ls]  snr=+14.0dB [neural][ls]  snr=+16.0dB [neural][ls]  snr=+18.0dB [neural][ls]  snr=+20.0dB [neural][ls]Done (11.42s)
Estimator batch 916/1600 (active points 15/22) [3h 13m 11s elapsed] ...   snr=+6.0dB [neural]  snr=+8.0dB [neural][ls]  snr=+10.0dB [neural][ls]  snr=+12.0dB [neural][ls]  snr=+14.0dB [neural][ls]  snr=+16.0dB [neural][ls]  snr=+18.0dB [neural][ls]  snr=+20.0dB [neural][ls]Done (11.47s)
Estimator batch 917/1600 (active points 15/22) [3h 13m 23s elapsed] ...   snr=+6.0dB [neural]  snr=+8.0dB [neural][ls]  snr=+10.0dB [neural][ls]  snr=+12.0dB [neural][ls]  snr=+14.0dB [neural][ls]  snr=+16.0dB [neural][ls]  snr=+18.0dB [neural][ls]  snr=+20.0dB [neural][ls]Done (12.33s)
Estimator batch 918/1600 (active points 15/22) [3h 13m 35s elapsed] ...   snr=+6.0dB [neural]  snr=+8.0dB [neural][ls]  snr=+10.0dB [neural][ls]  snr=+12.0dB [neural][ls]  snr=+14.0dB [neural][ls]  snr=+16.0dB [neural][ls]  snr=+18.0dB [neural][ls]  snr=+20.0dB [neural][ls]Done (12.06s)
Estimator batch 919/1600 (active points 15/22) [3h 13m 47s elapsed] ...   snr=+6.0dB [neural]  snr=+8.0dB [neural][ls]  snr=+10.0dB [neural][ls]  snr=+12.0dB [neural][ls]  snr=+14.0dB [neural][ls]  snr=+16.0dB [neural][ls]  snr=+18.0dB [neural][ls]  snr=+20.0dB [neural][ls]Done (11.42s)
Estimator batch 920/1600 (active points 15/22) [3h 13m 59s elapsed] ...   snr=+6.0dB [neural]  snr=+8.0dB [neural][ls]  snr=+10.0dB [neural][ls]  snr=+12.0dB [neural][ls]  snr=+14.0dB [neural][ls]  snr=+16.0dB [neural][ls]  snr=+18.0dB [neural][ls]  snr=+20.0dB [neural][ls]Done (11.41s)
Estimator batch 921/1600 (active points 15/22) [3h 14m 10s elapsed] ...   snr=+6.0dB [neural]  snr=+8.0dB [neural][ls]  snr=+10.0dB [neural][ls]  snr=+12.0dB [neural][ls]  snr=+14.0dB [neural][ls]  snr=+16.0dB [neural][ls]  snr=+18.0dB [neural][ls]  snr=+20.0dB [neural][ls]Done (11.41s)
Estimator batch 922/1600 (active points 15/22) [3h 14m 21s elapsed] ...   snr=+6.0dB [neural]  snr=+8.0dB [neural][ls]  snr=+10.0dB [neural][ls]  snr=+12.0dB [neural][ls]  snr=+14.0dB [neural][ls]  snr=+16.0dB [neural][ls]  snr=+18.0dB [neural][ls]  snr=+20.0dB [neural][ls]Done (11.44s)
Estimator batch 923/1600 (active points 15/22) [3h 14m 33s elapsed] ...   snr=+6.0dB [neural]  snr=+8.0dB [neural][ls]  snr=+10.0dB [neural][ls]  snr=+12.0dB [neural][ls]  snr=+14.0dB [neural][ls]  snr=+16.0dB [neural][ls]  snr=+18.0dB [neural][ls]  snr=+20.0dB [neural][ls]Done (11.42s)
Estimator batch 924/1600 (active points 15/22) [3h 14m 44s elapsed] ...   snr=+6.0dB [neural]  snr=+8.0dB [neural][ls]  snr=+10.0dB [neural][ls]  snr=+12.0dB [neural][ls]  snr=+14.0dB [neural][ls]  snr=+16.0dB [neural][ls]  snr=+18.0dB [neural][ls]  snr=+20.0dB [neural][ls]Done (11.39s)
Estimator batch 925/1600 (active points 15/22) [3h 14m 56s elapsed] ...   snr=+6.0dB [neural]  snr=+8.0dB [neural][ls]  snr=+10.0dB [neural][ls]  snr=+12.0dB [neural][ls]  snr=+14.0dB [neural][ls]  snr=+16.0dB [neural][ls]  snr=+18.0dB [neural][ls]  snr=+20.0dB [neural][ls]Done (11.39s)
Estimator batch 926/1600 (active points 15/22) [3h 15m 07s elapsed] ...   snr=+6.0dB [neural]  snr=+8.0dB [neural][ls]  snr=+10.0dB [neural][ls]  snr=+12.0dB [neural][ls]  snr=+14.0dB [neural][ls]  snr=+16.0dB [neural][ls]  snr=+18.0dB [neural][ls]  snr=+20.0dB [neural][ls]Done (11.44s)
Estimator batch 927/1600 (active points 15/22) [3h 15m 19s elapsed] ...   snr=+6.0dB [neural]  snr=+8.0dB [neural][ls]  snr=+10.0dB [neural][ls]  snr=+12.0dB [neural][ls]  snr=+14.0dB [neural][ls]  snr=+16.0dB [neural][ls]  snr=+18.0dB [neural][ls]  snr=+20.0dB [neural][ls]Done (11.41s)
Estimator batch 928/1600 (active points 15/22) [3h 15m 30s elapsed] ...   snr=+6.0dB [neural]  snr=+8.0dB [neural][ls]  snr=+10.0dB [neural][ls]  snr=+12.0dB [neural][ls]  snr=+14.0dB [neural][ls]  snr=+16.0dB [neural][ls]  snr=+18.0dB [neural][ls]  snr=+20.0dB [neural][ls]Done (11.40s)
Estimator batch 929/1600 (active points 15/22) [3h 15m 41s elapsed] ...   snr=+6.0dB [neural]  snr=+8.0dB [neural][ls]  snr=+10.0dB [neural][ls]  snr=+12.0dB [neural][ls]  snr=+14.0dB [neural][ls]  snr=+16.0dB [neural][ls]  snr=+18.0dB [neural][ls]  snr=+20.0dB [neural][ls]Done (11.44s)
Estimator batch 930/1600 (active points 15/22) [3h 15m 53s elapsed] ...   snr=+6.0dB [neural]  snr=+8.0dB [neural][ls]  snr=+10.0dB [neural][ls]  snr=+12.0dB [neural][ls]  snr=+14.0dB [neural][ls]  snr=+16.0dB [neural][ls]  snr=+18.0dB [neural][ls]  snr=+20.0dB [neural][ls]Done (11.42s)
Estimator batch 931/1600 (active points 15/22) [3h 16m 04s elapsed] ...   snr=+6.0dB [neural]  snr=+8.0dB [neural][ls]  snr=+10.0dB [neural][ls]  snr=+12.0dB [neural][ls]  snr=+14.0dB [neural][ls]  snr=+16.0dB [neural][ls]  snr=+18.0dB [neural][ls]  snr=+20.0dB [neural][ls]Done (11.39s)
Estimator batch 932/1600 (active points 15/22) [3h 16m 16s elapsed] ...   snr=+6.0dB [neural]  snr=+8.0dB [neural][ls]  snr=+10.0dB [neural][ls]  snr=+12.0dB [neural][ls]  snr=+14.0dB [neural][ls]  snr=+16.0dB [neural][ls]  snr=+18.0dB [neural][ls]  snr=+20.0dB [neural][ls]Done (11.39s)
Estimator batch 933/1600 (active points 15/22) [3h 16m 27s elapsed] ...   snr=+6.0dB [neural]  snr=+8.0dB [neural][ls]  snr=+10.0dB [neural][ls]  snr=+12.0dB [neural][ls]  snr=+14.0dB [neural][ls]  snr=+16.0dB [neural][ls]  snr=+18.0dB [neural][ls]  snr=+20.0dB [neural][ls]Done (11.39s)
Estimator batch 934/1600 (active points 15/22) [3h 16m 38s elapsed] ...   snr=+6.0dB [neural]  snr=+8.0dB [neural][ls]  snr=+10.0dB [neural][ls]  snr=+12.0dB [neural][ls]  snr=+14.0dB [neural][ls]  snr=+16.0dB [neural][ls]  snr=+18.0dB [neural][ls]  snr=+20.0dB [neural][ls]Done (11.40s)
Estimator batch 935/1600 (active points 15/22) [3h 16m 50s elapsed] ...   snr=+6.0dB [neural]  snr=+8.0dB [neural][ls]  snr=+10.0dB [neural][ls]  snr=+12.0dB [neural][ls]  snr=+14.0dB [neural][ls]  snr=+16.0dB [neural][ls]  snr=+18.0dB [neural][ls]  snr=+20.0dB [neural][ls]Done (11.41s)
Estimator batch 936/1600 (active points 15/22) [3h 17m 01s elapsed] ...   snr=+6.0dB [neural]  snr=+8.0dB [neural][ls]  snr=+10.0dB [neural][ls]  snr=+12.0dB [neural][ls]  snr=+14.0dB [neural][ls]  snr=+16.0dB [neural][ls]  snr=+18.0dB [neural][ls]  snr=+20.0dB [neural][ls]Done (11.40s)
Estimator batch 937/1600 (active points 15/22) [3h 17m 13s elapsed] ...   snr=+6.0dB [neural]  snr=+8.0dB [neural][ls]  snr=+10.0dB [neural][ls]  snr=+12.0dB [neural][ls]  snr=+14.0dB [neural][ls]  snr=+16.0dB [neural][ls]  snr=+18.0dB [neural][ls]  snr=+20.0dB [neural][ls]Done (11.41s)
Estimator batch 938/1600 (active points 15/22) [3h 17m 24s elapsed] ...   snr=+6.0dB [neural]  snr=+8.0dB [neural][ls]  snr=+10.0dB [neural][ls]  snr=+12.0dB [neural][ls]  snr=+14.0dB [neural][ls]  snr=+16.0dB [neural][ls]  snr=+18.0dB [neural][ls]  snr=+20.0dB [neural][ls]Done (11.40s)
Estimator batch 939/1600 (active points 15/22) [3h 17m 35s elapsed] ...   snr=+6.0dB [neural]  snr=+8.0dB [neural][ls]  snr=+10.0dB [neural][ls]  snr=+12.0dB [neural][ls]  snr=+14.0dB [neural][ls]  snr=+16.0dB [neural][ls]  snr=+18.0dB [neural][ls]  snr=+20.0dB [neural][ls]Done (11.37s)
Estimator batch 940/1600 (active points 15/22) [3h 17m 47s elapsed] ...   snr=+6.0dB [neural]  snr=+8.0dB [neural][ls]  snr=+10.0dB [neural][ls]  snr=+12.0dB [neural][ls]  snr=+14.0dB [neural][ls]  snr=+16.0dB [neural][ls]  snr=+18.0dB [neural][ls]  snr=+20.0dB [neural][ls]Done (11.43s)
Estimator batch 941/1600 (active points 15/22) [3h 17m 58s elapsed] ...   snr=+6.0dB [neural]  snr=+8.0dB [neural][ls]  snr=+10.0dB [neural][ls]  snr=+12.0dB [neural][ls]  snr=+14.0dB [neural][ls]  snr=+16.0dB [neural][ls]  snr=+18.0dB [neural][ls]  snr=+20.0dB [neural][ls]Done (11.37s)
Estimator batch 942/1600 (active points 15/22) [3h 18m 10s elapsed] ...   snr=+6.0dB [neural]  snr=+8.0dB [neural][ls]  snr=+10.0dB [neural][ls]  snr=+12.0dB [neural][ls]  snr=+14.0dB [neural][ls]  snr=+16.0dB [neural][ls]  snr=+18.0dB [neural][ls]  snr=+20.0dB [neural][ls]Done (11.72s)
Estimator batch 943/1600 (active points 15/22) [3h 18m 21s elapsed] ...   snr=+6.0dB [neural]  snr=+8.0dB [neural][ls]  snr=+10.0dB [neural][ls]  snr=+12.0dB [neural][ls]  snr=+14.0dB [neural][ls]  snr=+16.0dB [neural][ls]  snr=+18.0dB [neural][ls]  snr=+20.0dB [neural][ls]Done (11.43s)
Estimator batch 944/1600 (active points 15/22) [3h 18m 33s elapsed] ...   snr=+6.0dB [neural]  snr=+8.0dB [neural][ls]  snr=+10.0dB [neural][ls]  snr=+12.0dB [neural][ls]  snr=+14.0dB [neural][ls]  snr=+16.0dB [neural][ls]  snr=+18.0dB [neural][ls]  snr=+20.0dB [neural][ls]Done (11.47s)
Estimator batch 945/1600 (active points 15/22) [3h 18m 44s elapsed] ...   snr=+6.0dB [neural]  snr=+8.0dB [neural][ls]  snr=+10.0dB [neural][ls]  snr=+12.0dB [neural][ls]  snr=+14.0dB [neural][ls]  snr=+16.0dB [neural][ls]  snr=+18.0dB [neural][ls]  snr=+20.0dB [neural][ls]Done (11.55s)
Estimator batch 946/1600 (active points 15/22) [3h 18m 56s elapsed] ...   snr=+6.0dB [neural]  snr=+8.0dB [neural][ls]  snr=+10.0dB [neural][ls]  snr=+12.0dB [neural][ls]  snr=+14.0dB [neural][ls]  snr=+16.0dB [neural][ls]  snr=+18.0dB [neural][ls]  snr=+20.0dB [neural][ls]Done (11.60s)
Estimator batch 947/1600 (active points 15/22) [3h 19m 07s elapsed] ...   snr=+6.0dB [neural]  snr=+8.0dB [neural][ls]  snr=+10.0dB [neural][ls]  snr=+12.0dB [neural][ls]  snr=+14.0dB [neural][ls]  snr=+16.0dB [neural][ls]  snr=+18.0dB [neural][ls]  snr=+20.0dB [neural][ls]Done (11.42s)
Estimator batch 948/1600 (active points 15/22) [3h 19m 19s elapsed] ...   snr=+6.0dB [neural]  snr=+8.0dB [neural][ls]  snr=+10.0dB [neural][ls]  snr=+12.0dB [neural][ls]  snr=+14.0dB [neural][ls]  snr=+16.0dB [neural][ls]  snr=+18.0dB [neural][ls]  snr=+20.0dB [neural][ls]Done (11.40s)
Estimator batch 949/1600 (active points 15/22) [3h 19m 30s elapsed] ...   snr=+6.0dB [neural]  snr=+8.0dB [neural][ls]  snr=+10.0dB [neural][ls]  snr=+12.0dB [neural][ls]  snr=+14.0dB [neural][ls]  snr=+16.0dB [neural][ls]  snr=+18.0dB [neural][ls]  snr=+20.0dB [neural][ls]Done (11.38s)
Estimator batch 950/1600 (active points 15/22) [3h 19m 42s elapsed] ...   snr=+6.0dB [neural]  snr=+8.0dB [neural][ls]  snr=+10.0dB [neural][ls]  snr=+12.0dB [neural][ls]  snr=+14.0dB [neural][ls]  snr=+16.0dB [neural][ls]  snr=+18.0dB [neural][ls]  snr=+20.0dB [neural][ls]Done (11.39s)
Estimator batch 951/1600 (active points 15/22) [3h 19m 53s elapsed] ...   snr=+6.0dB [neural]  snr=+8.0dB [neural][ls]  snr=+10.0dB [neural][ls]  snr=+12.0dB [neural][ls]  snr=+14.0dB [neural][ls]  snr=+16.0dB [neural][ls]  snr=+18.0dB [neural][ls]  snr=+20.0dB [neural][ls]Done (11.42s)
Estimator batch 952/1600 (active points 15/22) [3h 20m 04s elapsed] ...   snr=+6.0dB [neural]  snr=+8.0dB [neural][ls]  snr=+10.0dB [neural][ls]  snr=+12.0dB [neural][ls]  snr=+14.0dB [neural][ls]  snr=+16.0dB [neural][ls]  snr=+18.0dB [neural][ls]  snr=+20.0dB [neural][ls]Done (11.42s)
Estimator batch 953/1600 (active points 15/22) [3h 20m 16s elapsed] ...   snr=+6.0dB [neural]  snr=+8.0dB [neural][ls]  snr=+10.0dB [neural][ls]  snr=+12.0dB [neural][ls]  snr=+14.0dB [neural][ls]  snr=+16.0dB [neural][ls]  snr=+18.0dB [neural][ls]  snr=+20.0dB [neural][ls]Done (11.43s)
Estimator batch 954/1600 (active points 15/22) [3h 20m 27s elapsed] ...   snr=+6.0dB [neural]  snr=+8.0dB [neural][ls]  snr=+10.0dB [neural][ls]  snr=+12.0dB [neural][ls]  snr=+14.0dB [neural][ls]  snr=+16.0dB [neural][ls]  snr=+18.0dB [neural][ls]  snr=+20.0dB [neural][ls]Done (11.38s)
Estimator batch 955/1600 (active points 15/22) [3h 20m 39s elapsed] ...   snr=+6.0dB [neural]  snr=+8.0dB [neural][ls]  snr=+10.0dB [neural][ls]  snr=+12.0dB [neural][ls]  snr=+14.0dB [neural][ls]  snr=+16.0dB [neural][ls]  snr=+18.0dB [neural][ls]  snr=+20.0dB [neural][ls]Done (11.37s)
Estimator batch 956/1600 (active points 15/22) [3h 20m 50s elapsed] ...   snr=+6.0dB [neural]  snr=+8.0dB [neural][ls]  snr=+10.0dB [neural][ls]  snr=+12.0dB [neural][ls]  snr=+14.0dB [neural][ls]  snr=+16.0dB [neural][ls]  snr=+18.0dB [neural][ls]  snr=+20.0dB [neural][ls]Done (11.39s)
Estimator batch 957/1600 (active points 15/22) [3h 21m 01s elapsed] ...   snr=+6.0dB [neural]  snr=+8.0dB [neural][ls]  snr=+10.0dB [neural][ls]  snr=+12.0dB [neural][ls]  snr=+14.0dB [neural][ls]  snr=+16.0dB [neural][ls]  snr=+18.0dB [neural][ls]  snr=+20.0dB [neural][ls]Done (11.44s)
Estimator batch 958/1600 (active points 15/22) [3h 21m 13s elapsed] ...   snr=+6.0dB [neural]  snr=+8.0dB [neural][ls]  snr=+10.0dB [neural][ls]  snr=+12.0dB [neural][ls]  snr=+14.0dB [neural][ls]  snr=+16.0dB [neural][ls]  snr=+18.0dB [neural][ls]  snr=+20.0dB [neural][ls]Done (11.42s)
Estimator batch 959/1600 (active points 15/22) [3h 21m 24s elapsed] ...   snr=+6.0dB [neural]  snr=+8.0dB [neural][ls]  snr=+10.0dB [neural][ls]  snr=+12.0dB [neural][ls]  snr=+14.0dB [neural][ls]  snr=+16.0dB [neural][ls]  snr=+18.0dB [neural][ls]  snr=+20.0dB [neural][ls]Done (11.40s)
Estimator batch 960/1600 (active points 15/22) [3h 21m 36s elapsed] ...   snr=+6.0dB [neural]  snr=+8.0dB [neural][ls]  snr=+10.0dB [neural][ls]  snr=+12.0dB [neural][ls]  snr=+14.0dB [neural][ls]  snr=+16.0dB [neural][ls]  snr=+18.0dB [neural][ls]  snr=+20.0dB [neural][ls]Done (11.39s)
Estimator batch 961/1600 (active points 15/22) [3h 21m 47s elapsed] ...   snr=+6.0dB [neural]  snr=+8.0dB [neural][ls]  snr=+10.0dB [neural][ls]  snr=+12.0dB [neural][ls]  snr=+14.0dB [neural][ls]  snr=+16.0dB [neural][ls]  snr=+18.0dB [neural][ls]  snr=+20.0dB [neural][ls]Done (11.40s)
Estimator batch 962/1600 (active points 15/22) [3h 21m 58s elapsed] ...   snr=+6.0dB [neural]  snr=+8.0dB [neural][ls]  snr=+10.0dB [neural][ls]  snr=+12.0dB [neural][ls]  snr=+14.0dB [neural][ls]  snr=+16.0dB [neural][ls]  snr=+18.0dB [neural][ls]  snr=+20.0dB [neural][ls]Done (11.40s)
Estimator batch 963/1600 (active points 15/22) [3h 22m 10s elapsed] ...   snr=+6.0dB [neural]  snr=+8.0dB [neural][ls]  snr=+10.0dB [neural][ls]  snr=+12.0dB [neural][ls]  snr=+14.0dB [neural][ls]  snr=+16.0dB [neural][ls]  snr=+18.0dB [neural][ls]  snr=+20.0dB [neural][ls]Done (11.40s)
Estimator batch 964/1600 (active points 15/22) [3h 22m 21s elapsed] ...   snr=+6.0dB [neural]  snr=+8.0dB [neural][ls]  snr=+10.0dB [neural][ls]  snr=+12.0dB [neural][ls]  snr=+14.0dB [neural][ls]  snr=+16.0dB [neural][ls]  snr=+18.0dB [neural][ls]  snr=+20.0dB [neural][ls]Done (11.92s)
Estimator batch 965/1600 (active points 15/22) [3h 22m 33s elapsed] ...   snr=+6.0dB [neural]  snr=+8.0dB [neural][ls]  snr=+10.0dB [neural][ls]  snr=+12.0dB [neural][ls]  snr=+14.0dB [neural][ls]  snr=+16.0dB [neural][ls]  snr=+18.0dB [neural][ls]  snr=+20.0dB [neural][ls]Done (11.39s)
Estimator batch 966/1600 (active points 15/22) [3h 22m 45s elapsed] ...   snr=+6.0dB [neural]  snr=+8.0dB [neural][ls]  snr=+10.0dB [neural][ls]  snr=+12.0dB [neural][ls]  snr=+14.0dB [neural][ls]  snr=+16.0dB [neural][ls]  snr=+18.0dB [neural][ls]  snr=+20.0dB [neural][ls]Done (11.41s)
Estimator batch 967/1600 (active points 15/22) [3h 22m 56s elapsed] ...   snr=+6.0dB [neural]  snr=+8.0dB [neural][ls]  snr=+10.0dB [neural][ls]  snr=+12.0dB [neural][ls]  snr=+14.0dB [neural][ls]  snr=+16.0dB [neural][ls]  snr=+18.0dB [neural][ls]  snr=+20.0dB [neural][ls]Done (11.39s)
Estimator batch 968/1600 (active points 15/22) [3h 23m 07s elapsed] ...   snr=+6.0dB [neural]  snr=+8.0dB [neural][ls]  snr=+10.0dB [neural][ls]  snr=+12.0dB [neural][ls]  snr=+14.0dB [neural][ls]  snr=+16.0dB [neural][ls]  snr=+18.0dB [neural][ls]  snr=+20.0dB [neural][ls]Done (11.45s)
Estimator batch 969/1600 (active points 15/22) [3h 23m 19s elapsed] ...   snr=+6.0dB [neural]  snr=+8.0dB [neural][ls]  snr=+10.0dB [neural][ls]  snr=+12.0dB [neural][ls]  snr=+14.0dB [neural][ls]  snr=+16.0dB [neural][ls]  snr=+18.0dB [neural][ls]  snr=+20.0dB [neural][ls]Done (11.53s)
Estimator batch 970/1600 (active points 15/22) [3h 23m 30s elapsed] ...   snr=+6.0dB [neural]  snr=+8.0dB [neural][ls]  snr=+10.0dB [neural][ls]  snr=+12.0dB [neural][ls]  snr=+14.0dB [neural][ls]  snr=+16.0dB [neural][ls]  snr=+18.0dB [neural][ls]  snr=+20.0dB [neural][ls]Done (11.42s)
Estimator batch 971/1600 (active points 15/22) [3h 23m 42s elapsed] ...   snr=+6.0dB [neural]  snr=+8.0dB [neural][ls]  snr=+10.0dB [neural][ls]  snr=+12.0dB [neural][ls]  snr=+14.0dB [neural][ls]  snr=+16.0dB [neural][ls]  snr=+18.0dB [neural][ls]  snr=+20.0dB [neural][ls]Done (11.39s)
Estimator batch 972/1600 (active points 15/22) [3h 23m 53s elapsed] ...   snr=+6.0dB [neural]  snr=+8.0dB [neural][ls]  snr=+10.0dB [neural][ls]  snr=+12.0dB [neural][ls]  snr=+14.0dB [neural][ls]  snr=+16.0dB [neural][ls]  snr=+18.0dB [neural][ls]  snr=+20.0dB [neural][ls]Done (11.52s)
Estimator batch 973/1600 (active points 15/22) [3h 24m 05s elapsed] ...   snr=+6.0dB [neural]  snr=+8.0dB [neural][ls]  snr=+10.0dB [neural][ls]  snr=+12.0dB [neural][ls]  snr=+14.0dB [neural][ls]  snr=+16.0dB [neural][ls]  snr=+18.0dB [neural][ls]  snr=+20.0dB [neural][ls]Done (11.42s)
Estimator batch 974/1600 (active points 15/22) [3h 24m 16s elapsed] ...   snr=+6.0dB [neural]  snr=+8.0dB [neural][ls]  snr=+10.0dB [neural][ls]  snr=+12.0dB [neural][ls]  snr=+14.0dB [neural][ls]  snr=+16.0dB [neural][ls]  snr=+18.0dB [neural][ls]  snr=+20.0dB [neural][ls]Done (11.43s)
Estimator batch 975/1600 (active points 15/22) [3h 24m 27s elapsed] ...   snr=+6.0dB [neural]  snr=+8.0dB [neural][ls]  snr=+10.0dB [neural][ls]  snr=+12.0dB [neural][ls]  snr=+14.0dB [neural][ls]  snr=+16.0dB [neural][ls]  snr=+18.0dB [neural][ls]  snr=+20.0dB [neural][ls]Done (11.54s)
Estimator batch 976/1600 (active points 15/22) [3h 24m 39s elapsed] ...   snr=+6.0dB [neural]  snr=+8.0dB [neural][ls]  snr=+10.0dB [neural][ls]  snr=+12.0dB [neural][ls]  snr=+14.0dB [neural][ls]  snr=+16.0dB [neural][ls]  snr=+18.0dB [neural][ls]  snr=+20.0dB [neural][ls]Done (11.47s)
Estimator batch 977/1600 (active points 15/22) [3h 24m 50s elapsed] ...   snr=+6.0dB [neural]  snr=+8.0dB [neural][ls]  snr=+10.0dB [neural][ls]  snr=+12.0dB [neural][ls]  snr=+14.0dB [neural][ls]  snr=+16.0dB [neural][ls]  snr=+18.0dB [neural][ls]  snr=+20.0dB [neural][ls]Done (11.40s)
Estimator batch 978/1600 (active points 15/22) [3h 25m 02s elapsed] ...   snr=+6.0dB [neural]  snr=+8.0dB [neural][ls]  snr=+10.0dB [neural][ls]  snr=+12.0dB [neural][ls]  snr=+14.0dB [neural][ls]  snr=+16.0dB [neural][ls]  snr=+18.0dB [neural][ls]  snr=+20.0dB [neural][ls]Done (11.41s)
Estimator batch 979/1600 (active points 15/22) [3h 25m 13s elapsed] ...   snr=+6.0dB [neural]  snr=+8.0dB [neural][ls]  snr=+10.0dB [neural][ls]  snr=+12.0dB [neural][ls]  snr=+14.0dB [neural][ls]  snr=+16.0dB [neural][ls]  snr=+18.0dB [neural][ls]  snr=+20.0dB [neural][ls]Done (11.42s)
Estimator batch 980/1600 (active points 15/22) [3h 25m 25s elapsed] ...   snr=+6.0dB [neural]  snr=+8.0dB [neural][ls]  snr=+10.0dB [neural][ls]  snr=+12.0dB [neural][ls]  snr=+14.0dB [neural][ls]  snr=+16.0dB [neural][ls]  snr=+18.0dB [neural][ls]  snr=+20.0dB [neural][ls]Done (11.48s)
Estimator batch 981/1600 (active points 15/22) [3h 25m 36s elapsed] ...   snr=+6.0dB [neural]  snr=+8.0dB [neural][ls]  snr=+10.0dB [neural][ls]  snr=+12.0dB [neural][ls]  snr=+14.0dB [neural][ls]  snr=+16.0dB [neural][ls]  snr=+18.0dB [neural][ls]  snr=+20.0dB [neural][ls]Done (11.40s)
Estimator batch 982/1600 (active points 15/22) [3h 25m 48s elapsed] ...   snr=+6.0dB [neural]  snr=+8.0dB [neural][ls]  snr=+10.0dB [neural][ls]  snr=+12.0dB [neural][ls]  snr=+14.0dB [neural][ls]  snr=+16.0dB [neural][ls]  snr=+18.0dB [neural][ls]  snr=+20.0dB [neural][ls]Done (11.40s)
Estimator batch 983/1600 (active points 15/22) [3h 25m 59s elapsed] ...   snr=+6.0dB [neural]  snr=+8.0dB [neural][ls]  snr=+10.0dB [neural][ls]  snr=+12.0dB [neural][ls]  snr=+14.0dB [neural][ls]  snr=+16.0dB [neural][ls]  snr=+18.0dB [neural][ls]  snr=+20.0dB [neural][ls]Done (11.60s)
Estimator batch 984/1600 (active points 15/22) [3h 26m 11s elapsed] ...   snr=+6.0dB [neural]  snr=+8.0dB [neural][ls]  snr=+10.0dB [neural][ls]  snr=+12.0dB [neural][ls]  snr=+14.0dB [neural][ls]  snr=+16.0dB [neural][ls]  snr=+18.0dB [neural][ls]  snr=+20.0dB [neural][ls]Done (11.41s)
Estimator batch 985/1600 (active points 15/22) [3h 26m 22s elapsed] ...   snr=+6.0dB [neural]  snr=+8.0dB [neural][ls]  snr=+10.0dB [neural][ls]  snr=+12.0dB [neural][ls]  snr=+14.0dB [neural][ls]  snr=+16.0dB [neural][ls]  snr=+18.0dB [neural][ls]  snr=+20.0dB [neural][ls]Done (11.45s)
Estimator batch 986/1600 (active points 15/22) [3h 26m 33s elapsed] ...   snr=+6.0dB [neural]  snr=+8.0dB [neural][ls]  snr=+10.0dB [neural][ls]  snr=+12.0dB [neural][ls]  snr=+14.0dB [neural][ls]  snr=+16.0dB [neural][ls]  snr=+18.0dB [neural][ls]  snr=+20.0dB [neural][ls]Done (11.40s)
Estimator batch 987/1600 (active points 15/22) [3h 26m 45s elapsed] ...   snr=+6.0dB [neural]  snr=+8.0dB [neural][ls]  snr=+10.0dB [neural][ls]  snr=+12.0dB [neural][ls]  snr=+14.0dB [neural][ls]  snr=+16.0dB [neural][ls]  snr=+18.0dB [neural][ls]  snr=+20.0dB [neural][ls]Done (11.38s)
Estimator batch 988/1600 (active points 15/22) [3h 26m 56s elapsed] ...   snr=+6.0dB [neural]  snr=+8.0dB [neural][ls]  snr=+10.0dB [neural][ls]  snr=+12.0dB [neural][ls]  snr=+14.0dB [neural][ls]  snr=+16.0dB [neural][ls]  snr=+18.0dB [neural][ls]  snr=+20.0dB [neural][ls]Done (11.46s)
Estimator batch 989/1600 (active points 15/22) [3h 27m 08s elapsed] ...   snr=+6.0dB [neural]  snr=+8.0dB [neural][ls]  snr=+10.0dB [neural][ls]  snr=+12.0dB [neural][ls]  snr=+14.0dB [neural][ls]  snr=+16.0dB [neural][ls]  snr=+18.0dB [neural][ls]  snr=+20.0dB [neural][ls]Done (11.42s)
Estimator batch 990/1600 (active points 15/22) [3h 27m 19s elapsed] ...   snr=+6.0dB [neural]  snr=+8.0dB [neural][ls]  snr=+10.0dB [neural][ls]  snr=+12.0dB [neural][ls]  snr=+14.0dB [neural][ls]  snr=+16.0dB [neural][ls]  snr=+18.0dB [neural][ls]  snr=+20.0dB [neural][ls]Done (11.48s)
Estimator batch 991/1600 (active points 15/22) [3h 27m 31s elapsed] ...   snr=+6.0dB [neural]  snr=+8.0dB [neural][ls]  snr=+10.0dB [neural][ls]  snr=+12.0dB [neural][ls]  snr=+14.0dB [neural][ls]  snr=+16.0dB [neural][ls]  snr=+18.0dB [neural][ls]  snr=+20.0dB [neural][ls]Done (11.41s)
Estimator batch 992/1600 (active points 15/22) [3h 27m 42s elapsed] ...   snr=+6.0dB [neural]  snr=+8.0dB [neural][ls]  snr=+10.0dB [neural][ls]  snr=+12.0dB [neural][ls]  snr=+14.0dB [neural][ls]  snr=+16.0dB [neural][ls]  snr=+18.0dB [neural][ls]  snr=+20.0dB [neural][ls]Done (11.44s)
Estimator batch 993/1600 (active points 15/22) [3h 27m 53s elapsed] ...   snr=+6.0dB [neural]  snr=+8.0dB [neural][ls]  snr=+10.0dB [neural][ls]  snr=+12.0dB [neural][ls]  snr=+14.0dB [neural][ls]  snr=+16.0dB [neural][ls]  snr=+18.0dB [neural][ls]  snr=+20.0dB [neural][ls]Done (11.48s)
Estimator batch 994/1600 (active points 15/22) [3h 28m 05s elapsed] ...   snr=+6.0dB [neural]  snr=+8.0dB [neural][ls]  snr=+10.0dB [neural][ls]  snr=+12.0dB [neural][ls]  snr=+14.0dB [neural][ls]  snr=+16.0dB [neural][ls]  snr=+18.0dB [neural][ls]  snr=+20.0dB [neural][ls]Done (11.39s)
Estimator batch 995/1600 (active points 15/22) [3h 28m 16s elapsed] ...   snr=+6.0dB [neural]  snr=+8.0dB [neural][ls]  snr=+10.0dB [neural][ls]  snr=+12.0dB [neural][ls]  snr=+14.0dB [neural][ls]  snr=+16.0dB [neural][ls]  snr=+18.0dB [neural][ls]  snr=+20.0dB [neural][ls]Done (11.45s)
Estimator batch 996/1600 (active points 15/22) [3h 28m 28s elapsed] ...   snr=+6.0dB [neural]  snr=+8.0dB [neural][ls]  snr=+10.0dB [neural][ls]  snr=+12.0dB [neural][ls]  snr=+14.0dB [neural][ls]  snr=+16.0dB [neural][ls]  snr=+18.0dB [neural][ls]  snr=+20.0dB [neural][ls]Done (11.49s)
Estimator batch 997/1600 (active points 15/22) [3h 28m 39s elapsed] ...   snr=+6.0dB [neural]  snr=+8.0dB [neural][ls]  snr=+10.0dB [neural][ls]  snr=+12.0dB [neural][ls]  snr=+14.0dB [neural][ls]  snr=+16.0dB [neural][ls]  snr=+18.0dB [neural][ls]  snr=+20.0dB [neural][ls]Done (11.40s)
Estimator batch 998/1600 (active points 15/22) [3h 28m 51s elapsed] ...   snr=+6.0dB [neural]  snr=+8.0dB [neural][ls]  snr=+10.0dB [neural][ls]  snr=+12.0dB [neural][ls]  snr=+14.0dB [neural][ls]  snr=+16.0dB [neural][ls]  snr=+18.0dB [neural][ls]  snr=+20.0dB [neural][ls]Done (11.40s)
Estimator batch 999/1600 (active points 15/22) [3h 29m 02s elapsed] ...   snr=+6.0dB [neural]  snr=+8.0dB [neural][ls]  snr=+10.0dB [neural][ls]  snr=+12.0dB [neural][ls]  snr=+14.0dB [neural][ls]  snr=+16.0dB [neural][ls]  snr=+18.0dB [neural][ls]  snr=+20.0dB [neural][ls]Done (11.40s)
Estimator batch 1000/1600 (active points 15/22) [3h 29m 13s elapsed] ...   snr=+6.0dB [neural]  snr=+8.0dB [neural][ls]  snr=+10.0dB [neural][ls]  snr=+12.0dB [neural][ls]  snr=+14.0dB [neural][ls]  snr=+16.0dB [neural][ls]  snr=+18.0dB [neural][ls]  snr=+20.0dB [neural][ls]Done (11.44s)
Estimator batch 1001/1600 (active points 15/22) [3h 29m 25s elapsed] ...   snr=+6.0dB [neural]  snr=+8.0dB [neural][ls]  snr=+10.0dB [neural][ls]  snr=+12.0dB [neural][ls]  snr=+14.0dB [neural][ls]  snr=+16.0dB [neural][ls]  snr=+18.0dB [neural][ls]  snr=+20.0dB [neural][ls]Done (11.38s)
Estimator batch 1002/1600 (active points 15/22) [3h 29m 36s elapsed] ...   snr=+6.0dB [neural]  snr=+8.0dB [neural][ls]  snr=+10.0dB [neural][ls]  snr=+12.0dB [neural][ls]  snr=+14.0dB [neural][ls]  snr=+16.0dB [neural][ls]  snr=+18.0dB [neural][ls]  snr=+20.0dB [neural][ls]Done (11.45s)
Estimator batch 1003/1600 (active points 15/22) [3h 29m 48s elapsed] ...   snr=+6.0dB [neural]  snr=+8.0dB [neural][ls]  snr=+10.0dB [neural][ls]  snr=+12.0dB [neural][ls]  snr=+14.0dB [neural][ls]  snr=+16.0dB [neural][ls]  snr=+18.0dB [neural][ls]  snr=+20.0dB [neural][ls]Done (11.40s)
Estimator batch 1004/1600 (active points 15/22) [3h 29m 59s elapsed] ...   snr=+6.0dB [neural]  snr=+8.0dB [neural][ls]  snr=+10.0dB [neural][ls]  snr=+12.0dB [neural][ls]  snr=+14.0dB [neural][ls]  snr=+16.0dB [neural][ls]  snr=+18.0dB [neural][ls]  snr=+20.0dB [neural][ls]Done (11.37s)
Estimator batch 1005/1600 (active points 15/22) [3h 30m 11s elapsed] ...   snr=+6.0dB [neural]  snr=+8.0dB [neural][ls]  snr=+10.0dB [neural][ls]  snr=+12.0dB [neural][ls]  snr=+14.0dB [neural][ls]  snr=+16.0dB [neural][ls]  snr=+18.0dB [neural][ls]  snr=+20.0dB [neural][ls]Done (11.40s)
Estimator batch 1006/1600 (active points 15/22) [3h 30m 22s elapsed] ...   snr=+6.0dB [neural]  snr=+8.0dB [neural][ls]  snr=+10.0dB [neural][ls]  snr=+12.0dB [neural][ls]  snr=+14.0dB [neural][ls]  snr=+16.0dB [neural][ls]  snr=+18.0dB [neural][ls]  snr=+20.0dB [neural][ls]Done (11.39s)
Estimator batch 1007/1600 (active points 15/22) [3h 30m 33s elapsed] ...   snr=+6.0dB [neural]  snr=+8.0dB [neural][ls]  snr=+10.0dB [neural][ls]  snr=+12.0dB [neural][ls]  snr=+14.0dB [neural][ls]  snr=+16.0dB [neural][ls]  snr=+18.0dB [neural][ls]  snr=+20.0dB [neural][ls]Done (11.51s)
Estimator batch 1008/1600 (active points 15/22) [3h 30m 45s elapsed] ...   snr=+6.0dB [neural]  snr=+8.0dB [neural][ls]  snr=+10.0dB [neural][ls]  snr=+12.0dB [neural][ls]  snr=+14.0dB [neural][ls]  snr=+16.0dB [neural][ls]  snr=+18.0dB [neural][ls]  snr=+20.0dB [neural][ls]Done (11.38s)
Estimator batch 1009/1600 (active points 15/22) [3h 30m 56s elapsed] ...   snr=+6.0dB [neural]  snr=+8.0dB [neural][ls]  snr=+10.0dB [neural][ls]  snr=+12.0dB [neural][ls]  snr=+14.0dB [neural][ls]  snr=+16.0dB [neural][ls]  snr=+18.0dB [neural][ls]  snr=+20.0dB [neural][ls]Done (11.41s)
Estimator batch 1010/1600 (active points 15/22) [3h 31m 08s elapsed] ...   snr=+6.0dB [neural]  snr=+8.0dB [neural][ls]  snr=+10.0dB [neural][ls]  snr=+12.0dB [neural][ls]  snr=+14.0dB [neural][ls]  snr=+16.0dB [neural][ls]  snr=+18.0dB [neural][ls]  snr=+20.0dB [neural][ls]Done (11.38s)
Estimator batch 1011/1600 (active points 15/22) [3h 31m 19s elapsed] ...   snr=+6.0dB [neural]  snr=+8.0dB [neural][ls]  snr=+10.0dB [neural][ls]  snr=+12.0dB [neural][ls]  snr=+14.0dB [neural][ls]  snr=+16.0dB [neural][ls]  snr=+18.0dB [neural][ls]  snr=+20.0dB [neural][ls]Done (11.39s)
Estimator batch 1012/1600 (active points 15/22) [3h 31m 30s elapsed] ...   snr=+6.0dB [neural]  snr=+8.0dB [neural][ls]  snr=+10.0dB [neural][ls]  snr=+12.0dB [neural][ls]  snr=+14.0dB [neural][ls]  snr=+16.0dB [neural][ls]  snr=+18.0dB [neural][ls]  snr=+20.0dB [neural][ls]Done (11.39s)
Estimator batch 1013/1600 (active points 15/22) [3h 31m 42s elapsed] ...   snr=+6.0dB [neural]  snr=+8.0dB [neural][ls]  snr=+10.0dB [neural][ls]  snr=+12.0dB [neural][ls]  snr=+14.0dB [neural][ls]  snr=+16.0dB [neural][ls]  snr=+18.0dB [neural][ls]  snr=+20.0dB [neural][ls]Done (11.39s)
Estimator batch 1014/1600 (active points 15/22) [3h 31m 53s elapsed] ...   snr=+6.0dB [neural]  snr=+8.0dB [neural][ls]  snr=+10.0dB [neural][ls]  snr=+12.0dB [neural][ls]  snr=+14.0dB [neural][ls]  snr=+16.0dB [neural][ls]  snr=+18.0dB [neural][ls]  snr=+20.0dB [neural][ls]Done (11.40s)
Estimator batch 1015/1600 (active points 15/22) [3h 32m 05s elapsed] ...   snr=+6.0dB [neural]  snr=+8.0dB [neural][ls]  snr=+10.0dB [neural][ls]  snr=+12.0dB [neural][ls]  snr=+14.0dB [neural][ls]  snr=+16.0dB [neural][ls]  snr=+18.0dB [neural][ls]  snr=+20.0dB [neural][ls]Done (11.39s)
Estimator batch 1016/1600 (active points 15/22) [3h 32m 16s elapsed] ...   snr=+6.0dB [neural]  snr=+8.0dB [neural][ls]  snr=+10.0dB [neural][ls]  snr=+12.0dB [neural][ls]  snr=+14.0dB [neural][ls]  snr=+16.0dB [neural][ls]  snr=+18.0dB [neural][ls]  snr=+20.0dB [neural][ls]Done (11.40s)
Estimator batch 1017/1600 (active points 15/22) [3h 32m 27s elapsed] ...   snr=+6.0dB [neural]  snr=+8.0dB [neural][ls]  snr=+10.0dB [neural][ls]  snr=+12.0dB [neural][ls]  snr=+14.0dB [neural][ls]  snr=+16.0dB [neural][ls]  snr=+18.0dB [neural][ls]  snr=+20.0dB [neural][ls]Done (11.89s)
Estimator batch 1018/1600 (active points 15/22) [3h 32m 39s elapsed] ...   snr=+6.0dB [neural]  snr=+8.0dB [neural][ls]  snr=+10.0dB [neural][ls]  snr=+12.0dB [neural][ls]  snr=+14.0dB [neural][ls]  snr=+16.0dB [neural][ls]  snr=+18.0dB [neural][ls]  snr=+20.0dB [neural][ls]Done (11.40s)
Estimator batch 1019/1600 (active points 15/22) [3h 32m 51s elapsed] ...   snr=+6.0dB [neural]  snr=+8.0dB [neural][ls]  snr=+10.0dB [neural][ls]  snr=+12.0dB [neural][ls]  snr=+14.0dB [neural][ls]  snr=+16.0dB [neural][ls]  snr=+18.0dB [neural][ls]  snr=+20.0dB [neural][ls]Done (11.40s)
Estimator batch 1020/1600 (active points 15/22) [3h 33m 02s elapsed] ...   snr=+6.0dB [neural]  snr=+8.0dB [neural][ls]  snr=+10.0dB [neural][ls]  snr=+12.0dB [neural][ls]  snr=+14.0dB [neural][ls]  snr=+16.0dB [neural][ls]  snr=+18.0dB [neural][ls]  snr=+20.0dB [neural][ls]Done (11.39s)
Estimator batch 1021/1600 (active points 15/22) [3h 33m 13s elapsed] ...   snr=+6.0dB [neural]  snr=+8.0dB [neural][ls]  snr=+10.0dB [neural][ls]  snr=+12.0dB [neural][ls]  snr=+14.0dB [neural][ls]  snr=+16.0dB [neural][ls]  snr=+18.0dB [neural][ls]  snr=+20.0dB [neural][ls]Done (11.45s)
Estimator batch 1022/1600 (active points 15/22) [3h 33m 25s elapsed] ...   snr=+6.0dB [neural]  snr=+8.0dB [neural][ls]  snr=+10.0dB [neural][ls]  snr=+12.0dB [neural][ls]  snr=+14.0dB [neural][ls]  snr=+16.0dB [neural][ls]  snr=+18.0dB [neural][ls]  snr=+20.0dB [neural][ls]Done (11.41s)
Estimator batch 1023/1600 (active points 15/22) [3h 33m 36s elapsed] ...   snr=+6.0dB [neural]  snr=+8.0dB [neural][ls]  snr=+10.0dB [neural][ls]  snr=+12.0dB [neural][ls]  snr=+14.0dB [neural][ls]  snr=+16.0dB [neural][ls]  snr=+18.0dB [neural][ls]  snr=+20.0dB [neural][ls]Done (11.37s)
Estimator batch 1024/1600 (active points 15/22) [3h 33m 48s elapsed] ...   snr=+6.0dB [neural]  snr=+8.0dB [neural][ls]  snr=+10.0dB [neural][ls]  snr=+12.0dB [neural][ls]  snr=+14.0dB [neural][ls]  snr=+16.0dB [neural][ls]  snr=+18.0dB [neural][ls]  snr=+20.0dB [neural][ls]Done (11.42s)
Estimator batch 1025/1600 (active points 15/22) [3h 33m 59s elapsed] ...   snr=+6.0dB [neural]  snr=+8.0dB [neural][ls]  snr=+10.0dB [neural][ls]  snr=+12.0dB [neural][ls]  snr=+14.0dB [neural][ls]  snr=+16.0dB [neural][ls]  snr=+18.0dB [neural][ls]  snr=+20.0dB [neural][ls]Done (11.38s)
Estimator batch 1026/1600 (active points 15/22) [3h 34m 10s elapsed] ...   snr=+6.0dB [neural]  snr=+8.0dB [neural][ls]  snr=+10.0dB [neural][ls]  snr=+12.0dB [neural][ls]  snr=+14.0dB [neural][ls]  snr=+16.0dB [neural][ls]  snr=+18.0dB [neural][ls]  snr=+20.0dB [neural][ls]Done (11.38s)
Estimator batch 1027/1600 (active points 15/22) [3h 34m 22s elapsed] ...   snr=+6.0dB [neural]  snr=+8.0dB [neural][ls]  snr=+10.0dB [neural][ls]  snr=+12.0dB [neural][ls]  snr=+14.0dB [neural][ls]  snr=+16.0dB [neural][ls]  snr=+18.0dB [neural][ls]  snr=+20.0dB [neural][ls]Done (11.40s)
Estimator batch 1028/1600 (active points 15/22) [3h 34m 33s elapsed] ...   snr=+6.0dB [neural]  snr=+8.0dB [neural][ls]  snr=+10.0dB [neural][ls]  snr=+12.0dB [neural][ls]  snr=+14.0dB [neural][ls]  snr=+16.0dB [neural][ls]  snr=+18.0dB [neural][ls]  snr=+20.0dB [neural][ls]Done (11.40s)
Estimator batch 1029/1600 (active points 15/22) [3h 34m 45s elapsed] ...   snr=+6.0dB [neural]  snr=+8.0dB [neural][ls]  snr=+10.0dB [neural][ls]  snr=+12.0dB [neural][ls]  snr=+14.0dB [neural][ls]  snr=+16.0dB [neural][ls]  snr=+18.0dB [neural][ls]  snr=+20.0dB [neural][ls]Done (11.41s)
Estimator batch 1030/1600 (active points 15/22) [3h 34m 56s elapsed] ...   snr=+6.0dB [neural]  snr=+8.0dB [neural][ls]  snr=+10.0dB [neural][ls]  snr=+12.0dB [neural][ls]  snr=+14.0dB [neural][ls]  snr=+16.0dB [neural][ls]  snr=+18.0dB [neural][ls]  snr=+20.0dB [neural][ls]Done (11.41s)
Estimator batch 1031/1600 (active points 15/22) [3h 35m 07s elapsed] ...   snr=+6.0dB [neural]  snr=+8.0dB [neural][ls]  snr=+10.0dB [neural][ls]  snr=+12.0dB [neural][ls]  snr=+14.0dB [neural][ls]  snr=+16.0dB [neural][ls]  snr=+18.0dB [neural][ls]  snr=+20.0dB [neural][ls]Done (11.39s)
Estimator batch 1032/1600 (active points 15/22) [3h 35m 19s elapsed] ...   snr=+6.0dB [neural]  snr=+8.0dB [neural][ls]  snr=+10.0dB [neural][ls]  snr=+12.0dB [neural][ls]  snr=+14.0dB [neural][ls]  snr=+16.0dB [neural][ls]  snr=+18.0dB [neural][ls]  snr=+20.0dB [neural][ls]Done (11.41s)
Estimator batch 1033/1600 (active points 15/22) [3h 35m 30s elapsed] ...   snr=+6.0dB [neural]  snr=+8.0dB [neural][ls]  snr=+10.0dB [neural][ls]  snr=+12.0dB [neural][ls]  snr=+14.0dB [neural][ls]  snr=+16.0dB [neural][ls]  snr=+18.0dB [neural][ls]  snr=+20.0dB [neural][ls]Done (11.39s)
Estimator batch 1034/1600 (active points 15/22) [3h 35m 42s elapsed] ...   snr=+6.0dB [neural]  snr=+8.0dB [neural][ls]  snr=+10.0dB [neural][ls]  snr=+12.0dB [neural][ls]  snr=+14.0dB [neural][ls]  snr=+16.0dB [neural][ls]  snr=+18.0dB [neural][ls]  snr=+20.0dB [neural][ls]Done (11.41s)
Estimator batch 1035/1600 (active points 15/22) [3h 35m 53s elapsed] ...   snr=+6.0dB [neural]  snr=+8.0dB [neural][ls]  snr=+10.0dB [neural][ls]  snr=+12.0dB [neural][ls]  snr=+14.0dB [neural][ls]  snr=+16.0dB [neural][ls]  snr=+18.0dB [neural][ls]  snr=+20.0dB [neural][ls]Done (11.64s)
Estimator batch 1036/1600 (active points 15/22) [3h 36m 05s elapsed] ...   snr=+6.0dB [neural]  snr=+8.0dB [neural][ls]  snr=+10.0dB [neural][ls]  snr=+12.0dB [neural][ls]  snr=+14.0dB [neural][ls]  snr=+16.0dB [neural][ls]  snr=+18.0dB [neural][ls]  snr=+20.0dB [neural][ls]Done (11.39s)
Estimator batch 1037/1600 (active points 15/22) [3h 36m 16s elapsed] ...   snr=+6.0dB [neural]  snr=+8.0dB [neural][ls]  snr=+10.0dB [neural][ls]  snr=+12.0dB [neural][ls]  snr=+14.0dB [neural][ls]  snr=+16.0dB [neural][ls]  snr=+18.0dB [neural][ls]  snr=+20.0dB [neural][ls]Done (11.42s)
Estimator batch 1038/1600 (active points 15/22) [3h 36m 28s elapsed] ...   snr=+6.0dB [neural]  snr=+8.0dB [neural][ls]  snr=+10.0dB [neural][ls]  snr=+12.0dB [neural][ls]  snr=+14.0dB [neural][ls]  snr=+16.0dB [neural][ls]  snr=+18.0dB [neural][ls]  snr=+20.0dB [neural][ls]Done (11.42s)
Estimator batch 1039/1600 (active points 15/22) [3h 36m 39s elapsed] ...   snr=+6.0dB [neural]  snr=+8.0dB [neural][ls]  snr=+10.0dB [neural][ls]  snr=+12.0dB [neural][ls]  snr=+14.0dB [neural][ls]  snr=+16.0dB [neural][ls]  snr=+18.0dB [neural][ls]  snr=+20.0dB [neural][ls]Done (11.41s)
Estimator batch 1040/1600 (active points 15/22) [3h 36m 50s elapsed] ...   snr=+6.0dB [neural]  snr=+8.0dB [neural][ls]  snr=+10.0dB [neural][ls]  snr=+12.0dB [neural][ls]  snr=+14.0dB [neural][ls]  snr=+16.0dB [neural][ls]  snr=+18.0dB [neural][ls]  snr=+20.0dB [neural][ls]Done (11.39s)
Estimator batch 1041/1600 (active points 15/22) [3h 37m 02s elapsed] ...   snr=+6.0dB [neural]  snr=+8.0dB [neural][ls]  snr=+10.0dB [neural][ls]  snr=+12.0dB [neural][ls]  snr=+14.0dB [neural][ls]  snr=+16.0dB [neural][ls]  snr=+18.0dB [neural][ls]  snr=+20.0dB [neural][ls]Done (11.45s)
Estimator batch 1042/1600 (active points 15/22) [3h 37m 13s elapsed] ...   snr=+6.0dB [neural]  snr=+8.0dB [neural][ls]  snr=+10.0dB [neural][ls]  snr=+12.0dB [neural][ls]  snr=+14.0dB [neural][ls]  snr=+16.0dB [neural][ls]  snr=+18.0dB [neural][ls]  snr=+20.0dB [neural][ls]Done (11.50s)
Estimator batch 1043/1600 (active points 15/22) [3h 37m 25s elapsed] ...   snr=+6.0dB [neural]  snr=+8.0dB [neural][ls]  snr=+10.0dB [neural][ls]  snr=+12.0dB [neural][ls]  snr=+14.0dB [neural][ls]  snr=+16.0dB [neural][ls]  snr=+18.0dB [neural][ls]  snr=+20.0dB [neural][ls]Done (11.40s)
Estimator batch 1044/1600 (active points 15/22) [3h 37m 36s elapsed] ...   snr=+6.0dB [neural]  snr=+8.0dB [neural][ls]  snr=+10.0dB [neural][ls]  snr=+12.0dB [neural][ls]  snr=+14.0dB [neural][ls]  snr=+16.0dB [neural][ls]  snr=+18.0dB [neural][ls]  snr=+20.0dB [neural][ls]Done (11.39s)
Estimator batch 1045/1600 (active points 15/22) [3h 37m 47s elapsed] ...   snr=+6.0dB [neural]  snr=+8.0dB [neural][ls]  snr=+10.0dB [neural][ls]  snr=+12.0dB [neural][ls]  snr=+14.0dB [neural][ls]  snr=+16.0dB [neural][ls]  snr=+18.0dB [neural][ls]  snr=+20.0dB [neural][ls]Done (11.42s)
Estimator batch 1046/1600 (active points 15/22) [3h 37m 59s elapsed] ...   snr=+6.0dB [neural]  snr=+8.0dB [neural][ls]  snr=+10.0dB [neural][ls]  snr=+12.0dB [neural][ls]  snr=+14.0dB [neural][ls]  snr=+16.0dB [neural][ls]  snr=+18.0dB [neural][ls]  snr=+20.0dB [neural][ls]Done (11.41s)
Estimator batch 1047/1600 (active points 15/22) [3h 38m 10s elapsed] ...   snr=+6.0dB [neural]  snr=+8.0dB [neural][ls]  snr=+10.0dB [neural][ls]  snr=+12.0dB [neural][ls]  snr=+14.0dB [neural][ls]  snr=+16.0dB [neural][ls]  snr=+18.0dB [neural][ls]  snr=+20.0dB [neural][ls]Done (11.45s)
Estimator batch 1048/1600 (active points 15/22) [3h 38m 22s elapsed] ...   snr=+6.0dB [neural]  snr=+8.0dB [neural][ls]  snr=+10.0dB [neural][ls]  snr=+12.0dB [neural][ls]  snr=+14.0dB [neural][ls]  snr=+16.0dB [neural][ls]  snr=+18.0dB [neural][ls]  snr=+20.0dB [neural][ls]Done (11.40s)
Estimator batch 1049/1600 (active points 15/22) [3h 38m 33s elapsed] ...   snr=+6.0dB [neural]  snr=+8.0dB [neural][ls]  snr=+10.0dB [neural][ls]  snr=+12.0dB [neural][ls]  snr=+14.0dB [neural][ls]  snr=+16.0dB [neural][ls]  snr=+18.0dB [neural][ls]  snr=+20.0dB [neural][ls]Done (11.38s)
Estimator batch 1050/1600 (active points 15/22) [3h 38m 45s elapsed] ...   snr=+6.0dB [neural]  snr=+8.0dB [neural][ls]  snr=+10.0dB [neural][ls]  snr=+12.0dB [neural][ls]  snr=+14.0dB [neural][ls]  snr=+16.0dB [neural][ls]  snr=+18.0dB [neural][ls]  snr=+20.0dB [neural][ls]Done (11.39s)
Estimator batch 1051/1600 (active points 15/22) [3h 38m 56s elapsed] ...   snr=+6.0dB [neural]  snr=+8.0dB [neural][ls]  snr=+10.0dB [neural][ls]  snr=+12.0dB [neural][ls]  snr=+14.0dB [neural][ls]  snr=+16.0dB [neural][ls]  snr=+18.0dB [neural][ls]  snr=+20.0dB [neural][ls]Done (11.38s)
Estimator batch 1052/1600 (active points 15/22) [3h 39m 07s elapsed] ...   snr=+6.0dB [neural]  snr=+8.0dB [neural][ls]  snr=+10.0dB [neural][ls]  snr=+12.0dB [neural][ls]  snr=+14.0dB [neural][ls]  snr=+16.0dB [neural][ls]  snr=+18.0dB [neural][ls]  snr=+20.0dB [neural][ls]Done (11.41s)
Estimator batch 1053/1600 (active points 15/22) [3h 39m 19s elapsed] ...   snr=+6.0dB [neural]  snr=+8.0dB [neural][ls]  snr=+10.0dB [neural][ls]  snr=+12.0dB [neural][ls]  snr=+14.0dB [neural][ls]  snr=+16.0dB [neural][ls]  snr=+18.0dB [neural][ls]  snr=+20.0dB [neural][ls]Done (11.38s)
Estimator batch 1054/1600 (active points 15/22) [3h 39m 30s elapsed] ...   snr=+6.0dB [neural]  snr=+8.0dB [neural][ls]  snr=+10.0dB [neural][ls]  snr=+12.0dB [neural][ls]  snr=+14.0dB [neural][ls]  snr=+16.0dB [neural][ls]  snr=+18.0dB [neural][ls]  snr=+20.0dB [neural][ls]Done (11.41s)
Estimator batch 1055/1600 (active points 15/22) [3h 39m 42s elapsed] ...   snr=+6.0dB [neural]  snr=+8.0dB [neural][ls]  snr=+10.0dB [neural][ls]  snr=+12.0dB [neural][ls]  snr=+14.0dB [neural][ls]  snr=+16.0dB [neural][ls]  snr=+18.0dB [neural][ls]  snr=+20.0dB [neural][ls]Done (11.36s)
Estimator batch 1056/1600 (active points 15/22) [3h 39m 53s elapsed] ...   snr=+6.0dB [neural]  snr=+8.0dB [neural][ls]  snr=+10.0dB [neural][ls]  snr=+12.0dB [neural][ls]  snr=+14.0dB [neural][ls]  snr=+16.0dB [neural][ls]  snr=+18.0dB [neural][ls]  snr=+20.0dB [neural][ls]Done (11.46s)
Estimator batch 1057/1600 (active points 15/22) [3h 40m 04s elapsed] ...   snr=+6.0dB [neural]  snr=+8.0dB [neural][ls]  snr=+10.0dB [neural][ls]  snr=+12.0dB [neural][ls]  snr=+14.0dB [neural][ls]  snr=+16.0dB [neural][ls]  snr=+18.0dB [neural][ls]  snr=+20.0dB [neural][ls]Done (11.41s)
Estimator batch 1058/1600 (active points 15/22) [3h 40m 16s elapsed] ...   snr=+6.0dB [neural]  snr=+8.0dB [neural][ls]  snr=+10.0dB [neural][ls]  snr=+12.0dB [neural][ls]  snr=+14.0dB [neural][ls]  snr=+16.0dB [neural][ls]  snr=+18.0dB [neural][ls]  snr=+20.0dB [neural][ls]Done (11.40s)
Estimator batch 1059/1600 (active points 15/22) [3h 40m 27s elapsed] ...   snr=+6.0dB [neural]  snr=+8.0dB [neural][ls]  snr=+10.0dB [neural][ls]  snr=+12.0dB [neural][ls]  snr=+14.0dB [neural][ls]  snr=+16.0dB [neural][ls]  snr=+18.0dB [neural][ls]  snr=+20.0dB [neural][ls]Done (11.41s)
Estimator batch 1060/1600 (active points 15/22) [3h 40m 39s elapsed] ...   snr=+6.0dB [neural]  snr=+8.0dB [neural][ls]  snr=+10.0dB [neural][ls]  snr=+12.0dB [neural][ls]  snr=+14.0dB [neural][ls]  snr=+16.0dB [neural][ls]  snr=+18.0dB [neural][ls]  snr=+20.0dB [neural][ls]Done (11.39s)
Estimator batch 1061/1600 (active points 15/22) [3h 40m 50s elapsed] ...   snr=+6.0dB [neural]  snr=+8.0dB [neural][ls]  snr=+10.0dB [neural][ls]  snr=+12.0dB [neural][ls]  snr=+14.0dB [neural][ls]  snr=+16.0dB [neural][ls]  snr=+18.0dB [neural][ls]  snr=+20.0dB [neural][ls]Done (11.42s)
Estimator batch 1062/1600 (active points 15/22) [3h 41m 01s elapsed] ...   snr=+6.0dB [neural]  snr=+8.0dB [neural][ls]  snr=+10.0dB [neural][ls]  snr=+12.0dB [neural][ls]  snr=+14.0dB [neural][ls]  snr=+16.0dB [neural][ls]  snr=+18.0dB [neural][ls]  snr=+20.0dB [neural][ls]Done (11.41s)
Estimator batch 1063/1600 (active points 15/22) [3h 41m 13s elapsed] ...   snr=+6.0dB [neural]  snr=+8.0dB [neural][ls]  snr=+10.0dB [neural][ls]  snr=+12.0dB [neural][ls]  snr=+14.0dB [neural][ls]  snr=+16.0dB [neural][ls]  snr=+18.0dB [neural][ls]  snr=+20.0dB [neural][ls]Done (11.42s)
Estimator batch 1064/1600 (active points 15/22) [3h 41m 24s elapsed] ...   snr=+6.0dB [neural]  snr=+8.0dB [neural][ls]  snr=+10.0dB [neural][ls]  snr=+12.0dB [neural][ls]  snr=+14.0dB [neural][ls]  snr=+16.0dB [neural][ls]  snr=+18.0dB [neural][ls]  snr=+20.0dB [neural][ls]Done (11.42s)
Estimator batch 1065/1600 (active points 15/22) [3h 41m 36s elapsed] ...   snr=+6.0dB [neural]  snr=+8.0dB [neural][ls]  snr=+10.0dB [neural][ls]  snr=+12.0dB [neural][ls]  snr=+14.0dB [neural][ls]  snr=+16.0dB [neural][ls]  snr=+18.0dB [neural][ls]  snr=+20.0dB [neural][ls]Done (11.38s)
Estimator batch 1066/1600 (active points 15/22) [3h 41m 47s elapsed] ...   snr=+6.0dB [neural]  snr=+8.0dB [neural][ls]  snr=+10.0dB [neural][ls]  snr=+12.0dB [neural][ls]  snr=+14.0dB [neural][ls]  snr=+16.0dB [neural][ls]  snr=+18.0dB [neural][ls]  snr=+20.0dB [neural][ls]Done (11.42s)
Estimator batch 1067/1600 (active points 15/22) [3h 41m 58s elapsed] ...   snr=+6.0dB [neural]  snr=+8.0dB [neural][ls]  snr=+10.0dB [neural][ls]  snr=+12.0dB [neural][ls]  snr=+14.0dB [neural][ls]  snr=+16.0dB [neural][ls]  snr=+18.0dB [neural][ls]  snr=+20.0dB [neural][ls]Done (11.39s)
Estimator batch 1068/1600 (active points 15/22) [3h 42m 10s elapsed] ...   snr=+6.0dB [neural]  snr=+8.0dB [neural][ls]  snr=+10.0dB [neural][ls]  snr=+12.0dB [neural][ls]  snr=+14.0dB [neural][ls]  snr=+16.0dB [neural][ls]  snr=+18.0dB [neural][ls]  snr=+20.0dB [neural][ls]Done (11.37s)
Estimator batch 1069/1600 (active points 15/22) [3h 42m 21s elapsed] ...   snr=+6.0dB [neural]  snr=+8.0dB [neural][ls]  snr=+10.0dB [neural][ls]  snr=+12.0dB [neural][ls]  snr=+14.0dB [neural][ls]  snr=+16.0dB [neural][ls]  snr=+18.0dB [neural][ls]  snr=+20.0dB [neural][ls]Done (11.90s)
Estimator batch 1070/1600 (active points 15/22) [3h 42m 33s elapsed] ...   snr=+6.0dB [neural]  snr=+8.0dB [neural][ls]  snr=+10.0dB [neural][ls]  snr=+12.0dB [neural][ls]  snr=+14.0dB [neural][ls]  snr=+16.0dB [neural][ls]  snr=+18.0dB [neural][ls]  snr=+20.0dB [neural][ls]Done (11.38s)
Estimator batch 1071/1600 (active points 15/22) [3h 42m 44s elapsed] ...   snr=+6.0dB [neural]  snr=+8.0dB [neural][ls]  snr=+10.0dB [neural][ls]  snr=+12.0dB [neural][ls]  snr=+14.0dB [neural][ls]  snr=+16.0dB [neural][ls]  snr=+18.0dB [neural][ls]  snr=+20.0dB [neural][ls]Done (11.38s)
Estimator batch 1072/1600 (active points 15/22) [3h 42m 56s elapsed] ...   snr=+6.0dB [neural]  snr=+8.0dB [neural][ls]  snr=+10.0dB [neural][ls]  snr=+12.0dB [neural][ls]  snr=+14.0dB [neural][ls]  snr=+16.0dB [neural][ls]  snr=+18.0dB [neural][ls]  snr=+20.0dB [neural][ls]Done (11.37s)
Estimator batch 1073/1600 (active points 15/22) [3h 43m 07s elapsed] ...   snr=+6.0dB [neural]  snr=+8.0dB [neural][ls]  snr=+10.0dB [neural][ls]  snr=+12.0dB [neural][ls]  snr=+14.0dB [neural][ls]  snr=+16.0dB [neural][ls]  snr=+18.0dB [neural][ls]  snr=+20.0dB [neural][ls]Done (11.44s)
Estimator batch 1074/1600 (active points 15/22) [3h 43m 19s elapsed] ...   snr=+6.0dB [neural]  snr=+8.0dB [neural][ls]  snr=+10.0dB [neural][ls]  snr=+12.0dB [neural][ls]  snr=+14.0dB [neural][ls]  snr=+16.0dB [neural][ls]  snr=+18.0dB [neural][ls]  snr=+20.0dB [neural][ls]Done (11.44s)
Estimator batch 1075/1600 (active points 15/22) [3h 43m 30s elapsed] ...   snr=+6.0dB [neural]  snr=+8.0dB [neural][ls]  snr=+10.0dB [neural][ls]  snr=+12.0dB [neural][ls]  snr=+14.0dB [neural][ls]  snr=+16.0dB [neural][ls]  snr=+18.0dB [neural][ls]  snr=+20.0dB [neural][ls]Done (11.40s)
Estimator batch 1076/1600 (active points 15/22) [3h 43m 42s elapsed] ...   snr=+6.0dB [neural]  snr=+8.0dB [neural][ls]  snr=+10.0dB [neural][ls]  snr=+12.0dB [neural][ls]  snr=+14.0dB [neural][ls]  snr=+16.0dB [neural][ls]  snr=+18.0dB [neural][ls]  snr=+20.0dB [neural][ls]Done (11.36s)
Estimator batch 1077/1600 (active points 15/22) [3h 43m 53s elapsed] ...   snr=+6.0dB [neural]  snr=+8.0dB [neural][ls]  snr=+10.0dB [neural][ls]  snr=+12.0dB [neural][ls]  snr=+14.0dB [neural][ls]  snr=+16.0dB [neural][ls]  snr=+18.0dB [neural][ls]  snr=+20.0dB [neural][ls]Done (11.39s)
Estimator batch 1078/1600 (active points 15/22) [3h 44m 04s elapsed] ...   snr=+6.0dB [neural]  snr=+8.0dB [neural][ls]  snr=+10.0dB [neural][ls]  snr=+12.0dB [neural][ls]  snr=+14.0dB [neural][ls]  snr=+16.0dB [neural][ls]  snr=+18.0dB [neural][ls]  snr=+20.0dB [neural][ls]Done (11.39s)
Estimator batch 1079/1600 (active points 15/22) [3h 44m 16s elapsed] ...   snr=+6.0dB [neural]  snr=+8.0dB [neural][ls]  snr=+10.0dB [neural][ls]  snr=+12.0dB [neural][ls]  snr=+14.0dB [neural][ls]  snr=+16.0dB [neural][ls]  snr=+18.0dB [neural][ls]  snr=+20.0dB [neural][ls]Done (11.39s)
Estimator batch 1080/1600 (active points 15/22) [3h 44m 27s elapsed] ...   snr=+6.0dB [neural]  snr=+8.0dB [neural][ls]  snr=+10.0dB [neural][ls]  snr=+12.0dB [neural][ls]  snr=+14.0dB [neural][ls]  snr=+16.0dB [neural][ls]  snr=+18.0dB [neural][ls]  snr=+20.0dB [neural][ls]Done (11.41s)
Estimator batch 1081/1600 (active points 15/22) [3h 44m 38s elapsed] ...   snr=+6.0dB [neural]  snr=+8.0dB [neural][ls]  snr=+10.0dB [neural][ls]  snr=+12.0dB [neural][ls]  snr=+14.0dB [neural][ls]  snr=+16.0dB [neural][ls]  snr=+18.0dB [neural][ls]  snr=+20.0dB [neural][ls]Done (11.37s)
Estimator batch 1082/1600 (active points 15/22) [3h 44m 50s elapsed] ...   snr=+6.0dB [neural]  snr=+8.0dB [neural][ls]  snr=+10.0dB [neural][ls]  snr=+12.0dB [neural][ls]  snr=+14.0dB [neural][ls]  snr=+16.0dB [neural][ls]  snr=+18.0dB [neural][ls]  snr=+20.0dB [neural][ls]Done (11.42s)
Estimator batch 1083/1600 (active points 15/22) [3h 45m 01s elapsed] ...   snr=+6.0dB [neural]  snr=+8.0dB [neural][ls]  snr=+10.0dB [neural][ls]  snr=+12.0dB [neural][ls]  snr=+14.0dB [neural][ls]  snr=+16.0dB [neural][ls]  snr=+18.0dB [neural][ls]  snr=+20.0dB [neural][ls]Done (11.39s)
Estimator batch 1084/1600 (active points 15/22) [3h 45m 13s elapsed] ...   snr=+6.0dB [neural]  snr=+8.0dB [neural][ls]  snr=+10.0dB [neural][ls]  snr=+12.0dB [neural][ls]  snr=+14.0dB [neural][ls]  snr=+16.0dB [neural][ls]  snr=+18.0dB [neural][ls]  snr=+20.0dB [neural][ls]Done (11.40s)
Estimator batch 1085/1600 (active points 15/22) [3h 45m 24s elapsed] ...   snr=+6.0dB [neural]  snr=+8.0dB [neural][ls]  snr=+10.0dB [neural][ls]  snr=+12.0dB [neural][ls]  snr=+14.0dB [neural][ls]  snr=+16.0dB [neural][ls]  snr=+18.0dB [neural][ls]  snr=+20.0dB [neural][ls]Done (11.37s)
Estimator batch 1086/1600 (active points 15/22) [3h 45m 35s elapsed] ...   snr=+6.0dB [neural]  snr=+8.0dB [neural][ls]  snr=+10.0dB [neural][ls]  snr=+12.0dB [neural][ls]  snr=+14.0dB [neural][ls]  snr=+16.0dB [neural][ls]  snr=+18.0dB [neural][ls]  snr=+20.0dB [neural][ls]Done (11.43s)
Estimator batch 1087/1600 (active points 15/22) [3h 45m 47s elapsed] ...   snr=+6.0dB [neural]  snr=+8.0dB [neural][ls]  snr=+10.0dB [neural][ls]  snr=+12.0dB [neural][ls]  snr=+14.0dB [neural][ls]  snr=+16.0dB [neural][ls]  snr=+18.0dB [neural][ls]  snr=+20.0dB [neural][ls]Done (11.38s)
Estimator batch 1088/1600 (active points 15/22) [3h 45m 58s elapsed] ...   snr=+6.0dB [neural]  snr=+8.0dB [neural][ls]  snr=+10.0dB [neural][ls]  snr=+12.0dB [neural][ls]  snr=+14.0dB [neural][ls]  snr=+16.0dB [neural][ls]  snr=+18.0dB [neural][ls]  snr=+20.0dB [neural][ls]Done (11.39s)
Estimator batch 1089/1600 (active points 15/22) [3h 46m 10s elapsed] ...   snr=+6.0dB [neural]  snr=+8.0dB [neural][ls]  snr=+10.0dB [neural][ls]  snr=+12.0dB [neural][ls]  snr=+14.0dB [neural][ls]  snr=+16.0dB [neural][ls]  snr=+18.0dB [neural][ls]  snr=+20.0dB [neural][ls]Done (11.38s)
Estimator batch 1090/1600 (active points 15/22) [3h 46m 21s elapsed] ...   snr=+6.0dB [neural]  snr=+8.0dB [neural][ls]  snr=+10.0dB [neural][ls]  snr=+12.0dB [neural][ls]  snr=+14.0dB [neural][ls]  snr=+16.0dB [neural][ls]  snr=+18.0dB [neural][ls]  snr=+20.0dB [neural][ls]Done (11.36s)
Estimator batch 1091/1600 (active points 15/22) [3h 46m 32s elapsed] ...   snr=+6.0dB [neural]  snr=+8.0dB [neural][ls]  snr=+10.0dB [neural][ls]  snr=+12.0dB [neural][ls]  snr=+14.0dB [neural][ls]  snr=+16.0dB [neural][ls]  snr=+18.0dB [neural][ls]  snr=+20.0dB [neural][ls]Done (11.40s)
Estimator batch 1092/1600 (active points 15/22) [3h 46m 44s elapsed] ...   snr=+6.0dB [neural]  snr=+8.0dB [neural][ls]  snr=+10.0dB [neural][ls]  snr=+12.0dB [neural][ls]  snr=+14.0dB [neural][ls]  snr=+16.0dB [neural][ls]  snr=+18.0dB [neural][ls]  snr=+20.0dB [neural][ls]Done (11.40s)
Estimator batch 1093/1600 (active points 15/22) [3h 46m 55s elapsed] ...   snr=+6.0dB [neural]  snr=+8.0dB [neural][ls]  snr=+10.0dB [neural][ls]  snr=+12.0dB [neural][ls]  snr=+14.0dB [neural][ls]  snr=+16.0dB [neural][ls]  snr=+18.0dB [neural][ls]  snr=+20.0dB [neural][ls]Done (11.39s)
Estimator batch 1094/1600 (active points 15/22) [3h 47m 07s elapsed] ...   snr=+6.0dB [neural]  snr=+8.0dB [neural][ls]  snr=+10.0dB [neural][ls]  snr=+12.0dB [neural][ls]  snr=+14.0dB [neural][ls]  snr=+16.0dB [neural][ls]  snr=+18.0dB [neural][ls]  snr=+20.0dB [neural][ls]Done (11.39s)
Estimator batch 1095/1600 (active points 15/22) [3h 47m 18s elapsed] ...   snr=+6.0dB [neural]  snr=+8.0dB [neural][ls]  snr=+10.0dB [neural][ls]  snr=+12.0dB [neural][ls]  snr=+14.0dB [neural][ls]  snr=+16.0dB [neural][ls]  snr=+18.0dB [neural][ls]  snr=+20.0dB [neural][ls]Done (11.38s)
Estimator batch 1096/1600 (active points 15/22) [3h 47m 29s elapsed] ...   snr=+6.0dB [neural]  snr=+8.0dB [neural][ls]  snr=+10.0dB [neural][ls]  snr=+12.0dB [neural][ls]  snr=+14.0dB [neural][ls]  snr=+16.0dB [neural][ls]  snr=+18.0dB [neural][ls]  snr=+20.0dB [neural][ls]Done (11.39s)
Estimator batch 1097/1600 (active points 15/22) [3h 47m 41s elapsed] ...   snr=+6.0dB [neural]  snr=+8.0dB [neural][ls]  snr=+10.0dB [neural][ls]  snr=+12.0dB [neural][ls]  snr=+14.0dB [neural][ls]  snr=+16.0dB [neural][ls]  snr=+18.0dB [neural][ls]  snr=+20.0dB [neural][ls]Done (11.40s)
Estimator batch 1098/1600 (active points 15/22) [3h 47m 52s elapsed] ...   snr=+6.0dB [neural]  snr=+8.0dB [neural][ls]  snr=+10.0dB [neural][ls]  snr=+12.0dB [neural][ls]  snr=+14.0dB [neural][ls]  snr=+16.0dB [neural][ls]  snr=+18.0dB [neural][ls]  snr=+20.0dB [neural][ls]Done (11.38s)
Estimator batch 1099/1600 (active points 15/22) [3h 48m 03s elapsed] ...   snr=+6.0dB [neural]  snr=+8.0dB [neural][ls]  snr=+10.0dB [neural][ls]  snr=+12.0dB [neural][ls]  snr=+14.0dB [neural][ls]  snr=+16.0dB [neural][ls]  snr=+18.0dB [neural][ls]  snr=+20.0dB [neural][ls]Done (11.40s)
Estimator batch 1100/1600 (active points 15/22) [3h 48m 15s elapsed] ...   snr=+6.0dB [neural]  snr=+8.0dB [neural][ls]  snr=+10.0dB [neural][ls]  snr=+12.0dB [neural][ls]  snr=+14.0dB [neural][ls]  snr=+16.0dB [neural][ls]  snr=+18.0dB [neural][ls]  snr=+20.0dB [neural][ls]Done (11.43s)
Estimator batch 1101/1600 (active points 15/22) [3h 48m 26s elapsed] ...   snr=+6.0dB [neural]  snr=+8.0dB [neural][ls]  snr=+10.0dB [neural][ls]  snr=+12.0dB [neural][ls]  snr=+14.0dB [neural][ls]  snr=+16.0dB [neural][ls]  snr=+18.0dB [neural][ls]  snr=+20.0dB [neural][ls]Done (11.39s)
Estimator batch 1102/1600 (active points 15/22) [3h 48m 38s elapsed] ...   snr=+6.0dB [neural]  snr=+8.0dB [neural][ls]  snr=+10.0dB [neural][ls]  snr=+12.0dB [neural][ls]  snr=+14.0dB [neural][ls]  snr=+16.0dB [neural][ls]  snr=+18.0dB [neural][ls]  snr=+20.0dB [neural][ls]Done (11.37s)
Estimator batch 1103/1600 (active points 15/22) [3h 48m 49s elapsed] ...   snr=+6.0dB [neural]  snr=+8.0dB [neural][ls]  snr=+10.0dB [neural][ls]  snr=+12.0dB [neural][ls]  snr=+14.0dB [neural][ls]  snr=+16.0dB [neural][ls]  snr=+18.0dB [neural][ls]  snr=+20.0dB [neural][ls]Done (11.42s)
Estimator batch 1104/1600 (active points 15/22) [3h 49m 00s elapsed] ...   snr=+6.0dB [neural]  snr=+8.0dB [neural][ls]  snr=+10.0dB [neural][ls]  snr=+12.0dB [neural][ls]  snr=+14.0dB [neural][ls]  snr=+16.0dB [neural][ls]  snr=+18.0dB [neural][ls]  snr=+20.0dB [neural][ls]Done (11.38s)
Estimator batch 1105/1600 (active points 15/22) [3h 49m 12s elapsed] ...   snr=+6.0dB [neural]  snr=+8.0dB [neural][ls]  snr=+10.0dB [neural][ls]  snr=+12.0dB [neural][ls]  snr=+14.0dB [neural][ls]  snr=+16.0dB [neural][ls]  snr=+18.0dB [neural][ls]  snr=+20.0dB [neural][ls]Done (11.40s)
Estimator batch 1106/1600 (active points 15/22) [3h 49m 23s elapsed] ...   snr=+6.0dB [neural]  snr=+8.0dB [neural][ls]  snr=+10.0dB [neural][ls]  snr=+12.0dB [neural][ls]  snr=+14.0dB [neural][ls]  snr=+16.0dB [neural][ls]  snr=+18.0dB [neural][ls]  snr=+20.0dB [neural][ls]Done (11.41s)
Estimator batch 1107/1600 (active points 15/22) [3h 49m 35s elapsed] ...   snr=+6.0dB [neural]  snr=+8.0dB [neural][ls]  snr=+10.0dB [neural][ls]  snr=+12.0dB [neural][ls]  snr=+14.0dB [neural][ls]  snr=+16.0dB [neural][ls]  snr=+18.0dB [neural][ls]  snr=+20.0dB [neural][ls]Done (11.40s)
Estimator batch 1108/1600 (active points 15/22) [3h 49m 46s elapsed] ...   snr=+6.0dB [neural]  snr=+8.0dB [neural][ls]  snr=+10.0dB [neural][ls]  snr=+12.0dB [neural][ls]  snr=+14.0dB [neural][ls]  snr=+16.0dB [neural][ls]  snr=+18.0dB [neural][ls]  snr=+20.0dB [neural][ls]Done (11.42s)
Estimator batch 1109/1600 (active points 15/22) [3h 49m 58s elapsed] ...   snr=+6.0dB [neural]  snr=+8.0dB [neural][ls]  snr=+10.0dB [neural][ls]  snr=+12.0dB [neural][ls]  snr=+14.0dB [neural][ls]  snr=+16.0dB [neural][ls]  snr=+18.0dB [neural][ls]  snr=+20.0dB [neural][ls]Done (11.41s)
Estimator batch 1110/1600 (active points 15/22) [3h 50m 09s elapsed] ...   snr=+6.0dB [neural]  snr=+8.0dB [neural][ls]  snr=+10.0dB [neural][ls]  snr=+12.0dB [neural][ls]  snr=+14.0dB [neural][ls]  snr=+16.0dB [neural][ls]  snr=+18.0dB [neural][ls]  snr=+20.0dB [neural][ls]Done (11.46s)
Estimator batch 1111/1600 (active points 15/22) [3h 50m 20s elapsed] ...   snr=+6.0dB [neural]  snr=+8.0dB [neural][ls]  snr=+10.0dB [neural][ls]  snr=+12.0dB [neural][ls]  snr=+14.0dB [neural][ls]  snr=+16.0dB [neural][ls]  snr=+18.0dB [neural][ls]  snr=+20.0dB [neural][ls]Done (11.45s)
Estimator batch 1112/1600 (active points 15/22) [3h 50m 32s elapsed] ...   snr=+6.0dB [neural]  snr=+8.0dB [neural][ls]  snr=+10.0dB [neural][ls]  snr=+12.0dB [neural][ls]  snr=+14.0dB [neural][ls]  snr=+16.0dB [neural][ls]  snr=+18.0dB [neural][ls]  snr=+20.0dB [neural][ls]Done (11.39s)
Estimator batch 1113/1600 (active points 15/22) [3h 50m 43s elapsed] ...   snr=+6.0dB [neural]  snr=+8.0dB [neural][ls]  snr=+10.0dB [neural][ls]  snr=+12.0dB [neural][ls]  snr=+14.0dB [neural][ls]  snr=+16.0dB [neural][ls]  snr=+18.0dB [neural][ls]  snr=+20.0dB [neural][ls]Done (11.38s)
Estimator batch 1114/1600 (active points 15/22) [3h 50m 55s elapsed] ...   snr=+6.0dB [neural]  snr=+8.0dB [neural][ls]  snr=+10.0dB [neural][ls]  snr=+12.0dB [neural][ls]  snr=+14.0dB [neural][ls]  snr=+16.0dB [neural][ls]  snr=+18.0dB [neural][ls]  snr=+20.0dB [neural][ls]Done (11.45s)
Estimator batch 1115/1600 (active points 15/22) [3h 51m 06s elapsed] ...   snr=+6.0dB [neural]  snr=+8.0dB [neural][ls]  snr=+10.0dB [neural][ls]  snr=+12.0dB [neural][ls]  snr=+14.0dB [neural][ls]  snr=+16.0dB [neural][ls]  snr=+18.0dB [neural][ls]  snr=+20.0dB [neural][ls]Done (11.41s)
Estimator batch 1116/1600 (active points 15/22) [3h 51m 17s elapsed] ...   snr=+6.0dB [neural]  snr=+8.0dB [neural][ls]  snr=+10.0dB [neural][ls]  snr=+12.0dB [neural][ls]  snr=+14.0dB [neural][ls]  snr=+16.0dB [neural][ls]  snr=+18.0dB [neural][ls]  snr=+20.0dB [neural][ls]Done (11.37s)
Estimator batch 1117/1600 (active points 15/22) [3h 51m 29s elapsed] ...   snr=+6.0dB [neural]  snr=+8.0dB [neural][ls]  snr=+10.0dB [neural][ls]  snr=+12.0dB [neural][ls]  snr=+14.0dB [neural][ls]  snr=+16.0dB [neural][ls]  snr=+18.0dB [neural][ls]  snr=+20.0dB [neural][ls]Done (11.42s)
Estimator batch 1118/1600 (active points 15/22) [3h 51m 40s elapsed] ...   snr=+6.0dB [neural]  snr=+8.0dB [neural][ls]  snr=+10.0dB [neural][ls]  snr=+12.0dB [neural][ls]  snr=+14.0dB [neural][ls]  snr=+16.0dB [neural][ls]  snr=+18.0dB [neural][ls]  snr=+20.0dB [neural][ls]Done (11.37s)
Estimator batch 1119/1600 (active points 15/22) [3h 51m 52s elapsed] ...   snr=+6.0dB [neural]  snr=+8.0dB [neural][ls]  snr=+10.0dB [neural][ls]  snr=+12.0dB [neural][ls]  snr=+14.0dB [neural][ls]  snr=+16.0dB [neural][ls]  snr=+18.0dB [neural][ls]  snr=+20.0dB [neural][ls]Done (11.43s)
Estimator batch 1120/1600 (active points 15/22) [3h 52m 03s elapsed] ...   snr=+6.0dB [neural]  snr=+8.0dB [neural][ls]  snr=+10.0dB [neural][ls]  snr=+12.0dB [neural][ls]  snr=+14.0dB [neural][ls]  snr=+16.0dB [neural][ls]  snr=+18.0dB [neural][ls]  snr=+20.0dB [neural][ls]Done (11.41s)
Estimator batch 1121/1600 (active points 15/22) [3h 52m 14s elapsed] ...   snr=+6.0dB [neural]  snr=+8.0dB [neural][ls]  snr=+10.0dB [neural][ls]  snr=+12.0dB [neural][ls]  snr=+14.0dB [neural][ls]  snr=+16.0dB [neural][ls]  snr=+18.0dB [neural][ls]  snr=+20.0dB [neural][ls]Done (11.40s)
Estimator batch 1122/1600 (active points 15/22) [3h 52m 26s elapsed] ...   snr=+6.0dB [neural]  snr=+8.0dB [neural][ls]  snr=+10.0dB [neural][ls]  snr=+12.0dB [neural][ls]  snr=+14.0dB [neural][ls]  snr=+16.0dB [neural][ls]  snr=+18.0dB [neural][ls]  snr=+20.0dB [neural][ls]Done (11.89s)
Estimator batch 1123/1600 (active points 15/22) [3h 52m 38s elapsed] ...   snr=+6.0dB [neural]  snr=+8.0dB [neural][ls]  snr=+10.0dB [neural][ls]  snr=+12.0dB [neural][ls]  snr=+14.0dB [neural][ls]  snr=+16.0dB [neural][ls]  snr=+18.0dB [neural][ls]  snr=+20.0dB [neural][ls]Done (11.38s)
Estimator batch 1124/1600 (active points 15/22) [3h 52m 49s elapsed] ...   snr=+6.0dB [neural]  snr=+8.0dB [neural][ls]  snr=+10.0dB [neural][ls]  snr=+12.0dB [neural][ls]  snr=+14.0dB [neural][ls]  snr=+16.0dB [neural][ls]  snr=+18.0dB [neural][ls]  snr=+20.0dB [neural][ls]Done (11.40s)
Estimator batch 1125/1600 (active points 15/22) [3h 53m 01s elapsed] ...   snr=+6.0dB [neural]  snr=+8.0dB [neural][ls]  snr=+10.0dB [neural][ls]  snr=+12.0dB [neural][ls]  snr=+14.0dB [neural][ls]  snr=+16.0dB [neural][ls]  snr=+18.0dB [neural][ls]  snr=+20.0dB [neural][ls]Done (11.43s)
Estimator batch 1126/1600 (active points 15/22) [3h 53m 12s elapsed] ...   snr=+6.0dB [neural]  snr=+8.0dB [neural][ls]  snr=+10.0dB [neural][ls]  snr=+12.0dB [neural][ls]  snr=+14.0dB [neural][ls]  snr=+16.0dB [neural][ls]  snr=+18.0dB [neural][ls]  snr=+20.0dB [neural][ls]Done (11.44s)
Estimator batch 1127/1600 (active points 15/22) [3h 53m 23s elapsed] ...   snr=+6.0dB [neural]  snr=+8.0dB [neural][ls]  snr=+10.0dB [neural][ls]  snr=+12.0dB [neural][ls]  snr=+14.0dB [neural][ls]  snr=+16.0dB [neural][ls]  snr=+18.0dB [neural][ls]  snr=+20.0dB [neural][ls]Done (11.40s)
Estimator batch 1128/1600 (active points 15/22) [3h 53m 35s elapsed] ...   snr=+6.0dB [neural]  snr=+8.0dB [neural][ls]  snr=+10.0dB [neural][ls]  snr=+12.0dB [neural][ls]  snr=+14.0dB [neural][ls]  snr=+16.0dB [neural][ls]  snr=+18.0dB [neural][ls]  snr=+20.0dB [neural][ls]Done (11.37s)
Estimator batch 1129/1600 (active points 15/22) [3h 53m 46s elapsed] ...   snr=+6.0dB [neural]  snr=+8.0dB [neural][ls]  snr=+10.0dB [neural][ls]  snr=+12.0dB [neural][ls]  snr=+14.0dB [neural][ls]  snr=+16.0dB [neural][ls]  snr=+18.0dB [neural][ls]  snr=+20.0dB [neural][ls]Done (11.37s)
Estimator batch 1130/1600 (active points 15/22) [3h 53m 58s elapsed] ...   snr=+6.0dB [neural]  snr=+8.0dB [neural][ls]  snr=+10.0dB [neural][ls]  snr=+12.0dB [neural][ls]  snr=+14.0dB [neural][ls]  snr=+16.0dB [neural][ls]  snr=+18.0dB [neural][ls]  snr=+20.0dB [neural][ls]Done (11.36s)
Estimator batch 1131/1600 (active points 15/22) [3h 54m 09s elapsed] ...   snr=+6.0dB [neural]  snr=+8.0dB [neural][ls]  snr=+10.0dB [neural][ls]  snr=+12.0dB [neural][ls]  snr=+14.0dB [neural][ls]  snr=+16.0dB [neural][ls]  snr=+18.0dB [neural][ls]  snr=+20.0dB [neural][ls]Done (11.44s)
Estimator batch 1132/1600 (active points 15/22) [3h 54m 20s elapsed] ...   snr=+6.0dB [neural]  snr=+8.0dB [neural][ls]  snr=+10.0dB [neural][ls]  snr=+12.0dB [neural][ls]  snr=+14.0dB [neural][ls]  snr=+16.0dB [neural][ls]  snr=+18.0dB [neural][ls]  snr=+20.0dB [neural][ls]Done (11.38s)
Estimator batch 1133/1600 (active points 15/22) [3h 54m 32s elapsed] ...   snr=+6.0dB [neural]  snr=+8.0dB [neural][ls]  snr=+10.0dB [neural][ls]  snr=+12.0dB [neural][ls]  snr=+14.0dB [neural][ls]  snr=+16.0dB [neural][ls]  snr=+18.0dB [neural][ls]  snr=+20.0dB [neural][ls]Done (11.36s)
Estimator batch 1134/1600 (active points 15/22) [3h 54m 43s elapsed] ...   snr=+6.0dB [neural]  snr=+8.0dB [neural][ls]  snr=+10.0dB [neural][ls]  snr=+12.0dB [neural][ls]  snr=+14.0dB [neural][ls]  snr=+16.0dB [neural][ls]  snr=+18.0dB [neural][ls]  snr=+20.0dB [neural][ls]Done (11.36s)
Estimator batch 1135/1600 (active points 15/22) [3h 54m 54s elapsed] ...   snr=+6.0dB [neural]  snr=+8.0dB [neural][ls]  snr=+10.0dB [neural][ls]  snr=+12.0dB [neural][ls]  snr=+14.0dB [neural][ls]  snr=+16.0dB [neural][ls]  snr=+18.0dB [neural][ls]  snr=+20.0dB [neural][ls]Done (11.39s)
Estimator batch 1136/1600 (active points 15/22) [3h 55m 06s elapsed] ...   snr=+6.0dB [neural]  snr=+8.0dB [neural][ls]  snr=+10.0dB [neural][ls]  snr=+12.0dB [neural][ls]  snr=+14.0dB [neural][ls]  snr=+16.0dB [neural][ls]  snr=+18.0dB [neural][ls]  snr=+20.0dB [neural][ls]Done (11.43s)
Estimator batch 1137/1600 (active points 15/22) [3h 55m 17s elapsed] ...   snr=+6.0dB [neural]  snr=+8.0dB [neural][ls]  snr=+10.0dB [neural][ls]  snr=+12.0dB [neural][ls]  snr=+14.0dB [neural][ls]  snr=+16.0dB [neural][ls]  snr=+18.0dB [neural][ls]  snr=+20.0dB [neural][ls]Done (11.39s)
Estimator batch 1138/1600 (active points 15/22) [3h 55m 29s elapsed] ...   snr=+6.0dB [neural]  snr=+8.0dB [neural][ls]  snr=+10.0dB [neural][ls]  snr=+12.0dB [neural][ls]  snr=+14.0dB [neural][ls]  snr=+16.0dB [neural][ls]  snr=+18.0dB [neural][ls]  snr=+20.0dB [neural][ls]Done (11.41s)
Estimator batch 1139/1600 (active points 15/22) [3h 55m 40s elapsed] ...   snr=+6.0dB [neural]  snr=+8.0dB [neural][ls]  snr=+10.0dB [neural][ls]  snr=+12.0dB [neural][ls]  snr=+14.0dB [neural][ls]  snr=+16.0dB [neural][ls]  snr=+18.0dB [neural][ls]  snr=+20.0dB [neural][ls]Done (11.39s)
Estimator batch 1140/1600 (active points 15/22) [3h 55m 51s elapsed] ...   snr=+6.0dB [neural]  snr=+8.0dB [neural][ls]  snr=+10.0dB [neural][ls]  snr=+12.0dB [neural][ls]  snr=+14.0dB [neural][ls]  snr=+16.0dB [neural][ls]  snr=+18.0dB [neural][ls]  snr=+20.0dB [neural][ls]Done (11.40s)
Estimator batch 1141/1600 (active points 15/22) [3h 56m 03s elapsed] ...   snr=+6.0dB [neural]  snr=+8.0dB [neural][ls]  snr=+10.0dB [neural][ls]  snr=+12.0dB [neural][ls]  snr=+14.0dB [neural][ls]  snr=+16.0dB [neural][ls]  snr=+18.0dB [neural][ls]  snr=+20.0dB [neural][ls]Done (11.38s)
Estimator batch 1142/1600 (active points 15/22) [3h 56m 14s elapsed] ...   snr=+6.0dB [neural]  snr=+8.0dB [neural][ls]  snr=+10.0dB [neural][ls]  snr=+12.0dB [neural][ls]  snr=+14.0dB [neural][ls]  snr=+16.0dB [neural][ls]  snr=+18.0dB [neural][ls]  snr=+20.0dB [neural][ls]Done (11.44s)
Estimator batch 1143/1600 (active points 15/22) [3h 56m 26s elapsed] ...   snr=+6.0dB [neural]  snr=+8.0dB [neural][ls]  snr=+10.0dB [neural][ls]  snr=+12.0dB [neural][ls]  snr=+14.0dB [neural][ls]  snr=+16.0dB [neural][ls]  snr=+18.0dB [neural][ls]  snr=+20.0dB [neural][ls]Done (11.38s)
Estimator batch 1144/1600 (active points 15/22) [3h 56m 37s elapsed] ...   snr=+6.0dB [neural]  snr=+8.0dB [neural][ls]  snr=+10.0dB [neural][ls]  snr=+12.0dB [neural][ls]  snr=+14.0dB [neural][ls]  snr=+16.0dB [neural][ls]  snr=+18.0dB [neural][ls]  snr=+20.0dB [neural][ls]Done (11.37s)
Estimator batch 1145/1600 (active points 15/22) [3h 56m 48s elapsed] ...   snr=+6.0dB [neural]  snr=+8.0dB [neural][ls]  snr=+10.0dB [neural][ls]  snr=+12.0dB [neural][ls]  snr=+14.0dB [neural][ls]  snr=+16.0dB [neural][ls]  snr=+18.0dB [neural][ls]  snr=+20.0dB [neural][ls]Done (11.38s)
Estimator batch 1146/1600 (active points 15/22) [3h 57m 00s elapsed] ...   snr=+6.0dB [neural]  snr=+8.0dB [neural][ls]  snr=+10.0dB [neural][ls]  snr=+12.0dB [neural][ls]  snr=+14.0dB [neural][ls]  snr=+16.0dB [neural][ls]  snr=+18.0dB [neural][ls]  snr=+20.0dB [neural][ls]Done (11.39s)
Estimator batch 1147/1600 (active points 15/22) [3h 57m 11s elapsed] ...   snr=+6.0dB [neural]  snr=+8.0dB [neural][ls]  snr=+10.0dB [neural][ls]  snr=+12.0dB [neural][ls]  snr=+14.0dB [neural][ls]  snr=+16.0dB [neural][ls]  snr=+18.0dB [neural][ls]  snr=+20.0dB [neural][ls]Done (11.39s)
Estimator batch 1148/1600 (active points 15/22) [3h 57m 23s elapsed] ...   snr=+6.0dB [neural]  snr=+8.0dB [neural][ls]  snr=+10.0dB [neural][ls]  snr=+12.0dB [neural][ls]  snr=+14.0dB [neural][ls]  snr=+16.0dB [neural][ls]  snr=+18.0dB [neural][ls]  snr=+20.0dB [neural][ls]Done (11.40s)
Estimator batch 1149/1600 (active points 15/22) [3h 57m 34s elapsed] ...   snr=+6.0dB [neural]  snr=+8.0dB [neural][ls]  snr=+10.0dB [neural][ls]  snr=+12.0dB [neural][ls]  snr=+14.0dB [neural][ls]  snr=+16.0dB [neural][ls]  snr=+18.0dB [neural][ls]  snr=+20.0dB [neural][ls]Done (11.41s)
Estimator batch 1150/1600 (active points 15/22) [3h 57m 45s elapsed] ...   snr=+6.0dB [neural]  snr=+8.0dB [neural][ls]  snr=+10.0dB [neural][ls]  snr=+12.0dB [neural][ls]  snr=+14.0dB [neural][ls]  snr=+16.0dB [neural][ls]  snr=+18.0dB [neural][ls]  snr=+20.0dB [neural][ls]Done (11.37s)
Estimator batch 1151/1600 (active points 15/22) [3h 57m 57s elapsed] ...   snr=+6.0dB [neural]  snr=+8.0dB [neural][ls]  snr=+10.0dB [neural][ls]  snr=+12.0dB [neural][ls]  snr=+14.0dB [neural][ls]  snr=+16.0dB [neural][ls]  snr=+18.0dB [neural][ls]  snr=+20.0dB [neural][ls]Done (11.37s)
Estimator batch 1152/1600 (active points 15/22) [3h 58m 08s elapsed] ...   snr=+6.0dB [neural]  snr=+8.0dB [neural][ls]  snr=+10.0dB [neural][ls]  snr=+12.0dB [neural][ls]  snr=+14.0dB [neural][ls]  snr=+16.0dB [neural][ls]  snr=+18.0dB [neural][ls]  snr=+20.0dB [neural][ls]Done (11.42s)
Estimator batch 1153/1600 (active points 15/22) [3h 58m 20s elapsed] ...   snr=+6.0dB [neural]  snr=+8.0dB [neural][ls]  snr=+10.0dB [neural][ls]  snr=+12.0dB [neural][ls]  snr=+14.0dB [neural][ls]  snr=+16.0dB [neural][ls]  snr=+18.0dB [neural][ls]  snr=+20.0dB [neural][ls]Done (11.43s)
Estimator batch 1154/1600 (active points 15/22) [3h 58m 31s elapsed] ...   snr=+6.0dB [neural]  snr=+8.0dB [neural][ls]  snr=+10.0dB [neural][ls]  snr=+12.0dB [neural][ls]  snr=+14.0dB [neural][ls]  snr=+16.0dB [neural][ls]  snr=+18.0dB [neural][ls]  snr=+20.0dB [neural][ls]Done (11.42s)
Estimator batch 1155/1600 (active points 15/22) [3h 58m 42s elapsed] ...   snr=+6.0dB [neural]  snr=+8.0dB [neural][ls]  snr=+10.0dB [neural][ls]  snr=+12.0dB [neural][ls]  snr=+14.0dB [neural][ls]  snr=+16.0dB [neural][ls]  snr=+18.0dB [neural][ls]  snr=+20.0dB [neural][ls]Done (11.36s)
Estimator batch 1156/1600 (active points 15/22) [3h 58m 54s elapsed] ...   snr=+6.0dB [neural]  snr=+8.0dB [neural][ls]  snr=+10.0dB [neural][ls]  snr=+12.0dB [neural][ls]  snr=+14.0dB [neural][ls]  snr=+16.0dB [neural][ls]  snr=+18.0dB [neural][ls]  snr=+20.0dB [neural][ls]Done (11.38s)
Estimator batch 1157/1600 (active points 15/22) [3h 59m 05s elapsed] ...   snr=+6.0dB [neural]  snr=+8.0dB [neural][ls]  snr=+10.0dB [neural][ls]  snr=+12.0dB [neural][ls]  snr=+14.0dB [neural][ls]  snr=+16.0dB [neural][ls]  snr=+18.0dB [neural][ls]  snr=+20.0dB [neural][ls]Done (11.45s)
Estimator batch 1158/1600 (active points 15/22) [3h 59m 17s elapsed] ...   snr=+6.0dB [neural]  snr=+8.0dB [neural][ls]  snr=+10.0dB [neural][ls]  snr=+12.0dB [neural][ls]  snr=+14.0dB [neural][ls]  snr=+16.0dB [neural][ls]  snr=+18.0dB [neural][ls]  snr=+20.0dB [neural][ls]Done (11.51s)
Estimator batch 1159/1600 (active points 15/22) [3h 59m 28s elapsed] ...   snr=+6.0dB [neural]  snr=+8.0dB [neural][ls]  snr=+10.0dB [neural][ls]  snr=+12.0dB [neural][ls]  snr=+14.0dB [neural][ls]  snr=+16.0dB [neural][ls]  snr=+18.0dB [neural][ls]  snr=+20.0dB [neural][ls]Done (11.42s)
Estimator batch 1160/1600 (active points 15/22) [3h 59m 40s elapsed] ...   snr=+6.0dB [neural]  snr=+8.0dB [neural][ls]  snr=+10.0dB [neural][ls]  snr=+12.0dB [neural][ls]  snr=+14.0dB [neural][ls]  snr=+16.0dB [neural][ls]  snr=+18.0dB [neural][ls]  snr=+20.0dB [neural][ls]Done (11.37s)
Estimator batch 1161/1600 (active points 15/22) [3h 59m 51s elapsed] ...   snr=+6.0dB [neural]  snr=+8.0dB [neural][ls]  snr=+10.0dB [neural][ls]  snr=+12.0dB [neural][ls]  snr=+14.0dB [neural][ls]  snr=+16.0dB [neural][ls]  snr=+18.0dB [neural][ls]  snr=+20.0dB [neural][ls]Done (11.39s)
Estimator batch 1162/1600 (active points 15/22) [4h 00m 02s elapsed] ...   snr=+6.0dB [neural]  snr=+8.0dB [neural][ls]  snr=+10.0dB [neural][ls]  snr=+12.0dB [neural][ls]  snr=+14.0dB [neural][ls]  snr=+16.0dB [neural][ls]  snr=+18.0dB [neural][ls]  snr=+20.0dB [neural][ls]Done (11.41s)
Estimator batch 1163/1600 (active points 15/22) [4h 00m 14s elapsed] ...   snr=+6.0dB [neural]  snr=+8.0dB [neural][ls]  snr=+10.0dB [neural][ls]  snr=+12.0dB [neural][ls]  snr=+14.0dB [neural][ls]  snr=+16.0dB [neural][ls]  snr=+18.0dB [neural][ls]  snr=+20.0dB [neural][ls]Done (11.41s)
Estimator batch 1164/1600 (active points 15/22) [4h 00m 25s elapsed] ...   snr=+6.0dB [neural]  snr=+8.0dB [neural][ls]  snr=+10.0dB [neural][ls]  snr=+12.0dB [neural][ls]  snr=+14.0dB [neural][ls]  snr=+16.0dB [neural][ls]  snr=+18.0dB [neural][ls]  snr=+20.0dB [neural][ls]Done (11.42s)
Estimator batch 1165/1600 (active points 15/22) [4h 00m 37s elapsed] ...   snr=+6.0dB [neural]  snr=+8.0dB [neural][ls]  snr=+10.0dB [neural][ls]  snr=+12.0dB [neural][ls]  snr=+14.0dB [neural][ls]  snr=+16.0dB [neural][ls]  snr=+18.0dB [neural][ls]  snr=+20.0dB [neural][ls]Done (11.40s)
Estimator batch 1166/1600 (active points 15/22) [4h 00m 48s elapsed] ...   snr=+6.0dB [neural]  snr=+8.0dB [neural][ls]  snr=+10.0dB [neural][ls]  snr=+12.0dB [neural][ls]  snr=+14.0dB [neural][ls]  snr=+16.0dB [neural][ls]  snr=+18.0dB [neural][ls]  snr=+20.0dB [neural][ls]Done (11.39s)
Estimator batch 1167/1600 (active points 15/22) [4h 00m 59s elapsed] ...   snr=+6.0dB [neural]  snr=+8.0dB [neural][ls]  snr=+10.0dB [neural][ls]  snr=+12.0dB [neural][ls]  snr=+14.0dB [neural][ls]  snr=+16.0dB [neural][ls]  snr=+18.0dB [neural][ls]  snr=+20.0dB [neural][ls]Done (11.40s)
Estimator batch 1168/1600 (active points 15/22) [4h 01m 11s elapsed] ...   snr=+6.0dB [neural]  snr=+8.0dB [neural][ls]  snr=+10.0dB [neural][ls]  snr=+12.0dB [neural][ls]  snr=+14.0dB [neural][ls]  snr=+16.0dB [neural][ls]  snr=+18.0dB [neural][ls]  snr=+20.0dB [neural][ls]Done (11.38s)
Estimator batch 1169/1600 (active points 15/22) [4h 01m 22s elapsed] ...   snr=+6.0dB [neural]  snr=+8.0dB [neural][ls]  snr=+10.0dB [neural][ls]  snr=+12.0dB [neural][ls]  snr=+14.0dB [neural][ls]  snr=+16.0dB [neural][ls]  snr=+18.0dB [neural][ls]  snr=+20.0dB [neural][ls]Done (11.37s)
Estimator batch 1170/1600 (active points 15/22) [4h 01m 34s elapsed] ...   snr=+6.0dB [neural]  snr=+8.0dB [neural][ls]  snr=+10.0dB [neural][ls]  snr=+12.0dB [neural][ls]  snr=+14.0dB [neural][ls]  snr=+16.0dB [neural][ls]  snr=+18.0dB [neural][ls]  snr=+20.0dB [neural][ls]Done (11.40s)
Estimator batch 1171/1600 (active points 15/22) [4h 01m 45s elapsed] ...   snr=+6.0dB [neural]  snr=+8.0dB [neural][ls]  snr=+10.0dB [neural][ls]  snr=+12.0dB [neural][ls]  snr=+14.0dB [neural][ls]  snr=+16.0dB [neural][ls]  snr=+18.0dB [neural][ls]  snr=+20.0dB [neural][ls]Done (11.41s)
Estimator batch 1172/1600 (active points 15/22) [4h 01m 56s elapsed] ...   snr=+6.0dB [neural]  snr=+8.0dB [neural][ls]  snr=+10.0dB [neural][ls]  snr=+12.0dB [neural][ls]  snr=+14.0dB [neural][ls]  snr=+16.0dB [neural][ls]  snr=+18.0dB [neural][ls]  snr=+20.0dB [neural][ls]Done (11.41s)
Estimator batch 1173/1600 (active points 15/22) [4h 02m 08s elapsed] ...   snr=+6.0dB [neural]  snr=+8.0dB [neural][ls]  snr=+10.0dB [neural][ls]  snr=+12.0dB [neural][ls]  snr=+14.0dB [neural][ls]  snr=+16.0dB [neural][ls]  snr=+18.0dB [neural][ls]  snr=+20.0dB [neural][ls]Done (11.38s)
Estimator batch 1174/1600 (active points 15/22) [4h 02m 19s elapsed] ...   snr=+6.0dB [neural]  snr=+8.0dB [neural][ls]  snr=+10.0dB [neural][ls]  snr=+12.0dB [neural][ls]  snr=+14.0dB [neural][ls]  snr=+16.0dB [neural][ls]  snr=+18.0dB [neural][ls]  snr=+20.0dB [neural][ls]Done (11.91s)
Estimator batch 1175/1600 (active points 15/22) [4h 02m 31s elapsed] ...   snr=+6.0dB [neural]  snr=+8.0dB [neural][ls]  snr=+10.0dB [neural][ls]  snr=+12.0dB [neural][ls]  snr=+14.0dB [neural][ls]  snr=+16.0dB [neural][ls]  snr=+18.0dB [neural][ls]  snr=+20.0dB [neural][ls]Done (11.41s)
Estimator batch 1176/1600 (active points 15/22) [4h 02m 42s elapsed] ...   snr=+6.0dB [neural]  snr=+8.0dB [neural][ls]  snr=+10.0dB [neural][ls]  snr=+12.0dB [neural][ls]  snr=+14.0dB [neural][ls]  snr=+16.0dB [neural][ls]  snr=+18.0dB [neural][ls]  snr=+20.0dB [neural][ls]Done (11.39s)
Estimator batch 1177/1600 (active points 15/22) [4h 02m 54s elapsed] ...   snr=+6.0dB [neural]  snr=+8.0dB [neural][ls]  snr=+10.0dB [neural][ls]  snr=+12.0dB [neural][ls]  snr=+14.0dB [neural][ls]  snr=+16.0dB [neural][ls]  snr=+18.0dB [neural][ls]  snr=+20.0dB [neural][ls]Done (11.49s)
Estimator batch 1178/1600 (active points 15/22) [4h 03m 05s elapsed] ...   snr=+6.0dB [neural]  snr=+8.0dB [neural][ls]  snr=+10.0dB [neural][ls]  snr=+12.0dB [neural][ls]  snr=+14.0dB [neural][ls]  snr=+16.0dB [neural][ls]  snr=+18.0dB [neural][ls]  snr=+20.0dB [neural][ls]Done (11.40s)
Estimator batch 1179/1600 (active points 15/22) [4h 03m 17s elapsed] ...   snr=+6.0dB [neural]  snr=+8.0dB [neural][ls]  snr=+10.0dB [neural][ls]  snr=+12.0dB [neural][ls]  snr=+14.0dB [neural][ls]  snr=+16.0dB [neural][ls]  snr=+18.0dB [neural][ls]  snr=+20.0dB [neural][ls]Done (11.42s)
Estimator batch 1180/1600 (active points 15/22) [4h 03m 28s elapsed] ...   snr=+6.0dB [neural]  snr=+8.0dB [neural][ls]  snr=+10.0dB [neural][ls]  snr=+12.0dB [neural][ls]  snr=+14.0dB [neural][ls]  snr=+16.0dB [neural][ls]  snr=+18.0dB [neural][ls]  snr=+20.0dB [neural][ls]Done (11.41s)
Estimator batch 1181/1600 (active points 15/22) [4h 03m 40s elapsed] ...   snr=+6.0dB [neural]  snr=+8.0dB [neural][ls]  snr=+10.0dB [neural][ls]  snr=+12.0dB [neural][ls]  snr=+14.0dB [neural][ls]  snr=+16.0dB [neural][ls]  snr=+18.0dB [neural][ls]  snr=+20.0dB [neural][ls]Done (11.42s)
Estimator batch 1182/1600 (active points 15/22) [4h 03m 51s elapsed] ...   snr=+6.0dB [neural]  snr=+8.0dB [neural][ls]  snr=+10.0dB [neural][ls]  snr=+12.0dB [neural][ls]  snr=+14.0dB [neural][ls]  snr=+16.0dB [neural][ls]  snr=+18.0dB [neural][ls]  snr=+20.0dB [neural][ls]Done (11.40s)
Estimator batch 1183/1600 (active points 15/22) [4h 04m 02s elapsed] ...   snr=+6.0dB [neural]  snr=+8.0dB [neural][ls]  snr=+10.0dB [neural][ls]  snr=+12.0dB [neural][ls]  snr=+14.0dB [neural][ls]  snr=+16.0dB [neural][ls]  snr=+18.0dB [neural][ls]  snr=+20.0dB [neural][ls]Done (11.40s)
Estimator batch 1184/1600 (active points 15/22) [4h 04m 14s elapsed] ...   snr=+6.0dB [neural]  snr=+8.0dB [neural][ls]  snr=+10.0dB [neural][ls]  snr=+12.0dB [neural][ls]  snr=+14.0dB [neural][ls]  snr=+16.0dB [neural][ls]  snr=+18.0dB [neural][ls]  snr=+20.0dB [neural][ls]Done (11.53s)
Estimator batch 1185/1600 (active points 15/22) [4h 04m 25s elapsed] ...   snr=+6.0dB [neural]  snr=+8.0dB [neural][ls]  snr=+10.0dB [neural][ls]  snr=+12.0dB [neural][ls]  snr=+14.0dB [neural][ls]  snr=+16.0dB [neural][ls]  snr=+18.0dB [neural][ls]  snr=+20.0dB [neural][ls]Done (11.44s)
Estimator batch 1186/1600 (active points 15/22) [4h 04m 37s elapsed] ...   snr=+6.0dB [neural]  snr=+8.0dB [neural][ls]  snr=+10.0dB [neural][ls]  snr=+12.0dB [neural][ls]  snr=+14.0dB [neural][ls]  snr=+16.0dB [neural][ls]  snr=+18.0dB [neural][ls]  snr=+20.0dB [neural][ls]Done (11.79s)
Estimator batch 1187/1600 (active points 15/22) [4h 04m 49s elapsed] ...   snr=+6.0dB [neural]  snr=+8.0dB [neural][ls]  snr=+10.0dB [neural][ls]  snr=+12.0dB [neural][ls]  snr=+14.0dB [neural][ls]  snr=+16.0dB [neural][ls]  snr=+18.0dB [neural][ls]  snr=+20.0dB [neural][ls]Done (11.42s)
Estimator batch 1188/1600 (active points 15/22) [4h 05m 00s elapsed] ...   snr=+6.0dB [neural]  snr=+8.0dB [neural][ls]  snr=+10.0dB [neural][ls]  snr=+12.0dB [neural][ls]  snr=+14.0dB [neural][ls]  snr=+16.0dB [neural][ls]  snr=+18.0dB [neural][ls]  snr=+20.0dB [neural][ls]Done (11.41s)
Estimator batch 1189/1600 (active points 15/22) [4h 05m 11s elapsed] ...   snr=+6.0dB [neural]  snr=+8.0dB [neural][ls]  snr=+10.0dB [neural][ls]  snr=+12.0dB [neural][ls]  snr=+14.0dB [neural][ls]  snr=+16.0dB [neural][ls]  snr=+18.0dB [neural][ls]  snr=+20.0dB [neural][ls]Done (11.41s)
Estimator batch 1190/1600 (active points 15/22) [4h 05m 23s elapsed] ...   snr=+6.0dB [neural]  snr=+8.0dB [neural][ls]  snr=+10.0dB [neural][ls]  snr=+12.0dB [neural][ls]  snr=+14.0dB [neural][ls]  snr=+16.0dB [neural][ls]  snr=+18.0dB [neural][ls]  snr=+20.0dB [neural][ls]Done (11.43s)
Estimator batch 1191/1600 (active points 15/22) [4h 05m 34s elapsed] ...   snr=+6.0dB [neural]  snr=+8.0dB [neural][ls]  snr=+10.0dB [neural][ls]  snr=+12.0dB [neural][ls]  snr=+14.0dB [neural][ls]  snr=+16.0dB [neural][ls]  snr=+18.0dB [neural][ls]  snr=+20.0dB [neural][ls]Done (11.63s)
Estimator batch 1192/1600 (active points 15/22) [4h 05m 46s elapsed] ...   snr=+6.0dB [neural]  snr=+8.0dB [neural][ls]  snr=+10.0dB [neural][ls]  snr=+12.0dB [neural][ls]  snr=+14.0dB [neural][ls]  snr=+16.0dB [neural][ls]  snr=+18.0dB [neural][ls]  snr=+20.0dB [neural][ls]Done (11.42s)
Estimator batch 1193/1600 (active points 15/22) [4h 05m 57s elapsed] ...   snr=+6.0dB [neural]  snr=+8.0dB [neural][ls]  snr=+10.0dB [neural][ls]  snr=+12.0dB [neural][ls]  snr=+14.0dB [neural][ls]  snr=+16.0dB [neural][ls]  snr=+18.0dB [neural][ls]  snr=+20.0dB [neural][ls]Done (11.54s)
Estimator batch 1194/1600 (active points 15/22) [4h 06m 09s elapsed] ...   snr=+6.0dB [neural]  snr=+8.0dB [neural][ls]  snr=+10.0dB [neural][ls]  snr=+12.0dB [neural][ls]  snr=+14.0dB [neural][ls]  snr=+16.0dB [neural][ls]  snr=+18.0dB [neural][ls]  snr=+20.0dB [neural][ls]Done (11.41s)
Estimator batch 1195/1600 (active points 15/22) [4h 06m 20s elapsed] ...   snr=+6.0dB [neural]  snr=+8.0dB [neural][ls]  snr=+10.0dB [neural][ls]  snr=+12.0dB [neural][ls]  snr=+14.0dB [neural][ls]  snr=+16.0dB [neural][ls]  snr=+18.0dB [neural][ls]  snr=+20.0dB [neural][ls]Done (11.39s)
Estimator batch 1196/1600 (active points 15/22) [4h 06m 32s elapsed] ...   snr=+6.0dB [neural]  snr=+8.0dB [neural][ls]  snr=+10.0dB [neural][ls]  snr=+12.0dB [neural][ls]  snr=+14.0dB [neural][ls]  snr=+16.0dB [neural][ls]  snr=+18.0dB [neural][ls]  snr=+20.0dB [neural][ls]Done (11.40s)
Estimator batch 1197/1600 (active points 15/22) [4h 06m 43s elapsed] ...   snr=+6.0dB [neural]  snr=+8.0dB [neural][ls]  snr=+10.0dB [neural][ls]  snr=+12.0dB [neural][ls]  snr=+14.0dB [neural][ls]  snr=+16.0dB [neural][ls]  snr=+18.0dB [neural][ls]  snr=+20.0dB [neural][ls]Done (11.47s)
Estimator batch 1198/1600 (active points 15/22) [4h 06m 54s elapsed] ...   snr=+6.0dB [neural]  snr=+8.0dB [neural][ls]  snr=+10.0dB [neural][ls]  snr=+12.0dB [neural][ls]  snr=+14.0dB [neural][ls]  snr=+16.0dB [neural][ls]  snr=+18.0dB [neural][ls]  snr=+20.0dB [neural][ls]Done (11.41s)
Estimator batch 1199/1600 (active points 15/22) [4h 07m 06s elapsed] ...   snr=+6.0dB [neural]  snr=+8.0dB [neural][ls]  snr=+10.0dB [neural][ls]  snr=+12.0dB [neural][ls]  snr=+14.0dB [neural][ls]  snr=+16.0dB [neural][ls]  snr=+18.0dB [neural][ls]  snr=+20.0dB [neural][ls]Done (11.41s)
Estimator batch 1200/1600 (active points 15/22) [4h 07m 17s elapsed] ...   snr=+6.0dB [neural]  snr=+8.0dB [neural][ls]  snr=+10.0dB [neural][ls]  snr=+12.0dB [neural][ls]  snr=+14.0dB [neural][ls]  snr=+16.0dB [neural][ls]  snr=+18.0dB [neural][ls]  snr=+20.0dB [neural][ls]Done (11.38s)
Estimator batch 1201/1600 (active points 15/22) [4h 07m 29s elapsed] ...   snr=+6.0dB [neural]  snr=+8.0dB [neural][ls]  snr=+10.0dB [neural][ls]  snr=+12.0dB [neural][ls]  snr=+14.0dB [neural][ls]  snr=+16.0dB [neural][ls]  snr=+18.0dB [neural][ls]  snr=+20.0dB [neural][ls]Done (11.37s)
Estimator batch 1202/1600 (active points 15/22) [4h 07m 40s elapsed] ...   snr=+6.0dB [neural]  snr=+8.0dB [neural][ls]  snr=+10.0dB [neural][ls]  snr=+12.0dB [neural][ls]  snr=+14.0dB [neural][ls]  snr=+16.0dB [neural][ls]  snr=+18.0dB [neural][ls]  snr=+20.0dB [neural][ls]Done (11.39s)
Estimator batch 1203/1600 (active points 15/22) [4h 07m 51s elapsed] ...   snr=+6.0dB [neural]  snr=+8.0dB [neural][ls]  snr=+10.0dB [neural][ls]  snr=+12.0dB [neural][ls]  snr=+14.0dB [neural][ls]  snr=+16.0dB [neural][ls]  snr=+18.0dB [neural][ls]  snr=+20.0dB [neural][ls]Done (11.45s)
Estimator batch 1204/1600 (active points 15/22) [4h 08m 03s elapsed] ...   snr=+6.0dB [neural]  snr=+8.0dB [neural][ls]  snr=+10.0dB [neural][ls]  snr=+12.0dB [neural][ls]  snr=+14.0dB [neural][ls]  snr=+16.0dB [neural][ls]  snr=+18.0dB [neural][ls]  snr=+20.0dB [neural][ls]Done (11.40s)
Estimator batch 1205/1600 (active points 15/22) [4h 08m 14s elapsed] ...   snr=+6.0dB [neural]  snr=+8.0dB [neural][ls]  snr=+10.0dB [neural][ls]  snr=+12.0dB [neural][ls]  snr=+14.0dB [neural][ls]  snr=+16.0dB [neural][ls]  snr=+18.0dB [neural][ls]  snr=+20.0dB [neural][ls]Done (11.45s)
Estimator batch 1206/1600 (active points 15/22) [4h 08m 26s elapsed] ...   snr=+6.0dB [neural]  snr=+8.0dB [neural][ls]  snr=+10.0dB [neural][ls]  snr=+12.0dB [neural][ls]  snr=+14.0dB [neural][ls]  snr=+16.0dB [neural][ls]  snr=+18.0dB [neural][ls]  snr=+20.0dB [neural][ls]Done (11.39s)
Estimator batch 1207/1600 (active points 15/22) [4h 08m 37s elapsed] ...   snr=+6.0dB [neural]  snr=+8.0dB [neural][ls]  snr=+10.0dB [neural][ls]  snr=+12.0dB [neural][ls]  snr=+14.0dB [neural][ls]  snr=+16.0dB [neural][ls]  snr=+18.0dB [neural][ls]  snr=+20.0dB [neural][ls]Done (11.38s)
Estimator batch 1208/1600 (active points 15/22) [4h 08m 49s elapsed] ...   snr=+6.0dB [neural]  snr=+8.0dB [neural][ls]  snr=+10.0dB [neural][ls]  snr=+12.0dB [neural][ls]  snr=+14.0dB [neural][ls]  snr=+16.0dB [neural][ls]  snr=+18.0dB [neural][ls]  snr=+20.0dB [neural][ls]Done (11.38s)
Estimator batch 1209/1600 (active points 15/22) [4h 09m 00s elapsed] ...   snr=+6.0dB [neural]  snr=+8.0dB [neural][ls]  snr=+10.0dB [neural][ls]  snr=+12.0dB [neural][ls]  snr=+14.0dB [neural][ls]  snr=+16.0dB [neural][ls]  snr=+18.0dB [neural][ls]  snr=+20.0dB [neural][ls]Done (11.49s)
Estimator batch 1210/1600 (active points 15/22) [4h 09m 11s elapsed] ...   snr=+6.0dB [neural]  snr=+8.0dB [neural][ls]  snr=+10.0dB [neural][ls]  snr=+12.0dB [neural][ls]  snr=+14.0dB [neural][ls]  snr=+16.0dB [neural][ls]  snr=+18.0dB [neural][ls]  snr=+20.0dB [neural][ls]Done (11.38s)
Estimator batch 1211/1600 (active points 15/22) [4h 09m 23s elapsed] ...   snr=+6.0dB [neural]  snr=+8.0dB [neural][ls]  snr=+10.0dB [neural][ls]  snr=+12.0dB [neural][ls]  snr=+14.0dB [neural][ls]  snr=+16.0dB [neural][ls]  snr=+18.0dB [neural][ls]  snr=+20.0dB [neural][ls]Done (11.38s)
Estimator batch 1212/1600 (active points 15/22) [4h 09m 34s elapsed] ...   snr=+6.0dB [neural]  snr=+8.0dB [neural][ls]  snr=+10.0dB [neural][ls]  snr=+12.0dB [neural][ls]  snr=+14.0dB [neural][ls]  snr=+16.0dB [neural][ls]  snr=+18.0dB [neural][ls]  snr=+20.0dB [neural][ls]Done (11.38s)
Estimator batch 1213/1600 (active points 15/22) [4h 09m 46s elapsed] ...   snr=+6.0dB [neural]  snr=+8.0dB [neural][ls]  snr=+10.0dB [neural][ls]  snr=+12.0dB [neural][ls]  snr=+14.0dB [neural][ls]  snr=+16.0dB [neural][ls]  snr=+18.0dB [neural][ls]  snr=+20.0dB [neural][ls]Done (11.35s)
Estimator batch 1214/1600 (active points 15/22) [4h 09m 57s elapsed] ...   snr=+6.0dB [neural]  snr=+8.0dB [neural][ls]  snr=+10.0dB [neural][ls]  snr=+12.0dB [neural][ls]  snr=+14.0dB [neural][ls]  snr=+16.0dB [neural][ls]  snr=+18.0dB [neural][ls]  snr=+20.0dB [neural][ls]Done (11.39s)
Estimator batch 1215/1600 (active points 15/22) [4h 10m 08s elapsed] ...   snr=+6.0dB [neural]  snr=+8.0dB [neural][ls]  snr=+10.0dB [neural][ls]  snr=+12.0dB [neural][ls]  snr=+14.0dB [neural][ls]  snr=+16.0dB [neural][ls]  snr=+18.0dB [neural][ls]  snr=+20.0dB [neural][ls]Done (11.43s)
Estimator batch 1216/1600 (active points 15/22) [4h 10m 20s elapsed] ...   snr=+6.0dB [neural]  snr=+8.0dB [neural][ls]  snr=+10.0dB [neural][ls]  snr=+12.0dB [neural][ls]  snr=+14.0dB [neural][ls]  snr=+16.0dB [neural][ls]  snr=+18.0dB [neural][ls]  snr=+20.0dB [neural][ls]Done (11.39s)
Estimator batch 1217/1600 (active points 15/22) [4h 10m 31s elapsed] ...   snr=+6.0dB [neural]  snr=+8.0dB [neural][ls]  snr=+10.0dB [neural][ls]  snr=+12.0dB [neural][ls]  snr=+14.0dB [neural][ls]  snr=+16.0dB [neural][ls]  snr=+18.0dB [neural][ls]  snr=+20.0dB [neural][ls]Done (11.39s)
Estimator batch 1218/1600 (active points 15/22) [4h 10m 43s elapsed] ...   snr=+6.0dB [neural]  snr=+8.0dB [neural][ls]  snr=+10.0dB [neural][ls]  snr=+12.0dB [neural][ls]  snr=+14.0dB [neural][ls]  snr=+16.0dB [neural][ls]  snr=+18.0dB [neural][ls]  snr=+20.0dB [neural][ls]Done (11.39s)
Estimator batch 1219/1600 (active points 15/22) [4h 10m 54s elapsed] ...   snr=+6.0dB [neural]  snr=+8.0dB [neural][ls]  snr=+10.0dB [neural][ls]  snr=+12.0dB [neural][ls]  snr=+14.0dB [neural][ls]  snr=+16.0dB [neural][ls]  snr=+18.0dB [neural][ls]  snr=+20.0dB [neural][ls]Done (11.43s)
Estimator batch 1220/1600 (active points 15/22) [4h 11m 05s elapsed] ...   snr=+6.0dB [neural]  snr=+8.0dB [neural][ls]  snr=+10.0dB [neural][ls]  snr=+12.0dB [neural][ls]  snr=+14.0dB [neural][ls]  snr=+16.0dB [neural][ls]  snr=+18.0dB [neural][ls]  snr=+20.0dB [neural][ls]Done (11.44s)
Estimator batch 1221/1600 (active points 15/22) [4h 11m 17s elapsed] ...   snr=+6.0dB [neural]  snr=+8.0dB [neural][ls]  snr=+10.0dB [neural][ls]  snr=+12.0dB [neural][ls]  snr=+14.0dB [neural][ls]  snr=+16.0dB [neural][ls]  snr=+18.0dB [neural][ls]  snr=+20.0dB [neural][ls]Done (11.37s)
Estimator batch 1222/1600 (active points 15/22) [4h 11m 28s elapsed] ...   snr=+6.0dB [neural]  snr=+8.0dB [neural][ls]  snr=+10.0dB [neural][ls]  snr=+12.0dB [neural][ls]  snr=+14.0dB [neural][ls]  snr=+16.0dB [neural][ls]  snr=+18.0dB [neural][ls]  snr=+20.0dB [neural][ls]Done (11.37s)
Estimator batch 1223/1600 (active points 15/22) [4h 11m 40s elapsed] ...   snr=+6.0dB [neural]  snr=+8.0dB [neural][ls]  snr=+10.0dB [neural][ls]  snr=+12.0dB [neural][ls]  snr=+14.0dB [neural][ls]  snr=+16.0dB [neural][ls]  snr=+18.0dB [neural][ls]  snr=+20.0dB [neural][ls]Done (11.39s)
Estimator batch 1224/1600 (active points 15/22) [4h 11m 51s elapsed] ...   snr=+6.0dB [neural]  snr=+8.0dB [neural][ls]  snr=+10.0dB [neural][ls]  snr=+12.0dB [neural][ls]  snr=+14.0dB [neural][ls]  snr=+16.0dB [neural][ls]  snr=+18.0dB [neural][ls]  snr=+20.0dB [neural][ls]Done (11.38s)
Estimator batch 1225/1600 (active points 15/22) [4h 12m 02s elapsed] ...   snr=+6.0dB [neural]  snr=+8.0dB [neural][ls]  snr=+10.0dB [neural][ls]  snr=+12.0dB [neural][ls]  snr=+14.0dB [neural][ls]  snr=+16.0dB [neural][ls]  snr=+18.0dB [neural][ls]  snr=+20.0dB [neural][ls]Done (11.40s)
Estimator batch 1226/1600 (active points 15/22) [4h 12m 14s elapsed] ...   snr=+6.0dB [neural]  snr=+8.0dB [neural][ls]  snr=+10.0dB [neural][ls]  snr=+12.0dB [neural][ls]  snr=+14.0dB [neural][ls]  snr=+16.0dB [neural][ls]  snr=+18.0dB [neural][ls]  snr=+20.0dB [neural][ls]Done (11.42s)
Estimator batch 1227/1600 (active points 15/22) [4h 12m 25s elapsed] ...   snr=+6.0dB [neural]  snr=+8.0dB [neural][ls]  snr=+10.0dB [neural][ls]  snr=+12.0dB [neural][ls]  snr=+14.0dB [neural][ls]  snr=+16.0dB [neural][ls]  snr=+18.0dB [neural][ls]  snr=+20.0dB [neural][ls]Done (11.92s)
Estimator batch 1228/1600 (active points 15/22) [4h 12m 37s elapsed] ...   snr=+6.0dB [neural]  snr=+8.0dB [neural][ls]  snr=+10.0dB [neural][ls]  snr=+12.0dB [neural][ls]  snr=+14.0dB [neural][ls]  snr=+16.0dB [neural][ls]  snr=+18.0dB [neural][ls]  snr=+20.0dB [neural][ls]Done (11.38s)
Estimator batch 1229/1600 (active points 15/22) [4h 12m 48s elapsed] ...   snr=+6.0dB [neural]  snr=+8.0dB [neural][ls]  snr=+10.0dB [neural][ls]  snr=+12.0dB [neural][ls]  snr=+14.0dB [neural][ls]  snr=+16.0dB [neural][ls]  snr=+18.0dB [neural][ls]  snr=+20.0dB [neural][ls]Done (11.40s)
Estimator batch 1230/1600 (active points 15/22) [4h 13m 00s elapsed] ...   snr=+6.0dB [neural]  snr=+8.0dB [neural][ls]  snr=+10.0dB [neural][ls]  snr=+12.0dB [neural][ls]  snr=+14.0dB [neural][ls]  snr=+16.0dB [neural][ls]  snr=+18.0dB [neural][ls]  snr=+20.0dB [neural][ls]Done (11.39s)
Estimator batch 1231/1600 (active points 15/22) [4h 13m 11s elapsed] ...   snr=+6.0dB [neural]  snr=+8.0dB [neural][ls]  snr=+10.0dB [neural][ls]  snr=+12.0dB [neural][ls]  snr=+14.0dB [neural][ls]  snr=+16.0dB [neural][ls]  snr=+18.0dB [neural][ls]  snr=+20.0dB [neural][ls]Done (11.45s)
Estimator batch 1232/1600 (active points 15/22) [4h 13m 23s elapsed] ...   snr=+6.0dB [neural]  snr=+8.0dB [neural][ls]  snr=+10.0dB [neural][ls]  snr=+12.0dB [neural][ls]  snr=+14.0dB [neural][ls]  snr=+16.0dB [neural][ls]  snr=+18.0dB [neural][ls]  snr=+20.0dB [neural][ls]Done (11.39s)
Estimator batch 1233/1600 (active points 15/22) [4h 13m 34s elapsed] ...   snr=+6.0dB [neural]  snr=+8.0dB [neural][ls]  snr=+10.0dB [neural][ls]  snr=+12.0dB [neural][ls]  snr=+14.0dB [neural][ls]  snr=+16.0dB [neural][ls]  snr=+18.0dB [neural][ls]  snr=+20.0dB [neural][ls]Done (11.40s)
Estimator batch 1234/1600 (active points 15/22) [4h 13m 45s elapsed] ...   snr=+6.0dB [neural]  snr=+8.0dB [neural][ls]  snr=+10.0dB [neural][ls]  snr=+12.0dB [neural][ls]  snr=+14.0dB [neural][ls]  snr=+16.0dB [neural][ls]  snr=+18.0dB [neural][ls]  snr=+20.0dB [neural][ls]Done (11.39s)
Estimator batch 1235/1600 (active points 15/22) [4h 13m 57s elapsed] ...   snr=+6.0dB [neural]  snr=+8.0dB [neural][ls]  snr=+10.0dB [neural][ls]  snr=+12.0dB [neural][ls]  snr=+14.0dB [neural][ls]  snr=+16.0dB [neural][ls]  snr=+18.0dB [neural][ls]  snr=+20.0dB [neural][ls]Done (11.38s)
Estimator batch 1236/1600 (active points 15/22) [4h 14m 08s elapsed] ...   snr=+6.0dB [neural]  snr=+8.0dB [neural][ls]  snr=+10.0dB [neural][ls]  snr=+12.0dB [neural][ls]  snr=+14.0dB [neural][ls]  snr=+16.0dB [neural][ls]  snr=+18.0dB [neural][ls]  snr=+20.0dB [neural][ls]Done (11.46s)
Estimator batch 1237/1600 (active points 15/22) [4h 14m 20s elapsed] ...   snr=+6.0dB [neural]  snr=+8.0dB [neural][ls]  snr=+10.0dB [neural][ls]  snr=+12.0dB [neural][ls]  snr=+14.0dB [neural][ls]  snr=+16.0dB [neural][ls]  snr=+18.0dB [neural][ls]  snr=+20.0dB [neural][ls]Done (11.41s)
Estimator batch 1238/1600 (active points 15/22) [4h 14m 31s elapsed] ...   snr=+6.0dB [neural]  snr=+8.0dB [neural][ls]  snr=+10.0dB [neural][ls]  snr=+12.0dB [neural][ls]  snr=+14.0dB [neural][ls]  snr=+16.0dB [neural][ls]  snr=+18.0dB [neural][ls]  snr=+20.0dB [neural][ls]Done (11.39s)
Estimator batch 1239/1600 (active points 15/22) [4h 14m 42s elapsed] ...   snr=+6.0dB [neural]  snr=+8.0dB [neural][ls]  snr=+10.0dB [neural][ls]  snr=+12.0dB [neural][ls]  snr=+14.0dB [neural][ls]  snr=+16.0dB [neural][ls]  snr=+18.0dB [neural][ls]  snr=+20.0dB [neural][ls]Done (11.37s)
Estimator batch 1240/1600 (active points 15/22) [4h 14m 54s elapsed] ...   snr=+6.0dB [neural]  snr=+8.0dB [neural][ls]  snr=+10.0dB [neural][ls]  snr=+12.0dB [neural][ls]  snr=+14.0dB [neural][ls]  snr=+16.0dB [neural][ls]  snr=+18.0dB [neural][ls]  snr=+20.0dB [neural][ls]Done (11.39s)
Estimator batch 1241/1600 (active points 15/22) [4h 15m 05s elapsed] ...   snr=+6.0dB [neural]  snr=+8.0dB [neural][ls]  snr=+10.0dB [neural][ls]  snr=+12.0dB [neural][ls]  snr=+14.0dB [neural][ls]  snr=+16.0dB [neural][ls]  snr=+18.0dB [neural][ls]  snr=+20.0dB [neural][ls]Done (11.45s)
Estimator batch 1242/1600 (active points 15/22) [4h 15m 17s elapsed] ...   snr=+6.0dB [neural]  snr=+8.0dB [neural][ls]  snr=+10.0dB [neural][ls]  snr=+12.0dB [neural][ls]  snr=+14.0dB [neural][ls]  snr=+16.0dB [neural][ls]  snr=+18.0dB [neural][ls]  snr=+20.0dB [neural][ls]Done (11.40s)
Estimator batch 1243/1600 (active points 15/22) [4h 15m 28s elapsed] ...   snr=+6.0dB [neural]  snr=+8.0dB [neural][ls]  snr=+10.0dB [neural][ls]  snr=+12.0dB [neural][ls]  snr=+14.0dB [neural][ls]  snr=+16.0dB [neural][ls]  snr=+18.0dB [neural][ls]  snr=+20.0dB [neural][ls]Done (11.41s)
Estimator batch 1244/1600 (active points 15/22) [4h 15m 39s elapsed] ...   snr=+6.0dB [neural]  snr=+8.0dB [neural][ls]  snr=+10.0dB [neural][ls]  snr=+12.0dB [neural][ls]  snr=+14.0dB [neural][ls]  snr=+16.0dB [neural][ls]  snr=+18.0dB [neural][ls]  snr=+20.0dB [neural][ls]Done (11.40s)
Estimator batch 1245/1600 (active points 15/22) [4h 15m 51s elapsed] ...   snr=+6.0dB [neural]  snr=+8.0dB [neural][ls]  snr=+10.0dB [neural][ls]  snr=+12.0dB [neural][ls]  snr=+14.0dB [neural][ls]  snr=+16.0dB [neural][ls]  snr=+18.0dB [neural][ls]  snr=+20.0dB [neural][ls]Done (11.40s)
Estimator batch 1246/1600 (active points 15/22) [4h 16m 02s elapsed] ...   snr=+6.0dB [neural]  snr=+8.0dB [neural][ls]  snr=+10.0dB [neural][ls]  snr=+12.0dB [neural][ls]  snr=+14.0dB [neural][ls]  snr=+16.0dB [neural][ls]  snr=+18.0dB [neural][ls]  snr=+20.0dB [neural][ls]Done (11.45s)
Estimator batch 1247/1600 (active points 15/22) [4h 16m 14s elapsed] ...   snr=+6.0dB [neural]  snr=+8.0dB [neural][ls]  snr=+10.0dB [neural][ls]  snr=+12.0dB [neural][ls]  snr=+14.0dB [neural][ls]  snr=+16.0dB [neural][ls]  snr=+18.0dB [neural][ls]  snr=+20.0dB [neural][ls]Done (11.45s)
Estimator batch 1248/1600 (active points 15/22) [4h 16m 25s elapsed] ...   snr=+6.0dB [neural]  snr=+8.0dB [neural][ls]  snr=+10.0dB [neural][ls]  snr=+12.0dB [neural][ls]  snr=+14.0dB [neural][ls]  snr=+16.0dB [neural][ls]  snr=+18.0dB [neural][ls]  snr=+20.0dB [neural][ls]Done (11.41s)
Estimator batch 1249/1600 (active points 15/22) [4h 16m 37s elapsed] ...   snr=+6.0dB [neural]  snr=+8.0dB [neural][ls]  snr=+10.0dB [neural][ls]  snr=+12.0dB [neural][ls]  snr=+14.0dB [neural][ls]  snr=+16.0dB [neural][ls]  snr=+18.0dB [neural][ls]  snr=+20.0dB [neural][ls]Done (11.41s)
Estimator batch 1250/1600 (active points 15/22) [4h 16m 48s elapsed] ...   snr=+6.0dB [neural]  snr=+8.0dB [neural][ls]  snr=+10.0dB [neural][ls]  snr=+12.0dB [neural][ls]  snr=+14.0dB [neural][ls]  snr=+16.0dB [neural][ls]  snr=+18.0dB [neural][ls]  snr=+20.0dB [neural][ls]Done (11.39s)
Estimator batch 1251/1600 (active points 15/22) [4h 16m 59s elapsed] ...   snr=+6.0dB [neural]  snr=+8.0dB [neural][ls]  snr=+10.0dB [neural][ls]  snr=+12.0dB [neural][ls]  snr=+14.0dB [neural][ls]  snr=+16.0dB [neural][ls]  snr=+18.0dB [neural][ls]  snr=+20.0dB [neural][ls]Done (11.42s)
Estimator batch 1252/1600 (active points 15/22) [4h 17m 11s elapsed] ...   snr=+6.0dB [neural]  snr=+8.0dB [neural][ls]  snr=+10.0dB [neural][ls]  snr=+12.0dB [neural][ls]  snr=+14.0dB [neural][ls]  snr=+16.0dB [neural][ls]  snr=+18.0dB [neural][ls]  snr=+20.0dB [neural][ls]Done (11.37s)
Estimator batch 1253/1600 (active points 15/22) [4h 17m 22s elapsed] ...   snr=+6.0dB [neural]  snr=+8.0dB [neural][ls]  snr=+10.0dB [neural][ls]  snr=+12.0dB [neural][ls]  snr=+14.0dB [neural][ls]  snr=+16.0dB [neural][ls]  snr=+18.0dB [neural][ls]  snr=+20.0dB [neural][ls]Done (11.37s)
Estimator batch 1254/1600 (active points 15/22) [4h 17m 34s elapsed] ...   snr=+6.0dB [neural]  snr=+8.0dB [neural][ls]  snr=+10.0dB [neural][ls]  snr=+12.0dB [neural][ls]  snr=+14.0dB [neural][ls]  snr=+16.0dB [neural][ls]  snr=+18.0dB [neural][ls]  snr=+20.0dB [neural][ls]Done (11.41s)
Estimator batch 1255/1600 (active points 15/22) [4h 17m 45s elapsed] ...   snr=+6.0dB [neural]  snr=+8.0dB [neural][ls]  snr=+10.0dB [neural][ls]  snr=+12.0dB [neural][ls]  snr=+14.0dB [neural][ls]  snr=+16.0dB [neural][ls]  snr=+18.0dB [neural][ls]  snr=+20.0dB [neural][ls]Done (11.39s)
Estimator batch 1256/1600 (active points 15/22) [4h 17m 56s elapsed] ...   snr=+6.0dB [neural]  snr=+8.0dB [neural][ls]  snr=+10.0dB [neural][ls]  snr=+12.0dB [neural][ls]  snr=+14.0dB [neural][ls]  snr=+16.0dB [neural][ls]  snr=+18.0dB [neural][ls]  snr=+20.0dB [neural][ls]Done (11.39s)
Estimator batch 1257/1600 (active points 15/22) [4h 18m 08s elapsed] ...   snr=+6.0dB [neural]  snr=+8.0dB [neural][ls]  snr=+10.0dB [neural][ls]  snr=+12.0dB [neural][ls]  snr=+14.0dB [neural][ls]  snr=+16.0dB [neural][ls]  snr=+18.0dB [neural][ls]  snr=+20.0dB [neural][ls]Done (11.43s)
Estimator batch 1258/1600 (active points 15/22) [4h 18m 19s elapsed] ...   snr=+6.0dB [neural]  snr=+8.0dB [neural][ls]  snr=+10.0dB [neural][ls]  snr=+12.0dB [neural][ls]  snr=+14.0dB [neural][ls]  snr=+16.0dB [neural][ls]  snr=+18.0dB [neural][ls]  snr=+20.0dB [neural][ls]Done (11.41s)
Estimator batch 1259/1600 (active points 15/22) [4h 18m 31s elapsed] ...   snr=+6.0dB [neural]  snr=+8.0dB [neural][ls]  snr=+10.0dB [neural][ls]  snr=+12.0dB [neural][ls]  snr=+14.0dB [neural][ls]  snr=+16.0dB [neural][ls]  snr=+18.0dB [neural][ls]  snr=+20.0dB [neural][ls]Done (11.38s)
Estimator batch 1260/1600 (active points 15/22) [4h 18m 42s elapsed] ...   snr=+6.0dB [neural]  snr=+8.0dB [neural][ls]  snr=+10.0dB [neural][ls]  snr=+12.0dB [neural][ls]  snr=+14.0dB [neural][ls]  snr=+16.0dB [neural][ls]  snr=+18.0dB [neural][ls]  snr=+20.0dB [neural][ls]Done (11.41s)
Estimator batch 1261/1600 (active points 15/22) [4h 18m 53s elapsed] ...   snr=+6.0dB [neural]  snr=+8.0dB [neural][ls]  snr=+10.0dB [neural][ls]  snr=+12.0dB [neural][ls]  snr=+14.0dB [neural][ls]  snr=+16.0dB [neural][ls]  snr=+18.0dB [neural][ls]  snr=+20.0dB [neural][ls]Done (11.38s)
Estimator batch 1262/1600 (active points 15/22) [4h 19m 05s elapsed] ...   snr=+6.0dB [neural]  snr=+8.0dB [neural][ls]  snr=+10.0dB [neural][ls]  snr=+12.0dB [neural][ls]  snr=+14.0dB [neural][ls]  snr=+16.0dB [neural][ls]  snr=+18.0dB [neural][ls]  snr=+20.0dB [neural][ls]Done (11.42s)
Estimator batch 1263/1600 (active points 15/22) [4h 19m 16s elapsed] ...   snr=+6.0dB [neural]  snr=+8.0dB [neural][ls]  snr=+10.0dB [neural][ls]  snr=+12.0dB [neural][ls]  snr=+14.0dB [neural][ls]  snr=+16.0dB [neural][ls]  snr=+18.0dB [neural][ls]  snr=+20.0dB [neural][ls]Done (11.39s)
Estimator batch 1264/1600 (active points 15/22) [4h 19m 28s elapsed] ...   snr=+6.0dB [neural]  snr=+8.0dB [neural][ls]  snr=+10.0dB [neural][ls]  snr=+12.0dB [neural][ls]  snr=+14.0dB [neural][ls]  snr=+16.0dB [neural][ls]  snr=+18.0dB [neural][ls]  snr=+20.0dB [neural][ls]Done (11.39s)
Estimator batch 1265/1600 (active points 15/22) [4h 19m 39s elapsed] ...   snr=+6.0dB [neural]  snr=+8.0dB [neural][ls]  snr=+10.0dB [neural][ls]  snr=+12.0dB [neural][ls]  snr=+14.0dB [neural][ls]  snr=+16.0dB [neural][ls]  snr=+18.0dB [neural][ls]  snr=+20.0dB [neural][ls]Done (11.40s)
Estimator batch 1266/1600 (active points 15/22) [4h 19m 50s elapsed] ...   snr=+6.0dB [neural]  snr=+8.0dB [neural][ls]  snr=+10.0dB [neural][ls]  snr=+12.0dB [neural][ls]  snr=+14.0dB [neural][ls]  snr=+16.0dB [neural][ls]  snr=+18.0dB [neural][ls]  snr=+20.0dB [neural][ls]Done (11.36s)
Estimator batch 1267/1600 (active points 15/22) [4h 20m 02s elapsed] ...   snr=+6.0dB [neural]  snr=+8.0dB [neural][ls]  snr=+10.0dB [neural][ls]  snr=+12.0dB [neural][ls]  snr=+14.0dB [neural][ls]  snr=+16.0dB [neural][ls]  snr=+18.0dB [neural][ls]  snr=+20.0dB [neural][ls]Done (11.40s)
Estimator batch 1268/1600 (active points 15/22) [4h 20m 13s elapsed] ...   snr=+6.0dB [neural]  snr=+8.0dB [neural][ls]  snr=+10.0dB [neural][ls]  snr=+12.0dB [neural][ls]  snr=+14.0dB [neural][ls]  snr=+16.0dB [neural][ls]  snr=+18.0dB [neural][ls]  snr=+20.0dB [neural][ls]Done (11.38s)
Estimator batch 1269/1600 (active points 15/22) [4h 20m 25s elapsed] ...   snr=+6.0dB [neural]  snr=+8.0dB [neural][ls]  snr=+10.0dB [neural][ls]  snr=+12.0dB [neural][ls]  snr=+14.0dB [neural][ls]  snr=+16.0dB [neural][ls]  snr=+18.0dB [neural][ls]  snr=+20.0dB [neural][ls]Done (11.39s)
Estimator batch 1270/1600 (active points 15/22) [4h 20m 36s elapsed] ...   snr=+6.0dB [neural]  snr=+8.0dB [neural][ls]  snr=+10.0dB [neural][ls]  snr=+12.0dB [neural][ls]  snr=+14.0dB [neural][ls]  snr=+16.0dB [neural][ls]  snr=+18.0dB [neural][ls]  snr=+20.0dB [neural][ls]Done (11.40s)
Estimator batch 1271/1600 (active points 15/22) [4h 20m 47s elapsed] ...   snr=+6.0dB [neural]  snr=+8.0dB [neural][ls]  snr=+10.0dB [neural][ls]  snr=+12.0dB [neural][ls]  snr=+14.0dB [neural][ls]  snr=+16.0dB [neural][ls]  snr=+18.0dB [neural][ls]  snr=+20.0dB [neural][ls]Done (11.46s)
Estimator batch 1272/1600 (active points 15/22) [4h 20m 59s elapsed] ...   snr=+6.0dB [neural]  snr=+8.0dB [neural][ls]  snr=+10.0dB [neural][ls]  snr=+12.0dB [neural][ls]  snr=+14.0dB [neural][ls]  snr=+16.0dB [neural][ls]  snr=+18.0dB [neural][ls]  snr=+20.0dB [neural][ls]Done (11.38s)
Estimator batch 1273/1600 (active points 15/22) [4h 21m 10s elapsed] ...   snr=+6.0dB [neural]  snr=+8.0dB [neural][ls]  snr=+10.0dB [neural][ls]  snr=+12.0dB [neural][ls]  snr=+14.0dB [neural][ls]  snr=+16.0dB [neural][ls]  snr=+18.0dB [neural][ls]  snr=+20.0dB [neural][ls]Done (11.43s)
Estimator batch 1274/1600 (active points 15/22) [4h 21m 22s elapsed] ...   snr=+6.0dB [neural]  snr=+8.0dB [neural][ls]  snr=+10.0dB [neural][ls]  snr=+12.0dB [neural][ls]  snr=+14.0dB [neural][ls]  snr=+16.0dB [neural][ls]  snr=+18.0dB [neural][ls]  snr=+20.0dB [neural][ls]Done (11.39s)
Estimator batch 1275/1600 (active points 15/22) [4h 21m 33s elapsed] ...   snr=+6.0dB [neural]  snr=+8.0dB [neural][ls]  snr=+10.0dB [neural][ls]  snr=+12.0dB [neural][ls]  snr=+14.0dB [neural][ls]  snr=+16.0dB [neural][ls]  snr=+18.0dB [neural][ls]  snr=+20.0dB [neural][ls]Done (11.37s)
Estimator batch 1276/1600 (active points 15/22) [4h 21m 44s elapsed] ...   snr=+6.0dB [neural]  snr=+8.0dB [neural][ls]  snr=+10.0dB [neural][ls]  snr=+12.0dB [neural][ls]  snr=+14.0dB [neural][ls]  snr=+16.0dB [neural][ls]  snr=+18.0dB [neural][ls]  snr=+20.0dB [neural][ls]Done (11.49s)
Estimator batch 1277/1600 (active points 15/22) [4h 21m 56s elapsed] ...   snr=+6.0dB [neural]  snr=+8.0dB [neural][ls]  snr=+10.0dB [neural][ls]  snr=+12.0dB [neural][ls]  snr=+14.0dB [neural][ls]  snr=+16.0dB [neural][ls]  snr=+18.0dB [neural][ls]  snr=+20.0dB [neural][ls]Done (11.37s)
Estimator batch 1278/1600 (active points 15/22) [4h 22m 07s elapsed] ...   snr=+6.0dB [neural]  snr=+8.0dB [neural][ls]  snr=+10.0dB [neural][ls]  snr=+12.0dB [neural][ls]  snr=+14.0dB [neural][ls]  snr=+16.0dB [neural][ls]  snr=+18.0dB [neural][ls]  snr=+20.0dB [neural][ls]Done (11.44s)
Estimator batch 1279/1600 (active points 15/22) [4h 22m 19s elapsed] ...   snr=+6.0dB [neural]  snr=+8.0dB [neural][ls]  snr=+10.0dB [neural][ls]  snr=+12.0dB [neural][ls]  snr=+14.0dB [neural][ls]  snr=+16.0dB [neural][ls]  snr=+18.0dB [neural][ls]  snr=+20.0dB [neural][ls]Done (11.86s)
Estimator batch 1280/1600 (active points 15/22) [4h 22m 30s elapsed] ...   snr=+6.0dB [neural]  snr=+8.0dB [neural][ls]  snr=+10.0dB [neural][ls]  snr=+12.0dB [neural][ls]  snr=+14.0dB [neural][ls]  snr=+16.0dB [neural][ls]  snr=+18.0dB [neural][ls]  snr=+20.0dB [neural][ls]Done (11.37s)
Estimator batch 1281/1600 (active points 15/22) [4h 22m 42s elapsed] ...   snr=+6.0dB [neural]  snr=+8.0dB [neural][ls]  snr=+10.0dB [neural][ls]  snr=+12.0dB [neural][ls]  snr=+14.0dB [neural][ls]  snr=+16.0dB [neural][ls]  snr=+18.0dB [neural][ls]  snr=+20.0dB [neural][ls]Done (11.37s)
Estimator batch 1282/1600 (active points 15/22) [4h 22m 53s elapsed] ...   snr=+6.0dB [neural]  snr=+8.0dB [neural][ls]  snr=+10.0dB [neural][ls]  snr=+12.0dB [neural][ls]  snr=+14.0dB [neural][ls]  snr=+16.0dB [neural][ls]  snr=+18.0dB [neural][ls]  snr=+20.0dB [neural][ls]Done (11.41s)
Estimator batch 1283/1600 (active points 15/22) [4h 23m 05s elapsed] ...   snr=+6.0dB [neural]  snr=+8.0dB [neural][ls]  snr=+10.0dB [neural][ls]  snr=+12.0dB [neural][ls]  snr=+14.0dB [neural][ls]  snr=+16.0dB [neural][ls]  snr=+18.0dB [neural][ls]  snr=+20.0dB [neural][ls]Done (11.38s)
Estimator batch 1284/1600 (active points 15/22) [4h 23m 16s elapsed] ...   snr=+6.0dB [neural]  snr=+8.0dB [neural][ls]  snr=+10.0dB [neural][ls]  snr=+12.0dB [neural][ls]  snr=+14.0dB [neural][ls]  snr=+16.0dB [neural][ls]  snr=+18.0dB [neural][ls]  snr=+20.0dB [neural][ls]Done (11.42s)
Estimator batch 1285/1600 (active points 15/22) [4h 23m 27s elapsed] ...   snr=+6.0dB [neural]  snr=+8.0dB [neural][ls]  snr=+10.0dB [neural][ls]  snr=+12.0dB [neural][ls]  snr=+14.0dB [neural][ls]  snr=+16.0dB [neural][ls]  snr=+18.0dB [neural][ls]  snr=+20.0dB [neural][ls]Done (11.41s)
Estimator batch 1286/1600 (active points 15/22) [4h 23m 39s elapsed] ...   snr=+6.0dB [neural]  snr=+8.0dB [neural][ls]  snr=+10.0dB [neural][ls]  snr=+12.0dB [neural][ls]  snr=+14.0dB [neural][ls]  snr=+16.0dB [neural][ls]  snr=+18.0dB [neural][ls]  snr=+20.0dB [neural][ls]Done (11.36s)
Estimator batch 1287/1600 (active points 15/22) [4h 23m 50s elapsed] ...   snr=+6.0dB [neural]  snr=+8.0dB [neural][ls]  snr=+10.0dB [neural][ls]  snr=+12.0dB [neural][ls]  snr=+14.0dB [neural][ls]  snr=+16.0dB [neural][ls]  snr=+18.0dB [neural][ls]  snr=+20.0dB [neural][ls]Done (11.35s)
Estimator batch 1288/1600 (active points 15/22) [4h 24m 02s elapsed] ...   snr=+6.0dB [neural]  snr=+8.0dB [neural][ls]  snr=+10.0dB [neural][ls]  snr=+12.0dB [neural][ls]  snr=+14.0dB [neural][ls]  snr=+16.0dB [neural][ls]  snr=+18.0dB [neural][ls]  snr=+20.0dB [neural][ls]Done (11.44s)
Estimator batch 1289/1600 (active points 15/22) [4h 24m 13s elapsed] ...   snr=+6.0dB [neural]  snr=+8.0dB [neural][ls]  snr=+10.0dB [neural][ls]  snr=+12.0dB [neural][ls]  snr=+14.0dB [neural][ls]  snr=+16.0dB [neural][ls]  snr=+18.0dB [neural][ls]  snr=+20.0dB [neural][ls]Done (11.39s)
Estimator batch 1290/1600 (active points 15/22) [4h 24m 24s elapsed] ...   snr=+6.0dB [neural]  snr=+8.0dB [neural][ls]  snr=+10.0dB [neural][ls]  snr=+12.0dB [neural][ls]  snr=+14.0dB [neural][ls]  snr=+16.0dB [neural][ls]  snr=+18.0dB [neural][ls]  snr=+20.0dB [neural][ls]Done (11.37s)
Estimator batch 1291/1600 (active points 15/22) [4h 24m 36s elapsed] ...   snr=+6.0dB [neural]  snr=+8.0dB [neural][ls]  snr=+10.0dB [neural][ls]  snr=+12.0dB [neural][ls]  snr=+14.0dB [neural][ls]  snr=+16.0dB [neural][ls]  snr=+18.0dB [neural][ls]  snr=+20.0dB [neural][ls]Done (11.36s)
Estimator batch 1292/1600 (active points 15/22) [4h 24m 47s elapsed] ...   snr=+6.0dB [neural]  snr=+8.0dB [neural][ls]  snr=+10.0dB [neural][ls]  snr=+12.0dB [neural][ls]  snr=+14.0dB [neural][ls]  snr=+16.0dB [neural][ls]  snr=+18.0dB [neural][ls]  snr=+20.0dB [neural][ls]Done (11.38s)
Estimator batch 1293/1600 (active points 15/22) [4h 24m 59s elapsed] ...   snr=+6.0dB [neural]  snr=+8.0dB [neural][ls]  snr=+10.0dB [neural][ls]  snr=+12.0dB [neural][ls]  snr=+14.0dB [neural][ls]  snr=+16.0dB [neural][ls]  snr=+18.0dB [neural][ls]  snr=+20.0dB [neural][ls]Done (11.44s)
Estimator batch 1294/1600 (active points 15/22) [4h 25m 10s elapsed] ...   snr=+6.0dB [neural]  snr=+8.0dB [neural][ls]  snr=+10.0dB [neural][ls]  snr=+12.0dB [neural][ls]  snr=+14.0dB [neural][ls]  snr=+16.0dB [neural][ls]  snr=+18.0dB [neural][ls]  snr=+20.0dB [neural][ls]Done (11.39s)
Estimator batch 1295/1600 (active points 15/22) [4h 25m 21s elapsed] ...   snr=+6.0dB [neural]  snr=+8.0dB [neural][ls]  snr=+10.0dB [neural][ls]  snr=+12.0dB [neural][ls]  snr=+14.0dB [neural][ls]  snr=+16.0dB [neural][ls]  snr=+18.0dB [neural][ls]  snr=+20.0dB [neural][ls]Done (11.38s)
Estimator batch 1296/1600 (active points 15/22) [4h 25m 33s elapsed] ...   snr=+6.0dB [neural]  snr=+8.0dB [neural][ls]  snr=+10.0dB [neural][ls]  snr=+12.0dB [neural][ls]  snr=+14.0dB [neural][ls]  snr=+16.0dB [neural][ls]  snr=+18.0dB [neural][ls]  snr=+20.0dB [neural][ls]Done (11.35s)
Estimator batch 1297/1600 (active points 15/22) [4h 25m 44s elapsed] ...   snr=+6.0dB [neural]  snr=+8.0dB [neural][ls]  snr=+10.0dB [neural][ls]  snr=+12.0dB [neural][ls]  snr=+14.0dB [neural][ls]  snr=+16.0dB [neural][ls]  snr=+18.0dB [neural][ls]  snr=+20.0dB [neural][ls]Done (11.42s)
Estimator batch 1298/1600 (active points 15/22) [4h 25m 56s elapsed] ...   snr=+6.0dB [neural]  snr=+8.0dB [neural][ls]  snr=+10.0dB [neural][ls]  snr=+12.0dB [neural][ls]  snr=+14.0dB [neural][ls]  snr=+16.0dB [neural][ls]  snr=+18.0dB [neural][ls]  snr=+20.0dB [neural][ls]Done (11.41s)
Estimator batch 1299/1600 (active points 15/22) [4h 26m 07s elapsed] ...   snr=+6.0dB [neural]  snr=+8.0dB [neural][ls]  snr=+10.0dB [neural][ls]  snr=+12.0dB [neural][ls]  snr=+14.0dB [neural][ls]  snr=+16.0dB [neural][ls]  snr=+18.0dB [neural][ls]  snr=+20.0dB [neural][ls]Done (11.45s)
Estimator batch 1300/1600 (active points 15/22) [4h 26m 18s elapsed] ...   snr=+6.0dB [neural]  snr=+8.0dB [neural][ls]  snr=+10.0dB [neural][ls]  snr=+12.0dB [neural][ls]  snr=+14.0dB [neural][ls]  snr=+16.0dB [neural][ls]  snr=+18.0dB [neural][ls]  snr=+20.0dB [neural][ls]Done (11.37s)
Estimator batch 1301/1600 (active points 15/22) [4h 26m 30s elapsed] ...   snr=+6.0dB [neural]  snr=+8.0dB [neural][ls]  snr=+10.0dB [neural][ls]  snr=+12.0dB [neural][ls]  snr=+14.0dB [neural][ls]  snr=+16.0dB [neural][ls]  snr=+18.0dB [neural][ls]  snr=+20.0dB [neural][ls]Done (11.39s)
Estimator batch 1302/1600 (active points 15/22) [4h 26m 41s elapsed] ...   snr=+6.0dB [neural]  snr=+8.0dB [neural][ls]  snr=+10.0dB [neural][ls]  snr=+12.0dB [neural][ls]  snr=+14.0dB [neural][ls]  snr=+16.0dB [neural][ls]  snr=+18.0dB [neural][ls]  snr=+20.0dB [neural][ls]Done (11.36s)
Estimator batch 1303/1600 (active points 15/22) [4h 26m 52s elapsed] ...   snr=+6.0dB [neural]  snr=+8.0dB [neural][ls]  snr=+10.0dB [neural][ls]  snr=+12.0dB [neural][ls]  snr=+14.0dB [neural][ls]  snr=+16.0dB [neural][ls]  snr=+18.0dB [neural][ls]  snr=+20.0dB [neural][ls]Done (11.38s)
Estimator batch 1304/1600 (active points 15/22) [4h 27m 04s elapsed] ...   snr=+6.0dB [neural]  snr=+8.0dB [neural][ls]  snr=+10.0dB [neural][ls]  snr=+12.0dB [neural][ls]  snr=+14.0dB [neural][ls]  snr=+16.0dB [neural][ls]  snr=+18.0dB [neural][ls]  snr=+20.0dB [neural][ls]Done (11.45s)
Estimator batch 1305/1600 (active points 15/22) [4h 27m 15s elapsed] ...   snr=+6.0dB [neural]  snr=+8.0dB [neural][ls]  snr=+10.0dB [neural][ls]  snr=+12.0dB [neural][ls]  snr=+14.0dB [neural][ls]  snr=+16.0dB [neural][ls]  snr=+18.0dB [neural][ls]  snr=+20.0dB [neural][ls]Done (11.43s)
Estimator batch 1306/1600 (active points 15/22) [4h 27m 27s elapsed] ...   snr=+6.0dB [neural]  snr=+8.0dB [neural][ls]  snr=+10.0dB [neural][ls]  snr=+12.0dB [neural][ls]  snr=+14.0dB [neural][ls]  snr=+16.0dB [neural][ls]  snr=+18.0dB [neural][ls]  snr=+20.0dB [neural][ls]Done (11.39s)
Estimator batch 1307/1600 (active points 15/22) [4h 27m 38s elapsed] ...   snr=+6.0dB [neural]  snr=+8.0dB [neural][ls]  snr=+10.0dB [neural][ls]  snr=+12.0dB [neural][ls]  snr=+14.0dB [neural][ls]  snr=+16.0dB [neural][ls]  snr=+18.0dB [neural][ls]  snr=+20.0dB [neural][ls]Done (11.36s)
Estimator batch 1308/1600 (active points 15/22) [4h 27m 50s elapsed] ...   snr=+6.0dB [neural]  snr=+8.0dB [neural][ls]  snr=+10.0dB [neural][ls]  snr=+12.0dB [neural][ls]  snr=+14.0dB [neural][ls]  snr=+16.0dB [neural][ls]  snr=+18.0dB [neural][ls]  snr=+20.0dB [neural][ls]Done (11.38s)
Estimator batch 1309/1600 (active points 15/22) [4h 28m 01s elapsed] ...   snr=+6.0dB [neural]  snr=+8.0dB [neural][ls]  snr=+10.0dB [neural][ls]  snr=+12.0dB [neural][ls]  snr=+14.0dB [neural][ls]  snr=+16.0dB [neural][ls]  snr=+18.0dB [neural][ls]  snr=+20.0dB [neural][ls]Done (11.38s)
Estimator batch 1310/1600 (active points 15/22) [4h 28m 12s elapsed] ...   snr=+6.0dB [neural]  snr=+8.0dB [neural][ls]  snr=+10.0dB [neural][ls]  snr=+12.0dB [neural][ls]  snr=+14.0dB [neural][ls]  snr=+16.0dB [neural][ls]  snr=+18.0dB [neural][ls]  snr=+20.0dB [neural][ls]Done (11.46s)
Estimator batch 1311/1600 (active points 15/22) [4h 28m 24s elapsed] ...   snr=+6.0dB [neural]  snr=+8.0dB [neural][ls]  snr=+10.0dB [neural][ls]  snr=+12.0dB [neural][ls]  snr=+14.0dB [neural][ls]  snr=+16.0dB [neural][ls]  snr=+18.0dB [neural][ls]  snr=+20.0dB [neural][ls]Done (11.37s)
Estimator batch 1312/1600 (active points 15/22) [4h 28m 35s elapsed] ...   snr=+6.0dB [neural]  snr=+8.0dB [neural][ls]  snr=+10.0dB [neural][ls]  snr=+12.0dB [neural][ls]  snr=+14.0dB [neural][ls]  snr=+16.0dB [neural][ls]  snr=+18.0dB [neural][ls]  snr=+20.0dB [neural][ls]Done (11.39s)
Estimator batch 1313/1600 (active points 15/22) [4h 28m 46s elapsed] ...   snr=+6.0dB [neural]  snr=+8.0dB [neural][ls]  snr=+10.0dB [neural][ls]  snr=+12.0dB [neural][ls]  snr=+14.0dB [neural][ls]  snr=+16.0dB [neural][ls]  snr=+18.0dB [neural][ls]  snr=+20.0dB [neural][ls]Done (11.41s)
Estimator batch 1314/1600 (active points 15/22) [4h 28m 58s elapsed] ...   snr=+6.0dB [neural]  snr=+8.0dB [neural][ls]  snr=+10.0dB [neural][ls]  snr=+12.0dB [neural][ls]  snr=+14.0dB [neural][ls]  snr=+16.0dB [neural][ls]  snr=+18.0dB [neural][ls]  snr=+20.0dB [neural][ls]Done (11.37s)
Estimator batch 1315/1600 (active points 15/22) [4h 29m 09s elapsed] ...   snr=+6.0dB [neural]  snr=+8.0dB [neural][ls]  snr=+10.0dB [neural][ls]  snr=+12.0dB [neural][ls]  snr=+14.0dB [neural][ls]  snr=+16.0dB [neural][ls]  snr=+18.0dB [neural][ls]  snr=+20.0dB [neural][ls]Done (11.39s)
Estimator batch 1316/1600 (active points 15/22) [4h 29m 21s elapsed] ...   snr=+6.0dB [neural]  snr=+8.0dB [neural][ls]  snr=+10.0dB [neural][ls]  snr=+12.0dB [neural][ls]  snr=+14.0dB [neural][ls]  snr=+16.0dB [neural][ls]  snr=+18.0dB [neural][ls]  snr=+20.0dB [neural][ls]Done (11.43s)
Estimator batch 1317/1600 (active points 15/22) [4h 29m 32s elapsed] ...   snr=+6.0dB [neural]  snr=+8.0dB [neural][ls]  snr=+10.0dB [neural][ls]  snr=+12.0dB [neural][ls]  snr=+14.0dB [neural][ls]  snr=+16.0dB [neural][ls]  snr=+18.0dB [neural][ls]  snr=+20.0dB [neural][ls]Done (11.35s)
Estimator batch 1318/1600 (active points 15/22) [4h 29m 43s elapsed] ...   snr=+6.0dB [neural]  snr=+8.0dB [neural][ls]  snr=+10.0dB [neural][ls]  snr=+12.0dB [neural][ls]  snr=+14.0dB [neural][ls]  snr=+16.0dB [neural][ls]  snr=+18.0dB [neural][ls]  snr=+20.0dB [neural][ls]Done (11.36s)
Estimator batch 1319/1600 (active points 15/22) [4h 29m 55s elapsed] ...   snr=+6.0dB [neural]  snr=+8.0dB [neural][ls]  snr=+10.0dB [neural][ls]  snr=+12.0dB [neural][ls]  snr=+14.0dB [neural][ls]  snr=+16.0dB [neural][ls]  snr=+18.0dB [neural][ls]  snr=+20.0dB [neural][ls]Done (11.41s)
Estimator batch 1320/1600 (active points 15/22) [4h 30m 06s elapsed] ...   snr=+6.0dB [neural]  snr=+8.0dB [neural][ls]  snr=+10.0dB [neural][ls]  snr=+12.0dB [neural][ls]  snr=+14.0dB [neural][ls]  snr=+16.0dB [neural][ls]  snr=+18.0dB [neural][ls]  snr=+20.0dB [neural][ls]Done (11.43s)
Estimator batch 1321/1600 (active points 15/22) [4h 30m 18s elapsed] ...   snr=+6.0dB [neural]  snr=+8.0dB [neural][ls]  snr=+10.0dB [neural][ls]  snr=+12.0dB [neural][ls]  snr=+14.0dB [neural][ls]  snr=+16.0dB [neural][ls]  snr=+18.0dB [neural][ls]  snr=+20.0dB [neural][ls]Done (11.44s)
Estimator batch 1322/1600 (active points 15/22) [4h 30m 29s elapsed] ...   snr=+6.0dB [neural]  snr=+8.0dB [neural][ls]  snr=+10.0dB [neural][ls]  snr=+12.0dB [neural][ls]  snr=+14.0dB [neural][ls]  snr=+16.0dB [neural][ls]  snr=+18.0dB [neural][ls]  snr=+20.0dB [neural][ls]Done (11.39s)
Estimator batch 1323/1600 (active points 15/22) [4h 30m 40s elapsed] ...   snr=+6.0dB [neural]  snr=+8.0dB [neural][ls]  snr=+10.0dB [neural][ls]  snr=+12.0dB [neural][ls]  snr=+14.0dB [neural][ls]  snr=+16.0dB [neural][ls]  snr=+18.0dB [neural][ls]  snr=+20.0dB [neural][ls]Done (11.36s)
Estimator batch 1324/1600 (active points 15/22) [4h 30m 52s elapsed] ...   snr=+6.0dB [neural]  snr=+8.0dB [neural][ls]  snr=+10.0dB [neural][ls]  snr=+12.0dB [neural][ls]  snr=+14.0dB [neural][ls]  snr=+16.0dB [neural][ls]  snr=+18.0dB [neural][ls]  snr=+20.0dB [neural][ls]Done (11.39s)
Estimator batch 1325/1600 (active points 15/22) [4h 31m 03s elapsed] ...   snr=+6.0dB [neural]  snr=+8.0dB [neural][ls]  snr=+10.0dB [neural][ls]  snr=+12.0dB [neural][ls]  snr=+14.0dB [neural][ls]  snr=+16.0dB [neural][ls]  snr=+18.0dB [neural][ls]  snr=+20.0dB [neural][ls]Done (11.40s)
Estimator batch 1326/1600 (active points 15/22) [4h 31m 15s elapsed] ...   snr=+6.0dB [neural]  snr=+8.0dB [neural][ls]  snr=+10.0dB [neural][ls]  snr=+12.0dB [neural][ls]  snr=+14.0dB [neural][ls]  snr=+16.0dB [neural][ls]  snr=+18.0dB [neural][ls]  snr=+20.0dB [neural][ls]Done (11.40s)
Estimator batch 1327/1600 (active points 15/22) [4h 31m 26s elapsed] ...   snr=+6.0dB [neural]  snr=+8.0dB [neural][ls]  snr=+10.0dB [neural][ls]  snr=+12.0dB [neural][ls]  snr=+14.0dB [neural][ls]  snr=+16.0dB [neural][ls]  snr=+18.0dB [neural][ls]  snr=+20.0dB [neural][ls]Done (11.42s)
Estimator batch 1328/1600 (active points 15/22) [4h 31m 37s elapsed] ...   snr=+6.0dB [neural]  snr=+8.0dB [neural][ls]  snr=+10.0dB [neural][ls]  snr=+12.0dB [neural][ls]  snr=+14.0dB [neural][ls]  snr=+16.0dB [neural][ls]  snr=+18.0dB [neural][ls]  snr=+20.0dB [neural][ls]Done (11.39s)
Estimator batch 1329/1600 (active points 15/22) [4h 31m 49s elapsed] ...   snr=+6.0dB [neural]  snr=+8.0dB [neural][ls]  snr=+10.0dB [neural][ls]  snr=+12.0dB [neural][ls]  snr=+14.0dB [neural][ls]  snr=+16.0dB [neural][ls]  snr=+18.0dB [neural][ls]  snr=+20.0dB [neural][ls]Done (11.39s)
Estimator batch 1330/1600 (active points 15/22) [4h 32m 00s elapsed] ...   snr=+6.0dB [neural]  snr=+8.0dB [neural][ls]  snr=+10.0dB [neural][ls]  snr=+12.0dB [neural][ls]  snr=+14.0dB [neural][ls]  snr=+16.0dB [neural][ls]  snr=+18.0dB [neural][ls]  snr=+20.0dB [neural][ls]Done (11.37s)
Estimator batch 1331/1600 (active points 15/22) [4h 32m 12s elapsed] ...   snr=+6.0dB [neural]  snr=+8.0dB [neural][ls]  snr=+10.0dB [neural][ls]  snr=+12.0dB [neural][ls]  snr=+14.0dB [neural][ls]  snr=+16.0dB [neural][ls]  snr=+18.0dB [neural][ls]  snr=+20.0dB [neural][ls]Done (11.37s)
Estimator batch 1332/1600 (active points 15/22) [4h 32m 23s elapsed] ...   snr=+6.0dB [neural]  snr=+8.0dB [neural][ls]  snr=+10.0dB [neural][ls]  snr=+12.0dB [neural][ls]  snr=+14.0dB [neural][ls]  snr=+16.0dB [neural][ls]  snr=+18.0dB [neural][ls]  snr=+20.0dB [neural][ls]Done (11.88s)
Estimator batch 1333/1600 (active points 15/22) [4h 32m 35s elapsed] ...   snr=+6.0dB [neural]  snr=+8.0dB [neural][ls]  snr=+10.0dB [neural][ls]  snr=+12.0dB [neural][ls]  snr=+14.0dB [neural][ls]  snr=+16.0dB [neural][ls]  snr=+18.0dB [neural][ls]  snr=+20.0dB [neural][ls]Done (11.39s)
Estimator batch 1334/1600 (active points 15/22) [4h 32m 46s elapsed] ...   snr=+6.0dB [neural]  snr=+8.0dB [neural][ls]  snr=+10.0dB [neural][ls]  snr=+12.0dB [neural][ls]  snr=+14.0dB [neural][ls]  snr=+16.0dB [neural][ls]  snr=+18.0dB [neural][ls]  snr=+20.0dB [neural][ls]Done (11.38s)
Estimator batch 1335/1600 (active points 15/22) [4h 32m 58s elapsed] ...   snr=+6.0dB [neural]  snr=+8.0dB [neural][ls]  snr=+10.0dB [neural][ls]  snr=+12.0dB [neural][ls]  snr=+14.0dB [neural][ls]  snr=+16.0dB [neural][ls]  snr=+18.0dB [neural][ls]  snr=+20.0dB [neural][ls]Done (11.37s)
Estimator batch 1336/1600 (active points 15/22) [4h 33m 09s elapsed] ...   snr=+6.0dB [neural]  snr=+8.0dB [neural][ls]  snr=+10.0dB [neural][ls]  snr=+12.0dB [neural][ls]  snr=+14.0dB [neural][ls]  snr=+16.0dB [neural][ls]  snr=+18.0dB [neural][ls]  snr=+20.0dB [neural][ls]Done (11.43s)
Estimator batch 1337/1600 (active points 15/22) [4h 33m 20s elapsed] ...   snr=+6.0dB [neural]  snr=+8.0dB [neural][ls]  snr=+10.0dB [neural][ls]  snr=+12.0dB [neural][ls]  snr=+14.0dB [neural][ls]  snr=+16.0dB [neural][ls]  snr=+18.0dB [neural][ls]  snr=+20.0dB [neural][ls]Done (11.39s)
Estimator batch 1338/1600 (active points 15/22) [4h 33m 32s elapsed] ...   snr=+6.0dB [neural]  snr=+8.0dB [neural][ls]  snr=+10.0dB [neural][ls]  snr=+12.0dB [neural][ls]  snr=+14.0dB [neural][ls]  snr=+16.0dB [neural][ls]  snr=+18.0dB [neural][ls]  snr=+20.0dB [neural][ls]Done (11.54s)
Estimator batch 1339/1600 (active points 15/22) [4h 33m 43s elapsed] ...   snr=+6.0dB [neural]  snr=+8.0dB [neural][ls]  snr=+10.0dB [neural][ls]  snr=+12.0dB [neural][ls]  snr=+14.0dB [neural][ls]  snr=+16.0dB [neural][ls]  snr=+18.0dB [neural][ls]  snr=+20.0dB [neural][ls]Done (11.36s)
Estimator batch 1340/1600 (active points 15/22) [4h 33m 55s elapsed] ...   snr=+6.0dB [neural]  snr=+8.0dB [neural][ls]  snr=+10.0dB [neural][ls]  snr=+12.0dB [neural][ls]  snr=+14.0dB [neural][ls]  snr=+16.0dB [neural][ls]  snr=+18.0dB [neural][ls]  snr=+20.0dB [neural][ls]Done (11.38s)
Estimator batch 1341/1600 (active points 15/22) [4h 34m 06s elapsed] ...   snr=+6.0dB [neural]  snr=+8.0dB [neural][ls]  snr=+10.0dB [neural][ls]  snr=+12.0dB [neural][ls]  snr=+14.0dB [neural][ls]  snr=+16.0dB [neural][ls]  snr=+18.0dB [neural][ls]  snr=+20.0dB [neural][ls]Done (11.43s)
Estimator batch 1342/1600 (active points 15/22) [4h 34m 18s elapsed] ...   snr=+6.0dB [neural]  snr=+8.0dB [neural][ls]  snr=+10.0dB [neural][ls]  snr=+12.0dB [neural][ls]  snr=+14.0dB [neural][ls]  snr=+16.0dB [neural][ls]  snr=+18.0dB [neural][ls]  snr=+20.0dB [neural][ls]Done (11.36s)
Estimator batch 1343/1600 (active points 15/22) [4h 34m 29s elapsed] ...   snr=+6.0dB [neural]  snr=+8.0dB [neural][ls]  snr=+10.0dB [neural][ls]  snr=+12.0dB [neural][ls]  snr=+14.0dB [neural][ls]  snr=+16.0dB [neural][ls]  snr=+18.0dB [neural][ls]  snr=+20.0dB [neural][ls]Done (11.38s)
Estimator batch 1344/1600 (active points 15/22) [4h 34m 40s elapsed] ...   snr=+6.0dB [neural]  snr=+8.0dB [neural][ls]  snr=+10.0dB [neural][ls]  snr=+12.0dB [neural][ls]  snr=+14.0dB [neural][ls]  snr=+16.0dB [neural][ls]  snr=+18.0dB [neural][ls]  snr=+20.0dB [neural][ls]Done (11.39s)
Estimator batch 1345/1600 (active points 15/22) [4h 34m 52s elapsed] ...   snr=+6.0dB [neural]  snr=+8.0dB [neural][ls]  snr=+10.0dB [neural][ls]  snr=+12.0dB [neural][ls]  snr=+14.0dB [neural][ls]  snr=+16.0dB [neural][ls]  snr=+18.0dB [neural][ls]  snr=+20.0dB [neural][ls]Done (11.37s)
Estimator batch 1346/1600 (active points 15/22) [4h 35m 03s elapsed] ...   snr=+6.0dB [neural]  snr=+8.0dB [neural][ls]  snr=+10.0dB [neural][ls]  snr=+12.0dB [neural][ls]  snr=+14.0dB [neural][ls]  snr=+16.0dB [neural][ls]  snr=+18.0dB [neural][ls]  snr=+20.0dB [neural][ls]Done (11.38s)
Estimator batch 1347/1600 (active points 15/22) [4h 35m 14s elapsed] ...   snr=+6.0dB [neural]  snr=+8.0dB [neural][ls]  snr=+10.0dB [neural][ls]  snr=+12.0dB [neural][ls]  snr=+14.0dB [neural][ls]  snr=+16.0dB [neural][ls]  snr=+18.0dB [neural][ls]  snr=+20.0dB [neural][ls]Done (11.41s)
Estimator batch 1348/1600 (active points 15/22) [4h 35m 26s elapsed] ...   snr=+6.0dB [neural]  snr=+8.0dB [neural][ls]  snr=+10.0dB [neural][ls]  snr=+12.0dB [neural][ls]  snr=+14.0dB [neural][ls]  snr=+16.0dB [neural][ls]  snr=+18.0dB [neural][ls]  snr=+20.0dB [neural][ls]Done (11.38s)
Estimator batch 1349/1600 (active points 15/22) [4h 35m 37s elapsed] ...   snr=+6.0dB [neural]  snr=+8.0dB [neural][ls]  snr=+10.0dB [neural][ls]  snr=+12.0dB [neural][ls]  snr=+14.0dB [neural][ls]  snr=+16.0dB [neural][ls]  snr=+18.0dB [neural][ls]  snr=+20.0dB [neural][ls]Done (11.46s)
Estimator batch 1350/1600 (active points 15/22) [4h 35m 49s elapsed] ...   snr=+6.0dB [neural]  snr=+8.0dB [neural][ls]  snr=+10.0dB [neural][ls]  snr=+12.0dB [neural][ls]  snr=+14.0dB [neural][ls]  snr=+16.0dB [neural][ls]  snr=+18.0dB [neural][ls]  snr=+20.0dB [neural][ls]Done (11.40s)
Estimator batch 1351/1600 (active points 15/22) [4h 36m 00s elapsed] ...   snr=+6.0dB [neural]  snr=+8.0dB [neural][ls]  snr=+10.0dB [neural][ls]  snr=+12.0dB [neural][ls]  snr=+14.0dB [neural][ls]  snr=+16.0dB [neural][ls]  snr=+18.0dB [neural][ls]  snr=+20.0dB [neural][ls]Done (11.50s)
Estimator batch 1352/1600 (active points 15/22) [4h 36m 12s elapsed] ...   snr=+6.0dB [neural]  snr=+8.0dB [neural][ls]  snr=+10.0dB [neural][ls]  snr=+12.0dB [neural][ls]  snr=+14.0dB [neural][ls]  snr=+16.0dB [neural][ls]  snr=+18.0dB [neural][ls]  snr=+20.0dB [neural][ls]Done (11.41s)
Estimator batch 1353/1600 (active points 15/22) [4h 36m 23s elapsed] ...   snr=+6.0dB [neural]  snr=+8.0dB [neural][ls]  snr=+10.0dB [neural][ls]  snr=+12.0dB [neural][ls]  snr=+14.0dB [neural][ls]  snr=+16.0dB [neural][ls]  snr=+18.0dB [neural][ls]  snr=+20.0dB [neural][ls]Done (11.39s)
Estimator batch 1354/1600 (active points 15/22) [4h 36m 34s elapsed] ...   snr=+6.0dB [neural]  snr=+8.0dB [neural][ls]  snr=+10.0dB [neural][ls]  snr=+12.0dB [neural][ls]  snr=+14.0dB [neural][ls]  snr=+16.0dB [neural][ls]  snr=+18.0dB [neural][ls]  snr=+20.0dB [neural][ls]Done (11.40s)
Estimator batch 1355/1600 (active points 15/22) [4h 36m 46s elapsed] ...   snr=+6.0dB [neural]  snr=+8.0dB [neural][ls]  snr=+10.0dB [neural][ls]  snr=+12.0dB [neural][ls]  snr=+14.0dB [neural][ls]  snr=+16.0dB [neural][ls]  snr=+18.0dB [neural][ls]  snr=+20.0dB [neural][ls]Done (11.42s)
Estimator batch 1356/1600 (active points 15/22) [4h 36m 57s elapsed] ...   snr=+6.0dB [neural]  snr=+8.0dB [neural][ls]  snr=+10.0dB [neural][ls]  snr=+12.0dB [neural][ls]  snr=+14.0dB [neural][ls]  snr=+16.0dB [neural][ls]  snr=+18.0dB [neural][ls]  snr=+20.0dB [neural][ls]Done (11.40s)
Estimator batch 1357/1600 (active points 15/22) [4h 37m 09s elapsed] ...   snr=+6.0dB [neural]  snr=+8.0dB [neural][ls]  snr=+10.0dB [neural][ls]  snr=+12.0dB [neural][ls]  snr=+14.0dB [neural][ls]  snr=+16.0dB [neural][ls]  snr=+18.0dB [neural][ls]  snr=+20.0dB [neural][ls]Done (11.40s)
Estimator batch 1358/1600 (active points 15/22) [4h 37m 20s elapsed] ...   snr=+6.0dB [neural]  snr=+8.0dB [neural][ls]  snr=+10.0dB [neural][ls]  snr=+12.0dB [neural][ls]  snr=+14.0dB [neural][ls]  snr=+16.0dB [neural][ls]  snr=+18.0dB [neural][ls]  snr=+20.0dB [neural][ls]Done (11.56s)
Estimator batch 1359/1600 (active points 15/22) [4h 37m 32s elapsed] ...   snr=+6.0dB [neural]  snr=+8.0dB [neural][ls]  snr=+10.0dB [neural][ls]  snr=+12.0dB [neural][ls]  snr=+14.0dB [neural][ls]  snr=+16.0dB [neural][ls]  snr=+18.0dB [neural][ls]  snr=+20.0dB [neural][ls]Done (11.39s)
Estimator batch 1360/1600 (active points 15/22) [4h 37m 43s elapsed] ...   snr=+6.0dB [neural]  snr=+8.0dB [neural][ls]  snr=+10.0dB [neural][ls]  snr=+12.0dB [neural][ls]  snr=+14.0dB [neural][ls]  snr=+16.0dB [neural][ls]  snr=+18.0dB [neural][ls]  snr=+20.0dB [neural][ls]Done (11.38s)
Estimator batch 1361/1600 (active points 15/22) [4h 37m 54s elapsed] ...   snr=+6.0dB [neural]  snr=+8.0dB [neural][ls]  snr=+10.0dB [neural][ls]  snr=+12.0dB [neural][ls]  snr=+14.0dB [neural][ls]  snr=+16.0dB [neural][ls]  snr=+18.0dB [neural][ls]  snr=+20.0dB [neural][ls]Done (11.47s)
Estimator batch 1362/1600 (active points 15/22) [4h 38m 06s elapsed] ...   snr=+6.0dB [neural]  snr=+8.0dB [neural][ls]  snr=+10.0dB [neural][ls]  snr=+12.0dB [neural][ls]  snr=+14.0dB [neural][ls]  snr=+16.0dB [neural][ls]  snr=+18.0dB [neural][ls]  snr=+20.0dB [neural][ls]Done (11.38s)
Estimator batch 1363/1600 (active points 15/22) [4h 38m 17s elapsed] ...   snr=+6.0dB [neural]  snr=+8.0dB [neural][ls]  snr=+10.0dB [neural][ls]  snr=+12.0dB [neural][ls]  snr=+14.0dB [neural][ls]  snr=+16.0dB [neural][ls]  snr=+18.0dB [neural][ls]  snr=+20.0dB [neural][ls]Done (11.43s)
Estimator batch 1364/1600 (active points 15/22) [4h 38m 29s elapsed] ...   snr=+6.0dB [neural]  snr=+8.0dB [neural][ls]  snr=+10.0dB [neural][ls]  snr=+12.0dB [neural][ls]  snr=+14.0dB [neural][ls]  snr=+16.0dB [neural][ls]  snr=+18.0dB [neural][ls]  snr=+20.0dB [neural][ls]Done (11.42s)
Estimator batch 1365/1600 (active points 15/22) [4h 38m 40s elapsed] ...   snr=+6.0dB [neural]  snr=+8.0dB [neural][ls]  snr=+10.0dB [neural][ls]  snr=+12.0dB [neural][ls]  snr=+14.0dB [neural][ls]  snr=+16.0dB [neural][ls]  snr=+18.0dB [neural][ls]  snr=+20.0dB [neural][ls]Done (11.36s)
Estimator batch 1366/1600 (active points 15/22) [4h 38m 51s elapsed] ...   snr=+6.0dB [neural]  snr=+8.0dB [neural][ls]  snr=+10.0dB [neural][ls]  snr=+12.0dB [neural][ls]  snr=+14.0dB [neural][ls]  snr=+16.0dB [neural][ls]  snr=+18.0dB [neural][ls]  snr=+20.0dB [neural][ls]Done (11.49s)
Estimator batch 1367/1600 (active points 15/22) [4h 39m 03s elapsed] ...   snr=+6.0dB [neural]  snr=+8.0dB [neural][ls]  snr=+10.0dB [neural][ls]  snr=+12.0dB [neural][ls]  snr=+14.0dB [neural][ls]  snr=+16.0dB [neural][ls]  snr=+18.0dB [neural][ls]  snr=+20.0dB [neural][ls]Done (11.38s)
Estimator batch 1368/1600 (active points 15/22) [4h 39m 14s elapsed] ...   snr=+6.0dB [neural]  snr=+8.0dB [neural][ls]  snr=+10.0dB [neural][ls]  snr=+12.0dB [neural][ls]  snr=+14.0dB [neural][ls]  snr=+16.0dB [neural][ls]  snr=+18.0dB [neural][ls]  snr=+20.0dB [neural][ls]Done (11.37s)
Estimator batch 1369/1600 (active points 15/22) [4h 39m 26s elapsed] ...   snr=+6.0dB [neural]  snr=+8.0dB [neural][ls]  snr=+10.0dB [neural][ls]  snr=+12.0dB [neural][ls]  snr=+14.0dB [neural][ls]  snr=+16.0dB [neural][ls]  snr=+18.0dB [neural][ls]  snr=+20.0dB [neural][ls]Done (11.39s)
Estimator batch 1370/1600 (active points 15/22) [4h 39m 37s elapsed] ...   snr=+6.0dB [neural]  snr=+8.0dB [neural][ls]  snr=+10.0dB [neural][ls]  snr=+12.0dB [neural][ls]  snr=+14.0dB [neural][ls]  snr=+16.0dB [neural][ls]  snr=+18.0dB [neural][ls]  snr=+20.0dB [neural][ls]Done (11.38s)
Estimator batch 1371/1600 (active points 15/22) [4h 39m 48s elapsed] ...   snr=+6.0dB [neural]  snr=+8.0dB [neural][ls]  snr=+10.0dB [neural][ls]  snr=+12.0dB [neural][ls]  snr=+14.0dB [neural][ls]  snr=+16.0dB [neural][ls]  snr=+18.0dB [neural][ls]  snr=+20.0dB [neural][ls]Done (11.38s)
Estimator batch 1372/1600 (active points 15/22) [4h 40m 00s elapsed] ...   snr=+6.0dB [neural]  snr=+8.0dB [neural][ls]  snr=+10.0dB [neural][ls]  snr=+12.0dB [neural][ls]  snr=+14.0dB [neural][ls]  snr=+16.0dB [neural][ls]  snr=+18.0dB [neural][ls]  snr=+20.0dB [neural][ls]Done (11.45s)
Estimator batch 1373/1600 (active points 15/22) [4h 40m 11s elapsed] ...   snr=+6.0dB [neural]  snr=+8.0dB [neural][ls]  snr=+10.0dB [neural][ls]  snr=+12.0dB [neural][ls]  snr=+14.0dB [neural][ls]  snr=+16.0dB [neural][ls]  snr=+18.0dB [neural][ls]  snr=+20.0dB [neural][ls]Done (11.40s)
Estimator batch 1374/1600 (active points 15/22) [4h 40m 23s elapsed] ...   snr=+6.0dB [neural]  snr=+8.0dB [neural][ls]  snr=+10.0dB [neural][ls]  snr=+12.0dB [neural][ls]  snr=+14.0dB [neural][ls]  snr=+16.0dB [neural][ls]  snr=+18.0dB [neural][ls]  snr=+20.0dB [neural][ls]Done (11.38s)
Estimator batch 1375/1600 (active points 15/22) [4h 40m 34s elapsed] ...   snr=+6.0dB [neural]  snr=+8.0dB [neural][ls]  snr=+10.0dB [neural][ls]  snr=+12.0dB [neural][ls]  snr=+14.0dB [neural][ls]  snr=+16.0dB [neural][ls]  snr=+18.0dB [neural][ls]  snr=+20.0dB [neural][ls]Done (11.40s)
Estimator batch 1376/1600 (active points 15/22) [4h 40m 45s elapsed] ...   snr=+6.0dB [neural]  snr=+8.0dB [neural][ls]  snr=+10.0dB [neural][ls]  snr=+12.0dB [neural][ls]  snr=+14.0dB [neural][ls]  snr=+16.0dB [neural][ls]  snr=+18.0dB [neural][ls]  snr=+20.0dB [neural][ls]Done (11.39s)
Estimator batch 1377/1600 (active points 15/22) [4h 40m 57s elapsed] ...   snr=+6.0dB [neural]  snr=+8.0dB [neural][ls]  snr=+10.0dB [neural][ls]  snr=+12.0dB [neural][ls]  snr=+14.0dB [neural][ls]  snr=+16.0dB [neural][ls]  snr=+18.0dB [neural][ls]  snr=+20.0dB [neural][ls]Done (11.53s)
Estimator batch 1378/1600 (active points 15/22) [4h 41m 08s elapsed] ...   snr=+6.0dB [neural]  snr=+8.0dB [neural][ls]  snr=+10.0dB [neural][ls]  snr=+12.0dB [neural][ls]  snr=+14.0dB [neural][ls]  snr=+16.0dB [neural][ls]  snr=+18.0dB [neural][ls]  snr=+20.0dB [neural][ls]Done (11.39s)
Estimator batch 1379/1600 (active points 15/22) [4h 41m 20s elapsed] ...   snr=+6.0dB [neural]  snr=+8.0dB [neural][ls]  snr=+10.0dB [neural][ls]  snr=+12.0dB [neural][ls]  snr=+14.0dB [neural][ls]  snr=+16.0dB [neural][ls]  snr=+18.0dB [neural][ls]  snr=+20.0dB [neural][ls]Done (11.40s)
Estimator batch 1380/1600 (active points 15/22) [4h 41m 31s elapsed] ...   snr=+6.0dB [neural]  snr=+8.0dB [neural][ls]  snr=+10.0dB [neural][ls]  snr=+12.0dB [neural][ls]  snr=+14.0dB [neural][ls]  snr=+16.0dB [neural][ls]  snr=+18.0dB [neural][ls]  snr=+20.0dB [neural][ls]Done (11.39s)
Estimator batch 1381/1600 (active points 15/22) [4h 41m 43s elapsed] ...   snr=+6.0dB [neural]  snr=+8.0dB [neural][ls]  snr=+10.0dB [neural][ls]  snr=+12.0dB [neural][ls]  snr=+14.0dB [neural][ls]  snr=+16.0dB [neural][ls]  snr=+18.0dB [neural][ls]  snr=+20.0dB [neural][ls]Done (11.36s)
Estimator batch 1382/1600 (active points 15/22) [4h 41m 54s elapsed] ...   snr=+6.0dB [neural]  snr=+8.0dB [neural][ls]  snr=+10.0dB [neural][ls]  snr=+12.0dB [neural][ls]  snr=+14.0dB [neural][ls]  snr=+16.0dB [neural][ls]  snr=+18.0dB [neural][ls]  snr=+20.0dB [neural][ls]Done (11.37s)
Estimator batch 1383/1600 (active points 15/22) [4h 42m 05s elapsed] ...   snr=+6.0dB [neural]  snr=+8.0dB [neural][ls]  snr=+10.0dB [neural][ls]  snr=+12.0dB [neural][ls]  snr=+14.0dB [neural][ls]  snr=+16.0dB [neural][ls]  snr=+18.0dB [neural][ls]  snr=+20.0dB [neural][ls]Done (11.41s)
Estimator batch 1384/1600 (active points 15/22) [4h 42m 17s elapsed] ...   snr=+6.0dB [neural]  snr=+8.0dB [neural][ls]  snr=+10.0dB [neural][ls]  snr=+12.0dB [neural][ls]  snr=+14.0dB [neural][ls]  snr=+16.0dB [neural][ls]  snr=+18.0dB [neural][ls]  snr=+20.0dB [neural][ls]Done (11.39s)
Estimator batch 1385/1600 (active points 15/22) [4h 42m 28s elapsed] ...   snr=+6.0dB [neural]  snr=+8.0dB [neural][ls]  snr=+10.0dB [neural][ls]  snr=+12.0dB [neural][ls]  snr=+14.0dB [neural][ls]  snr=+16.0dB [neural][ls]  snr=+18.0dB [neural][ls]  snr=+20.0dB [neural][ls]Done (11.91s)
Estimator batch 1386/1600 (active points 15/22) [4h 42m 40s elapsed] ...   snr=+6.0dB [neural]  snr=+8.0dB [neural][ls]  snr=+10.0dB [neural][ls]  snr=+12.0dB [neural][ls]  snr=+14.0dB [neural][ls]  snr=+16.0dB [neural][ls]  snr=+18.0dB [neural][ls]  snr=+20.0dB [neural][ls]Done (11.38s)
Estimator batch 1387/1600 (active points 15/22) [4h 42m 51s elapsed] ...   snr=+6.0dB [neural]  snr=+8.0dB [neural][ls]  snr=+10.0dB [neural][ls]  snr=+12.0dB [neural][ls]  snr=+14.0dB [neural][ls]  snr=+16.0dB [neural][ls]  snr=+18.0dB [neural][ls]  snr=+20.0dB [neural][ls]Done (11.37s)
Estimator batch 1388/1600 (active points 15/22) [4h 43m 03s elapsed] ...   snr=+6.0dB [neural]  snr=+8.0dB [neural][ls]  snr=+10.0dB [neural][ls]  snr=+12.0dB [neural][ls]  snr=+14.0dB [neural][ls]  snr=+16.0dB [neural][ls]  snr=+18.0dB [neural][ls]  snr=+20.0dB [neural][ls]Done (11.39s)
Estimator batch 1389/1600 (active points 15/22) [4h 43m 14s elapsed] ...   snr=+6.0dB [neural]  snr=+8.0dB [neural][ls]  snr=+10.0dB [neural][ls]  snr=+12.0dB [neural][ls]  snr=+14.0dB [neural][ls]  snr=+16.0dB [neural][ls]  snr=+18.0dB [neural][ls]  snr=+20.0dB [neural][ls]Done (11.46s)
Estimator batch 1390/1600 (active points 15/22) [4h 43m 26s elapsed] ...   snr=+6.0dB [neural]  snr=+8.0dB [neural][ls]  snr=+10.0dB [neural][ls]  snr=+12.0dB [neural][ls]  snr=+14.0dB [neural][ls]  snr=+16.0dB [neural][ls]  snr=+18.0dB [neural][ls]  snr=+20.0dB [neural][ls]Done (11.39s)
Estimator batch 1391/1600 (active points 15/22) [4h 43m 37s elapsed] ...   snr=+6.0dB [neural]  snr=+8.0dB [neural][ls]  snr=+10.0dB [neural][ls]  snr=+12.0dB [neural][ls]  snr=+14.0dB [neural][ls]  snr=+16.0dB [neural][ls]  snr=+18.0dB [neural][ls]  snr=+20.0dB [neural][ls]Done (11.39s)
Estimator batch 1392/1600 (active points 15/22) [4h 43m 48s elapsed] ...   snr=+6.0dB [neural]  snr=+8.0dB [neural][ls]  snr=+10.0dB [neural][ls]  snr=+12.0dB [neural][ls]  snr=+14.0dB [neural][ls]  snr=+16.0dB [neural][ls]  snr=+18.0dB [neural][ls]  snr=+20.0dB [neural][ls]Done (11.37s)
Estimator batch 1393/1600 (active points 15/22) [4h 44m 00s elapsed] ...   snr=+6.0dB [neural]  snr=+8.0dB [neural][ls]  snr=+10.0dB [neural][ls]  snr=+12.0dB [neural][ls]  snr=+14.0dB [neural][ls]  snr=+16.0dB [neural][ls]  snr=+18.0dB [neural][ls]  snr=+20.0dB [neural][ls]Done (11.38s)
Estimator batch 1394/1600 (active points 15/22) [4h 44m 11s elapsed] ...   snr=+6.0dB [neural]  snr=+8.0dB [neural][ls]  snr=+10.0dB [neural][ls]  snr=+12.0dB [neural][ls]  snr=+14.0dB [neural][ls]  snr=+16.0dB [neural][ls]  snr=+18.0dB [neural][ls]  snr=+20.0dB [neural][ls]Done (11.40s)
Estimator batch 1395/1600 (active points 15/22) [4h 44m 23s elapsed] ...   snr=+6.0dB [neural]  snr=+8.0dB [neural][ls]  snr=+10.0dB [neural][ls]  snr=+12.0dB [neural][ls]  snr=+14.0dB [neural][ls]  snr=+16.0dB [neural][ls]  snr=+18.0dB [neural][ls]  snr=+20.0dB [neural][ls]Done (11.37s)
Estimator batch 1396/1600 (active points 15/22) [4h 44m 34s elapsed] ...   snr=+6.0dB [neural]  snr=+8.0dB [neural][ls]  snr=+10.0dB [neural][ls]  snr=+12.0dB [neural][ls]  snr=+14.0dB [neural][ls]  snr=+16.0dB [neural][ls]  snr=+18.0dB [neural][ls]  snr=+20.0dB [neural][ls]Done (11.36s)
Estimator batch 1397/1600 (active points 15/22) [4h 44m 45s elapsed] ...   snr=+6.0dB [neural]  snr=+8.0dB [neural][ls]  snr=+10.0dB [neural][ls]  snr=+12.0dB [neural][ls]  snr=+14.0dB [neural][ls]  snr=+16.0dB [neural][ls]  snr=+18.0dB [neural][ls]  snr=+20.0dB [neural][ls]Done (11.39s)
Estimator batch 1398/1600 (active points 15/22) [4h 44m 57s elapsed] ...   snr=+6.0dB [neural]  snr=+8.0dB [neural][ls]  snr=+10.0dB [neural][ls]  snr=+12.0dB [neural][ls]  snr=+14.0dB [neural][ls]  snr=+16.0dB [neural][ls]  snr=+18.0dB [neural][ls]  snr=+20.0dB [neural][ls]Done (11.39s)
Estimator batch 1399/1600 (active points 15/22) [4h 45m 08s elapsed] ...   snr=+6.0dB [neural]  snr=+8.0dB [neural][ls]  snr=+10.0dB [neural][ls]  snr=+12.0dB [neural][ls]  snr=+14.0dB [neural][ls]  snr=+16.0dB [neural][ls]  snr=+18.0dB [neural][ls]  snr=+20.0dB [neural][ls]Done (11.38s)
Estimator batch 1400/1600 (active points 15/22) [4h 45m 19s elapsed] ...   snr=+6.0dB [neural]  snr=+8.0dB [neural][ls]  snr=+10.0dB [neural][ls]  snr=+12.0dB [neural][ls]  snr=+14.0dB [neural][ls]  snr=+16.0dB [neural][ls]  snr=+18.0dB [neural][ls]  snr=+20.0dB [neural][ls]Done (11.41s)
Estimator batch 1401/1600 (active points 15/22) [4h 45m 31s elapsed] ...   snr=+6.0dB [neural]  snr=+8.0dB [neural][ls]  snr=+10.0dB [neural][ls]  snr=+12.0dB [neural][ls]  snr=+14.0dB [neural][ls]  snr=+16.0dB [neural][ls]  snr=+18.0dB [neural][ls]  snr=+20.0dB [neural][ls]Done (11.37s)
Estimator batch 1402/1600 (active points 15/22) [4h 45m 42s elapsed] ...   snr=+6.0dB [neural]  snr=+8.0dB [neural][ls]  snr=+10.0dB [neural][ls]  snr=+12.0dB [neural][ls]  snr=+14.0dB [neural][ls]  snr=+16.0dB [neural][ls]  snr=+18.0dB [neural][ls]  snr=+20.0dB [neural][ls]Done (11.37s)
Estimator batch 1403/1600 (active points 15/22) [4h 45m 54s elapsed] ...   snr=+6.0dB [neural]  snr=+8.0dB [neural][ls]  snr=+10.0dB [neural][ls]  snr=+12.0dB [neural][ls]  snr=+14.0dB [neural][ls]  snr=+16.0dB [neural][ls]  snr=+18.0dB [neural][ls]  snr=+20.0dB [neural][ls]Done (11.39s)
Estimator batch 1404/1600 (active points 15/22) [4h 46m 05s elapsed] ...   snr=+6.0dB [neural]  snr=+8.0dB [neural][ls]  snr=+10.0dB [neural][ls]  snr=+12.0dB [neural][ls]  snr=+14.0dB [neural][ls]  snr=+16.0dB [neural][ls]  snr=+18.0dB [neural][ls]  snr=+20.0dB [neural][ls]Done (11.36s)
Estimator batch 1405/1600 (active points 15/22) [4h 46m 16s elapsed] ...   snr=+6.0dB [neural]  snr=+8.0dB [neural][ls]  snr=+10.0dB [neural][ls]  snr=+12.0dB [neural][ls]  snr=+14.0dB [neural][ls]  snr=+16.0dB [neural][ls]  snr=+18.0dB [neural][ls]  snr=+20.0dB [neural][ls]Done (11.45s)
Estimator batch 1406/1600 (active points 15/22) [4h 46m 28s elapsed] ...   snr=+6.0dB [neural]  snr=+8.0dB [neural][ls]  snr=+10.0dB [neural][ls]  snr=+12.0dB [neural][ls]  snr=+14.0dB [neural][ls]  snr=+16.0dB [neural][ls]  snr=+18.0dB [neural][ls]  snr=+20.0dB [neural][ls]Done (11.37s)
Estimator batch 1407/1600 (active points 15/22) [4h 46m 39s elapsed] ...   snr=+6.0dB [neural]  snr=+8.0dB [neural][ls]  snr=+10.0dB [neural][ls]  snr=+12.0dB [neural][ls]  snr=+14.0dB [neural][ls]  snr=+16.0dB [neural][ls]  snr=+18.0dB [neural][ls]  snr=+20.0dB [neural][ls]Done (11.36s)
Estimator batch 1408/1600 (active points 15/22) [4h 46m 51s elapsed] ...   snr=+6.0dB [neural]  snr=+8.0dB [neural][ls]  snr=+10.0dB [neural][ls]  snr=+12.0dB [neural][ls]  snr=+14.0dB [neural][ls]  snr=+16.0dB [neural][ls]  snr=+18.0dB [neural][ls]  snr=+20.0dB [neural][ls]Done (11.40s)
Estimator batch 1409/1600 (active points 15/22) [4h 47m 02s elapsed] ...   snr=+6.0dB [neural]  snr=+8.0dB [neural][ls]  snr=+10.0dB [neural][ls]  snr=+12.0dB [neural][ls]  snr=+14.0dB [neural][ls]  snr=+16.0dB [neural][ls]  snr=+18.0dB [neural][ls]  snr=+20.0dB [neural][ls]Done (11.38s)
Estimator batch 1410/1600 (active points 15/22) [4h 47m 13s elapsed] ...   snr=+6.0dB [neural]  snr=+8.0dB [neural][ls]  snr=+10.0dB [neural][ls]  snr=+12.0dB [neural][ls]  snr=+14.0dB [neural][ls]  snr=+16.0dB [neural][ls]  snr=+18.0dB [neural][ls]  snr=+20.0dB [neural][ls]Done (11.39s)
Estimator batch 1411/1600 (active points 15/22) [4h 47m 25s elapsed] ...   snr=+6.0dB [neural]  snr=+8.0dB [neural][ls]  snr=+10.0dB [neural][ls]  snr=+12.0dB [neural][ls]  snr=+14.0dB [neural][ls]  snr=+16.0dB [neural][ls]  snr=+18.0dB [neural][ls]  snr=+20.0dB [neural][ls]Done (11.51s)
Estimator batch 1412/1600 (active points 15/22) [4h 47m 36s elapsed] ...   snr=+6.0dB [neural]  snr=+8.0dB [neural][ls]  snr=+10.0dB [neural][ls]  snr=+12.0dB [neural][ls]  snr=+14.0dB [neural][ls]  snr=+16.0dB [neural][ls]  snr=+18.0dB [neural][ls]  snr=+20.0dB [neural][ls]Done (11.38s)
Estimator batch 1413/1600 (active points 15/22) [4h 47m 48s elapsed] ...   snr=+6.0dB [neural]  snr=+8.0dB [neural][ls]  snr=+10.0dB [neural][ls]  snr=+12.0dB [neural][ls]  snr=+14.0dB [neural][ls]  snr=+16.0dB [neural][ls]  snr=+18.0dB [neural][ls]  snr=+20.0dB [neural][ls]Done (11.39s)
Estimator batch 1414/1600 (active points 15/22) [4h 47m 59s elapsed] ...   snr=+6.0dB [neural]  snr=+8.0dB [neural][ls]  snr=+10.0dB [neural][ls]  snr=+12.0dB [neural][ls]  snr=+14.0dB [neural][ls]  snr=+16.0dB [neural][ls]  snr=+18.0dB [neural][ls]  snr=+20.0dB [neural][ls]Done (11.39s)
Estimator batch 1415/1600 (active points 15/22) [4h 48m 10s elapsed] ...   snr=+6.0dB [neural]  snr=+8.0dB [neural][ls]  snr=+10.0dB [neural][ls]  snr=+12.0dB [neural][ls]  snr=+14.0dB [neural][ls]  snr=+16.0dB [neural][ls]  snr=+18.0dB [neural][ls]  snr=+20.0dB [neural][ls]Done (11.40s)
Estimator batch 1416/1600 (active points 15/22) [4h 48m 22s elapsed] ...   snr=+6.0dB [neural]  snr=+8.0dB [neural][ls]  snr=+10.0dB [neural][ls]  snr=+12.0dB [neural][ls]  snr=+14.0dB [neural][ls]  snr=+16.0dB [neural][ls]  snr=+18.0dB [neural][ls]  snr=+20.0dB [neural][ls]Done (11.38s)
Estimator batch 1417/1600 (active points 15/22) [4h 48m 33s elapsed] ...   snr=+6.0dB [neural]  snr=+8.0dB [neural][ls]  snr=+10.0dB [neural][ls]  snr=+12.0dB [neural][ls]  snr=+14.0dB [neural][ls]  snr=+16.0dB [neural][ls]  snr=+18.0dB [neural][ls]  snr=+20.0dB [neural][ls]Done (11.43s)
Estimator batch 1418/1600 (active points 15/22) [4h 48m 45s elapsed] ...   snr=+6.0dB [neural]  snr=+8.0dB [neural][ls]  snr=+10.0dB [neural][ls]  snr=+12.0dB [neural][ls]  snr=+14.0dB [neural][ls]  snr=+16.0dB [neural][ls]  snr=+18.0dB [neural][ls]  snr=+20.0dB [neural][ls]Done (11.38s)
Estimator batch 1419/1600 (active points 15/22) [4h 48m 56s elapsed] ...   snr=+6.0dB [neural]  snr=+8.0dB [neural][ls]  snr=+10.0dB [neural][ls]  snr=+12.0dB [neural][ls]  snr=+14.0dB [neural][ls]  snr=+16.0dB [neural][ls]  snr=+18.0dB [neural][ls]  snr=+20.0dB [neural][ls]Done (11.38s)
Estimator batch 1420/1600 (active points 15/22) [4h 49m 07s elapsed] ...   snr=+6.0dB [neural]  snr=+8.0dB [neural][ls]  snr=+10.0dB [neural][ls]  snr=+12.0dB [neural][ls]  snr=+14.0dB [neural][ls]  snr=+16.0dB [neural][ls]  snr=+18.0dB [neural][ls]  snr=+20.0dB [neural][ls]Done (11.39s)
Estimator batch 1421/1600 (active points 15/22) [4h 49m 19s elapsed] ...   snr=+6.0dB [neural]  snr=+8.0dB [neural][ls]  snr=+10.0dB [neural][ls]  snr=+12.0dB [neural][ls]  snr=+14.0dB [neural][ls]  snr=+16.0dB [neural][ls]  snr=+18.0dB [neural][ls]  snr=+20.0dB [neural][ls]Done (11.38s)
Estimator batch 1422/1600 (active points 15/22) [4h 49m 30s elapsed] ...   snr=+6.0dB [neural]  snr=+8.0dB [neural][ls]  snr=+10.0dB [neural][ls]  snr=+12.0dB [neural][ls]  snr=+14.0dB [neural][ls]  snr=+16.0dB [neural][ls]  snr=+18.0dB [neural][ls]  snr=+20.0dB [neural][ls]Done (11.41s)
Estimator batch 1423/1600 (active points 15/22) [4h 49m 42s elapsed] ...   snr=+6.0dB [neural]  snr=+8.0dB [neural][ls]  snr=+10.0dB [neural][ls]  snr=+12.0dB [neural][ls]  snr=+14.0dB [neural][ls]  snr=+16.0dB [neural][ls]  snr=+18.0dB [neural][ls]  snr=+20.0dB [neural][ls]Done (11.38s)
Estimator batch 1424/1600 (active points 15/22) [4h 49m 53s elapsed] ...   snr=+6.0dB [neural]  snr=+8.0dB [neural][ls]  snr=+10.0dB [neural][ls]  snr=+12.0dB [neural][ls]  snr=+14.0dB [neural][ls]  snr=+16.0dB [neural][ls]  snr=+18.0dB [neural][ls]  snr=+20.0dB [neural][ls]Done (11.38s)
Estimator batch 1425/1600 (active points 15/22) [4h 50m 04s elapsed] ...   snr=+6.0dB [neural]  snr=+8.0dB [neural][ls]  snr=+10.0dB [neural][ls]  snr=+12.0dB [neural][ls]  snr=+14.0dB [neural][ls]  snr=+16.0dB [neural][ls]  snr=+18.0dB [neural][ls]  snr=+20.0dB [neural][ls]Done (11.39s)
Estimator batch 1426/1600 (active points 15/22) [4h 50m 16s elapsed] ...   snr=+6.0dB [neural]  snr=+8.0dB [neural][ls]  snr=+10.0dB [neural][ls]  snr=+12.0dB [neural][ls]  snr=+14.0dB [neural][ls]  snr=+16.0dB [neural][ls]  snr=+18.0dB [neural][ls]  snr=+20.0dB [neural][ls]Done (11.38s)
Estimator batch 1427/1600 (active points 15/22) [4h 50m 27s elapsed] ...   snr=+6.0dB [neural]  snr=+8.0dB [neural][ls]  snr=+10.0dB [neural][ls]  snr=+12.0dB [neural][ls]  snr=+14.0dB [neural][ls]  snr=+16.0dB [neural][ls]  snr=+18.0dB [neural][ls]  snr=+20.0dB [neural][ls]Done (11.39s)
Estimator batch 1428/1600 (active points 15/22) [4h 50m 38s elapsed] ...   snr=+6.0dB [neural]  snr=+8.0dB [neural][ls]  snr=+10.0dB [neural][ls]  snr=+12.0dB [neural][ls]  snr=+14.0dB [neural][ls]  snr=+16.0dB [neural][ls]  snr=+18.0dB [neural][ls]  snr=+20.0dB [neural][ls]Done (11.41s)
Estimator batch 1429/1600 (active points 15/22) [4h 50m 50s elapsed] ...   snr=+6.0dB [neural]  snr=+8.0dB [neural][ls]  snr=+10.0dB [neural][ls]  snr=+12.0dB [neural][ls]  snr=+14.0dB [neural][ls]  snr=+16.0dB [neural][ls]  snr=+18.0dB [neural][ls]  snr=+20.0dB [neural][ls]Done (11.37s)
Estimator batch 1430/1600 (active points 15/22) [4h 51m 01s elapsed] ...   snr=+6.0dB [neural]  snr=+8.0dB [neural][ls]  snr=+10.0dB [neural][ls]  snr=+12.0dB [neural][ls]  snr=+14.0dB [neural][ls]  snr=+16.0dB [neural][ls]  snr=+18.0dB [neural][ls]  snr=+20.0dB [neural][ls]Done (11.40s)
Estimator batch 1431/1600 (active points 15/22) [4h 51m 13s elapsed] ...   snr=+6.0dB [neural]  snr=+8.0dB [neural][ls]  snr=+10.0dB [neural][ls]  snr=+12.0dB [neural][ls]  snr=+14.0dB [neural][ls]  snr=+16.0dB [neural][ls]  snr=+18.0dB [neural][ls]  snr=+20.0dB [neural][ls]Done (11.42s)
Estimator batch 1432/1600 (active points 15/22) [4h 51m 24s elapsed] ...   snr=+6.0dB [neural]  snr=+8.0dB [neural][ls]  snr=+10.0dB [neural][ls]  snr=+12.0dB [neural][ls]  snr=+14.0dB [neural][ls]  snr=+16.0dB [neural][ls]  snr=+18.0dB [neural][ls]  snr=+20.0dB [neural][ls]Done (11.39s)
Estimator batch 1433/1600 (active points 15/22) [4h 51m 35s elapsed] ...   snr=+6.0dB [neural]  snr=+8.0dB [neural][ls]  snr=+10.0dB [neural][ls]  snr=+12.0dB [neural][ls]  snr=+14.0dB [neural][ls]  snr=+16.0dB [neural][ls]  snr=+18.0dB [neural][ls]  snr=+20.0dB [neural][ls]Done (11.37s)
Estimator batch 1434/1600 (active points 15/22) [4h 51m 47s elapsed] ...   snr=+6.0dB [neural]  snr=+8.0dB [neural][ls]  snr=+10.0dB [neural][ls]  snr=+12.0dB [neural][ls]  snr=+14.0dB [neural][ls]  snr=+16.0dB [neural][ls]  snr=+18.0dB [neural][ls]  snr=+20.0dB [neural][ls]Done (11.42s)
Estimator batch 1435/1600 (active points 15/22) [4h 51m 58s elapsed] ...   snr=+6.0dB [neural]  snr=+8.0dB [neural][ls]  snr=+10.0dB [neural][ls]  snr=+12.0dB [neural][ls]  snr=+14.0dB [neural][ls]  snr=+16.0dB [neural][ls]  snr=+18.0dB [neural][ls]  snr=+20.0dB [neural][ls]Done (11.37s)
Estimator batch 1436/1600 (active points 15/22) [4h 52m 10s elapsed] ...   snr=+6.0dB [neural]  snr=+8.0dB [neural][ls]  snr=+10.0dB [neural][ls]  snr=+12.0dB [neural][ls]  snr=+14.0dB [neural][ls]  snr=+16.0dB [neural][ls]  snr=+18.0dB [neural][ls]  snr=+20.0dB [neural][ls]Done (11.38s)
Estimator batch 1437/1600 (active points 15/22) [4h 52m 21s elapsed] ...   snr=+6.0dB [neural]  snr=+8.0dB [neural][ls]  snr=+10.0dB [neural][ls]  snr=+12.0dB [neural][ls]  snr=+14.0dB [neural][ls]  snr=+16.0dB [neural][ls]  snr=+18.0dB [neural][ls]  snr=+20.0dB [neural][ls]Done (11.87s)
Estimator batch 1438/1600 (active points 15/22) [4h 52m 33s elapsed] ...   snr=+6.0dB [neural]  snr=+8.0dB [neural][ls]  snr=+10.0dB [neural][ls]  snr=+12.0dB [neural][ls]  snr=+14.0dB [neural][ls]  snr=+16.0dB [neural][ls]  snr=+18.0dB [neural][ls]  snr=+20.0dB [neural][ls]Done (11.39s)
Estimator batch 1439/1600 (active points 15/22) [4h 52m 44s elapsed] ...   snr=+6.0dB [neural]  snr=+8.0dB [neural][ls]  snr=+10.0dB [neural][ls]  snr=+12.0dB [neural][ls]  snr=+14.0dB [neural][ls]  snr=+16.0dB [neural][ls]  snr=+18.0dB [neural][ls]  snr=+20.0dB [neural][ls]Done (11.41s)
Estimator batch 1440/1600 (active points 15/22) [4h 52m 56s elapsed] ...   snr=+6.0dB [neural]  snr=+8.0dB [neural][ls]  snr=+10.0dB [neural][ls]  snr=+12.0dB [neural][ls]  snr=+14.0dB [neural][ls]  snr=+16.0dB [neural][ls]  snr=+18.0dB [neural][ls]  snr=+20.0dB [neural][ls]Done (11.38s)
Estimator batch 1441/1600 (active points 15/22) [4h 53m 07s elapsed] ...   snr=+6.0dB [neural]  snr=+8.0dB [neural][ls]  snr=+10.0dB [neural][ls]  snr=+12.0dB [neural][ls]  snr=+14.0dB [neural][ls]  snr=+16.0dB [neural][ls]  snr=+18.0dB [neural][ls]  snr=+20.0dB [neural][ls]Done (11.42s)
Estimator batch 1442/1600 (active points 15/22) [4h 53m 18s elapsed] ...   snr=+6.0dB [neural]  snr=+8.0dB [neural][ls]  snr=+10.0dB [neural][ls]  snr=+12.0dB [neural][ls]  snr=+14.0dB [neural][ls]  snr=+16.0dB [neural][ls]  snr=+18.0dB [neural][ls]  snr=+20.0dB [neural][ls]Done (11.44s)
Estimator batch 1443/1600 (active points 15/22) [4h 53m 30s elapsed] ...   snr=+6.0dB [neural]  snr=+8.0dB [neural][ls]  snr=+10.0dB [neural][ls]  snr=+12.0dB [neural][ls]  snr=+14.0dB [neural][ls]  snr=+16.0dB [neural][ls]  snr=+18.0dB [neural][ls]  snr=+20.0dB [neural][ls]Done (11.38s)
Estimator batch 1444/1600 (active points 15/22) [4h 53m 41s elapsed] ...   snr=+6.0dB [neural]  snr=+8.0dB [neural][ls]  snr=+10.0dB [neural][ls]  snr=+12.0dB [neural][ls]  snr=+14.0dB [neural][ls]  snr=+16.0dB [neural][ls]  snr=+18.0dB [neural][ls]  snr=+20.0dB [neural][ls]Done (11.37s)
Estimator batch 1445/1600 (active points 15/22) [4h 53m 53s elapsed] ...   snr=+6.0dB [neural]  snr=+8.0dB [neural][ls]  snr=+10.0dB [neural][ls]  snr=+12.0dB [neural][ls]  snr=+14.0dB [neural][ls]  snr=+16.0dB [neural][ls]  snr=+18.0dB [neural][ls]  snr=+20.0dB [neural][ls]Done (11.40s)
Estimator batch 1446/1600 (active points 15/22) [4h 54m 04s elapsed] ...   snr=+6.0dB [neural]  snr=+8.0dB [neural][ls]  snr=+10.0dB [neural][ls]  snr=+12.0dB [neural][ls]  snr=+14.0dB [neural][ls]  snr=+16.0dB [neural][ls]  snr=+18.0dB [neural][ls]  snr=+20.0dB [neural][ls]Done (11.38s)
Estimator batch 1447/1600 (active points 15/22) [4h 54m 15s elapsed] ...   snr=+6.0dB [neural]  snr=+8.0dB [neural][ls]  snr=+10.0dB [neural][ls]  snr=+12.0dB [neural][ls]  snr=+14.0dB [neural][ls]  snr=+16.0dB [neural][ls]  snr=+18.0dB [neural][ls]  snr=+20.0dB [neural][ls]Done (11.39s)
Estimator batch 1448/1600 (active points 15/22) [4h 54m 27s elapsed] ...   snr=+6.0dB [neural]  snr=+8.0dB [neural][ls]  snr=+10.0dB [neural][ls]  snr=+12.0dB [neural][ls]  snr=+14.0dB [neural][ls]  snr=+16.0dB [neural][ls]  snr=+18.0dB [neural][ls]  snr=+20.0dB [neural][ls]Done (11.38s)
Estimator batch 1449/1600 (active points 15/22) [4h 54m 38s elapsed] ...   snr=+6.0dB [neural]  snr=+8.0dB [neural][ls]  snr=+10.0dB [neural][ls]  snr=+12.0dB [neural][ls]  snr=+14.0dB [neural][ls]  snr=+16.0dB [neural][ls]  snr=+18.0dB [neural][ls]  snr=+20.0dB [neural][ls]Done (11.36s)
Estimator batch 1450/1600 (active points 15/22) [4h 54m 50s elapsed] ...   snr=+6.0dB [neural]  snr=+8.0dB [neural][ls]  snr=+10.0dB [neural][ls]  snr=+12.0dB [neural][ls]  snr=+14.0dB [neural][ls]  snr=+16.0dB [neural][ls]  snr=+18.0dB [neural][ls]  snr=+20.0dB [neural][ls]Done (11.42s)
Estimator batch 1451/1600 (active points 15/22) [4h 55m 01s elapsed] ...   snr=+6.0dB [neural]  snr=+8.0dB [neural][ls]  snr=+10.0dB [neural][ls]  snr=+12.0dB [neural][ls]  snr=+14.0dB [neural][ls]  snr=+16.0dB [neural][ls]  snr=+18.0dB [neural][ls]  snr=+20.0dB [neural][ls]Done (11.39s)
Estimator batch 1452/1600 (active points 15/22) [4h 55m 12s elapsed] ...   snr=+6.0dB [neural]  snr=+8.0dB [neural][ls]  snr=+10.0dB [neural][ls]  snr=+12.0dB [neural][ls]  snr=+14.0dB [neural][ls]  snr=+16.0dB [neural][ls]  snr=+18.0dB [neural][ls]  snr=+20.0dB [neural][ls]Done (11.38s)
Estimator batch 1453/1600 (active points 15/22) [4h 55m 24s elapsed] ...   snr=+6.0dB [neural]  snr=+8.0dB [neural][ls]  snr=+10.0dB [neural][ls]  snr=+12.0dB [neural][ls]  snr=+14.0dB [neural][ls]  snr=+16.0dB [neural][ls]  snr=+18.0dB [neural][ls]  snr=+20.0dB [neural][ls]Done (11.37s)
Estimator batch 1454/1600 (active points 15/22) [4h 55m 35s elapsed] ...   snr=+6.0dB [neural]  snr=+8.0dB [neural][ls]  snr=+10.0dB [neural][ls]  snr=+12.0dB [neural][ls]  snr=+14.0dB [neural][ls]  snr=+16.0dB [neural][ls]  snr=+18.0dB [neural][ls]  snr=+20.0dB [neural][ls]Done (11.39s)
Estimator batch 1455/1600 (active points 15/22) [4h 55m 47s elapsed] ...   snr=+6.0dB [neural]  snr=+8.0dB [neural][ls]  snr=+10.0dB [neural][ls]  snr=+12.0dB [neural][ls]  snr=+14.0dB [neural][ls]  snr=+16.0dB [neural][ls]  snr=+18.0dB [neural][ls]  snr=+20.0dB [neural][ls]Done (11.37s)
Estimator batch 1456/1600 (active points 15/22) [4h 55m 58s elapsed] ...   snr=+6.0dB [neural]  snr=+8.0dB [neural][ls]  snr=+10.0dB [neural][ls]  snr=+12.0dB [neural][ls]  snr=+14.0dB [neural][ls]  snr=+16.0dB [neural][ls]  snr=+18.0dB [neural][ls]  snr=+20.0dB [neural][ls]Done (11.41s)
Estimator batch 1457/1600 (active points 15/22) [4h 56m 09s elapsed] ...   snr=+6.0dB [neural]  snr=+8.0dB [neural][ls]  snr=+10.0dB [neural][ls]  snr=+12.0dB [neural][ls]  snr=+14.0dB [neural][ls]  snr=+16.0dB [neural][ls]  snr=+18.0dB [neural][ls]  snr=+20.0dB [neural][ls]Done (11.39s)
Estimator batch 1458/1600 (active points 15/22) [4h 56m 21s elapsed] ...   snr=+6.0dB [neural]  snr=+8.0dB [neural][ls]  snr=+10.0dB [neural][ls]  snr=+12.0dB [neural][ls]  snr=+14.0dB [neural][ls]  snr=+16.0dB [neural][ls]  snr=+18.0dB [neural][ls]  snr=+20.0dB [neural][ls]Done (11.38s)
Estimator batch 1459/1600 (active points 15/22) [4h 56m 32s elapsed] ...   snr=+6.0dB [neural]  snr=+8.0dB [neural][ls]  snr=+10.0dB [neural][ls]  snr=+12.0dB [neural][ls]  snr=+14.0dB [neural][ls]  snr=+16.0dB [neural][ls]  snr=+18.0dB [neural][ls]  snr=+20.0dB [neural][ls]Done (11.37s)
Estimator batch 1460/1600 (active points 15/22) [4h 56m 43s elapsed] ...   snr=+6.0dB [neural]  snr=+8.0dB [neural][ls]  snr=+10.0dB [neural][ls]  snr=+12.0dB [neural][ls]  snr=+14.0dB [neural][ls]  snr=+16.0dB [neural][ls]  snr=+18.0dB [neural][ls]  snr=+20.0dB [neural][ls]Done (11.39s)
Estimator batch 1461/1600 (active points 15/22) [4h 56m 55s elapsed] ...   snr=+6.0dB [neural]  snr=+8.0dB [neural][ls]  snr=+10.0dB [neural][ls]  snr=+12.0dB [neural][ls]  snr=+14.0dB [neural][ls]  snr=+16.0dB [neural][ls]  snr=+18.0dB [neural][ls]  snr=+20.0dB [neural][ls]Done (11.49s)
Estimator batch 1462/1600 (active points 15/22) [4h 57m 06s elapsed] ...   snr=+6.0dB [neural]  snr=+8.0dB [neural][ls]  snr=+10.0dB [neural][ls]  snr=+12.0dB [neural][ls]  snr=+14.0dB [neural][ls]  snr=+16.0dB [neural][ls]  snr=+18.0dB [neural][ls]  snr=+20.0dB [neural][ls]Done (11.46s)
Estimator batch 1463/1600 (active points 15/22) [4h 57m 18s elapsed] ...   snr=+6.0dB [neural]  snr=+8.0dB [neural][ls]  snr=+10.0dB [neural][ls]  snr=+12.0dB [neural][ls]  snr=+14.0dB [neural][ls]  snr=+16.0dB [neural][ls]  snr=+18.0dB [neural][ls]  snr=+20.0dB [neural][ls]Done (11.39s)
Estimator batch 1464/1600 (active points 15/22) [4h 57m 29s elapsed] ...   snr=+6.0dB [neural]  snr=+8.0dB [neural][ls]  snr=+10.0dB [neural][ls]  snr=+12.0dB [neural][ls]  snr=+14.0dB [neural][ls]  snr=+16.0dB [neural][ls]  snr=+18.0dB [neural][ls]  snr=+20.0dB [neural][ls]Done (11.44s)
Estimator batch 1465/1600 (active points 15/22) [4h 57m 41s elapsed] ...   snr=+6.0dB [neural]  snr=+8.0dB [neural][ls]  snr=+10.0dB [neural][ls]  snr=+12.0dB [neural][ls]  snr=+14.0dB [neural][ls]  snr=+16.0dB [neural][ls]  snr=+18.0dB [neural][ls]  snr=+20.0dB [neural][ls]Done (11.36s)
Estimator batch 1466/1600 (active points 15/22) [4h 57m 52s elapsed] ...   snr=+6.0dB [neural]  snr=+8.0dB [neural][ls]  snr=+10.0dB [neural][ls]  snr=+12.0dB [neural][ls]  snr=+14.0dB [neural][ls]  snr=+16.0dB [neural][ls]  snr=+18.0dB [neural][ls]  snr=+20.0dB [neural][ls]Done (11.59s)
Estimator batch 1467/1600 (active points 15/22) [4h 58m 04s elapsed] ...   snr=+6.0dB [neural]  snr=+8.0dB [neural][ls]  snr=+10.0dB [neural][ls]  snr=+12.0dB [neural][ls]  snr=+14.0dB [neural][ls]  snr=+16.0dB [neural][ls]  snr=+18.0dB [neural][ls]  snr=+20.0dB [neural][ls]Done (11.42s)
Estimator batch 1468/1600 (active points 15/22) [4h 58m 15s elapsed] ...   snr=+6.0dB [neural]  snr=+8.0dB [neural][ls]  snr=+10.0dB [neural][ls]  snr=+12.0dB [neural][ls]  snr=+14.0dB [neural][ls]  snr=+16.0dB [neural][ls]  snr=+18.0dB [neural][ls]  snr=+20.0dB [neural][ls]Done (11.46s)
Estimator batch 1469/1600 (active points 15/22) [4h 58m 26s elapsed] ...   snr=+6.0dB [neural]  snr=+8.0dB [neural][ls]  snr=+10.0dB [neural][ls]  snr=+12.0dB [neural][ls]  snr=+14.0dB [neural][ls]  snr=+16.0dB [neural][ls]  snr=+18.0dB [neural][ls]  snr=+20.0dB [neural][ls]Done (11.39s)
Estimator batch 1470/1600 (active points 15/22) [4h 58m 38s elapsed] ...   snr=+6.0dB [neural]  snr=+8.0dB [neural][ls]  snr=+10.0dB [neural][ls]  snr=+12.0dB [neural][ls]  snr=+14.0dB [neural][ls]  snr=+16.0dB [neural][ls]  snr=+18.0dB [neural][ls]  snr=+20.0dB [neural][ls]Done (11.38s)
Estimator batch 1471/1600 (active points 15/22) [4h 58m 49s elapsed] ...   snr=+6.0dB [neural]  snr=+8.0dB [neural][ls]  snr=+10.0dB [neural][ls]  snr=+12.0dB [neural][ls]  snr=+14.0dB [neural][ls]  snr=+16.0dB [neural][ls]  snr=+18.0dB [neural][ls]  snr=+20.0dB [neural][ls]Done (11.40s)
Estimator batch 1472/1600 (active points 15/22) [4h 59m 01s elapsed] ...   snr=+6.0dB [neural]  snr=+8.0dB [neural][ls]  snr=+10.0dB [neural][ls]  snr=+12.0dB [neural][ls]  snr=+14.0dB [neural][ls]  snr=+16.0dB [neural][ls]  snr=+18.0dB [neural][ls]  snr=+20.0dB [neural][ls]Done (11.41s)
Estimator batch 1473/1600 (active points 15/22) [4h 59m 12s elapsed] ...   snr=+6.0dB [neural]  snr=+8.0dB [neural][ls]  snr=+10.0dB [neural][ls]  snr=+12.0dB [neural][ls]  snr=+14.0dB [neural][ls]  snr=+16.0dB [neural][ls]  snr=+18.0dB [neural][ls]  snr=+20.0dB [neural][ls]Done (11.44s)
Estimator batch 1474/1600 (active points 15/22) [4h 59m 23s elapsed] ...   snr=+6.0dB [neural]  snr=+8.0dB [neural][ls]  snr=+10.0dB [neural][ls]  snr=+12.0dB [neural][ls]  snr=+14.0dB [neural][ls]  snr=+16.0dB [neural][ls]  snr=+18.0dB [neural][ls]  snr=+20.0dB [neural][ls]Done (11.40s)
Estimator batch 1475/1600 (active points 15/22) [4h 59m 35s elapsed] ...   snr=+6.0dB [neural]  snr=+8.0dB [neural][ls]  snr=+10.0dB [neural][ls]  snr=+12.0dB [neural][ls]  snr=+14.0dB [neural][ls]  snr=+16.0dB [neural][ls]  snr=+18.0dB [neural][ls]  snr=+20.0dB [neural][ls]Done (11.38s)
Estimator batch 1476/1600 (active points 15/22) [4h 59m 46s elapsed] ...   snr=+6.0dB [neural]  snr=+8.0dB [neural][ls]  snr=+10.0dB [neural][ls]  snr=+12.0dB [neural][ls]  snr=+14.0dB [neural][ls]  snr=+16.0dB [neural][ls]  snr=+18.0dB [neural][ls]  snr=+20.0dB [neural][ls]Done (11.43s)
Estimator batch 1477/1600 (active points 15/22) [4h 59m 58s elapsed] ...   snr=+6.0dB [neural]  snr=+8.0dB [neural][ls]  snr=+10.0dB [neural][ls]  snr=+12.0dB [neural][ls]  snr=+14.0dB [neural][ls]  snr=+16.0dB [neural][ls]  snr=+18.0dB [neural][ls]  snr=+20.0dB [neural][ls]Done (11.41s)
Estimator batch 1478/1600 (active points 15/22) [5h 00m 09s elapsed] ...   snr=+6.0dB [neural]  snr=+8.0dB [neural][ls]  snr=+10.0dB [neural][ls]  snr=+12.0dB [neural][ls]  snr=+14.0dB [neural][ls]  snr=+16.0dB [neural][ls]  snr=+18.0dB [neural][ls]  snr=+20.0dB [neural][ls]Done (11.45s)
Estimator batch 1479/1600 (active points 15/22) [5h 00m 21s elapsed] ...   snr=+6.0dB [neural]  snr=+8.0dB [neural][ls]  snr=+10.0dB [neural][ls]  snr=+12.0dB [neural][ls]  snr=+14.0dB [neural][ls]  snr=+16.0dB [neural][ls]  snr=+18.0dB [neural][ls]  snr=+20.0dB [neural][ls]Done (11.41s)
Estimator batch 1480/1600 (active points 15/22) [5h 00m 32s elapsed] ...   snr=+6.0dB [neural]  snr=+8.0dB [neural][ls]  snr=+10.0dB [neural][ls]  snr=+12.0dB [neural][ls]  snr=+14.0dB [neural][ls]  snr=+16.0dB [neural][ls]  snr=+18.0dB [neural][ls]  snr=+20.0dB [neural][ls]Done (11.38s)
Estimator batch 1481/1600 (active points 15/22) [5h 00m 43s elapsed] ...   snr=+6.0dB [neural]  snr=+8.0dB [neural][ls]  snr=+10.0dB [neural][ls]  snr=+12.0dB [neural][ls]  snr=+14.0dB [neural][ls]  snr=+16.0dB [neural][ls]  snr=+18.0dB [neural][ls]  snr=+20.0dB [neural][ls]Done (11.37s)
Estimator batch 1482/1600 (active points 15/22) [5h 00m 55s elapsed] ...   snr=+6.0dB [neural]  snr=+8.0dB [neural][ls]  snr=+10.0dB [neural][ls]  snr=+12.0dB [neural][ls]  snr=+14.0dB [neural][ls]  snr=+16.0dB [neural][ls]  snr=+18.0dB [neural][ls]  snr=+20.0dB [neural][ls]Done (11.42s)
Estimator batch 1483/1600 (active points 15/22) [5h 01m 06s elapsed] ...   snr=+6.0dB [neural]  snr=+8.0dB [neural][ls]  snr=+10.0dB [neural][ls]  snr=+12.0dB [neural][ls]  snr=+14.0dB [neural][ls]  snr=+16.0dB [neural][ls]  snr=+18.0dB [neural][ls]  snr=+20.0dB [neural][ls]Done (11.39s)
Estimator batch 1484/1600 (active points 15/22) [5h 01m 18s elapsed] ...   snr=+6.0dB [neural]  snr=+8.0dB [neural][ls]  snr=+10.0dB [neural][ls]  snr=+12.0dB [neural][ls]  snr=+14.0dB [neural][ls]  snr=+16.0dB [neural][ls]  snr=+18.0dB [neural][ls]  snr=+20.0dB [neural][ls]Done (11.40s)
Estimator batch 1485/1600 (active points 15/22) [5h 01m 29s elapsed] ...   snr=+6.0dB [neural]  snr=+8.0dB [neural][ls]  snr=+10.0dB [neural][ls]  snr=+12.0dB [neural][ls]  snr=+14.0dB [neural][ls]  snr=+16.0dB [neural][ls]  snr=+18.0dB [neural][ls]  snr=+20.0dB [neural][ls]Done (11.39s)
Estimator batch 1486/1600 (active points 15/22) [5h 01m 40s elapsed] ...   snr=+6.0dB [neural]  snr=+8.0dB [neural][ls]  snr=+10.0dB [neural][ls]  snr=+12.0dB [neural][ls]  snr=+14.0dB [neural][ls]  snr=+16.0dB [neural][ls]  snr=+18.0dB [neural][ls]  snr=+20.0dB [neural][ls]Done (11.38s)
Estimator batch 1487/1600 (active points 15/22) [5h 01m 52s elapsed] ...   snr=+6.0dB [neural]  snr=+8.0dB [neural][ls]  snr=+10.0dB [neural][ls]  snr=+12.0dB [neural][ls]  snr=+14.0dB [neural][ls]  snr=+16.0dB [neural][ls]  snr=+18.0dB [neural][ls]  snr=+20.0dB [neural][ls]Done (11.42s)
Estimator batch 1488/1600 (active points 15/22) [5h 02m 03s elapsed] ...   snr=+6.0dB [neural]  snr=+8.0dB [neural][ls]  snr=+10.0dB [neural][ls]  snr=+12.0dB [neural][ls]  snr=+14.0dB [neural][ls]  snr=+16.0dB [neural][ls]  snr=+18.0dB [neural][ls]  snr=+20.0dB [neural][ls]Done (11.38s)
Estimator batch 1489/1600 (active points 15/22) [5h 02m 14s elapsed] ...   snr=+6.0dB [neural]  snr=+8.0dB [neural][ls]  snr=+10.0dB [neural][ls]  snr=+12.0dB [neural][ls]  snr=+14.0dB [neural][ls]  snr=+16.0dB [neural][ls]  snr=+18.0dB [neural][ls]  snr=+20.0dB [neural][ls]Done (11.52s)
Estimator batch 1490/1600 (active points 15/22) [5h 02m 26s elapsed] ...   snr=+6.0dB [neural]  snr=+8.0dB [neural][ls]  snr=+10.0dB [neural][ls]  snr=+12.0dB [neural][ls]  snr=+14.0dB [neural][ls]  snr=+16.0dB [neural][ls]  snr=+18.0dB [neural][ls]  snr=+20.0dB [neural][ls]Done (11.93s)
Estimator batch 1491/1600 (active points 15/22) [5h 02m 38s elapsed] ...   snr=+6.0dB [neural]  snr=+8.0dB [neural][ls]  snr=+10.0dB [neural][ls]  snr=+12.0dB [neural][ls]  snr=+14.0dB [neural][ls]  snr=+16.0dB [neural][ls]  snr=+18.0dB [neural][ls]  snr=+20.0dB [neural][ls]Done (11.39s)
Estimator batch 1492/1600 (active points 15/22) [5h 02m 49s elapsed] ...   snr=+6.0dB [neural]  snr=+8.0dB [neural][ls]  snr=+10.0dB [neural][ls]  snr=+12.0dB [neural][ls]  snr=+14.0dB [neural][ls]  snr=+16.0dB [neural][ls]  snr=+18.0dB [neural][ls]  snr=+20.0dB [neural][ls]Done (11.41s)
Estimator batch 1493/1600 (active points 15/22) [5h 03m 01s elapsed] ...   snr=+6.0dB [neural]  snr=+8.0dB [neural][ls]  snr=+10.0dB [neural][ls]  snr=+12.0dB [neural][ls]  snr=+14.0dB [neural][ls]  snr=+16.0dB [neural][ls]  snr=+18.0dB [neural][ls]  snr=+20.0dB [neural][ls]Done (11.59s)
Estimator batch 1494/1600 (active points 15/22) [5h 03m 12s elapsed] ...   snr=+6.0dB [neural]  snr=+8.0dB [neural][ls]  snr=+10.0dB [neural][ls]  snr=+12.0dB [neural][ls]  snr=+14.0dB [neural][ls]  snr=+16.0dB [neural][ls]  snr=+18.0dB [neural][ls]  snr=+20.0dB [neural][ls]Done (11.85s)
Estimator batch 1495/1600 (active points 15/22) [5h 03m 24s elapsed] ...   snr=+6.0dB [neural]  snr=+8.0dB [neural][ls]  snr=+10.0dB [neural][ls]  snr=+12.0dB [neural][ls]  snr=+14.0dB [neural][ls]  snr=+16.0dB [neural][ls]  snr=+18.0dB [neural][ls]  snr=+20.0dB [neural][ls]Done (11.42s)
Estimator batch 1496/1600 (active points 15/22) [5h 03m 36s elapsed] ...   snr=+6.0dB [neural]  snr=+8.0dB [neural][ls]  snr=+10.0dB [neural][ls]  snr=+12.0dB [neural][ls]  snr=+14.0dB [neural][ls]  snr=+16.0dB [neural][ls]  snr=+18.0dB [neural][ls]  snr=+20.0dB [neural][ls]Done (11.40s)
Estimator batch 1497/1600 (active points 15/22) [5h 03m 47s elapsed] ...   snr=+6.0dB [neural]  snr=+8.0dB [neural][ls]  snr=+10.0dB [neural][ls]  snr=+12.0dB [neural][ls]  snr=+14.0dB [neural][ls]  snr=+16.0dB [neural][ls]  snr=+18.0dB [neural][ls]  snr=+20.0dB [neural][ls]Done (11.38s)
Estimator batch 1498/1600 (active points 15/22) [5h 03m 58s elapsed] ...   snr=+6.0dB [neural]  snr=+8.0dB [neural][ls]  snr=+10.0dB [neural][ls]  snr=+12.0dB [neural][ls]  snr=+14.0dB [neural][ls]  snr=+16.0dB [neural][ls]  snr=+18.0dB [neural][ls]  snr=+20.0dB [neural][ls]Done (11.37s)
Estimator batch 1499/1600 (active points 15/22) [5h 04m 10s elapsed] ...   snr=+6.0dB [neural]  snr=+8.0dB [neural][ls]  snr=+10.0dB [neural][ls]  snr=+12.0dB [neural][ls]  snr=+14.0dB [neural][ls]  snr=+16.0dB [neural][ls]  snr=+18.0dB [neural][ls]  snr=+20.0dB [neural][ls]Done (11.38s)
Estimator batch 1500/1600 (active points 15/22) [5h 04m 21s elapsed] ...   snr=+6.0dB [neural]  snr=+8.0dB [neural][ls]  snr=+10.0dB [neural][ls]  snr=+12.0dB [neural][ls]  snr=+14.0dB [neural][ls]  snr=+16.0dB [neural][ls]  snr=+18.0dB [neural][ls]  snr=+20.0dB [neural][ls]Done (11.37s)
Estimator batch 1501/1600 (active points 15/22) [5h 04m 33s elapsed] ...   snr=+6.0dB [neural]  snr=+8.0dB [neural][ls]  snr=+10.0dB [neural][ls]  snr=+12.0dB [neural][ls]  snr=+14.0dB [neural][ls]  snr=+16.0dB [neural][ls]  snr=+18.0dB [neural][ls]  snr=+20.0dB [neural][ls]Done (11.40s)
Estimator batch 1502/1600 (active points 15/22) [5h 04m 44s elapsed] ...   snr=+6.0dB [neural]  snr=+8.0dB [neural][ls]  snr=+10.0dB [neural][ls]  snr=+12.0dB [neural][ls]  snr=+14.0dB [neural][ls]  snr=+16.0dB [neural][ls]  snr=+18.0dB [neural][ls]  snr=+20.0dB [neural][ls]Done (11.37s)
Estimator batch 1503/1600 (active points 15/22) [5h 04m 55s elapsed] ...   snr=+6.0dB [neural]  snr=+8.0dB [neural][ls]  snr=+10.0dB [neural][ls]  snr=+12.0dB [neural][ls]  snr=+14.0dB [neural][ls]  snr=+16.0dB [neural][ls]  snr=+18.0dB [neural][ls]  snr=+20.0dB [neural][ls]Done (11.40s)
Estimator batch 1504/1600 (active points 15/22) [5h 05m 07s elapsed] ...   snr=+6.0dB [neural]  snr=+8.0dB [neural][ls]  snr=+10.0dB [neural][ls]  snr=+12.0dB [neural][ls]  snr=+14.0dB [neural][ls]  snr=+16.0dB [neural][ls]  snr=+18.0dB [neural][ls]  snr=+20.0dB [neural][ls]Done (11.40s)
Estimator batch 1505/1600 (active points 15/22) [5h 05m 18s elapsed] ...   snr=+6.0dB [neural]  snr=+8.0dB [neural][ls]  snr=+10.0dB [neural][ls]  snr=+12.0dB [neural][ls]  snr=+14.0dB [neural][ls]  snr=+16.0dB [neural][ls]  snr=+18.0dB [neural][ls]  snr=+20.0dB [neural][ls]Done (11.38s)
Estimator batch 1506/1600 (active points 15/22) [5h 05m 29s elapsed] ...   snr=+6.0dB [neural]  snr=+8.0dB [neural][ls]  snr=+10.0dB [neural][ls]  snr=+12.0dB [neural][ls]  snr=+14.0dB [neural][ls]  snr=+16.0dB [neural][ls]  snr=+18.0dB [neural][ls]  snr=+20.0dB [neural][ls]Done (11.42s)
Estimator batch 1507/1600 (active points 15/22) [5h 05m 41s elapsed] ...   snr=+6.0dB [neural]  snr=+8.0dB [neural][ls]  snr=+10.0dB [neural][ls]  snr=+12.0dB [neural][ls]  snr=+14.0dB [neural][ls]  snr=+16.0dB [neural][ls]  snr=+18.0dB [neural][ls]  snr=+20.0dB [neural][ls]Done (11.39s)
Estimator batch 1508/1600 (active points 15/22) [5h 05m 52s elapsed] ...   snr=+6.0dB [neural]  snr=+8.0dB [neural][ls]  snr=+10.0dB [neural][ls]  snr=+12.0dB [neural][ls]  snr=+14.0dB [neural][ls]  snr=+16.0dB [neural][ls]  snr=+18.0dB [neural][ls]  snr=+20.0dB [neural][ls]Done (11.42s)
Estimator batch 1509/1600 (active points 15/22) [5h 06m 04s elapsed] ...   snr=+6.0dB [neural]  snr=+8.0dB [neural][ls]  snr=+10.0dB [neural][ls]  snr=+12.0dB [neural][ls]  snr=+14.0dB [neural][ls]  snr=+16.0dB [neural][ls]  snr=+18.0dB [neural][ls]  snr=+20.0dB [neural][ls]Done (11.39s)
Estimator batch 1510/1600 (active points 15/22) [5h 06m 15s elapsed] ...   snr=+6.0dB [neural]  snr=+8.0dB [neural][ls]  snr=+10.0dB [neural][ls]  snr=+12.0dB [neural][ls]  snr=+14.0dB [neural][ls]  snr=+16.0dB [neural][ls]  snr=+18.0dB [neural][ls]  snr=+20.0dB [neural][ls]Done (11.40s)
Estimator batch 1511/1600 (active points 15/22) [5h 06m 26s elapsed] ...   snr=+6.0dB [neural]  snr=+8.0dB [neural][ls]  snr=+10.0dB [neural][ls]  snr=+12.0dB [neural][ls]  snr=+14.0dB [neural][ls]  snr=+16.0dB [neural][ls]  snr=+18.0dB [neural][ls]  snr=+20.0dB [neural][ls]Done (11.41s)
Estimator batch 1512/1600 (active points 15/22) [5h 06m 38s elapsed] ...   snr=+6.0dB [neural]  snr=+8.0dB [neural][ls]  snr=+10.0dB [neural][ls]  snr=+12.0dB [neural][ls]  snr=+14.0dB [neural][ls]  snr=+16.0dB [neural][ls]  snr=+18.0dB [neural][ls]  snr=+20.0dB [neural][ls]Done (11.44s)
Estimator batch 1513/1600 (active points 15/22) [5h 06m 49s elapsed] ...   snr=+6.0dB [neural]  snr=+8.0dB [neural][ls]  snr=+10.0dB [neural][ls]  snr=+12.0dB [neural][ls]  snr=+14.0dB [neural][ls]  snr=+16.0dB [neural][ls]  snr=+18.0dB [neural][ls]  snr=+20.0dB [neural][ls]Done (11.57s)
Estimator batch 1514/1600 (active points 15/22) [5h 07m 01s elapsed] ...   snr=+6.0dB [neural]  snr=+8.0dB [neural][ls]  snr=+10.0dB [neural][ls]  snr=+12.0dB [neural][ls]  snr=+14.0dB [neural][ls]  snr=+16.0dB [neural][ls]  snr=+18.0dB [neural][ls]  snr=+20.0dB [neural][ls]Done (11.44s)
Estimator batch 1515/1600 (active points 15/22) [5h 07m 12s elapsed] ...   snr=+6.0dB [neural]  snr=+8.0dB [neural][ls]  snr=+10.0dB [neural][ls]  snr=+12.0dB [neural][ls]  snr=+14.0dB [neural][ls]  snr=+16.0dB [neural][ls]  snr=+18.0dB [neural][ls]  snr=+20.0dB [neural][ls]Done (11.39s)
Estimator batch 1516/1600 (active points 15/22) [5h 07m 24s elapsed] ...   snr=+6.0dB [neural]  snr=+8.0dB [neural][ls]  snr=+10.0dB [neural][ls]  snr=+12.0dB [neural][ls]  snr=+14.0dB [neural][ls]  snr=+16.0dB [neural][ls]  snr=+18.0dB [neural][ls]  snr=+20.0dB [neural][ls]Done (11.38s)
Estimator batch 1517/1600 (active points 15/22) [5h 07m 35s elapsed] ...   snr=+6.0dB [neural]  snr=+8.0dB [neural][ls]  snr=+10.0dB [neural][ls]  snr=+12.0dB [neural][ls]  snr=+14.0dB [neural][ls]  snr=+16.0dB [neural][ls]  snr=+18.0dB [neural][ls]  snr=+20.0dB [neural][ls]Done (11.38s)
Estimator batch 1518/1600 (active points 15/22) [5h 07m 46s elapsed] ...   snr=+6.0dB [neural]  snr=+8.0dB [neural][ls]  snr=+10.0dB [neural][ls]  snr=+12.0dB [neural][ls]  snr=+14.0dB [neural][ls]  snr=+16.0dB [neural][ls]  snr=+18.0dB [neural][ls]  snr=+20.0dB [neural][ls]Done (11.40s)
Estimator batch 1519/1600 (active points 15/22) [5h 07m 58s elapsed] ...   snr=+6.0dB [neural]  snr=+8.0dB [neural][ls]  snr=+10.0dB [neural][ls]  snr=+12.0dB [neural][ls]  snr=+14.0dB [neural][ls]  snr=+16.0dB [neural][ls]  snr=+18.0dB [neural][ls]  snr=+20.0dB [neural][ls]Done (11.38s)
Estimator batch 1520/1600 (active points 15/22) [5h 08m 09s elapsed] ...   snr=+6.0dB [neural]  snr=+8.0dB [neural][ls]  snr=+10.0dB [neural][ls]  snr=+12.0dB [neural][ls]  snr=+14.0dB [neural][ls]  snr=+16.0dB [neural][ls]  snr=+18.0dB [neural][ls]  snr=+20.0dB [neural][ls]Done (11.46s)
Estimator batch 1521/1600 (active points 15/22) [5h 08m 21s elapsed] ...   snr=+6.0dB [neural]  snr=+8.0dB [neural][ls]  snr=+10.0dB [neural][ls]  snr=+12.0dB [neural][ls]  snr=+14.0dB [neural][ls]  snr=+16.0dB [neural][ls]  snr=+18.0dB [neural][ls]  snr=+20.0dB [neural][ls]Done (11.40s)
Estimator batch 1522/1600 (active points 15/22) [5h 08m 32s elapsed] ...   snr=+6.0dB [neural]  snr=+8.0dB [neural][ls]  snr=+10.0dB [neural][ls]  snr=+12.0dB [neural][ls]  snr=+14.0dB [neural][ls]  snr=+16.0dB [neural][ls]  snr=+18.0dB [neural][ls]  snr=+20.0dB [neural][ls]Done (11.39s)
Estimator batch 1523/1600 (active points 15/22) [5h 08m 44s elapsed] ...   snr=+6.0dB [neural]  snr=+8.0dB [neural][ls]  snr=+10.0dB [neural][ls]  snr=+12.0dB [neural][ls]  snr=+14.0dB [neural][ls]  snr=+16.0dB [neural][ls]  snr=+18.0dB [neural][ls]  snr=+20.0dB [neural][ls]Done (11.44s)
Estimator batch 1524/1600 (active points 15/22) [5h 08m 55s elapsed] ...   snr=+6.0dB [neural]  snr=+8.0dB [neural][ls]  snr=+10.0dB [neural][ls]  snr=+12.0dB [neural][ls]  snr=+14.0dB [neural][ls]  snr=+16.0dB [neural][ls]  snr=+18.0dB [neural][ls]  snr=+20.0dB [neural][ls]Done (11.39s)
Estimator batch 1525/1600 (active points 15/22) [5h 09m 06s elapsed] ...   snr=+6.0dB [neural]  snr=+8.0dB [neural][ls]  snr=+10.0dB [neural][ls]  snr=+12.0dB [neural][ls]  snr=+14.0dB [neural][ls]  snr=+16.0dB [neural][ls]  snr=+18.0dB [neural][ls]  snr=+20.0dB [neural][ls]Done (11.42s)
Estimator batch 1526/1600 (active points 15/22) [5h 09m 18s elapsed] ...   snr=+6.0dB [neural]  snr=+8.0dB [neural][ls]  snr=+10.0dB [neural][ls]  snr=+12.0dB [neural][ls]  snr=+14.0dB [neural][ls]  snr=+16.0dB [neural][ls]  snr=+18.0dB [neural][ls]  snr=+20.0dB [neural][ls]Done (11.39s)
Estimator batch 1527/1600 (active points 15/22) [5h 09m 29s elapsed] ...   snr=+6.0dB [neural]  snr=+8.0dB [neural][ls]  snr=+10.0dB [neural][ls]  snr=+12.0dB [neural][ls]  snr=+14.0dB [neural][ls]  snr=+16.0dB [neural][ls]  snr=+18.0dB [neural][ls]  snr=+20.0dB [neural][ls]Done (11.38s)
Estimator batch 1528/1600 (active points 15/22) [5h 09m 41s elapsed] ...   snr=+6.0dB [neural]  snr=+8.0dB [neural][ls]  snr=+10.0dB [neural][ls]  snr=+12.0dB [neural][ls]  snr=+14.0dB [neural][ls]  snr=+16.0dB [neural][ls]  snr=+18.0dB [neural][ls]  snr=+20.0dB [neural][ls]Done (11.38s)
Estimator batch 1529/1600 (active points 15/22) [5h 09m 52s elapsed] ...   snr=+6.0dB [neural]  snr=+8.0dB [neural][ls]  snr=+10.0dB [neural][ls]  snr=+12.0dB [neural][ls]  snr=+14.0dB [neural][ls]  snr=+16.0dB [neural][ls]  snr=+18.0dB [neural][ls]  snr=+20.0dB [neural][ls]Done (11.42s)
Estimator batch 1530/1600 (active points 15/22) [5h 10m 03s elapsed] ...   snr=+6.0dB [neural]  snr=+8.0dB [neural][ls]  snr=+10.0dB [neural][ls]  snr=+12.0dB [neural][ls]  snr=+14.0dB [neural][ls]  snr=+16.0dB [neural][ls]  snr=+18.0dB [neural][ls]  snr=+20.0dB [neural][ls]Done (11.41s)
Estimator batch 1531/1600 (active points 15/22) [5h 10m 15s elapsed] ...   snr=+6.0dB [neural]  snr=+8.0dB [neural][ls]  snr=+10.0dB [neural][ls]  snr=+12.0dB [neural][ls]  snr=+14.0dB [neural][ls]  snr=+16.0dB [neural][ls]  snr=+18.0dB [neural][ls]  snr=+20.0dB [neural][ls]Done (11.39s)
Estimator batch 1532/1600 (active points 15/22) [5h 10m 26s elapsed] ...   snr=+6.0dB [neural]  snr=+8.0dB [neural][ls]  snr=+10.0dB [neural][ls]  snr=+12.0dB [neural][ls]  snr=+14.0dB [neural][ls]  snr=+16.0dB [neural][ls]  snr=+18.0dB [neural][ls]  snr=+20.0dB [neural][ls]Done (11.38s)
Estimator batch 1533/1600 (active points 15/22) [5h 10m 38s elapsed] ...   snr=+6.0dB [neural]  snr=+8.0dB [neural][ls]  snr=+10.0dB [neural][ls]  snr=+12.0dB [neural][ls]  snr=+14.0dB [neural][ls]  snr=+16.0dB [neural][ls]  snr=+18.0dB [neural][ls]  snr=+20.0dB [neural][ls]Done (11.43s)
Estimator batch 1534/1600 (active points 15/22) [5h 10m 49s elapsed] ...   snr=+6.0dB [neural]  snr=+8.0dB [neural][ls]  snr=+10.0dB [neural][ls]  snr=+12.0dB [neural][ls]  snr=+14.0dB [neural][ls]  snr=+16.0dB [neural][ls]  snr=+18.0dB [neural][ls]  snr=+20.0dB [neural][ls]Done (11.47s)
Estimator batch 1535/1600 (active points 15/22) [5h 11m 00s elapsed] ...   snr=+6.0dB [neural]  snr=+8.0dB [neural][ls]  snr=+10.0dB [neural][ls]  snr=+12.0dB [neural][ls]  snr=+14.0dB [neural][ls]  snr=+16.0dB [neural][ls]  snr=+18.0dB [neural][ls]  snr=+20.0dB [neural][ls]Done (11.42s)
Estimator batch 1536/1600 (active points 15/22) [5h 11m 12s elapsed] ...   snr=+6.0dB [neural]  snr=+8.0dB [neural][ls]  snr=+10.0dB [neural][ls]  snr=+12.0dB [neural][ls]  snr=+14.0dB [neural][ls]  snr=+16.0dB [neural][ls]  snr=+18.0dB [neural][ls]  snr=+20.0dB [neural][ls]Done (11.39s)
Estimator batch 1537/1600 (active points 15/22) [5h 11m 23s elapsed] ...   snr=+6.0dB [neural]  snr=+8.0dB [neural][ls]  snr=+10.0dB [neural][ls]  snr=+12.0dB [neural][ls]  snr=+14.0dB [neural][ls]  snr=+16.0dB [neural][ls]  snr=+18.0dB [neural][ls]  snr=+20.0dB [neural][ls]Done (11.38s)
Estimator batch 1538/1600 (active points 15/22) [5h 11m 35s elapsed] ...   snr=+6.0dB [neural]  snr=+8.0dB [neural][ls]  snr=+10.0dB [neural][ls]  snr=+12.0dB [neural][ls]  snr=+14.0dB [neural][ls]  snr=+16.0dB [neural][ls]  snr=+18.0dB [neural][ls]  snr=+20.0dB [neural][ls]Done (11.41s)
Estimator batch 1539/1600 (active points 15/22) [5h 11m 46s elapsed] ...   snr=+6.0dB [neural]  snr=+8.0dB [neural][ls]  snr=+10.0dB [neural][ls]  snr=+12.0dB [neural][ls]  snr=+14.0dB [neural][ls]  snr=+16.0dB [neural][ls]  snr=+18.0dB [neural][ls]  snr=+20.0dB [neural][ls]Done (11.38s)
Estimator batch 1540/1600 (active points 15/22) [5h 11m 57s elapsed] ...   snr=+6.0dB [neural]  snr=+8.0dB [neural][ls]  snr=+10.0dB [neural][ls]  snr=+12.0dB [neural][ls]  snr=+14.0dB [neural][ls]  snr=+16.0dB [neural][ls]  snr=+18.0dB [neural][ls]  snr=+20.0dB [neural][ls]Done (11.46s)
Estimator batch 1541/1600 (active points 15/22) [5h 12m 09s elapsed] ...   snr=+6.0dB [neural]  snr=+8.0dB [neural][ls]  snr=+10.0dB [neural][ls]  snr=+12.0dB [neural][ls]  snr=+14.0dB [neural][ls]  snr=+16.0dB [neural][ls]  snr=+18.0dB [neural][ls]  snr=+20.0dB [neural][ls]Done (11.39s)
Estimator batch 1542/1600 (active points 15/22) [5h 12m 20s elapsed] ...   snr=+6.0dB [neural]  snr=+8.0dB [neural][ls]  snr=+10.0dB [neural][ls]  snr=+12.0dB [neural][ls]  snr=+14.0dB [neural][ls]  snr=+16.0dB [neural][ls]  snr=+18.0dB [neural][ls]  snr=+20.0dB [neural][ls]Done (11.94s)
Estimator batch 1543/1600 (active points 15/22) [5h 12m 32s elapsed] ...   snr=+6.0dB [neural]  snr=+8.0dB [neural][ls]  snr=+10.0dB [neural][ls]  snr=+12.0dB [neural][ls]  snr=+14.0dB [neural][ls]  snr=+16.0dB [neural][ls]  snr=+18.0dB [neural][ls]  snr=+20.0dB [neural][ls]Done (11.37s)
Estimator batch 1544/1600 (active points 15/22) [5h 12m 44s elapsed] ...   snr=+6.0dB [neural]  snr=+8.0dB [neural][ls]  snr=+10.0dB [neural][ls]  snr=+12.0dB [neural][ls]  snr=+14.0dB [neural][ls]  snr=+16.0dB [neural][ls]  snr=+18.0dB [neural][ls]  snr=+20.0dB [neural][ls]Done (11.36s)
Estimator batch 1545/1600 (active points 15/22) [5h 12m 55s elapsed] ...   snr=+6.0dB [neural]  snr=+8.0dB [neural][ls]  snr=+10.0dB [neural][ls]  snr=+12.0dB [neural][ls]  snr=+14.0dB [neural][ls]  snr=+16.0dB [neural][ls]  snr=+18.0dB [neural][ls]  snr=+20.0dB [neural][ls]Done (11.39s)
Estimator batch 1546/1600 (active points 15/22) [5h 13m 06s elapsed] ...   snr=+6.0dB [neural]  snr=+8.0dB [neural][ls]  snr=+10.0dB [neural][ls]  snr=+12.0dB [neural][ls]  snr=+14.0dB [neural][ls]  snr=+16.0dB [neural][ls]  snr=+18.0dB [neural][ls]  snr=+20.0dB [neural][ls]Done (11.45s)
Estimator batch 1547/1600 (active points 15/22) [5h 13m 18s elapsed] ...   snr=+6.0dB [neural]  snr=+8.0dB [neural][ls]  snr=+10.0dB [neural][ls]  snr=+12.0dB [neural][ls]  snr=+14.0dB [neural][ls]  snr=+16.0dB [neural][ls]  snr=+18.0dB [neural][ls]  snr=+20.0dB [neural][ls]Done (11.43s)
Estimator batch 1548/1600 (active points 15/22) [5h 13m 29s elapsed] ...   snr=+6.0dB [neural]  snr=+8.0dB [neural][ls]  snr=+10.0dB [neural][ls]  snr=+12.0dB [neural][ls]  snr=+14.0dB [neural][ls]  snr=+16.0dB [neural][ls]  snr=+18.0dB [neural][ls]  snr=+20.0dB [neural][ls]Done (11.39s)
Estimator batch 1549/1600 (active points 15/22) [5h 13m 41s elapsed] ...   snr=+6.0dB [neural]  snr=+8.0dB [neural][ls]  snr=+10.0dB [neural][ls]  snr=+12.0dB [neural][ls]  snr=+14.0dB [neural][ls]  snr=+16.0dB [neural][ls]  snr=+18.0dB [neural][ls]  snr=+20.0dB [neural][ls]Done (11.39s)
Estimator batch 1550/1600 (active points 15/22) [5h 13m 52s elapsed] ...   snr=+6.0dB [neural]  snr=+8.0dB [neural][ls]  snr=+10.0dB [neural][ls]  snr=+12.0dB [neural][ls]  snr=+14.0dB [neural][ls]  snr=+16.0dB [neural][ls]  snr=+18.0dB [neural][ls]  snr=+20.0dB [neural][ls]Done (11.37s)
Estimator batch 1551/1600 (active points 15/22) [5h 14m 03s elapsed] ...   snr=+6.0dB [neural]  snr=+8.0dB [neural][ls]  snr=+10.0dB [neural][ls]  snr=+12.0dB [neural][ls]  snr=+14.0dB [neural][ls]  snr=+16.0dB [neural][ls]  snr=+18.0dB [neural][ls]  snr=+20.0dB [neural][ls]Done (11.43s)
Estimator batch 1552/1600 (active points 15/22) [5h 14m 15s elapsed] ...   snr=+6.0dB [neural]  snr=+8.0dB [neural][ls]  snr=+10.0dB [neural][ls]  snr=+12.0dB [neural][ls]  snr=+14.0dB [neural][ls]  snr=+16.0dB [neural][ls]  snr=+18.0dB [neural][ls]  snr=+20.0dB [neural][ls]Done (11.44s)
Estimator batch 1553/1600 (active points 15/22) [5h 14m 26s elapsed] ...   snr=+6.0dB [neural]  snr=+8.0dB [neural][ls]  snr=+10.0dB [neural][ls]  snr=+12.0dB [neural][ls]  snr=+14.0dB [neural][ls]  snr=+16.0dB [neural][ls]  snr=+18.0dB [neural][ls]  snr=+20.0dB [neural][ls]Done (11.43s)
Estimator batch 1554/1600 (active points 15/22) [5h 14m 38s elapsed] ...   snr=+6.0dB [neural]  snr=+8.0dB [neural][ls]  snr=+10.0dB [neural][ls]  snr=+12.0dB [neural][ls]  snr=+14.0dB [neural][ls]  snr=+16.0dB [neural][ls]  snr=+18.0dB [neural][ls]  snr=+20.0dB [neural][ls]Done (11.46s)
Estimator batch 1555/1600 (active points 15/22) [5h 14m 49s elapsed] ...   snr=+6.0dB [neural]  snr=+8.0dB [neural][ls]  snr=+10.0dB [neural][ls]  snr=+12.0dB [neural][ls]  snr=+14.0dB [neural][ls]  snr=+16.0dB [neural][ls]  snr=+18.0dB [neural][ls]  snr=+20.0dB [neural][ls]Done (11.37s)
Estimator batch 1556/1600 (active points 15/22) [5h 15m 00s elapsed] ...   snr=+6.0dB [neural]  snr=+8.0dB [neural][ls]  snr=+10.0dB [neural][ls]  snr=+12.0dB [neural][ls]  snr=+14.0dB [neural][ls]  snr=+16.0dB [neural][ls]  snr=+18.0dB [neural][ls]  snr=+20.0dB [neural][ls]Done (11.39s)
Estimator batch 1557/1600 (active points 15/22) [5h 15m 12s elapsed] ...   snr=+6.0dB [neural]  snr=+8.0dB [neural][ls]  snr=+10.0dB [neural][ls]  snr=+12.0dB [neural][ls]  snr=+14.0dB [neural][ls]  snr=+16.0dB [neural][ls]  snr=+18.0dB [neural][ls]  snr=+20.0dB [neural][ls]Done (11.43s)
Estimator batch 1558/1600 (active points 15/22) [5h 15m 23s elapsed] ...   snr=+6.0dB [neural]  snr=+8.0dB [neural][ls]  snr=+10.0dB [neural][ls]  snr=+12.0dB [neural][ls]  snr=+14.0dB [neural][ls]  snr=+16.0dB [neural][ls]  snr=+18.0dB [neural][ls]  snr=+20.0dB [neural][ls]Done (11.42s)
Estimator batch 1559/1600 (active points 15/22) [5h 15m 35s elapsed] ...   snr=+6.0dB [neural]  snr=+8.0dB [neural][ls]  snr=+10.0dB [neural][ls]  snr=+12.0dB [neural][ls]  snr=+14.0dB [neural][ls]  snr=+16.0dB [neural][ls]  snr=+18.0dB [neural][ls]  snr=+20.0dB [neural][ls]Done (11.39s)
Estimator batch 1560/1600 (active points 15/22) [5h 15m 46s elapsed] ...   snr=+6.0dB [neural]  snr=+8.0dB [neural][ls]  snr=+10.0dB [neural][ls]  snr=+12.0dB [neural][ls]  snr=+14.0dB [neural][ls]  snr=+16.0dB [neural][ls]  snr=+18.0dB [neural][ls]  snr=+20.0dB [neural][ls]Done (11.38s)
Estimator batch 1561/1600 (active points 15/22) [5h 15m 58s elapsed] ...   snr=+6.0dB [neural]  snr=+8.0dB [neural][ls]  snr=+10.0dB [neural][ls]  snr=+12.0dB [neural][ls]  snr=+14.0dB [neural][ls]  snr=+16.0dB [neural][ls]  snr=+18.0dB [neural][ls]  snr=+20.0dB [neural][ls]Done (11.41s)
Estimator batch 1562/1600 (active points 15/22) [5h 16m 09s elapsed] ...   snr=+6.0dB [neural]  snr=+8.0dB [neural][ls]  snr=+10.0dB [neural][ls]  snr=+12.0dB [neural][ls]  snr=+14.0dB [neural][ls]  snr=+16.0dB [neural][ls]  snr=+18.0dB [neural][ls]  snr=+20.0dB [neural][ls]Done (11.45s)
Estimator batch 1563/1600 (active points 15/22) [5h 16m 20s elapsed] ...   snr=+6.0dB [neural]  snr=+8.0dB [neural][ls]  snr=+10.0dB [neural][ls]  snr=+12.0dB [neural][ls]  snr=+14.0dB [neural][ls]  snr=+16.0dB [neural][ls]  snr=+18.0dB [neural][ls]  snr=+20.0dB [neural][ls]Done (11.37s)
Estimator batch 1564/1600 (active points 15/22) [5h 16m 32s elapsed] ...   snr=+6.0dB [neural]  snr=+8.0dB [neural][ls]  snr=+10.0dB [neural][ls]  snr=+12.0dB [neural][ls]  snr=+14.0dB [neural][ls]  snr=+16.0dB [neural][ls]  snr=+18.0dB [neural][ls]  snr=+20.0dB [neural][ls]Done (11.37s)
Estimator batch 1565/1600 (active points 15/22) [5h 16m 43s elapsed] ...   snr=+6.0dB [neural]  snr=+8.0dB [neural][ls]  snr=+10.0dB [neural][ls]  snr=+12.0dB [neural][ls]  snr=+14.0dB [neural][ls]  snr=+16.0dB [neural][ls]  snr=+18.0dB [neural][ls]  snr=+20.0dB [neural][ls]Done (11.39s)
Estimator batch 1566/1600 (active points 15/22) [5h 16m 55s elapsed] ...   snr=+6.0dB [neural]  snr=+8.0dB [neural][ls]  snr=+10.0dB [neural][ls]  snr=+12.0dB [neural][ls]  snr=+14.0dB [neural][ls]  snr=+16.0dB [neural][ls]  snr=+18.0dB [neural][ls]  snr=+20.0dB [neural][ls]Done (11.41s)
Estimator batch 1567/1600 (active points 15/22) [5h 17m 06s elapsed] ...   snr=+6.0dB [neural]  snr=+8.0dB [neural][ls]  snr=+10.0dB [neural][ls]  snr=+12.0dB [neural][ls]  snr=+14.0dB [neural][ls]  snr=+16.0dB [neural][ls]  snr=+18.0dB [neural][ls]  snr=+20.0dB [neural][ls]Done (11.42s)
Estimator batch 1568/1600 (active points 15/22) [5h 17m 17s elapsed] ...   snr=+6.0dB [neural]  snr=+8.0dB [neural][ls]  snr=+10.0dB [neural][ls]  snr=+12.0dB [neural][ls]  snr=+14.0dB [neural][ls]  snr=+16.0dB [neural][ls]  snr=+18.0dB [neural][ls]  snr=+20.0dB [neural][ls]Done (11.45s)
Estimator batch 1569/1600 (active points 15/22) [5h 17m 29s elapsed] ...   snr=+6.0dB [neural]  snr=+8.0dB [neural][ls]  snr=+10.0dB [neural][ls]  snr=+12.0dB [neural][ls]  snr=+14.0dB [neural][ls]  snr=+16.0dB [neural][ls]  snr=+18.0dB [neural][ls]  snr=+20.0dB [neural][ls]Done (11.39s)
Estimator batch 1570/1600 (active points 15/22) [5h 17m 40s elapsed] ...   snr=+6.0dB [neural]  snr=+8.0dB [neural][ls]  snr=+10.0dB [neural][ls]  snr=+12.0dB [neural][ls]  snr=+14.0dB [neural][ls]  snr=+16.0dB [neural][ls]  snr=+18.0dB [neural][ls]  snr=+20.0dB [neural][ls]Done (11.38s)
Estimator batch 1571/1600 (active points 15/22) [5h 17m 52s elapsed] ...   snr=+6.0dB [neural]  snr=+8.0dB [neural][ls]  snr=+10.0dB [neural][ls]  snr=+12.0dB [neural][ls]  snr=+14.0dB [neural][ls]  snr=+16.0dB [neural][ls]  snr=+18.0dB [neural][ls]  snr=+20.0dB [neural][ls]Done (11.40s)
Estimator batch 1572/1600 (active points 15/22) [5h 18m 03s elapsed] ...   snr=+6.0dB [neural]  snr=+8.0dB [neural][ls]  snr=+10.0dB [neural][ls]  snr=+12.0dB [neural][ls]  snr=+14.0dB [neural][ls]  snr=+16.0dB [neural][ls]  snr=+18.0dB [neural][ls]  snr=+20.0dB [neural][ls]Done (11.45s)
Estimator batch 1573/1600 (active points 15/22) [5h 18m 14s elapsed] ...   snr=+6.0dB [neural]  snr=+8.0dB [neural][ls]  snr=+10.0dB [neural][ls]  snr=+12.0dB [neural][ls]  snr=+14.0dB [neural][ls]  snr=+16.0dB [neural][ls]  snr=+18.0dB [neural][ls]  snr=+20.0dB [neural][ls]Done (11.47s)
Estimator batch 1574/1600 (active points 15/22) [5h 18m 26s elapsed] ...   snr=+6.0dB [neural]  snr=+8.0dB [neural][ls]  snr=+10.0dB [neural][ls]  snr=+12.0dB [neural][ls]  snr=+14.0dB [neural][ls]  snr=+16.0dB [neural][ls]  snr=+18.0dB [neural][ls]  snr=+20.0dB [neural][ls]Done (11.42s)
Estimator batch 1575/1600 (active points 15/22) [5h 18m 37s elapsed] ...   snr=+6.0dB [neural]  snr=+8.0dB [neural][ls]  snr=+10.0dB [neural][ls]  snr=+12.0dB [neural][ls]  snr=+14.0dB [neural][ls]  snr=+16.0dB [neural][ls]  snr=+18.0dB [neural][ls]  snr=+20.0dB [neural][ls]Done (11.40s)
Estimator batch 1576/1600 (active points 15/22) [5h 18m 49s elapsed] ...   snr=+6.0dB [neural]  snr=+8.0dB [neural][ls]  snr=+10.0dB [neural][ls]  snr=+12.0dB [neural][ls]  snr=+14.0dB [neural][ls]  snr=+16.0dB [neural][ls]  snr=+18.0dB [neural][ls]  snr=+20.0dB [neural][ls]Done (11.38s)
Estimator batch 1577/1600 (active points 15/22) [5h 19m 00s elapsed] ...   snr=+6.0dB [neural]  snr=+8.0dB [neural][ls]  snr=+10.0dB [neural][ls]  snr=+12.0dB [neural][ls]  snr=+14.0dB [neural][ls]  snr=+16.0dB [neural][ls]  snr=+18.0dB [neural][ls]  snr=+20.0dB [neural][ls]Done (11.39s)
Estimator batch 1578/1600 (active points 15/22) [5h 19m 12s elapsed] ...   snr=+6.0dB [neural]  snr=+8.0dB [neural][ls]  snr=+10.0dB [neural][ls]  snr=+12.0dB [neural][ls]  snr=+14.0dB [neural][ls]  snr=+16.0dB [neural][ls]  snr=+18.0dB [neural][ls]  snr=+20.0dB [neural][ls]Done (11.44s)
Estimator batch 1579/1600 (active points 15/22) [5h 19m 23s elapsed] ...   snr=+6.0dB [neural]  snr=+8.0dB [neural][ls]  snr=+10.0dB [neural][ls]  snr=+12.0dB [neural][ls]  snr=+14.0dB [neural][ls]  snr=+16.0dB [neural][ls]  snr=+18.0dB [neural][ls]  snr=+20.0dB [neural][ls]Done (11.45s)
Estimator batch 1580/1600 (active points 15/22) [5h 19m 34s elapsed] ...   snr=+6.0dB [neural]  snr=+8.0dB [neural][ls]  snr=+10.0dB [neural][ls]  snr=+12.0dB [neural][ls]  snr=+14.0dB [neural][ls]  snr=+16.0dB [neural][ls]  snr=+18.0dB [neural][ls]  snr=+20.0dB [neural][ls]Done (11.38s)
Estimator batch 1581/1600 (active points 15/22) [5h 19m 46s elapsed] ...   snr=+6.0dB [neural]  snr=+8.0dB [neural][ls]  snr=+10.0dB [neural][ls]  snr=+12.0dB [neural][ls]  snr=+14.0dB [neural][ls]  snr=+16.0dB [neural][ls]  snr=+18.0dB [neural][ls]  snr=+20.0dB [neural][ls]Done (11.38s)
Estimator batch 1582/1600 (active points 15/22) [5h 19m 57s elapsed] ...   snr=+6.0dB [neural]  snr=+8.0dB [neural][ls]  snr=+10.0dB [neural][ls]  snr=+12.0dB [neural][ls]  snr=+14.0dB [neural][ls]  snr=+16.0dB [neural][ls]  snr=+18.0dB [neural][ls]  snr=+20.0dB [neural][ls]Done (11.40s)
Estimator batch 1583/1600 (active points 15/22) [5h 20m 09s elapsed] ...   snr=+6.0dB [neural]  snr=+8.0dB [neural][ls]  snr=+10.0dB [neural][ls]  snr=+12.0dB [neural][ls]  snr=+14.0dB [neural][ls]  snr=+16.0dB [neural][ls]  snr=+18.0dB [neural][ls]  snr=+20.0dB [neural][ls]Done (11.42s)
Estimator batch 1584/1600 (active points 15/22) [5h 20m 20s elapsed] ...   snr=+6.0dB [neural]  snr=+8.0dB [neural][ls]  snr=+10.0dB [neural][ls]  snr=+12.0dB [neural][ls]  snr=+14.0dB [neural][ls]  snr=+16.0dB [neural][ls]  snr=+18.0dB [neural][ls]  snr=+20.0dB [neural][ls]Done (11.43s)
Estimator batch 1585/1600 (active points 15/22) [5h 20m 31s elapsed] ...   snr=+6.0dB [neural]  snr=+8.0dB [neural][ls]  snr=+10.0dB [neural][ls]  snr=+12.0dB [neural][ls]  snr=+14.0dB [neural][ls]  snr=+16.0dB [neural][ls]  snr=+18.0dB [neural][ls]  snr=+20.0dB [neural][ls]Done (11.44s)
Estimator batch 1586/1600 (active points 15/22) [5h 20m 43s elapsed] ...   snr=+6.0dB [neural]  snr=+8.0dB [neural][ls]  snr=+10.0dB [neural][ls]  snr=+12.0dB [neural][ls]  snr=+14.0dB [neural][ls]  snr=+16.0dB [neural][ls]  snr=+18.0dB [neural][ls]  snr=+20.0dB [neural][ls]Done (11.38s)
Estimator batch 1587/1600 (active points 15/22) [5h 20m 54s elapsed] ...   snr=+6.0dB [neural]  snr=+8.0dB [neural][ls]  snr=+10.0dB [neural][ls]  snr=+12.0dB [neural][ls]  snr=+14.0dB [neural][ls]  snr=+16.0dB [neural][ls]  snr=+18.0dB [neural][ls]  snr=+20.0dB [neural][ls]Done (11.40s)
Estimator batch 1588/1600 (active points 15/22) [5h 21m 06s elapsed] ...   snr=+6.0dB [neural]  snr=+8.0dB [neural][ls]  snr=+10.0dB [neural][ls]  snr=+12.0dB [neural][ls]  snr=+14.0dB [neural][ls]  snr=+16.0dB [neural][ls]  snr=+18.0dB [neural][ls]  snr=+20.0dB [neural][ls]Done (11.41s)
Estimator batch 1589/1600 (active points 15/22) [5h 21m 17s elapsed] ...   snr=+6.0dB [neural]  snr=+8.0dB [neural][ls]  snr=+10.0dB [neural][ls]  snr=+12.0dB [neural][ls]  snr=+14.0dB [neural][ls]  snr=+16.0dB [neural][ls]  snr=+18.0dB [neural][ls]  snr=+20.0dB [neural][ls]Done (11.41s)
Estimator batch 1590/1600 (active points 15/22) [5h 21m 28s elapsed] ...   snr=+6.0dB [neural]  snr=+8.0dB [neural][ls]  snr=+10.0dB [neural][ls]  snr=+12.0dB [neural][ls]  snr=+14.0dB [neural][ls]  snr=+16.0dB [neural][ls]  snr=+18.0dB [neural][ls]  snr=+20.0dB [neural][ls]Done (11.42s)
Estimator batch 1591/1600 (active points 15/22) [5h 21m 40s elapsed] ...   snr=+6.0dB [neural]  snr=+8.0dB [neural][ls]  snr=+10.0dB [neural][ls]  snr=+12.0dB [neural][ls]  snr=+14.0dB [neural][ls]  snr=+16.0dB [neural][ls]  snr=+18.0dB [neural][ls]  snr=+20.0dB [neural][ls]Done (11.40s)
Estimator batch 1592/1600 (active points 15/22) [5h 21m 51s elapsed] ...   snr=+6.0dB [neural]  snr=+8.0dB [neural][ls]  snr=+10.0dB [neural][ls]  snr=+12.0dB [neural][ls]  snr=+14.0dB [neural][ls]  snr=+16.0dB [neural][ls]  snr=+18.0dB [neural][ls]  snr=+20.0dB [neural][ls]Done (11.40s)
Estimator batch 1593/1600 (active points 15/22) [5h 22m 03s elapsed] ...   snr=+6.0dB [neural]  snr=+8.0dB [neural][ls]  snr=+10.0dB [neural][ls]  snr=+12.0dB [neural][ls]  snr=+14.0dB [neural][ls]  snr=+16.0dB [neural][ls]  snr=+18.0dB [neural][ls]  snr=+20.0dB [neural][ls]Done (11.39s)
Estimator batch 1594/1600 (active points 15/22) [5h 22m 14s elapsed] ...   snr=+6.0dB [neural]  snr=+8.0dB [neural][ls]  snr=+10.0dB [neural][ls]  snr=+12.0dB [neural][ls]  snr=+14.0dB [neural][ls]  snr=+16.0dB [neural][ls]  snr=+18.0dB [neural][ls]  snr=+20.0dB [neural][ls]Done (11.41s)
Estimator batch 1595/1600 (active points 15/22) [5h 22m 25s elapsed] ...   snr=+6.0dB [neural]  snr=+8.0dB [neural][ls]  snr=+10.0dB [neural][ls]  snr=+12.0dB [neural][ls]  snr=+14.0dB [neural][ls]  snr=+16.0dB [neural][ls]  snr=+18.0dB [neural][ls]  snr=+20.0dB [neural][ls]Done (11.91s)
Estimator batch 1596/1600 (active points 15/22) [5h 22m 37s elapsed] ...   snr=+6.0dB [neural]  snr=+8.0dB [neural][ls]  snr=+10.0dB [neural][ls]  snr=+12.0dB [neural][ls]  snr=+14.0dB [neural][ls]  snr=+16.0dB [neural][ls]  snr=+18.0dB [neural][ls]  snr=+20.0dB [neural][ls]Done (11.42s)
Estimator batch 1597/1600 (active points 15/22) [5h 22m 49s elapsed] ...   snr=+6.0dB [neural]  snr=+8.0dB [neural][ls]  snr=+10.0dB [neural][ls]  snr=+12.0dB [neural][ls]  snr=+14.0dB [neural][ls]  snr=+16.0dB [neural][ls]  snr=+18.0dB [neural][ls]  snr=+20.0dB [neural][ls]Done (11.39s)
Estimator batch 1598/1600 (active points 15/22) [5h 23m 00s elapsed] ...   snr=+6.0dB [neural]  snr=+8.0dB [neural][ls]  snr=+10.0dB [neural][ls]  snr=+12.0dB [neural][ls]  snr=+14.0dB [neural][ls]  snr=+16.0dB [neural][ls]  snr=+18.0dB [neural][ls]  snr=+20.0dB [neural][ls]Done (11.40s)
Estimator batch 1599/1600 (active points 15/22) [5h 23m 12s elapsed] ...   snr=+6.0dB [neural]  snr=+8.0dB [neural][ls]  snr=+10.0dB [neural][ls]  snr=+12.0dB [neural][ls]  snr=+14.0dB [neural][ls]  snr=+16.0dB [neural][ls]  snr=+18.0dB [neural][ls]  snr=+20.0dB [neural][ls]Done (11.46s)
Estimator batch 1600/1600 (active points 15/22) [5h 23m 23s elapsed] ...   snr=+6.0dB [neural]  snr=+8.0dB [neural][ls]  snr=+10.0dB [neural][ls]  snr=+12.0dB [neural][ls]  snr=+14.0dB [neural][ls]  snr=+16.0dB [neural][ls]  snr=+18.0dB [neural][ls]  snr=+20.0dB [neural][ls]Done (11.38s)
Estimator: neural
  Eb/No= 0.0 dB | BER=6.617e-03 | BERub=6.685e-03 | Status=resolved | Stop=target_block_errors | Latency=487.133 ms
  Eb/No= 2.0 dB | BER=8.846e-04 | BERub=8.930e-04 | Status=resolved | Stop=target_block_errors | Latency=431.479 ms
  Eb/No= 4.0 dB | BER=7.323e-05 | BERub=7.401e-05 | Status=resolved | Stop=target_block_errors | Latency=433.917 ms
  Eb/No= 6.0 dB | BER=9.240e-06 | BERub=9.441e-06 | Status=resolved | Stop=max_batches | Latency=433.647 ms
  Eb/No= 8.0 dB | BER=1.235e-06 | BERub=1.310e-06 | Status=resolved | Stop=max_batches | Latency=432.959 ms
  Eb/No=10.0 dB | BER=0.000e+00 | BERub=4.762e-09 | Status=upper_bound_only | Stop=max_batches | Latency=432.756 ms
  Eb/No=12.0 dB | BER=0.000e+00 | BERub=4.762e-09 | Status=upper_bound_only | Stop=max_batches | Latency=432.557 ms
  Eb/No=14.0 dB | BER=0.000e+00 | BERub=4.762e-09 | Status=upper_bound_only | Stop=max_batches | Latency=432.347 ms
  Eb/No=16.0 dB | BER=0.000e+00 | BERub=4.762e-09 | Status=upper_bound_only | Stop=max_batches | Latency=432.162 ms
  Eb/No=18.0 dB | BER=0.000e+00 | BERub=4.762e-09 | Status=upper_bound_only | Stop=max_batches | Latency=432.720 ms
  Eb/No=20.0 dB | BER=0.000e+00 | BERub=4.762e-09 | Status=upper_bound_only | Stop=max_batches | Latency=432.646 ms
Estimator: ls
  Eb/No= 0.0 dB | BER=9.155e-02 | BERub=9.179e-02 | Status=resolved | Stop=target_block_errors | Latency=446.024 ms
  Eb/No= 2.0 dB | BER=1.424e-02 | BERub=1.434e-02 | Status=resolved | Stop=target_block_errors | Latency=440.064 ms
  Eb/No= 4.0 dB | BER=2.443e-03 | BERub=2.466e-03 | Status=resolved | Stop=target_block_errors | Latency=434.883 ms
  Eb/No= 6.0 dB | BER=2.781e-04 | BERub=2.807e-04 | Status=resolved | Stop=target_block_errors | Latency=437.220 ms
  Eb/No= 8.0 dB | BER=1.836e-05 | BERub=1.865e-05 | Status=resolved | Stop=max_batches | Latency=433.988 ms
  Eb/No=10.0 dB | BER=2.475e-06 | BERub=2.580e-06 | Status=resolved | Stop=max_batches | Latency=434.148 ms
  Eb/No=12.0 dB | BER=0.000e+00 | BERub=4.762e-09 | Status=upper_bound_only | Stop=max_batches | Latency=433.761 ms
  Eb/No=14.0 dB | BER=0.000e+00 | BERub=4.762e-09 | Status=upper_bound_only | Stop=max_batches | Latency=433.955 ms
  Eb/No=16.0 dB | BER=0.000e+00 | BERub=4.762e-09 | Status=upper_bound_only | Stop=max_batches | Latency=434.610 ms
  Eb/No=18.0 dB | BER=0.000e+00 | BERub=4.762e-09 | Status=upper_bound_only | Stop=max_batches | Latency=434.321 ms
  Eb/No=20.0 dB | BER=0.000e+00 | BERub=4.762e-09 | Status=upper_bound_only | Stop=max_batches | Latency=433.298 ms
[estimators] Done in 5h 23m 35s

Simulation complete. Total time: 5h 23m 36s
Wall-clock time (incl. setup): 5h 23m 36s
