stage,method,metric,ebno_db,value
resource_managers,static,ber,-5.0,0.1544342041015625
resource_managers,static,ber,-4.5,0.11852472478693182
resource_managers,static,ber,-4.0,0.09054414725597994
resource_managers,static,ber,-3.5,0.058572642008463544
resource_managers,static,ber,-3.0,0.046509619472789115
resource_managers,static,ber,-2.5,0.030628910771122685
resource_managers,static,ber,-2.0,0.018701280866350447
resource_managers,static,ber,-1.5,0.013996283213297525
resource_managers,static,ber,-1.0,0.010887940724690756
resource_managers,static,ber,-0.5,0.006495316823323567
resource_managers,static,ber,0.0,0.0046956539154052734
resource_managers,static,ber,0.5,0.0028949578603108725
resource_managers,static,ber,1.0,0.0019248326619466145
resource_managers,static,ber,1.5,0.0014389355977376301
resource_managers,static,ber,2.0,0.0010110537211100261
resource_managers,static,ber,2.5,0.0009842713673909504
resource_managers,static,ber,3.0,0.0006182193756103516
resource_managers,static,ber,3.5,0.00022617975870768228
resource_managers,static,ber,4.0,0.00023055076599121094
resource_managers,static,ber,4.5,0.00033783912658691406
resource_managers,static,ber,5.0,0.00042176246643066406
resource_managers,static,ber,5.5,0.00020241737365722656
resource_managers,static,ber,6.0,7.947285970052083e-08
resource_managers,static,ber,6.5,0.0001533031463623047
resource_managers,static,ber,7.0,0.00015878677368164062
resource_managers,static,ber,7.5,8.368492126464844e-05
resource_managers,static,ber,8.0,0.0
resource_managers,static,ber,8.5,0.0
resource_managers,static,ber,9.0,0.00010728836059570312
resource_managers,static,ber,9.5,0.0
resource_managers,static,ber,10.0,3.345807393391927e-05
resource_managers,static,ber_upper_confidence,-5.0,0.1548815712283707
resource_managers,static,ber_upper_confidence,-4.5,0.11888672837980264
resource_managers,static,ber_upper_confidence,-4.0,0.09083428632200212
resource_managers,static,ber_upper_confidence,-3.5,0.05876772954593772
resource_managers,static,ber_upper_confidence,-3.0,0.04666769839541696
resource_managers,static,ber_upper_confidence,-2.5,0.030735623826689616
resource_managers,static,ber_upper_confidence,-2.0,0.01876855277856921
resource_managers,static,ber_upper_confidence,-1.5,0.014050860934803523
resource_managers,static,ber_upper_confidence,-1.0,0.01093616674219903
resource_managers,static,ber_upper_confidence,-0.5,0.006532672698999111
resource_managers,static,ber_upper_confidence,0.0,0.004727460838428257
resource_managers,static,ber_upper_confidence,0.5,0.0029199781009075303
resource_managers,static,ber_upper_confidence,1.0,0.0019452642989975523
resource_managers,static,ber_upper_confidence,1.5,0.0014566201185930675
resource_managers,static,ber_upper_confidence,2.0,0.0010258982333718075
resource_managers,static,ber_upper_confidence,2.5,0.000998919589656472
resource_managers,static,ber_upper_confidence,3.0,0.0006298531196805374
resource_managers,static,ber_upper_confidence,3.5,0.00023326096179854
resource_managers,static,ber_upper_confidence,4.0,0.00023769899951963102
resource_managers,static,ber_upper_confidence,4.5,0.00034646878259499576
resource_managers,static,ber_upper_confidence,5.0,0.0004313914119387318
resource_managers,static,ber_upper_confidence,5.5,0.00020912225958526475
resource_managers,static,ber_upper_confidence,6.0,3.562331373748718e-07
resource_managers,static,ber_upper_confidence,6.5,0.0001591525132927482
resource_managers,static,ber_upper_confidence,7.0,0.00016473787900998636
resource_managers,static,ber_upper_confidence,7.5,8.803549429345895e-05
resource_managers,static,ber_upper_confidence,8.0,2.3807941067647855e-07
resource_managers,static,ber_upper_confidence,8.5,2.3807941067647855e-07
resource_managers,static,ber_upper_confidence,9.0,0.00011219979494783678
resource_managers,static,ber_upper_confidence,9.5,2.3807941067647855e-07
resource_managers,static,ber_upper_confidence,10.0,3.624985890957426e-05
resource_managers,static,latency_ms,-5.0,1125.7097833329867
resource_managers,static,latency_ms,-4.5,1078.1934424237897
resource_managers,static,latency_ms,-4.0,1063.723316666058
resource_managers,static,latency_ms,-3.5,907.701278334165
resource_managers,static,latency_ms,-3.0,827.6934119046806
resource_managers,static,latency_ms,-2.5,763.7939500006819
resource_managers,static,latency_ms,-2.0,708.0766958335109
resource_managers,static,latency_ms,-1.5,693.8740942711369
resource_managers,static,latency_ms,-1.0,694.3917255208866
resource_managers,static,latency_ms,-0.5,692.0745700520278
resource_managers,static,latency_ms,0.0,693.9080981767623
resource_managers,static,latency_ms,0.5,695.0606591146587
resource_managers,static,latency_ms,1.0,696.0428177080466
resource_managers,static,latency_ms,1.5,693.607828645809
resource_managers,static,latency_ms,2.0,691.2665684895663
resource_managers,static,latency_ms,2.5,689.5315778647549
resource_managers,static,latency_ms,3.0,690.0468466143642
resource_managers,static,latency_ms,3.5,687.8756067709722
resource_managers,static,latency_ms,4.0,696.7860598958559
resource_managers,static,latency_ms,4.5,686.5155192707838
resource_managers,static,latency_ms,5.0,684.9839278648623
resource_managers,static,latency_ms,5.5,689.6269614581732
resource_managers,static,latency_ms,6.0,694.2735223959452
resource_managers,static,latency_ms,6.5,695.595330208362
resource_managers,static,latency_ms,7.0,694.0964130212982
resource_managers,static,latency_ms,7.5,695.2611638023703
resource_managers,static,latency_ms,8.0,685.7211075522108
resource_managers,static,latency_ms,8.5,696.7000153647681
resource_managers,static,latency_ms,9.0,688.4451583333365
resource_managers,static,latency_ms,9.5,694.3487427086828
resource_managers,static,latency_ms,10.0,685.6333278649053
resource_managers,static,throughput_bits_per_batch,-5.0,83122.5
resource_managers,static,throughput_bits_per_batch,-4.5,86652.54545454546
resource_managers,static,throughput_bits_per_batch,-4.0,89403.14814814815
resource_managers,static,throughput_bits_per_batch,-3.5,92546.075
resource_managers,static,throughput_bits_per_batch,-3.0,93731.91836734694
resource_managers,static,throughput_bits_per_batch,-2.5,95293.05555555556
resource_managers,static,throughput_bits_per_batch,-2.0,96465.58928571429
resource_managers,static,throughput_bits_per_batch,-1.5,96928.109375
resource_managers,static,throughput_bits_per_batch,-1.0,97233.671875
resource_managers,static,throughput_bits_per_batch,-0.5,97665.484375
resource_managers,static,throughput_bits_per_batch,0.0,97842.3984375
resource_managers,static,throughput_bits_per_batch,0.5,98019.4140625
resource_managers,static,throughput_bits_per_batch,1.0,98114.78125
resource_managers,static,throughput_bits_per_batch,1.5,98162.546875
resource_managers,static,throughput_bits_per_batch,2.0,98204.609375
resource_managers,static,throughput_bits_per_batch,2.5,98207.2421875
resource_managers,static,throughput_bits_per_batch,3.0,98243.2265625
resource_managers,static,throughput_bits_per_batch,3.5,98281.765625
resource_managers,static,throughput_bits_per_batch,4.0,98281.3359375
resource_managers,static,throughput_bits_per_batch,4.5,98270.7890625
resource_managers,static,throughput_bits_per_batch,5.0,98262.5390625
resource_managers,static,throughput_bits_per_batch,5.5,98284.1015625
resource_managers,static,throughput_bits_per_batch,6.0,98303.9921875
resource_managers,static,throughput_bits_per_batch,6.5,98288.9296875
resource_managers,static,throughput_bits_per_batch,7.0,98288.390625
resource_managers,static,throughput_bits_per_batch,7.5,98295.7734375
resource_managers,static,throughput_bits_per_batch,8.0,98304.0
resource_managers,static,throughput_bits_per_batch,8.5,98304.0
resource_managers,static,throughput_bits_per_batch,9.0,98293.453125
resource_managers,static,throughput_bits_per_batch,9.5,98304.0
resource_managers,static,throughput_bits_per_batch,10.0,98300.7109375
resource_managers,static,energy_joules_per_batch,-5.0,0.00018645100000000008
resource_managers,static,energy_joules_per_batch,-4.5,0.00018645100000000008
resource_managers,static,energy_joules_per_batch,-4.0,0.000186451
resource_managers,static,energy_joules_per_batch,-3.5,0.00018645099999999997
resource_managers,static,energy_joules_per_batch,-3.0,0.00018645100000000008
resource_managers,static,energy_joules_per_batch,-2.5,0.00018645100000000024
resource_managers,static,energy_joules_per_batch,-2.0,0.0001864510000000004
resource_managers,static,energy_joules_per_batch,-1.5,0.00018645100000000043
resource_managers,static,energy_joules_per_batch,-1.0,0.00018645100000000043
resource_managers,static,energy_joules_per_batch,-0.5,0.00018645100000000043
resource_managers,static,energy_joules_per_batch,0.0,0.00018645100000000043
resource_managers,static,energy_joules_per_batch,0.5,0.00018645100000000043
resource_managers,static,energy_joules_per_batch,1.0,0.00018645100000000043
resource_managers,static,energy_joules_per_batch,1.5,0.00018645100000000043
resource_managers,static,energy_joules_per_batch,2.0,0.00018645100000000043
resource_managers,static,energy_joules_per_batch,2.5,0.00018645100000000043
resource_managers,static,energy_joules_per_batch,3.0,0.00018645100000000043
resource_managers,static,energy_joules_per_batch,3.5,0.00018645100000000043
resource_managers,static,energy_joules_per_batch,4.0,0.00018645100000000043
resource_managers,static,energy_joules_per_batch,4.5,0.00018645100000000043
resource_managers,static,energy_joules_per_batch,5.0,0.00018645100000000043
resource_managers,static,energy_joules_per_batch,5.5,0.00018645100000000043
resource_managers,static,energy_joules_per_batch,6.0,0.0001864510000000004
resource_managers,static,energy_joules_per_batch,6.5,0.00018645100000000043
resource_managers,static,energy_joules_per_batch,7.0,0.00018645100000000043
resource_managers,static,energy_joules_per_batch,7.5,0.00018645100000000043
resource_managers,static,energy_joules_per_batch,8.0,0.00018645100000000043
resource_managers,static,energy_joules_per_batch,8.5,0.00018645100000000043
resource_managers,static,energy_joules_per_batch,9.0,0.00018645100000000043
resource_managers,static,energy_joules_per_batch,9.5,0.00018645100000000043
resource_managers,static,energy_joules_per_batch,10.0,0.00018645100000000043
resource_managers,static,avg_power_w,-5.0,0.00016562972336258674
resource_managers,static,avg_power_w,-4.5,0.00017292907994399998
resource_managers,static,avg_power_w,-4.0,0.000175281482579867
resource_managers,static,avg_power_w,-3.5,0.00020541008859454213
resource_managers,static,avg_power_w,-3.0,0.00022526577754308896
resource_managers,static,avg_power_w,-2.5,0.0002441116481740053
resource_managers,static,avg_power_w,-2.0,0.0002633203452353703
resource_managers,static,avg_power_w,-1.5,0.0002687101327739485
resource_managers,static,avg_power_w,-1.0,0.0002685098239903957
resource_managers,static,avg_power_w,-0.5,0.0002694088297247848
resource_managers,static,avg_power_w,0.0,0.0002686969650446491
resource_managers,static,avg_power_w,0.5,0.0002682514073483809
resource_managers,static,avg_power_w,1.0,0.0002678728883575763
resource_managers,static,avg_power_w,1.5,0.00026881328655708076
resource_managers,static,avg_power_w,2.0,0.00026972373393870363
resource_managers,static,avg_power_w,2.5,0.000270402409382578
resource_managers,static,avg_power_w,3.0,0.00027020049568344655
resource_managers,static,avg_power_w,3.5,0.0002710533680286168
resource_managers,static,avg_power_w,4.0,0.0002675871558450352
resource_managers,static,avg_power_w,4.5,0.00027159036433444146
resource_managers,static,avg_power_w,5.0,0.00027219762744095304
resource_managers,static,avg_power_w,5.5,0.00027036500952016347
resource_managers,static,avg_power_w,6.0,0.0002685555389705142
resource_managers,static,avg_power_w,6.5,0.00026804521523189346
resource_managers,static,avg_power_w,7.0,0.00026862406504653583
resource_managers,static,avg_power_w,7.5,0.0002681740469729438
resource_managers,static,avg_power_w,8.0,0.0002719050032826998
resource_managers,static,avg_power_w,8.5,0.00026762020365735334
resource_managers,static,avg_power_w,9.0,0.00027082912522964273
resource_managers,static,avg_power_w,9.5,0.0002685264457636194
resource_managers,static,avg_power_w,10.0,0.0002719398145078765
resource_managers,static,runtime_sec,-5.0,21.876961800015124
resource_managers,static,runtime_sec,-4.5,25.69328239999595
resource_managers,static,runtime_sec,-4.0,31.09774839997408
resource_managers,static,runtime_sec,-3.5,39.20676410001033
resource_managers,static,runtime_sec,-3.0,43.76713509998808
resource_managers,static,runtime_sec,-2.5,59.339878500009945
resource_managers,static,runtime_sec,-2.0,85.31909490001999
resource_managers,static,runtime_sec,-1.5,95.59533170000213
resource_managers,static,runtime_sec,-1.0,95.59194300000672
resource_managers,static,runtime_sec,-0.5,95.26945070001238
resource_managers,static,runtime_sec,0.0,95.5623182999916
resource_managers,static,runtime_sec,0.5,95.70430970004236
resource_managers,static,runtime_sec,1.0,95.7637606999997
resource_managers,static,runtime_sec,1.5,95.58859640003357
resource_managers,static,runtime_sec,2.0,95.25328680004168
resource_managers,static,runtime_sec,2.5,94.97984669999278
resource_managers,static,runtime_sec,3.0,95.01332999998704
resource_managers,static,runtime_sec,3.5,94.69630319999851
resource_managers,static,runtime_sec,4.0,95.89603470000293
resource_managers,static,runtime_sec,4.5,94.52611990000878
resource_managers,static,runtime_sec,5.0,94.32479749999038
resource_managers,static,runtime_sec,5.5,94.979748200014
resource_managers,static,runtime_sec,6.0,96.35350459996698
resource_managers,static,runtime_sec,6.5,96.61564799999178
resource_managers,static,runtime_sec,7.0,96.49355840001226
resource_managers,static,runtime_sec,7.5,96.59297189999779
resource_managers,static,runtime_sec,8.0,95.26550810004846
resource_managers,static,runtime_sec,8.5,96.81568559999869
resource_managers,static,runtime_sec,9.0,95.62005559998943
resource_managers,static,runtime_sec,9.5,96.38867939999182
resource_managers,static,runtime_sec,10.0,95.22168940001575
resource_managers,static,bit_errors,-5.0,273267.0
resource_managers,static,bit_errors,-4.5,256332.0
resource_managers,static,bit_errors,-4.0,240323.0
resource_managers,static,bit_errors,-3.5,230317.0
resource_managers,static,bit_errors,-3.0,224032.0
resource_managers,static,bit_errors,-2.5,216788.0
resource_managers,static,bit_errors,-2.0,205902.0
resource_managers,static,bit_errors,-1.5,176114.0
resource_managers,static,bit_errors,-1.0,137002.0
resource_managers,static,bit_errors,-0.5,81730.0
resource_managers,static,bit_errors,0.0,59085.0
resource_managers,static,bit_errors,0.5,36427.0
resource_managers,static,bit_errors,1.0,24220.0
resource_managers,static,bit_errors,1.5,18106.0
resource_managers,static,bit_errors,2.0,12722.0
resource_managers,static,bit_errors,2.5,12385.0
resource_managers,static,bit_errors,3.0,7779.0
resource_managers,static,bit_errors,3.5,2846.0
resource_managers,static,bit_errors,4.0,2901.0
resource_managers,static,bit_errors,4.5,4251.0
resource_managers,static,bit_errors,5.0,5307.0
resource_managers,static,bit_errors,5.5,2547.0
resource_managers,static,bit_errors,6.0,1.0
resource_managers,static,bit_errors,6.5,1929.0
resource_managers,static,bit_errors,7.0,1998.0
resource_managers,static,bit_errors,7.5,1053.0
resource_managers,static,bit_errors,8.0,0.0
resource_managers,static,bit_errors,8.5,0.0
resource_managers,static,bit_errors,9.0,1350.0
resource_managers,static,bit_errors,9.5,0.0
resource_managers,static,bit_errors,10.0,421.0
resource_managers,static,total_bits,-5.0,1769472.0
resource_managers,static,total_bits,-4.5,2162688.0
resource_managers,static,total_bits,-4.0,2654208.0
resource_managers,static,total_bits,-3.5,3932160.0
resource_managers,static,total_bits,-3.0,4816896.0
resource_managers,static,total_bits,-2.5,7077888.0
resource_managers,static,total_bits,-2.0,11010048.0
resource_managers,static,total_bits,-1.5,12582912.0
resource_managers,static,total_bits,-1.0,12582912.0
resource_managers,static,total_bits,-0.5,12582912.0
resource_managers,static,total_bits,0.0,12582912.0
resource_managers,static,total_bits,0.5,12582912.0
resource_managers,static,total_bits,1.0,12582912.0
resource_managers,static,total_bits,1.5,12582912.0
resource_managers,static,total_bits,2.0,12582912.0
resource_managers,static,total_bits,2.5,12582912.0
resource_managers,static,total_bits,3.0,12582912.0
resource_managers,static,total_bits,3.5,12582912.0
resource_managers,static,total_bits,4.0,12582912.0
resource_managers,static,total_bits,4.5,12582912.0
resource_managers,static,total_bits,5.0,12582912.0
resource_managers,static,total_bits,5.5,12582912.0
resource_managers,static,total_bits,6.0,12582912.0
resource_managers,static,total_bits,6.5,12582912.0
resource_managers,static,total_bits,7.0,12582912.0
resource_managers,static,total_bits,7.5,12582912.0
resource_managers,static,total_bits,8.0,12582912.0
resource_managers,static,total_bits,8.5,12582912.0
resource_managers,static,total_bits,9.0,12582912.0
resource_managers,static,total_bits,9.5,12582912.0
resource_managers,static,total_bits,10.0,12582912.0
resource_managers,static,block_errors,-5.0,1016.0
resource_managers,static,block_errors,-4.5,1015.0
resource_managers,static,block_errors,-4.0,1011.0
resource_managers,static,block_errors,-3.5,1015.0
resource_managers,static,block_errors,-3.0,1008.0
resource_managers,static,block_errors,-2.5,1002.0
resource_managers,static,block_errors,-2.0,1005.0
resource_managers,static,block_errors,-1.5,818.0
resource_managers,static,block_errors,-1.0,602.0
resource_managers,static,block_errors,-0.5,367.0
resource_managers,static,block_errors,0.0,245.0
resource_managers,static,block_errors,0.5,170.0
resource_managers,static,block_errors,1.0,97.0
resource_managers,static,block_errors,1.5,69.0
resource_managers,static,block_errors,2.0,49.0
resource_managers,static,block_errors,2.5,49.0
resource_managers,static,block_errors,3.0,30.0
resource_managers,static,block_errors,3.5,12.0
resource_managers,static,block_errors,4.0,13.0
resource_managers,static,block_errors,4.5,15.0
resource_managers,static,block_errors,5.0,15.0
resource_managers,static,block_errors,5.5,7.0
resource_managers,static,block_errors,6.0,1.0
resource_managers,static,block_errors,6.5,5.0
resource_managers,static,block_errors,7.0,5.0
resource_managers,static,block_errors,7.5,3.0
resource_managers,static,block_errors,8.0,0.0
resource_managers,static,block_errors,8.5,0.0
resource_managers,static,block_errors,9.0,3.0
resource_managers,static,block_errors,9.5,0.0
resource_managers,static,block_errors,10.0,1.0
resource_managers,static,total_blocks,-5.0,1152.0
resource_managers,static,total_blocks,-4.5,1408.0
resource_managers,static,total_blocks,-4.0,1728.0
resource_managers,static,total_blocks,-3.5,2560.0
resource_managers,static,total_blocks,-3.0,3136.0
resource_managers,static,total_blocks,-2.5,4608.0
resource_managers,static,total_blocks,-2.0,7168.0
resource_managers,static,total_blocks,-1.5,8192.0
resource_managers,static,total_blocks,-1.0,8192.0
resource_managers,static,total_blocks,-0.5,8192.0
resource_managers,static,total_blocks,0.0,8192.0
resource_managers,static,total_blocks,0.5,8192.0
resource_managers,static,total_blocks,1.0,8192.0
resource_managers,static,total_blocks,1.5,8192.0
resource_managers,static,total_blocks,2.0,8192.0
resource_managers,static,total_blocks,2.5,8192.0
resource_managers,static,total_blocks,3.0,8192.0
resource_managers,static,total_blocks,3.5,8192.0
resource_managers,static,total_blocks,4.0,8192.0
resource_managers,static,total_blocks,4.5,8192.0
resource_managers,static,total_blocks,5.0,8192.0
resource_managers,static,total_blocks,5.5,8192.0
resource_managers,static,total_blocks,6.0,8192.0
resource_managers,static,total_blocks,6.5,8192.0
resource_managers,static,total_blocks,7.0,8192.0
resource_managers,static,total_blocks,7.5,8192.0
resource_managers,static,total_blocks,8.0,8192.0
resource_managers,static,total_blocks,8.5,8192.0
resource_managers,static,total_blocks,9.0,8192.0
resource_managers,static,total_blocks,9.5,8192.0
resource_managers,static,total_blocks,10.0,8192.0
resource_managers,static,num_batches,-5.0,18.0
resource_managers,static,num_batches,-4.5,22.0
resource_managers,static,num_batches,-4.0,27.0
resource_managers,static,num_batches,-3.5,40.0
resource_managers,static,num_batches,-3.0,49.0
resource_managers,static,num_batches,-2.5,72.0
resource_managers,static,num_batches,-2.0,112.0
resource_managers,static,num_batches,-1.5,128.0
resource_managers,static,num_batches,-1.0,128.0
resource_managers,static,num_batches,-0.5,128.0
resource_managers,static,num_batches,0.0,128.0
resource_managers,static,num_batches,0.5,128.0
resource_managers,static,num_batches,1.0,128.0
resource_managers,static,num_batches,1.5,128.0
resource_managers,static,num_batches,2.0,128.0
resource_managers,static,num_batches,2.5,128.0
resource_managers,static,num_batches,3.0,128.0
resource_managers,static,num_batches,3.5,128.0
resource_managers,static,num_batches,4.0,128.0
resource_managers,static,num_batches,4.5,128.0
resource_managers,static,num_batches,5.0,128.0
resource_managers,static,num_batches,5.5,128.0
resource_managers,static,num_batches,6.0,128.0
resource_managers,static,num_batches,6.5,128.0
resource_managers,static,num_batches,7.0,128.0
resource_managers,static,num_batches,7.5,128.0
resource_managers,static,num_batches,8.0,128.0
resource_managers,static,num_batches,8.5,128.0
resource_managers,static,num_batches,9.0,128.0
resource_managers,static,num_batches,9.5,128.0
resource_managers,static,num_batches,10.0,128.0
resource_managers,static,stop_reason,-5.0,target_block_errors
resource_managers,static,stop_reason,-4.5,target_block_errors
resource_managers,static,stop_reason,-4.0,target_block_errors
resource_managers,static,stop_reason,-3.5,target_block_errors
resource_managers,static,stop_reason,-3.0,target_block_errors
resource_managers,static,stop_reason,-2.5,target_block_errors
resource_managers,static,stop_reason,-2.0,target_block_errors
resource_managers,static,stop_reason,-1.5,max_batches
resource_managers,static,stop_reason,-1.0,max_batches
resource_managers,static,stop_reason,-0.5,max_batches
resource_managers,static,stop_reason,0.0,max_batches
resource_managers,static,stop_reason,0.5,max_batches
resource_managers,static,stop_reason,1.0,max_batches
resource_managers,static,stop_reason,1.5,max_batches
resource_managers,static,stop_reason,2.0,max_batches
resource_managers,static,stop_reason,2.5,max_batches
resource_managers,static,stop_reason,3.0,max_batches
resource_managers,static,stop_reason,3.5,max_batches
resource_managers,static,stop_reason,4.0,max_batches
resource_managers,static,stop_reason,4.5,max_batches
resource_managers,static,stop_reason,5.0,max_batches
resource_managers,static,stop_reason,5.5,max_batches
resource_managers,static,stop_reason,6.0,max_batches
resource_managers,static,stop_reason,6.5,max_batches
resource_managers,static,stop_reason,7.0,max_batches
resource_managers,static,stop_reason,7.5,max_batches
resource_managers,static,stop_reason,8.0,max_batches
resource_managers,static,stop_reason,8.5,max_batches
resource_managers,static,stop_reason,9.0,max_batches
resource_managers,static,stop_reason,9.5,max_batches
resource_managers,static,stop_reason,10.0,max_batches
resource_managers,static,point_status,-5.0,resolved
resource_managers,static,point_status,-4.5,resolved
resource_managers,static,point_status,-4.0,resolved
resource_managers,static,point_status,-3.5,resolved
resource_managers,static,point_status,-3.0,resolved
resource_managers,static,point_status,-2.5,resolved
resource_managers,static,point_status,-2.0,resolved
resource_managers,static,point_status,-1.5,resolved
resource_managers,static,point_status,-1.0,resolved
resource_managers,static,point_status,-0.5,resolved
resource_managers,static,point_status,0.0,resolved
resource_managers,static,point_status,0.5,resolved
resource_managers,static,point_status,1.0,resolved
resource_managers,static,point_status,1.5,resolved
resource_managers,static,point_status,2.0,resolved
resource_managers,static,point_status,2.5,resolved
resource_managers,static,point_status,3.0,resolved
resource_managers,static,point_status,3.5,resolved
resource_managers,static,point_status,4.0,resolved
resource_managers,static,point_status,4.5,resolved
resource_managers,static,point_status,5.0,resolved
resource_managers,static,point_status,5.5,resolved
resource_managers,static,point_status,6.0,upper_bound_only
resource_managers,static,point_status,6.5,resolved
resource_managers,static,point_status,7.0,resolved
resource_managers,static,point_status,7.5,resolved
resource_managers,static,point_status,8.0,upper_bound_only
resource_managers,static,point_status,8.5,upper_bound_only
resource_managers,static,point_status,9.0,resolved
resource_managers,static,point_status,9.5,upper_bound_only
resource_managers,static,point_status,10.0,resolved
resource_managers,static,runtime_total_sec,,2600.413343700151
resource_managers,round_robin,ber,-5.0,0.07345220094086022
resource_managers,round_robin,ber,-4.5,0.043391636439732144
resource_managers,round_robin,ber,-4.0,0.02769168217976888
resource_managers,round_robin,ber,-3.5,0.018008708953857422
resource_managers,round_robin,ber,-3.0,0.01103067398071289
resource_managers,round_robin,ber,-2.5,0.007883071899414062
resource_managers,round_robin,ber,-2.0,0.004619121551513672
resource_managers,round_robin,ber,-1.5,0.0028486251831054688
resource_managers,round_robin,ber,-1.0,0.002576033274332682
resource_managers,round_robin,ber,-0.5,0.002132892608642578
resource_managers,round_robin,ber,0.0,0.0014220873514811199
resource_managers,round_robin,ber,0.5,0.0006314913431803385
resource_managers,round_robin,ber,1.0,0.0005127588907877604
resource_managers,round_robin,ber,1.5,0.0008187294006347656
resource_managers,round_robin,ber,2.0,0.0005038579305013021
resource_managers,round_robin,ber,2.5,0.00043900807698567707
resource_managers,round_robin,ber,3.0,0.00018676122029622397
resource_managers,round_robin,ber,3.5,6.198883056640625e-05
resource_managers,round_robin,ber,4.0,6.469090779622395e-05
resource_managers,round_robin,ber,4.5,0.00016069412231445312
resource_managers,round_robin,ber,5.0,0.00021044413248697916
resource_managers,round_robin,ber,5.5,8.805592854817708e-05
resource_managers,round_robin,ber,6.0,0.0
resource_managers,round_robin,ber,6.5,0.00015370051066080728
resource_managers,round_robin,ber,7.0,8.185704549153645e-05
resource_managers,round_robin,ber,7.5,0.0
resource_managers,round_robin,ber,8.0,0.0
resource_managers,round_robin,ber,8.5,5.0226847330729164e-05
resource_managers,round_robin,ber,9.0,9.314219156901042e-05
resource_managers,round_robin,ber,9.5,0.0
resource_managers,round_robin,ber,10.0,9.218851725260417e-05
resource_managers,round_robin,ber_upper_confidence,-5.0,0.073698388453538
resource_managers,round_robin,ber_upper_confidence,-4.5,0.04354458417867562
resource_managers,round_robin,ber_upper_confidence,-4.0,0.02779948943952217
resource_managers,round_robin,ber_upper_confidence,-3.5,0.018096122537815795
resource_managers,round_robin,ber_upper_confidence,-3.0,0.011099377234567108
resource_managers,round_robin,ber_upper_confidence,-2.5,0.00794127760441675
resource_managers,round_robin,ber_upper_confidence,-2.0,0.0046638008735207116
resource_managers,round_robin,ber_upper_confidence,-1.5,0.002883789838589619
resource_managers,round_robin,ber_upper_confidence,-1.0,0.0026094883465744706
resource_managers,round_robin,ber_upper_confidence,-0.5,0.0021633607436012843
resource_managers,round_robin,ber_upper_confidence,0.0,0.0014470145620892666
resource_managers,round_robin,ber_upper_confidence,0.5,0.0006481814523850974
resource_managers,round_robin,ber_upper_confidence,1.0,0.0005278208089600704
resource_managers,round_robin,ber_upper_confidence,1.5,0.0008377014536117614
resource_managers,round_robin,ber_upper_confidence,2.0,0.0005187905158547109
resource_managers,round_robin,ber_upper_confidence,2.5,0.000452961603698358
resource_managers,round_robin,ber_upper_confidence,3.0,0.00019593969113819955
resource_managers,round_robin,ber_upper_confidence,3.5,6.737120881747701e-05
resource_managers,round_robin,ber_upper_confidence,4.0,7.018450817726958e-05
resource_managers,round_robin,ber_upper_confidence,4.5,0.00016922406245829864
resource_managers,round_robin,ber_upper_confidence,5.0,0.00022017354064480225
resource_managers,round_robin,ber_upper_confidence,5.5,9.442801408928261e-05
resource_managers,round_robin,ber_upper_confidence,6.0,4.761588213529571e-07
resource_managers,round_robin,ber_upper_confidence,6.5,0.0001620476537346667
resource_managers,round_robin,ber_upper_confidence,7.0,8.800875034135273e-05
resource_managers,round_robin,ber_upper_confidence,7.5,4.761588213529571e-07
resource_managers,round_robin,ber_upper_confidence,8.0,4.761588213529571e-07
resource_managers,round_robin,ber_upper_confidence,8.5,5.509419808922439e-05
resource_managers,round_robin,ber_upper_confidence,9.0,9.968937429217145e-05
resource_managers,round_robin,ber_upper_confidence,9.5,4.761588213529571e-07
resource_managers,round_robin,ber_upper_confidence,10.0,9.870324011512304e-05
resource_managers,round_robin,latency_ms,-5.0,813.5639849460798
resource_managers,round_robin,latency_ms,-4.5,725.2268772112075
resource_managers,round_robin,latency_ms,-4.0,694.145690364592
resource_managers,round_robin,latency_ms,-3.5,693.2098786460009
resource_managers,round_robin,latency_ms,-3.0,687.0375255210482
resource_managers,round_robin,latency_ms,-2.5,691.0185872394826
resource_managers,round_robin,latency_ms,-2.0,697.9008677082838
resource_managers,round_robin,latency_ms,-1.5,692.5797966143526
resource_managers,round_robin,latency_ms,-1.0,692.6118286462773
resource_managers,round_robin,latency_ms,-0.5,696.2950317711424
resource_managers,round_robin,latency_ms,0.0,693.1120927085593
resource_managers,round_robin,latency_ms,0.5,692.849521614817
resource_managers,round_robin,latency_ms,1.0,693.1113848961267
resource_managers,round_robin,latency_ms,1.5,693.8633817709664
resource_managers,round_robin,latency_ms,2.0,690.8604747401049
resource_managers,round_robin,latency_ms,2.5,692.9935122395526
resource_managers,round_robin,latency_ms,3.0,690.7614161458745
resource_managers,round_robin,latency_ms,3.5,692.6183567702245
resource_managers,round_robin,latency_ms,4.0,696.8113294268783
resource_managers,round_robin,latency_ms,4.5,687.4380653644884
resource_managers,round_robin,latency_ms,5.0,686.8662552081154
resource_managers,round_robin,latency_ms,5.5,695.0794950523394
resource_managers,round_robin,latency_ms,6.0,694.0976825516422
resource_managers,round_robin,latency_ms,6.5,695.6526278645177
resource_managers,round_robin,latency_ms,7.0,690.4560583337505
resource_managers,round_robin,latency_ms,7.5,695.5923091146864
resource_managers,round_robin,latency_ms,8.0,683.1825348960186
resource_managers,round_robin,latency_ms,8.5,692.8656450523071
resource_managers,round_robin,latency_ms,9.0,688.1203434894863
resource_managers,round_robin,latency_ms,9.5,688.148122396199
resource_managers,round_robin,latency_ms,10.0,688.1419630212512
resource_managers,round_robin,throughput_bits_per_batch,-5.0,45541.67741935484
resource_managers,round_robin,throughput_bits_per_batch,-4.5,47019.21428571428
resource_managers,round_robin,throughput_bits_per_batch,-4.0,47790.8984375
resource_managers,round_robin,throughput_bits_per_batch,-3.5,48266.8359375
resource_managers,round_robin,throughput_bits_per_batch,-3.0,48609.8203125
resource_managers,round_robin,throughput_bits_per_batch,-2.5,48764.53125
resource_managers,round_robin,throughput_bits_per_batch,-2.0,48924.9609375
resource_managers,round_robin,throughput_bits_per_batch,-1.5,49011.984375
resource_managers,round_robin,throughput_bits_per_batch,-1.0,49025.3828125
resource_managers,round_robin,throughput_bits_per_batch,-0.5,49047.1640625
resource_managers,round_robin,throughput_bits_per_batch,0.0,49082.1015625
resource_managers,round_robin,throughput_bits_per_batch,0.5,49120.9609375
resource_managers,round_robin,throughput_bits_per_batch,1.0,49126.796875
resource_managers,round_robin,throughput_bits_per_batch,1.5,49111.7578125
resource_managers,round_robin,throughput_bits_per_batch,2.0,49127.234375
resource_managers,round_robin,throughput_bits_per_batch,2.5,49130.421875
resource_managers,round_robin,throughput_bits_per_batch,3.0,49142.8203125
resource_managers,round_robin,throughput_bits_per_batch,3.5,49148.953125
resource_managers,round_robin,throughput_bits_per_batch,4.0,49148.8203125
resource_managers,round_robin,throughput_bits_per_batch,4.5,49144.1015625
resource_managers,round_robin,throughput_bits_per_batch,5.0,49141.65625
resource_managers,round_robin,throughput_bits_per_batch,5.5,49147.671875
resource_managers,round_robin,throughput_bits_per_batch,6.0,49152.0
resource_managers,round_robin,throughput_bits_per_batch,6.5,49144.4453125
resource_managers,round_robin,throughput_bits_per_batch,7.0,49147.9765625
resource_managers,round_robin,throughput_bits_per_batch,7.5,49152.0
resource_managers,round_robin,throughput_bits_per_batch,8.0,49152.0
resource_managers,round_robin,throughput_bits_per_batch,8.5,49149.53125
resource_managers,round_robin,throughput_bits_per_batch,9.0,49147.421875
resource_managers,round_robin,throughput_bits_per_batch,9.5,49152.0
resource_managers,round_robin,throughput_bits_per_batch,10.0,49147.46875
resource_managers,round_robin,energy_joules_per_batch,-5.0,0.00018645100000000016
resource_managers,round_robin,energy_joules_per_batch,-4.5,0.00018645100000000035
resource_managers,round_robin,energy_joules_per_batch,-4.0,0.00018645100000000043
resource_managers,round_robin,energy_joules_per_batch,-3.5,0.00018645100000000043
resource_managers,round_robin,energy_joules_per_batch,-3.0,0.00018645100000000043
resource_managers,round_robin,energy_joules_per_batch,-2.5,0.00018645100000000043
resource_managers,round_robin,energy_joules_per_batch,-2.0,0.00018645100000000043
resource_managers,round_robin,energy_joules_per_batch,-1.5,0.00018645100000000043
resource_managers,round_robin,energy_joules_per_batch,-1.0,0.00018645100000000043
resource_managers,round_robin,energy_joules_per_batch,-0.5,0.00018645100000000043
resource_managers,round_robin,energy_joules_per_batch,0.0,0.00018645100000000043
resource_managers,round_robin,energy_joules_per_batch,0.5,0.00018645100000000043
resource_managers,round_robin,energy_joules_per_batch,1.0,0.0001864510000000004
resource_managers,round_robin,energy_joules_per_batch,1.5,0.00018645100000000043
resource_managers,round_robin,energy_joules_per_batch,2.0,0.00018645100000000043
resource_managers,round_robin,energy_joules_per_batch,2.5,0.00018645100000000043
resource_managers,round_robin,energy_joules_per_batch,3.0,0.00018645100000000043
resource_managers,round_robin,energy_joules_per_batch,3.5,0.00018645100000000043
resource_managers,round_robin,energy_joules_per_batch,4.0,0.00018645100000000043
resource_managers,round_robin,energy_joules_per_batch,4.5,0.00018645100000000043
resource_managers,round_robin,energy_joules_per_batch,5.0,0.00018645100000000043
resource_managers,round_robin,energy_joules_per_batch,5.5,0.00018645100000000043
resource_managers,round_robin,energy_joules_per_batch,6.0,0.00018645100000000043
resource_managers,round_robin,energy_joules_per_batch,6.5,0.0001864510000000004
resource_managers,round_robin,energy_joules_per_batch,7.0,0.00018645100000000043
resource_managers,round_robin,energy_joules_per_batch,7.5,0.00018645100000000043
resource_managers,round_robin,energy_joules_per_batch,8.0,0.00018645100000000043
resource_managers,round_robin,energy_joules_per_batch,8.5,0.00018645100000000043
resource_managers,round_robin,energy_joules_per_batch,9.0,0.00018645100000000043
resource_managers,round_robin,energy_joules_per_batch,9.5,0.00018645100000000043
resource_managers,round_robin,energy_joules_per_batch,10.0,0.00018645100000000043
resource_managers,round_robin,avg_power_w,-5.0,0.00022917804063359254
resource_managers,round_robin,avg_power_w,-4.5,0.00025709333983453607
resource_managers,round_robin,avg_power_w,-4.0,0.00026860499544709295
resource_managers,round_robin,avg_power_w,-3.5,0.00026896760381456524
resource_managers,round_robin,avg_power_w,-3.0,0.0002713840118974524
resource_managers,round_robin,avg_power_w,-2.5,0.0002698205279033733
resource_managers,round_robin,avg_power_w,-2.0,0.00026715971942011576
resource_managers,round_robin,avg_power_w,-1.5,0.0002692123000287596
resource_managers,round_robin,avg_power_w,-1.0,0.0002691998494516364
resource_managers,round_robin,avg_power_w,-0.5,0.0002677758586410293
resource_managers,round_robin,avg_power_w,0.0,0.0002690055504173689
resource_managers,round_robin,avg_power_w,0.5,0.0002691074961925947
resource_managers,round_robin,avg_power_w,1.0,0.00026900582512858726
resource_managers,round_robin,avg_power_w,1.5,0.00026871428136777655
resource_managers,round_robin,avg_power_w,2.0,0.00026988227987733923
resource_managers,round_robin,avg_power_w,2.5,0.0002690515808689828
resource_managers,round_robin,avg_power_w,3.0,0.000269920982327458
resource_managers,round_robin,avg_power_w,3.5,0.0002691973121669014
resource_managers,round_robin,avg_power_w,4.0,0.0002675774519242603
resource_managers,round_robin,avg_power_w,4.5,0.0002712258884022399
resource_managers,round_robin,avg_power_w,5.0,0.00027145168158465897
resource_managers,round_robin,avg_power_w,5.5,0.0002682441380118121
resource_managers,round_robin,avg_power_w,6.0,0.00026862357372318144
resource_managers,round_robin,avg_power_w,6.5,0.00026802313760009656
resource_managers,round_robin,avg_power_w,7.0,0.0002700403562971915
resource_managers,round_robin,avg_power_w,7.5,0.00026804637940477737
resource_managers,round_robin,avg_power_w,8.0,0.00027291534908511464
resource_managers,round_robin,avg_power_w,8.5,0.000269101233884853
resource_managers,round_robin,avg_power_w,9.0,0.00027095696525189153
resource_managers,round_robin,avg_power_w,9.5,0.0002709460273621903
resource_managers,round_robin,avg_power_w,10.0,0.0002709484525277271
resource_managers,round_robin,runtime_sec,-5.0,54.25501780000923
resource_managers,round_robin,runtime_sec,-4.5,76.35665149995475
resource_managers,round_robin,runtime_sec,-4.0,95.48200650003855
resource_managers,round_robin,runtime_sec,-3.5,95.40036989998771
resource_managers,round_robin,runtime_sec,-3.0,94.46251220004342
resource_managers,round_robin,runtime_sec,-2.5,95.0689416000314
resource_managers,round_robin,runtime_sec,-2.0,95.96046330001263
resource_managers,round_robin,runtime_sec,-1.5,95.2528693999775
resource_managers,round_robin,runtime_sec,-1.0,95.26845630002208
resource_managers,round_robin,runtime_sec,-0.5,95.74924309999187
resource_managers,round_robin,runtime_sec,0.0,95.34822189997794
resource_managers,round_robin,runtime_sec,0.5,95.30573300000106
resource_managers,round_robin,runtime_sec,1.0,95.33296780002274
resource_managers,round_robin,runtime_sec,1.5,95.45279329999903
resource_managers,round_robin,runtime_sec,2.0,94.99383509998006
resource_managers,round_robin,runtime_sec,2.5,95.25588649994461
resource_managers,round_robin,runtime_sec,3.0,94.94249559999298
resource_managers,round_robin,runtime_sec,3.5,95.22518820003461
resource_managers,round_robin,runtime_sec,4.0,95.83157910004957
resource_managers,round_robin,runtime_sec,4.5,94.51762999998755
resource_managers,round_robin,runtime_sec,5.0,94.42815440003324
resource_managers,round_robin,runtime_sec,5.5,95.50884360000055
resource_managers,round_robin,runtime_sec,6.0,95.41986560007354
resource_managers,round_robin,runtime_sec,6.5,95.58921760001249
resource_managers,round_robin,runtime_sec,7.0,94.9517823999704
resource_managers,round_robin,runtime_sec,7.5,95.63542730006884
resource_managers,round_robin,runtime_sec,8.0,93.91563690001931
resource_managers,round_robin,runtime_sec,8.5,95.26326930001233
resource_managers,round_robin,runtime_sec,9.0,95.46024480002961
resource_managers,round_robin,runtime_sec,9.5,95.47505410001759
resource_managers,round_robin,runtime_sec,10.0,95.44061750003311
resource_managers,round_robin,bit_errors,-5.0,223840.0
resource_managers,round_robin,bit_errors,-4.5,209013.0
resource_managers,round_robin,bit_errors,-4.0,174221.0
resource_managers,round_robin,bit_errors,-3.5,113301.0
resource_managers,round_robin,bit_errors,-3.0,69399.0
resource_managers,round_robin,bit_errors,-2.5,49596.0
resource_managers,round_robin,bit_errors,-2.0,29061.0
resource_managers,round_robin,bit_errors,-1.5,17922.0
resource_managers,round_robin,bit_errors,-1.0,16207.0
resource_managers,round_robin,bit_errors,-0.5,13419.0
resource_managers,round_robin,bit_errors,0.0,8947.0
resource_managers,round_robin,bit_errors,0.5,3973.0
resource_managers,round_robin,bit_errors,1.0,3226.0
resource_managers,round_robin,bit_errors,1.5,5151.0
resource_managers,round_robin,bit_errors,2.0,3170.0
resource_managers,round_robin,bit_errors,2.5,2762.0
resource_managers,round_robin,bit_errors,3.0,1175.0
resource_managers,round_robin,bit_errors,3.5,390.0
resource_managers,round_robin,bit_errors,4.0,407.0
resource_managers,round_robin,bit_errors,4.5,1011.0
resource_managers,round_robin,bit_errors,5.0,1324.0
resource_managers,round_robin,bit_errors,5.5,554.0
resource_managers,round_robin,bit_errors,6.0,0.0
resource_managers,round_robin,bit_errors,6.5,967.0
resource_managers,round_robin,bit_errors,7.0,515.0
resource_managers,round_robin,bit_errors,7.5,0.0
resource_managers,round_robin,bit_errors,8.0,0.0
resource_managers,round_robin,bit_errors,8.5,316.0
resource_managers,round_robin,bit_errors,9.0,586.0
resource_managers,round_robin,bit_errors,9.5,0.0
resource_managers,round_robin,bit_errors,10.0,580.0
resource_managers,round_robin,total_bits,-5.0,3047424.0
resource_managers,round_robin,total_bits,-4.5,4816896.0
resource_managers,round_robin,total_bits,-4.0,6291456.0
resource_managers,round_robin,total_bits,-3.5,6291456.0
resource_managers,round_robin,total_bits,-3.0,6291456.0
resource_managers,round_robin,total_bits,-2.5,6291456.0
resource_managers,round_robin,total_bits,-2.0,6291456.0
resource_managers,round_robin,total_bits,-1.5,6291456.0
resource_managers,round_robin,total_bits,-1.0,6291456.0
resource_managers,round_robin,total_bits,-0.5,6291456.0
resource_managers,round_robin,total_bits,0.0,6291456.0
resource_managers,round_robin,total_bits,0.5,6291456.0
resource_managers,round_robin,total_bits,1.0,6291456.0
resource_managers,round_robin,total_bits,1.5,6291456.0
resource_managers,round_robin,total_bits,2.0,6291456.0
resource_managers,round_robin,total_bits,2.5,6291456.0
resource_managers,round_robin,total_bits,3.0,6291456.0
resource_managers,round_robin,total_bits,3.5,6291456.0
resource_managers,round_robin,total_bits,4.0,6291456.0
resource_managers,round_robin,total_bits,4.5,6291456.0
resource_managers,round_robin,total_bits,5.0,6291456.0
resource_managers,round_robin,total_bits,5.5,6291456.0
resource_managers,round_robin,total_bits,6.0,6291456.0
resource_managers,round_robin,total_bits,6.5,6291456.0
resource_managers,round_robin,total_bits,7.0,6291456.0
resource_managers,round_robin,total_bits,7.5,6291456.0
resource_managers,round_robin,total_bits,8.0,6291456.0
resource_managers,round_robin,total_bits,8.5,6291456.0
resource_managers,round_robin,total_bits,9.0,6291456.0
resource_managers,round_robin,total_bits,9.5,6291456.0
resource_managers,round_robin,total_bits,10.0,6291456.0
resource_managers,round_robin,block_errors,-5.0,1012.0
resource_managers,round_robin,block_errors,-4.5,1002.0
resource_managers,round_robin,block_errors,-4.0,815.0
resource_managers,round_robin,block_errors,-3.5,501.0
resource_managers,round_robin,block_errors,-3.0,311.0
resource_managers,round_robin,block_errors,-2.5,213.0
resource_managers,round_robin,block_errors,-2.0,125.0
resource_managers,round_robin,block_errors,-1.5,80.0
resource_managers,round_robin,block_errors,-1.0,58.0
resource_managers,round_robin,block_errors,-0.5,45.0
resource_managers,round_robin,block_errors,0.0,29.0
resource_managers,round_robin,block_errors,0.5,15.0
resource_managers,round_robin,block_errors,1.0,11.0
resource_managers,round_robin,block_errors,1.5,19.0
resource_managers,round_robin,block_errors,2.0,10.0
resource_managers,round_robin,block_errors,2.5,9.0
resource_managers,round_robin,block_errors,3.0,3.0
resource_managers,round_robin,block_errors,3.5,1.0
resource_managers,round_robin,block_errors,4.0,1.0
resource_managers,round_robin,block_errors,4.5,3.0
resource_managers,round_robin,block_errors,5.0,4.0
resource_managers,round_robin,block_errors,5.5,1.0
resource_managers,round_robin,block_errors,6.0,0.0
resource_managers,round_robin,block_errors,6.5,2.0
resource_managers,round_robin,block_errors,7.0,1.0
resource_managers,round_robin,block_errors,7.5,0.0
resource_managers,round_robin,block_errors,8.0,0.0
resource_managers,round_robin,block_errors,8.5,1.0
resource_managers,round_robin,block_errors,9.0,1.0
resource_managers,round_robin,block_errors,9.5,0.0
resource_managers,round_robin,block_errors,10.0,1.0
resource_managers,round_robin,total_blocks,-5.0,1984.0
resource_managers,round_robin,total_blocks,-4.5,3136.0
resource_managers,round_robin,total_blocks,-4.0,4096.0
resource_managers,round_robin,total_blocks,-3.5,4096.0
resource_managers,round_robin,total_blocks,-3.0,4096.0
resource_managers,round_robin,total_blocks,-2.5,4096.0
resource_managers,round_robin,total_blocks,-2.0,4096.0
resource_managers,round_robin,total_blocks,-1.5,4096.0
resource_managers,round_robin,total_blocks,-1.0,4096.0
resource_managers,round_robin,total_blocks,-0.5,4096.0
resource_managers,round_robin,total_blocks,0.0,4096.0
resource_managers,round_robin,total_blocks,0.5,4096.0
resource_managers,round_robin,total_blocks,1.0,4096.0
resource_managers,round_robin,total_blocks,1.5,4096.0
resource_managers,round_robin,total_blocks,2.0,4096.0
resource_managers,round_robin,total_blocks,2.5,4096.0
resource_managers,round_robin,total_blocks,3.0,4096.0
resource_managers,round_robin,total_blocks,3.5,4096.0
resource_managers,round_robin,total_blocks,4.0,4096.0
resource_managers,round_robin,total_blocks,4.5,4096.0
resource_managers,round_robin,total_blocks,5.0,4096.0
resource_managers,round_robin,total_blocks,5.5,4096.0
resource_managers,round_robin,total_blocks,6.0,4096.0
resource_managers,round_robin,total_blocks,6.5,4096.0
resource_managers,round_robin,total_blocks,7.0,4096.0
resource_managers,round_robin,total_blocks,7.5,4096.0
resource_managers,round_robin,total_blocks,8.0,4096.0
resource_managers,round_robin,total_blocks,8.5,4096.0
resource_managers,round_robin,total_blocks,9.0,4096.0
resource_managers,round_robin,total_blocks,9.5,4096.0
resource_managers,round_robin,total_blocks,10.0,4096.0
resource_managers,round_robin,num_batches,-5.0,62.0
resource_managers,round_robin,num_batches,-4.5,98.0
resource_managers,round_robin,num_batches,-4.0,128.0
resource_managers,round_robin,num_batches,-3.5,128.0
resource_managers,round_robin,num_batches,-3.0,128.0
resource_managers,round_robin,num_batches,-2.5,128.0
resource_managers,round_robin,num_batches,-2.0,128.0
resource_managers,round_robin,num_batches,-1.5,128.0
resource_managers,round_robin,num_batches,-1.0,128.0
resource_managers,round_robin,num_batches,-0.5,128.0
resource_managers,round_robin,num_batches,0.0,128.0
resource_managers,round_robin,num_batches,0.5,128.0
resource_managers,round_robin,num_batches,1.0,128.0
resource_managers,round_robin,num_batches,1.5,128.0
resource_managers,round_robin,num_batches,2.0,128.0
resource_managers,round_robin,num_batches,2.5,128.0
resource_managers,round_robin,num_batches,3.0,128.0
resource_managers,round_robin,num_batches,3.5,128.0
resource_managers,round_robin,num_batches,4.0,128.0
resource_managers,round_robin,num_batches,4.5,128.0
resource_managers,round_robin,num_batches,5.0,128.0
resource_managers,round_robin,num_batches,5.5,128.0
resource_managers,round_robin,num_batches,6.0,128.0
resource_managers,round_robin,num_batches,6.5,128.0
resource_managers,round_robin,num_batches,7.0,128.0
resource_managers,round_robin,num_batches,7.5,128.0
resource_managers,round_robin,num_batches,8.0,128.0
resource_managers,round_robin,num_batches,8.5,128.0
resource_managers,round_robin,num_batches,9.0,128.0
resource_managers,round_robin,num_batches,9.5,128.0
resource_managers,round_robin,num_batches,10.0,128.0
resource_managers,round_robin,stop_reason,-5.0,target_block_errors
resource_managers,round_robin,stop_reason,-4.5,target_block_errors
resource_managers,round_robin,stop_reason,-4.0,max_batches
resource_managers,round_robin,stop_reason,-3.5,max_batches
resource_managers,round_robin,stop_reason,-3.0,max_batches
resource_managers,round_robin,stop_reason,-2.5,max_batches
resource_managers,round_robin,stop_reason,-2.0,max_batches
resource_managers,round_robin,stop_reason,-1.5,max_batches
resource_managers,round_robin,stop_reason,-1.0,max_batches
resource_managers,round_robin,stop_reason,-0.5,max_batches
resource_managers,round_robin,stop_reason,0.0,max_batches
resource_managers,round_robin,stop_reason,0.5,max_batches
resource_managers,round_robin,stop_reason,1.0,max_batches
resource_managers,round_robin,stop_reason,1.5,max_batches
resource_managers,round_robin,stop_reason,2.0,max_batches
resource_managers,round_robin,stop_reason,2.5,max_batches
resource_managers,round_robin,stop_reason,3.0,max_batches
resource_managers,round_robin,stop_reason,3.5,max_batches
resource_managers,round_robin,stop_reason,4.0,max_batches
resource_managers,round_robin,stop_reason,4.5,max_batches
resource_managers,round_robin,stop_reason,5.0,max_batches
resource_managers,round_robin,stop_reason,5.5,max_batches
resource_managers,round_robin,stop_reason,6.0,max_batches
resource_managers,round_robin,stop_reason,6.5,max_batches
resource_managers,round_robin,stop_reason,7.0,max_batches
resource_managers,round_robin,stop_reason,7.5,max_batches
resource_managers,round_robin,stop_reason,8.0,max_batches
resource_managers,round_robin,stop_reason,8.5,max_batches
resource_managers,round_robin,stop_reason,9.0,max_batches
resource_managers,round_robin,stop_reason,9.5,max_batches
resource_managers,round_robin,stop_reason,10.0,max_batches
resource_managers,round_robin,point_status,-5.0,resolved
resource_managers,round_robin,point_status,-4.5,resolved
resource_managers,round_robin,point_status,-4.0,resolved
resource_managers,round_robin,point_status,-3.5,resolved
resource_managers,round_robin,point_status,-3.0,resolved
resource_managers,round_robin,point_status,-2.5,resolved
resource_managers,round_robin,point_status,-2.0,resolved
resource_managers,round_robin,point_status,-1.5,resolved
resource_managers,round_robin,point_status,-1.0,resolved
resource_managers,round_robin,point_status,-0.5,resolved
resource_managers,round_robin,point_status,0.0,resolved
resource_managers,round_robin,point_status,0.5,resolved
resource_managers,round_robin,point_status,1.0,resolved
resource_managers,round_robin,point_status,1.5,resolved
resource_managers,round_robin,point_status,2.0,resolved
resource_managers,round_robin,point_status,2.5,resolved
resource_managers,round_robin,point_status,3.0,resolved
resource_managers,round_robin,point_status,3.5,resolved
resource_managers,round_robin,point_status,4.0,resolved
resource_managers,round_robin,point_status,4.5,resolved
resource_managers,round_robin,point_status,5.0,resolved
resource_managers,round_robin,point_status,5.5,resolved
resource_managers,round_robin,point_status,6.0,upper_bound_only
resource_managers,round_robin,point_status,6.5,resolved
resource_managers,round_robin,point_status,7.0,resolved
resource_managers,round_robin,point_status,7.5,upper_bound_only
resource_managers,round_robin,point_status,8.0,upper_bound_only
resource_managers,round_robin,point_status,8.5,resolved
resource_managers,round_robin,point_status,9.0,resolved
resource_managers,round_robin,point_status,9.5,upper_bound_only
resource_managers,round_robin,point_status,10.0,resolved
resource_managers,round_robin,runtime_total_sec,,2892.5509756003303
resource_managers,max_throughput,ber,-5.0,0.061001732235863096
resource_managers,max_throughput,ber,-4.5,0.03294830322265625
resource_managers,max_throughput,ber,-4.0,0.019871075948079426
resource_managers,max_throughput,ber,-3.5,0.01136032740275065
resource_managers,max_throughput,ber,-3.0,0.007740974426269531
resource_managers,max_throughput,ber,-2.5,0.003920714060465495
resource_managers,max_throughput,ber,-2.0,0.002224604288736979
resource_managers,max_throughput,ber,-1.5,0.0013550122578938801
resource_managers,max_throughput,ber,-1.0,0.0012574195861816406
resource_managers,max_throughput,ber,-0.5,0.0014287630716959636
resource_managers,max_throughput,ber,0.0,0.0005308787027994791
resource_managers,max_throughput,ber,0.5,0.0003997484842936198
resource_managers,max_throughput,ber,1.0,0.0002967516581217448
resource_managers,max_throughput,ber,1.5,5.833307902018229e-05
resource_managers,max_throughput,ber,2.0,0.0
resource_managers,max_throughput,ber,2.5,0.0
resource_managers,max_throughput,ber,3.0,0.000133514404296875
resource_managers,max_throughput,ber,3.5,0.0
resource_managers,max_throughput,ber,4.0,5.1021575927734375e-05
resource_managers,max_throughput,ber,4.5,0.0
resource_managers,max_throughput,ber,5.0,0.0
resource_managers,max_throughput,ber,5.5,0.0
resource_managers,max_throughput,ber,6.0,0.0
resource_managers,max_throughput,ber,6.5,0.0
resource_managers,max_throughput,ber,7.0,0.00012318293253580728
resource_managers,max_throughput,ber,7.5,0.0
resource_managers,max_throughput,ber,8.0,0.0
resource_managers,max_throughput,ber,8.5,0.0
resource_managers,max_throughput,ber,9.0,0.0
resource_managers,max_throughput,ber,9.5,0.0
resource_managers,max_throughput,ber,10.0,0.0
resource_managers,max_throughput,ber_upper_confidence,-5.0,0.06121430976204567
resource_managers,max_throughput,ber_upper_confidence,-4.5,0.033069412363994515
resource_managers,max_throughput,ber_upper_confidence,-4.0,0.019962800095629982
resource_managers,max_throughput,ber_upper_confidence,-3.5,0.011430034846658227
resource_managers,max_throughput,ber_upper_confidence,-3.0,0.00779865924764514
resource_managers,max_throughput,ber_upper_confidence,-2.5,0.003961908811869117
resource_managers,max_throughput,ber_upper_confidence,-2.0,0.0022557145291984765
resource_managers,max_throughput,ber_upper_confidence,-1.5,0.0013793505032456128
resource_managers,max_throughput,ber_upper_confidence,-1.0,0.001280874107925866
resource_managers,max_throughput,ber_upper_confidence,-0.5,0.0014537481291412304
resource_managers,max_throughput,ber_upper_confidence,0.0,0.0005462004775863607
resource_managers,max_throughput,ber_upper_confidence,0.5,0.0004130737462461891
resource_managers,max_throughput,ber_upper_confidence,1.0,0.00030826352600941807
resource_managers,max_throughput,ber_upper_confidence,1.5,6.356105295923437e-05
resource_managers,max_throughput,ber_upper_confidence,2.0,4.761588213529571e-07
resource_managers,max_throughput,ber_upper_confidence,2.5,4.761588213529571e-07
resource_managers,max_throughput,ber_upper_confidence,3.0,0.00014130922712593283
resource_managers,max_throughput,ber_upper_confidence,3.5,4.761588213529571e-07
resource_managers,max_throughput,ber_upper_confidence,4.0,5.592550863256648e-05
resource_managers,max_throughput,ber_upper_confidence,4.5,4.761588213529571e-07
resource_managers,max_throughput,ber_upper_confidence,5.0,4.761588213529571e-07
resource_managers,max_throughput,ber_upper_confidence,5.5,4.761588213529571e-07
resource_managers,max_throughput,ber_upper_confidence,6.0,4.761588213529571e-07
resource_managers,max_throughput,ber_upper_confidence,6.5,4.761588213529571e-07
resource_managers,max_throughput,ber_upper_confidence,7.0,0.00013067887048009573
resource_managers,max_throughput,ber_upper_confidence,7.5,4.761588213529571e-07
resource_managers,max_throughput,ber_upper_confidence,8.0,4.761588213529571e-07
resource_managers,max_throughput,ber_upper_confidence,8.5,4.761588213529571e-07
resource_managers,max_throughput,ber_upper_confidence,9.0,4.761588213529571e-07
resource_managers,max_throughput,ber_upper_confidence,9.5,4.761588213529571e-07
resource_managers,max_throughput,ber_upper_confidence,10.0,4.761588213529571e-07
resource_managers,max_throughput,latency_ms,-5.0,777.0855204761554
resource_managers,max_throughput,latency_ms,-4.5,706.3236058335758
resource_managers,max_throughput,latency_ms,-4.0,693.9045348956646
resource_managers,max_throughput,latency_ms,-3.5,694.8345184895564
resource_managers,max_throughput,latency_ms,-3.0,690.1140653644965
resource_managers,max_throughput,latency_ms,-2.5,692.1312927083526
resource_managers,max_throughput,latency_ms,-2.0,694.3432958332486
resource_managers,max_throughput,latency_ms,-1.5,692.6410817709715
resource_managers,max_throughput,latency_ms,-1.0,688.872371614564
resource_managers,max_throughput,latency_ms,-0.5,698.4353645834453
resource_managers,max_throughput,latency_ms,0.0,693.6775192710619
resource_managers,max_throughput,latency_ms,0.5,692.291105989539
resource_managers,max_throughput,latency_ms,1.0,693.1879177081149
resource_managers,max_throughput,latency_ms,1.5,692.2604513019045
resource_managers,max_throughput,latency_ms,2.0,690.0687013020096
resource_managers,max_throughput,latency_ms,2.5,690.9189770828724
resource_managers,max_throughput,latency_ms,3.0,692.7066302079928
resource_managers,max_throughput,latency_ms,3.5,689.1459333326956
resource_managers,max_throughput,latency_ms,4.0,697.2370263026442
resource_managers,max_throughput,latency_ms,4.5,687.5162848959056
resource_managers,max_throughput,latency_ms,5.0,687.9593723958513
resource_managers,max_throughput,latency_ms,5.5,691.8841747397827
resource_managers,max_throughput,latency_ms,6.0,693.6914270839046
resource_managers,max_throughput,latency_ms,6.5,698.1434138025683
resource_managers,max_throughput,latency_ms,7.0,689.1185536460106
resource_managers,max_throughput,latency_ms,7.5,692.544195833448
resource_managers,max_throughput,latency_ms,8.0,684.5919786460107
resource_managers,max_throughput,latency_ms,8.5,692.8939388021425
resource_managers,max_throughput,latency_ms,9.0,690.0415723958694
resource_managers,max_throughput,latency_ms,9.5,686.5764755211493
resource_managers,max_throughput,latency_ms,10.0,691.590212239162
resource_managers,max_throughput,throughput_bits_per_batch,-5.0,46153.642857142855
resource_managers,max_throughput,throughput_bits_per_batch,-4.5,47532.525
resource_managers,max_throughput,throughput_bits_per_batch,-4.0,48175.296875
resource_managers,max_throughput,throughput_bits_per_batch,-3.5,48593.6171875
resource_managers,max_throughput,throughput_bits_per_batch,-3.0,48771.515625
resource_managers,max_throughput,throughput_bits_per_batch,-2.5,48959.2890625
resource_managers,max_throughput,throughput_bits_per_batch,-2.0,49042.65625
resource_managers,max_throughput,throughput_bits_per_batch,-1.5,49085.3984375
resource_managers,max_throughput,throughput_bits_per_batch,-1.0,49090.1953125
resource_managers,max_throughput,throughput_bits_per_batch,-0.5,49081.7734375
resource_managers,max_throughput,throughput_bits_per_batch,0.0,49125.90625
resource_managers,max_throughput,throughput_bits_per_batch,0.5,49132.3515625
resource_managers,max_throughput,throughput_bits_per_batch,1.0,49137.4140625
resource_managers,max_throughput,throughput_bits_per_batch,1.5,49149.1328125
resource_managers,max_throughput,throughput_bits_per_batch,2.0,49152.0
resource_managers,max_throughput,throughput_bits_per_batch,2.5,49152.0
resource_managers,max_throughput,throughput_bits_per_batch,3.0,49145.4375
resource_managers,max_throughput,throughput_bits_per_batch,3.5,49152.0
resource_managers,max_throughput,throughput_bits_per_batch,4.0,49149.4921875
resource_managers,max_throughput,throughput_bits_per_batch,4.5,49152.0
resource_managers,max_throughput,throughput_bits_per_batch,5.0,49152.0
resource_managers,max_throughput,throughput_bits_per_batch,5.5,49152.0
resource_managers,max_throughput,throughput_bits_per_batch,6.0,49152.0
resource_managers,max_throughput,throughput_bits_per_batch,6.5,49152.0
resource_managers,max_throughput,throughput_bits_per_batch,7.0,49145.9453125
resource_managers,max_throughput,throughput_bits_per_batch,7.5,49152.0
resource_managers,max_throughput,throughput_bits_per_batch,8.0,49152.0
resource_managers,max_throughput,throughput_bits_per_batch,8.5,49152.0
resource_managers,max_throughput,throughput_bits_per_batch,9.0,49152.0
resource_managers,max_throughput,throughput_bits_per_batch,9.5,49152.0
resource_managers,max_throughput,throughput_bits_per_batch,10.0,49152.0
resource_managers,max_throughput,energy_joules_per_batch,-5.0,0.00018645100000000024
resource_managers,max_throughput,energy_joules_per_batch,-4.5,0.0001864510000000004
resource_managers,max_throughput,energy_joules_per_batch,-4.0,0.00018645100000000043
resource_managers,max_throughput,energy_joules_per_batch,-3.5,0.00018645100000000043
resource_managers,max_throughput,energy_joules_per_batch,-3.0,0.00018645100000000043
resource_managers,max_throughput,energy_joules_per_batch,-2.5,0.00018645100000000043
resource_managers,max_throughput,energy_joules_per_batch,-2.0,0.00018645100000000043
resource_managers,max_throughput,energy_joules_per_batch,-1.5,0.00018645100000000043
resource_managers,max_throughput,energy_joules_per_batch,-1.0,0.00018645100000000043
resource_managers,max_throughput,energy_joules_per_batch,-0.5,0.00018645100000000043
resource_managers,max_throughput,energy_joules_per_batch,0.0,0.00018645100000000043
resource_managers,max_throughput,energy_joules_per_batch,0.5,0.00018645100000000043
resource_managers,max_throughput,energy_joules_per_batch,1.0,0.00018645100000000043
resource_managers,max_throughput,energy_joules_per_batch,1.5,0.00018645100000000043
resource_managers,max_throughput,energy_joules_per_batch,2.0,0.00018645100000000043
resource_managers,max_throughput,energy_joules_per_batch,2.5,0.00018645100000000043
resource_managers,max_throughput,energy_joules_per_batch,3.0,0.00018645100000000043
resource_managers,max_throughput,energy_joules_per_batch,3.5,0.00018645100000000043
resource_managers,max_throughput,energy_joules_per_batch,4.0,0.00018645100000000043
resource_managers,max_throughput,energy_joules_per_batch,4.5,0.00018645100000000043
resource_managers,max_throughput,energy_joules_per_batch,5.0,0.00018645100000000043
resource_managers,max_throughput,energy_joules_per_batch,5.5,0.00018645100000000043
resource_managers,max_throughput,energy_joules_per_batch,6.0,0.00018645100000000043
resource_managers,max_throughput,energy_joules_per_batch,6.5,0.00018645100000000043
resource_managers,max_throughput,energy_joules_per_batch,7.0,0.00018645100000000043
resource_managers,max_throughput,energy_joules_per_batch,7.5,0.00018645100000000043
resource_managers,max_throughput,energy_joules_per_batch,8.0,0.00018645100000000043
resource_managers,max_throughput,energy_joules_per_batch,8.5,0.00018645100000000043
resource_managers,max_throughput,energy_joules_per_batch,9.0,0.00018645100000000043
resource_managers,max_throughput,energy_joules_per_batch,9.5,0.00018645100000000043
resource_managers,max_throughput,energy_joules_per_batch,10.0,0.00018645100000000043
resource_managers,max_throughput,avg_power_w,-5.0,0.00023993626838620454
resource_managers,max_throughput,avg_power_w,-4.5,0.00026397390439748667
resource_managers,max_throughput,avg_power_w,-4.0,0.0002686983448350502
resource_managers,max_throughput,avg_power_w,-3.5,0.00026833871236753016
resource_managers,max_throughput,avg_power_w,-3.0,0.00027017417751299256
resource_managers,max_throughput,avg_power_w,-2.5,0.0002693867506992873
resource_managers,max_throughput,avg_power_w,-2.0,0.0002685285522577839
resource_managers,max_throughput,avg_power_w,-1.5,0.00026918848001807126
resource_managers,max_throughput,avg_power_w,-1.0,0.0002706611669778549
resource_managers,max_throughput,avg_power_w,-0.5,0.00026695526809585577
resource_managers,max_throughput,avg_power_w,0.0,0.00026878628010884505
resource_managers,max_throughput,avg_power_w,0.5,0.0002693245635930759
resource_managers,max_throughput,avg_power_w,1.0,0.0002689761249971909
resource_managers,max_throughput,avg_power_w,1.5,0.0002693364898274198
resource_managers,max_throughput,avg_power_w,2.0,0.0002701919383507873
resource_managers,max_throughput,avg_power_w,2.5,0.0002698594280724707
resource_managers,max_throughput,avg_power_w,3.0,0.00026916300764151264
resource_managers,max_throughput,avg_power_w,3.5,0.00027055372596966105
resource_managers,max_throughput,avg_power_w,4.0,0.00026741408296791905
resource_managers,max_throughput,avg_power_w,4.5,0.00027119503071586194
resource_managers,max_throughput,avg_power_w,5.0,0.00027102036469199613
resource_managers,max_throughput,avg_power_w,5.5,0.0002694829666686979
resource_managers,max_throughput,avg_power_w,6.0,0.00026878089121526433
resource_managers,max_throughput,avg_power_w,6.5,0.0002670669038965222
resource_managers,max_throughput,avg_power_w,7.0,0.00027056447546437327
resource_managers,max_throughput,avg_power_w,7.5,0.00026922613909949013
resource_managers,max_throughput,avg_power_w,8.0,0.0002723534686584615
resource_managers,max_throughput,avg_power_w,8.5,0.00026909024535895374
resource_managers,max_throughput,avg_power_w,9.0,0.0002702025609161929
resource_managers,max_throughput,avg_power_w,9.5,0.0002715662517543641
resource_managers,max_throughput,avg_power_w,10.0,0.00026959751121452097
resource_managers,max_throughput,runtime_sec,-5.0,59.01409880002029
resource_managers,max_throughput,runtime_sec,-4.5,91.6956577000019
resource_managers,max_throughput,runtime_sec,-4.0,96.05043269995076
resource_managers,max_throughput,runtime_sec,-3.5,96.09978129997762
resource_managers,max_throughput,runtime_sec,-3.0,95.48382100002345
resource_managers,max_throughput,runtime_sec,-2.5,95.79078880001907
resource_managers,max_throughput,runtime_sec,-2.0,96.11510569998063
resource_managers,max_throughput,runtime_sec,-1.5,95.81777729997702
resource_managers,max_throughput,runtime_sec,-1.0,95.35572569998476
resource_managers,max_throughput,runtime_sec,-0.5,96.66518980000546
resource_managers,max_throughput,runtime_sec,0.0,96.00522760001331
resource_managers,max_throughput,runtime_sec,0.5,95.80452429995785
resource_managers,max_throughput,runtime_sec,1.0,95.92318339998747
resource_managers,max_throughput,runtime_sec,1.5,95.77743450002163
resource_managers,max_throughput,runtime_sec,2.0,95.47833040000114
resource_managers,max_throughput,runtime_sec,2.5,95.57458090000728
resource_managers,max_throughput,runtime_sec,3.0,95.81943120001961
resource_managers,max_throughput,runtime_sec,3.5,95.3692477000368
resource_managers,max_throughput,runtime_sec,4.0,96.43924600003083
resource_managers,max_throughput,runtime_sec,4.5,95.1945338000296
resource_managers,max_throughput,runtime_sec,5.0,95.17386559997249
resource_managers,max_throughput,runtime_sec,5.5,95.73632179997367
resource_managers,max_throughput,runtime_sec,6.0,95.91443819995766
resource_managers,max_throughput,runtime_sec,6.5,96.55083299997932
resource_managers,max_throughput,runtime_sec,7.0,95.37813239994284
resource_managers,max_throughput,runtime_sec,7.5,95.81124199998885
resource_managers,max_throughput,runtime_sec,8.0,94.78776450001897
resource_managers,max_throughput,runtime_sec,8.5,95.79946419997577
resource_managers,max_throughput,runtime_sec,9.0,96.34316210001998
resource_managers,max_throughput,runtime_sec,9.5,95.84353689999989
resource_managers,max_throughput,runtime_sec,10.0,96.50315869999758
resource_managers,max_throughput,bit_errors,-5.0,209885.0
resource_managers,max_throughput,bit_errors,-4.5,194337.0
resource_managers,max_throughput,bit_errors,-4.0,125018.0
resource_managers,max_throughput,bit_errors,-3.5,71473.0
resource_managers,max_throughput,bit_errors,-3.0,48702.0
resource_managers,max_throughput,bit_errors,-2.5,24667.0
resource_managers,max_throughput,bit_errors,-2.0,13996.0
resource_managers,max_throughput,bit_errors,-1.5,8525.0
resource_managers,max_throughput,bit_errors,-1.0,7911.0
resource_managers,max_throughput,bit_errors,-0.5,8989.0
resource_managers,max_throughput,bit_errors,0.0,3340.0
resource_managers,max_throughput,bit_errors,0.5,2515.0
resource_managers,max_throughput,bit_errors,1.0,1867.0
resource_managers,max_throughput,bit_errors,1.5,367.0
resource_managers,max_throughput,bit_errors,2.0,0.0
resource_managers,max_throughput,bit_errors,2.5,0.0
resource_managers,max_throughput,bit_errors,3.0,840.0
resource_managers,max_throughput,bit_errors,3.5,0.0
resource_managers,max_throughput,bit_errors,4.0,321.0
resource_managers,max_throughput,bit_errors,4.5,0.0
resource_managers,max_throughput,bit_errors,5.0,0.0
resource_managers,max_throughput,bit_errors,5.5,0.0
resource_managers,max_throughput,bit_errors,6.0,0.0
resource_managers,max_throughput,bit_errors,6.5,0.0
resource_managers,max_throughput,bit_errors,7.0,775.0
resource_managers,max_throughput,bit_errors,7.5,0.0
resource_managers,max_throughput,bit_errors,8.0,0.0
resource_managers,max_throughput,bit_errors,8.5,0.0
resource_managers,max_throughput,bit_errors,9.0,0.0
resource_managers,max_throughput,bit_errors,9.5,0.0
resource_managers,max_throughput,bit_errors,10.0,0.0
resource_managers,max_throughput,total_bits,-5.0,3440640.0
resource_managers,max_throughput,total_bits,-4.5,5898240.0
resource_managers,max_throughput,total_bits,-4.0,6291456.0
resource_managers,max_throughput,total_bits,-3.5,6291456.0
resource_managers,max_throughput,total_bits,-3.0,6291456.0
resource_managers,max_throughput,total_bits,-2.5,6291456.0
resource_managers,max_throughput,total_bits,-2.0,6291456.0
resource_managers,max_throughput,total_bits,-1.5,6291456.0
resource_managers,max_throughput,total_bits,-1.0,6291456.0
resource_managers,max_throughput,total_bits,-0.5,6291456.0
resource_managers,max_throughput,total_bits,0.0,6291456.0
resource_managers,max_throughput,total_bits,0.5,6291456.0
resource_managers,max_throughput,total_bits,1.0,6291456.0
resource_managers,max_throughput,total_bits,1.5,6291456.0
resource_managers,max_throughput,total_bits,2.0,6291456.0
resource_managers,max_throughput,total_bits,2.5,6291456.0
resource_managers,max_throughput,total_bits,3.0,6291456.0
resource_managers,max_throughput,total_bits,3.5,6291456.0
resource_managers,max_throughput,total_bits,4.0,6291456.0
resource_managers,max_throughput,total_bits,4.5,6291456.0
resource_managers,max_throughput,total_bits,5.0,6291456.0
resource_managers,max_throughput,total_bits,5.5,6291456.0
resource_managers,max_throughput,total_bits,6.0,6291456.0
resource_managers,max_throughput,total_bits,6.5,6291456.0
resource_managers,max_throughput,total_bits,7.0,6291456.0
resource_managers,max_throughput,total_bits,7.5,6291456.0
resource_managers,max_throughput,total_bits,8.0,6291456.0
resource_managers,max_throughput,total_bits,8.5,6291456.0
resource_managers,max_throughput,total_bits,9.0,6291456.0
resource_managers,max_throughput,total_bits,9.5,6291456.0
resource_managers,max_throughput,total_bits,10.0,6291456.0
resource_managers,max_throughput,block_errors,-5.0,1006.0
resource_managers,max_throughput,block_errors,-4.5,1005.0
resource_managers,max_throughput,block_errors,-4.0,617.0
resource_managers,max_throughput,block_errors,-3.5,360.0
resource_managers,max_throughput,block_errors,-3.0,233.0
resource_managers,max_throughput,block_errors,-2.5,119.0
resource_managers,max_throughput,block_errors,-2.0,72.0
resource_managers,max_throughput,block_errors,-1.5,40.0
resource_managers,max_throughput,block_errors,-1.0,34.0
resource_managers,max_throughput,block_errors,-0.5,33.0
resource_managers,max_throughput,block_errors,0.0,11.0
resource_managers,max_throughput,block_errors,0.5,11.0
resource_managers,max_throughput,block_errors,1.0,6.0
resource_managers,max_throughput,block_errors,1.5,1.0
resource_managers,max_throughput,block_errors,2.0,0.0
resource_managers,max_throughput,block_errors,2.5,0.0
resource_managers,max_throughput,block_errors,3.0,3.0
resource_managers,max_throughput,block_errors,3.5,0.0
resource_managers,max_throughput,block_errors,4.0,1.0
resource_managers,max_throughput,block_errors,4.5,0.0
resource_managers,max_throughput,block_errors,5.0,0.0
resource_managers,max_throughput,block_errors,5.5,0.0
resource_managers,max_throughput,block_errors,6.0,0.0
resource_managers,max_throughput,block_errors,6.5,0.0
resource_managers,max_throughput,block_errors,7.0,1.0
resource_managers,max_throughput,block_errors,7.5,0.0
resource_managers,max_throughput,block_errors,8.0,0.0
resource_managers,max_throughput,block_errors,8.5,0.0
resource_managers,max_throughput,block_errors,9.0,0.0
resource_managers,max_throughput,block_errors,9.5,0.0
resource_managers,max_throughput,block_errors,10.0,0.0
resource_managers,max_throughput,total_blocks,-5.0,2240.0
resource_managers,max_throughput,total_blocks,-4.5,3840.0
resource_managers,max_throughput,total_blocks,-4.0,4096.0
resource_managers,max_throughput,total_blocks,-3.5,4096.0
resource_managers,max_throughput,total_blocks,-3.0,4096.0
resource_managers,max_throughput,total_blocks,-2.5,4096.0
resource_managers,max_throughput,total_blocks,-2.0,4096.0
resource_managers,max_throughput,total_blocks,-1.5,4096.0
resource_managers,max_throughput,total_blocks,-1.0,4096.0
resource_managers,max_throughput,total_blocks,-0.5,4096.0
resource_managers,max_throughput,total_blocks,0.0,4096.0
resource_managers,max_throughput,total_blocks,0.5,4096.0
resource_managers,max_throughput,total_blocks,1.0,4096.0
resource_managers,max_throughput,total_blocks,1.5,4096.0
resource_managers,max_throughput,total_blocks,2.0,4096.0
resource_managers,max_throughput,total_blocks,2.5,4096.0
resource_managers,max_throughput,total_blocks,3.0,4096.0
resource_managers,max_throughput,total_blocks,3.5,4096.0
resource_managers,max_throughput,total_blocks,4.0,4096.0
resource_managers,max_throughput,total_blocks,4.5,4096.0
resource_managers,max_throughput,total_blocks,5.0,4096.0
resource_managers,max_throughput,total_blocks,5.5,4096.0
resource_managers,max_throughput,total_blocks,6.0,4096.0
resource_managers,max_throughput,total_blocks,6.5,4096.0
resource_managers,max_throughput,total_blocks,7.0,4096.0
resource_managers,max_throughput,total_blocks,7.5,4096.0
resource_managers,max_throughput,total_blocks,8.0,4096.0
resource_managers,max_throughput,total_blocks,8.5,4096.0
resource_managers,max_throughput,total_blocks,9.0,4096.0
resource_managers,max_throughput,total_blocks,9.5,4096.0
resource_managers,max_throughput,total_blocks,10.0,4096.0
resource_managers,max_throughput,num_batches,-5.0,70.0
resource_managers,max_throughput,num_batches,-4.5,120.0
resource_managers,max_throughput,num_batches,-4.0,128.0
resource_managers,max_throughput,num_batches,-3.5,128.0
resource_managers,max_throughput,num_batches,-3.0,128.0
resource_managers,max_throughput,num_batches,-2.5,128.0
resource_managers,max_throughput,num_batches,-2.0,128.0
resource_managers,max_throughput,num_batches,-1.5,128.0
resource_managers,max_throughput,num_batches,-1.0,128.0
resource_managers,max_throughput,num_batches,-0.5,128.0
resource_managers,max_throughput,num_batches,0.0,128.0
resource_managers,max_throughput,num_batches,0.5,128.0
resource_managers,max_throughput,num_batches,1.0,128.0
resource_managers,max_throughput,num_batches,1.5,128.0
resource_managers,max_throughput,num_batches,2.0,128.0
resource_managers,max_throughput,num_batches,2.5,128.0
resource_managers,max_throughput,num_batches,3.0,128.0
resource_managers,max_throughput,num_batches,3.5,128.0
resource_managers,max_throughput,num_batches,4.0,128.0
resource_managers,max_throughput,num_batches,4.5,128.0
resource_managers,max_throughput,num_batches,5.0,128.0
resource_managers,max_throughput,num_batches,5.5,128.0
resource_managers,max_throughput,num_batches,6.0,128.0
resource_managers,max_throughput,num_batches,6.5,128.0
resource_managers,max_throughput,num_batches,7.0,128.0
resource_managers,max_throughput,num_batches,7.5,128.0
resource_managers,max_throughput,num_batches,8.0,128.0
resource_managers,max_throughput,num_batches,8.5,128.0
resource_managers,max_throughput,num_batches,9.0,128.0
resource_managers,max_throughput,num_batches,9.5,128.0
resource_managers,max_throughput,num_batches,10.0,128.0
resource_managers,max_throughput,stop_reason,-5.0,target_block_errors
resource_managers,max_throughput,stop_reason,-4.5,target_block_errors
resource_managers,max_throughput,stop_reason,-4.0,max_batches
resource_managers,max_throughput,stop_reason,-3.5,max_batches
resource_managers,max_throughput,stop_reason,-3.0,max_batches
resource_managers,max_throughput,stop_reason,-2.5,max_batches
resource_managers,max_throughput,stop_reason,-2.0,max_batches
resource_managers,max_throughput,stop_reason,-1.5,max_batches
resource_managers,max_throughput,stop_reason,-1.0,max_batches
resource_managers,max_throughput,stop_reason,-0.5,max_batches
resource_managers,max_throughput,stop_reason,0.0,max_batches
resource_managers,max_throughput,stop_reason,0.5,max_batches
resource_managers,max_throughput,stop_reason,1.0,max_batches
resource_managers,max_throughput,stop_reason,1.5,max_batches
resource_managers,max_throughput,stop_reason,2.0,max_batches
resource_managers,max_throughput,stop_reason,2.5,max_batches
resource_managers,max_throughput,stop_reason,3.0,max_batches
resource_managers,max_throughput,stop_reason,3.5,max_batches
resource_managers,max_throughput,stop_reason,4.0,max_batches
resource_managers,max_throughput,stop_reason,4.5,max_batches
resource_managers,max_throughput,stop_reason,5.0,max_batches
resource_managers,max_throughput,stop_reason,5.5,max_batches
resource_managers,max_throughput,stop_reason,6.0,max_batches
resource_managers,max_throughput,stop_reason,6.5,max_batches
resource_managers,max_throughput,stop_reason,7.0,max_batches
resource_managers,max_throughput,stop_reason,7.5,max_batches
resource_managers,max_throughput,stop_reason,8.0,max_batches
resource_managers,max_throughput,stop_reason,8.5,max_batches
resource_managers,max_throughput,stop_reason,9.0,max_batches
resource_managers,max_throughput,stop_reason,9.5,max_batches
resource_managers,max_throughput,stop_reason,10.0,max_batches
resource_managers,max_throughput,point_status,-5.0,resolved
resource_managers,max_throughput,point_status,-4.5,resolved
resource_managers,max_throughput,point_status,-4.0,resolved
resource_managers,max_throughput,point_status,-3.5,resolved
resource_managers,max_throughput,point_status,-3.0,resolved
resource_managers,max_throughput,point_status,-2.5,resolved
resource_managers,max_throughput,point_status,-2.0,resolved
resource_managers,max_throughput,point_status,-1.5,resolved
resource_managers,max_throughput,point_status,-1.0,resolved
resource_managers,max_throughput,point_status,-0.5,resolved
resource_managers,max_throughput,point_status,0.0,resolved
resource_managers,max_throughput,point_status,0.5,resolved
resource_managers,max_throughput,point_status,1.0,resolved
resource_managers,max_throughput,point_status,1.5,resolved
resource_managers,max_throughput,point_status,2.0,upper_bound_only
resource_managers,max_throughput,point_status,2.5,upper_bound_only
resource_managers,max_throughput,point_status,3.0,resolved
resource_managers,max_throughput,point_status,3.5,upper_bound_only
resource_managers,max_throughput,point_status,4.0,resolved
resource_managers,max_throughput,point_status,4.5,upper_bound_only
resource_managers,max_throughput,point_status,5.0,upper_bound_only
resource_managers,max_throughput,point_status,5.5,upper_bound_only
resource_managers,max_throughput,point_status,6.0,upper_bound_only
resource_managers,max_throughput,point_status,6.5,upper_bound_only
resource_managers,max_throughput,point_status,7.0,resolved
resource_managers,max_throughput,point_status,7.5,upper_bound_only
resource_managers,max_throughput,point_status,8.0,upper_bound_only
resource_managers,max_throughput,point_status,8.5,upper_bound_only
resource_managers,max_throughput,point_status,9.0,upper_bound_only
resource_managers,max_throughput,point_status,9.5,upper_bound_only
resource_managers,max_throughput,point_status,10.0,upper_bound_only
resource_managers,max_throughput,runtime_total_sec,,2929.3160379998735
resource_managers,pf,ber,-5.0,0.07166249264952956
resource_managers,pf,ber,-4.5,0.04397742576848448
resource_managers,pf,ber,-4.0,0.028519471486409504
resource_managers,pf,ber,-3.5,0.01792589823404948
resource_managers,pf,ber,-3.0,0.012046337127685547
resource_managers,pf,ber,-2.5,0.00669097900390625
resource_managers,pf,ber,-2.0,0.003772576649983724
resource_managers,pf,ber,-1.5,0.002655029296875
resource_managers,pf,ber,-1.0,0.0023822784423828125
resource_managers,pf,ber,-0.5,0.0017526944478352864
resource_managers,pf,ber,0.0,0.0010657310485839844
resource_managers,pf,ber,0.5,0.0008233388264973959
resource_managers,pf,ber,1.0,0.00046825408935546875
resource_managers,pf,ber,1.5,0.0004057884216308594
resource_managers,pf,ber,2.0,0.00026528040568033856
resource_managers,pf,ber,2.5,0.0002101262410481771
resource_managers,pf,ber,3.0,2.9246012369791668e-05
resource_managers,pf,ber,3.5,0.00016482671101888022
resource_managers,pf,ber,4.0,0.00018930435180664062
resource_managers,pf,ber,4.5,0.0003612836201985677
resource_managers,pf,ber,5.0,0.00018215179443359375
resource_managers,pf,ber,5.5,9.870529174804688e-05
resource_managers,pf,ber,6.0,0.0
resource_managers,pf,ber,6.5,8.296966552734375e-05
resource_managers,pf,ber,7.0,0.000217437744140625
resource_managers,pf,ber,7.5,0.00013335545857747397
resource_managers,pf,ber,8.0,0.0
resource_managers,pf,ber,8.5,0.00016673405965169272
resource_managers,pf,ber,9.0,0.0
resource_managers,pf,ber,9.5,0.0
resource_managers,pf,ber,10.0,0.0
resource_managers,pf,ber_upper_confidence,-5.0,0.07190590302854662
resource_managers,pf,ber_upper_confidence,-4.5,0.044128299966358926
resource_managers,pf,ber_upper_confidence,-4.0,0.028628828355424244
resource_managers,pf,ber_upper_confidence,-3.5,0.01801311478880233
resource_managers,pf,ber_upper_confidence,-3.0,0.012118087015329435
resource_managers,pf,ber_upper_confidence,-2.5,0.0067446527525895665
resource_managers,pf,ber_upper_confidence,-2.0,0.003812992815272254
resource_managers,pf,ber_upper_confidence,-1.5,0.0026889888119118487
resource_managers,pf,ber_upper_confidence,-1.0,0.0024144622151958876
resource_managers,pf,ber_upper_confidence,-0.5,0.001780339418822625
resource_managers,pf,ber_upper_confidence,0.0,0.0010873432378364415
resource_managers,pf,ber_upper_confidence,0.5,0.000842363554891996
resource_managers,pf,ber_upper_confidence,1.0,0.00048265753463512496
resource_managers,pf,ber_upper_confidence,1.5,0.0004192122882194242
resource_managers,pf,ber_upper_confidence,2.0,0.0002761768635037093
resource_managers,pf,ber_upper_confidence,2.5,0.0002198484656461137
resource_managers,pf,ber_upper_confidence,3.0,3.3013853805778245e-05
resource_managers,pf,ber_upper_confidence,3.5,0.00017346280147908168
resource_managers,pf,ber_upper_confidence,4.0,0.00019854359716682323
resource_managers,pf,ber_upper_confidence,4.5,0.00037396260683459937
resource_managers,pf,ber_upper_confidence,5.0,0.00019121904721242184
resource_managers,pf,ber_upper_confidence,5.5,0.00010543860154466597
resource_managers,pf,ber_upper_confidence,6.0,4.761588213529571e-07
resource_managers,pf,ber_upper_confidence,6.5,8.916152449249102e-05
resource_managers,pf,ber_upper_confidence,7.0,0.00022732383956222305
resource_managers,pf,ber_upper_confidence,7.5,0.00014114577254239805
resource_managers,pf,ber_upper_confidence,8.0,4.761588213529571e-07
resource_managers,pf,ber_upper_confidence,8.5,0.00017541869356254007
resource_managers,pf,ber_upper_confidence,9.0,4.761588213529571e-07
resource_managers,pf,ber_upper_confidence,9.5,4.761588213529571e-07
resource_managers,pf,ber_upper_confidence,10.0,4.761588213529571e-07
resource_managers,pf,latency_ms,-5.0,796.2750510750053
resource_managers,pf,latency_ms,-4.5,716.8002068631296
resource_managers,pf,latency_ms,-4.0,691.2210567710125
resource_managers,pf,latency_ms,-3.5,694.8165934894909
resource_managers,pf,latency_ms,-3.0,686.3366122402389
resource_managers,pf,latency_ms,-2.5,692.9403544269511
resource_managers,pf,latency_ms,-2.0,691.9247075520892
resource_managers,pf,latency_ms,-1.5,692.2595020832026
resource_managers,pf,latency_ms,-1.0,688.9957981775004
resource_managers,pf,latency_ms,-0.5,696.6865911462313
resource_managers,pf,latency_ms,0.0,691.0407138022086
resource_managers,pf,latency_ms,0.5,695.6600809895966
resource_managers,pf,latency_ms,1.0,696.8178239582976
resource_managers,pf,latency_ms,1.5,692.6806825524912
resource_managers,pf,latency_ms,2.0,690.8159083330637
resource_managers,pf,latency_ms,2.5,690.026401302105
resource_managers,pf,latency_ms,3.0,694.2183567710166
resource_managers,pf,latency_ms,3.5,689.7998028651663
resource_managers,pf,latency_ms,4.0,691.7782544270771
resource_managers,pf,latency_ms,4.5,686.5751364585143
resource_managers,pf,latency_ms,5.0,691.0117020833289
resource_managers,pf,latency_ms,5.5,696.8841052079987
resource_managers,pf,latency_ms,6.0,689.4594106769595
resource_managers,pf,latency_ms,6.5,698.6145942712191
resource_managers,pf,latency_ms,7.0,689.6142739581982
resource_managers,pf,latency_ms,7.5,688.4610716146248
resource_managers,pf,latency_ms,8.0,686.701250520371
resource_managers,pf,latency_ms,8.5,691.889948177134
resource_managers,pf,latency_ms,9.0,684.8964981771522
resource_managers,pf,latency_ms,9.5,682.5512747392103
resource_managers,pf,latency_ms,10.0,693.9961841143535
resource_managers,pf,throughput_bits_per_batch,-5.0,45629.645161290326
resource_managers,pf,throughput_bits_per_batch,-4.5,46990.42156862745
resource_managers,pf,throughput_bits_per_batch,-4.0,47750.2109375
resource_managers,pf,throughput_bits_per_batch,-3.5,48270.90625
resource_managers,pf,throughput_bits_per_batch,-3.0,48559.8984375
resource_managers,pf,throughput_bits_per_batch,-2.5,48823.125
resource_managers,pf,throughput_bits_per_batch,-2.0,48966.5703125
resource_managers,pf,throughput_bits_per_batch,-1.5,49021.5
resource_managers,pf,throughput_bits_per_batch,-1.0,49034.90625
resource_managers,pf,throughput_bits_per_batch,-0.5,49065.8515625
resource_managers,pf,throughput_bits_per_batch,0.0,49099.6171875
resource_managers,pf,throughput_bits_per_batch,0.5,49111.53125
resource_managers,pf,throughput_bits_per_batch,1.0,49128.984375
resource_managers,pf,throughput_bits_per_batch,1.5,49132.0546875
resource_managers,pf,throughput_bits_per_batch,2.0,49138.9609375
resource_managers,pf,throughput_bits_per_batch,2.5,49141.671875
resource_managers,pf,throughput_bits_per_batch,3.0,49150.5625
resource_managers,pf,throughput_bits_per_batch,3.5,49143.8984375
resource_managers,pf,throughput_bits_per_batch,4.0,49142.6953125
resource_managers,pf,throughput_bits_per_batch,4.5,49134.2421875
resource_managers,pf,throughput_bits_per_batch,5.0,49143.046875
resource_managers,pf,throughput_bits_per_batch,5.5,49147.1484375
resource_managers,pf,throughput_bits_per_batch,6.0,49152.0
resource_managers,pf,throughput_bits_per_batch,6.5,49147.921875
resource_managers,pf,throughput_bits_per_batch,7.0,49141.3125
resource_managers,pf,throughput_bits_per_batch,7.5,49145.4453125
resource_managers,pf,throughput_bits_per_batch,8.0,49152.0
resource_managers,pf,throughput_bits_per_batch,8.5,49143.8046875
resource_managers,pf,throughput_bits_per_batch,9.0,49152.0
resource_managers,pf,throughput_bits_per_batch,9.5,49152.0
resource_managers,pf,throughput_bits_per_batch,10.0,49152.0
resource_managers,pf,energy_joules_per_batch,-5.0,0.00018645100000000018
resource_managers,pf,energy_joules_per_batch,-4.5,0.00018645100000000037
resource_managers,pf,energy_joules_per_batch,-4.0,0.00018645100000000043
resource_managers,pf,energy_joules_per_batch,-3.5,0.00018645100000000043
resource_managers,pf,energy_joules_per_batch,-3.0,0.00018645100000000043
resource_managers,pf,energy_joules_per_batch,-2.5,0.00018645100000000043
resource_managers,pf,energy_joules_per_batch,-2.0,0.00018645100000000043
resource_managers,pf,energy_joules_per_batch,-1.5,0.00018645100000000043
resource_managers,pf,energy_joules_per_batch,-1.0,0.00018645100000000043
resource_managers,pf,energy_joules_per_batch,-0.5,0.00018645100000000043
resource_managers,pf,energy_joules_per_batch,0.0,0.0001864510000000004
resource_managers,pf,energy_joules_per_batch,0.5,0.00018645100000000043
resource_managers,pf,energy_joules_per_batch,1.0,0.00018645100000000043
resource_managers,pf,energy_joules_per_batch,1.5,0.00018645100000000043
resource_managers,pf,energy_joules_per_batch,2.0,0.00018645100000000043
resource_managers,pf,energy_joules_per_batch,2.5,0.00018645100000000043
resource_managers,pf,energy_joules_per_batch,3.0,0.00018645100000000043
resource_managers,pf,energy_joules_per_batch,3.5,0.00018645100000000043
resource_managers,pf,energy_joules_per_batch,4.0,0.00018645100000000043
resource_managers,pf,energy_joules_per_batch,4.5,0.00018645100000000043
resource_managers,pf,energy_joules_per_batch,5.0,0.00018645100000000043
resource_managers,pf,energy_joules_per_batch,5.5,0.00018645100000000043
resource_managers,pf,energy_joules_per_batch,6.0,0.00018645100000000043
resource_managers,pf,energy_joules_per_batch,6.5,0.00018645100000000043
resource_managers,pf,energy_joules_per_batch,7.0,0.00018645100000000043
resource_managers,pf,energy_joules_per_batch,7.5,0.00018645100000000043
resource_managers,pf,energy_joules_per_batch,8.0,0.00018645100000000043
resource_managers,pf,energy_joules_per_batch,8.5,0.0001864510000000004
resource_managers,pf,energy_joules_per_batch,9.0,0.00018645100000000043
resource_managers,pf,energy_joules_per_batch,9.5,0.00018645100000000043
resource_managers,pf,energy_joules_per_batch,10.0,0.00018645100000000043
resource_managers,pf,avg_power_w,-5.0,0.00023415401468158945
resource_managers,pf,avg_power_w,-4.5,0.00026011571734326037
resource_managers,pf,avg_power_w,-4.0,0.00026974149322214275
resource_managers,pf,avg_power_w,-3.5,0.00026834563501658876
resource_managers,pf,avg_power_w,-3.0,0.0002716611596624789
resource_managers,pf,avg_power_w,-2.5,0.0002690722207313095
resource_managers,pf,avg_power_w,-2.0,0.00026946718040989174
resource_managers,pf,avg_power_w,-1.5,0.00026933685913868593
resource_managers,pf,avg_power_w,-1.0,0.00027061268079310775
resource_managers,pf,avg_power_w,-0.5,0.00026762536034063733
resource_managers,pf,avg_power_w,0.0,0.00026981188846908786
resource_managers,pf,avg_power_w,0.5,0.0002680202660684058
resource_managers,pf,avg_power_w,1.0,0.0002675749580297173
resource_managers,pf,avg_power_w,1.5,0.0002691730904244918
resource_managers,pf,avg_power_w,2.0,0.0002698996907148621
resource_managers,pf,avg_power_w,2.5,0.0002702085016575606
resource_managers,pf,avg_power_w,3.0,0.0002685768795674472
resource_managers,pf,avg_power_w,3.5,0.0002702972648376439
resource_managers,pf,avg_power_w,4.0,0.0002695242280409884
resource_managers,pf,avg_power_w,4.5,0.0002715667814039266
resource_managers,pf,avg_power_w,5.0,0.0002698232163621396
resource_managers,pf,avg_power_w,5.5,0.00026754950874414117
resource_managers,pf,avg_power_w,6.0,0.00027043071297979646
resource_managers,pf,avg_power_w,6.5,0.0002668867806784117
resource_managers,pf,avg_power_w,7.0,0.00027036998368642004
resource_managers,pf,avg_power_w,7.5,0.0002708228652096815
resource_managers,pf,avg_power_w,8.0,0.000271516907619887
resource_managers,pf,avg_power_w,8.5,0.00026948071798300817
resource_managers,pf,avg_power_w,9.0,0.0002722323745211701
resource_managers,pf,avg_power_w,9.5,0.0002731677558894601
resource_managers,pf,avg_power_w,10.0,0.0002686628604996449
resource_managers,pf,runtime_sec,-5.0,53.448976999978186
resource_managers,pf,runtime_sec,-4.5,79.09932949994982
resource_managers,pf,runtime_sec,-4.0,95.65262420000363
resource_managers,pf,runtime_sec,-3.5,96.18514009995852
resource_managers,pf,runtime_sec,-3.0,94.96447920003266
resource_managers,pf,runtime_sec,-2.5,95.8882578000048
resource_managers,pf,runtime_sec,-2.0,95.77365240001382
resource_managers,pf,runtime_sec,-1.5,95.87410290002299
resource_managers,pf,runtime_sec,-1.0,95.36255109997
resource_managers,pf,runtime_sec,-0.5,96.4292799999821
resource_managers,pf,runtime_sec,0.0,95.6091271999394
resource_managers,pf,runtime_sec,0.5,96.22684300001856
resource_managers,pf,runtime_sec,1.0,96.42403239998384
resource_managers,pf,runtime_sec,1.5,95.82242590001988
resource_managers,pf,runtime_sec,2.0,95.59634559995902
resource_managers,pf,runtime_sec,2.5,95.50653430001694
resource_managers,pf,runtime_sec,3.0,96.04715860003489
resource_managers,pf,runtime_sec,3.5,95.46124129999953
resource_managers,pf,runtime_sec,4.0,95.75224810001237
resource_managers,pf,runtime_sec,4.5,94.98737580001034
resource_managers,pf,runtime_sec,5.0,95.59020149995922
resource_managers,pf,runtime_sec,5.5,96.46380899997166
resource_managers,pf,runtime_sec,6.0,95.372555799986
resource_managers,pf,runtime_sec,6.5,96.63256640000327
resource_managers,pf,runtime_sec,7.0,95.42429519996222
resource_managers,pf,runtime_sec,7.5,95.21169470001769
resource_managers,pf,runtime_sec,8.0,94.9429000000091
resource_managers,pf,runtime_sec,8.5,95.64344319998054
resource_managers,pf,runtime_sec,9.0,95.60602850003488
resource_managers,pf,runtime_sec,9.5,95.28299840006366
resource_managers,pf,runtime_sec,10.0,96.91370389999065
resource_managers,pf,bit_errors,-5.0,218386.0
resource_managers,pf,bit_errors,-4.5,220481.0
resource_managers,pf,bit_errors,-4.0,179429.0
resource_managers,pf,bit_errors,-3.5,112780.0
resource_managers,pf,bit_errors,-3.0,75789.0
resource_managers,pf,bit_errors,-2.5,42096.0
resource_managers,pf,bit_errors,-2.0,23735.0
resource_managers,pf,bit_errors,-1.5,16704.0
resource_managers,pf,bit_errors,-1.0,14988.0
resource_managers,pf,bit_errors,-0.5,11027.0
resource_managers,pf,bit_errors,0.0,6705.0
resource_managers,pf,bit_errors,0.5,5180.0
resource_managers,pf,bit_errors,1.0,2946.0
resource_managers,pf,bit_errors,1.5,2553.0
resource_managers,pf,bit_errors,2.0,1669.0
resource_managers,pf,bit_errors,2.5,1322.0
resource_managers,pf,bit_errors,3.0,184.0
resource_managers,pf,bit_errors,3.5,1037.0
resource_managers,pf,bit_errors,4.0,1191.0
resource_managers,pf,bit_errors,4.5,2273.0
resource_managers,pf,bit_errors,5.0,1146.0
resource_managers,pf,bit_errors,5.5,621.0
resource_managers,pf,bit_errors,6.0,0.0
resource_managers,pf,bit_errors,6.5,522.0
resource_managers,pf,bit_errors,7.0,1368.0
resource_managers,pf,bit_errors,7.5,839.0
resource_managers,pf,bit_errors,8.0,0.0
resource_managers,pf,bit_errors,8.5,1049.0
resource_managers,pf,bit_errors,9.0,0.0
resource_managers,pf,bit_errors,9.5,0.0
resource_managers,pf,bit_errors,10.0,0.0
resource_managers,pf,total_bits,-5.0,3047424.0
resource_managers,pf,total_bits,-4.5,5013504.0
resource_managers,pf,total_bits,-4.0,6291456.0
resource_managers,pf,total_bits,-3.5,6291456.0
resource_managers,pf,total_bits,-3.0,6291456.0
resource_managers,pf,total_bits,-2.5,6291456.0
resource_managers,pf,total_bits,-2.0,6291456.0
resource_managers,pf,total_bits,-1.5,6291456.0
resource_managers,pf,total_bits,-1.0,6291456.0
resource_managers,pf,total_bits,-0.5,6291456.0
resource_managers,pf,total_bits,0.0,6291456.0
resource_managers,pf,total_bits,0.5,6291456.0
resource_managers,pf,total_bits,1.0,6291456.0
resource_managers,pf,total_bits,1.5,6291456.0
resource_managers,pf,total_bits,2.0,6291456.0
resource_managers,pf,total_bits,2.5,6291456.0
resource_managers,pf,total_bits,3.0,6291456.0
resource_managers,pf,total_bits,3.5,6291456.0
resource_managers,pf,total_bits,4.0,6291456.0
resource_managers,pf,total_bits,4.5,6291456.0
resource_managers,pf,total_bits,5.0,6291456.0
resource_managers,pf,total_bits,5.5,6291456.0
resource_managers,pf,total_bits,6.0,6291456.0
resource_managers,pf,total_bits,6.5,6291456.0
resource_managers,pf,total_bits,7.0,6291456.0
resource_managers,pf,total_bits,7.5,6291456.0
resource_managers,pf,total_bits,8.0,6291456.0
resource_managers,pf,total_bits,8.5,6291456.0
resource_managers,pf,total_bits,9.0,6291456.0
resource_managers,pf,total_bits,9.5,6291456.0
resource_managers,pf,total_bits,10.0,6291456.0
resource_managers,pf,block_errors,-5.0,1011.0
resource_managers,pf,block_errors,-4.5,1010.0
resource_managers,pf,block_errors,-4.0,839.0
resource_managers,pf,block_errors,-3.5,506.0
resource_managers,pf,block_errors,-3.0,351.0
resource_managers,pf,block_errors,-2.5,200.0
resource_managers,pf,block_errors,-2.0,110.0
resource_managers,pf,block_errors,-1.5,71.0
resource_managers,pf,block_errors,-1.0,60.0
resource_managers,pf,block_errors,-0.5,40.0
resource_managers,pf,block_errors,0.0,27.0
resource_managers,pf,block_errors,0.5,21.0
resource_managers,pf,block_errors,1.0,11.0
resource_managers,pf,block_errors,1.5,8.0
resource_managers,pf,block_errors,2.0,5.0
resource_managers,pf,block_errors,2.5,4.0
resource_managers,pf,block_errors,3.0,2.0
resource_managers,pf,block_errors,3.5,3.0
resource_managers,pf,block_errors,4.0,3.0
resource_managers,pf,block_errors,4.5,5.0
resource_managers,pf,block_errors,5.0,5.0
resource_managers,pf,block_errors,5.5,1.0
resource_managers,pf,block_errors,6.0,0.0
resource_managers,pf,block_errors,6.5,1.0
resource_managers,pf,block_errors,7.0,2.0
resource_managers,pf,block_errors,7.5,2.0
resource_managers,pf,block_errors,8.0,0.0
resource_managers,pf,block_errors,8.5,2.0
resource_managers,pf,block_errors,9.0,0.0
resource_managers,pf,block_errors,9.5,0.0
resource_managers,pf,block_errors,10.0,0.0
resource_managers,pf,total_blocks,-5.0,1984.0
resource_managers,pf,total_blocks,-4.5,3264.0
resource_managers,pf,total_blocks,-4.0,4096.0
resource_managers,pf,total_blocks,-3.5,4096.0
resource_managers,pf,total_blocks,-3.0,4096.0
resource_managers,pf,total_blocks,-2.5,4096.0
resource_managers,pf,total_blocks,-2.0,4096.0
resource_managers,pf,total_blocks,-1.5,4096.0
resource_managers,pf,total_blocks,-1.0,4096.0
resource_managers,pf,total_blocks,-0.5,4096.0
resource_managers,pf,total_blocks,0.0,4096.0
resource_managers,pf,total_blocks,0.5,4096.0
resource_managers,pf,total_blocks,1.0,4096.0
resource_managers,pf,total_blocks,1.5,4096.0
resource_managers,pf,total_blocks,2.0,4096.0
resource_managers,pf,total_blocks,2.5,4096.0
resource_managers,pf,total_blocks,3.0,4096.0
resource_managers,pf,total_blocks,3.5,4096.0
resource_managers,pf,total_blocks,4.0,4096.0
resource_managers,pf,total_blocks,4.5,4096.0
resource_managers,pf,total_blocks,5.0,4096.0
resource_managers,pf,total_blocks,5.5,4096.0
resource_managers,pf,total_blocks,6.0,4096.0
resource_managers,pf,total_blocks,6.5,4096.0
resource_managers,pf,total_blocks,7.0,4096.0
resource_managers,pf,total_blocks,7.5,4096.0
resource_managers,pf,total_blocks,8.0,4096.0
resource_managers,pf,total_blocks,8.5,4096.0
resource_managers,pf,total_blocks,9.0,4096.0
resource_managers,pf,total_blocks,9.5,4096.0
resource_managers,pf,total_blocks,10.0,4096.0
resource_managers,pf,num_batches,-5.0,62.0
resource_managers,pf,num_batches,-4.5,102.0
resource_managers,pf,num_batches,-4.0,128.0
resource_managers,pf,num_batches,-3.5,128.0
resource_managers,pf,num_batches,-3.0,128.0
resource_managers,pf,num_batches,-2.5,128.0
resource_managers,pf,num_batches,-2.0,128.0
resource_managers,pf,num_batches,-1.5,128.0
resource_managers,pf,num_batches,-1.0,128.0
resource_managers,pf,num_batches,-0.5,128.0
resource_managers,pf,num_batches,0.0,128.0
resource_managers,pf,num_batches,0.5,128.0
resource_managers,pf,num_batches,1.0,128.0
resource_managers,pf,num_batches,1.5,128.0
resource_managers,pf,num_batches,2.0,128.0
resource_managers,pf,num_batches,2.5,128.0
resource_managers,pf,num_batches,3.0,128.0
resource_managers,pf,num_batches,3.5,128.0
resource_managers,pf,num_batches,4.0,128.0
resource_managers,pf,num_batches,4.5,128.0
resource_managers,pf,num_batches,5.0,128.0
resource_managers,pf,num_batches,5.5,128.0
resource_managers,pf,num_batches,6.0,128.0
resource_managers,pf,num_batches,6.5,128.0
resource_managers,pf,num_batches,7.0,128.0
resource_managers,pf,num_batches,7.5,128.0
resource_managers,pf,num_batches,8.0,128.0
resource_managers,pf,num_batches,8.5,128.0
resource_managers,pf,num_batches,9.0,128.0
resource_managers,pf,num_batches,9.5,128.0
resource_managers,pf,num_batches,10.0,128.0
resource_managers,pf,stop_reason,-5.0,target_block_errors
resource_managers,pf,stop_reason,-4.5,target_block_errors
resource_managers,pf,stop_reason,-4.0,max_batches
resource_managers,pf,stop_reason,-3.5,max_batches
resource_managers,pf,stop_reason,-3.0,max_batches
resource_managers,pf,stop_reason,-2.5,max_batches
resource_managers,pf,stop_reason,-2.0,max_batches
resource_managers,pf,stop_reason,-1.5,max_batches
resource_managers,pf,stop_reason,-1.0,max_batches
resource_managers,pf,stop_reason,-0.5,max_batches
resource_managers,pf,stop_reason,0.0,max_batches
resource_managers,pf,stop_reason,0.5,max_batches
resource_managers,pf,stop_reason,1.0,max_batches
resource_managers,pf,stop_reason,1.5,max_batches
resource_managers,pf,stop_reason,2.0,max_batches
resource_managers,pf,stop_reason,2.5,max_batches
resource_managers,pf,stop_reason,3.0,max_batches
resource_managers,pf,stop_reason,3.5,max_batches
resource_managers,pf,stop_reason,4.0,max_batches
resource_managers,pf,stop_reason,4.5,max_batches
resource_managers,pf,stop_reason,5.0,max_batches
resource_managers,pf,stop_reason,5.5,max_batches
resource_managers,pf,stop_reason,6.0,max_batches
resource_managers,pf,stop_reason,6.5,max_batches
resource_managers,pf,stop_reason,7.0,max_batches
resource_managers,pf,stop_reason,7.5,max_batches
resource_managers,pf,stop_reason,8.0,max_batches
resource_managers,pf,stop_reason,8.5,max_batches
resource_managers,pf,stop_reason,9.0,max_batches
resource_managers,pf,stop_reason,9.5,max_batches
resource_managers,pf,stop_reason,10.0,max_batches
resource_managers,pf,point_status,-5.0,resolved
resource_managers,pf,point_status,-4.5,resolved
resource_managers,pf,point_status,-4.0,resolved
resource_managers,pf,point_status,-3.5,resolved
resource_managers,pf,point_status,-3.0,resolved
resource_managers,pf,point_status,-2.5,resolved
resource_managers,pf,point_status,-2.0,resolved
resource_managers,pf,point_status,-1.5,resolved
resource_managers,pf,point_status,-1.0,resolved
resource_managers,pf,point_status,-0.5,resolved
resource_managers,pf,point_status,0.0,resolved
resource_managers,pf,point_status,0.5,resolved
resource_managers,pf,point_status,1.0,resolved
resource_managers,pf,point_status,1.5,resolved
resource_managers,pf,point_status,2.0,resolved
resource_managers,pf,point_status,2.5,resolved
resource_managers,pf,point_status,3.0,resolved
resource_managers,pf,point_status,3.5,resolved
resource_managers,pf,point_status,4.0,resolved
resource_managers,pf,point_status,4.5,resolved
resource_managers,pf,point_status,5.0,resolved
resource_managers,pf,point_status,5.5,resolved
resource_managers,pf,point_status,6.0,upper_bound_only
resource_managers,pf,point_status,6.5,resolved
resource_managers,pf,point_status,7.0,resolved
resource_managers,pf,point_status,7.5,resolved
resource_managers,pf,point_status,8.0,upper_bound_only
resource_managers,pf,point_status,8.5,resolved
resource_managers,pf,point_status,9.0,upper_bound_only
resource_managers,pf,point_status,9.5,upper_bound_only
resource_managers,pf,point_status,10.0,upper_bound_only
resource_managers,pf,runtime_total_sec,,2909.19592299989
resource_managers,wmmse,ber,-5.0,0.0666787503945707
resource_managers,wmmse,ber,-4.5,0.040712193080357145
resource_managers,wmmse,ber,-4.0,0.025958697001139324
resource_managers,wmmse,ber,-3.5,0.015517393747965494
resource_managers,wmmse,ber,-3.0,0.010158379872639975
resource_managers,wmmse,ber,-2.5,0.006602764129638672
resource_managers,wmmse,ber,-2.0,0.0033663113911946616
resource_managers,wmmse,ber,-1.5,0.002823511759440104
resource_managers,wmmse,ber,-1.0,0.002147515614827474
resource_managers,wmmse,ber,-0.5,0.0016231536865234375
resource_managers,wmmse,ber,0.0,0.0011900266011555989
resource_managers,wmmse,ber,0.5,0.0002621014912923177
resource_managers,wmmse,ber,1.0,0.0006244977315266927
resource_managers,wmmse,ber,1.5,0.0004744529724121094
resource_managers,wmmse,ber,2.0,0.0002969106038411458
resource_managers,wmmse,ber,2.5,0.000331878662109375
resource_managers,wmmse,ber,3.0,6.18298848470052e-05
resource_managers,wmmse,ber,3.5,0.00017150243123372397
resource_managers,wmmse,ber,4.0,0.000102996826171875
resource_managers,wmmse,ber,4.5,7.994969685872395e-05
resource_managers,wmmse,ber,5.0,0.00024048487345377603
resource_managers,wmmse,ber,5.5,0.0
resource_managers,wmmse,ber,6.0,0.0
resource_managers,wmmse,ber,6.5,0.00011205673217773438
resource_managers,wmmse,ber,7.0,0.0001209576924641927
resource_managers,wmmse,ber,7.5,0.0001586278279622396
resource_managers,wmmse,ber,8.0,3.178914388020833e-07
resource_managers,wmmse,ber,8.5,0.0
resource_managers,wmmse,ber,9.0,0.00010712941487630208
resource_managers,wmmse,ber,9.5,0.0
resource_managers,wmmse,ber,10.0,0.0
resource_managers,wmmse,ber_upper_confidence,-5.0,0.06690693310514943
resource_managers,wmmse,ber_upper_confidence,-4.5,0.040855520538894186
resource_managers,wmmse,ber_upper_confidence,-4.0,0.026063176418008923
resource_managers,wmmse,ber_upper_confidence,-3.5,0.015598654595009934
resource_managers,wmmse,ber_upper_confidence,-3.0,0.010224348565890384
resource_managers,wmmse,ber_upper_confidence,-2.5,0.006656086687873491
resource_managers,wmmse,ber_upper_confidence,-2.0,0.0034045091946356128
resource_managers,wmmse,ber_upper_confidence,-1.5,0.002858522465616957
resource_managers,wmmse,ber_upper_confidence,-1.0,0.0021780870487861184
resource_managers,wmmse,ber_upper_confidence,-0.5,0.001649767339365509
resource_managers,wmmse,ber_upper_confidence,0.0,0.0012128506034479603
resource_managers,wmmse,ber_upper_confidence,0.5,0.0002729338008291649
resource_managers,wmmse,ber_upper_confidence,1.0,0.0006410964323809449
resource_managers,wmmse,ber_upper_confidence,1.5,0.000488949957128721
resource_managers,wmmse,ber_upper_confidence,2.0,0.00030842549469784484
resource_managers,wmmse,ber_upper_confidence,2.5,0.00034404000197224994
resource_managers,wmmse,ber_upper_confidence,3.0,6.720564595284573e-05
resource_managers,wmmse,ber_upper_confidence,3.5,0.00018030722281711352
resource_managers,wmmse,ber_upper_confidence,4.0,0.00010987016419281908
resource_managers,wmmse,ber_upper_confidence,4.5,8.603192654687601e-05
resource_managers,wmmse,ber_upper_confidence,5.0,0.00025087023842862156
resource_managers,wmmse,ber_upper_confidence,5.5,4.761588213529571e-07
resource_managers,wmmse,ber_upper_confidence,6.0,4.761588213529571e-07
resource_managers,wmmse,ber_upper_confidence,6.5,0.00011921641553665914
resource_managers,wmmse,ber_upper_confidence,7.0,0.00012838763392029933
resource_managers,wmmse,ber_upper_confidence,7.5,0.00016710418114348254
resource_managers,wmmse,ber_upper_confidence,8.0,9.606192867440187e-07
resource_managers,wmmse,ber_upper_confidence,8.5,4.761588213529571e-07
resource_managers,wmmse,ber_upper_confidence,9.0,0.00011413486514665633
resource_managers,wmmse,ber_upper_confidence,9.5,4.761588213529571e-07
resource_managers,wmmse,ber_upper_confidence,10.0,4.761588213529571e-07
resource_managers,wmmse,latency_ms,-5.0,793.2014999999743
resource_managers,wmmse,latency_ms,-4.5,715.3718452386939
resource_managers,wmmse,latency_ms,-4.0,694.1689888017485
resource_managers,wmmse,latency_ms,-3.5,696.937179426839
resource_managers,wmmse,latency_ms,-3.0,694.6754895836015
resource_managers,wmmse,latency_ms,-2.5,690.2442395831648
resource_managers,wmmse,latency_ms,-2.0,692.1841763018782
resource_managers,wmmse,latency_ms,-1.5,695.1734708333382
resource_managers,wmmse,latency_ms,-1.0,691.9777028648176
resource_managers,wmmse,latency_ms,-0.5,692.7188997399575
resource_managers,wmmse,latency_ms,0.0,699.6591763022756
resource_managers,wmmse,latency_ms,0.5,694.3186192707734
resource_managers,wmmse,latency_ms,1.0,697.819035677383
resource_managers,wmmse,latency_ms,1.5,692.5788536460963
resource_managers,wmmse,latency_ms,2.0,689.0220716145158
resource_managers,wmmse,latency_ms,2.5,690.232938802665
resource_managers,wmmse,latency_ms,3.0,688.3881411461906
resource_managers,wmmse,latency_ms,3.5,690.3487684895416
resource_managers,wmmse,latency_ms,4.0,693.1140247399688
resource_managers,wmmse,latency_ms,4.5,682.2107622394063
resource_managers,wmmse,latency_ms,5.0,688.4125450519313
resource_managers,wmmse,latency_ms,5.5,691.7542489578913
resource_managers,wmmse,latency_ms,6.0,690.5503606774622
resource_managers,wmmse,latency_ms,6.5,698.6364395833383
resource_managers,wmmse,latency_ms,7.0,690.0355403644475
resource_managers,wmmse,latency_ms,7.5,689.6971786456155
resource_managers,wmmse,latency_ms,8.0,683.0148098955809
resource_managers,wmmse,latency_ms,8.5,698.5366966145242
resource_managers,wmmse,latency_ms,9.0,690.6917895834957
resource_managers,wmmse,latency_ms,9.5,687.5915098952695
resource_managers,wmmse,latency_ms,10.0,689.8589700516872
resource_managers,wmmse,throughput_bits_per_batch,-5.0,45874.606060606064
resource_managers,wmmse,throughput_bits_per_batch,-4.5,47150.91428571429
resource_managers,wmmse,throughput_bits_per_batch,-4.0,47876.078125
resource_managers,wmmse,throughput_bits_per_batch,-3.5,48389.2890625
resource_managers,wmmse,throughput_bits_per_batch,-3.0,48652.6953125
resource_managers,wmmse,throughput_bits_per_batch,-2.5,48827.4609375
resource_managers,wmmse,throughput_bits_per_batch,-2.0,48986.5390625
resource_managers,wmmse,throughput_bits_per_batch,-1.5,49013.21875
resource_managers,wmmse,throughput_bits_per_batch,-1.0,49046.4453125
resource_managers,wmmse,throughput_bits_per_batch,-0.5,49072.21875
resource_managers,wmmse,throughput_bits_per_batch,0.0,49093.5078125
resource_managers,wmmse,throughput_bits_per_batch,0.5,49139.1171875
resource_managers,wmmse,throughput_bits_per_batch,1.0,49121.3046875
resource_managers,wmmse,throughput_bits_per_batch,1.5,49128.6796875
resource_managers,wmmse,throughput_bits_per_batch,2.0,49137.40625
resource_managers,wmmse,throughput_bits_per_batch,2.5,49135.6875
resource_managers,wmmse,throughput_bits_per_batch,3.0,49148.9609375
resource_managers,wmmse,throughput_bits_per_batch,3.5,49143.5703125
resource_managers,wmmse,throughput_bits_per_batch,4.0,49146.9375
resource_managers,wmmse,throughput_bits_per_batch,4.5,49148.0703125
resource_managers,wmmse,throughput_bits_per_batch,5.0,49140.1796875
resource_managers,wmmse,throughput_bits_per_batch,5.5,49152.0
resource_managers,wmmse,throughput_bits_per_batch,6.0,49152.0
resource_managers,wmmse,throughput_bits_per_batch,6.5,49146.4921875
resource_managers,wmmse,throughput_bits_per_batch,7.0,49146.0546875
resource_managers,wmmse,throughput_bits_per_batch,7.5,49144.203125
resource_managers,wmmse,throughput_bits_per_batch,8.0,49151.984375
resource_managers,wmmse,throughput_bits_per_batch,8.5,49152.0
resource_managers,wmmse,throughput_bits_per_batch,9.0,49146.734375
resource_managers,wmmse,throughput_bits_per_batch,9.5,49152.0
resource_managers,wmmse,throughput_bits_per_batch,10.0,49152.0
resource_managers,wmmse,energy_joules_per_batch,-5.0,0.0001864510000000002
resource_managers,wmmse,energy_joules_per_batch,-4.5,0.00018645100000000035
resource_managers,wmmse,energy_joules_per_batch,-4.0,0.00018645100000000043
resource_managers,wmmse,energy_joules_per_batch,-3.5,0.00018645100000000043
resource_managers,wmmse,energy_joules_per_batch,-3.0,0.00018645100000000043
resource_managers,wmmse,energy_joules_per_batch,-2.5,0.00018645100000000043
resource_managers,wmmse,energy_joules_per_batch,-2.0,0.00018645100000000043
resource_managers,wmmse,energy_joules_per_batch,-1.5,0.00018645100000000043
resource_managers,wmmse,energy_joules_per_batch,-1.0,0.00018645100000000043
resource_managers,wmmse,energy_joules_per_batch,-0.5,0.00018645100000000043
resource_managers,wmmse,energy_joules_per_batch,0.0,0.00018645100000000043
resource_managers,wmmse,energy_joules_per_batch,0.5,0.00018645100000000043
resource_managers,wmmse,energy_joules_per_batch,1.0,0.00018645100000000043
resource_managers,wmmse,energy_joules_per_batch,1.5,0.00018645100000000043
resource_managers,wmmse,energy_joules_per_batch,2.0,0.00018645100000000043
resource_managers,wmmse,energy_joules_per_batch,2.5,0.00018645100000000043
resource_managers,wmmse,energy_joules_per_batch,3.0,0.00018645100000000043
resource_managers,wmmse,energy_joules_per_batch,3.5,0.00018645100000000043
resource_managers,wmmse,energy_joules_per_batch,4.0,0.00018645100000000043
resource_managers,wmmse,energy_joules_per_batch,4.5,0.00018645100000000043
resource_managers,wmmse,energy_joules_per_batch,5.0,0.00018645100000000043
resource_managers,wmmse,energy_joules_per_batch,5.5,0.00018645100000000043
resource_managers,wmmse,energy_joules_per_batch,6.0,0.00018645100000000043
resource_managers,wmmse,energy_joules_per_batch,6.5,0.00018645100000000043
resource_managers,wmmse,energy_joules_per_batch,7.0,0.00018645100000000043
resource_managers,wmmse,energy_joules_per_batch,7.5,0.00018645100000000043
resource_managers,wmmse,energy_joules_per_batch,8.0,0.00018645100000000043
resource_managers,wmmse,energy_joules_per_batch,8.5,0.00018645100000000043
resource_managers,wmmse,energy_joules_per_batch,9.0,0.00018645100000000043
resource_managers,wmmse,energy_joules_per_batch,9.5,0.00018645100000000043
resource_managers,wmmse,energy_joules_per_batch,10.0,0.00018645100000000043
resource_managers,wmmse,avg_power_w,-5.0,0.00023506133056985676
resource_managers,wmmse,avg_power_w,-4.5,0.0002606350826370422
resource_managers,wmmse,avg_power_w,-4.0,0.00026859598024084303
resource_managers,wmmse,avg_power_w,-3.5,0.00026752913390750327
resource_managers,wmmse,avg_power_w,-3.0,0.00026840014193067594
resource_managers,wmmse,avg_power_w,-2.5,0.00027012322495092067
resource_managers,wmmse,avg_power_w,-2.0,0.0002693661692703658
resource_managers,wmmse,avg_power_w,-1.5,0.00026820787590828597
resource_managers,wmmse,avg_power_w,-1.0,0.00026944654318785885
resource_managers,wmmse,avg_power_w,-0.5,0.0002691582401894809
resource_managers,wmmse,avg_power_w,0.0,0.00026648832219338677
resource_managers,wmmse,avg_power_w,0.5,0.0002685380959476869
resource_managers,wmmse,avg_power_w,1.0,0.0002671910487781546
resource_managers,wmmse,avg_power_w,1.5,0.00026921266656991494
resource_managers,wmmse,avg_power_w,2.0,0.00027060236192885467
resource_managers,wmmse,avg_power_w,2.5,0.00027012764752060907
resource_managers,wmmse,avg_power_w,3.0,0.00027085155721821836
resource_managers,wmmse,avg_power_w,3.5,0.0002700823243415767
resource_managers,wmmse,avg_power_w,4.0,0.0002690048005736863
resource_managers,wmmse,avg_power_w,4.5,0.00027330410236854293
resource_managers,wmmse,avg_power_w,5.0,0.0002708419556560162
resource_managers,wmmse,avg_power_w,5.5,0.00026953358115383276
resource_managers,wmmse,avg_power_w,6.0,0.0002700034792785906
resource_managers,wmmse,avg_power_w,6.5,0.00026687843552964177
resource_managers,wmmse,avg_power_w,7.0,0.0002702049229254553
resource_managers,wmmse,avg_power_w,7.5,0.00027033748400441673
resource_managers,wmmse,avg_power_w,8.0,0.0002729823677300716
resource_managers,wmmse,avg_power_w,8.5,0.0002669165426865044
resource_managers,wmmse,avg_power_w,9.0,0.0002699481922500266
resource_managers,wmmse,avg_power_w,9.5,0.00027116536099813056
resource_managers,wmmse,avg_power_w,10.0,0.00027027408223166357
resource_managers,wmmse,runtime_sec,-5.0,56.58038129997294
resource_managers,wmmse,runtime_sec,-4.5,81.10686540002644
resource_managers,wmmse,runtime_sec,-4.0,95.86836649999896
resource_managers,wmmse,runtime_sec,-3.5,96.33048749995214
resource_managers,wmmse,runtime_sec,-3.0,95.90971400000853
resource_managers,wmmse,runtime_sec,-2.5,95.41050519999408
resource_managers,wmmse,runtime_sec,-2.0,95.64590399999724
resource_managers,wmmse,runtime_sec,-1.5,96.03241100002924
resource_managers,wmmse,runtime_sec,-1.0,95.62035680002009
resource_managers,wmmse,runtime_sec,-0.5,95.72430250003526
resource_managers,wmmse,runtime_sec,0.0,96.58256260002963
resource_managers,wmmse,runtime_sec,0.5,95.98453960004554
resource_managers,wmmse,runtime_sec,1.0,96.51230430001306
resource_managers,wmmse,runtime_sec,1.5,95.68391629999678
resource_managers,wmmse,runtime_sec,2.0,95.21045979997143
resource_managers,wmmse,runtime_sec,2.5,95.37210469997808
resource_managers,wmmse,runtime_sec,3.0,95.12796969995543
resource_managers,wmmse,runtime_sec,3.5,95.42680959997233
resource_managers,wmmse,runtime_sec,4.0,95.81550339999376
resource_managers,wmmse,runtime_sec,4.5,94.2857752000491
resource_managers,wmmse,runtime_sec,5.0,95.14032280001993
resource_managers,wmmse,runtime_sec,5.5,95.62318439996307
resource_managers,wmmse,runtime_sec,6.0,95.33769529997517
resource_managers,wmmse,runtime_sec,6.5,96.50424700001167
resource_managers,wmmse,runtime_sec,7.0,95.35291899998265
resource_managers,wmmse,runtime_sec,7.5,95.24257219998981
resource_managers,wmmse,runtime_sec,8.0,94.32642269992357
resource_managers,wmmse,runtime_sec,8.5,96.44169629996031
resource_managers,wmmse,runtime_sec,9.0,96.24220079999213
resource_managers,wmmse,runtime_sec,9.5,95.86438150006143
resource_managers,wmmse,runtime_sec,10.0,96.2540063000124
resource_managers,wmmse,bit_errors,-5.0,216308.0
resource_managers,wmmse,bit_errors,-4.5,210114.0
resource_managers,wmmse,bit_errors,-4.0,163318.0
resource_managers,wmmse,bit_errors,-3.5,97627.0
resource_managers,wmmse,bit_errors,-3.0,63911.0
resource_managers,wmmse,bit_errors,-2.5,41541.0
resource_managers,wmmse,bit_errors,-2.0,21179.0
resource_managers,wmmse,bit_errors,-1.5,17764.0
resource_managers,wmmse,bit_errors,-1.0,13511.0
resource_managers,wmmse,bit_errors,-0.5,10212.0
resource_managers,wmmse,bit_errors,0.0,7487.0
resource_managers,wmmse,bit_errors,0.5,1649.0
resource_managers,wmmse,bit_errors,1.0,3929.0
resource_managers,wmmse,bit_errors,1.5,2985.0
resource_managers,wmmse,bit_errors,2.0,1868.0
resource_managers,wmmse,bit_errors,2.5,2088.0
resource_managers,wmmse,bit_errors,3.0,389.0
resource_managers,wmmse,bit_errors,3.5,1079.0
resource_managers,wmmse,bit_errors,4.0,648.0
resource_managers,wmmse,bit_errors,4.5,503.0
resource_managers,wmmse,bit_errors,5.0,1513.0
resource_managers,wmmse,bit_errors,5.5,0.0
resource_managers,wmmse,bit_errors,6.0,0.0
resource_managers,wmmse,bit_errors,6.5,705.0
resource_managers,wmmse,bit_errors,7.0,761.0
resource_managers,wmmse,bit_errors,7.5,998.0
resource_managers,wmmse,bit_errors,8.0,2.0
resource_managers,wmmse,bit_errors,8.5,0.0
resource_managers,wmmse,bit_errors,9.0,674.0
resource_managers,wmmse,bit_errors,9.5,0.0
resource_managers,wmmse,bit_errors,10.0,0.0
resource_managers,wmmse,total_bits,-5.0,3244032.0
resource_managers,wmmse,total_bits,-4.5,5160960.0
resource_managers,wmmse,total_bits,-4.0,6291456.0
resource_managers,wmmse,total_bits,-3.5,6291456.0
resource_managers,wmmse,total_bits,-3.0,6291456.0
resource_managers,wmmse,total_bits,-2.5,6291456.0
resource_managers,wmmse,total_bits,-2.0,6291456.0
resource_managers,wmmse,total_bits,-1.5,6291456.0
resource_managers,wmmse,total_bits,-1.0,6291456.0
resource_managers,wmmse,total_bits,-0.5,6291456.0
resource_managers,wmmse,total_bits,0.0,6291456.0
resource_managers,wmmse,total_bits,0.5,6291456.0
resource_managers,wmmse,total_bits,1.0,6291456.0
resource_managers,wmmse,total_bits,1.5,6291456.0
resource_managers,wmmse,total_bits,2.0,6291456.0
resource_managers,wmmse,total_bits,2.5,6291456.0
resource_managers,wmmse,total_bits,3.0,6291456.0
resource_managers,wmmse,total_bits,3.5,6291456.0
resource_managers,wmmse,total_bits,4.0,6291456.0
resource_managers,wmmse,total_bits,4.5,6291456.0
resource_managers,wmmse,total_bits,5.0,6291456.0
resource_managers,wmmse,total_bits,5.5,6291456.0
resource_managers,wmmse,total_bits,6.0,6291456.0
resource_managers,wmmse,total_bits,6.5,6291456.0
resource_managers,wmmse,total_bits,7.0,6291456.0
resource_managers,wmmse,total_bits,7.5,6291456.0
resource_managers,wmmse,total_bits,8.0,6291456.0
resource_managers,wmmse,total_bits,8.5,6291456.0
resource_managers,wmmse,total_bits,9.0,6291456.0
resource_managers,wmmse,total_bits,9.5,6291456.0
resource_managers,wmmse,total_bits,10.0,6291456.0
resource_managers,wmmse,block_errors,-5.0,1008.0
resource_managers,wmmse,block_errors,-4.5,1006.0
resource_managers,wmmse,block_errors,-4.0,774.0
resource_managers,wmmse,block_errors,-3.5,445.0
resource_managers,wmmse,block_errors,-3.0,304.0
resource_managers,wmmse,block_errors,-2.5,174.0
resource_managers,wmmse,block_errors,-2.0,109.0
resource_managers,wmmse,block_errors,-1.5,74.0
resource_managers,wmmse,block_errors,-1.0,49.0
resource_managers,wmmse,block_errors,-0.5,39.0
resource_managers,wmmse,block_errors,0.0,27.0
resource_managers,wmmse,block_errors,0.5,9.0
resource_managers,wmmse,block_errors,1.0,12.0
resource_managers,wmmse,block_errors,1.5,8.0
resource_managers,wmmse,block_errors,2.0,5.0
resource_managers,wmmse,block_errors,2.5,6.0
resource_managers,wmmse,block_errors,3.0,2.0
resource_managers,wmmse,block_errors,3.5,3.0
resource_managers,wmmse,block_errors,4.0,2.0
resource_managers,wmmse,block_errors,4.5,2.0
resource_managers,wmmse,block_errors,5.0,5.0
resource_managers,wmmse,block_errors,5.5,0.0
resource_managers,wmmse,block_errors,6.0,0.0
resource_managers,wmmse,block_errors,6.5,3.0
resource_managers,wmmse,block_errors,7.0,1.0
resource_managers,wmmse,block_errors,7.5,2.0
resource_managers,wmmse,block_errors,8.0,1.0
resource_managers,wmmse,block_errors,8.5,0.0
resource_managers,wmmse,block_errors,9.0,1.0
resource_managers,wmmse,block_errors,9.5,0.0
resource_managers,wmmse,block_errors,10.0,0.0
resource_managers,wmmse,total_blocks,-5.0,2112.0
resource_managers,wmmse,total_blocks,-4.5,3360.0
resource_managers,wmmse,total_blocks,-4.0,4096.0
resource_managers,wmmse,total_blocks,-3.5,4096.0
resource_managers,wmmse,total_blocks,-3.0,4096.0
resource_managers,wmmse,total_blocks,-2.5,4096.0
resource_managers,wmmse,total_blocks,-2.0,4096.0
resource_managers,wmmse,total_blocks,-1.5,4096.0
resource_managers,wmmse,total_blocks,-1.0,4096.0
resource_managers,wmmse,total_blocks,-0.5,4096.0
resource_managers,wmmse,total_blocks,0.0,4096.0
resource_managers,wmmse,total_blocks,0.5,4096.0
resource_managers,wmmse,total_blocks,1.0,4096.0
resource_managers,wmmse,total_blocks,1.5,4096.0
resource_managers,wmmse,total_blocks,2.0,4096.0
resource_managers,wmmse,total_blocks,2.5,4096.0
resource_managers,wmmse,total_blocks,3.0,4096.0
resource_managers,wmmse,total_blocks,3.5,4096.0
resource_managers,wmmse,total_blocks,4.0,4096.0
resource_managers,wmmse,total_blocks,4.5,4096.0
resource_managers,wmmse,total_blocks,5.0,4096.0
resource_managers,wmmse,total_blocks,5.5,4096.0
resource_managers,wmmse,total_blocks,6.0,4096.0
resource_managers,wmmse,total_blocks,6.5,4096.0
resource_managers,wmmse,total_blocks,7.0,4096.0
resource_managers,wmmse,total_blocks,7.5,4096.0
resource_managers,wmmse,total_blocks,8.0,4096.0
resource_managers,wmmse,total_blocks,8.5,4096.0
resource_managers,wmmse,total_blocks,9.0,4096.0
resource_managers,wmmse,total_blocks,9.5,4096.0
resource_managers,wmmse,total_blocks,10.0,4096.0
resource_managers,wmmse,num_batches,-5.0,66.0
resource_managers,wmmse,num_batches,-4.5,105.0
resource_managers,wmmse,num_batches,-4.0,128.0
resource_managers,wmmse,num_batches,-3.5,128.0
resource_managers,wmmse,num_batches,-3.0,128.0
resource_managers,wmmse,num_batches,-2.5,128.0
resource_managers,wmmse,num_batches,-2.0,128.0
resource_managers,wmmse,num_batches,-1.5,128.0
resource_managers,wmmse,num_batches,-1.0,128.0
resource_managers,wmmse,num_batches,-0.5,128.0
resource_managers,wmmse,num_batches,0.0,128.0
resource_managers,wmmse,num_batches,0.5,128.0
resource_managers,wmmse,num_batches,1.0,128.0
resource_managers,wmmse,num_batches,1.5,128.0
resource_managers,wmmse,num_batches,2.0,128.0
resource_managers,wmmse,num_batches,2.5,128.0
resource_managers,wmmse,num_batches,3.0,128.0
resource_managers,wmmse,num_batches,3.5,128.0
resource_managers,wmmse,num_batches,4.0,128.0
resource_managers,wmmse,num_batches,4.5,128.0
resource_managers,wmmse,num_batches,5.0,128.0
resource_managers,wmmse,num_batches,5.5,128.0
resource_managers,wmmse,num_batches,6.0,128.0
resource_managers,wmmse,num_batches,6.5,128.0
resource_managers,wmmse,num_batches,7.0,128.0
resource_managers,wmmse,num_batches,7.5,128.0
resource_managers,wmmse,num_batches,8.0,128.0
resource_managers,wmmse,num_batches,8.5,128.0
resource_managers,wmmse,num_batches,9.0,128.0
resource_managers,wmmse,num_batches,9.5,128.0
resource_managers,wmmse,num_batches,10.0,128.0
resource_managers,wmmse,stop_reason,-5.0,target_block_errors
resource_managers,wmmse,stop_reason,-4.5,target_block_errors
resource_managers,wmmse,stop_reason,-4.0,max_batches
resource_managers,wmmse,stop_reason,-3.5,max_batches
resource_managers,wmmse,stop_reason,-3.0,max_batches
resource_managers,wmmse,stop_reason,-2.5,max_batches
resource_managers,wmmse,stop_reason,-2.0,max_batches
resource_managers,wmmse,stop_reason,-1.5,max_batches
resource_managers,wmmse,stop_reason,-1.0,max_batches
resource_managers,wmmse,stop_reason,-0.5,max_batches
resource_managers,wmmse,stop_reason,0.0,max_batches
resource_managers,wmmse,stop_reason,0.5,max_batches
resource_managers,wmmse,stop_reason,1.0,max_batches
resource_managers,wmmse,stop_reason,1.5,max_batches
resource_managers,wmmse,stop_reason,2.0,max_batches
resource_managers,wmmse,stop_reason,2.5,max_batches
resource_managers,wmmse,stop_reason,3.0,max_batches
resource_managers,wmmse,stop_reason,3.5,max_batches
resource_managers,wmmse,stop_reason,4.0,max_batches
resource_managers,wmmse,stop_reason,4.5,max_batches
resource_managers,wmmse,stop_reason,5.0,max_batches
resource_managers,wmmse,stop_reason,5.5,max_batches
resource_managers,wmmse,stop_reason,6.0,max_batches
resource_managers,wmmse,stop_reason,6.5,max_batches
resource_managers,wmmse,stop_reason,7.0,max_batches
resource_managers,wmmse,stop_reason,7.5,max_batches
resource_managers,wmmse,stop_reason,8.0,max_batches
resource_managers,wmmse,stop_reason,8.5,max_batches
resource_managers,wmmse,stop_reason,9.0,max_batches
resource_managers,wmmse,stop_reason,9.5,max_batches
resource_managers,wmmse,stop_reason,10.0,max_batches
resource_managers,wmmse,point_status,-5.0,resolved
resource_managers,wmmse,point_status,-4.5,resolved
resource_managers,wmmse,point_status,-4.0,resolved
resource_managers,wmmse,point_status,-3.5,resolved
resource_managers,wmmse,point_status,-3.0,resolved
resource_managers,wmmse,point_status,-2.5,resolved
resource_managers,wmmse,point_status,-2.0,resolved
resource_managers,wmmse,point_status,-1.5,resolved
resource_managers,wmmse,point_status,-1.0,resolved
resource_managers,wmmse,point_status,-0.5,resolved
resource_managers,wmmse,point_status,0.0,resolved
resource_managers,wmmse,point_status,0.5,resolved
resource_managers,wmmse,point_status,1.0,resolved
resource_managers,wmmse,point_status,1.5,resolved
resource_managers,wmmse,point_status,2.0,resolved
resource_managers,wmmse,point_status,2.5,resolved
resource_managers,wmmse,point_status,3.0,resolved
resource_managers,wmmse,point_status,3.5,resolved
resource_managers,wmmse,point_status,4.0,resolved
resource_managers,wmmse,point_status,4.5,resolved
resource_managers,wmmse,point_status,5.0,resolved
resource_managers,wmmse,point_status,5.5,upper_bound_only
resource_managers,wmmse,point_status,6.0,upper_bound_only
resource_managers,wmmse,point_status,6.5,resolved
resource_managers,wmmse,point_status,7.0,resolved
resource_managers,wmmse,point_status,7.5,resolved
resource_managers,wmmse,point_status,8.0,upper_bound_only
resource_managers,wmmse,point_status,8.5,upper_bound_only
resource_managers,wmmse,point_status,9.0,resolved
resource_managers,wmmse,point_status,9.5,upper_bound_only
resource_managers,wmmse,point_status,10.0,upper_bound_only
resource_managers,wmmse,runtime_total_sec,,2912.560887699932
resource_managers,queue_aware,ber,-5.0,0.07243272124743852
resource_managers,queue_aware,ber,-4.5,0.0446412828233507
resource_managers,queue_aware,ber,-4.0,0.027773221333821613
resource_managers,queue_aware,ber,-3.5,0.017263253529866535
resource_managers,queue_aware,ber,-3.0,0.011344432830810547
resource_managers,queue_aware,ber,-2.5,0.0077635447184244795
resource_managers,queue_aware,ber,-2.0,0.004352728525797526
resource_managers,queue_aware,ber,-1.5,0.0033500989278157554
resource_managers,queue_aware,ber,-1.0,0.0025148391723632812
resource_managers,queue_aware,ber,-0.5,0.002028783162434896
resource_managers,queue_aware,ber,0.0,0.0010606447855631511
resource_managers,queue_aware,ber,0.5,0.0009183883666992188
resource_managers,queue_aware,ber,1.0,0.0006926854451497396
resource_managers,queue_aware,ber,1.5,0.000686804453531901
resource_managers,queue_aware,ber,2.0,0.0003676414489746094
resource_managers,queue_aware,ber,2.5,0.00033171971638997394
resource_managers,queue_aware,ber,3.0,3.925959269205729e-05
resource_managers,queue_aware,ber,3.5,0.00016514460245768228
resource_managers,queue_aware,ber,4.0,6.167093912760417e-05
resource_managers,queue_aware,ber,4.5,0.0002024968465169271
resource_managers,queue_aware,ber,5.0,0.0003388722737630208
resource_managers,queue_aware,ber,5.5,0.00019025802612304688
resource_managers,queue_aware,ber,6.0,0.0
resource_managers,queue_aware,ber,6.5,0.00013081232706705728
resource_managers,queue_aware,ber,7.0,9.202957153320312e-05
resource_managers,queue_aware,ber,7.5,8.328755696614583e-05
resource_managers,queue_aware,ber,8.0,0.0
resource_managers,queue_aware,ber,8.5,0.0
resource_managers,queue_aware,ber,9.0,9.42548116048177e-05
resource_managers,queue_aware,ber,9.5,0.0
resource_managers,queue_aware,ber,10.0,7.2479248046875e-05
resource_managers,queue_aware,ber_upper_confidence,-5.0,0.07267933209497293
resource_managers,queue_aware,ber_upper_confidence,-4.5,0.044797920994033215
resource_managers,queue_aware,ber_upper_confidence,-4.0,0.027881182344943276
resource_managers,queue_aware,ber_upper_confidence,-3.5,0.017348875855998196
resource_managers,queue_aware,ber_upper_confidence,-3.0,0.011414092205386377
resource_managers,queue_aware,ber_upper_confidence,-2.5,0.00782131260029672
resource_managers,queue_aware,ber_upper_confidence,-2.0,0.004396112503268014
resource_managers,queue_aware,ber_upper_confidence,-1.5,0.003388205471193076
resource_managers,queue_aware,ber_upper_confidence,-1.0,0.002547898097357262
resource_managers,queue_aware,ber_upper_confidence,-0.5,0.002058505311742002
resource_managers,queue_aware,ber_upper_confidence,0.0,0.0010822059147282675
resource_managers,queue_aware,ber_upper_confidence,0.5,0.0009384680818080971
resource_managers,queue_aware,ber_upper_confidence,1.0,0.0007101546802200137
resource_managers,queue_aware,ber_upper_confidence,1.5,0.0007042003504028459
resource_managers,queue_aware,ber_upper_confidence,2.0,0.0003804295533924451
resource_managers,queue_aware,ber_upper_confidence,2.5,0.0003438781971111042
resource_managers,queue_aware,ber_upper_confidence,3.0,4.3589023250609776e-05
resource_managers,queue_aware,ber_upper_confidence,3.5,0.0001737888029203179
resource_managers,queue_aware,ber_upper_confidence,4.0,6.704007459052077e-05
resource_managers,queue_aware,ber_upper_confidence,4.5,0.00021204500566171966
resource_managers,queue_aware,ber_upper_confidence,5.0,0.0003511587445463268
resource_managers,queue_aware,ber_upper_confidence,5.5,0.00019951995659014198
resource_managers,queue_aware,ber_upper_confidence,6.0,4.761588213529571e-07
resource_managers,queue_aware,ber_upper_confidence,6.5,0.00013853013049841114
resource_managers,queue_aware,ber_upper_confidence,7.0,9.853886813792545e-05
resource_managers,queue_aware,ber_upper_confidence,7.5,8.949083906419707e-05
resource_managers,queue_aware,ber_upper_confidence,8.0,4.761588213529571e-07
resource_managers,queue_aware,ber_upper_confidence,8.5,4.761588213529571e-07
resource_managers,queue_aware,ber_upper_confidence,9.0,0.00010083965502550698
resource_managers,queue_aware,ber_upper_confidence,9.5,4.761588213529571e-07
resource_managers,queue_aware,ber_upper_confidence,10.0,7.828105134619136e-05
resource_managers,queue_aware,latency_ms,-5.0,804.9552980863248
resource_managers,queue_aware,latency_ms,-4.5,721.3125572918565
resource_managers,queue_aware,latency_ms,-4.0,692.7483770836878
resource_managers,queue_aware,latency_ms,-3.5,694.7414106769819
resource_managers,queue_aware,latency_ms,-3.0,696.9529348957329
resource_managers,queue_aware,latency_ms,-2.5,692.1521231772934
resource_managers,queue_aware,latency_ms,-2.0,696.2992880208099
resource_managers,queue_aware,latency_ms,-1.5,692.1741388025274
resource_managers,queue_aware,latency_ms,-1.0,689.4468294271682
resource_managers,queue_aware,latency_ms,-0.5,691.4410677084951
resource_managers,queue_aware,latency_ms,0.0,694.5630598960114
resource_managers,queue_aware,latency_ms,0.5,693.4581083329753
resource_managers,queue_aware,latency_ms,1.0,696.4454677083431
resource_managers,queue_aware,latency_ms,1.5,691.8117903644819
resource_managers,queue_aware,latency_ms,2.0,690.0065403645207
resource_managers,queue_aware,latency_ms,2.5,692.2667106770454
resource_managers,queue_aware,latency_ms,3.0,686.8839231771339
resource_managers,queue_aware,latency_ms,3.5,688.1561723955364
resource_managers,queue_aware,latency_ms,4.0,696.1962692704154
resource_managers,queue_aware,latency_ms,4.5,686.084224739573
resource_managers,queue_aware,latency_ms,5.0,693.3391395833431
resource_managers,queue_aware,latency_ms,5.5,694.5325520835858
resource_managers,queue_aware,latency_ms,6.0,687.8055356771418
resource_managers,queue_aware,latency_ms,6.5,694.6149216149983
resource_managers,queue_aware,latency_ms,7.0,696.0699888021785
resource_managers,queue_aware,latency_ms,7.5,687.7445755208377
resource_managers,queue_aware,latency_ms,8.0,688.108014583377
resource_managers,queue_aware,latency_ms,8.5,692.1012544272279
resource_managers,queue_aware,latency_ms,9.0,685.3643880208145
resource_managers,queue_aware,latency_ms,9.5,684.576423958304
resource_managers,queue_aware,latency_ms,10.0,689.4803208334387
resource_managers,queue_aware,throughput_bits_per_batch,-5.0,45591.7868852459
resource_managers,queue_aware,throughput_bits_per_batch,-4.5,46957.791666666664
resource_managers,queue_aware,throughput_bits_per_batch,-4.0,47786.890625
resource_managers,queue_aware,throughput_bits_per_batch,-3.5,48303.4765625
resource_managers,queue_aware,throughput_bits_per_batch,-3.0,48594.3984375
resource_managers,queue_aware,throughput_bits_per_batch,-2.5,48770.40625
resource_managers,queue_aware,throughput_bits_per_batch,-2.0,48938.0546875
resource_managers,queue_aware,throughput_bits_per_batch,-1.5,48987.3359375
resource_managers,queue_aware,throughput_bits_per_batch,-1.0,49028.390625
resource_managers,queue_aware,throughput_bits_per_batch,-0.5,49052.28125
resource_managers,queue_aware,throughput_bits_per_batch,0.0,49099.8671875
resource_managers,queue_aware,throughput_bits_per_batch,0.5,49106.859375
resource_managers,queue_aware,throughput_bits_per_batch,1.0,49117.953125
resource_managers,queue_aware,throughput_bits_per_batch,1.5,49118.2421875
resource_managers,queue_aware,throughput_bits_per_batch,2.0,49133.9296875
resource_managers,queue_aware,throughput_bits_per_batch,2.5,49135.6953125
resource_managers,queue_aware,throughput_bits_per_batch,3.0,49150.0703125
resource_managers,queue_aware,throughput_bits_per_batch,3.5,49143.8828125
resource_managers,queue_aware,throughput_bits_per_batch,4.0,49148.96875
resource_managers,queue_aware,throughput_bits_per_batch,4.5,49142.046875
resource_managers,queue_aware,throughput_bits_per_batch,5.0,49135.34375
resource_managers,queue_aware,throughput_bits_per_batch,5.5,49142.6484375
resource_managers,queue_aware,throughput_bits_per_batch,6.0,49152.0
resource_managers,queue_aware,throughput_bits_per_batch,6.5,49145.5703125
resource_managers,queue_aware,throughput_bits_per_batch,7.0,49147.4765625
resource_managers,queue_aware,throughput_bits_per_batch,7.5,49147.90625
resource_managers,queue_aware,throughput_bits_per_batch,8.0,49152.0
resource_managers,queue_aware,throughput_bits_per_batch,8.5,49152.0
resource_managers,queue_aware,throughput_bits_per_batch,9.0,49147.3671875
resource_managers,queue_aware,throughput_bits_per_batch,9.5,49152.0
resource_managers,queue_aware,throughput_bits_per_batch,10.0,49148.4375
resource_managers,queue_aware,energy_joules_per_batch,-5.0,0.00018645100000000016
resource_managers,queue_aware,energy_joules_per_batch,-4.5,0.00018645100000000035
resource_managers,queue_aware,energy_joules_per_batch,-4.0,0.00018645100000000043
resource_managers,queue_aware,energy_joules_per_batch,-3.5,0.00018645100000000043
resource_managers,queue_aware,energy_joules_per_batch,-3.0,0.00018645100000000043
resource_managers,queue_aware,energy_joules_per_batch,-2.5,0.00018645100000000043
resource_managers,queue_aware,energy_joules_per_batch,-2.0,0.00018645100000000043
resource_managers,queue_aware,energy_joules_per_batch,-1.5,0.00018645100000000043
resource_managers,queue_aware,energy_joules_per_batch,-1.0,0.00018645100000000043
resource_managers,queue_aware,energy_joules_per_batch,-0.5,0.00018645100000000043
resource_managers,queue_aware,energy_joules_per_batch,0.0,0.00018645100000000043
resource_managers,queue_aware,energy_joules_per_batch,0.5,0.00018645100000000043
resource_managers,queue_aware,energy_joules_per_batch,1.0,0.00018645100000000043
resource_managers,queue_aware,energy_joules_per_batch,1.5,0.00018645100000000043
resource_managers,queue_aware,energy_joules_per_batch,2.0,0.00018645100000000043
resource_managers,queue_aware,energy_joules_per_batch,2.5,0.00018645100000000043
resource_managers,queue_aware,energy_joules_per_batch,3.0,0.00018645100000000043
resource_managers,queue_aware,energy_joules_per_batch,3.5,0.00018645100000000043
resource_managers,queue_aware,energy_joules_per_batch,4.0,0.00018645100000000043
resource_managers,queue_aware,energy_joules_per_batch,4.5,0.00018645100000000043
resource_managers,queue_aware,energy_joules_per_batch,5.0,0.00018645100000000043
resource_managers,queue_aware,energy_joules_per_batch,5.5,0.00018645100000000043
resource_managers,queue_aware,energy_joules_per_batch,6.0,0.00018645100000000043
resource_managers,queue_aware,energy_joules_per_batch,6.5,0.00018645100000000043
resource_managers,queue_aware,energy_joules_per_batch,7.0,0.00018645100000000043
resource_managers,queue_aware,energy_joules_per_batch,7.5,0.00018645100000000043
resource_managers,queue_aware,energy_joules_per_batch,8.0,0.00018645100000000043
resource_managers,queue_aware,energy_joules_per_batch,8.5,0.00018645100000000043
resource_managers,queue_aware,energy_joules_per_batch,9.0,0.00018645100000000043
resource_managers,queue_aware,energy_joules_per_batch,9.5,0.00018645100000000043
resource_managers,queue_aware,energy_joules_per_batch,10.0,0.00018645100000000043
resource_managers,queue_aware,avg_power_w,-5.0,0.0002316290115032013
resource_managers,queue_aware,avg_power_w,-4.5,0.00025848849866141844
resource_managers,queue_aware,avg_power_w,-4.0,0.0002691467871565668
resource_managers,queue_aware,avg_power_w,-3.5,0.00026837467456893873
resource_managers,queue_aware,avg_power_w,-3.0,0.00026752308608599844
resource_managers,queue_aware,avg_power_w,-2.5,0.0002693786434463358
resource_managers,queue_aware,avg_power_w,-2.0,0.0002677742218148413
resource_managers,queue_aware,avg_power_w,-1.5,0.00026937007545899317
resource_managers,queue_aware,avg_power_w,-1.0,0.0002704356478873281
resource_managers,queue_aware,avg_power_w,-0.5,0.0002696556636676466
resource_managers,queue_aware,avg_power_w,0.0,0.0002684435881573021
resource_managers,queue_aware,avg_power_w,0.5,0.00026887132439508936
resource_managers,queue_aware,avg_power_w,1.0,0.0002677180176267329
resource_managers,queue_aware,avg_power_w,1.5,0.0002695111627134433
resource_managers,queue_aware,avg_power_w,2.0,0.00027021627925657196
resource_managers,queue_aware,avg_power_w,2.5,0.00026933405452596304
resource_managers,queue_aware,avg_power_w,3.0,0.00027144469932792177
resource_managers,queue_aware,avg_power_w,3.5,0.0002709428578558657
resource_managers,queue_aware,avg_power_w,4.0,0.00026781384536201736
resource_managers,queue_aware,avg_power_w,4.5,0.00027176109474135536
resource_managers,queue_aware,avg_power_w,5.0,0.00026891745951634395
resource_managers,queue_aware,avg_power_w,5.5,0.0002684553797236006
resource_managers,queue_aware,avg_power_w,6.0,0.000271080981947085
resource_managers,queue_aware,avg_power_w,6.5,0.00026842354547537917
resource_managers,queue_aware,avg_power_w,7.0,0.0002678624319385638
resource_managers,queue_aware,avg_power_w,7.5,0.0002711050099650713
resource_managers,queue_aware,avg_power_w,8.0,0.0002709618200172968
resource_managers,queue_aware,avg_power_w,8.5,0.00026939844250723735
resource_managers,queue_aware,avg_power_w,9.0,0.00027204652482518235
resource_managers,queue_aware,avg_power_w,9.5,0.0002723596569714132
resource_managers,queue_aware,avg_power_w,10.0,0.00027042251151507827
resource_managers,queue_aware,runtime_sec,-5.0,53.21830340001179
resource_managers,queue_aware,runtime_sec,-4.5,74.99429359997885
resource_managers,queue_aware,runtime_sec,-4.0,95.920906299958
resource_managers,queue_aware,runtime_sec,-3.5,96.19969499997387
resource_managers,queue_aware,runtime_sec,-3.0,96.49819089996163
resource_managers,queue_aware,runtime_sec,-2.5,95.85009730001184
resource_managers,queue_aware,runtime_sec,-2.0,96.38316939998185
resource_managers,queue_aware,runtime_sec,-1.5,95.82435479998821
resource_managers,queue_aware,runtime_sec,-1.0,95.51082150001457
resource_managers,queue_aware,runtime_sec,-0.5,95.77461259994016
resource_managers,queue_aware,runtime_sec,0.0,96.28636630003894
resource_managers,queue_aware,runtime_sec,0.5,96.02217190005467
resource_managers,queue_aware,runtime_sec,1.0,96.43904629999452
resource_managers,queue_aware,runtime_sec,1.5,95.77689710000413
resource_managers,queue_aware,runtime_sec,2.0,95.50324600002932
resource_managers,queue_aware,runtime_sec,2.5,95.79493260003801
resource_managers,queue_aware,runtime_sec,3.0,95.07390539998596
resource_managers,queue_aware,runtime_sec,3.5,95.30841549998149
resource_managers,queue_aware,runtime_sec,4.0,96.37753489995521
resource_managers,queue_aware,runtime_sec,4.5,94.96299100001488
resource_managers,queue_aware,runtime_sec,5.0,95.96933689995058
resource_managers,queue_aware,runtime_sec,5.5,96.1825368000209
resource_managers,queue_aware,runtime_sec,6.0,95.21528499999113
resource_managers,queue_aware,runtime_sec,6.5,96.17001609997533
resource_managers,queue_aware,runtime_sec,7.0,96.32105550001143
resource_managers,queue_aware,runtime_sec,7.5,95.17588790000445
resource_managers,queue_aware,runtime_sec,8.0,95.22292600000219
resource_managers,queue_aware,runtime_sec,8.5,95.84069450003881
resource_managers,queue_aware,runtime_sec,9.0,95.80281440002727
resource_managers,queue_aware,runtime_sec,9.5,95.67267039998842
resource_managers,queue_aware,runtime_sec,10.0,96.42211079998378
resource_managers,queue_aware,bit_errors,-5.0,217173.0
resource_managers,queue_aware,bit_errors,-4.5,210644.0
resource_managers,queue_aware,bit_errors,-4.0,174734.0
resource_managers,queue_aware,bit_errors,-3.5,108611.0
resource_managers,queue_aware,bit_errors,-3.0,71373.0
resource_managers,queue_aware,bit_errors,-2.5,48844.0
resource_managers,queue_aware,bit_errors,-2.0,27385.0
resource_managers,queue_aware,bit_errors,-1.5,21077.0
resource_managers,queue_aware,bit_errors,-1.0,15822.0
resource_managers,queue_aware,bit_errors,-0.5,12764.0
resource_managers,queue_aware,bit_errors,0.0,6673.0
resource_managers,queue_aware,bit_errors,0.5,5778.0
resource_managers,queue_aware,bit_errors,1.0,4358.0
resource_managers,queue_aware,bit_errors,1.5,4321.0
resource_managers,queue_aware,bit_errors,2.0,2313.0
resource_managers,queue_aware,bit_errors,2.5,2087.0
resource_managers,queue_aware,bit_errors,3.0,247.0
resource_managers,queue_aware,bit_errors,3.5,1039.0
resource_managers,queue_aware,bit_errors,4.0,388.0
resource_managers,queue_aware,bit_errors,4.5,1274.0
resource_managers,queue_aware,bit_errors,5.0,2132.0
resource_managers,queue_aware,bit_errors,5.5,1197.0
resource_managers,queue_aware,bit_errors,6.0,0.0
resource_managers,queue_aware,bit_errors,6.5,823.0
resource_managers,queue_aware,bit_errors,7.0,579.0
resource_managers,queue_aware,bit_errors,7.5,524.0
resource_managers,queue_aware,bit_errors,8.0,0.0
resource_managers,queue_aware,bit_errors,8.5,0.0
resource_managers,queue_aware,bit_errors,9.0,593.0
resource_managers,queue_aware,bit_errors,9.5,0.0
resource_managers,queue_aware,bit_errors,10.0,456.0
resource_managers,queue_aware,total_bits,-5.0,2998272.0
resource_managers,queue_aware,total_bits,-4.5,4718592.0
resource_managers,queue_aware,total_bits,-4.0,6291456.0
resource_managers,queue_aware,total_bits,-3.5,6291456.0
resource_managers,queue_aware,total_bits,-3.0,6291456.0
resource_managers,queue_aware,total_bits,-2.5,6291456.0
resource_managers,queue_aware,total_bits,-2.0,6291456.0
resource_managers,queue_aware,total_bits,-1.5,6291456.0
resource_managers,queue_aware,total_bits,-1.0,6291456.0
resource_managers,queue_aware,total_bits,-0.5,6291456.0
resource_managers,queue_aware,total_bits,0.0,6291456.0
resource_managers,queue_aware,total_bits,0.5,6291456.0
resource_managers,queue_aware,total_bits,1.0,6291456.0
resource_managers,queue_aware,total_bits,1.5,6291456.0
resource_managers,queue_aware,total_bits,2.0,6291456.0
resource_managers,queue_aware,total_bits,2.5,6291456.0
resource_managers,queue_aware,total_bits,3.0,6291456.0
resource_managers,queue_aware,total_bits,3.5,6291456.0
resource_managers,queue_aware,total_bits,4.0,6291456.0
resource_managers,queue_aware,total_bits,4.5,6291456.0
resource_managers,queue_aware,total_bits,5.0,6291456.0
resource_managers,queue_aware,total_bits,5.5,6291456.0
resource_managers,queue_aware,total_bits,6.0,6291456.0
resource_managers,queue_aware,total_bits,6.5,6291456.0
resource_managers,queue_aware,total_bits,7.0,6291456.0
resource_managers,queue_aware,total_bits,7.5,6291456.0
resource_managers,queue_aware,total_bits,8.0,6291456.0
resource_managers,queue_aware,total_bits,8.5,6291456.0
resource_managers,queue_aware,total_bits,9.0,6291456.0
resource_managers,queue_aware,total_bits,9.5,6291456.0
resource_managers,queue_aware,total_bits,10.0,6291456.0
resource_managers,queue_aware,block_errors,-5.0,1007.0
resource_managers,queue_aware,block_errors,-4.5,1005.0
resource_managers,queue_aware,block_errors,-4.0,820.0
resource_managers,queue_aware,block_errors,-3.5,509.0
resource_managers,queue_aware,block_errors,-3.0,317.0
resource_managers,queue_aware,block_errors,-2.5,195.0
resource_managers,queue_aware,block_errors,-2.0,126.0
resource_managers,queue_aware,block_errors,-1.5,95.0
resource_managers,queue_aware,block_errors,-1.0,61.0
resource_managers,queue_aware,block_errors,-0.5,43.0
resource_managers,queue_aware,block_errors,0.0,25.0
resource_managers,queue_aware,block_errors,0.5,21.0
resource_managers,queue_aware,block_errors,1.0,13.0
resource_managers,queue_aware,block_errors,1.5,12.0
resource_managers,queue_aware,block_errors,2.0,7.0
resource_managers,queue_aware,block_errors,2.5,6.0
resource_managers,queue_aware,block_errors,3.0,2.0
resource_managers,queue_aware,block_errors,3.5,3.0
resource_managers,queue_aware,block_errors,4.0,1.0
resource_managers,queue_aware,block_errors,4.5,3.0
resource_managers,queue_aware,block_errors,5.0,6.0
resource_managers,queue_aware,block_errors,5.5,2.0
resource_managers,queue_aware,block_errors,6.0,0.0
resource_managers,queue_aware,block_errors,6.5,2.0
resource_managers,queue_aware,block_errors,7.0,1.0
resource_managers,queue_aware,block_errors,7.5,1.0
resource_managers,queue_aware,block_errors,8.0,0.0
resource_managers,queue_aware,block_errors,8.5,0.0
resource_managers,queue_aware,block_errors,9.0,1.0
resource_managers,queue_aware,block_errors,9.5,0.0
resource_managers,queue_aware,block_errors,10.0,1.0
resource_managers,queue_aware,total_blocks,-5.0,1952.0
resource_managers,queue_aware,total_blocks,-4.5,3072.0
resource_managers,queue_aware,total_blocks,-4.0,4096.0
resource_managers,queue_aware,total_blocks,-3.5,4096.0
resource_managers,queue_aware,total_blocks,-3.0,4096.0
resource_managers,queue_aware,total_blocks,-2.5,4096.0
resource_managers,queue_aware,total_blocks,-2.0,4096.0
resource_managers,queue_aware,total_blocks,-1.5,4096.0
resource_managers,queue_aware,total_blocks,-1.0,4096.0
resource_managers,queue_aware,total_blocks,-0.5,4096.0
resource_managers,queue_aware,total_blocks,0.0,4096.0
resource_managers,queue_aware,total_blocks,0.5,4096.0
resource_managers,queue_aware,total_blocks,1.0,4096.0
resource_managers,queue_aware,total_blocks,1.5,4096.0
resource_managers,queue_aware,total_blocks,2.0,4096.0
resource_managers,queue_aware,total_blocks,2.5,4096.0
resource_managers,queue_aware,total_blocks,3.0,4096.0
resource_managers,queue_aware,total_blocks,3.5,4096.0
resource_managers,queue_aware,total_blocks,4.0,4096.0
resource_managers,queue_aware,total_blocks,4.5,4096.0
resource_managers,queue_aware,total_blocks,5.0,4096.0
resource_managers,queue_aware,total_blocks,5.5,4096.0
resource_managers,queue_aware,total_blocks,6.0,4096.0
resource_managers,queue_aware,total_blocks,6.5,4096.0
resource_managers,queue_aware,total_blocks,7.0,4096.0
resource_managers,queue_aware,total_blocks,7.5,4096.0
resource_managers,queue_aware,total_blocks,8.0,4096.0
resource_managers,queue_aware,total_blocks,8.5,4096.0
resource_managers,queue_aware,total_blocks,9.0,4096.0
resource_managers,queue_aware,total_blocks,9.5,4096.0
resource_managers,queue_aware,total_blocks,10.0,4096.0
resource_managers,queue_aware,num_batches,-5.0,61.0
resource_managers,queue_aware,num_batches,-4.5,96.0
resource_managers,queue_aware,num_batches,-4.0,128.0
resource_managers,queue_aware,num_batches,-3.5,128.0
resource_managers,queue_aware,num_batches,-3.0,128.0
resource_managers,queue_aware,num_batches,-2.5,128.0
resource_managers,queue_aware,num_batches,-2.0,128.0
resource_managers,queue_aware,num_batches,-1.5,128.0
resource_managers,queue_aware,num_batches,-1.0,128.0
resource_managers,queue_aware,num_batches,-0.5,128.0
resource_managers,queue_aware,num_batches,0.0,128.0
resource_managers,queue_aware,num_batches,0.5,128.0
resource_managers,queue_aware,num_batches,1.0,128.0
resource_managers,queue_aware,num_batches,1.5,128.0
resource_managers,queue_aware,num_batches,2.0,128.0
resource_managers,queue_aware,num_batches,2.5,128.0
resource_managers,queue_aware,num_batches,3.0,128.0
resource_managers,queue_aware,num_batches,3.5,128.0
resource_managers,queue_aware,num_batches,4.0,128.0
resource_managers,queue_aware,num_batches,4.5,128.0
resource_managers,queue_aware,num_batches,5.0,128.0
resource_managers,queue_aware,num_batches,5.5,128.0
resource_managers,queue_aware,num_batches,6.0,128.0
resource_managers,queue_aware,num_batches,6.5,128.0
resource_managers,queue_aware,num_batches,7.0,128.0
resource_managers,queue_aware,num_batches,7.5,128.0
resource_managers,queue_aware,num_batches,8.0,128.0
resource_managers,queue_aware,num_batches,8.5,128.0
resource_managers,queue_aware,num_batches,9.0,128.0
resource_managers,queue_aware,num_batches,9.5,128.0
resource_managers,queue_aware,num_batches,10.0,128.0
resource_managers,queue_aware,stop_reason,-5.0,target_block_errors
resource_managers,queue_aware,stop_reason,-4.5,target_block_errors
resource_managers,queue_aware,stop_reason,-4.0,max_batches
resource_managers,queue_aware,stop_reason,-3.5,max_batches
resource_managers,queue_aware,stop_reason,-3.0,max_batches
resource_managers,queue_aware,stop_reason,-2.5,max_batches
resource_managers,queue_aware,stop_reason,-2.0,max_batches
resource_managers,queue_aware,stop_reason,-1.5,max_batches
resource_managers,queue_aware,stop_reason,-1.0,max_batches
resource_managers,queue_aware,stop_reason,-0.5,max_batches
resource_managers,queue_aware,stop_reason,0.0,max_batches
resource_managers,queue_aware,stop_reason,0.5,max_batches
resource_managers,queue_aware,stop_reason,1.0,max_batches
resource_managers,queue_aware,stop_reason,1.5,max_batches
resource_managers,queue_aware,stop_reason,2.0,max_batches
resource_managers,queue_aware,stop_reason,2.5,max_batches
resource_managers,queue_aware,stop_reason,3.0,max_batches
resource_managers,queue_aware,stop_reason,3.5,max_batches
resource_managers,queue_aware,stop_reason,4.0,max_batches
resource_managers,queue_aware,stop_reason,4.5,max_batches
resource_managers,queue_aware,stop_reason,5.0,max_batches
resource_managers,queue_aware,stop_reason,5.5,max_batches
resource_managers,queue_aware,stop_reason,6.0,max_batches
resource_managers,queue_aware,stop_reason,6.5,max_batches
resource_managers,queue_aware,stop_reason,7.0,max_batches
resource_managers,queue_aware,stop_reason,7.5,max_batches
resource_managers,queue_aware,stop_reason,8.0,max_batches
resource_managers,queue_aware,stop_reason,8.5,max_batches
resource_managers,queue_aware,stop_reason,9.0,max_batches
resource_managers,queue_aware,stop_reason,9.5,max_batches
resource_managers,queue_aware,stop_reason,10.0,max_batches
resource_managers,queue_aware,point_status,-5.0,resolved
resource_managers,queue_aware,point_status,-4.5,resolved
resource_managers,queue_aware,point_status,-4.0,resolved
resource_managers,queue_aware,point_status,-3.5,resolved
resource_managers,queue_aware,point_status,-3.0,resolved
resource_managers,queue_aware,point_status,-2.5,resolved
resource_managers,queue_aware,point_status,-2.0,resolved
resource_managers,queue_aware,point_status,-1.5,resolved
resource_managers,queue_aware,point_status,-1.0,resolved
resource_managers,queue_aware,point_status,-0.5,resolved
resource_managers,queue_aware,point_status,0.0,resolved
resource_managers,queue_aware,point_status,0.5,resolved
resource_managers,queue_aware,point_status,1.0,resolved
resource_managers,queue_aware,point_status,1.5,resolved
resource_managers,queue_aware,point_status,2.0,resolved
resource_managers,queue_aware,point_status,2.5,resolved
resource_managers,queue_aware,point_status,3.0,resolved
resource_managers,queue_aware,point_status,3.5,resolved
resource_managers,queue_aware,point_status,4.0,resolved
resource_managers,queue_aware,point_status,4.5,resolved
resource_managers,queue_aware,point_status,5.0,resolved
resource_managers,queue_aware,point_status,5.5,resolved
resource_managers,queue_aware,point_status,6.0,upper_bound_only
resource_managers,queue_aware,point_status,6.5,resolved
resource_managers,queue_aware,point_status,7.0,resolved
resource_managers,queue_aware,point_status,7.5,resolved
resource_managers,queue_aware,point_status,8.0,upper_bound_only
resource_managers,queue_aware,point_status,8.5,upper_bound_only
resource_managers,queue_aware,point_status,9.0,resolved
resource_managers,queue_aware,point_status,9.5,upper_bound_only
resource_managers,queue_aware,point_status,10.0,resolved
resource_managers,queue_aware,runtime_total_sec,,2907.715286099912
resource_managers,drl,ber,-5.0,0.07489505890877016
resource_managers,drl,ber,-4.5,0.04141027950546117
resource_managers,drl,ber,-4.0,0.02685546875
resource_managers,drl,ber,-3.5,0.017210642496744793
resource_managers,drl,ber,-3.0,0.0110627810160319
resource_managers,drl,ber,-2.5,0.007792313893636067
resource_managers,drl,ber,-2.0,0.003993034362792969
resource_managers,drl,ber,-1.5,0.003001689910888672
resource_managers,drl,ber,-1.0,0.00251007080078125
resource_managers,drl,ber,-0.5,0.0018628438313802083
resource_managers,drl,ber,0.0,0.0009900728861490886
resource_managers,drl,ber,0.5,0.0005628267923990885
resource_managers,drl,ber,1.0,0.0005710919698079427
resource_managers,drl,ber,1.5,0.0004596710205078125
resource_managers,drl,ber,2.0,0.0001773834228515625
resource_managers,drl,ber,2.5,0.0005305608113606771
resource_managers,drl,ber,3.0,5.0226847330729164e-05
resource_managers,drl,ber,3.5,5.7220458984375e-05
resource_managers,drl,ber,4.0,0.00013971328735351562
resource_managers,drl,ber,4.5,0.00019248326619466147
resource_managers,drl,ber,5.0,0.00010633468627929688
resource_managers,drl,ber,5.5,8.646647135416667e-05
resource_managers,drl,ber,6.0,0.0
resource_managers,drl,ber,6.5,1.5894571940104166e-07
resource_managers,drl,ber,7.0,0.00020345052083333334
resource_managers,drl,ber,7.5,1.5894571940104166e-07
resource_managers,drl,ber,8.0,0.0
resource_managers,drl,ber,8.5,0.00021918614705403647
resource_managers,drl,ber,9.0,9.663899739583333e-05
resource_managers,drl,ber,9.5,0.0
resource_managers,drl,ber,10.0,0.0
resource_managers,drl,ber_upper_confidence,-5.0,0.07514345432662069
resource_managers,drl,ber_upper_confidence,-4.5,0.04155617408540842
resource_managers,drl,ber_upper_confidence,-4.0,0.0269616848031254
resource_managers,drl,ber_upper_confidence,-3.5,0.0172961368759933
resource_managers,drl,ber_upper_confidence,-3.0,0.011131582750657268
resource_managers,drl,ber_upper_confidence,-2.5,0.00785018746939694
resource_managers,drl,ber_upper_confidence,-2.0,0.004034603809771491
resource_managers,drl,ber_upper_confidence,-1.5,0.00303777843097117
resource_managers,drl,ber_upper_confidence,-1.0,0.002543098654220846
resource_managers,drl,ber_upper_confidence,-0.5,0.001891335962079902
resource_managers,drl,ber_upper_confidence,0.0,0.0010109124594181256
resource_managers,drl,ber_upper_confidence,0.5,0.000578596141387505
resource_managers,drl,ber_upper_confidence,1.0,0.0005869750229237366
resource_managers,drl,ber_upper_confidence,1.5,0.00047394392018458397
resource_managers,drl,ber_upper_confidence,2.0,0.00018633413139879597
resource_managers,drl,ber_upper_confidence,2.5,0.0005458780658750874
resource_managers,drl,ber_upper_confidence,3.0,5.509419808922439e-05
resource_managers,drl,ber_upper_confidence,3.5,6.240048706739656e-05
resource_managers,drl,ber_upper_confidence,4.0,0.0001476819098644565
resource_managers,drl,ber_upper_confidence,4.5,0.0002017979084778424
resource_managers,drl,ber_upper_confidence,5.0,0.00011331493080163095
resource_managers,drl,ber_upper_confidence,5.5,9.278280820561748e-05
resource_managers,drl,ber_upper_confidence,6.0,4.761588213529571e-07
resource_managers,drl,ber_upper_confidence,6.5,7.124661135334953e-07
resource_managers,drl,ber_upper_confidence,7.0,0.00021302061543208113
resource_managers,drl,ber_upper_confidence,7.5,7.124661135334953e-07
resource_managers,drl,ber_upper_confidence,8.0,4.761588213529571e-07
resource_managers,drl,ber_upper_confidence,8.5,0.00022911101887925634
resource_managers,drl,ber_upper_confidence,9.0,0.00010330380157176451
resource_managers,drl,ber_upper_confidence,9.5,4.761588213529571e-07
resource_managers,drl,ber_upper_confidence,10.0,4.761588213529571e-07
resource_managers,drl,latency_ms,-5.0,798.8671543012733
resource_managers,drl,latency_ms,-4.5,716.2813066346359
resource_managers,drl,latency_ms,-4.0,695.3313903646567
resource_managers,drl,latency_ms,-3.5,687.7190591148113
resource_managers,drl,latency_ms,-3.0,696.5091263019466
resource_managers,drl,latency_ms,-2.5,697.0245911460033
resource_managers,drl,latency_ms,-2.0,693.0904122398537
resource_managers,drl,latency_ms,-1.5,690.5832841144096
resource_managers,drl,latency_ms,-1.0,692.9163598956328
resource_managers,drl,latency_ms,-0.5,695.4118552085041
resource_managers,drl,latency_ms,0.0,698.5331895829453
resource_managers,drl,latency_ms,0.5,693.0218473957829
resource_managers,drl,latency_ms,1.0,696.5876278643173
resource_managers,drl,latency_ms,1.5,691.1164677082687
resource_managers,drl,latency_ms,2.0,687.5749817712907
resource_managers,drl,latency_ms,2.5,695.082945051893
resource_managers,drl,latency_ms,3.0,688.4939966144251
resource_managers,drl,latency_ms,3.5,690.9910364583133
resource_managers,drl,latency_ms,4.0,688.0327872396768
resource_managers,drl,latency_ms,4.5,685.3616684893772
resource_managers,drl,latency_ms,5.0,687.2665997397283
resource_managers,drl,latency_ms,5.5,693.3915473958044
resource_managers,drl,latency_ms,6.0,692.3672833334243
resource_managers,drl,latency_ms,6.5,695.9419872398761
resource_managers,drl,latency_ms,7.0,694.9427794266106
resource_managers,drl,latency_ms,7.5,688.4782466148343
resource_managers,drl,latency_ms,8.0,686.0296911461595
resource_managers,drl,latency_ms,8.5,691.9642763021151
resource_managers,drl,latency_ms,9.0,688.6497606770653
resource_managers,drl,latency_ms,9.5,687.5919856772433
resource_managers,drl,latency_ms,10.0,694.7772138020972
resource_managers,drl,throughput_bits_per_batch,-5.0,45470.75806451613
resource_managers,drl,throughput_bits_per_batch,-4.5,47116.601941747576
resource_managers,drl,throughput_bits_per_batch,-4.0,47832.0
resource_managers,drl,throughput_bits_per_batch,-3.5,48306.0625
resource_managers,drl,throughput_bits_per_batch,-3.0,48608.2421875
resource_managers,drl,throughput_bits_per_batch,-2.5,48768.9921875
resource_managers,drl,throughput_bits_per_batch,-2.0,48955.734375
resource_managers,drl,throughput_bits_per_batch,-1.5,49004.4609375
resource_managers,drl,throughput_bits_per_batch,-1.0,49028.625
resource_managers,drl,throughput_bits_per_batch,-0.5,49060.4375
resource_managers,drl,throughput_bits_per_batch,0.0,49103.3359375
resource_managers,drl,throughput_bits_per_batch,0.5,49124.3359375
resource_managers,drl,throughput_bits_per_batch,1.0,49123.9296875
resource_managers,drl,throughput_bits_per_batch,1.5,49129.40625
resource_managers,drl,throughput_bits_per_batch,2.0,49143.28125
resource_managers,drl,throughput_bits_per_batch,2.5,49125.921875
resource_managers,drl,throughput_bits_per_batch,3.0,49149.53125
resource_managers,drl,throughput_bits_per_batch,3.5,49149.1875
resource_managers,drl,throughput_bits_per_batch,4.0,49145.1328125
resource_managers,drl,throughput_bits_per_batch,4.5,49142.5390625
resource_managers,drl,throughput_bits_per_batch,5.0,49146.7734375
resource_managers,drl,throughput_bits_per_batch,5.5,49147.75
resource_managers,drl,throughput_bits_per_batch,6.0,49152.0
resource_managers,drl,throughput_bits_per_batch,6.5,49151.9921875
resource_managers,drl,throughput_bits_per_batch,7.0,49142.0
resource_managers,drl,throughput_bits_per_batch,7.5,49151.9921875
resource_managers,drl,throughput_bits_per_batch,8.0,49152.0
resource_managers,drl,throughput_bits_per_batch,8.5,49141.2265625
resource_managers,drl,throughput_bits_per_batch,9.0,49147.25
resource_managers,drl,throughput_bits_per_batch,9.5,49152.0
resource_managers,drl,throughput_bits_per_batch,10.0,49152.0
resource_managers,drl,energy_joules_per_batch,-5.0,0.00018645100000000016
resource_managers,drl,energy_joules_per_batch,-4.5,0.00018645100000000037
resource_managers,drl,energy_joules_per_batch,-4.0,0.00018645100000000043
resource_managers,drl,energy_joules_per_batch,-3.5,0.00018645100000000043
resource_managers,drl,energy_joules_per_batch,-3.0,0.00018645100000000043
resource_managers,drl,energy_joules_per_batch,-2.5,0.00018645100000000043
resource_managers,drl,energy_joules_per_batch,-2.0,0.00018645100000000043
resource_managers,drl,energy_joules_per_batch,-1.5,0.00018645100000000043
resource_managers,drl,energy_joules_per_batch,-1.0,0.00018645100000000043
resource_managers,drl,energy_joules_per_batch,-0.5,0.00018645100000000043
resource_managers,drl,energy_joules_per_batch,0.0,0.00018645100000000043
resource_managers,drl,energy_joules_per_batch,0.5,0.00018645100000000043
resource_managers,drl,energy_joules_per_batch,1.0,0.0001864510000000004
resource_managers,drl,energy_joules_per_batch,1.5,0.00018645100000000043
resource_managers,drl,energy_joules_per_batch,2.0,0.00018645100000000043
resource_managers,drl,energy_joules_per_batch,2.5,0.00018645100000000043
resource_managers,drl,energy_joules_per_batch,3.0,0.00018645100000000043
resource_managers,drl,energy_joules_per_batch,3.5,0.00018645100000000043
resource_managers,drl,energy_joules_per_batch,4.0,0.00018645100000000043
resource_managers,drl,energy_joules_per_batch,4.5,0.00018645100000000043
resource_managers,drl,energy_joules_per_batch,5.0,0.00018645100000000043
resource_managers,drl,energy_joules_per_batch,5.5,0.00018645100000000043
resource_managers,drl,energy_joules_per_batch,6.0,0.00018645100000000043
resource_managers,drl,energy_joules_per_batch,6.5,0.00018645100000000043
resource_managers,drl,energy_joules_per_batch,7.0,0.00018645100000000043
resource_managers,drl,energy_joules_per_batch,7.5,0.00018645100000000043
resource_managers,drl,energy_joules_per_batch,8.0,0.00018645100000000043
resource_managers,drl,energy_joules_per_batch,8.5,0.00018645100000000043
resource_managers,drl,energy_joules_per_batch,9.0,0.00018645100000000043
resource_managers,drl,energy_joules_per_batch,9.5,0.00018645100000000043
resource_managers,drl,energy_joules_per_batch,10.0,0.00018645100000000043
resource_managers,drl,avg_power_w,-5.0,0.00023339424958969423
resource_managers,drl,avg_power_w,-4.5,0.0002603041546288826
resource_managers,drl,avg_power_w,-4.0,0.0002681469621301274
resource_managers,drl,avg_power_w,-3.5,0.0002711150687607646
resource_managers,drl,avg_power_w,-3.0,0.00026769354909955803
resource_managers,drl,avg_power_w,-2.5,0.00026749558389819447
resource_managers,drl,avg_power_w,-2.0,0.00026901396514409786
resource_managers,drl,avg_power_w,-1.5,0.00026999060691007245
resource_managers,drl,avg_power_w,-1.0,0.00026908153825100004
resource_managers,drl,avg_power_w,-0.5,0.0002681159353317282
resource_managers,drl,avg_power_w,0.0,0.0002669178827584696
resource_managers,drl,avg_power_w,0.5,0.00026904058032317527
resource_managers,drl,avg_power_w,1.0,0.0002676633815212086
resource_managers,drl,avg_power_w,1.5,0.0002697823141420273
resource_managers,drl,avg_power_w,2.0,0.0002711718793486002
resource_managers,drl,avg_power_w,2.5,0.000268242806599262
resource_managers,drl,avg_power_w,3.0,0.00027080991398159993
resource_managers,drl,avg_power_w,3.5,0.0002698312860260219
resource_managers,drl,avg_power_w,4.0,0.000270991446131549
resource_managers,drl,avg_power_w,4.5,0.00027204760431227755
resource_managers,drl,avg_power_w,5.0,0.00027129355634423444
resource_managers,drl,avg_power_w,5.5,0.0002688971342386003
resource_managers,drl,avg_power_w,6.0,0.0002692949313005175
resource_managers,drl,avg_power_w,6.5,0.0002679116987027466
resource_managers,drl,avg_power_w,7.0,0.00026829690950072035
resource_managers,drl,avg_power_w,7.5,0.00027081610917521043
resource_managers,drl,avg_power_w,8.0,0.0002717826974638577
resource_managers,drl,avg_power_w,8.5,0.00026945177140704727
resource_managers,drl,avg_power_w,9.0,0.0002707486601268632
resource_managers,drl,avg_power_w,9.5,0.0002711651733641945
resource_managers,drl,avg_power_w,10.0,0.0002683608447370725
resource_managers,drl,runtime_sec,-5.0,55.532910499990976
resource_managers,drl,runtime_sec,-4.5,82.48079049999797
resource_managers,drl,runtime_sec,-4.0,99.33960620000289
resource_managers,drl,runtime_sec,-3.5,98.28157750000537
resource_managers,drl,runtime_sec,-3.0,99.53898189993197
resource_managers,drl,runtime_sec,-2.5,99.58136609994835
resource_managers,drl,runtime_sec,-2.0,99.08023630004755
resource_managers,drl,runtime_sec,-1.5,98.7783043999807
resource_managers,drl,runtime_sec,-1.0,99.02045010001893
resource_managers,drl,runtime_sec,-0.5,99.31442540007265
resource_managers,drl,runtime_sec,0.0,99.83413949999522
resource_managers,drl,runtime_sec,0.5,99.0074153999667
resource_managers,drl,runtime_sec,1.0,99.6194603999902
resource_managers,drl,runtime_sec,1.5,98.81052019998606
resource_managers,drl,runtime_sec,2.0,98.32055429999309
resource_managers,drl,runtime_sec,2.5,99.26184359999752
resource_managers,drl,runtime_sec,3.0,98.39614510000683
resource_managers,drl,runtime_sec,3.5,98.65570819997083
resource_managers,drl,runtime_sec,4.0,98.3762271999658
resource_managers,drl,runtime_sec,4.5,98.0199577000385
resource_managers,drl,runtime_sec,5.0,98.21713769998314
resource_managers,drl,runtime_sec,5.5,99.10067119997984
resource_managers,drl,runtime_sec,6.0,98.8035297000024
resource_managers,drl,runtime_sec,6.5,99.38510260007752
resource_managers,drl,runtime_sec,7.0,99.29076290001831
resource_managers,drl,runtime_sec,7.5,98.33919249997416
resource_managers,drl,runtime_sec,8.0,97.95201659993472
resource_managers,drl,runtime_sec,8.5,98.80402180000965
resource_managers,drl,runtime_sec,9.0,99.27324630000658
resource_managers,drl,runtime_sec,9.5,99.07701189997897
resource_managers,drl,runtime_sec,10.0,100.16720120001992
resource_managers,drl,bit_errors,-5.0,228237.0
resource_managers,drl,bit_errors,-4.5,209646.0
resource_managers,drl,bit_errors,-4.0,168960.0
resource_managers,drl,bit_errors,-3.5,108280.0
resource_managers,drl,bit_errors,-3.0,69601.0
resource_managers,drl,bit_errors,-2.5,49025.0
resource_managers,drl,bit_errors,-2.0,25122.0
resource_managers,drl,bit_errors,-1.5,18885.0
resource_managers,drl,bit_errors,-1.0,15792.0
resource_managers,drl,bit_errors,-0.5,11720.0
resource_managers,drl,bit_errors,0.0,6229.0
resource_managers,drl,bit_errors,0.5,3541.0
resource_managers,drl,bit_errors,1.0,3593.0
resource_managers,drl,bit_errors,1.5,2892.0
resource_managers,drl,bit_errors,2.0,1116.0
resource_managers,drl,bit_errors,2.5,3338.0
resource_managers,drl,bit_errors,3.0,316.0
resource_managers,drl,bit_errors,3.5,360.0
resource_managers,drl,bit_errors,4.0,879.0
resource_managers,drl,bit_errors,4.5,1211.0
resource_managers,drl,bit_errors,5.0,669.0
resource_managers,drl,bit_errors,5.5,544.0
resource_managers,drl,bit_errors,6.0,0.0
resource_managers,drl,bit_errors,6.5,1.0
resource_managers,drl,bit_errors,7.0,1280.0
resource_managers,drl,bit_errors,7.5,1.0
resource_managers,drl,bit_errors,8.0,0.0
resource_managers,drl,bit_errors,8.5,1379.0
resource_managers,drl,bit_errors,9.0,608.0
resource_managers,drl,bit_errors,9.5,0.0
resource_managers,drl,bit_errors,10.0,0.0
resource_managers,drl,total_bits,-5.0,3047424.0
resource_managers,drl,total_bits,-4.5,5062656.0
resource_managers,drl,total_bits,-4.0,6291456.0
resource_managers,drl,total_bits,-3.5,6291456.0
resource_managers,drl,total_bits,-3.0,6291456.0
resource_managers,drl,total_bits,-2.5,6291456.0
resource_managers,drl,total_bits,-2.0,6291456.0
resource_managers,drl,total_bits,-1.5,6291456.0
resource_managers,drl,total_bits,-1.0,6291456.0
resource_managers,drl,total_bits,-0.5,6291456.0
resource_managers,drl,total_bits,0.0,6291456.0
resource_managers,drl,total_bits,0.5,6291456.0
resource_managers,drl,total_bits,1.0,6291456.0
resource_managers,drl,total_bits,1.5,6291456.0
resource_managers,drl,total_bits,2.0,6291456.0
resource_managers,drl,total_bits,2.5,6291456.0
resource_managers,drl,total_bits,3.0,6291456.0
resource_managers,drl,total_bits,3.5,6291456.0
resource_managers,drl,total_bits,4.0,6291456.0
resource_managers,drl,total_bits,4.5,6291456.0
resource_managers,drl,total_bits,5.0,6291456.0
resource_managers,drl,total_bits,5.5,6291456.0
resource_managers,drl,total_bits,6.0,6291456.0
resource_managers,drl,total_bits,6.5,6291456.0
resource_managers,drl,total_bits,7.0,6291456.0
resource_managers,drl,total_bits,7.5,6291456.0
resource_managers,drl,total_bits,8.0,6291456.0
resource_managers,drl,total_bits,8.5,6291456.0
resource_managers,drl,total_bits,9.0,6291456.0
resource_managers,drl,total_bits,9.5,6291456.0
resource_managers,drl,total_bits,10.0,6291456.0
resource_managers,drl,block_errors,-5.0,1004.0
resource_managers,drl,block_errors,-4.5,1005.0
resource_managers,drl,block_errors,-4.0,798.0
resource_managers,drl,block_errors,-3.5,490.0
resource_managers,drl,block_errors,-3.0,305.0
resource_managers,drl,block_errors,-2.5,202.0
resource_managers,drl,block_errors,-2.0,109.0
resource_managers,drl,block_errors,-1.5,86.0
resource_managers,drl,block_errors,-1.0,63.0
resource_managers,drl,block_errors,-0.5,40.0
resource_managers,drl,block_errors,0.0,20.0
resource_managers,drl,block_errors,0.5,19.0
resource_managers,drl,block_errors,1.0,12.0
resource_managers,drl,block_errors,1.5,8.0
resource_managers,drl,block_errors,2.0,3.0
resource_managers,drl,block_errors,2.5,10.0
resource_managers,drl,block_errors,3.0,2.0
resource_managers,drl,block_errors,3.5,1.0
resource_managers,drl,block_errors,4.0,2.0
resource_managers,drl,block_errors,4.5,2.0
resource_managers,drl,block_errors,5.0,2.0
resource_managers,drl,block_errors,5.5,1.0
resource_managers,drl,block_errors,6.0,0.0
resource_managers,drl,block_errors,6.5,1.0
resource_managers,drl,block_errors,7.0,2.0
resource_managers,drl,block_errors,7.5,1.0
resource_managers,drl,block_errors,8.0,0.0
resource_managers,drl,block_errors,8.5,3.0
resource_managers,drl,block_errors,9.0,1.0
resource_managers,drl,block_errors,9.5,0.0
resource_managers,drl,block_errors,10.0,0.0
resource_managers,drl,total_blocks,-5.0,1984.0
resource_managers,drl,total_blocks,-4.5,3296.0
resource_managers,drl,total_blocks,-4.0,4096.0
resource_managers,drl,total_blocks,-3.5,4096.0
resource_managers,drl,total_blocks,-3.0,4096.0
resource_managers,drl,total_blocks,-2.5,4096.0
resource_managers,drl,total_blocks,-2.0,4096.0
resource_managers,drl,total_blocks,-1.5,4096.0
resource_managers,drl,total_blocks,-1.0,4096.0
resource_managers,drl,total_blocks,-0.5,4096.0
resource_managers,drl,total_blocks,0.0,4096.0
resource_managers,drl,total_blocks,0.5,4096.0
resource_managers,drl,total_blocks,1.0,4096.0
resource_managers,drl,total_blocks,1.5,4096.0
resource_managers,drl,total_blocks,2.0,4096.0
resource_managers,drl,total_blocks,2.5,4096.0
resource_managers,drl,total_blocks,3.0,4096.0
resource_managers,drl,total_blocks,3.5,4096.0
resource_managers,drl,total_blocks,4.0,4096.0
resource_managers,drl,total_blocks,4.5,4096.0
resource_managers,drl,total_blocks,5.0,4096.0
resource_managers,drl,total_blocks,5.5,4096.0
resource_managers,drl,total_blocks,6.0,4096.0
resource_managers,drl,total_blocks,6.5,4096.0
resource_managers,drl,total_blocks,7.0,4096.0
resource_managers,drl,total_blocks,7.5,4096.0
resource_managers,drl,total_blocks,8.0,4096.0
resource_managers,drl,total_blocks,8.5,4096.0
resource_managers,drl,total_blocks,9.0,4096.0
resource_managers,drl,total_blocks,9.5,4096.0
resource_managers,drl,total_blocks,10.0,4096.0
resource_managers,drl,num_batches,-5.0,62.0
resource_managers,drl,num_batches,-4.5,103.0
resource_managers,drl,num_batches,-4.0,128.0
resource_managers,drl,num_batches,-3.5,128.0
resource_managers,drl,num_batches,-3.0,128.0
resource_managers,drl,num_batches,-2.5,128.0
resource_managers,drl,num_batches,-2.0,128.0
resource_managers,drl,num_batches,-1.5,128.0
resource_managers,drl,num_batches,-1.0,128.0
resource_managers,drl,num_batches,-0.5,128.0
resource_managers,drl,num_batches,0.0,128.0
resource_managers,drl,num_batches,0.5,128.0
resource_managers,drl,num_batches,1.0,128.0
resource_managers,drl,num_batches,1.5,128.0
resource_managers,drl,num_batches,2.0,128.0
resource_managers,drl,num_batches,2.5,128.0
resource_managers,drl,num_batches,3.0,128.0
resource_managers,drl,num_batches,3.5,128.0
resource_managers,drl,num_batches,4.0,128.0
resource_managers,drl,num_batches,4.5,128.0
resource_managers,drl,num_batches,5.0,128.0
resource_managers,drl,num_batches,5.5,128.0
resource_managers,drl,num_batches,6.0,128.0
resource_managers,drl,num_batches,6.5,128.0
resource_managers,drl,num_batches,7.0,128.0
resource_managers,drl,num_batches,7.5,128.0
resource_managers,drl,num_batches,8.0,128.0
resource_managers,drl,num_batches,8.5,128.0
resource_managers,drl,num_batches,9.0,128.0
resource_managers,drl,num_batches,9.5,128.0
resource_managers,drl,num_batches,10.0,128.0
resource_managers,drl,stop_reason,-5.0,target_block_errors
resource_managers,drl,stop_reason,-4.5,target_block_errors
resource_managers,drl,stop_reason,-4.0,max_batches
resource_managers,drl,stop_reason,-3.5,max_batches
resource_managers,drl,stop_reason,-3.0,max_batches
resource_managers,drl,stop_reason,-2.5,max_batches
resource_managers,drl,stop_reason,-2.0,max_batches
resource_managers,drl,stop_reason,-1.5,max_batches
resource_managers,drl,stop_reason,-1.0,max_batches
resource_managers,drl,stop_reason,-0.5,max_batches
resource_managers,drl,stop_reason,0.0,max_batches
resource_managers,drl,stop_reason,0.5,max_batches
resource_managers,drl,stop_reason,1.0,max_batches
resource_managers,drl,stop_reason,1.5,max_batches
resource_managers,drl,stop_reason,2.0,max_batches
resource_managers,drl,stop_reason,2.5,max_batches
resource_managers,drl,stop_reason,3.0,max_batches
resource_managers,drl,stop_reason,3.5,max_batches
resource_managers,drl,stop_reason,4.0,max_batches
resource_managers,drl,stop_reason,4.5,max_batches
resource_managers,drl,stop_reason,5.0,max_batches
resource_managers,drl,stop_reason,5.5,max_batches
resource_managers,drl,stop_reason,6.0,max_batches
resource_managers,drl,stop_reason,6.5,max_batches
resource_managers,drl,stop_reason,7.0,max_batches
resource_managers,drl,stop_reason,7.5,max_batches
resource_managers,drl,stop_reason,8.0,max_batches
resource_managers,drl,stop_reason,8.5,max_batches
resource_managers,drl,stop_reason,9.0,max_batches
resource_managers,drl,stop_reason,9.5,max_batches
resource_managers,drl,stop_reason,10.0,max_batches
resource_managers,drl,point_status,-5.0,resolved
resource_managers,drl,point_status,-4.5,resolved
resource_managers,drl,point_status,-4.0,resolved
resource_managers,drl,point_status,-3.5,resolved
resource_managers,drl,point_status,-3.0,resolved
resource_managers,drl,point_status,-2.5,resolved
resource_managers,drl,point_status,-2.0,resolved
resource_managers,drl,point_status,-1.5,resolved
resource_managers,drl,point_status,-1.0,resolved
resource_managers,drl,point_status,-0.5,resolved
resource_managers,drl,point_status,0.0,resolved
resource_managers,drl,point_status,0.5,resolved
resource_managers,drl,point_status,1.0,resolved
resource_managers,drl,point_status,1.5,resolved
resource_managers,drl,point_status,2.0,resolved
resource_managers,drl,point_status,2.5,resolved
resource_managers,drl,point_status,3.0,resolved
resource_managers,drl,point_status,3.5,resolved
resource_managers,drl,point_status,4.0,resolved
resource_managers,drl,point_status,4.5,resolved
resource_managers,drl,point_status,5.0,resolved
resource_managers,drl,point_status,5.5,resolved
resource_managers,drl,point_status,6.0,upper_bound_only
resource_managers,drl,point_status,6.5,upper_bound_only
resource_managers,drl,point_status,7.0,resolved
resource_managers,drl,point_status,7.5,upper_bound_only
resource_managers,drl,point_status,8.0,upper_bound_only
resource_managers,drl,point_status,8.5,resolved
resource_managers,drl,point_status,9.0,resolved
resource_managers,drl,point_status,9.5,upper_bound_only
resource_managers,drl,point_status,10.0,upper_bound_only
resource_managers,drl,runtime_total_sec,,3007.6605148998933
