{
  "scenario": "umi",
  "ebno_db": [
    -3.0,
    0.0,
    3.0,
    6.0,
    9.0
  ],
  "perfect_csi": [
    false
  ],
  "ber": [
    [
      0.19979603588581085,
      0.0238164272159338,
      0.0019640240352600813,
      0.00047999064554460347,
      0.00031911215046420693
    ]
  ],
  "bler": [
    [
      0.9921875,
      0.1640625,
      0.013950892724096775,
      0.002578125102445483,
      0.0022656249348074198
    ]
  ],
  "duration": 208.1188623905182,
  "config": null,
  "estimator": "ls"
}