{
  "scenario": "umi",
  "ebno_db": [
    0.0,
    5.0
  ],
  "perfect_csi": [
    false
  ],
  "ber": [
    [
      0.01792144775390625,
      0.0005772908334620297
    ]
  ],
  "bler": [
    [
      0.14453125,
      0.0035156249068677425
    ]
  ],
  "duration": 35.6423397064209,
  "config": null,
  "estimator": "ls"
}