{
  "scenario": "umi",
  "ebno_db": [
    -3.0,
    0.0,
    3.0,
    6.0,
    9.0
  ],
  "perfect_csi": [
    false
  ],
  "ber": [
    [
      0.199859619140625,
      0.021790822967886925,
      0.0017792030703276396,
      0.0004909769631922245,
      0.0002135213144356385
    ]
  ],
  "bler": [
    [
      0.9921875,
      0.166015625,
      0.011067708022892475,
      0.002578125102445483,
      0.0016406249487772584
    ]
  ],
  "duration": 354.63928031921387,
  "config": null,
  "estimator": "neural"
}