{
  "scenario": "umi",
  "ebno_db": [
    0.0,
    5.0
  ],
  "perfect_csi": [
    true
  ],
  "ber": [
    [
      0.00010655720689101145,
      0.0
    ]
  ],
  "bler": [
    [
      0.0007812500116415322,
      0.0
    ]
  ],
  "duration": 32.95149374008179,
  "config": null
}