{
  "scenario": "umi",
  "ebno_db": [
    0.0,
    1.0,
    2.0,
    3.0,
    4.0,
    5.0,
    6.0,
    7.0,
    8.0,
    9.0,
    10.0
  ],
  "perfect_csi": [
    false
  ],
  "ber": [
    [
      0.0020721436012536287,
      0.0011123657459393144,
      0.0012878418201580644,
      0.0005060831899754703,
      0.0006322225090116262,
      0.0001825968356570229,
      0.0,
      0.0,
      0.0,
      0.0,
      0.0
    ]
  ],
  "bler": [
    [
      0.03125,
      0.012500000186264515,
      0.010937499813735485,
      0.00390625,
      0.00390625,
      0.0007812500116415322,
      0.0,
      0.0,
      0.0,
      0.0,
      0.0
    ]
  ],
  "duration": 66.31920838356018,
  "config": null,
  "estimator": "ls_lin"
}