{
  "scenario": "umi",
  "ebno_db": [
    0.0,
    1.0,
    2.0,
    3.0,
    4.0,
    5.0,
    6.0,
    7.0,
    8.0,
    9.0,
    10.0
  ],
  "perfect_csi": [
    false
  ],
  "ber": [
    [
      0.006469090934842825,
      0.0014943440910428762,
      0.0009450276847928762,
      0.00016581217641942203,
      0.00019632975454442203,
      0.0,
      0.0,
      0.0,
      0.0,
      0.0,
      0.0
    ]
  ],
  "bler": [
    [
      0.048828125,
      0.01171875,
      0.0054687499068677425,
      0.0023437500931322575,
      0.0023437500931322575,
      0.0,
      0.0,
      0.0,
      0.0,
      0.0,
      0.0
    ]
  ],
  "duration": 61.70865201950073,
  "config": null,
  "estimator": "ls_lin"
}