{
  "scenario": "umi",
  "ebno_db": [
    0.0,
    1.0,
    2.0,
    3.0,
    4.0,
    5.0,
    6.0,
    7.0,
    8.0,
    9.0,
    10.0
  ],
  "perfect_csi": [
    false
  ],
  "ber": [
    [
      0.00579516077414155,
      0.0024047852493822575,
      0.0007464091177098453,
      0.00018056233238894492,
      0.00041745504131540656,
      9.206136019201949e-05,
      0.0,
      0.0,
      0.0,
      0.0,
      0.0
    ]
  ],
  "bler": [
    [
      0.05224609375,
      0.02363281324505806,
      0.006640625186264515,
      0.0015625000232830644,
      0.0025390624068677425,
      0.0005859375232830644,
      0.0,
      0.0,
      0.0,
      0.0,
      0.0
    ]
  ],
  "duration": 212.8805832862854,
  "config": null,
  "estimator": "ls_lin"
}