{
  "scenario": "umi",
  "ebno_db": [
    0.0,
    3.0,
    6.0,
    9.0
  ],
  "perfect_csi": [
    false
  ],
  "ber": [
    [
      0.0039215087890625,
      0.00029203627491369843,
      0.00031077067251317203,
      0.00010859171743504703
    ]
  ],
  "bler": [
    [
      0.0442708320915699,
      0.0024739583022892475,
      0.0013020833721384406,
      0.0003906250058207661
    ]
  ],
  "duration": 176.74301505088806,
  "config": null,
  "estimator": "ls_smooth"
}