{
  "scenario": "umi",
  "ebno_db": [
    0.0,
    5.0
  ],
  "perfect_csi": [
    false
  ],
  "ber": [
    [
      0.02289835549890995,
      0.0013191222678869963
    ]
  ],
  "bler": [
    [
      0.2109375,
      0.0062500000931322575
    ]
  ],
  "duration": 34.64545130729675,
  "config": null,
  "estimator": "neural"
}