{
  "scenario": "umi",
  "ebno_db": [
    0.0,
    3.0,
    6.0,
    9.0
  ],
  "perfect_csi": [
    false
  ],
  "ber": [
    [
      0.015093485824763775,
      0.0017849603900685906,
      0.0005543178995139897,
      0.0003638373455032706
    ]
  ],
  "bler": [
    [
      0.1328125,
      0.01513671875,
      0.002864583395421505,
      0.001953125
    ]
  ],
  "duration": 132.4075984954834,
  "config": null,
  "estimator": "ls"
}