{
  "scenario": "umi",
  "ebno_db": [
    0.0,
    3.0,
    6.0,
    9.0
  ],
  "perfect_csi": [
    false
  ],
  "ber": [
    [
      0.014231364242732525,
      0.00165655673481524,
      0.0004830254474654794,
      0.00018386841111350805
    ]
  ],
  "bler": [
    [
      0.12109375,
      0.010516826994717121,
      0.001953125,
      0.001953125
    ]
  ],
  "duration": 211.28757786750793,
  "config": null,
  "estimator": "neural"
}