{
  "scenario": "umi",
  "ebno_db": [
    -5.0,
    -2.5,
    0.0,
    2.5,
    5.0
  ],
  "perfect_csi": [
    true
  ],
  "ber": [
    [
      0.01987203024327755,
      0.0011944770812988281,
      4.7403969801962376e-05,
      0.0,
      0.0
    ]
  ],
  "bler": [
    [
      0.26953125,
      0.013427734375,
      0.00046874998952262104,
      0.0,
      0.0
    ]
  ],
  "duration": 125.88179111480713,
  "config": null
}