{
  "scenario": "umi",
  "ebno_db": [
    -3.0,
    0.0,
    3.0,
    6.0,
    9.0
  ],
  "perfect_csi": [
    false
  ],
  "ber": [
    [
      0.10379282385110855,
      0.0050404868088662624,
      0.0005125257885083556,
      0.00025117662153206766,
      0.0
    ]
  ],
  "bler": [
    [
      0.7734375,
      0.044921875,
      0.00403645820915699,
      0.0009114583372138441,
      0.0
    ]
  ],
  "duration": 115.51536989212036,
  "config": null,
  "estimator": "ls_lin"
}