{
  "scenario": "umi",
  "ebno_db": [
    0.0,
    1.0,
    2.0,
    3.0,
    4.0,
    5.0,
    6.0,
    7.0,
    8.0,
    9.0,
    10.0
  ],
  "perfect_csi": [
    false
  ],
  "ber": [
    [
      0.004846890922635794,
      0.002593612764030695,
      0.0009309133165515959,
      0.0007122039678506553,
      0.0005486806039698422,
      0.0002493540523573756,
      0.00013415019202511758,
      0.0,
      0.0,
      0.0,
      0.0
    ]
  ],
  "bler": [
    [
      0.050537109375,
      0.02207031287252903,
      0.0068359375,
      0.004687500186264515,
      0.0042968750931322575,
      0.0011718750465661287,
      0.0007812500116415322,
      0.0,
      0.0,
      0.0,
      0.0
    ]
  ],
  "duration": 250.55553674697876,
  "config": null,
  "estimator": "ls_lin"
}