{
  "scenario": "umi",
  "ebno_db": [
    -3.0,
    0.0,
    3.0,
    6.0,
    9.0
  ],
  "perfect_csi": [
    false
  ],
  "ber": [
    [
      0.20456695556640625,
      0.020427703857421875,
      0.00137346051633358,
      0.0006516350549645722,
      0.00024108887009788305
    ]
  ],
  "bler": [
    [
      0.99609375,
      0.15234375,
      0.010937499813735485,
      0.002864583395421505,
      0.0015625000232830644
    ]
  ],
  "duration": 233.54255628585815,
  "config": null,
  "estimator": "neural"
}