{
  "scenario": "umi",
  "ebno_db": [
    -3.0,
    0.0,
    3.0,
    6.0,
    9.0
  ],
  "perfect_csi": [
    false
  ],
  "ber": [
    [
      0.19979603588581085,
      0.0238164272159338,
      0.0019810993690043688,
      0.00047709146747365594,
      0.0003277248761150986
    ]
  ],
  "bler": [
    [
      0.9921875,
      0.1640625,
      0.013671875,
      0.0024739583022892475,
      0.001953125
    ]
  ],
  "duration": 139.62442231178284,
  "config": null,
  "estimator": "ls_nn"
}