stage,method,metric,ebno_db,value
resource_managers,static,ber,-5.0,0.1570866902669271
resource_managers,static,ber,-4.5,0.133453369140625
resource_managers,static,ber,-4.0,0.0803493923611111
resource_managers,static,ber,-3.5,0.07418387276785714
resource_managers,static,ber,-3.0,0.056490297670717594
resource_managers,static,ber,-2.5,0.030031331380208335
resource_managers,static,ber,-2.0,0.02167302911931818
resource_managers,static,ber,-1.5,0.014165242513020834
resource_managers,static,ber,-1.0,0.008428417661654874
resource_managers,static,ber,-0.5,0.006148169051001082
resource_managers,static,ber,0.0,0.004164109536267202
resource_managers,static,ber,0.5,0.0
resource_managers,static,ber,1.0,0.002538601557413737
resource_managers,static,ber,1.5,0.0009756882985432943
resource_managers,static,ber,2.0,0.0009806156158447266
resource_managers,static,ber,2.5,0.0010499159495035808
resource_managers,static,ber,3.0,0.0
resource_managers,static,ber,3.5,0.0
resource_managers,static,ber,4.0,0.000663598378499349
resource_managers,static,ber,4.5,0.0
resource_managers,static,ber,5.0,0.0
resource_managers,static,ber,5.5,0.00028967857360839844
resource_managers,static,ber,6.0,0.0
resource_managers,static,ber,6.5,0.0
resource_managers,static,ber,7.0,0.0
resource_managers,static,ber,7.5,0.0
resource_managers,static,ber,8.0,0.0
resource_managers,static,ber,8.5,0.0
resource_managers,static,ber,9.0,0.0
resource_managers,static,ber,9.5,0.0
resource_managers,static,ber,10.0,0.0
resource_managers,static,ber_upper_confidence,-5.0,0.1580435424679186
resource_managers,static,ber_upper_confidence,-4.5,0.13425323004787337
resource_managers,static,ber_upper_confidence,-4.0,0.08093351454672285
resource_managers,static,ber_upper_confidence,-3.5,0.0747051972394589
resource_managers,static,ber_upper_confidence,-3.0,0.05689537583169623
resource_managers,static,ber_upper_confidence,-2.5,0.03026338142464341
resource_managers,static,ber_upper_confidence,-2.0,0.021836495149563612
resource_managers,static,ber_upper_confidence,-1.5,0.014275253590561867
resource_managers,static,ber_upper_confidence,-1.0,0.008494551160182986
resource_managers,static,ber_upper_confidence,-0.5,0.006195079578379895
resource_managers,static,ber_upper_confidence,0.0,0.004196593098414015
resource_managers,static,ber_upper_confidence,0.5,7.618541141647314e-06
resource_managers,static,ber_upper_confidence,1.0,0.0025620423761812997
resource_managers,static,ber_upper_confidence,1.5,0.0009902730494234628
resource_managers,static,ber_upper_confidence,2.0,0.0009952368380717422
resource_managers,static,ber_upper_confidence,2.5,0.0010650407058349623
resource_managers,static,ber_upper_confidence,3.0,7.618541141647314e-06
resource_managers,static,ber_upper_confidence,3.5,7.618541141647314e-06
resource_managers,static,ber_upper_confidence,4.0,0.0006756473492806765
resource_managers,static,ber_upper_confidence,4.5,7.618541141647314e-06
resource_managers,static,ber_upper_confidence,5.0,7.618541141647314e-06
resource_managers,static,ber_upper_confidence,5.5,0.00029767774890205744
resource_managers,static,ber_upper_confidence,6.0,7.618541141647314e-06
resource_managers,static,ber_upper_confidence,6.5,7.618541141647314e-06
resource_managers,static,ber_upper_confidence,7.0,7.618541141647314e-06
resource_managers,static,ber_upper_confidence,7.5,7.618541141647314e-06
resource_managers,static,ber_upper_confidence,8.0,7.618541141647314e-06
resource_managers,static,ber_upper_confidence,8.5,7.618541141647314e-06
resource_managers,static,ber_upper_confidence,9.0,7.618541141647314e-06
resource_managers,static,ber_upper_confidence,9.5,7.618541141647314e-06
resource_managers,static,ber_upper_confidence,10.0,7.618541141647314e-06
resource_managers,static,latency_ms,-5.0,589.0062583395357
resource_managers,static,latency_ms,-4.5,583.058183330608
resource_managers,static,latency_ms,-4.0,580.6862166693046
resource_managers,static,latency_ms,-3.5,581.6108119163773
resource_managers,static,latency_ms,-3.0,581.4757611125552
resource_managers,static,latency_ms,-2.5,585.442063335438
resource_managers,static,latency_ms,-2.0,663.9433924250869
resource_managers,static,latency_ms,-1.5,745.0265708349922
resource_managers,static,latency_ms,-1.0,785.9987588047647
resource_managers,static,latency_ms,-0.5,850.524913203033
resource_managers,static,latency_ms,0.0,850.9945824136101
resource_managers,static,latency_ms,0.5,581.1926833459021
resource_managers,static,latency_ms,1.0,854.0082083319751
resource_managers,static,latency_ms,1.5,854.0563325522319
resource_managers,static,latency_ms,2.0,864.77173958147
resource_managers,static,latency_ms,2.5,856.5441075517404
resource_managers,static,latency_ms,3.0,581.860108342111
resource_managers,static,latency_ms,3.5,581.8957833445476
resource_managers,static,latency_ms,4.0,842.7893278630156
resource_managers,static,latency_ms,4.5,581.5323333346479
resource_managers,static,latency_ms,5.0,581.937908330614
resource_managers,static,latency_ms,5.5,847.5711239597379
resource_managers,static,latency_ms,6.0,585.4233833425989
resource_managers,static,latency_ms,6.5,584.0668583233802
resource_managers,static,latency_ms,7.0,581.5998333393092
resource_managers,static,latency_ms,7.5,583.0227083471565
resource_managers,static,latency_ms,8.0,590.3791583306466
resource_managers,static,latency_ms,8.5,584.5382083472524
resource_managers,static,latency_ms,9.0,583.8443083386247
resource_managers,static,latency_ms,9.5,583.7998583494065
resource_managers,static,latency_ms,10.0,585.8137833394304
resource_managers,static,throughput_bits_per_batch,-5.0,82861.75
resource_managers,static,throughput_bits_per_batch,-4.5,85185.0
resource_managers,static,throughput_bits_per_batch,-4.0,90405.33333333333
resource_managers,static,throughput_bits_per_batch,-3.5,91011.42857142857
resource_managers,static,throughput_bits_per_batch,-3.0,92750.77777777778
resource_managers,static,throughput_bits_per_batch,-2.5,95351.8
resource_managers,static,throughput_bits_per_batch,-2.0,96173.45454545454
resource_managers,static,throughput_bits_per_batch,-1.5,96911.5
resource_managers,static,throughput_bits_per_batch,-1.0,97475.45283018867
resource_managers,static,throughput_bits_per_batch,-0.5,97699.61038961039
resource_managers,static,throughput_bits_per_batch,0.0,97894.6513761468
resource_managers,static,throughput_bits_per_batch,0.5,98304.0
resource_managers,static,throughput_bits_per_batch,1.0,98054.4453125
resource_managers,static,throughput_bits_per_batch,1.5,98208.0859375
resource_managers,static,throughput_bits_per_batch,2.0,98207.6015625
resource_managers,static,throughput_bits_per_batch,2.5,98200.7890625
resource_managers,static,throughput_bits_per_batch,3.0,98304.0
resource_managers,static,throughput_bits_per_batch,3.5,98304.0
resource_managers,static,throughput_bits_per_batch,4.0,98238.765625
resource_managers,static,throughput_bits_per_batch,4.5,98304.0
resource_managers,static,throughput_bits_per_batch,5.0,98304.0
resource_managers,static,throughput_bits_per_batch,5.5,98275.5234375
resource_managers,static,throughput_bits_per_batch,6.0,98304.0
resource_managers,static,throughput_bits_per_batch,6.5,98304.0
resource_managers,static,throughput_bits_per_batch,7.0,98304.0
resource_managers,static,throughput_bits_per_batch,7.5,98304.0
resource_managers,static,throughput_bits_per_batch,8.0,98304.0
resource_managers,static,throughput_bits_per_batch,8.5,98304.0
resource_managers,static,throughput_bits_per_batch,9.0,98304.0
resource_managers,static,throughput_bits_per_batch,9.5,98304.0
resource_managers,static,throughput_bits_per_batch,10.0,98304.0
resource_managers,static,energy_joules_per_batch,-5.0,0.00018645100000000002
resource_managers,static,energy_joules_per_batch,-4.5,0.00018645100000000002
resource_managers,static,energy_joules_per_batch,-4.0,0.00018645100000000002
resource_managers,static,energy_joules_per_batch,-3.5,0.00018645100000000002
resource_managers,static,energy_joules_per_batch,-3.0,0.00018645100000000002
resource_managers,static,energy_joules_per_batch,-2.5,0.00018645100000000005
resource_managers,static,energy_joules_per_batch,-2.0,0.00018645100000000008
resource_managers,static,energy_joules_per_batch,-1.5,0.000186451
resource_managers,static,energy_joules_per_batch,-1.0,0.00018645100000000008
resource_managers,static,energy_joules_per_batch,-0.5,0.0001864510000000003
resource_managers,static,energy_joules_per_batch,0.0,0.00018645100000000037
resource_managers,static,energy_joules_per_batch,0.5,0.00018645100000000002
resource_managers,static,energy_joules_per_batch,1.0,0.0001864510000000004
resource_managers,static,energy_joules_per_batch,1.5,0.00018645100000000043
resource_managers,static,energy_joules_per_batch,2.0,0.00018645100000000043
resource_managers,static,energy_joules_per_batch,2.5,0.00018645100000000043
resource_managers,static,energy_joules_per_batch,3.0,0.00018645100000000005
resource_managers,static,energy_joules_per_batch,3.5,0.00018645100000000002
resource_managers,static,energy_joules_per_batch,4.0,0.00018645100000000043
resource_managers,static,energy_joules_per_batch,4.5,0.00018645100000000002
resource_managers,static,energy_joules_per_batch,5.0,0.00018645100000000002
resource_managers,static,energy_joules_per_batch,5.5,0.00018645100000000043
resource_managers,static,energy_joules_per_batch,6.0,0.00018645100000000002
resource_managers,static,energy_joules_per_batch,6.5,0.00018645100000000002
resource_managers,static,energy_joules_per_batch,7.0,0.00018645100000000002
resource_managers,static,energy_joules_per_batch,7.5,0.00018645100000000002
resource_managers,static,energy_joules_per_batch,8.0,0.00018645100000000002
resource_managers,static,energy_joules_per_batch,8.5,0.00018645100000000002
resource_managers,static,energy_joules_per_batch,9.0,0.00018645100000000002
resource_managers,static,energy_joules_per_batch,9.5,0.00018645100000000002
resource_managers,static,energy_joules_per_batch,10.0,0.00018645100000000002
resource_managers,static,avg_power_w,-5.0,0.00031655181478991917
resource_managers,static,avg_power_w,-4.5,0.0003197811219026795
resource_managers,static,avg_power_w,-4.0,0.0003210873525971465
resource_managers,static,avg_power_w,-3.5,0.00032057691531843036
resource_managers,static,avg_power_w,-3.0,0.0003206513709931049
resource_managers,static,avg_power_w,-2.5,0.00031847899506525564
resource_managers,static,avg_power_w,-2.0,0.00028082363967653676
resource_managers,static,avg_power_w,-1.5,0.00025026087296595894
resource_managers,static,avg_power_w,-1.0,0.00023721538731629585
resource_managers,static,avg_power_w,-0.5,0.00021921874022224163
resource_managers,static,avg_power_w,0.0,0.00021909775203407737
resource_managers,static,avg_power_w,0.5,0.0003208075485854525
resource_managers,static,avg_power_w,1.0,0.00021832459943701393
resource_managers,static,avg_power_w,1.5,0.00021831229731979952
resource_managers,static,avg_power_w,2.0,0.000215607184492683
resource_managers,static,avg_power_w,2.5,0.0002176782238721287
resource_managers,static,avg_power_w,3.0,0.00032043956498625293
resource_managers,static,avg_power_w,3.5,0.0003204199194026469
resource_managers,static,avg_power_w,4.0,0.00022123085074269663
resource_managers,static,avg_power_w,4.5,0.0003206201776104943
resource_managers,static,avg_power_w,5.0,0.0003203967250301081
resource_managers,static,avg_power_w,5.5,0.0002199827185344948
resource_managers,static,avg_power_w,6.0,0.00031848915725815136
resource_managers,static,avg_power_w,6.5,0.000319228864543394
resource_managers,static,avg_power_w,7.0,0.0003205829666928795
resource_managers,static,avg_power_w,7.5,0.0003198005795152994
resource_managers,static,avg_power_w,8.0,0.00031581568788303433
resource_managers,static,avg_power_w,8.5,0.0003189714501763354
resource_managers,static,avg_power_w,9.0,0.00031935054831751486
resource_managers,static,avg_power_w,9.5,0.0003193748633772507
resource_managers,static,avg_power_w,10.0,0.0003182769086400399
resource_managers,static,runtime_sec,-5.0,2.530696599947987
resource_managers,static,runtime_sec,-4.5,3.136402000032831
resource_managers,static,runtime_sec,-4.0,3.7482184000255074
resource_managers,static,runtime_sec,-3.5,4.380886299943086
resource_managers,static,runtime_sec,-3.0,5.631190600019181
resource_managers,static,runtime_sec,-2.5,9.444759700010763
resource_managers,static,runtime_sec,-2.0,15.736253900045995
resource_managers,static,runtime_sec,-1.5,25.656685400026618
resource_managers,static,runtime_sec,-1.0,44.834462999977404
resource_managers,static,runtime_sec,-0.5,70.44063909997931
resource_managers,static,runtime_sec,0.0,99.89070569965406
resource_managers,static,runtime_sec,0.5,2.500274799996987
resource_managers,static,runtime_sec,1.0,117.60896299983142
resource_managers,static,runtime_sec,1.5,117.6479651000991
resource_managers,static,runtime_sec,2.0,119.00857789992006
resource_managers,static,runtime_sec,2.5,118.01454439989175
resource_managers,static,runtime_sec,3.0,2.5032062999962363
resource_managers,static,runtime_sec,3.5,2.504241099988576
resource_managers,static,runtime_sec,4.0,116.05288649990689
resource_managers,static,runtime_sec,4.5,2.503510100010317
resource_managers,static,runtime_sec,5.0,2.5058743999979924
resource_managers,static,runtime_sec,5.5,116.65875409985892
resource_managers,static,runtime_sec,6.0,2.542900800006464
resource_managers,static,runtime_sec,6.5,2.5389055000268854
resource_managers,static,runtime_sec,7.0,2.525369300012244
resource_managers,static,runtime_sec,7.5,2.5339085000159685
resource_managers,static,runtime_sec,8.0,2.5658607000368647
resource_managers,static,runtime_sec,8.5,2.538451200030977
resource_managers,static,runtime_sec,9.0,2.5368634999904316
resource_managers,static,runtime_sec,9.5,2.5349119000020437
resource_managers,static,runtime_sec,10.0,2.5457190000161063
resource_managers,static,bit_errors,-5.0,61769.0
resource_managers,static,bit_errors,-4.5,65595.0
resource_managers,static,bit_errors,-4.0,47392.0
resource_managers,static,bit_errors,-3.5,51048.0
resource_managers,static,bit_errors,-3.0,49979.0
resource_managers,static,bit_errors,-2.5,44283.0
resource_managers,static,bit_errors,-2.0,46872.0
resource_managers,static,bit_errors,-1.5,44560.0
resource_managers,static,bit_errors,-1.0,43913.0
resource_managers,static,bit_errors,-0.5,46538.0
resource_managers,static,bit_errors,0.0,44619.0
resource_managers,static,bit_errors,0.5,0.0
resource_managers,static,bit_errors,1.0,31943.0
resource_managers,static,bit_errors,1.5,12277.0
resource_managers,static,bit_errors,2.0,12339.0
resource_managers,static,bit_errors,2.5,13211.0
resource_managers,static,bit_errors,3.0,0.0
resource_managers,static,bit_errors,3.5,0.0
resource_managers,static,bit_errors,4.0,8350.0
resource_managers,static,bit_errors,4.5,0.0
resource_managers,static,bit_errors,5.0,0.0
resource_managers,static,bit_errors,5.5,3645.0
resource_managers,static,bit_errors,6.0,0.0
resource_managers,static,bit_errors,6.5,0.0
resource_managers,static,bit_errors,7.0,0.0
resource_managers,static,bit_errors,7.5,0.0
resource_managers,static,bit_errors,8.0,0.0
resource_managers,static,bit_errors,8.5,0.0
resource_managers,static,bit_errors,9.0,0.0
resource_managers,static,bit_errors,9.5,0.0
resource_managers,static,bit_errors,10.0,0.0
resource_managers,static,total_bits,-5.0,393216.0
resource_managers,static,total_bits,-4.5,491520.0
resource_managers,static,total_bits,-4.0,589824.0
resource_managers,static,total_bits,-3.5,688128.0
resource_managers,static,total_bits,-3.0,884736.0
resource_managers,static,total_bits,-2.5,1474560.0
resource_managers,static,total_bits,-2.0,2162688.0
resource_managers,static,total_bits,-1.5,3145728.0
resource_managers,static,total_bits,-1.0,5210112.0
resource_managers,static,total_bits,-0.5,7569408.0
resource_managers,static,total_bits,0.0,10715136.0
resource_managers,static,total_bits,0.5,393216.0
resource_managers,static,total_bits,1.0,12582912.0
resource_managers,static,total_bits,1.5,12582912.0
resource_managers,static,total_bits,2.0,12582912.0
resource_managers,static,total_bits,2.5,12582912.0
resource_managers,static,total_bits,3.0,393216.0
resource_managers,static,total_bits,3.5,393216.0
resource_managers,static,total_bits,4.0,12582912.0
resource_managers,static,total_bits,4.5,393216.0
resource_managers,static,total_bits,5.0,393216.0
resource_managers,static,total_bits,5.5,12582912.0
resource_managers,static,total_bits,6.0,393216.0
resource_managers,static,total_bits,6.5,393216.0
resource_managers,static,total_bits,7.0,393216.0
resource_managers,static,total_bits,7.5,393216.0
resource_managers,static,total_bits,8.0,393216.0
resource_managers,static,total_bits,8.5,393216.0
resource_managers,static,total_bits,9.0,393216.0
resource_managers,static,total_bits,9.5,393216.0
resource_managers,static,total_bits,10.0,393216.0
resource_managers,static,block_errors,-5.0,225.0
resource_managers,static,block_errors,-4.5,245.0
resource_managers,static,block_errors,-4.0,208.0
resource_managers,static,block_errors,-3.5,212.0
resource_managers,static,block_errors,-3.0,224.0
resource_managers,static,block_errors,-2.5,201.0
resource_managers,static,block_errors,-2.0,207.0
resource_managers,static,block_errors,-1.5,203.0
resource_managers,static,block_errors,-1.0,200.0
resource_managers,static,block_errors,-0.5,200.0
resource_managers,static,block_errors,0.0,200.0
resource_managers,static,block_errors,0.5,0.0
resource_managers,static,block_errors,1.0,126.0
resource_managers,static,block_errors,1.5,62.0
resource_managers,static,block_errors,2.0,48.0
resource_managers,static,block_errors,2.5,52.0
resource_managers,static,block_errors,3.0,0.0
resource_managers,static,block_errors,3.5,0.0
resource_managers,static,block_errors,4.0,25.0
resource_managers,static,block_errors,4.5,0.0
resource_managers,static,block_errors,5.0,0.0
resource_managers,static,block_errors,5.5,11.0
resource_managers,static,block_errors,6.0,0.0
resource_managers,static,block_errors,6.5,0.0
resource_managers,static,block_errors,7.0,0.0
resource_managers,static,block_errors,7.5,0.0
resource_managers,static,block_errors,8.0,0.0
resource_managers,static,block_errors,8.5,0.0
resource_managers,static,block_errors,9.0,0.0
resource_managers,static,block_errors,9.5,0.0
resource_managers,static,block_errors,10.0,0.0
resource_managers,static,total_blocks,-5.0,256.0
resource_managers,static,total_blocks,-4.5,320.0
resource_managers,static,total_blocks,-4.0,384.0
resource_managers,static,total_blocks,-3.5,448.0
resource_managers,static,total_blocks,-3.0,576.0
resource_managers,static,total_blocks,-2.5,960.0
resource_managers,static,total_blocks,-2.0,1408.0
resource_managers,static,total_blocks,-1.5,2048.0
resource_managers,static,total_blocks,-1.0,3392.0
resource_managers,static,total_blocks,-0.5,4928.0
resource_managers,static,total_blocks,0.0,6976.0
resource_managers,static,total_blocks,0.5,256.0
resource_managers,static,total_blocks,1.0,8192.0
resource_managers,static,total_blocks,1.5,8192.0
resource_managers,static,total_blocks,2.0,8192.0
resource_managers,static,total_blocks,2.5,8192.0
resource_managers,static,total_blocks,3.0,256.0
resource_managers,static,total_blocks,3.5,256.0
resource_managers,static,total_blocks,4.0,8192.0
resource_managers,static,total_blocks,4.5,256.0
resource_managers,static,total_blocks,5.0,256.0
resource_managers,static,total_blocks,5.5,8192.0
resource_managers,static,total_blocks,6.0,256.0
resource_managers,static,total_blocks,6.5,256.0
resource_managers,static,total_blocks,7.0,256.0
resource_managers,static,total_blocks,7.5,256.0
resource_managers,static,total_blocks,8.0,256.0
resource_managers,static,total_blocks,8.5,256.0
resource_managers,static,total_blocks,9.0,256.0
resource_managers,static,total_blocks,9.5,256.0
resource_managers,static,total_blocks,10.0,256.0
resource_managers,static,num_batches,-5.0,4.0
resource_managers,static,num_batches,-4.5,5.0
resource_managers,static,num_batches,-4.0,6.0
resource_managers,static,num_batches,-3.5,7.0
resource_managers,static,num_batches,-3.0,9.0
resource_managers,static,num_batches,-2.5,15.0
resource_managers,static,num_batches,-2.0,22.0
resource_managers,static,num_batches,-1.5,32.0
resource_managers,static,num_batches,-1.0,53.0
resource_managers,static,num_batches,-0.5,77.0
resource_managers,static,num_batches,0.0,109.0
resource_managers,static,num_batches,0.5,4.0
resource_managers,static,num_batches,1.0,128.0
resource_managers,static,num_batches,1.5,128.0
resource_managers,static,num_batches,2.0,128.0
resource_managers,static,num_batches,2.5,128.0
resource_managers,static,num_batches,3.0,4.0
resource_managers,static,num_batches,3.5,4.0
resource_managers,static,num_batches,4.0,128.0
resource_managers,static,num_batches,4.5,4.0
resource_managers,static,num_batches,5.0,4.0
resource_managers,static,num_batches,5.5,128.0
resource_managers,static,num_batches,6.0,4.0
resource_managers,static,num_batches,6.5,4.0
resource_managers,static,num_batches,7.0,4.0
resource_managers,static,num_batches,7.5,4.0
resource_managers,static,num_batches,8.0,4.0
resource_managers,static,num_batches,8.5,4.0
resource_managers,static,num_batches,9.0,4.0
resource_managers,static,num_batches,9.5,4.0
resource_managers,static,num_batches,10.0,4.0
resource_managers,static,runtime_total_sec,,1025.802588799299
resource_managers,round_robin,ber,-5.0,0.06520589192708333
resource_managers,round_robin,ber,-4.5,0.050412778501157406
resource_managers,round_robin,ber,-4.0,0.024344308035714284
resource_managers,round_robin,ber,-3.5,0.016307341746794872
resource_managers,round_robin,ber,-3.0,0.010343763563368056
resource_managers,round_robin,ber,-2.5,0.007174968719482422
resource_managers,round_robin,ber,-2.0,0.004749457041422526
resource_managers,round_robin,ber,-1.5,0.002948284149169922
resource_managers,round_robin,ber,-1.0,0.0
resource_managers,round_robin,ber,-0.5,0.0015584627787272136
resource_managers,round_robin,ber,0.0,0.0014964739481608074
resource_managers,round_robin,ber,0.5,0.0009450912475585938
resource_managers,round_robin,ber,1.0,0.0
resource_managers,round_robin,ber,1.5,0.0
resource_managers,round_robin,ber,2.0,0.0005868275960286459
resource_managers,round_robin,ber,2.5,0.0
resource_managers,round_robin,ber,3.0,0.0
resource_managers,round_robin,ber,3.5,0.0
resource_managers,round_robin,ber,4.0,0.00021298726399739584
resource_managers,round_robin,ber,4.5,0.0
resource_managers,round_robin,ber,5.0,0.0
resource_managers,round_robin,ber,5.5,0.0
resource_managers,round_robin,ber,6.0,0.0
resource_managers,round_robin,ber,6.5,0.0
resource_managers,round_robin,ber,7.0,0.0
resource_managers,round_robin,ber,7.5,0.0
resource_managers,round_robin,ber,8.0,0.0
resource_managers,round_robin,ber,8.5,0.0
resource_managers,round_robin,ber,9.0,0.0
resource_managers,round_robin,ber,9.5,0.0
resource_managers,round_robin,ber,10.0,0.0
resource_managers,round_robin,ber_upper_confidence,-5.0,0.06568043623217117
resource_managers,round_robin,ber_upper_confidence,-4.5,0.050796766850076065
resource_managers,round_robin,ber_upper_confidence,-4.0,0.02453832970682016
resource_managers,round_robin,ber_upper_confidence,-3.5,0.016438164257674012
resource_managers,round_robin,ber_upper_confidence,-3.0,0.01042598778356138
resource_managers,round_robin,ber_upper_confidence,-2.5,0.007230528548998913
resource_managers,round_robin,ber_upper_confidence,-2.0,0.0047947563186674395
resource_managers,round_robin,ber_upper_confidence,-1.5,0.0029840530833579585
resource_managers,round_robin,ber_upper_confidence,-1.0,8.706904161882644e-06
resource_managers,round_robin,ber_upper_confidence,-0.5,0.0015845459105185873
resource_managers,round_robin,ber_upper_confidence,0.0,0.0015220382359606573
resource_managers,round_robin,ber_upper_confidence,0.5,0.0009654573760639565
resource_managers,round_robin,ber_upper_confidence,1.0,8.706904161882644e-06
resource_managers,round_robin,ber_upper_confidence,1.5,8.706904161882644e-06
resource_managers,round_robin,ber_upper_confidence,2.0,0.0006029248690802868
resource_managers,round_robin,ber_upper_confidence,2.5,8.706904161882644e-06
resource_managers,round_robin,ber_upper_confidence,3.0,8.706904161882644e-06
resource_managers,round_robin,ber_upper_confidence,3.5,8.706904161882644e-06
resource_managers,round_robin,ber_upper_confidence,4.0,0.00022277394638120667
resource_managers,round_robin,ber_upper_confidence,4.5,8.706904161882644e-06
resource_managers,round_robin,ber_upper_confidence,5.0,8.706904161882644e-06
resource_managers,round_robin,ber_upper_confidence,5.5,8.706904161882644e-06
resource_managers,round_robin,ber_upper_confidence,6.0,8.706904161882644e-06
resource_managers,round_robin,ber_upper_confidence,6.5,8.706904161882644e-06
resource_managers,round_robin,ber_upper_confidence,7.0,8.706904161882644e-06
resource_managers,round_robin,ber_upper_confidence,7.5,8.706904161882644e-06
resource_managers,round_robin,ber_upper_confidence,8.0,8.706904161882644e-06
resource_managers,round_robin,ber_upper_confidence,8.5,8.706904161882644e-06
resource_managers,round_robin,ber_upper_confidence,9.0,8.706904161882644e-06
resource_managers,round_robin,ber_upper_confidence,9.5,8.706904161882644e-06
resource_managers,round_robin,ber_upper_confidence,10.0,8.706904161882644e-06
resource_managers,round_robin,latency_ms,-5.0,586.0846099995077
resource_managers,round_robin,latency_ms,-4.5,606.7382611135436
resource_managers,round_robin,latency_ms,-4.0,727.8733633364124
resource_managers,round_robin,latency_ms,-3.5,770.1787698731725
resource_managers,round_robin,latency_ms,-3.0,852.4458202392517
resource_managers,round_robin,latency_ms,-2.5,856.9165778655181
resource_managers,round_robin,latency_ms,-2.0,841.2591489585841
resource_managers,round_robin,latency_ms,-1.5,847.9341505189088
resource_managers,round_robin,latency_ms,-1.0,581.6562833336293
resource_managers,round_robin,latency_ms,-0.5,856.2382872411538
resource_managers,round_robin,latency_ms,0.0,851.8512036474979
resource_managers,round_robin,latency_ms,0.5,863.4622333346717
resource_managers,round_robin,latency_ms,1.0,606.1252547541411
resource_managers,round_robin,latency_ms,1.5,580.5349976295317
resource_managers,round_robin,latency_ms,2.0,845.8501817694062
resource_managers,round_robin,latency_ms,2.5,584.0540404736175
resource_managers,round_robin,latency_ms,3.0,584.9360261849505
resource_managers,round_robin,latency_ms,3.5,581.5864119052067
resource_managers,round_robin,latency_ms,4.0,841.6386645832565
resource_managers,round_robin,latency_ms,4.5,583.7832833354539
resource_managers,round_robin,latency_ms,5.0,587.0848690480904
resource_managers,round_robin,latency_ms,5.5,582.6585976179401
resource_managers,round_robin,latency_ms,6.0,587.5177404798678
resource_managers,round_robin,latency_ms,6.5,585.2157404801254
resource_managers,round_robin,latency_ms,7.0,580.7974119093913
resource_managers,round_robin,latency_ms,7.5,583.3793404833392
resource_managers,round_robin,latency_ms,8.0,583.5115547654796
resource_managers,round_robin,latency_ms,8.5,584.5275547601859
resource_managers,round_robin,latency_ms,9.0,584.4834833328058
resource_managers,round_robin,latency_ms,9.5,583.9699261876998
resource_managers,round_robin,latency_ms,10.0,583.5673976237531
resource_managers,round_robin,throughput_bits_per_batch,-5.0,45947.0
resource_managers,round_robin,throughput_bits_per_batch,-4.5,46674.11111111111
resource_managers,round_robin,throughput_bits_per_batch,-4.0,47955.42857142857
resource_managers,round_robin,throughput_bits_per_batch,-3.5,48350.46153846154
resource_managers,round_robin,throughput_bits_per_batch,-3.0,48643.583333333336
resource_managers,round_robin,throughput_bits_per_batch,-2.5,48799.3359375
resource_managers,round_robin,throughput_bits_per_batch,-2.0,48918.5546875
resource_managers,round_robin,throughput_bits_per_batch,-1.5,49007.0859375
resource_managers,round_robin,throughput_bits_per_batch,-1.0,49152.0
resource_managers,round_robin,throughput_bits_per_batch,-0.5,49075.3984375
resource_managers,round_robin,throughput_bits_per_batch,0.0,49078.4453125
resource_managers,round_robin,throughput_bits_per_batch,0.5,49105.546875
resource_managers,round_robin,throughput_bits_per_batch,1.0,49152.0
resource_managers,round_robin,throughput_bits_per_batch,1.5,49152.0
resource_managers,round_robin,throughput_bits_per_batch,2.0,49123.15625
resource_managers,round_robin,throughput_bits_per_batch,2.5,49152.0
resource_managers,round_robin,throughput_bits_per_batch,3.0,49152.0
resource_managers,round_robin,throughput_bits_per_batch,3.5,49152.0
resource_managers,round_robin,throughput_bits_per_batch,4.0,49141.53125
resource_managers,round_robin,throughput_bits_per_batch,4.5,49152.0
resource_managers,round_robin,throughput_bits_per_batch,5.0,49152.0
resource_managers,round_robin,throughput_bits_per_batch,5.5,49152.0
resource_managers,round_robin,throughput_bits_per_batch,6.0,49152.0
resource_managers,round_robin,throughput_bits_per_batch,6.5,49152.0
resource_managers,round_robin,throughput_bits_per_batch,7.0,49152.0
resource_managers,round_robin,throughput_bits_per_batch,7.5,49152.0
resource_managers,round_robin,throughput_bits_per_batch,8.0,49152.0
resource_managers,round_robin,throughput_bits_per_batch,8.5,49152.0
resource_managers,round_robin,throughput_bits_per_batch,9.0,49152.0
resource_managers,round_robin,throughput_bits_per_batch,9.5,49152.0
resource_managers,round_robin,throughput_bits_per_batch,10.0,49152.0
resource_managers,round_robin,energy_joules_per_batch,-5.0,0.00018645100000000008
resource_managers,round_robin,energy_joules_per_batch,-4.5,0.00018645100000000008
resource_managers,round_robin,energy_joules_per_batch,-4.0,0.00018645099999999994
resource_managers,round_robin,energy_joules_per_batch,-3.5,0.0001864510000000001
resource_managers,round_robin,energy_joules_per_batch,-3.0,0.0001864510000000003
resource_managers,round_robin,energy_joules_per_batch,-2.5,0.00018645100000000043
resource_managers,round_robin,energy_joules_per_batch,-2.0,0.00018645100000000043
resource_managers,round_robin,energy_joules_per_batch,-1.5,0.00018645100000000043
resource_managers,round_robin,energy_joules_per_batch,-1.0,0.00018645100000000002
resource_managers,round_robin,energy_joules_per_batch,-0.5,0.00018645100000000043
resource_managers,round_robin,energy_joules_per_batch,0.0,0.00018645100000000043
resource_managers,round_robin,energy_joules_per_batch,0.5,0.00018645100000000043
resource_managers,round_robin,energy_joules_per_batch,1.0,0.00018645100000000002
resource_managers,round_robin,energy_joules_per_batch,1.5,0.00018645100000000002
resource_managers,round_robin,energy_joules_per_batch,2.0,0.00018645100000000043
resource_managers,round_robin,energy_joules_per_batch,2.5,0.00018645100000000002
resource_managers,round_robin,energy_joules_per_batch,3.0,0.00018645100000000002
resource_managers,round_robin,energy_joules_per_batch,3.5,0.00018645100000000002
resource_managers,round_robin,energy_joules_per_batch,4.0,0.00018645100000000043
resource_managers,round_robin,energy_joules_per_batch,4.5,0.00018645100000000002
resource_managers,round_robin,energy_joules_per_batch,5.0,0.00018645100000000002
resource_managers,round_robin,energy_joules_per_batch,5.5,0.00018645100000000002
resource_managers,round_robin,energy_joules_per_batch,6.0,0.00018645100000000002
resource_managers,round_robin,energy_joules_per_batch,6.5,0.00018645100000000002
resource_managers,round_robin,energy_joules_per_batch,7.0,0.00018645100000000002
resource_managers,round_robin,energy_joules_per_batch,7.5,0.00018645100000000002
resource_managers,round_robin,energy_joules_per_batch,8.0,0.00018645100000000002
resource_managers,round_robin,energy_joules_per_batch,8.5,0.00018645100000000002
resource_managers,round_robin,energy_joules_per_batch,9.0,0.00018645100000000002
resource_managers,round_robin,energy_joules_per_batch,9.5,0.00018645100000000002
resource_managers,round_robin,energy_joules_per_batch,10.0,0.00018645100000000002
resource_managers,round_robin,avg_power_w,-5.0,0.0003181298345304728
resource_managers,round_robin,avg_power_w,-4.5,0.0003073005477811924
resource_managers,round_robin,avg_power_w,-4.0,0.0002561585701465284
resource_managers,round_robin,avg_power_w,-3.5,0.0002420879506074979
resource_managers,round_robin,avg_power_w,-3.0,0.00021872475126650279
resource_managers,round_robin,avg_power_w,-2.5,0.0002175836071049398
resource_managers,round_robin,avg_power_w,-2.0,0.00022163325086070425
resource_managers,round_robin,avg_power_w,-1.5,0.00021988853720055775
resource_managers,round_robin,avg_power_w,-1.0,0.00032055185397705837
resource_managers,round_robin,avg_power_w,-0.5,0.00021775597141393392
resource_managers,round_robin,avg_power_w,0.0,0.00021887742742118045
resource_managers,round_robin,avg_power_w,0.5,0.00021593416921077238
resource_managers,round_robin,avg_power_w,1.0,0.0003076113369927623
resource_managers,round_robin,avg_power_w,1.5,0.0003211709901406903
resource_managers,round_robin,avg_power_w,2.0,0.00022043028897856322
resource_managers,round_robin,avg_power_w,2.5,0.00031923587044925555
resource_managers,round_robin,avg_power_w,3.0,0.0003187545161409604
resource_managers,round_robin,avg_power_w,3.5,0.00032059036487666403
resource_managers,round_robin,avg_power_w,4.0,0.0002215333109634679
resource_managers,round_robin,avg_power_w,4.5,0.00031938393119910807
resource_managers,round_robin,avg_power_w,5.0,0.00031758781367047484
resource_managers,round_robin,avg_power_w,5.5,0.0003200004269434283
resource_managers,round_robin,avg_power_w,6.0,0.00031735382126114544
resource_managers,round_robin,avg_power_w,6.5,0.0003186021617378764
resource_managers,round_robin,avg_power_w,7.0,0.0003210258795524519
resource_managers,round_robin,avg_power_w,7.5,0.0003196050786534922
resource_managers,round_robin,avg_power_w,8.0,0.00031953266131111484
resource_managers,round_robin,avg_power_w,8.5,0.0003189772637433581
resource_managers,round_robin,avg_power_w,9.0,0.0003190013153782047
resource_managers,round_robin,avg_power_w,9.5,0.00031928185277827284
resource_managers,round_robin,avg_power_w,10.0,0.00031950208452222634
resource_managers,round_robin,runtime_sec,-5.0,9.453729400062002
resource_managers,round_robin,runtime_sec,-4.5,11.739852500119014
resource_managers,round_robin,runtime_sec,-4.0,27.362171400076477
resource_managers,round_robin,runtime_sec,-3.5,43.05127619992709
resource_managers,round_robin,runtime_sec,-3.0,77.25296989985509
resource_managers,round_robin,runtime_sec,-2.5,117.93792889974429
resource_managers,round_robin,runtime_sec,-2.0,115.7475207002426
resource_managers,round_robin,runtime_sec,-1.5,116.81693289996474
resource_managers,round_robin,runtime_sec,-1.0,4.379933299962431
resource_managers,round_robin,runtime_sec,-0.5,117.83274489978794
resource_managers,round_robin,runtime_sec,0.0,117.23149710017606
resource_managers,round_robin,runtime_sec,0.5,118.8140240998182
resource_managers,round_robin,runtime_sec,1.0,4.552855699963402
resource_managers,round_robin,runtime_sec,1.5,4.367253399977926
resource_managers,round_robin,runtime_sec,2.0,116.50489399986691
resource_managers,round_robin,runtime_sec,2.5,4.389995400037151
resource_managers,round_robin,runtime_sec,3.0,4.399909600004321
resource_managers,round_robin,runtime_sec,3.5,4.3756199999770615
resource_managers,round_robin,runtime_sec,4.0,115.76461409998592
resource_managers,round_robin,runtime_sec,4.5,4.391280600015307
resource_managers,round_robin,runtime_sec,5.0,4.414309899992077
resource_managers,round_robin,runtime_sec,5.5,4.38253239999176
resource_managers,round_robin,runtime_sec,6.0,4.414807299966924
resource_managers,round_robin,runtime_sec,6.5,4.402233900036663
resource_managers,round_robin,runtime_sec,7.0,4.371494600025471
resource_managers,round_robin,runtime_sec,7.5,4.3900910000666045
resource_managers,round_robin,runtime_sec,8.0,4.3889375000144355
resource_managers,round_robin,runtime_sec,8.5,4.395904100005282
resource_managers,round_robin,runtime_sec,9.0,4.440191500005312
resource_managers,round_robin,runtime_sec,9.5,4.432712799927685
resource_managers,round_robin,runtime_sec,10.0,4.4334799999778625
resource_managers,round_robin,bit_errors,-5.0,48075.0
resource_managers,round_robin,bit_errors,-4.5,44602.0
resource_managers,round_robin,bit_errors,-4.0,41880.0
resource_managers,round_robin,bit_errors,-3.5,41680.0
resource_managers,round_robin,bit_errors,-3.0,42707.0
resource_managers,round_robin,bit_errors,-2.5,45141.0
resource_managers,round_robin,bit_errors,-2.0,29881.0
resource_managers,round_robin,bit_errors,-1.5,18549.0
resource_managers,round_robin,bit_errors,-1.0,0.0
resource_managers,round_robin,bit_errors,-0.5,9805.0
resource_managers,round_robin,bit_errors,0.0,9415.0
resource_managers,round_robin,bit_errors,0.5,5946.0
resource_managers,round_robin,bit_errors,1.0,0.0
resource_managers,round_robin,bit_errors,1.5,0.0
resource_managers,round_robin,bit_errors,2.0,3692.0
resource_managers,round_robin,bit_errors,2.5,0.0
resource_managers,round_robin,bit_errors,3.0,0.0
resource_managers,round_robin,bit_errors,3.5,0.0
resource_managers,round_robin,bit_errors,4.0,1340.0
resource_managers,round_robin,bit_errors,4.5,0.0
resource_managers,round_robin,bit_errors,5.0,0.0
resource_managers,round_robin,bit_errors,5.5,0.0
resource_managers,round_robin,bit_errors,6.0,0.0
resource_managers,round_robin,bit_errors,6.5,0.0
resource_managers,round_robin,bit_errors,7.0,0.0
resource_managers,round_robin,bit_errors,7.5,0.0
resource_managers,round_robin,bit_errors,8.0,0.0
resource_managers,round_robin,bit_errors,8.5,0.0
resource_managers,round_robin,bit_errors,9.0,0.0
resource_managers,round_robin,bit_errors,9.5,0.0
resource_managers,round_robin,bit_errors,10.0,0.0
resource_managers,round_robin,total_bits,-5.0,737280.0
resource_managers,round_robin,total_bits,-4.5,884736.0
resource_managers,round_robin,total_bits,-4.0,1720320.0
resource_managers,round_robin,total_bits,-3.5,2555904.0
resource_managers,round_robin,total_bits,-3.0,4128768.0
resource_managers,round_robin,total_bits,-2.5,6291456.0
resource_managers,round_robin,total_bits,-2.0,6291456.0
resource_managers,round_robin,total_bits,-1.5,6291456.0
resource_managers,round_robin,total_bits,-1.0,344064.0
resource_managers,round_robin,total_bits,-0.5,6291456.0
resource_managers,round_robin,total_bits,0.0,6291456.0
resource_managers,round_robin,total_bits,0.5,6291456.0
resource_managers,round_robin,total_bits,1.0,344064.0
resource_managers,round_robin,total_bits,1.5,344064.0
resource_managers,round_robin,total_bits,2.0,6291456.0
resource_managers,round_robin,total_bits,2.5,344064.0
resource_managers,round_robin,total_bits,3.0,344064.0
resource_managers,round_robin,total_bits,3.5,344064.0
resource_managers,round_robin,total_bits,4.0,6291456.0
resource_managers,round_robin,total_bits,4.5,344064.0
resource_managers,round_robin,total_bits,5.0,344064.0
resource_managers,round_robin,total_bits,5.5,344064.0
resource_managers,round_robin,total_bits,6.0,344064.0
resource_managers,round_robin,total_bits,6.5,344064.0
resource_managers,round_robin,total_bits,7.0,344064.0
resource_managers,round_robin,total_bits,7.5,344064.0
resource_managers,round_robin,total_bits,8.0,344064.0
resource_managers,round_robin,total_bits,8.5,344064.0
resource_managers,round_robin,total_bits,9.0,344064.0
resource_managers,round_robin,total_bits,9.5,344064.0
resource_managers,round_robin,total_bits,10.0,344064.0
resource_managers,round_robin,block_errors,-5.0,203.0
resource_managers,round_robin,block_errors,-4.5,203.0
resource_managers,round_robin,block_errors,-4.0,200.0
resource_managers,round_robin,block_errors,-3.5,202.0
resource_managers,round_robin,block_errors,-3.0,200.0
resource_managers,round_robin,block_errors,-2.5,189.0
resource_managers,round_robin,block_errors,-2.0,117.0
resource_managers,round_robin,block_errors,-1.5,76.0
resource_managers,round_robin,block_errors,-1.0,0.0
resource_managers,round_robin,block_errors,-0.5,37.0
resource_managers,round_robin,block_errors,0.0,36.0
resource_managers,round_robin,block_errors,0.5,23.0
resource_managers,round_robin,block_errors,1.0,0.0
resource_managers,round_robin,block_errors,1.5,0.0
resource_managers,round_robin,block_errors,2.0,10.0
resource_managers,round_robin,block_errors,2.5,0.0
resource_managers,round_robin,block_errors,3.0,0.0
resource_managers,round_robin,block_errors,3.5,0.0
resource_managers,round_robin,block_errors,4.0,3.0
resource_managers,round_robin,block_errors,4.5,0.0
resource_managers,round_robin,block_errors,5.0,0.0
resource_managers,round_robin,block_errors,5.5,0.0
resource_managers,round_robin,block_errors,6.0,0.0
resource_managers,round_robin,block_errors,6.5,0.0
resource_managers,round_robin,block_errors,7.0,0.0
resource_managers,round_robin,block_errors,7.5,0.0
resource_managers,round_robin,block_errors,8.0,0.0
resource_managers,round_robin,block_errors,8.5,0.0
resource_managers,round_robin,block_errors,9.0,0.0
resource_managers,round_robin,block_errors,9.5,0.0
resource_managers,round_robin,block_errors,10.0,0.0
resource_managers,round_robin,total_blocks,-5.0,480.0
resource_managers,round_robin,total_blocks,-4.5,576.0
resource_managers,round_robin,total_blocks,-4.0,1120.0
resource_managers,round_robin,total_blocks,-3.5,1664.0
resource_managers,round_robin,total_blocks,-3.0,2688.0
resource_managers,round_robin,total_blocks,-2.5,4096.0
resource_managers,round_robin,total_blocks,-2.0,4096.0
resource_managers,round_robin,total_blocks,-1.5,4096.0
resource_managers,round_robin,total_blocks,-1.0,224.0
resource_managers,round_robin,total_blocks,-0.5,4096.0
resource_managers,round_robin,total_blocks,0.0,4096.0
resource_managers,round_robin,total_blocks,0.5,4096.0
resource_managers,round_robin,total_blocks,1.0,224.0
resource_managers,round_robin,total_blocks,1.5,224.0
resource_managers,round_robin,total_blocks,2.0,4096.0
resource_managers,round_robin,total_blocks,2.5,224.0
resource_managers,round_robin,total_blocks,3.0,224.0
resource_managers,round_robin,total_blocks,3.5,224.0
resource_managers,round_robin,total_blocks,4.0,4096.0
resource_managers,round_robin,total_blocks,4.5,224.0
resource_managers,round_robin,total_blocks,5.0,224.0
resource_managers,round_robin,total_blocks,5.5,224.0
resource_managers,round_robin,total_blocks,6.0,224.0
resource_managers,round_robin,total_blocks,6.5,224.0
resource_managers,round_robin,total_blocks,7.0,224.0
resource_managers,round_robin,total_blocks,7.5,224.0
resource_managers,round_robin,total_blocks,8.0,224.0
resource_managers,round_robin,total_blocks,8.5,224.0
resource_managers,round_robin,total_blocks,9.0,224.0
resource_managers,round_robin,total_blocks,9.5,224.0
resource_managers,round_robin,total_blocks,10.0,224.0
resource_managers,round_robin,num_batches,-5.0,15.0
resource_managers,round_robin,num_batches,-4.5,18.0
resource_managers,round_robin,num_batches,-4.0,35.0
resource_managers,round_robin,num_batches,-3.5,52.0
resource_managers,round_robin,num_batches,-3.0,84.0
resource_managers,round_robin,num_batches,-2.5,128.0
resource_managers,round_robin,num_batches,-2.0,128.0
resource_managers,round_robin,num_batches,-1.5,128.0
resource_managers,round_robin,num_batches,-1.0,7.0
resource_managers,round_robin,num_batches,-0.5,128.0
resource_managers,round_robin,num_batches,0.0,128.0
resource_managers,round_robin,num_batches,0.5,128.0
resource_managers,round_robin,num_batches,1.0,7.0
resource_managers,round_robin,num_batches,1.5,7.0
resource_managers,round_robin,num_batches,2.0,128.0
resource_managers,round_robin,num_batches,2.5,7.0
resource_managers,round_robin,num_batches,3.0,7.0
resource_managers,round_robin,num_batches,3.5,7.0
resource_managers,round_robin,num_batches,4.0,128.0
resource_managers,round_robin,num_batches,4.5,7.0
resource_managers,round_robin,num_batches,5.0,7.0
resource_managers,round_robin,num_batches,5.5,7.0
resource_managers,round_robin,num_batches,6.0,7.0
resource_managers,round_robin,num_batches,6.5,7.0
resource_managers,round_robin,num_batches,7.0,7.0
resource_managers,round_robin,num_batches,7.5,7.0
resource_managers,round_robin,num_batches,8.0,7.0
resource_managers,round_robin,num_batches,8.5,7.0
resource_managers,round_robin,num_batches,9.0,7.0
resource_managers,round_robin,num_batches,9.5,7.0
resource_managers,round_robin,num_batches,10.0,7.0
resource_managers,round_robin,runtime_total_sec,,1184.833699099574
resource_managers,max_throughput,ber,-5.0,0.05338287353515625
resource_managers,max_throughput,ber,-4.5,0.03742958842844203
resource_managers,max_throughput,ber,-4.0,0.018536327331046747
resource_managers,max_throughput,ber,-3.5,0.0112548828125
resource_managers,max_throughput,ber,-3.0,0.007268700896009887
resource_managers,max_throughput,ber,-2.5,0.0047702789306640625
resource_managers,max_throughput,ber,-2.0,0.0021397272745768228
resource_managers,max_throughput,ber,-1.5,0.0013449986775716145
resource_managers,max_throughput,ber,-1.0,0.0
resource_managers,max_throughput,ber,-0.5,0.0
resource_managers,max_throughput,ber,0.0,0.0006422996520996094
resource_managers,max_throughput,ber,0.5,0.0
resource_managers,max_throughput,ber,1.0,0.0
resource_managers,max_throughput,ber,1.5,0.0
resource_managers,max_throughput,ber,2.0,0.00036064783732096356
resource_managers,max_throughput,ber,2.5,0.0001583099365234375
resource_managers,max_throughput,ber,3.0,0.0
resource_managers,max_throughput,ber,3.5,0.0
resource_managers,max_throughput,ber,4.0,0.0
resource_managers,max_throughput,ber,4.5,0.0
resource_managers,max_throughput,ber,5.0,0.0
resource_managers,max_throughput,ber,5.5,0.0
resource_managers,max_throughput,ber,6.0,0.0
resource_managers,max_throughput,ber,6.5,0.0
resource_managers,max_throughput,ber,7.0,0.0
resource_managers,max_throughput,ber,7.5,0.0
resource_managers,max_throughput,ber,8.0,0.0
resource_managers,max_throughput,ber,8.5,0.0
resource_managers,max_throughput,ber,9.0,0.0
resource_managers,max_throughput,ber,9.5,0.0
resource_managers,max_throughput,ber,10.0,0.0
resource_managers,max_throughput,ber_upper_confidence,-5.0,0.05380136293924137
resource_managers,max_throughput,ber_upper_confidence,-4.5,0.037724338084352986
resource_managers,max_throughput,ber_upper_confidence,-4.0,0.018693258651930965
resource_managers,max_throughput,ber_upper_confidence,-3.5,0.011345615192144365
resource_managers,max_throughput,ber_upper_confidence,-3.0,0.007326948806500402
resource_managers,max_throughput,ber_upper_confidence,-2.5,0.004815676446428364
resource_managers,max_throughput,ber_upper_confidence,-2.0,0.002170243734803245
resource_managers,max_throughput,ber_upper_confidence,-1.5,0.0013692477516972813
resource_managers,max_throughput,ber_upper_confidence,-1.0,8.706904161882644e-06
resource_managers,max_throughput,ber_upper_confidence,-0.5,8.706904161882644e-06
resource_managers,max_throughput,ber_upper_confidence,0.0,0.0006591300371162135
resource_managers,max_throughput,ber_upper_confidence,0.5,8.706904161882644e-06
resource_managers,max_throughput,ber_upper_confidence,1.0,8.706904161882644e-06
resource_managers,max_throughput,ber_upper_confidence,1.5,8.706904161882644e-06
resource_managers,max_throughput,ber_upper_confidence,2.0,0.0003733158595130297
resource_managers,max_throughput,ber_upper_confidence,2.5,0.00016677801465396217
resource_managers,max_throughput,ber_upper_confidence,3.0,8.706904161882644e-06
resource_managers,max_throughput,ber_upper_confidence,3.5,8.706904161882644e-06
resource_managers,max_throughput,ber_upper_confidence,4.0,8.706904161882644e-06
resource_managers,max_throughput,ber_upper_confidence,4.5,8.706904161882644e-06
resource_managers,max_throughput,ber_upper_confidence,5.0,8.706904161882644e-06
resource_managers,max_throughput,ber_upper_confidence,5.5,8.706904161882644e-06
resource_managers,max_throughput,ber_upper_confidence,6.0,8.706904161882644e-06
resource_managers,max_throughput,ber_upper_confidence,6.5,8.706904161882644e-06
resource_managers,max_throughput,ber_upper_confidence,7.0,8.706904161882644e-06
resource_managers,max_throughput,ber_upper_confidence,7.5,8.706904161882644e-06
resource_managers,max_throughput,ber_upper_confidence,8.0,8.706904161882644e-06
resource_managers,max_throughput,ber_upper_confidence,8.5,8.706904161882644e-06
resource_managers,max_throughput,ber_upper_confidence,9.0,8.706904161882644e-06
resource_managers,max_throughput,ber_upper_confidence,9.5,8.706904161882644e-06
resource_managers,max_throughput,ber_upper_confidence,10.0,8.706904161882644e-06
resource_managers,max_throughput,latency_ms,-5.0,588.5964333348549
resource_managers,max_throughput,latency_ms,-4.5,668.0885876826343
resource_managers,max_throughput,latency_ms,-4.0,741.3877296754144
resource_managers,max_throughput,latency_ms,-3.5,835.8001606632338
resource_managers,max_throughput,latency_ms,-3.0,850.9317367237531
resource_managers,max_throughput,latency_ms,-2.5,842.876309113449
resource_managers,max_throughput,latency_ms,-2.0,846.9836630219154
resource_managers,max_throughput,latency_ms,-1.5,845.7143981781021
resource_managers,max_throughput,latency_ms,-1.0,582.3410119010181
resource_managers,max_throughput,latency_ms,-0.5,583.0798404728972
resource_managers,max_throughput,latency_ms,0.0,846.8153981765729
resource_managers,max_throughput,latency_ms,0.5,580.7183404732806
resource_managers,max_throughput,latency_ms,1.0,597.8500119074824
resource_managers,max_throughput,latency_ms,1.5,582.8104547612746
resource_managers,max_throughput,latency_ms,2.0,851.7348583344804
resource_managers,max_throughput,latency_ms,2.5,859.4524786468858
resource_managers,max_throughput,latency_ms,3.0,581.3504833375813
resource_managers,max_throughput,latency_ms,3.5,581.5205118981767
resource_managers,max_throughput,latency_ms,4.0,581.9507547676143
resource_managers,max_throughput,latency_ms,4.5,582.5621404806795
resource_managers,max_throughput,latency_ms,5.0,582.7571119054065
resource_managers,max_throughput,latency_ms,5.5,581.6439976214209
resource_managers,max_throughput,latency_ms,6.0,587.2709833331983
resource_managers,max_throughput,latency_ms,6.5,583.6433547629089
resource_managers,max_throughput,latency_ms,7.0,581.7786404768516
resource_managers,max_throughput,latency_ms,7.5,584.4226547638598
resource_managers,max_throughput,latency_ms,8.0,581.7365547664043
resource_managers,max_throughput,latency_ms,8.5,584.7221690518094
resource_managers,max_throughput,latency_ms,9.0,584.0183261945223
resource_managers,max_throughput,latency_ms,9.5,582.6456547537131
resource_managers,max_throughput,latency_ms,10.0,582.7952119003228
resource_managers,max_throughput,throughput_bits_per_batch,-5.0,46528.125
resource_managers,max_throughput,throughput_bits_per_batch,-4.5,47312.260869565216
resource_managers,max_throughput,throughput_bits_per_batch,-4.0,48240.90243902439
resource_managers,max_throughput,throughput_bits_per_batch,-3.5,48598.8
resource_managers,max_throughput,throughput_bits_per_batch,-3.0,48794.72881355932
resource_managers,max_throughput,throughput_bits_per_batch,-2.5,48917.53125
resource_managers,max_throughput,throughput_bits_per_batch,-2.0,49046.828125
resource_managers,max_throughput,throughput_bits_per_batch,-1.5,49085.890625
resource_managers,max_throughput,throughput_bits_per_batch,-1.0,49152.0
resource_managers,max_throughput,throughput_bits_per_batch,-0.5,49152.0
resource_managers,max_throughput,throughput_bits_per_batch,0.0,49120.4296875
resource_managers,max_throughput,throughput_bits_per_batch,0.5,49152.0
resource_managers,max_throughput,throughput_bits_per_batch,1.0,49152.0
resource_managers,max_throughput,throughput_bits_per_batch,1.5,49152.0
resource_managers,max_throughput,throughput_bits_per_batch,2.0,49134.2734375
resource_managers,max_throughput,throughput_bits_per_batch,2.5,49144.21875
resource_managers,max_throughput,throughput_bits_per_batch,3.0,49152.0
resource_managers,max_throughput,throughput_bits_per_batch,3.5,49152.0
resource_managers,max_throughput,throughput_bits_per_batch,4.0,49152.0
resource_managers,max_throughput,throughput_bits_per_batch,4.5,49152.0
resource_managers,max_throughput,throughput_bits_per_batch,5.0,49152.0
resource_managers,max_throughput,throughput_bits_per_batch,5.5,49152.0
resource_managers,max_throughput,throughput_bits_per_batch,6.0,49152.0
resource_managers,max_throughput,throughput_bits_per_batch,6.5,49152.0
resource_managers,max_throughput,throughput_bits_per_batch,7.0,49152.0
resource_managers,max_throughput,throughput_bits_per_batch,7.5,49152.0
resource_managers,max_throughput,throughput_bits_per_batch,8.0,49152.0
resource_managers,max_throughput,throughput_bits_per_batch,8.5,49152.0
resource_managers,max_throughput,throughput_bits_per_batch,9.0,49152.0
resource_managers,max_throughput,throughput_bits_per_batch,9.5,49152.0
resource_managers,max_throughput,throughput_bits_per_batch,10.0,49152.0
resource_managers,max_throughput,energy_joules_per_batch,-5.0,0.00018645100000000002
resource_managers,max_throughput,energy_joules_per_batch,-4.5,0.00018645100000000008
resource_managers,max_throughput,energy_joules_per_batch,-4.0,0.00018645099999999994
resource_managers,max_throughput,energy_joules_per_batch,-3.5,0.00018645100000000027
resource_managers,max_throughput,energy_joules_per_batch,-3.0,0.0001864510000000004
resource_managers,max_throughput,energy_joules_per_batch,-2.5,0.00018645100000000043
resource_managers,max_throughput,energy_joules_per_batch,-2.0,0.00018645100000000043
resource_managers,max_throughput,energy_joules_per_batch,-1.5,0.00018645100000000043
resource_managers,max_throughput,energy_joules_per_batch,-1.0,0.00018645100000000002
resource_managers,max_throughput,energy_joules_per_batch,-0.5,0.00018645100000000002
resource_managers,max_throughput,energy_joules_per_batch,0.0,0.00018645100000000043
resource_managers,max_throughput,energy_joules_per_batch,0.5,0.00018645100000000002
resource_managers,max_throughput,energy_joules_per_batch,1.0,0.00018645100000000002
resource_managers,max_throughput,energy_joules_per_batch,1.5,0.00018645100000000002
resource_managers,max_throughput,energy_joules_per_batch,2.0,0.00018645100000000043
resource_managers,max_throughput,energy_joules_per_batch,2.5,0.00018645100000000043
resource_managers,max_throughput,energy_joules_per_batch,3.0,0.00018645100000000002
resource_managers,max_throughput,energy_joules_per_batch,3.5,0.00018645100000000002
resource_managers,max_throughput,energy_joules_per_batch,4.0,0.00018645100000000002
resource_managers,max_throughput,energy_joules_per_batch,4.5,0.00018645100000000002
resource_managers,max_throughput,energy_joules_per_batch,5.0,0.00018645100000000002
resource_managers,max_throughput,energy_joules_per_batch,5.5,0.00018645100000000002
resource_managers,max_throughput,energy_joules_per_batch,6.0,0.00018645100000000002
resource_managers,max_throughput,energy_joules_per_batch,6.5,0.00018645100000000002
resource_managers,max_throughput,energy_joules_per_batch,7.0,0.00018645100000000002
resource_managers,max_throughput,energy_joules_per_batch,7.5,0.00018645100000000002
resource_managers,max_throughput,energy_joules_per_batch,8.0,0.00018645100000000002
resource_managers,max_throughput,energy_joules_per_batch,8.5,0.00018645100000000002
resource_managers,max_throughput,energy_joules_per_batch,9.0,0.00018645100000000002
resource_managers,max_throughput,energy_joules_per_batch,9.5,0.00018645100000000002
resource_managers,max_throughput,energy_joules_per_batch,10.0,0.00018645100000000002
resource_managers,max_throughput,avg_power_w,-5.0,0.0003167722219171642
resource_managers,max_throughput,avg_power_w,-4.5,0.0002790812527523235
resource_managers,max_throughput,avg_power_w,-4.0,0.00025148919052333076
resource_managers,max_throughput,avg_power_w,-3.5,0.0002230808377113083
resource_managers,max_throughput,avg_power_w,-3.0,0.00021911393353110997
resource_managers,max_throughput,avg_power_w,-2.5,0.00022120802065977226
resource_managers,max_throughput,avg_power_w,-2.0,0.00022013529674795636
resource_managers,max_throughput,avg_power_w,-1.5,0.00022046568014174334
resource_managers,max_throughput,avg_power_w,-1.0,0.0003201749424986258
resource_managers,max_throughput,avg_power_w,-0.5,0.0003197692443778918
resource_managers,max_throughput,avg_power_w,0.0,0.0002201790383139948
resource_managers,max_throughput,avg_power_w,0.5,0.0003210695908933133
resource_managers,max_throughput,avg_power_w,1.0,0.00031186919174780144
resource_managers,max_throughput,avg_power_w,1.5,0.0003199170476040488
resource_managers,max_throughput,avg_power_w,2.0,0.00021890732564896413
resource_managers,max_throughput,avg_power_w,2.5,0.00021694160483840504
resource_managers,max_throughput,avg_power_w,3.0,0.000320720469568666
resource_managers,max_throughput,avg_power_w,3.5,0.0003206266953359803
resource_managers,max_throughput,avg_power_w,4.0,0.00032038965234172434
resource_managers,max_throughput,avg_power_w,4.5,0.0003200534106905006
resource_managers,max_throughput,avg_power_w,5.0,0.00031994633131180876
resource_managers,max_throughput,avg_power_w,5.5,0.00032055862479880143
resource_managers,max_throughput,avg_power_w,6.0,0.00031748716570628493
resource_managers,max_throughput,avg_power_w,6.5,0.00031946050353942823
resource_managers,max_throughput,avg_power_w,7.0,0.0003204844369108782
resource_managers,max_throughput,avg_power_w,7.5,0.00031903451804984683
resource_managers,max_throughput,avg_power_w,8.0,0.00032050762234611376
resource_managers,max_throughput,avg_power_w,8.5,0.0003188710978794435
resource_managers,max_throughput,avg_power_w,9.0,0.000319255392574612
resource_managers,max_throughput,avg_power_w,9.5,0.00032000753541844176
resource_managers,max_throughput,avg_power_w,10.0,0.00031992541495328775
resource_managers,max_throughput,runtime_sec,-5.0,10.19162050000159
resource_managers,max_throughput,runtime_sec,-4.5,16.622511299996404
resource_managers,max_throughput,runtime_sec,-4.0,32.86635470006149
resource_managers,max_throughput,runtime_sec,-3.5,68.00470580003457
resource_managers,max_throughput,runtime_sec,-3.0,108.82074969995301
resource_managers,max_throughput,runtime_sec,-2.5,116.98172090010485
resource_managers,max_throughput,runtime_sec,-2.0,117.30474160020822
resource_managers,max_throughput,runtime_sec,-1.5,117.19453620002605
resource_managers,max_throughput,runtime_sec,-1.0,4.405115199944703
resource_managers,max_throughput,runtime_sec,-0.5,4.407639599987306
resource_managers,max_throughput,runtime_sec,0.0,117.37908680000692
resource_managers,max_throughput,runtime_sec,0.5,4.390715200017439
resource_managers,max_throughput,runtime_sec,1.0,4.521038900013082
resource_managers,max_throughput,runtime_sec,1.5,4.405383500008611
resource_managers,max_throughput,runtime_sec,2.0,117.95848889986519
resource_managers,max_throughput,runtime_sec,2.5,119.12526280005113
resource_managers,max_throughput,runtime_sec,3.0,4.4007878999982495
resource_managers,max_throughput,runtime_sec,3.5,4.398065800050972
resource_managers,max_throughput,runtime_sec,4.0,4.401513299962971
resource_managers,max_throughput,runtime_sec,4.5,4.405348499974934
resource_managers,max_throughput,runtime_sec,5.0,4.410494100040523
resource_managers,max_throughput,runtime_sec,5.5,4.398657999990974
resource_managers,max_throughput,runtime_sec,6.0,4.439079599978868
resource_managers,max_throughput,runtime_sec,6.5,4.416285200015409
resource_managers,max_throughput,runtime_sec,7.0,4.400486600032309
resource_managers,max_throughput,runtime_sec,7.5,4.420576000062283
resource_managers,max_throughput,runtime_sec,8.0,4.400906999973813
resource_managers,max_throughput,runtime_sec,8.5,4.423023700015619
resource_managers,max_throughput,runtime_sec,9.0,4.45745039996109
resource_managers,max_throughput,runtime_sec,9.5,4.446908700017957
resource_managers,max_throughput,runtime_sec,10.0,4.452134599996498
resource_managers,max_throughput,bit_errors,-5.0,41982.0
resource_managers,max_throughput,bit_errors,-4.5,42314.0
resource_managers,max_throughput,bit_errors,-4.0,37355.0
resource_managers,max_throughput,bit_errors,-3.5,41490.0
resource_managers,max_throughput,bit_errors,-3.0,42158.0
resource_managers,max_throughput,bit_errors,-2.5,30012.0
resource_managers,max_throughput,bit_errors,-2.0,13462.0
resource_managers,max_throughput,bit_errors,-1.5,8462.0
resource_managers,max_throughput,bit_errors,-1.0,0.0
resource_managers,max_throughput,bit_errors,-0.5,0.0
resource_managers,max_throughput,bit_errors,0.0,4041.0
resource_managers,max_throughput,bit_errors,0.5,0.0
resource_managers,max_throughput,bit_errors,1.0,0.0
resource_managers,max_throughput,bit_errors,1.5,0.0
resource_managers,max_throughput,bit_errors,2.0,2269.0
resource_managers,max_throughput,bit_errors,2.5,996.0
resource_managers,max_throughput,bit_errors,3.0,0.0
resource_managers,max_throughput,bit_errors,3.5,0.0
resource_managers,max_throughput,bit_errors,4.0,0.0
resource_managers,max_throughput,bit_errors,4.5,0.0
resource_managers,max_throughput,bit_errors,5.0,0.0
resource_managers,max_throughput,bit_errors,5.5,0.0
resource_managers,max_throughput,bit_errors,6.0,0.0
resource_managers,max_throughput,bit_errors,6.5,0.0
resource_managers,max_throughput,bit_errors,7.0,0.0
resource_managers,max_throughput,bit_errors,7.5,0.0
resource_managers,max_throughput,bit_errors,8.0,0.0
resource_managers,max_throughput,bit_errors,8.5,0.0
resource_managers,max_throughput,bit_errors,9.0,0.0
resource_managers,max_throughput,bit_errors,9.5,0.0
resource_managers,max_throughput,bit_errors,10.0,0.0
resource_managers,max_throughput,total_bits,-5.0,786432.0
resource_managers,max_throughput,total_bits,-4.5,1130496.0
resource_managers,max_throughput,total_bits,-4.0,2015232.0
resource_managers,max_throughput,total_bits,-3.5,3686400.0
resource_managers,max_throughput,total_bits,-3.0,5799936.0
resource_managers,max_throughput,total_bits,-2.5,6291456.0
resource_managers,max_throughput,total_bits,-2.0,6291456.0
resource_managers,max_throughput,total_bits,-1.5,6291456.0
resource_managers,max_throughput,total_bits,-1.0,344064.0
resource_managers,max_throughput,total_bits,-0.5,344064.0
resource_managers,max_throughput,total_bits,0.0,6291456.0
resource_managers,max_throughput,total_bits,0.5,344064.0
resource_managers,max_throughput,total_bits,1.0,344064.0
resource_managers,max_throughput,total_bits,1.5,344064.0
resource_managers,max_throughput,total_bits,2.0,6291456.0
resource_managers,max_throughput,total_bits,2.5,6291456.0
resource_managers,max_throughput,total_bits,3.0,344064.0
resource_managers,max_throughput,total_bits,3.5,344064.0
resource_managers,max_throughput,total_bits,4.0,344064.0
resource_managers,max_throughput,total_bits,4.5,344064.0
resource_managers,max_throughput,total_bits,5.0,344064.0
resource_managers,max_throughput,total_bits,5.5,344064.0
resource_managers,max_throughput,total_bits,6.0,344064.0
resource_managers,max_throughput,total_bits,6.5,344064.0
resource_managers,max_throughput,total_bits,7.0,344064.0
resource_managers,max_throughput,total_bits,7.5,344064.0
resource_managers,max_throughput,total_bits,8.0,344064.0
resource_managers,max_throughput,total_bits,8.5,344064.0
resource_managers,max_throughput,total_bits,9.0,344064.0
resource_managers,max_throughput,total_bits,9.5,344064.0
resource_managers,max_throughput,total_bits,10.0,344064.0
resource_managers,max_throughput,block_errors,-5.0,203.0
resource_managers,max_throughput,block_errors,-4.5,201.0
resource_managers,max_throughput,block_errors,-4.0,200.0
resource_managers,max_throughput,block_errors,-3.5,203.0
resource_managers,max_throughput,block_errors,-3.0,203.0
resource_managers,max_throughput,block_errors,-2.5,136.0
resource_managers,max_throughput,block_errors,-2.0,63.0
resource_managers,max_throughput,block_errors,-1.5,42.0
resource_managers,max_throughput,block_errors,-1.0,0.0
resource_managers,max_throughput,block_errors,-0.5,0.0
resource_managers,max_throughput,block_errors,0.0,12.0
resource_managers,max_throughput,block_errors,0.5,0.0
resource_managers,max_throughput,block_errors,1.0,0.0
resource_managers,max_throughput,block_errors,1.5,0.0
resource_managers,max_throughput,block_errors,2.0,6.0
resource_managers,max_throughput,block_errors,2.5,3.0
resource_managers,max_throughput,block_errors,3.0,0.0
resource_managers,max_throughput,block_errors,3.5,0.0
resource_managers,max_throughput,block_errors,4.0,0.0
resource_managers,max_throughput,block_errors,4.5,0.0
resource_managers,max_throughput,block_errors,5.0,0.0
resource_managers,max_throughput,block_errors,5.5,0.0
resource_managers,max_throughput,block_errors,6.0,0.0
resource_managers,max_throughput,block_errors,6.5,0.0
resource_managers,max_throughput,block_errors,7.0,0.0
resource_managers,max_throughput,block_errors,7.5,0.0
resource_managers,max_throughput,block_errors,8.0,0.0
resource_managers,max_throughput,block_errors,8.5,0.0
resource_managers,max_throughput,block_errors,9.0,0.0
resource_managers,max_throughput,block_errors,9.5,0.0
resource_managers,max_throughput,block_errors,10.0,0.0
resource_managers,max_throughput,total_blocks,-5.0,512.0
resource_managers,max_throughput,total_blocks,-4.5,736.0
resource_managers,max_throughput,total_blocks,-4.0,1312.0
resource_managers,max_throughput,total_blocks,-3.5,2400.0
resource_managers,max_throughput,total_blocks,-3.0,3776.0
resource_managers,max_throughput,total_blocks,-2.5,4096.0
resource_managers,max_throughput,total_blocks,-2.0,4096.0
resource_managers,max_throughput,total_blocks,-1.5,4096.0
resource_managers,max_throughput,total_blocks,-1.0,224.0
resource_managers,max_throughput,total_blocks,-0.5,224.0
resource_managers,max_throughput,total_blocks,0.0,4096.0
resource_managers,max_throughput,total_blocks,0.5,224.0
resource_managers,max_throughput,total_blocks,1.0,224.0
resource_managers,max_throughput,total_blocks,1.5,224.0
resource_managers,max_throughput,total_blocks,2.0,4096.0
resource_managers,max_throughput,total_blocks,2.5,4096.0
resource_managers,max_throughput,total_blocks,3.0,224.0
resource_managers,max_throughput,total_blocks,3.5,224.0
resource_managers,max_throughput,total_blocks,4.0,224.0
resource_managers,max_throughput,total_blocks,4.5,224.0
resource_managers,max_throughput,total_blocks,5.0,224.0
resource_managers,max_throughput,total_blocks,5.5,224.0
resource_managers,max_throughput,total_blocks,6.0,224.0
resource_managers,max_throughput,total_blocks,6.5,224.0
resource_managers,max_throughput,total_blocks,7.0,224.0
resource_managers,max_throughput,total_blocks,7.5,224.0
resource_managers,max_throughput,total_blocks,8.0,224.0
resource_managers,max_throughput,total_blocks,8.5,224.0
resource_managers,max_throughput,total_blocks,9.0,224.0
resource_managers,max_throughput,total_blocks,9.5,224.0
resource_managers,max_throughput,total_blocks,10.0,224.0
resource_managers,max_throughput,num_batches,-5.0,16.0
resource_managers,max_throughput,num_batches,-4.5,23.0
resource_managers,max_throughput,num_batches,-4.0,41.0
resource_managers,max_throughput,num_batches,-3.5,75.0
resource_managers,max_throughput,num_batches,-3.0,118.0
resource_managers,max_throughput,num_batches,-2.5,128.0
resource_managers,max_throughput,num_batches,-2.0,128.0
resource_managers,max_throughput,num_batches,-1.5,128.0
resource_managers,max_throughput,num_batches,-1.0,7.0
resource_managers,max_throughput,num_batches,-0.5,7.0
resource_managers,max_throughput,num_batches,0.0,128.0
resource_managers,max_throughput,num_batches,0.5,7.0
resource_managers,max_throughput,num_batches,1.0,7.0
resource_managers,max_throughput,num_batches,1.5,7.0
resource_managers,max_throughput,num_batches,2.0,128.0
resource_managers,max_throughput,num_batches,2.5,128.0
resource_managers,max_throughput,num_batches,3.0,7.0
resource_managers,max_throughput,num_batches,3.5,7.0
resource_managers,max_throughput,num_batches,4.0,7.0
resource_managers,max_throughput,num_batches,4.5,7.0
resource_managers,max_throughput,num_batches,5.0,7.0
resource_managers,max_throughput,num_batches,5.5,7.0
resource_managers,max_throughput,num_batches,6.0,7.0
resource_managers,max_throughput,num_batches,6.5,7.0
resource_managers,max_throughput,num_batches,7.0,7.0
resource_managers,max_throughput,num_batches,7.5,7.0
resource_managers,max_throughput,num_batches,8.0,7.0
resource_managers,max_throughput,num_batches,8.5,7.0
resource_managers,max_throughput,num_batches,9.0,7.0
resource_managers,max_throughput,num_batches,9.5,7.0
resource_managers,max_throughput,num_batches,10.0,7.0
resource_managers,max_throughput,runtime_total_sec,,1030.851391000353
resource_managers,pf,ber,-5.0,0.06297665550595238
resource_managers,pf,ber,-4.5,0.049719024122807015
resource_managers,pf,ber,-4.0,0.027139663696289062
resource_managers,pf,ber,-3.5,0.01469784691220238
resource_managers,pf,ber,-3.0,0.011243771284054488
resource_managers,pf,ber,-2.5,0.006174882253011067
resource_managers,pf,ber,-2.0,0.003377119700113932
resource_managers,pf,ber,-1.5,0.0030074119567871094
resource_managers,pf,ber,-1.0,0.0018819173177083333
resource_managers,pf,ber,-0.5,0.0017193158467610676
resource_managers,pf,ber,0.0,0.0
resource_managers,pf,ber,0.5,0.0
resource_managers,pf,ber,1.0,0.0007346471150716146
resource_managers,pf,ber,1.5,0.0
resource_managers,pf,ber,2.0,0.000534216562906901
resource_managers,pf,ber,2.5,0.0005407333374023438
resource_managers,pf,ber,3.0,0.0
resource_managers,pf,ber,3.5,0.0
resource_managers,pf,ber,4.0,0.00035079320271809894
resource_managers,pf,ber,4.5,0.0
resource_managers,pf,ber,5.0,0.0
resource_managers,pf,ber,5.5,0.0
resource_managers,pf,ber,6.0,0.0
resource_managers,pf,ber,6.5,0.0
resource_managers,pf,ber,7.0,0.0
resource_managers,pf,ber,7.5,0.0
resource_managers,pf,ber,8.0,0.0
resource_managers,pf,ber,8.5,0.0
resource_managers,pf,ber,9.0,0.0
resource_managers,pf,ber,9.5,0.0
resource_managers,pf,ber,10.0,0.0
resource_managers,pf,ber_upper_confidence,-5.0,0.06346005480480847
resource_managers,pf,ber_upper_confidence,-4.5,0.05009030094721026
resource_managers,pf,ber_upper_confidence,-4.0,0.027353591060071375
resource_managers,pf,ber_upper_confidence,-3.5,0.014817634106926443
resource_managers,pf,ber_upper_confidence,-3.0,0.011332691596589986
resource_managers,pf,ber_upper_confidence,-2.5,0.006226466395138834
resource_managers,pf,ber_upper_confidence,-2.0,0.003415378220312014
resource_managers,pf,ber_upper_confidence,-1.5,0.003043534547467539
resource_managers,pf,ber_upper_confidence,-1.0,0.0019105535591312126
resource_managers,pf,ber_upper_confidence,-0.5,0.0017466988494825898
resource_managers,pf,ber_upper_confidence,0.0,8.706904161882644e-06
resource_managers,pf,ber_upper_confidence,0.5,8.706904161882644e-06
resource_managers,pf,ber_upper_confidence,1.0,0.000752630820538311
resource_managers,pf,ber_upper_confidence,1.5,8.706904161882644e-06
resource_managers,pf,ber_upper_confidence,2.0,0.0005495857189723718
resource_managers,pf,ber_upper_confidence,2.5,0.0005561945744712904
resource_managers,pf,ber_upper_confidence,3.0,8.706904161882644e-06
resource_managers,pf,ber_upper_confidence,3.5,8.706904161882644e-06
resource_managers,pf,ber_upper_confidence,4.0,0.0003632900225458534
resource_managers,pf,ber_upper_confidence,4.5,8.706904161882644e-06
resource_managers,pf,ber_upper_confidence,5.0,8.706904161882644e-06
resource_managers,pf,ber_upper_confidence,5.5,8.706904161882644e-06
resource_managers,pf,ber_upper_confidence,6.0,8.706904161882644e-06
resource_managers,pf,ber_upper_confidence,6.5,8.706904161882644e-06
resource_managers,pf,ber_upper_confidence,7.0,8.706904161882644e-06
resource_managers,pf,ber_upper_confidence,7.5,8.706904161882644e-06
resource_managers,pf,ber_upper_confidence,8.0,8.706904161882644e-06
resource_managers,pf,ber_upper_confidence,8.5,8.706904161882644e-06
resource_managers,pf,ber_upper_confidence,9.0,8.706904161882644e-06
resource_managers,pf,ber_upper_confidence,9.5,8.706904161882644e-06
resource_managers,pf,ber_upper_confidence,10.0,8.706904161882644e-06
resource_managers,pf,latency_ms,-5.0,582.7750547598926
resource_managers,pf,latency_ms,-4.5,629.0394833333806
resource_managers,pf,latency_ms,-4.0,721.3664552092756
resource_managers,pf,latency_ms,-3.5,792.6235279769023
resource_managers,pf,latency_ms,-3.0,829.1361743593097
resource_managers,pf,latency_ms,-2.5,849.6837122396803
resource_managers,pf,latency_ms,-2.0,845.4385130200128
resource_managers,pf,latency_ms,-1.5,846.5440661474579
resource_managers,pf,latency_ms,-1.0,851.4417888021901
resource_managers,pf,latency_ms,-0.5,853.5251786462643
resource_managers,pf,latency_ms,0.0,583.656883337566
resource_managers,pf,latency_ms,0.5,581.3728119044077
resource_managers,pf,latency_ms,1.0,850.5862919268159
resource_managers,pf,latency_ms,1.5,582.4118833328974
resource_managers,pf,latency_ms,2.0,850.6672755205775
resource_managers,pf,latency_ms,2.5,850.054583331171
resource_managers,pf,latency_ms,3.0,581.346511912031
resource_managers,pf,latency_ms,3.5,581.1698119053262
resource_managers,pf,latency_ms,4.0,848.2613200518747
resource_managers,pf,latency_ms,4.5,582.2053690421307
resource_managers,pf,latency_ms,5.0,582.5271690519106
resource_managers,pf,latency_ms,5.5,581.9698261917281
resource_managers,pf,latency_ms,6.0,586.4524976189359
resource_managers,pf,latency_ms,6.5,583.9815404786972
resource_managers,pf,latency_ms,7.0,582.463454767494
resource_managers,pf,latency_ms,7.5,583.3346547614095
resource_managers,pf,latency_ms,8.0,582.6093833399915
resource_managers,pf,latency_ms,8.5,588.832883335282
resource_managers,pf,latency_ms,9.0,585.0000261941437
resource_managers,pf,latency_ms,9.5,582.7101547583983
resource_managers,pf,latency_ms,10.0,584.9353404696011
resource_managers,pf,throughput_bits_per_batch,-5.0,46056.57142857143
resource_managers,pf,throughput_bits_per_batch,-4.5,46708.21052631579
resource_managers,pf,throughput_bits_per_batch,-4.0,47818.03125
resource_managers,pf,throughput_bits_per_batch,-3.5,48429.57142857143
resource_managers,pf,throughput_bits_per_batch,-3.0,48599.346153846156
resource_managers,pf,throughput_bits_per_batch,-2.5,48848.4921875
resource_managers,pf,throughput_bits_per_batch,-2.0,48986.0078125
resource_managers,pf,throughput_bits_per_batch,-1.5,49004.1796875
resource_managers,pf,throughput_bits_per_batch,-1.0,49059.5
resource_managers,pf,throughput_bits_per_batch,-0.5,49067.4921875
resource_managers,pf,throughput_bits_per_batch,0.0,49152.0
resource_managers,pf,throughput_bits_per_batch,0.5,49152.0
resource_managers,pf,throughput_bits_per_batch,1.0,49115.890625
resource_managers,pf,throughput_bits_per_batch,1.5,49152.0
resource_managers,pf,throughput_bits_per_batch,2.0,49125.7421875
resource_managers,pf,throughput_bits_per_batch,2.5,49125.421875
resource_managers,pf,throughput_bits_per_batch,3.0,49152.0
resource_managers,pf,throughput_bits_per_batch,3.5,49152.0
resource_managers,pf,throughput_bits_per_batch,4.0,49134.7578125
resource_managers,pf,throughput_bits_per_batch,4.5,49152.0
resource_managers,pf,throughput_bits_per_batch,5.0,49152.0
resource_managers,pf,throughput_bits_per_batch,5.5,49152.0
resource_managers,pf,throughput_bits_per_batch,6.0,49152.0
resource_managers,pf,throughput_bits_per_batch,6.5,49152.0
resource_managers,pf,throughput_bits_per_batch,7.0,49152.0
resource_managers,pf,throughput_bits_per_batch,7.5,49152.0
resource_managers,pf,throughput_bits_per_batch,8.0,49152.0
resource_managers,pf,throughput_bits_per_batch,8.5,49152.0
resource_managers,pf,throughput_bits_per_batch,9.0,49152.0
resource_managers,pf,throughput_bits_per_batch,9.5,49152.0
resource_managers,pf,throughput_bits_per_batch,10.0,49152.0
resource_managers,pf,energy_joules_per_batch,-5.0,0.00018645100000000005
resource_managers,pf,energy_joules_per_batch,-4.5,0.00018645100000000008
resource_managers,pf,energy_joules_per_batch,-4.0,0.00018645099999999997
resource_managers,pf,energy_joules_per_batch,-3.5,0.0001864510000000001
resource_managers,pf,energy_joules_per_batch,-3.0,0.0001864510000000003
resource_managers,pf,energy_joules_per_batch,-2.5,0.00018645100000000043
resource_managers,pf,energy_joules_per_batch,-2.0,0.00018645100000000043
resource_managers,pf,energy_joules_per_batch,-1.5,0.00018645100000000043
resource_managers,pf,energy_joules_per_batch,-1.0,0.00018645100000000043
resource_managers,pf,energy_joules_per_batch,-0.5,0.00018645100000000043
resource_managers,pf,energy_joules_per_batch,0.0,0.00018645100000000002
resource_managers,pf,energy_joules_per_batch,0.5,0.00018645100000000002
resource_managers,pf,energy_joules_per_batch,1.0,0.0001864510000000004
resource_managers,pf,energy_joules_per_batch,1.5,0.00018645100000000002
resource_managers,pf,energy_joules_per_batch,2.0,0.00018645100000000043
resource_managers,pf,energy_joules_per_batch,2.5,0.00018645100000000043
resource_managers,pf,energy_joules_per_batch,3.0,0.00018645100000000002
resource_managers,pf,energy_joules_per_batch,3.5,0.00018645100000000002
resource_managers,pf,energy_joules_per_batch,4.0,0.00018645100000000043
resource_managers,pf,energy_joules_per_batch,4.5,0.00018645100000000002
resource_managers,pf,energy_joules_per_batch,5.0,0.00018645100000000002
resource_managers,pf,energy_joules_per_batch,5.5,0.00018645100000000002
resource_managers,pf,energy_joules_per_batch,6.0,0.00018645100000000002
resource_managers,pf,energy_joules_per_batch,6.5,0.00018645100000000005
resource_managers,pf,energy_joules_per_batch,7.0,0.00018645100000000002
resource_managers,pf,energy_joules_per_batch,7.5,0.00018645100000000002
resource_managers,pf,energy_joules_per_batch,8.0,0.00018645100000000002
resource_managers,pf,energy_joules_per_batch,8.5,0.00018645100000000002
resource_managers,pf,energy_joules_per_batch,9.0,0.00018645100000000002
resource_managers,pf,energy_joules_per_batch,9.5,0.00018645100000000002
resource_managers,pf,energy_joules_per_batch,10.0,0.00018645100000000002
resource_managers,pf,avg_power_w,-5.0,0.00031993648059767965
resource_managers,pf,avg_power_w,-4.5,0.000296405877437083
resource_managers,pf,avg_power_w,-4.0,0.00025846918532676803
resource_managers,pf,avg_power_w,-3.5,0.00023523273460718345
resource_managers,pf,avg_power_w,-3.0,0.00022487379729159055
resource_managers,pf,avg_power_w,-2.5,0.0002194357704098322
resource_managers,pf,avg_power_w,-2.0,0.00022053762293602403
resource_managers,pf,avg_power_w,-1.5,0.00022024960950765542
resource_managers,pf,avg_power_w,-1.0,0.00021898267439081188
resource_managers,pf,avg_power_w,-0.5,0.00021844815438921378
resource_managers,pf,avg_power_w,0.0,0.00031945309876892775
resource_managers,pf,avg_power_w,0.5,0.0003207081517782728
resource_managers,pf,avg_power_w,1.0,0.00021920292129048628
resource_managers,pf,avg_power_w,1.5,0.0003201359816578941
resource_managers,pf,avg_power_w,2.0,0.00021918205315456525
resource_managers,pf,avg_power_w,2.5,0.0002193400325768979
resource_managers,pf,avg_power_w,3.0,0.00032072266054675093
resource_managers,pf,avg_power_w,3.5,0.0003208201736919764
resource_managers,pf,avg_power_w,4.0,0.00021980372745110925
resource_managers,pf,avg_power_w,4.5,0.00032024953721529096
resource_managers,pf,avg_power_w,5.0,0.00032007262477294835
resource_managers,pf,avg_power_w,5.5,0.00032037915302257327
resource_managers,pf,avg_power_w,6.0,0.00031793026844801985
resource_managers,pf,avg_power_w,6.5,0.00031927550286463464
resource_managers,pf,avg_power_w,7.0,0.0003201076367519521
resource_managers,pf,avg_power_w,7.5,0.00031962956165575417
resource_managers,pf,avg_power_w,8.0,0.0003200274580733854
resource_managers,pf,avg_power_w,8.5,0.0003166450197955991
resource_managers,pf,avg_power_w,9.0,0.0003187196438485673
resource_managers,pf,avg_power_w,9.5,0.00031997211388448487
resource_managers,pf,avg_power_w,10.0,0.00031875488981450905
resource_managers,pf,runtime_sec,-5.0,8.811688399931882
resource_managers,pf,runtime_sec,-4.5,12.931651599967154
resource_managers,pf,runtime_sec,-4.0,25.000946999993175
resource_managers,pf,runtime_sec,-3.5,48.038122700032545
resource_managers,pf,runtime_sec,-3.0,70.01734910011874
resource_managers,pf,runtime_sec,-2.5,117.73576879996108
resource_managers,pf,runtime_sec,-2.0,117.21515799980261
resource_managers,pf,runtime_sec,-1.5,117.27643240030739
resource_managers,pf,runtime_sec,-1.0,117.98225479989196
resource_managers,pf,runtime_sec,-0.5,118.31817939999746
resource_managers,pf,runtime_sec,0.0,4.41501700002118
resource_managers,pf,runtime_sec,0.5,4.398022099980153
resource_managers,pf,runtime_sec,1.0,117.84777330019278
resource_managers,pf,runtime_sec,1.5,4.404285899974639
resource_managers,pf,runtime_sec,2.0,118.00219250004739
resource_managers,pf,runtime_sec,2.5,117.75367030018242
resource_managers,pf,runtime_sec,3.0,4.39866009997786
resource_managers,pf,runtime_sec,3.5,4.39655910001602
resource_managers,pf,runtime_sec,4.0,117.48663169995416
resource_managers,pf,runtime_sec,4.5,4.4050086999777704
resource_managers,pf,runtime_sec,5.0,4.406310099962866
resource_managers,pf,runtime_sec,5.5,4.4018928000296
resource_managers,pf,runtime_sec,6.0,4.432218600035412
resource_managers,pf,runtime_sec,6.5,4.417656100005843
resource_managers,pf,runtime_sec,7.0,4.403932599991094
resource_managers,pf,runtime_sec,7.5,4.41460690004169
resource_managers,pf,runtime_sec,8.0,4.408564499986824
resource_managers,pf,runtime_sec,8.5,4.450707499985583
resource_managers,pf,runtime_sec,9.0,4.465613200038206
resource_managers,pf,runtime_sec,9.5,4.448848899977747
resource_managers,pf,runtime_sec,10.0,4.466347200010205
resource_managers,pf,bit_errors,-5.0,43336.0
resource_managers,pf,bit_errors,-4.5,46432.0
resource_managers,pf,bit_errors,-4.0,42687.0
resource_managers,pf,bit_errors,-3.5,40456.0
resource_managers,pf,bit_errors,-3.0,43107.0
resource_managers,pf,bit_errors,-2.5,38849.0
resource_managers,pf,bit_errors,-2.0,21247.0
resource_managers,pf,bit_errors,-1.5,18921.0
resource_managers,pf,bit_errors,-1.0,11840.0
resource_managers,pf,bit_errors,-0.5,10817.0
resource_managers,pf,bit_errors,0.0,0.0
resource_managers,pf,bit_errors,0.5,0.0
resource_managers,pf,bit_errors,1.0,4622.0
resource_managers,pf,bit_errors,1.5,0.0
resource_managers,pf,bit_errors,2.0,3361.0
resource_managers,pf,bit_errors,2.5,3402.0
resource_managers,pf,bit_errors,3.0,0.0
resource_managers,pf,bit_errors,3.5,0.0
resource_managers,pf,bit_errors,4.0,2207.0
resource_managers,pf,bit_errors,4.5,0.0
resource_managers,pf,bit_errors,5.0,0.0
resource_managers,pf,bit_errors,5.5,0.0
resource_managers,pf,bit_errors,6.0,0.0
resource_managers,pf,bit_errors,6.5,0.0
resource_managers,pf,bit_errors,7.0,0.0
resource_managers,pf,bit_errors,7.5,0.0
resource_managers,pf,bit_errors,8.0,0.0
resource_managers,pf,bit_errors,8.5,0.0
resource_managers,pf,bit_errors,9.0,0.0
resource_managers,pf,bit_errors,9.5,0.0
resource_managers,pf,bit_errors,10.0,0.0
resource_managers,pf,total_bits,-5.0,688128.0
resource_managers,pf,total_bits,-4.5,933888.0
resource_managers,pf,total_bits,-4.0,1572864.0
resource_managers,pf,total_bits,-3.5,2752512.0
resource_managers,pf,total_bits,-3.0,3833856.0
resource_managers,pf,total_bits,-2.5,6291456.0
resource_managers,pf,total_bits,-2.0,6291456.0
resource_managers,pf,total_bits,-1.5,6291456.0
resource_managers,pf,total_bits,-1.0,6291456.0
resource_managers,pf,total_bits,-0.5,6291456.0
resource_managers,pf,total_bits,0.0,344064.0
resource_managers,pf,total_bits,0.5,344064.0
resource_managers,pf,total_bits,1.0,6291456.0
resource_managers,pf,total_bits,1.5,344064.0
resource_managers,pf,total_bits,2.0,6291456.0
resource_managers,pf,total_bits,2.5,6291456.0
resource_managers,pf,total_bits,3.0,344064.0
resource_managers,pf,total_bits,3.5,344064.0
resource_managers,pf,total_bits,4.0,6291456.0
resource_managers,pf,total_bits,4.5,344064.0
resource_managers,pf,total_bits,5.0,344064.0
resource_managers,pf,total_bits,5.5,344064.0
resource_managers,pf,total_bits,6.0,344064.0
resource_managers,pf,total_bits,6.5,344064.0
resource_managers,pf,total_bits,7.0,344064.0
resource_managers,pf,total_bits,7.5,344064.0
resource_managers,pf,total_bits,8.0,344064.0
resource_managers,pf,total_bits,8.5,344064.0
resource_managers,pf,total_bits,9.0,344064.0
resource_managers,pf,total_bits,9.5,344064.0
resource_managers,pf,total_bits,10.0,344064.0
resource_managers,pf,block_errors,-5.0,213.0
resource_managers,pf,block_errors,-4.5,205.0
resource_managers,pf,block_errors,-4.0,203.0
resource_managers,pf,block_errors,-3.5,205.0
resource_managers,pf,block_errors,-3.0,201.0
resource_managers,pf,block_errors,-2.5,175.0
resource_managers,pf,block_errors,-2.0,95.0
resource_managers,pf,block_errors,-1.5,78.0
resource_managers,pf,block_errors,-1.0,47.0
resource_managers,pf,block_errors,-0.5,45.0
resource_managers,pf,block_errors,0.0,0.0
resource_managers,pf,block_errors,0.5,0.0
resource_managers,pf,block_errors,1.0,14.0
resource_managers,pf,block_errors,1.5,0.0
resource_managers,pf,block_errors,2.0,9.0
resource_managers,pf,block_errors,2.5,10.0
resource_managers,pf,block_errors,3.0,0.0
resource_managers,pf,block_errors,3.5,0.0
resource_managers,pf,block_errors,4.0,6.0
resource_managers,pf,block_errors,4.5,0.0
resource_managers,pf,block_errors,5.0,0.0
resource_managers,pf,block_errors,5.5,0.0
resource_managers,pf,block_errors,6.0,0.0
resource_managers,pf,block_errors,6.5,0.0
resource_managers,pf,block_errors,7.0,0.0
resource_managers,pf,block_errors,7.5,0.0
resource_managers,pf,block_errors,8.0,0.0
resource_managers,pf,block_errors,8.5,0.0
resource_managers,pf,block_errors,9.0,0.0
resource_managers,pf,block_errors,9.5,0.0
resource_managers,pf,block_errors,10.0,0.0
resource_managers,pf,total_blocks,-5.0,448.0
resource_managers,pf,total_blocks,-4.5,608.0
resource_managers,pf,total_blocks,-4.0,1024.0
resource_managers,pf,total_blocks,-3.5,1792.0
resource_managers,pf,total_blocks,-3.0,2496.0
resource_managers,pf,total_blocks,-2.5,4096.0
resource_managers,pf,total_blocks,-2.0,4096.0
resource_managers,pf,total_blocks,-1.5,4096.0
resource_managers,pf,total_blocks,-1.0,4096.0
resource_managers,pf,total_blocks,-0.5,4096.0
resource_managers,pf,total_blocks,0.0,224.0
resource_managers,pf,total_blocks,0.5,224.0
resource_managers,pf,total_blocks,1.0,4096.0
resource_managers,pf,total_blocks,1.5,224.0
resource_managers,pf,total_blocks,2.0,4096.0
resource_managers,pf,total_blocks,2.5,4096.0
resource_managers,pf,total_blocks,3.0,224.0
resource_managers,pf,total_blocks,3.5,224.0
resource_managers,pf,total_blocks,4.0,4096.0
resource_managers,pf,total_blocks,4.5,224.0
resource_managers,pf,total_blocks,5.0,224.0
resource_managers,pf,total_blocks,5.5,224.0
resource_managers,pf,total_blocks,6.0,224.0
resource_managers,pf,total_blocks,6.5,224.0
resource_managers,pf,total_blocks,7.0,224.0
resource_managers,pf,total_blocks,7.5,224.0
resource_managers,pf,total_blocks,8.0,224.0
resource_managers,pf,total_blocks,8.5,224.0
resource_managers,pf,total_blocks,9.0,224.0
resource_managers,pf,total_blocks,9.5,224.0
resource_managers,pf,total_blocks,10.0,224.0
resource_managers,pf,num_batches,-5.0,14.0
resource_managers,pf,num_batches,-4.5,19.0
resource_managers,pf,num_batches,-4.0,32.0
resource_managers,pf,num_batches,-3.5,56.0
resource_managers,pf,num_batches,-3.0,78.0
resource_managers,pf,num_batches,-2.5,128.0
resource_managers,pf,num_batches,-2.0,128.0
resource_managers,pf,num_batches,-1.5,128.0
resource_managers,pf,num_batches,-1.0,128.0
resource_managers,pf,num_batches,-0.5,128.0
resource_managers,pf,num_batches,0.0,7.0
resource_managers,pf,num_batches,0.5,7.0
resource_managers,pf,num_batches,1.0,128.0
resource_managers,pf,num_batches,1.5,7.0
resource_managers,pf,num_batches,2.0,128.0
resource_managers,pf,num_batches,2.5,128.0
resource_managers,pf,num_batches,3.0,7.0
resource_managers,pf,num_batches,3.5,7.0
resource_managers,pf,num_batches,4.0,128.0
resource_managers,pf,num_batches,4.5,7.0
resource_managers,pf,num_batches,5.0,7.0
resource_managers,pf,num_batches,5.5,7.0
resource_managers,pf,num_batches,6.0,7.0
resource_managers,pf,num_batches,6.5,7.0
resource_managers,pf,num_batches,7.0,7.0
resource_managers,pf,num_batches,7.5,7.0
resource_managers,pf,num_batches,8.0,7.0
resource_managers,pf,num_batches,8.5,7.0
resource_managers,pf,num_batches,9.0,7.0
resource_managers,pf,num_batches,9.5,7.0
resource_managers,pf,num_batches,10.0,7.0
resource_managers,pf,runtime_total_sec,,1299.5520713003934
resource_managers,wmmse,ber,-5.0,0.06736559745592949
resource_managers,wmmse,ber,-4.5,0.052799224853515625
resource_managers,wmmse,ber,-4.0,0.02413271949404762
resource_managers,wmmse,ber,-3.5,0.014236614268313172
resource_managers,wmmse,ber,-3.0,0.010316360828488372
resource_managers,wmmse,ber,-2.5,0.005985577901204427
resource_managers,wmmse,ber,-2.0,0.0029277801513671875
resource_managers,wmmse,ber,-1.5,0.0026270548502604165
resource_managers,wmmse,ber,-1.0,0.001522382100423177
resource_managers,wmmse,ber,-0.5,0.0016404787699381511
resource_managers,wmmse,ber,0.0,0.0
resource_managers,wmmse,ber,0.5,0.0
resource_managers,wmmse,ber,1.0,2.0345052083333333e-06
resource_managers,wmmse,ber,1.5,0.0
resource_managers,wmmse,ber,2.0,0.0006148020426432291
resource_managers,wmmse,ber,2.5,0.0004076957702636719
resource_managers,wmmse,ber,3.0,0.0
resource_managers,wmmse,ber,3.5,0.0
resource_managers,wmmse,ber,4.0,0.0
resource_managers,wmmse,ber,4.5,0.0
resource_managers,wmmse,ber,5.0,0.0
resource_managers,wmmse,ber,5.5,0.0
resource_managers,wmmse,ber,6.0,0.0
resource_managers,wmmse,ber,6.5,0.0
resource_managers,wmmse,ber,7.0,0.0
resource_managers,wmmse,ber,7.5,0.0
resource_managers,wmmse,ber,8.0,0.0
resource_managers,wmmse,ber,8.5,0.0
resource_managers,wmmse,ber,9.0,0.0
resource_managers,wmmse,ber,9.5,0.0
resource_managers,wmmse,ber,10.0,0.0
resource_managers,wmmse,ber_upper_confidence,-5.0,0.06788320586365029
resource_managers,wmmse,ber_upper_confidence,-4.5,0.05321555852564108
resource_managers,wmmse,ber_upper_confidence,-4.0,0.024325920624808553
resource_managers,wmmse,ber_upper_confidence,-3.5,0.014348668502695838
resource_managers,wmmse,ber_upper_confidence,-3.0,0.010397513452795331
resource_managers,wmmse,ber_upper_confidence,-2.5,0.006036373369459453
resource_managers,wmmse,ber_upper_confidence,-2.0,0.0029634256122978444
resource_managers,wmmse,ber_upper_confidence,-1.5,0.0026608366058020285
resource_managers,wmmse,ber_upper_confidence,-1.0,0.0015481645270779539
resource_managers,wmmse,ber_upper_confidence,-0.5,0.0016672326913212134
resource_managers,wmmse,ber_upper_confidence,0.0,8.706904161882644e-06
resource_managers,wmmse,ber_upper_confidence,0.5,8.706904161882644e-06
resource_managers,wmmse,ber_upper_confidence,1.0,9.119517553281321e-06
resource_managers,wmmse,ber_upper_confidence,1.5,8.706904161882644e-06
resource_managers,wmmse,ber_upper_confidence,2.0,0.0006312731658891955
resource_managers,wmmse,ber_upper_confidence,2.5,0.00042115062233808484
resource_managers,wmmse,ber_upper_confidence,3.0,8.706904161882644e-06
resource_managers,wmmse,ber_upper_confidence,3.5,8.706904161882644e-06
resource_managers,wmmse,ber_upper_confidence,4.0,8.706904161882644e-06
resource_managers,wmmse,ber_upper_confidence,4.5,8.706904161882644e-06
resource_managers,wmmse,ber_upper_confidence,5.0,8.706904161882644e-06
resource_managers,wmmse,ber_upper_confidence,5.5,8.706904161882644e-06
resource_managers,wmmse,ber_upper_confidence,6.0,8.706904161882644e-06
resource_managers,wmmse,ber_upper_confidence,6.5,8.706904161882644e-06
resource_managers,wmmse,ber_upper_confidence,7.0,8.706904161882644e-06
resource_managers,wmmse,ber_upper_confidence,7.5,8.706904161882644e-06
resource_managers,wmmse,ber_upper_confidence,8.0,8.706904161882644e-06
resource_managers,wmmse,ber_upper_confidence,8.5,8.706904161882644e-06
resource_managers,wmmse,ber_upper_confidence,9.0,8.706904161882644e-06
resource_managers,wmmse,ber_upper_confidence,9.5,8.706904161882644e-06
resource_managers,wmmse,ber_upper_confidence,10.0,8.706904161882644e-06
resource_managers,wmmse,latency_ms,-5.0,583.4484833312675
resource_managers,wmmse,latency_ms,-4.5,586.0022833304848
resource_managers,wmmse,latency_ms,-4.0,722.2058061881496
resource_managers,wmmse,latency_ms,-3.5,813.1561672038921
resource_managers,wmmse,latency_ms,-3.0,831.5171147279926
resource_managers,wmmse,latency_ms,-2.5,846.4880723953731
resource_managers,wmmse,latency_ms,-2.0,846.3160723964895
resource_managers,wmmse,latency_ms,-1.5,849.3836208339465
resource_managers,wmmse,latency_ms,-1.0,846.5178200507628
resource_managers,wmmse,latency_ms,-0.5,850.3704091150714
resource_managers,wmmse,latency_ms,0.0,580.7453261976374
resource_managers,wmmse,latency_ms,0.5,580.6479547593854
resource_managers,wmmse,latency_ms,1.0,582.5019433297294
resource_managers,wmmse,latency_ms,1.5,585.4837404752261
resource_managers,wmmse,latency_ms,2.0,847.7578591127033
resource_managers,wmmse,latency_ms,2.5,843.8828677082304
resource_managers,wmmse,latency_ms,3.0,584.4398833334291
resource_managers,wmmse,latency_ms,3.5,581.1560404799924
resource_managers,wmmse,latency_ms,4.0,582.2530547619575
resource_managers,wmmse,latency_ms,4.5,583.1665404761587
resource_managers,wmmse,latency_ms,5.0,582.2901547700477
resource_managers,wmmse,latency_ms,5.5,585.0352119061009
resource_managers,wmmse,latency_ms,6.0,590.601911906051
resource_managers,wmmse,latency_ms,6.5,588.8653261858416
resource_managers,wmmse,latency_ms,7.0,581.1578547628907
resource_managers,wmmse,latency_ms,7.5,585.528426192998
resource_managers,wmmse,latency_ms,8.0,582.7034119039619
resource_managers,wmmse,latency_ms,8.5,584.8558690470754
resource_managers,wmmse,latency_ms,9.0,583.1150547648159
resource_managers,wmmse,latency_ms,9.5,583.0874976158519
resource_managers,wmmse,latency_ms,10.0,585.329197617944
resource_managers,wmmse,throughput_bits_per_batch,-5.0,45840.846153846156
resource_managers,wmmse,throughput_bits_per_batch,-4.5,46556.8125
resource_managers,wmmse,throughput_bits_per_batch,-4.0,47965.828571428574
resource_managers,wmmse,throughput_bits_per_batch,-3.5,48452.24193548387
resource_managers,wmmse,throughput_bits_per_batch,-3.0,48644.93023255814
resource_managers,wmmse,throughput_bits_per_batch,-2.5,48857.796875
resource_managers,wmmse,throughput_bits_per_batch,-2.0,49008.09375
resource_managers,wmmse,throughput_bits_per_batch,-1.5,49022.875
resource_managers,wmmse,throughput_bits_per_batch,-1.0,49077.171875
resource_managers,wmmse,throughput_bits_per_batch,-0.5,49071.3671875
resource_managers,wmmse,throughput_bits_per_batch,0.0,49152.0
resource_managers,wmmse,throughput_bits_per_batch,0.5,49152.0
resource_managers,wmmse,throughput_bits_per_batch,1.0,49151.9
resource_managers,wmmse,throughput_bits_per_batch,1.5,49152.0
resource_managers,wmmse,throughput_bits_per_batch,2.0,49121.78125
resource_managers,wmmse,throughput_bits_per_batch,2.5,49131.9609375
resource_managers,wmmse,throughput_bits_per_batch,3.0,49152.0
resource_managers,wmmse,throughput_bits_per_batch,3.5,49152.0
resource_managers,wmmse,throughput_bits_per_batch,4.0,49152.0
resource_managers,wmmse,throughput_bits_per_batch,4.5,49152.0
resource_managers,wmmse,throughput_bits_per_batch,5.0,49152.0
resource_managers,wmmse,throughput_bits_per_batch,5.5,49152.0
resource_managers,wmmse,throughput_bits_per_batch,6.0,49152.0
resource_managers,wmmse,throughput_bits_per_batch,6.5,49152.0
resource_managers,wmmse,throughput_bits_per_batch,7.0,49152.0
resource_managers,wmmse,throughput_bits_per_batch,7.5,49152.0
resource_managers,wmmse,throughput_bits_per_batch,8.0,49152.0
resource_managers,wmmse,throughput_bits_per_batch,8.5,49152.0
resource_managers,wmmse,throughput_bits_per_batch,9.0,49152.0
resource_managers,wmmse,throughput_bits_per_batch,9.5,49152.0
resource_managers,wmmse,throughput_bits_per_batch,10.0,49152.0
resource_managers,wmmse,energy_joules_per_batch,-5.0,0.00018645100000000008
resource_managers,wmmse,energy_joules_per_batch,-4.5,0.00018645100000000002
resource_managers,wmmse,energy_joules_per_batch,-4.0,0.00018645099999999994
resource_managers,wmmse,energy_joules_per_batch,-3.5,0.00018645100000000016
resource_managers,wmmse,energy_joules_per_batch,-3.0,0.00018645100000000032
resource_managers,wmmse,energy_joules_per_batch,-2.5,0.00018645100000000043
resource_managers,wmmse,energy_joules_per_batch,-2.0,0.00018645100000000043
resource_managers,wmmse,energy_joules_per_batch,-1.5,0.00018645100000000043
resource_managers,wmmse,energy_joules_per_batch,-1.0,0.00018645100000000043
resource_managers,wmmse,energy_joules_per_batch,-0.5,0.00018645100000000043
resource_managers,wmmse,energy_joules_per_batch,0.0,0.00018645100000000002
resource_managers,wmmse,energy_joules_per_batch,0.5,0.00018645100000000002
resource_managers,wmmse,energy_joules_per_batch,1.0,0.00018645100000000002
resource_managers,wmmse,energy_joules_per_batch,1.5,0.00018645100000000002
resource_managers,wmmse,energy_joules_per_batch,2.0,0.00018645100000000043
resource_managers,wmmse,energy_joules_per_batch,2.5,0.00018645100000000043
resource_managers,wmmse,energy_joules_per_batch,3.0,0.00018645100000000002
resource_managers,wmmse,energy_joules_per_batch,3.5,0.00018645100000000002
resource_managers,wmmse,energy_joules_per_batch,4.0,0.00018645100000000002
resource_managers,wmmse,energy_joules_per_batch,4.5,0.00018645100000000002
resource_managers,wmmse,energy_joules_per_batch,5.0,0.00018645100000000002
resource_managers,wmmse,energy_joules_per_batch,5.5,0.00018645100000000002
resource_managers,wmmse,energy_joules_per_batch,6.0,0.00018645100000000002
resource_managers,wmmse,energy_joules_per_batch,6.5,0.00018645100000000002
resource_managers,wmmse,energy_joules_per_batch,7.0,0.00018645100000000002
resource_managers,wmmse,energy_joules_per_batch,7.5,0.00018645100000000005
resource_managers,wmmse,energy_joules_per_batch,8.0,0.00018645100000000002
resource_managers,wmmse,energy_joules_per_batch,8.5,0.00018645100000000005
resource_managers,wmmse,energy_joules_per_batch,9.0,0.00018645100000000005
resource_managers,wmmse,energy_joules_per_batch,9.5,0.00018645100000000005
resource_managers,wmmse,energy_joules_per_batch,10.0,0.00018645100000000002
resource_managers,wmmse,avg_power_w,-5.0,0.00031956720314951586
resource_managers,wmmse,avg_power_w,-4.5,0.0003181745281610928
resource_managers,wmmse,avg_power_w,-4.0,0.00025816879122600905
resource_managers,wmmse,avg_power_w,-3.5,0.00022929297903639847
resource_managers,wmmse,avg_power_w,-3.0,0.00022422990062085794
resource_managers,wmmse,avg_power_w,-2.5,0.00022026417864623365
resource_managers,wmmse,avg_power_w,-2.0,0.00022030894376380252
resource_managers,wmmse,avg_power_w,-1.5,0.0002195132981454694
resource_managers,wmmse,avg_power_w,-1.0,0.00022025643829780167
resource_managers,wmmse,avg_power_w,-0.5,0.0002192585701494818
resource_managers,wmmse,avg_power_w,0.0,0.00032105467162476587
resource_managers,wmmse,avg_power_w,0.5,0.0003211085107106998
resource_managers,wmmse,avg_power_w,1.0,0.0003200864857792553
resource_managers,wmmse,avg_power_w,1.5,0.00031845632442100146
resource_managers,wmmse,avg_power_w,2.0,0.00021993426306321403
resource_managers,wmmse,avg_power_w,2.5,0.0002209441702571277
resource_managers,wmmse,avg_power_w,3.0,0.00031902511330430156
resource_managers,wmmse,avg_power_w,3.5,0.00032082777604101843
resource_managers,wmmse,avg_power_w,4.0,0.0003202233092211543
resource_managers,wmmse,avg_power_w,4.5,0.00031972170393685783
resource_managers,wmmse,avg_power_w,5.0,0.0003202029065279859
resource_managers,wmmse,avg_power_w,5.5,0.0003187004751261462
resource_managers,wmmse,avg_power_w,6.0,0.00031569657368406794
resource_managers,wmmse,avg_power_w,6.5,0.00031662757460634974
resource_managers,wmmse,avg_power_w,7.0,0.0003208267744674483
resource_managers,wmmse,avg_power_w,7.5,0.0003184320208196746
resource_managers,wmmse,avg_power_w,8.0,0.0003199758164977587
resource_managers,wmmse,avg_power_w,8.5,0.00031879820288679105
resource_managers,wmmse,avg_power_w,9.0,0.00031974993352761256
resource_managers,wmmse,avg_power_w,9.5,0.0003197650451473703
resource_managers,wmmse,avg_power_w,10.0,0.0003185404055679797
resource_managers,wmmse,runtime_sec,-5.0,8.191343699989375
resource_managers,wmmse,runtime_sec,-4.5,10.125281199987512
resource_managers,wmmse,runtime_sec,-4.0,27.321179899998242
resource_managers,wmmse,runtime_sec,-3.5,54.51118479995057
resource_managers,wmmse,runtime_sec,-3.0,77.33364560006885
resource_managers,wmmse,runtime_sec,-2.5,117.13558780011954
resource_managers,wmmse,runtime_sec,-2.0,117.05063940020045
resource_managers,wmmse,runtime_sec,-1.5,117.56646730011562
resource_managers,wmmse,runtime_sec,-1.0,117.10726270006853
resource_managers,wmmse,runtime_sec,-0.5,117.69837999987067
resource_managers,wmmse,runtime_sec,0.0,4.39157140001771
resource_managers,wmmse,runtime_sec,0.5,4.386980300041614
resource_managers,wmmse,runtime_sec,1.0,6.2903247000067495
resource_managers,wmmse,runtime_sec,1.5,4.424543300003279
resource_managers,wmmse,runtime_sec,2.0,117.2662303999532
resource_managers,wmmse,runtime_sec,2.5,116.75531479998608
resource_managers,wmmse,runtime_sec,3.0,4.418048100051237
resource_managers,wmmse,runtime_sec,3.5,4.3939176999847405
resource_managers,wmmse,runtime_sec,4.0,4.4024950999883
resource_managers,wmmse,runtime_sec,4.5,4.407208400021773
resource_managers,wmmse,runtime_sec,5.0,4.400025999988429
resource_managers,wmmse,runtime_sec,5.5,4.42197270001634
resource_managers,wmmse,runtime_sec,6.0,4.460562699998263
resource_managers,wmmse,runtime_sec,6.5,4.45224260003306
resource_managers,wmmse,runtime_sec,7.0,4.3950857000018
resource_managers,wmmse,runtime_sec,7.5,4.42353150001145
resource_managers,wmmse,runtime_sec,8.0,4.406780699995579
resource_managers,wmmse,runtime_sec,8.5,4.419049699965399
resource_managers,wmmse,runtime_sec,9.0,4.4423019999521784
resource_managers,wmmse,runtime_sec,9.5,4.4529451000271365
resource_managers,wmmse,runtime_sec,10.0,4.4643583000288345
resource_managers,wmmse,bit_errors,-5.0,43045.0
resource_managers,wmmse,bit_errors,-4.5,41523.0
resource_managers,wmmse,bit_errors,-4.0,41516.0
resource_managers,wmmse,bit_errors,-3.5,43385.0
resource_managers,wmmse,bit_errors,-3.0,43608.0
resource_managers,wmmse,bit_errors,-2.5,37658.0
resource_managers,wmmse,bit_errors,-2.0,18420.0
resource_managers,wmmse,bit_errors,-1.5,16528.0
resource_managers,wmmse,bit_errors,-1.0,9578.0
resource_managers,wmmse,bit_errors,-0.5,10321.0
resource_managers,wmmse,bit_errors,0.0,0.0
resource_managers,wmmse,bit_errors,0.5,0.0
resource_managers,wmmse,bit_errors,1.0,1.0
resource_managers,wmmse,bit_errors,1.5,0.0
resource_managers,wmmse,bit_errors,2.0,3868.0
resource_managers,wmmse,bit_errors,2.5,2565.0
resource_managers,wmmse,bit_errors,3.0,0.0
resource_managers,wmmse,bit_errors,3.5,0.0
resource_managers,wmmse,bit_errors,4.0,0.0
resource_managers,wmmse,bit_errors,4.5,0.0
resource_managers,wmmse,bit_errors,5.0,0.0
resource_managers,wmmse,bit_errors,5.5,0.0
resource_managers,wmmse,bit_errors,6.0,0.0
resource_managers,wmmse,bit_errors,6.5,0.0
resource_managers,wmmse,bit_errors,7.0,0.0
resource_managers,wmmse,bit_errors,7.5,0.0
resource_managers,wmmse,bit_errors,8.0,0.0
resource_managers,wmmse,bit_errors,8.5,0.0
resource_managers,wmmse,bit_errors,9.0,0.0
resource_managers,wmmse,bit_errors,9.5,0.0
resource_managers,wmmse,bit_errors,10.0,0.0
resource_managers,wmmse,total_bits,-5.0,638976.0
resource_managers,wmmse,total_bits,-4.5,786432.0
resource_managers,wmmse,total_bits,-4.0,1720320.0
resource_managers,wmmse,total_bits,-3.5,3047424.0
resource_managers,wmmse,total_bits,-3.0,4227072.0
resource_managers,wmmse,total_bits,-2.5,6291456.0
resource_managers,wmmse,total_bits,-2.0,6291456.0
resource_managers,wmmse,total_bits,-1.5,6291456.0
resource_managers,wmmse,total_bits,-1.0,6291456.0
resource_managers,wmmse,total_bits,-0.5,6291456.0
resource_managers,wmmse,total_bits,0.0,344064.0
resource_managers,wmmse,total_bits,0.5,344064.0
resource_managers,wmmse,total_bits,1.0,491520.0
resource_managers,wmmse,total_bits,1.5,344064.0
resource_managers,wmmse,total_bits,2.0,6291456.0
resource_managers,wmmse,total_bits,2.5,6291456.0
resource_managers,wmmse,total_bits,3.0,344064.0
resource_managers,wmmse,total_bits,3.5,344064.0
resource_managers,wmmse,total_bits,4.0,344064.0
resource_managers,wmmse,total_bits,4.5,344064.0
resource_managers,wmmse,total_bits,5.0,344064.0
resource_managers,wmmse,total_bits,5.5,344064.0
resource_managers,wmmse,total_bits,6.0,344064.0
resource_managers,wmmse,total_bits,6.5,344064.0
resource_managers,wmmse,total_bits,7.0,344064.0
resource_managers,wmmse,total_bits,7.5,344064.0
resource_managers,wmmse,total_bits,8.0,344064.0
resource_managers,wmmse,total_bits,8.5,344064.0
resource_managers,wmmse,total_bits,9.0,344064.0
resource_managers,wmmse,total_bits,9.5,344064.0
resource_managers,wmmse,total_bits,10.0,344064.0
resource_managers,wmmse,block_errors,-5.0,201.0
resource_managers,wmmse,block_errors,-4.5,201.0
resource_managers,wmmse,block_errors,-4.0,200.0
resource_managers,wmmse,block_errors,-3.5,202.0
resource_managers,wmmse,block_errors,-3.0,201.0
resource_managers,wmmse,block_errors,-2.5,163.0
resource_managers,wmmse,block_errors,-2.0,82.0
resource_managers,wmmse,block_errors,-1.5,66.0
resource_managers,wmmse,block_errors,-1.0,41.0
resource_managers,wmmse,block_errors,-0.5,39.0
resource_managers,wmmse,block_errors,0.0,0.0
resource_managers,wmmse,block_errors,0.5,0.0
resource_managers,wmmse,block_errors,1.0,1.0
resource_managers,wmmse,block_errors,1.5,0.0
resource_managers,wmmse,block_errors,2.0,10.0
resource_managers,wmmse,block_errors,2.5,11.0
resource_managers,wmmse,block_errors,3.0,0.0
resource_managers,wmmse,block_errors,3.5,0.0
resource_managers,wmmse,block_errors,4.0,0.0
resource_managers,wmmse,block_errors,4.5,0.0
resource_managers,wmmse,block_errors,5.0,0.0
resource_managers,wmmse,block_errors,5.5,0.0
resource_managers,wmmse,block_errors,6.0,0.0
resource_managers,wmmse,block_errors,6.5,0.0
resource_managers,wmmse,block_errors,7.0,0.0
resource_managers,wmmse,block_errors,7.5,0.0
resource_managers,wmmse,block_errors,8.0,0.0
resource_managers,wmmse,block_errors,8.5,0.0
resource_managers,wmmse,block_errors,9.0,0.0
resource_managers,wmmse,block_errors,9.5,0.0
resource_managers,wmmse,block_errors,10.0,0.0
resource_managers,wmmse,total_blocks,-5.0,416.0
resource_managers,wmmse,total_blocks,-4.5,512.0
resource_managers,wmmse,total_blocks,-4.0,1120.0
resource_managers,wmmse,total_blocks,-3.5,1984.0
resource_managers,wmmse,total_blocks,-3.0,2752.0
resource_managers,wmmse,total_blocks,-2.5,4096.0
resource_managers,wmmse,total_blocks,-2.0,4096.0
resource_managers,wmmse,total_blocks,-1.5,4096.0
resource_managers,wmmse,total_blocks,-1.0,4096.0
resource_managers,wmmse,total_blocks,-0.5,4096.0
resource_managers,wmmse,total_blocks,0.0,224.0
resource_managers,wmmse,total_blocks,0.5,224.0
resource_managers,wmmse,total_blocks,1.0,320.0
resource_managers,wmmse,total_blocks,1.5,224.0
resource_managers,wmmse,total_blocks,2.0,4096.0
resource_managers,wmmse,total_blocks,2.5,4096.0
resource_managers,wmmse,total_blocks,3.0,224.0
resource_managers,wmmse,total_blocks,3.5,224.0
resource_managers,wmmse,total_blocks,4.0,224.0
resource_managers,wmmse,total_blocks,4.5,224.0
resource_managers,wmmse,total_blocks,5.0,224.0
resource_managers,wmmse,total_blocks,5.5,224.0
resource_managers,wmmse,total_blocks,6.0,224.0
resource_managers,wmmse,total_blocks,6.5,224.0
resource_managers,wmmse,total_blocks,7.0,224.0
resource_managers,wmmse,total_blocks,7.5,224.0
resource_managers,wmmse,total_blocks,8.0,224.0
resource_managers,wmmse,total_blocks,8.5,224.0
resource_managers,wmmse,total_blocks,9.0,224.0
resource_managers,wmmse,total_blocks,9.5,224.0
resource_managers,wmmse,total_blocks,10.0,224.0
resource_managers,wmmse,num_batches,-5.0,13.0
resource_managers,wmmse,num_batches,-4.5,16.0
resource_managers,wmmse,num_batches,-4.0,35.0
resource_managers,wmmse,num_batches,-3.5,62.0
resource_managers,wmmse,num_batches,-3.0,86.0
resource_managers,wmmse,num_batches,-2.5,128.0
resource_managers,wmmse,num_batches,-2.0,128.0
resource_managers,wmmse,num_batches,-1.5,128.0
resource_managers,wmmse,num_batches,-1.0,128.0
resource_managers,wmmse,num_batches,-0.5,128.0
resource_managers,wmmse,num_batches,0.0,7.0
resource_managers,wmmse,num_batches,0.5,7.0
resource_managers,wmmse,num_batches,1.0,10.0
resource_managers,wmmse,num_batches,1.5,7.0
resource_managers,wmmse,num_batches,2.0,128.0
resource_managers,wmmse,num_batches,2.5,128.0
resource_managers,wmmse,num_batches,3.0,7.0
resource_managers,wmmse,num_batches,3.5,7.0
resource_managers,wmmse,num_batches,4.0,7.0
resource_managers,wmmse,num_batches,4.5,7.0
resource_managers,wmmse,num_batches,5.0,7.0
resource_managers,wmmse,num_batches,5.5,7.0
resource_managers,wmmse,num_batches,6.0,7.0
resource_managers,wmmse,num_batches,6.5,7.0
resource_managers,wmmse,num_batches,7.0,7.0
resource_managers,wmmse,num_batches,7.5,7.0
resource_managers,wmmse,num_batches,8.0,7.0
resource_managers,wmmse,num_batches,8.5,7.0
resource_managers,wmmse,num_batches,9.0,7.0
resource_managers,wmmse,num_batches,9.5,7.0
resource_managers,wmmse,num_batches,10.0,7.0
resource_managers,wmmse,runtime_total_sec,,1083.9164636004425
resource_managers,queue_aware,ber,-5.0,0.0666957757411859
resource_managers,queue_aware,ber,-4.5,0.0509557891310307
resource_managers,queue_aware,ber,-4.0,0.028470993041992188
resource_managers,queue_aware,ber,-3.5,0.016642992424242425
resource_managers,queue_aware,ber,-3.0,0.011696859754087553
resource_managers,queue_aware,ber,-2.5,0.006542523701985677
resource_managers,queue_aware,ber,-2.0,0.0036929448445638022
resource_managers,queue_aware,ber,-1.5,0.0034734408060709634
resource_managers,queue_aware,ber,-1.0,0.0
resource_managers,queue_aware,ber,-0.5,0.0
resource_managers,queue_aware,ber,0.0,0.0009988149007161458
resource_managers,queue_aware,ber,0.5,0.0
resource_managers,queue_aware,ber,1.0,0.0
resource_managers,queue_aware,ber,1.5,0.0
resource_managers,queue_aware,ber,2.0,0.00048096974690755207
resource_managers,queue_aware,ber,2.5,0.00045220057169596356
resource_managers,queue_aware,ber,3.0,0.0
resource_managers,queue_aware,ber,3.5,0.0
resource_managers,queue_aware,ber,4.0,0.0002948443094889323
resource_managers,queue_aware,ber,4.5,0.0
resource_managers,queue_aware,ber,5.0,0.0
resource_managers,queue_aware,ber,5.5,0.0
resource_managers,queue_aware,ber,6.0,0.0
resource_managers,queue_aware,ber,6.5,0.0
resource_managers,queue_aware,ber,7.0,0.0
resource_managers,queue_aware,ber,7.5,0.0
resource_managers,queue_aware,ber,8.0,0.0
resource_managers,queue_aware,ber,8.5,0.0
resource_managers,queue_aware,ber,9.0,0.0
resource_managers,queue_aware,ber,9.5,0.0
resource_managers,queue_aware,ber,10.0,0.0
resource_managers,queue_aware,ber_upper_confidence,-5.0,0.06721100067509482
resource_managers,queue_aware,ber_upper_confidence,-4.5,0.05133139177791244
resource_managers,queue_aware,ber_upper_confidence,-4.0,0.028689933178193933
resource_managers,queue_aware,ber_upper_confidence,-3.5,0.01677145835494607
resource_managers,queue_aware,ber_upper_confidence,-3.0,0.011786948199848067
resource_managers,queue_aware,ber_upper_confidence,-2.5,0.0065956050611742
resource_managers,queue_aware,ber_upper_confidence,-2.0,0.003732936081604568
resource_managers,queue_aware,ber_upper_confidence,-1.5,0.00351223614174066
resource_managers,queue_aware,ber_upper_confidence,-1.0,8.706904161882644e-06
resource_managers,queue_aware,ber_upper_confidence,-0.5,8.706904161882644e-06
resource_managers,queue_aware,ber_upper_confidence,0.0,0.0010197452254959466
resource_managers,queue_aware,ber_upper_confidence,0.5,8.706904161882644e-06
resource_managers,queue_aware,ber_upper_confidence,1.0,8.706904161882644e-06
resource_managers,queue_aware,ber_upper_confidence,1.5,8.706904161882644e-06
resource_managers,queue_aware,ber_upper_confidence,2.0,0.0004955644106246533
resource_managers,queue_aware,ber_upper_confidence,2.5,0.00046635885163227815
resource_managers,queue_aware,ber_upper_confidence,3.0,8.706904161882644e-06
resource_managers,queue_aware,ber_upper_confidence,3.5,8.706904161882644e-06
resource_managers,queue_aware,ber_upper_confidence,4.0,0.0003063198383710476
resource_managers,queue_aware,ber_upper_confidence,4.5,8.706904161882644e-06
resource_managers,queue_aware,ber_upper_confidence,5.0,8.706904161882644e-06
resource_managers,queue_aware,ber_upper_confidence,5.5,8.706904161882644e-06
resource_managers,queue_aware,ber_upper_confidence,6.0,8.706904161882644e-06
resource_managers,queue_aware,ber_upper_confidence,6.5,8.706904161882644e-06
resource_managers,queue_aware,ber_upper_confidence,7.0,8.706904161882644e-06
resource_managers,queue_aware,ber_upper_confidence,7.5,8.706904161882644e-06
resource_managers,queue_aware,ber_upper_confidence,8.0,8.706904161882644e-06
resource_managers,queue_aware,ber_upper_confidence,8.5,8.706904161882644e-06
resource_managers,queue_aware,ber_upper_confidence,9.0,8.706904161882644e-06
resource_managers,queue_aware,ber_upper_confidence,9.5,8.706904161882644e-06
resource_managers,queue_aware,ber_upper_confidence,10.0,8.706904161882644e-06
resource_managers,queue_aware,latency_ms,-5.0,584.5926371785729
resource_managers,queue_aware,latency_ms,-4.5,627.5067833394099
resource_managers,queue_aware,latency_ms,-4.0,709.6019489601109
resource_managers,queue_aware,latency_ms,-3.5,781.6817469671889
resource_managers,queue_aware,latency_ms,-3.0,837.1706706764716
resource_managers,queue_aware,latency_ms,-2.5,843.7112848977497
resource_managers,queue_aware,latency_ms,-2.0,849.052866145171
resource_managers,queue_aware,latency_ms,-1.5,848.2406747390589
resource_managers,queue_aware,latency_ms,-1.0,582.1676404702988
resource_managers,queue_aware,latency_ms,-0.5,580.5269547527236
resource_managers,queue_aware,latency_ms,0.0,852.5110591150726
resource_managers,queue_aware,latency_ms,0.5,581.8274261884236
resource_managers,queue_aware,latency_ms,1.0,580.4555119003945
resource_managers,queue_aware,latency_ms,1.5,581.7181404693629
resource_managers,queue_aware,latency_ms,2.0,837.8844083335073
resource_managers,queue_aware,latency_ms,2.5,849.5981309887659
resource_managers,queue_aware,latency_ms,3.0,581.0244833457128
resource_managers,queue_aware,latency_ms,3.5,580.4554690429253
resource_managers,queue_aware,latency_ms,4.0,841.7277341158344
resource_managers,queue_aware,latency_ms,4.5,585.8001833346185
resource_managers,queue_aware,latency_ms,5.0,583.6431404838783
resource_managers,queue_aware,latency_ms,5.5,581.6584261987736
resource_managers,queue_aware,latency_ms,6.0,589.0904547626996
resource_managers,queue_aware,latency_ms,6.5,587.1370261889595
resource_managers,queue_aware,latency_ms,7.0,582.8742833364335
resource_managers,queue_aware,latency_ms,7.5,582.0961547605006
resource_managers,queue_aware,latency_ms,8.0,582.5573833307029
resource_managers,queue_aware,latency_ms,8.5,584.9886690396461
resource_managers,queue_aware,latency_ms,9.0,585.993526192147
resource_managers,queue_aware,latency_ms,9.5,583.8280690498295
resource_managers,queue_aware,latency_ms,10.0,585.501740479241
resource_managers,queue_aware,throughput_bits_per_batch,-5.0,45873.769230769234
resource_managers,queue_aware,throughput_bits_per_batch,-4.5,46647.42105263158
resource_managers,queue_aware,throughput_bits_per_batch,-4.0,47752.59375
resource_managers,queue_aware,throughput_bits_per_batch,-3.5,48333.96363636364
resource_managers,queue_aware,throughput_bits_per_batch,-3.0,48577.07594936709
resource_managers,queue_aware,throughput_bits_per_batch,-2.5,48830.421875
resource_managers,queue_aware,throughput_bits_per_batch,-2.0,48970.484375
resource_managers,queue_aware,throughput_bits_per_batch,-1.5,48981.2734375
resource_managers,queue_aware,throughput_bits_per_batch,-1.0,49152.0
resource_managers,queue_aware,throughput_bits_per_batch,-0.5,49152.0
resource_managers,queue_aware,throughput_bits_per_batch,0.0,49102.90625
resource_managers,queue_aware,throughput_bits_per_batch,0.5,49152.0
resource_managers,queue_aware,throughput_bits_per_batch,1.0,49152.0
resource_managers,queue_aware,throughput_bits_per_batch,1.5,49152.0
resource_managers,queue_aware,throughput_bits_per_batch,2.0,49128.359375
resource_managers,queue_aware,throughput_bits_per_batch,2.5,49129.7734375
resource_managers,queue_aware,throughput_bits_per_batch,3.0,49152.0
resource_managers,queue_aware,throughput_bits_per_batch,3.5,49152.0
resource_managers,queue_aware,throughput_bits_per_batch,4.0,49137.5078125
resource_managers,queue_aware,throughput_bits_per_batch,4.5,49152.0
resource_managers,queue_aware,throughput_bits_per_batch,5.0,49152.0
resource_managers,queue_aware,throughput_bits_per_batch,5.5,49152.0
resource_managers,queue_aware,throughput_bits_per_batch,6.0,49152.0
resource_managers,queue_aware,throughput_bits_per_batch,6.5,49152.0
resource_managers,queue_aware,throughput_bits_per_batch,7.0,49152.0
resource_managers,queue_aware,throughput_bits_per_batch,7.5,49152.0
resource_managers,queue_aware,throughput_bits_per_batch,8.0,49152.0
resource_managers,queue_aware,throughput_bits_per_batch,8.5,49152.0
resource_managers,queue_aware,throughput_bits_per_batch,9.0,49152.0
resource_managers,queue_aware,throughput_bits_per_batch,9.5,49152.0
resource_managers,queue_aware,throughput_bits_per_batch,10.0,49152.0
resource_managers,queue_aware,energy_joules_per_batch,-5.0,0.00018645100000000008
resource_managers,queue_aware,energy_joules_per_batch,-4.5,0.00018645100000000005
resource_managers,queue_aware,energy_joules_per_batch,-4.0,0.00018645099999999997
resource_managers,queue_aware,energy_joules_per_batch,-3.5,0.0001864510000000001
resource_managers,queue_aware,energy_joules_per_batch,-3.0,0.0001864510000000003
resource_managers,queue_aware,energy_joules_per_batch,-2.5,0.00018645100000000043
resource_managers,queue_aware,energy_joules_per_batch,-2.0,0.00018645100000000043
resource_managers,queue_aware,energy_joules_per_batch,-1.5,0.00018645100000000043
resource_managers,queue_aware,energy_joules_per_batch,-1.0,0.00018645100000000002
resource_managers,queue_aware,energy_joules_per_batch,-0.5,0.00018645100000000002
resource_managers,queue_aware,energy_joules_per_batch,0.0,0.00018645100000000043
resource_managers,queue_aware,energy_joules_per_batch,0.5,0.00018645100000000002
resource_managers,queue_aware,energy_joules_per_batch,1.0,0.00018645100000000002
resource_managers,queue_aware,energy_joules_per_batch,1.5,0.00018645100000000002
resource_managers,queue_aware,energy_joules_per_batch,2.0,0.00018645100000000043
resource_managers,queue_aware,energy_joules_per_batch,2.5,0.00018645100000000043
resource_managers,queue_aware,energy_joules_per_batch,3.0,0.00018645100000000002
resource_managers,queue_aware,energy_joules_per_batch,3.5,0.00018645100000000002
resource_managers,queue_aware,energy_joules_per_batch,4.0,0.00018645100000000043
resource_managers,queue_aware,energy_joules_per_batch,4.5,0.00018645100000000005
resource_managers,queue_aware,energy_joules_per_batch,5.0,0.00018645100000000002
resource_managers,queue_aware,energy_joules_per_batch,5.5,0.00018645100000000002
resource_managers,queue_aware,energy_joules_per_batch,6.0,0.00018645100000000002
resource_managers,queue_aware,energy_joules_per_batch,6.5,0.00018645100000000002
resource_managers,queue_aware,energy_joules_per_batch,7.0,0.00018645100000000002
resource_managers,queue_aware,energy_joules_per_batch,7.5,0.00018645100000000002
resource_managers,queue_aware,energy_joules_per_batch,8.0,0.00018645100000000002
resource_managers,queue_aware,energy_joules_per_batch,8.5,0.00018645100000000002
resource_managers,queue_aware,energy_joules_per_batch,9.0,0.00018645100000000002
resource_managers,queue_aware,energy_joules_per_batch,9.5,0.00018645100000000002
resource_managers,queue_aware,energy_joules_per_batch,10.0,0.00018645100000000002
resource_managers,queue_aware,avg_power_w,-5.0,0.00031894175215731586
resource_managers,queue_aware,avg_power_w,-4.5,0.00029712985572484437
resource_managers,queue_aware,avg_power_w,-4.0,0.00026275435160970926
resource_managers,queue_aware,avg_power_w,-3.5,0.0002385254622145173
resource_managers,queue_aware,avg_power_w,-3.0,0.00022271563795867274
resource_managers,queue_aware,avg_power_w,-2.5,0.00022098910295196138
resource_managers,queue_aware,avg_power_w,-2.0,0.00021959881113942442
resource_managers,queue_aware,avg_power_w,-1.5,0.0002198090772496351
resource_managers,queue_aware,avg_power_w,-1.0,0.0003202702916455083
resource_managers,queue_aware,avg_power_w,-0.5,0.0003211754397854259
resource_managers,queue_aware,avg_power_w,0.0,0.00021870801323509062
resource_managers,queue_aware,avg_power_w,0.5,0.0003204575645762327
resource_managers,queue_aware,avg_power_w,1.0,0.00032121497027319946
resource_managers,queue_aware,avg_power_w,1.5,0.00032051776802002576
resource_managers,queue_aware,avg_power_w,2.0,0.0002225259214106135
resource_managers,queue_aware,avg_power_w,2.5,0.000219457874492977
resource_managers,queue_aware,avg_power_w,3.0,0.0003209004187334058
resource_managers,queue_aware,avg_power_w,3.5,0.0003212149939898521
resource_managers,queue_aware,avg_power_w,4.0,0.00022150986886021026
resource_managers,queue_aware,avg_power_w,4.5,0.0003182842977935639
resource_managers,queue_aware,avg_power_w,5.0,0.0003194606208263152
resource_managers,queue_aware,avg_power_w,5.5,0.0003205506730444631
resource_managers,queue_aware,avg_power_w,6.0,0.00031650657126180596
resource_managers,queue_aware,avg_power_w,6.5,0.00031755960139361766
resource_managers,queue_aware,avg_power_w,7.0,0.00031988201457908724
resource_managers,queue_aware,avg_power_w,7.5,0.0003203096232042866
resource_managers,queue_aware,avg_power_w,8.0,0.0003200560242391719
resource_managers,queue_aware,avg_power_w,8.5,0.0003187258315722416
resource_managers,queue_aware,avg_power_w,9.0,0.00031817928298897766
resource_managers,queue_aware,avg_power_w,9.5,0.0003193594311137625
resource_managers,queue_aware,avg_power_w,10.0,0.0003184465341595524
resource_managers,queue_aware,runtime_sec,-5.0,8.211969399970258
resource_managers,queue_aware,runtime_sec,-4.5,12.911002000066219
resource_managers,queue_aware,runtime_sec,-4.0,24.58615850005299
resource_managers,queue_aware,runtime_sec,-3.5,46.577876799885416
resource_managers,queue_aware,runtime_sec,-3.0,71.637453999836
resource_managers,queue_aware,runtime_sec,-2.5,117.00968370004557
resource_managers,queue_aware,runtime_sec,-2.0,117.7113287000102
resource_managers,queue_aware,runtime_sec,-1.5,117.61831639995216
resource_managers,queue_aware,runtime_sec,-1.0,4.409792700025719
resource_managers,queue_aware,runtime_sec,-0.5,4.3927837000228465
resource_managers,queue_aware,runtime_sec,0.0,118.18755169966607
resource_managers,queue_aware,runtime_sec,0.5,4.404671700031031
resource_managers,queue_aware,runtime_sec,1.0,4.39487160005956
resource_managers,queue_aware,runtime_sec,1.5,4.403747299977113
resource_managers,queue_aware,runtime_sec,2.0,116.24151220006752
resource_managers,queue_aware,runtime_sec,2.5,117.78974810006912
resource_managers,queue_aware,runtime_sec,3.0,4.39987499997369
resource_managers,queue_aware,runtime_sec,3.5,4.3939125999459065
resource_managers,queue_aware,runtime_sec,4.0,116.80868429987459
resource_managers,queue_aware,runtime_sec,4.5,4.432213300024159
resource_managers,queue_aware,runtime_sec,5.0,4.4159506000287365
resource_managers,queue_aware,runtime_sec,5.5,4.403288099972997
resource_managers,queue_aware,runtime_sec,6.0,4.452404999989085
resource_managers,queue_aware,runtime_sec,6.5,4.442500800010748
resource_managers,queue_aware,runtime_sec,7.0,4.414038399991114
resource_managers,queue_aware,runtime_sec,7.5,4.40576590001001
resource_managers,queue_aware,runtime_sec,8.0,4.40994369998225
resource_managers,queue_aware,runtime_sec,8.5,4.427166600013152
resource_managers,queue_aware,runtime_sec,9.0,4.475136099965312
resource_managers,queue_aware,runtime_sec,9.5,4.457733300019754
resource_managers,queue_aware,runtime_sec,10.0,4.4723191000230145
resource_managers,queue_aware,bit_errors,-5.0,42617.0
resource_managers,queue_aware,bit_errors,-4.5,47587.0
resource_managers,queue_aware,bit_errors,-4.0,44781.0
resource_managers,queue_aware,bit_errors,-3.5,44992.0
resource_managers,queue_aware,bit_errors,-3.0,45419.0
resource_managers,queue_aware,bit_errors,-2.5,41162.0
resource_managers,queue_aware,bit_errors,-2.0,23234.0
resource_managers,queue_aware,bit_errors,-1.5,21853.0
resource_managers,queue_aware,bit_errors,-1.0,0.0
resource_managers,queue_aware,bit_errors,-0.5,0.0
resource_managers,queue_aware,bit_errors,0.0,6284.0
resource_managers,queue_aware,bit_errors,0.5,0.0
resource_managers,queue_aware,bit_errors,1.0,0.0
resource_managers,queue_aware,bit_errors,1.5,0.0
resource_managers,queue_aware,bit_errors,2.0,3026.0
resource_managers,queue_aware,bit_errors,2.5,2845.0
resource_managers,queue_aware,bit_errors,3.0,0.0
resource_managers,queue_aware,bit_errors,3.5,0.0
resource_managers,queue_aware,bit_errors,4.0,1855.0
resource_managers,queue_aware,bit_errors,4.5,0.0
resource_managers,queue_aware,bit_errors,5.0,0.0
resource_managers,queue_aware,bit_errors,5.5,0.0
resource_managers,queue_aware,bit_errors,6.0,0.0
resource_managers,queue_aware,bit_errors,6.5,0.0
resource_managers,queue_aware,bit_errors,7.0,0.0
resource_managers,queue_aware,bit_errors,7.5,0.0
resource_managers,queue_aware,bit_errors,8.0,0.0
resource_managers,queue_aware,bit_errors,8.5,0.0
resource_managers,queue_aware,bit_errors,9.0,0.0
resource_managers,queue_aware,bit_errors,9.5,0.0
resource_managers,queue_aware,bit_errors,10.0,0.0
resource_managers,queue_aware,total_bits,-5.0,638976.0
resource_managers,queue_aware,total_bits,-4.5,933888.0
resource_managers,queue_aware,total_bits,-4.0,1572864.0
resource_managers,queue_aware,total_bits,-3.5,2703360.0
resource_managers,queue_aware,total_bits,-3.0,3883008.0
resource_managers,queue_aware,total_bits,-2.5,6291456.0
resource_managers,queue_aware,total_bits,-2.0,6291456.0
resource_managers,queue_aware,total_bits,-1.5,6291456.0
resource_managers,queue_aware,total_bits,-1.0,344064.0
resource_managers,queue_aware,total_bits,-0.5,344064.0
resource_managers,queue_aware,total_bits,0.0,6291456.0
resource_managers,queue_aware,total_bits,0.5,344064.0
resource_managers,queue_aware,total_bits,1.0,344064.0
resource_managers,queue_aware,total_bits,1.5,344064.0
resource_managers,queue_aware,total_bits,2.0,6291456.0
resource_managers,queue_aware,total_bits,2.5,6291456.0
resource_managers,queue_aware,total_bits,3.0,344064.0
resource_managers,queue_aware,total_bits,3.5,344064.0
resource_managers,queue_aware,total_bits,4.0,6291456.0
resource_managers,queue_aware,total_bits,4.5,344064.0
resource_managers,queue_aware,total_bits,5.0,344064.0
resource_managers,queue_aware,total_bits,5.5,344064.0
resource_managers,queue_aware,total_bits,6.0,344064.0
resource_managers,queue_aware,total_bits,6.5,344064.0
resource_managers,queue_aware,total_bits,7.0,344064.0
resource_managers,queue_aware,total_bits,7.5,344064.0
resource_managers,queue_aware,total_bits,8.0,344064.0
resource_managers,queue_aware,total_bits,8.5,344064.0
resource_managers,queue_aware,total_bits,9.0,344064.0
resource_managers,queue_aware,total_bits,9.5,344064.0
resource_managers,queue_aware,total_bits,10.0,344064.0
resource_managers,queue_aware,block_errors,-5.0,207.0
resource_managers,queue_aware,block_errors,-4.5,207.0
resource_managers,queue_aware,block_errors,-4.0,203.0
resource_managers,queue_aware,block_errors,-3.5,204.0
resource_managers,queue_aware,block_errors,-3.0,200.0
resource_managers,queue_aware,block_errors,-2.5,191.0
resource_managers,queue_aware,block_errors,-2.0,104.0
resource_managers,queue_aware,block_errors,-1.5,92.0
resource_managers,queue_aware,block_errors,-1.0,0.0
resource_managers,queue_aware,block_errors,-0.5,0.0
resource_managers,queue_aware,block_errors,0.0,24.0
resource_managers,queue_aware,block_errors,0.5,0.0
resource_managers,queue_aware,block_errors,1.0,0.0
resource_managers,queue_aware,block_errors,1.5,0.0
resource_managers,queue_aware,block_errors,2.0,9.0
resource_managers,queue_aware,block_errors,2.5,9.0
resource_managers,queue_aware,block_errors,3.0,0.0
resource_managers,queue_aware,block_errors,3.5,0.0
resource_managers,queue_aware,block_errors,4.0,3.0
resource_managers,queue_aware,block_errors,4.5,0.0
resource_managers,queue_aware,block_errors,5.0,0.0
resource_managers,queue_aware,block_errors,5.5,0.0
resource_managers,queue_aware,block_errors,6.0,0.0
resource_managers,queue_aware,block_errors,6.5,0.0
resource_managers,queue_aware,block_errors,7.0,0.0
resource_managers,queue_aware,block_errors,7.5,0.0
resource_managers,queue_aware,block_errors,8.0,0.0
resource_managers,queue_aware,block_errors,8.5,0.0
resource_managers,queue_aware,block_errors,9.0,0.0
resource_managers,queue_aware,block_errors,9.5,0.0
resource_managers,queue_aware,block_errors,10.0,0.0
resource_managers,queue_aware,total_blocks,-5.0,416.0
resource_managers,queue_aware,total_blocks,-4.5,608.0
resource_managers,queue_aware,total_blocks,-4.0,1024.0
resource_managers,queue_aware,total_blocks,-3.5,1760.0
resource_managers,queue_aware,total_blocks,-3.0,2528.0
resource_managers,queue_aware,total_blocks,-2.5,4096.0
resource_managers,queue_aware,total_blocks,-2.0,4096.0
resource_managers,queue_aware,total_blocks,-1.5,4096.0
resource_managers,queue_aware,total_blocks,-1.0,224.0
resource_managers,queue_aware,total_blocks,-0.5,224.0
resource_managers,queue_aware,total_blocks,0.0,4096.0
resource_managers,queue_aware,total_blocks,0.5,224.0
resource_managers,queue_aware,total_blocks,1.0,224.0
resource_managers,queue_aware,total_blocks,1.5,224.0
resource_managers,queue_aware,total_blocks,2.0,4096.0
resource_managers,queue_aware,total_blocks,2.5,4096.0
resource_managers,queue_aware,total_blocks,3.0,224.0
resource_managers,queue_aware,total_blocks,3.5,224.0
resource_managers,queue_aware,total_blocks,4.0,4096.0
resource_managers,queue_aware,total_blocks,4.5,224.0
resource_managers,queue_aware,total_blocks,5.0,224.0
resource_managers,queue_aware,total_blocks,5.5,224.0
resource_managers,queue_aware,total_blocks,6.0,224.0
resource_managers,queue_aware,total_blocks,6.5,224.0
resource_managers,queue_aware,total_blocks,7.0,224.0
resource_managers,queue_aware,total_blocks,7.5,224.0
resource_managers,queue_aware,total_blocks,8.0,224.0
resource_managers,queue_aware,total_blocks,8.5,224.0
resource_managers,queue_aware,total_blocks,9.0,224.0
resource_managers,queue_aware,total_blocks,9.5,224.0
resource_managers,queue_aware,total_blocks,10.0,224.0
resource_managers,queue_aware,num_batches,-5.0,13.0
resource_managers,queue_aware,num_batches,-4.5,19.0
resource_managers,queue_aware,num_batches,-4.0,32.0
resource_managers,queue_aware,num_batches,-3.5,55.0
resource_managers,queue_aware,num_batches,-3.0,79.0
resource_managers,queue_aware,num_batches,-2.5,128.0
resource_managers,queue_aware,num_batches,-2.0,128.0
resource_managers,queue_aware,num_batches,-1.5,128.0
resource_managers,queue_aware,num_batches,-1.0,7.0
resource_managers,queue_aware,num_batches,-0.5,7.0
resource_managers,queue_aware,num_batches,0.0,128.0
resource_managers,queue_aware,num_batches,0.5,7.0
resource_managers,queue_aware,num_batches,1.0,7.0
resource_managers,queue_aware,num_batches,1.5,7.0
resource_managers,queue_aware,num_batches,2.0,128.0
resource_managers,queue_aware,num_batches,2.5,128.0
resource_managers,queue_aware,num_batches,3.0,7.0
resource_managers,queue_aware,num_batches,3.5,7.0
resource_managers,queue_aware,num_batches,4.0,128.0
resource_managers,queue_aware,num_batches,4.5,7.0
resource_managers,queue_aware,num_batches,5.0,7.0
resource_managers,queue_aware,num_batches,5.5,7.0
resource_managers,queue_aware,num_batches,6.0,7.0
resource_managers,queue_aware,num_batches,6.5,7.0
resource_managers,queue_aware,num_batches,7.0,7.0
resource_managers,queue_aware,num_batches,7.5,7.0
resource_managers,queue_aware,num_batches,8.0,7.0
resource_managers,queue_aware,num_batches,8.5,7.0
resource_managers,queue_aware,num_batches,9.0,7.0
resource_managers,queue_aware,num_batches,9.5,7.0
resource_managers,queue_aware,num_batches,10.0,7.0
resource_managers,queue_aware,runtime_total_sec,,1069.2994012995623
resource_managers,drl,ber,-5.0,0.06883312406994048
resource_managers,drl,ber,-4.5,0.0464447021484375
resource_managers,drl,ber,-4.0,0.027261713499663977
resource_managers,drl,ber,-3.5,0.016484670928030302
resource_managers,drl,ber,-3.0,0.011456090160924146
resource_managers,drl,ber,-2.5,0.00625912348429362
resource_managers,drl,ber,-2.0,0.003577709197998047
resource_managers,drl,ber,-1.5,0.0031870206197102866
resource_managers,drl,ber,-1.0,0.0021421114603678384
resource_managers,drl,ber,-0.5,0.0
resource_managers,drl,ber,0.0,0.0
resource_managers,drl,ber,0.5,0.0
resource_managers,drl,ber,1.0,0.0
resource_managers,drl,ber,1.5,0.0
resource_managers,drl,ber,2.0,0.0007309913635253906
resource_managers,drl,ber,2.5,0.0
resource_managers,drl,ber,3.0,0.0
resource_managers,drl,ber,3.5,0.0
resource_managers,drl,ber,4.0,0.00042549769083658856
resource_managers,drl,ber,4.5,0.0
resource_managers,drl,ber,5.0,0.0
resource_managers,drl,ber,5.5,0.0
resource_managers,drl,ber,6.0,0.0
resource_managers,drl,ber,6.5,0.0
resource_managers,drl,ber,7.0,0.0
resource_managers,drl,ber,7.5,0.0
resource_managers,drl,ber,8.0,0.0
resource_managers,drl,ber,8.5,0.0
resource_managers,drl,ber,9.0,0.0
resource_managers,drl,ber,9.5,0.0
resource_managers,drl,ber,10.0,0.0
resource_managers,drl,ber_upper_confidence,-5.0,0.06933682282338706
resource_managers,drl,ber_upper_confidence,-4.5,0.046795078584187966
resource_managers,drl,ber_upper_confidence,-4.0,0.027479549668229217
resource_managers,drl,ber_upper_confidence,-3.5,0.016612537090250616
resource_managers,drl,ber_upper_confidence,-3.0,0.011545833094982838
resource_managers,drl,ber_upper_confidence,-2.5,0.006311054626375571
resource_managers,drl,ber_upper_confidence,-2.0,0.003617077229861285
resource_managers,drl,ber_upper_confidence,-1.5,0.0032241964921295744
resource_managers,drl,ber_upper_confidence,-1.0,0.002172644759966678
resource_managers,drl,ber_upper_confidence,-0.5,8.706904161882644e-06
resource_managers,drl,ber_upper_confidence,0.0,8.706904161882644e-06
resource_managers,drl,ber_upper_confidence,0.5,8.706904161882644e-06
resource_managers,drl,ber_upper_confidence,1.0,8.706904161882644e-06
resource_managers,drl,ber_upper_confidence,1.5,8.706904161882644e-06
resource_managers,drl,ber_upper_confidence,2.0,0.0007489308432673317
resource_managers,drl,ber_upper_confidence,2.5,8.706904161882644e-06
resource_managers,drl,ber_upper_confidence,3.0,8.706904161882644e-06
resource_managers,drl,ber_upper_confidence,3.5,8.706904161882644e-06
resource_managers,drl,ber_upper_confidence,4.0,0.00043923831249883334
resource_managers,drl,ber_upper_confidence,4.5,8.706904161882644e-06
resource_managers,drl,ber_upper_confidence,5.0,8.706904161882644e-06
resource_managers,drl,ber_upper_confidence,5.5,8.706904161882644e-06
resource_managers,drl,ber_upper_confidence,6.0,8.706904161882644e-06
resource_managers,drl,ber_upper_confidence,6.5,8.706904161882644e-06
resource_managers,drl,ber_upper_confidence,7.0,8.706904161882644e-06
resource_managers,drl,ber_upper_confidence,7.5,8.706904161882644e-06
resource_managers,drl,ber_upper_confidence,8.0,8.706904161882644e-06
resource_managers,drl,ber_upper_confidence,8.5,8.706904161882644e-06
resource_managers,drl,ber_upper_confidence,9.0,8.706904161882644e-06
resource_managers,drl,ber_upper_confidence,9.5,8.706904161882644e-06
resource_managers,drl,ber_upper_confidence,10.0,8.706904161882644e-06
resource_managers,drl,latency_ms,-5.0,582.9734047568281
resource_managers,drl,latency_ms,-4.5,645.452803335824
resource_managers,drl,latency_ms,-4.0,697.6277768854058
resource_managers,drl,latency_ms,-3.5,780.2788960624964
resource_managers,drl,latency_ms,-3.0,839.6818602574672
resource_managers,drl,latency_ms,-2.5,846.2549895836266
resource_managers,drl,latency_ms,-2.0,847.2353755229553
resource_managers,drl,latency_ms,-1.5,849.5605973943432
resource_managers,drl,latency_ms,-1.0,849.4220388019178
resource_managers,drl,latency_ms,-0.5,579.1802119061529
resource_managers,drl,latency_ms,0.0,579.7638118970851
resource_managers,drl,latency_ms,0.5,579.4781690393885
resource_managers,drl,latency_ms,1.0,582.2379833308825
resource_managers,drl,latency_ms,1.5,582.3413690549099
resource_managers,drl,latency_ms,2.0,844.258043489531
resource_managers,drl,latency_ms,2.5,582.561497626957
resource_managers,drl,latency_ms,3.0,583.9641690467396
resource_managers,drl,latency_ms,3.5,580.3498119062922
resource_managers,drl,latency_ms,4.0,847.534598958787
resource_managers,drl,latency_ms,4.5,580.4914690426396
resource_managers,drl,latency_ms,5.0,583.031040475502
resource_managers,drl,latency_ms,5.5,581.1410833355018
resource_managers,drl,latency_ms,6.0,588.2282119050068
resource_managers,drl,latency_ms,6.5,588.0077404732062
resource_managers,drl,latency_ms,7.0,580.5959119051007
resource_managers,drl,latency_ms,7.5,584.046640475478
resource_managers,drl,latency_ms,8.0,585.0138833385737
resource_managers,drl,latency_ms,8.5,582.1397261923888
resource_managers,drl,latency_ms,9.0,583.997883335552
resource_managers,drl,latency_ms,9.5,583.2835404814665
resource_managers,drl,latency_ms,10.0,583.1194261934121
resource_managers,drl,throughput_bits_per_batch,-5.0,45768.71428571428
resource_managers,drl,throughput_bits_per_batch,-4.5,46869.15
resource_managers,drl,throughput_bits_per_batch,-4.0,47812.032258064515
resource_managers,drl,throughput_bits_per_batch,-3.5,48341.74545454545
resource_managers,drl,throughput_bits_per_batch,-3.0,48588.91025641026
resource_managers,drl,throughput_bits_per_batch,-2.5,48844.3515625
resource_managers,drl,throughput_bits_per_batch,-2.0,48976.1484375
resource_managers,drl,throughput_bits_per_batch,-1.5,48995.3515625
resource_managers,drl,throughput_bits_per_batch,-1.0,49046.7109375
resource_managers,drl,throughput_bits_per_batch,-0.5,49152.0
resource_managers,drl,throughput_bits_per_batch,0.0,49152.0
resource_managers,drl,throughput_bits_per_batch,0.5,49152.0
resource_managers,drl,throughput_bits_per_batch,1.0,49152.0
resource_managers,drl,throughput_bits_per_batch,1.5,49152.0
resource_managers,drl,throughput_bits_per_batch,2.0,49116.0703125
resource_managers,drl,throughput_bits_per_batch,2.5,49152.0
resource_managers,drl,throughput_bits_per_batch,3.0,49152.0
resource_managers,drl,throughput_bits_per_batch,3.5,49152.0
resource_managers,drl,throughput_bits_per_batch,4.0,49131.0859375
resource_managers,drl,throughput_bits_per_batch,4.5,49152.0
resource_managers,drl,throughput_bits_per_batch,5.0,49152.0
resource_managers,drl,throughput_bits_per_batch,5.5,49152.0
resource_managers,drl,throughput_bits_per_batch,6.0,49152.0
resource_managers,drl,throughput_bits_per_batch,6.5,49152.0
resource_managers,drl,throughput_bits_per_batch,7.0,49152.0
resource_managers,drl,throughput_bits_per_batch,7.5,49152.0
resource_managers,drl,throughput_bits_per_batch,8.0,49152.0
resource_managers,drl,throughput_bits_per_batch,8.5,49152.0
resource_managers,drl,throughput_bits_per_batch,9.0,49152.0
resource_managers,drl,throughput_bits_per_batch,9.5,49152.0
resource_managers,drl,throughput_bits_per_batch,10.0,49152.0
resource_managers,drl,energy_joules_per_batch,-5.0,0.00018645100000000002
resource_managers,drl,energy_joules_per_batch,-4.5,0.00018645100000000008
resource_managers,drl,energy_joules_per_batch,-4.0,0.00018645099999999994
resource_managers,drl,energy_joules_per_batch,-3.5,0.0001864510000000001
resource_managers,drl,energy_joules_per_batch,-3.0,0.00018645100000000027
resource_managers,drl,energy_joules_per_batch,-2.5,0.00018645100000000043
resource_managers,drl,energy_joules_per_batch,-2.0,0.00018645100000000043
resource_managers,drl,energy_joules_per_batch,-1.5,0.00018645100000000043
resource_managers,drl,energy_joules_per_batch,-1.0,0.00018645100000000043
resource_managers,drl,energy_joules_per_batch,-0.5,0.00018645100000000002
resource_managers,drl,energy_joules_per_batch,0.0,0.00018645100000000002
resource_managers,drl,energy_joules_per_batch,0.5,0.00018645100000000002
resource_managers,drl,energy_joules_per_batch,1.0,0.00018645100000000002
resource_managers,drl,energy_joules_per_batch,1.5,0.00018645100000000002
resource_managers,drl,energy_joules_per_batch,2.0,0.00018645100000000043
resource_managers,drl,energy_joules_per_batch,2.5,0.00018645100000000005
resource_managers,drl,energy_joules_per_batch,3.0,0.00018645100000000002
resource_managers,drl,energy_joules_per_batch,3.5,0.00018645100000000002
resource_managers,drl,energy_joules_per_batch,4.0,0.00018645100000000043
resource_managers,drl,energy_joules_per_batch,4.5,0.00018645100000000002
resource_managers,drl,energy_joules_per_batch,5.0,0.00018645100000000002
resource_managers,drl,energy_joules_per_batch,5.5,0.00018645100000000002
resource_managers,drl,energy_joules_per_batch,6.0,0.00018645100000000002
resource_managers,drl,energy_joules_per_batch,6.5,0.00018645100000000002
resource_managers,drl,energy_joules_per_batch,7.0,0.00018645100000000002
resource_managers,drl,energy_joules_per_batch,7.5,0.00018645100000000002
resource_managers,drl,energy_joules_per_batch,8.0,0.00018645100000000002
resource_managers,drl,energy_joules_per_batch,8.5,0.00018645100000000002
resource_managers,drl,energy_joules_per_batch,9.0,0.00018645100000000002
resource_managers,drl,energy_joules_per_batch,9.5,0.00018645100000000002
resource_managers,drl,energy_joules_per_batch,10.0,0.00018645100000000002
resource_managers,drl,avg_power_w,-5.0,0.0003198276258893373
resource_managers,drl,avg_power_w,-4.5,0.00028886852615154124
resource_managers,drl,avg_power_w,-4.0,0.0002672643007886237
resource_managers,drl,avg_power_w,-3.5,0.00023895430331498586
resource_managers,drl,avg_power_w,-3.0,0.0002220495747554077
resource_managers,drl,avg_power_w,-2.5,0.00022032484569661187
resource_managers,drl,avg_power_w,-2.0,0.0002200698948446454
resource_managers,drl,avg_power_w,-1.5,0.00021946757014373972
resource_managers,drl,avg_power_w,-1.0,0.00021950336991842536
resource_managers,drl,avg_power_w,-0.5,0.0003219222552275517
resource_managers,drl,avg_power_w,0.0,0.0003215982028783426
resource_managers,drl,avg_power_w,0.5,0.00032175672865999977
resource_managers,drl,avg_power_w,1.0,0.00032023159831199297
resource_managers,drl,avg_power_w,1.5,0.00032017474613317266
resource_managers,drl,avg_power_w,2.0,0.00022084598593736994
resource_managers,drl,avg_power_w,2.5,0.00032005376386785156
resource_managers,drl,avg_power_w,3.0,0.00031928500048960504
resource_managers,drl,avg_power_w,3.5,0.0003212734736443851
resource_managers,drl,avg_power_w,4.0,0.0002199921988188555
resource_managers,drl,avg_power_w,4.5,0.00032119507338755464
resource_managers,drl,avg_power_w,5.0,0.00031979600922780435
resource_managers,drl,avg_power_w,5.5,0.0003208360333601797
resource_managers,drl,avg_power_w,6.0,0.0003169705162494146
resource_managers,drl,avg_power_w,6.5,0.0003170893632283673
resource_managers,drl,avg_power_w,7.0,0.0003211372939023996
resource_managers,drl,avg_power_w,7.5,0.0003192399152372634
resource_managers,drl,avg_power_w,8.0,0.00031871209437963455
resource_managers,drl,avg_power_w,8.5,0.000320285648979023
resource_managers,drl,avg_power_w,9.0,0.0003192665681167709
resource_managers,drl,avg_power_w,9.5,0.0003196575714207461
resource_managers,drl,avg_power_w,10.0,0.0003197475364817584
resource_managers,drl,runtime_sec,-5.0,9.135938999941573
resource_managers,drl,runtime_sec,-4.5,14.44387360001565
resource_managers,drl,runtime_sec,-4.0,24.137077200139174
resource_managers,drl,runtime_sec,-3.5,48.01243809997686
resource_managers,drl,runtime_sec,-3.0,73.37242910003988
resource_managers,drl,runtime_sec,-2.5,121.14286779999384
resource_managers,drl,runtime_sec,-2.0,121.47098689968698
resource_managers,drl,runtime_sec,-1.5,121.72787170004449
resource_managers,drl,runtime_sec,-1.0,121.58209129981697
resource_managers,drl,runtime_sec,-0.5,4.525795800000196
resource_managers,drl,runtime_sec,0.0,4.53286619996652
resource_managers,drl,runtime_sec,0.5,4.531770700006746
resource_managers,drl,runtime_sec,1.0,4.551887600042392
resource_managers,drl,runtime_sec,1.5,4.551552500022808
resource_managers,drl,runtime_sec,2.0,120.72415639998508
resource_managers,drl,runtime_sec,2.5,4.552986800001236
resource_managers,drl,runtime_sec,3.0,4.5585118999297265
resource_managers,drl,runtime_sec,3.5,4.533713999990141
resource_managers,drl,runtime_sec,4.0,121.26397270010784
resource_managers,drl,runtime_sec,4.5,4.535995400045067
resource_managers,drl,runtime_sec,5.0,4.556351399951382
resource_managers,drl,runtime_sec,5.5,4.541774400044233
resource_managers,drl,runtime_sec,6.0,4.589437399961753
resource_managers,drl,runtime_sec,6.5,4.590448799950536
resource_managers,drl,runtime_sec,7.0,4.538173200038727
resource_managers,drl,runtime_sec,7.5,4.562917799979914
resource_managers,drl,runtime_sec,8.0,4.570903900050325
resource_managers,drl,runtime_sec,8.5,4.549388499988709
resource_managers,drl,runtime_sec,9.0,4.600508100003935
resource_managers,drl,runtime_sec,9.5,4.595404099993175
resource_managers,drl,runtime_sec,10.0,4.603150500013726
resource_managers,drl,bit_errors,-5.0,47366.0
resource_managers,drl,bit_errors,-4.5,45657.0
resource_managers,drl,bit_errors,-4.0,41539.0
resource_managers,drl,bit_errors,-3.5,44564.0
resource_managers,drl,bit_errors,-3.0,43921.0
resource_managers,drl,bit_errors,-2.5,39379.0
resource_managers,drl,bit_errors,-2.0,22509.0
resource_managers,drl,bit_errors,-1.5,20051.0
resource_managers,drl,bit_errors,-1.0,13477.0
resource_managers,drl,bit_errors,-0.5,0.0
resource_managers,drl,bit_errors,0.0,0.0
resource_managers,drl,bit_errors,0.5,0.0
resource_managers,drl,bit_errors,1.0,0.0
resource_managers,drl,bit_errors,1.5,0.0
resource_managers,drl,bit_errors,2.0,4599.0
resource_managers,drl,bit_errors,2.5,0.0
resource_managers,drl,bit_errors,3.0,0.0
resource_managers,drl,bit_errors,3.5,0.0
resource_managers,drl,bit_errors,4.0,2677.0
resource_managers,drl,bit_errors,4.5,0.0
resource_managers,drl,bit_errors,5.0,0.0
resource_managers,drl,bit_errors,5.5,0.0
resource_managers,drl,bit_errors,6.0,0.0
resource_managers,drl,bit_errors,6.5,0.0
resource_managers,drl,bit_errors,7.0,0.0
resource_managers,drl,bit_errors,7.5,0.0
resource_managers,drl,bit_errors,8.0,0.0
resource_managers,drl,bit_errors,8.5,0.0
resource_managers,drl,bit_errors,9.0,0.0
resource_managers,drl,bit_errors,9.5,0.0
resource_managers,drl,bit_errors,10.0,0.0
resource_managers,drl,total_bits,-5.0,688128.0
resource_managers,drl,total_bits,-4.5,983040.0
resource_managers,drl,total_bits,-4.0,1523712.0
resource_managers,drl,total_bits,-3.5,2703360.0
resource_managers,drl,total_bits,-3.0,3833856.0
resource_managers,drl,total_bits,-2.5,6291456.0
resource_managers,drl,total_bits,-2.0,6291456.0
resource_managers,drl,total_bits,-1.5,6291456.0
resource_managers,drl,total_bits,-1.0,6291456.0
resource_managers,drl,total_bits,-0.5,344064.0
resource_managers,drl,total_bits,0.0,344064.0
resource_managers,drl,total_bits,0.5,344064.0
resource_managers,drl,total_bits,1.0,344064.0
resource_managers,drl,total_bits,1.5,344064.0
resource_managers,drl,total_bits,2.0,6291456.0
resource_managers,drl,total_bits,2.5,344064.0
resource_managers,drl,total_bits,3.0,344064.0
resource_managers,drl,total_bits,3.5,344064.0
resource_managers,drl,total_bits,4.0,6291456.0
resource_managers,drl,total_bits,4.5,344064.0
resource_managers,drl,total_bits,5.0,344064.0
resource_managers,drl,total_bits,5.5,344064.0
resource_managers,drl,total_bits,6.0,344064.0
resource_managers,drl,total_bits,6.5,344064.0
resource_managers,drl,total_bits,7.0,344064.0
resource_managers,drl,total_bits,7.5,344064.0
resource_managers,drl,total_bits,8.0,344064.0
resource_managers,drl,total_bits,8.5,344064.0
resource_managers,drl,total_bits,9.0,344064.0
resource_managers,drl,total_bits,9.5,344064.0
resource_managers,drl,total_bits,10.0,344064.0
resource_managers,drl,block_errors,-5.0,218.0
resource_managers,drl,block_errors,-4.5,205.0
resource_managers,drl,block_errors,-4.0,206.0
resource_managers,drl,block_errors,-3.5,201.0
resource_managers,drl,block_errors,-3.0,200.0
resource_managers,drl,block_errors,-2.5,181.0
resource_managers,drl,block_errors,-2.0,106.0
resource_managers,drl,block_errors,-1.5,86.0
resource_managers,drl,block_errors,-1.0,52.0
resource_managers,drl,block_errors,-0.5,0.0
resource_managers,drl,block_errors,0.0,0.0
resource_managers,drl,block_errors,0.5,0.0
resource_managers,drl,block_errors,1.0,0.0
resource_managers,drl,block_errors,1.5,0.0
resource_managers,drl,block_errors,2.0,11.0
resource_managers,drl,block_errors,2.5,0.0
resource_managers,drl,block_errors,3.0,0.0
resource_managers,drl,block_errors,3.5,0.0
resource_managers,drl,block_errors,4.0,5.0
resource_managers,drl,block_errors,4.5,0.0
resource_managers,drl,block_errors,5.0,0.0
resource_managers,drl,block_errors,5.5,0.0
resource_managers,drl,block_errors,6.0,0.0
resource_managers,drl,block_errors,6.5,0.0
resource_managers,drl,block_errors,7.0,0.0
resource_managers,drl,block_errors,7.5,0.0
resource_managers,drl,block_errors,8.0,0.0
resource_managers,drl,block_errors,8.5,0.0
resource_managers,drl,block_errors,9.0,0.0
resource_managers,drl,block_errors,9.5,0.0
resource_managers,drl,block_errors,10.0,0.0
resource_managers,drl,total_blocks,-5.0,448.0
resource_managers,drl,total_blocks,-4.5,640.0
resource_managers,drl,total_blocks,-4.0,992.0
resource_managers,drl,total_blocks,-3.5,1760.0
resource_managers,drl,total_blocks,-3.0,2496.0
resource_managers,drl,total_blocks,-2.5,4096.0
resource_managers,drl,total_blocks,-2.0,4096.0
resource_managers,drl,total_blocks,-1.5,4096.0
resource_managers,drl,total_blocks,-1.0,4096.0
resource_managers,drl,total_blocks,-0.5,224.0
resource_managers,drl,total_blocks,0.0,224.0
resource_managers,drl,total_blocks,0.5,224.0
resource_managers,drl,total_blocks,1.0,224.0
resource_managers,drl,total_blocks,1.5,224.0
resource_managers,drl,total_blocks,2.0,4096.0
resource_managers,drl,total_blocks,2.5,224.0
resource_managers,drl,total_blocks,3.0,224.0
resource_managers,drl,total_blocks,3.5,224.0
resource_managers,drl,total_blocks,4.0,4096.0
resource_managers,drl,total_blocks,4.5,224.0
resource_managers,drl,total_blocks,5.0,224.0
resource_managers,drl,total_blocks,5.5,224.0
resource_managers,drl,total_blocks,6.0,224.0
resource_managers,drl,total_blocks,6.5,224.0
resource_managers,drl,total_blocks,7.0,224.0
resource_managers,drl,total_blocks,7.5,224.0
resource_managers,drl,total_blocks,8.0,224.0
resource_managers,drl,total_blocks,8.5,224.0
resource_managers,drl,total_blocks,9.0,224.0
resource_managers,drl,total_blocks,9.5,224.0
resource_managers,drl,total_blocks,10.0,224.0
resource_managers,drl,num_batches,-5.0,14.0
resource_managers,drl,num_batches,-4.5,20.0
resource_managers,drl,num_batches,-4.0,31.0
resource_managers,drl,num_batches,-3.5,55.0
resource_managers,drl,num_batches,-3.0,78.0
resource_managers,drl,num_batches,-2.5,128.0
resource_managers,drl,num_batches,-2.0,128.0
resource_managers,drl,num_batches,-1.5,128.0
resource_managers,drl,num_batches,-1.0,128.0
resource_managers,drl,num_batches,-0.5,7.0
resource_managers,drl,num_batches,0.0,7.0
resource_managers,drl,num_batches,0.5,7.0
resource_managers,drl,num_batches,1.0,7.0
resource_managers,drl,num_batches,1.5,7.0
resource_managers,drl,num_batches,2.0,128.0
resource_managers,drl,num_batches,2.5,7.0
resource_managers,drl,num_batches,3.0,7.0
resource_managers,drl,num_batches,3.5,7.0
resource_managers,drl,num_batches,4.0,128.0
resource_managers,drl,num_batches,4.5,7.0
resource_managers,drl,num_batches,5.0,7.0
resource_managers,drl,num_batches,5.5,7.0
resource_managers,drl,num_batches,6.0,7.0
resource_managers,drl,num_batches,6.5,7.0
resource_managers,drl,num_batches,7.0,7.0
resource_managers,drl,num_batches,7.5,7.0
resource_managers,drl,num_batches,8.0,7.0
resource_managers,drl,num_batches,8.5,7.0
resource_managers,drl,num_batches,9.0,7.0
resource_managers,drl,num_batches,9.5,7.0
resource_managers,drl,num_batches,10.0,7.0
resource_managers,drl,runtime_total_sec,,988.1872427997296
