Log file: /app/results/20260428_144330_ber_drl_rayleigh_qpsk_s/simulation.log
Loaded configuration for scenario: umi
======================================================================
  6G Smart Factory Simulation Flow
======================================================================
Stages: resource_managers
Resource managers: ['ber_drl']
Factory sizes: Small
Modulations: QPSK
Channels: rayleigh
Scenario: umi
Eb/No Range: [0.0, 2.0, 4.0, 6.0, 8.0, 10.0, 12.0, 14.0, 16.0, 18.0, 20.0]
Run directory: results/20260428_144330_ber_drl_rayleigh_qpsk_s
----------------------------------------------------------------------

======================================================================
  Small
======================================================================
[resource_managers] Starting...
Loaded DRL Resource Manager checkpoint from models/ber_drl_resource_manager_policy
Batch 1/2000 (active points 11/11) [0s elapsed] ...   snr=+0.0dB [ber_drl]  snr=+2.0dB [ber_drl]  snr=+4.0dB [ber_drl]  snr=+6.0dB [ber_drl]  snr=+8.0dB [ber_drl]  snr=+10.0dB [ber_drl]  snr=+12.0dB [ber_drl]  snr=+14.0dB [ber_drl]  snr=+16.0dB [ber_drl]  snr=+18.0dB [ber_drl]  snr=+20.0dB [ber_drl]Done (7.30s)
Batch 2/2000 (active points 11/11) [7s elapsed] ...   snr=+0.0dB [ber_drl]  snr=+2.0dB [ber_drl]  snr=+4.0dB [ber_drl]  snr=+6.0dB [ber_drl]  snr=+8.0dB [ber_drl]  snr=+10.0dB [ber_drl]  snr=+12.0dB [ber_drl]  snr=+14.0dB [ber_drl]  snr=+16.0dB [ber_drl]  snr=+18.0dB [ber_drl]  snr=+20.0dB [ber_drl]Done (7.21s)
Batch 3/2000 (active points 11/11) [14s elapsed] ...   snr=+0.0dB [ber_drl]  snr=+2.0dB [ber_drl]  snr=+4.0dB [ber_drl]  snr=+6.0dB [ber_drl]  snr=+8.0dB [ber_drl]  snr=+10.0dB [ber_drl]  snr=+12.0dB [ber_drl]  snr=+14.0dB [ber_drl]  snr=+16.0dB [ber_drl]  snr=+18.0dB [ber_drl]  snr=+20.0dB [ber_drl]Done (7.15s)
Batch 4/2000 (active points 11/11) [21s elapsed] ...   snr=+0.0dB [ber_drl]  snr=+2.0dB [ber_drl]  snr=+4.0dB [ber_drl]  snr=+6.0dB [ber_drl]  snr=+8.0dB [ber_drl]  snr=+10.0dB [ber_drl]  snr=+12.0dB [ber_drl]  snr=+14.0dB [ber_drl]  snr=+16.0dB [ber_drl]  snr=+18.0dB [ber_drl]  snr=+20.0dB [ber_drl]Done (7.29s)
Batch 5/2000 (active points 11/11) [28s elapsed] ...   snr=+0.0dB [ber_drl]  snr=+2.0dB [ber_drl]  snr=+4.0dB [ber_drl]  snr=+6.0dB [ber_drl]  snr=+8.0dB [ber_drl]  snr=+10.0dB [ber_drl]  snr=+12.0dB [ber_drl]  snr=+14.0dB [ber_drl]  snr=+16.0dB [ber_drl]  snr=+18.0dB [ber_drl]  snr=+20.0dB [ber_drl]Done (7.44s)
Batch 6/2000 (active points 11/11) [36s elapsed] ...   snr=+0.0dB [ber_drl]  snr=+2.0dB [ber_drl]  snr=+4.0dB [ber_drl]  snr=+6.0dB [ber_drl]  snr=+8.0dB [ber_drl]  snr=+10.0dB [ber_drl]  snr=+12.0dB [ber_drl]  snr=+14.0dB [ber_drl]  snr=+16.0dB [ber_drl]  snr=+18.0dB [ber_drl]  snr=+20.0dB [ber_drl]Done (7.10s)
Batch 7/2000 (active points 11/11) [43s elapsed] ...   snr=+0.0dB [ber_drl]  snr=+2.0dB [ber_drl]  snr=+4.0dB [ber_drl]  snr=+6.0dB [ber_drl]  snr=+8.0dB [ber_drl]  snr=+10.0dB [ber_drl]  snr=+12.0dB [ber_drl]  snr=+14.0dB [ber_drl]  snr=+16.0dB [ber_drl]  snr=+18.0dB [ber_drl]  snr=+20.0dB [ber_drl]Done (7.17s)
Batch 8/2000 (active points 11/11) [50s elapsed] ...   snr=+0.0dB [ber_drl]  snr=+2.0dB [ber_drl]  snr=+4.0dB [ber_drl]  snr=+6.0dB [ber_drl]  snr=+8.0dB [ber_drl]  snr=+10.0dB [ber_drl]  snr=+12.0dB [ber_drl]  snr=+14.0dB [ber_drl]  snr=+16.0dB [ber_drl]  snr=+18.0dB [ber_drl]  snr=+20.0dB [ber_drl]Done (7.21s)
Batch 9/2000 (active points 11/11) [57s elapsed] ...   snr=+0.0dB [ber_drl]  snr=+2.0dB [ber_drl]  snr=+4.0dB [ber_drl]  snr=+6.0dB [ber_drl]  snr=+8.0dB [ber_drl]  snr=+10.0dB [ber_drl]  snr=+12.0dB [ber_drl]  snr=+14.0dB [ber_drl]  snr=+16.0dB [ber_drl]  snr=+18.0dB [ber_drl]  snr=+20.0dB [ber_drl]Done (7.19s)
Batch 10/2000 (active points 11/11) [1m 05s elapsed] ...   snr=+0.0dB [ber_drl]  snr=+2.0dB [ber_drl]  snr=+4.0dB [ber_drl]  snr=+6.0dB [ber_drl]  snr=+8.0dB [ber_drl]  snr=+10.0dB [ber_drl]  snr=+12.0dB [ber_drl]  snr=+14.0dB [ber_drl]  snr=+16.0dB [ber_drl]  snr=+18.0dB [ber_drl]  snr=+20.0dB [ber_drl]Done (7.33s)
Batch 11/2000 (active points 11/11) [1m 12s elapsed] ...   snr=+0.0dB [ber_drl]  snr=+2.0dB [ber_drl]  snr=+4.0dB [ber_drl]  snr=+6.0dB [ber_drl]  snr=+8.0dB [ber_drl]  snr=+10.0dB [ber_drl]  snr=+12.0dB [ber_drl]  snr=+14.0dB [ber_drl]  snr=+16.0dB [ber_drl]  snr=+18.0dB [ber_drl]  snr=+20.0dB [ber_drl]Done (7.16s)
Batch 12/2000 (active points 11/11) [1m 19s elapsed] ...   snr=+0.0dB [ber_drl]  snr=+2.0dB [ber_drl]  snr=+4.0dB [ber_drl]  snr=+6.0dB [ber_drl]  snr=+8.0dB [ber_drl]  snr=+10.0dB [ber_drl]  snr=+12.0dB [ber_drl]  snr=+14.0dB [ber_drl]  snr=+16.0dB [ber_drl]  snr=+18.0dB [ber_drl]  snr=+20.0dB [ber_drl]Done (7.26s)
Batch 13/2000 (active points 11/11) [1m 26s elapsed] ...   snr=+0.0dB [ber_drl]  snr=+2.0dB [ber_drl]  snr=+4.0dB [ber_drl]  snr=+6.0dB [ber_drl]  snr=+8.0dB [ber_drl]  snr=+10.0dB [ber_drl]  snr=+12.0dB [ber_drl]  snr=+14.0dB [ber_drl]  snr=+16.0dB [ber_drl]  snr=+18.0dB [ber_drl]  snr=+20.0dB [ber_drl]Done (7.20s)
Batch 14/2000 (active points 11/11) [1m 34s elapsed] ...   snr=+0.0dB [ber_drl]  snr=+2.0dB [ber_drl]  snr=+4.0dB [ber_drl]  snr=+6.0dB [ber_drl]  snr=+8.0dB [ber_drl]  snr=+10.0dB [ber_drl]  snr=+12.0dB [ber_drl]  snr=+14.0dB [ber_drl]  snr=+16.0dB [ber_drl]  snr=+18.0dB [ber_drl]  snr=+20.0dB [ber_drl]Done (7.27s)
Batch 15/2000 (active points 11/11) [1m 41s elapsed] ...   snr=+0.0dB [ber_drl]  snr=+2.0dB [ber_drl]  snr=+4.0dB [ber_drl]  snr=+6.0dB [ber_drl]  snr=+8.0dB [ber_drl]  snr=+10.0dB [ber_drl]  snr=+12.0dB [ber_drl]  snr=+14.0dB [ber_drl]  snr=+16.0dB [ber_drl]  snr=+18.0dB [ber_drl]  snr=+20.0dB [ber_drl]Done (7.51s)
Batch 16/2000 (active points 11/11) [1m 48s elapsed] ...   snr=+0.0dB [ber_drl]  snr=+2.0dB [ber_drl]  snr=+4.0dB [ber_drl]  snr=+6.0dB [ber_drl]  snr=+8.0dB [ber_drl]  snr=+10.0dB [ber_drl]  snr=+12.0dB [ber_drl]  snr=+14.0dB [ber_drl]  snr=+16.0dB [ber_drl]  snr=+18.0dB [ber_drl]  snr=+20.0dB [ber_drl]Done (7.41s)
Batch 17/2000 (active points 11/11) [1m 56s elapsed] ...   snr=+0.0dB [ber_drl]  snr=+2.0dB [ber_drl]  snr=+4.0dB [ber_drl]  snr=+6.0dB [ber_drl]  snr=+8.0dB [ber_drl]  snr=+10.0dB [ber_drl]  snr=+12.0dB [ber_drl]  snr=+14.0dB [ber_drl]  snr=+16.0dB [ber_drl]  snr=+18.0dB [ber_drl]  snr=+20.0dB [ber_drl]Done (7.15s)
Batch 18/2000 (active points 11/11) [2m 03s elapsed] ...   snr=+0.0dB [ber_drl]  snr=+2.0dB [ber_drl]  snr=+4.0dB [ber_drl]  snr=+6.0dB [ber_drl]  snr=+8.0dB [ber_drl]  snr=+10.0dB [ber_drl]  snr=+12.0dB [ber_drl]  snr=+14.0dB [ber_drl]  snr=+16.0dB [ber_drl]  snr=+18.0dB [ber_drl]  snr=+20.0dB [ber_drl]Done (7.24s)
Batch 19/2000 (active points 11/11) [2m 10s elapsed] ...   snr=+0.0dB [ber_drl]  snr=+2.0dB [ber_drl]  snr=+4.0dB [ber_drl]  snr=+6.0dB [ber_drl]  snr=+8.0dB [ber_drl]  snr=+10.0dB [ber_drl]  snr=+12.0dB [ber_drl]  snr=+14.0dB [ber_drl]  snr=+16.0dB [ber_drl]  snr=+18.0dB [ber_drl]  snr=+20.0dB [ber_drl]Done (7.31s)
Batch 20/2000 (active points 11/11) [2m 17s elapsed] ...   snr=+0.0dB [ber_drl]  snr=+2.0dB [ber_drl]  snr=+4.0dB [ber_drl]  snr=+6.0dB [ber_drl]  snr=+8.0dB [ber_drl]  snr=+10.0dB [ber_drl]  snr=+12.0dB [ber_drl]  snr=+14.0dB [ber_drl]  snr=+16.0dB [ber_drl]  snr=+18.0dB [ber_drl]  snr=+20.0dB [ber_drl]Done (7.24s)
Batch 21/2000 (active points 11/11) [2m 25s elapsed] ...   snr=+0.0dB [ber_drl]  snr=+2.0dB [ber_drl]  snr=+4.0dB [ber_drl]  snr=+6.0dB [ber_drl]  snr=+8.0dB [ber_drl]  snr=+10.0dB [ber_drl]  snr=+12.0dB [ber_drl]  snr=+14.0dB [ber_drl]  snr=+16.0dB [ber_drl]  snr=+18.0dB [ber_drl]  snr=+20.0dB [ber_drl]Done (7.27s)
Batch 22/2000 (active points 11/11) [2m 32s elapsed] ...   snr=+0.0dB [ber_drl]  snr=+2.0dB [ber_drl]  snr=+4.0dB [ber_drl]  snr=+6.0dB [ber_drl]  snr=+8.0dB [ber_drl]  snr=+10.0dB [ber_drl]  snr=+12.0dB [ber_drl]  snr=+14.0dB [ber_drl]  snr=+16.0dB [ber_drl]  snr=+18.0dB [ber_drl]  snr=+20.0dB [ber_drl]Done (7.29s)
Batch 23/2000 (active points 11/11) [2m 39s elapsed] ...   snr=+0.0dB [ber_drl]  snr=+2.0dB [ber_drl]  snr=+4.0dB [ber_drl]  snr=+6.0dB [ber_drl]  snr=+8.0dB [ber_drl]  snr=+10.0dB [ber_drl]  snr=+12.0dB [ber_drl]  snr=+14.0dB [ber_drl]  snr=+16.0dB [ber_drl]  snr=+18.0dB [ber_drl]  snr=+20.0dB [ber_drl]Done (7.24s)
Batch 24/2000 (active points 11/11) [2m 46s elapsed] ...   snr=+0.0dB [ber_drl]  snr=+2.0dB [ber_drl]  snr=+4.0dB [ber_drl]  snr=+6.0dB [ber_drl]  snr=+8.0dB [ber_drl]  snr=+10.0dB [ber_drl]  snr=+12.0dB [ber_drl]  snr=+14.0dB [ber_drl]  snr=+16.0dB [ber_drl]  snr=+18.0dB [ber_drl]  snr=+20.0dB [ber_drl]Done (7.27s)
Batch 25/2000 (active points 11/11) [2m 54s elapsed] ...   snr=+0.0dB [ber_drl]  snr=+2.0dB [ber_drl]  snr=+4.0dB [ber_drl]  snr=+6.0dB [ber_drl]  snr=+8.0dB [ber_drl]  snr=+10.0dB [ber_drl]  snr=+12.0dB [ber_drl]  snr=+14.0dB [ber_drl]  snr=+16.0dB [ber_drl]  snr=+18.0dB [ber_drl]  snr=+20.0dB [ber_drl]Done (7.32s)
Batch 26/2000 (active points 11/11) [3m 01s elapsed] ...   snr=+0.0dB [ber_drl]  snr=+2.0dB [ber_drl]  snr=+4.0dB [ber_drl]  snr=+6.0dB [ber_drl]  snr=+8.0dB [ber_drl]  snr=+10.0dB [ber_drl]  snr=+12.0dB [ber_drl]  snr=+14.0dB [ber_drl]  snr=+16.0dB [ber_drl]  snr=+18.0dB [ber_drl]  snr=+20.0dB [ber_drl]Done (7.26s)
Batch 27/2000 (active points 11/11) [3m 08s elapsed] ...   snr=+0.0dB [ber_drl]  snr=+2.0dB [ber_drl]  snr=+4.0dB [ber_drl]  snr=+6.0dB [ber_drl]  snr=+8.0dB [ber_drl]  snr=+10.0dB [ber_drl]  snr=+12.0dB [ber_drl]  snr=+14.0dB [ber_drl]  snr=+16.0dB [ber_drl]  snr=+18.0dB [ber_drl]  snr=+20.0dB [ber_drl]Done (7.21s)
Batch 28/2000 (active points 11/11) [3m 16s elapsed] ...   snr=+0.0dB [ber_drl]  snr=+2.0dB [ber_drl]  snr=+4.0dB [ber_drl]  snr=+6.0dB [ber_drl]  snr=+8.0dB [ber_drl]  snr=+10.0dB [ber_drl]  snr=+12.0dB [ber_drl]  snr=+14.0dB [ber_drl]  snr=+16.0dB [ber_drl]  snr=+18.0dB [ber_drl]  snr=+20.0dB [ber_drl]Done (7.08s)
Batch 29/2000 (active points 11/11) [3m 23s elapsed] ...   snr=+0.0dB [ber_drl]  snr=+2.0dB [ber_drl]  snr=+4.0dB [ber_drl]  snr=+6.0dB [ber_drl]  snr=+8.0dB [ber_drl]  snr=+10.0dB [ber_drl]  snr=+12.0dB [ber_drl]  snr=+14.0dB [ber_drl]  snr=+16.0dB [ber_drl]  snr=+18.0dB [ber_drl]  snr=+20.0dB [ber_drl]Done (7.44s)
Batch 30/2000 (active points 11/11) [3m 30s elapsed] ...   snr=+0.0dB [ber_drl]  snr=+2.0dB [ber_drl]  snr=+4.0dB [ber_drl]  snr=+6.0dB [ber_drl]  snr=+8.0dB [ber_drl]  snr=+10.0dB [ber_drl]  snr=+12.0dB [ber_drl]  snr=+14.0dB [ber_drl]  snr=+16.0dB [ber_drl]  snr=+18.0dB [ber_drl]  snr=+20.0dB [ber_drl]Done (7.27s)
Batch 31/2000 (active points 11/11) [3m 37s elapsed] ...   snr=+0.0dB [ber_drl]  snr=+2.0dB [ber_drl]  snr=+4.0dB [ber_drl]  snr=+6.0dB [ber_drl]  snr=+8.0dB [ber_drl]  snr=+10.0dB [ber_drl]  snr=+12.0dB [ber_drl]  snr=+14.0dB [ber_drl]  snr=+16.0dB [ber_drl]  snr=+18.0dB [ber_drl]  snr=+20.0dB [ber_drl]Done (7.27s)
Batch 32/2000 (active points 11/11) [3m 45s elapsed] ...   snr=+0.0dB [ber_drl]  snr=+2.0dB [ber_drl]  snr=+4.0dB [ber_drl]  snr=+6.0dB [ber_drl]  snr=+8.0dB [ber_drl]  snr=+10.0dB [ber_drl]  snr=+12.0dB [ber_drl]  snr=+14.0dB [ber_drl]  snr=+16.0dB [ber_drl]  snr=+18.0dB [ber_drl]  snr=+20.0dB [ber_drl]Done (7.33s)
Batch 33/2000 (active points 11/11) [3m 52s elapsed] ...   snr=+0.0dB [ber_drl]  snr=+2.0dB [ber_drl]  snr=+4.0dB [ber_drl]  snr=+6.0dB [ber_drl]  snr=+8.0dB [ber_drl]  snr=+10.0dB [ber_drl]  snr=+12.0dB [ber_drl]  snr=+14.0dB [ber_drl]  snr=+16.0dB [ber_drl]  snr=+18.0dB [ber_drl]  snr=+20.0dB [ber_drl]Done (7.32s)
Batch 34/2000 (active points 11/11) [3m 59s elapsed] ...   snr=+0.0dB [ber_drl]  snr=+2.0dB [ber_drl]  snr=+4.0dB [ber_drl]  snr=+6.0dB [ber_drl]  snr=+8.0dB [ber_drl]  snr=+10.0dB [ber_drl]  snr=+12.0dB [ber_drl]  snr=+14.0dB [ber_drl]  snr=+16.0dB [ber_drl]  snr=+18.0dB [ber_drl]  snr=+20.0dB [ber_drl]Done (7.21s)
Batch 35/2000 (active points 11/11) [4m 06s elapsed] ...   snr=+0.0dB [ber_drl]  snr=+2.0dB [ber_drl]  snr=+4.0dB [ber_drl]  snr=+6.0dB [ber_drl]  snr=+8.0dB [ber_drl]  snr=+10.0dB [ber_drl]  snr=+12.0dB [ber_drl]  snr=+14.0dB [ber_drl]  snr=+16.0dB [ber_drl]  snr=+18.0dB [ber_drl]  snr=+20.0dB [ber_drl]Done (7.22s)
Batch 36/2000 (active points 11/11) [4m 14s elapsed] ...   snr=+0.0dB [ber_drl]  snr=+2.0dB [ber_drl]  snr=+4.0dB [ber_drl]  snr=+6.0dB [ber_drl]  snr=+8.0dB [ber_drl]  snr=+10.0dB [ber_drl]  snr=+12.0dB [ber_drl]  snr=+14.0dB [ber_drl]  snr=+16.0dB [ber_drl]  snr=+18.0dB [ber_drl]  snr=+20.0dB [ber_drl]Done (7.24s)
Batch 37/2000 (active points 11/11) [4m 21s elapsed] ...   snr=+0.0dB [ber_drl]  snr=+2.0dB [ber_drl]  snr=+4.0dB [ber_drl]  snr=+6.0dB [ber_drl]  snr=+8.0dB [ber_drl]  snr=+10.0dB [ber_drl]  snr=+12.0dB [ber_drl]  snr=+14.0dB [ber_drl]  snr=+16.0dB [ber_drl]  snr=+18.0dB [ber_drl]  snr=+20.0dB [ber_drl]Done (7.29s)
Batch 38/2000 (active points 11/11) [4m 28s elapsed] ...   snr=+0.0dB [ber_drl]  snr=+2.0dB [ber_drl]  snr=+4.0dB [ber_drl]  snr=+6.0dB [ber_drl]  snr=+8.0dB [ber_drl]  snr=+10.0dB [ber_drl]  snr=+12.0dB [ber_drl]  snr=+14.0dB [ber_drl]  snr=+16.0dB [ber_drl]  snr=+18.0dB [ber_drl]  snr=+20.0dB [ber_drl]Done (7.35s)
Batch 39/2000 (active points 11/11) [4m 36s elapsed] ...   snr=+0.0dB [ber_drl]  snr=+2.0dB [ber_drl]  snr=+4.0dB [ber_drl]  snr=+6.0dB [ber_drl]  snr=+8.0dB [ber_drl]  snr=+10.0dB [ber_drl]  snr=+12.0dB [ber_drl]  snr=+14.0dB [ber_drl]  snr=+16.0dB [ber_drl]  snr=+18.0dB [ber_drl]  snr=+20.0dB [ber_drl]Done (7.32s)
Batch 40/2000 (active points 11/11) [4m 43s elapsed] ...   snr=+0.0dB [ber_drl]  snr=+2.0dB [ber_drl]  snr=+4.0dB [ber_drl]  snr=+6.0dB [ber_drl]  snr=+8.0dB [ber_drl]  snr=+10.0dB [ber_drl]  snr=+12.0dB [ber_drl]  snr=+14.0dB [ber_drl]  snr=+16.0dB [ber_drl]  snr=+18.0dB [ber_drl]  snr=+20.0dB [ber_drl]Done (7.27s)
Batch 41/2000 (active points 11/11) [4m 50s elapsed] ...   snr=+0.0dB [ber_drl]  snr=+2.0dB [ber_drl]  snr=+4.0dB [ber_drl]  snr=+6.0dB [ber_drl]  snr=+8.0dB [ber_drl]  snr=+10.0dB [ber_drl]  snr=+12.0dB [ber_drl]  snr=+14.0dB [ber_drl]  snr=+16.0dB [ber_drl]  snr=+18.0dB [ber_drl]  snr=+20.0dB [ber_drl]Done (7.27s)
Batch 42/2000 (active points 11/11) [4m 57s elapsed] ...   snr=+0.0dB [ber_drl]  snr=+2.0dB [ber_drl]  snr=+4.0dB [ber_drl]  snr=+6.0dB [ber_drl]  snr=+8.0dB [ber_drl]  snr=+10.0dB [ber_drl]  snr=+12.0dB [ber_drl]  snr=+14.0dB [ber_drl]  snr=+16.0dB [ber_drl]  snr=+18.0dB [ber_drl]  snr=+20.0dB [ber_drl]Done (7.23s)
Batch 43/2000 (active points 11/11) [5m 05s elapsed] ...   snr=+0.0dB [ber_drl]  snr=+2.0dB [ber_drl]  snr=+4.0dB [ber_drl]  snr=+6.0dB [ber_drl]  snr=+8.0dB [ber_drl]  snr=+10.0dB [ber_drl]  snr=+12.0dB [ber_drl]  snr=+14.0dB [ber_drl]  snr=+16.0dB [ber_drl]  snr=+18.0dB [ber_drl]  snr=+20.0dB [ber_drl]Done (7.33s)
Batch 44/2000 (active points 11/11) [5m 12s elapsed] ...   snr=+0.0dB [ber_drl]  snr=+2.0dB [ber_drl]  snr=+4.0dB [ber_drl]  snr=+6.0dB [ber_drl]  snr=+8.0dB [ber_drl]  snr=+10.0dB [ber_drl]  snr=+12.0dB [ber_drl]  snr=+14.0dB [ber_drl]  snr=+16.0dB [ber_drl]  snr=+18.0dB [ber_drl]  snr=+20.0dB [ber_drl]Done (7.21s)
Batch 45/2000 (active points 11/11) [5m 19s elapsed] ...   snr=+0.0dB [ber_drl]  snr=+2.0dB [ber_drl]  snr=+4.0dB [ber_drl]  snr=+6.0dB [ber_drl]  snr=+8.0dB [ber_drl]  snr=+10.0dB [ber_drl]  snr=+12.0dB [ber_drl]  snr=+14.0dB [ber_drl]  snr=+16.0dB [ber_drl]  snr=+18.0dB [ber_drl]  snr=+20.0dB [ber_drl]Done (7.20s)
Batch 46/2000 (active points 11/11) [5m 26s elapsed] ...   snr=+0.0dB [ber_drl]  snr=+2.0dB [ber_drl]  snr=+4.0dB [ber_drl]  snr=+6.0dB [ber_drl]  snr=+8.0dB [ber_drl]  snr=+10.0dB [ber_drl]  snr=+12.0dB [ber_drl]  snr=+14.0dB [ber_drl]  snr=+16.0dB [ber_drl]  snr=+18.0dB [ber_drl]  snr=+20.0dB [ber_drl]Done (7.27s)
Batch 47/2000 (active points 11/11) [5m 34s elapsed] ...   snr=+0.0dB [ber_drl]  snr=+2.0dB [ber_drl]  snr=+4.0dB [ber_drl]  snr=+6.0dB [ber_drl]  snr=+8.0dB [ber_drl]  snr=+10.0dB [ber_drl]  snr=+12.0dB [ber_drl]  snr=+14.0dB [ber_drl]  snr=+16.0dB [ber_drl]  snr=+18.0dB [ber_drl]  snr=+20.0dB [ber_drl]Done (7.26s)
Batch 48/2000 (active points 11/11) [5m 41s elapsed] ...   snr=+0.0dB [ber_drl]  snr=+2.0dB [ber_drl]  snr=+4.0dB [ber_drl]  snr=+6.0dB [ber_drl]  snr=+8.0dB [ber_drl]  snr=+10.0dB [ber_drl]  snr=+12.0dB [ber_drl]  snr=+14.0dB [ber_drl]  snr=+16.0dB [ber_drl]  snr=+18.0dB [ber_drl]  snr=+20.0dB [ber_drl]Done (7.36s)
Batch 49/2000 (active points 11/11) [5m 48s elapsed] ...   snr=+0.0dB [ber_drl]  snr=+2.0dB [ber_drl]  snr=+4.0dB [ber_drl]  snr=+6.0dB [ber_drl]  snr=+8.0dB [ber_drl]  snr=+10.0dB [ber_drl]  snr=+12.0dB [ber_drl]  snr=+14.0dB [ber_drl]  snr=+16.0dB [ber_drl]  snr=+18.0dB [ber_drl]  snr=+20.0dB [ber_drl]Done (7.24s)
Batch 50/2000 (active points 11/11) [5m 56s elapsed] ...   snr=+0.0dB [ber_drl]  snr=+2.0dB [ber_drl]  snr=+4.0dB [ber_drl]  snr=+6.0dB [ber_drl]  snr=+8.0dB [ber_drl]  snr=+10.0dB [ber_drl]  snr=+12.0dB [ber_drl]  snr=+14.0dB [ber_drl]  snr=+16.0dB [ber_drl]  snr=+18.0dB [ber_drl]  snr=+20.0dB [ber_drl]Done (7.09s)
Batch 51/2000 (active points 11/11) [6m 03s elapsed] ...   snr=+0.0dB [ber_drl]  snr=+2.0dB [ber_drl]  snr=+4.0dB [ber_drl]  snr=+6.0dB [ber_drl]  snr=+8.0dB [ber_drl]  snr=+10.0dB [ber_drl]  snr=+12.0dB [ber_drl]  snr=+14.0dB [ber_drl]  snr=+16.0dB [ber_drl]  snr=+18.0dB [ber_drl]  snr=+20.0dB [ber_drl]Done (7.22s)
Batch 52/2000 (active points 11/11) [6m 10s elapsed] ...   snr=+0.0dB [ber_drl]  snr=+2.0dB [ber_drl]  snr=+4.0dB [ber_drl]  snr=+6.0dB [ber_drl]  snr=+8.0dB [ber_drl]  snr=+10.0dB [ber_drl]  snr=+12.0dB [ber_drl]  snr=+14.0dB [ber_drl]  snr=+16.0dB [ber_drl]  snr=+18.0dB [ber_drl]  snr=+20.0dB [ber_drl]Done (7.31s)
Batch 53/2000 (active points 11/11) [6m 17s elapsed] ...   snr=+0.0dB [ber_drl]  snr=+2.0dB [ber_drl]  snr=+4.0dB [ber_drl]  snr=+6.0dB [ber_drl]  snr=+8.0dB [ber_drl]  snr=+10.0dB [ber_drl]  snr=+12.0dB [ber_drl]  snr=+14.0dB [ber_drl]  snr=+16.0dB [ber_drl]  snr=+18.0dB [ber_drl]  snr=+20.0dB [ber_drl]Done (7.24s)
Batch 54/2000 (active points 11/11) [6m 24s elapsed] ...   snr=+0.0dB [ber_drl]  snr=+2.0dB [ber_drl]  snr=+4.0dB [ber_drl]  snr=+6.0dB [ber_drl]  snr=+8.0dB [ber_drl]  snr=+10.0dB [ber_drl]  snr=+12.0dB [ber_drl]  snr=+14.0dB [ber_drl]  snr=+16.0dB [ber_drl]  snr=+18.0dB [ber_drl]  snr=+20.0dB [ber_drl]Done (7.23s)
Batch 55/2000 (active points 11/11) [6m 32s elapsed] ...   snr=+0.0dB [ber_drl]  snr=+2.0dB [ber_drl]  snr=+4.0dB [ber_drl]  snr=+6.0dB [ber_drl]  snr=+8.0dB [ber_drl]  snr=+10.0dB [ber_drl]  snr=+12.0dB [ber_drl]  snr=+14.0dB [ber_drl]  snr=+16.0dB [ber_drl]  snr=+18.0dB [ber_drl]  snr=+20.0dB [ber_drl]Done (7.18s)
Batch 56/2000 (active points 11/11) [6m 39s elapsed] ...   snr=+0.0dB [ber_drl]  snr=+2.0dB [ber_drl]  snr=+4.0dB [ber_drl]  snr=+6.0dB [ber_drl]  snr=+8.0dB [ber_drl]  snr=+10.0dB [ber_drl]  snr=+12.0dB [ber_drl]  snr=+14.0dB [ber_drl]  snr=+16.0dB [ber_drl]  snr=+18.0dB [ber_drl]  snr=+20.0dB [ber_drl]Done (7.21s)
Batch 57/2000 (active points 11/11) [6m 46s elapsed] ...   snr=+0.0dB [ber_drl]  snr=+2.0dB [ber_drl]  snr=+4.0dB [ber_drl]  snr=+6.0dB [ber_drl]  snr=+8.0dB [ber_drl]  snr=+10.0dB [ber_drl]  snr=+12.0dB [ber_drl]  snr=+14.0dB [ber_drl]  snr=+16.0dB [ber_drl]  snr=+18.0dB [ber_drl]  snr=+20.0dB [ber_drl]Done (7.16s)
Batch 58/2000 (active points 11/11) [6m 53s elapsed] ...   snr=+0.0dB [ber_drl]  snr=+2.0dB [ber_drl]  snr=+4.0dB [ber_drl]  snr=+6.0dB [ber_drl]  snr=+8.0dB [ber_drl]  snr=+10.0dB [ber_drl]  snr=+12.0dB [ber_drl]  snr=+14.0dB [ber_drl]  snr=+16.0dB [ber_drl]  snr=+18.0dB [ber_drl]  snr=+20.0dB [ber_drl]Done (7.44s)
Batch 59/2000 (active points 11/11) [7m 01s elapsed] ...   snr=+0.0dB [ber_drl]  snr=+2.0dB [ber_drl]  snr=+4.0dB [ber_drl]  snr=+6.0dB [ber_drl]  snr=+8.0dB [ber_drl]  snr=+10.0dB [ber_drl]  snr=+12.0dB [ber_drl]  snr=+14.0dB [ber_drl]  snr=+16.0dB [ber_drl]  snr=+18.0dB [ber_drl]  snr=+20.0dB [ber_drl]Done (7.26s)
Batch 60/2000 (active points 11/11) [7m 08s elapsed] ...   snr=+0.0dB [ber_drl]  snr=+2.0dB [ber_drl]  snr=+4.0dB [ber_drl]  snr=+6.0dB [ber_drl]  snr=+8.0dB [ber_drl]  snr=+10.0dB [ber_drl]  snr=+12.0dB [ber_drl]  snr=+14.0dB [ber_drl]  snr=+16.0dB [ber_drl]  snr=+18.0dB [ber_drl]  snr=+20.0dB [ber_drl]Done (7.16s)
Batch 61/2000 (active points 11/11) [7m 15s elapsed] ...   snr=+0.0dB [ber_drl]  snr=+2.0dB [ber_drl]  snr=+4.0dB [ber_drl]  snr=+6.0dB [ber_drl]  snr=+8.0dB [ber_drl]  snr=+10.0dB [ber_drl]  snr=+12.0dB [ber_drl]  snr=+14.0dB [ber_drl]  snr=+16.0dB [ber_drl]  snr=+18.0dB [ber_drl]  snr=+20.0dB [ber_drl]Done (7.18s)
Batch 62/2000 (active points 11/11) [7m 22s elapsed] ...   snr=+0.0dB [ber_drl]  snr=+2.0dB [ber_drl]  snr=+4.0dB [ber_drl]  snr=+6.0dB [ber_drl]  snr=+8.0dB [ber_drl]  snr=+10.0dB [ber_drl]  snr=+12.0dB [ber_drl]  snr=+14.0dB [ber_drl]  snr=+16.0dB [ber_drl]  snr=+18.0dB [ber_drl]  snr=+20.0dB [ber_drl]Done (7.27s)
Batch 63/2000 (active points 11/11) [7m 29s elapsed] ...   snr=+0.0dB [ber_drl]  snr=+2.0dB [ber_drl]  snr=+4.0dB [ber_drl]  snr=+6.0dB [ber_drl]  snr=+8.0dB [ber_drl]  snr=+10.0dB [ber_drl]  snr=+12.0dB [ber_drl]  snr=+14.0dB [ber_drl]  snr=+16.0dB [ber_drl]  snr=+18.0dB [ber_drl]  snr=+20.0dB [ber_drl]Done (7.30s)
Batch 64/2000 (active points 11/11) [7m 37s elapsed] ...   snr=+0.0dB [ber_drl]  snr=+2.0dB [ber_drl]  snr=+4.0dB [ber_drl]  snr=+6.0dB [ber_drl]  snr=+8.0dB [ber_drl]  snr=+10.0dB [ber_drl]  snr=+12.0dB [ber_drl]  snr=+14.0dB [ber_drl]  snr=+16.0dB [ber_drl]  snr=+18.0dB [ber_drl]  snr=+20.0dB [ber_drl]Done (7.23s)
Batch 65/2000 (active points 11/11) [7m 44s elapsed] ...   snr=+0.0dB [ber_drl]  snr=+2.0dB [ber_drl]  snr=+4.0dB [ber_drl]  snr=+6.0dB [ber_drl]  snr=+8.0dB [ber_drl]  snr=+10.0dB [ber_drl]  snr=+12.0dB [ber_drl]  snr=+14.0dB [ber_drl]  snr=+16.0dB [ber_drl]  snr=+18.0dB [ber_drl]  snr=+20.0dB [ber_drl]Done (7.19s)
Batch 66/2000 (active points 11/11) [7m 51s elapsed] ...   snr=+0.0dB [ber_drl]  snr=+2.0dB [ber_drl]  snr=+4.0dB [ber_drl]  snr=+6.0dB [ber_drl]  snr=+8.0dB [ber_drl]  snr=+10.0dB [ber_drl]  snr=+12.0dB [ber_drl]  snr=+14.0dB [ber_drl]  snr=+16.0dB [ber_drl]  snr=+18.0dB [ber_drl]  snr=+20.0dB [ber_drl]Done (7.19s)
Batch 67/2000 (active points 11/11) [7m 58s elapsed] ...   snr=+0.0dB [ber_drl]  snr=+2.0dB [ber_drl]  snr=+4.0dB [ber_drl]  snr=+6.0dB [ber_drl]  snr=+8.0dB [ber_drl]  snr=+10.0dB [ber_drl]  snr=+12.0dB [ber_drl]  snr=+14.0dB [ber_drl]  snr=+16.0dB [ber_drl]  snr=+18.0dB [ber_drl]  snr=+20.0dB [ber_drl]Done (7.23s)
Batch 68/2000 (active points 11/11) [8m 06s elapsed] ...   snr=+0.0dB [ber_drl]  snr=+2.0dB [ber_drl]  snr=+4.0dB [ber_drl]  snr=+6.0dB [ber_drl]  snr=+8.0dB [ber_drl]  snr=+10.0dB [ber_drl]  snr=+12.0dB [ber_drl]  snr=+14.0dB [ber_drl]  snr=+16.0dB [ber_drl]  snr=+18.0dB [ber_drl]  snr=+20.0dB [ber_drl]Done (7.35s)
Batch 69/2000 (active points 11/11) [8m 13s elapsed] ...   snr=+0.0dB [ber_drl]  snr=+2.0dB [ber_drl]  snr=+4.0dB [ber_drl]  snr=+6.0dB [ber_drl]  snr=+8.0dB [ber_drl]  snr=+10.0dB [ber_drl]  snr=+12.0dB [ber_drl]  snr=+14.0dB [ber_drl]  snr=+16.0dB [ber_drl]  snr=+18.0dB [ber_drl]  snr=+20.0dB [ber_drl]Done (7.20s)
Batch 70/2000 (active points 11/11) [8m 20s elapsed] ...   snr=+0.0dB [ber_drl]  snr=+2.0dB [ber_drl]  snr=+4.0dB [ber_drl]  snr=+6.0dB [ber_drl]  snr=+8.0dB [ber_drl]  snr=+10.0dB [ber_drl]  snr=+12.0dB [ber_drl]  snr=+14.0dB [ber_drl]  snr=+16.0dB [ber_drl]  snr=+18.0dB [ber_drl]  snr=+20.0dB [ber_drl]Done (7.22s)
Batch 71/2000 (active points 11/11) [8m 27s elapsed] ...   snr=+0.0dB [ber_drl]  snr=+2.0dB [ber_drl]  snr=+4.0dB [ber_drl]  snr=+6.0dB [ber_drl]  snr=+8.0dB [ber_drl]  snr=+10.0dB [ber_drl]  snr=+12.0dB [ber_drl]  snr=+14.0dB [ber_drl]  snr=+16.0dB [ber_drl]  snr=+18.0dB [ber_drl]  snr=+20.0dB [ber_drl]Done (7.12s)
Batch 72/2000 (active points 11/11) [8m 35s elapsed] ...   snr=+0.0dB [ber_drl]  snr=+2.0dB [ber_drl]  snr=+4.0dB [ber_drl]  snr=+6.0dB [ber_drl]  snr=+8.0dB [ber_drl]  snr=+10.0dB [ber_drl]  snr=+12.0dB [ber_drl]  snr=+14.0dB [ber_drl]  snr=+16.0dB [ber_drl]  snr=+18.0dB [ber_drl]  snr=+20.0dB [ber_drl]Done (7.25s)
Batch 73/2000 (active points 11/11) [8m 42s elapsed] ...   snr=+0.0dB [ber_drl]  snr=+2.0dB [ber_drl]  snr=+4.0dB [ber_drl]  snr=+6.0dB [ber_drl]  snr=+8.0dB [ber_drl]  snr=+10.0dB [ber_drl]  snr=+12.0dB [ber_drl]  snr=+14.0dB [ber_drl]  snr=+16.0dB [ber_drl]  snr=+18.0dB [ber_drl]  snr=+20.0dB [ber_drl]Done (7.39s)
Batch 74/2000 (active points 11/11) [8m 49s elapsed] ...   snr=+0.0dB [ber_drl]  snr=+2.0dB [ber_drl]  snr=+4.0dB [ber_drl]  snr=+6.0dB [ber_drl]  snr=+8.0dB [ber_drl]  snr=+10.0dB [ber_drl]  snr=+12.0dB [ber_drl]  snr=+14.0dB [ber_drl]  snr=+16.0dB [ber_drl]  snr=+18.0dB [ber_drl]  snr=+20.0dB [ber_drl]Done (7.24s)
Batch 75/2000 (active points 11/11) [8m 56s elapsed] ...   snr=+0.0dB [ber_drl]  snr=+2.0dB [ber_drl]  snr=+4.0dB [ber_drl]  snr=+6.0dB [ber_drl]  snr=+8.0dB [ber_drl]  snr=+10.0dB [ber_drl]  snr=+12.0dB [ber_drl]  snr=+14.0dB [ber_drl]  snr=+16.0dB [ber_drl]  snr=+18.0dB [ber_drl]  snr=+20.0dB [ber_drl]Done (7.20s)
Batch 76/2000 (active points 11/11) [9m 04s elapsed] ...   snr=+0.0dB [ber_drl]  snr=+2.0dB [ber_drl]  snr=+4.0dB [ber_drl]  snr=+6.0dB [ber_drl]  snr=+8.0dB [ber_drl]  snr=+10.0dB [ber_drl]  snr=+12.0dB [ber_drl]  snr=+14.0dB [ber_drl]  snr=+16.0dB [ber_drl]  snr=+18.0dB [ber_drl]  snr=+20.0dB [ber_drl]Done (7.16s)
Batch 77/2000 (active points 11/11) [9m 11s elapsed] ...   snr=+0.0dB [ber_drl]  snr=+2.0dB [ber_drl]  snr=+4.0dB [ber_drl]  snr=+6.0dB [ber_drl]  snr=+8.0dB [ber_drl]  snr=+10.0dB [ber_drl]  snr=+12.0dB [ber_drl]  snr=+14.0dB [ber_drl]  snr=+16.0dB [ber_drl]  snr=+18.0dB [ber_drl]  snr=+20.0dB [ber_drl]Done (7.37s)
Batch 78/2000 (active points 11/11) [9m 18s elapsed] ...   snr=+0.0dB [ber_drl]  snr=+2.0dB [ber_drl]  snr=+4.0dB [ber_drl]  snr=+6.0dB [ber_drl]  snr=+8.0dB [ber_drl]  snr=+10.0dB [ber_drl]  snr=+12.0dB [ber_drl]  snr=+14.0dB [ber_drl]  snr=+16.0dB [ber_drl]  snr=+18.0dB [ber_drl]  snr=+20.0dB [ber_drl]Done (7.21s)
Batch 79/2000 (active points 11/11) [9m 25s elapsed] ...   snr=+0.0dB [ber_drl]  snr=+2.0dB [ber_drl]  snr=+4.0dB [ber_drl]  snr=+6.0dB [ber_drl]  snr=+8.0dB [ber_drl]  snr=+10.0dB [ber_drl]  snr=+12.0dB [ber_drl]  snr=+14.0dB [ber_drl]  snr=+16.0dB [ber_drl]  snr=+18.0dB [ber_drl]  snr=+20.0dB [ber_drl]Done (7.26s)
Batch 80/2000 (active points 11/11) [9m 33s elapsed] ...   snr=+0.0dB [ber_drl]  snr=+2.0dB [ber_drl]  snr=+4.0dB [ber_drl]  snr=+6.0dB [ber_drl]  snr=+8.0dB [ber_drl]  snr=+10.0dB [ber_drl]  snr=+12.0dB [ber_drl]  snr=+14.0dB [ber_drl]  snr=+16.0dB [ber_drl]  snr=+18.0dB [ber_drl]  snr=+20.0dB [ber_drl]Done (7.29s)
Batch 81/2000 (active points 11/11) [9m 40s elapsed] ...   snr=+0.0dB [ber_drl]  snr=+2.0dB [ber_drl]  snr=+4.0dB [ber_drl]  snr=+6.0dB [ber_drl]  snr=+8.0dB [ber_drl]  snr=+10.0dB [ber_drl]  snr=+12.0dB [ber_drl]  snr=+14.0dB [ber_drl]  snr=+16.0dB [ber_drl]  snr=+18.0dB [ber_drl]  snr=+20.0dB [ber_drl]Done (7.25s)
Batch 82/2000 (active points 11/11) [9m 47s elapsed] ...   snr=+0.0dB [ber_drl]  snr=+2.0dB [ber_drl]  snr=+4.0dB [ber_drl]  snr=+6.0dB [ber_drl]  snr=+8.0dB [ber_drl]  snr=+10.0dB [ber_drl]  snr=+12.0dB [ber_drl]  snr=+14.0dB [ber_drl]  snr=+16.0dB [ber_drl]  snr=+18.0dB [ber_drl]  snr=+20.0dB [ber_drl]Done (7.18s)
Batch 83/2000 (active points 11/11) [9m 54s elapsed] ...   snr=+0.0dB [ber_drl]  snr=+2.0dB [ber_drl]  snr=+4.0dB [ber_drl]  snr=+6.0dB [ber_drl]  snr=+8.0dB [ber_drl]  snr=+10.0dB [ber_drl]  snr=+12.0dB [ber_drl]  snr=+14.0dB [ber_drl]  snr=+16.0dB [ber_drl]  snr=+18.0dB [ber_drl]  snr=+20.0dB [ber_drl]Done (7.27s)
Batch 84/2000 (active points 11/11) [10m 02s elapsed] ...   snr=+0.0dB [ber_drl]  snr=+2.0dB [ber_drl]  snr=+4.0dB [ber_drl]  snr=+6.0dB [ber_drl]  snr=+8.0dB [ber_drl]  snr=+10.0dB [ber_drl]  snr=+12.0dB [ber_drl]  snr=+14.0dB [ber_drl]  snr=+16.0dB [ber_drl]  snr=+18.0dB [ber_drl]  snr=+20.0dB [ber_drl]Done (7.28s)
Batch 85/2000 (active points 11/11) [10m 09s elapsed] ...   snr=+0.0dB [ber_drl]  snr=+2.0dB [ber_drl]  snr=+4.0dB [ber_drl]  snr=+6.0dB [ber_drl]  snr=+8.0dB [ber_drl]  snr=+10.0dB [ber_drl]  snr=+12.0dB [ber_drl]  snr=+14.0dB [ber_drl]  snr=+16.0dB [ber_drl]  snr=+18.0dB [ber_drl]  snr=+20.0dB [ber_drl]Done (7.19s)
Batch 86/2000 (active points 11/11) [10m 16s elapsed] ...   snr=+0.0dB [ber_drl]  snr=+2.0dB [ber_drl]  snr=+4.0dB [ber_drl]  snr=+6.0dB [ber_drl]  snr=+8.0dB [ber_drl]  snr=+10.0dB [ber_drl]  snr=+12.0dB [ber_drl]  snr=+14.0dB [ber_drl]  snr=+16.0dB [ber_drl]  snr=+18.0dB [ber_drl]  snr=+20.0dB [ber_drl]Done (7.17s)
Batch 87/2000 (active points 11/11) [10m 23s elapsed] ...   snr=+0.0dB [ber_drl]  snr=+2.0dB [ber_drl]  snr=+4.0dB [ber_drl]  snr=+6.0dB [ber_drl]  snr=+8.0dB [ber_drl]  snr=+10.0dB [ber_drl]  snr=+12.0dB [ber_drl]  snr=+14.0dB [ber_drl]  snr=+16.0dB [ber_drl]  snr=+18.0dB [ber_drl]  snr=+20.0dB [ber_drl]Done (7.29s)
Batch 88/2000 (active points 11/11) [10m 31s elapsed] ...   snr=+0.0dB [ber_drl]  snr=+2.0dB [ber_drl]  snr=+4.0dB [ber_drl]  snr=+6.0dB [ber_drl]  snr=+8.0dB [ber_drl]  snr=+10.0dB [ber_drl]  snr=+12.0dB [ber_drl]  snr=+14.0dB [ber_drl]  snr=+16.0dB [ber_drl]  snr=+18.0dB [ber_drl]  snr=+20.0dB [ber_drl]Done (7.22s)
Batch 89/2000 (active points 11/11) [10m 38s elapsed] ...   snr=+0.0dB [ber_drl]  snr=+2.0dB [ber_drl]  snr=+4.0dB [ber_drl]  snr=+6.0dB [ber_drl]  snr=+8.0dB [ber_drl]  snr=+10.0dB [ber_drl]  snr=+12.0dB [ber_drl]  snr=+14.0dB [ber_drl]  snr=+16.0dB [ber_drl]  snr=+18.0dB [ber_drl]  snr=+20.0dB [ber_drl]Done (7.24s)
Batch 90/2000 (active points 11/11) [10m 45s elapsed] ...   snr=+0.0dB [ber_drl]  snr=+2.0dB [ber_drl]  snr=+4.0dB [ber_drl]  snr=+6.0dB [ber_drl]  snr=+8.0dB [ber_drl]  snr=+10.0dB [ber_drl]  snr=+12.0dB [ber_drl]  snr=+14.0dB [ber_drl]  snr=+16.0dB [ber_drl]  snr=+18.0dB [ber_drl]  snr=+20.0dB [ber_drl]Done (7.21s)
Batch 91/2000 (active points 11/11) [10m 52s elapsed] ...   snr=+0.0dB [ber_drl]  snr=+2.0dB [ber_drl]  snr=+4.0dB [ber_drl]  snr=+6.0dB [ber_drl]  snr=+8.0dB [ber_drl]  snr=+10.0dB [ber_drl]  snr=+12.0dB [ber_drl]  snr=+14.0dB [ber_drl]  snr=+16.0dB [ber_drl]  snr=+18.0dB [ber_drl]  snr=+20.0dB [ber_drl]Done (7.30s)
Batch 92/2000 (active points 11/11) [11m 00s elapsed] ...   snr=+0.0dB [ber_drl]  snr=+2.0dB [ber_drl]  snr=+4.0dB [ber_drl]  snr=+6.0dB [ber_drl]  snr=+8.0dB [ber_drl]  snr=+10.0dB [ber_drl]  snr=+12.0dB [ber_drl]  snr=+14.0dB [ber_drl]  snr=+16.0dB [ber_drl]  snr=+18.0dB [ber_drl]  snr=+20.0dB [ber_drl]Done (7.05s)
Batch 93/2000 (active points 11/11) [11m 07s elapsed] ...   snr=+0.0dB [ber_drl]  snr=+2.0dB [ber_drl]  snr=+4.0dB [ber_drl]  snr=+6.0dB [ber_drl]  snr=+8.0dB [ber_drl]  snr=+10.0dB [ber_drl]  snr=+12.0dB [ber_drl]  snr=+14.0dB [ber_drl]  snr=+16.0dB [ber_drl]  snr=+18.0dB [ber_drl]  snr=+20.0dB [ber_drl]Done (7.13s)
Batch 94/2000 (active points 11/11) [11m 14s elapsed] ...   snr=+0.0dB [ber_drl]  snr=+2.0dB [ber_drl]  snr=+4.0dB [ber_drl]  snr=+6.0dB [ber_drl]  snr=+8.0dB [ber_drl]  snr=+10.0dB [ber_drl]  snr=+12.0dB [ber_drl]  snr=+14.0dB [ber_drl]  snr=+16.0dB [ber_drl]  snr=+18.0dB [ber_drl]  snr=+20.0dB [ber_drl]Done (7.17s)
Batch 95/2000 (active points 11/11) [11m 21s elapsed] ...   snr=+0.0dB [ber_drl]  snr=+2.0dB [ber_drl]  snr=+4.0dB [ber_drl]  snr=+6.0dB [ber_drl]  snr=+8.0dB [ber_drl]  snr=+10.0dB [ber_drl]  snr=+12.0dB [ber_drl]  snr=+14.0dB [ber_drl]  snr=+16.0dB [ber_drl]  snr=+18.0dB [ber_drl]  snr=+20.0dB [ber_drl]Done (7.22s)
Batch 96/2000 (active points 11/11) [11m 28s elapsed] ...   snr=+0.0dB [ber_drl]  snr=+2.0dB [ber_drl]  snr=+4.0dB [ber_drl]  snr=+6.0dB [ber_drl]  snr=+8.0dB [ber_drl]  snr=+10.0dB [ber_drl]  snr=+12.0dB [ber_drl]  snr=+14.0dB [ber_drl]  snr=+16.0dB [ber_drl]  snr=+18.0dB [ber_drl]  snr=+20.0dB [ber_drl]Done (7.32s)
Batch 97/2000 (active points 11/11) [11m 35s elapsed] ...   snr=+0.0dB [ber_drl]  snr=+2.0dB [ber_drl]  snr=+4.0dB [ber_drl]  snr=+6.0dB [ber_drl]  snr=+8.0dB [ber_drl]  snr=+10.0dB [ber_drl]  snr=+12.0dB [ber_drl]  snr=+14.0dB [ber_drl]  snr=+16.0dB [ber_drl]  snr=+18.0dB [ber_drl]  snr=+20.0dB [ber_drl]Done (7.07s)
Batch 98/2000 (active points 11/11) [11m 42s elapsed] ...   snr=+0.0dB [ber_drl]  snr=+2.0dB [ber_drl]  snr=+4.0dB [ber_drl]  snr=+6.0dB [ber_drl]  snr=+8.0dB [ber_drl]  snr=+10.0dB [ber_drl]  snr=+12.0dB [ber_drl]  snr=+14.0dB [ber_drl]  snr=+16.0dB [ber_drl]  snr=+18.0dB [ber_drl]  snr=+20.0dB [ber_drl]Done (7.18s)
Batch 99/2000 (active points 11/11) [11m 50s elapsed] ...   snr=+0.0dB [ber_drl]  snr=+2.0dB [ber_drl]  snr=+4.0dB [ber_drl]  snr=+6.0dB [ber_drl]  snr=+8.0dB [ber_drl]  snr=+10.0dB [ber_drl]  snr=+12.0dB [ber_drl]  snr=+14.0dB [ber_drl]  snr=+16.0dB [ber_drl]  snr=+18.0dB [ber_drl]  snr=+20.0dB [ber_drl]Done (7.24s)
Batch 100/2000 (active points 11/11) [11m 57s elapsed] ...   snr=+0.0dB [ber_drl]  snr=+2.0dB [ber_drl]  snr=+4.0dB [ber_drl]  snr=+6.0dB [ber_drl]  snr=+8.0dB [ber_drl]  snr=+10.0dB [ber_drl]  snr=+12.0dB [ber_drl]  snr=+14.0dB [ber_drl]  snr=+16.0dB [ber_drl]  snr=+18.0dB [ber_drl]  snr=+20.0dB [ber_drl]Done (7.12s)
Batch 101/2000 (active points 11/11) [12m 04s elapsed] ...   snr=+0.0dB [ber_drl]  snr=+2.0dB [ber_drl]  snr=+4.0dB [ber_drl]  snr=+6.0dB [ber_drl]  snr=+8.0dB [ber_drl]  snr=+10.0dB [ber_drl]  snr=+12.0dB [ber_drl]  snr=+14.0dB [ber_drl]  snr=+16.0dB [ber_drl]  snr=+18.0dB [ber_drl]  snr=+20.0dB [ber_drl]Done (7.16s)
Batch 102/2000 (active points 11/11) [12m 11s elapsed] ...   snr=+0.0dB [ber_drl]  snr=+2.0dB [ber_drl]  snr=+4.0dB [ber_drl]  snr=+6.0dB [ber_drl]  snr=+8.0dB [ber_drl]  snr=+10.0dB [ber_drl]  snr=+12.0dB [ber_drl]  snr=+14.0dB [ber_drl]  snr=+16.0dB [ber_drl]  snr=+18.0dB [ber_drl]  snr=+20.0dB [ber_drl]Done (7.10s)
Batch 103/2000 (active points 11/11) [12m 18s elapsed] ...   snr=+0.0dB [ber_drl]  snr=+2.0dB [ber_drl]  snr=+4.0dB [ber_drl]  snr=+6.0dB [ber_drl]  snr=+8.0dB [ber_drl]  snr=+10.0dB [ber_drl]  snr=+12.0dB [ber_drl]  snr=+14.0dB [ber_drl]  snr=+16.0dB [ber_drl]  snr=+18.0dB [ber_drl]  snr=+20.0dB [ber_drl]Done (7.11s)
Batch 104/2000 (active points 11/11) [12m 25s elapsed] ...   snr=+0.0dB [ber_drl]  snr=+2.0dB [ber_drl]  snr=+4.0dB [ber_drl]  snr=+6.0dB [ber_drl]  snr=+8.0dB [ber_drl]  snr=+10.0dB [ber_drl]  snr=+12.0dB [ber_drl]  snr=+14.0dB [ber_drl]  snr=+16.0dB [ber_drl]  snr=+18.0dB [ber_drl]  snr=+20.0dB [ber_drl]Done (7.18s)
Batch 105/2000 (active points 11/11) [12m 33s elapsed] ...   snr=+0.0dB [ber_drl]  snr=+2.0dB [ber_drl]  snr=+4.0dB [ber_drl]  snr=+6.0dB [ber_drl]  snr=+8.0dB [ber_drl]  snr=+10.0dB [ber_drl]  snr=+12.0dB [ber_drl]  snr=+14.0dB [ber_drl]  snr=+16.0dB [ber_drl]  snr=+18.0dB [ber_drl]  snr=+20.0dB [ber_drl]Done (7.17s)
Batch 106/2000 (active points 11/11) [12m 40s elapsed] ...   snr=+0.0dB [ber_drl]  snr=+2.0dB [ber_drl]  snr=+4.0dB [ber_drl]  snr=+6.0dB [ber_drl]  snr=+8.0dB [ber_drl]  snr=+10.0dB [ber_drl]  snr=+12.0dB [ber_drl]  snr=+14.0dB [ber_drl]  snr=+16.0dB [ber_drl]  snr=+18.0dB [ber_drl]  snr=+20.0dB [ber_drl]Done (7.32s)
Batch 107/2000 (active points 11/11) [12m 47s elapsed] ...   snr=+0.0dB [ber_drl]  snr=+2.0dB [ber_drl]  snr=+4.0dB [ber_drl]  snr=+6.0dB [ber_drl]  snr=+8.0dB [ber_drl]  snr=+10.0dB [ber_drl]  snr=+12.0dB [ber_drl]  snr=+14.0dB [ber_drl]  snr=+16.0dB [ber_drl]  snr=+18.0dB [ber_drl]  snr=+20.0dB [ber_drl]Done (7.11s)
Batch 108/2000 (active points 11/11) [12m 54s elapsed] ...   snr=+0.0dB [ber_drl]  snr=+2.0dB [ber_drl]  snr=+4.0dB [ber_drl]  snr=+6.0dB [ber_drl]  snr=+8.0dB [ber_drl]  snr=+10.0dB [ber_drl]  snr=+12.0dB [ber_drl]  snr=+14.0dB [ber_drl]  snr=+16.0dB [ber_drl]  snr=+18.0dB [ber_drl]  snr=+20.0dB [ber_drl]Done (7.23s)
Batch 109/2000 (active points 11/11) [13m 01s elapsed] ...   snr=+0.0dB [ber_drl]  snr=+2.0dB [ber_drl]  snr=+4.0dB [ber_drl]  snr=+6.0dB [ber_drl]  snr=+8.0dB [ber_drl]  snr=+10.0dB [ber_drl]  snr=+12.0dB [ber_drl]  snr=+14.0dB [ber_drl]  snr=+16.0dB [ber_drl]  snr=+18.0dB [ber_drl]  snr=+20.0dB [ber_drl]Done (7.15s)
Batch 110/2000 (active points 11/11) [13m 09s elapsed] ...   snr=+0.0dB [ber_drl]  snr=+2.0dB [ber_drl]  snr=+4.0dB [ber_drl]  snr=+6.0dB [ber_drl]  snr=+8.0dB [ber_drl]  snr=+10.0dB [ber_drl]  snr=+12.0dB [ber_drl]  snr=+14.0dB [ber_drl]  snr=+16.0dB [ber_drl]  snr=+18.0dB [ber_drl]  snr=+20.0dB [ber_drl]Done (7.21s)
Batch 111/2000 (active points 11/11) [13m 16s elapsed] ...   snr=+0.0dB [ber_drl]  snr=+2.0dB [ber_drl]  snr=+4.0dB [ber_drl]  snr=+6.0dB [ber_drl]  snr=+8.0dB [ber_drl]  snr=+10.0dB [ber_drl]  snr=+12.0dB [ber_drl]  snr=+14.0dB [ber_drl]  snr=+16.0dB [ber_drl]  snr=+18.0dB [ber_drl]  snr=+20.0dB [ber_drl]Done (7.12s)
Batch 112/2000 (active points 11/11) [13m 23s elapsed] ...   snr=+0.0dB [ber_drl]  snr=+2.0dB [ber_drl]  snr=+4.0dB [ber_drl]  snr=+6.0dB [ber_drl]  snr=+8.0dB [ber_drl]  snr=+10.0dB [ber_drl]  snr=+12.0dB [ber_drl]  snr=+14.0dB [ber_drl]  snr=+16.0dB [ber_drl]  snr=+18.0dB [ber_drl]  snr=+20.0dB [ber_drl]Done (7.14s)
Batch 113/2000 (active points 11/11) [13m 30s elapsed] ...   snr=+0.0dB [ber_drl]  snr=+2.0dB [ber_drl]  snr=+4.0dB [ber_drl]  snr=+6.0dB [ber_drl]  snr=+8.0dB [ber_drl]  snr=+10.0dB [ber_drl]  snr=+12.0dB [ber_drl]  snr=+14.0dB [ber_drl]  snr=+16.0dB [ber_drl]  snr=+18.0dB [ber_drl]  snr=+20.0dB [ber_drl]Done (7.13s)
Batch 114/2000 (active points 11/11) [13m 37s elapsed] ...   snr=+0.0dB [ber_drl]  snr=+2.0dB [ber_drl]  snr=+4.0dB [ber_drl]  snr=+6.0dB [ber_drl]  snr=+8.0dB [ber_drl]  snr=+10.0dB [ber_drl]  snr=+12.0dB [ber_drl]  snr=+14.0dB [ber_drl]  snr=+16.0dB [ber_drl]  snr=+18.0dB [ber_drl]  snr=+20.0dB [ber_drl]Done (7.15s)
Batch 115/2000 (active points 11/11) [13m 44s elapsed] ...   snr=+0.0dB [ber_drl]  snr=+2.0dB [ber_drl]  snr=+4.0dB [ber_drl]  snr=+6.0dB [ber_drl]  snr=+8.0dB [ber_drl]  snr=+10.0dB [ber_drl]  snr=+12.0dB [ber_drl]  snr=+14.0dB [ber_drl]  snr=+16.0dB [ber_drl]  snr=+18.0dB [ber_drl]  snr=+20.0dB [ber_drl]Done (7.16s)
Batch 116/2000 (active points 11/11) [13m 51s elapsed] ...   snr=+0.0dB [ber_drl]  snr=+2.0dB [ber_drl]  snr=+4.0dB [ber_drl]  snr=+6.0dB [ber_drl]  snr=+8.0dB [ber_drl]  snr=+10.0dB [ber_drl]  snr=+12.0dB [ber_drl]  snr=+14.0dB [ber_drl]  snr=+16.0dB [ber_drl]  snr=+18.0dB [ber_drl]  snr=+20.0dB [ber_drl]Done (7.17s)
Batch 117/2000 (active points 11/11) [13m 59s elapsed] ...   snr=+0.0dB [ber_drl]  snr=+2.0dB [ber_drl]  snr=+4.0dB [ber_drl]  snr=+6.0dB [ber_drl]  snr=+8.0dB [ber_drl]  snr=+10.0dB [ber_drl]  snr=+12.0dB [ber_drl]  snr=+14.0dB [ber_drl]  snr=+16.0dB [ber_drl]  snr=+18.0dB [ber_drl]  snr=+20.0dB [ber_drl]Done (7.10s)
Batch 118/2000 (active points 11/11) [14m 06s elapsed] ...   snr=+0.0dB [ber_drl]  snr=+2.0dB [ber_drl]  snr=+4.0dB [ber_drl]  snr=+6.0dB [ber_drl]  snr=+8.0dB [ber_drl]  snr=+10.0dB [ber_drl]  snr=+12.0dB [ber_drl]  snr=+14.0dB [ber_drl]  snr=+16.0dB [ber_drl]  snr=+18.0dB [ber_drl]  snr=+20.0dB [ber_drl]Done (7.16s)
Batch 119/2000 (active points 11/11) [14m 13s elapsed] ...   snr=+0.0dB [ber_drl]  snr=+2.0dB [ber_drl]  snr=+4.0dB [ber_drl]  snr=+6.0dB [ber_drl]  snr=+8.0dB [ber_drl]  snr=+10.0dB [ber_drl]  snr=+12.0dB [ber_drl]  snr=+14.0dB [ber_drl]  snr=+16.0dB [ber_drl]  snr=+18.0dB [ber_drl]  snr=+20.0dB [ber_drl]Done (7.20s)
Batch 120/2000 (active points 11/11) [14m 20s elapsed] ...   snr=+0.0dB [ber_drl]  snr=+2.0dB [ber_drl]  snr=+4.0dB [ber_drl]  snr=+6.0dB [ber_drl]  snr=+8.0dB [ber_drl]  snr=+10.0dB [ber_drl]  snr=+12.0dB [ber_drl]  snr=+14.0dB [ber_drl]  snr=+16.0dB [ber_drl]  snr=+18.0dB [ber_drl]  snr=+20.0dB [ber_drl]Done (7.22s)
Batch 121/2000 (active points 11/11) [14m 27s elapsed] ...   snr=+0.0dB [ber_drl]  snr=+2.0dB [ber_drl]  snr=+4.0dB [ber_drl]  snr=+6.0dB [ber_drl]  snr=+8.0dB [ber_drl]  snr=+10.0dB [ber_drl]  snr=+12.0dB [ber_drl]  snr=+14.0dB [ber_drl]  snr=+16.0dB [ber_drl]  snr=+18.0dB [ber_drl]  snr=+20.0dB [ber_drl]Done (7.04s)
Batch 122/2000 (active points 11/11) [14m 34s elapsed] ...   snr=+0.0dB [ber_drl]  snr=+2.0dB [ber_drl]  snr=+4.0dB [ber_drl]  snr=+6.0dB [ber_drl]  snr=+8.0dB [ber_drl]  snr=+10.0dB [ber_drl]  snr=+12.0dB [ber_drl]  snr=+14.0dB [ber_drl]  snr=+16.0dB [ber_drl]  snr=+18.0dB [ber_drl]  snr=+20.0dB [ber_drl]Done (7.23s)
Batch 123/2000 (active points 11/11) [14m 42s elapsed] ...   snr=+0.0dB [ber_drl]  snr=+2.0dB [ber_drl]  snr=+4.0dB [ber_drl]  snr=+6.0dB [ber_drl]  snr=+8.0dB [ber_drl]  snr=+10.0dB [ber_drl]  snr=+12.0dB [ber_drl]  snr=+14.0dB [ber_drl]  snr=+16.0dB [ber_drl]  snr=+18.0dB [ber_drl]  snr=+20.0dB [ber_drl]Done (7.18s)
Batch 124/2000 (active points 11/11) [14m 49s elapsed] ...   snr=+0.0dB [ber_drl]  snr=+2.0dB [ber_drl]  snr=+4.0dB [ber_drl]  snr=+6.0dB [ber_drl]  snr=+8.0dB [ber_drl]  snr=+10.0dB [ber_drl]  snr=+12.0dB [ber_drl]  snr=+14.0dB [ber_drl]  snr=+16.0dB [ber_drl]  snr=+18.0dB [ber_drl]  snr=+20.0dB [ber_drl]Done (7.11s)
Batch 125/2000 (active points 11/11) [14m 56s elapsed] ...   snr=+0.0dB [ber_drl]  snr=+2.0dB [ber_drl]  snr=+4.0dB [ber_drl]  snr=+6.0dB [ber_drl]  snr=+8.0dB [ber_drl]  snr=+10.0dB [ber_drl]  snr=+12.0dB [ber_drl]  snr=+14.0dB [ber_drl]  snr=+16.0dB [ber_drl]  snr=+18.0dB [ber_drl]  snr=+20.0dB [ber_drl]Done (7.18s)
Batch 126/2000 (active points 11/11) [15m 03s elapsed] ...   snr=+0.0dB [ber_drl]  snr=+2.0dB [ber_drl]  snr=+4.0dB [ber_drl]  snr=+6.0dB [ber_drl]  snr=+8.0dB [ber_drl]  snr=+10.0dB [ber_drl]  snr=+12.0dB [ber_drl]  snr=+14.0dB [ber_drl]  snr=+16.0dB [ber_drl]  snr=+18.0dB [ber_drl]  snr=+20.0dB [ber_drl]Done (7.17s)
Batch 127/2000 (active points 11/11) [15m 10s elapsed] ...   snr=+0.0dB [ber_drl]  snr=+2.0dB [ber_drl]  snr=+4.0dB [ber_drl]  snr=+6.0dB [ber_drl]  snr=+8.0dB [ber_drl]  snr=+10.0dB [ber_drl]  snr=+12.0dB [ber_drl]  snr=+14.0dB [ber_drl]  snr=+16.0dB [ber_drl]  snr=+18.0dB [ber_drl]  snr=+20.0dB [ber_drl]Done (7.20s)
Batch 128/2000 (active points 11/11) [15m 17s elapsed] ...   snr=+0.0dB [ber_drl]  snr=+2.0dB [ber_drl]  snr=+4.0dB [ber_drl]  snr=+6.0dB [ber_drl]  snr=+8.0dB [ber_drl]  snr=+10.0dB [ber_drl]  snr=+12.0dB [ber_drl]  snr=+14.0dB [ber_drl]  snr=+16.0dB [ber_drl]  snr=+18.0dB [ber_drl]  snr=+20.0dB [ber_drl]Done (7.20s)
Batch 129/2000 (active points 11/11) [15m 25s elapsed] ...   snr=+0.0dB [ber_drl]  snr=+2.0dB [ber_drl]  snr=+4.0dB [ber_drl]  snr=+6.0dB [ber_drl]  snr=+8.0dB [ber_drl]  snr=+10.0dB [ber_drl]  snr=+12.0dB [ber_drl]  snr=+14.0dB [ber_drl]  snr=+16.0dB [ber_drl]  snr=+18.0dB [ber_drl]  snr=+20.0dB [ber_drl]Done (7.18s)
Batch 130/2000 (active points 11/11) [15m 32s elapsed] ...   snr=+0.0dB [ber_drl]  snr=+2.0dB [ber_drl]  snr=+4.0dB [ber_drl]  snr=+6.0dB [ber_drl]  snr=+8.0dB [ber_drl]  snr=+10.0dB [ber_drl]  snr=+12.0dB [ber_drl]  snr=+14.0dB [ber_drl]  snr=+16.0dB [ber_drl]  snr=+18.0dB [ber_drl]  snr=+20.0dB [ber_drl]Done (7.16s)
Batch 131/2000 (active points 11/11) [15m 39s elapsed] ...   snr=+0.0dB [ber_drl]  snr=+2.0dB [ber_drl]  snr=+4.0dB [ber_drl]  snr=+6.0dB [ber_drl]  snr=+8.0dB [ber_drl]  snr=+10.0dB [ber_drl]  snr=+12.0dB [ber_drl]  snr=+14.0dB [ber_drl]  snr=+16.0dB [ber_drl]  snr=+18.0dB [ber_drl]  snr=+20.0dB [ber_drl]Done (7.15s)
Batch 132/2000 (active points 11/11) [15m 46s elapsed] ...   snr=+0.0dB [ber_drl]  snr=+2.0dB [ber_drl]  snr=+4.0dB [ber_drl]  snr=+6.0dB [ber_drl]  snr=+8.0dB [ber_drl]  snr=+10.0dB [ber_drl]  snr=+12.0dB [ber_drl]  snr=+14.0dB [ber_drl]  snr=+16.0dB [ber_drl]  snr=+18.0dB [ber_drl]  snr=+20.0dB [ber_drl]Done (7.16s)
Batch 133/2000 (active points 11/11) [15m 53s elapsed] ...   snr=+0.0dB [ber_drl]  snr=+2.0dB [ber_drl]  snr=+4.0dB [ber_drl]  snr=+6.0dB [ber_drl]  snr=+8.0dB [ber_drl]  snr=+10.0dB [ber_drl]  snr=+12.0dB [ber_drl]  snr=+14.0dB [ber_drl]  snr=+16.0dB [ber_drl]  snr=+18.0dB [ber_drl]  snr=+20.0dB [ber_drl]Done (7.17s)
Batch 134/2000 (active points 11/11) [16m 00s elapsed] ...   snr=+0.0dB [ber_drl]  snr=+2.0dB [ber_drl]  snr=+4.0dB [ber_drl]  snr=+6.0dB [ber_drl]  snr=+8.0dB [ber_drl]  snr=+10.0dB [ber_drl]  snr=+12.0dB [ber_drl]  snr=+14.0dB [ber_drl]  snr=+16.0dB [ber_drl]  snr=+18.0dB [ber_drl]  snr=+20.0dB [ber_drl]Done (7.14s)
Batch 135/2000 (active points 11/11) [16m 08s elapsed] ...   snr=+0.0dB [ber_drl]  snr=+2.0dB [ber_drl]  snr=+4.0dB [ber_drl]  snr=+6.0dB [ber_drl]  snr=+8.0dB [ber_drl]  snr=+10.0dB [ber_drl]  snr=+12.0dB [ber_drl]  snr=+14.0dB [ber_drl]  snr=+16.0dB [ber_drl]  snr=+18.0dB [ber_drl]  snr=+20.0dB [ber_drl]Done (7.14s)
Batch 136/2000 (active points 11/11) [16m 15s elapsed] ...   snr=+0.0dB [ber_drl]  snr=+2.0dB [ber_drl]  snr=+4.0dB [ber_drl]  snr=+6.0dB [ber_drl]  snr=+8.0dB [ber_drl]  snr=+10.0dB [ber_drl]  snr=+12.0dB [ber_drl]  snr=+14.0dB [ber_drl]  snr=+16.0dB [ber_drl]  snr=+18.0dB [ber_drl]  snr=+20.0dB [ber_drl]Done (7.29s)
Batch 137/2000 (active points 11/11) [16m 22s elapsed] ...   snr=+0.0dB [ber_drl]  snr=+2.0dB [ber_drl]  snr=+4.0dB [ber_drl]  snr=+6.0dB [ber_drl]  snr=+8.0dB [ber_drl]  snr=+10.0dB [ber_drl]  snr=+12.0dB [ber_drl]  snr=+14.0dB [ber_drl]  snr=+16.0dB [ber_drl]  snr=+18.0dB [ber_drl]  snr=+20.0dB [ber_drl]Done (7.23s)
Batch 138/2000 (active points 11/11) [16m 29s elapsed] ...   snr=+0.0dB [ber_drl]  snr=+2.0dB [ber_drl]  snr=+4.0dB [ber_drl]  snr=+6.0dB [ber_drl]  snr=+8.0dB [ber_drl]  snr=+10.0dB [ber_drl]  snr=+12.0dB [ber_drl]  snr=+14.0dB [ber_drl]  snr=+16.0dB [ber_drl]  snr=+18.0dB [ber_drl]  snr=+20.0dB [ber_drl]Done (7.17s)
Batch 139/2000 (active points 11/11) [16m 36s elapsed] ...   snr=+0.0dB [ber_drl]  snr=+2.0dB [ber_drl]  snr=+4.0dB [ber_drl]  snr=+6.0dB [ber_drl]  snr=+8.0dB [ber_drl]  snr=+10.0dB [ber_drl]  snr=+12.0dB [ber_drl]  snr=+14.0dB [ber_drl]  snr=+16.0dB [ber_drl]  snr=+18.0dB [ber_drl]  snr=+20.0dB [ber_drl]Done (7.11s)
Batch 140/2000 (active points 11/11) [16m 44s elapsed] ...   snr=+0.0dB [ber_drl]  snr=+2.0dB [ber_drl]  snr=+4.0dB [ber_drl]  snr=+6.0dB [ber_drl]  snr=+8.0dB [ber_drl]  snr=+10.0dB [ber_drl]  snr=+12.0dB [ber_drl]  snr=+14.0dB [ber_drl]  snr=+16.0dB [ber_drl]  snr=+18.0dB [ber_drl]  snr=+20.0dB [ber_drl]Done (7.17s)
Batch 141/2000 (active points 11/11) [16m 51s elapsed] ...   snr=+0.0dB [ber_drl]  snr=+2.0dB [ber_drl]  snr=+4.0dB [ber_drl]  snr=+6.0dB [ber_drl]  snr=+8.0dB [ber_drl]  snr=+10.0dB [ber_drl]  snr=+12.0dB [ber_drl]  snr=+14.0dB [ber_drl]  snr=+16.0dB [ber_drl]  snr=+18.0dB [ber_drl]  snr=+20.0dB [ber_drl]Done (7.11s)
Batch 142/2000 (active points 11/11) [16m 58s elapsed] ...   snr=+0.0dB [ber_drl]  snr=+2.0dB [ber_drl]  snr=+4.0dB [ber_drl]  snr=+6.0dB [ber_drl]  snr=+8.0dB [ber_drl]  snr=+10.0dB [ber_drl]  snr=+12.0dB [ber_drl]  snr=+14.0dB [ber_drl]  snr=+16.0dB [ber_drl]  snr=+18.0dB [ber_drl]  snr=+20.0dB [ber_drl]Done (7.15s)
Batch 143/2000 (active points 11/11) [17m 05s elapsed] ...   snr=+0.0dB [ber_drl]  snr=+2.0dB [ber_drl]  snr=+4.0dB [ber_drl]  snr=+6.0dB [ber_drl]  snr=+8.0dB [ber_drl]  snr=+10.0dB [ber_drl]  snr=+12.0dB [ber_drl]  snr=+14.0dB [ber_drl]  snr=+16.0dB [ber_drl]  snr=+18.0dB [ber_drl]  snr=+20.0dB [ber_drl]Done (7.18s)
Batch 144/2000 (active points 11/11) [17m 12s elapsed] ...   snr=+0.0dB [ber_drl]  snr=+2.0dB [ber_drl]  snr=+4.0dB [ber_drl]  snr=+6.0dB [ber_drl]  snr=+8.0dB [ber_drl]  snr=+10.0dB [ber_drl]  snr=+12.0dB [ber_drl]  snr=+14.0dB [ber_drl]  snr=+16.0dB [ber_drl]  snr=+18.0dB [ber_drl]  snr=+20.0dB [ber_drl]Done (7.22s)
Batch 145/2000 (active points 11/11) [17m 19s elapsed] ...   snr=+0.0dB [ber_drl]  snr=+2.0dB [ber_drl]  snr=+4.0dB [ber_drl]  snr=+6.0dB [ber_drl]  snr=+8.0dB [ber_drl]  snr=+10.0dB [ber_drl]  snr=+12.0dB [ber_drl]  snr=+14.0dB [ber_drl]  snr=+16.0dB [ber_drl]  snr=+18.0dB [ber_drl]  snr=+20.0dB [ber_drl]Done (7.25s)
Batch 146/2000 (active points 11/11) [17m 27s elapsed] ...   snr=+0.0dB [ber_drl]  snr=+2.0dB [ber_drl]  snr=+4.0dB [ber_drl]  snr=+6.0dB [ber_drl]  snr=+8.0dB [ber_drl]  snr=+10.0dB [ber_drl]  snr=+12.0dB [ber_drl]  snr=+14.0dB [ber_drl]  snr=+16.0dB [ber_drl]  snr=+18.0dB [ber_drl]  snr=+20.0dB [ber_drl]Done (7.12s)
Batch 147/2000 (active points 11/11) [17m 34s elapsed] ...   snr=+0.0dB [ber_drl]  snr=+2.0dB [ber_drl]  snr=+4.0dB [ber_drl]  snr=+6.0dB [ber_drl]  snr=+8.0dB [ber_drl]  snr=+10.0dB [ber_drl]  snr=+12.0dB [ber_drl]  snr=+14.0dB [ber_drl]  snr=+16.0dB [ber_drl]  snr=+18.0dB [ber_drl]  snr=+20.0dB [ber_drl]Done (7.20s)
Batch 148/2000 (active points 11/11) [17m 41s elapsed] ...   snr=+0.0dB [ber_drl]  snr=+2.0dB [ber_drl]  snr=+4.0dB [ber_drl]  snr=+6.0dB [ber_drl]  snr=+8.0dB [ber_drl]  snr=+10.0dB [ber_drl]  snr=+12.0dB [ber_drl]  snr=+14.0dB [ber_drl]  snr=+16.0dB [ber_drl]  snr=+18.0dB [ber_drl]  snr=+20.0dB [ber_drl]Done (7.29s)
Batch 149/2000 (active points 11/11) [17m 48s elapsed] ...   snr=+0.0dB [ber_drl]  snr=+2.0dB [ber_drl]  snr=+4.0dB [ber_drl]  snr=+6.0dB [ber_drl]  snr=+8.0dB [ber_drl]  snr=+10.0dB [ber_drl]  snr=+12.0dB [ber_drl]  snr=+14.0dB [ber_drl]  snr=+16.0dB [ber_drl]  snr=+18.0dB [ber_drl]  snr=+20.0dB [ber_drl]Done (7.21s)
Batch 150/2000 (active points 11/11) [17m 55s elapsed] ...   snr=+0.0dB [ber_drl]  snr=+2.0dB [ber_drl]  snr=+4.0dB [ber_drl]  snr=+6.0dB [ber_drl]  snr=+8.0dB [ber_drl]  snr=+10.0dB [ber_drl]  snr=+12.0dB [ber_drl]  snr=+14.0dB [ber_drl]  snr=+16.0dB [ber_drl]  snr=+18.0dB [ber_drl]  snr=+20.0dB [ber_drl]Done (7.14s)
Batch 151/2000 (active points 11/11) [18m 03s elapsed] ...   snr=+0.0dB [ber_drl]  snr=+2.0dB [ber_drl]  snr=+4.0dB [ber_drl]  snr=+6.0dB [ber_drl]  snr=+8.0dB [ber_drl]  snr=+10.0dB [ber_drl]  snr=+12.0dB [ber_drl]  snr=+14.0dB [ber_drl]  snr=+16.0dB [ber_drl]  snr=+18.0dB [ber_drl]  snr=+20.0dB [ber_drl]Done (7.17s)
Batch 152/2000 (active points 11/11) [18m 10s elapsed] ...   snr=+0.0dB [ber_drl]  snr=+2.0dB [ber_drl]  snr=+4.0dB [ber_drl]  snr=+6.0dB [ber_drl]  snr=+8.0dB [ber_drl]  snr=+10.0dB [ber_drl]  snr=+12.0dB [ber_drl]  snr=+14.0dB [ber_drl]  snr=+16.0dB [ber_drl]  snr=+18.0dB [ber_drl]  snr=+20.0dB [ber_drl]Done (7.22s)
Batch 153/2000 (active points 11/11) [18m 17s elapsed] ...   snr=+0.0dB [ber_drl]  snr=+2.0dB [ber_drl]  snr=+4.0dB [ber_drl]  snr=+6.0dB [ber_drl]  snr=+8.0dB [ber_drl]  snr=+10.0dB [ber_drl]  snr=+12.0dB [ber_drl]  snr=+14.0dB [ber_drl]  snr=+16.0dB [ber_drl]  snr=+18.0dB [ber_drl]  snr=+20.0dB [ber_drl]Done (7.18s)
Batch 154/2000 (active points 11/11) [18m 24s elapsed] ...   snr=+0.0dB [ber_drl]  snr=+2.0dB [ber_drl]  snr=+4.0dB [ber_drl]  snr=+6.0dB [ber_drl]  snr=+8.0dB [ber_drl]  snr=+10.0dB [ber_drl]  snr=+12.0dB [ber_drl]  snr=+14.0dB [ber_drl]  snr=+16.0dB [ber_drl]  snr=+18.0dB [ber_drl]  snr=+20.0dB [ber_drl]Done (7.12s)
Batch 155/2000 (active points 11/11) [18m 31s elapsed] ...   snr=+0.0dB [ber_drl]  snr=+2.0dB [ber_drl]  snr=+4.0dB [ber_drl]  snr=+6.0dB [ber_drl]  snr=+8.0dB [ber_drl]  snr=+10.0dB [ber_drl]  snr=+12.0dB [ber_drl]  snr=+14.0dB [ber_drl]  snr=+16.0dB [ber_drl]  snr=+18.0dB [ber_drl]  snr=+20.0dB [ber_drl]Done (7.33s)
Batch 156/2000 (active points 11/11) [18m 39s elapsed] ...   snr=+0.0dB [ber_drl]  snr=+2.0dB [ber_drl]  snr=+4.0dB [ber_drl]  snr=+6.0dB [ber_drl]  snr=+8.0dB [ber_drl]  snr=+10.0dB [ber_drl]  snr=+12.0dB [ber_drl]  snr=+14.0dB [ber_drl]  snr=+16.0dB [ber_drl]  snr=+18.0dB [ber_drl]  snr=+20.0dB [ber_drl]Done (7.19s)
Batch 157/2000 (active points 11/11) [18m 46s elapsed] ...   snr=+0.0dB [ber_drl]  snr=+2.0dB [ber_drl]  snr=+4.0dB [ber_drl]  snr=+6.0dB [ber_drl]  snr=+8.0dB [ber_drl]  snr=+10.0dB [ber_drl]  snr=+12.0dB [ber_drl]  snr=+14.0dB [ber_drl]  snr=+16.0dB [ber_drl]  snr=+18.0dB [ber_drl]  snr=+20.0dB [ber_drl]Done (7.13s)
Batch 158/2000 (active points 11/11) [18m 53s elapsed] ...   snr=+0.0dB [ber_drl]  snr=+2.0dB [ber_drl]  snr=+4.0dB [ber_drl]  snr=+6.0dB [ber_drl]  snr=+8.0dB [ber_drl]  snr=+10.0dB [ber_drl]  snr=+12.0dB [ber_drl]  snr=+14.0dB [ber_drl]  snr=+16.0dB [ber_drl]  snr=+18.0dB [ber_drl]  snr=+20.0dB [ber_drl]Done (7.25s)
Batch 159/2000 (active points 11/11) [19m 00s elapsed] ...   snr=+0.0dB [ber_drl]  snr=+2.0dB [ber_drl]  snr=+4.0dB [ber_drl]  snr=+6.0dB [ber_drl]  snr=+8.0dB [ber_drl]  snr=+10.0dB [ber_drl]  snr=+12.0dB [ber_drl]  snr=+14.0dB [ber_drl]  snr=+16.0dB [ber_drl]  snr=+18.0dB [ber_drl]  snr=+20.0dB [ber_drl]Done (7.13s)
Batch 160/2000 (active points 11/11) [19m 07s elapsed] ...   snr=+0.0dB [ber_drl]  snr=+2.0dB [ber_drl]  snr=+4.0dB [ber_drl]  snr=+6.0dB [ber_drl]  snr=+8.0dB [ber_drl]  snr=+10.0dB [ber_drl]  snr=+12.0dB [ber_drl]  snr=+14.0dB [ber_drl]  snr=+16.0dB [ber_drl]  snr=+18.0dB [ber_drl]  snr=+20.0dB [ber_drl]Done (7.09s)
Batch 161/2000 (active points 11/11) [19m 14s elapsed] ...   snr=+0.0dB [ber_drl]  snr=+2.0dB [ber_drl]  snr=+4.0dB [ber_drl]  snr=+6.0dB [ber_drl]  snr=+8.0dB [ber_drl]  snr=+10.0dB [ber_drl]  snr=+12.0dB [ber_drl]  snr=+14.0dB [ber_drl]  snr=+16.0dB [ber_drl]  snr=+18.0dB [ber_drl]  snr=+20.0dB [ber_drl]Done (7.18s)
Batch 162/2000 (active points 11/11) [19m 22s elapsed] ...   snr=+0.0dB [ber_drl]  snr=+2.0dB [ber_drl]  snr=+4.0dB [ber_drl]  snr=+6.0dB [ber_drl]  snr=+8.0dB [ber_drl]  snr=+10.0dB [ber_drl]  snr=+12.0dB [ber_drl]  snr=+14.0dB [ber_drl]  snr=+16.0dB [ber_drl]  snr=+18.0dB [ber_drl]  snr=+20.0dB [ber_drl]Done (7.28s)
Batch 163/2000 (active points 11/11) [19m 29s elapsed] ...   snr=+0.0dB [ber_drl]  snr=+2.0dB [ber_drl]  snr=+4.0dB [ber_drl]  snr=+6.0dB [ber_drl]  snr=+8.0dB [ber_drl]  snr=+10.0dB [ber_drl]  snr=+12.0dB [ber_drl]  snr=+14.0dB [ber_drl]  snr=+16.0dB [ber_drl]  snr=+18.0dB [ber_drl]  snr=+20.0dB [ber_drl]Done (7.20s)
Batch 164/2000 (active points 11/11) [19m 36s elapsed] ...   snr=+0.0dB [ber_drl]  snr=+2.0dB [ber_drl]  snr=+4.0dB [ber_drl]  snr=+6.0dB [ber_drl]  snr=+8.0dB [ber_drl]  snr=+10.0dB [ber_drl]  snr=+12.0dB [ber_drl]  snr=+14.0dB [ber_drl]  snr=+16.0dB [ber_drl]  snr=+18.0dB [ber_drl]  snr=+20.0dB [ber_drl]Done (7.25s)
Batch 165/2000 (active points 11/11) [19m 43s elapsed] ...   snr=+0.0dB [ber_drl]  snr=+2.0dB [ber_drl]  snr=+4.0dB [ber_drl]  snr=+6.0dB [ber_drl]  snr=+8.0dB [ber_drl]  snr=+10.0dB [ber_drl]  snr=+12.0dB [ber_drl]  snr=+14.0dB [ber_drl]  snr=+16.0dB [ber_drl]  snr=+18.0dB [ber_drl]  snr=+20.0dB [ber_drl]Done (7.26s)
Batch 166/2000 (active points 11/11) [19m 51s elapsed] ...   snr=+0.0dB [ber_drl]  snr=+2.0dB [ber_drl]  snr=+4.0dB [ber_drl]  snr=+6.0dB [ber_drl]  snr=+8.0dB [ber_drl]  snr=+10.0dB [ber_drl]  snr=+12.0dB [ber_drl]  snr=+14.0dB [ber_drl]  snr=+16.0dB [ber_drl]  snr=+18.0dB [ber_drl]  snr=+20.0dB [ber_drl]Done (7.15s)
Batch 167/2000 (active points 11/11) [19m 58s elapsed] ...   snr=+0.0dB [ber_drl]  snr=+2.0dB [ber_drl]  snr=+4.0dB [ber_drl]  snr=+6.0dB [ber_drl]  snr=+8.0dB [ber_drl]  snr=+10.0dB [ber_drl]  snr=+12.0dB [ber_drl]  snr=+14.0dB [ber_drl]  snr=+16.0dB [ber_drl]  snr=+18.0dB [ber_drl]  snr=+20.0dB [ber_drl]Done (7.17s)
Batch 168/2000 (active points 11/11) [20m 05s elapsed] ...   snr=+0.0dB [ber_drl]  snr=+2.0dB [ber_drl]  snr=+4.0dB [ber_drl]  snr=+6.0dB [ber_drl]  snr=+8.0dB [ber_drl]  snr=+10.0dB [ber_drl]  snr=+12.0dB [ber_drl]  snr=+14.0dB [ber_drl]  snr=+16.0dB [ber_drl]  snr=+18.0dB [ber_drl]  snr=+20.0dB [ber_drl]Done (7.26s)
Batch 169/2000 (active points 11/11) [20m 12s elapsed] ...   snr=+0.0dB [ber_drl]  snr=+2.0dB [ber_drl]  snr=+4.0dB [ber_drl]  snr=+6.0dB [ber_drl]  snr=+8.0dB [ber_drl]  snr=+10.0dB [ber_drl]  snr=+12.0dB [ber_drl]  snr=+14.0dB [ber_drl]  snr=+16.0dB [ber_drl]  snr=+18.0dB [ber_drl]  snr=+20.0dB [ber_drl]Done (7.17s)
Batch 170/2000 (active points 11/11) [20m 19s elapsed] ...   snr=+0.0dB [ber_drl]  snr=+2.0dB [ber_drl]  snr=+4.0dB [ber_drl]  snr=+6.0dB [ber_drl]  snr=+8.0dB [ber_drl]  snr=+10.0dB [ber_drl]  snr=+12.0dB [ber_drl]  snr=+14.0dB [ber_drl]  snr=+16.0dB [ber_drl]  snr=+18.0dB [ber_drl]  snr=+20.0dB [ber_drl]Done (7.06s)
Batch 171/2000 (active points 11/11) [20m 26s elapsed] ...   snr=+0.0dB [ber_drl]  snr=+2.0dB [ber_drl]  snr=+4.0dB [ber_drl]  snr=+6.0dB [ber_drl]  snr=+8.0dB [ber_drl]  snr=+10.0dB [ber_drl]  snr=+12.0dB [ber_drl]  snr=+14.0dB [ber_drl]  snr=+16.0dB [ber_drl]  snr=+18.0dB [ber_drl]  snr=+20.0dB [ber_drl]Done (7.20s)
Batch 172/2000 (active points 11/11) [20m 34s elapsed] ...   snr=+0.0dB [ber_drl]  snr=+2.0dB [ber_drl]  snr=+4.0dB [ber_drl]  snr=+6.0dB [ber_drl]  snr=+8.0dB [ber_drl]  snr=+10.0dB [ber_drl]  snr=+12.0dB [ber_drl]  snr=+14.0dB [ber_drl]  snr=+16.0dB [ber_drl]  snr=+18.0dB [ber_drl]  snr=+20.0dB [ber_drl]Done (7.18s)
Batch 173/2000 (active points 11/11) [20m 41s elapsed] ...   snr=+0.0dB [ber_drl]  snr=+2.0dB [ber_drl]  snr=+4.0dB [ber_drl]  snr=+6.0dB [ber_drl]  snr=+8.0dB [ber_drl]  snr=+10.0dB [ber_drl]  snr=+12.0dB [ber_drl]  snr=+14.0dB [ber_drl]  snr=+16.0dB [ber_drl]  snr=+18.0dB [ber_drl]  snr=+20.0dB [ber_drl]Done (7.27s)
Batch 174/2000 (active points 11/11) [20m 48s elapsed] ...   snr=+0.0dB [ber_drl]  snr=+2.0dB [ber_drl]  snr=+4.0dB [ber_drl]  snr=+6.0dB [ber_drl]  snr=+8.0dB [ber_drl]  snr=+10.0dB [ber_drl]  snr=+12.0dB [ber_drl]  snr=+14.0dB [ber_drl]  snr=+16.0dB [ber_drl]  snr=+18.0dB [ber_drl]  snr=+20.0dB [ber_drl]Done (7.10s)
Batch 175/2000 (active points 11/11) [20m 55s elapsed] ...   snr=+0.0dB [ber_drl]  snr=+2.0dB [ber_drl]  snr=+4.0dB [ber_drl]  snr=+6.0dB [ber_drl]  snr=+8.0dB [ber_drl]  snr=+10.0dB [ber_drl]  snr=+12.0dB [ber_drl]  snr=+14.0dB [ber_drl]  snr=+16.0dB [ber_drl]  snr=+18.0dB [ber_drl]  snr=+20.0dB [ber_drl]Done (7.20s)
Batch 176/2000 (active points 11/11) [21m 02s elapsed] ...   snr=+0.0dB [ber_drl]  snr=+2.0dB [ber_drl]  snr=+4.0dB [ber_drl]  snr=+6.0dB [ber_drl]  snr=+8.0dB [ber_drl]  snr=+10.0dB [ber_drl]  snr=+12.0dB [ber_drl]  snr=+14.0dB [ber_drl]  snr=+16.0dB [ber_drl]  snr=+18.0dB [ber_drl]  snr=+20.0dB [ber_drl]Done (7.24s)
Batch 177/2000 (active points 11/11) [21m 10s elapsed] ...   snr=+0.0dB [ber_drl]  snr=+2.0dB [ber_drl]  snr=+4.0dB [ber_drl]  snr=+6.0dB [ber_drl]  snr=+8.0dB [ber_drl]  snr=+10.0dB [ber_drl]  snr=+12.0dB [ber_drl]  snr=+14.0dB [ber_drl]  snr=+16.0dB [ber_drl]  snr=+18.0dB [ber_drl]  snr=+20.0dB [ber_drl]Done (7.14s)
Batch 178/2000 (active points 11/11) [21m 17s elapsed] ...   snr=+0.0dB [ber_drl]  snr=+2.0dB [ber_drl]  snr=+4.0dB [ber_drl]  snr=+6.0dB [ber_drl]  snr=+8.0dB [ber_drl]  snr=+10.0dB [ber_drl]  snr=+12.0dB [ber_drl]  snr=+14.0dB [ber_drl]  snr=+16.0dB [ber_drl]  snr=+18.0dB [ber_drl]  snr=+20.0dB [ber_drl]Done (7.15s)
Batch 179/2000 (active points 11/11) [21m 24s elapsed] ...   snr=+0.0dB [ber_drl]  snr=+2.0dB [ber_drl]  snr=+4.0dB [ber_drl]  snr=+6.0dB [ber_drl]  snr=+8.0dB [ber_drl]  snr=+10.0dB [ber_drl]  snr=+12.0dB [ber_drl]  snr=+14.0dB [ber_drl]  snr=+16.0dB [ber_drl]  snr=+18.0dB [ber_drl]  snr=+20.0dB [ber_drl]Done (7.19s)
Batch 180/2000 (active points 11/11) [21m 31s elapsed] ...   snr=+0.0dB [ber_drl]  snr=+2.0dB [ber_drl]  snr=+4.0dB [ber_drl]  snr=+6.0dB [ber_drl]  snr=+8.0dB [ber_drl]  snr=+10.0dB [ber_drl]  snr=+12.0dB [ber_drl]  snr=+14.0dB [ber_drl]  snr=+16.0dB [ber_drl]  snr=+18.0dB [ber_drl]  snr=+20.0dB [ber_drl]Done (7.23s)
Batch 181/2000 (active points 11/11) [21m 38s elapsed] ...   snr=+0.0dB [ber_drl]  snr=+2.0dB [ber_drl]  snr=+4.0dB [ber_drl]  snr=+6.0dB [ber_drl]  snr=+8.0dB [ber_drl]  snr=+10.0dB [ber_drl]  snr=+12.0dB [ber_drl]  snr=+14.0dB [ber_drl]  snr=+16.0dB [ber_drl]  snr=+18.0dB [ber_drl]  snr=+20.0dB [ber_drl]Done (7.11s)
Batch 182/2000 (active points 11/11) [21m 45s elapsed] ...   snr=+0.0dB [ber_drl]  snr=+2.0dB [ber_drl]  snr=+4.0dB [ber_drl]  snr=+6.0dB [ber_drl]  snr=+8.0dB [ber_drl]  snr=+10.0dB [ber_drl]  snr=+12.0dB [ber_drl]  snr=+14.0dB [ber_drl]  snr=+16.0dB [ber_drl]  snr=+18.0dB [ber_drl]  snr=+20.0dB [ber_drl]Done (7.15s)
Batch 183/2000 (active points 11/11) [21m 53s elapsed] ...   snr=+0.0dB [ber_drl]  snr=+2.0dB [ber_drl]  snr=+4.0dB [ber_drl]  snr=+6.0dB [ber_drl]  snr=+8.0dB [ber_drl]  snr=+10.0dB [ber_drl]  snr=+12.0dB [ber_drl]  snr=+14.0dB [ber_drl]  snr=+16.0dB [ber_drl]  snr=+18.0dB [ber_drl]  snr=+20.0dB [ber_drl]Done (7.35s)
Batch 184/2000 (active points 11/11) [22m 00s elapsed] ...   snr=+0.0dB [ber_drl]  snr=+2.0dB [ber_drl]  snr=+4.0dB [ber_drl]  snr=+6.0dB [ber_drl]  snr=+8.0dB [ber_drl]  snr=+10.0dB [ber_drl]  snr=+12.0dB [ber_drl]  snr=+14.0dB [ber_drl]  snr=+16.0dB [ber_drl]  snr=+18.0dB [ber_drl]  snr=+20.0dB [ber_drl]Done (7.11s)
Batch 185/2000 (active points 11/11) [22m 07s elapsed] ...   snr=+0.0dB [ber_drl]  snr=+2.0dB [ber_drl]  snr=+4.0dB [ber_drl]  snr=+6.0dB [ber_drl]  snr=+8.0dB [ber_drl]  snr=+10.0dB [ber_drl]  snr=+12.0dB [ber_drl]  snr=+14.0dB [ber_drl]  snr=+16.0dB [ber_drl]  snr=+18.0dB [ber_drl]  snr=+20.0dB [ber_drl]Done (7.11s)
Batch 186/2000 (active points 11/11) [22m 14s elapsed] ...   snr=+0.0dB [ber_drl]  snr=+2.0dB [ber_drl]  snr=+4.0dB [ber_drl]  snr=+6.0dB [ber_drl]  snr=+8.0dB [ber_drl]  snr=+10.0dB [ber_drl]  snr=+12.0dB [ber_drl]  snr=+14.0dB [ber_drl]  snr=+16.0dB [ber_drl]  snr=+18.0dB [ber_drl]  snr=+20.0dB [ber_drl]Done (7.18s)
Batch 187/2000 (active points 11/11) [22m 21s elapsed] ...   snr=+0.0dB [ber_drl]  snr=+2.0dB [ber_drl]  snr=+4.0dB [ber_drl]  snr=+6.0dB [ber_drl]  snr=+8.0dB [ber_drl]  snr=+10.0dB [ber_drl]  snr=+12.0dB [ber_drl]  snr=+14.0dB [ber_drl]  snr=+16.0dB [ber_drl]  snr=+18.0dB [ber_drl]  snr=+20.0dB [ber_drl]Done (7.15s)
Batch 188/2000 (active points 11/11) [22m 28s elapsed] ...   snr=+0.0dB [ber_drl]  snr=+2.0dB [ber_drl]  snr=+4.0dB [ber_drl]  snr=+6.0dB [ber_drl]  snr=+8.0dB [ber_drl]  snr=+10.0dB [ber_drl]  snr=+12.0dB [ber_drl]  snr=+14.0dB [ber_drl]  snr=+16.0dB [ber_drl]  snr=+18.0dB [ber_drl]  snr=+20.0dB [ber_drl]Done (7.19s)
Batch 189/2000 (active points 11/11) [22m 36s elapsed] ...   snr=+0.0dB [ber_drl]  snr=+2.0dB [ber_drl]  snr=+4.0dB [ber_drl]  snr=+6.0dB [ber_drl]  snr=+8.0dB [ber_drl]  snr=+10.0dB [ber_drl]  snr=+12.0dB [ber_drl]  snr=+14.0dB [ber_drl]  snr=+16.0dB [ber_drl]  snr=+18.0dB [ber_drl]  snr=+20.0dB [ber_drl]Done (7.04s)
Batch 190/2000 (active points 11/11) [22m 43s elapsed] ...   snr=+0.0dB [ber_drl]  snr=+2.0dB [ber_drl]  snr=+4.0dB [ber_drl]  snr=+6.0dB [ber_drl]  snr=+8.0dB [ber_drl]  snr=+10.0dB [ber_drl]  snr=+12.0dB [ber_drl]  snr=+14.0dB [ber_drl]  snr=+16.0dB [ber_drl]  snr=+18.0dB [ber_drl]  snr=+20.0dB [ber_drl]Done (7.15s)
Batch 191/2000 (active points 11/11) [22m 50s elapsed] ...   snr=+0.0dB [ber_drl]  snr=+2.0dB [ber_drl]  snr=+4.0dB [ber_drl]  snr=+6.0dB [ber_drl]  snr=+8.0dB [ber_drl]  snr=+10.0dB [ber_drl]  snr=+12.0dB [ber_drl]  snr=+14.0dB [ber_drl]  snr=+16.0dB [ber_drl]  snr=+18.0dB [ber_drl]  snr=+20.0dB [ber_drl]Done (7.24s)
Batch 192/2000 (active points 11/11) [22m 57s elapsed] ...   snr=+0.0dB [ber_drl]  snr=+2.0dB [ber_drl]  snr=+4.0dB [ber_drl]  snr=+6.0dB [ber_drl]  snr=+8.0dB [ber_drl]  snr=+10.0dB [ber_drl]  snr=+12.0dB [ber_drl]  snr=+14.0dB [ber_drl]  snr=+16.0dB [ber_drl]  snr=+18.0dB [ber_drl]  snr=+20.0dB [ber_drl]Done (7.19s)
Batch 193/2000 (active points 11/11) [23m 04s elapsed] ...   snr=+0.0dB [ber_drl]  snr=+2.0dB [ber_drl]  snr=+4.0dB [ber_drl]  snr=+6.0dB [ber_drl]  snr=+8.0dB [ber_drl]  snr=+10.0dB [ber_drl]  snr=+12.0dB [ber_drl]  snr=+14.0dB [ber_drl]  snr=+16.0dB [ber_drl]  snr=+18.0dB [ber_drl]  snr=+20.0dB [ber_drl]Done (7.33s)
Batch 194/2000 (active points 11/11) [23m 12s elapsed] ...   snr=+0.0dB [ber_drl]  snr=+2.0dB [ber_drl]  snr=+4.0dB [ber_drl]  snr=+6.0dB [ber_drl]  snr=+8.0dB [ber_drl]  snr=+10.0dB [ber_drl]  snr=+12.0dB [ber_drl]  snr=+14.0dB [ber_drl]  snr=+16.0dB [ber_drl]  snr=+18.0dB [ber_drl]  snr=+20.0dB [ber_drl]Done (7.08s)
Batch 195/2000 (active points 11/11) [23m 19s elapsed] ...   snr=+0.0dB [ber_drl]  snr=+2.0dB [ber_drl]  snr=+4.0dB [ber_drl]  snr=+6.0dB [ber_drl]  snr=+8.0dB [ber_drl]  snr=+10.0dB [ber_drl]  snr=+12.0dB [ber_drl]  snr=+14.0dB [ber_drl]  snr=+16.0dB [ber_drl]  snr=+18.0dB [ber_drl]  snr=+20.0dB [ber_drl]Done (7.17s)
Batch 196/2000 (active points 11/11) [23m 26s elapsed] ...   snr=+0.0dB [ber_drl]  snr=+2.0dB [ber_drl]  snr=+4.0dB [ber_drl]  snr=+6.0dB [ber_drl]  snr=+8.0dB [ber_drl]  snr=+10.0dB [ber_drl]  snr=+12.0dB [ber_drl]  snr=+14.0dB [ber_drl]  snr=+16.0dB [ber_drl]  snr=+18.0dB [ber_drl]  snr=+20.0dB [ber_drl]Done (7.11s)
Batch 197/2000 (active points 11/11) [23m 33s elapsed] ...   snr=+0.0dB [ber_drl]  snr=+2.0dB [ber_drl]  snr=+4.0dB [ber_drl]  snr=+6.0dB [ber_drl]  snr=+8.0dB [ber_drl]  snr=+10.0dB [ber_drl]  snr=+12.0dB [ber_drl]  snr=+14.0dB [ber_drl]  snr=+16.0dB [ber_drl]  snr=+18.0dB [ber_drl]  snr=+20.0dB [ber_drl]Done (7.19s)
Batch 198/2000 (active points 11/11) [23m 40s elapsed] ...   snr=+0.0dB [ber_drl]  snr=+2.0dB [ber_drl]  snr=+4.0dB [ber_drl]  snr=+6.0dB [ber_drl]  snr=+8.0dB [ber_drl]  snr=+10.0dB [ber_drl]  snr=+12.0dB [ber_drl]  snr=+14.0dB [ber_drl]  snr=+16.0dB [ber_drl]  snr=+18.0dB [ber_drl]  snr=+20.0dB [ber_drl]Done (7.18s)
Batch 199/2000 (active points 11/11) [23m 47s elapsed] ...   snr=+0.0dB [ber_drl]  snr=+2.0dB [ber_drl]  snr=+4.0dB [ber_drl]  snr=+6.0dB [ber_drl]  snr=+8.0dB [ber_drl]  snr=+10.0dB [ber_drl]  snr=+12.0dB [ber_drl]  snr=+14.0dB [ber_drl]  snr=+16.0dB [ber_drl]  snr=+18.0dB [ber_drl]  snr=+20.0dB [ber_drl]Done (7.08s)
Batch 200/2000 (active points 11/11) [23m 54s elapsed] ...   snr=+0.0dB [ber_drl]  snr=+2.0dB [ber_drl]  snr=+4.0dB [ber_drl]  snr=+6.0dB [ber_drl]  snr=+8.0dB [ber_drl]  snr=+10.0dB [ber_drl]  snr=+12.0dB [ber_drl]  snr=+14.0dB [ber_drl]  snr=+16.0dB [ber_drl]  snr=+18.0dB [ber_drl]  snr=+20.0dB [ber_drl]Done (7.26s)
Batch 201/2000 (active points 11/11) [24m 02s elapsed] ...   snr=+0.0dB [ber_drl]  snr=+2.0dB [ber_drl]  snr=+4.0dB [ber_drl]  snr=+6.0dB [ber_drl]  snr=+8.0dB [ber_drl]  snr=+10.0dB [ber_drl]  snr=+12.0dB [ber_drl]  snr=+14.0dB [ber_drl]  snr=+16.0dB [ber_drl]  snr=+18.0dB [ber_drl]  snr=+20.0dB [ber_drl]Done (7.15s)
Batch 202/2000 (active points 11/11) [24m 09s elapsed] ...   snr=+0.0dB [ber_drl]  snr=+2.0dB [ber_drl]  snr=+4.0dB [ber_drl]  snr=+6.0dB [ber_drl]  snr=+8.0dB [ber_drl]  snr=+10.0dB [ber_drl]  snr=+12.0dB [ber_drl]  snr=+14.0dB [ber_drl]  snr=+16.0dB [ber_drl]  snr=+18.0dB [ber_drl]  snr=+20.0dB [ber_drl]Done (7.20s)
Batch 203/2000 (active points 11/11) [24m 16s elapsed] ...   snr=+0.0dB [ber_drl]  snr=+2.0dB [ber_drl]  snr=+4.0dB [ber_drl]  snr=+6.0dB [ber_drl]  snr=+8.0dB [ber_drl]  snr=+10.0dB [ber_drl]  snr=+12.0dB [ber_drl]  snr=+14.0dB [ber_drl]  snr=+16.0dB [ber_drl]  snr=+18.0dB [ber_drl]  snr=+20.0dB [ber_drl]Done (7.24s)
Batch 204/2000 (active points 11/11) [24m 23s elapsed] ...   snr=+0.0dB [ber_drl]  snr=+2.0dB [ber_drl]  snr=+4.0dB [ber_drl]  snr=+6.0dB [ber_drl]  snr=+8.0dB [ber_drl]  snr=+10.0dB [ber_drl]  snr=+12.0dB [ber_drl]  snr=+14.0dB [ber_drl]  snr=+16.0dB [ber_drl]  snr=+18.0dB [ber_drl]  snr=+20.0dB [ber_drl]Done (7.17s)
Batch 205/2000 (active points 11/11) [24m 30s elapsed] ...   snr=+0.0dB [ber_drl]  snr=+2.0dB [ber_drl]  snr=+4.0dB [ber_drl]  snr=+6.0dB [ber_drl]  snr=+8.0dB [ber_drl]  snr=+10.0dB [ber_drl]  snr=+12.0dB [ber_drl]  snr=+14.0dB [ber_drl]  snr=+16.0dB [ber_drl]  snr=+18.0dB [ber_drl]  snr=+20.0dB [ber_drl]Done (7.20s)
Batch 206/2000 (active points 11/11) [24m 38s elapsed] ...   snr=+0.0dB [ber_drl]  snr=+2.0dB [ber_drl]  snr=+4.0dB [ber_drl]  snr=+6.0dB [ber_drl]  snr=+8.0dB [ber_drl]  snr=+10.0dB [ber_drl]  snr=+12.0dB [ber_drl]  snr=+14.0dB [ber_drl]  snr=+16.0dB [ber_drl]  snr=+18.0dB [ber_drl]  snr=+20.0dB [ber_drl]Done (7.22s)
Batch 207/2000 (active points 11/11) [24m 45s elapsed] ...   snr=+0.0dB [ber_drl]  snr=+2.0dB [ber_drl]  snr=+4.0dB [ber_drl]  snr=+6.0dB [ber_drl]  snr=+8.0dB [ber_drl]  snr=+10.0dB [ber_drl]  snr=+12.0dB [ber_drl]  snr=+14.0dB [ber_drl]  snr=+16.0dB [ber_drl]  snr=+18.0dB [ber_drl]  snr=+20.0dB [ber_drl]Done (7.25s)
Batch 208/2000 (active points 11/11) [24m 52s elapsed] ...   snr=+0.0dB [ber_drl]  snr=+2.0dB [ber_drl]  snr=+4.0dB [ber_drl]  snr=+6.0dB [ber_drl]  snr=+8.0dB [ber_drl]  snr=+10.0dB [ber_drl]  snr=+12.0dB [ber_drl]  snr=+14.0dB [ber_drl]  snr=+16.0dB [ber_drl]  snr=+18.0dB [ber_drl]  snr=+20.0dB [ber_drl]Done (7.09s)
Batch 209/2000 (active points 11/11) [24m 59s elapsed] ...   snr=+0.0dB [ber_drl]  snr=+2.0dB [ber_drl]  snr=+4.0dB [ber_drl]  snr=+6.0dB [ber_drl]  snr=+8.0dB [ber_drl]  snr=+10.0dB [ber_drl]  snr=+12.0dB [ber_drl]  snr=+14.0dB [ber_drl]  snr=+16.0dB [ber_drl]  snr=+18.0dB [ber_drl]  snr=+20.0dB [ber_drl]Done (7.18s)
Batch 210/2000 (active points 11/11) [25m 06s elapsed] ...   snr=+0.0dB [ber_drl]  snr=+2.0dB [ber_drl]  snr=+4.0dB [ber_drl]  snr=+6.0dB [ber_drl]  snr=+8.0dB [ber_drl]  snr=+10.0dB [ber_drl]  snr=+12.0dB [ber_drl]  snr=+14.0dB [ber_drl]  snr=+16.0dB [ber_drl]  snr=+18.0dB [ber_drl]  snr=+20.0dB [ber_drl]Done (7.19s)
Batch 211/2000 (active points 11/11) [25m 14s elapsed] ...   snr=+0.0dB [ber_drl]  snr=+2.0dB [ber_drl]  snr=+4.0dB [ber_drl]  snr=+6.0dB [ber_drl]  snr=+8.0dB [ber_drl]  snr=+10.0dB [ber_drl]  snr=+12.0dB [ber_drl]  snr=+14.0dB [ber_drl]  snr=+16.0dB [ber_drl]  snr=+18.0dB [ber_drl]  snr=+20.0dB [ber_drl]Done (7.17s)
Batch 212/2000 (active points 11/11) [25m 21s elapsed] ...   snr=+0.0dB [ber_drl]  snr=+2.0dB [ber_drl]  snr=+4.0dB [ber_drl]  snr=+6.0dB [ber_drl]  snr=+8.0dB [ber_drl]  snr=+10.0dB [ber_drl]  snr=+12.0dB [ber_drl]  snr=+14.0dB [ber_drl]  snr=+16.0dB [ber_drl]  snr=+18.0dB [ber_drl]  snr=+20.0dB [ber_drl]Done (7.24s)
Batch 213/2000 (active points 11/11) [25m 28s elapsed] ...   snr=+0.0dB [ber_drl]  snr=+2.0dB [ber_drl]  snr=+4.0dB [ber_drl]  snr=+6.0dB [ber_drl]  snr=+8.0dB [ber_drl]  snr=+10.0dB [ber_drl]  snr=+12.0dB [ber_drl]  snr=+14.0dB [ber_drl]  snr=+16.0dB [ber_drl]  snr=+18.0dB [ber_drl]  snr=+20.0dB [ber_drl]Done (7.23s)
Batch 214/2000 (active points 11/11) [25m 35s elapsed] ...   snr=+0.0dB [ber_drl]  snr=+2.0dB [ber_drl]  snr=+4.0dB [ber_drl]  snr=+6.0dB [ber_drl]  snr=+8.0dB [ber_drl]  snr=+10.0dB [ber_drl]  snr=+12.0dB [ber_drl]  snr=+14.0dB [ber_drl]  snr=+16.0dB [ber_drl]  snr=+18.0dB [ber_drl]  snr=+20.0dB [ber_drl]Done (7.24s)
Batch 215/2000 (active points 11/11) [25m 42s elapsed] ...   snr=+0.0dB [ber_drl]  snr=+2.0dB [ber_drl]  snr=+4.0dB [ber_drl]  snr=+6.0dB [ber_drl]  snr=+8.0dB [ber_drl]  snr=+10.0dB [ber_drl]  snr=+12.0dB [ber_drl]  snr=+14.0dB [ber_drl]  snr=+16.0dB [ber_drl]  snr=+18.0dB [ber_drl]  snr=+20.0dB [ber_drl]Done (7.20s)
Batch 216/2000 (active points 11/11) [25m 50s elapsed] ...   snr=+0.0dB [ber_drl]  snr=+2.0dB [ber_drl]  snr=+4.0dB [ber_drl]  snr=+6.0dB [ber_drl]  snr=+8.0dB [ber_drl]  snr=+10.0dB [ber_drl]  snr=+12.0dB [ber_drl]  snr=+14.0dB [ber_drl]  snr=+16.0dB [ber_drl]  snr=+18.0dB [ber_drl]  snr=+20.0dB [ber_drl]Done (7.20s)
Batch 217/2000 (active points 11/11) [25m 57s elapsed] ...   snr=+0.0dB [ber_drl]  snr=+2.0dB [ber_drl]  snr=+4.0dB [ber_drl]  snr=+6.0dB [ber_drl]  snr=+8.0dB [ber_drl]  snr=+10.0dB [ber_drl]  snr=+12.0dB [ber_drl]  snr=+14.0dB [ber_drl]  snr=+16.0dB [ber_drl]  snr=+18.0dB [ber_drl]  snr=+20.0dB [ber_drl]Done (7.26s)
Batch 218/2000 (active points 11/11) [26m 04s elapsed] ...   snr=+0.0dB [ber_drl]  snr=+2.0dB [ber_drl]  snr=+4.0dB [ber_drl]  snr=+6.0dB [ber_drl]  snr=+8.0dB [ber_drl]  snr=+10.0dB [ber_drl]  snr=+12.0dB [ber_drl]  snr=+14.0dB [ber_drl]  snr=+16.0dB [ber_drl]  snr=+18.0dB [ber_drl]  snr=+20.0dB [ber_drl]Done (7.13s)
Batch 219/2000 (active points 11/11) [26m 11s elapsed] ...   snr=+0.0dB [ber_drl]  snr=+2.0dB [ber_drl]  snr=+4.0dB [ber_drl]  snr=+6.0dB [ber_drl]  snr=+8.0dB [ber_drl]  snr=+10.0dB [ber_drl]  snr=+12.0dB [ber_drl]  snr=+14.0dB [ber_drl]  snr=+16.0dB [ber_drl]  snr=+18.0dB [ber_drl]  snr=+20.0dB [ber_drl]Done (7.22s)
Batch 220/2000 (active points 11/11) [26m 18s elapsed] ...   snr=+0.0dB [ber_drl]  snr=+2.0dB [ber_drl]  snr=+4.0dB [ber_drl]  snr=+6.0dB [ber_drl]  snr=+8.0dB [ber_drl]  snr=+10.0dB [ber_drl]  snr=+12.0dB [ber_drl]  snr=+14.0dB [ber_drl]  snr=+16.0dB [ber_drl]  snr=+18.0dB [ber_drl]  snr=+20.0dB [ber_drl]Done (7.19s)
Batch 221/2000 (active points 11/11) [26m 26s elapsed] ...   snr=+0.0dB [ber_drl]  snr=+2.0dB [ber_drl]  snr=+4.0dB [ber_drl]  snr=+6.0dB [ber_drl]  snr=+8.0dB [ber_drl]  snr=+10.0dB [ber_drl]  snr=+12.0dB [ber_drl]  snr=+14.0dB [ber_drl]  snr=+16.0dB [ber_drl]  snr=+18.0dB [ber_drl]  snr=+20.0dB [ber_drl]Done (7.14s)
Batch 222/2000 (active points 11/11) [26m 33s elapsed] ...   snr=+0.0dB [ber_drl]  snr=+2.0dB [ber_drl]  snr=+4.0dB [ber_drl]  snr=+6.0dB [ber_drl]  snr=+8.0dB [ber_drl]  snr=+10.0dB [ber_drl]  snr=+12.0dB [ber_drl]  snr=+14.0dB [ber_drl]  snr=+16.0dB [ber_drl]  snr=+18.0dB [ber_drl]  snr=+20.0dB [ber_drl]Done (7.19s)
Batch 223/2000 (active points 11/11) [26m 40s elapsed] ...   snr=+0.0dB [ber_drl]  snr=+2.0dB [ber_drl]  snr=+4.0dB [ber_drl]  snr=+6.0dB [ber_drl]  snr=+8.0dB [ber_drl]  snr=+10.0dB [ber_drl]  snr=+12.0dB [ber_drl]  snr=+14.0dB [ber_drl]  snr=+16.0dB [ber_drl]  snr=+18.0dB [ber_drl]  snr=+20.0dB [ber_drl]Done (7.17s)
Batch 224/2000 (active points 11/11) [26m 47s elapsed] ...   snr=+0.0dB [ber_drl]  snr=+2.0dB [ber_drl]  snr=+4.0dB [ber_drl]  snr=+6.0dB [ber_drl]  snr=+8.0dB [ber_drl]  snr=+10.0dB [ber_drl]  snr=+12.0dB [ber_drl]  snr=+14.0dB [ber_drl]  snr=+16.0dB [ber_drl]  snr=+18.0dB [ber_drl]  snr=+20.0dB [ber_drl]Done (7.18s)
Batch 225/2000 (active points 11/11) [26m 54s elapsed] ...   snr=+0.0dB [ber_drl]  snr=+2.0dB [ber_drl]  snr=+4.0dB [ber_drl]  snr=+6.0dB [ber_drl]  snr=+8.0dB [ber_drl]  snr=+10.0dB [ber_drl]  snr=+12.0dB [ber_drl]  snr=+14.0dB [ber_drl]  snr=+16.0dB [ber_drl]  snr=+18.0dB [ber_drl]  snr=+20.0dB [ber_drl]Done (7.16s)
Batch 226/2000 (active points 11/11) [27m 01s elapsed] ...   snr=+0.0dB [ber_drl]  snr=+2.0dB [ber_drl]  snr=+4.0dB [ber_drl]  snr=+6.0dB [ber_drl]  snr=+8.0dB [ber_drl]  snr=+10.0dB [ber_drl]  snr=+12.0dB [ber_drl]  snr=+14.0dB [ber_drl]  snr=+16.0dB [ber_drl]  snr=+18.0dB [ber_drl]  snr=+20.0dB [ber_drl]Done (7.18s)
Batch 227/2000 (active points 11/11) [27m 09s elapsed] ...   snr=+0.0dB [ber_drl]  snr=+2.0dB [ber_drl]  snr=+4.0dB [ber_drl]  snr=+6.0dB [ber_drl]  snr=+8.0dB [ber_drl]  snr=+10.0dB [ber_drl]  snr=+12.0dB [ber_drl]  snr=+14.0dB [ber_drl]  snr=+16.0dB [ber_drl]  snr=+18.0dB [ber_drl]  snr=+20.0dB [ber_drl]Done (7.18s)
Batch 228/2000 (active points 11/11) [27m 16s elapsed] ...   snr=+0.0dB [ber_drl]  snr=+2.0dB [ber_drl]  snr=+4.0dB [ber_drl]  snr=+6.0dB [ber_drl]  snr=+8.0dB [ber_drl]  snr=+10.0dB [ber_drl]  snr=+12.0dB [ber_drl]  snr=+14.0dB [ber_drl]  snr=+16.0dB [ber_drl]  snr=+18.0dB [ber_drl]  snr=+20.0dB [ber_drl]Done (7.13s)
Batch 229/2000 (active points 11/11) [27m 23s elapsed] ...   snr=+0.0dB [ber_drl]  snr=+2.0dB [ber_drl]  snr=+4.0dB [ber_drl]  snr=+6.0dB [ber_drl]  snr=+8.0dB [ber_drl]  snr=+10.0dB [ber_drl]  snr=+12.0dB [ber_drl]  snr=+14.0dB [ber_drl]  snr=+16.0dB [ber_drl]  snr=+18.0dB [ber_drl]  snr=+20.0dB [ber_drl]Done (7.17s)
Batch 230/2000 (active points 11/11) [27m 30s elapsed] ...   snr=+0.0dB [ber_drl]  snr=+2.0dB [ber_drl]  snr=+4.0dB [ber_drl]  snr=+6.0dB [ber_drl]  snr=+8.0dB [ber_drl]  snr=+10.0dB [ber_drl]  snr=+12.0dB [ber_drl]  snr=+14.0dB [ber_drl]  snr=+16.0dB [ber_drl]  snr=+18.0dB [ber_drl]  snr=+20.0dB [ber_drl]Done (7.15s)
Batch 231/2000 (active points 11/11) [27m 37s elapsed] ...   snr=+0.0dB [ber_drl]  snr=+2.0dB [ber_drl]  snr=+4.0dB [ber_drl]  snr=+6.0dB [ber_drl]  snr=+8.0dB [ber_drl]  snr=+10.0dB [ber_drl]  snr=+12.0dB [ber_drl]  snr=+14.0dB [ber_drl]  snr=+16.0dB [ber_drl]  snr=+18.0dB [ber_drl]  snr=+20.0dB [ber_drl]Done (7.21s)
Batch 232/2000 (active points 11/11) [27m 44s elapsed] ...   snr=+0.0dB [ber_drl]  snr=+2.0dB [ber_drl]  snr=+4.0dB [ber_drl]  snr=+6.0dB [ber_drl]  snr=+8.0dB [ber_drl]  snr=+10.0dB [ber_drl]  snr=+12.0dB [ber_drl]  snr=+14.0dB [ber_drl]  snr=+16.0dB [ber_drl]  snr=+18.0dB [ber_drl]  snr=+20.0dB [ber_drl]Done (7.17s)
Batch 233/2000 (active points 11/11) [27m 52s elapsed] ...   snr=+0.0dB [ber_drl]  snr=+2.0dB [ber_drl]  snr=+4.0dB [ber_drl]  snr=+6.0dB [ber_drl]  snr=+8.0dB [ber_drl]  snr=+10.0dB [ber_drl]  snr=+12.0dB [ber_drl]  snr=+14.0dB [ber_drl]  snr=+16.0dB [ber_drl]  snr=+18.0dB [ber_drl]  snr=+20.0dB [ber_drl]Done (7.10s)
Batch 234/2000 (active points 11/11) [27m 59s elapsed] ...   snr=+0.0dB [ber_drl]  snr=+2.0dB [ber_drl]  snr=+4.0dB [ber_drl]  snr=+6.0dB [ber_drl]  snr=+8.0dB [ber_drl]  snr=+10.0dB [ber_drl]  snr=+12.0dB [ber_drl]  snr=+14.0dB [ber_drl]  snr=+16.0dB [ber_drl]  snr=+18.0dB [ber_drl]  snr=+20.0dB [ber_drl]Done (7.29s)
Batch 235/2000 (active points 11/11) [28m 06s elapsed] ...   snr=+0.0dB [ber_drl]  snr=+2.0dB [ber_drl]  snr=+4.0dB [ber_drl]  snr=+6.0dB [ber_drl]  snr=+8.0dB [ber_drl]  snr=+10.0dB [ber_drl]  snr=+12.0dB [ber_drl]  snr=+14.0dB [ber_drl]  snr=+16.0dB [ber_drl]  snr=+18.0dB [ber_drl]  snr=+20.0dB [ber_drl]Done (7.13s)
Batch 236/2000 (active points 11/11) [28m 13s elapsed] ...   snr=+0.0dB [ber_drl]  snr=+2.0dB [ber_drl]  snr=+4.0dB [ber_drl]  snr=+6.0dB [ber_drl]  snr=+8.0dB [ber_drl]  snr=+10.0dB [ber_drl]  snr=+12.0dB [ber_drl]  snr=+14.0dB [ber_drl]  snr=+16.0dB [ber_drl]  snr=+18.0dB [ber_drl]  snr=+20.0dB [ber_drl]Done (7.19s)
Batch 237/2000 (active points 11/11) [28m 20s elapsed] ...   snr=+0.0dB [ber_drl]  snr=+2.0dB [ber_drl]  snr=+4.0dB [ber_drl]  snr=+6.0dB [ber_drl]  snr=+8.0dB [ber_drl]  snr=+10.0dB [ber_drl]  snr=+12.0dB [ber_drl]  snr=+14.0dB [ber_drl]  snr=+16.0dB [ber_drl]  snr=+18.0dB [ber_drl]  snr=+20.0dB [ber_drl]Done (7.19s)
Batch 238/2000 (active points 11/11) [28m 28s elapsed] ...   snr=+0.0dB [ber_drl]  snr=+2.0dB [ber_drl]  snr=+4.0dB [ber_drl]  snr=+6.0dB [ber_drl]  snr=+8.0dB [ber_drl]  snr=+10.0dB [ber_drl]  snr=+12.0dB [ber_drl]  snr=+14.0dB [ber_drl]  snr=+16.0dB [ber_drl]  snr=+18.0dB [ber_drl]  snr=+20.0dB [ber_drl]Done (7.10s)
Batch 239/2000 (active points 11/11) [28m 35s elapsed] ...   snr=+0.0dB [ber_drl]  snr=+2.0dB [ber_drl]  snr=+4.0dB [ber_drl]  snr=+6.0dB [ber_drl]  snr=+8.0dB [ber_drl]  snr=+10.0dB [ber_drl]  snr=+12.0dB [ber_drl]  snr=+14.0dB [ber_drl]  snr=+16.0dB [ber_drl]  snr=+18.0dB [ber_drl]  snr=+20.0dB [ber_drl]Done (7.19s)
Batch 240/2000 (active points 11/11) [28m 42s elapsed] ...   snr=+0.0dB [ber_drl]  snr=+2.0dB [ber_drl]  snr=+4.0dB [ber_drl]  snr=+6.0dB [ber_drl]  snr=+8.0dB [ber_drl]  snr=+10.0dB [ber_drl]  snr=+12.0dB [ber_drl]  snr=+14.0dB [ber_drl]  snr=+16.0dB [ber_drl]  snr=+18.0dB [ber_drl]  snr=+20.0dB [ber_drl]Done (7.23s)
Batch 241/2000 (active points 11/11) [28m 49s elapsed] ...   snr=+0.0dB [ber_drl]  snr=+2.0dB [ber_drl]  snr=+4.0dB [ber_drl]  snr=+6.0dB [ber_drl]  snr=+8.0dB [ber_drl]  snr=+10.0dB [ber_drl]  snr=+12.0dB [ber_drl]  snr=+14.0dB [ber_drl]  snr=+16.0dB [ber_drl]  snr=+18.0dB [ber_drl]  snr=+20.0dB [ber_drl]Done (7.26s)
Batch 242/2000 (active points 11/11) [28m 56s elapsed] ...   snr=+0.0dB [ber_drl]  snr=+2.0dB [ber_drl]  snr=+4.0dB [ber_drl]  snr=+6.0dB [ber_drl]  snr=+8.0dB [ber_drl]  snr=+10.0dB [ber_drl]  snr=+12.0dB [ber_drl]  snr=+14.0dB [ber_drl]  snr=+16.0dB [ber_drl]  snr=+18.0dB [ber_drl]  snr=+20.0dB [ber_drl]Done (7.14s)
Batch 243/2000 (active points 11/11) [29m 03s elapsed] ...   snr=+0.0dB [ber_drl]  snr=+2.0dB [ber_drl]  snr=+4.0dB [ber_drl]  snr=+6.0dB [ber_drl]  snr=+8.0dB [ber_drl]  snr=+10.0dB [ber_drl]  snr=+12.0dB [ber_drl]  snr=+14.0dB [ber_drl]  snr=+16.0dB [ber_drl]  snr=+18.0dB [ber_drl]  snr=+20.0dB [ber_drl]Done (7.22s)
Batch 244/2000 (active points 11/11) [29m 11s elapsed] ...   snr=+0.0dB [ber_drl]  snr=+2.0dB [ber_drl]  snr=+4.0dB [ber_drl]  snr=+6.0dB [ber_drl]  snr=+8.0dB [ber_drl]  snr=+10.0dB [ber_drl]  snr=+12.0dB [ber_drl]  snr=+14.0dB [ber_drl]  snr=+16.0dB [ber_drl]  snr=+18.0dB [ber_drl]  snr=+20.0dB [ber_drl]Done (7.15s)
Batch 245/2000 (active points 11/11) [29m 18s elapsed] ...   snr=+0.0dB [ber_drl]  snr=+2.0dB [ber_drl]  snr=+4.0dB [ber_drl]  snr=+6.0dB [ber_drl]  snr=+8.0dB [ber_drl]  snr=+10.0dB [ber_drl]  snr=+12.0dB [ber_drl]  snr=+14.0dB [ber_drl]  snr=+16.0dB [ber_drl]  snr=+18.0dB [ber_drl]  snr=+20.0dB [ber_drl]Done (7.18s)
Batch 246/2000 (active points 11/11) [29m 25s elapsed] ...   snr=+0.0dB [ber_drl]  snr=+2.0dB [ber_drl]  snr=+4.0dB [ber_drl]  snr=+6.0dB [ber_drl]  snr=+8.0dB [ber_drl]  snr=+10.0dB [ber_drl]  snr=+12.0dB [ber_drl]  snr=+14.0dB [ber_drl]  snr=+16.0dB [ber_drl]  snr=+18.0dB [ber_drl]  snr=+20.0dB [ber_drl]Done (7.38s)
Batch 247/2000 (active points 11/11) [29m 32s elapsed] ...   snr=+0.0dB [ber_drl]  snr=+2.0dB [ber_drl]  snr=+4.0dB [ber_drl]  snr=+6.0dB [ber_drl]  snr=+8.0dB [ber_drl]  snr=+10.0dB [ber_drl]  snr=+12.0dB [ber_drl]  snr=+14.0dB [ber_drl]  snr=+16.0dB [ber_drl]  snr=+18.0dB [ber_drl]  snr=+20.0dB [ber_drl]Done (7.25s)
Batch 248/2000 (active points 11/11) [29m 40s elapsed] ...   snr=+0.0dB [ber_drl]  snr=+2.0dB [ber_drl]  snr=+4.0dB [ber_drl]  snr=+6.0dB [ber_drl]  snr=+8.0dB [ber_drl]  snr=+10.0dB [ber_drl]  snr=+12.0dB [ber_drl]  snr=+14.0dB [ber_drl]  snr=+16.0dB [ber_drl]  snr=+18.0dB [ber_drl]  snr=+20.0dB [ber_drl]Done (7.21s)
Batch 249/2000 (active points 11/11) [29m 47s elapsed] ...   snr=+0.0dB [ber_drl]  snr=+2.0dB [ber_drl]  snr=+4.0dB [ber_drl]  snr=+6.0dB [ber_drl]  snr=+8.0dB [ber_drl]  snr=+10.0dB [ber_drl]  snr=+12.0dB [ber_drl]  snr=+14.0dB [ber_drl]  snr=+16.0dB [ber_drl]  snr=+18.0dB [ber_drl]  snr=+20.0dB [ber_drl]Done (7.14s)
Batch 250/2000 (active points 11/11) [29m 54s elapsed] ...   snr=+0.0dB [ber_drl]  snr=+2.0dB [ber_drl]  snr=+4.0dB [ber_drl]  snr=+6.0dB [ber_drl]  snr=+8.0dB [ber_drl]  snr=+10.0dB [ber_drl]  snr=+12.0dB [ber_drl]  snr=+14.0dB [ber_drl]  snr=+16.0dB [ber_drl]  snr=+18.0dB [ber_drl]  snr=+20.0dB [ber_drl]Done (7.12s)
Batch 251/2000 (active points 11/11) [30m 01s elapsed] ...   snr=+0.0dB [ber_drl]  snr=+2.0dB [ber_drl]  snr=+4.0dB [ber_drl]  snr=+6.0dB [ber_drl]  snr=+8.0dB [ber_drl]  snr=+10.0dB [ber_drl]  snr=+12.0dB [ber_drl]  snr=+14.0dB [ber_drl]  snr=+16.0dB [ber_drl]  snr=+18.0dB [ber_drl]  snr=+20.0dB [ber_drl]Done (7.21s)
Batch 252/2000 (active points 11/11) [30m 08s elapsed] ...   snr=+0.0dB [ber_drl]  snr=+2.0dB [ber_drl]  snr=+4.0dB [ber_drl]  snr=+6.0dB [ber_drl]  snr=+8.0dB [ber_drl]  snr=+10.0dB [ber_drl]  snr=+12.0dB [ber_drl]  snr=+14.0dB [ber_drl]  snr=+16.0dB [ber_drl]  snr=+18.0dB [ber_drl]  snr=+20.0dB [ber_drl]Done (7.21s)
Batch 253/2000 (active points 11/11) [30m 16s elapsed] ...   snr=+0.0dB [ber_drl]  snr=+2.0dB [ber_drl]  snr=+4.0dB [ber_drl]  snr=+6.0dB [ber_drl]  snr=+8.0dB [ber_drl]  snr=+10.0dB [ber_drl]  snr=+12.0dB [ber_drl]  snr=+14.0dB [ber_drl]  snr=+16.0dB [ber_drl]  snr=+18.0dB [ber_drl]  snr=+20.0dB [ber_drl]Done (7.08s)
Batch 254/2000 (active points 11/11) [30m 23s elapsed] ...   snr=+0.0dB [ber_drl]  snr=+2.0dB [ber_drl]  snr=+4.0dB [ber_drl]  snr=+6.0dB [ber_drl]  snr=+8.0dB [ber_drl]  snr=+10.0dB [ber_drl]  snr=+12.0dB [ber_drl]  snr=+14.0dB [ber_drl]  snr=+16.0dB [ber_drl]  snr=+18.0dB [ber_drl]  snr=+20.0dB [ber_drl]Done (7.15s)
Batch 255/2000 (active points 11/11) [30m 30s elapsed] ...   snr=+0.0dB [ber_drl]  snr=+2.0dB [ber_drl]  snr=+4.0dB [ber_drl]  snr=+6.0dB [ber_drl]  snr=+8.0dB [ber_drl]  snr=+10.0dB [ber_drl]  snr=+12.0dB [ber_drl]  snr=+14.0dB [ber_drl]  snr=+16.0dB [ber_drl]  snr=+18.0dB [ber_drl]  snr=+20.0dB [ber_drl]Done (7.18s)
Batch 256/2000 (active points 11/11) [30m 37s elapsed] ...   snr=+0.0dB [ber_drl]  snr=+2.0dB [ber_drl]  snr=+4.0dB [ber_drl]  snr=+6.0dB [ber_drl]  snr=+8.0dB [ber_drl]  snr=+10.0dB [ber_drl]  snr=+12.0dB [ber_drl]  snr=+14.0dB [ber_drl]  snr=+16.0dB [ber_drl]  snr=+18.0dB [ber_drl]  snr=+20.0dB [ber_drl]Done (7.17s)
Batch 257/2000 (active points 11/11) [30m 44s elapsed] ...   snr=+0.0dB [ber_drl]  snr=+2.0dB [ber_drl]  snr=+4.0dB [ber_drl]  snr=+6.0dB [ber_drl]  snr=+8.0dB [ber_drl]  snr=+10.0dB [ber_drl]  snr=+12.0dB [ber_drl]  snr=+14.0dB [ber_drl]  snr=+16.0dB [ber_drl]  snr=+18.0dB [ber_drl]  snr=+20.0dB [ber_drl]Done (7.22s)
Batch 258/2000 (active points 11/11) [30m 51s elapsed] ...   snr=+0.0dB [ber_drl]  snr=+2.0dB [ber_drl]  snr=+4.0dB [ber_drl]  snr=+6.0dB [ber_drl]  snr=+8.0dB [ber_drl]  snr=+10.0dB [ber_drl]  snr=+12.0dB [ber_drl]  snr=+14.0dB [ber_drl]  snr=+16.0dB [ber_drl]  snr=+18.0dB [ber_drl]  snr=+20.0dB [ber_drl]Done (7.07s)
Batch 259/2000 (active points 11/11) [30m 58s elapsed] ...   snr=+0.0dB [ber_drl]  snr=+2.0dB [ber_drl]  snr=+4.0dB [ber_drl]  snr=+6.0dB [ber_drl]  snr=+8.0dB [ber_drl]  snr=+10.0dB [ber_drl]  snr=+12.0dB [ber_drl]  snr=+14.0dB [ber_drl]  snr=+16.0dB [ber_drl]  snr=+18.0dB [ber_drl]  snr=+20.0dB [ber_drl]Done (7.19s)
Batch 260/2000 (active points 11/11) [31m 06s elapsed] ...   snr=+0.0dB [ber_drl]  snr=+2.0dB [ber_drl]  snr=+4.0dB [ber_drl]  snr=+6.0dB [ber_drl]  snr=+8.0dB [ber_drl]  snr=+10.0dB [ber_drl]  snr=+12.0dB [ber_drl]  snr=+14.0dB [ber_drl]  snr=+16.0dB [ber_drl]  snr=+18.0dB [ber_drl]  snr=+20.0dB [ber_drl]Done (7.17s)
Batch 261/2000 (active points 11/11) [31m 13s elapsed] ...   snr=+0.0dB [ber_drl]  snr=+2.0dB [ber_drl]  snr=+4.0dB [ber_drl]  snr=+6.0dB [ber_drl]  snr=+8.0dB [ber_drl]  snr=+10.0dB [ber_drl]  snr=+12.0dB [ber_drl]  snr=+14.0dB [ber_drl]  snr=+16.0dB [ber_drl]  snr=+18.0dB [ber_drl]  snr=+20.0dB [ber_drl]Done (7.19s)
Batch 262/2000 (active points 11/11) [31m 20s elapsed] ...   snr=+0.0dB [ber_drl]  snr=+2.0dB [ber_drl]  snr=+4.0dB [ber_drl]  snr=+6.0dB [ber_drl]  snr=+8.0dB [ber_drl]  snr=+10.0dB [ber_drl]  snr=+12.0dB [ber_drl]  snr=+14.0dB [ber_drl]  snr=+16.0dB [ber_drl]  snr=+18.0dB [ber_drl]  snr=+20.0dB [ber_drl]Done (7.35s)
Batch 263/2000 (active points 11/11) [31m 27s elapsed] ...   snr=+0.0dB [ber_drl]  snr=+2.0dB [ber_drl]  snr=+4.0dB [ber_drl]  snr=+6.0dB [ber_drl]  snr=+8.0dB [ber_drl]  snr=+10.0dB [ber_drl]  snr=+12.0dB [ber_drl]  snr=+14.0dB [ber_drl]  snr=+16.0dB [ber_drl]  snr=+18.0dB [ber_drl]  snr=+20.0dB [ber_drl]Done (7.11s)
Batch 264/2000 (active points 11/11) [31m 34s elapsed] ...   snr=+0.0dB [ber_drl]  snr=+2.0dB [ber_drl]  snr=+4.0dB [ber_drl]  snr=+6.0dB [ber_drl]  snr=+8.0dB [ber_drl]  snr=+10.0dB [ber_drl]  snr=+12.0dB [ber_drl]  snr=+14.0dB [ber_drl]  snr=+16.0dB [ber_drl]  snr=+18.0dB [ber_drl]  snr=+20.0dB [ber_drl]Done (7.20s)
Batch 265/2000 (active points 11/11) [31m 42s elapsed] ...   snr=+0.0dB [ber_drl]  snr=+2.0dB [ber_drl]  snr=+4.0dB [ber_drl]  snr=+6.0dB [ber_drl]  snr=+8.0dB [ber_drl]  snr=+10.0dB [ber_drl]  snr=+12.0dB [ber_drl]  snr=+14.0dB [ber_drl]  snr=+16.0dB [ber_drl]  snr=+18.0dB [ber_drl]  snr=+20.0dB [ber_drl]Done (7.18s)
Batch 266/2000 (active points 11/11) [31m 49s elapsed] ...   snr=+0.0dB [ber_drl]  snr=+2.0dB [ber_drl]  snr=+4.0dB [ber_drl]  snr=+6.0dB [ber_drl]  snr=+8.0dB [ber_drl]  snr=+10.0dB [ber_drl]  snr=+12.0dB [ber_drl]  snr=+14.0dB [ber_drl]  snr=+16.0dB [ber_drl]  snr=+18.0dB [ber_drl]  snr=+20.0dB [ber_drl]Done (7.26s)
Batch 267/2000 (active points 11/11) [31m 56s elapsed] ...   snr=+0.0dB [ber_drl]  snr=+2.0dB [ber_drl]  snr=+4.0dB [ber_drl]  snr=+6.0dB [ber_drl]  snr=+8.0dB [ber_drl]  snr=+10.0dB [ber_drl]  snr=+12.0dB [ber_drl]  snr=+14.0dB [ber_drl]  snr=+16.0dB [ber_drl]  snr=+18.0dB [ber_drl]  snr=+20.0dB [ber_drl]Done (7.15s)
Batch 268/2000 (active points 11/11) [32m 03s elapsed] ...   snr=+0.0dB [ber_drl]  snr=+2.0dB [ber_drl]  snr=+4.0dB [ber_drl]  snr=+6.0dB [ber_drl]  snr=+8.0dB [ber_drl]  snr=+10.0dB [ber_drl]  snr=+12.0dB [ber_drl]  snr=+14.0dB [ber_drl]  snr=+16.0dB [ber_drl]  snr=+18.0dB [ber_drl]  snr=+20.0dB [ber_drl]Done (7.10s)
Batch 269/2000 (active points 11/11) [32m 10s elapsed] ...   snr=+0.0dB [ber_drl]  snr=+2.0dB [ber_drl]  snr=+4.0dB [ber_drl]  snr=+6.0dB [ber_drl]  snr=+8.0dB [ber_drl]  snr=+10.0dB [ber_drl]  snr=+12.0dB [ber_drl]  snr=+14.0dB [ber_drl]  snr=+16.0dB [ber_drl]  snr=+18.0dB [ber_drl]  snr=+20.0dB [ber_drl]Done (7.17s)
Batch 270/2000 (active points 11/11) [32m 17s elapsed] ...   snr=+0.0dB [ber_drl]  snr=+2.0dB [ber_drl]  snr=+4.0dB [ber_drl]  snr=+6.0dB [ber_drl]  snr=+8.0dB [ber_drl]  snr=+10.0dB [ber_drl]  snr=+12.0dB [ber_drl]  snr=+14.0dB [ber_drl]  snr=+16.0dB [ber_drl]  snr=+18.0dB [ber_drl]  snr=+20.0dB [ber_drl]Done (7.19s)
Batch 271/2000 (active points 11/11) [32m 25s elapsed] ...   snr=+0.0dB [ber_drl]  snr=+2.0dB [ber_drl]  snr=+4.0dB [ber_drl]  snr=+6.0dB [ber_drl]  snr=+8.0dB [ber_drl]  snr=+10.0dB [ber_drl]  snr=+12.0dB [ber_drl]  snr=+14.0dB [ber_drl]  snr=+16.0dB [ber_drl]  snr=+18.0dB [ber_drl]  snr=+20.0dB [ber_drl]Done (7.18s)
Batch 272/2000 (active points 11/11) [32m 32s elapsed] ...   snr=+0.0dB [ber_drl]  snr=+2.0dB [ber_drl]  snr=+4.0dB [ber_drl]  snr=+6.0dB [ber_drl]  snr=+8.0dB [ber_drl]  snr=+10.0dB [ber_drl]  snr=+12.0dB [ber_drl]  snr=+14.0dB [ber_drl]  snr=+16.0dB [ber_drl]  snr=+18.0dB [ber_drl]  snr=+20.0dB [ber_drl]Done (7.25s)
Batch 273/2000 (active points 11/11) [32m 39s elapsed] ...   snr=+0.0dB [ber_drl]  snr=+2.0dB [ber_drl]  snr=+4.0dB [ber_drl]  snr=+6.0dB [ber_drl]  snr=+8.0dB [ber_drl]  snr=+10.0dB [ber_drl]  snr=+12.0dB [ber_drl]  snr=+14.0dB [ber_drl]  snr=+16.0dB [ber_drl]  snr=+18.0dB [ber_drl]  snr=+20.0dB [ber_drl]Done (7.15s)
Batch 274/2000 (active points 11/11) [32m 46s elapsed] ...   snr=+0.0dB [ber_drl]  snr=+2.0dB [ber_drl]  snr=+4.0dB [ber_drl]  snr=+6.0dB [ber_drl]  snr=+8.0dB [ber_drl]  snr=+10.0dB [ber_drl]  snr=+12.0dB [ber_drl]  snr=+14.0dB [ber_drl]  snr=+16.0dB [ber_drl]  snr=+18.0dB [ber_drl]  snr=+20.0dB [ber_drl]Done (7.16s)
Batch 275/2000 (active points 11/11) [32m 53s elapsed] ...   snr=+0.0dB [ber_drl]  snr=+2.0dB [ber_drl]  snr=+4.0dB [ber_drl]  snr=+6.0dB [ber_drl]  snr=+8.0dB [ber_drl]  snr=+10.0dB [ber_drl]  snr=+12.0dB [ber_drl]  snr=+14.0dB [ber_drl]  snr=+16.0dB [ber_drl]  snr=+18.0dB [ber_drl]  snr=+20.0dB [ber_drl]Done (7.21s)
Batch 276/2000 (active points 11/11) [33m 01s elapsed] ...   snr=+0.0dB [ber_drl]  snr=+2.0dB [ber_drl]  snr=+4.0dB [ber_drl]  snr=+6.0dB [ber_drl]  snr=+8.0dB [ber_drl]  snr=+10.0dB [ber_drl]  snr=+12.0dB [ber_drl]  snr=+14.0dB [ber_drl]  snr=+16.0dB [ber_drl]  snr=+18.0dB [ber_drl]  snr=+20.0dB [ber_drl]Done (7.28s)
Batch 277/2000 (active points 11/11) [33m 08s elapsed] ...   snr=+0.0dB [ber_drl]  snr=+2.0dB [ber_drl]  snr=+4.0dB [ber_drl]  snr=+6.0dB [ber_drl]  snr=+8.0dB [ber_drl]  snr=+10.0dB [ber_drl]  snr=+12.0dB [ber_drl]  snr=+14.0dB [ber_drl]  snr=+16.0dB [ber_drl]  snr=+18.0dB [ber_drl]  snr=+20.0dB [ber_drl]Done (7.15s)
Batch 278/2000 (active points 11/11) [33m 15s elapsed] ...   snr=+0.0dB [ber_drl]  snr=+2.0dB [ber_drl]  snr=+4.0dB [ber_drl]  snr=+6.0dB [ber_drl]  snr=+8.0dB [ber_drl]  snr=+10.0dB [ber_drl]  snr=+12.0dB [ber_drl]  snr=+14.0dB [ber_drl]  snr=+16.0dB [ber_drl]  snr=+18.0dB [ber_drl]  snr=+20.0dB [ber_drl]Done (7.19s)
Batch 279/2000 (active points 11/11) [33m 22s elapsed] ...   snr=+0.0dB [ber_drl]  snr=+2.0dB [ber_drl]  snr=+4.0dB [ber_drl]  snr=+6.0dB [ber_drl]  snr=+8.0dB [ber_drl]  snr=+10.0dB [ber_drl]  snr=+12.0dB [ber_drl]  snr=+14.0dB [ber_drl]  snr=+16.0dB [ber_drl]  snr=+18.0dB [ber_drl]  snr=+20.0dB [ber_drl]Done (7.19s)
Batch 280/2000 (active points 11/11) [33m 29s elapsed] ...   snr=+0.0dB [ber_drl]  snr=+2.0dB [ber_drl]  snr=+4.0dB [ber_drl]  snr=+6.0dB [ber_drl]  snr=+8.0dB [ber_drl]  snr=+10.0dB [ber_drl]  snr=+12.0dB [ber_drl]  snr=+14.0dB [ber_drl]  snr=+16.0dB [ber_drl]  snr=+18.0dB [ber_drl]  snr=+20.0dB [ber_drl]Done (7.14s)
Batch 281/2000 (active points 11/11) [33m 37s elapsed] ...   snr=+0.0dB [ber_drl]  snr=+2.0dB [ber_drl]  snr=+4.0dB [ber_drl]  snr=+6.0dB [ber_drl]  snr=+8.0dB [ber_drl]  snr=+10.0dB [ber_drl]  snr=+12.0dB [ber_drl]  snr=+14.0dB [ber_drl]  snr=+16.0dB [ber_drl]  snr=+18.0dB [ber_drl]  snr=+20.0dB [ber_drl]Done (7.35s)
Batch 282/2000 (active points 11/11) [33m 44s elapsed] ...   snr=+0.0dB [ber_drl]  snr=+2.0dB [ber_drl]  snr=+4.0dB [ber_drl]  snr=+6.0dB [ber_drl]  snr=+8.0dB [ber_drl]  snr=+10.0dB [ber_drl]  snr=+12.0dB [ber_drl]  snr=+14.0dB [ber_drl]  snr=+16.0dB [ber_drl]  snr=+18.0dB [ber_drl]  snr=+20.0dB [ber_drl]Done (7.17s)
Batch 283/2000 (active points 11/11) [33m 51s elapsed] ...   snr=+0.0dB [ber_drl]  snr=+2.0dB [ber_drl]  snr=+4.0dB [ber_drl]  snr=+6.0dB [ber_drl]  snr=+8.0dB [ber_drl]  snr=+10.0dB [ber_drl]  snr=+12.0dB [ber_drl]  snr=+14.0dB [ber_drl]  snr=+16.0dB [ber_drl]  snr=+18.0dB [ber_drl]  snr=+20.0dB [ber_drl]Done (7.18s)
Batch 284/2000 (active points 11/11) [33m 58s elapsed] ...   snr=+0.0dB [ber_drl]  snr=+2.0dB [ber_drl]  snr=+4.0dB [ber_drl]  snr=+6.0dB [ber_drl]  snr=+8.0dB [ber_drl]  snr=+10.0dB [ber_drl]  snr=+12.0dB [ber_drl]  snr=+14.0dB [ber_drl]  snr=+16.0dB [ber_drl]  snr=+18.0dB [ber_drl]  snr=+20.0dB [ber_drl]Done (7.11s)
Batch 285/2000 (active points 11/11) [34m 05s elapsed] ...   snr=+0.0dB [ber_drl]  snr=+2.0dB [ber_drl]  snr=+4.0dB [ber_drl]  snr=+6.0dB [ber_drl]  snr=+8.0dB [ber_drl]  snr=+10.0dB [ber_drl]  snr=+12.0dB [ber_drl]  snr=+14.0dB [ber_drl]  snr=+16.0dB [ber_drl]  snr=+18.0dB [ber_drl]  snr=+20.0dB [ber_drl]Done (7.12s)
Batch 286/2000 (active points 11/11) [34m 13s elapsed] ...   snr=+0.0dB [ber_drl]  snr=+2.0dB [ber_drl]  snr=+4.0dB [ber_drl]  snr=+6.0dB [ber_drl]  snr=+8.0dB [ber_drl]  snr=+10.0dB [ber_drl]  snr=+12.0dB [ber_drl]  snr=+14.0dB [ber_drl]  snr=+16.0dB [ber_drl]  snr=+18.0dB [ber_drl]  snr=+20.0dB [ber_drl]Done (7.26s)
Batch 287/2000 (active points 11/11) [34m 20s elapsed] ...   snr=+0.0dB [ber_drl]  snr=+2.0dB [ber_drl]  snr=+4.0dB [ber_drl]  snr=+6.0dB [ber_drl]  snr=+8.0dB [ber_drl]  snr=+10.0dB [ber_drl]  snr=+12.0dB [ber_drl]  snr=+14.0dB [ber_drl]  snr=+16.0dB [ber_drl]  snr=+18.0dB [ber_drl]  snr=+20.0dB [ber_drl]Done (7.14s)
Batch 288/2000 (active points 11/11) [34m 27s elapsed] ...   snr=+0.0dB [ber_drl]  snr=+2.0dB [ber_drl]  snr=+4.0dB [ber_drl]  snr=+6.0dB [ber_drl]  snr=+8.0dB [ber_drl]  snr=+10.0dB [ber_drl]  snr=+12.0dB [ber_drl]  snr=+14.0dB [ber_drl]  snr=+16.0dB [ber_drl]  snr=+18.0dB [ber_drl]  snr=+20.0dB [ber_drl]Done (7.12s)
Batch 289/2000 (active points 11/11) [34m 34s elapsed] ...   snr=+0.0dB [ber_drl]  snr=+2.0dB [ber_drl]  snr=+4.0dB [ber_drl]  snr=+6.0dB [ber_drl]  snr=+8.0dB [ber_drl]  snr=+10.0dB [ber_drl]  snr=+12.0dB [ber_drl]  snr=+14.0dB [ber_drl]  snr=+16.0dB [ber_drl]  snr=+18.0dB [ber_drl]  snr=+20.0dB [ber_drl]Done (7.16s)
Batch 290/2000 (active points 11/11) [34m 41s elapsed] ...   snr=+0.0dB [ber_drl]  snr=+2.0dB [ber_drl]  snr=+4.0dB [ber_drl]  snr=+6.0dB [ber_drl]  snr=+8.0dB [ber_drl]  snr=+10.0dB [ber_drl]  snr=+12.0dB [ber_drl]  snr=+14.0dB [ber_drl]  snr=+16.0dB [ber_drl]  snr=+18.0dB [ber_drl]  snr=+20.0dB [ber_drl]Done (7.22s)
Batch 291/2000 (active points 11/11) [34m 48s elapsed] ...   snr=+0.0dB [ber_drl]  snr=+2.0dB [ber_drl]  snr=+4.0dB [ber_drl]  snr=+6.0dB [ber_drl]  snr=+8.0dB [ber_drl]  snr=+10.0dB [ber_drl]  snr=+12.0dB [ber_drl]  snr=+14.0dB [ber_drl]  snr=+16.0dB [ber_drl]  snr=+18.0dB [ber_drl]  snr=+20.0dB [ber_drl]Done (7.26s)
Batch 292/2000 (active points 11/11) [34m 56s elapsed] ...   snr=+0.0dB [ber_drl]  snr=+2.0dB [ber_drl]  snr=+4.0dB [ber_drl]  snr=+6.0dB [ber_drl]  snr=+8.0dB [ber_drl]  snr=+10.0dB [ber_drl]  snr=+12.0dB [ber_drl]  snr=+14.0dB [ber_drl]  snr=+16.0dB [ber_drl]  snr=+18.0dB [ber_drl]  snr=+20.0dB [ber_drl]Done (7.12s)
Batch 293/2000 (active points 11/11) [35m 03s elapsed] ...   snr=+0.0dB [ber_drl]  snr=+2.0dB [ber_drl]  snr=+4.0dB [ber_drl]  snr=+6.0dB [ber_drl]  snr=+8.0dB [ber_drl]  snr=+10.0dB [ber_drl]  snr=+12.0dB [ber_drl]  snr=+14.0dB [ber_drl]  snr=+16.0dB [ber_drl]  snr=+18.0dB [ber_drl]  snr=+20.0dB [ber_drl]Done (7.12s)
Batch 294/2000 (active points 11/11) [35m 10s elapsed] ...   snr=+0.0dB [ber_drl]  snr=+2.0dB [ber_drl]  snr=+4.0dB [ber_drl]  snr=+6.0dB [ber_drl]  snr=+8.0dB [ber_drl]  snr=+10.0dB [ber_drl]  snr=+12.0dB [ber_drl]  snr=+14.0dB [ber_drl]  snr=+16.0dB [ber_drl]  snr=+18.0dB [ber_drl]  snr=+20.0dB [ber_drl]Done (7.11s)
Batch 295/2000 (active points 11/11) [35m 17s elapsed] ...   snr=+0.0dB [ber_drl]  snr=+2.0dB [ber_drl]  snr=+4.0dB [ber_drl]  snr=+6.0dB [ber_drl]  snr=+8.0dB [ber_drl]  snr=+10.0dB [ber_drl]  snr=+12.0dB [ber_drl]  snr=+14.0dB [ber_drl]  snr=+16.0dB [ber_drl]  snr=+18.0dB [ber_drl]  snr=+20.0dB [ber_drl]Done (7.15s)
Batch 296/2000 (active points 11/11) [35m 24s elapsed] ...   snr=+0.0dB [ber_drl]  snr=+2.0dB [ber_drl]  snr=+4.0dB [ber_drl]  snr=+6.0dB [ber_drl]  snr=+8.0dB [ber_drl]  snr=+10.0dB [ber_drl]  snr=+12.0dB [ber_drl]  snr=+14.0dB [ber_drl]  snr=+16.0dB [ber_drl]  snr=+18.0dB [ber_drl]  snr=+20.0dB [ber_drl]Done (7.16s)
Batch 297/2000 (active points 11/11) [35m 31s elapsed] ...   snr=+0.0dB [ber_drl]  snr=+2.0dB [ber_drl]  snr=+4.0dB [ber_drl]  snr=+6.0dB [ber_drl]  snr=+8.0dB [ber_drl]  snr=+10.0dB [ber_drl]  snr=+12.0dB [ber_drl]  snr=+14.0dB [ber_drl]  snr=+16.0dB [ber_drl]  snr=+18.0dB [ber_drl]  snr=+20.0dB [ber_drl]Done (7.08s)
Batch 298/2000 (active points 11/11) [35m 38s elapsed] ...   snr=+0.0dB [ber_drl]  snr=+2.0dB [ber_drl]  snr=+4.0dB [ber_drl]  snr=+6.0dB [ber_drl]  snr=+8.0dB [ber_drl]  snr=+10.0dB [ber_drl]  snr=+12.0dB [ber_drl]  snr=+14.0dB [ber_drl]  snr=+16.0dB [ber_drl]  snr=+18.0dB [ber_drl]  snr=+20.0dB [ber_drl]Done (7.18s)
Batch 299/2000 (active points 11/11) [35m 46s elapsed] ...   snr=+0.0dB [ber_drl]  snr=+2.0dB [ber_drl]  snr=+4.0dB [ber_drl]  snr=+6.0dB [ber_drl]  snr=+8.0dB [ber_drl]  snr=+10.0dB [ber_drl]  snr=+12.0dB [ber_drl]  snr=+14.0dB [ber_drl]  snr=+16.0dB [ber_drl]  snr=+18.0dB [ber_drl]  snr=+20.0dB [ber_drl]Done (7.18s)
Batch 300/2000 (active points 11/11) [35m 53s elapsed] ...   snr=+0.0dB [ber_drl]  snr=+2.0dB [ber_drl]  snr=+4.0dB [ber_drl]  snr=+6.0dB [ber_drl]  snr=+8.0dB [ber_drl]  snr=+10.0dB [ber_drl]  snr=+12.0dB [ber_drl]  snr=+14.0dB [ber_drl]  snr=+16.0dB [ber_drl]  snr=+18.0dB [ber_drl]  snr=+20.0dB [ber_drl]Done (7.19s)
Batch 301/2000 (active points 11/11) [36m 00s elapsed] ...   snr=+0.0dB [ber_drl]  snr=+2.0dB [ber_drl]  snr=+4.0dB [ber_drl]  snr=+6.0dB [ber_drl]  snr=+8.0dB [ber_drl]  snr=+10.0dB [ber_drl]  snr=+12.0dB [ber_drl]  snr=+14.0dB [ber_drl]  snr=+16.0dB [ber_drl]  snr=+18.0dB [ber_drl]  snr=+20.0dB [ber_drl]Done (7.15s)
Batch 302/2000 (active points 11/11) [36m 07s elapsed] ...   snr=+0.0dB [ber_drl]  snr=+2.0dB [ber_drl]  snr=+4.0dB [ber_drl]  snr=+6.0dB [ber_drl]  snr=+8.0dB [ber_drl]  snr=+10.0dB [ber_drl]  snr=+12.0dB [ber_drl]  snr=+14.0dB [ber_drl]  snr=+16.0dB [ber_drl]  snr=+18.0dB [ber_drl]  snr=+20.0dB [ber_drl]Done (7.11s)
Batch 303/2000 (active points 11/11) [36m 14s elapsed] ...   snr=+0.0dB [ber_drl]  snr=+2.0dB [ber_drl]  snr=+4.0dB [ber_drl]  snr=+6.0dB [ber_drl]  snr=+8.0dB [ber_drl]  snr=+10.0dB [ber_drl]  snr=+12.0dB [ber_drl]  snr=+14.0dB [ber_drl]  snr=+16.0dB [ber_drl]  snr=+18.0dB [ber_drl]  snr=+20.0dB [ber_drl]Done (7.20s)
Batch 304/2000 (active points 11/11) [36m 21s elapsed] ...   snr=+0.0dB [ber_drl]  snr=+2.0dB [ber_drl]  snr=+4.0dB [ber_drl]  snr=+6.0dB [ber_drl]  snr=+8.0dB [ber_drl]  snr=+10.0dB [ber_drl]  snr=+12.0dB [ber_drl]  snr=+14.0dB [ber_drl]  snr=+16.0dB [ber_drl]  snr=+18.0dB [ber_drl]  snr=+20.0dB [ber_drl]Done (7.20s)
Batch 305/2000 (active points 11/11) [36m 29s elapsed] ...   snr=+0.0dB [ber_drl]  snr=+2.0dB [ber_drl]  snr=+4.0dB [ber_drl]  snr=+6.0dB [ber_drl]  snr=+8.0dB [ber_drl]  snr=+10.0dB [ber_drl]  snr=+12.0dB [ber_drl]  snr=+14.0dB [ber_drl]  snr=+16.0dB [ber_drl]  snr=+18.0dB [ber_drl]  snr=+20.0dB [ber_drl]Done (7.13s)
Batch 306/2000 (active points 11/11) [36m 36s elapsed] ...   snr=+0.0dB [ber_drl]  snr=+2.0dB [ber_drl]  snr=+4.0dB [ber_drl]  snr=+6.0dB [ber_drl]  snr=+8.0dB [ber_drl]  snr=+10.0dB [ber_drl]  snr=+12.0dB [ber_drl]  snr=+14.0dB [ber_drl]  snr=+16.0dB [ber_drl]  snr=+18.0dB [ber_drl]  snr=+20.0dB [ber_drl]Done (7.16s)
Batch 307/2000 (active points 11/11) [36m 43s elapsed] ...   snr=+0.0dB [ber_drl]  snr=+2.0dB [ber_drl]  snr=+4.0dB [ber_drl]  snr=+6.0dB [ber_drl]  snr=+8.0dB [ber_drl]  snr=+10.0dB [ber_drl]  snr=+12.0dB [ber_drl]  snr=+14.0dB [ber_drl]  snr=+16.0dB [ber_drl]  snr=+18.0dB [ber_drl]  snr=+20.0dB [ber_drl]Done (7.23s)
Batch 308/2000 (active points 11/11) [36m 50s elapsed] ...   snr=+0.0dB [ber_drl]  snr=+2.0dB [ber_drl]  snr=+4.0dB [ber_drl]  snr=+6.0dB [ber_drl]  snr=+8.0dB [ber_drl]  snr=+10.0dB [ber_drl]  snr=+12.0dB [ber_drl]  snr=+14.0dB [ber_drl]  snr=+16.0dB [ber_drl]  snr=+18.0dB [ber_drl]  snr=+20.0dB [ber_drl]Done (7.17s)
Batch 309/2000 (active points 11/11) [36m 57s elapsed] ...   snr=+0.0dB [ber_drl]  snr=+2.0dB [ber_drl]  snr=+4.0dB [ber_drl]  snr=+6.0dB [ber_drl]  snr=+8.0dB [ber_drl]  snr=+10.0dB [ber_drl]  snr=+12.0dB [ber_drl]  snr=+14.0dB [ber_drl]  snr=+16.0dB [ber_drl]  snr=+18.0dB [ber_drl]  snr=+20.0dB [ber_drl]Done (7.19s)
Batch 310/2000 (active points 11/11) [37m 05s elapsed] ...   snr=+0.0dB [ber_drl]  snr=+2.0dB [ber_drl]  snr=+4.0dB [ber_drl]  snr=+6.0dB [ber_drl]  snr=+8.0dB [ber_drl]  snr=+10.0dB [ber_drl]  snr=+12.0dB [ber_drl]  snr=+14.0dB [ber_drl]  snr=+16.0dB [ber_drl]  snr=+18.0dB [ber_drl]  snr=+20.0dB [ber_drl]Done (7.53s)
Batch 311/2000 (active points 11/11) [37m 12s elapsed] ...   snr=+0.0dB [ber_drl]  snr=+2.0dB [ber_drl]  snr=+4.0dB [ber_drl]  snr=+6.0dB [ber_drl]  snr=+8.0dB [ber_drl]  snr=+10.0dB [ber_drl]  snr=+12.0dB [ber_drl]  snr=+14.0dB [ber_drl]  snr=+16.0dB [ber_drl]  snr=+18.0dB [ber_drl]  snr=+20.0dB [ber_drl]Done (7.09s)
Batch 312/2000 (active points 11/11) [37m 19s elapsed] ...   snr=+0.0dB [ber_drl]  snr=+2.0dB [ber_drl]  snr=+4.0dB [ber_drl]  snr=+6.0dB [ber_drl]  snr=+8.0dB [ber_drl]  snr=+10.0dB [ber_drl]  snr=+12.0dB [ber_drl]  snr=+14.0dB [ber_drl]  snr=+16.0dB [ber_drl]  snr=+18.0dB [ber_drl]  snr=+20.0dB [ber_drl]Done (7.19s)
Batch 313/2000 (active points 11/11) [37m 26s elapsed] ...   snr=+0.0dB [ber_drl]  snr=+2.0dB [ber_drl]  snr=+4.0dB [ber_drl]  snr=+6.0dB [ber_drl]  snr=+8.0dB [ber_drl]  snr=+10.0dB [ber_drl]  snr=+12.0dB [ber_drl]  snr=+14.0dB [ber_drl]  snr=+16.0dB [ber_drl]  snr=+18.0dB [ber_drl]  snr=+20.0dB [ber_drl]Done (7.18s)
Batch 314/2000 (active points 11/11) [37m 34s elapsed] ...   snr=+0.0dB [ber_drl]  snr=+2.0dB [ber_drl]  snr=+4.0dB [ber_drl]  snr=+6.0dB [ber_drl]  snr=+8.0dB [ber_drl]  snr=+10.0dB [ber_drl]  snr=+12.0dB [ber_drl]  snr=+14.0dB [ber_drl]  snr=+16.0dB [ber_drl]  snr=+18.0dB [ber_drl]  snr=+20.0dB [ber_drl]Done (7.13s)
Batch 315/2000 (active points 11/11) [37m 41s elapsed] ...   snr=+0.0dB [ber_drl]  snr=+2.0dB [ber_drl]  snr=+4.0dB [ber_drl]  snr=+6.0dB [ber_drl]  snr=+8.0dB [ber_drl]  snr=+10.0dB [ber_drl]  snr=+12.0dB [ber_drl]  snr=+14.0dB [ber_drl]  snr=+16.0dB [ber_drl]  snr=+18.0dB [ber_drl]  snr=+20.0dB [ber_drl]Done (7.31s)
Batch 316/2000 (active points 11/11) [37m 48s elapsed] ...   snr=+0.0dB [ber_drl]  snr=+2.0dB [ber_drl]  snr=+4.0dB [ber_drl]  snr=+6.0dB [ber_drl]  snr=+8.0dB [ber_drl]  snr=+10.0dB [ber_drl]  snr=+12.0dB [ber_drl]  snr=+14.0dB [ber_drl]  snr=+16.0dB [ber_drl]  snr=+18.0dB [ber_drl]  snr=+20.0dB [ber_drl]Done (7.12s)
Batch 317/2000 (active points 11/11) [37m 55s elapsed] ...   snr=+0.0dB [ber_drl]  snr=+2.0dB [ber_drl]  snr=+4.0dB [ber_drl]  snr=+6.0dB [ber_drl]  snr=+8.0dB [ber_drl]  snr=+10.0dB [ber_drl]  snr=+12.0dB [ber_drl]  snr=+14.0dB [ber_drl]  snr=+16.0dB [ber_drl]  snr=+18.0dB [ber_drl]  snr=+20.0dB [ber_drl]Done (7.15s)
Batch 318/2000 (active points 11/11) [38m 02s elapsed] ...   snr=+0.0dB [ber_drl]  snr=+2.0dB [ber_drl]  snr=+4.0dB [ber_drl]  snr=+6.0dB [ber_drl]  snr=+8.0dB [ber_drl]  snr=+10.0dB [ber_drl]  snr=+12.0dB [ber_drl]  snr=+14.0dB [ber_drl]  snr=+16.0dB [ber_drl]  snr=+18.0dB [ber_drl]  snr=+20.0dB [ber_drl]Done (7.15s)
Batch 319/2000 (active points 11/11) [38m 09s elapsed] ...   snr=+0.0dB [ber_drl]  snr=+2.0dB [ber_drl]  snr=+4.0dB [ber_drl]  snr=+6.0dB [ber_drl]  snr=+8.0dB [ber_drl]  snr=+10.0dB [ber_drl]  snr=+12.0dB [ber_drl]  snr=+14.0dB [ber_drl]  snr=+16.0dB [ber_drl]  snr=+18.0dB [ber_drl]  snr=+20.0dB [ber_drl]Done (7.17s)
Batch 320/2000 (active points 11/11) [38m 17s elapsed] ...   snr=+0.0dB [ber_drl]  snr=+2.0dB [ber_drl]  snr=+4.0dB [ber_drl]  snr=+6.0dB [ber_drl]  snr=+8.0dB [ber_drl]  snr=+10.0dB [ber_drl]  snr=+12.0dB [ber_drl]  snr=+14.0dB [ber_drl]  snr=+16.0dB [ber_drl]  snr=+18.0dB [ber_drl]  snr=+20.0dB [ber_drl]Done (7.12s)
Batch 321/2000 (active points 11/11) [38m 24s elapsed] ...   snr=+0.0dB [ber_drl]  snr=+2.0dB [ber_drl]  snr=+4.0dB [ber_drl]  snr=+6.0dB [ber_drl]  snr=+8.0dB [ber_drl]  snr=+10.0dB [ber_drl]  snr=+12.0dB [ber_drl]  snr=+14.0dB [ber_drl]  snr=+16.0dB [ber_drl]  snr=+18.0dB [ber_drl]  snr=+20.0dB [ber_drl]Done (7.29s)
Batch 322/2000 (active points 11/11) [38m 31s elapsed] ...   snr=+0.0dB [ber_drl]  snr=+2.0dB [ber_drl]  snr=+4.0dB [ber_drl]  snr=+6.0dB [ber_drl]  snr=+8.0dB [ber_drl]  snr=+10.0dB [ber_drl]  snr=+12.0dB [ber_drl]  snr=+14.0dB [ber_drl]  snr=+16.0dB [ber_drl]  snr=+18.0dB [ber_drl]  snr=+20.0dB [ber_drl]Done (7.15s)
Batch 323/2000 (active points 11/11) [38m 38s elapsed] ...   snr=+0.0dB [ber_drl]  snr=+2.0dB [ber_drl]  snr=+4.0dB [ber_drl]  snr=+6.0dB [ber_drl]  snr=+8.0dB [ber_drl]  snr=+10.0dB [ber_drl]  snr=+12.0dB [ber_drl]  snr=+14.0dB [ber_drl]  snr=+16.0dB [ber_drl]  snr=+18.0dB [ber_drl]  snr=+20.0dB [ber_drl]Done (7.25s)
Batch 324/2000 (active points 11/11) [38m 45s elapsed] ...   snr=+0.0dB [ber_drl]  snr=+2.0dB [ber_drl]  snr=+4.0dB [ber_drl]  snr=+6.0dB [ber_drl]  snr=+8.0dB [ber_drl]  snr=+10.0dB [ber_drl]  snr=+12.0dB [ber_drl]  snr=+14.0dB [ber_drl]  snr=+16.0dB [ber_drl]  snr=+18.0dB [ber_drl]  snr=+20.0dB [ber_drl]Done (7.14s)
Batch 325/2000 (active points 11/11) [38m 53s elapsed] ...   snr=+0.0dB [ber_drl]  snr=+2.0dB [ber_drl]  snr=+4.0dB [ber_drl]  snr=+6.0dB [ber_drl]  snr=+8.0dB [ber_drl]  snr=+10.0dB [ber_drl]  snr=+12.0dB [ber_drl]  snr=+14.0dB [ber_drl]  snr=+16.0dB [ber_drl]  snr=+18.0dB [ber_drl]  snr=+20.0dB [ber_drl]Done (7.26s)
Batch 326/2000 (active points 11/11) [39m 00s elapsed] ...   snr=+0.0dB [ber_drl]  snr=+2.0dB [ber_drl]  snr=+4.0dB [ber_drl]  snr=+6.0dB [ber_drl]  snr=+8.0dB [ber_drl]  snr=+10.0dB [ber_drl]  snr=+12.0dB [ber_drl]  snr=+14.0dB [ber_drl]  snr=+16.0dB [ber_drl]  snr=+18.0dB [ber_drl]  snr=+20.0dB [ber_drl]Done (7.15s)
Batch 327/2000 (active points 11/11) [39m 07s elapsed] ...   snr=+0.0dB [ber_drl]  snr=+2.0dB [ber_drl]  snr=+4.0dB [ber_drl]  snr=+6.0dB [ber_drl]  snr=+8.0dB [ber_drl]  snr=+10.0dB [ber_drl]  snr=+12.0dB [ber_drl]  snr=+14.0dB [ber_drl]  snr=+16.0dB [ber_drl]  snr=+18.0dB [ber_drl]  snr=+20.0dB [ber_drl]Done (7.13s)
Batch 328/2000 (active points 11/11) [39m 14s elapsed] ...   snr=+0.0dB [ber_drl]  snr=+2.0dB [ber_drl]  snr=+4.0dB [ber_drl]  snr=+6.0dB [ber_drl]  snr=+8.0dB [ber_drl]  snr=+10.0dB [ber_drl]  snr=+12.0dB [ber_drl]  snr=+14.0dB [ber_drl]  snr=+16.0dB [ber_drl]  snr=+18.0dB [ber_drl]  snr=+20.0dB [ber_drl]Done (7.24s)
Batch 329/2000 (active points 11/11) [39m 21s elapsed] ...   snr=+0.0dB [ber_drl]  snr=+2.0dB [ber_drl]  snr=+4.0dB [ber_drl]  snr=+6.0dB [ber_drl]  snr=+8.0dB [ber_drl]  snr=+10.0dB [ber_drl]  snr=+12.0dB [ber_drl]  snr=+14.0dB [ber_drl]  snr=+16.0dB [ber_drl]  snr=+18.0dB [ber_drl]  snr=+20.0dB [ber_drl]Done (7.22s)
Batch 330/2000 (active points 11/11) [39m 29s elapsed] ...   snr=+0.0dB [ber_drl]  snr=+2.0dB [ber_drl]  snr=+4.0dB [ber_drl]  snr=+6.0dB [ber_drl]  snr=+8.0dB [ber_drl]  snr=+10.0dB [ber_drl]  snr=+12.0dB [ber_drl]  snr=+14.0dB [ber_drl]  snr=+16.0dB [ber_drl]  snr=+18.0dB [ber_drl]  snr=+20.0dB [ber_drl]Done (7.18s)
Batch 331/2000 (active points 11/11) [39m 36s elapsed] ...   snr=+0.0dB [ber_drl]  snr=+2.0dB [ber_drl]  snr=+4.0dB [ber_drl]  snr=+6.0dB [ber_drl]  snr=+8.0dB [ber_drl]  snr=+10.0dB [ber_drl]  snr=+12.0dB [ber_drl]  snr=+14.0dB [ber_drl]  snr=+16.0dB [ber_drl]  snr=+18.0dB [ber_drl]  snr=+20.0dB [ber_drl]Done (7.25s)
Batch 332/2000 (active points 11/11) [39m 43s elapsed] ...   snr=+0.0dB [ber_drl]  snr=+2.0dB [ber_drl]  snr=+4.0dB [ber_drl]  snr=+6.0dB [ber_drl]  snr=+8.0dB [ber_drl]  snr=+10.0dB [ber_drl]  snr=+12.0dB [ber_drl]  snr=+14.0dB [ber_drl]  snr=+16.0dB [ber_drl]  snr=+18.0dB [ber_drl]  snr=+20.0dB [ber_drl]Done (7.18s)
Batch 333/2000 (active points 11/11) [39m 50s elapsed] ...   snr=+0.0dB [ber_drl]  snr=+2.0dB [ber_drl]  snr=+4.0dB [ber_drl]  snr=+6.0dB [ber_drl]  snr=+8.0dB [ber_drl]  snr=+10.0dB [ber_drl]  snr=+12.0dB [ber_drl]  snr=+14.0dB [ber_drl]  snr=+16.0dB [ber_drl]  snr=+18.0dB [ber_drl]  snr=+20.0dB [ber_drl]Done (7.23s)
Batch 334/2000 (active points 11/11) [39m 57s elapsed] ...   snr=+0.0dB [ber_drl]  snr=+2.0dB [ber_drl]  snr=+4.0dB [ber_drl]  snr=+6.0dB [ber_drl]  snr=+8.0dB [ber_drl]  snr=+10.0dB [ber_drl]  snr=+12.0dB [ber_drl]  snr=+14.0dB [ber_drl]  snr=+16.0dB [ber_drl]  snr=+18.0dB [ber_drl]  snr=+20.0dB [ber_drl]Done (7.20s)
Batch 335/2000 (active points 11/11) [40m 05s elapsed] ...   snr=+0.0dB [ber_drl]  snr=+2.0dB [ber_drl]  snr=+4.0dB [ber_drl]  snr=+6.0dB [ber_drl]  snr=+8.0dB [ber_drl]  snr=+10.0dB [ber_drl]  snr=+12.0dB [ber_drl]  snr=+14.0dB [ber_drl]  snr=+16.0dB [ber_drl]  snr=+18.0dB [ber_drl]  snr=+20.0dB [ber_drl]Done (7.24s)
Batch 336/2000 (active points 11/11) [40m 12s elapsed] ...   snr=+0.0dB [ber_drl]  snr=+2.0dB [ber_drl]  snr=+4.0dB [ber_drl]  snr=+6.0dB [ber_drl]  snr=+8.0dB [ber_drl]  snr=+10.0dB [ber_drl]  snr=+12.0dB [ber_drl]  snr=+14.0dB [ber_drl]  snr=+16.0dB [ber_drl]  snr=+18.0dB [ber_drl]  snr=+20.0dB [ber_drl]Done (7.17s)
Batch 337/2000 (active points 11/11) [40m 19s elapsed] ...   snr=+0.0dB [ber_drl]  snr=+2.0dB [ber_drl]  snr=+4.0dB [ber_drl]  snr=+6.0dB [ber_drl]  snr=+8.0dB [ber_drl]  snr=+10.0dB [ber_drl]  snr=+12.0dB [ber_drl]  snr=+14.0dB [ber_drl]  snr=+16.0dB [ber_drl]  snr=+18.0dB [ber_drl]  snr=+20.0dB [ber_drl]Done (7.14s)
Batch 338/2000 (active points 11/11) [40m 26s elapsed] ...   snr=+0.0dB [ber_drl]  snr=+2.0dB [ber_drl]  snr=+4.0dB [ber_drl]  snr=+6.0dB [ber_drl]  snr=+8.0dB [ber_drl]  snr=+10.0dB [ber_drl]  snr=+12.0dB [ber_drl]  snr=+14.0dB [ber_drl]  snr=+16.0dB [ber_drl]  snr=+18.0dB [ber_drl]  snr=+20.0dB [ber_drl]Done (7.18s)
Batch 339/2000 (active points 11/11) [40m 33s elapsed] ...   snr=+0.0dB [ber_drl]  snr=+2.0dB [ber_drl]  snr=+4.0dB [ber_drl]  snr=+6.0dB [ber_drl]  snr=+8.0dB [ber_drl]  snr=+10.0dB [ber_drl]  snr=+12.0dB [ber_drl]  snr=+14.0dB [ber_drl]  snr=+16.0dB [ber_drl]  snr=+18.0dB [ber_drl]  snr=+20.0dB [ber_drl]Done (7.18s)
Batch 340/2000 (active points 11/11) [40m 41s elapsed] ...   snr=+0.0dB [ber_drl]  snr=+2.0dB [ber_drl]  snr=+4.0dB [ber_drl]  snr=+6.0dB [ber_drl]  snr=+8.0dB [ber_drl]  snr=+10.0dB [ber_drl]  snr=+12.0dB [ber_drl]  snr=+14.0dB [ber_drl]  snr=+16.0dB [ber_drl]  snr=+18.0dB [ber_drl]  snr=+20.0dB [ber_drl]Done (7.32s)
Batch 341/2000 (active points 11/11) [40m 48s elapsed] ...   snr=+0.0dB [ber_drl]  snr=+2.0dB [ber_drl]  snr=+4.0dB [ber_drl]  snr=+6.0dB [ber_drl]  snr=+8.0dB [ber_drl]  snr=+10.0dB [ber_drl]  snr=+12.0dB [ber_drl]  snr=+14.0dB [ber_drl]  snr=+16.0dB [ber_drl]  snr=+18.0dB [ber_drl]  snr=+20.0dB [ber_drl]Done (7.15s)
Batch 342/2000 (active points 11/11) [40m 55s elapsed] ...   snr=+0.0dB [ber_drl]  snr=+2.0dB [ber_drl]  snr=+4.0dB [ber_drl]  snr=+6.0dB [ber_drl]  snr=+8.0dB [ber_drl]  snr=+10.0dB [ber_drl]  snr=+12.0dB [ber_drl]  snr=+14.0dB [ber_drl]  snr=+16.0dB [ber_drl]  snr=+18.0dB [ber_drl]  snr=+20.0dB [ber_drl]Done (7.19s)
Batch 343/2000 (active points 11/11) [41m 02s elapsed] ...   snr=+0.0dB [ber_drl]  snr=+2.0dB [ber_drl]  snr=+4.0dB [ber_drl]  snr=+6.0dB [ber_drl]  snr=+8.0dB [ber_drl]  snr=+10.0dB [ber_drl]  snr=+12.0dB [ber_drl]  snr=+14.0dB [ber_drl]  snr=+16.0dB [ber_drl]  snr=+18.0dB [ber_drl]  snr=+20.0dB [ber_drl]Done (7.14s)
Batch 344/2000 (active points 11/11) [41m 09s elapsed] ...   snr=+0.0dB [ber_drl]  snr=+2.0dB [ber_drl]  snr=+4.0dB [ber_drl]  snr=+6.0dB [ber_drl]  snr=+8.0dB [ber_drl]  snr=+10.0dB [ber_drl]  snr=+12.0dB [ber_drl]  snr=+14.0dB [ber_drl]  snr=+16.0dB [ber_drl]  snr=+18.0dB [ber_drl]  snr=+20.0dB [ber_drl]Done (7.29s)
Batch 345/2000 (active points 11/11) [41m 17s elapsed] ...   snr=+0.0dB [ber_drl]  snr=+2.0dB [ber_drl]  snr=+4.0dB [ber_drl]  snr=+6.0dB [ber_drl]  snr=+8.0dB [ber_drl]  snr=+10.0dB [ber_drl]  snr=+12.0dB [ber_drl]  snr=+14.0dB [ber_drl]  snr=+16.0dB [ber_drl]  snr=+18.0dB [ber_drl]  snr=+20.0dB [ber_drl]Done (7.25s)
Batch 346/2000 (active points 11/11) [41m 24s elapsed] ...   snr=+0.0dB [ber_drl]  snr=+2.0dB [ber_drl]  snr=+4.0dB [ber_drl]  snr=+6.0dB [ber_drl]  snr=+8.0dB [ber_drl]  snr=+10.0dB [ber_drl]  snr=+12.0dB [ber_drl]  snr=+14.0dB [ber_drl]  snr=+16.0dB [ber_drl]  snr=+18.0dB [ber_drl]  snr=+20.0dB [ber_drl]Done (7.13s)
Batch 347/2000 (active points 11/11) [41m 31s elapsed] ...   snr=+0.0dB [ber_drl]  snr=+2.0dB [ber_drl]  snr=+4.0dB [ber_drl]  snr=+6.0dB [ber_drl]  snr=+8.0dB [ber_drl]  snr=+10.0dB [ber_drl]  snr=+12.0dB [ber_drl]  snr=+14.0dB [ber_drl]  snr=+16.0dB [ber_drl]  snr=+18.0dB [ber_drl]  snr=+20.0dB [ber_drl]Done (7.15s)
Batch 348/2000 (active points 11/11) [41m 38s elapsed] ...   snr=+0.0dB [ber_drl]  snr=+2.0dB [ber_drl]  snr=+4.0dB [ber_drl]  snr=+6.0dB [ber_drl]  snr=+8.0dB [ber_drl]  snr=+10.0dB [ber_drl]  snr=+12.0dB [ber_drl]  snr=+14.0dB [ber_drl]  snr=+16.0dB [ber_drl]  snr=+18.0dB [ber_drl]  snr=+20.0dB [ber_drl]Done (7.16s)
Batch 349/2000 (active points 11/11) [41m 45s elapsed] ...   snr=+0.0dB [ber_drl]  snr=+2.0dB [ber_drl]  snr=+4.0dB [ber_drl]  snr=+6.0dB [ber_drl]  snr=+8.0dB [ber_drl]  snr=+10.0dB [ber_drl]  snr=+12.0dB [ber_drl]  snr=+14.0dB [ber_drl]  snr=+16.0dB [ber_drl]  snr=+18.0dB [ber_drl]  snr=+20.0dB [ber_drl]Done (7.27s)
Batch 350/2000 (active points 11/11) [41m 53s elapsed] ...   snr=+0.0dB [ber_drl]  snr=+2.0dB [ber_drl]  snr=+4.0dB [ber_drl]  snr=+6.0dB [ber_drl]  snr=+8.0dB [ber_drl]  snr=+10.0dB [ber_drl]  snr=+12.0dB [ber_drl]  snr=+14.0dB [ber_drl]  snr=+16.0dB [ber_drl]  snr=+18.0dB [ber_drl]  snr=+20.0dB [ber_drl]Done (7.20s)
Batch 351/2000 (active points 11/11) [42m 00s elapsed] ...   snr=+0.0dB [ber_drl]  snr=+2.0dB [ber_drl]  snr=+4.0dB [ber_drl]  snr=+6.0dB [ber_drl]  snr=+8.0dB [ber_drl]  snr=+10.0dB [ber_drl]  snr=+12.0dB [ber_drl]  snr=+14.0dB [ber_drl]  snr=+16.0dB [ber_drl]  snr=+18.0dB [ber_drl]  snr=+20.0dB [ber_drl]Done (7.10s)
Batch 352/2000 (active points 11/11) [42m 07s elapsed] ...   snr=+0.0dB [ber_drl]  snr=+2.0dB [ber_drl]  snr=+4.0dB [ber_drl]  snr=+6.0dB [ber_drl]  snr=+8.0dB [ber_drl]  snr=+10.0dB [ber_drl]  snr=+12.0dB [ber_drl]  snr=+14.0dB [ber_drl]  snr=+16.0dB [ber_drl]  snr=+18.0dB [ber_drl]  snr=+20.0dB [ber_drl]Done (7.18s)
Batch 353/2000 (active points 11/11) [42m 14s elapsed] ...   snr=+0.0dB [ber_drl]  snr=+2.0dB [ber_drl]  snr=+4.0dB [ber_drl]  snr=+6.0dB [ber_drl]  snr=+8.0dB [ber_drl]  snr=+10.0dB [ber_drl]  snr=+12.0dB [ber_drl]  snr=+14.0dB [ber_drl]  snr=+16.0dB [ber_drl]  snr=+18.0dB [ber_drl]  snr=+20.0dB [ber_drl]Done (7.15s)
Batch 354/2000 (active points 11/11) [42m 21s elapsed] ...   snr=+0.0dB [ber_drl]  snr=+2.0dB [ber_drl]  snr=+4.0dB [ber_drl]  snr=+6.0dB [ber_drl]  snr=+8.0dB [ber_drl]  snr=+10.0dB [ber_drl]  snr=+12.0dB [ber_drl]  snr=+14.0dB [ber_drl]  snr=+16.0dB [ber_drl]  snr=+18.0dB [ber_drl]  snr=+20.0dB [ber_drl]Done (7.25s)
Batch 355/2000 (active points 11/11) [42m 28s elapsed] ...   snr=+0.0dB [ber_drl]  snr=+2.0dB [ber_drl]  snr=+4.0dB [ber_drl]  snr=+6.0dB [ber_drl]  snr=+8.0dB [ber_drl]  snr=+10.0dB [ber_drl]  snr=+12.0dB [ber_drl]  snr=+14.0dB [ber_drl]  snr=+16.0dB [ber_drl]  snr=+18.0dB [ber_drl]  snr=+20.0dB [ber_drl]Done (7.18s)
Batch 356/2000 (active points 11/11) [42m 36s elapsed] ...   snr=+0.0dB [ber_drl]  snr=+2.0dB [ber_drl]  snr=+4.0dB [ber_drl]  snr=+6.0dB [ber_drl]  snr=+8.0dB [ber_drl]  snr=+10.0dB [ber_drl]  snr=+12.0dB [ber_drl]  snr=+14.0dB [ber_drl]  snr=+16.0dB [ber_drl]  snr=+18.0dB [ber_drl]  snr=+20.0dB [ber_drl]Done (7.11s)
Batch 357/2000 (active points 11/11) [42m 43s elapsed] ...   snr=+0.0dB [ber_drl]  snr=+2.0dB [ber_drl]  snr=+4.0dB [ber_drl]  snr=+6.0dB [ber_drl]  snr=+8.0dB [ber_drl]  snr=+10.0dB [ber_drl]  snr=+12.0dB [ber_drl]  snr=+14.0dB [ber_drl]  snr=+16.0dB [ber_drl]  snr=+18.0dB [ber_drl]  snr=+20.0dB [ber_drl]Done (7.18s)
Batch 358/2000 (active points 11/11) [42m 50s elapsed] ...   snr=+0.0dB [ber_drl]  snr=+2.0dB [ber_drl]  snr=+4.0dB [ber_drl]  snr=+6.0dB [ber_drl]  snr=+8.0dB [ber_drl]  snr=+10.0dB [ber_drl]  snr=+12.0dB [ber_drl]  snr=+14.0dB [ber_drl]  snr=+16.0dB [ber_drl]  snr=+18.0dB [ber_drl]  snr=+20.0dB [ber_drl]Done (7.21s)
Batch 359/2000 (active points 11/11) [42m 57s elapsed] ...   snr=+0.0dB [ber_drl]  snr=+2.0dB [ber_drl]  snr=+4.0dB [ber_drl]  snr=+6.0dB [ber_drl]  snr=+8.0dB [ber_drl]  snr=+10.0dB [ber_drl]  snr=+12.0dB [ber_drl]  snr=+14.0dB [ber_drl]  snr=+16.0dB [ber_drl]  snr=+18.0dB [ber_drl]  snr=+20.0dB [ber_drl]Done (7.17s)
Batch 360/2000 (active points 11/11) [43m 04s elapsed] ...   snr=+0.0dB [ber_drl]  snr=+2.0dB [ber_drl]  snr=+4.0dB [ber_drl]  snr=+6.0dB [ber_drl]  snr=+8.0dB [ber_drl]  snr=+10.0dB [ber_drl]  snr=+12.0dB [ber_drl]  snr=+14.0dB [ber_drl]  snr=+16.0dB [ber_drl]  snr=+18.0dB [ber_drl]  snr=+20.0dB [ber_drl]Done (7.36s)
Batch 361/2000 (active points 11/11) [43m 12s elapsed] ...   snr=+0.0dB [ber_drl]  snr=+2.0dB [ber_drl]  snr=+4.0dB [ber_drl]  snr=+6.0dB [ber_drl]  snr=+8.0dB [ber_drl]  snr=+10.0dB [ber_drl]  snr=+12.0dB [ber_drl]  snr=+14.0dB [ber_drl]  snr=+16.0dB [ber_drl]  snr=+18.0dB [ber_drl]  snr=+20.0dB [ber_drl]Done (7.12s)
Batch 362/2000 (active points 11/11) [43m 19s elapsed] ...   snr=+0.0dB [ber_drl]  snr=+2.0dB [ber_drl]  snr=+4.0dB [ber_drl]  snr=+6.0dB [ber_drl]  snr=+8.0dB [ber_drl]  snr=+10.0dB [ber_drl]  snr=+12.0dB [ber_drl]  snr=+14.0dB [ber_drl]  snr=+16.0dB [ber_drl]  snr=+18.0dB [ber_drl]  snr=+20.0dB [ber_drl]Done (7.18s)
Batch 363/2000 (active points 11/11) [43m 26s elapsed] ...   snr=+0.0dB [ber_drl]  snr=+2.0dB [ber_drl]  snr=+4.0dB [ber_drl]  snr=+6.0dB [ber_drl]  snr=+8.0dB [ber_drl]  snr=+10.0dB [ber_drl]  snr=+12.0dB [ber_drl]  snr=+14.0dB [ber_drl]  snr=+16.0dB [ber_drl]  snr=+18.0dB [ber_drl]  snr=+20.0dB [ber_drl]Done (7.20s)
Batch 364/2000 (active points 11/11) [43m 33s elapsed] ...   snr=+0.0dB [ber_drl]  snr=+2.0dB [ber_drl]  snr=+4.0dB [ber_drl]  snr=+6.0dB [ber_drl]  snr=+8.0dB [ber_drl]  snr=+10.0dB [ber_drl]  snr=+12.0dB [ber_drl]  snr=+14.0dB [ber_drl]  snr=+16.0dB [ber_drl]  snr=+18.0dB [ber_drl]  snr=+20.0dB [ber_drl]Done (7.23s)
Batch 365/2000 (active points 11/11) [43m 40s elapsed] ...   snr=+0.0dB [ber_drl]  snr=+2.0dB [ber_drl]  snr=+4.0dB [ber_drl]  snr=+6.0dB [ber_drl]  snr=+8.0dB [ber_drl]  snr=+10.0dB [ber_drl]  snr=+12.0dB [ber_drl]  snr=+14.0dB [ber_drl]  snr=+16.0dB [ber_drl]  snr=+18.0dB [ber_drl]  snr=+20.0dB [ber_drl]Done (7.20s)
Batch 366/2000 (active points 11/11) [43m 48s elapsed] ...   snr=+0.0dB [ber_drl]  snr=+2.0dB [ber_drl]  snr=+4.0dB [ber_drl]  snr=+6.0dB [ber_drl]  snr=+8.0dB [ber_drl]  snr=+10.0dB [ber_drl]  snr=+12.0dB [ber_drl]  snr=+14.0dB [ber_drl]  snr=+16.0dB [ber_drl]  snr=+18.0dB [ber_drl]  snr=+20.0dB [ber_drl]Done (7.08s)
Batch 367/2000 (active points 11/11) [43m 55s elapsed] ...   snr=+0.0dB [ber_drl]  snr=+2.0dB [ber_drl]  snr=+4.0dB [ber_drl]  snr=+6.0dB [ber_drl]  snr=+8.0dB [ber_drl]  snr=+10.0dB [ber_drl]  snr=+12.0dB [ber_drl]  snr=+14.0dB [ber_drl]  snr=+16.0dB [ber_drl]  snr=+18.0dB [ber_drl]  snr=+20.0dB [ber_drl]Done (7.19s)
Batch 368/2000 (active points 11/11) [44m 02s elapsed] ...   snr=+0.0dB [ber_drl]  snr=+2.0dB [ber_drl]  snr=+4.0dB [ber_drl]  snr=+6.0dB [ber_drl]  snr=+8.0dB [ber_drl]  snr=+10.0dB [ber_drl]  snr=+12.0dB [ber_drl]  snr=+14.0dB [ber_drl]  snr=+16.0dB [ber_drl]  snr=+18.0dB [ber_drl]  snr=+20.0dB [ber_drl]Done (7.19s)
Batch 369/2000 (active points 11/11) [44m 09s elapsed] ...   snr=+0.0dB [ber_drl]  snr=+2.0dB [ber_drl]  snr=+4.0dB [ber_drl]  snr=+6.0dB [ber_drl]  snr=+8.0dB [ber_drl]  snr=+10.0dB [ber_drl]  snr=+12.0dB [ber_drl]  snr=+14.0dB [ber_drl]  snr=+16.0dB [ber_drl]  snr=+18.0dB [ber_drl]  snr=+20.0dB [ber_drl]Done (7.27s)
Batch 370/2000 (active points 11/11) [44m 16s elapsed] ...   snr=+0.0dB [ber_drl]  snr=+2.0dB [ber_drl]  snr=+4.0dB [ber_drl]  snr=+6.0dB [ber_drl]  snr=+8.0dB [ber_drl]  snr=+10.0dB [ber_drl]  snr=+12.0dB [ber_drl]  snr=+14.0dB [ber_drl]  snr=+16.0dB [ber_drl]  snr=+18.0dB [ber_drl]  snr=+20.0dB [ber_drl]Done (7.19s)
Batch 371/2000 (active points 11/11) [44m 24s elapsed] ...   snr=+0.0dB [ber_drl]  snr=+2.0dB [ber_drl]  snr=+4.0dB [ber_drl]  snr=+6.0dB [ber_drl]  snr=+8.0dB [ber_drl]  snr=+10.0dB [ber_drl]  snr=+12.0dB [ber_drl]  snr=+14.0dB [ber_drl]  snr=+16.0dB [ber_drl]  snr=+18.0dB [ber_drl]  snr=+20.0dB [ber_drl]Done (7.20s)
Batch 372/2000 (active points 11/11) [44m 31s elapsed] ...   snr=+0.0dB [ber_drl]  snr=+2.0dB [ber_drl]  snr=+4.0dB [ber_drl]  snr=+6.0dB [ber_drl]  snr=+8.0dB [ber_drl]  snr=+10.0dB [ber_drl]  snr=+12.0dB [ber_drl]  snr=+14.0dB [ber_drl]  snr=+16.0dB [ber_drl]  snr=+18.0dB [ber_drl]  snr=+20.0dB [ber_drl]Done (7.22s)
Batch 373/2000 (active points 11/11) [44m 38s elapsed] ...   snr=+0.0dB [ber_drl]  snr=+2.0dB [ber_drl]  snr=+4.0dB [ber_drl]  snr=+6.0dB [ber_drl]  snr=+8.0dB [ber_drl]  snr=+10.0dB [ber_drl]  snr=+12.0dB [ber_drl]  snr=+14.0dB [ber_drl]  snr=+16.0dB [ber_drl]  snr=+18.0dB [ber_drl]  snr=+20.0dB [ber_drl]Done (7.17s)
Batch 374/2000 (active points 11/11) [44m 45s elapsed] ...   snr=+0.0dB [ber_drl]  snr=+2.0dB [ber_drl]  snr=+4.0dB [ber_drl]  snr=+6.0dB [ber_drl]  snr=+8.0dB [ber_drl]  snr=+10.0dB [ber_drl]  snr=+12.0dB [ber_drl]  snr=+14.0dB [ber_drl]  snr=+16.0dB [ber_drl]  snr=+18.0dB [ber_drl]  snr=+20.0dB [ber_drl]Done (7.22s)
Batch 375/2000 (active points 11/11) [44m 52s elapsed] ...   snr=+0.0dB [ber_drl]  snr=+2.0dB [ber_drl]  snr=+4.0dB [ber_drl]  snr=+6.0dB [ber_drl]  snr=+8.0dB [ber_drl]  snr=+10.0dB [ber_drl]  snr=+12.0dB [ber_drl]  snr=+14.0dB [ber_drl]  snr=+16.0dB [ber_drl]  snr=+18.0dB [ber_drl]  snr=+20.0dB [ber_drl]Done (7.31s)
Batch 376/2000 (active points 11/11) [45m 00s elapsed] ...   snr=+0.0dB [ber_drl]  snr=+2.0dB [ber_drl]  snr=+4.0dB [ber_drl]  snr=+6.0dB [ber_drl]  snr=+8.0dB [ber_drl]  snr=+10.0dB [ber_drl]  snr=+12.0dB [ber_drl]  snr=+14.0dB [ber_drl]  snr=+16.0dB [ber_drl]  snr=+18.0dB [ber_drl]  snr=+20.0dB [ber_drl]Done (7.07s)
Batch 377/2000 (active points 11/11) [45m 07s elapsed] ...   snr=+0.0dB [ber_drl]  snr=+2.0dB [ber_drl]  snr=+4.0dB [ber_drl]  snr=+6.0dB [ber_drl]  snr=+8.0dB [ber_drl]  snr=+10.0dB [ber_drl]  snr=+12.0dB [ber_drl]  snr=+14.0dB [ber_drl]  snr=+16.0dB [ber_drl]  snr=+18.0dB [ber_drl]  snr=+20.0dB [ber_drl]Done (7.16s)
Batch 378/2000 (active points 11/11) [45m 14s elapsed] ...   snr=+0.0dB [ber_drl]  snr=+2.0dB [ber_drl]  snr=+4.0dB [ber_drl]  snr=+6.0dB [ber_drl]  snr=+8.0dB [ber_drl]  snr=+10.0dB [ber_drl]  snr=+12.0dB [ber_drl]  snr=+14.0dB [ber_drl]  snr=+16.0dB [ber_drl]  snr=+18.0dB [ber_drl]  snr=+20.0dB [ber_drl]Done (7.19s)
Batch 379/2000 (active points 11/11) [45m 21s elapsed] ...   snr=+0.0dB [ber_drl]  snr=+2.0dB [ber_drl]  snr=+4.0dB [ber_drl]  snr=+6.0dB [ber_drl]  snr=+8.0dB [ber_drl]  snr=+10.0dB [ber_drl]  snr=+12.0dB [ber_drl]  snr=+14.0dB [ber_drl]  snr=+16.0dB [ber_drl]  snr=+18.0dB [ber_drl]  snr=+20.0dB [ber_drl]Done (7.32s)
Batch 380/2000 (active points 11/11) [45m 28s elapsed] ...   snr=+0.0dB [ber_drl]  snr=+2.0dB [ber_drl]  snr=+4.0dB [ber_drl]  snr=+6.0dB [ber_drl]  snr=+8.0dB [ber_drl]  snr=+10.0dB [ber_drl]  snr=+12.0dB [ber_drl]  snr=+14.0dB [ber_drl]  snr=+16.0dB [ber_drl]  snr=+18.0dB [ber_drl]  snr=+20.0dB [ber_drl]Done (7.15s)
Batch 381/2000 (active points 11/11) [45m 36s elapsed] ...   snr=+0.0dB [ber_drl]  snr=+2.0dB [ber_drl]  snr=+4.0dB [ber_drl]  snr=+6.0dB [ber_drl]  snr=+8.0dB [ber_drl]  snr=+10.0dB [ber_drl]  snr=+12.0dB [ber_drl]  snr=+14.0dB [ber_drl]  snr=+16.0dB [ber_drl]  snr=+18.0dB [ber_drl]  snr=+20.0dB [ber_drl]Done (7.14s)
Batch 382/2000 (active points 11/11) [45m 43s elapsed] ...   snr=+0.0dB [ber_drl]  snr=+2.0dB [ber_drl]  snr=+4.0dB [ber_drl]  snr=+6.0dB [ber_drl]  snr=+8.0dB [ber_drl]  snr=+10.0dB [ber_drl]  snr=+12.0dB [ber_drl]  snr=+14.0dB [ber_drl]  snr=+16.0dB [ber_drl]  snr=+18.0dB [ber_drl]  snr=+20.0dB [ber_drl]Done (7.16s)
Batch 383/2000 (active points 11/11) [45m 50s elapsed] ...   snr=+0.0dB [ber_drl]  snr=+2.0dB [ber_drl]  snr=+4.0dB [ber_drl]  snr=+6.0dB [ber_drl]  snr=+8.0dB [ber_drl]  snr=+10.0dB [ber_drl]  snr=+12.0dB [ber_drl]  snr=+14.0dB [ber_drl]  snr=+16.0dB [ber_drl]  snr=+18.0dB [ber_drl]  snr=+20.0dB [ber_drl]Done (7.23s)
Batch 384/2000 (active points 11/11) [45m 57s elapsed] ...   snr=+0.0dB [ber_drl]  snr=+2.0dB [ber_drl]  snr=+4.0dB [ber_drl]  snr=+6.0dB [ber_drl]  snr=+8.0dB [ber_drl]  snr=+10.0dB [ber_drl]  snr=+12.0dB [ber_drl]  snr=+14.0dB [ber_drl]  snr=+16.0dB [ber_drl]  snr=+18.0dB [ber_drl]  snr=+20.0dB [ber_drl]Done (7.21s)
Batch 385/2000 (active points 11/11) [46m 04s elapsed] ...   snr=+0.0dB [ber_drl]  snr=+2.0dB [ber_drl]  snr=+4.0dB [ber_drl]  snr=+6.0dB [ber_drl]  snr=+8.0dB [ber_drl]  snr=+10.0dB [ber_drl]  snr=+12.0dB [ber_drl]  snr=+14.0dB [ber_drl]  snr=+16.0dB [ber_drl]  snr=+18.0dB [ber_drl]  snr=+20.0dB [ber_drl]Done (7.22s)
Batch 386/2000 (active points 11/11) [46m 11s elapsed] ...   snr=+0.0dB [ber_drl]  snr=+2.0dB [ber_drl]  snr=+4.0dB [ber_drl]  snr=+6.0dB [ber_drl]  snr=+8.0dB [ber_drl]  snr=+10.0dB [ber_drl]  snr=+12.0dB [ber_drl]  snr=+14.0dB [ber_drl]  snr=+16.0dB [ber_drl]  snr=+18.0dB [ber_drl]  snr=+20.0dB [ber_drl]Done (7.09s)
Batch 387/2000 (active points 11/11) [46m 19s elapsed] ...   snr=+0.0dB [ber_drl]  snr=+2.0dB [ber_drl]  snr=+4.0dB [ber_drl]  snr=+6.0dB [ber_drl]  snr=+8.0dB [ber_drl]  snr=+10.0dB [ber_drl]  snr=+12.0dB [ber_drl]  snr=+14.0dB [ber_drl]  snr=+16.0dB [ber_drl]  snr=+18.0dB [ber_drl]  snr=+20.0dB [ber_drl]Done (7.17s)
Batch 388/2000 (active points 11/11) [46m 26s elapsed] ...   snr=+0.0dB [ber_drl]  snr=+2.0dB [ber_drl]  snr=+4.0dB [ber_drl]  snr=+6.0dB [ber_drl]  snr=+8.0dB [ber_drl]  snr=+10.0dB [ber_drl]  snr=+12.0dB [ber_drl]  snr=+14.0dB [ber_drl]  snr=+16.0dB [ber_drl]  snr=+18.0dB [ber_drl]  snr=+20.0dB [ber_drl]Done (7.38s)
Batch 389/2000 (active points 11/11) [46m 33s elapsed] ...   snr=+0.0dB [ber_drl]  snr=+2.0dB [ber_drl]  snr=+4.0dB [ber_drl]  snr=+6.0dB [ber_drl]  snr=+8.0dB [ber_drl]  snr=+10.0dB [ber_drl]  snr=+12.0dB [ber_drl]  snr=+14.0dB [ber_drl]  snr=+16.0dB [ber_drl]  snr=+18.0dB [ber_drl]  snr=+20.0dB [ber_drl]Done (7.20s)
Batch 390/2000 (active points 11/11) [46m 40s elapsed] ...   snr=+0.0dB [ber_drl]  snr=+2.0dB [ber_drl]  snr=+4.0dB [ber_drl]  snr=+6.0dB [ber_drl]  snr=+8.0dB [ber_drl]  snr=+10.0dB [ber_drl]  snr=+12.0dB [ber_drl]  snr=+14.0dB [ber_drl]  snr=+16.0dB [ber_drl]  snr=+18.0dB [ber_drl]  snr=+20.0dB [ber_drl]Done (7.26s)
Batch 391/2000 (active points 11/11) [46m 48s elapsed] ...   snr=+0.0dB [ber_drl]  snr=+2.0dB [ber_drl]  snr=+4.0dB [ber_drl]  snr=+6.0dB [ber_drl]  snr=+8.0dB [ber_drl]  snr=+10.0dB [ber_drl]  snr=+12.0dB [ber_drl]  snr=+14.0dB [ber_drl]  snr=+16.0dB [ber_drl]  snr=+18.0dB [ber_drl]  snr=+20.0dB [ber_drl]Done (7.04s)
Batch 392/2000 (active points 11/11) [46m 55s elapsed] ...   snr=+0.0dB [ber_drl]  snr=+2.0dB [ber_drl]  snr=+4.0dB [ber_drl]  snr=+6.0dB [ber_drl]  snr=+8.0dB [ber_drl]  snr=+10.0dB [ber_drl]  snr=+12.0dB [ber_drl]  snr=+14.0dB [ber_drl]  snr=+16.0dB [ber_drl]  snr=+18.0dB [ber_drl]  snr=+20.0dB [ber_drl]Done (7.24s)
Batch 393/2000 (active points 11/11) [47m 02s elapsed] ...   snr=+0.0dB [ber_drl]  snr=+2.0dB [ber_drl]  snr=+4.0dB [ber_drl]  snr=+6.0dB [ber_drl]  snr=+8.0dB [ber_drl]  snr=+10.0dB [ber_drl]  snr=+12.0dB [ber_drl]  snr=+14.0dB [ber_drl]  snr=+16.0dB [ber_drl]  snr=+18.0dB [ber_drl]  snr=+20.0dB [ber_drl]Done (7.21s)
Batch 394/2000 (active points 11/11) [47m 09s elapsed] ...   snr=+0.0dB [ber_drl]  snr=+2.0dB [ber_drl]  snr=+4.0dB [ber_drl]  snr=+6.0dB [ber_drl]  snr=+8.0dB [ber_drl]  snr=+10.0dB [ber_drl]  snr=+12.0dB [ber_drl]  snr=+14.0dB [ber_drl]  snr=+16.0dB [ber_drl]  snr=+18.0dB [ber_drl]  snr=+20.0dB [ber_drl]Done (7.18s)
Batch 395/2000 (active points 11/11) [47m 16s elapsed] ...   snr=+0.0dB [ber_drl]  snr=+2.0dB [ber_drl]  snr=+4.0dB [ber_drl]  snr=+6.0dB [ber_drl]  snr=+8.0dB [ber_drl]  snr=+10.0dB [ber_drl]  snr=+12.0dB [ber_drl]  snr=+14.0dB [ber_drl]  snr=+16.0dB [ber_drl]  snr=+18.0dB [ber_drl]  snr=+20.0dB [ber_drl]Done (7.22s)
Batch 396/2000 (active points 11/11) [47m 23s elapsed] ...   snr=+0.0dB [ber_drl]  snr=+2.0dB [ber_drl]  snr=+4.0dB [ber_drl]  snr=+6.0dB [ber_drl]  snr=+8.0dB [ber_drl]  snr=+10.0dB [ber_drl]  snr=+12.0dB [ber_drl]  snr=+14.0dB [ber_drl]  snr=+16.0dB [ber_drl]  snr=+18.0dB [ber_drl]  snr=+20.0dB [ber_drl]Done (7.09s)
Batch 397/2000 (active points 11/11) [47m 31s elapsed] ...   snr=+0.0dB [ber_drl]  snr=+2.0dB [ber_drl]  snr=+4.0dB [ber_drl]  snr=+6.0dB [ber_drl]  snr=+8.0dB [ber_drl]  snr=+10.0dB [ber_drl]  snr=+12.0dB [ber_drl]  snr=+14.0dB [ber_drl]  snr=+16.0dB [ber_drl]  snr=+18.0dB [ber_drl]  snr=+20.0dB [ber_drl]Done (7.31s)
Batch 398/2000 (active points 11/11) [47m 38s elapsed] ...   snr=+0.0dB [ber_drl]  snr=+2.0dB [ber_drl]  snr=+4.0dB [ber_drl]  snr=+6.0dB [ber_drl]  snr=+8.0dB [ber_drl]  snr=+10.0dB [ber_drl]  snr=+12.0dB [ber_drl]  snr=+14.0dB [ber_drl]  snr=+16.0dB [ber_drl]  snr=+18.0dB [ber_drl]  snr=+20.0dB [ber_drl]Done (7.19s)
Batch 399/2000 (active points 11/11) [47m 45s elapsed] ...   snr=+0.0dB [ber_drl]  snr=+2.0dB [ber_drl]  snr=+4.0dB [ber_drl]  snr=+6.0dB [ber_drl]  snr=+8.0dB [ber_drl]  snr=+10.0dB [ber_drl]  snr=+12.0dB [ber_drl]  snr=+14.0dB [ber_drl]  snr=+16.0dB [ber_drl]  snr=+18.0dB [ber_drl]  snr=+20.0dB [ber_drl]Done (7.19s)
Batch 400/2000 (active points 11/11) [47m 52s elapsed] ...   snr=+0.0dB [ber_drl]  snr=+2.0dB [ber_drl]  snr=+4.0dB [ber_drl]  snr=+6.0dB [ber_drl]  snr=+8.0dB [ber_drl]  snr=+10.0dB [ber_drl]  snr=+12.0dB [ber_drl]  snr=+14.0dB [ber_drl]  snr=+16.0dB [ber_drl]  snr=+18.0dB [ber_drl]  snr=+20.0dB [ber_drl]Done (7.14s)
Batch 401/2000 (active points 11/11) [47m 59s elapsed] ...   snr=+0.0dB [ber_drl]  snr=+2.0dB [ber_drl]  snr=+4.0dB [ber_drl]  snr=+6.0dB [ber_drl]  snr=+8.0dB [ber_drl]  snr=+10.0dB [ber_drl]  snr=+12.0dB [ber_drl]  snr=+14.0dB [ber_drl]  snr=+16.0dB [ber_drl]  snr=+18.0dB [ber_drl]  snr=+20.0dB [ber_drl]Done (7.06s)
Batch 402/2000 (active points 11/11) [48m 06s elapsed] ...   snr=+0.0dB [ber_drl]  snr=+2.0dB [ber_drl]  snr=+4.0dB [ber_drl]  snr=+6.0dB [ber_drl]  snr=+8.0dB [ber_drl]  snr=+10.0dB [ber_drl]  snr=+12.0dB [ber_drl]  snr=+14.0dB [ber_drl]  snr=+16.0dB [ber_drl]  snr=+18.0dB [ber_drl]  snr=+20.0dB [ber_drl]Done (7.25s)
Batch 403/2000 (active points 11/11) [48m 14s elapsed] ...   snr=+0.0dB [ber_drl]  snr=+2.0dB [ber_drl]  snr=+4.0dB [ber_drl]  snr=+6.0dB [ber_drl]  snr=+8.0dB [ber_drl]  snr=+10.0dB [ber_drl]  snr=+12.0dB [ber_drl]  snr=+14.0dB [ber_drl]  snr=+16.0dB [ber_drl]  snr=+18.0dB [ber_drl]  snr=+20.0dB [ber_drl]Done (7.16s)
Batch 404/2000 (active points 11/11) [48m 21s elapsed] ...   snr=+0.0dB [ber_drl]  snr=+2.0dB [ber_drl]  snr=+4.0dB [ber_drl]  snr=+6.0dB [ber_drl]  snr=+8.0dB [ber_drl]  snr=+10.0dB [ber_drl]  snr=+12.0dB [ber_drl]  snr=+14.0dB [ber_drl]  snr=+16.0dB [ber_drl]  snr=+18.0dB [ber_drl]  snr=+20.0dB [ber_drl]Done (7.20s)
Batch 405/2000 (active points 11/11) [48m 28s elapsed] ...   snr=+0.0dB [ber_drl]  snr=+2.0dB [ber_drl]  snr=+4.0dB [ber_drl]  snr=+6.0dB [ber_drl]  snr=+8.0dB [ber_drl]  snr=+10.0dB [ber_drl]  snr=+12.0dB [ber_drl]  snr=+14.0dB [ber_drl]  snr=+16.0dB [ber_drl]  snr=+18.0dB [ber_drl]  snr=+20.0dB [ber_drl]Done (7.11s)
Batch 406/2000 (active points 11/11) [48m 35s elapsed] ...   snr=+0.0dB [ber_drl]  snr=+2.0dB [ber_drl]  snr=+4.0dB [ber_drl]  snr=+6.0dB [ber_drl]  snr=+8.0dB [ber_drl]  snr=+10.0dB [ber_drl]  snr=+12.0dB [ber_drl]  snr=+14.0dB [ber_drl]  snr=+16.0dB [ber_drl]  snr=+18.0dB [ber_drl]  snr=+20.0dB [ber_drl]Done (7.27s)
Batch 407/2000 (active points 11/11) [48m 42s elapsed] ...   snr=+0.0dB [ber_drl]  snr=+2.0dB [ber_drl]  snr=+4.0dB [ber_drl]  snr=+6.0dB [ber_drl]  snr=+8.0dB [ber_drl]  snr=+10.0dB [ber_drl]  snr=+12.0dB [ber_drl]  snr=+14.0dB [ber_drl]  snr=+16.0dB [ber_drl]  snr=+18.0dB [ber_drl]  snr=+20.0dB [ber_drl]Done (7.26s)
Batch 408/2000 (active points 11/11) [48m 50s elapsed] ...   snr=+0.0dB [ber_drl]  snr=+2.0dB [ber_drl]  snr=+4.0dB [ber_drl]  snr=+6.0dB [ber_drl]  snr=+8.0dB [ber_drl]  snr=+10.0dB [ber_drl]  snr=+12.0dB [ber_drl]  snr=+14.0dB [ber_drl]  snr=+16.0dB [ber_drl]  snr=+18.0dB [ber_drl]  snr=+20.0dB [ber_drl]Done (7.21s)
Batch 409/2000 (active points 11/11) [48m 57s elapsed] ...   snr=+0.0dB [ber_drl]  snr=+2.0dB [ber_drl]  snr=+4.0dB [ber_drl]  snr=+6.0dB [ber_drl]  snr=+8.0dB [ber_drl]  snr=+10.0dB [ber_drl]  snr=+12.0dB [ber_drl]  snr=+14.0dB [ber_drl]  snr=+16.0dB [ber_drl]  snr=+18.0dB [ber_drl]  snr=+20.0dB [ber_drl]Done (7.16s)
Batch 410/2000 (active points 11/11) [49m 04s elapsed] ...   snr=+0.0dB [ber_drl]  snr=+2.0dB [ber_drl]  snr=+4.0dB [ber_drl]  snr=+6.0dB [ber_drl]  snr=+8.0dB [ber_drl]  snr=+10.0dB [ber_drl]  snr=+12.0dB [ber_drl]  snr=+14.0dB [ber_drl]  snr=+16.0dB [ber_drl]  snr=+18.0dB [ber_drl]  snr=+20.0dB [ber_drl]Done (7.15s)
Batch 411/2000 (active points 11/11) [49m 11s elapsed] ...   snr=+0.0dB [ber_drl]  snr=+2.0dB [ber_drl]  snr=+4.0dB [ber_drl]  snr=+6.0dB [ber_drl]  snr=+8.0dB [ber_drl]  snr=+10.0dB [ber_drl]  snr=+12.0dB [ber_drl]  snr=+14.0dB [ber_drl]  snr=+16.0dB [ber_drl]  snr=+18.0dB [ber_drl]  snr=+20.0dB [ber_drl]Done (7.12s)
Batch 412/2000 (active points 11/11) [49m 18s elapsed] ...   snr=+0.0dB [ber_drl]  snr=+2.0dB [ber_drl]  snr=+4.0dB [ber_drl]  snr=+6.0dB [ber_drl]  snr=+8.0dB [ber_drl]  snr=+10.0dB [ber_drl]  snr=+12.0dB [ber_drl]  snr=+14.0dB [ber_drl]  snr=+16.0dB [ber_drl]  snr=+18.0dB [ber_drl]  snr=+20.0dB [ber_drl]Done (7.20s)
Batch 413/2000 (active points 11/11) [49m 26s elapsed] ...   snr=+0.0dB [ber_drl]  snr=+2.0dB [ber_drl]  snr=+4.0dB [ber_drl]  snr=+6.0dB [ber_drl]  snr=+8.0dB [ber_drl]  snr=+10.0dB [ber_drl]  snr=+12.0dB [ber_drl]  snr=+14.0dB [ber_drl]  snr=+16.0dB [ber_drl]  snr=+18.0dB [ber_drl]  snr=+20.0dB [ber_drl]Done (7.24s)
Batch 414/2000 (active points 11/11) [49m 33s elapsed] ...   snr=+0.0dB [ber_drl]  snr=+2.0dB [ber_drl]  snr=+4.0dB [ber_drl]  snr=+6.0dB [ber_drl]  snr=+8.0dB [ber_drl]  snr=+10.0dB [ber_drl]  snr=+12.0dB [ber_drl]  snr=+14.0dB [ber_drl]  snr=+16.0dB [ber_drl]  snr=+18.0dB [ber_drl]  snr=+20.0dB [ber_drl]Done (7.18s)
Batch 415/2000 (active points 11/11) [49m 40s elapsed] ...   snr=+0.0dB [ber_drl]  snr=+2.0dB [ber_drl]  snr=+4.0dB [ber_drl]  snr=+6.0dB [ber_drl]  snr=+8.0dB [ber_drl]  snr=+10.0dB [ber_drl]  snr=+12.0dB [ber_drl]  snr=+14.0dB [ber_drl]  snr=+16.0dB [ber_drl]  snr=+18.0dB [ber_drl]  snr=+20.0dB [ber_drl]Done (7.22s)
Batch 416/2000 (active points 11/11) [49m 47s elapsed] ...   snr=+0.0dB [ber_drl]  snr=+2.0dB [ber_drl]  snr=+4.0dB [ber_drl]  snr=+6.0dB [ber_drl]  snr=+8.0dB [ber_drl]  snr=+10.0dB [ber_drl]  snr=+12.0dB [ber_drl]  snr=+14.0dB [ber_drl]  snr=+16.0dB [ber_drl]  snr=+18.0dB [ber_drl]  snr=+20.0dB [ber_drl]Done (7.12s)
Batch 417/2000 (active points 11/11) [49m 54s elapsed] ...   snr=+0.0dB [ber_drl]  snr=+2.0dB [ber_drl]  snr=+4.0dB [ber_drl]  snr=+6.0dB [ber_drl]  snr=+8.0dB [ber_drl]  snr=+10.0dB [ber_drl]  snr=+12.0dB [ber_drl]  snr=+14.0dB [ber_drl]  snr=+16.0dB [ber_drl]  snr=+18.0dB [ber_drl]  snr=+20.0dB [ber_drl]Done (7.29s)
Batch 418/2000 (active points 11/11) [50m 02s elapsed] ...   snr=+0.0dB [ber_drl]  snr=+2.0dB [ber_drl]  snr=+4.0dB [ber_drl]  snr=+6.0dB [ber_drl]  snr=+8.0dB [ber_drl]  snr=+10.0dB [ber_drl]  snr=+12.0dB [ber_drl]  snr=+14.0dB [ber_drl]  snr=+16.0dB [ber_drl]  snr=+18.0dB [ber_drl]  snr=+20.0dB [ber_drl]Done (7.27s)
Batch 419/2000 (active points 11/11) [50m 09s elapsed] ...   snr=+0.0dB [ber_drl]  snr=+2.0dB [ber_drl]  snr=+4.0dB [ber_drl]  snr=+6.0dB [ber_drl]  snr=+8.0dB [ber_drl]  snr=+10.0dB [ber_drl]  snr=+12.0dB [ber_drl]  snr=+14.0dB [ber_drl]  snr=+16.0dB [ber_drl]  snr=+18.0dB [ber_drl]  snr=+20.0dB [ber_drl]Done (7.11s)
Batch 420/2000 (active points 11/11) [50m 16s elapsed] ...   snr=+0.0dB [ber_drl]  snr=+2.0dB [ber_drl]  snr=+4.0dB [ber_drl]  snr=+6.0dB [ber_drl]  snr=+8.0dB [ber_drl]  snr=+10.0dB [ber_drl]  snr=+12.0dB [ber_drl]  snr=+14.0dB [ber_drl]  snr=+16.0dB [ber_drl]  snr=+18.0dB [ber_drl]  snr=+20.0dB [ber_drl]Done (7.27s)
Batch 421/2000 (active points 11/11) [50m 23s elapsed] ...   snr=+0.0dB [ber_drl]  snr=+2.0dB [ber_drl]  snr=+4.0dB [ber_drl]  snr=+6.0dB [ber_drl]  snr=+8.0dB [ber_drl]  snr=+10.0dB [ber_drl]  snr=+12.0dB [ber_drl]  snr=+14.0dB [ber_drl]  snr=+16.0dB [ber_drl]  snr=+18.0dB [ber_drl]  snr=+20.0dB [ber_drl]Done (7.14s)
Batch 422/2000 (active points 11/11) [50m 30s elapsed] ...   snr=+0.0dB [ber_drl]  snr=+2.0dB [ber_drl]  snr=+4.0dB [ber_drl]  snr=+6.0dB [ber_drl]  snr=+8.0dB [ber_drl]  snr=+10.0dB [ber_drl]  snr=+12.0dB [ber_drl]  snr=+14.0dB [ber_drl]  snr=+16.0dB [ber_drl]  snr=+18.0dB [ber_drl]  snr=+20.0dB [ber_drl]Done (7.28s)
Batch 423/2000 (active points 11/11) [50m 38s elapsed] ...   snr=+0.0dB [ber_drl]  snr=+2.0dB [ber_drl]  snr=+4.0dB [ber_drl]  snr=+6.0dB [ber_drl]  snr=+8.0dB [ber_drl]  snr=+10.0dB [ber_drl]  snr=+12.0dB [ber_drl]  snr=+14.0dB [ber_drl]  snr=+16.0dB [ber_drl]  snr=+18.0dB [ber_drl]  snr=+20.0dB [ber_drl]Done (7.18s)
Batch 424/2000 (active points 11/11) [50m 45s elapsed] ...   snr=+0.0dB [ber_drl]  snr=+2.0dB [ber_drl]  snr=+4.0dB [ber_drl]  snr=+6.0dB [ber_drl]  snr=+8.0dB [ber_drl]  snr=+10.0dB [ber_drl]  snr=+12.0dB [ber_drl]  snr=+14.0dB [ber_drl]  snr=+16.0dB [ber_drl]  snr=+18.0dB [ber_drl]  snr=+20.0dB [ber_drl]Done (7.18s)
Batch 425/2000 (active points 11/11) [50m 52s elapsed] ...   snr=+0.0dB [ber_drl]  snr=+2.0dB [ber_drl]  snr=+4.0dB [ber_drl]  snr=+6.0dB [ber_drl]  snr=+8.0dB [ber_drl]  snr=+10.0dB [ber_drl]  snr=+12.0dB [ber_drl]  snr=+14.0dB [ber_drl]  snr=+16.0dB [ber_drl]  snr=+18.0dB [ber_drl]  snr=+20.0dB [ber_drl]Done (7.16s)
Batch 426/2000 (active points 11/11) [50m 59s elapsed] ...   snr=+0.0dB [ber_drl]  snr=+2.0dB [ber_drl]  snr=+4.0dB [ber_drl]  snr=+6.0dB [ber_drl]  snr=+8.0dB [ber_drl]  snr=+10.0dB [ber_drl]  snr=+12.0dB [ber_drl]  snr=+14.0dB [ber_drl]  snr=+16.0dB [ber_drl]  snr=+18.0dB [ber_drl]  snr=+20.0dB [ber_drl]Done (7.11s)
Batch 427/2000 (active points 11/11) [51m 06s elapsed] ...   snr=+0.0dB [ber_drl]  snr=+2.0dB [ber_drl]  snr=+4.0dB [ber_drl]  snr=+6.0dB [ber_drl]  snr=+8.0dB [ber_drl]  snr=+10.0dB [ber_drl]  snr=+12.0dB [ber_drl]  snr=+14.0dB [ber_drl]  snr=+16.0dB [ber_drl]  snr=+18.0dB [ber_drl]  snr=+20.0dB [ber_drl]Done (7.17s)
Batch 428/2000 (active points 11/11) [51m 14s elapsed] ...   snr=+0.0dB [ber_drl]  snr=+2.0dB [ber_drl]  snr=+4.0dB [ber_drl]  snr=+6.0dB [ber_drl]  snr=+8.0dB [ber_drl]  snr=+10.0dB [ber_drl]  snr=+12.0dB [ber_drl]  snr=+14.0dB [ber_drl]  snr=+16.0dB [ber_drl]  snr=+18.0dB [ber_drl]  snr=+20.0dB [ber_drl]Done (7.17s)
Batch 429/2000 (active points 11/11) [51m 21s elapsed] ...   snr=+0.0dB [ber_drl]  snr=+2.0dB [ber_drl]  snr=+4.0dB [ber_drl]  snr=+6.0dB [ber_drl]  snr=+8.0dB [ber_drl]  snr=+10.0dB [ber_drl]  snr=+12.0dB [ber_drl]  snr=+14.0dB [ber_drl]  snr=+16.0dB [ber_drl]  snr=+18.0dB [ber_drl]  snr=+20.0dB [ber_drl]Done (7.25s)
Batch 430/2000 (active points 11/11) [51m 28s elapsed] ...   snr=+0.0dB [ber_drl]  snr=+2.0dB [ber_drl]  snr=+4.0dB [ber_drl]  snr=+6.0dB [ber_drl]  snr=+8.0dB [ber_drl]  snr=+10.0dB [ber_drl]  snr=+12.0dB [ber_drl]  snr=+14.0dB [ber_drl]  snr=+16.0dB [ber_drl]  snr=+18.0dB [ber_drl]  snr=+20.0dB [ber_drl]Done (7.17s)
Batch 431/2000 (active points 11/11) [51m 35s elapsed] ...   snr=+0.0dB [ber_drl]  snr=+2.0dB [ber_drl]  snr=+4.0dB [ber_drl]  snr=+6.0dB [ber_drl]  snr=+8.0dB [ber_drl]  snr=+10.0dB [ber_drl]  snr=+12.0dB [ber_drl]  snr=+14.0dB [ber_drl]  snr=+16.0dB [ber_drl]  snr=+18.0dB [ber_drl]  snr=+20.0dB [ber_drl]Done (7.14s)
Batch 432/2000 (active points 11/11) [51m 42s elapsed] ...   snr=+0.0dB [ber_drl]  snr=+2.0dB [ber_drl]  snr=+4.0dB [ber_drl]  snr=+6.0dB [ber_drl]  snr=+8.0dB [ber_drl]  snr=+10.0dB [ber_drl]  snr=+12.0dB [ber_drl]  snr=+14.0dB [ber_drl]  snr=+16.0dB [ber_drl]  snr=+18.0dB [ber_drl]  snr=+20.0dB [ber_drl]Done (7.27s)
Batch 433/2000 (active points 11/11) [51m 50s elapsed] ...   snr=+0.0dB [ber_drl]  snr=+2.0dB [ber_drl]  snr=+4.0dB [ber_drl]  snr=+6.0dB [ber_drl]  snr=+8.0dB [ber_drl]  snr=+10.0dB [ber_drl]  snr=+12.0dB [ber_drl]  snr=+14.0dB [ber_drl]  snr=+16.0dB [ber_drl]  snr=+18.0dB [ber_drl]  snr=+20.0dB [ber_drl]Done (7.20s)
Batch 434/2000 (active points 11/11) [51m 57s elapsed] ...   snr=+0.0dB [ber_drl]  snr=+2.0dB [ber_drl]  snr=+4.0dB [ber_drl]  snr=+6.0dB [ber_drl]  snr=+8.0dB [ber_drl]  snr=+10.0dB [ber_drl]  snr=+12.0dB [ber_drl]  snr=+14.0dB [ber_drl]  snr=+16.0dB [ber_drl]  snr=+18.0dB [ber_drl]  snr=+20.0dB [ber_drl]Done (7.29s)
Batch 435/2000 (active points 11/11) [52m 04s elapsed] ...   snr=+0.0dB [ber_drl]  snr=+2.0dB [ber_drl]  snr=+4.0dB [ber_drl]  snr=+6.0dB [ber_drl]  snr=+8.0dB [ber_drl]  snr=+10.0dB [ber_drl]  snr=+12.0dB [ber_drl]  snr=+14.0dB [ber_drl]  snr=+16.0dB [ber_drl]  snr=+18.0dB [ber_drl]  snr=+20.0dB [ber_drl]Done (7.12s)
Batch 436/2000 (active points 11/11) [52m 11s elapsed] ...   snr=+0.0dB [ber_drl]  snr=+2.0dB [ber_drl]  snr=+4.0dB [ber_drl]  snr=+6.0dB [ber_drl]  snr=+8.0dB [ber_drl]  snr=+10.0dB [ber_drl]  snr=+12.0dB [ber_drl]  snr=+14.0dB [ber_drl]  snr=+16.0dB [ber_drl]  snr=+18.0dB [ber_drl]  snr=+20.0dB [ber_drl]Done (7.14s)
Batch 437/2000 (active points 11/11) [52m 18s elapsed] ...   snr=+0.0dB [ber_drl]  snr=+2.0dB [ber_drl]  snr=+4.0dB [ber_drl]  snr=+6.0dB [ber_drl]  snr=+8.0dB [ber_drl]  snr=+10.0dB [ber_drl]  snr=+12.0dB [ber_drl]  snr=+14.0dB [ber_drl]  snr=+16.0dB [ber_drl]  snr=+18.0dB [ber_drl]  snr=+20.0dB [ber_drl]Done (7.17s)
Batch 438/2000 (active points 11/11) [52m 25s elapsed] ...   snr=+0.0dB [ber_drl]  snr=+2.0dB [ber_drl]  snr=+4.0dB [ber_drl]  snr=+6.0dB [ber_drl]  snr=+8.0dB [ber_drl]  snr=+10.0dB [ber_drl]  snr=+12.0dB [ber_drl]  snr=+14.0dB [ber_drl]  snr=+16.0dB [ber_drl]  snr=+18.0dB [ber_drl]  snr=+20.0dB [ber_drl]Done (7.18s)
Batch 439/2000 (active points 11/11) [52m 33s elapsed] ...   snr=+0.0dB [ber_drl]  snr=+2.0dB [ber_drl]  snr=+4.0dB [ber_drl]  snr=+6.0dB [ber_drl]  snr=+8.0dB [ber_drl]  snr=+10.0dB [ber_drl]  snr=+12.0dB [ber_drl]  snr=+14.0dB [ber_drl]  snr=+16.0dB [ber_drl]  snr=+18.0dB [ber_drl]  snr=+20.0dB [ber_drl]Done (7.25s)
Batch 440/2000 (active points 11/11) [52m 40s elapsed] ...   snr=+0.0dB [ber_drl]  snr=+2.0dB [ber_drl]  snr=+4.0dB [ber_drl]  snr=+6.0dB [ber_drl]  snr=+8.0dB [ber_drl]  snr=+10.0dB [ber_drl]  snr=+12.0dB [ber_drl]  snr=+14.0dB [ber_drl]  snr=+16.0dB [ber_drl]  snr=+18.0dB [ber_drl]  snr=+20.0dB [ber_drl]Done (7.18s)
Batch 441/2000 (active points 11/11) [52m 47s elapsed] ...   snr=+0.0dB [ber_drl]  snr=+2.0dB [ber_drl]  snr=+4.0dB [ber_drl]  snr=+6.0dB [ber_drl]  snr=+8.0dB [ber_drl]  snr=+10.0dB [ber_drl]  snr=+12.0dB [ber_drl]  snr=+14.0dB [ber_drl]  snr=+16.0dB [ber_drl]  snr=+18.0dB [ber_drl]  snr=+20.0dB [ber_drl]Done (7.13s)
Batch 442/2000 (active points 11/11) [52m 54s elapsed] ...   snr=+0.0dB [ber_drl]  snr=+2.0dB [ber_drl]  snr=+4.0dB [ber_drl]  snr=+6.0dB [ber_drl]  snr=+8.0dB [ber_drl]  snr=+10.0dB [ber_drl]  snr=+12.0dB [ber_drl]  snr=+14.0dB [ber_drl]  snr=+16.0dB [ber_drl]  snr=+18.0dB [ber_drl]  snr=+20.0dB [ber_drl]Done (7.18s)
Batch 443/2000 (active points 11/11) [53m 01s elapsed] ...   snr=+0.0dB [ber_drl]  snr=+2.0dB [ber_drl]  snr=+4.0dB [ber_drl]  snr=+6.0dB [ber_drl]  snr=+8.0dB [ber_drl]  snr=+10.0dB [ber_drl]  snr=+12.0dB [ber_drl]  snr=+14.0dB [ber_drl]  snr=+16.0dB [ber_drl]  snr=+18.0dB [ber_drl]  snr=+20.0dB [ber_drl]Done (7.21s)
Batch 444/2000 (active points 11/11) [53m 09s elapsed] ...   snr=+0.0dB [ber_drl]  snr=+2.0dB [ber_drl]  snr=+4.0dB [ber_drl]  snr=+6.0dB [ber_drl]  snr=+8.0dB [ber_drl]  snr=+10.0dB [ber_drl]  snr=+12.0dB [ber_drl]  snr=+14.0dB [ber_drl]  snr=+16.0dB [ber_drl]  snr=+18.0dB [ber_drl]  snr=+20.0dB [ber_drl]Done (7.22s)
Batch 445/2000 (active points 11/11) [53m 16s elapsed] ...   snr=+0.0dB [ber_drl]  snr=+2.0dB [ber_drl]  snr=+4.0dB [ber_drl]  snr=+6.0dB [ber_drl]  snr=+8.0dB [ber_drl]  snr=+10.0dB [ber_drl]  snr=+12.0dB [ber_drl]  snr=+14.0dB [ber_drl]  snr=+16.0dB [ber_drl]  snr=+18.0dB [ber_drl]  snr=+20.0dB [ber_drl]Done (7.19s)
Batch 446/2000 (active points 11/11) [53m 23s elapsed] ...   snr=+0.0dB [ber_drl]  snr=+2.0dB [ber_drl]  snr=+4.0dB [ber_drl]  snr=+6.0dB [ber_drl]  snr=+8.0dB [ber_drl]  snr=+10.0dB [ber_drl]  snr=+12.0dB [ber_drl]  snr=+14.0dB [ber_drl]  snr=+16.0dB [ber_drl]  snr=+18.0dB [ber_drl]  snr=+20.0dB [ber_drl]Done (7.13s)
Batch 447/2000 (active points 11/11) [53m 30s elapsed] ...   snr=+0.0dB [ber_drl]  snr=+2.0dB [ber_drl]  snr=+4.0dB [ber_drl]  snr=+6.0dB [ber_drl]  snr=+8.0dB [ber_drl]  snr=+10.0dB [ber_drl]  snr=+12.0dB [ber_drl]  snr=+14.0dB [ber_drl]  snr=+16.0dB [ber_drl]  snr=+18.0dB [ber_drl]  snr=+20.0dB [ber_drl]Done (7.16s)
Batch 448/2000 (active points 11/11) [53m 37s elapsed] ...   snr=+0.0dB [ber_drl]  snr=+2.0dB [ber_drl]  snr=+4.0dB [ber_drl]  snr=+6.0dB [ber_drl]  snr=+8.0dB [ber_drl]  snr=+10.0dB [ber_drl]  snr=+12.0dB [ber_drl]  snr=+14.0dB [ber_drl]  snr=+16.0dB [ber_drl]  snr=+18.0dB [ber_drl]  snr=+20.0dB [ber_drl]Done (7.25s)
Batch 449/2000 (active points 11/11) [53m 45s elapsed] ...   snr=+0.0dB [ber_drl]  snr=+2.0dB [ber_drl]  snr=+4.0dB [ber_drl]  snr=+6.0dB [ber_drl]  snr=+8.0dB [ber_drl]  snr=+10.0dB [ber_drl]  snr=+12.0dB [ber_drl]  snr=+14.0dB [ber_drl]  snr=+16.0dB [ber_drl]  snr=+18.0dB [ber_drl]  snr=+20.0dB [ber_drl]Done (7.23s)
Batch 450/2000 (active points 11/11) [53m 52s elapsed] ...   snr=+0.0dB [ber_drl]  snr=+2.0dB [ber_drl]  snr=+4.0dB [ber_drl]  snr=+6.0dB [ber_drl]  snr=+8.0dB [ber_drl]  snr=+10.0dB [ber_drl]  snr=+12.0dB [ber_drl]  snr=+14.0dB [ber_drl]  snr=+16.0dB [ber_drl]  snr=+18.0dB [ber_drl]  snr=+20.0dB [ber_drl]Done (7.19s)
Batch 451/2000 (active points 11/11) [53m 59s elapsed] ...   snr=+0.0dB [ber_drl]  snr=+2.0dB [ber_drl]  snr=+4.0dB [ber_drl]  snr=+6.0dB [ber_drl]  snr=+8.0dB [ber_drl]  snr=+10.0dB [ber_drl]  snr=+12.0dB [ber_drl]  snr=+14.0dB [ber_drl]  snr=+16.0dB [ber_drl]  snr=+18.0dB [ber_drl]  snr=+20.0dB [ber_drl]Done (7.10s)
Batch 452/2000 (active points 11/11) [54m 06s elapsed] ...   snr=+0.0dB [ber_drl]  snr=+2.0dB [ber_drl]  snr=+4.0dB [ber_drl]  snr=+6.0dB [ber_drl]  snr=+8.0dB [ber_drl]  snr=+10.0dB [ber_drl]  snr=+12.0dB [ber_drl]  snr=+14.0dB [ber_drl]  snr=+16.0dB [ber_drl]  snr=+18.0dB [ber_drl]  snr=+20.0dB [ber_drl]Done (7.15s)
Batch 453/2000 (active points 11/11) [54m 13s elapsed] ...   snr=+0.0dB [ber_drl]  snr=+2.0dB [ber_drl]  snr=+4.0dB [ber_drl]  snr=+6.0dB [ber_drl]  snr=+8.0dB [ber_drl]  snr=+10.0dB [ber_drl]  snr=+12.0dB [ber_drl]  snr=+14.0dB [ber_drl]  snr=+16.0dB [ber_drl]  snr=+18.0dB [ber_drl]  snr=+20.0dB [ber_drl]Done (7.27s)
Batch 454/2000 (active points 11/11) [54m 20s elapsed] ...   snr=+0.0dB [ber_drl]  snr=+2.0dB [ber_drl]  snr=+4.0dB [ber_drl]  snr=+6.0dB [ber_drl]  snr=+8.0dB [ber_drl]  snr=+10.0dB [ber_drl]  snr=+12.0dB [ber_drl]  snr=+14.0dB [ber_drl]  snr=+16.0dB [ber_drl]  snr=+18.0dB [ber_drl]  snr=+20.0dB [ber_drl]Done (7.18s)
Batch 455/2000 (active points 11/11) [54m 28s elapsed] ...   snr=+0.0dB [ber_drl]  snr=+2.0dB [ber_drl]  snr=+4.0dB [ber_drl]  snr=+6.0dB [ber_drl]  snr=+8.0dB [ber_drl]  snr=+10.0dB [ber_drl]  snr=+12.0dB [ber_drl]  snr=+14.0dB [ber_drl]  snr=+16.0dB [ber_drl]  snr=+18.0dB [ber_drl]  snr=+20.0dB [ber_drl]Done (6.99s)
Batch 456/2000 (active points 11/11) [54m 35s elapsed] ...   snr=+0.0dB [ber_drl]  snr=+2.0dB [ber_drl]  snr=+4.0dB [ber_drl]  snr=+6.0dB [ber_drl]  snr=+8.0dB [ber_drl]  snr=+10.0dB [ber_drl]  snr=+12.0dB [ber_drl]  snr=+14.0dB [ber_drl]  snr=+16.0dB [ber_drl]  snr=+18.0dB [ber_drl]  snr=+20.0dB [ber_drl]Done (6.93s)
Batch 457/2000 (active points 11/11) [54m 42s elapsed] ...   snr=+0.0dB [ber_drl]  snr=+2.0dB [ber_drl]  snr=+4.0dB [ber_drl]  snr=+6.0dB [ber_drl]  snr=+8.0dB [ber_drl]  snr=+10.0dB [ber_drl]  snr=+12.0dB [ber_drl]  snr=+14.0dB [ber_drl]  snr=+16.0dB [ber_drl]  snr=+18.0dB [ber_drl]  snr=+20.0dB [ber_drl]Done (7.06s)
Batch 458/2000 (active points 11/11) [54m 49s elapsed] ...   snr=+0.0dB [ber_drl]  snr=+2.0dB [ber_drl]  snr=+4.0dB [ber_drl]  snr=+6.0dB [ber_drl]  snr=+8.0dB [ber_drl]  snr=+10.0dB [ber_drl]  snr=+12.0dB [ber_drl]  snr=+14.0dB [ber_drl]  snr=+16.0dB [ber_drl]  snr=+18.0dB [ber_drl]  snr=+20.0dB [ber_drl]Done (7.13s)
Batch 459/2000 (active points 11/11) [54m 56s elapsed] ...   snr=+0.0dB [ber_drl]  snr=+2.0dB [ber_drl]  snr=+4.0dB [ber_drl]  snr=+6.0dB [ber_drl]  snr=+8.0dB [ber_drl]  snr=+10.0dB [ber_drl]  snr=+12.0dB [ber_drl]  snr=+14.0dB [ber_drl]  snr=+16.0dB [ber_drl]  snr=+18.0dB [ber_drl]  snr=+20.0dB [ber_drl]Done (6.89s)
Batch 460/2000 (active points 11/11) [55m 03s elapsed] ...   snr=+0.0dB [ber_drl]  snr=+2.0dB [ber_drl]  snr=+4.0dB [ber_drl]  snr=+6.0dB [ber_drl]  snr=+8.0dB [ber_drl]  snr=+10.0dB [ber_drl]  snr=+12.0dB [ber_drl]  snr=+14.0dB [ber_drl]  snr=+16.0dB [ber_drl]  snr=+18.0dB [ber_drl]  snr=+20.0dB [ber_drl]Done (6.99s)
Batch 461/2000 (active points 11/11) [55m 10s elapsed] ...   snr=+0.0dB [ber_drl]  snr=+2.0dB [ber_drl]  snr=+4.0dB [ber_drl]  snr=+6.0dB [ber_drl]  snr=+8.0dB [ber_drl]  snr=+10.0dB [ber_drl]  snr=+12.0dB [ber_drl]  snr=+14.0dB [ber_drl]  snr=+16.0dB [ber_drl]  snr=+18.0dB [ber_drl]  snr=+20.0dB [ber_drl]Done (6.97s)
Batch 462/2000 (active points 11/11) [55m 17s elapsed] ...   snr=+0.0dB [ber_drl]  snr=+2.0dB [ber_drl]  snr=+4.0dB [ber_drl]  snr=+6.0dB [ber_drl]  snr=+8.0dB [ber_drl]  snr=+10.0dB [ber_drl]  snr=+12.0dB [ber_drl]  snr=+14.0dB [ber_drl]  snr=+16.0dB [ber_drl]  snr=+18.0dB [ber_drl]  snr=+20.0dB [ber_drl]Done (7.04s)
Batch 463/2000 (active points 11/11) [55m 24s elapsed] ...   snr=+0.0dB [ber_drl]  snr=+2.0dB [ber_drl]  snr=+4.0dB [ber_drl]  snr=+6.0dB [ber_drl]  snr=+8.0dB [ber_drl]  snr=+10.0dB [ber_drl]  snr=+12.0dB [ber_drl]  snr=+14.0dB [ber_drl]  snr=+16.0dB [ber_drl]  snr=+18.0dB [ber_drl]  snr=+20.0dB [ber_drl]Done (6.88s)
Batch 464/2000 (active points 11/11) [55m 31s elapsed] ...   snr=+0.0dB [ber_drl]  snr=+2.0dB [ber_drl]  snr=+4.0dB [ber_drl]  snr=+6.0dB [ber_drl]  snr=+8.0dB [ber_drl]  snr=+10.0dB [ber_drl]  snr=+12.0dB [ber_drl]  snr=+14.0dB [ber_drl]  snr=+16.0dB [ber_drl]  snr=+18.0dB [ber_drl]  snr=+20.0dB [ber_drl]Done (6.95s)
Batch 465/2000 (active points 11/11) [55m 38s elapsed] ...   snr=+0.0dB [ber_drl]  snr=+2.0dB [ber_drl]  snr=+4.0dB [ber_drl]  snr=+6.0dB [ber_drl]  snr=+8.0dB [ber_drl]  snr=+10.0dB [ber_drl]  snr=+12.0dB [ber_drl]  snr=+14.0dB [ber_drl]  snr=+16.0dB [ber_drl]  snr=+18.0dB [ber_drl]  snr=+20.0dB [ber_drl]Done (6.96s)
Batch 466/2000 (active points 11/11) [55m 44s elapsed] ...   snr=+0.0dB [ber_drl]  snr=+2.0dB [ber_drl]  snr=+4.0dB [ber_drl]  snr=+6.0dB [ber_drl]  snr=+8.0dB [ber_drl]  snr=+10.0dB [ber_drl]  snr=+12.0dB [ber_drl]  snr=+14.0dB [ber_drl]  snr=+16.0dB [ber_drl]  snr=+18.0dB [ber_drl]  snr=+20.0dB [ber_drl]Done (6.98s)
Batch 467/2000 (active points 11/11) [55m 51s elapsed] ...   snr=+0.0dB [ber_drl]  snr=+2.0dB [ber_drl]  snr=+4.0dB [ber_drl]  snr=+6.0dB [ber_drl]  snr=+8.0dB [ber_drl]  snr=+10.0dB [ber_drl]  snr=+12.0dB [ber_drl]  snr=+14.0dB [ber_drl]  snr=+16.0dB [ber_drl]  snr=+18.0dB [ber_drl]  snr=+20.0dB [ber_drl]Done (7.07s)
Batch 468/2000 (active points 11/11) [55m 59s elapsed] ...   snr=+0.0dB [ber_drl]  snr=+2.0dB [ber_drl]  snr=+4.0dB [ber_drl]  snr=+6.0dB [ber_drl]  snr=+8.0dB [ber_drl]  snr=+10.0dB [ber_drl]  snr=+12.0dB [ber_drl]  snr=+14.0dB [ber_drl]  snr=+16.0dB [ber_drl]  snr=+18.0dB [ber_drl]  snr=+20.0dB [ber_drl]Done (6.92s)
Batch 469/2000 (active points 11/11) [56m 05s elapsed] ...   snr=+0.0dB [ber_drl]  snr=+2.0dB [ber_drl]  snr=+4.0dB [ber_drl]  snr=+6.0dB [ber_drl]  snr=+8.0dB [ber_drl]  snr=+10.0dB [ber_drl]  snr=+12.0dB [ber_drl]  snr=+14.0dB [ber_drl]  snr=+16.0dB [ber_drl]  snr=+18.0dB [ber_drl]  snr=+20.0dB [ber_drl]Done (6.96s)
Batch 470/2000 (active points 11/11) [56m 12s elapsed] ...   snr=+0.0dB [ber_drl]  snr=+2.0dB [ber_drl]  snr=+4.0dB [ber_drl]  snr=+6.0dB [ber_drl]  snr=+8.0dB [ber_drl]  snr=+10.0dB [ber_drl]  snr=+12.0dB [ber_drl]  snr=+14.0dB [ber_drl]  snr=+16.0dB [ber_drl]  snr=+18.0dB [ber_drl]  snr=+20.0dB [ber_drl]Done (6.97s)
Batch 471/2000 (active points 11/11) [56m 19s elapsed] ...   snr=+0.0dB [ber_drl]  snr=+2.0dB [ber_drl]  snr=+4.0dB [ber_drl]  snr=+6.0dB [ber_drl]  snr=+8.0dB [ber_drl]  snr=+10.0dB [ber_drl]  snr=+12.0dB [ber_drl]  snr=+14.0dB [ber_drl]  snr=+16.0dB [ber_drl]  snr=+18.0dB [ber_drl]  snr=+20.0dB [ber_drl]Done (6.88s)
Batch 472/2000 (active points 11/11) [56m 26s elapsed] ...   snr=+0.0dB [ber_drl]  snr=+2.0dB [ber_drl]  snr=+4.0dB [ber_drl]  snr=+6.0dB [ber_drl]  snr=+8.0dB [ber_drl]  snr=+10.0dB [ber_drl]  snr=+12.0dB [ber_drl]  snr=+14.0dB [ber_drl]  snr=+16.0dB [ber_drl]  snr=+18.0dB [ber_drl]  snr=+20.0dB [ber_drl]Done (7.05s)
Batch 473/2000 (active points 11/11) [56m 33s elapsed] ...   snr=+0.0dB [ber_drl]  snr=+2.0dB [ber_drl]  snr=+4.0dB [ber_drl]  snr=+6.0dB [ber_drl]  snr=+8.0dB [ber_drl]  snr=+10.0dB [ber_drl]  snr=+12.0dB [ber_drl]  snr=+14.0dB [ber_drl]  snr=+16.0dB [ber_drl]  snr=+18.0dB [ber_drl]  snr=+20.0dB [ber_drl]Done (6.97s)
Batch 474/2000 (active points 11/11) [56m 40s elapsed] ...   snr=+0.0dB [ber_drl]  snr=+2.0dB [ber_drl]  snr=+4.0dB [ber_drl]  snr=+6.0dB [ber_drl]  snr=+8.0dB [ber_drl]  snr=+10.0dB [ber_drl]  snr=+12.0dB [ber_drl]  snr=+14.0dB [ber_drl]  snr=+16.0dB [ber_drl]  snr=+18.0dB [ber_drl]  snr=+20.0dB [ber_drl]Done (6.87s)
Batch 475/2000 (active points 11/11) [56m 47s elapsed] ...   snr=+0.0dB [ber_drl]  snr=+2.0dB [ber_drl]  snr=+4.0dB [ber_drl]  snr=+6.0dB [ber_drl]  snr=+8.0dB [ber_drl]  snr=+10.0dB [ber_drl]  snr=+12.0dB [ber_drl]  snr=+14.0dB [ber_drl]  snr=+16.0dB [ber_drl]  snr=+18.0dB [ber_drl]  snr=+20.0dB [ber_drl]Done (6.94s)
Batch 476/2000 (active points 11/11) [56m 54s elapsed] ...   snr=+0.0dB [ber_drl]  snr=+2.0dB [ber_drl]  snr=+4.0dB [ber_drl]  snr=+6.0dB [ber_drl]  snr=+8.0dB [ber_drl]  snr=+10.0dB [ber_drl]  snr=+12.0dB [ber_drl]  snr=+14.0dB [ber_drl]  snr=+16.0dB [ber_drl]  snr=+18.0dB [ber_drl]  snr=+20.0dB [ber_drl]Done (6.95s)
Batch 477/2000 (active points 11/11) [57m 01s elapsed] ...   snr=+0.0dB [ber_drl]  snr=+2.0dB [ber_drl]  snr=+4.0dB [ber_drl]  snr=+6.0dB [ber_drl]  snr=+8.0dB [ber_drl]  snr=+10.0dB [ber_drl]  snr=+12.0dB [ber_drl]  snr=+14.0dB [ber_drl]  snr=+16.0dB [ber_drl]  snr=+18.0dB [ber_drl]  snr=+20.0dB [ber_drl]Done (7.04s)
Batch 478/2000 (active points 11/11) [57m 08s elapsed] ...   snr=+0.0dB [ber_drl]  snr=+2.0dB [ber_drl]  snr=+4.0dB [ber_drl]  snr=+6.0dB [ber_drl]  snr=+8.0dB [ber_drl]  snr=+10.0dB [ber_drl]  snr=+12.0dB [ber_drl]  snr=+14.0dB [ber_drl]  snr=+16.0dB [ber_drl]  snr=+18.0dB [ber_drl]  snr=+20.0dB [ber_drl]Done (6.90s)
Batch 479/2000 (active points 11/11) [57m 15s elapsed] ...   snr=+0.0dB [ber_drl]  snr=+2.0dB [ber_drl]  snr=+4.0dB [ber_drl]  snr=+6.0dB [ber_drl]  snr=+8.0dB [ber_drl]  snr=+10.0dB [ber_drl]  snr=+12.0dB [ber_drl]  snr=+14.0dB [ber_drl]  snr=+16.0dB [ber_drl]  snr=+18.0dB [ber_drl]  snr=+20.0dB [ber_drl]Done (6.94s)
Batch 480/2000 (active points 11/11) [57m 22s elapsed] ...   snr=+0.0dB [ber_drl]  snr=+2.0dB [ber_drl]  snr=+4.0dB [ber_drl]  snr=+6.0dB [ber_drl]  snr=+8.0dB [ber_drl]  snr=+10.0dB [ber_drl]  snr=+12.0dB [ber_drl]  snr=+14.0dB [ber_drl]  snr=+16.0dB [ber_drl]  snr=+18.0dB [ber_drl]  snr=+20.0dB [ber_drl]Done (7.04s)
Batch 481/2000 (active points 11/11) [57m 29s elapsed] ...   snr=+0.0dB [ber_drl]  snr=+2.0dB [ber_drl]  snr=+4.0dB [ber_drl]  snr=+6.0dB [ber_drl]  snr=+8.0dB [ber_drl]  snr=+10.0dB [ber_drl]  snr=+12.0dB [ber_drl]  snr=+14.0dB [ber_drl]  snr=+16.0dB [ber_drl]  snr=+18.0dB [ber_drl]  snr=+20.0dB [ber_drl]Done (6.98s)
Batch 482/2000 (active points 11/11) [57m 36s elapsed] ...   snr=+0.0dB [ber_drl]  snr=+2.0dB [ber_drl]  snr=+4.0dB [ber_drl]  snr=+6.0dB [ber_drl]  snr=+8.0dB [ber_drl]  snr=+10.0dB [ber_drl]  snr=+12.0dB [ber_drl]  snr=+14.0dB [ber_drl]  snr=+16.0dB [ber_drl]  snr=+18.0dB [ber_drl]  snr=+20.0dB [ber_drl]Done (6.92s)
Batch 483/2000 (active points 11/11) [57m 43s elapsed] ...   snr=+0.0dB [ber_drl]  snr=+2.0dB [ber_drl]  snr=+4.0dB [ber_drl]  snr=+6.0dB [ber_drl]  snr=+8.0dB [ber_drl]  snr=+10.0dB [ber_drl]  snr=+12.0dB [ber_drl]  snr=+14.0dB [ber_drl]  snr=+16.0dB [ber_drl]  snr=+18.0dB [ber_drl]  snr=+20.0dB [ber_drl]Done (6.95s)
Batch 484/2000 (active points 11/11) [57m 50s elapsed] ...   snr=+0.0dB [ber_drl]  snr=+2.0dB [ber_drl]  snr=+4.0dB [ber_drl]  snr=+6.0dB [ber_drl]  snr=+8.0dB [ber_drl]  snr=+10.0dB [ber_drl]  snr=+12.0dB [ber_drl]  snr=+14.0dB [ber_drl]  snr=+16.0dB [ber_drl]  snr=+18.0dB [ber_drl]  snr=+20.0dB [ber_drl]Done (6.93s)
Batch 485/2000 (active points 11/11) [57m 57s elapsed] ...   snr=+0.0dB [ber_drl]  snr=+2.0dB [ber_drl]  snr=+4.0dB [ber_drl]  snr=+6.0dB [ber_drl]  snr=+8.0dB [ber_drl]  snr=+10.0dB [ber_drl]  snr=+12.0dB [ber_drl]  snr=+14.0dB [ber_drl]  snr=+16.0dB [ber_drl]  snr=+18.0dB [ber_drl]  snr=+20.0dB [ber_drl]Done (6.94s)
Batch 486/2000 (active points 11/11) [58m 04s elapsed] ...   snr=+0.0dB [ber_drl]  snr=+2.0dB [ber_drl]  snr=+4.0dB [ber_drl]  snr=+6.0dB [ber_drl]  snr=+8.0dB [ber_drl]  snr=+10.0dB [ber_drl]  snr=+12.0dB [ber_drl]  snr=+14.0dB [ber_drl]  snr=+16.0dB [ber_drl]  snr=+18.0dB [ber_drl]  snr=+20.0dB [ber_drl]Done (7.12s)
Batch 487/2000 (active points 11/11) [58m 11s elapsed] ...   snr=+0.0dB [ber_drl]  snr=+2.0dB [ber_drl]  snr=+4.0dB [ber_drl]  snr=+6.0dB [ber_drl]  snr=+8.0dB [ber_drl]  snr=+10.0dB [ber_drl]  snr=+12.0dB [ber_drl]  snr=+14.0dB [ber_drl]  snr=+16.0dB [ber_drl]  snr=+18.0dB [ber_drl]  snr=+20.0dB [ber_drl]Done (6.92s)
Batch 488/2000 (active points 11/11) [58m 18s elapsed] ...   snr=+0.0dB [ber_drl]  snr=+2.0dB [ber_drl]  snr=+4.0dB [ber_drl]  snr=+6.0dB [ber_drl]  snr=+8.0dB [ber_drl]  snr=+10.0dB [ber_drl]  snr=+12.0dB [ber_drl]  snr=+14.0dB [ber_drl]  snr=+16.0dB [ber_drl]  snr=+18.0dB [ber_drl]  snr=+20.0dB [ber_drl]Done (6.97s)
Batch 489/2000 (active points 11/11) [58m 25s elapsed] ...   snr=+0.0dB [ber_drl]  snr=+2.0dB [ber_drl]  snr=+4.0dB [ber_drl]  snr=+6.0dB [ber_drl]  snr=+8.0dB [ber_drl]  snr=+10.0dB [ber_drl]  snr=+12.0dB [ber_drl]  snr=+14.0dB [ber_drl]  snr=+16.0dB [ber_drl]  snr=+18.0dB [ber_drl]  snr=+20.0dB [ber_drl]Done (6.98s)
Batch 490/2000 (active points 11/11) [58m 32s elapsed] ...   snr=+0.0dB [ber_drl]  snr=+2.0dB [ber_drl]  snr=+4.0dB [ber_drl]  snr=+6.0dB [ber_drl]  snr=+8.0dB [ber_drl]  snr=+10.0dB [ber_drl]  snr=+12.0dB [ber_drl]  snr=+14.0dB [ber_drl]  snr=+16.0dB [ber_drl]  snr=+18.0dB [ber_drl]  snr=+20.0dB [ber_drl]Done (6.83s)
Batch 491/2000 (active points 11/11) [58m 39s elapsed] ...   snr=+0.0dB [ber_drl]  snr=+2.0dB [ber_drl]  snr=+4.0dB [ber_drl]  snr=+6.0dB [ber_drl]  snr=+8.0dB [ber_drl]  snr=+10.0dB [ber_drl]  snr=+12.0dB [ber_drl]  snr=+14.0dB [ber_drl]  snr=+16.0dB [ber_drl]  snr=+18.0dB [ber_drl]  snr=+20.0dB [ber_drl]Done (7.05s)
Batch 492/2000 (active points 11/11) [58m 46s elapsed] ...   snr=+0.0dB [ber_drl]  snr=+2.0dB [ber_drl]  snr=+4.0dB [ber_drl]  snr=+6.0dB [ber_drl]  snr=+8.0dB [ber_drl]  snr=+10.0dB [ber_drl]  snr=+12.0dB [ber_drl]  snr=+14.0dB [ber_drl]  snr=+16.0dB [ber_drl]  snr=+18.0dB [ber_drl]  snr=+20.0dB [ber_drl]Done (6.97s)
Batch 493/2000 (active points 11/11) [58m 53s elapsed] ...   snr=+0.0dB [ber_drl]  snr=+2.0dB [ber_drl]  snr=+4.0dB [ber_drl]  snr=+6.0dB [ber_drl]  snr=+8.0dB [ber_drl]  snr=+10.0dB [ber_drl]  snr=+12.0dB [ber_drl]  snr=+14.0dB [ber_drl]  snr=+16.0dB [ber_drl]  snr=+18.0dB [ber_drl]  snr=+20.0dB [ber_drl]Done (7.00s)
Batch 494/2000 (active points 11/11) [59m 00s elapsed] ...   snr=+0.0dB [ber_drl]  snr=+2.0dB [ber_drl]  snr=+4.0dB [ber_drl]  snr=+6.0dB [ber_drl]  snr=+8.0dB [ber_drl]  snr=+10.0dB [ber_drl]  snr=+12.0dB [ber_drl]  snr=+14.0dB [ber_drl]  snr=+16.0dB [ber_drl]  snr=+18.0dB [ber_drl]  snr=+20.0dB [ber_drl]Done (6.85s)
Batch 495/2000 (active points 11/11) [59m 06s elapsed] ...   snr=+0.0dB [ber_drl]  snr=+2.0dB [ber_drl]  snr=+4.0dB [ber_drl]  snr=+6.0dB [ber_drl]  snr=+8.0dB [ber_drl]  snr=+10.0dB [ber_drl]  snr=+12.0dB [ber_drl]  snr=+14.0dB [ber_drl]  snr=+16.0dB [ber_drl]  snr=+18.0dB [ber_drl]  snr=+20.0dB [ber_drl]Done (6.97s)
Batch 496/2000 (active points 11/11) [59m 13s elapsed] ...   snr=+0.0dB [ber_drl]  snr=+2.0dB [ber_drl]  snr=+4.0dB [ber_drl]  snr=+6.0dB [ber_drl]  snr=+8.0dB [ber_drl]  snr=+10.0dB [ber_drl]  snr=+12.0dB [ber_drl]  snr=+14.0dB [ber_drl]  snr=+16.0dB [ber_drl]  snr=+18.0dB [ber_drl]  snr=+20.0dB [ber_drl]Done (7.12s)
Batch 497/2000 (active points 11/11) [59m 20s elapsed] ...   snr=+0.0dB [ber_drl]  snr=+2.0dB [ber_drl]  snr=+4.0dB [ber_drl]  snr=+6.0dB [ber_drl]  snr=+8.0dB [ber_drl]  snr=+10.0dB [ber_drl]  snr=+12.0dB [ber_drl]  snr=+14.0dB [ber_drl]  snr=+16.0dB [ber_drl]  snr=+18.0dB [ber_drl]  snr=+20.0dB [ber_drl]Done (6.97s)
Batch 498/2000 (active points 11/11) [59m 27s elapsed] ...   snr=+0.0dB [ber_drl]  snr=+2.0dB [ber_drl]  snr=+4.0dB [ber_drl]  snr=+6.0dB [ber_drl]  snr=+8.0dB [ber_drl]  snr=+10.0dB [ber_drl]  snr=+12.0dB [ber_drl]  snr=+14.0dB [ber_drl]  snr=+16.0dB [ber_drl]  snr=+18.0dB [ber_drl]  snr=+20.0dB [ber_drl]Done (6.94s)
Batch 499/2000 (active points 11/11) [59m 34s elapsed] ...   snr=+0.0dB [ber_drl]  snr=+2.0dB [ber_drl]  snr=+4.0dB [ber_drl]  snr=+6.0dB [ber_drl]  snr=+8.0dB [ber_drl]  snr=+10.0dB [ber_drl]  snr=+12.0dB [ber_drl]  snr=+14.0dB [ber_drl]  snr=+16.0dB [ber_drl]  snr=+18.0dB [ber_drl]  snr=+20.0dB [ber_drl]Done (6.99s)
Batch 500/2000 (active points 11/11) [59m 41s elapsed] ...   snr=+0.0dB [ber_drl]  snr=+2.0dB [ber_drl]  snr=+4.0dB [ber_drl]  snr=+6.0dB [ber_drl]  snr=+8.0dB [ber_drl]  snr=+10.0dB [ber_drl]  snr=+12.0dB [ber_drl]  snr=+14.0dB [ber_drl]  snr=+16.0dB [ber_drl]  snr=+18.0dB [ber_drl]  snr=+20.0dB [ber_drl]Done (7.00s)
Batch 501/2000 (active points 11/11) [59m 48s elapsed] ...   snr=+0.0dB [ber_drl]  snr=+2.0dB [ber_drl]  snr=+4.0dB [ber_drl]  snr=+6.0dB [ber_drl]  snr=+8.0dB [ber_drl]  snr=+10.0dB [ber_drl]  snr=+12.0dB [ber_drl]  snr=+14.0dB [ber_drl]  snr=+16.0dB [ber_drl]  snr=+18.0dB [ber_drl]  snr=+20.0dB [ber_drl]Done (6.93s)
Batch 502/2000 (active points 11/11) [59m 55s elapsed] ...   snr=+0.0dB [ber_drl]  snr=+2.0dB [ber_drl]  snr=+4.0dB [ber_drl]  snr=+6.0dB [ber_drl]  snr=+8.0dB [ber_drl]  snr=+10.0dB [ber_drl]  snr=+12.0dB [ber_drl]  snr=+14.0dB [ber_drl]  snr=+16.0dB [ber_drl]  snr=+18.0dB [ber_drl]  snr=+20.0dB [ber_drl]Done (7.04s)
Batch 503/2000 (active points 11/11) [1h 00m 02s elapsed] ...   snr=+0.0dB [ber_drl]  snr=+2.0dB [ber_drl]  snr=+4.0dB [ber_drl]  snr=+6.0dB [ber_drl]  snr=+8.0dB [ber_drl]  snr=+10.0dB [ber_drl]  snr=+12.0dB [ber_drl]  snr=+14.0dB [ber_drl]  snr=+16.0dB [ber_drl]  snr=+18.0dB [ber_drl]  snr=+20.0dB [ber_drl]Done (6.98s)
Batch 504/2000 (active points 11/11) [1h 00m 09s elapsed] ...   snr=+0.0dB [ber_drl]  snr=+2.0dB [ber_drl]  snr=+4.0dB [ber_drl]  snr=+6.0dB [ber_drl]  snr=+8.0dB [ber_drl]  snr=+10.0dB [ber_drl]  snr=+12.0dB [ber_drl]  snr=+14.0dB [ber_drl]  snr=+16.0dB [ber_drl]  snr=+18.0dB [ber_drl]  snr=+20.0dB [ber_drl]Done (6.93s)
Batch 505/2000 (active points 11/11) [1h 00m 16s elapsed] ...   snr=+0.0dB [ber_drl]  snr=+2.0dB [ber_drl]  snr=+4.0dB [ber_drl]  snr=+6.0dB [ber_drl]  snr=+8.0dB [ber_drl]  snr=+10.0dB [ber_drl]  snr=+12.0dB [ber_drl]  snr=+14.0dB [ber_drl]  snr=+16.0dB [ber_drl]  snr=+18.0dB [ber_drl]  snr=+20.0dB [ber_drl]Done (6.95s)
Batch 506/2000 (active points 11/11) [1h 00m 23s elapsed] ...   snr=+0.0dB [ber_drl]  snr=+2.0dB [ber_drl]  snr=+4.0dB [ber_drl]  snr=+6.0dB [ber_drl]  snr=+8.0dB [ber_drl]  snr=+10.0dB [ber_drl]  snr=+12.0dB [ber_drl]  snr=+14.0dB [ber_drl]  snr=+16.0dB [ber_drl]  snr=+18.0dB [ber_drl]  snr=+20.0dB [ber_drl]Done (6.94s)
Batch 507/2000 (active points 11/11) [1h 00m 30s elapsed] ...   snr=+0.0dB [ber_drl]  snr=+2.0dB [ber_drl]  snr=+4.0dB [ber_drl]  snr=+6.0dB [ber_drl]  snr=+8.0dB [ber_drl]  snr=+10.0dB [ber_drl]  snr=+12.0dB [ber_drl]  snr=+14.0dB [ber_drl]  snr=+16.0dB [ber_drl]  snr=+18.0dB [ber_drl]  snr=+20.0dB [ber_drl]Done (6.93s)
Batch 508/2000 (active points 11/11) [1h 00m 37s elapsed] ...   snr=+0.0dB [ber_drl]  snr=+2.0dB [ber_drl]  snr=+4.0dB [ber_drl]  snr=+6.0dB [ber_drl]  snr=+8.0dB [ber_drl]  snr=+10.0dB [ber_drl]  snr=+12.0dB [ber_drl]  snr=+14.0dB [ber_drl]  snr=+16.0dB [ber_drl]  snr=+18.0dB [ber_drl]  snr=+20.0dB [ber_drl]Done (6.96s)
Batch 509/2000 (active points 11/11) [1h 00m 44s elapsed] ...   snr=+0.0dB [ber_drl]  snr=+2.0dB [ber_drl]  snr=+4.0dB [ber_drl]  snr=+6.0dB [ber_drl]  snr=+8.0dB [ber_drl]  snr=+10.0dB [ber_drl]  snr=+12.0dB [ber_drl]  snr=+14.0dB [ber_drl]  snr=+16.0dB [ber_drl]  snr=+18.0dB [ber_drl]  snr=+20.0dB [ber_drl]Done (6.94s)
Batch 510/2000 (active points 11/11) [1h 00m 51s elapsed] ...   snr=+0.0dB [ber_drl]  snr=+2.0dB [ber_drl]  snr=+4.0dB [ber_drl]  snr=+6.0dB [ber_drl]  snr=+8.0dB [ber_drl]  snr=+10.0dB [ber_drl]  snr=+12.0dB [ber_drl]  snr=+14.0dB [ber_drl]  snr=+16.0dB [ber_drl]  snr=+18.0dB [ber_drl]  snr=+20.0dB [ber_drl]Done (6.92s)
Batch 511/2000 (active points 11/11) [1h 00m 58s elapsed] ...   snr=+0.0dB [ber_drl]  snr=+2.0dB [ber_drl]  snr=+4.0dB [ber_drl]  snr=+6.0dB [ber_drl]  snr=+8.0dB [ber_drl]  snr=+10.0dB [ber_drl]  snr=+12.0dB [ber_drl]  snr=+14.0dB [ber_drl]  snr=+16.0dB [ber_drl]  snr=+18.0dB [ber_drl]  snr=+20.0dB [ber_drl]Done (6.97s)
Batch 512/2000 (active points 11/11) [1h 01m 05s elapsed] ...   snr=+0.0dB [ber_drl]  snr=+2.0dB [ber_drl]  snr=+4.0dB [ber_drl]  snr=+6.0dB [ber_drl]  snr=+8.0dB [ber_drl]  snr=+10.0dB [ber_drl]  snr=+12.0dB [ber_drl]  snr=+14.0dB [ber_drl]  snr=+16.0dB [ber_drl]  snr=+18.0dB [ber_drl]  snr=+20.0dB [ber_drl]Done (6.97s)
Batch 513/2000 (active points 11/11) [1h 01m 12s elapsed] ...   snr=+0.0dB [ber_drl]  snr=+2.0dB [ber_drl]  snr=+4.0dB [ber_drl]  snr=+6.0dB [ber_drl]  snr=+8.0dB [ber_drl]  snr=+10.0dB [ber_drl]  snr=+12.0dB [ber_drl]  snr=+14.0dB [ber_drl]  snr=+16.0dB [ber_drl]  snr=+18.0dB [ber_drl]  snr=+20.0dB [ber_drl]Done (6.86s)
Batch 514/2000 (active points 11/11) [1h 01m 19s elapsed] ...   snr=+0.0dB [ber_drl]  snr=+2.0dB [ber_drl]  snr=+4.0dB [ber_drl]  snr=+6.0dB [ber_drl]  snr=+8.0dB [ber_drl]  snr=+10.0dB [ber_drl]  snr=+12.0dB [ber_drl]  snr=+14.0dB [ber_drl]  snr=+16.0dB [ber_drl]  snr=+18.0dB [ber_drl]  snr=+20.0dB [ber_drl]Done (6.92s)
Batch 515/2000 (active points 11/11) [1h 01m 26s elapsed] ...   snr=+0.0dB [ber_drl]  snr=+2.0dB [ber_drl]  snr=+4.0dB [ber_drl]  snr=+6.0dB [ber_drl]  snr=+8.0dB [ber_drl]  snr=+10.0dB [ber_drl]  snr=+12.0dB [ber_drl]  snr=+14.0dB [ber_drl]  snr=+16.0dB [ber_drl]  snr=+18.0dB [ber_drl]  snr=+20.0dB [ber_drl]Done (6.99s)
Batch 516/2000 (active points 11/11) [1h 01m 33s elapsed] ...   snr=+0.0dB [ber_drl]  snr=+2.0dB [ber_drl]  snr=+4.0dB [ber_drl]  snr=+6.0dB [ber_drl]  snr=+8.0dB [ber_drl]  snr=+10.0dB [ber_drl]  snr=+12.0dB [ber_drl]  snr=+14.0dB [ber_drl]  snr=+16.0dB [ber_drl]  snr=+18.0dB [ber_drl]  snr=+20.0dB [ber_drl]Done (6.98s)
Batch 517/2000 (active points 11/11) [1h 01m 40s elapsed] ...   snr=+0.0dB [ber_drl]  snr=+2.0dB [ber_drl]  snr=+4.0dB [ber_drl]  snr=+6.0dB [ber_drl]  snr=+8.0dB [ber_drl]  snr=+10.0dB [ber_drl]  snr=+12.0dB [ber_drl]  snr=+14.0dB [ber_drl]  snr=+16.0dB [ber_drl]  snr=+18.0dB [ber_drl]  snr=+20.0dB [ber_drl]Done (6.88s)
Batch 518/2000 (active points 11/11) [1h 01m 46s elapsed] ...   snr=+0.0dB [ber_drl]  snr=+2.0dB [ber_drl]  snr=+4.0dB [ber_drl]  snr=+6.0dB [ber_drl]  snr=+8.0dB [ber_drl]  snr=+10.0dB [ber_drl]  snr=+12.0dB [ber_drl]  snr=+14.0dB [ber_drl]  snr=+16.0dB [ber_drl]  snr=+18.0dB [ber_drl]  snr=+20.0dB [ber_drl]Done (7.01s)
Batch 519/2000 (active points 11/11) [1h 01m 53s elapsed] ...   snr=+0.0dB [ber_drl]  snr=+2.0dB [ber_drl]  snr=+4.0dB [ber_drl]  snr=+6.0dB [ber_drl]  snr=+8.0dB [ber_drl]  snr=+10.0dB [ber_drl]  snr=+12.0dB [ber_drl]  snr=+14.0dB [ber_drl]  snr=+16.0dB [ber_drl]  snr=+18.0dB [ber_drl]  snr=+20.0dB [ber_drl]Done (6.97s)
Batch 520/2000 (active points 11/11) [1h 02m 00s elapsed] ...   snr=+0.0dB [ber_drl]  snr=+2.0dB [ber_drl]  snr=+4.0dB [ber_drl]  snr=+6.0dB [ber_drl]  snr=+8.0dB [ber_drl]  snr=+10.0dB [ber_drl]  snr=+12.0dB [ber_drl]  snr=+14.0dB [ber_drl]  snr=+16.0dB [ber_drl]  snr=+18.0dB [ber_drl]  snr=+20.0dB [ber_drl]Done (6.93s)
Batch 521/2000 (active points 11/11) [1h 02m 07s elapsed] ...   snr=+0.0dB [ber_drl]  snr=+2.0dB [ber_drl]  snr=+4.0dB [ber_drl]  snr=+6.0dB [ber_drl]  snr=+8.0dB [ber_drl]  snr=+10.0dB [ber_drl]  snr=+12.0dB [ber_drl]  snr=+14.0dB [ber_drl]  snr=+16.0dB [ber_drl]  snr=+18.0dB [ber_drl]  snr=+20.0dB [ber_drl]Done (6.92s)
Batch 522/2000 (active points 11/11) [1h 02m 14s elapsed] ...   snr=+0.0dB [ber_drl]  snr=+2.0dB [ber_drl]  snr=+4.0dB [ber_drl]  snr=+6.0dB [ber_drl]  snr=+8.0dB [ber_drl]  snr=+10.0dB [ber_drl]  snr=+12.0dB [ber_drl]  snr=+14.0dB [ber_drl]  snr=+16.0dB [ber_drl]  snr=+18.0dB [ber_drl]  snr=+20.0dB [ber_drl]Done (6.95s)
Batch 523/2000 (active points 11/11) [1h 02m 21s elapsed] ...   snr=+0.0dB [ber_drl]  snr=+2.0dB [ber_drl]  snr=+4.0dB [ber_drl]  snr=+6.0dB [ber_drl]  snr=+8.0dB [ber_drl]  snr=+10.0dB [ber_drl]  snr=+12.0dB [ber_drl]  snr=+14.0dB [ber_drl]  snr=+16.0dB [ber_drl]  snr=+18.0dB [ber_drl]  snr=+20.0dB [ber_drl]Done (6.96s)
Batch 524/2000 (active points 11/11) [1h 02m 28s elapsed] ...   snr=+0.0dB [ber_drl]  snr=+2.0dB [ber_drl]  snr=+4.0dB [ber_drl]  snr=+6.0dB [ber_drl]  snr=+8.0dB [ber_drl]  snr=+10.0dB [ber_drl]  snr=+12.0dB [ber_drl]  snr=+14.0dB [ber_drl]  snr=+16.0dB [ber_drl]  snr=+18.0dB [ber_drl]  snr=+20.0dB [ber_drl]Done (6.94s)
Batch 525/2000 (active points 11/11) [1h 02m 35s elapsed] ...   snr=+0.0dB [ber_drl]  snr=+2.0dB [ber_drl]  snr=+4.0dB [ber_drl]  snr=+6.0dB [ber_drl]  snr=+8.0dB [ber_drl]  snr=+10.0dB [ber_drl]  snr=+12.0dB [ber_drl]  snr=+14.0dB [ber_drl]  snr=+16.0dB [ber_drl]  snr=+18.0dB [ber_drl]  snr=+20.0dB [ber_drl]Done (6.95s)
Batch 526/2000 (active points 11/11) [1h 02m 42s elapsed] ...   snr=+0.0dB [ber_drl]  snr=+2.0dB [ber_drl]  snr=+4.0dB [ber_drl]  snr=+6.0dB [ber_drl]  snr=+8.0dB [ber_drl]  snr=+10.0dB [ber_drl]  snr=+12.0dB [ber_drl]  snr=+14.0dB [ber_drl]  snr=+16.0dB [ber_drl]  snr=+18.0dB [ber_drl]  snr=+20.0dB [ber_drl]Done (7.01s)
Batch 527/2000 (active points 11/11) [1h 02m 49s elapsed] ...   snr=+0.0dB [ber_drl]  snr=+2.0dB [ber_drl]  snr=+4.0dB [ber_drl]  snr=+6.0dB [ber_drl]  snr=+8.0dB [ber_drl]  snr=+10.0dB [ber_drl]  snr=+12.0dB [ber_drl]  snr=+14.0dB [ber_drl]  snr=+16.0dB [ber_drl]  snr=+18.0dB [ber_drl]  snr=+20.0dB [ber_drl]Done (7.05s)
Batch 528/2000 (active points 11/11) [1h 02m 56s elapsed] ...   snr=+0.0dB [ber_drl]  snr=+2.0dB [ber_drl]  snr=+4.0dB [ber_drl]  snr=+6.0dB [ber_drl]  snr=+8.0dB [ber_drl]  snr=+10.0dB [ber_drl]  snr=+12.0dB [ber_drl]  snr=+14.0dB [ber_drl]  snr=+16.0dB [ber_drl]  snr=+18.0dB [ber_drl]  snr=+20.0dB [ber_drl]Done (6.88s)
Batch 529/2000 (active points 11/11) [1h 03m 03s elapsed] ...   snr=+0.0dB [ber_drl]  snr=+2.0dB [ber_drl]  snr=+4.0dB [ber_drl]  snr=+6.0dB [ber_drl]  snr=+8.0dB [ber_drl]  snr=+10.0dB [ber_drl]  snr=+12.0dB [ber_drl]  snr=+14.0dB [ber_drl]  snr=+16.0dB [ber_drl]  snr=+18.0dB [ber_drl]  snr=+20.0dB [ber_drl]Done (6.91s)
Batch 530/2000 (active points 11/11) [1h 03m 10s elapsed] ...   snr=+0.0dB [ber_drl]  snr=+2.0dB [ber_drl]  snr=+4.0dB [ber_drl]  snr=+6.0dB [ber_drl]  snr=+8.0dB [ber_drl]  snr=+10.0dB [ber_drl]  snr=+12.0dB [ber_drl]  snr=+14.0dB [ber_drl]  snr=+16.0dB [ber_drl]  snr=+18.0dB [ber_drl]  snr=+20.0dB [ber_drl]Done (6.95s)
Batch 531/2000 (active points 11/11) [1h 03m 17s elapsed] ...   snr=+0.0dB [ber_drl]  snr=+2.0dB [ber_drl]  snr=+4.0dB [ber_drl]  snr=+6.0dB [ber_drl]  snr=+8.0dB [ber_drl]  snr=+10.0dB [ber_drl]  snr=+12.0dB [ber_drl]  snr=+14.0dB [ber_drl]  snr=+16.0dB [ber_drl]  snr=+18.0dB [ber_drl]  snr=+20.0dB [ber_drl]Done (6.94s)
Batch 532/2000 (active points 11/11) [1h 03m 24s elapsed] ...   snr=+0.0dB [ber_drl]  snr=+2.0dB [ber_drl]  snr=+4.0dB [ber_drl]  snr=+6.0dB [ber_drl]  snr=+8.0dB [ber_drl]  snr=+10.0dB [ber_drl]  snr=+12.0dB [ber_drl]  snr=+14.0dB [ber_drl]  snr=+16.0dB [ber_drl]  snr=+18.0dB [ber_drl]  snr=+20.0dB [ber_drl]Done (6.93s)
Batch 533/2000 (active points 11/11) [1h 03m 31s elapsed] ...   snr=+0.0dB [ber_drl]  snr=+2.0dB [ber_drl]  snr=+4.0dB [ber_drl]  snr=+6.0dB [ber_drl]  snr=+8.0dB [ber_drl]  snr=+10.0dB [ber_drl]  snr=+12.0dB [ber_drl]  snr=+14.0dB [ber_drl]  snr=+16.0dB [ber_drl]  snr=+18.0dB [ber_drl]  snr=+20.0dB [ber_drl]Done (6.93s)
Batch 534/2000 (active points 11/11) [1h 03m 38s elapsed] ...   snr=+0.0dB [ber_drl]  snr=+2.0dB [ber_drl]  snr=+4.0dB [ber_drl]  snr=+6.0dB [ber_drl]  snr=+8.0dB [ber_drl]  snr=+10.0dB [ber_drl]  snr=+12.0dB [ber_drl]  snr=+14.0dB [ber_drl]  snr=+16.0dB [ber_drl]  snr=+18.0dB [ber_drl]  snr=+20.0dB [ber_drl]Done (6.98s)
Batch 535/2000 (active points 11/11) [1h 03m 45s elapsed] ...   snr=+0.0dB [ber_drl]  snr=+2.0dB [ber_drl]  snr=+4.0dB [ber_drl]  snr=+6.0dB [ber_drl]  snr=+8.0dB [ber_drl]  snr=+10.0dB [ber_drl]  snr=+12.0dB [ber_drl]  snr=+14.0dB [ber_drl]  snr=+16.0dB [ber_drl]  snr=+18.0dB [ber_drl]  snr=+20.0dB [ber_drl]Done (6.98s)
Batch 536/2000 (active points 11/11) [1h 03m 52s elapsed] ...   snr=+0.0dB [ber_drl]  snr=+2.0dB [ber_drl]  snr=+4.0dB [ber_drl]  snr=+6.0dB [ber_drl]  snr=+8.0dB [ber_drl]  snr=+10.0dB [ber_drl]  snr=+12.0dB [ber_drl]  snr=+14.0dB [ber_drl]  snr=+16.0dB [ber_drl]  snr=+18.0dB [ber_drl]  snr=+20.0dB [ber_drl]Done (6.88s)
Batch 537/2000 (active points 11/11) [1h 03m 59s elapsed] ...   snr=+0.0dB [ber_drl]  snr=+2.0dB [ber_drl]  snr=+4.0dB [ber_drl]  snr=+6.0dB [ber_drl]  snr=+8.0dB [ber_drl]  snr=+10.0dB [ber_drl]  snr=+12.0dB [ber_drl]  snr=+14.0dB [ber_drl]  snr=+16.0dB [ber_drl]  snr=+18.0dB [ber_drl]  snr=+20.0dB [ber_drl]Done (6.93s)
Batch 538/2000 (active points 11/11) [1h 04m 05s elapsed] ...   snr=+0.0dB [ber_drl]  snr=+2.0dB [ber_drl]  snr=+4.0dB [ber_drl]  snr=+6.0dB [ber_drl]  snr=+8.0dB [ber_drl]  snr=+10.0dB [ber_drl]  snr=+12.0dB [ber_drl]  snr=+14.0dB [ber_drl]  snr=+16.0dB [ber_drl]  snr=+18.0dB [ber_drl]  snr=+20.0dB [ber_drl]Done (6.94s)
Batch 539/2000 (active points 11/11) [1h 04m 12s elapsed] ...   snr=+0.0dB [ber_drl]  snr=+2.0dB [ber_drl]  snr=+4.0dB [ber_drl]  snr=+6.0dB [ber_drl]  snr=+8.0dB [ber_drl]  snr=+10.0dB [ber_drl]  snr=+12.0dB [ber_drl]  snr=+14.0dB [ber_drl]  snr=+16.0dB [ber_drl]  snr=+18.0dB [ber_drl]  snr=+20.0dB [ber_drl]Done (6.97s)
Batch 540/2000 (active points 11/11) [1h 04m 19s elapsed] ...   snr=+0.0dB [ber_drl]  snr=+2.0dB [ber_drl]  snr=+4.0dB [ber_drl]  snr=+6.0dB [ber_drl]  snr=+8.0dB [ber_drl]  snr=+10.0dB [ber_drl]  snr=+12.0dB [ber_drl]  snr=+14.0dB [ber_drl]  snr=+16.0dB [ber_drl]  snr=+18.0dB [ber_drl]  snr=+20.0dB [ber_drl]Done (6.87s)
Batch 541/2000 (active points 11/11) [1h 04m 26s elapsed] ...   snr=+0.0dB [ber_drl]  snr=+2.0dB [ber_drl]  snr=+4.0dB [ber_drl]  snr=+6.0dB [ber_drl]  snr=+8.0dB [ber_drl]  snr=+10.0dB [ber_drl]  snr=+12.0dB [ber_drl]  snr=+14.0dB [ber_drl]  snr=+16.0dB [ber_drl]  snr=+18.0dB [ber_drl]  snr=+20.0dB [ber_drl]Done (6.99s)
Batch 542/2000 (active points 11/11) [1h 04m 33s elapsed] ...   snr=+0.0dB [ber_drl]  snr=+2.0dB [ber_drl]  snr=+4.0dB [ber_drl]  snr=+6.0dB [ber_drl]  snr=+8.0dB [ber_drl]  snr=+10.0dB [ber_drl]  snr=+12.0dB [ber_drl]  snr=+14.0dB [ber_drl]  snr=+16.0dB [ber_drl]  snr=+18.0dB [ber_drl]  snr=+20.0dB [ber_drl]Done (6.97s)
Batch 543/2000 (active points 11/11) [1h 04m 40s elapsed] ...   snr=+0.0dB [ber_drl]  snr=+2.0dB [ber_drl]  snr=+4.0dB [ber_drl]  snr=+6.0dB [ber_drl]  snr=+8.0dB [ber_drl]  snr=+10.0dB [ber_drl]  snr=+12.0dB [ber_drl]  snr=+14.0dB [ber_drl]  snr=+16.0dB [ber_drl]  snr=+18.0dB [ber_drl]  snr=+20.0dB [ber_drl]Done (6.94s)
Batch 544/2000 (active points 11/11) [1h 04m 47s elapsed] ...   snr=+0.0dB [ber_drl]  snr=+2.0dB [ber_drl]  snr=+4.0dB [ber_drl]  snr=+6.0dB [ber_drl]  snr=+8.0dB [ber_drl]  snr=+10.0dB [ber_drl]  snr=+12.0dB [ber_drl]  snr=+14.0dB [ber_drl]  snr=+16.0dB [ber_drl]  snr=+18.0dB [ber_drl]  snr=+20.0dB [ber_drl]Done (6.94s)
Batch 545/2000 (active points 11/11) [1h 04m 54s elapsed] ...   snr=+0.0dB [ber_drl]  snr=+2.0dB [ber_drl]  snr=+4.0dB [ber_drl]  snr=+6.0dB [ber_drl]  snr=+8.0dB [ber_drl]  snr=+10.0dB [ber_drl]  snr=+12.0dB [ber_drl]  snr=+14.0dB [ber_drl]  snr=+16.0dB [ber_drl]  snr=+18.0dB [ber_drl]  snr=+20.0dB [ber_drl]Done (6.99s)
Batch 546/2000 (active points 11/11) [1h 05m 01s elapsed] ...   snr=+0.0dB [ber_drl]  snr=+2.0dB [ber_drl]  snr=+4.0dB [ber_drl]  snr=+6.0dB [ber_drl]  snr=+8.0dB [ber_drl]  snr=+10.0dB [ber_drl]  snr=+12.0dB [ber_drl]  snr=+14.0dB [ber_drl]  snr=+16.0dB [ber_drl]  snr=+18.0dB [ber_drl]  snr=+20.0dB [ber_drl]Done (7.21s)
Batch 547/2000 (active points 11/11) [1h 05m 08s elapsed] ...   snr=+0.0dB [ber_drl]  snr=+2.0dB [ber_drl]  snr=+4.0dB [ber_drl]  snr=+6.0dB [ber_drl]  snr=+8.0dB [ber_drl]  snr=+10.0dB [ber_drl]  snr=+12.0dB [ber_drl]  snr=+14.0dB [ber_drl]  snr=+16.0dB [ber_drl]  snr=+18.0dB [ber_drl]  snr=+20.0dB [ber_drl]Done (6.95s)
Batch 548/2000 (active points 11/11) [1h 05m 15s elapsed] ...   snr=+0.0dB [ber_drl]  snr=+2.0dB [ber_drl]  snr=+4.0dB [ber_drl]  snr=+6.0dB [ber_drl]  snr=+8.0dB [ber_drl]  snr=+10.0dB [ber_drl]  snr=+12.0dB [ber_drl]  snr=+14.0dB [ber_drl]  snr=+16.0dB [ber_drl]  snr=+18.0dB [ber_drl]  snr=+20.0dB [ber_drl]Done (6.92s)
Batch 549/2000 (active points 11/11) [1h 05m 22s elapsed] ...   snr=+0.0dB [ber_drl]  snr=+2.0dB [ber_drl]  snr=+4.0dB [ber_drl]  snr=+6.0dB [ber_drl]  snr=+8.0dB [ber_drl]  snr=+10.0dB [ber_drl]  snr=+12.0dB [ber_drl]  snr=+14.0dB [ber_drl]  snr=+16.0dB [ber_drl]  snr=+18.0dB [ber_drl]  snr=+20.0dB [ber_drl]Done (7.00s)
Batch 550/2000 (active points 11/11) [1h 05m 29s elapsed] ...   snr=+0.0dB [ber_drl]  snr=+2.0dB [ber_drl]  snr=+4.0dB [ber_drl]  snr=+6.0dB [ber_drl]  snr=+8.0dB [ber_drl]  snr=+10.0dB [ber_drl]  snr=+12.0dB [ber_drl]  snr=+14.0dB [ber_drl]  snr=+16.0dB [ber_drl]  snr=+18.0dB [ber_drl]  snr=+20.0dB [ber_drl]Done (6.96s)
Batch 551/2000 (active points 11/11) [1h 05m 36s elapsed] ...   snr=+0.0dB [ber_drl]  snr=+2.0dB [ber_drl]  snr=+4.0dB [ber_drl]  snr=+6.0dB [ber_drl]  snr=+8.0dB [ber_drl]  snr=+10.0dB [ber_drl]  snr=+12.0dB [ber_drl]  snr=+14.0dB [ber_drl]  snr=+16.0dB [ber_drl]  snr=+18.0dB [ber_drl]  snr=+20.0dB [ber_drl]Done (7.26s)
Batch 552/2000 (active points 11/11) [1h 05m 43s elapsed] ...   snr=+0.0dB [ber_drl]  snr=+2.0dB [ber_drl]  snr=+4.0dB [ber_drl]  snr=+6.0dB [ber_drl]  snr=+8.0dB [ber_drl]  snr=+10.0dB [ber_drl]  snr=+12.0dB [ber_drl]  snr=+14.0dB [ber_drl]  snr=+16.0dB [ber_drl]  snr=+18.0dB [ber_drl]  snr=+20.0dB [ber_drl]Done (6.95s)
Batch 553/2000 (active points 11/11) [1h 05m 50s elapsed] ...   snr=+0.0dB [ber_drl]  snr=+2.0dB [ber_drl]  snr=+4.0dB [ber_drl]  snr=+6.0dB [ber_drl]  snr=+8.0dB [ber_drl]  snr=+10.0dB [ber_drl]  snr=+12.0dB [ber_drl]  snr=+14.0dB [ber_drl]  snr=+16.0dB [ber_drl]  snr=+18.0dB [ber_drl]  snr=+20.0dB [ber_drl]Done (7.00s)
Batch 554/2000 (active points 11/11) [1h 05m 57s elapsed] ...   snr=+0.0dB [ber_drl]  snr=+2.0dB [ber_drl]  snr=+4.0dB [ber_drl]  snr=+6.0dB [ber_drl]  snr=+8.0dB [ber_drl]  snr=+10.0dB [ber_drl]  snr=+12.0dB [ber_drl]  snr=+14.0dB [ber_drl]  snr=+16.0dB [ber_drl]  snr=+18.0dB [ber_drl]  snr=+20.0dB [ber_drl]Done (6.97s)
Batch 555/2000 (active points 11/11) [1h 06m 04s elapsed] ...   snr=+0.0dB [ber_drl]  snr=+2.0dB [ber_drl]  snr=+4.0dB [ber_drl]  snr=+6.0dB [ber_drl]  snr=+8.0dB [ber_drl]  snr=+10.0dB [ber_drl]  snr=+12.0dB [ber_drl]  snr=+14.0dB [ber_drl]  snr=+16.0dB [ber_drl]  snr=+18.0dB [ber_drl]  snr=+20.0dB [ber_drl]Done (6.94s)
Batch 556/2000 (active points 11/11) [1h 06m 11s elapsed] ...   snr=+0.0dB [ber_drl]  snr=+2.0dB [ber_drl]  snr=+4.0dB [ber_drl]  snr=+6.0dB [ber_drl]  snr=+8.0dB [ber_drl]  snr=+10.0dB [ber_drl]  snr=+12.0dB [ber_drl]  snr=+14.0dB [ber_drl]  snr=+16.0dB [ber_drl]  snr=+18.0dB [ber_drl]  snr=+20.0dB [ber_drl]Done (6.92s)
Batch 557/2000 (active points 11/11) [1h 06m 18s elapsed] ...   snr=+0.0dB [ber_drl]  snr=+2.0dB [ber_drl]  snr=+4.0dB [ber_drl]  snr=+6.0dB [ber_drl]  snr=+8.0dB [ber_drl]  snr=+10.0dB [ber_drl]  snr=+12.0dB [ber_drl]  snr=+14.0dB [ber_drl]  snr=+16.0dB [ber_drl]  snr=+18.0dB [ber_drl]  snr=+20.0dB [ber_drl]Done (6.94s)
Batch 558/2000 (active points 11/11) [1h 06m 25s elapsed] ...   snr=+0.0dB [ber_drl]  snr=+2.0dB [ber_drl]  snr=+4.0dB [ber_drl]  snr=+6.0dB [ber_drl]  snr=+8.0dB [ber_drl]  snr=+10.0dB [ber_drl]  snr=+12.0dB [ber_drl]  snr=+14.0dB [ber_drl]  snr=+16.0dB [ber_drl]  snr=+18.0dB [ber_drl]  snr=+20.0dB [ber_drl]Done (7.02s)
Batch 559/2000 (active points 11/11) [1h 06m 32s elapsed] ...   snr=+0.0dB [ber_drl]  snr=+2.0dB [ber_drl]  snr=+4.0dB [ber_drl]  snr=+6.0dB [ber_drl]  snr=+8.0dB [ber_drl]  snr=+10.0dB [ber_drl]  snr=+12.0dB [ber_drl]  snr=+14.0dB [ber_drl]  snr=+16.0dB [ber_drl]  snr=+18.0dB [ber_drl]  snr=+20.0dB [ber_drl]Done (6.91s)
Batch 560/2000 (active points 11/11) [1h 06m 39s elapsed] ...   snr=+0.0dB [ber_drl]  snr=+2.0dB [ber_drl]  snr=+4.0dB [ber_drl]  snr=+6.0dB [ber_drl]  snr=+8.0dB [ber_drl]  snr=+10.0dB [ber_drl]  snr=+12.0dB [ber_drl]  snr=+14.0dB [ber_drl]  snr=+16.0dB [ber_drl]  snr=+18.0dB [ber_drl]  snr=+20.0dB [ber_drl]Done (6.88s)
Batch 561/2000 (active points 11/11) [1h 06m 46s elapsed] ...   snr=+0.0dB [ber_drl]  snr=+2.0dB [ber_drl]  snr=+4.0dB [ber_drl]  snr=+6.0dB [ber_drl]  snr=+8.0dB [ber_drl]  snr=+10.0dB [ber_drl]  snr=+12.0dB [ber_drl]  snr=+14.0dB [ber_drl]  snr=+16.0dB [ber_drl]  snr=+18.0dB [ber_drl]  snr=+20.0dB [ber_drl]Done (7.13s)
Batch 562/2000 (active points 11/11) [1h 06m 53s elapsed] ...   snr=+0.0dB [ber_drl]  snr=+2.0dB [ber_drl]  snr=+4.0dB [ber_drl]  snr=+6.0dB [ber_drl]  snr=+8.0dB [ber_drl]  snr=+10.0dB [ber_drl]  snr=+12.0dB [ber_drl]  snr=+14.0dB [ber_drl]  snr=+16.0dB [ber_drl]  snr=+18.0dB [ber_drl]  snr=+20.0dB [ber_drl]Done (6.98s)
Batch 563/2000 (active points 11/11) [1h 07m 00s elapsed] ...   snr=+0.0dB [ber_drl]  snr=+2.0dB [ber_drl]  snr=+4.0dB [ber_drl]  snr=+6.0dB [ber_drl]  snr=+8.0dB [ber_drl]  snr=+10.0dB [ber_drl]  snr=+12.0dB [ber_drl]  snr=+14.0dB [ber_drl]  snr=+16.0dB [ber_drl]  snr=+18.0dB [ber_drl]  snr=+20.0dB [ber_drl]Done (7.17s)
Batch 564/2000 (active points 11/11) [1h 07m 07s elapsed] ...   snr=+0.0dB [ber_drl]  snr=+2.0dB [ber_drl]  snr=+4.0dB [ber_drl]  snr=+6.0dB [ber_drl]  snr=+8.0dB [ber_drl]  snr=+10.0dB [ber_drl]  snr=+12.0dB [ber_drl]  snr=+14.0dB [ber_drl]  snr=+16.0dB [ber_drl]  snr=+18.0dB [ber_drl]  snr=+20.0dB [ber_drl]Done (7.93s)
Batch 565/2000 (active points 11/11) [1h 07m 15s elapsed] ...   snr=+0.0dB [ber_drl]  snr=+2.0dB [ber_drl]  snr=+4.0dB [ber_drl]  snr=+6.0dB [ber_drl]  snr=+8.0dB [ber_drl]  snr=+10.0dB [ber_drl]  snr=+12.0dB [ber_drl]  snr=+14.0dB [ber_drl]  snr=+16.0dB [ber_drl]  snr=+18.0dB [ber_drl]  snr=+20.0dB [ber_drl]Done (7.24s)
Batch 566/2000 (active points 11/11) [1h 07m 22s elapsed] ...   snr=+0.0dB [ber_drl]  snr=+2.0dB [ber_drl]  snr=+4.0dB [ber_drl]  snr=+6.0dB [ber_drl]  snr=+8.0dB [ber_drl]  snr=+10.0dB [ber_drl]  snr=+12.0dB [ber_drl]  snr=+14.0dB [ber_drl]  snr=+16.0dB [ber_drl]  snr=+18.0dB [ber_drl]  snr=+20.0dB [ber_drl]Done (7.08s)
Batch 567/2000 (active points 11/11) [1h 07m 29s elapsed] ...   snr=+0.0dB [ber_drl]  snr=+2.0dB [ber_drl]  snr=+4.0dB [ber_drl]  snr=+6.0dB [ber_drl]  snr=+8.0dB [ber_drl]  snr=+10.0dB [ber_drl]  snr=+12.0dB [ber_drl]  snr=+14.0dB [ber_drl]  snr=+16.0dB [ber_drl]  snr=+18.0dB [ber_drl]  snr=+20.0dB [ber_drl]Done (6.99s)
Batch 568/2000 (active points 11/11) [1h 07m 36s elapsed] ...   snr=+0.0dB [ber_drl]  snr=+2.0dB [ber_drl]  snr=+4.0dB [ber_drl]  snr=+6.0dB [ber_drl]  snr=+8.0dB [ber_drl]  snr=+10.0dB [ber_drl]  snr=+12.0dB [ber_drl]  snr=+14.0dB [ber_drl]  snr=+16.0dB [ber_drl]  snr=+18.0dB [ber_drl]  snr=+20.0dB [ber_drl]Done (7.08s)
Batch 569/2000 (active points 11/11) [1h 07m 44s elapsed] ...   snr=+0.0dB [ber_drl]  snr=+2.0dB [ber_drl]  snr=+4.0dB [ber_drl]  snr=+6.0dB [ber_drl]  snr=+8.0dB [ber_drl]  snr=+10.0dB [ber_drl]  snr=+12.0dB [ber_drl]  snr=+14.0dB [ber_drl]  snr=+16.0dB [ber_drl]  snr=+18.0dB [ber_drl]  snr=+20.0dB [ber_drl]Done (6.92s)
Batch 570/2000 (active points 11/11) [1h 07m 50s elapsed] ...   snr=+0.0dB [ber_drl]  snr=+2.0dB [ber_drl]  snr=+4.0dB [ber_drl]  snr=+6.0dB [ber_drl]  snr=+8.0dB [ber_drl]  snr=+10.0dB [ber_drl]  snr=+12.0dB [ber_drl]  snr=+14.0dB [ber_drl]  snr=+16.0dB [ber_drl]  snr=+18.0dB [ber_drl]  snr=+20.0dB [ber_drl]Done (7.03s)
Batch 571/2000 (active points 11/11) [1h 07m 57s elapsed] ...   snr=+0.0dB [ber_drl]  snr=+2.0dB [ber_drl]  snr=+4.0dB [ber_drl]  snr=+6.0dB [ber_drl]  snr=+8.0dB [ber_drl]  snr=+10.0dB [ber_drl]  snr=+12.0dB [ber_drl]  snr=+14.0dB [ber_drl]  snr=+16.0dB [ber_drl]  snr=+18.0dB [ber_drl]  snr=+20.0dB [ber_drl]Done (7.05s)
Batch 572/2000 (active points 11/11) [1h 08m 05s elapsed] ...   snr=+0.0dB [ber_drl]  snr=+2.0dB [ber_drl]  snr=+4.0dB [ber_drl]  snr=+6.0dB [ber_drl]  snr=+8.0dB [ber_drl]  snr=+10.0dB [ber_drl]  snr=+12.0dB [ber_drl]  snr=+14.0dB [ber_drl]  snr=+16.0dB [ber_drl]  snr=+18.0dB [ber_drl]  snr=+20.0dB [ber_drl]Done (7.01s)
Batch 573/2000 (active points 11/11) [1h 08m 12s elapsed] ...   snr=+0.0dB [ber_drl]  snr=+2.0dB [ber_drl]  snr=+4.0dB [ber_drl]  snr=+6.0dB [ber_drl]  snr=+8.0dB [ber_drl]  snr=+10.0dB [ber_drl]  snr=+12.0dB [ber_drl]  snr=+14.0dB [ber_drl]  snr=+16.0dB [ber_drl]  snr=+18.0dB [ber_drl]  snr=+20.0dB [ber_drl]Done (7.59s)
Batch 574/2000 (active points 11/11) [1h 08m 19s elapsed] ...   snr=+0.0dB [ber_drl]  snr=+2.0dB [ber_drl]  snr=+4.0dB [ber_drl]  snr=+6.0dB [ber_drl]  snr=+8.0dB [ber_drl]  snr=+10.0dB [ber_drl]  snr=+12.0dB [ber_drl]  snr=+14.0dB [ber_drl]  snr=+16.0dB [ber_drl]  snr=+18.0dB [ber_drl]  snr=+20.0dB [ber_drl]Done (6.74s)
Batch 575/2000 (active points 11/11) [1h 08m 26s elapsed] ...   snr=+0.0dB [ber_drl]  snr=+2.0dB [ber_drl]  snr=+4.0dB [ber_drl]  snr=+6.0dB [ber_drl]  snr=+8.0dB [ber_drl]  snr=+10.0dB [ber_drl]  snr=+12.0dB [ber_drl]  snr=+14.0dB [ber_drl]  snr=+16.0dB [ber_drl]  snr=+18.0dB [ber_drl]  snr=+20.0dB [ber_drl]Done (6.39s)
Batch 576/2000 (active points 11/11) [1h 08m 32s elapsed] ...   snr=+0.0dB [ber_drl]  snr=+2.0dB [ber_drl]  snr=+4.0dB [ber_drl]  snr=+6.0dB [ber_drl]  snr=+8.0dB [ber_drl]  snr=+10.0dB [ber_drl]  snr=+12.0dB [ber_drl]  snr=+14.0dB [ber_drl]  snr=+16.0dB [ber_drl]  snr=+18.0dB [ber_drl]  snr=+20.0dB [ber_drl]Done (6.35s)
Batch 577/2000 (active points 11/11) [1h 08m 39s elapsed] ...   snr=+0.0dB [ber_drl]  snr=+2.0dB [ber_drl]  snr=+4.0dB [ber_drl]  snr=+6.0dB [ber_drl]  snr=+8.0dB [ber_drl]  snr=+10.0dB [ber_drl]  snr=+12.0dB [ber_drl]  snr=+14.0dB [ber_drl]  snr=+16.0dB [ber_drl]  snr=+18.0dB [ber_drl]  snr=+20.0dB [ber_drl]Done (6.37s)
Batch 578/2000 (active points 11/11) [1h 08m 45s elapsed] ...   snr=+0.0dB [ber_drl]  snr=+2.0dB [ber_drl]  snr=+4.0dB [ber_drl]  snr=+6.0dB [ber_drl]  snr=+8.0dB [ber_drl]  snr=+10.0dB [ber_drl]  snr=+12.0dB [ber_drl]  snr=+14.0dB [ber_drl]  snr=+16.0dB [ber_drl]  snr=+18.0dB [ber_drl]  snr=+20.0dB [ber_drl]Done (6.37s)
Batch 579/2000 (active points 11/11) [1h 08m 51s elapsed] ...   snr=+0.0dB [ber_drl]  snr=+2.0dB [ber_drl]  snr=+4.0dB [ber_drl]  snr=+6.0dB [ber_drl]  snr=+8.0dB [ber_drl]  snr=+10.0dB [ber_drl]  snr=+12.0dB [ber_drl]  snr=+14.0dB [ber_drl]  snr=+16.0dB [ber_drl]  snr=+18.0dB [ber_drl]  snr=+20.0dB [ber_drl]Done (6.35s)
Batch 580/2000 (active points 11/11) [1h 08m 58s elapsed] ...   snr=+0.0dB [ber_drl]  snr=+2.0dB [ber_drl]  snr=+4.0dB [ber_drl]  snr=+6.0dB [ber_drl]  snr=+8.0dB [ber_drl]  snr=+10.0dB [ber_drl]  snr=+12.0dB [ber_drl]  snr=+14.0dB [ber_drl]  snr=+16.0dB [ber_drl]  snr=+18.0dB [ber_drl]  snr=+20.0dB [ber_drl]Done (6.34s)
Batch 581/2000 (active points 11/11) [1h 09m 04s elapsed] ...   snr=+0.0dB [ber_drl]  snr=+2.0dB [ber_drl]  snr=+4.0dB [ber_drl]  snr=+6.0dB [ber_drl]  snr=+8.0dB [ber_drl]  snr=+10.0dB [ber_drl]  snr=+12.0dB [ber_drl]  snr=+14.0dB [ber_drl]  snr=+16.0dB [ber_drl]  snr=+18.0dB [ber_drl]  snr=+20.0dB [ber_drl]Done (6.38s)
Batch 582/2000 (active points 11/11) [1h 09m 10s elapsed] ...   snr=+0.0dB [ber_drl]  snr=+2.0dB [ber_drl]  snr=+4.0dB [ber_drl]  snr=+6.0dB [ber_drl]  snr=+8.0dB [ber_drl]  snr=+10.0dB [ber_drl]  snr=+12.0dB [ber_drl]  snr=+14.0dB [ber_drl]  snr=+16.0dB [ber_drl]  snr=+18.0dB [ber_drl]  snr=+20.0dB [ber_drl]Done (6.46s)
Batch 583/2000 (active points 11/11) [1h 09m 17s elapsed] ...   snr=+0.0dB [ber_drl]  snr=+2.0dB [ber_drl]  snr=+4.0dB [ber_drl]  snr=+6.0dB [ber_drl]  snr=+8.0dB [ber_drl]  snr=+10.0dB [ber_drl]  snr=+12.0dB [ber_drl]  snr=+14.0dB [ber_drl]  snr=+16.0dB [ber_drl]  snr=+18.0dB [ber_drl]  snr=+20.0dB [ber_drl]Done (7.13s)
Batch 584/2000 (active points 11/11) [1h 09m 24s elapsed] ...   snr=+0.0dB [ber_drl]  snr=+2.0dB [ber_drl]  snr=+4.0dB [ber_drl]  snr=+6.0dB [ber_drl]  snr=+8.0dB [ber_drl]  snr=+10.0dB [ber_drl]  snr=+12.0dB [ber_drl]  snr=+14.0dB [ber_drl]  snr=+16.0dB [ber_drl]  snr=+18.0dB [ber_drl]  snr=+20.0dB [ber_drl]Done (6.69s)
Batch 585/2000 (active points 11/11) [1h 09m 31s elapsed] ...   snr=+0.0dB [ber_drl]  snr=+2.0dB [ber_drl]  snr=+4.0dB [ber_drl]  snr=+6.0dB [ber_drl]  snr=+8.0dB [ber_drl]  snr=+10.0dB [ber_drl]  snr=+12.0dB [ber_drl]  snr=+14.0dB [ber_drl]  snr=+16.0dB [ber_drl]  snr=+18.0dB [ber_drl]  snr=+20.0dB [ber_drl]Done (6.95s)
Batch 586/2000 (active points 11/11) [1h 09m 38s elapsed] ...   snr=+0.0dB [ber_drl]  snr=+2.0dB [ber_drl]  snr=+4.0dB [ber_drl]  snr=+6.0dB [ber_drl]  snr=+8.0dB [ber_drl]  snr=+10.0dB [ber_drl]  snr=+12.0dB [ber_drl]  snr=+14.0dB [ber_drl]  snr=+16.0dB [ber_drl]  snr=+18.0dB [ber_drl]  snr=+20.0dB [ber_drl]Done (6.72s)
Batch 587/2000 (active points 11/11) [1h 09m 44s elapsed] ...   snr=+0.0dB [ber_drl]  snr=+2.0dB [ber_drl]  snr=+4.0dB [ber_drl]  snr=+6.0dB [ber_drl]  snr=+8.0dB [ber_drl]  snr=+10.0dB [ber_drl]  snr=+12.0dB [ber_drl]  snr=+14.0dB [ber_drl]  snr=+16.0dB [ber_drl]  snr=+18.0dB [ber_drl]  snr=+20.0dB [ber_drl]Done (6.77s)
Batch 588/2000 (active points 11/11) [1h 09m 51s elapsed] ...   snr=+0.0dB [ber_drl]  snr=+2.0dB [ber_drl]  snr=+4.0dB [ber_drl]  snr=+6.0dB [ber_drl]  snr=+8.0dB [ber_drl]  snr=+10.0dB [ber_drl]  snr=+12.0dB [ber_drl]  snr=+14.0dB [ber_drl]  snr=+16.0dB [ber_drl]  snr=+18.0dB [ber_drl]  snr=+20.0dB [ber_drl]Done (6.97s)
Batch 589/2000 (active points 11/11) [1h 09m 58s elapsed] ...   snr=+0.0dB [ber_drl]  snr=+2.0dB [ber_drl]  snr=+4.0dB [ber_drl]  snr=+6.0dB [ber_drl]  snr=+8.0dB [ber_drl]  snr=+10.0dB [ber_drl]  snr=+12.0dB [ber_drl]  snr=+14.0dB [ber_drl]  snr=+16.0dB [ber_drl]  snr=+18.0dB [ber_drl]  snr=+20.0dB [ber_drl]Done (6.69s)
Batch 590/2000 (active points 11/11) [1h 10m 05s elapsed] ...   snr=+0.0dB [ber_drl]  snr=+2.0dB [ber_drl]  snr=+4.0dB [ber_drl]  snr=+6.0dB [ber_drl]  snr=+8.0dB [ber_drl]  snr=+10.0dB [ber_drl]  snr=+12.0dB [ber_drl]  snr=+14.0dB [ber_drl]  snr=+16.0dB [ber_drl]  snr=+18.0dB [ber_drl]  snr=+20.0dB [ber_drl]Done (6.94s)
Batch 591/2000 (active points 11/11) [1h 10m 12s elapsed] ...   snr=+0.0dB [ber_drl]  snr=+2.0dB [ber_drl]  snr=+4.0dB [ber_drl]  snr=+6.0dB [ber_drl]  snr=+8.0dB [ber_drl]  snr=+10.0dB [ber_drl]  snr=+12.0dB [ber_drl]  snr=+14.0dB [ber_drl]  snr=+16.0dB [ber_drl]  snr=+18.0dB [ber_drl]  snr=+20.0dB [ber_drl]Done (6.82s)
Batch 592/2000 (active points 11/11) [1h 10m 19s elapsed] ...   snr=+0.0dB [ber_drl]  snr=+2.0dB [ber_drl]  snr=+4.0dB [ber_drl]  snr=+6.0dB [ber_drl]  snr=+8.0dB [ber_drl]  snr=+10.0dB [ber_drl]  snr=+12.0dB [ber_drl]  snr=+14.0dB [ber_drl]  snr=+16.0dB [ber_drl]  snr=+18.0dB [ber_drl]  snr=+20.0dB [ber_drl]Done (6.65s)
Batch 593/2000 (active points 11/11) [1h 10m 25s elapsed] ...   snr=+0.0dB [ber_drl]  snr=+2.0dB [ber_drl]  snr=+4.0dB [ber_drl]  snr=+6.0dB [ber_drl]  snr=+8.0dB [ber_drl]  snr=+10.0dB [ber_drl]  snr=+12.0dB [ber_drl]  snr=+14.0dB [ber_drl]  snr=+16.0dB [ber_drl]  snr=+18.0dB [ber_drl]  snr=+20.0dB [ber_drl]Done (6.78s)
Batch 594/2000 (active points 11/11) [1h 10m 32s elapsed] ...   snr=+0.0dB [ber_drl]  snr=+2.0dB [ber_drl]  snr=+4.0dB [ber_drl]  snr=+6.0dB [ber_drl]  snr=+8.0dB [ber_drl]  snr=+10.0dB [ber_drl]  snr=+12.0dB [ber_drl]  snr=+14.0dB [ber_drl]  snr=+16.0dB [ber_drl]  snr=+18.0dB [ber_drl]  snr=+20.0dB [ber_drl]Done (7.05s)
Batch 595/2000 (active points 11/11) [1h 10m 39s elapsed] ...   snr=+0.0dB [ber_drl]  snr=+2.0dB [ber_drl]  snr=+4.0dB [ber_drl]  snr=+6.0dB [ber_drl]  snr=+8.0dB [ber_drl]  snr=+10.0dB [ber_drl]  snr=+12.0dB [ber_drl]  snr=+14.0dB [ber_drl]  snr=+16.0dB [ber_drl]  snr=+18.0dB [ber_drl]  snr=+20.0dB [ber_drl]Done (6.81s)
Batch 596/2000 (active points 11/11) [1h 10m 46s elapsed] ...   snr=+0.0dB [ber_drl]  snr=+2.0dB [ber_drl]  snr=+4.0dB [ber_drl]  snr=+6.0dB [ber_drl]  snr=+8.0dB [ber_drl]  snr=+10.0dB [ber_drl]  snr=+12.0dB [ber_drl]  snr=+14.0dB [ber_drl]  snr=+16.0dB [ber_drl]  snr=+18.0dB [ber_drl]  snr=+20.0dB [ber_drl]Done (6.61s)
Batch 597/2000 (active points 11/11) [1h 10m 52s elapsed] ...   snr=+0.0dB [ber_drl]  snr=+2.0dB [ber_drl]  snr=+4.0dB [ber_drl]  snr=+6.0dB [ber_drl]  snr=+8.0dB [ber_drl]  snr=+10.0dB [ber_drl]  snr=+12.0dB [ber_drl]  snr=+14.0dB [ber_drl]  snr=+16.0dB [ber_drl]  snr=+18.0dB [ber_drl]  snr=+20.0dB [ber_drl]Done (6.86s)
Batch 598/2000 (active points 11/11) [1h 10m 59s elapsed] ...   snr=+0.0dB [ber_drl]  snr=+2.0dB [ber_drl]  snr=+4.0dB [ber_drl]  snr=+6.0dB [ber_drl]  snr=+8.0dB [ber_drl]  snr=+10.0dB [ber_drl]  snr=+12.0dB [ber_drl]  snr=+14.0dB [ber_drl]  snr=+16.0dB [ber_drl]  snr=+18.0dB [ber_drl]  snr=+20.0dB [ber_drl]Done (6.95s)
Batch 599/2000 (active points 11/11) [1h 11m 06s elapsed] ...   snr=+0.0dB [ber_drl]  snr=+2.0dB [ber_drl]  snr=+4.0dB [ber_drl]  snr=+6.0dB [ber_drl]  snr=+8.0dB [ber_drl]  snr=+10.0dB [ber_drl]  snr=+12.0dB [ber_drl]  snr=+14.0dB [ber_drl]  snr=+16.0dB [ber_drl]  snr=+18.0dB [ber_drl]  snr=+20.0dB [ber_drl]Done (6.67s)
Batch 600/2000 (active points 11/11) [1h 11m 13s elapsed] ...   snr=+0.0dB [ber_drl]  snr=+2.0dB [ber_drl]  snr=+4.0dB [ber_drl]  snr=+6.0dB [ber_drl]  snr=+8.0dB [ber_drl]  snr=+10.0dB [ber_drl]  snr=+12.0dB [ber_drl]  snr=+14.0dB [ber_drl]  snr=+16.0dB [ber_drl]  snr=+18.0dB [ber_drl]  snr=+20.0dB [ber_drl]Done (6.65s)
Batch 601/2000 (active points 11/11) [1h 11m 20s elapsed] ...   snr=+0.0dB [ber_drl]  snr=+2.0dB [ber_drl]  snr=+4.0dB [ber_drl]  snr=+6.0dB [ber_drl]  snr=+8.0dB [ber_drl]  snr=+10.0dB [ber_drl]  snr=+12.0dB [ber_drl]  snr=+14.0dB [ber_drl]  snr=+16.0dB [ber_drl]  snr=+18.0dB [ber_drl]  snr=+20.0dB [ber_drl]Done (6.64s)
Batch 602/2000 (active points 11/11) [1h 11m 26s elapsed] ...   snr=+0.0dB [ber_drl]  snr=+2.0dB [ber_drl]  snr=+4.0dB [ber_drl]  snr=+6.0dB [ber_drl]  snr=+8.0dB [ber_drl]  snr=+10.0dB [ber_drl]  snr=+12.0dB [ber_drl]  snr=+14.0dB [ber_drl]  snr=+16.0dB [ber_drl]  snr=+18.0dB [ber_drl]  snr=+20.0dB [ber_drl]Done (6.58s)
Batch 603/2000 (active points 11/11) [1h 11m 33s elapsed] ...   snr=+0.0dB [ber_drl]  snr=+2.0dB [ber_drl]  snr=+4.0dB [ber_drl]  snr=+6.0dB [ber_drl]  snr=+8.0dB [ber_drl]  snr=+10.0dB [ber_drl]  snr=+12.0dB [ber_drl]  snr=+14.0dB [ber_drl]  snr=+16.0dB [ber_drl]  snr=+18.0dB [ber_drl]  snr=+20.0dB [ber_drl]Done (6.51s)
Batch 604/2000 (active points 11/11) [1h 11m 39s elapsed] ...   snr=+0.0dB [ber_drl]  snr=+2.0dB [ber_drl]  snr=+4.0dB [ber_drl]  snr=+6.0dB [ber_drl]  snr=+8.0dB [ber_drl]  snr=+10.0dB [ber_drl]  snr=+12.0dB [ber_drl]  snr=+14.0dB [ber_drl]  snr=+16.0dB [ber_drl]  snr=+18.0dB [ber_drl]  snr=+20.0dB [ber_drl]Done (6.47s)
Batch 605/2000 (active points 11/11) [1h 11m 46s elapsed] ...   snr=+0.0dB [ber_drl]  snr=+2.0dB [ber_drl]  snr=+4.0dB [ber_drl]  snr=+6.0dB [ber_drl]  snr=+8.0dB [ber_drl]  snr=+10.0dB [ber_drl]  snr=+12.0dB [ber_drl]  snr=+14.0dB [ber_drl]  snr=+16.0dB [ber_drl]  snr=+18.0dB [ber_drl]  snr=+20.0dB [ber_drl]Done (6.47s)
Batch 606/2000 (active points 11/11) [1h 11m 52s elapsed] ...   snr=+0.0dB [ber_drl]  snr=+2.0dB [ber_drl]  snr=+4.0dB [ber_drl]  snr=+6.0dB [ber_drl]  snr=+8.0dB [ber_drl]  snr=+10.0dB [ber_drl]  snr=+12.0dB [ber_drl]  snr=+14.0dB [ber_drl]  snr=+16.0dB [ber_drl]  snr=+18.0dB [ber_drl]  snr=+20.0dB [ber_drl]Done (6.51s)
Batch 607/2000 (active points 11/11) [1h 11m 59s elapsed] ...   snr=+0.0dB [ber_drl]  snr=+2.0dB [ber_drl]  snr=+4.0dB [ber_drl]  snr=+6.0dB [ber_drl]  snr=+8.0dB [ber_drl]  snr=+10.0dB [ber_drl]  snr=+12.0dB [ber_drl]  snr=+14.0dB [ber_drl]  snr=+16.0dB [ber_drl]  snr=+18.0dB [ber_drl]  snr=+20.0dB [ber_drl]Done (6.58s)
Batch 608/2000 (active points 11/11) [1h 12m 05s elapsed] ...   snr=+0.0dB [ber_drl]  snr=+2.0dB [ber_drl]  snr=+4.0dB [ber_drl]  snr=+6.0dB [ber_drl]  snr=+8.0dB [ber_drl]  snr=+10.0dB [ber_drl]  snr=+12.0dB [ber_drl]  snr=+14.0dB [ber_drl]  snr=+16.0dB [ber_drl]  snr=+18.0dB [ber_drl]  snr=+20.0dB [ber_drl]Done (6.49s)
Batch 609/2000 (active points 11/11) [1h 12m 12s elapsed] ...   snr=+0.0dB [ber_drl]  snr=+2.0dB [ber_drl]  snr=+4.0dB [ber_drl]  snr=+6.0dB [ber_drl]  snr=+8.0dB [ber_drl]  snr=+10.0dB [ber_drl]  snr=+12.0dB [ber_drl]  snr=+14.0dB [ber_drl]  snr=+16.0dB [ber_drl]  snr=+18.0dB [ber_drl]  snr=+20.0dB [ber_drl]Done (6.73s)
Batch 610/2000 (active points 11/11) [1h 12m 19s elapsed] ...   snr=+0.0dB [ber_drl]  snr=+2.0dB [ber_drl]  snr=+4.0dB [ber_drl]  snr=+6.0dB [ber_drl]  snr=+8.0dB [ber_drl]  snr=+10.0dB [ber_drl]  snr=+12.0dB [ber_drl]  snr=+14.0dB [ber_drl]  snr=+16.0dB [ber_drl]  snr=+18.0dB [ber_drl]  snr=+20.0dB [ber_drl]Done (6.62s)
Batch 611/2000 (active points 11/11) [1h 12m 25s elapsed] ...   snr=+0.0dB [ber_drl]  snr=+2.0dB [ber_drl]  snr=+4.0dB [ber_drl]  snr=+6.0dB [ber_drl]  snr=+8.0dB [ber_drl]  snr=+10.0dB [ber_drl]  snr=+12.0dB [ber_drl]  snr=+14.0dB [ber_drl]  snr=+16.0dB [ber_drl]  snr=+18.0dB [ber_drl]  snr=+20.0dB [ber_drl]Done (6.64s)
Batch 612/2000 (active points 11/11) [1h 12m 32s elapsed] ...   snr=+0.0dB [ber_drl]  snr=+2.0dB [ber_drl]  snr=+4.0dB [ber_drl]  snr=+6.0dB [ber_drl]  snr=+8.0dB [ber_drl]  snr=+10.0dB [ber_drl]  snr=+12.0dB [ber_drl]  snr=+14.0dB [ber_drl]  snr=+16.0dB [ber_drl]  snr=+18.0dB [ber_drl]  snr=+20.0dB [ber_drl]Done (6.60s)
Batch 613/2000 (active points 11/11) [1h 12m 38s elapsed] ...   snr=+0.0dB [ber_drl]  snr=+2.0dB [ber_drl]  snr=+4.0dB [ber_drl]  snr=+6.0dB [ber_drl]  snr=+8.0dB [ber_drl]  snr=+10.0dB [ber_drl]  snr=+12.0dB [ber_drl]  snr=+14.0dB [ber_drl]  snr=+16.0dB [ber_drl]  snr=+18.0dB [ber_drl]  snr=+20.0dB [ber_drl]Done (6.45s)
Batch 614/2000 (active points 11/11) [1h 12m 45s elapsed] ...   snr=+0.0dB [ber_drl]  snr=+2.0dB [ber_drl]  snr=+4.0dB [ber_drl]  snr=+6.0dB [ber_drl]  snr=+8.0dB [ber_drl]  snr=+10.0dB [ber_drl]  snr=+12.0dB [ber_drl]  snr=+14.0dB [ber_drl]  snr=+16.0dB [ber_drl]  snr=+18.0dB [ber_drl]  snr=+20.0dB [ber_drl]Done (6.61s)
Batch 615/2000 (active points 11/11) [1h 12m 51s elapsed] ...   snr=+0.0dB [ber_drl]  snr=+2.0dB [ber_drl]  snr=+4.0dB [ber_drl]  snr=+6.0dB [ber_drl]  snr=+8.0dB [ber_drl]  snr=+10.0dB [ber_drl]  snr=+12.0dB [ber_drl]  snr=+14.0dB [ber_drl]  snr=+16.0dB [ber_drl]  snr=+18.0dB [ber_drl]  snr=+20.0dB [ber_drl]Done (6.60s)
Batch 616/2000 (active points 11/11) [1h 12m 58s elapsed] ...   snr=+0.0dB [ber_drl]  snr=+2.0dB [ber_drl]  snr=+4.0dB [ber_drl]  snr=+6.0dB [ber_drl]  snr=+8.0dB [ber_drl]  snr=+10.0dB [ber_drl]  snr=+12.0dB [ber_drl]  snr=+14.0dB [ber_drl]  snr=+16.0dB [ber_drl]  snr=+18.0dB [ber_drl]  snr=+20.0dB [ber_drl]Done (7.48s)
Batch 617/2000 (active points 11/11) [1h 13m 06s elapsed] ...   snr=+0.0dB [ber_drl]  snr=+2.0dB [ber_drl]  snr=+4.0dB [ber_drl]  snr=+6.0dB [ber_drl]  snr=+8.0dB [ber_drl]  snr=+10.0dB [ber_drl]  snr=+12.0dB [ber_drl]  snr=+14.0dB [ber_drl]  snr=+16.0dB [ber_drl]  snr=+18.0dB [ber_drl]  snr=+20.0dB [ber_drl]Done (7.09s)
Batch 618/2000 (active points 11/11) [1h 13m 13s elapsed] ...   snr=+0.0dB [ber_drl]  snr=+2.0dB [ber_drl]  snr=+4.0dB [ber_drl]  snr=+6.0dB [ber_drl]  snr=+8.0dB [ber_drl]  snr=+10.0dB [ber_drl]  snr=+12.0dB [ber_drl]  snr=+14.0dB [ber_drl]  snr=+16.0dB [ber_drl]  snr=+18.0dB [ber_drl]  snr=+20.0dB [ber_drl]Done (6.64s)
Batch 619/2000 (active points 11/11) [1h 13m 19s elapsed] ...   snr=+0.0dB [ber_drl]  snr=+2.0dB [ber_drl]  snr=+4.0dB [ber_drl]  snr=+6.0dB [ber_drl]  snr=+8.0dB [ber_drl]  snr=+10.0dB [ber_drl]  snr=+12.0dB [ber_drl]  snr=+14.0dB [ber_drl]  snr=+16.0dB [ber_drl]  snr=+18.0dB [ber_drl]  snr=+20.0dB [ber_drl]Done (6.62s)
Batch 620/2000 (active points 11/11) [1h 13m 26s elapsed] ...   snr=+0.0dB [ber_drl]  snr=+2.0dB [ber_drl]  snr=+4.0dB [ber_drl]  snr=+6.0dB [ber_drl]  snr=+8.0dB [ber_drl]  snr=+10.0dB [ber_drl]  snr=+12.0dB [ber_drl]  snr=+14.0dB [ber_drl]  snr=+16.0dB [ber_drl]  snr=+18.0dB [ber_drl]  snr=+20.0dB [ber_drl]Done (6.51s)
Batch 621/2000 (active points 11/11) [1h 13m 32s elapsed] ...   snr=+0.0dB [ber_drl]  snr=+2.0dB [ber_drl]  snr=+4.0dB [ber_drl]  snr=+6.0dB [ber_drl]  snr=+8.0dB [ber_drl]  snr=+10.0dB [ber_drl]  snr=+12.0dB [ber_drl]  snr=+14.0dB [ber_drl]  snr=+16.0dB [ber_drl]  snr=+18.0dB [ber_drl]  snr=+20.0dB [ber_drl]Done (6.56s)
Batch 622/2000 (active points 11/11) [1h 13m 39s elapsed] ...   snr=+0.0dB [ber_drl]  snr=+2.0dB [ber_drl]  snr=+4.0dB [ber_drl]  snr=+6.0dB [ber_drl]  snr=+8.0dB [ber_drl]  snr=+10.0dB [ber_drl]  snr=+12.0dB [ber_drl]  snr=+14.0dB [ber_drl]  snr=+16.0dB [ber_drl]  snr=+18.0dB [ber_drl]  snr=+20.0dB [ber_drl]Done (6.57s)
Batch 623/2000 (active points 11/11) [1h 13m 46s elapsed] ...   snr=+0.0dB [ber_drl]  snr=+2.0dB [ber_drl]  snr=+4.0dB [ber_drl]  snr=+6.0dB [ber_drl]  snr=+8.0dB [ber_drl]  snr=+10.0dB [ber_drl]  snr=+12.0dB [ber_drl]  snr=+14.0dB [ber_drl]  snr=+16.0dB [ber_drl]  snr=+18.0dB [ber_drl]  snr=+20.0dB [ber_drl]Done (6.48s)
Batch 624/2000 (active points 11/11) [1h 13m 52s elapsed] ...   snr=+0.0dB [ber_drl]  snr=+2.0dB [ber_drl]  snr=+4.0dB [ber_drl]  snr=+6.0dB [ber_drl]  snr=+8.0dB [ber_drl]  snr=+10.0dB [ber_drl]  snr=+12.0dB [ber_drl]  snr=+14.0dB [ber_drl]  snr=+16.0dB [ber_drl]  snr=+18.0dB [ber_drl]  snr=+20.0dB [ber_drl]Done (6.60s)
Batch 625/2000 (active points 11/11) [1h 13m 59s elapsed] ...   snr=+0.0dB [ber_drl]  snr=+2.0dB [ber_drl]  snr=+4.0dB [ber_drl]  snr=+6.0dB [ber_drl]  snr=+8.0dB [ber_drl]  snr=+10.0dB [ber_drl]  snr=+12.0dB [ber_drl]  snr=+14.0dB [ber_drl]  snr=+16.0dB [ber_drl]  snr=+18.0dB [ber_drl]  snr=+20.0dB [ber_drl]Done (6.52s)
Batch 626/2000 (active points 11/11) [1h 14m 05s elapsed] ...   snr=+0.0dB [ber_drl]  snr=+2.0dB [ber_drl]  snr=+4.0dB [ber_drl]  snr=+6.0dB [ber_drl]  snr=+8.0dB [ber_drl]  snr=+10.0dB [ber_drl]  snr=+12.0dB [ber_drl]  snr=+14.0dB [ber_drl]  snr=+16.0dB [ber_drl]  snr=+18.0dB [ber_drl]  snr=+20.0dB [ber_drl]Done (6.42s)
Batch 627/2000 (active points 11/11) [1h 14m 12s elapsed] ...   snr=+0.0dB [ber_drl]  snr=+2.0dB [ber_drl]  snr=+4.0dB [ber_drl]  snr=+6.0dB [ber_drl]  snr=+8.0dB [ber_drl]  snr=+10.0dB [ber_drl]  snr=+12.0dB [ber_drl]  snr=+14.0dB [ber_drl]  snr=+16.0dB [ber_drl]  snr=+18.0dB [ber_drl]  snr=+20.0dB [ber_drl]Done (6.45s)
Batch 628/2000 (active points 11/11) [1h 14m 18s elapsed] ...   snr=+0.0dB [ber_drl]  snr=+2.0dB [ber_drl]  snr=+4.0dB [ber_drl]  snr=+6.0dB [ber_drl]  snr=+8.0dB [ber_drl]  snr=+10.0dB [ber_drl]  snr=+12.0dB [ber_drl]  snr=+14.0dB [ber_drl]  snr=+16.0dB [ber_drl]  snr=+18.0dB [ber_drl]  snr=+20.0dB [ber_drl]Done (6.64s)
Batch 629/2000 (active points 11/11) [1h 14m 25s elapsed] ...   snr=+0.0dB [ber_drl]  snr=+2.0dB [ber_drl]  snr=+4.0dB [ber_drl]  snr=+6.0dB [ber_drl]  snr=+8.0dB [ber_drl]  snr=+10.0dB [ber_drl]  snr=+12.0dB [ber_drl]  snr=+14.0dB [ber_drl]  snr=+16.0dB [ber_drl]  snr=+18.0dB [ber_drl]  snr=+20.0dB [ber_drl]Done (6.88s)
Batch 630/2000 (active points 11/11) [1h 14m 32s elapsed] ...   snr=+0.0dB [ber_drl]  snr=+2.0dB [ber_drl]  snr=+4.0dB [ber_drl]  snr=+6.0dB [ber_drl]  snr=+8.0dB [ber_drl]  snr=+10.0dB [ber_drl]  snr=+12.0dB [ber_drl]  snr=+14.0dB [ber_drl]  snr=+16.0dB [ber_drl]  snr=+18.0dB [ber_drl]  snr=+20.0dB [ber_drl]Done (7.04s)
Batch 631/2000 (active points 11/11) [1h 14m 39s elapsed] ...   snr=+0.0dB [ber_drl]  snr=+2.0dB [ber_drl]  snr=+4.0dB [ber_drl]  snr=+6.0dB [ber_drl]  snr=+8.0dB [ber_drl]  snr=+10.0dB [ber_drl]  snr=+12.0dB [ber_drl]  snr=+14.0dB [ber_drl]  snr=+16.0dB [ber_drl]  snr=+18.0dB [ber_drl]  snr=+20.0dB [ber_drl]Done (6.51s)
Batch 632/2000 (active points 11/11) [1h 14m 45s elapsed] ...   snr=+0.0dB [ber_drl]  snr=+2.0dB [ber_drl]  snr=+4.0dB [ber_drl]  snr=+6.0dB [ber_drl]  snr=+8.0dB [ber_drl]  snr=+10.0dB [ber_drl]  snr=+12.0dB [ber_drl]  snr=+14.0dB [ber_drl]  snr=+16.0dB [ber_drl]  snr=+18.0dB [ber_drl]  snr=+20.0dB [ber_drl]Done (6.58s)
Batch 633/2000 (active points 11/11) [1h 14m 52s elapsed] ...   snr=+0.0dB [ber_drl]  snr=+2.0dB [ber_drl]  snr=+4.0dB [ber_drl]  snr=+6.0dB [ber_drl]  snr=+8.0dB [ber_drl]  snr=+10.0dB [ber_drl]  snr=+12.0dB [ber_drl]  snr=+14.0dB [ber_drl]  snr=+16.0dB [ber_drl]  snr=+18.0dB [ber_drl]  snr=+20.0dB [ber_drl]Done (6.57s)
Batch 634/2000 (active points 11/11) [1h 14m 58s elapsed] ...   snr=+0.0dB [ber_drl]  snr=+2.0dB [ber_drl]  snr=+4.0dB [ber_drl]  snr=+6.0dB [ber_drl]  snr=+8.0dB [ber_drl]  snr=+10.0dB [ber_drl]  snr=+12.0dB [ber_drl]  snr=+14.0dB [ber_drl]  snr=+16.0dB [ber_drl]  snr=+18.0dB [ber_drl]  snr=+20.0dB [ber_drl]Done (6.49s)
Batch 635/2000 (active points 11/11) [1h 15m 05s elapsed] ...   snr=+0.0dB [ber_drl]  snr=+2.0dB [ber_drl]  snr=+4.0dB [ber_drl]  snr=+6.0dB [ber_drl]  snr=+8.0dB [ber_drl]  snr=+10.0dB [ber_drl]  snr=+12.0dB [ber_drl]  snr=+14.0dB [ber_drl]  snr=+16.0dB [ber_drl]  snr=+18.0dB [ber_drl]  snr=+20.0dB [ber_drl]Done (6.60s)
Batch 636/2000 (active points 11/11) [1h 15m 11s elapsed] ...   snr=+0.0dB [ber_drl]  snr=+2.0dB [ber_drl]  snr=+4.0dB [ber_drl]  snr=+6.0dB [ber_drl]  snr=+8.0dB [ber_drl]  snr=+10.0dB [ber_drl]  snr=+12.0dB [ber_drl]  snr=+14.0dB [ber_drl]  snr=+16.0dB [ber_drl]  snr=+18.0dB [ber_drl]  snr=+20.0dB [ber_drl]Done (6.65s)
Batch 637/2000 (active points 11/11) [1h 15m 18s elapsed] ...   snr=+0.0dB [ber_drl]  snr=+2.0dB [ber_drl]  snr=+4.0dB [ber_drl]  snr=+6.0dB [ber_drl]  snr=+8.0dB [ber_drl]  snr=+10.0dB [ber_drl]  snr=+12.0dB [ber_drl]  snr=+14.0dB [ber_drl]  snr=+16.0dB [ber_drl]  snr=+18.0dB [ber_drl]  snr=+20.0dB [ber_drl]Done (6.64s)
Batch 638/2000 (active points 11/11) [1h 15m 25s elapsed] ...   snr=+0.0dB [ber_drl]  snr=+2.0dB [ber_drl]  snr=+4.0dB [ber_drl]  snr=+6.0dB [ber_drl]  snr=+8.0dB [ber_drl]  snr=+10.0dB [ber_drl]  snr=+12.0dB [ber_drl]  snr=+14.0dB [ber_drl]  snr=+16.0dB [ber_drl]  snr=+18.0dB [ber_drl]  snr=+20.0dB [ber_drl]Done (6.45s)
Batch 639/2000 (active points 11/11) [1h 15m 31s elapsed] ...   snr=+0.0dB [ber_drl]  snr=+2.0dB [ber_drl]  snr=+4.0dB [ber_drl]  snr=+6.0dB [ber_drl]  snr=+8.0dB [ber_drl]  snr=+10.0dB [ber_drl]  snr=+12.0dB [ber_drl]  snr=+14.0dB [ber_drl]  snr=+16.0dB [ber_drl]  snr=+18.0dB [ber_drl]  snr=+20.0dB [ber_drl]Done (6.56s)
Batch 640/2000 (active points 11/11) [1h 15m 38s elapsed] ...   snr=+0.0dB [ber_drl]  snr=+2.0dB [ber_drl]  snr=+4.0dB [ber_drl]  snr=+6.0dB [ber_drl]  snr=+8.0dB [ber_drl]  snr=+10.0dB [ber_drl]  snr=+12.0dB [ber_drl]  snr=+14.0dB [ber_drl]  snr=+16.0dB [ber_drl]  snr=+18.0dB [ber_drl]  snr=+20.0dB [ber_drl]Done (6.56s)
Batch 641/2000 (active points 11/11) [1h 15m 44s elapsed] ...   snr=+0.0dB [ber_drl]  snr=+2.0dB [ber_drl]  snr=+4.0dB [ber_drl]  snr=+6.0dB [ber_drl]  snr=+8.0dB [ber_drl]  snr=+10.0dB [ber_drl]  snr=+12.0dB [ber_drl]  snr=+14.0dB [ber_drl]  snr=+16.0dB [ber_drl]  snr=+18.0dB [ber_drl]  snr=+20.0dB [ber_drl]Done (6.59s)
Batch 642/2000 (active points 11/11) [1h 15m 51s elapsed] ...   snr=+0.0dB [ber_drl]  snr=+2.0dB [ber_drl]  snr=+4.0dB [ber_drl]  snr=+6.0dB [ber_drl]  snr=+8.0dB [ber_drl]  snr=+10.0dB [ber_drl]  snr=+12.0dB [ber_drl]  snr=+14.0dB [ber_drl]  snr=+16.0dB [ber_drl]  snr=+18.0dB [ber_drl]  snr=+20.0dB [ber_drl]Done (6.68s)
Batch 643/2000 (active points 11/11) [1h 15m 58s elapsed] ...   snr=+0.0dB [ber_drl]  snr=+2.0dB [ber_drl]  snr=+4.0dB [ber_drl]  snr=+6.0dB [ber_drl]  snr=+8.0dB [ber_drl]  snr=+10.0dB [ber_drl]  snr=+12.0dB [ber_drl]  snr=+14.0dB [ber_drl]  snr=+16.0dB [ber_drl]  snr=+18.0dB [ber_drl]  snr=+20.0dB [ber_drl]Done (6.62s)
Batch 644/2000 (active points 11/11) [1h 16m 04s elapsed] ...   snr=+0.0dB [ber_drl]  snr=+2.0dB [ber_drl]  snr=+4.0dB [ber_drl]  snr=+6.0dB [ber_drl]  snr=+8.0dB [ber_drl]  snr=+10.0dB [ber_drl]  snr=+12.0dB [ber_drl]  snr=+14.0dB [ber_drl]  snr=+16.0dB [ber_drl]  snr=+18.0dB [ber_drl]  snr=+20.0dB [ber_drl]Done (7.27s)
Batch 645/2000 (active points 11/11) [1h 16m 11s elapsed] ...   snr=+0.0dB [ber_drl]  snr=+2.0dB [ber_drl]  snr=+4.0dB [ber_drl]  snr=+6.0dB [ber_drl]  snr=+8.0dB [ber_drl]  snr=+10.0dB [ber_drl]  snr=+12.0dB [ber_drl]  snr=+14.0dB [ber_drl]  snr=+16.0dB [ber_drl]  snr=+18.0dB [ber_drl]  snr=+20.0dB [ber_drl]Done (7.17s)
Batch 646/2000 (active points 11/11) [1h 16m 19s elapsed] ...   snr=+0.0dB [ber_drl]  snr=+2.0dB [ber_drl]  snr=+4.0dB [ber_drl]  snr=+6.0dB [ber_drl]  snr=+8.0dB [ber_drl]  snr=+10.0dB [ber_drl]  snr=+12.0dB [ber_drl]  snr=+14.0dB [ber_drl]  snr=+16.0dB [ber_drl]  snr=+18.0dB [ber_drl]  snr=+20.0dB [ber_drl]Done (6.60s)
Batch 647/2000 (active points 11/11) [1h 16m 25s elapsed] ...   snr=+0.0dB [ber_drl]  snr=+2.0dB [ber_drl]  snr=+4.0dB [ber_drl]  snr=+6.0dB [ber_drl]  snr=+8.0dB [ber_drl]  snr=+10.0dB [ber_drl]  snr=+12.0dB [ber_drl]  snr=+14.0dB [ber_drl]  snr=+16.0dB [ber_drl]  snr=+18.0dB [ber_drl]  snr=+20.0dB [ber_drl]Done (6.63s)
Batch 648/2000 (active points 11/11) [1h 16m 32s elapsed] ...   snr=+0.0dB [ber_drl]  snr=+2.0dB [ber_drl]  snr=+4.0dB [ber_drl]  snr=+6.0dB [ber_drl]  snr=+8.0dB [ber_drl]  snr=+10.0dB [ber_drl]  snr=+12.0dB [ber_drl]  snr=+14.0dB [ber_drl]  snr=+16.0dB [ber_drl]  snr=+18.0dB [ber_drl]  snr=+20.0dB [ber_drl]Done (6.59s)
Batch 649/2000 (active points 11/11) [1h 16m 38s elapsed] ...   snr=+0.0dB [ber_drl]  snr=+2.0dB [ber_drl]  snr=+4.0dB [ber_drl]  snr=+6.0dB [ber_drl]  snr=+8.0dB [ber_drl]  snr=+10.0dB [ber_drl]  snr=+12.0dB [ber_drl]  snr=+14.0dB [ber_drl]  snr=+16.0dB [ber_drl]  snr=+18.0dB [ber_drl]  snr=+20.0dB [ber_drl]Done (6.44s)
Batch 650/2000 (active points 11/11) [1h 16m 45s elapsed] ...   snr=+0.0dB [ber_drl]  snr=+2.0dB [ber_drl]  snr=+4.0dB [ber_drl]  snr=+6.0dB [ber_drl]  snr=+8.0dB [ber_drl]  snr=+10.0dB [ber_drl]  snr=+12.0dB [ber_drl]  snr=+14.0dB [ber_drl]  snr=+16.0dB [ber_drl]  snr=+18.0dB [ber_drl]  snr=+20.0dB [ber_drl]Done (6.47s)
Batch 651/2000 (active points 11/11) [1h 16m 51s elapsed] ...   snr=+0.0dB [ber_drl]  snr=+2.0dB [ber_drl]  snr=+4.0dB [ber_drl]  snr=+6.0dB [ber_drl]  snr=+8.0dB [ber_drl]  snr=+10.0dB [ber_drl]  snr=+12.0dB [ber_drl]  snr=+14.0dB [ber_drl]  snr=+16.0dB [ber_drl]  snr=+18.0dB [ber_drl]  snr=+20.0dB [ber_drl]Done (6.49s)
Batch 652/2000 (active points 11/11) [1h 16m 58s elapsed] ...   snr=+0.0dB [ber_drl]  snr=+2.0dB [ber_drl]  snr=+4.0dB [ber_drl]  snr=+6.0dB [ber_drl]  snr=+8.0dB [ber_drl]  snr=+10.0dB [ber_drl]  snr=+12.0dB [ber_drl]  snr=+14.0dB [ber_drl]  snr=+16.0dB [ber_drl]  snr=+18.0dB [ber_drl]  snr=+20.0dB [ber_drl]Done (6.82s)
Batch 653/2000 (active points 11/11) [1h 17m 05s elapsed] ...   snr=+0.0dB [ber_drl]  snr=+2.0dB [ber_drl]  snr=+4.0dB [ber_drl]  snr=+6.0dB [ber_drl]  snr=+8.0dB [ber_drl]  snr=+10.0dB [ber_drl]  snr=+12.0dB [ber_drl]  snr=+14.0dB [ber_drl]  snr=+16.0dB [ber_drl]  snr=+18.0dB [ber_drl]  snr=+20.0dB [ber_drl]Done (6.58s)
Batch 654/2000 (active points 11/11) [1h 17m 11s elapsed] ...   snr=+0.0dB [ber_drl]  snr=+2.0dB [ber_drl]  snr=+4.0dB [ber_drl]  snr=+6.0dB [ber_drl]  snr=+8.0dB [ber_drl]  snr=+10.0dB [ber_drl]  snr=+12.0dB [ber_drl]  snr=+14.0dB [ber_drl]  snr=+16.0dB [ber_drl]  snr=+18.0dB [ber_drl]  snr=+20.0dB [ber_drl]Done (6.49s)
Batch 655/2000 (active points 11/11) [1h 17m 18s elapsed] ...   snr=+0.0dB [ber_drl]  snr=+2.0dB [ber_drl]  snr=+4.0dB [ber_drl]  snr=+6.0dB [ber_drl]  snr=+8.0dB [ber_drl]  snr=+10.0dB [ber_drl]  snr=+12.0dB [ber_drl]  snr=+14.0dB [ber_drl]  snr=+16.0dB [ber_drl]  snr=+18.0dB [ber_drl]  snr=+20.0dB [ber_drl]Done (6.56s)
Batch 656/2000 (active points 11/11) [1h 17m 24s elapsed] ...   snr=+0.0dB [ber_drl]  snr=+2.0dB [ber_drl]  snr=+4.0dB [ber_drl]  snr=+6.0dB [ber_drl]  snr=+8.0dB [ber_drl]  snr=+10.0dB [ber_drl]  snr=+12.0dB [ber_drl]  snr=+14.0dB [ber_drl]  snr=+16.0dB [ber_drl]  snr=+18.0dB [ber_drl]  snr=+20.0dB [ber_drl]Done (6.56s)
Batch 657/2000 (active points 11/11) [1h 17m 31s elapsed] ...   snr=+0.0dB [ber_drl]  snr=+2.0dB [ber_drl]  snr=+4.0dB [ber_drl]  snr=+6.0dB [ber_drl]  snr=+8.0dB [ber_drl]  snr=+10.0dB [ber_drl]  snr=+12.0dB [ber_drl]  snr=+14.0dB [ber_drl]  snr=+16.0dB [ber_drl]  snr=+18.0dB [ber_drl]  snr=+20.0dB [ber_drl]Done (6.40s)
Batch 658/2000 (active points 11/11) [1h 17m 37s elapsed] ...   snr=+0.0dB [ber_drl]  snr=+2.0dB [ber_drl]  snr=+4.0dB [ber_drl]  snr=+6.0dB [ber_drl]  snr=+8.0dB [ber_drl]  snr=+10.0dB [ber_drl]  snr=+12.0dB [ber_drl]  snr=+14.0dB [ber_drl]  snr=+16.0dB [ber_drl]  snr=+18.0dB [ber_drl]  snr=+20.0dB [ber_drl]Done (6.47s)
Batch 659/2000 (active points 11/11) [1h 17m 44s elapsed] ...   snr=+0.0dB [ber_drl]  snr=+2.0dB [ber_drl]  snr=+4.0dB [ber_drl]  snr=+6.0dB [ber_drl]  snr=+8.0dB [ber_drl]  snr=+10.0dB [ber_drl]  snr=+12.0dB [ber_drl]  snr=+14.0dB [ber_drl]  snr=+16.0dB [ber_drl]  snr=+18.0dB [ber_drl]  snr=+20.0dB [ber_drl]Done (6.44s)
Batch 660/2000 (active points 11/11) [1h 17m 50s elapsed] ...   snr=+0.0dB [ber_drl]  snr=+2.0dB [ber_drl]  snr=+4.0dB [ber_drl]  snr=+6.0dB [ber_drl]  snr=+8.0dB [ber_drl]  snr=+10.0dB [ber_drl]  snr=+12.0dB [ber_drl]  snr=+14.0dB [ber_drl]  snr=+16.0dB [ber_drl]  snr=+18.0dB [ber_drl]  snr=+20.0dB [ber_drl]Done (6.38s)
Batch 661/2000 (active points 11/11) [1h 17m 56s elapsed] ...   snr=+0.0dB [ber_drl]  snr=+2.0dB [ber_drl]  snr=+4.0dB [ber_drl]  snr=+6.0dB [ber_drl]  snr=+8.0dB [ber_drl]  snr=+10.0dB [ber_drl]  snr=+12.0dB [ber_drl]  snr=+14.0dB [ber_drl]  snr=+16.0dB [ber_drl]  snr=+18.0dB [ber_drl]  snr=+20.0dB [ber_drl]Done (6.36s)
Batch 662/2000 (active points 11/11) [1h 18m 03s elapsed] ...   snr=+0.0dB [ber_drl]  snr=+2.0dB [ber_drl]  snr=+4.0dB [ber_drl]  snr=+6.0dB [ber_drl]  snr=+8.0dB [ber_drl]  snr=+10.0dB [ber_drl]  snr=+12.0dB [ber_drl]  snr=+14.0dB [ber_drl]  snr=+16.0dB [ber_drl]  snr=+18.0dB [ber_drl]  snr=+20.0dB [ber_drl]Done (6.42s)
Batch 663/2000 (active points 11/11) [1h 18m 09s elapsed] ...   snr=+0.0dB [ber_drl]  snr=+2.0dB [ber_drl]  snr=+4.0dB [ber_drl]  snr=+6.0dB [ber_drl]  snr=+8.0dB [ber_drl]  snr=+10.0dB [ber_drl]  snr=+12.0dB [ber_drl]  snr=+14.0dB [ber_drl]  snr=+16.0dB [ber_drl]  snr=+18.0dB [ber_drl]  snr=+20.0dB [ber_drl]Done (6.68s)
Batch 664/2000 (active points 11/11) [1h 18m 16s elapsed] ...   snr=+0.0dB [ber_drl]  snr=+2.0dB [ber_drl]  snr=+4.0dB [ber_drl]  snr=+6.0dB [ber_drl]  snr=+8.0dB [ber_drl]  snr=+10.0dB [ber_drl]  snr=+12.0dB [ber_drl]  snr=+14.0dB [ber_drl]  snr=+16.0dB [ber_drl]  snr=+18.0dB [ber_drl]  snr=+20.0dB [ber_drl]Done (6.48s)
Batch 665/2000 (active points 11/11) [1h 18m 22s elapsed] ...   snr=+0.0dB [ber_drl]  snr=+2.0dB [ber_drl]  snr=+4.0dB [ber_drl]  snr=+6.0dB [ber_drl]  snr=+8.0dB [ber_drl]  snr=+10.0dB [ber_drl]  snr=+12.0dB [ber_drl]  snr=+14.0dB [ber_drl]  snr=+16.0dB [ber_drl]  snr=+18.0dB [ber_drl]  snr=+20.0dB [ber_drl]Done (6.60s)
Batch 666/2000 (active points 11/11) [1h 18m 29s elapsed] ...   snr=+0.0dB [ber_drl]  snr=+2.0dB [ber_drl]  snr=+4.0dB [ber_drl]  snr=+6.0dB [ber_drl]  snr=+8.0dB [ber_drl]  snr=+10.0dB [ber_drl]  snr=+12.0dB [ber_drl]  snr=+14.0dB [ber_drl]  snr=+16.0dB [ber_drl]  snr=+18.0dB [ber_drl]  snr=+20.0dB [ber_drl]Done (6.41s)
Batch 667/2000 (active points 11/11) [1h 18m 35s elapsed] ...   snr=+0.0dB [ber_drl]  snr=+2.0dB [ber_drl]  snr=+4.0dB [ber_drl]  snr=+6.0dB [ber_drl]  snr=+8.0dB [ber_drl]  snr=+10.0dB [ber_drl]  snr=+12.0dB [ber_drl]  snr=+14.0dB [ber_drl]  snr=+16.0dB [ber_drl]  snr=+18.0dB [ber_drl]  snr=+20.0dB [ber_drl]Done (6.38s)
Batch 668/2000 (active points 11/11) [1h 18m 42s elapsed] ...   snr=+0.0dB [ber_drl]  snr=+2.0dB [ber_drl]  snr=+4.0dB [ber_drl]  snr=+6.0dB [ber_drl]  snr=+8.0dB [ber_drl]  snr=+10.0dB [ber_drl]  snr=+12.0dB [ber_drl]  snr=+14.0dB [ber_drl]  snr=+16.0dB [ber_drl]  snr=+18.0dB [ber_drl]  snr=+20.0dB [ber_drl]Done (6.51s)
Batch 669/2000 (active points 11/11) [1h 18m 48s elapsed] ...   snr=+0.0dB [ber_drl]  snr=+2.0dB [ber_drl]  snr=+4.0dB [ber_drl]  snr=+6.0dB [ber_drl]  snr=+8.0dB [ber_drl]  snr=+10.0dB [ber_drl]  snr=+12.0dB [ber_drl]  snr=+14.0dB [ber_drl]  snr=+16.0dB [ber_drl]  snr=+18.0dB [ber_drl]  snr=+20.0dB [ber_drl]Done (6.34s)
Batch 670/2000 (active points 11/11) [1h 18m 55s elapsed] ...   snr=+0.0dB [ber_drl]  snr=+2.0dB [ber_drl]  snr=+4.0dB [ber_drl]  snr=+6.0dB [ber_drl]  snr=+8.0dB [ber_drl]  snr=+10.0dB [ber_drl]  snr=+12.0dB [ber_drl]  snr=+14.0dB [ber_drl]  snr=+16.0dB [ber_drl]  snr=+18.0dB [ber_drl]  snr=+20.0dB [ber_drl]Done (6.40s)
Batch 671/2000 (active points 11/11) [1h 19m 01s elapsed] ...   snr=+0.0dB [ber_drl]  snr=+2.0dB [ber_drl]  snr=+4.0dB [ber_drl]  snr=+6.0dB [ber_drl]  snr=+8.0dB [ber_drl]  snr=+10.0dB [ber_drl]  snr=+12.0dB [ber_drl]  snr=+14.0dB [ber_drl]  snr=+16.0dB [ber_drl]  snr=+18.0dB [ber_drl]  snr=+20.0dB [ber_drl]Done (6.35s)
Batch 672/2000 (active points 11/11) [1h 19m 07s elapsed] ...   snr=+0.0dB [ber_drl]  snr=+2.0dB [ber_drl]  snr=+4.0dB [ber_drl]  snr=+6.0dB [ber_drl]  snr=+8.0dB [ber_drl]  snr=+10.0dB [ber_drl]  snr=+12.0dB [ber_drl]  snr=+14.0dB [ber_drl]  snr=+16.0dB [ber_drl]  snr=+18.0dB [ber_drl]  snr=+20.0dB [ber_drl]Done (6.34s)
Batch 673/2000 (active points 11/11) [1h 19m 14s elapsed] ...   snr=+0.0dB [ber_drl]  snr=+2.0dB [ber_drl]  snr=+4.0dB [ber_drl]  snr=+6.0dB [ber_drl]  snr=+8.0dB [ber_drl]  snr=+10.0dB [ber_drl]  snr=+12.0dB [ber_drl]  snr=+14.0dB [ber_drl]  snr=+16.0dB [ber_drl]  snr=+18.0dB [ber_drl]  snr=+20.0dB [ber_drl]Done (6.34s)
Batch 674/2000 (active points 11/11) [1h 19m 20s elapsed] ...   snr=+0.0dB [ber_drl]  snr=+2.0dB [ber_drl]  snr=+4.0dB [ber_drl]  snr=+6.0dB [ber_drl]  snr=+8.0dB [ber_drl]  snr=+10.0dB [ber_drl]  snr=+12.0dB [ber_drl]  snr=+14.0dB [ber_drl]  snr=+16.0dB [ber_drl]  snr=+18.0dB [ber_drl]  snr=+20.0dB [ber_drl]Done (6.35s)
Batch 675/2000 (active points 11/11) [1h 19m 26s elapsed] ...   snr=+0.0dB [ber_drl]  snr=+2.0dB [ber_drl]  snr=+4.0dB [ber_drl]  snr=+6.0dB [ber_drl]  snr=+8.0dB [ber_drl]  snr=+10.0dB [ber_drl]  snr=+12.0dB [ber_drl]  snr=+14.0dB [ber_drl]  snr=+16.0dB [ber_drl]  snr=+18.0dB [ber_drl]  snr=+20.0dB [ber_drl]Done (6.40s)
Batch 676/2000 (active points 11/11) [1h 19m 33s elapsed] ...   snr=+0.0dB [ber_drl]  snr=+2.0dB [ber_drl]  snr=+4.0dB [ber_drl]  snr=+6.0dB [ber_drl]  snr=+8.0dB [ber_drl]  snr=+10.0dB [ber_drl]  snr=+12.0dB [ber_drl]  snr=+14.0dB [ber_drl]  snr=+16.0dB [ber_drl]  snr=+18.0dB [ber_drl]  snr=+20.0dB [ber_drl]Done (6.38s)
Batch 677/2000 (active points 11/11) [1h 19m 39s elapsed] ...   snr=+0.0dB [ber_drl]  snr=+2.0dB [ber_drl]  snr=+4.0dB [ber_drl]  snr=+6.0dB [ber_drl]  snr=+8.0dB [ber_drl]  snr=+10.0dB [ber_drl]  snr=+12.0dB [ber_drl]  snr=+14.0dB [ber_drl]  snr=+16.0dB [ber_drl]  snr=+18.0dB [ber_drl]  snr=+20.0dB [ber_drl]Done (6.35s)
Batch 678/2000 (active points 11/11) [1h 19m 46s elapsed] ...   snr=+0.0dB [ber_drl]  snr=+2.0dB [ber_drl]  snr=+4.0dB [ber_drl]  snr=+6.0dB [ber_drl]  snr=+8.0dB [ber_drl]  snr=+10.0dB [ber_drl]  snr=+12.0dB [ber_drl]  snr=+14.0dB [ber_drl]  snr=+16.0dB [ber_drl]  snr=+18.0dB [ber_drl]  snr=+20.0dB [ber_drl]Done (6.44s)
Batch 679/2000 (active points 11/11) [1h 19m 52s elapsed] ...   snr=+0.0dB [ber_drl]  snr=+2.0dB [ber_drl]  snr=+4.0dB [ber_drl]  snr=+6.0dB [ber_drl]  snr=+8.0dB [ber_drl]  snr=+10.0dB [ber_drl]  snr=+12.0dB [ber_drl]  snr=+14.0dB [ber_drl]  snr=+16.0dB [ber_drl]  snr=+18.0dB [ber_drl]  snr=+20.0dB [ber_drl]Done (6.35s)
Batch 680/2000 (active points 11/11) [1h 19m 58s elapsed] ...   snr=+0.0dB [ber_drl]  snr=+2.0dB [ber_drl]  snr=+4.0dB [ber_drl]  snr=+6.0dB [ber_drl]  snr=+8.0dB [ber_drl]  snr=+10.0dB [ber_drl]  snr=+12.0dB [ber_drl]  snr=+14.0dB [ber_drl]  snr=+16.0dB [ber_drl]  snr=+18.0dB [ber_drl]  snr=+20.0dB [ber_drl]Done (6.38s)
Batch 681/2000 (active points 11/11) [1h 20m 05s elapsed] ...   snr=+0.0dB [ber_drl]  snr=+2.0dB [ber_drl]  snr=+4.0dB [ber_drl]  snr=+6.0dB [ber_drl]  snr=+8.0dB [ber_drl]  snr=+10.0dB [ber_drl]  snr=+12.0dB [ber_drl]  snr=+14.0dB [ber_drl]  snr=+16.0dB [ber_drl]  snr=+18.0dB [ber_drl]  snr=+20.0dB [ber_drl]Done (6.38s)
Batch 682/2000 (active points 11/11) [1h 20m 11s elapsed] ...   snr=+0.0dB [ber_drl]  snr=+2.0dB [ber_drl]  snr=+4.0dB [ber_drl]  snr=+6.0dB [ber_drl]  snr=+8.0dB [ber_drl]  snr=+10.0dB [ber_drl]  snr=+12.0dB [ber_drl]  snr=+14.0dB [ber_drl]  snr=+16.0dB [ber_drl]  snr=+18.0dB [ber_drl]  snr=+20.0dB [ber_drl]Done (6.37s)
Batch 683/2000 (active points 11/11) [1h 20m 18s elapsed] ...   snr=+0.0dB [ber_drl]  snr=+2.0dB [ber_drl]  snr=+4.0dB [ber_drl]  snr=+6.0dB [ber_drl]  snr=+8.0dB [ber_drl]  snr=+10.0dB [ber_drl]  snr=+12.0dB [ber_drl]  snr=+14.0dB [ber_drl]  snr=+16.0dB [ber_drl]  snr=+18.0dB [ber_drl]  snr=+20.0dB [ber_drl]Done (6.35s)
Batch 684/2000 (active points 11/11) [1h 20m 24s elapsed] ...   snr=+0.0dB [ber_drl]  snr=+2.0dB [ber_drl]  snr=+4.0dB [ber_drl]  snr=+6.0dB [ber_drl]  snr=+8.0dB [ber_drl]  snr=+10.0dB [ber_drl]  snr=+12.0dB [ber_drl]  snr=+14.0dB [ber_drl]  snr=+16.0dB [ber_drl]  snr=+18.0dB [ber_drl]  snr=+20.0dB [ber_drl]Done (6.39s)
Batch 685/2000 (active points 11/11) [1h 20m 30s elapsed] ...   snr=+0.0dB [ber_drl]  snr=+2.0dB [ber_drl]  snr=+4.0dB [ber_drl]  snr=+6.0dB [ber_drl]  snr=+8.0dB [ber_drl]  snr=+10.0dB [ber_drl]  snr=+12.0dB [ber_drl]  snr=+14.0dB [ber_drl]  snr=+16.0dB [ber_drl]  snr=+18.0dB [ber_drl]  snr=+20.0dB [ber_drl]Done (6.37s)
Batch 686/2000 (active points 11/11) [1h 20m 37s elapsed] ...   snr=+0.0dB [ber_drl]  snr=+2.0dB [ber_drl]  snr=+4.0dB [ber_drl]  snr=+6.0dB [ber_drl]  snr=+8.0dB [ber_drl]  snr=+10.0dB [ber_drl]  snr=+12.0dB [ber_drl]  snr=+14.0dB [ber_drl]  snr=+16.0dB [ber_drl]  snr=+18.0dB [ber_drl]  snr=+20.0dB [ber_drl]Done (6.36s)
Batch 687/2000 (active points 11/11) [1h 20m 43s elapsed] ...   snr=+0.0dB [ber_drl]  snr=+2.0dB [ber_drl]  snr=+4.0dB [ber_drl]  snr=+6.0dB [ber_drl]  snr=+8.0dB [ber_drl]  snr=+10.0dB [ber_drl]  snr=+12.0dB [ber_drl]  snr=+14.0dB [ber_drl]  snr=+16.0dB [ber_drl]  snr=+18.0dB [ber_drl]  snr=+20.0dB [ber_drl]Done (6.38s)
Batch 688/2000 (active points 11/11) [1h 20m 49s elapsed] ...   snr=+0.0dB [ber_drl]  snr=+2.0dB [ber_drl]  snr=+4.0dB [ber_drl]  snr=+6.0dB [ber_drl]  snr=+8.0dB [ber_drl]  snr=+10.0dB [ber_drl]  snr=+12.0dB [ber_drl]  snr=+14.0dB [ber_drl]  snr=+16.0dB [ber_drl]  snr=+18.0dB [ber_drl]  snr=+20.0dB [ber_drl]Done (6.39s)
Batch 689/2000 (active points 11/11) [1h 20m 56s elapsed] ...   snr=+0.0dB [ber_drl]  snr=+2.0dB [ber_drl]  snr=+4.0dB [ber_drl]  snr=+6.0dB [ber_drl]  snr=+8.0dB [ber_drl]  snr=+10.0dB [ber_drl]  snr=+12.0dB [ber_drl]  snr=+14.0dB [ber_drl]  snr=+16.0dB [ber_drl]  snr=+18.0dB [ber_drl]  snr=+20.0dB [ber_drl]Done (6.35s)
Batch 690/2000 (active points 11/11) [1h 21m 02s elapsed] ...   snr=+0.0dB [ber_drl]  snr=+2.0dB [ber_drl]  snr=+4.0dB [ber_drl]  snr=+6.0dB [ber_drl]  snr=+8.0dB [ber_drl]  snr=+10.0dB [ber_drl]  snr=+12.0dB [ber_drl]  snr=+14.0dB [ber_drl]  snr=+16.0dB [ber_drl]  snr=+18.0dB [ber_drl]  snr=+20.0dB [ber_drl]Done (6.39s)
Batch 691/2000 (active points 11/11) [1h 21m 08s elapsed] ...   snr=+0.0dB [ber_drl]  snr=+2.0dB [ber_drl]  snr=+4.0dB [ber_drl]  snr=+6.0dB [ber_drl]  snr=+8.0dB [ber_drl]  snr=+10.0dB [ber_drl]  snr=+12.0dB [ber_drl]  snr=+14.0dB [ber_drl]  snr=+16.0dB [ber_drl]  snr=+18.0dB [ber_drl]  snr=+20.0dB [ber_drl]Done (6.40s)
Batch 692/2000 (active points 11/11) [1h 21m 15s elapsed] ...   snr=+0.0dB [ber_drl]  snr=+2.0dB [ber_drl]  snr=+4.0dB [ber_drl]  snr=+6.0dB [ber_drl]  snr=+8.0dB [ber_drl]  snr=+10.0dB [ber_drl]  snr=+12.0dB [ber_drl]  snr=+14.0dB [ber_drl]  snr=+16.0dB [ber_drl]  snr=+18.0dB [ber_drl]  snr=+20.0dB [ber_drl]Done (6.36s)
Batch 693/2000 (active points 11/11) [1h 21m 21s elapsed] ...   snr=+0.0dB [ber_drl]  snr=+2.0dB [ber_drl]  snr=+4.0dB [ber_drl]  snr=+6.0dB [ber_drl]  snr=+8.0dB [ber_drl]  snr=+10.0dB [ber_drl]  snr=+12.0dB [ber_drl]  snr=+14.0dB [ber_drl]  snr=+16.0dB [ber_drl]  snr=+18.0dB [ber_drl]  snr=+20.0dB [ber_drl]Done (6.38s)
Batch 694/2000 (active points 11/11) [1h 21m 28s elapsed] ...   snr=+0.0dB [ber_drl]  snr=+2.0dB [ber_drl]  snr=+4.0dB [ber_drl]  snr=+6.0dB [ber_drl]  snr=+8.0dB [ber_drl]  snr=+10.0dB [ber_drl]  snr=+12.0dB [ber_drl]  snr=+14.0dB [ber_drl]  snr=+16.0dB [ber_drl]  snr=+18.0dB [ber_drl]  snr=+20.0dB [ber_drl]Done (6.37s)
Batch 695/2000 (active points 11/11) [1h 21m 34s elapsed] ...   snr=+0.0dB [ber_drl]  snr=+2.0dB [ber_drl]  snr=+4.0dB [ber_drl]  snr=+6.0dB [ber_drl]  snr=+8.0dB [ber_drl]  snr=+10.0dB [ber_drl]  snr=+12.0dB [ber_drl]  snr=+14.0dB [ber_drl]  snr=+16.0dB [ber_drl]  snr=+18.0dB [ber_drl]  snr=+20.0dB [ber_drl]Done (6.43s)
Batch 696/2000 (active points 11/11) [1h 21m 40s elapsed] ...   snr=+0.0dB [ber_drl]  snr=+2.0dB [ber_drl]  snr=+4.0dB [ber_drl]  snr=+6.0dB [ber_drl]  snr=+8.0dB [ber_drl]  snr=+10.0dB [ber_drl]  snr=+12.0dB [ber_drl]  snr=+14.0dB [ber_drl]  snr=+16.0dB [ber_drl]  snr=+18.0dB [ber_drl]  snr=+20.0dB [ber_drl]Done (6.40s)
Batch 697/2000 (active points 11/11) [1h 21m 47s elapsed] ...   snr=+0.0dB [ber_drl]  snr=+2.0dB [ber_drl]  snr=+4.0dB [ber_drl]  snr=+6.0dB [ber_drl]  snr=+8.0dB [ber_drl]  snr=+10.0dB [ber_drl]  snr=+12.0dB [ber_drl]  snr=+14.0dB [ber_drl]  snr=+16.0dB [ber_drl]  snr=+18.0dB [ber_drl]  snr=+20.0dB [ber_drl]Done (6.36s)
Batch 698/2000 (active points 11/11) [1h 21m 53s elapsed] ...   snr=+0.0dB [ber_drl]  snr=+2.0dB [ber_drl]  snr=+4.0dB [ber_drl]  snr=+6.0dB [ber_drl]  snr=+8.0dB [ber_drl]  snr=+10.0dB [ber_drl]  snr=+12.0dB [ber_drl]  snr=+14.0dB [ber_drl]  snr=+16.0dB [ber_drl]  snr=+18.0dB [ber_drl]  snr=+20.0dB [ber_drl]Done (6.42s)
Batch 699/2000 (active points 11/11) [1h 22m 00s elapsed] ...   snr=+0.0dB [ber_drl]  snr=+2.0dB [ber_drl]  snr=+4.0dB [ber_drl]  snr=+6.0dB [ber_drl]  snr=+8.0dB [ber_drl]  snr=+10.0dB [ber_drl]  snr=+12.0dB [ber_drl]  snr=+14.0dB [ber_drl]  snr=+16.0dB [ber_drl]  snr=+18.0dB [ber_drl]  snr=+20.0dB [ber_drl]Done (6.37s)
Batch 700/2000 (active points 11/11) [1h 22m 06s elapsed] ...   snr=+0.0dB [ber_drl]  snr=+2.0dB [ber_drl]  snr=+4.0dB [ber_drl]  snr=+6.0dB [ber_drl]  snr=+8.0dB [ber_drl]  snr=+10.0dB [ber_drl]  snr=+12.0dB [ber_drl]  snr=+14.0dB [ber_drl]  snr=+16.0dB [ber_drl]  snr=+18.0dB [ber_drl]  snr=+20.0dB [ber_drl]Done (6.38s)
Batch 701/2000 (active points 11/11) [1h 22m 12s elapsed] ...   snr=+0.0dB [ber_drl]  snr=+2.0dB [ber_drl]  snr=+4.0dB [ber_drl]  snr=+6.0dB [ber_drl]  snr=+8.0dB [ber_drl]  snr=+10.0dB [ber_drl]  snr=+12.0dB [ber_drl]  snr=+14.0dB [ber_drl]  snr=+16.0dB [ber_drl]  snr=+18.0dB [ber_drl]  snr=+20.0dB [ber_drl]Done (6.36s)
Batch 702/2000 (active points 11/11) [1h 22m 19s elapsed] ...   snr=+0.0dB [ber_drl]  snr=+2.0dB [ber_drl]  snr=+4.0dB [ber_drl]  snr=+6.0dB [ber_drl]  snr=+8.0dB [ber_drl]  snr=+10.0dB [ber_drl]  snr=+12.0dB [ber_drl]  snr=+14.0dB [ber_drl]  snr=+16.0dB [ber_drl]  snr=+18.0dB [ber_drl]  snr=+20.0dB [ber_drl]Done (6.36s)
Batch 703/2000 (active points 11/11) [1h 22m 25s elapsed] ...   snr=+0.0dB [ber_drl]  snr=+2.0dB [ber_drl]  snr=+4.0dB [ber_drl]  snr=+6.0dB [ber_drl]  snr=+8.0dB [ber_drl]  snr=+10.0dB [ber_drl]  snr=+12.0dB [ber_drl]  snr=+14.0dB [ber_drl]  snr=+16.0dB [ber_drl]  snr=+18.0dB [ber_drl]  snr=+20.0dB [ber_drl]Done (6.36s)
Batch 704/2000 (active points 11/11) [1h 22m 31s elapsed] ...   snr=+0.0dB [ber_drl]  snr=+2.0dB [ber_drl]  snr=+4.0dB [ber_drl]  snr=+6.0dB [ber_drl]  snr=+8.0dB [ber_drl]  snr=+10.0dB [ber_drl]  snr=+12.0dB [ber_drl]  snr=+14.0dB [ber_drl]  snr=+16.0dB [ber_drl]  snr=+18.0dB [ber_drl]  snr=+20.0dB [ber_drl]Done (6.42s)
Batch 705/2000 (active points 11/11) [1h 22m 38s elapsed] ...   snr=+0.0dB [ber_drl]  snr=+2.0dB [ber_drl]  snr=+4.0dB [ber_drl]  snr=+6.0dB [ber_drl]  snr=+8.0dB [ber_drl]  snr=+10.0dB [ber_drl]  snr=+12.0dB [ber_drl]  snr=+14.0dB [ber_drl]  snr=+16.0dB [ber_drl]  snr=+18.0dB [ber_drl]  snr=+20.0dB [ber_drl]Done (6.38s)
Batch 706/2000 (active points 11/11) [1h 22m 44s elapsed] ...   snr=+0.0dB [ber_drl]  snr=+2.0dB [ber_drl]  snr=+4.0dB [ber_drl]  snr=+6.0dB [ber_drl]  snr=+8.0dB [ber_drl]  snr=+10.0dB [ber_drl]  snr=+12.0dB [ber_drl]  snr=+14.0dB [ber_drl]  snr=+16.0dB [ber_drl]  snr=+18.0dB [ber_drl]  snr=+20.0dB [ber_drl]Done (6.39s)
Batch 707/2000 (active points 11/11) [1h 22m 51s elapsed] ...   snr=+0.0dB [ber_drl]  snr=+2.0dB [ber_drl]  snr=+4.0dB [ber_drl]  snr=+6.0dB [ber_drl]  snr=+8.0dB [ber_drl]  snr=+10.0dB [ber_drl]  snr=+12.0dB [ber_drl]  snr=+14.0dB [ber_drl]  snr=+16.0dB [ber_drl]  snr=+18.0dB [ber_drl]  snr=+20.0dB [ber_drl]Done (6.38s)
Batch 708/2000 (active points 11/11) [1h 22m 57s elapsed] ...   snr=+0.0dB [ber_drl]  snr=+2.0dB [ber_drl]  snr=+4.0dB [ber_drl]  snr=+6.0dB [ber_drl]  snr=+8.0dB [ber_drl]  snr=+10.0dB [ber_drl]  snr=+12.0dB [ber_drl]  snr=+14.0dB [ber_drl]  snr=+16.0dB [ber_drl]  snr=+18.0dB [ber_drl]  snr=+20.0dB [ber_drl]Done (6.41s)
Batch 709/2000 (active points 11/11) [1h 23m 03s elapsed] ...   snr=+0.0dB [ber_drl]  snr=+2.0dB [ber_drl]  snr=+4.0dB [ber_drl]  snr=+6.0dB [ber_drl]  snr=+8.0dB [ber_drl]  snr=+10.0dB [ber_drl]  snr=+12.0dB [ber_drl]  snr=+14.0dB [ber_drl]  snr=+16.0dB [ber_drl]  snr=+18.0dB [ber_drl]  snr=+20.0dB [ber_drl]Done (6.40s)
Batch 710/2000 (active points 11/11) [1h 23m 10s elapsed] ...   snr=+0.0dB [ber_drl]  snr=+2.0dB [ber_drl]  snr=+4.0dB [ber_drl]  snr=+6.0dB [ber_drl]  snr=+8.0dB [ber_drl]  snr=+10.0dB [ber_drl]  snr=+12.0dB [ber_drl]  snr=+14.0dB [ber_drl]  snr=+16.0dB [ber_drl]  snr=+18.0dB [ber_drl]  snr=+20.0dB [ber_drl]Done (6.42s)
Batch 711/2000 (active points 11/11) [1h 23m 16s elapsed] ...   snr=+0.0dB [ber_drl]  snr=+2.0dB [ber_drl]  snr=+4.0dB [ber_drl]  snr=+6.0dB [ber_drl]  snr=+8.0dB [ber_drl]  snr=+10.0dB [ber_drl]  snr=+12.0dB [ber_drl]  snr=+14.0dB [ber_drl]  snr=+16.0dB [ber_drl]  snr=+18.0dB [ber_drl]  snr=+20.0dB [ber_drl]Done (6.38s)
Batch 712/2000 (active points 11/11) [1h 23m 23s elapsed] ...   snr=+0.0dB [ber_drl]  snr=+2.0dB [ber_drl]  snr=+4.0dB [ber_drl]  snr=+6.0dB [ber_drl]  snr=+8.0dB [ber_drl]  snr=+10.0dB [ber_drl]  snr=+12.0dB [ber_drl]  snr=+14.0dB [ber_drl]  snr=+16.0dB [ber_drl]  snr=+18.0dB [ber_drl]  snr=+20.0dB [ber_drl]Done (6.40s)
Batch 713/2000 (active points 11/11) [1h 23m 29s elapsed] ...   snr=+0.0dB [ber_drl]  snr=+2.0dB [ber_drl]  snr=+4.0dB [ber_drl]  snr=+6.0dB [ber_drl]  snr=+8.0dB [ber_drl]  snr=+10.0dB [ber_drl]  snr=+12.0dB [ber_drl]  snr=+14.0dB [ber_drl]  snr=+16.0dB [ber_drl]  snr=+18.0dB [ber_drl]  snr=+20.0dB [ber_drl]Done (6.39s)
Batch 714/2000 (active points 11/11) [1h 23m 35s elapsed] ...   snr=+0.0dB [ber_drl]  snr=+2.0dB [ber_drl]  snr=+4.0dB [ber_drl]  snr=+6.0dB [ber_drl]  snr=+8.0dB [ber_drl]  snr=+10.0dB [ber_drl]  snr=+12.0dB [ber_drl]  snr=+14.0dB [ber_drl]  snr=+16.0dB [ber_drl]  snr=+18.0dB [ber_drl]  snr=+20.0dB [ber_drl]Done (6.37s)
Batch 715/2000 (active points 11/11) [1h 23m 42s elapsed] ...   snr=+0.0dB [ber_drl]  snr=+2.0dB [ber_drl]  snr=+4.0dB [ber_drl]  snr=+6.0dB [ber_drl]  snr=+8.0dB [ber_drl]  snr=+10.0dB [ber_drl]  snr=+12.0dB [ber_drl]  snr=+14.0dB [ber_drl]  snr=+16.0dB [ber_drl]  snr=+18.0dB [ber_drl]  snr=+20.0dB [ber_drl]Done (6.38s)
Batch 716/2000 (active points 11/11) [1h 23m 48s elapsed] ...   snr=+0.0dB [ber_drl]  snr=+2.0dB [ber_drl]  snr=+4.0dB [ber_drl]  snr=+6.0dB [ber_drl]  snr=+8.0dB [ber_drl]  snr=+10.0dB [ber_drl]  snr=+12.0dB [ber_drl]  snr=+14.0dB [ber_drl]  snr=+16.0dB [ber_drl]  snr=+18.0dB [ber_drl]  snr=+20.0dB [ber_drl]Done (6.39s)
Batch 717/2000 (active points 11/11) [1h 23m 55s elapsed] ...   snr=+0.0dB [ber_drl]  snr=+2.0dB [ber_drl]  snr=+4.0dB [ber_drl]  snr=+6.0dB [ber_drl]  snr=+8.0dB [ber_drl]  snr=+10.0dB [ber_drl]  snr=+12.0dB [ber_drl]  snr=+14.0dB [ber_drl]  snr=+16.0dB [ber_drl]  snr=+18.0dB [ber_drl]  snr=+20.0dB [ber_drl]Done (6.47s)
Batch 718/2000 (active points 11/11) [1h 24m 01s elapsed] ...   snr=+0.0dB [ber_drl]  snr=+2.0dB [ber_drl]  snr=+4.0dB [ber_drl]  snr=+6.0dB [ber_drl]  snr=+8.0dB [ber_drl]  snr=+10.0dB [ber_drl]  snr=+12.0dB [ber_drl]  snr=+14.0dB [ber_drl]  snr=+16.0dB [ber_drl]  snr=+18.0dB [ber_drl]  snr=+20.0dB [ber_drl]Done (6.62s)
Batch 719/2000 (active points 11/11) [1h 24m 08s elapsed] ...   snr=+0.0dB [ber_drl]  snr=+2.0dB [ber_drl]  snr=+4.0dB [ber_drl]  snr=+6.0dB [ber_drl]  snr=+8.0dB [ber_drl]  snr=+10.0dB [ber_drl]  snr=+12.0dB [ber_drl]  snr=+14.0dB [ber_drl]  snr=+16.0dB [ber_drl]  snr=+18.0dB [ber_drl]  snr=+20.0dB [ber_drl]Done (6.50s)
Batch 720/2000 (active points 11/11) [1h 24m 14s elapsed] ...   snr=+0.0dB [ber_drl]  snr=+2.0dB [ber_drl]  snr=+4.0dB [ber_drl]  snr=+6.0dB [ber_drl]  snr=+8.0dB [ber_drl]  snr=+10.0dB [ber_drl]  snr=+12.0dB [ber_drl]  snr=+14.0dB [ber_drl]  snr=+16.0dB [ber_drl]  snr=+18.0dB [ber_drl]  snr=+20.0dB [ber_drl]Done (6.51s)
Batch 721/2000 (active points 11/11) [1h 24m 21s elapsed] ...   snr=+0.0dB [ber_drl]  snr=+2.0dB [ber_drl]  snr=+4.0dB [ber_drl]  snr=+6.0dB [ber_drl]  snr=+8.0dB [ber_drl]  snr=+10.0dB [ber_drl]  snr=+12.0dB [ber_drl]  snr=+14.0dB [ber_drl]  snr=+16.0dB [ber_drl]  snr=+18.0dB [ber_drl]  snr=+20.0dB [ber_drl]Done (6.79s)
Batch 722/2000 (active points 11/11) [1h 24m 27s elapsed] ...   snr=+0.0dB [ber_drl]  snr=+2.0dB [ber_drl]  snr=+4.0dB [ber_drl]  snr=+6.0dB [ber_drl]  snr=+8.0dB [ber_drl]  snr=+10.0dB [ber_drl]  snr=+12.0dB [ber_drl]  snr=+14.0dB [ber_drl]  snr=+16.0dB [ber_drl]  snr=+18.0dB [ber_drl]  snr=+20.0dB [ber_drl]Done (7.14s)
Batch 723/2000 (active points 11/11) [1h 24m 35s elapsed] ...   snr=+0.0dB [ber_drl]  snr=+2.0dB [ber_drl]  snr=+4.0dB [ber_drl]  snr=+6.0dB [ber_drl]  snr=+8.0dB [ber_drl]  snr=+10.0dB [ber_drl]  snr=+12.0dB [ber_drl]  snr=+14.0dB [ber_drl]  snr=+16.0dB [ber_drl]  snr=+18.0dB [ber_drl]  snr=+20.0dB [ber_drl]Done (7.23s)
Batch 724/2000 (active points 11/11) [1h 24m 42s elapsed] ...   snr=+0.0dB [ber_drl]  snr=+2.0dB [ber_drl]  snr=+4.0dB [ber_drl]  snr=+6.0dB [ber_drl]  snr=+8.0dB [ber_drl]  snr=+10.0dB [ber_drl]  snr=+12.0dB [ber_drl]  snr=+14.0dB [ber_drl]  snr=+16.0dB [ber_drl]  snr=+18.0dB [ber_drl]  snr=+20.0dB [ber_drl]Done (6.78s)
Batch 725/2000 (active points 11/11) [1h 24m 49s elapsed] ...   snr=+0.0dB [ber_drl]  snr=+2.0dB [ber_drl]  snr=+4.0dB [ber_drl]  snr=+6.0dB [ber_drl]  snr=+8.0dB [ber_drl]  snr=+10.0dB [ber_drl]  snr=+12.0dB [ber_drl]  snr=+14.0dB [ber_drl]  snr=+16.0dB [ber_drl]  snr=+18.0dB [ber_drl]  snr=+20.0dB [ber_drl]Done (6.42s)
Batch 726/2000 (active points 11/11) [1h 24m 55s elapsed] ...   snr=+0.0dB [ber_drl]  snr=+2.0dB [ber_drl]  snr=+4.0dB [ber_drl]  snr=+6.0dB [ber_drl]  snr=+8.0dB [ber_drl]  snr=+10.0dB [ber_drl]  snr=+12.0dB [ber_drl]  snr=+14.0dB [ber_drl]  snr=+16.0dB [ber_drl]  snr=+18.0dB [ber_drl]  snr=+20.0dB [ber_drl]Done (6.44s)
Batch 727/2000 (active points 11/11) [1h 25m 02s elapsed] ...   snr=+0.0dB [ber_drl]  snr=+2.0dB [ber_drl]  snr=+4.0dB [ber_drl]  snr=+6.0dB [ber_drl]  snr=+8.0dB [ber_drl]  snr=+10.0dB [ber_drl]  snr=+12.0dB [ber_drl]  snr=+14.0dB [ber_drl]  snr=+16.0dB [ber_drl]  snr=+18.0dB [ber_drl]  snr=+20.0dB [ber_drl]Done (6.44s)
Batch 728/2000 (active points 11/11) [1h 25m 08s elapsed] ...   snr=+0.0dB [ber_drl]  snr=+2.0dB [ber_drl]  snr=+4.0dB [ber_drl]  snr=+6.0dB [ber_drl]  snr=+8.0dB [ber_drl]  snr=+10.0dB [ber_drl]  snr=+12.0dB [ber_drl]  snr=+14.0dB [ber_drl]  snr=+16.0dB [ber_drl]  snr=+18.0dB [ber_drl]  snr=+20.0dB [ber_drl]Done (6.40s)
Batch 729/2000 (active points 11/11) [1h 25m 14s elapsed] ...   snr=+0.0dB [ber_drl]  snr=+2.0dB [ber_drl]  snr=+4.0dB [ber_drl]  snr=+6.0dB [ber_drl]  snr=+8.0dB [ber_drl]  snr=+10.0dB [ber_drl]  snr=+12.0dB [ber_drl]  snr=+14.0dB [ber_drl]  snr=+16.0dB [ber_drl]  snr=+18.0dB [ber_drl]  snr=+20.0dB [ber_drl]Done (6.49s)
Batch 730/2000 (active points 11/11) [1h 25m 21s elapsed] ...   snr=+0.0dB [ber_drl]  snr=+2.0dB [ber_drl]  snr=+4.0dB [ber_drl]  snr=+6.0dB [ber_drl]  snr=+8.0dB [ber_drl]  snr=+10.0dB [ber_drl]  snr=+12.0dB [ber_drl]  snr=+14.0dB [ber_drl]  snr=+16.0dB [ber_drl]  snr=+18.0dB [ber_drl]  snr=+20.0dB [ber_drl]Done (6.55s)
Batch 731/2000 (active points 11/11) [1h 25m 27s elapsed] ...   snr=+0.0dB [ber_drl]  snr=+2.0dB [ber_drl]  snr=+4.0dB [ber_drl]  snr=+6.0dB [ber_drl]  snr=+8.0dB [ber_drl]  snr=+10.0dB [ber_drl]  snr=+12.0dB [ber_drl]  snr=+14.0dB [ber_drl]  snr=+16.0dB [ber_drl]  snr=+18.0dB [ber_drl]  snr=+20.0dB [ber_drl]Done (6.60s)
Batch 732/2000 (active points 11/11) [1h 25m 34s elapsed] ...   snr=+0.0dB [ber_drl]  snr=+2.0dB [ber_drl]  snr=+4.0dB [ber_drl]  snr=+6.0dB [ber_drl]  snr=+8.0dB [ber_drl]  snr=+10.0dB [ber_drl]  snr=+12.0dB [ber_drl]  snr=+14.0dB [ber_drl]  snr=+16.0dB [ber_drl]  snr=+18.0dB [ber_drl]  snr=+20.0dB [ber_drl]Done (6.54s)
Batch 733/2000 (active points 11/11) [1h 25m 41s elapsed] ...   snr=+0.0dB [ber_drl]  snr=+2.0dB [ber_drl]  snr=+4.0dB [ber_drl]  snr=+6.0dB [ber_drl]  snr=+8.0dB [ber_drl]  snr=+10.0dB [ber_drl]  snr=+12.0dB [ber_drl]  snr=+14.0dB [ber_drl]  snr=+16.0dB [ber_drl]  snr=+18.0dB [ber_drl]  snr=+20.0dB [ber_drl]Done (6.84s)
Batch 734/2000 (active points 11/11) [1h 25m 47s elapsed] ...   snr=+0.0dB [ber_drl]  snr=+2.0dB [ber_drl]  snr=+4.0dB [ber_drl]  snr=+6.0dB [ber_drl]  snr=+8.0dB [ber_drl]  snr=+10.0dB [ber_drl]  snr=+12.0dB [ber_drl]  snr=+14.0dB [ber_drl]  snr=+16.0dB [ber_drl]  snr=+18.0dB [ber_drl]  snr=+20.0dB [ber_drl]Done (7.07s)
Batch 735/2000 (active points 11/11) [1h 25m 54s elapsed] ...   snr=+0.0dB [ber_drl]  snr=+2.0dB [ber_drl]  snr=+4.0dB [ber_drl]  snr=+6.0dB [ber_drl]  snr=+8.0dB [ber_drl]  snr=+10.0dB [ber_drl]  snr=+12.0dB [ber_drl]  snr=+14.0dB [ber_drl]  snr=+16.0dB [ber_drl]  snr=+18.0dB [ber_drl]  snr=+20.0dB [ber_drl]Done (6.78s)
Batch 736/2000 (active points 11/11) [1h 26m 01s elapsed] ...   snr=+0.0dB [ber_drl]  snr=+2.0dB [ber_drl]  snr=+4.0dB [ber_drl]  snr=+6.0dB [ber_drl]  snr=+8.0dB [ber_drl]  snr=+10.0dB [ber_drl]  snr=+12.0dB [ber_drl]  snr=+14.0dB [ber_drl]  snr=+16.0dB [ber_drl]  snr=+18.0dB [ber_drl]  snr=+20.0dB [ber_drl]Done (6.46s)
Batch 737/2000 (active points 11/11) [1h 26m 08s elapsed] ...   snr=+0.0dB [ber_drl]  snr=+2.0dB [ber_drl]  snr=+4.0dB [ber_drl]  snr=+6.0dB [ber_drl]  snr=+8.0dB [ber_drl]  snr=+10.0dB [ber_drl]  snr=+12.0dB [ber_drl]  snr=+14.0dB [ber_drl]  snr=+16.0dB [ber_drl]  snr=+18.0dB [ber_drl]  snr=+20.0dB [ber_drl]Done (6.41s)
Batch 738/2000 (active points 11/11) [1h 26m 14s elapsed] ...   snr=+0.0dB [ber_drl]  snr=+2.0dB [ber_drl]  snr=+4.0dB [ber_drl]  snr=+6.0dB [ber_drl]  snr=+8.0dB [ber_drl]  snr=+10.0dB [ber_drl]  snr=+12.0dB [ber_drl]  snr=+14.0dB [ber_drl]  snr=+16.0dB [ber_drl]  snr=+18.0dB [ber_drl]  snr=+20.0dB [ber_drl]Done (6.42s)
Batch 739/2000 (active points 11/11) [1h 26m 21s elapsed] ...   snr=+0.0dB [ber_drl]  snr=+2.0dB [ber_drl]  snr=+4.0dB [ber_drl]  snr=+6.0dB [ber_drl]  snr=+8.0dB [ber_drl]  snr=+10.0dB [ber_drl]  snr=+12.0dB [ber_drl]  snr=+14.0dB [ber_drl]  snr=+16.0dB [ber_drl]  snr=+18.0dB [ber_drl]  snr=+20.0dB [ber_drl]Done (6.55s)
Batch 740/2000 (active points 11/11) [1h 26m 27s elapsed] ...   snr=+0.0dB [ber_drl]  snr=+2.0dB [ber_drl]  snr=+4.0dB [ber_drl]  snr=+6.0dB [ber_drl]  snr=+8.0dB [ber_drl]  snr=+10.0dB [ber_drl]  snr=+12.0dB [ber_drl]  snr=+14.0dB [ber_drl]  snr=+16.0dB [ber_drl]  snr=+18.0dB [ber_drl]  snr=+20.0dB [ber_drl]Done (6.37s)
Batch 741/2000 (active points 11/11) [1h 26m 33s elapsed] ...   snr=+0.0dB [ber_drl]  snr=+2.0dB [ber_drl]  snr=+4.0dB [ber_drl]  snr=+6.0dB [ber_drl]  snr=+8.0dB [ber_drl]  snr=+10.0dB [ber_drl]  snr=+12.0dB [ber_drl]  snr=+14.0dB [ber_drl]  snr=+16.0dB [ber_drl]  snr=+18.0dB [ber_drl]  snr=+20.0dB [ber_drl]Done (6.38s)
Batch 742/2000 (active points 11/11) [1h 26m 40s elapsed] ...   snr=+0.0dB [ber_drl]  snr=+2.0dB [ber_drl]  snr=+4.0dB [ber_drl]  snr=+6.0dB [ber_drl]  snr=+8.0dB [ber_drl]  snr=+10.0dB [ber_drl]  snr=+12.0dB [ber_drl]  snr=+14.0dB [ber_drl]  snr=+16.0dB [ber_drl]  snr=+18.0dB [ber_drl]  snr=+20.0dB [ber_drl]Done (6.38s)
Batch 743/2000 (active points 11/11) [1h 26m 46s elapsed] ...   snr=+0.0dB [ber_drl]  snr=+2.0dB [ber_drl]  snr=+4.0dB [ber_drl]  snr=+6.0dB [ber_drl]  snr=+8.0dB [ber_drl]  snr=+10.0dB [ber_drl]  snr=+12.0dB [ber_drl]  snr=+14.0dB [ber_drl]  snr=+16.0dB [ber_drl]  snr=+18.0dB [ber_drl]  snr=+20.0dB [ber_drl]Done (6.42s)
Batch 744/2000 (active points 11/11) [1h 26m 53s elapsed] ...   snr=+0.0dB [ber_drl]  snr=+2.0dB [ber_drl]  snr=+4.0dB [ber_drl]  snr=+6.0dB [ber_drl]  snr=+8.0dB [ber_drl]  snr=+10.0dB [ber_drl]  snr=+12.0dB [ber_drl]  snr=+14.0dB [ber_drl]  snr=+16.0dB [ber_drl]  snr=+18.0dB [ber_drl]  snr=+20.0dB [ber_drl]Done (6.44s)
Batch 745/2000 (active points 11/11) [1h 26m 59s elapsed] ...   snr=+0.0dB [ber_drl]  snr=+2.0dB [ber_drl]  snr=+4.0dB [ber_drl]  snr=+6.0dB [ber_drl]  snr=+8.0dB [ber_drl]  snr=+10.0dB [ber_drl]  snr=+12.0dB [ber_drl]  snr=+14.0dB [ber_drl]  snr=+16.0dB [ber_drl]  snr=+18.0dB [ber_drl]  snr=+20.0dB [ber_drl]Done (6.44s)
Batch 746/2000 (active points 11/11) [1h 27m 06s elapsed] ...   snr=+0.0dB [ber_drl]  snr=+2.0dB [ber_drl]  snr=+4.0dB [ber_drl]  snr=+6.0dB [ber_drl]  snr=+8.0dB [ber_drl]  snr=+10.0dB [ber_drl]  snr=+12.0dB [ber_drl]  snr=+14.0dB [ber_drl]  snr=+16.0dB [ber_drl]  snr=+18.0dB [ber_drl]  snr=+20.0dB [ber_drl]Done (6.47s)
Batch 747/2000 (active points 11/11) [1h 27m 12s elapsed] ...   snr=+0.0dB [ber_drl]  snr=+2.0dB [ber_drl]  snr=+4.0dB [ber_drl]  snr=+6.0dB [ber_drl]  snr=+8.0dB [ber_drl]  snr=+10.0dB [ber_drl]  snr=+12.0dB [ber_drl]  snr=+14.0dB [ber_drl]  snr=+16.0dB [ber_drl]  snr=+18.0dB [ber_drl]  snr=+20.0dB [ber_drl]Done (6.49s)
Batch 748/2000 (active points 11/11) [1h 27m 19s elapsed] ...   snr=+0.0dB [ber_drl]  snr=+2.0dB [ber_drl]  snr=+4.0dB [ber_drl]  snr=+6.0dB [ber_drl]  snr=+8.0dB [ber_drl]  snr=+10.0dB [ber_drl]  snr=+12.0dB [ber_drl]  snr=+14.0dB [ber_drl]  snr=+16.0dB [ber_drl]  snr=+18.0dB [ber_drl]  snr=+20.0dB [ber_drl]Done (6.47s)
Batch 749/2000 (active points 11/11) [1h 27m 25s elapsed] ...   snr=+0.0dB [ber_drl]  snr=+2.0dB [ber_drl]  snr=+4.0dB [ber_drl]  snr=+6.0dB [ber_drl]  snr=+8.0dB [ber_drl]  snr=+10.0dB [ber_drl]  snr=+12.0dB [ber_drl]  snr=+14.0dB [ber_drl]  snr=+16.0dB [ber_drl]  snr=+18.0dB [ber_drl]  snr=+20.0dB [ber_drl]Done (6.63s)
Batch 750/2000 (active points 11/11) [1h 27m 32s elapsed] ...   snr=+0.0dB [ber_drl]  snr=+2.0dB [ber_drl]  snr=+4.0dB [ber_drl]  snr=+6.0dB [ber_drl]  snr=+8.0dB [ber_drl]  snr=+10.0dB [ber_drl]  snr=+12.0dB [ber_drl]  snr=+14.0dB [ber_drl]  snr=+16.0dB [ber_drl]  snr=+18.0dB [ber_drl]  snr=+20.0dB [ber_drl]Done (6.45s)
Batch 751/2000 (active points 11/11) [1h 27m 38s elapsed] ...   snr=+0.0dB [ber_drl]  snr=+2.0dB [ber_drl]  snr=+4.0dB [ber_drl]  snr=+6.0dB [ber_drl]  snr=+8.0dB [ber_drl]  snr=+10.0dB [ber_drl]  snr=+12.0dB [ber_drl]  snr=+14.0dB [ber_drl]  snr=+16.0dB [ber_drl]  snr=+18.0dB [ber_drl]  snr=+20.0dB [ber_drl]Done (6.57s)
Batch 752/2000 (active points 11/11) [1h 27m 45s elapsed] ...   snr=+0.0dB [ber_drl]  snr=+2.0dB [ber_drl]  snr=+4.0dB [ber_drl]  snr=+6.0dB [ber_drl]  snr=+8.0dB [ber_drl]  snr=+10.0dB [ber_drl]  snr=+12.0dB [ber_drl]  snr=+14.0dB [ber_drl]  snr=+16.0dB [ber_drl]  snr=+18.0dB [ber_drl]  snr=+20.0dB [ber_drl]Done (6.42s)
Batch 753/2000 (active points 11/11) [1h 27m 51s elapsed] ...   snr=+0.0dB [ber_drl]  snr=+2.0dB [ber_drl]  snr=+4.0dB [ber_drl]  snr=+6.0dB [ber_drl]  snr=+8.0dB [ber_drl]  snr=+10.0dB [ber_drl]  snr=+12.0dB [ber_drl]  snr=+14.0dB [ber_drl]  snr=+16.0dB [ber_drl]  snr=+18.0dB [ber_drl]  snr=+20.0dB [ber_drl]Done (6.50s)
Batch 754/2000 (active points 11/11) [1h 27m 58s elapsed] ...   snr=+0.0dB [ber_drl]  snr=+2.0dB [ber_drl]  snr=+4.0dB [ber_drl]  snr=+6.0dB [ber_drl]  snr=+8.0dB [ber_drl]  snr=+10.0dB [ber_drl]  snr=+12.0dB [ber_drl]  snr=+14.0dB [ber_drl]  snr=+16.0dB [ber_drl]  snr=+18.0dB [ber_drl]  snr=+20.0dB [ber_drl]Done (6.67s)
Batch 755/2000 (active points 11/11) [1h 28m 04s elapsed] ...   snr=+0.0dB [ber_drl]  snr=+2.0dB [ber_drl]  snr=+4.0dB [ber_drl]  snr=+6.0dB [ber_drl]  snr=+8.0dB [ber_drl]  snr=+10.0dB [ber_drl]  snr=+12.0dB [ber_drl]  snr=+14.0dB [ber_drl]  snr=+16.0dB [ber_drl]  snr=+18.0dB [ber_drl]  snr=+20.0dB [ber_drl]Done (6.50s)
Batch 756/2000 (active points 11/11) [1h 28m 11s elapsed] ...   snr=+0.0dB [ber_drl]  snr=+2.0dB [ber_drl]  snr=+4.0dB [ber_drl]  snr=+6.0dB [ber_drl]  snr=+8.0dB [ber_drl]  snr=+10.0dB [ber_drl]  snr=+12.0dB [ber_drl]  snr=+14.0dB [ber_drl]  snr=+16.0dB [ber_drl]  snr=+18.0dB [ber_drl]  snr=+20.0dB [ber_drl]Done (6.42s)
Batch 757/2000 (active points 11/11) [1h 28m 17s elapsed] ...   snr=+0.0dB [ber_drl]  snr=+2.0dB [ber_drl]  snr=+4.0dB [ber_drl]  snr=+6.0dB [ber_drl]  snr=+8.0dB [ber_drl]  snr=+10.0dB [ber_drl]  snr=+12.0dB [ber_drl]  snr=+14.0dB [ber_drl]  snr=+16.0dB [ber_drl]  snr=+18.0dB [ber_drl]  snr=+20.0dB [ber_drl]Done (6.59s)
Batch 758/2000 (active points 11/11) [1h 28m 24s elapsed] ...   snr=+0.0dB [ber_drl]  snr=+2.0dB [ber_drl]  snr=+4.0dB [ber_drl]  snr=+6.0dB [ber_drl]  snr=+8.0dB [ber_drl]  snr=+10.0dB [ber_drl]  snr=+12.0dB [ber_drl]  snr=+14.0dB [ber_drl]  snr=+16.0dB [ber_drl]  snr=+18.0dB [ber_drl]  snr=+20.0dB [ber_drl]Done (6.57s)
Batch 759/2000 (active points 11/11) [1h 28m 30s elapsed] ...   snr=+0.0dB [ber_drl]  snr=+2.0dB [ber_drl]  snr=+4.0dB [ber_drl]  snr=+6.0dB [ber_drl]  snr=+8.0dB [ber_drl]  snr=+10.0dB [ber_drl]  snr=+12.0dB [ber_drl]  snr=+14.0dB [ber_drl]  snr=+16.0dB [ber_drl]  snr=+18.0dB [ber_drl]  snr=+20.0dB [ber_drl]Done (6.82s)
Batch 760/2000 (active points 11/11) [1h 28m 37s elapsed] ...   snr=+0.0dB [ber_drl]  snr=+2.0dB [ber_drl]  snr=+4.0dB [ber_drl]  snr=+6.0dB [ber_drl]  snr=+8.0dB [ber_drl]  snr=+10.0dB [ber_drl]  snr=+12.0dB [ber_drl]  snr=+14.0dB [ber_drl]  snr=+16.0dB [ber_drl]  snr=+18.0dB [ber_drl]  snr=+20.0dB [ber_drl]Done (6.72s)
Batch 761/2000 (active points 11/11) [1h 28m 44s elapsed] ...   snr=+0.0dB [ber_drl]  snr=+2.0dB [ber_drl]  snr=+4.0dB [ber_drl]  snr=+6.0dB [ber_drl]  snr=+8.0dB [ber_drl]  snr=+10.0dB [ber_drl]  snr=+12.0dB [ber_drl]  snr=+14.0dB [ber_drl]  snr=+16.0dB [ber_drl]  snr=+18.0dB [ber_drl]  snr=+20.0dB [ber_drl]Done (6.74s)
Batch 762/2000 (active points 11/11) [1h 28m 51s elapsed] ...   snr=+0.0dB [ber_drl]  snr=+2.0dB [ber_drl]  snr=+4.0dB [ber_drl]  snr=+6.0dB [ber_drl]  snr=+8.0dB [ber_drl]  snr=+10.0dB [ber_drl]  snr=+12.0dB [ber_drl]  snr=+14.0dB [ber_drl]  snr=+16.0dB [ber_drl]  snr=+18.0dB [ber_drl]  snr=+20.0dB [ber_drl]Done (7.48s)
Batch 763/2000 (active points 11/11) [1h 28m 58s elapsed] ...   snr=+0.0dB [ber_drl]  snr=+2.0dB [ber_drl]  snr=+4.0dB [ber_drl]  snr=+6.0dB [ber_drl]  snr=+8.0dB [ber_drl]  snr=+10.0dB [ber_drl]  snr=+12.0dB [ber_drl]  snr=+14.0dB [ber_drl]  snr=+16.0dB [ber_drl]  snr=+18.0dB [ber_drl]  snr=+20.0dB [ber_drl]Done (7.34s)
Batch 764/2000 (active points 11/11) [1h 29m 05s elapsed] ...   snr=+0.0dB [ber_drl]  snr=+2.0dB [ber_drl]  snr=+4.0dB [ber_drl]  snr=+6.0dB [ber_drl]  snr=+8.0dB [ber_drl]  snr=+10.0dB [ber_drl]  snr=+12.0dB [ber_drl]  snr=+14.0dB [ber_drl]  snr=+16.0dB [ber_drl]  snr=+18.0dB [ber_drl]  snr=+20.0dB [ber_drl]Done (7.02s)
Batch 765/2000 (active points 11/11) [1h 29m 12s elapsed] ...   snr=+0.0dB [ber_drl]  snr=+2.0dB [ber_drl]  snr=+4.0dB [ber_drl]  snr=+6.0dB [ber_drl]  snr=+8.0dB [ber_drl]  snr=+10.0dB [ber_drl]  snr=+12.0dB [ber_drl]  snr=+14.0dB [ber_drl]  snr=+16.0dB [ber_drl]  snr=+18.0dB [ber_drl]  snr=+20.0dB [ber_drl]Done (6.99s)
Batch 766/2000 (active points 11/11) [1h 29m 19s elapsed] ...   snr=+0.0dB [ber_drl]  snr=+2.0dB [ber_drl]  snr=+4.0dB [ber_drl]  snr=+6.0dB [ber_drl]  snr=+8.0dB [ber_drl]  snr=+10.0dB [ber_drl]  snr=+12.0dB [ber_drl]  snr=+14.0dB [ber_drl]  snr=+16.0dB [ber_drl]  snr=+18.0dB [ber_drl]  snr=+20.0dB [ber_drl]Done (6.97s)
Batch 767/2000 (active points 11/11) [1h 29m 26s elapsed] ...   snr=+0.0dB [ber_drl]  snr=+2.0dB [ber_drl]  snr=+4.0dB [ber_drl]  snr=+6.0dB [ber_drl]  snr=+8.0dB [ber_drl]  snr=+10.0dB [ber_drl]  snr=+12.0dB [ber_drl]  snr=+14.0dB [ber_drl]  snr=+16.0dB [ber_drl]  snr=+18.0dB [ber_drl]  snr=+20.0dB [ber_drl]Done (6.99s)
Batch 768/2000 (active points 11/11) [1h 29m 33s elapsed] ...   snr=+0.0dB [ber_drl]  snr=+2.0dB [ber_drl]  snr=+4.0dB [ber_drl]  snr=+6.0dB [ber_drl]  snr=+8.0dB [ber_drl]  snr=+10.0dB [ber_drl]  snr=+12.0dB [ber_drl]  snr=+14.0dB [ber_drl]  snr=+16.0dB [ber_drl]  snr=+18.0dB [ber_drl]  snr=+20.0dB [ber_drl]Done (7.02s)
Batch 769/2000 (active points 11/11) [1h 29m 40s elapsed] ...   snr=+0.0dB [ber_drl]  snr=+2.0dB [ber_drl]  snr=+4.0dB [ber_drl]  snr=+6.0dB [ber_drl]  snr=+8.0dB [ber_drl]  snr=+10.0dB [ber_drl]  snr=+12.0dB [ber_drl]  snr=+14.0dB [ber_drl]  snr=+16.0dB [ber_drl]  snr=+18.0dB [ber_drl]  snr=+20.0dB [ber_drl]Done (7.02s)
Batch 770/2000 (active points 11/11) [1h 29m 47s elapsed] ...   snr=+0.0dB [ber_drl]  snr=+2.0dB [ber_drl]  snr=+4.0dB [ber_drl]  snr=+6.0dB [ber_drl]  snr=+8.0dB [ber_drl]  snr=+10.0dB [ber_drl]  snr=+12.0dB [ber_drl]  snr=+14.0dB [ber_drl]  snr=+16.0dB [ber_drl]  snr=+18.0dB [ber_drl]  snr=+20.0dB [ber_drl]Done (6.96s)
Batch 771/2000 (active points 11/11) [1h 29m 54s elapsed] ...   snr=+0.0dB [ber_drl]  snr=+2.0dB [ber_drl]  snr=+4.0dB [ber_drl]  snr=+6.0dB [ber_drl]  snr=+8.0dB [ber_drl]  snr=+10.0dB [ber_drl]  snr=+12.0dB [ber_drl]  snr=+14.0dB [ber_drl]  snr=+16.0dB [ber_drl]  snr=+18.0dB [ber_drl]  snr=+20.0dB [ber_drl]Done (6.94s)
Batch 772/2000 (active points 11/11) [1h 30m 01s elapsed] ...   snr=+0.0dB [ber_drl]  snr=+2.0dB [ber_drl]  snr=+4.0dB [ber_drl]  snr=+6.0dB [ber_drl]  snr=+8.0dB [ber_drl]  snr=+10.0dB [ber_drl]  snr=+12.0dB [ber_drl]  snr=+14.0dB [ber_drl]  snr=+16.0dB [ber_drl]  snr=+18.0dB [ber_drl]  snr=+20.0dB [ber_drl]Done (7.02s)
Batch 773/2000 (active points 11/11) [1h 30m 08s elapsed] ...   snr=+0.0dB [ber_drl]  snr=+2.0dB [ber_drl]  snr=+4.0dB [ber_drl]  snr=+6.0dB [ber_drl]  snr=+8.0dB [ber_drl]  snr=+10.0dB [ber_drl]  snr=+12.0dB [ber_drl]  snr=+14.0dB [ber_drl]  snr=+16.0dB [ber_drl]  snr=+18.0dB [ber_drl]  snr=+20.0dB [ber_drl]Done (6.99s)
Batch 774/2000 (active points 11/11) [1h 30m 15s elapsed] ...   snr=+0.0dB [ber_drl]  snr=+2.0dB [ber_drl]  snr=+4.0dB [ber_drl]  snr=+6.0dB [ber_drl]  snr=+8.0dB [ber_drl]  snr=+10.0dB [ber_drl]  snr=+12.0dB [ber_drl]  snr=+14.0dB [ber_drl]  snr=+16.0dB [ber_drl]  snr=+18.0dB [ber_drl]  snr=+20.0dB [ber_drl]Done (6.93s)
Batch 775/2000 (active points 11/11) [1h 30m 22s elapsed] ...   snr=+0.0dB [ber_drl]  snr=+2.0dB [ber_drl]  snr=+4.0dB [ber_drl]  snr=+6.0dB [ber_drl]  snr=+8.0dB [ber_drl]  snr=+10.0dB [ber_drl]  snr=+12.0dB [ber_drl]  snr=+14.0dB [ber_drl]  snr=+16.0dB [ber_drl]  snr=+18.0dB [ber_drl]  snr=+20.0dB [ber_drl]Done (7.03s)
Batch 776/2000 (active points 11/11) [1h 30m 29s elapsed] ...   snr=+0.0dB [ber_drl]  snr=+2.0dB [ber_drl]  snr=+4.0dB [ber_drl]  snr=+6.0dB [ber_drl]  snr=+8.0dB [ber_drl]  snr=+10.0dB [ber_drl]  snr=+12.0dB [ber_drl]  snr=+14.0dB [ber_drl]  snr=+16.0dB [ber_drl]  snr=+18.0dB [ber_drl]  snr=+20.0dB [ber_drl]Done (7.06s)
Batch 777/2000 (active points 11/11) [1h 30m 36s elapsed] ...   snr=+0.0dB [ber_drl]  snr=+2.0dB [ber_drl]  snr=+4.0dB [ber_drl]  snr=+6.0dB [ber_drl]  snr=+8.0dB [ber_drl]  snr=+10.0dB [ber_drl]  snr=+12.0dB [ber_drl]  snr=+14.0dB [ber_drl]  snr=+16.0dB [ber_drl]  snr=+18.0dB [ber_drl]  snr=+20.0dB [ber_drl]Done (7.00s)
Batch 778/2000 (active points 11/11) [1h 30m 43s elapsed] ...   snr=+0.0dB [ber_drl]  snr=+2.0dB [ber_drl]  snr=+4.0dB [ber_drl]  snr=+6.0dB [ber_drl]  snr=+8.0dB [ber_drl]  snr=+10.0dB [ber_drl]  snr=+12.0dB [ber_drl]  snr=+14.0dB [ber_drl]  snr=+16.0dB [ber_drl]  snr=+18.0dB [ber_drl]  snr=+20.0dB [ber_drl]Done (6.96s)
Batch 779/2000 (active points 11/11) [1h 30m 50s elapsed] ...   snr=+0.0dB [ber_drl]  snr=+2.0dB [ber_drl]  snr=+4.0dB [ber_drl]  snr=+6.0dB [ber_drl]  snr=+8.0dB [ber_drl]  snr=+10.0dB [ber_drl]  snr=+12.0dB [ber_drl]  snr=+14.0dB [ber_drl]  snr=+16.0dB [ber_drl]  snr=+18.0dB [ber_drl]  snr=+20.0dB [ber_drl]Done (6.96s)
Batch 780/2000 (active points 11/11) [1h 30m 57s elapsed] ...   snr=+0.0dB [ber_drl]  snr=+2.0dB [ber_drl]  snr=+4.0dB [ber_drl]  snr=+6.0dB [ber_drl]  snr=+8.0dB [ber_drl]  snr=+10.0dB [ber_drl]  snr=+12.0dB [ber_drl]  snr=+14.0dB [ber_drl]  snr=+16.0dB [ber_drl]  snr=+18.0dB [ber_drl]  snr=+20.0dB [ber_drl]Done (7.00s)
Batch 781/2000 (active points 11/11) [1h 31m 04s elapsed] ...   snr=+0.0dB [ber_drl]  snr=+2.0dB [ber_drl]  snr=+4.0dB [ber_drl]  snr=+6.0dB [ber_drl]  snr=+8.0dB [ber_drl]  snr=+10.0dB [ber_drl]  snr=+12.0dB [ber_drl]  snr=+14.0dB [ber_drl]  snr=+16.0dB [ber_drl]  snr=+18.0dB [ber_drl]  snr=+20.0dB [ber_drl]Done (6.97s)
Batch 782/2000 (active points 11/11) [1h 31m 11s elapsed] ...   snr=+0.0dB [ber_drl]  snr=+2.0dB [ber_drl]  snr=+4.0dB [ber_drl]  snr=+6.0dB [ber_drl]  snr=+8.0dB [ber_drl]  snr=+10.0dB [ber_drl]  snr=+12.0dB [ber_drl]  snr=+14.0dB [ber_drl]  snr=+16.0dB [ber_drl]  snr=+18.0dB [ber_drl]  snr=+20.0dB [ber_drl]Done (6.90s)
Batch 783/2000 (active points 11/11) [1h 31m 18s elapsed] ...   snr=+0.0dB [ber_drl]  snr=+2.0dB [ber_drl]  snr=+4.0dB [ber_drl]  snr=+6.0dB [ber_drl]  snr=+8.0dB [ber_drl]  snr=+10.0dB [ber_drl]  snr=+12.0dB [ber_drl]  snr=+14.0dB [ber_drl]  snr=+16.0dB [ber_drl]  snr=+18.0dB [ber_drl]  snr=+20.0dB [ber_drl]Done (7.22s)
Batch 784/2000 (active points 11/11) [1h 31m 25s elapsed] ...   snr=+0.0dB [ber_drl]  snr=+2.0dB [ber_drl]  snr=+4.0dB [ber_drl]  snr=+6.0dB [ber_drl]  snr=+8.0dB [ber_drl]  snr=+10.0dB [ber_drl]  snr=+12.0dB [ber_drl]  snr=+14.0dB [ber_drl]  snr=+16.0dB [ber_drl]  snr=+18.0dB [ber_drl]  snr=+20.0dB [ber_drl]Done (7.11s)
Batch 785/2000 (active points 11/11) [1h 31m 33s elapsed] ...   snr=+0.0dB [ber_drl]  snr=+2.0dB [ber_drl]  snr=+4.0dB [ber_drl]  snr=+6.0dB [ber_drl]  snr=+8.0dB [ber_drl]  snr=+10.0dB [ber_drl]  snr=+12.0dB [ber_drl]  snr=+14.0dB [ber_drl]  snr=+16.0dB [ber_drl]  snr=+18.0dB [ber_drl]  snr=+20.0dB [ber_drl]Done (7.03s)
Batch 786/2000 (active points 11/11) [1h 31m 40s elapsed] ...   snr=+0.0dB [ber_drl]  snr=+2.0dB [ber_drl]  snr=+4.0dB [ber_drl]  snr=+6.0dB [ber_drl]  snr=+8.0dB [ber_drl]  snr=+10.0dB [ber_drl]  snr=+12.0dB [ber_drl]  snr=+14.0dB [ber_drl]  snr=+16.0dB [ber_drl]  snr=+18.0dB [ber_drl]  snr=+20.0dB [ber_drl]Done (6.99s)
Batch 787/2000 (active points 11/11) [1h 31m 47s elapsed] ...   snr=+0.0dB [ber_drl]  snr=+2.0dB [ber_drl]  snr=+4.0dB [ber_drl]  snr=+6.0dB [ber_drl]  snr=+8.0dB [ber_drl]  snr=+10.0dB [ber_drl]  snr=+12.0dB [ber_drl]  snr=+14.0dB [ber_drl]  snr=+16.0dB [ber_drl]  snr=+18.0dB [ber_drl]  snr=+20.0dB [ber_drl]Done (7.05s)
Batch 788/2000 (active points 11/11) [1h 31m 54s elapsed] ...   snr=+0.0dB [ber_drl]  snr=+2.0dB [ber_drl]  snr=+4.0dB [ber_drl]  snr=+6.0dB [ber_drl]  snr=+8.0dB [ber_drl]  snr=+10.0dB [ber_drl]  snr=+12.0dB [ber_drl]  snr=+14.0dB [ber_drl]  snr=+16.0dB [ber_drl]  snr=+18.0dB [ber_drl]  snr=+20.0dB [ber_drl]Done (7.02s)
Batch 789/2000 (active points 11/11) [1h 32m 01s elapsed] ...   snr=+0.0dB [ber_drl]  snr=+2.0dB [ber_drl]  snr=+4.0dB [ber_drl]  snr=+6.0dB [ber_drl]  snr=+8.0dB [ber_drl]  snr=+10.0dB [ber_drl]  snr=+12.0dB [ber_drl]  snr=+14.0dB [ber_drl]  snr=+16.0dB [ber_drl]  snr=+18.0dB [ber_drl]  snr=+20.0dB [ber_drl]Done (7.04s)
Batch 790/2000 (active points 11/11) [1h 32m 08s elapsed] ...   snr=+0.0dB [ber_drl]  snr=+2.0dB [ber_drl]  snr=+4.0dB [ber_drl]  snr=+6.0dB [ber_drl]  snr=+8.0dB [ber_drl]  snr=+10.0dB [ber_drl]  snr=+12.0dB [ber_drl]  snr=+14.0dB [ber_drl]  snr=+16.0dB [ber_drl]  snr=+18.0dB [ber_drl]  snr=+20.0dB [ber_drl]Done (7.01s)
Batch 791/2000 (active points 11/11) [1h 32m 15s elapsed] ...   snr=+0.0dB [ber_drl]  snr=+2.0dB [ber_drl]  snr=+4.0dB [ber_drl]  snr=+6.0dB [ber_drl]  snr=+8.0dB [ber_drl]  snr=+10.0dB [ber_drl]  snr=+12.0dB [ber_drl]  snr=+14.0dB [ber_drl]  snr=+16.0dB [ber_drl]  snr=+18.0dB [ber_drl]  snr=+20.0dB [ber_drl]Done (6.97s)
Batch 792/2000 (active points 11/11) [1h 32m 22s elapsed] ...   snr=+0.0dB [ber_drl]  snr=+2.0dB [ber_drl]  snr=+4.0dB [ber_drl]  snr=+6.0dB [ber_drl]  snr=+8.0dB [ber_drl]  snr=+10.0dB [ber_drl]  snr=+12.0dB [ber_drl]  snr=+14.0dB [ber_drl]  snr=+16.0dB [ber_drl]  snr=+18.0dB [ber_drl]  snr=+20.0dB [ber_drl]Done (7.04s)
Batch 793/2000 (active points 11/11) [1h 32m 29s elapsed] ...   snr=+0.0dB [ber_drl]  snr=+2.0dB [ber_drl]  snr=+4.0dB [ber_drl]  snr=+6.0dB [ber_drl]  snr=+8.0dB [ber_drl]  snr=+10.0dB [ber_drl]  snr=+12.0dB [ber_drl]  snr=+14.0dB [ber_drl]  snr=+16.0dB [ber_drl]  snr=+18.0dB [ber_drl]  snr=+20.0dB [ber_drl]Done (7.05s)
Batch 794/2000 (active points 11/11) [1h 32m 36s elapsed] ...   snr=+0.0dB [ber_drl]  snr=+2.0dB [ber_drl]  snr=+4.0dB [ber_drl]  snr=+6.0dB [ber_drl]  snr=+8.0dB [ber_drl]  snr=+10.0dB [ber_drl]  snr=+12.0dB [ber_drl]  snr=+14.0dB [ber_drl]  snr=+16.0dB [ber_drl]  snr=+18.0dB [ber_drl]  snr=+20.0dB [ber_drl]Done (6.99s)
Batch 795/2000 (active points 11/11) [1h 32m 43s elapsed] ...   snr=+0.0dB [ber_drl]  snr=+2.0dB [ber_drl]  snr=+4.0dB [ber_drl]  snr=+6.0dB [ber_drl]  snr=+8.0dB [ber_drl]  snr=+10.0dB [ber_drl]  snr=+12.0dB [ber_drl]  snr=+14.0dB [ber_drl]  snr=+16.0dB [ber_drl]  snr=+18.0dB [ber_drl]  snr=+20.0dB [ber_drl]Done (7.01s)
Batch 796/2000 (active points 11/11) [1h 32m 50s elapsed] ...   snr=+0.0dB [ber_drl]  snr=+2.0dB [ber_drl]  snr=+4.0dB [ber_drl]  snr=+6.0dB [ber_drl]  snr=+8.0dB [ber_drl]  snr=+10.0dB [ber_drl]  snr=+12.0dB [ber_drl]  snr=+14.0dB [ber_drl]  snr=+16.0dB [ber_drl]  snr=+18.0dB [ber_drl]  snr=+20.0dB [ber_drl]Done (7.03s)
Batch 797/2000 (active points 11/11) [1h 32m 57s elapsed] ...   snr=+0.0dB [ber_drl]  snr=+2.0dB [ber_drl]  snr=+4.0dB [ber_drl]  snr=+6.0dB [ber_drl]  snr=+8.0dB [ber_drl]  snr=+10.0dB [ber_drl]  snr=+12.0dB [ber_drl]  snr=+14.0dB [ber_drl]  snr=+16.0dB [ber_drl]  snr=+18.0dB [ber_drl]  snr=+20.0dB [ber_drl]Done (6.99s)
Batch 798/2000 (active points 11/11) [1h 33m 04s elapsed] ...   snr=+0.0dB [ber_drl]  snr=+2.0dB [ber_drl]  snr=+4.0dB [ber_drl]  snr=+6.0dB [ber_drl]  snr=+8.0dB [ber_drl]  snr=+10.0dB [ber_drl]  snr=+12.0dB [ber_drl]  snr=+14.0dB [ber_drl]  snr=+16.0dB [ber_drl]  snr=+18.0dB [ber_drl]  snr=+20.0dB [ber_drl]Done (7.01s)
Batch 799/2000 (active points 11/11) [1h 33m 11s elapsed] ...   snr=+0.0dB [ber_drl]  snr=+2.0dB [ber_drl]  snr=+4.0dB [ber_drl]  snr=+6.0dB [ber_drl]  snr=+8.0dB [ber_drl]  snr=+10.0dB [ber_drl]  snr=+12.0dB [ber_drl]  snr=+14.0dB [ber_drl]  snr=+16.0dB [ber_drl]  snr=+18.0dB [ber_drl]  snr=+20.0dB [ber_drl]Done (7.00s)
Batch 800/2000 (active points 11/11) [1h 33m 18s elapsed] ...   snr=+0.0dB [ber_drl]  snr=+2.0dB [ber_drl]  snr=+4.0dB [ber_drl]  snr=+6.0dB [ber_drl]  snr=+8.0dB [ber_drl]  snr=+10.0dB [ber_drl]  snr=+12.0dB [ber_drl]  snr=+14.0dB [ber_drl]  snr=+16.0dB [ber_drl]  snr=+18.0dB [ber_drl]  snr=+20.0dB [ber_drl]Done (6.99s)
Batch 801/2000 (active points 11/11) [1h 33m 25s elapsed] ...   snr=+0.0dB [ber_drl]  snr=+2.0dB [ber_drl]  snr=+4.0dB [ber_drl]  snr=+6.0dB [ber_drl]  snr=+8.0dB [ber_drl]  snr=+10.0dB [ber_drl]  snr=+12.0dB [ber_drl]  snr=+14.0dB [ber_drl]  snr=+16.0dB [ber_drl]  snr=+18.0dB [ber_drl]  snr=+20.0dB [ber_drl]Done (7.02s)
Batch 802/2000 (active points 11/11) [1h 33m 32s elapsed] ...   snr=+0.0dB [ber_drl]  snr=+2.0dB [ber_drl]  snr=+4.0dB [ber_drl]  snr=+6.0dB [ber_drl]  snr=+8.0dB [ber_drl]  snr=+10.0dB [ber_drl]  snr=+12.0dB [ber_drl]  snr=+14.0dB [ber_drl]  snr=+16.0dB [ber_drl]  snr=+18.0dB [ber_drl]  snr=+20.0dB [ber_drl]Done (6.99s)
Batch 803/2000 (active points 11/11) [1h 33m 39s elapsed] ...   snr=+0.0dB [ber_drl]  snr=+2.0dB [ber_drl]  snr=+4.0dB [ber_drl]  snr=+6.0dB [ber_drl]  snr=+8.0dB [ber_drl]  snr=+10.0dB [ber_drl]  snr=+12.0dB [ber_drl]  snr=+14.0dB [ber_drl]  snr=+16.0dB [ber_drl]  snr=+18.0dB [ber_drl]  snr=+20.0dB [ber_drl]Done (7.06s)
Batch 804/2000 (active points 11/11) [1h 33m 46s elapsed] ...   snr=+0.0dB [ber_drl]  snr=+2.0dB [ber_drl]  snr=+4.0dB [ber_drl]  snr=+6.0dB [ber_drl]  snr=+8.0dB [ber_drl]  snr=+10.0dB [ber_drl]  snr=+12.0dB [ber_drl]  snr=+14.0dB [ber_drl]  snr=+16.0dB [ber_drl]  snr=+18.0dB [ber_drl]  snr=+20.0dB [ber_drl]Done (7.03s)
Batch 805/2000 (active points 11/11) [1h 33m 53s elapsed] ...   snr=+0.0dB [ber_drl]  snr=+2.0dB [ber_drl]  snr=+4.0dB [ber_drl]  snr=+6.0dB [ber_drl]  snr=+8.0dB [ber_drl]  snr=+10.0dB [ber_drl]  snr=+12.0dB [ber_drl]  snr=+14.0dB [ber_drl]  snr=+16.0dB [ber_drl]  snr=+18.0dB [ber_drl]  snr=+20.0dB [ber_drl]Done (7.05s)
Batch 806/2000 (active points 11/11) [1h 34m 00s elapsed] ...   snr=+0.0dB [ber_drl]  snr=+2.0dB [ber_drl]  snr=+4.0dB [ber_drl]  snr=+6.0dB [ber_drl]  snr=+8.0dB [ber_drl]  snr=+10.0dB [ber_drl]  snr=+12.0dB [ber_drl]  snr=+14.0dB [ber_drl]  snr=+16.0dB [ber_drl]  snr=+18.0dB [ber_drl]  snr=+20.0dB [ber_drl]Done (7.02s)
Batch 807/2000 (active points 11/11) [1h 34m 07s elapsed] ...   snr=+0.0dB [ber_drl]  snr=+2.0dB [ber_drl]  snr=+4.0dB [ber_drl]  snr=+6.0dB [ber_drl]  snr=+8.0dB [ber_drl]  snr=+10.0dB [ber_drl]  snr=+12.0dB [ber_drl]  snr=+14.0dB [ber_drl]  snr=+16.0dB [ber_drl]  snr=+18.0dB [ber_drl]  snr=+20.0dB [ber_drl]Done (6.91s)
Batch 808/2000 (active points 11/11) [1h 34m 14s elapsed] ...   snr=+0.0dB [ber_drl]  snr=+2.0dB [ber_drl]  snr=+4.0dB [ber_drl]  snr=+6.0dB [ber_drl]  snr=+8.0dB [ber_drl]  snr=+10.0dB [ber_drl]  snr=+12.0dB [ber_drl]  snr=+14.0dB [ber_drl]  snr=+16.0dB [ber_drl]  snr=+18.0dB [ber_drl]  snr=+20.0dB [ber_drl]Done (7.02s)
Batch 809/2000 (active points 11/11) [1h 34m 21s elapsed] ...   snr=+0.0dB [ber_drl]  snr=+2.0dB [ber_drl]  snr=+4.0dB [ber_drl]  snr=+6.0dB [ber_drl]  snr=+8.0dB [ber_drl]  snr=+10.0dB [ber_drl]  snr=+12.0dB [ber_drl]  snr=+14.0dB [ber_drl]  snr=+16.0dB [ber_drl]  snr=+18.0dB [ber_drl]  snr=+20.0dB [ber_drl]Done (7.04s)
Batch 810/2000 (active points 11/11) [1h 34m 28s elapsed] ...   snr=+0.0dB [ber_drl]  snr=+2.0dB [ber_drl]  snr=+4.0dB [ber_drl]  snr=+6.0dB [ber_drl]  snr=+8.0dB [ber_drl]  snr=+10.0dB [ber_drl]  snr=+12.0dB [ber_drl]  snr=+14.0dB [ber_drl]  snr=+16.0dB [ber_drl]  snr=+18.0dB [ber_drl]  snr=+20.0dB [ber_drl]Done (7.19s)
Batch 811/2000 (active points 11/11) [1h 34m 35s elapsed] ...   snr=+0.0dB [ber_drl]  snr=+2.0dB [ber_drl]  snr=+4.0dB [ber_drl]  snr=+6.0dB [ber_drl]  snr=+8.0dB [ber_drl]  snr=+10.0dB [ber_drl]  snr=+12.0dB [ber_drl]  snr=+14.0dB [ber_drl]  snr=+16.0dB [ber_drl]  snr=+18.0dB [ber_drl]  snr=+20.0dB [ber_drl]Done (6.96s)
Batch 812/2000 (active points 11/11) [1h 34m 42s elapsed] ...   snr=+0.0dB [ber_drl]  snr=+2.0dB [ber_drl]  snr=+4.0dB [ber_drl]  snr=+6.0dB [ber_drl]  snr=+8.0dB [ber_drl]  snr=+10.0dB [ber_drl]  snr=+12.0dB [ber_drl]  snr=+14.0dB [ber_drl]  snr=+16.0dB [ber_drl]  snr=+18.0dB [ber_drl]  snr=+20.0dB [ber_drl]Done (7.12s)
Batch 813/2000 (active points 11/11) [1h 34m 49s elapsed] ...   snr=+0.0dB [ber_drl]  snr=+2.0dB [ber_drl]  snr=+4.0dB [ber_drl]  snr=+6.0dB [ber_drl]  snr=+8.0dB [ber_drl]  snr=+10.0dB [ber_drl]  snr=+12.0dB [ber_drl]  snr=+14.0dB [ber_drl]  snr=+16.0dB [ber_drl]  snr=+18.0dB [ber_drl]  snr=+20.0dB [ber_drl]Done (7.01s)
Batch 814/2000 (active points 11/11) [1h 34m 56s elapsed] ...   snr=+0.0dB [ber_drl]  snr=+2.0dB [ber_drl]  snr=+4.0dB [ber_drl]  snr=+6.0dB [ber_drl]  snr=+8.0dB [ber_drl]  snr=+10.0dB [ber_drl]  snr=+12.0dB [ber_drl]  snr=+14.0dB [ber_drl]  snr=+16.0dB [ber_drl]  snr=+18.0dB [ber_drl]  snr=+20.0dB [ber_drl]Done (7.00s)
Batch 815/2000 (active points 11/11) [1h 35m 03s elapsed] ...   snr=+0.0dB [ber_drl]  snr=+2.0dB [ber_drl]  snr=+4.0dB [ber_drl]  snr=+6.0dB [ber_drl]  snr=+8.0dB [ber_drl]  snr=+10.0dB [ber_drl]  snr=+12.0dB [ber_drl]  snr=+14.0dB [ber_drl]  snr=+16.0dB [ber_drl]  snr=+18.0dB [ber_drl]  snr=+20.0dB [ber_drl]Done (6.95s)
Batch 816/2000 (active points 11/11) [1h 35m 10s elapsed] ...   snr=+0.0dB [ber_drl]  snr=+2.0dB [ber_drl]  snr=+4.0dB [ber_drl]  snr=+6.0dB [ber_drl]  snr=+8.0dB [ber_drl]  snr=+10.0dB [ber_drl]  snr=+12.0dB [ber_drl]  snr=+14.0dB [ber_drl]  snr=+16.0dB [ber_drl]  snr=+18.0dB [ber_drl]  snr=+20.0dB [ber_drl]Done (6.99s)
Batch 817/2000 (active points 11/11) [1h 35m 17s elapsed] ...   snr=+0.0dB [ber_drl]  snr=+2.0dB [ber_drl]  snr=+4.0dB [ber_drl]  snr=+6.0dB [ber_drl]  snr=+8.0dB [ber_drl]  snr=+10.0dB [ber_drl]  snr=+12.0dB [ber_drl]  snr=+14.0dB [ber_drl]  snr=+16.0dB [ber_drl]  snr=+18.0dB [ber_drl]  snr=+20.0dB [ber_drl]Done (7.02s)
Batch 818/2000 (active points 11/11) [1h 35m 24s elapsed] ...   snr=+0.0dB [ber_drl]  snr=+2.0dB [ber_drl]  snr=+4.0dB [ber_drl]  snr=+6.0dB [ber_drl]  snr=+8.0dB [ber_drl]  snr=+10.0dB [ber_drl]  snr=+12.0dB [ber_drl]  snr=+14.0dB [ber_drl]  snr=+16.0dB [ber_drl]  snr=+18.0dB [ber_drl]  snr=+20.0dB [ber_drl]Done (7.13s)
Batch 819/2000 (active points 11/11) [1h 35m 31s elapsed] ...   snr=+0.0dB [ber_drl]  snr=+2.0dB [ber_drl]  snr=+4.0dB [ber_drl]  snr=+6.0dB [ber_drl]  snr=+8.0dB [ber_drl]  snr=+10.0dB [ber_drl]  snr=+12.0dB [ber_drl]  snr=+14.0dB [ber_drl]  snr=+16.0dB [ber_drl]  snr=+18.0dB [ber_drl]  snr=+20.0dB [ber_drl]Done (6.92s)
Batch 820/2000 (active points 11/11) [1h 35m 38s elapsed] ...   snr=+0.0dB [ber_drl]  snr=+2.0dB [ber_drl]  snr=+4.0dB [ber_drl]  snr=+6.0dB [ber_drl]  snr=+8.0dB [ber_drl]  snr=+10.0dB [ber_drl]  snr=+12.0dB [ber_drl]  snr=+14.0dB [ber_drl]  snr=+16.0dB [ber_drl]  snr=+18.0dB [ber_drl]  snr=+20.0dB [ber_drl]Done (7.00s)
Batch 821/2000 (active points 11/11) [1h 35m 45s elapsed] ...   snr=+0.0dB [ber_drl]  snr=+2.0dB [ber_drl]  snr=+4.0dB [ber_drl]  snr=+6.0dB [ber_drl]  snr=+8.0dB [ber_drl]  snr=+10.0dB [ber_drl]  snr=+12.0dB [ber_drl]  snr=+14.0dB [ber_drl]  snr=+16.0dB [ber_drl]  snr=+18.0dB [ber_drl]  snr=+20.0dB [ber_drl]Done (7.03s)
Batch 822/2000 (active points 11/11) [1h 35m 52s elapsed] ...   snr=+0.0dB [ber_drl]  snr=+2.0dB [ber_drl]  snr=+4.0dB [ber_drl]  snr=+6.0dB [ber_drl]  snr=+8.0dB [ber_drl]  snr=+10.0dB [ber_drl]  snr=+12.0dB [ber_drl]  snr=+14.0dB [ber_drl]  snr=+16.0dB [ber_drl]  snr=+18.0dB [ber_drl]  snr=+20.0dB [ber_drl]Done (7.03s)
Batch 823/2000 (active points 11/11) [1h 35m 59s elapsed] ...   snr=+0.0dB [ber_drl]  snr=+2.0dB [ber_drl]  snr=+4.0dB [ber_drl]  snr=+6.0dB [ber_drl]  snr=+8.0dB [ber_drl]  snr=+10.0dB [ber_drl]  snr=+12.0dB [ber_drl]  snr=+14.0dB [ber_drl]  snr=+16.0dB [ber_drl]  snr=+18.0dB [ber_drl]  snr=+20.0dB [ber_drl]Done (6.88s)
Batch 824/2000 (active points 11/11) [1h 36m 06s elapsed] ...   snr=+0.0dB [ber_drl]  snr=+2.0dB [ber_drl]  snr=+4.0dB [ber_drl]  snr=+6.0dB [ber_drl]  snr=+8.0dB [ber_drl]  snr=+10.0dB [ber_drl]  snr=+12.0dB [ber_drl]  snr=+14.0dB [ber_drl]  snr=+16.0dB [ber_drl]  snr=+18.0dB [ber_drl]  snr=+20.0dB [ber_drl]Done (7.05s)
Batch 825/2000 (active points 11/11) [1h 36m 13s elapsed] ...   snr=+0.0dB [ber_drl]  snr=+2.0dB [ber_drl]  snr=+4.0dB [ber_drl]  snr=+6.0dB [ber_drl]  snr=+8.0dB [ber_drl]  snr=+10.0dB [ber_drl]  snr=+12.0dB [ber_drl]  snr=+14.0dB [ber_drl]  snr=+16.0dB [ber_drl]  snr=+18.0dB [ber_drl]  snr=+20.0dB [ber_drl]Done (7.04s)
Batch 826/2000 (active points 11/11) [1h 36m 20s elapsed] ...   snr=+0.0dB [ber_drl]  snr=+2.0dB [ber_drl]  snr=+4.0dB [ber_drl]  snr=+6.0dB [ber_drl]  snr=+8.0dB [ber_drl]  snr=+10.0dB [ber_drl]  snr=+12.0dB [ber_drl]  snr=+14.0dB [ber_drl]  snr=+16.0dB [ber_drl]  snr=+18.0dB [ber_drl]  snr=+20.0dB [ber_drl]Done (7.06s)
Batch 827/2000 (active points 11/11) [1h 36m 27s elapsed] ...   snr=+0.0dB [ber_drl]  snr=+2.0dB [ber_drl]  snr=+4.0dB [ber_drl]  snr=+6.0dB [ber_drl]  snr=+8.0dB [ber_drl]  snr=+10.0dB [ber_drl]  snr=+12.0dB [ber_drl]  snr=+14.0dB [ber_drl]  snr=+16.0dB [ber_drl]  snr=+18.0dB [ber_drl]  snr=+20.0dB [ber_drl]Done (6.97s)
Batch 828/2000 (active points 11/11) [1h 36m 34s elapsed] ...   snr=+0.0dB [ber_drl]  snr=+2.0dB [ber_drl]  snr=+4.0dB [ber_drl]  snr=+6.0dB [ber_drl]  snr=+8.0dB [ber_drl]  snr=+10.0dB [ber_drl]  snr=+12.0dB [ber_drl]  snr=+14.0dB [ber_drl]  snr=+16.0dB [ber_drl]  snr=+18.0dB [ber_drl]  snr=+20.0dB [ber_drl]Done (7.01s)
Batch 829/2000 (active points 11/11) [1h 36m 41s elapsed] ...   snr=+0.0dB [ber_drl]  snr=+2.0dB [ber_drl]  snr=+4.0dB [ber_drl]  snr=+6.0dB [ber_drl]  snr=+8.0dB [ber_drl]  snr=+10.0dB [ber_drl]  snr=+12.0dB [ber_drl]  snr=+14.0dB [ber_drl]  snr=+16.0dB [ber_drl]  snr=+18.0dB [ber_drl]  snr=+20.0dB [ber_drl]Done (7.02s)
Batch 830/2000 (active points 11/11) [1h 36m 48s elapsed] ...   snr=+0.0dB [ber_drl]  snr=+2.0dB [ber_drl]  snr=+4.0dB [ber_drl]  snr=+6.0dB [ber_drl]  snr=+8.0dB [ber_drl]  snr=+10.0dB [ber_drl]  snr=+12.0dB [ber_drl]  snr=+14.0dB [ber_drl]  snr=+16.0dB [ber_drl]  snr=+18.0dB [ber_drl]  snr=+20.0dB [ber_drl]Done (7.01s)
Batch 831/2000 (active points 11/11) [1h 36m 55s elapsed] ...   snr=+0.0dB [ber_drl]  snr=+2.0dB [ber_drl]  snr=+4.0dB [ber_drl]  snr=+6.0dB [ber_drl]  snr=+8.0dB [ber_drl]  snr=+10.0dB [ber_drl]  snr=+12.0dB [ber_drl]  snr=+14.0dB [ber_drl]  snr=+16.0dB [ber_drl]  snr=+18.0dB [ber_drl]  snr=+20.0dB [ber_drl]Done (6.97s)
Batch 832/2000 (active points 11/11) [1h 37m 02s elapsed] ...   snr=+0.0dB [ber_drl]  snr=+2.0dB [ber_drl]  snr=+4.0dB [ber_drl]  snr=+6.0dB [ber_drl]  snr=+8.0dB [ber_drl]  snr=+10.0dB [ber_drl]  snr=+12.0dB [ber_drl]  snr=+14.0dB [ber_drl]  snr=+16.0dB [ber_drl]  snr=+18.0dB [ber_drl]  snr=+20.0dB [ber_drl]Done (7.05s)
Batch 833/2000 (active points 11/11) [1h 37m 09s elapsed] ...   snr=+0.0dB [ber_drl]  snr=+2.0dB [ber_drl]  snr=+4.0dB [ber_drl]  snr=+6.0dB [ber_drl]  snr=+8.0dB [ber_drl]  snr=+10.0dB [ber_drl]  snr=+12.0dB [ber_drl]  snr=+14.0dB [ber_drl]  snr=+16.0dB [ber_drl]  snr=+18.0dB [ber_drl]  snr=+20.0dB [ber_drl]Done (7.03s)
Batch 834/2000 (active points 11/11) [1h 37m 16s elapsed] ...   snr=+0.0dB [ber_drl]  snr=+2.0dB [ber_drl]  snr=+4.0dB [ber_drl]  snr=+6.0dB [ber_drl]  snr=+8.0dB [ber_drl]  snr=+10.0dB [ber_drl]  snr=+12.0dB [ber_drl]  snr=+14.0dB [ber_drl]  snr=+16.0dB [ber_drl]  snr=+18.0dB [ber_drl]  snr=+20.0dB [ber_drl]Done (7.00s)
Batch 835/2000 (active points 11/11) [1h 37m 23s elapsed] ...   snr=+0.0dB [ber_drl]  snr=+2.0dB [ber_drl]  snr=+4.0dB [ber_drl]  snr=+6.0dB [ber_drl]  snr=+8.0dB [ber_drl]  snr=+10.0dB [ber_drl]  snr=+12.0dB [ber_drl]  snr=+14.0dB [ber_drl]  snr=+16.0dB [ber_drl]  snr=+18.0dB [ber_drl]  snr=+20.0dB [ber_drl]Done (6.98s)
Batch 836/2000 (active points 11/11) [1h 37m 30s elapsed] ...   snr=+0.0dB [ber_drl]  snr=+2.0dB [ber_drl]  snr=+4.0dB [ber_drl]  snr=+6.0dB [ber_drl]  snr=+8.0dB [ber_drl]  snr=+10.0dB [ber_drl]  snr=+12.0dB [ber_drl]  snr=+14.0dB [ber_drl]  snr=+16.0dB [ber_drl]  snr=+18.0dB [ber_drl]  snr=+20.0dB [ber_drl]Done (6.96s)
Batch 837/2000 (active points 11/11) [1h 37m 37s elapsed] ...   snr=+0.0dB [ber_drl]  snr=+2.0dB [ber_drl]  snr=+4.0dB [ber_drl]  snr=+6.0dB [ber_drl]  snr=+8.0dB [ber_drl]  snr=+10.0dB [ber_drl]  snr=+12.0dB [ber_drl]  snr=+14.0dB [ber_drl]  snr=+16.0dB [ber_drl]  snr=+18.0dB [ber_drl]  snr=+20.0dB [ber_drl]Done (7.01s)
Batch 838/2000 (active points 11/11) [1h 37m 44s elapsed] ...   snr=+0.0dB [ber_drl]  snr=+2.0dB [ber_drl]  snr=+4.0dB [ber_drl]  snr=+6.0dB [ber_drl]  snr=+8.0dB [ber_drl]  snr=+10.0dB [ber_drl]  snr=+12.0dB [ber_drl]  snr=+14.0dB [ber_drl]  snr=+16.0dB [ber_drl]  snr=+18.0dB [ber_drl]  snr=+20.0dB [ber_drl]Done (7.00s)
Batch 839/2000 (active points 11/11) [1h 37m 51s elapsed] ...   snr=+0.0dB [ber_drl]  snr=+2.0dB [ber_drl]  snr=+4.0dB [ber_drl]  snr=+6.0dB [ber_drl]  snr=+8.0dB [ber_drl]  snr=+10.0dB [ber_drl]  snr=+12.0dB [ber_drl]  snr=+14.0dB [ber_drl]  snr=+16.0dB [ber_drl]  snr=+18.0dB [ber_drl]  snr=+20.0dB [ber_drl]Done (6.94s)
Batch 840/2000 (active points 11/11) [1h 37m 58s elapsed] ...   snr=+0.0dB [ber_drl]  snr=+2.0dB [ber_drl]  snr=+4.0dB [ber_drl]  snr=+6.0dB [ber_drl]  snr=+8.0dB [ber_drl]  snr=+10.0dB [ber_drl]  snr=+12.0dB [ber_drl]  snr=+14.0dB [ber_drl]  snr=+16.0dB [ber_drl]  snr=+18.0dB [ber_drl]  snr=+20.0dB [ber_drl]Done (7.03s)
Batch 841/2000 (active points 11/11) [1h 38m 05s elapsed] ...   snr=+0.0dB [ber_drl]  snr=+2.0dB [ber_drl]  snr=+4.0dB [ber_drl]  snr=+6.0dB [ber_drl]  snr=+8.0dB [ber_drl]  snr=+10.0dB [ber_drl]  snr=+12.0dB [ber_drl]  snr=+14.0dB [ber_drl]  snr=+16.0dB [ber_drl]  snr=+18.0dB [ber_drl]  snr=+20.0dB [ber_drl]Done (7.02s)
Batch 842/2000 (active points 11/11) [1h 38m 12s elapsed] ...   snr=+0.0dB [ber_drl]  snr=+2.0dB [ber_drl]  snr=+4.0dB [ber_drl]  snr=+6.0dB [ber_drl]  snr=+8.0dB [ber_drl]  snr=+10.0dB [ber_drl]  snr=+12.0dB [ber_drl]  snr=+14.0dB [ber_drl]  snr=+16.0dB [ber_drl]  snr=+18.0dB [ber_drl]  snr=+20.0dB [ber_drl]Done (7.00s)
Batch 843/2000 (active points 11/11) [1h 38m 19s elapsed] ...   snr=+0.0dB [ber_drl]  snr=+2.0dB [ber_drl]  snr=+4.0dB [ber_drl]  snr=+6.0dB [ber_drl]  snr=+8.0dB [ber_drl]  snr=+10.0dB [ber_drl]  snr=+12.0dB [ber_drl]  snr=+14.0dB [ber_drl]  snr=+16.0dB [ber_drl]  snr=+18.0dB [ber_drl]  snr=+20.0dB [ber_drl]Done (6.93s)
Batch 844/2000 (active points 11/11) [1h 38m 26s elapsed] ...   snr=+0.0dB [ber_drl]  snr=+2.0dB [ber_drl]  snr=+4.0dB [ber_drl]  snr=+6.0dB [ber_drl]  snr=+8.0dB [ber_drl]  snr=+10.0dB [ber_drl]  snr=+12.0dB [ber_drl]  snr=+14.0dB [ber_drl]  snr=+16.0dB [ber_drl]  snr=+18.0dB [ber_drl]  snr=+20.0dB [ber_drl]Done (7.00s)
Batch 845/2000 (active points 11/11) [1h 38m 33s elapsed] ...   snr=+0.0dB [ber_drl]  snr=+2.0dB [ber_drl]  snr=+4.0dB [ber_drl]  snr=+6.0dB [ber_drl]  snr=+8.0dB [ber_drl]  snr=+10.0dB [ber_drl]  snr=+12.0dB [ber_drl]  snr=+14.0dB [ber_drl]  snr=+16.0dB [ber_drl]  snr=+18.0dB [ber_drl]  snr=+20.0dB [ber_drl]Done (7.02s)
Batch 846/2000 (active points 11/11) [1h 38m 40s elapsed] ...   snr=+0.0dB [ber_drl]  snr=+2.0dB [ber_drl]  snr=+4.0dB [ber_drl]  snr=+6.0dB [ber_drl]  snr=+8.0dB [ber_drl]  snr=+10.0dB [ber_drl]  snr=+12.0dB [ber_drl]  snr=+14.0dB [ber_drl]  snr=+16.0dB [ber_drl]  snr=+18.0dB [ber_drl]  snr=+20.0dB [ber_drl]Done (7.02s)
Batch 847/2000 (active points 11/11) [1h 38m 47s elapsed] ...   snr=+0.0dB [ber_drl]  snr=+2.0dB [ber_drl]  snr=+4.0dB [ber_drl]  snr=+6.0dB [ber_drl]  snr=+8.0dB [ber_drl]  snr=+10.0dB [ber_drl]  snr=+12.0dB [ber_drl]  snr=+14.0dB [ber_drl]  snr=+16.0dB [ber_drl]  snr=+18.0dB [ber_drl]  snr=+20.0dB [ber_drl]Done (6.95s)
Batch 848/2000 (active points 11/11) [1h 38m 54s elapsed] ...   snr=+0.0dB [ber_drl]  snr=+2.0dB [ber_drl]  snr=+4.0dB [ber_drl]  snr=+6.0dB [ber_drl]  snr=+8.0dB [ber_drl]  snr=+10.0dB [ber_drl]  snr=+12.0dB [ber_drl]  snr=+14.0dB [ber_drl]  snr=+16.0dB [ber_drl]  snr=+18.0dB [ber_drl]  snr=+20.0dB [ber_drl]Done (7.03s)
Batch 849/2000 (active points 11/11) [1h 39m 01s elapsed] ...   snr=+0.0dB [ber_drl]  snr=+2.0dB [ber_drl]  snr=+4.0dB [ber_drl]  snr=+6.0dB [ber_drl]  snr=+8.0dB [ber_drl]  snr=+10.0dB [ber_drl]  snr=+12.0dB [ber_drl]  snr=+14.0dB [ber_drl]  snr=+16.0dB [ber_drl]  snr=+18.0dB [ber_drl]  snr=+20.0dB [ber_drl]Done (7.00s)
Batch 850/2000 (active points 11/11) [1h 39m 08s elapsed] ...   snr=+0.0dB [ber_drl]  snr=+2.0dB [ber_drl]  snr=+4.0dB [ber_drl]  snr=+6.0dB [ber_drl]  snr=+8.0dB [ber_drl]  snr=+10.0dB [ber_drl]  snr=+12.0dB [ber_drl]  snr=+14.0dB [ber_drl]  snr=+16.0dB [ber_drl]  snr=+18.0dB [ber_drl]  snr=+20.0dB [ber_drl]Done (6.99s)
Batch 851/2000 (active points 11/11) [1h 39m 15s elapsed] ...   snr=+0.0dB [ber_drl]  snr=+2.0dB [ber_drl]  snr=+4.0dB [ber_drl]  snr=+6.0dB [ber_drl]  snr=+8.0dB [ber_drl]  snr=+10.0dB [ber_drl]  snr=+12.0dB [ber_drl]  snr=+14.0dB [ber_drl]  snr=+16.0dB [ber_drl]  snr=+18.0dB [ber_drl]  snr=+20.0dB [ber_drl]Done (6.90s)
Batch 852/2000 (active points 11/11) [1h 39m 22s elapsed] ...   snr=+0.0dB [ber_drl]  snr=+2.0dB [ber_drl]  snr=+4.0dB [ber_drl]  snr=+6.0dB [ber_drl]  snr=+8.0dB [ber_drl]  snr=+10.0dB [ber_drl]  snr=+12.0dB [ber_drl]  snr=+14.0dB [ber_drl]  snr=+16.0dB [ber_drl]  snr=+18.0dB [ber_drl]  snr=+20.0dB [ber_drl]Done (7.12s)
Batch 853/2000 (active points 11/11) [1h 39m 29s elapsed] ...   snr=+0.0dB [ber_drl]  snr=+2.0dB [ber_drl]  snr=+4.0dB [ber_drl]  snr=+6.0dB [ber_drl]  snr=+8.0dB [ber_drl]  snr=+10.0dB [ber_drl]  snr=+12.0dB [ber_drl]  snr=+14.0dB [ber_drl]  snr=+16.0dB [ber_drl]  snr=+18.0dB [ber_drl]  snr=+20.0dB [ber_drl]Done (7.02s)
Batch 854/2000 (active points 11/11) [1h 39m 36s elapsed] ...   snr=+0.0dB [ber_drl]  snr=+2.0dB [ber_drl]  snr=+4.0dB [ber_drl]  snr=+6.0dB [ber_drl]  snr=+8.0dB [ber_drl]  snr=+10.0dB [ber_drl]  snr=+12.0dB [ber_drl]  snr=+14.0dB [ber_drl]  snr=+16.0dB [ber_drl]  snr=+18.0dB [ber_drl]  snr=+20.0dB [ber_drl]Done (6.98s)
Batch 855/2000 (active points 11/11) [1h 39m 43s elapsed] ...   snr=+0.0dB [ber_drl]  snr=+2.0dB [ber_drl]  snr=+4.0dB [ber_drl]  snr=+6.0dB [ber_drl]  snr=+8.0dB [ber_drl]  snr=+10.0dB [ber_drl]  snr=+12.0dB [ber_drl]  snr=+14.0dB [ber_drl]  snr=+16.0dB [ber_drl]  snr=+18.0dB [ber_drl]  snr=+20.0dB [ber_drl]Done (6.99s)
Batch 856/2000 (active points 11/11) [1h 39m 50s elapsed] ...   snr=+0.0dB [ber_drl]  snr=+2.0dB [ber_drl]  snr=+4.0dB [ber_drl]  snr=+6.0dB [ber_drl]  snr=+8.0dB [ber_drl]  snr=+10.0dB [ber_drl]  snr=+12.0dB [ber_drl]  snr=+14.0dB [ber_drl]  snr=+16.0dB [ber_drl]  snr=+18.0dB [ber_drl]  snr=+20.0dB [ber_drl]Done (7.00s)
Batch 857/2000 (active points 11/11) [1h 39m 57s elapsed] ...   snr=+0.0dB [ber_drl]  snr=+2.0dB [ber_drl]  snr=+4.0dB [ber_drl]  snr=+6.0dB [ber_drl]  snr=+8.0dB [ber_drl]  snr=+10.0dB [ber_drl]  snr=+12.0dB [ber_drl]  snr=+14.0dB [ber_drl]  snr=+16.0dB [ber_drl]  snr=+18.0dB [ber_drl]  snr=+20.0dB [ber_drl]Done (7.02s)
Batch 858/2000 (active points 11/11) [1h 40m 04s elapsed] ...   snr=+0.0dB [ber_drl]  snr=+2.0dB [ber_drl]  snr=+4.0dB [ber_drl]  snr=+6.0dB [ber_drl]  snr=+8.0dB [ber_drl]  snr=+10.0dB [ber_drl]  snr=+12.0dB [ber_drl]  snr=+14.0dB [ber_drl]  snr=+16.0dB [ber_drl]  snr=+18.0dB [ber_drl]  snr=+20.0dB [ber_drl]Done (7.02s)
Batch 859/2000 (active points 11/11) [1h 40m 11s elapsed] ...   snr=+0.0dB [ber_drl]  snr=+2.0dB [ber_drl]  snr=+4.0dB [ber_drl]  snr=+6.0dB [ber_drl]  snr=+8.0dB [ber_drl]  snr=+10.0dB [ber_drl]  snr=+12.0dB [ber_drl]  snr=+14.0dB [ber_drl]  snr=+16.0dB [ber_drl]  snr=+18.0dB [ber_drl]  snr=+20.0dB [ber_drl]Done (6.98s)
Batch 860/2000 (active points 11/11) [1h 40m 18s elapsed] ...   snr=+0.0dB [ber_drl]  snr=+2.0dB [ber_drl]  snr=+4.0dB [ber_drl]  snr=+6.0dB [ber_drl]  snr=+8.0dB [ber_drl]  snr=+10.0dB [ber_drl]  snr=+12.0dB [ber_drl]  snr=+14.0dB [ber_drl]  snr=+16.0dB [ber_drl]  snr=+18.0dB [ber_drl]  snr=+20.0dB [ber_drl]Done (7.07s)
Batch 861/2000 (active points 11/11) [1h 40m 25s elapsed] ...   snr=+0.0dB [ber_drl]  snr=+2.0dB [ber_drl]  snr=+4.0dB [ber_drl]  snr=+6.0dB [ber_drl]  snr=+8.0dB [ber_drl]  snr=+10.0dB [ber_drl]  snr=+12.0dB [ber_drl]  snr=+14.0dB [ber_drl]  snr=+16.0dB [ber_drl]  snr=+18.0dB [ber_drl]  snr=+20.0dB [ber_drl]Done (7.07s)
Batch 862/2000 (active points 11/11) [1h 40m 32s elapsed] ...   snr=+0.0dB [ber_drl]  snr=+2.0dB [ber_drl]  snr=+4.0dB [ber_drl]  snr=+6.0dB [ber_drl]  snr=+8.0dB [ber_drl]  snr=+10.0dB [ber_drl]  snr=+12.0dB [ber_drl]  snr=+14.0dB [ber_drl]  snr=+16.0dB [ber_drl]  snr=+18.0dB [ber_drl]  snr=+20.0dB [ber_drl]Done (7.04s)
Batch 863/2000 (active points 11/11) [1h 40m 39s elapsed] ...   snr=+0.0dB [ber_drl]  snr=+2.0dB [ber_drl]  snr=+4.0dB [ber_drl]  snr=+6.0dB [ber_drl]  snr=+8.0dB [ber_drl]  snr=+10.0dB [ber_drl]  snr=+12.0dB [ber_drl]  snr=+14.0dB [ber_drl]  snr=+16.0dB [ber_drl]  snr=+18.0dB [ber_drl]  snr=+20.0dB [ber_drl]Done (6.97s)
Batch 864/2000 (active points 11/11) [1h 40m 46s elapsed] ...   snr=+0.0dB [ber_drl]  snr=+2.0dB [ber_drl]  snr=+4.0dB [ber_drl]  snr=+6.0dB [ber_drl]  snr=+8.0dB [ber_drl]  snr=+10.0dB [ber_drl]  snr=+12.0dB [ber_drl]  snr=+14.0dB [ber_drl]  snr=+16.0dB [ber_drl]  snr=+18.0dB [ber_drl]  snr=+20.0dB [ber_drl]Done (7.00s)
Batch 865/2000 (active points 11/11) [1h 40m 53s elapsed] ...   snr=+0.0dB [ber_drl]  snr=+2.0dB [ber_drl]  snr=+4.0dB [ber_drl]  snr=+6.0dB [ber_drl]  snr=+8.0dB [ber_drl]  snr=+10.0dB [ber_drl]  snr=+12.0dB [ber_drl]  snr=+14.0dB [ber_drl]  snr=+16.0dB [ber_drl]  snr=+18.0dB [ber_drl]  snr=+20.0dB [ber_drl]Done (7.09s)
Batch 866/2000 (active points 11/11) [1h 41m 01s elapsed] ...   snr=+0.0dB [ber_drl]  snr=+2.0dB [ber_drl]  snr=+4.0dB [ber_drl]  snr=+6.0dB [ber_drl]  snr=+8.0dB [ber_drl]  snr=+10.0dB [ber_drl]  snr=+12.0dB [ber_drl]  snr=+14.0dB [ber_drl]  snr=+16.0dB [ber_drl]  snr=+18.0dB [ber_drl]  snr=+20.0dB [ber_drl]Done (7.02s)
Batch 867/2000 (active points 11/11) [1h 41m 08s elapsed] ...   snr=+0.0dB [ber_drl]  snr=+2.0dB [ber_drl]  snr=+4.0dB [ber_drl]  snr=+6.0dB [ber_drl]  snr=+8.0dB [ber_drl]  snr=+10.0dB [ber_drl]  snr=+12.0dB [ber_drl]  snr=+14.0dB [ber_drl]  snr=+16.0dB [ber_drl]  snr=+18.0dB [ber_drl]  snr=+20.0dB [ber_drl]Done (6.97s)
Batch 868/2000 (active points 11/11) [1h 41m 15s elapsed] ...   snr=+0.0dB [ber_drl]  snr=+2.0dB [ber_drl]  snr=+4.0dB [ber_drl]  snr=+6.0dB [ber_drl]  snr=+8.0dB [ber_drl]  snr=+10.0dB [ber_drl]  snr=+12.0dB [ber_drl]  snr=+14.0dB [ber_drl]  snr=+16.0dB [ber_drl]  snr=+18.0dB [ber_drl]  snr=+20.0dB [ber_drl]Done (6.98s)
Batch 869/2000 (active points 11/11) [1h 41m 22s elapsed] ...   snr=+0.0dB [ber_drl]  snr=+2.0dB [ber_drl]  snr=+4.0dB [ber_drl]  snr=+6.0dB [ber_drl]  snr=+8.0dB [ber_drl]  snr=+10.0dB [ber_drl]  snr=+12.0dB [ber_drl]  snr=+14.0dB [ber_drl]  snr=+16.0dB [ber_drl]  snr=+18.0dB [ber_drl]  snr=+20.0dB [ber_drl]Done (7.00s)
Batch 870/2000 (active points 11/11) [1h 41m 29s elapsed] ...   snr=+0.0dB [ber_drl]  snr=+2.0dB [ber_drl]  snr=+4.0dB [ber_drl]  snr=+6.0dB [ber_drl]  snr=+8.0dB [ber_drl]  snr=+10.0dB [ber_drl]  snr=+12.0dB [ber_drl]  snr=+14.0dB [ber_drl]  snr=+16.0dB [ber_drl]  snr=+18.0dB [ber_drl]  snr=+20.0dB [ber_drl]Done (6.98s)
Batch 871/2000 (active points 11/11) [1h 41m 36s elapsed] ...   snr=+0.0dB [ber_drl]  snr=+2.0dB [ber_drl]  snr=+4.0dB [ber_drl]  snr=+6.0dB [ber_drl]  snr=+8.0dB [ber_drl]  snr=+10.0dB [ber_drl]  snr=+12.0dB [ber_drl]  snr=+14.0dB [ber_drl]  snr=+16.0dB [ber_drl]  snr=+18.0dB [ber_drl]  snr=+20.0dB [ber_drl]Done (7.09s)
Batch 872/2000 (active points 11/11) [1h 41m 43s elapsed] ...   snr=+0.0dB [ber_drl]  snr=+2.0dB [ber_drl]  snr=+4.0dB [ber_drl]  snr=+6.0dB [ber_drl]  snr=+8.0dB [ber_drl]  snr=+10.0dB [ber_drl]  snr=+12.0dB [ber_drl]  snr=+14.0dB [ber_drl]  snr=+16.0dB [ber_drl]  snr=+18.0dB [ber_drl]  snr=+20.0dB [ber_drl]Done (6.99s)
Batch 873/2000 (active points 11/11) [1h 41m 50s elapsed] ...   snr=+0.0dB [ber_drl]  snr=+2.0dB [ber_drl]  snr=+4.0dB [ber_drl]  snr=+6.0dB [ber_drl]  snr=+8.0dB [ber_drl]  snr=+10.0dB [ber_drl]  snr=+12.0dB [ber_drl]  snr=+14.0dB [ber_drl]  snr=+16.0dB [ber_drl]  snr=+18.0dB [ber_drl]  snr=+20.0dB [ber_drl]Done (7.00s)
Batch 874/2000 (active points 11/11) [1h 41m 57s elapsed] ...   snr=+0.0dB [ber_drl]  snr=+2.0dB [ber_drl]  snr=+4.0dB [ber_drl]  snr=+6.0dB [ber_drl]  snr=+8.0dB [ber_drl]  snr=+10.0dB [ber_drl]  snr=+12.0dB [ber_drl]  snr=+14.0dB [ber_drl]  snr=+16.0dB [ber_drl]  snr=+18.0dB [ber_drl]  snr=+20.0dB [ber_drl]Done (6.98s)
Batch 875/2000 (active points 11/11) [1h 42m 04s elapsed] ...   snr=+0.0dB [ber_drl]  snr=+2.0dB [ber_drl]  snr=+4.0dB [ber_drl]  snr=+6.0dB [ber_drl]  snr=+8.0dB [ber_drl]  snr=+10.0dB [ber_drl]  snr=+12.0dB [ber_drl]  snr=+14.0dB [ber_drl]  snr=+16.0dB [ber_drl]  snr=+18.0dB [ber_drl]  snr=+20.0dB [ber_drl]Done (6.99s)
Batch 876/2000 (active points 11/11) [1h 42m 11s elapsed] ...   snr=+0.0dB [ber_drl]  snr=+2.0dB [ber_drl]  snr=+4.0dB [ber_drl]  snr=+6.0dB [ber_drl]  snr=+8.0dB [ber_drl]  snr=+10.0dB [ber_drl]  snr=+12.0dB [ber_drl]  snr=+14.0dB [ber_drl]  snr=+16.0dB [ber_drl]  snr=+18.0dB [ber_drl]  snr=+20.0dB [ber_drl]Done (6.95s)
Batch 877/2000 (active points 11/11) [1h 42m 18s elapsed] ...   snr=+0.0dB [ber_drl]  snr=+2.0dB [ber_drl]  snr=+4.0dB [ber_drl]  snr=+6.0dB [ber_drl]  snr=+8.0dB [ber_drl]  snr=+10.0dB [ber_drl]  snr=+12.0dB [ber_drl]  snr=+14.0dB [ber_drl]  snr=+16.0dB [ber_drl]  snr=+18.0dB [ber_drl]  snr=+20.0dB [ber_drl]Done (6.99s)
Batch 878/2000 (active points 11/11) [1h 42m 25s elapsed] ...   snr=+0.0dB [ber_drl]  snr=+2.0dB [ber_drl]  snr=+4.0dB [ber_drl]  snr=+6.0dB [ber_drl]  snr=+8.0dB [ber_drl]  snr=+10.0dB [ber_drl]  snr=+12.0dB [ber_drl]  snr=+14.0dB [ber_drl]  snr=+16.0dB [ber_drl]  snr=+18.0dB [ber_drl]  snr=+20.0dB [ber_drl]Done (7.00s)
Batch 879/2000 (active points 11/11) [1h 42m 32s elapsed] ...   snr=+0.0dB [ber_drl]  snr=+2.0dB [ber_drl]  snr=+4.0dB [ber_drl]  snr=+6.0dB [ber_drl]  snr=+8.0dB [ber_drl]  snr=+10.0dB [ber_drl]  snr=+12.0dB [ber_drl]  snr=+14.0dB [ber_drl]  snr=+16.0dB [ber_drl]  snr=+18.0dB [ber_drl]  snr=+20.0dB [ber_drl]Done (6.94s)
Batch 880/2000 (active points 11/11) [1h 42m 38s elapsed] ...   snr=+0.0dB [ber_drl]  snr=+2.0dB [ber_drl]  snr=+4.0dB [ber_drl]  snr=+6.0dB [ber_drl]  snr=+8.0dB [ber_drl]  snr=+10.0dB [ber_drl]  snr=+12.0dB [ber_drl]  snr=+14.0dB [ber_drl]  snr=+16.0dB [ber_drl]  snr=+18.0dB [ber_drl]  snr=+20.0dB [ber_drl]Done (6.94s)
Batch 881/2000 (active points 11/11) [1h 42m 45s elapsed] ...   snr=+0.0dB [ber_drl]  snr=+2.0dB [ber_drl]  snr=+4.0dB [ber_drl]  snr=+6.0dB [ber_drl]  snr=+8.0dB [ber_drl]  snr=+10.0dB [ber_drl]  snr=+12.0dB [ber_drl]  snr=+14.0dB [ber_drl]  snr=+16.0dB [ber_drl]  snr=+18.0dB [ber_drl]  snr=+20.0dB [ber_drl]Done (7.04s)
Batch 882/2000 (active points 11/11) [1h 42m 52s elapsed] ...   snr=+0.0dB [ber_drl]  snr=+2.0dB [ber_drl]  snr=+4.0dB [ber_drl]  snr=+6.0dB [ber_drl]  snr=+8.0dB [ber_drl]  snr=+10.0dB [ber_drl]  snr=+12.0dB [ber_drl]  snr=+14.0dB [ber_drl]  snr=+16.0dB [ber_drl]  snr=+18.0dB [ber_drl]  snr=+20.0dB [ber_drl]Done (7.05s)
Batch 883/2000 (active points 11/11) [1h 42m 59s elapsed] ...   snr=+0.0dB [ber_drl]  snr=+2.0dB [ber_drl]  snr=+4.0dB [ber_drl]  snr=+6.0dB [ber_drl]  snr=+8.0dB [ber_drl]  snr=+10.0dB [ber_drl]  snr=+12.0dB [ber_drl]  snr=+14.0dB [ber_drl]  snr=+16.0dB [ber_drl]  snr=+18.0dB [ber_drl]  snr=+20.0dB [ber_drl]Done (6.90s)
Batch 884/2000 (active points 11/11) [1h 43m 06s elapsed] ...   snr=+0.0dB [ber_drl]  snr=+2.0dB [ber_drl]  snr=+4.0dB [ber_drl]  snr=+6.0dB [ber_drl]  snr=+8.0dB [ber_drl]  snr=+10.0dB [ber_drl]  snr=+12.0dB [ber_drl]  snr=+14.0dB [ber_drl]  snr=+16.0dB [ber_drl]  snr=+18.0dB [ber_drl]  snr=+20.0dB [ber_drl]Done (6.96s)
Batch 885/2000 (active points 11/11) [1h 43m 13s elapsed] ...   snr=+0.0dB [ber_drl]  snr=+2.0dB [ber_drl]  snr=+4.0dB [ber_drl]  snr=+6.0dB [ber_drl]  snr=+8.0dB [ber_drl]  snr=+10.0dB [ber_drl]  snr=+12.0dB [ber_drl]  snr=+14.0dB [ber_drl]  snr=+16.0dB [ber_drl]  snr=+18.0dB [ber_drl]  snr=+20.0dB [ber_drl]Done (7.04s)
Batch 886/2000 (active points 11/11) [1h 43m 20s elapsed] ...   snr=+0.0dB [ber_drl]  snr=+2.0dB [ber_drl]  snr=+4.0dB [ber_drl]  snr=+6.0dB [ber_drl]  snr=+8.0dB [ber_drl]  snr=+10.0dB [ber_drl]  snr=+12.0dB [ber_drl]  snr=+14.0dB [ber_drl]  snr=+16.0dB [ber_drl]  snr=+18.0dB [ber_drl]  snr=+20.0dB [ber_drl]Done (6.99s)
Batch 887/2000 (active points 11/11) [1h 43m 27s elapsed] ...   snr=+0.0dB [ber_drl]  snr=+2.0dB [ber_drl]  snr=+4.0dB [ber_drl]  snr=+6.0dB [ber_drl]  snr=+8.0dB [ber_drl]  snr=+10.0dB [ber_drl]  snr=+12.0dB [ber_drl]  snr=+14.0dB [ber_drl]  snr=+16.0dB [ber_drl]  snr=+18.0dB [ber_drl]  snr=+20.0dB [ber_drl]Done (6.97s)
Batch 888/2000 (active points 11/11) [1h 43m 34s elapsed] ...   snr=+0.0dB [ber_drl]  snr=+2.0dB [ber_drl]  snr=+4.0dB [ber_drl]  snr=+6.0dB [ber_drl]  snr=+8.0dB [ber_drl]  snr=+10.0dB [ber_drl]  snr=+12.0dB [ber_drl]  snr=+14.0dB [ber_drl]  snr=+16.0dB [ber_drl]  snr=+18.0dB [ber_drl]  snr=+20.0dB [ber_drl]Done (7.03s)
Batch 889/2000 (active points 11/11) [1h 43m 41s elapsed] ...   snr=+0.0dB [ber_drl]  snr=+2.0dB [ber_drl]  snr=+4.0dB [ber_drl]  snr=+6.0dB [ber_drl]  snr=+8.0dB [ber_drl]  snr=+10.0dB [ber_drl]  snr=+12.0dB [ber_drl]  snr=+14.0dB [ber_drl]  snr=+16.0dB [ber_drl]  snr=+18.0dB [ber_drl]  snr=+20.0dB [ber_drl]Done (7.07s)
Batch 890/2000 (active points 11/11) [1h 43m 48s elapsed] ...   snr=+0.0dB [ber_drl]  snr=+2.0dB [ber_drl]  snr=+4.0dB [ber_drl]  snr=+6.0dB [ber_drl]  snr=+8.0dB [ber_drl]  snr=+10.0dB [ber_drl]  snr=+12.0dB [ber_drl]  snr=+14.0dB [ber_drl]  snr=+16.0dB [ber_drl]  snr=+18.0dB [ber_drl]  snr=+20.0dB [ber_drl]Done (6.99s)
Batch 891/2000 (active points 11/11) [1h 43m 55s elapsed] ...   snr=+0.0dB [ber_drl]  snr=+2.0dB [ber_drl]  snr=+4.0dB [ber_drl]  snr=+6.0dB [ber_drl]  snr=+8.0dB [ber_drl]  snr=+10.0dB [ber_drl]  snr=+12.0dB [ber_drl]  snr=+14.0dB [ber_drl]  snr=+16.0dB [ber_drl]  snr=+18.0dB [ber_drl]  snr=+20.0dB [ber_drl]Done (6.93s)
Batch 892/2000 (active points 11/11) [1h 44m 02s elapsed] ...   snr=+0.0dB [ber_drl]  snr=+2.0dB [ber_drl]  snr=+4.0dB [ber_drl]  snr=+6.0dB [ber_drl]  snr=+8.0dB [ber_drl]  snr=+10.0dB [ber_drl]  snr=+12.0dB [ber_drl]  snr=+14.0dB [ber_drl]  snr=+16.0dB [ber_drl]  snr=+18.0dB [ber_drl]  snr=+20.0dB [ber_drl]Done (6.98s)
Batch 893/2000 (active points 11/11) [1h 44m 09s elapsed] ...   snr=+0.0dB [ber_drl]  snr=+2.0dB [ber_drl]  snr=+4.0dB [ber_drl]  snr=+6.0dB [ber_drl]  snr=+8.0dB [ber_drl]  snr=+10.0dB [ber_drl]  snr=+12.0dB [ber_drl]  snr=+14.0dB [ber_drl]  snr=+16.0dB [ber_drl]  snr=+18.0dB [ber_drl]  snr=+20.0dB [ber_drl]Done (7.01s)
Batch 894/2000 (active points 11/11) [1h 44m 16s elapsed] ...   snr=+0.0dB [ber_drl]  snr=+2.0dB [ber_drl]  snr=+4.0dB [ber_drl]  snr=+6.0dB [ber_drl]  snr=+8.0dB [ber_drl]  snr=+10.0dB [ber_drl]  snr=+12.0dB [ber_drl]  snr=+14.0dB [ber_drl]  snr=+16.0dB [ber_drl]  snr=+18.0dB [ber_drl]  snr=+20.0dB [ber_drl]Done (6.99s)
Batch 895/2000 (active points 11/11) [1h 44m 23s elapsed] ...   snr=+0.0dB [ber_drl]  snr=+2.0dB [ber_drl]  snr=+4.0dB [ber_drl]  snr=+6.0dB [ber_drl]  snr=+8.0dB [ber_drl]  snr=+10.0dB [ber_drl]  snr=+12.0dB [ber_drl]  snr=+14.0dB [ber_drl]  snr=+16.0dB [ber_drl]  snr=+18.0dB [ber_drl]  snr=+20.0dB [ber_drl]Done (7.04s)
Batch 896/2000 (active points 11/11) [1h 44m 30s elapsed] ...   snr=+0.0dB [ber_drl]  snr=+2.0dB [ber_drl]  snr=+4.0dB [ber_drl]  snr=+6.0dB [ber_drl]  snr=+8.0dB [ber_drl]  snr=+10.0dB [ber_drl]  snr=+12.0dB [ber_drl]  snr=+14.0dB [ber_drl]  snr=+16.0dB [ber_drl]  snr=+18.0dB [ber_drl]  snr=+20.0dB [ber_drl]Done (6.97s)
Batch 897/2000 (active points 11/11) [1h 44m 37s elapsed] ...   snr=+0.0dB [ber_drl]  snr=+2.0dB [ber_drl]  snr=+4.0dB [ber_drl]  snr=+6.0dB [ber_drl]  snr=+8.0dB [ber_drl]  snr=+10.0dB [ber_drl]  snr=+12.0dB [ber_drl]  snr=+14.0dB [ber_drl]  snr=+16.0dB [ber_drl]  snr=+18.0dB [ber_drl]  snr=+20.0dB [ber_drl]Done (7.03s)
Batch 898/2000 (active points 11/11) [1h 44m 44s elapsed] ...   snr=+0.0dB [ber_drl]  snr=+2.0dB [ber_drl]  snr=+4.0dB [ber_drl]  snr=+6.0dB [ber_drl]  snr=+8.0dB [ber_drl]  snr=+10.0dB [ber_drl]  snr=+12.0dB [ber_drl]  snr=+14.0dB [ber_drl]  snr=+16.0dB [ber_drl]  snr=+18.0dB [ber_drl]  snr=+20.0dB [ber_drl]Done (7.16s)
Batch 899/2000 (active points 11/11) [1h 44m 52s elapsed] ...   snr=+0.0dB [ber_drl]  snr=+2.0dB [ber_drl]  snr=+4.0dB [ber_drl]  snr=+6.0dB [ber_drl]  snr=+8.0dB [ber_drl]  snr=+10.0dB [ber_drl]  snr=+12.0dB [ber_drl]  snr=+14.0dB [ber_drl]  snr=+16.0dB [ber_drl]  snr=+18.0dB [ber_drl]  snr=+20.0dB [ber_drl]Done (6.97s)
Batch 900/2000 (active points 11/11) [1h 44m 59s elapsed] ...   snr=+0.0dB [ber_drl]  snr=+2.0dB [ber_drl]  snr=+4.0dB [ber_drl]  snr=+6.0dB [ber_drl]  snr=+8.0dB [ber_drl]  snr=+10.0dB [ber_drl]  snr=+12.0dB [ber_drl]  snr=+14.0dB [ber_drl]  snr=+16.0dB [ber_drl]  snr=+18.0dB [ber_drl]  snr=+20.0dB [ber_drl]Done (6.99s)
Batch 901/2000 (active points 11/11) [1h 45m 06s elapsed] ...   snr=+0.0dB [ber_drl]  snr=+2.0dB [ber_drl]  snr=+4.0dB [ber_drl]  snr=+6.0dB [ber_drl]  snr=+8.0dB [ber_drl]  snr=+10.0dB [ber_drl]  snr=+12.0dB [ber_drl]  snr=+14.0dB [ber_drl]  snr=+16.0dB [ber_drl]  snr=+18.0dB [ber_drl]  snr=+20.0dB [ber_drl]Done (7.04s)
Batch 902/2000 (active points 11/11) [1h 45m 13s elapsed] ...   snr=+0.0dB [ber_drl]  snr=+2.0dB [ber_drl]  snr=+4.0dB [ber_drl]  snr=+6.0dB [ber_drl]  snr=+8.0dB [ber_drl]  snr=+10.0dB [ber_drl]  snr=+12.0dB [ber_drl]  snr=+14.0dB [ber_drl]  snr=+16.0dB [ber_drl]  snr=+18.0dB [ber_drl]  snr=+20.0dB [ber_drl]Done (7.03s)
Batch 903/2000 (active points 11/11) [1h 45m 20s elapsed] ...   snr=+0.0dB [ber_drl]  snr=+2.0dB [ber_drl]  snr=+4.0dB [ber_drl]  snr=+6.0dB [ber_drl]  snr=+8.0dB [ber_drl]  snr=+10.0dB [ber_drl]  snr=+12.0dB [ber_drl]  snr=+14.0dB [ber_drl]  snr=+16.0dB [ber_drl]  snr=+18.0dB [ber_drl]  snr=+20.0dB [ber_drl]Done (6.99s)
Batch 904/2000 (active points 11/11) [1h 45m 27s elapsed] ...   snr=+0.0dB [ber_drl]  snr=+2.0dB [ber_drl]  snr=+4.0dB [ber_drl]  snr=+6.0dB [ber_drl]  snr=+8.0dB [ber_drl]  snr=+10.0dB [ber_drl]  snr=+12.0dB [ber_drl]  snr=+14.0dB [ber_drl]  snr=+16.0dB [ber_drl]  snr=+18.0dB [ber_drl]  snr=+20.0dB [ber_drl]Done (6.98s)
Batch 905/2000 (active points 11/11) [1h 45m 34s elapsed] ...   snr=+0.0dB [ber_drl]  snr=+2.0dB [ber_drl]  snr=+4.0dB [ber_drl]  snr=+6.0dB [ber_drl]  snr=+8.0dB [ber_drl]  snr=+10.0dB [ber_drl]  snr=+12.0dB [ber_drl]  snr=+14.0dB [ber_drl]  snr=+16.0dB [ber_drl]  snr=+18.0dB [ber_drl]  snr=+20.0dB [ber_drl]Done (7.06s)
Batch 906/2000 (active points 11/11) [1h 45m 41s elapsed] ...   snr=+0.0dB [ber_drl]  snr=+2.0dB [ber_drl]  snr=+4.0dB [ber_drl]  snr=+6.0dB [ber_drl]  snr=+8.0dB [ber_drl]  snr=+10.0dB [ber_drl]  snr=+12.0dB [ber_drl]  snr=+14.0dB [ber_drl]  snr=+16.0dB [ber_drl]  snr=+18.0dB [ber_drl]  snr=+20.0dB [ber_drl]Done (7.45s)
Batch 907/2000 (active points 11/11) [1h 45m 48s elapsed] ...   snr=+0.0dB [ber_drl]  snr=+2.0dB [ber_drl]  snr=+4.0dB [ber_drl]  snr=+6.0dB [ber_drl]  snr=+8.0dB [ber_drl]  snr=+10.0dB [ber_drl]  snr=+12.0dB [ber_drl]  snr=+14.0dB [ber_drl]  snr=+16.0dB [ber_drl]  snr=+18.0dB [ber_drl]  snr=+20.0dB [ber_drl]Done (7.08s)
Batch 908/2000 (active points 11/11) [1h 45m 55s elapsed] ...   snr=+0.0dB [ber_drl]  snr=+2.0dB [ber_drl]  snr=+4.0dB [ber_drl]  snr=+6.0dB [ber_drl]  snr=+8.0dB [ber_drl]  snr=+10.0dB [ber_drl]  snr=+12.0dB [ber_drl]  snr=+14.0dB [ber_drl]  snr=+16.0dB [ber_drl]  snr=+18.0dB [ber_drl]  snr=+20.0dB [ber_drl]Done (6.92s)
Batch 909/2000 (active points 11/11) [1h 46m 02s elapsed] ...   snr=+0.0dB [ber_drl]  snr=+2.0dB [ber_drl]  snr=+4.0dB [ber_drl]  snr=+6.0dB [ber_drl]  snr=+8.0dB [ber_drl]  snr=+10.0dB [ber_drl]  snr=+12.0dB [ber_drl]  snr=+14.0dB [ber_drl]  snr=+16.0dB [ber_drl]  snr=+18.0dB [ber_drl]  snr=+20.0dB [ber_drl]Done (7.03s)
Batch 910/2000 (active points 11/11) [1h 46m 09s elapsed] ...   snr=+0.0dB [ber_drl]  snr=+2.0dB [ber_drl]  snr=+4.0dB [ber_drl]  snr=+6.0dB [ber_drl]  snr=+8.0dB [ber_drl]  snr=+10.0dB [ber_drl]  snr=+12.0dB [ber_drl]  snr=+14.0dB [ber_drl]  snr=+16.0dB [ber_drl]  snr=+18.0dB [ber_drl]  snr=+20.0dB [ber_drl]Done (7.05s)
Batch 911/2000 (active points 11/11) [1h 46m 16s elapsed] ...   snr=+0.0dB [ber_drl]  snr=+2.0dB [ber_drl]  snr=+4.0dB [ber_drl]  snr=+6.0dB [ber_drl]  snr=+8.0dB [ber_drl]  snr=+10.0dB [ber_drl]  snr=+12.0dB [ber_drl]  snr=+14.0dB [ber_drl]  snr=+16.0dB [ber_drl]  snr=+18.0dB [ber_drl]  snr=+20.0dB [ber_drl]Done (7.06s)
Batch 912/2000 (active points 11/11) [1h 46m 23s elapsed] ...   snr=+0.0dB [ber_drl]  snr=+2.0dB [ber_drl]  snr=+4.0dB [ber_drl]  snr=+6.0dB [ber_drl]  snr=+8.0dB [ber_drl]  snr=+10.0dB [ber_drl]  snr=+12.0dB [ber_drl]  snr=+14.0dB [ber_drl]  snr=+16.0dB [ber_drl]  snr=+18.0dB [ber_drl]  snr=+20.0dB [ber_drl]Done (6.96s)
Batch 913/2000 (active points 11/11) [1h 46m 30s elapsed] ...   snr=+0.0dB [ber_drl]  snr=+2.0dB [ber_drl]  snr=+4.0dB [ber_drl]  snr=+6.0dB [ber_drl]  snr=+8.0dB [ber_drl]  snr=+10.0dB [ber_drl]  snr=+12.0dB [ber_drl]  snr=+14.0dB [ber_drl]  snr=+16.0dB [ber_drl]  snr=+18.0dB [ber_drl]  snr=+20.0dB [ber_drl]Done (7.12s)
Batch 914/2000 (active points 11/11) [1h 46m 37s elapsed] ...   snr=+0.0dB [ber_drl]  snr=+2.0dB [ber_drl]  snr=+4.0dB [ber_drl]  snr=+6.0dB [ber_drl]  snr=+8.0dB [ber_drl]  snr=+10.0dB [ber_drl]  snr=+12.0dB [ber_drl]  snr=+14.0dB [ber_drl]  snr=+16.0dB [ber_drl]  snr=+18.0dB [ber_drl]  snr=+20.0dB [ber_drl]Done (7.07s)
Batch 915/2000 (active points 11/11) [1h 46m 44s elapsed] ...   snr=+0.0dB [ber_drl]  snr=+2.0dB [ber_drl]  snr=+4.0dB [ber_drl]  snr=+6.0dB [ber_drl]  snr=+8.0dB [ber_drl]  snr=+10.0dB [ber_drl]  snr=+12.0dB [ber_drl]  snr=+14.0dB [ber_drl]  snr=+16.0dB [ber_drl]  snr=+18.0dB [ber_drl]  snr=+20.0dB [ber_drl]Done (7.61s)
Batch 916/2000 (active points 11/11) [1h 46m 52s elapsed] ...   snr=+0.0dB [ber_drl]  snr=+2.0dB [ber_drl]  snr=+4.0dB [ber_drl]  snr=+6.0dB [ber_drl]  snr=+8.0dB [ber_drl]  snr=+10.0dB [ber_drl]  snr=+12.0dB [ber_drl]  snr=+14.0dB [ber_drl]  snr=+16.0dB [ber_drl]  snr=+18.0dB [ber_drl]  snr=+20.0dB [ber_drl]Done (6.92s)
Batch 917/2000 (active points 11/11) [1h 46m 59s elapsed] ...   snr=+0.0dB [ber_drl]  snr=+2.0dB [ber_drl]  snr=+4.0dB [ber_drl]  snr=+6.0dB [ber_drl]  snr=+8.0dB [ber_drl]  snr=+10.0dB [ber_drl]  snr=+12.0dB [ber_drl]  snr=+14.0dB [ber_drl]  snr=+16.0dB [ber_drl]  snr=+18.0dB [ber_drl]  snr=+20.0dB [ber_drl]Done (7.00s)
Batch 918/2000 (active points 11/11) [1h 47m 06s elapsed] ...   snr=+0.0dB [ber_drl]  snr=+2.0dB [ber_drl]  snr=+4.0dB [ber_drl]  snr=+6.0dB [ber_drl]  snr=+8.0dB [ber_drl]  snr=+10.0dB [ber_drl]  snr=+12.0dB [ber_drl]  snr=+14.0dB [ber_drl]  snr=+16.0dB [ber_drl]  snr=+18.0dB [ber_drl]  snr=+20.0dB [ber_drl]Done (7.01s)
Batch 919/2000 (active points 11/11) [1h 47m 13s elapsed] ...   snr=+0.0dB [ber_drl]  snr=+2.0dB [ber_drl]  snr=+4.0dB [ber_drl]  snr=+6.0dB [ber_drl]  snr=+8.0dB [ber_drl]  snr=+10.0dB [ber_drl]  snr=+12.0dB [ber_drl]  snr=+14.0dB [ber_drl]  snr=+16.0dB [ber_drl]  snr=+18.0dB [ber_drl]  snr=+20.0dB [ber_drl]Done (7.01s)
Batch 920/2000 (active points 11/11) [1h 47m 20s elapsed] ...   snr=+0.0dB [ber_drl]  snr=+2.0dB [ber_drl]  snr=+4.0dB [ber_drl]  snr=+6.0dB [ber_drl]  snr=+8.0dB [ber_drl]  snr=+10.0dB [ber_drl]  snr=+12.0dB [ber_drl]  snr=+14.0dB [ber_drl]  snr=+16.0dB [ber_drl]  snr=+18.0dB [ber_drl]  snr=+20.0dB [ber_drl]Done (6.94s)
Batch 921/2000 (active points 11/11) [1h 47m 27s elapsed] ...   snr=+0.0dB [ber_drl]  snr=+2.0dB [ber_drl]  snr=+4.0dB [ber_drl]  snr=+6.0dB [ber_drl]  snr=+8.0dB [ber_drl]  snr=+10.0dB [ber_drl]  snr=+12.0dB [ber_drl]  snr=+14.0dB [ber_drl]  snr=+16.0dB [ber_drl]  snr=+18.0dB [ber_drl]  snr=+20.0dB [ber_drl]Done (7.05s)
Batch 922/2000 (active points 11/11) [1h 47m 34s elapsed] ...   snr=+0.0dB [ber_drl]  snr=+2.0dB [ber_drl]  snr=+4.0dB [ber_drl]  snr=+6.0dB [ber_drl]  snr=+8.0dB [ber_drl]  snr=+10.0dB [ber_drl]  snr=+12.0dB [ber_drl]  snr=+14.0dB [ber_drl]  snr=+16.0dB [ber_drl]  snr=+18.0dB [ber_drl]  snr=+20.0dB [ber_drl]Done (7.01s)
Batch 923/2000 (active points 11/11) [1h 47m 41s elapsed] ...   snr=+0.0dB [ber_drl]  snr=+2.0dB [ber_drl]  snr=+4.0dB [ber_drl]  snr=+6.0dB [ber_drl]  snr=+8.0dB [ber_drl]  snr=+10.0dB [ber_drl]  snr=+12.0dB [ber_drl]  snr=+14.0dB [ber_drl]  snr=+16.0dB [ber_drl]  snr=+18.0dB [ber_drl]  snr=+20.0dB [ber_drl]Done (6.98s)
Batch 924/2000 (active points 11/11) [1h 47m 48s elapsed] ...   snr=+0.0dB [ber_drl]  snr=+2.0dB [ber_drl]  snr=+4.0dB [ber_drl]  snr=+6.0dB [ber_drl]  snr=+8.0dB [ber_drl]  snr=+10.0dB [ber_drl]  snr=+12.0dB [ber_drl]  snr=+14.0dB [ber_drl]  snr=+16.0dB [ber_drl]  snr=+18.0dB [ber_drl]  snr=+20.0dB [ber_drl]Done (6.94s)
Batch 925/2000 (active points 11/11) [1h 47m 55s elapsed] ...   snr=+0.0dB [ber_drl]  snr=+2.0dB [ber_drl]  snr=+4.0dB [ber_drl]  snr=+6.0dB [ber_drl]  snr=+8.0dB [ber_drl]  snr=+10.0dB [ber_drl]  snr=+12.0dB [ber_drl]  snr=+14.0dB [ber_drl]  snr=+16.0dB [ber_drl]  snr=+18.0dB [ber_drl]  snr=+20.0dB [ber_drl]Done (7.02s)
Batch 926/2000 (active points 11/11) [1h 48m 02s elapsed] ...   snr=+0.0dB [ber_drl]  snr=+2.0dB [ber_drl]  snr=+4.0dB [ber_drl]  snr=+6.0dB [ber_drl]  snr=+8.0dB [ber_drl]  snr=+10.0dB [ber_drl]  snr=+12.0dB [ber_drl]  snr=+14.0dB [ber_drl]  snr=+16.0dB [ber_drl]  snr=+18.0dB [ber_drl]  snr=+20.0dB [ber_drl]Done (6.97s)
Batch 927/2000 (active points 11/11) [1h 48m 09s elapsed] ...   snr=+0.0dB [ber_drl]  snr=+2.0dB [ber_drl]  snr=+4.0dB [ber_drl]  snr=+6.0dB [ber_drl]  snr=+8.0dB [ber_drl]  snr=+10.0dB [ber_drl]  snr=+12.0dB [ber_drl]  snr=+14.0dB [ber_drl]  snr=+16.0dB [ber_drl]  snr=+18.0dB [ber_drl]  snr=+20.0dB [ber_drl]Done (6.96s)
Batch 928/2000 (active points 11/11) [1h 48m 16s elapsed] ...   snr=+0.0dB [ber_drl]  snr=+2.0dB [ber_drl]  snr=+4.0dB [ber_drl]  snr=+6.0dB [ber_drl]  snr=+8.0dB [ber_drl]  snr=+10.0dB [ber_drl]  snr=+12.0dB [ber_drl]  snr=+14.0dB [ber_drl]  snr=+16.0dB [ber_drl]  snr=+18.0dB [ber_drl]  snr=+20.0dB [ber_drl]Done (7.04s)
Batch 929/2000 (active points 11/11) [1h 48m 23s elapsed] ...   snr=+0.0dB [ber_drl]  snr=+2.0dB [ber_drl]  snr=+4.0dB [ber_drl]  snr=+6.0dB [ber_drl]  snr=+8.0dB [ber_drl]  snr=+10.0dB [ber_drl]  snr=+12.0dB [ber_drl]  snr=+14.0dB [ber_drl]  snr=+16.0dB [ber_drl]  snr=+18.0dB [ber_drl]  snr=+20.0dB [ber_drl]Done (7.06s)
Batch 930/2000 (active points 11/11) [1h 48m 30s elapsed] ...   snr=+0.0dB [ber_drl]  snr=+2.0dB [ber_drl]  snr=+4.0dB [ber_drl]  snr=+6.0dB [ber_drl]  snr=+8.0dB [ber_drl]  snr=+10.0dB [ber_drl]  snr=+12.0dB [ber_drl]  snr=+14.0dB [ber_drl]  snr=+16.0dB [ber_drl]  snr=+18.0dB [ber_drl]  snr=+20.0dB [ber_drl]Done (6.98s)
Batch 931/2000 (active points 11/11) [1h 48m 37s elapsed] ...   snr=+0.0dB [ber_drl]  snr=+2.0dB [ber_drl]  snr=+4.0dB [ber_drl]  snr=+6.0dB [ber_drl]  snr=+8.0dB [ber_drl]  snr=+10.0dB [ber_drl]  snr=+12.0dB [ber_drl]  snr=+14.0dB [ber_drl]  snr=+16.0dB [ber_drl]  snr=+18.0dB [ber_drl]  snr=+20.0dB [ber_drl]Done (6.98s)
Batch 932/2000 (active points 11/11) [1h 48m 44s elapsed] ...   snr=+0.0dB [ber_drl]  snr=+2.0dB [ber_drl]  snr=+4.0dB [ber_drl]  snr=+6.0dB [ber_drl]  snr=+8.0dB [ber_drl]  snr=+10.0dB [ber_drl]  snr=+12.0dB [ber_drl]  snr=+14.0dB [ber_drl]  snr=+16.0dB [ber_drl]  snr=+18.0dB [ber_drl]  snr=+20.0dB [ber_drl]Done (6.97s)
Batch 933/2000 (active points 11/11) [1h 48m 51s elapsed] ...   snr=+0.0dB [ber_drl]  snr=+2.0dB [ber_drl]  snr=+4.0dB [ber_drl]  snr=+6.0dB [ber_drl]  snr=+8.0dB [ber_drl]  snr=+10.0dB [ber_drl]  snr=+12.0dB [ber_drl]  snr=+14.0dB [ber_drl]  snr=+16.0dB [ber_drl]  snr=+18.0dB [ber_drl]  snr=+20.0dB [ber_drl]Done (7.00s)
Batch 934/2000 (active points 11/11) [1h 48m 58s elapsed] ...   snr=+0.0dB [ber_drl]  snr=+2.0dB [ber_drl]  snr=+4.0dB [ber_drl]  snr=+6.0dB [ber_drl]  snr=+8.0dB [ber_drl]  snr=+10.0dB [ber_drl]  snr=+12.0dB [ber_drl]  snr=+14.0dB [ber_drl]  snr=+16.0dB [ber_drl]  snr=+18.0dB [ber_drl]  snr=+20.0dB [ber_drl]Done (6.98s)
Batch 935/2000 (active points 11/11) [1h 49m 05s elapsed] ...   snr=+0.0dB [ber_drl]  snr=+2.0dB [ber_drl]  snr=+4.0dB [ber_drl]  snr=+6.0dB [ber_drl]  snr=+8.0dB [ber_drl]  snr=+10.0dB [ber_drl]  snr=+12.0dB [ber_drl]  snr=+14.0dB [ber_drl]  snr=+16.0dB [ber_drl]  snr=+18.0dB [ber_drl]  snr=+20.0dB [ber_drl]Done (7.04s)
Batch 936/2000 (active points 11/11) [1h 49m 12s elapsed] ...   snr=+0.0dB [ber_drl]  snr=+2.0dB [ber_drl]  snr=+4.0dB [ber_drl]  snr=+6.0dB [ber_drl]  snr=+8.0dB [ber_drl]  snr=+10.0dB [ber_drl]  snr=+12.0dB [ber_drl]  snr=+14.0dB [ber_drl]  snr=+16.0dB [ber_drl]  snr=+18.0dB [ber_drl]  snr=+20.0dB [ber_drl]Done (6.92s)
Batch 937/2000 (active points 11/11) [1h 49m 19s elapsed] ...   snr=+0.0dB [ber_drl]  snr=+2.0dB [ber_drl]  snr=+4.0dB [ber_drl]  snr=+6.0dB [ber_drl]  snr=+8.0dB [ber_drl]  snr=+10.0dB [ber_drl]  snr=+12.0dB [ber_drl]  snr=+14.0dB [ber_drl]  snr=+16.0dB [ber_drl]  snr=+18.0dB [ber_drl]  snr=+20.0dB [ber_drl]Done (6.96s)
Batch 938/2000 (active points 11/11) [1h 49m 26s elapsed] ...   snr=+0.0dB [ber_drl]  snr=+2.0dB [ber_drl]  snr=+4.0dB [ber_drl]  snr=+6.0dB [ber_drl]  snr=+8.0dB [ber_drl]  snr=+10.0dB [ber_drl]  snr=+12.0dB [ber_drl]  snr=+14.0dB [ber_drl]  snr=+16.0dB [ber_drl]  snr=+18.0dB [ber_drl]  snr=+20.0dB [ber_drl]Done (7.06s)
Batch 939/2000 (active points 11/11) [1h 49m 33s elapsed] ...   snr=+0.0dB [ber_drl]  snr=+2.0dB [ber_drl]  snr=+4.0dB [ber_drl]  snr=+6.0dB [ber_drl]  snr=+8.0dB [ber_drl]  snr=+10.0dB [ber_drl]  snr=+12.0dB [ber_drl]  snr=+14.0dB [ber_drl]  snr=+16.0dB [ber_drl]  snr=+18.0dB [ber_drl]  snr=+20.0dB [ber_drl]Done (7.01s)
Batch 940/2000 (active points 11/11) [1h 49m 40s elapsed] ...   snr=+0.0dB [ber_drl]  snr=+2.0dB [ber_drl]  snr=+4.0dB [ber_drl]  snr=+6.0dB [ber_drl]  snr=+8.0dB [ber_drl]  snr=+10.0dB [ber_drl]  snr=+12.0dB [ber_drl]  snr=+14.0dB [ber_drl]  snr=+16.0dB [ber_drl]  snr=+18.0dB [ber_drl]  snr=+20.0dB [ber_drl]Done (6.91s)
Batch 941/2000 (active points 11/11) [1h 49m 47s elapsed] ...   snr=+0.0dB [ber_drl]  snr=+2.0dB [ber_drl]  snr=+4.0dB [ber_drl]  snr=+6.0dB [ber_drl]  snr=+8.0dB [ber_drl]  snr=+10.0dB [ber_drl]  snr=+12.0dB [ber_drl]  snr=+14.0dB [ber_drl]  snr=+16.0dB [ber_drl]  snr=+18.0dB [ber_drl]  snr=+20.0dB [ber_drl]Done (7.01s)
Batch 942/2000 (active points 11/11) [1h 49m 54s elapsed] ...   snr=+0.0dB [ber_drl]  snr=+2.0dB [ber_drl]  snr=+4.0dB [ber_drl]  snr=+6.0dB [ber_drl]  snr=+8.0dB [ber_drl]  snr=+10.0dB [ber_drl]  snr=+12.0dB [ber_drl]  snr=+14.0dB [ber_drl]  snr=+16.0dB [ber_drl]  snr=+18.0dB [ber_drl]  snr=+20.0dB [ber_drl]Done (7.08s)
Batch 943/2000 (active points 11/11) [1h 50m 01s elapsed] ...   snr=+0.0dB [ber_drl]  snr=+2.0dB [ber_drl]  snr=+4.0dB [ber_drl]  snr=+6.0dB [ber_drl]  snr=+8.0dB [ber_drl]  snr=+10.0dB [ber_drl]  snr=+12.0dB [ber_drl]  snr=+14.0dB [ber_drl]  snr=+16.0dB [ber_drl]  snr=+18.0dB [ber_drl]  snr=+20.0dB [ber_drl]Done (6.94s)
Batch 944/2000 (active points 11/11) [1h 50m 08s elapsed] ...   snr=+0.0dB [ber_drl]  snr=+2.0dB [ber_drl]  snr=+4.0dB [ber_drl]  snr=+6.0dB [ber_drl]  snr=+8.0dB [ber_drl]  snr=+10.0dB [ber_drl]  snr=+12.0dB [ber_drl]  snr=+14.0dB [ber_drl]  snr=+16.0dB [ber_drl]  snr=+18.0dB [ber_drl]  snr=+20.0dB [ber_drl]Done (6.96s)
Batch 945/2000 (active points 11/11) [1h 50m 15s elapsed] ...   snr=+0.0dB [ber_drl]  snr=+2.0dB [ber_drl]  snr=+4.0dB [ber_drl]  snr=+6.0dB [ber_drl]  snr=+8.0dB [ber_drl]  snr=+10.0dB [ber_drl]  snr=+12.0dB [ber_drl]  snr=+14.0dB [ber_drl]  snr=+16.0dB [ber_drl]  snr=+18.0dB [ber_drl]  snr=+20.0dB [ber_drl]Done (7.03s)
Batch 946/2000 (active points 11/11) [1h 50m 22s elapsed] ...   snr=+0.0dB [ber_drl]  snr=+2.0dB [ber_drl]  snr=+4.0dB [ber_drl]  snr=+6.0dB [ber_drl]  snr=+8.0dB [ber_drl]  snr=+10.0dB [ber_drl]  snr=+12.0dB [ber_drl]  snr=+14.0dB [ber_drl]  snr=+16.0dB [ber_drl]  snr=+18.0dB [ber_drl]  snr=+20.0dB [ber_drl]Done (7.04s)
Batch 947/2000 (active points 11/11) [1h 50m 29s elapsed] ...   snr=+0.0dB [ber_drl]  snr=+2.0dB [ber_drl]  snr=+4.0dB [ber_drl]  snr=+6.0dB [ber_drl]  snr=+8.0dB [ber_drl]  snr=+10.0dB [ber_drl]  snr=+12.0dB [ber_drl]  snr=+14.0dB [ber_drl]  snr=+16.0dB [ber_drl]  snr=+18.0dB [ber_drl]  snr=+20.0dB [ber_drl]Done (6.98s)
Batch 948/2000 (active points 11/11) [1h 50m 36s elapsed] ...   snr=+0.0dB [ber_drl]  snr=+2.0dB [ber_drl]  snr=+4.0dB [ber_drl]  snr=+6.0dB [ber_drl]  snr=+8.0dB [ber_drl]  snr=+10.0dB [ber_drl]  snr=+12.0dB [ber_drl]  snr=+14.0dB [ber_drl]  snr=+16.0dB [ber_drl]  snr=+18.0dB [ber_drl]  snr=+20.0dB [ber_drl]Done (6.95s)
Batch 949/2000 (active points 11/11) [1h 50m 43s elapsed] ...   snr=+0.0dB [ber_drl]  snr=+2.0dB [ber_drl]  snr=+4.0dB [ber_drl]  snr=+6.0dB [ber_drl]  snr=+8.0dB [ber_drl]  snr=+10.0dB [ber_drl]  snr=+12.0dB [ber_drl]  snr=+14.0dB [ber_drl]  snr=+16.0dB [ber_drl]  snr=+18.0dB [ber_drl]  snr=+20.0dB [ber_drl]Done (7.01s)
Batch 950/2000 (active points 11/11) [1h 50m 50s elapsed] ...   snr=+0.0dB [ber_drl]  snr=+2.0dB [ber_drl]  snr=+4.0dB [ber_drl]  snr=+6.0dB [ber_drl]  snr=+8.0dB [ber_drl]  snr=+10.0dB [ber_drl]  snr=+12.0dB [ber_drl]  snr=+14.0dB [ber_drl]  snr=+16.0dB [ber_drl]  snr=+18.0dB [ber_drl]  snr=+20.0dB [ber_drl]Done (7.02s)
Batch 951/2000 (active points 11/11) [1h 50m 57s elapsed] ...   snr=+0.0dB [ber_drl]  snr=+2.0dB [ber_drl]  snr=+4.0dB [ber_drl]  snr=+6.0dB [ber_drl]  snr=+8.0dB [ber_drl]  snr=+10.0dB [ber_drl]  snr=+12.0dB [ber_drl]  snr=+14.0dB [ber_drl]  snr=+16.0dB [ber_drl]  snr=+18.0dB [ber_drl]  snr=+20.0dB [ber_drl]Done (7.09s)
Batch 952/2000 (active points 11/11) [1h 51m 04s elapsed] ...   snr=+0.0dB [ber_drl]  snr=+2.0dB [ber_drl]  snr=+4.0dB [ber_drl]  snr=+6.0dB [ber_drl]  snr=+8.0dB [ber_drl]  snr=+10.0dB [ber_drl]  snr=+12.0dB [ber_drl]  snr=+14.0dB [ber_drl]  snr=+16.0dB [ber_drl]  snr=+18.0dB [ber_drl]  snr=+20.0dB [ber_drl]Done (6.96s)
Batch 953/2000 (active points 11/11) [1h 51m 11s elapsed] ...   snr=+0.0dB [ber_drl]  snr=+2.0dB [ber_drl]  snr=+4.0dB [ber_drl]  snr=+6.0dB [ber_drl]  snr=+8.0dB [ber_drl]  snr=+10.0dB [ber_drl]  snr=+12.0dB [ber_drl]  snr=+14.0dB [ber_drl]  snr=+16.0dB [ber_drl]  snr=+18.0dB [ber_drl]  snr=+20.0dB [ber_drl]Done (6.99s)
Batch 954/2000 (active points 11/11) [1h 51m 18s elapsed] ...   snr=+0.0dB [ber_drl]  snr=+2.0dB [ber_drl]  snr=+4.0dB [ber_drl]  snr=+6.0dB [ber_drl]  snr=+8.0dB [ber_drl]  snr=+10.0dB [ber_drl]  snr=+12.0dB [ber_drl]  snr=+14.0dB [ber_drl]  snr=+16.0dB [ber_drl]  snr=+18.0dB [ber_drl]  snr=+20.0dB [ber_drl]Done (7.12s)
Batch 955/2000 (active points 11/11) [1h 51m 25s elapsed] ...   snr=+0.0dB [ber_drl]  snr=+2.0dB [ber_drl]  snr=+4.0dB [ber_drl]  snr=+6.0dB [ber_drl]  snr=+8.0dB [ber_drl]  snr=+10.0dB [ber_drl]  snr=+12.0dB [ber_drl]  snr=+14.0dB [ber_drl]  snr=+16.0dB [ber_drl]  snr=+18.0dB [ber_drl]  snr=+20.0dB [ber_drl]Done (7.01s)
Batch 956/2000 (active points 11/11) [1h 51m 32s elapsed] ...   snr=+0.0dB [ber_drl]  snr=+2.0dB [ber_drl]  snr=+4.0dB [ber_drl]  snr=+6.0dB [ber_drl]  snr=+8.0dB [ber_drl]  snr=+10.0dB [ber_drl]  snr=+12.0dB [ber_drl]  snr=+14.0dB [ber_drl]  snr=+16.0dB [ber_drl]  snr=+18.0dB [ber_drl]  snr=+20.0dB [ber_drl]Done (6.99s)
Batch 957/2000 (active points 11/11) [1h 51m 39s elapsed] ...   snr=+0.0dB [ber_drl]  snr=+2.0dB [ber_drl]  snr=+4.0dB [ber_drl]  snr=+6.0dB [ber_drl]  snr=+8.0dB [ber_drl]  snr=+10.0dB [ber_drl]  snr=+12.0dB [ber_drl]  snr=+14.0dB [ber_drl]  snr=+16.0dB [ber_drl]  snr=+18.0dB [ber_drl]  snr=+20.0dB [ber_drl]Done (6.99s)
Batch 958/2000 (active points 11/11) [1h 51m 46s elapsed] ...   snr=+0.0dB [ber_drl]  snr=+2.0dB [ber_drl]  snr=+4.0dB [ber_drl]  snr=+6.0dB [ber_drl]  snr=+8.0dB [ber_drl]  snr=+10.0dB [ber_drl]  snr=+12.0dB [ber_drl]  snr=+14.0dB [ber_drl]  snr=+16.0dB [ber_drl]  snr=+18.0dB [ber_drl]  snr=+20.0dB [ber_drl]Done (7.04s)
Batch 959/2000 (active points 11/11) [1h 51m 53s elapsed] ...   snr=+0.0dB [ber_drl]  snr=+2.0dB [ber_drl]  snr=+4.0dB [ber_drl]  snr=+6.0dB [ber_drl]  snr=+8.0dB [ber_drl]  snr=+10.0dB [ber_drl]  snr=+12.0dB [ber_drl]  snr=+14.0dB [ber_drl]  snr=+16.0dB [ber_drl]  snr=+18.0dB [ber_drl]  snr=+20.0dB [ber_drl]Done (7.15s)
Batch 960/2000 (active points 11/11) [1h 52m 00s elapsed] ...   snr=+0.0dB [ber_drl]  snr=+2.0dB [ber_drl]  snr=+4.0dB [ber_drl]  snr=+6.0dB [ber_drl]  snr=+8.0dB [ber_drl]  snr=+10.0dB [ber_drl]  snr=+12.0dB [ber_drl]  snr=+14.0dB [ber_drl]  snr=+16.0dB [ber_drl]  snr=+18.0dB [ber_drl]  snr=+20.0dB [ber_drl]Done (6.94s)
Batch 961/2000 (active points 11/11) [1h 52m 07s elapsed] ...   snr=+0.0dB [ber_drl]  snr=+2.0dB [ber_drl]  snr=+4.0dB [ber_drl]  snr=+6.0dB [ber_drl]  snr=+8.0dB [ber_drl]  snr=+10.0dB [ber_drl]  snr=+12.0dB [ber_drl]  snr=+14.0dB [ber_drl]  snr=+16.0dB [ber_drl]  snr=+18.0dB [ber_drl]  snr=+20.0dB [ber_drl]Done (6.94s)
Batch 962/2000 (active points 11/11) [1h 52m 14s elapsed] ...   snr=+0.0dB [ber_drl]  snr=+2.0dB [ber_drl]  snr=+4.0dB [ber_drl]  snr=+6.0dB [ber_drl]  snr=+8.0dB [ber_drl]  snr=+10.0dB [ber_drl]  snr=+12.0dB [ber_drl]  snr=+14.0dB [ber_drl]  snr=+16.0dB [ber_drl]  snr=+18.0dB [ber_drl]  snr=+20.0dB [ber_drl]Done (6.97s)
Batch 963/2000 (active points 11/11) [1h 52m 21s elapsed] ...   snr=+0.0dB [ber_drl]  snr=+2.0dB [ber_drl]  snr=+4.0dB [ber_drl]  snr=+6.0dB [ber_drl]  snr=+8.0dB [ber_drl]  snr=+10.0dB [ber_drl]  snr=+12.0dB [ber_drl]  snr=+14.0dB [ber_drl]  snr=+16.0dB [ber_drl]  snr=+18.0dB [ber_drl]  snr=+20.0dB [ber_drl]Done (6.97s)
Batch 964/2000 (active points 11/11) [1h 52m 28s elapsed] ...   snr=+0.0dB [ber_drl]  snr=+2.0dB [ber_drl]  snr=+4.0dB [ber_drl]  snr=+6.0dB [ber_drl]  snr=+8.0dB [ber_drl]  snr=+10.0dB [ber_drl]  snr=+12.0dB [ber_drl]  snr=+14.0dB [ber_drl]  snr=+16.0dB [ber_drl]  snr=+18.0dB [ber_drl]  snr=+20.0dB [ber_drl]Done (6.95s)
Batch 965/2000 (active points 11/11) [1h 52m 35s elapsed] ...   snr=+0.0dB [ber_drl]  snr=+2.0dB [ber_drl]  snr=+4.0dB [ber_drl]  snr=+6.0dB [ber_drl]  snr=+8.0dB [ber_drl]  snr=+10.0dB [ber_drl]  snr=+12.0dB [ber_drl]  snr=+14.0dB [ber_drl]  snr=+16.0dB [ber_drl]  snr=+18.0dB [ber_drl]  snr=+20.0dB [ber_drl]Done (6.97s)
Batch 966/2000 (active points 11/11) [1h 52m 42s elapsed] ...   snr=+0.0dB [ber_drl]  snr=+2.0dB [ber_drl]  snr=+4.0dB [ber_drl]  snr=+6.0dB [ber_drl]  snr=+8.0dB [ber_drl]  snr=+10.0dB [ber_drl]  snr=+12.0dB [ber_drl]  snr=+14.0dB [ber_drl]  snr=+16.0dB [ber_drl]  snr=+18.0dB [ber_drl]  snr=+20.0dB [ber_drl]Done (6.99s)
Batch 967/2000 (active points 11/11) [1h 52m 49s elapsed] ...   snr=+0.0dB [ber_drl]  snr=+2.0dB [ber_drl]  snr=+4.0dB [ber_drl]  snr=+6.0dB [ber_drl]  snr=+8.0dB [ber_drl]  snr=+10.0dB [ber_drl]  snr=+12.0dB [ber_drl]  snr=+14.0dB [ber_drl]  snr=+16.0dB [ber_drl]  snr=+18.0dB [ber_drl]  snr=+20.0dB [ber_drl]Done (7.00s)
Batch 968/2000 (active points 11/11) [1h 52m 56s elapsed] ...   snr=+0.0dB [ber_drl]  snr=+2.0dB [ber_drl]  snr=+4.0dB [ber_drl]  snr=+6.0dB [ber_drl]  snr=+8.0dB [ber_drl]  snr=+10.0dB [ber_drl]  snr=+12.0dB [ber_drl]  snr=+14.0dB [ber_drl]  snr=+16.0dB [ber_drl]  snr=+18.0dB [ber_drl]  snr=+20.0dB [ber_drl]Done (6.93s)
Batch 969/2000 (active points 11/11) [1h 53m 03s elapsed] ...   snr=+0.0dB [ber_drl]  snr=+2.0dB [ber_drl]  snr=+4.0dB [ber_drl]  snr=+6.0dB [ber_drl]  snr=+8.0dB [ber_drl]  snr=+10.0dB [ber_drl]  snr=+12.0dB [ber_drl]  snr=+14.0dB [ber_drl]  snr=+16.0dB [ber_drl]  snr=+18.0dB [ber_drl]  snr=+20.0dB [ber_drl]Done (6.98s)
Batch 970/2000 (active points 11/11) [1h 53m 10s elapsed] ...   snr=+0.0dB [ber_drl]  snr=+2.0dB [ber_drl]  snr=+4.0dB [ber_drl]  snr=+6.0dB [ber_drl]  snr=+8.0dB [ber_drl]  snr=+10.0dB [ber_drl]  snr=+12.0dB [ber_drl]  snr=+14.0dB [ber_drl]  snr=+16.0dB [ber_drl]  snr=+18.0dB [ber_drl]  snr=+20.0dB [ber_drl]Done (7.01s)
Batch 971/2000 (active points 11/11) [1h 53m 17s elapsed] ...   snr=+0.0dB [ber_drl]  snr=+2.0dB [ber_drl]  snr=+4.0dB [ber_drl]  snr=+6.0dB [ber_drl]  snr=+8.0dB [ber_drl]  snr=+10.0dB [ber_drl]  snr=+12.0dB [ber_drl]  snr=+14.0dB [ber_drl]  snr=+16.0dB [ber_drl]  snr=+18.0dB [ber_drl]  snr=+20.0dB [ber_drl]Done (6.95s)
Batch 972/2000 (active points 11/11) [1h 53m 24s elapsed] ...   snr=+0.0dB [ber_drl]  snr=+2.0dB [ber_drl]  snr=+4.0dB [ber_drl]  snr=+6.0dB [ber_drl]  snr=+8.0dB [ber_drl]  snr=+10.0dB [ber_drl]  snr=+12.0dB [ber_drl]  snr=+14.0dB [ber_drl]  snr=+16.0dB [ber_drl]  snr=+18.0dB [ber_drl]  snr=+20.0dB [ber_drl]Done (6.94s)
Batch 973/2000 (active points 11/11) [1h 53m 31s elapsed] ...   snr=+0.0dB [ber_drl]  snr=+2.0dB [ber_drl]  snr=+4.0dB [ber_drl]  snr=+6.0dB [ber_drl]  snr=+8.0dB [ber_drl]  snr=+10.0dB [ber_drl]  snr=+12.0dB [ber_drl]  snr=+14.0dB [ber_drl]  snr=+16.0dB [ber_drl]  snr=+18.0dB [ber_drl]  snr=+20.0dB [ber_drl]Done (6.98s)
Batch 974/2000 (active points 11/11) [1h 53m 38s elapsed] ...   snr=+0.0dB [ber_drl]  snr=+2.0dB [ber_drl]  snr=+4.0dB [ber_drl]  snr=+6.0dB [ber_drl]  snr=+8.0dB [ber_drl]  snr=+10.0dB [ber_drl]  snr=+12.0dB [ber_drl]  snr=+14.0dB [ber_drl]  snr=+16.0dB [ber_drl]  snr=+18.0dB [ber_drl]  snr=+20.0dB [ber_drl]Done (6.99s)
Batch 975/2000 (active points 11/11) [1h 53m 45s elapsed] ...   snr=+0.0dB [ber_drl]  snr=+2.0dB [ber_drl]  snr=+4.0dB [ber_drl]  snr=+6.0dB [ber_drl]  snr=+8.0dB [ber_drl]  snr=+10.0dB [ber_drl]  snr=+12.0dB [ber_drl]  snr=+14.0dB [ber_drl]  snr=+16.0dB [ber_drl]  snr=+18.0dB [ber_drl]  snr=+20.0dB [ber_drl]Done (7.00s)
Batch 976/2000 (active points 11/11) [1h 53m 52s elapsed] ...   snr=+0.0dB [ber_drl]  snr=+2.0dB [ber_drl]  snr=+4.0dB [ber_drl]  snr=+6.0dB [ber_drl]  snr=+8.0dB [ber_drl]  snr=+10.0dB [ber_drl]  snr=+12.0dB [ber_drl]  snr=+14.0dB [ber_drl]  snr=+16.0dB [ber_drl]  snr=+18.0dB [ber_drl]  snr=+20.0dB [ber_drl]Done (6.96s)
Batch 977/2000 (active points 11/11) [1h 53m 59s elapsed] ...   snr=+0.0dB [ber_drl]  snr=+2.0dB [ber_drl]  snr=+4.0dB [ber_drl]  snr=+6.0dB [ber_drl]  snr=+8.0dB [ber_drl]  snr=+10.0dB [ber_drl]  snr=+12.0dB [ber_drl]  snr=+14.0dB [ber_drl]  snr=+16.0dB [ber_drl]  snr=+18.0dB [ber_drl]  snr=+20.0dB [ber_drl]Done (6.96s)
Batch 978/2000 (active points 11/11) [1h 54m 06s elapsed] ...   snr=+0.0dB [ber_drl]  snr=+2.0dB [ber_drl]  snr=+4.0dB [ber_drl]  snr=+6.0dB [ber_drl]  snr=+8.0dB [ber_drl]  snr=+10.0dB [ber_drl]  snr=+12.0dB [ber_drl]  snr=+14.0dB [ber_drl]  snr=+16.0dB [ber_drl]  snr=+18.0dB [ber_drl]  snr=+20.0dB [ber_drl]Done (6.96s)
Batch 979/2000 (active points 11/11) [1h 54m 13s elapsed] ...   snr=+0.0dB [ber_drl]  snr=+2.0dB [ber_drl]  snr=+4.0dB [ber_drl]  snr=+6.0dB [ber_drl]  snr=+8.0dB [ber_drl]  snr=+10.0dB [ber_drl]  snr=+12.0dB [ber_drl]  snr=+14.0dB [ber_drl]  snr=+16.0dB [ber_drl]  snr=+18.0dB [ber_drl]  snr=+20.0dB [ber_drl]Done (7.03s)
Batch 980/2000 (active points 11/11) [1h 54m 20s elapsed] ...   snr=+0.0dB [ber_drl]  snr=+2.0dB [ber_drl]  snr=+4.0dB [ber_drl]  snr=+6.0dB [ber_drl]  snr=+8.0dB [ber_drl]  snr=+10.0dB [ber_drl]  snr=+12.0dB [ber_drl]  snr=+14.0dB [ber_drl]  snr=+16.0dB [ber_drl]  snr=+18.0dB [ber_drl]  snr=+20.0dB [ber_drl]Done (6.89s)
Batch 981/2000 (active points 11/11) [1h 54m 26s elapsed] ...   snr=+0.0dB [ber_drl]  snr=+2.0dB [ber_drl]  snr=+4.0dB [ber_drl]  snr=+6.0dB [ber_drl]  snr=+8.0dB [ber_drl]  snr=+10.0dB [ber_drl]  snr=+12.0dB [ber_drl]  snr=+14.0dB [ber_drl]  snr=+16.0dB [ber_drl]  snr=+18.0dB [ber_drl]  snr=+20.0dB [ber_drl]Done (7.04s)
Batch 982/2000 (active points 11/11) [1h 54m 34s elapsed] ...   snr=+0.0dB [ber_drl]  snr=+2.0dB [ber_drl]  snr=+4.0dB [ber_drl]  snr=+6.0dB [ber_drl]  snr=+8.0dB [ber_drl]  snr=+10.0dB [ber_drl]  snr=+12.0dB [ber_drl]  snr=+14.0dB [ber_drl]  snr=+16.0dB [ber_drl]  snr=+18.0dB [ber_drl]  snr=+20.0dB [ber_drl]Done (6.99s)
Batch 983/2000 (active points 11/11) [1h 54m 41s elapsed] ...   snr=+0.0dB [ber_drl]  snr=+2.0dB [ber_drl]  snr=+4.0dB [ber_drl]  snr=+6.0dB [ber_drl]  snr=+8.0dB [ber_drl]  snr=+10.0dB [ber_drl]  snr=+12.0dB [ber_drl]  snr=+14.0dB [ber_drl]  snr=+16.0dB [ber_drl]  snr=+18.0dB [ber_drl]  snr=+20.0dB [ber_drl]Done (7.00s)
Batch 984/2000 (active points 11/11) [1h 54m 48s elapsed] ...   snr=+0.0dB [ber_drl]  snr=+2.0dB [ber_drl]  snr=+4.0dB [ber_drl]  snr=+6.0dB [ber_drl]  snr=+8.0dB [ber_drl]  snr=+10.0dB [ber_drl]  snr=+12.0dB [ber_drl]  snr=+14.0dB [ber_drl]  snr=+16.0dB [ber_drl]  snr=+18.0dB [ber_drl]  snr=+20.0dB [ber_drl]Done (6.88s)
Batch 985/2000 (active points 11/11) [1h 54m 54s elapsed] ...   snr=+0.0dB [ber_drl]  snr=+2.0dB [ber_drl]  snr=+4.0dB [ber_drl]  snr=+6.0dB [ber_drl]  snr=+8.0dB [ber_drl]  snr=+10.0dB [ber_drl]  snr=+12.0dB [ber_drl]  snr=+14.0dB [ber_drl]  snr=+16.0dB [ber_drl]  snr=+18.0dB [ber_drl]  snr=+20.0dB [ber_drl]Done (7.05s)
Batch 986/2000 (active points 11/11) [1h 55m 01s elapsed] ...   snr=+0.0dB [ber_drl]  snr=+2.0dB [ber_drl]  snr=+4.0dB [ber_drl]  snr=+6.0dB [ber_drl]  snr=+8.0dB [ber_drl]  snr=+10.0dB [ber_drl]  snr=+12.0dB [ber_drl]  snr=+14.0dB [ber_drl]  snr=+16.0dB [ber_drl]  snr=+18.0dB [ber_drl]  snr=+20.0dB [ber_drl]Done (6.99s)
Batch 987/2000 (active points 11/11) [1h 55m 08s elapsed] ...   snr=+0.0dB [ber_drl]  snr=+2.0dB [ber_drl]  snr=+4.0dB [ber_drl]  snr=+6.0dB [ber_drl]  snr=+8.0dB [ber_drl]  snr=+10.0dB [ber_drl]  snr=+12.0dB [ber_drl]  snr=+14.0dB [ber_drl]  snr=+16.0dB [ber_drl]  snr=+18.0dB [ber_drl]  snr=+20.0dB [ber_drl]Done (7.01s)
Batch 988/2000 (active points 11/11) [1h 55m 15s elapsed] ...   snr=+0.0dB [ber_drl]  snr=+2.0dB [ber_drl]  snr=+4.0dB [ber_drl]  snr=+6.0dB [ber_drl]  snr=+8.0dB [ber_drl]  snr=+10.0dB [ber_drl]  snr=+12.0dB [ber_drl]  snr=+14.0dB [ber_drl]  snr=+16.0dB [ber_drl]  snr=+18.0dB [ber_drl]  snr=+20.0dB [ber_drl]Done (6.90s)
Batch 989/2000 (active points 11/11) [1h 55m 22s elapsed] ...   snr=+0.0dB [ber_drl]  snr=+2.0dB [ber_drl]  snr=+4.0dB [ber_drl]  snr=+6.0dB [ber_drl]  snr=+8.0dB [ber_drl]  snr=+10.0dB [ber_drl]  snr=+12.0dB [ber_drl]  snr=+14.0dB [ber_drl]  snr=+16.0dB [ber_drl]  snr=+18.0dB [ber_drl]  snr=+20.0dB [ber_drl]Done (7.03s)
Batch 990/2000 (active points 11/11) [1h 55m 29s elapsed] ...   snr=+0.0dB [ber_drl]  snr=+2.0dB [ber_drl]  snr=+4.0dB [ber_drl]  snr=+6.0dB [ber_drl]  snr=+8.0dB [ber_drl]  snr=+10.0dB [ber_drl]  snr=+12.0dB [ber_drl]  snr=+14.0dB [ber_drl]  snr=+16.0dB [ber_drl]  snr=+18.0dB [ber_drl]  snr=+20.0dB [ber_drl]Done (7.02s)
Batch 991/2000 (active points 11/11) [1h 55m 36s elapsed] ...   snr=+0.0dB [ber_drl]  snr=+2.0dB [ber_drl]  snr=+4.0dB [ber_drl]  snr=+6.0dB [ber_drl]  snr=+8.0dB [ber_drl]  snr=+10.0dB [ber_drl]  snr=+12.0dB [ber_drl]  snr=+14.0dB [ber_drl]  snr=+16.0dB [ber_drl]  snr=+18.0dB [ber_drl]  snr=+20.0dB [ber_drl]Done (6.99s)
Batch 992/2000 (active points 11/11) [1h 55m 43s elapsed] ...   snr=+0.0dB [ber_drl]  snr=+2.0dB [ber_drl]  snr=+4.0dB [ber_drl]  snr=+6.0dB [ber_drl]  snr=+8.0dB [ber_drl]  snr=+10.0dB [ber_drl]  snr=+12.0dB [ber_drl]  snr=+14.0dB [ber_drl]  snr=+16.0dB [ber_drl]  snr=+18.0dB [ber_drl]  snr=+20.0dB [ber_drl]Done (6.91s)
Batch 993/2000 (active points 11/11) [1h 55m 50s elapsed] ...   snr=+0.0dB [ber_drl]  snr=+2.0dB [ber_drl]  snr=+4.0dB [ber_drl]  snr=+6.0dB [ber_drl]  snr=+8.0dB [ber_drl]  snr=+10.0dB [ber_drl]  snr=+12.0dB [ber_drl]  snr=+14.0dB [ber_drl]  snr=+16.0dB [ber_drl]  snr=+18.0dB [ber_drl]  snr=+20.0dB [ber_drl]Done (7.01s)
Batch 994/2000 (active points 11/11) [1h 55m 57s elapsed] ...   snr=+0.0dB [ber_drl]  snr=+2.0dB [ber_drl]  snr=+4.0dB [ber_drl]  snr=+6.0dB [ber_drl]  snr=+8.0dB [ber_drl]  snr=+10.0dB [ber_drl]  snr=+12.0dB [ber_drl]  snr=+14.0dB [ber_drl]  snr=+16.0dB [ber_drl]  snr=+18.0dB [ber_drl]  snr=+20.0dB [ber_drl]Done (7.02s)
Batch 995/2000 (active points 11/11) [1h 56m 04s elapsed] ...   snr=+0.0dB [ber_drl]  snr=+2.0dB [ber_drl]  snr=+4.0dB [ber_drl]  snr=+6.0dB [ber_drl]  snr=+8.0dB [ber_drl]  snr=+10.0dB [ber_drl]  snr=+12.0dB [ber_drl]  snr=+14.0dB [ber_drl]  snr=+16.0dB [ber_drl]  snr=+18.0dB [ber_drl]  snr=+20.0dB [ber_drl]Done (7.02s)
Batch 996/2000 (active points 11/11) [1h 56m 11s elapsed] ...   snr=+0.0dB [ber_drl]  snr=+2.0dB [ber_drl]  snr=+4.0dB [ber_drl]  snr=+6.0dB [ber_drl]  snr=+8.0dB [ber_drl]  snr=+10.0dB [ber_drl]  snr=+12.0dB [ber_drl]  snr=+14.0dB [ber_drl]  snr=+16.0dB [ber_drl]  snr=+18.0dB [ber_drl]  snr=+20.0dB [ber_drl]Done (6.90s)
Batch 997/2000 (active points 11/11) [1h 56m 18s elapsed] ...   snr=+0.0dB [ber_drl]  snr=+2.0dB [ber_drl]  snr=+4.0dB [ber_drl]  snr=+6.0dB [ber_drl]  snr=+8.0dB [ber_drl]  snr=+10.0dB [ber_drl]  snr=+12.0dB [ber_drl]  snr=+14.0dB [ber_drl]  snr=+16.0dB [ber_drl]  snr=+18.0dB [ber_drl]  snr=+20.0dB [ber_drl]Done (6.96s)
Batch 998/2000 (active points 11/11) [1h 56m 25s elapsed] ...   snr=+0.0dB [ber_drl]  snr=+2.0dB [ber_drl]  snr=+4.0dB [ber_drl]  snr=+6.0dB [ber_drl]  snr=+8.0dB [ber_drl]  snr=+10.0dB [ber_drl]  snr=+12.0dB [ber_drl]  snr=+14.0dB [ber_drl]  snr=+16.0dB [ber_drl]  snr=+18.0dB [ber_drl]  snr=+20.0dB [ber_drl]Done (7.02s)
Batch 999/2000 (active points 11/11) [1h 56m 32s elapsed] ...   snr=+0.0dB [ber_drl]  snr=+2.0dB [ber_drl]  snr=+4.0dB [ber_drl]  snr=+6.0dB [ber_drl]  snr=+8.0dB [ber_drl]  snr=+10.0dB [ber_drl]  snr=+12.0dB [ber_drl]  snr=+14.0dB [ber_drl]  snr=+16.0dB [ber_drl]  snr=+18.0dB [ber_drl]  snr=+20.0dB [ber_drl]Done (6.96s)
Batch 1000/2000 (active points 11/11) [1h 56m 39s elapsed] ...   snr=+0.0dB [ber_drl]  snr=+2.0dB [ber_drl]  snr=+4.0dB [ber_drl]  snr=+6.0dB [ber_drl]  snr=+8.0dB [ber_drl]  snr=+10.0dB [ber_drl]  snr=+12.0dB [ber_drl]  snr=+14.0dB [ber_drl]  snr=+16.0dB [ber_drl]  snr=+18.0dB [ber_drl]  snr=+20.0dB [ber_drl]Done (6.97s)
Batch 1001/2000 (active points 11/11) [1h 56m 46s elapsed] ...   snr=+0.0dB [ber_drl]  snr=+2.0dB [ber_drl]  snr=+4.0dB [ber_drl]  snr=+6.0dB [ber_drl]  snr=+8.0dB [ber_drl]  snr=+10.0dB [ber_drl]  snr=+12.0dB [ber_drl]  snr=+14.0dB [ber_drl]  snr=+16.0dB [ber_drl]  snr=+18.0dB [ber_drl]  snr=+20.0dB [ber_drl]Done (7.01s)
Batch 1002/2000 (active points 11/11) [1h 56m 53s elapsed] ...   snr=+0.0dB [ber_drl]  snr=+2.0dB [ber_drl]  snr=+4.0dB [ber_drl]  snr=+6.0dB [ber_drl]  snr=+8.0dB [ber_drl]  snr=+10.0dB [ber_drl]  snr=+12.0dB [ber_drl]  snr=+14.0dB [ber_drl]  snr=+16.0dB [ber_drl]  snr=+18.0dB [ber_drl]  snr=+20.0dB [ber_drl]Done (7.16s)
Batch 1003/2000 (active points 11/11) [1h 57m 00s elapsed] ...   snr=+0.0dB [ber_drl]  snr=+2.0dB [ber_drl]  snr=+4.0dB [ber_drl]  snr=+6.0dB [ber_drl]  snr=+8.0dB [ber_drl]  snr=+10.0dB [ber_drl]  snr=+12.0dB [ber_drl]  snr=+14.0dB [ber_drl]  snr=+16.0dB [ber_drl]  snr=+18.0dB [ber_drl]  snr=+20.0dB [ber_drl]Done (7.12s)
Batch 1004/2000 (active points 11/11) [1h 57m 07s elapsed] ...   snr=+0.0dB [ber_drl]  snr=+2.0dB [ber_drl]  snr=+4.0dB [ber_drl]  snr=+6.0dB [ber_drl]  snr=+8.0dB [ber_drl]  snr=+10.0dB [ber_drl]  snr=+12.0dB [ber_drl]  snr=+14.0dB [ber_drl]  snr=+16.0dB [ber_drl]  snr=+18.0dB [ber_drl]  snr=+20.0dB [ber_drl]Done (6.93s)
Batch 1005/2000 (active points 11/11) [1h 57m 14s elapsed] ...   snr=+0.0dB [ber_drl]  snr=+2.0dB [ber_drl]  snr=+4.0dB [ber_drl]  snr=+6.0dB [ber_drl]  snr=+8.0dB [ber_drl]  snr=+10.0dB [ber_drl]  snr=+12.0dB [ber_drl]  snr=+14.0dB [ber_drl]  snr=+16.0dB [ber_drl]  snr=+18.0dB [ber_drl]  snr=+20.0dB [ber_drl]Done (7.00s)
Batch 1006/2000 (active points 11/11) [1h 57m 21s elapsed] ...   snr=+0.0dB [ber_drl]  snr=+2.0dB [ber_drl]  snr=+4.0dB [ber_drl]  snr=+6.0dB [ber_drl]  snr=+8.0dB [ber_drl]  snr=+10.0dB [ber_drl]  snr=+12.0dB [ber_drl]  snr=+14.0dB [ber_drl]  snr=+16.0dB [ber_drl]  snr=+18.0dB [ber_drl]  snr=+20.0dB [ber_drl]Done (7.01s)
Batch 1007/2000 (active points 11/11) [1h 57m 28s elapsed] ...   snr=+0.0dB [ber_drl]  snr=+2.0dB [ber_drl]  snr=+4.0dB [ber_drl]  snr=+6.0dB [ber_drl]  snr=+8.0dB [ber_drl]  snr=+10.0dB [ber_drl]  snr=+12.0dB [ber_drl]  snr=+14.0dB [ber_drl]  snr=+16.0dB [ber_drl]  snr=+18.0dB [ber_drl]  snr=+20.0dB [ber_drl]Done (6.98s)
Batch 1008/2000 (active points 11/11) [1h 57m 35s elapsed] ...   snr=+0.0dB [ber_drl]  snr=+2.0dB [ber_drl]  snr=+4.0dB [ber_drl]  snr=+6.0dB [ber_drl]  snr=+8.0dB [ber_drl]  snr=+10.0dB [ber_drl]  snr=+12.0dB [ber_drl]  snr=+14.0dB [ber_drl]  snr=+16.0dB [ber_drl]  snr=+18.0dB [ber_drl]  snr=+20.0dB [ber_drl]Done (6.93s)
Batch 1009/2000 (active points 11/11) [1h 57m 42s elapsed] ...   snr=+0.0dB [ber_drl]  snr=+2.0dB [ber_drl]  snr=+4.0dB [ber_drl]  snr=+6.0dB [ber_drl]  snr=+8.0dB [ber_drl]  snr=+10.0dB [ber_drl]  snr=+12.0dB [ber_drl]  snr=+14.0dB [ber_drl]  snr=+16.0dB [ber_drl]  snr=+18.0dB [ber_drl]  snr=+20.0dB [ber_drl]Done (7.00s)
Batch 1010/2000 (active points 11/11) [1h 57m 49s elapsed] ...   snr=+0.0dB [ber_drl]  snr=+2.0dB [ber_drl]  snr=+4.0dB [ber_drl]  snr=+6.0dB [ber_drl]  snr=+8.0dB [ber_drl]  snr=+10.0dB [ber_drl]  snr=+12.0dB [ber_drl]  snr=+14.0dB [ber_drl]  snr=+16.0dB [ber_drl]  snr=+18.0dB [ber_drl]  snr=+20.0dB [ber_drl]Done (6.98s)
Batch 1011/2000 (active points 11/11) [1h 57m 56s elapsed] ...   snr=+0.0dB [ber_drl]  snr=+2.0dB [ber_drl]  snr=+4.0dB [ber_drl]  snr=+6.0dB [ber_drl]  snr=+8.0dB [ber_drl]  snr=+10.0dB [ber_drl]  snr=+12.0dB [ber_drl]  snr=+14.0dB [ber_drl]  snr=+16.0dB [ber_drl]  snr=+18.0dB [ber_drl]  snr=+20.0dB [ber_drl]Done (6.94s)
Batch 1012/2000 (active points 11/11) [1h 58m 03s elapsed] ...   snr=+0.0dB [ber_drl]  snr=+2.0dB [ber_drl]  snr=+4.0dB [ber_drl]  snr=+6.0dB [ber_drl]  snr=+8.0dB [ber_drl]  snr=+10.0dB [ber_drl]  snr=+12.0dB [ber_drl]  snr=+14.0dB [ber_drl]  snr=+16.0dB [ber_drl]  snr=+18.0dB [ber_drl]  snr=+20.0dB [ber_drl]Done (6.99s)
Batch 1013/2000 (active points 11/11) [1h 58m 10s elapsed] ...   snr=+0.0dB [ber_drl]  snr=+2.0dB [ber_drl]  snr=+4.0dB [ber_drl]  snr=+6.0dB [ber_drl]  snr=+8.0dB [ber_drl]  snr=+10.0dB [ber_drl]  snr=+12.0dB [ber_drl]  snr=+14.0dB [ber_drl]  snr=+16.0dB [ber_drl]  snr=+18.0dB [ber_drl]  snr=+20.0dB [ber_drl]Done (7.00s)
Batch 1014/2000 (active points 11/11) [1h 58m 17s elapsed] ...   snr=+0.0dB [ber_drl]  snr=+2.0dB [ber_drl]  snr=+4.0dB [ber_drl]  snr=+6.0dB [ber_drl]  snr=+8.0dB [ber_drl]  snr=+10.0dB [ber_drl]  snr=+12.0dB [ber_drl]  snr=+14.0dB [ber_drl]  snr=+16.0dB [ber_drl]  snr=+18.0dB [ber_drl]  snr=+20.0dB [ber_drl]Done (7.00s)
Batch 1015/2000 (active points 11/11) [1h 58m 24s elapsed] ...   snr=+0.0dB [ber_drl]  snr=+2.0dB [ber_drl]  snr=+4.0dB [ber_drl]  snr=+6.0dB [ber_drl]  snr=+8.0dB [ber_drl]  snr=+10.0dB [ber_drl]  snr=+12.0dB [ber_drl]  snr=+14.0dB [ber_drl]  snr=+16.0dB [ber_drl]  snr=+18.0dB [ber_drl]  snr=+20.0dB [ber_drl]Done (6.94s)
Batch 1016/2000 (active points 11/11) [1h 58m 31s elapsed] ...   snr=+0.0dB [ber_drl]  snr=+2.0dB [ber_drl]  snr=+4.0dB [ber_drl]  snr=+6.0dB [ber_drl]  snr=+8.0dB [ber_drl]  snr=+10.0dB [ber_drl]  snr=+12.0dB [ber_drl]  snr=+14.0dB [ber_drl]  snr=+16.0dB [ber_drl]  snr=+18.0dB [ber_drl]  snr=+20.0dB [ber_drl]Done (6.95s)
Batch 1017/2000 (active points 11/11) [1h 58m 38s elapsed] ...   snr=+0.0dB [ber_drl]  snr=+2.0dB [ber_drl]  snr=+4.0dB [ber_drl]  snr=+6.0dB [ber_drl]  snr=+8.0dB [ber_drl]  snr=+10.0dB [ber_drl]  snr=+12.0dB [ber_drl]  snr=+14.0dB [ber_drl]  snr=+16.0dB [ber_drl]  snr=+18.0dB [ber_drl]  snr=+20.0dB [ber_drl]Done (7.00s)
Batch 1018/2000 (active points 11/11) [1h 58m 45s elapsed] ...   snr=+0.0dB [ber_drl]  snr=+2.0dB [ber_drl]  snr=+4.0dB [ber_drl]  snr=+6.0dB [ber_drl]  snr=+8.0dB [ber_drl]  snr=+10.0dB [ber_drl]  snr=+12.0dB [ber_drl]  snr=+14.0dB [ber_drl]  snr=+16.0dB [ber_drl]  snr=+18.0dB [ber_drl]  snr=+20.0dB [ber_drl]Done (7.00s)
Batch 1019/2000 (active points 11/11) [1h 58m 52s elapsed] ...   snr=+0.0dB [ber_drl]  snr=+2.0dB [ber_drl]  snr=+4.0dB [ber_drl]  snr=+6.0dB [ber_drl]  snr=+8.0dB [ber_drl]  snr=+10.0dB [ber_drl]  snr=+12.0dB [ber_drl]  snr=+14.0dB [ber_drl]  snr=+16.0dB [ber_drl]  snr=+18.0dB [ber_drl]  snr=+20.0dB [ber_drl]Done (6.98s)
Batch 1020/2000 (active points 11/11) [1h 58m 59s elapsed] ...   snr=+0.0dB [ber_drl]  snr=+2.0dB [ber_drl]  snr=+4.0dB [ber_drl]  snr=+6.0dB [ber_drl]  snr=+8.0dB [ber_drl]  snr=+10.0dB [ber_drl]  snr=+12.0dB [ber_drl]  snr=+14.0dB [ber_drl]  snr=+16.0dB [ber_drl]  snr=+18.0dB [ber_drl]  snr=+20.0dB [ber_drl]Done (6.91s)
Batch 1021/2000 (active points 11/11) [1h 59m 06s elapsed] ...   snr=+0.0dB [ber_drl]  snr=+2.0dB [ber_drl]  snr=+4.0dB [ber_drl]  snr=+6.0dB [ber_drl]  snr=+8.0dB [ber_drl]  snr=+10.0dB [ber_drl]  snr=+12.0dB [ber_drl]  snr=+14.0dB [ber_drl]  snr=+16.0dB [ber_drl]  snr=+18.0dB [ber_drl]  snr=+20.0dB [ber_drl]Done (7.02s)
Batch 1022/2000 (active points 11/11) [1h 59m 13s elapsed] ...   snr=+0.0dB [ber_drl]  snr=+2.0dB [ber_drl]  snr=+4.0dB [ber_drl]  snr=+6.0dB [ber_drl]  snr=+8.0dB [ber_drl]  snr=+10.0dB [ber_drl]  snr=+12.0dB [ber_drl]  snr=+14.0dB [ber_drl]  snr=+16.0dB [ber_drl]  snr=+18.0dB [ber_drl]  snr=+20.0dB [ber_drl]Done (7.05s)
Batch 1023/2000 (active points 11/11) [1h 59m 20s elapsed] ...   snr=+0.0dB [ber_drl]  snr=+2.0dB [ber_drl]  snr=+4.0dB [ber_drl]  snr=+6.0dB [ber_drl]  snr=+8.0dB [ber_drl]  snr=+10.0dB [ber_drl]  snr=+12.0dB [ber_drl]  snr=+14.0dB [ber_drl]  snr=+16.0dB [ber_drl]  snr=+18.0dB [ber_drl]  snr=+20.0dB [ber_drl]Done (6.97s)
Batch 1024/2000 (active points 11/11) [1h 59m 27s elapsed] ...   snr=+0.0dB [ber_drl]  snr=+2.0dB [ber_drl]  snr=+4.0dB [ber_drl]  snr=+6.0dB [ber_drl]  snr=+8.0dB [ber_drl]  snr=+10.0dB [ber_drl]  snr=+12.0dB [ber_drl]  snr=+14.0dB [ber_drl]  snr=+16.0dB [ber_drl]  snr=+18.0dB [ber_drl]  snr=+20.0dB [ber_drl]Done (6.98s)
Batch 1025/2000 (active points 11/11) [1h 59m 34s elapsed] ...   snr=+0.0dB [ber_drl]  snr=+2.0dB [ber_drl]  snr=+4.0dB [ber_drl]  snr=+6.0dB [ber_drl]  snr=+8.0dB [ber_drl]  snr=+10.0dB [ber_drl]  snr=+12.0dB [ber_drl]  snr=+14.0dB [ber_drl]  snr=+16.0dB [ber_drl]  snr=+18.0dB [ber_drl]  snr=+20.0dB [ber_drl]Done (7.03s)
Batch 1026/2000 (active points 11/11) [1h 59m 41s elapsed] ...   snr=+0.0dB [ber_drl]  snr=+2.0dB [ber_drl]  snr=+4.0dB [ber_drl]  snr=+6.0dB [ber_drl]  snr=+8.0dB [ber_drl]  snr=+10.0dB [ber_drl]  snr=+12.0dB [ber_drl]  snr=+14.0dB [ber_drl]  snr=+16.0dB [ber_drl]  snr=+18.0dB [ber_drl]  snr=+20.0dB [ber_drl]Done (7.03s)
Batch 1027/2000 (active points 11/11) [1h 59m 48s elapsed] ...   snr=+0.0dB [ber_drl]  snr=+2.0dB [ber_drl]  snr=+4.0dB [ber_drl]  snr=+6.0dB [ber_drl]  snr=+8.0dB [ber_drl]  snr=+10.0dB [ber_drl]  snr=+12.0dB [ber_drl]  snr=+14.0dB [ber_drl]  snr=+16.0dB [ber_drl]  snr=+18.0dB [ber_drl]  snr=+20.0dB [ber_drl]Done (6.95s)
Batch 1028/2000 (active points 11/11) [1h 59m 55s elapsed] ...   snr=+0.0dB [ber_drl]  snr=+2.0dB [ber_drl]  snr=+4.0dB [ber_drl]  snr=+6.0dB [ber_drl]  snr=+8.0dB [ber_drl]  snr=+10.0dB [ber_drl]  snr=+12.0dB [ber_drl]  snr=+14.0dB [ber_drl]  snr=+16.0dB [ber_drl]  snr=+18.0dB [ber_drl]  snr=+20.0dB [ber_drl]Done (6.98s)
Batch 1029/2000 (active points 11/11) [2h 00m 02s elapsed] ...   snr=+0.0dB [ber_drl]  snr=+2.0dB [ber_drl]  snr=+4.0dB [ber_drl]  snr=+6.0dB [ber_drl]  snr=+8.0dB [ber_drl]  snr=+10.0dB [ber_drl]  snr=+12.0dB [ber_drl]  snr=+14.0dB [ber_drl]  snr=+16.0dB [ber_drl]  snr=+18.0dB [ber_drl]  snr=+20.0dB [ber_drl]Done (7.08s)
Batch 1030/2000 (active points 11/11) [2h 00m 09s elapsed] ...   snr=+0.0dB [ber_drl]  snr=+2.0dB [ber_drl]  snr=+4.0dB [ber_drl]  snr=+6.0dB [ber_drl]  snr=+8.0dB [ber_drl]  snr=+10.0dB [ber_drl]  snr=+12.0dB [ber_drl]  snr=+14.0dB [ber_drl]  snr=+16.0dB [ber_drl]  snr=+18.0dB [ber_drl]  snr=+20.0dB [ber_drl]Done (6.97s)
Batch 1031/2000 (active points 11/11) [2h 00m 16s elapsed] ...   snr=+0.0dB [ber_drl]  snr=+2.0dB [ber_drl]  snr=+4.0dB [ber_drl]  snr=+6.0dB [ber_drl]  snr=+8.0dB [ber_drl]  snr=+10.0dB [ber_drl]  snr=+12.0dB [ber_drl]  snr=+14.0dB [ber_drl]  snr=+16.0dB [ber_drl]  snr=+18.0dB [ber_drl]  snr=+20.0dB [ber_drl]Done (6.95s)
Batch 1032/2000 (active points 11/11) [2h 00m 23s elapsed] ...   snr=+0.0dB [ber_drl]  snr=+2.0dB [ber_drl]  snr=+4.0dB [ber_drl]  snr=+6.0dB [ber_drl]  snr=+8.0dB [ber_drl]  snr=+10.0dB [ber_drl]  snr=+12.0dB [ber_drl]  snr=+14.0dB [ber_drl]  snr=+16.0dB [ber_drl]  snr=+18.0dB [ber_drl]  snr=+20.0dB [ber_drl]Done (7.03s)
Batch 1033/2000 (active points 11/11) [2h 00m 30s elapsed] ...   snr=+0.0dB [ber_drl]  snr=+2.0dB [ber_drl]  snr=+4.0dB [ber_drl]  snr=+6.0dB [ber_drl]  snr=+8.0dB [ber_drl]  snr=+10.0dB [ber_drl]  snr=+12.0dB [ber_drl]  snr=+14.0dB [ber_drl]  snr=+16.0dB [ber_drl]  snr=+18.0dB [ber_drl]  snr=+20.0dB [ber_drl]Done (6.97s)
Batch 1034/2000 (active points 11/11) [2h 00m 37s elapsed] ...   snr=+0.0dB [ber_drl]  snr=+2.0dB [ber_drl]  snr=+4.0dB [ber_drl]  snr=+6.0dB [ber_drl]  snr=+8.0dB [ber_drl]  snr=+10.0dB [ber_drl]  snr=+12.0dB [ber_drl]  snr=+14.0dB [ber_drl]  snr=+16.0dB [ber_drl]  snr=+18.0dB [ber_drl]  snr=+20.0dB [ber_drl]Done (7.04s)
Batch 1035/2000 (active points 11/11) [2h 00m 44s elapsed] ...   snr=+0.0dB [ber_drl]  snr=+2.0dB [ber_drl]  snr=+4.0dB [ber_drl]  snr=+6.0dB [ber_drl]  snr=+8.0dB [ber_drl]  snr=+10.0dB [ber_drl]  snr=+12.0dB [ber_drl]  snr=+14.0dB [ber_drl]  snr=+16.0dB [ber_drl]  snr=+18.0dB [ber_drl]  snr=+20.0dB [ber_drl]Done (6.98s)
Batch 1036/2000 (active points 11/11) [2h 00m 51s elapsed] ...   snr=+0.0dB [ber_drl]  snr=+2.0dB [ber_drl]  snr=+4.0dB [ber_drl]  snr=+6.0dB [ber_drl]  snr=+8.0dB [ber_drl]  snr=+10.0dB [ber_drl]  snr=+12.0dB [ber_drl]  snr=+14.0dB [ber_drl]  snr=+16.0dB [ber_drl]  snr=+18.0dB [ber_drl]  snr=+20.0dB [ber_drl]Done (6.97s)
Batch 1037/2000 (active points 11/11) [2h 00m 58s elapsed] ...   snr=+0.0dB [ber_drl]  snr=+2.0dB [ber_drl]  snr=+4.0dB [ber_drl]  snr=+6.0dB [ber_drl]  snr=+8.0dB [ber_drl]  snr=+10.0dB [ber_drl]  snr=+12.0dB [ber_drl]  snr=+14.0dB [ber_drl]  snr=+16.0dB [ber_drl]  snr=+18.0dB [ber_drl]  snr=+20.0dB [ber_drl]Done (7.01s)
Batch 1038/2000 (active points 11/11) [2h 01m 05s elapsed] ...   snr=+0.0dB [ber_drl]  snr=+2.0dB [ber_drl]  snr=+4.0dB [ber_drl]  snr=+6.0dB [ber_drl]  snr=+8.0dB [ber_drl]  snr=+10.0dB [ber_drl]  snr=+12.0dB [ber_drl]  snr=+14.0dB [ber_drl]  snr=+16.0dB [ber_drl]  snr=+18.0dB [ber_drl]  snr=+20.0dB [ber_drl]Done (6.99s)
Batch 1039/2000 (active points 11/11) [2h 01m 12s elapsed] ...   snr=+0.0dB [ber_drl]  snr=+2.0dB [ber_drl]  snr=+4.0dB [ber_drl]  snr=+6.0dB [ber_drl]  snr=+8.0dB [ber_drl]  snr=+10.0dB [ber_drl]  snr=+12.0dB [ber_drl]  snr=+14.0dB [ber_drl]  snr=+16.0dB [ber_drl]  snr=+18.0dB [ber_drl]  snr=+20.0dB [ber_drl]Done (6.94s)
Batch 1040/2000 (active points 11/11) [2h 01m 19s elapsed] ...   snr=+0.0dB [ber_drl]  snr=+2.0dB [ber_drl]  snr=+4.0dB [ber_drl]  snr=+6.0dB [ber_drl]  snr=+8.0dB [ber_drl]  snr=+10.0dB [ber_drl]  snr=+12.0dB [ber_drl]  snr=+14.0dB [ber_drl]  snr=+16.0dB [ber_drl]  snr=+18.0dB [ber_drl]  snr=+20.0dB [ber_drl]Done (6.99s)
Batch 1041/2000 (active points 11/11) [2h 01m 26s elapsed] ...   snr=+0.0dB [ber_drl]  snr=+2.0dB [ber_drl]  snr=+4.0dB [ber_drl]  snr=+6.0dB [ber_drl]  snr=+8.0dB [ber_drl]  snr=+10.0dB [ber_drl]  snr=+12.0dB [ber_drl]  snr=+14.0dB [ber_drl]  snr=+16.0dB [ber_drl]  snr=+18.0dB [ber_drl]  snr=+20.0dB [ber_drl]Done (7.04s)
Batch 1042/2000 (active points 11/11) [2h 01m 33s elapsed] ...   snr=+0.0dB [ber_drl]  snr=+2.0dB [ber_drl]  snr=+4.0dB [ber_drl]  snr=+6.0dB [ber_drl]  snr=+8.0dB [ber_drl]  snr=+10.0dB [ber_drl]  snr=+12.0dB [ber_drl]  snr=+14.0dB [ber_drl]  snr=+16.0dB [ber_drl]  snr=+18.0dB [ber_drl]  snr=+20.0dB [ber_drl]Done (7.00s)
Batch 1043/2000 (active points 11/11) [2h 01m 40s elapsed] ...   snr=+0.0dB [ber_drl]  snr=+2.0dB [ber_drl]  snr=+4.0dB [ber_drl]  snr=+6.0dB [ber_drl]  snr=+8.0dB [ber_drl]  snr=+10.0dB [ber_drl]  snr=+12.0dB [ber_drl]  snr=+14.0dB [ber_drl]  snr=+16.0dB [ber_drl]  snr=+18.0dB [ber_drl]  snr=+20.0dB [ber_drl]Done (6.96s)
Batch 1044/2000 (active points 11/11) [2h 01m 47s elapsed] ...   snr=+0.0dB [ber_drl]  snr=+2.0dB [ber_drl]  snr=+4.0dB [ber_drl]  snr=+6.0dB [ber_drl]  snr=+8.0dB [ber_drl]  snr=+10.0dB [ber_drl]  snr=+12.0dB [ber_drl]  snr=+14.0dB [ber_drl]  snr=+16.0dB [ber_drl]  snr=+18.0dB [ber_drl]  snr=+20.0dB [ber_drl]Done (7.01s)
Batch 1045/2000 (active points 11/11) [2h 01m 54s elapsed] ...   snr=+0.0dB [ber_drl]  snr=+2.0dB [ber_drl]  snr=+4.0dB [ber_drl]  snr=+6.0dB [ber_drl]  snr=+8.0dB [ber_drl]  snr=+10.0dB [ber_drl]  snr=+12.0dB [ber_drl]  snr=+14.0dB [ber_drl]  snr=+16.0dB [ber_drl]  snr=+18.0dB [ber_drl]  snr=+20.0dB [ber_drl]Done (7.01s)
Batch 1046/2000 (active points 11/11) [2h 02m 01s elapsed] ...   snr=+0.0dB [ber_drl]  snr=+2.0dB [ber_drl]  snr=+4.0dB [ber_drl]  snr=+6.0dB [ber_drl]  snr=+8.0dB [ber_drl]  snr=+10.0dB [ber_drl]  snr=+12.0dB [ber_drl]  snr=+14.0dB [ber_drl]  snr=+16.0dB [ber_drl]  snr=+18.0dB [ber_drl]  snr=+20.0dB [ber_drl]Done (7.14s)
Batch 1047/2000 (active points 11/11) [2h 02m 08s elapsed] ...   snr=+0.0dB [ber_drl]  snr=+2.0dB [ber_drl]  snr=+4.0dB [ber_drl]  snr=+6.0dB [ber_drl]  snr=+8.0dB [ber_drl]  snr=+10.0dB [ber_drl]  snr=+12.0dB [ber_drl]  snr=+14.0dB [ber_drl]  snr=+16.0dB [ber_drl]  snr=+18.0dB [ber_drl]  snr=+20.0dB [ber_drl]Done (6.93s)
Batch 1048/2000 (active points 11/11) [2h 02m 15s elapsed] ...   snr=+0.0dB [ber_drl]  snr=+2.0dB [ber_drl]  snr=+4.0dB [ber_drl]  snr=+6.0dB [ber_drl]  snr=+8.0dB [ber_drl]  snr=+10.0dB [ber_drl]  snr=+12.0dB [ber_drl]  snr=+14.0dB [ber_drl]  snr=+16.0dB [ber_drl]  snr=+18.0dB [ber_drl]  snr=+20.0dB [ber_drl]Done (6.97s)
Batch 1049/2000 (active points 11/11) [2h 02m 22s elapsed] ...   snr=+0.0dB [ber_drl]  snr=+2.0dB [ber_drl]  snr=+4.0dB [ber_drl]  snr=+6.0dB [ber_drl]  snr=+8.0dB [ber_drl]  snr=+10.0dB [ber_drl]  snr=+12.0dB [ber_drl]  snr=+14.0dB [ber_drl]  snr=+16.0dB [ber_drl]  snr=+18.0dB [ber_drl]  snr=+20.0dB [ber_drl]Done (7.04s)
Batch 1050/2000 (active points 11/11) [2h 02m 29s elapsed] ...   snr=+0.0dB [ber_drl]  snr=+2.0dB [ber_drl]  snr=+4.0dB [ber_drl]  snr=+6.0dB [ber_drl]  snr=+8.0dB [ber_drl]  snr=+10.0dB [ber_drl]  snr=+12.0dB [ber_drl]  snr=+14.0dB [ber_drl]  snr=+16.0dB [ber_drl]  snr=+18.0dB [ber_drl]  snr=+20.0dB [ber_drl]Done (7.00s)
Batch 1051/2000 (active points 11/11) [2h 02m 36s elapsed] ...   snr=+0.0dB [ber_drl]  snr=+2.0dB [ber_drl]  snr=+4.0dB [ber_drl]  snr=+6.0dB [ber_drl]  snr=+8.0dB [ber_drl]  snr=+10.0dB [ber_drl]  snr=+12.0dB [ber_drl]  snr=+14.0dB [ber_drl]  snr=+16.0dB [ber_drl]  snr=+18.0dB [ber_drl]  snr=+20.0dB [ber_drl]Done (6.94s)
Batch 1052/2000 (active points 11/11) [2h 02m 43s elapsed] ...   snr=+0.0dB [ber_drl]  snr=+2.0dB [ber_drl]  snr=+4.0dB [ber_drl]  snr=+6.0dB [ber_drl]  snr=+8.0dB [ber_drl]  snr=+10.0dB [ber_drl]  snr=+12.0dB [ber_drl]  snr=+14.0dB [ber_drl]  snr=+16.0dB [ber_drl]  snr=+18.0dB [ber_drl]  snr=+20.0dB [ber_drl]Done (6.99s)
Batch 1053/2000 (active points 11/11) [2h 02m 50s elapsed] ...   snr=+0.0dB [ber_drl]  snr=+2.0dB [ber_drl]  snr=+4.0dB [ber_drl]  snr=+6.0dB [ber_drl]  snr=+8.0dB [ber_drl]  snr=+10.0dB [ber_drl]  snr=+12.0dB [ber_drl]  snr=+14.0dB [ber_drl]  snr=+16.0dB [ber_drl]  snr=+18.0dB [ber_drl]  snr=+20.0dB [ber_drl]Done (6.99s)
Batch 1054/2000 (active points 11/11) [2h 02m 57s elapsed] ...   snr=+0.0dB [ber_drl]  snr=+2.0dB [ber_drl]  snr=+4.0dB [ber_drl]  snr=+6.0dB [ber_drl]  snr=+8.0dB [ber_drl]  snr=+10.0dB [ber_drl]  snr=+12.0dB [ber_drl]  snr=+14.0dB [ber_drl]  snr=+16.0dB [ber_drl]  snr=+18.0dB [ber_drl]  snr=+20.0dB [ber_drl]Done (7.00s)
Batch 1055/2000 (active points 11/11) [2h 03m 04s elapsed] ...   snr=+0.0dB [ber_drl]  snr=+2.0dB [ber_drl]  snr=+4.0dB [ber_drl]  snr=+6.0dB [ber_drl]  snr=+8.0dB [ber_drl]  snr=+10.0dB [ber_drl]  snr=+12.0dB [ber_drl]  snr=+14.0dB [ber_drl]  snr=+16.0dB [ber_drl]  snr=+18.0dB [ber_drl]  snr=+20.0dB [ber_drl]Done (6.93s)
Batch 1056/2000 (active points 11/11) [2h 03m 11s elapsed] ...   snr=+0.0dB [ber_drl]  snr=+2.0dB [ber_drl]  snr=+4.0dB [ber_drl]  snr=+6.0dB [ber_drl]  snr=+8.0dB [ber_drl]  snr=+10.0dB [ber_drl]  snr=+12.0dB [ber_drl]  snr=+14.0dB [ber_drl]  snr=+16.0dB [ber_drl]  snr=+18.0dB [ber_drl]  snr=+20.0dB [ber_drl]Done (6.99s)
Batch 1057/2000 (active points 11/11) [2h 03m 18s elapsed] ...   snr=+0.0dB [ber_drl]  snr=+2.0dB [ber_drl]  snr=+4.0dB [ber_drl]  snr=+6.0dB [ber_drl]  snr=+8.0dB [ber_drl]  snr=+10.0dB [ber_drl]  snr=+12.0dB [ber_drl]  snr=+14.0dB [ber_drl]  snr=+16.0dB [ber_drl]  snr=+18.0dB [ber_drl]  snr=+20.0dB [ber_drl]Done (6.99s)
Batch 1058/2000 (active points 11/11) [2h 03m 25s elapsed] ...   snr=+0.0dB [ber_drl]  snr=+2.0dB [ber_drl]  snr=+4.0dB [ber_drl]  snr=+6.0dB [ber_drl]  snr=+8.0dB [ber_drl]  snr=+10.0dB [ber_drl]  snr=+12.0dB [ber_drl]  snr=+14.0dB [ber_drl]  snr=+16.0dB [ber_drl]  snr=+18.0dB [ber_drl]  snr=+20.0dB [ber_drl]Done (7.02s)
Batch 1059/2000 (active points 11/11) [2h 03m 32s elapsed] ...   snr=+0.0dB [ber_drl]  snr=+2.0dB [ber_drl]  snr=+4.0dB [ber_drl]  snr=+6.0dB [ber_drl]  snr=+8.0dB [ber_drl]  snr=+10.0dB [ber_drl]  snr=+12.0dB [ber_drl]  snr=+14.0dB [ber_drl]  snr=+16.0dB [ber_drl]  snr=+18.0dB [ber_drl]  snr=+20.0dB [ber_drl]Done (6.96s)
Batch 1060/2000 (active points 11/11) [2h 03m 39s elapsed] ...   snr=+0.0dB [ber_drl]  snr=+2.0dB [ber_drl]  snr=+4.0dB [ber_drl]  snr=+6.0dB [ber_drl]  snr=+8.0dB [ber_drl]  snr=+10.0dB [ber_drl]  snr=+12.0dB [ber_drl]  snr=+14.0dB [ber_drl]  snr=+16.0dB [ber_drl]  snr=+18.0dB [ber_drl]  snr=+20.0dB [ber_drl]Done (6.97s)
Batch 1061/2000 (active points 11/11) [2h 03m 46s elapsed] ...   snr=+0.0dB [ber_drl]  snr=+2.0dB [ber_drl]  snr=+4.0dB [ber_drl]  snr=+6.0dB [ber_drl]  snr=+8.0dB [ber_drl]  snr=+10.0dB [ber_drl]  snr=+12.0dB [ber_drl]  snr=+14.0dB [ber_drl]  snr=+16.0dB [ber_drl]  snr=+18.0dB [ber_drl]  snr=+20.0dB [ber_drl]Done (7.01s)
Batch 1062/2000 (active points 11/11) [2h 03m 53s elapsed] ...   snr=+0.0dB [ber_drl]  snr=+2.0dB [ber_drl]  snr=+4.0dB [ber_drl]  snr=+6.0dB [ber_drl]  snr=+8.0dB [ber_drl]  snr=+10.0dB [ber_drl]  snr=+12.0dB [ber_drl]  snr=+14.0dB [ber_drl]  snr=+16.0dB [ber_drl]  snr=+18.0dB [ber_drl]  snr=+20.0dB [ber_drl]Done (7.03s)
Batch 1063/2000 (active points 11/11) [2h 04m 00s elapsed] ...   snr=+0.0dB [ber_drl]  snr=+2.0dB [ber_drl]  snr=+4.0dB [ber_drl]  snr=+6.0dB [ber_drl]  snr=+8.0dB [ber_drl]  snr=+10.0dB [ber_drl]  snr=+12.0dB [ber_drl]  snr=+14.0dB [ber_drl]  snr=+16.0dB [ber_drl]  snr=+18.0dB [ber_drl]  snr=+20.0dB [ber_drl]Done (6.89s)
Batch 1064/2000 (active points 11/11) [2h 04m 07s elapsed] ...   snr=+0.0dB [ber_drl]  snr=+2.0dB [ber_drl]  snr=+4.0dB [ber_drl]  snr=+6.0dB [ber_drl]  snr=+8.0dB [ber_drl]  snr=+10.0dB [ber_drl]  snr=+12.0dB [ber_drl]  snr=+14.0dB [ber_drl]  snr=+16.0dB [ber_drl]  snr=+18.0dB [ber_drl]  snr=+20.0dB [ber_drl]Done (6.99s)
Batch 1065/2000 (active points 11/11) [2h 04m 14s elapsed] ...   snr=+0.0dB [ber_drl]  snr=+2.0dB [ber_drl]  snr=+4.0dB [ber_drl]  snr=+6.0dB [ber_drl]  snr=+8.0dB [ber_drl]  snr=+10.0dB [ber_drl]  snr=+12.0dB [ber_drl]  snr=+14.0dB [ber_drl]  snr=+16.0dB [ber_drl]  snr=+18.0dB [ber_drl]  snr=+20.0dB [ber_drl]Done (7.01s)
Batch 1066/2000 (active points 11/11) [2h 04m 21s elapsed] ...   snr=+0.0dB [ber_drl]  snr=+2.0dB [ber_drl]  snr=+4.0dB [ber_drl]  snr=+6.0dB [ber_drl]  snr=+8.0dB [ber_drl]  snr=+10.0dB [ber_drl]  snr=+12.0dB [ber_drl]  snr=+14.0dB [ber_drl]  snr=+16.0dB [ber_drl]  snr=+18.0dB [ber_drl]  snr=+20.0dB [ber_drl]Done (7.04s)
Batch 1067/2000 (active points 11/11) [2h 04m 28s elapsed] ...   snr=+0.0dB [ber_drl]  snr=+2.0dB [ber_drl]  snr=+4.0dB [ber_drl]  snr=+6.0dB [ber_drl]  snr=+8.0dB [ber_drl]  snr=+10.0dB [ber_drl]  snr=+12.0dB [ber_drl]  snr=+14.0dB [ber_drl]  snr=+16.0dB [ber_drl]  snr=+18.0dB [ber_drl]  snr=+20.0dB [ber_drl]Done (7.05s)
Batch 1068/2000 (active points 11/11) [2h 04m 35s elapsed] ...   snr=+0.0dB [ber_drl]  snr=+2.0dB [ber_drl]  snr=+4.0dB [ber_drl]  snr=+6.0dB [ber_drl]  snr=+8.0dB [ber_drl]  snr=+10.0dB [ber_drl]  snr=+12.0dB [ber_drl]  snr=+14.0dB [ber_drl]  snr=+16.0dB [ber_drl]  snr=+18.0dB [ber_drl]  snr=+20.0dB [ber_drl]Done (7.02s)
Batch 1069/2000 (active points 11/11) [2h 04m 42s elapsed] ...   snr=+0.0dB [ber_drl]  snr=+2.0dB [ber_drl]  snr=+4.0dB [ber_drl]  snr=+6.0dB [ber_drl]  snr=+8.0dB [ber_drl]  snr=+10.0dB [ber_drl]  snr=+12.0dB [ber_drl]  snr=+14.0dB [ber_drl]  snr=+16.0dB [ber_drl]  snr=+18.0dB [ber_drl]  snr=+20.0dB [ber_drl]Done (7.35s)
Batch 1070/2000 (active points 11/11) [2h 04m 49s elapsed] ...   snr=+0.0dB [ber_drl]  snr=+2.0dB [ber_drl]  snr=+4.0dB [ber_drl]  snr=+6.0dB [ber_drl]  snr=+8.0dB [ber_drl]  snr=+10.0dB [ber_drl]  snr=+12.0dB [ber_drl]  snr=+14.0dB [ber_drl]  snr=+16.0dB [ber_drl]  snr=+18.0dB [ber_drl]  snr=+20.0dB [ber_drl]Done (7.06s)
Batch 1071/2000 (active points 11/11) [2h 04m 56s elapsed] ...   snr=+0.0dB [ber_drl]  snr=+2.0dB [ber_drl]  snr=+4.0dB [ber_drl]  snr=+6.0dB [ber_drl]  snr=+8.0dB [ber_drl]  snr=+10.0dB [ber_drl]  snr=+12.0dB [ber_drl]  snr=+14.0dB [ber_drl]  snr=+16.0dB [ber_drl]  snr=+18.0dB [ber_drl]  snr=+20.0dB [ber_drl]Done (7.03s)
Batch 1072/2000 (active points 11/11) [2h 05m 03s elapsed] ...   snr=+0.0dB [ber_drl]  snr=+2.0dB [ber_drl]  snr=+4.0dB [ber_drl]  snr=+6.0dB [ber_drl]  snr=+8.0dB [ber_drl]  snr=+10.0dB [ber_drl]  snr=+12.0dB [ber_drl]  snr=+14.0dB [ber_drl]  snr=+16.0dB [ber_drl]  snr=+18.0dB [ber_drl]  snr=+20.0dB [ber_drl]Done (6.94s)
Batch 1073/2000 (active points 11/11) [2h 05m 10s elapsed] ...   snr=+0.0dB [ber_drl]  snr=+2.0dB [ber_drl]  snr=+4.0dB [ber_drl]  snr=+6.0dB [ber_drl]  snr=+8.0dB [ber_drl]  snr=+10.0dB [ber_drl]  snr=+12.0dB [ber_drl]  snr=+14.0dB [ber_drl]  snr=+16.0dB [ber_drl]  snr=+18.0dB [ber_drl]  snr=+20.0dB [ber_drl]Done (7.01s)
Batch 1074/2000 (active points 11/11) [2h 05m 17s elapsed] ...   snr=+0.0dB [ber_drl]  snr=+2.0dB [ber_drl]  snr=+4.0dB [ber_drl]  snr=+6.0dB [ber_drl]  snr=+8.0dB [ber_drl]  snr=+10.0dB [ber_drl]  snr=+12.0dB [ber_drl]  snr=+14.0dB [ber_drl]  snr=+16.0dB [ber_drl]  snr=+18.0dB [ber_drl]  snr=+20.0dB [ber_drl]Done (7.03s)
Batch 1075/2000 (active points 11/11) [2h 05m 24s elapsed] ...   snr=+0.0dB [ber_drl]  snr=+2.0dB [ber_drl]  snr=+4.0dB [ber_drl]  snr=+6.0dB [ber_drl]  snr=+8.0dB [ber_drl]  snr=+10.0dB [ber_drl]  snr=+12.0dB [ber_drl]  snr=+14.0dB [ber_drl]  snr=+16.0dB [ber_drl]  snr=+18.0dB [ber_drl]  snr=+20.0dB [ber_drl]Done (6.95s)
Batch 1076/2000 (active points 11/11) [2h 05m 31s elapsed] ...   snr=+0.0dB [ber_drl]  snr=+2.0dB [ber_drl]  snr=+4.0dB [ber_drl]  snr=+6.0dB [ber_drl]  snr=+8.0dB [ber_drl]  snr=+10.0dB [ber_drl]  snr=+12.0dB [ber_drl]  snr=+14.0dB [ber_drl]  snr=+16.0dB [ber_drl]  snr=+18.0dB [ber_drl]  snr=+20.0dB [ber_drl]Done (6.97s)
Batch 1077/2000 (active points 11/11) [2h 05m 38s elapsed] ...   snr=+0.0dB [ber_drl]  snr=+2.0dB [ber_drl]  snr=+4.0dB [ber_drl]  snr=+6.0dB [ber_drl]  snr=+8.0dB [ber_drl]  snr=+10.0dB [ber_drl]  snr=+12.0dB [ber_drl]  snr=+14.0dB [ber_drl]  snr=+16.0dB [ber_drl]  snr=+18.0dB [ber_drl]  snr=+20.0dB [ber_drl]Done (7.03s)
Batch 1078/2000 (active points 11/11) [2h 05m 45s elapsed] ...   snr=+0.0dB [ber_drl]  snr=+2.0dB [ber_drl]  snr=+4.0dB [ber_drl]  snr=+6.0dB [ber_drl]  snr=+8.0dB [ber_drl]  snr=+10.0dB [ber_drl]  snr=+12.0dB [ber_drl]  snr=+14.0dB [ber_drl]  snr=+16.0dB [ber_drl]  snr=+18.0dB [ber_drl]  snr=+20.0dB [ber_drl]Done (7.04s)
Batch 1079/2000 (active points 11/11) [2h 05m 52s elapsed] ...   snr=+0.0dB [ber_drl]  snr=+2.0dB [ber_drl]  snr=+4.0dB [ber_drl]  snr=+6.0dB [ber_drl]  snr=+8.0dB [ber_drl]  snr=+10.0dB [ber_drl]  snr=+12.0dB [ber_drl]  snr=+14.0dB [ber_drl]  snr=+16.0dB [ber_drl]  snr=+18.0dB [ber_drl]  snr=+20.0dB [ber_drl]Done (7.00s)
Batch 1080/2000 (active points 11/11) [2h 05m 59s elapsed] ...   snr=+0.0dB [ber_drl]  snr=+2.0dB [ber_drl]  snr=+4.0dB [ber_drl]  snr=+6.0dB [ber_drl]  snr=+8.0dB [ber_drl]  snr=+10.0dB [ber_drl]  snr=+12.0dB [ber_drl]  snr=+14.0dB [ber_drl]  snr=+16.0dB [ber_drl]  snr=+18.0dB [ber_drl]  snr=+20.0dB [ber_drl]Done (6.96s)
Batch 1081/2000 (active points 11/11) [2h 06m 06s elapsed] ...   snr=+0.0dB [ber_drl]  snr=+2.0dB [ber_drl]  snr=+4.0dB [ber_drl]  snr=+6.0dB [ber_drl]  snr=+8.0dB [ber_drl]  snr=+10.0dB [ber_drl]  snr=+12.0dB [ber_drl]  snr=+14.0dB [ber_drl]  snr=+16.0dB [ber_drl]  snr=+18.0dB [ber_drl]  snr=+20.0dB [ber_drl]Done (7.03s)
Batch 1082/2000 (active points 11/11) [2h 06m 13s elapsed] ...   snr=+0.0dB [ber_drl]  snr=+2.0dB [ber_drl]  snr=+4.0dB [ber_drl]  snr=+6.0dB [ber_drl]  snr=+8.0dB [ber_drl]  snr=+10.0dB [ber_drl]  snr=+12.0dB [ber_drl]  snr=+14.0dB [ber_drl]  snr=+16.0dB [ber_drl]  snr=+18.0dB [ber_drl]  snr=+20.0dB [ber_drl]Done (7.04s)
Batch 1083/2000 (active points 11/11) [2h 06m 20s elapsed] ...   snr=+0.0dB [ber_drl]  snr=+2.0dB [ber_drl]  snr=+4.0dB [ber_drl]  snr=+6.0dB [ber_drl]  snr=+8.0dB [ber_drl]  snr=+10.0dB [ber_drl]  snr=+12.0dB [ber_drl]  snr=+14.0dB [ber_drl]  snr=+16.0dB [ber_drl]  snr=+18.0dB [ber_drl]  snr=+20.0dB [ber_drl]Done (6.98s)
Batch 1084/2000 (active points 11/11) [2h 06m 27s elapsed] ...   snr=+0.0dB [ber_drl]  snr=+2.0dB [ber_drl]  snr=+4.0dB [ber_drl]  snr=+6.0dB [ber_drl]  snr=+8.0dB [ber_drl]  snr=+10.0dB [ber_drl]  snr=+12.0dB [ber_drl]  snr=+14.0dB [ber_drl]  snr=+16.0dB [ber_drl]  snr=+18.0dB [ber_drl]  snr=+20.0dB [ber_drl]Done (6.95s)
Batch 1085/2000 (active points 11/11) [2h 06m 34s elapsed] ...   snr=+0.0dB [ber_drl]  snr=+2.0dB [ber_drl]  snr=+4.0dB [ber_drl]  snr=+6.0dB [ber_drl]  snr=+8.0dB [ber_drl]  snr=+10.0dB [ber_drl]  snr=+12.0dB [ber_drl]  snr=+14.0dB [ber_drl]  snr=+16.0dB [ber_drl]  snr=+18.0dB [ber_drl]  snr=+20.0dB [ber_drl]Done (7.01s)
Batch 1086/2000 (active points 11/11) [2h 06m 41s elapsed] ...   snr=+0.0dB [ber_drl]  snr=+2.0dB [ber_drl]  snr=+4.0dB [ber_drl]  snr=+6.0dB [ber_drl]  snr=+8.0dB [ber_drl]  snr=+10.0dB [ber_drl]  snr=+12.0dB [ber_drl]  snr=+14.0dB [ber_drl]  snr=+16.0dB [ber_drl]  snr=+18.0dB [ber_drl]  snr=+20.0dB [ber_drl]Done (7.04s)
Batch 1087/2000 (active points 11/11) [2h 06m 48s elapsed] ...   snr=+0.0dB [ber_drl]  snr=+2.0dB [ber_drl]  snr=+4.0dB [ber_drl]  snr=+6.0dB [ber_drl]  snr=+8.0dB [ber_drl]  snr=+10.0dB [ber_drl]  snr=+12.0dB [ber_drl]  snr=+14.0dB [ber_drl]  snr=+16.0dB [ber_drl]  snr=+18.0dB [ber_drl]  snr=+20.0dB [ber_drl]Done (6.99s)
Batch 1088/2000 (active points 11/11) [2h 06m 55s elapsed] ...   snr=+0.0dB [ber_drl]  snr=+2.0dB [ber_drl]  snr=+4.0dB [ber_drl]  snr=+6.0dB [ber_drl]  snr=+8.0dB [ber_drl]  snr=+10.0dB [ber_drl]  snr=+12.0dB [ber_drl]  snr=+14.0dB [ber_drl]  snr=+16.0dB [ber_drl]  snr=+18.0dB [ber_drl]  snr=+20.0dB [ber_drl]Done (6.94s)
Batch 1089/2000 (active points 11/11) [2h 07m 02s elapsed] ...   snr=+0.0dB [ber_drl]  snr=+2.0dB [ber_drl]  snr=+4.0dB [ber_drl]  snr=+6.0dB [ber_drl]  snr=+8.0dB [ber_drl]  snr=+10.0dB [ber_drl]  snr=+12.0dB [ber_drl]  snr=+14.0dB [ber_drl]  snr=+16.0dB [ber_drl]  snr=+18.0dB [ber_drl]  snr=+20.0dB [ber_drl]Done (7.20s)
Batch 1090/2000 (active points 11/11) [2h 07m 09s elapsed] ...   snr=+0.0dB [ber_drl]  snr=+2.0dB [ber_drl]  snr=+4.0dB [ber_drl]  snr=+6.0dB [ber_drl]  snr=+8.0dB [ber_drl]  snr=+10.0dB [ber_drl]  snr=+12.0dB [ber_drl]  snr=+14.0dB [ber_drl]  snr=+16.0dB [ber_drl]  snr=+18.0dB [ber_drl]  snr=+20.0dB [ber_drl]Done (7.01s)
Batch 1091/2000 (active points 11/11) [2h 07m 16s elapsed] ...   snr=+0.0dB [ber_drl]  snr=+2.0dB [ber_drl]  snr=+4.0dB [ber_drl]  snr=+6.0dB [ber_drl]  snr=+8.0dB [ber_drl]  snr=+10.0dB [ber_drl]  snr=+12.0dB [ber_drl]  snr=+14.0dB [ber_drl]  snr=+16.0dB [ber_drl]  snr=+18.0dB [ber_drl]  snr=+20.0dB [ber_drl]Done (6.96s)
Batch 1092/2000 (active points 11/11) [2h 07m 23s elapsed] ...   snr=+0.0dB [ber_drl]  snr=+2.0dB [ber_drl]  snr=+4.0dB [ber_drl]  snr=+6.0dB [ber_drl]  snr=+8.0dB [ber_drl]  snr=+10.0dB [ber_drl]  snr=+12.0dB [ber_drl]  snr=+14.0dB [ber_drl]  snr=+16.0dB [ber_drl]  snr=+18.0dB [ber_drl]  snr=+20.0dB [ber_drl]Done (6.96s)
Batch 1093/2000 (active points 11/11) [2h 07m 30s elapsed] ...   snr=+0.0dB [ber_drl]  snr=+2.0dB [ber_drl]  snr=+4.0dB [ber_drl]  snr=+6.0dB [ber_drl]  snr=+8.0dB [ber_drl]  snr=+10.0dB [ber_drl]  snr=+12.0dB [ber_drl]  snr=+14.0dB [ber_drl]  snr=+16.0dB [ber_drl]  snr=+18.0dB [ber_drl]  snr=+20.0dB [ber_drl]Done (6.98s)
Batch 1094/2000 (active points 11/11) [2h 07m 37s elapsed] ...   snr=+0.0dB [ber_drl]  snr=+2.0dB [ber_drl]  snr=+4.0dB [ber_drl]  snr=+6.0dB [ber_drl]  snr=+8.0dB [ber_drl]  snr=+10.0dB [ber_drl]  snr=+12.0dB [ber_drl]  snr=+14.0dB [ber_drl]  snr=+16.0dB [ber_drl]  snr=+18.0dB [ber_drl]  snr=+20.0dB [ber_drl]Done (7.02s)
Batch 1095/2000 (active points 11/11) [2h 07m 44s elapsed] ...   snr=+0.0dB [ber_drl]  snr=+2.0dB [ber_drl]  snr=+4.0dB [ber_drl]  snr=+6.0dB [ber_drl]  snr=+8.0dB [ber_drl]  snr=+10.0dB [ber_drl]  snr=+12.0dB [ber_drl]  snr=+14.0dB [ber_drl]  snr=+16.0dB [ber_drl]  snr=+18.0dB [ber_drl]  snr=+20.0dB [ber_drl]Done (7.02s)
Batch 1096/2000 (active points 11/11) [2h 07m 51s elapsed] ...   snr=+0.0dB [ber_drl]  snr=+2.0dB [ber_drl]  snr=+4.0dB [ber_drl]  snr=+6.0dB [ber_drl]  snr=+8.0dB [ber_drl]  snr=+10.0dB [ber_drl]  snr=+12.0dB [ber_drl]  snr=+14.0dB [ber_drl]  snr=+16.0dB [ber_drl]  snr=+18.0dB [ber_drl]  snr=+20.0dB [ber_drl]Done (6.94s)
Batch 1097/2000 (active points 11/11) [2h 07m 58s elapsed] ...   snr=+0.0dB [ber_drl]  snr=+2.0dB [ber_drl]  snr=+4.0dB [ber_drl]  snr=+6.0dB [ber_drl]  snr=+8.0dB [ber_drl]  snr=+10.0dB [ber_drl]  snr=+12.0dB [ber_drl]  snr=+14.0dB [ber_drl]  snr=+16.0dB [ber_drl]  snr=+18.0dB [ber_drl]  snr=+20.0dB [ber_drl]Done (7.03s)
Batch 1098/2000 (active points 11/11) [2h 08m 05s elapsed] ...   snr=+0.0dB [ber_drl]  snr=+2.0dB [ber_drl]  snr=+4.0dB [ber_drl]  snr=+6.0dB [ber_drl]  snr=+8.0dB [ber_drl]  snr=+10.0dB [ber_drl]  snr=+12.0dB [ber_drl]  snr=+14.0dB [ber_drl]  snr=+16.0dB [ber_drl]  snr=+18.0dB [ber_drl]  snr=+20.0dB [ber_drl]Done (7.00s)
Batch 1099/2000 (active points 11/11) [2h 08m 12s elapsed] ...   snr=+0.0dB [ber_drl]  snr=+2.0dB [ber_drl]  snr=+4.0dB [ber_drl]  snr=+6.0dB [ber_drl]  snr=+8.0dB [ber_drl]  snr=+10.0dB [ber_drl]  snr=+12.0dB [ber_drl]  snr=+14.0dB [ber_drl]  snr=+16.0dB [ber_drl]  snr=+18.0dB [ber_drl]  snr=+20.0dB [ber_drl]Done (7.02s)
Batch 1100/2000 (active points 11/11) [2h 08m 19s elapsed] ...   snr=+0.0dB [ber_drl]  snr=+2.0dB [ber_drl]  snr=+4.0dB [ber_drl]  snr=+6.0dB [ber_drl]  snr=+8.0dB [ber_drl]  snr=+10.0dB [ber_drl]  snr=+12.0dB [ber_drl]  snr=+14.0dB [ber_drl]  snr=+16.0dB [ber_drl]  snr=+18.0dB [ber_drl]  snr=+20.0dB [ber_drl]Done (6.91s)
Batch 1101/2000 (active points 11/11) [2h 08m 26s elapsed] ...   snr=+0.0dB [ber_drl]  snr=+2.0dB [ber_drl]  snr=+4.0dB [ber_drl]  snr=+6.0dB [ber_drl]  snr=+8.0dB [ber_drl]  snr=+10.0dB [ber_drl]  snr=+12.0dB [ber_drl]  snr=+14.0dB [ber_drl]  snr=+16.0dB [ber_drl]  snr=+18.0dB [ber_drl]  snr=+20.0dB [ber_drl]Done (6.98s)
Batch 1102/2000 (active points 11/11) [2h 08m 33s elapsed] ...   snr=+0.0dB [ber_drl]  snr=+2.0dB [ber_drl]  snr=+4.0dB [ber_drl]  snr=+6.0dB [ber_drl]  snr=+8.0dB [ber_drl]  snr=+10.0dB [ber_drl]  snr=+12.0dB [ber_drl]  snr=+14.0dB [ber_drl]  snr=+16.0dB [ber_drl]  snr=+18.0dB [ber_drl]  snr=+20.0dB [ber_drl]Done (7.03s)
Batch 1103/2000 (active points 11/11) [2h 08m 40s elapsed] ...   snr=+0.0dB [ber_drl]  snr=+2.0dB [ber_drl]  snr=+4.0dB [ber_drl]  snr=+6.0dB [ber_drl]  snr=+8.0dB [ber_drl]  snr=+10.0dB [ber_drl]  snr=+12.0dB [ber_drl]  snr=+14.0dB [ber_drl]  snr=+16.0dB [ber_drl]  snr=+18.0dB [ber_drl]  snr=+20.0dB [ber_drl]Done (6.96s)
Batch 1104/2000 (active points 11/11) [2h 08m 47s elapsed] ...   snr=+0.0dB [ber_drl]  snr=+2.0dB [ber_drl]  snr=+4.0dB [ber_drl]  snr=+6.0dB [ber_drl]  snr=+8.0dB [ber_drl]  snr=+10.0dB [ber_drl]  snr=+12.0dB [ber_drl]  snr=+14.0dB [ber_drl]  snr=+16.0dB [ber_drl]  snr=+18.0dB [ber_drl]  snr=+20.0dB [ber_drl]Done (6.94s)
Batch 1105/2000 (active points 11/11) [2h 08m 54s elapsed] ...   snr=+0.0dB [ber_drl]  snr=+2.0dB [ber_drl]  snr=+4.0dB [ber_drl]  snr=+6.0dB [ber_drl]  snr=+8.0dB [ber_drl]  snr=+10.0dB [ber_drl]  snr=+12.0dB [ber_drl]  snr=+14.0dB [ber_drl]  snr=+16.0dB [ber_drl]  snr=+18.0dB [ber_drl]  snr=+20.0dB [ber_drl]Done (7.01s)
Batch 1106/2000 (active points 11/11) [2h 09m 01s elapsed] ...   snr=+0.0dB [ber_drl]  snr=+2.0dB [ber_drl]  snr=+4.0dB [ber_drl]  snr=+6.0dB [ber_drl]  snr=+8.0dB [ber_drl]  snr=+10.0dB [ber_drl]  snr=+12.0dB [ber_drl]  snr=+14.0dB [ber_drl]  snr=+16.0dB [ber_drl]  snr=+18.0dB [ber_drl]  snr=+20.0dB [ber_drl]Done (7.01s)
Batch 1107/2000 (active points 11/11) [2h 09m 08s elapsed] ...   snr=+0.0dB [ber_drl]  snr=+2.0dB [ber_drl]  snr=+4.0dB [ber_drl]  snr=+6.0dB [ber_drl]  snr=+8.0dB [ber_drl]  snr=+10.0dB [ber_drl]  snr=+12.0dB [ber_drl]  snr=+14.0dB [ber_drl]  snr=+16.0dB [ber_drl]  snr=+18.0dB [ber_drl]  snr=+20.0dB [ber_drl]Done (6.96s)
Batch 1108/2000 (active points 11/11) [2h 09m 15s elapsed] ...   snr=+0.0dB [ber_drl]  snr=+2.0dB [ber_drl]  snr=+4.0dB [ber_drl]  snr=+6.0dB [ber_drl]  snr=+8.0dB [ber_drl]  snr=+10.0dB [ber_drl]  snr=+12.0dB [ber_drl]  snr=+14.0dB [ber_drl]  snr=+16.0dB [ber_drl]  snr=+18.0dB [ber_drl]  snr=+20.0dB [ber_drl]Done (7.02s)
Batch 1109/2000 (active points 11/11) [2h 09m 22s elapsed] ...   snr=+0.0dB [ber_drl]  snr=+2.0dB [ber_drl]  snr=+4.0dB [ber_drl]  snr=+6.0dB [ber_drl]  snr=+8.0dB [ber_drl]  snr=+10.0dB [ber_drl]  snr=+12.0dB [ber_drl]  snr=+14.0dB [ber_drl]  snr=+16.0dB [ber_drl]  snr=+18.0dB [ber_drl]  snr=+20.0dB [ber_drl]Done (7.09s)
Batch 1110/2000 (active points 11/11) [2h 09m 29s elapsed] ...   snr=+0.0dB [ber_drl]  snr=+2.0dB [ber_drl]  snr=+4.0dB [ber_drl]  snr=+6.0dB [ber_drl]  snr=+8.0dB [ber_drl]  snr=+10.0dB [ber_drl]  snr=+12.0dB [ber_drl]  snr=+14.0dB [ber_drl]  snr=+16.0dB [ber_drl]  snr=+18.0dB [ber_drl]  snr=+20.0dB [ber_drl]Done (7.01s)
Batch 1111/2000 (active points 11/11) [2h 09m 36s elapsed] ...   snr=+0.0dB [ber_drl]  snr=+2.0dB [ber_drl]  snr=+4.0dB [ber_drl]  snr=+6.0dB [ber_drl]  snr=+8.0dB [ber_drl]  snr=+10.0dB [ber_drl]  snr=+12.0dB [ber_drl]  snr=+14.0dB [ber_drl]  snr=+16.0dB [ber_drl]  snr=+18.0dB [ber_drl]  snr=+20.0dB [ber_drl]Done (6.97s)
Batch 1112/2000 (active points 11/11) [2h 09m 43s elapsed] ...   snr=+0.0dB [ber_drl]  snr=+2.0dB [ber_drl]  snr=+4.0dB [ber_drl]  snr=+6.0dB [ber_drl]  snr=+8.0dB [ber_drl]  snr=+10.0dB [ber_drl]  snr=+12.0dB [ber_drl]  snr=+14.0dB [ber_drl]  snr=+16.0dB [ber_drl]  snr=+18.0dB [ber_drl]  snr=+20.0dB [ber_drl]Done (6.98s)
Batch 1113/2000 (active points 11/11) [2h 09m 50s elapsed] ...   snr=+0.0dB [ber_drl]  snr=+2.0dB [ber_drl]  snr=+4.0dB [ber_drl]  snr=+6.0dB [ber_drl]  snr=+8.0dB [ber_drl]  snr=+10.0dB [ber_drl]  snr=+12.0dB [ber_drl]  snr=+14.0dB [ber_drl]  snr=+16.0dB [ber_drl]  snr=+18.0dB [ber_drl]  snr=+20.0dB [ber_drl]Done (7.06s)
Batch 1114/2000 (active points 11/11) [2h 09m 57s elapsed] ...   snr=+0.0dB [ber_drl]  snr=+2.0dB [ber_drl]  snr=+4.0dB [ber_drl]  snr=+6.0dB [ber_drl]  snr=+8.0dB [ber_drl]  snr=+10.0dB [ber_drl]  snr=+12.0dB [ber_drl]  snr=+14.0dB [ber_drl]  snr=+16.0dB [ber_drl]  snr=+18.0dB [ber_drl]  snr=+20.0dB [ber_drl]Done (7.05s)
Batch 1115/2000 (active points 11/11) [2h 10m 04s elapsed] ...   snr=+0.0dB [ber_drl]  snr=+2.0dB [ber_drl]  snr=+4.0dB [ber_drl]  snr=+6.0dB [ber_drl]  snr=+8.0dB [ber_drl]  snr=+10.0dB [ber_drl]  snr=+12.0dB [ber_drl]  snr=+14.0dB [ber_drl]  snr=+16.0dB [ber_drl]  snr=+18.0dB [ber_drl]  snr=+20.0dB [ber_drl]Done (6.98s)
Batch 1116/2000 (active points 11/11) [2h 10m 11s elapsed] ...   snr=+0.0dB [ber_drl]  snr=+2.0dB [ber_drl]  snr=+4.0dB [ber_drl]  snr=+6.0dB [ber_drl]  snr=+8.0dB [ber_drl]  snr=+10.0dB [ber_drl]  snr=+12.0dB [ber_drl]  snr=+14.0dB [ber_drl]  snr=+16.0dB [ber_drl]  snr=+18.0dB [ber_drl]  snr=+20.0dB [ber_drl]Done (6.91s)
Batch 1117/2000 (active points 11/11) [2h 10m 18s elapsed] ...   snr=+0.0dB [ber_drl]  snr=+2.0dB [ber_drl]  snr=+4.0dB [ber_drl]  snr=+6.0dB [ber_drl]  snr=+8.0dB [ber_drl]  snr=+10.0dB [ber_drl]  snr=+12.0dB [ber_drl]  snr=+14.0dB [ber_drl]  snr=+16.0dB [ber_drl]  snr=+18.0dB [ber_drl]  snr=+20.0dB [ber_drl]Done (7.03s)
Batch 1118/2000 (active points 11/11) [2h 10m 25s elapsed] ...   snr=+0.0dB [ber_drl]  snr=+2.0dB [ber_drl]  snr=+4.0dB [ber_drl]  snr=+6.0dB [ber_drl]  snr=+8.0dB [ber_drl]  snr=+10.0dB [ber_drl]  snr=+12.0dB [ber_drl]  snr=+14.0dB [ber_drl]  snr=+16.0dB [ber_drl]  snr=+18.0dB [ber_drl]  snr=+20.0dB [ber_drl]Done (7.02s)
Batch 1119/2000 (active points 11/11) [2h 10m 32s elapsed] ...   snr=+0.0dB [ber_drl]  snr=+2.0dB [ber_drl]  snr=+4.0dB [ber_drl]  snr=+6.0dB [ber_drl]  snr=+8.0dB [ber_drl]  snr=+10.0dB [ber_drl]  snr=+12.0dB [ber_drl]  snr=+14.0dB [ber_drl]  snr=+16.0dB [ber_drl]  snr=+18.0dB [ber_drl]  snr=+20.0dB [ber_drl]Done (6.93s)
Batch 1120/2000 (active points 11/11) [2h 10m 39s elapsed] ...   snr=+0.0dB [ber_drl]  snr=+2.0dB [ber_drl]  snr=+4.0dB [ber_drl]  snr=+6.0dB [ber_drl]  snr=+8.0dB [ber_drl]  snr=+10.0dB [ber_drl]  snr=+12.0dB [ber_drl]  snr=+14.0dB [ber_drl]  snr=+16.0dB [ber_drl]  snr=+18.0dB [ber_drl]  snr=+20.0dB [ber_drl]Done (6.93s)
Batch 1121/2000 (active points 11/11) [2h 10m 46s elapsed] ...   snr=+0.0dB [ber_drl]  snr=+2.0dB [ber_drl]  snr=+4.0dB [ber_drl]  snr=+6.0dB [ber_drl]  snr=+8.0dB [ber_drl]  snr=+10.0dB [ber_drl]  snr=+12.0dB [ber_drl]  snr=+14.0dB [ber_drl]  snr=+16.0dB [ber_drl]  snr=+18.0dB [ber_drl]  snr=+20.0dB [ber_drl]Done (7.05s)
Batch 1122/2000 (active points 11/11) [2h 10m 53s elapsed] ...   snr=+0.0dB [ber_drl]  snr=+2.0dB [ber_drl]  snr=+4.0dB [ber_drl]  snr=+6.0dB [ber_drl]  snr=+8.0dB [ber_drl]  snr=+10.0dB [ber_drl]  snr=+12.0dB [ber_drl]  snr=+14.0dB [ber_drl]  snr=+16.0dB [ber_drl]  snr=+18.0dB [ber_drl]  snr=+20.0dB [ber_drl]Done (7.02s)
Batch 1123/2000 (active points 11/11) [2h 11m 00s elapsed] ...   snr=+0.0dB [ber_drl]  snr=+2.0dB [ber_drl]  snr=+4.0dB [ber_drl]  snr=+6.0dB [ber_drl]  snr=+8.0dB [ber_drl]  snr=+10.0dB [ber_drl]  snr=+12.0dB [ber_drl]  snr=+14.0dB [ber_drl]  snr=+16.0dB [ber_drl]  snr=+18.0dB [ber_drl]  snr=+20.0dB [ber_drl]Done (6.91s)
Batch 1124/2000 (active points 11/11) [2h 11m 07s elapsed] ...   snr=+0.0dB [ber_drl]  snr=+2.0dB [ber_drl]  snr=+4.0dB [ber_drl]  snr=+6.0dB [ber_drl]  snr=+8.0dB [ber_drl]  snr=+10.0dB [ber_drl]  snr=+12.0dB [ber_drl]  snr=+14.0dB [ber_drl]  snr=+16.0dB [ber_drl]  snr=+18.0dB [ber_drl]  snr=+20.0dB [ber_drl]Done (6.95s)
Batch 1125/2000 (active points 11/11) [2h 11m 14s elapsed] ...   snr=+0.0dB [ber_drl]  snr=+2.0dB [ber_drl]  snr=+4.0dB [ber_drl]  snr=+6.0dB [ber_drl]  snr=+8.0dB [ber_drl]  snr=+10.0dB [ber_drl]  snr=+12.0dB [ber_drl]  snr=+14.0dB [ber_drl]  snr=+16.0dB [ber_drl]  snr=+18.0dB [ber_drl]  snr=+20.0dB [ber_drl]Done (6.99s)
Batch 1126/2000 (active points 11/11) [2h 11m 21s elapsed] ...   snr=+0.0dB [ber_drl]  snr=+2.0dB [ber_drl]  snr=+4.0dB [ber_drl]  snr=+6.0dB [ber_drl]  snr=+8.0dB [ber_drl]  snr=+10.0dB [ber_drl]  snr=+12.0dB [ber_drl]  snr=+14.0dB [ber_drl]  snr=+16.0dB [ber_drl]  snr=+18.0dB [ber_drl]  snr=+20.0dB [ber_drl]Done (6.99s)
Batch 1127/2000 (active points 11/11) [2h 11m 28s elapsed] ...   snr=+0.0dB [ber_drl]  snr=+2.0dB [ber_drl]  snr=+4.0dB [ber_drl]  snr=+6.0dB [ber_drl]  snr=+8.0dB [ber_drl]  snr=+10.0dB [ber_drl]  snr=+12.0dB [ber_drl]  snr=+14.0dB [ber_drl]  snr=+16.0dB [ber_drl]  snr=+18.0dB [ber_drl]  snr=+20.0dB [ber_drl]Done (6.96s)
Batch 1128/2000 (active points 11/11) [2h 11m 35s elapsed] ...   snr=+0.0dB [ber_drl]  snr=+2.0dB [ber_drl]  snr=+4.0dB [ber_drl]  snr=+6.0dB [ber_drl]  snr=+8.0dB [ber_drl]  snr=+10.0dB [ber_drl]  snr=+12.0dB [ber_drl]  snr=+14.0dB [ber_drl]  snr=+16.0dB [ber_drl]  snr=+18.0dB [ber_drl]  snr=+20.0dB [ber_drl]Done (6.96s)
Batch 1129/2000 (active points 11/11) [2h 11m 42s elapsed] ...   snr=+0.0dB [ber_drl]  snr=+2.0dB [ber_drl]  snr=+4.0dB [ber_drl]  snr=+6.0dB [ber_drl]  snr=+8.0dB [ber_drl]  snr=+10.0dB [ber_drl]  snr=+12.0dB [ber_drl]  snr=+14.0dB [ber_drl]  snr=+16.0dB [ber_drl]  snr=+18.0dB [ber_drl]  snr=+20.0dB [ber_drl]Done (7.01s)
Batch 1130/2000 (active points 11/11) [2h 11m 49s elapsed] ...   snr=+0.0dB [ber_drl]  snr=+2.0dB [ber_drl]  snr=+4.0dB [ber_drl]  snr=+6.0dB [ber_drl]  snr=+8.0dB [ber_drl]  snr=+10.0dB [ber_drl]  snr=+12.0dB [ber_drl]  snr=+14.0dB [ber_drl]  snr=+16.0dB [ber_drl]  snr=+18.0dB [ber_drl]  snr=+20.0dB [ber_drl]Done (7.02s)
Batch 1131/2000 (active points 11/11) [2h 11m 56s elapsed] ...   snr=+0.0dB [ber_drl]  snr=+2.0dB [ber_drl]  snr=+4.0dB [ber_drl]  snr=+6.0dB [ber_drl]  snr=+8.0dB [ber_drl]  snr=+10.0dB [ber_drl]  snr=+12.0dB [ber_drl]  snr=+14.0dB [ber_drl]  snr=+16.0dB [ber_drl]  snr=+18.0dB [ber_drl]  snr=+20.0dB [ber_drl]Done (6.98s)
Batch 1132/2000 (active points 11/11) [2h 12m 03s elapsed] ...   snr=+0.0dB [ber_drl]  snr=+2.0dB [ber_drl]  snr=+4.0dB [ber_drl]  snr=+6.0dB [ber_drl]  snr=+8.0dB [ber_drl]  snr=+10.0dB [ber_drl]  snr=+12.0dB [ber_drl]  snr=+14.0dB [ber_drl]  snr=+16.0dB [ber_drl]  snr=+18.0dB [ber_drl]  snr=+20.0dB [ber_drl]Done (7.01s)
Batch 1133/2000 (active points 11/11) [2h 12m 10s elapsed] ...   snr=+0.0dB [ber_drl]  snr=+2.0dB [ber_drl]  snr=+4.0dB [ber_drl]  snr=+6.0dB [ber_drl]  snr=+8.0dB [ber_drl]  snr=+10.0dB [ber_drl]  snr=+12.0dB [ber_drl]  snr=+14.0dB [ber_drl]  snr=+16.0dB [ber_drl]  snr=+18.0dB [ber_drl]  snr=+20.0dB [ber_drl]Done (7.08s)
Batch 1134/2000 (active points 11/11) [2h 12m 17s elapsed] ...   snr=+0.0dB [ber_drl]  snr=+2.0dB [ber_drl]  snr=+4.0dB [ber_drl]  snr=+6.0dB [ber_drl]  snr=+8.0dB [ber_drl]  snr=+10.0dB [ber_drl]  snr=+12.0dB [ber_drl]  snr=+14.0dB [ber_drl]  snr=+16.0dB [ber_drl]  snr=+18.0dB [ber_drl]  snr=+20.0dB [ber_drl]Done (7.01s)
Batch 1135/2000 (active points 11/11) [2h 12m 24s elapsed] ...   snr=+0.0dB [ber_drl]  snr=+2.0dB [ber_drl]  snr=+4.0dB [ber_drl]  snr=+6.0dB [ber_drl]  snr=+8.0dB [ber_drl]  snr=+10.0dB [ber_drl]  snr=+12.0dB [ber_drl]  snr=+14.0dB [ber_drl]  snr=+16.0dB [ber_drl]  snr=+18.0dB [ber_drl]  snr=+20.0dB [ber_drl]Done (6.97s)
Batch 1136/2000 (active points 11/11) [2h 12m 31s elapsed] ...   snr=+0.0dB [ber_drl]  snr=+2.0dB [ber_drl]  snr=+4.0dB [ber_drl]  snr=+6.0dB [ber_drl]  snr=+8.0dB [ber_drl]  snr=+10.0dB [ber_drl]  snr=+12.0dB [ber_drl]  snr=+14.0dB [ber_drl]  snr=+16.0dB [ber_drl]  snr=+18.0dB [ber_drl]  snr=+20.0dB [ber_drl]Done (6.94s)
Batch 1137/2000 (active points 11/11) [2h 12m 38s elapsed] ...   snr=+0.0dB [ber_drl]  snr=+2.0dB [ber_drl]  snr=+4.0dB [ber_drl]  snr=+6.0dB [ber_drl]  snr=+8.0dB [ber_drl]  snr=+10.0dB [ber_drl]  snr=+12.0dB [ber_drl]  snr=+14.0dB [ber_drl]  snr=+16.0dB [ber_drl]  snr=+18.0dB [ber_drl]  snr=+20.0dB [ber_drl]Done (7.01s)
Batch 1138/2000 (active points 11/11) [2h 12m 45s elapsed] ...   snr=+0.0dB [ber_drl]  snr=+2.0dB [ber_drl]  snr=+4.0dB [ber_drl]  snr=+6.0dB [ber_drl]  snr=+8.0dB [ber_drl]  snr=+10.0dB [ber_drl]  snr=+12.0dB [ber_drl]  snr=+14.0dB [ber_drl]  snr=+16.0dB [ber_drl]  snr=+18.0dB [ber_drl]  snr=+20.0dB [ber_drl]Done (7.02s)
Batch 1139/2000 (active points 11/11) [2h 12m 52s elapsed] ...   snr=+0.0dB [ber_drl]  snr=+2.0dB [ber_drl]  snr=+4.0dB [ber_drl]  snr=+6.0dB [ber_drl]  snr=+8.0dB [ber_drl]  snr=+10.0dB [ber_drl]  snr=+12.0dB [ber_drl]  snr=+14.0dB [ber_drl]  snr=+16.0dB [ber_drl]  snr=+18.0dB [ber_drl]  snr=+20.0dB [ber_drl]Done (6.97s)
Batch 1140/2000 (active points 11/11) [2h 12m 59s elapsed] ...   snr=+0.0dB [ber_drl]  snr=+2.0dB [ber_drl]  snr=+4.0dB [ber_drl]  snr=+6.0dB [ber_drl]  snr=+8.0dB [ber_drl]  snr=+10.0dB [ber_drl]  snr=+12.0dB [ber_drl]  snr=+14.0dB [ber_drl]  snr=+16.0dB [ber_drl]  snr=+18.0dB [ber_drl]  snr=+20.0dB [ber_drl]Done (6.95s)
Batch 1141/2000 (active points 11/11) [2h 13m 06s elapsed] ...   snr=+0.0dB [ber_drl]  snr=+2.0dB [ber_drl]  snr=+4.0dB [ber_drl]  snr=+6.0dB [ber_drl]  snr=+8.0dB [ber_drl]  snr=+10.0dB [ber_drl]  snr=+12.0dB [ber_drl]  snr=+14.0dB [ber_drl]  snr=+16.0dB [ber_drl]  snr=+18.0dB [ber_drl]  snr=+20.0dB [ber_drl]Done (6.98s)
Batch 1142/2000 (active points 11/11) [2h 13m 13s elapsed] ...   snr=+0.0dB [ber_drl]  snr=+2.0dB [ber_drl]  snr=+4.0dB [ber_drl]  snr=+6.0dB [ber_drl]  snr=+8.0dB [ber_drl]  snr=+10.0dB [ber_drl]  snr=+12.0dB [ber_drl]  snr=+14.0dB [ber_drl]  snr=+16.0dB [ber_drl]  snr=+18.0dB [ber_drl]  snr=+20.0dB [ber_drl]Done (6.99s)
Batch 1143/2000 (active points 11/11) [2h 13m 20s elapsed] ...   snr=+0.0dB [ber_drl]  snr=+2.0dB [ber_drl]  snr=+4.0dB [ber_drl]  snr=+6.0dB [ber_drl]  snr=+8.0dB [ber_drl]  snr=+10.0dB [ber_drl]  snr=+12.0dB [ber_drl]  snr=+14.0dB [ber_drl]  snr=+16.0dB [ber_drl]  snr=+18.0dB [ber_drl]  snr=+20.0dB [ber_drl]Done (6.91s)
Batch 1144/2000 (active points 11/11) [2h 13m 27s elapsed] ...   snr=+0.0dB [ber_drl]  snr=+2.0dB [ber_drl]  snr=+4.0dB [ber_drl]  snr=+6.0dB [ber_drl]  snr=+8.0dB [ber_drl]  snr=+10.0dB [ber_drl]  snr=+12.0dB [ber_drl]  snr=+14.0dB [ber_drl]  snr=+16.0dB [ber_drl]  snr=+18.0dB [ber_drl]  snr=+20.0dB [ber_drl]Done (6.97s)
Batch 1145/2000 (active points 11/11) [2h 13m 34s elapsed] ...   snr=+0.0dB [ber_drl]  snr=+2.0dB [ber_drl]  snr=+4.0dB [ber_drl]  snr=+6.0dB [ber_drl]  snr=+8.0dB [ber_drl]  snr=+10.0dB [ber_drl]  snr=+12.0dB [ber_drl]  snr=+14.0dB [ber_drl]  snr=+16.0dB [ber_drl]  snr=+18.0dB [ber_drl]  snr=+20.0dB [ber_drl]Done (7.06s)
Batch 1146/2000 (active points 11/11) [2h 13m 41s elapsed] ...   snr=+0.0dB [ber_drl]  snr=+2.0dB [ber_drl]  snr=+4.0dB [ber_drl]  snr=+6.0dB [ber_drl]  snr=+8.0dB [ber_drl]  snr=+10.0dB [ber_drl]  snr=+12.0dB [ber_drl]  snr=+14.0dB [ber_drl]  snr=+16.0dB [ber_drl]  snr=+18.0dB [ber_drl]  snr=+20.0dB [ber_drl]Done (7.00s)
Batch 1147/2000 (active points 11/11) [2h 13m 48s elapsed] ...   snr=+0.0dB [ber_drl]  snr=+2.0dB [ber_drl]  snr=+4.0dB [ber_drl]  snr=+6.0dB [ber_drl]  snr=+8.0dB [ber_drl]  snr=+10.0dB [ber_drl]  snr=+12.0dB [ber_drl]  snr=+14.0dB [ber_drl]  snr=+16.0dB [ber_drl]  snr=+18.0dB [ber_drl]  snr=+20.0dB [ber_drl]Done (6.94s)
Batch 1148/2000 (active points 11/11) [2h 13m 55s elapsed] ...   snr=+0.0dB [ber_drl]  snr=+2.0dB [ber_drl]  snr=+4.0dB [ber_drl]  snr=+6.0dB [ber_drl]  snr=+8.0dB [ber_drl]  snr=+10.0dB [ber_drl]  snr=+12.0dB [ber_drl]  snr=+14.0dB [ber_drl]  snr=+16.0dB [ber_drl]  snr=+18.0dB [ber_drl]  snr=+20.0dB [ber_drl]Done (6.99s)
Batch 1149/2000 (active points 11/11) [2h 14m 02s elapsed] ...   snr=+0.0dB [ber_drl]  snr=+2.0dB [ber_drl]  snr=+4.0dB [ber_drl]  snr=+6.0dB [ber_drl]  snr=+8.0dB [ber_drl]  snr=+10.0dB [ber_drl]  snr=+12.0dB [ber_drl]  snr=+14.0dB [ber_drl]  snr=+16.0dB [ber_drl]  snr=+18.0dB [ber_drl]  snr=+20.0dB [ber_drl]Done (6.98s)
Batch 1150/2000 (active points 11/11) [2h 14m 09s elapsed] ...   snr=+0.0dB [ber_drl]  snr=+2.0dB [ber_drl]  snr=+4.0dB [ber_drl]  snr=+6.0dB [ber_drl]  snr=+8.0dB [ber_drl]  snr=+10.0dB [ber_drl]  snr=+12.0dB [ber_drl]  snr=+14.0dB [ber_drl]  snr=+16.0dB [ber_drl]  snr=+18.0dB [ber_drl]  snr=+20.0dB [ber_drl]Done (7.04s)
Batch 1151/2000 (active points 11/11) [2h 14m 16s elapsed] ...   snr=+0.0dB [ber_drl]  snr=+2.0dB [ber_drl]  snr=+4.0dB [ber_drl]  snr=+6.0dB [ber_drl]  snr=+8.0dB [ber_drl]  snr=+10.0dB [ber_drl]  snr=+12.0dB [ber_drl]  snr=+14.0dB [ber_drl]  snr=+16.0dB [ber_drl]  snr=+18.0dB [ber_drl]  snr=+20.0dB [ber_drl]Done (6.94s)
Batch 1152/2000 (active points 11/11) [2h 14m 23s elapsed] ...   snr=+0.0dB [ber_drl]  snr=+2.0dB [ber_drl]  snr=+4.0dB [ber_drl]  snr=+6.0dB [ber_drl]  snr=+8.0dB [ber_drl]  snr=+10.0dB [ber_drl]  snr=+12.0dB [ber_drl]  snr=+14.0dB [ber_drl]  snr=+16.0dB [ber_drl]  snr=+18.0dB [ber_drl]  snr=+20.0dB [ber_drl]Done (7.03s)
Batch 1153/2000 (active points 11/11) [2h 14m 30s elapsed] ...   snr=+0.0dB [ber_drl]  snr=+2.0dB [ber_drl]  snr=+4.0dB [ber_drl]  snr=+6.0dB [ber_drl]  snr=+8.0dB [ber_drl]  snr=+10.0dB [ber_drl]  snr=+12.0dB [ber_drl]  snr=+14.0dB [ber_drl]  snr=+16.0dB [ber_drl]  snr=+18.0dB [ber_drl]  snr=+20.0dB [ber_drl]Done (6.99s)
Batch 1154/2000 (active points 11/11) [2h 14m 37s elapsed] ...   snr=+0.0dB [ber_drl]  snr=+2.0dB [ber_drl]  snr=+4.0dB [ber_drl]  snr=+6.0dB [ber_drl]  snr=+8.0dB [ber_drl]  snr=+10.0dB [ber_drl]  snr=+12.0dB [ber_drl]  snr=+14.0dB [ber_drl]  snr=+16.0dB [ber_drl]  snr=+18.0dB [ber_drl]  snr=+20.0dB [ber_drl]Done (7.01s)
Batch 1155/2000 (active points 11/11) [2h 14m 44s elapsed] ...   snr=+0.0dB [ber_drl]  snr=+2.0dB [ber_drl]  snr=+4.0dB [ber_drl]  snr=+6.0dB [ber_drl]  snr=+8.0dB [ber_drl]  snr=+10.0dB [ber_drl]  snr=+12.0dB [ber_drl]  snr=+14.0dB [ber_drl]  snr=+16.0dB [ber_drl]  snr=+18.0dB [ber_drl]  snr=+20.0dB [ber_drl]Done (6.96s)
Batch 1156/2000 (active points 11/11) [2h 14m 51s elapsed] ...   snr=+0.0dB [ber_drl]  snr=+2.0dB [ber_drl]  snr=+4.0dB [ber_drl]  snr=+6.0dB [ber_drl]  snr=+8.0dB [ber_drl]  snr=+10.0dB [ber_drl]  snr=+12.0dB [ber_drl]  snr=+14.0dB [ber_drl]  snr=+16.0dB [ber_drl]  snr=+18.0dB [ber_drl]  snr=+20.0dB [ber_drl]Done (6.95s)
Batch 1157/2000 (active points 11/11) [2h 14m 58s elapsed] ...   snr=+0.0dB [ber_drl]  snr=+2.0dB [ber_drl]  snr=+4.0dB [ber_drl]  snr=+6.0dB [ber_drl]  snr=+8.0dB [ber_drl]  snr=+10.0dB [ber_drl]  snr=+12.0dB [ber_drl]  snr=+14.0dB [ber_drl]  snr=+16.0dB [ber_drl]  snr=+18.0dB [ber_drl]  snr=+20.0dB [ber_drl]Done (7.07s)
Batch 1158/2000 (active points 11/11) [2h 15m 05s elapsed] ...   snr=+0.0dB [ber_drl]  snr=+2.0dB [ber_drl]  snr=+4.0dB [ber_drl]  snr=+6.0dB [ber_drl]  snr=+8.0dB [ber_drl]  snr=+10.0dB [ber_drl]  snr=+12.0dB [ber_drl]  snr=+14.0dB [ber_drl]  snr=+16.0dB [ber_drl]  snr=+18.0dB [ber_drl]  snr=+20.0dB [ber_drl]Done (7.00s)
Batch 1159/2000 (active points 11/11) [2h 15m 12s elapsed] ...   snr=+0.0dB [ber_drl]  snr=+2.0dB [ber_drl]  snr=+4.0dB [ber_drl]  snr=+6.0dB [ber_drl]  snr=+8.0dB [ber_drl]  snr=+10.0dB [ber_drl]  snr=+12.0dB [ber_drl]  snr=+14.0dB [ber_drl]  snr=+16.0dB [ber_drl]  snr=+18.0dB [ber_drl]  snr=+20.0dB [ber_drl]Done (6.94s)
Batch 1160/2000 (active points 11/11) [2h 15m 19s elapsed] ...   snr=+0.0dB [ber_drl]  snr=+2.0dB [ber_drl]  snr=+4.0dB [ber_drl]  snr=+6.0dB [ber_drl]  snr=+8.0dB [ber_drl]  snr=+10.0dB [ber_drl]  snr=+12.0dB [ber_drl]  snr=+14.0dB [ber_drl]  snr=+16.0dB [ber_drl]  snr=+18.0dB [ber_drl]  snr=+20.0dB [ber_drl]Done (7.01s)
Batch 1161/2000 (active points 11/11) [2h 15m 26s elapsed] ...   snr=+0.0dB [ber_drl]  snr=+2.0dB [ber_drl]  snr=+4.0dB [ber_drl]  snr=+6.0dB [ber_drl]  snr=+8.0dB [ber_drl]  snr=+10.0dB [ber_drl]  snr=+12.0dB [ber_drl]  snr=+14.0dB [ber_drl]  snr=+16.0dB [ber_drl]  snr=+18.0dB [ber_drl]  snr=+20.0dB [ber_drl]Done (7.03s)
Batch 1162/2000 (active points 11/11) [2h 15m 33s elapsed] ...   snr=+0.0dB [ber_drl]  snr=+2.0dB [ber_drl]  snr=+4.0dB [ber_drl]  snr=+6.0dB [ber_drl]  snr=+8.0dB [ber_drl]  snr=+10.0dB [ber_drl]  snr=+12.0dB [ber_drl]  snr=+14.0dB [ber_drl]  snr=+16.0dB [ber_drl]  snr=+18.0dB [ber_drl]  snr=+20.0dB [ber_drl]Done (7.11s)
Batch 1163/2000 (active points 11/11) [2h 15m 40s elapsed] ...   snr=+0.0dB [ber_drl]  snr=+2.0dB [ber_drl]  snr=+4.0dB [ber_drl]  snr=+6.0dB [ber_drl]  snr=+8.0dB [ber_drl]  snr=+10.0dB [ber_drl]  snr=+12.0dB [ber_drl]  snr=+14.0dB [ber_drl]  snr=+16.0dB [ber_drl]  snr=+18.0dB [ber_drl]  snr=+20.0dB [ber_drl]Done (6.93s)
Batch 1164/2000 (active points 11/11) [2h 15m 47s elapsed] ...   snr=+0.0dB [ber_drl]  snr=+2.0dB [ber_drl]  snr=+4.0dB [ber_drl]  snr=+6.0dB [ber_drl]  snr=+8.0dB [ber_drl]  snr=+10.0dB [ber_drl]  snr=+12.0dB [ber_drl]  snr=+14.0dB [ber_drl]  snr=+16.0dB [ber_drl]  snr=+18.0dB [ber_drl]  snr=+20.0dB [ber_drl]Done (7.00s)
Batch 1165/2000 (active points 11/11) [2h 15m 54s elapsed] ...   snr=+0.0dB [ber_drl]  snr=+2.0dB [ber_drl]  snr=+4.0dB [ber_drl]  snr=+6.0dB [ber_drl]  snr=+8.0dB [ber_drl]  snr=+10.0dB [ber_drl]  snr=+12.0dB [ber_drl]  snr=+14.0dB [ber_drl]  snr=+16.0dB [ber_drl]  snr=+18.0dB [ber_drl]  snr=+20.0dB [ber_drl]Done (6.98s)
Batch 1166/2000 (active points 11/11) [2h 16m 01s elapsed] ...   snr=+0.0dB [ber_drl]  snr=+2.0dB [ber_drl]  snr=+4.0dB [ber_drl]  snr=+6.0dB [ber_drl]  snr=+8.0dB [ber_drl]  snr=+10.0dB [ber_drl]  snr=+12.0dB [ber_drl]  snr=+14.0dB [ber_drl]  snr=+16.0dB [ber_drl]  snr=+18.0dB [ber_drl]  snr=+20.0dB [ber_drl]Done (7.00s)
Batch 1167/2000 (active points 11/11) [2h 16m 08s elapsed] ...   snr=+0.0dB [ber_drl]  snr=+2.0dB [ber_drl]  snr=+4.0dB [ber_drl]  snr=+6.0dB [ber_drl]  snr=+8.0dB [ber_drl]  snr=+10.0dB [ber_drl]  snr=+12.0dB [ber_drl]  snr=+14.0dB [ber_drl]  snr=+16.0dB [ber_drl]  snr=+18.0dB [ber_drl]  snr=+20.0dB [ber_drl]Done (6.95s)
Batch 1168/2000 (active points 11/11) [2h 16m 15s elapsed] ...   snr=+0.0dB [ber_drl]  snr=+2.0dB [ber_drl]  snr=+4.0dB [ber_drl]  snr=+6.0dB [ber_drl]  snr=+8.0dB [ber_drl]  snr=+10.0dB [ber_drl]  snr=+12.0dB [ber_drl]  snr=+14.0dB [ber_drl]  snr=+16.0dB [ber_drl]  snr=+18.0dB [ber_drl]  snr=+20.0dB [ber_drl]Done (6.98s)
Batch 1169/2000 (active points 11/11) [2h 16m 22s elapsed] ...   snr=+0.0dB [ber_drl]  snr=+2.0dB [ber_drl]  snr=+4.0dB [ber_drl]  snr=+6.0dB [ber_drl]  snr=+8.0dB [ber_drl]  snr=+10.0dB [ber_drl]  snr=+12.0dB [ber_drl]  snr=+14.0dB [ber_drl]  snr=+16.0dB [ber_drl]  snr=+18.0dB [ber_drl]  snr=+20.0dB [ber_drl]Done (6.99s)
Batch 1170/2000 (active points 11/11) [2h 16m 29s elapsed] ...   snr=+0.0dB [ber_drl]  snr=+2.0dB [ber_drl]  snr=+4.0dB [ber_drl]  snr=+6.0dB [ber_drl]  snr=+8.0dB [ber_drl]  snr=+10.0dB [ber_drl]  snr=+12.0dB [ber_drl]  snr=+14.0dB [ber_drl]  snr=+16.0dB [ber_drl]  snr=+18.0dB [ber_drl]  snr=+20.0dB [ber_drl]Done (7.04s)
Batch 1171/2000 (active points 11/11) [2h 16m 36s elapsed] ...   snr=+0.0dB [ber_drl]  snr=+2.0dB [ber_drl]  snr=+4.0dB [ber_drl]  snr=+6.0dB [ber_drl]  snr=+8.0dB [ber_drl]  snr=+10.0dB [ber_drl]  snr=+12.0dB [ber_drl]  snr=+14.0dB [ber_drl]  snr=+16.0dB [ber_drl]  snr=+18.0dB [ber_drl]  snr=+20.0dB [ber_drl]Done (6.93s)
Batch 1172/2000 (active points 11/11) [2h 16m 43s elapsed] ...   snr=+0.0dB [ber_drl]  snr=+2.0dB [ber_drl]  snr=+4.0dB [ber_drl]  snr=+6.0dB [ber_drl]  snr=+8.0dB [ber_drl]  snr=+10.0dB [ber_drl]  snr=+12.0dB [ber_drl]  snr=+14.0dB [ber_drl]  snr=+16.0dB [ber_drl]  snr=+18.0dB [ber_drl]  snr=+20.0dB [ber_drl]Done (7.01s)
Batch 1173/2000 (active points 11/11) [2h 16m 50s elapsed] ...   snr=+0.0dB [ber_drl]  snr=+2.0dB [ber_drl]  snr=+4.0dB [ber_drl]  snr=+6.0dB [ber_drl]  snr=+8.0dB [ber_drl]  snr=+10.0dB [ber_drl]  snr=+12.0dB [ber_drl]  snr=+14.0dB [ber_drl]  snr=+16.0dB [ber_drl]  snr=+18.0dB [ber_drl]  snr=+20.0dB [ber_drl]Done (6.99s)
Batch 1174/2000 (active points 11/11) [2h 16m 57s elapsed] ...   snr=+0.0dB [ber_drl]  snr=+2.0dB [ber_drl]  snr=+4.0dB [ber_drl]  snr=+6.0dB [ber_drl]  snr=+8.0dB [ber_drl]  snr=+10.0dB [ber_drl]  snr=+12.0dB [ber_drl]  snr=+14.0dB [ber_drl]  snr=+16.0dB [ber_drl]  snr=+18.0dB [ber_drl]  snr=+20.0dB [ber_drl]Done (7.03s)
Batch 1175/2000 (active points 11/11) [2h 17m 04s elapsed] ...   snr=+0.0dB [ber_drl]  snr=+2.0dB [ber_drl]  snr=+4.0dB [ber_drl]  snr=+6.0dB [ber_drl]  snr=+8.0dB [ber_drl]  snr=+10.0dB [ber_drl]  snr=+12.0dB [ber_drl]  snr=+14.0dB [ber_drl]  snr=+16.0dB [ber_drl]  snr=+18.0dB [ber_drl]  snr=+20.0dB [ber_drl]Done (6.95s)
Batch 1176/2000 (active points 11/11) [2h 17m 11s elapsed] ...   snr=+0.0dB [ber_drl]  snr=+2.0dB [ber_drl]  snr=+4.0dB [ber_drl]  snr=+6.0dB [ber_drl]  snr=+8.0dB [ber_drl]  snr=+10.0dB [ber_drl]  snr=+12.0dB [ber_drl]  snr=+14.0dB [ber_drl]  snr=+16.0dB [ber_drl]  snr=+18.0dB [ber_drl]  snr=+20.0dB [ber_drl]Done (7.22s)
Batch 1177/2000 (active points 11/11) [2h 17m 18s elapsed] ...   snr=+0.0dB [ber_drl]  snr=+2.0dB [ber_drl]  snr=+4.0dB [ber_drl]  snr=+6.0dB [ber_drl]  snr=+8.0dB [ber_drl]  snr=+10.0dB [ber_drl]  snr=+12.0dB [ber_drl]  snr=+14.0dB [ber_drl]  snr=+16.0dB [ber_drl]  snr=+18.0dB [ber_drl]  snr=+20.0dB [ber_drl]Done (7.01s)
Batch 1178/2000 (active points 11/11) [2h 17m 25s elapsed] ...   snr=+0.0dB [ber_drl]  snr=+2.0dB [ber_drl]  snr=+4.0dB [ber_drl]  snr=+6.0dB [ber_drl]  snr=+8.0dB [ber_drl]  snr=+10.0dB [ber_drl]  snr=+12.0dB [ber_drl]  snr=+14.0dB [ber_drl]  snr=+16.0dB [ber_drl]  snr=+18.0dB [ber_drl]  snr=+20.0dB [ber_drl]Done (7.01s)
Batch 1179/2000 (active points 11/11) [2h 17m 32s elapsed] ...   snr=+0.0dB [ber_drl]  snr=+2.0dB [ber_drl]  snr=+4.0dB [ber_drl]  snr=+6.0dB [ber_drl]  snr=+8.0dB [ber_drl]  snr=+10.0dB [ber_drl]  snr=+12.0dB [ber_drl]  snr=+14.0dB [ber_drl]  snr=+16.0dB [ber_drl]  snr=+18.0dB [ber_drl]  snr=+20.0dB [ber_drl]Done (6.95s)
Batch 1180/2000 (active points 11/11) [2h 17m 39s elapsed] ...   snr=+0.0dB [ber_drl]  snr=+2.0dB [ber_drl]  snr=+4.0dB [ber_drl]  snr=+6.0dB [ber_drl]  snr=+8.0dB [ber_drl]  snr=+10.0dB [ber_drl]  snr=+12.0dB [ber_drl]  snr=+14.0dB [ber_drl]  snr=+16.0dB [ber_drl]  snr=+18.0dB [ber_drl]  snr=+20.0dB [ber_drl]Done (6.95s)
Batch 1181/2000 (active points 11/11) [2h 17m 46s elapsed] ...   snr=+0.0dB [ber_drl]  snr=+2.0dB [ber_drl]  snr=+4.0dB [ber_drl]  snr=+6.0dB [ber_drl]  snr=+8.0dB [ber_drl]  snr=+10.0dB [ber_drl]  snr=+12.0dB [ber_drl]  snr=+14.0dB [ber_drl]  snr=+16.0dB [ber_drl]  snr=+18.0dB [ber_drl]  snr=+20.0dB [ber_drl]Done (6.98s)
Batch 1182/2000 (active points 11/11) [2h 17m 53s elapsed] ...   snr=+0.0dB [ber_drl]  snr=+2.0dB [ber_drl]  snr=+4.0dB [ber_drl]  snr=+6.0dB [ber_drl]  snr=+8.0dB [ber_drl]  snr=+10.0dB [ber_drl]  snr=+12.0dB [ber_drl]  snr=+14.0dB [ber_drl]  snr=+16.0dB [ber_drl]  snr=+18.0dB [ber_drl]  snr=+20.0dB [ber_drl]Done (7.01s)
Batch 1183/2000 (active points 11/11) [2h 18m 00s elapsed] ...   snr=+0.0dB [ber_drl]  snr=+2.0dB [ber_drl]  snr=+4.0dB [ber_drl]  snr=+6.0dB [ber_drl]  snr=+8.0dB [ber_drl]  snr=+10.0dB [ber_drl]  snr=+12.0dB [ber_drl]  snr=+14.0dB [ber_drl]  snr=+16.0dB [ber_drl]  snr=+18.0dB [ber_drl]  snr=+20.0dB [ber_drl]Done (6.92s)
Batch 1184/2000 (active points 11/11) [2h 18m 07s elapsed] ...   snr=+0.0dB [ber_drl]  snr=+2.0dB [ber_drl]  snr=+4.0dB [ber_drl]  snr=+6.0dB [ber_drl]  snr=+8.0dB [ber_drl]  snr=+10.0dB [ber_drl]  snr=+12.0dB [ber_drl]  snr=+14.0dB [ber_drl]  snr=+16.0dB [ber_drl]  snr=+18.0dB [ber_drl]  snr=+20.0dB [ber_drl]Done (6.99s)
Batch 1185/2000 (active points 11/11) [2h 18m 14s elapsed] ...   snr=+0.0dB [ber_drl]  snr=+2.0dB [ber_drl]  snr=+4.0dB [ber_drl]  snr=+6.0dB [ber_drl]  snr=+8.0dB [ber_drl]  snr=+10.0dB [ber_drl]  snr=+12.0dB [ber_drl]  snr=+14.0dB [ber_drl]  snr=+16.0dB [ber_drl]  snr=+18.0dB [ber_drl]  snr=+20.0dB [ber_drl]Done (7.05s)
Batch 1186/2000 (active points 11/11) [2h 18m 21s elapsed] ...   snr=+0.0dB [ber_drl]  snr=+2.0dB [ber_drl]  snr=+4.0dB [ber_drl]  snr=+6.0dB [ber_drl]  snr=+8.0dB [ber_drl]  snr=+10.0dB [ber_drl]  snr=+12.0dB [ber_drl]  snr=+14.0dB [ber_drl]  snr=+16.0dB [ber_drl]  snr=+18.0dB [ber_drl]  snr=+20.0dB [ber_drl]Done (7.03s)
Batch 1187/2000 (active points 11/11) [2h 18m 28s elapsed] ...   snr=+0.0dB [ber_drl]  snr=+2.0dB [ber_drl]  snr=+4.0dB [ber_drl]  snr=+6.0dB [ber_drl]  snr=+8.0dB [ber_drl]  snr=+10.0dB [ber_drl]  snr=+12.0dB [ber_drl]  snr=+14.0dB [ber_drl]  snr=+16.0dB [ber_drl]  snr=+18.0dB [ber_drl]  snr=+20.0dB [ber_drl]Done (6.90s)
Batch 1188/2000 (active points 11/11) [2h 18m 35s elapsed] ...   snr=+0.0dB [ber_drl]  snr=+2.0dB [ber_drl]  snr=+4.0dB [ber_drl]  snr=+6.0dB [ber_drl]  snr=+8.0dB [ber_drl]  snr=+10.0dB [ber_drl]  snr=+12.0dB [ber_drl]  snr=+14.0dB [ber_drl]  snr=+16.0dB [ber_drl]  snr=+18.0dB [ber_drl]  snr=+20.0dB [ber_drl]Done (6.98s)
Batch 1189/2000 (active points 11/11) [2h 18m 42s elapsed] ...   snr=+0.0dB [ber_drl]  snr=+2.0dB [ber_drl]  snr=+4.0dB [ber_drl]  snr=+6.0dB [ber_drl]  snr=+8.0dB [ber_drl]  snr=+10.0dB [ber_drl]  snr=+12.0dB [ber_drl]  snr=+14.0dB [ber_drl]  snr=+16.0dB [ber_drl]  snr=+18.0dB [ber_drl]  snr=+20.0dB [ber_drl]Done (7.09s)
Batch 1190/2000 (active points 11/11) [2h 18m 49s elapsed] ...   snr=+0.0dB [ber_drl]  snr=+2.0dB [ber_drl]  snr=+4.0dB [ber_drl]  snr=+6.0dB [ber_drl]  snr=+8.0dB [ber_drl]  snr=+10.0dB [ber_drl]  snr=+12.0dB [ber_drl]  snr=+14.0dB [ber_drl]  snr=+16.0dB [ber_drl]  snr=+18.0dB [ber_drl]  snr=+20.0dB [ber_drl]Done (6.97s)
Batch 1191/2000 (active points 11/11) [2h 18m 56s elapsed] ...   snr=+0.0dB [ber_drl]  snr=+2.0dB [ber_drl]  snr=+4.0dB [ber_drl]  snr=+6.0dB [ber_drl]  snr=+8.0dB [ber_drl]  snr=+10.0dB [ber_drl]  snr=+12.0dB [ber_drl]  snr=+14.0dB [ber_drl]  snr=+16.0dB [ber_drl]  snr=+18.0dB [ber_drl]  snr=+20.0dB [ber_drl]Done (6.94s)
Batch 1192/2000 (active points 11/11) [2h 19m 03s elapsed] ...   snr=+0.0dB [ber_drl]  snr=+2.0dB [ber_drl]  snr=+4.0dB [ber_drl]  snr=+6.0dB [ber_drl]  snr=+8.0dB [ber_drl]  snr=+10.0dB [ber_drl]  snr=+12.0dB [ber_drl]  snr=+14.0dB [ber_drl]  snr=+16.0dB [ber_drl]  snr=+18.0dB [ber_drl]  snr=+20.0dB [ber_drl]Done (7.03s)
Batch 1193/2000 (active points 11/11) [2h 19m 10s elapsed] ...   snr=+0.0dB [ber_drl]  snr=+2.0dB [ber_drl]  snr=+4.0dB [ber_drl]  snr=+6.0dB [ber_drl]  snr=+8.0dB [ber_drl]  snr=+10.0dB [ber_drl]  snr=+12.0dB [ber_drl]  snr=+14.0dB [ber_drl]  snr=+16.0dB [ber_drl]  snr=+18.0dB [ber_drl]  snr=+20.0dB [ber_drl]Done (7.00s)
Batch 1194/2000 (active points 11/11) [2h 19m 17s elapsed] ...   snr=+0.0dB [ber_drl]  snr=+2.0dB [ber_drl]  snr=+4.0dB [ber_drl]  snr=+6.0dB [ber_drl]  snr=+8.0dB [ber_drl]  snr=+10.0dB [ber_drl]  snr=+12.0dB [ber_drl]  snr=+14.0dB [ber_drl]  snr=+16.0dB [ber_drl]  snr=+18.0dB [ber_drl]  snr=+20.0dB [ber_drl]Done (7.02s)
Batch 1195/2000 (active points 11/11) [2h 19m 24s elapsed] ...   snr=+0.0dB [ber_drl]  snr=+2.0dB [ber_drl]  snr=+4.0dB [ber_drl]  snr=+6.0dB [ber_drl]  snr=+8.0dB [ber_drl]  snr=+10.0dB [ber_drl]  snr=+12.0dB [ber_drl]  snr=+14.0dB [ber_drl]  snr=+16.0dB [ber_drl]  snr=+18.0dB [ber_drl]  snr=+20.0dB [ber_drl]Done (7.01s)
Batch 1196/2000 (active points 11/11) [2h 19m 31s elapsed] ...   snr=+0.0dB [ber_drl]  snr=+2.0dB [ber_drl]  snr=+4.0dB [ber_drl]  snr=+6.0dB [ber_drl]  snr=+8.0dB [ber_drl]  snr=+10.0dB [ber_drl]  snr=+12.0dB [ber_drl]  snr=+14.0dB [ber_drl]  snr=+16.0dB [ber_drl]  snr=+18.0dB [ber_drl]  snr=+20.0dB [ber_drl]Done (6.97s)
Batch 1197/2000 (active points 11/11) [2h 19m 38s elapsed] ...   snr=+0.0dB [ber_drl]  snr=+2.0dB [ber_drl]  snr=+4.0dB [ber_drl]  snr=+6.0dB [ber_drl]  snr=+8.0dB [ber_drl]  snr=+10.0dB [ber_drl]  snr=+12.0dB [ber_drl]  snr=+14.0dB [ber_drl]  snr=+16.0dB [ber_drl]  snr=+18.0dB [ber_drl]  snr=+20.0dB [ber_drl]Done (7.02s)
Batch 1198/2000 (active points 11/11) [2h 19m 45s elapsed] ...   snr=+0.0dB [ber_drl]  snr=+2.0dB [ber_drl]  snr=+4.0dB [ber_drl]  snr=+6.0dB [ber_drl]  snr=+8.0dB [ber_drl]  snr=+10.0dB [ber_drl]  snr=+12.0dB [ber_drl]  snr=+14.0dB [ber_drl]  snr=+16.0dB [ber_drl]  snr=+18.0dB [ber_drl]  snr=+20.0dB [ber_drl]Done (7.02s)
Batch 1199/2000 (active points 11/11) [2h 19m 52s elapsed] ...   snr=+0.0dB [ber_drl]  snr=+2.0dB [ber_drl]  snr=+4.0dB [ber_drl]  snr=+6.0dB [ber_drl]  snr=+8.0dB [ber_drl]  snr=+10.0dB [ber_drl]  snr=+12.0dB [ber_drl]  snr=+14.0dB [ber_drl]  snr=+16.0dB [ber_drl]  snr=+18.0dB [ber_drl]  snr=+20.0dB [ber_drl]Done (6.94s)
Batch 1200/2000 (active points 11/11) [2h 19m 59s elapsed] ...   snr=+0.0dB [ber_drl]  snr=+2.0dB [ber_drl]  snr=+4.0dB [ber_drl]  snr=+6.0dB [ber_drl]  snr=+8.0dB [ber_drl]  snr=+10.0dB [ber_drl]  snr=+12.0dB [ber_drl]  snr=+14.0dB [ber_drl]  snr=+16.0dB [ber_drl]  snr=+18.0dB [ber_drl]  snr=+20.0dB [ber_drl]Done (6.96s)
Batch 1201/2000 (active points 11/11) [2h 20m 06s elapsed] ...   snr=+0.0dB [ber_drl]  snr=+2.0dB [ber_drl]  snr=+4.0dB [ber_drl]  snr=+6.0dB [ber_drl]  snr=+8.0dB [ber_drl]  snr=+10.0dB [ber_drl]  snr=+12.0dB [ber_drl]  snr=+14.0dB [ber_drl]  snr=+16.0dB [ber_drl]  snr=+18.0dB [ber_drl]  snr=+20.0dB [ber_drl]Done (7.02s)
Batch 1202/2000 (active points 11/11) [2h 20m 13s elapsed] ...   snr=+0.0dB [ber_drl]  snr=+2.0dB [ber_drl]  snr=+4.0dB [ber_drl]  snr=+6.0dB [ber_drl]  snr=+8.0dB [ber_drl]  snr=+10.0dB [ber_drl]  snr=+12.0dB [ber_drl]  snr=+14.0dB [ber_drl]  snr=+16.0dB [ber_drl]  snr=+18.0dB [ber_drl]  snr=+20.0dB [ber_drl]Done (7.02s)
Batch 1203/2000 (active points 11/11) [2h 20m 20s elapsed] ...   snr=+0.0dB [ber_drl]  snr=+2.0dB [ber_drl]  snr=+4.0dB [ber_drl]  snr=+6.0dB [ber_drl]  snr=+8.0dB [ber_drl]  snr=+10.0dB [ber_drl]  snr=+12.0dB [ber_drl]  snr=+14.0dB [ber_drl]  snr=+16.0dB [ber_drl]  snr=+18.0dB [ber_drl]  snr=+20.0dB [ber_drl]Done (6.96s)
Batch 1204/2000 (active points 11/11) [2h 20m 27s elapsed] ...   snr=+0.0dB [ber_drl]  snr=+2.0dB [ber_drl]  snr=+4.0dB [ber_drl]  snr=+6.0dB [ber_drl]  snr=+8.0dB [ber_drl]  snr=+10.0dB [ber_drl]  snr=+12.0dB [ber_drl]  snr=+14.0dB [ber_drl]  snr=+16.0dB [ber_drl]  snr=+18.0dB [ber_drl]  snr=+20.0dB [ber_drl]Done (7.05s)
Batch 1205/2000 (active points 11/11) [2h 20m 34s elapsed] ...   snr=+0.0dB [ber_drl]  snr=+2.0dB [ber_drl]  snr=+4.0dB [ber_drl]  snr=+6.0dB [ber_drl]  snr=+8.0dB [ber_drl]  snr=+10.0dB [ber_drl]  snr=+12.0dB [ber_drl]  snr=+14.0dB [ber_drl]  snr=+16.0dB [ber_drl]  snr=+18.0dB [ber_drl]  snr=+20.0dB [ber_drl]Done (7.01s)
Batch 1206/2000 (active points 11/11) [2h 20m 41s elapsed] ...   snr=+0.0dB [ber_drl]  snr=+2.0dB [ber_drl]  snr=+4.0dB [ber_drl]  snr=+6.0dB [ber_drl]  snr=+8.0dB [ber_drl]  snr=+10.0dB [ber_drl]  snr=+12.0dB [ber_drl]  snr=+14.0dB [ber_drl]  snr=+16.0dB [ber_drl]  snr=+18.0dB [ber_drl]  snr=+20.0dB [ber_drl]Done (7.00s)
Batch 1207/2000 (active points 11/11) [2h 20m 48s elapsed] ...   snr=+0.0dB [ber_drl]  snr=+2.0dB [ber_drl]  snr=+4.0dB [ber_drl]  snr=+6.0dB [ber_drl]  snr=+8.0dB [ber_drl]  snr=+10.0dB [ber_drl]  snr=+12.0dB [ber_drl]  snr=+14.0dB [ber_drl]  snr=+16.0dB [ber_drl]  snr=+18.0dB [ber_drl]  snr=+20.0dB [ber_drl]Done (6.93s)
Batch 1208/2000 (active points 11/11) [2h 20m 55s elapsed] ...   snr=+0.0dB [ber_drl]  snr=+2.0dB [ber_drl]  snr=+4.0dB [ber_drl]  snr=+6.0dB [ber_drl]  snr=+8.0dB [ber_drl]  snr=+10.0dB [ber_drl]  snr=+12.0dB [ber_drl]  snr=+14.0dB [ber_drl]  snr=+16.0dB [ber_drl]  snr=+18.0dB [ber_drl]  snr=+20.0dB [ber_drl]Done (6.99s)
Batch 1209/2000 (active points 11/11) [2h 21m 02s elapsed] ...   snr=+0.0dB [ber_drl]  snr=+2.0dB [ber_drl]  snr=+4.0dB [ber_drl]  snr=+6.0dB [ber_drl]  snr=+8.0dB [ber_drl]  snr=+10.0dB [ber_drl]  snr=+12.0dB [ber_drl]  snr=+14.0dB [ber_drl]  snr=+16.0dB [ber_drl]  snr=+18.0dB [ber_drl]  snr=+20.0dB [ber_drl]Done (6.97s)
Batch 1210/2000 (active points 11/11) [2h 21m 09s elapsed] ...   snr=+0.0dB [ber_drl]  snr=+2.0dB [ber_drl]  snr=+4.0dB [ber_drl]  snr=+6.0dB [ber_drl]  snr=+8.0dB [ber_drl]  snr=+10.0dB [ber_drl]  snr=+12.0dB [ber_drl]  snr=+14.0dB [ber_drl]  snr=+16.0dB [ber_drl]  snr=+18.0dB [ber_drl]  snr=+20.0dB [ber_drl]Done (7.03s)
Batch 1211/2000 (active points 11/11) [2h 21m 16s elapsed] ...   snr=+0.0dB [ber_drl]  snr=+2.0dB [ber_drl]  snr=+4.0dB [ber_drl]  snr=+6.0dB [ber_drl]  snr=+8.0dB [ber_drl]  snr=+10.0dB [ber_drl]  snr=+12.0dB [ber_drl]  snr=+14.0dB [ber_drl]  snr=+16.0dB [ber_drl]  snr=+18.0dB [ber_drl]  snr=+20.0dB [ber_drl]Done (6.92s)
Batch 1212/2000 (active points 11/11) [2h 21m 23s elapsed] ...   snr=+0.0dB [ber_drl]  snr=+2.0dB [ber_drl]  snr=+4.0dB [ber_drl]  snr=+6.0dB [ber_drl]  snr=+8.0dB [ber_drl]  snr=+10.0dB [ber_drl]  snr=+12.0dB [ber_drl]  snr=+14.0dB [ber_drl]  snr=+16.0dB [ber_drl]  snr=+18.0dB [ber_drl]  snr=+20.0dB [ber_drl]Done (6.99s)
Batch 1213/2000 (active points 11/11) [2h 21m 30s elapsed] ...   snr=+0.0dB [ber_drl]  snr=+2.0dB [ber_drl]  snr=+4.0dB [ber_drl]  snr=+6.0dB [ber_drl]  snr=+8.0dB [ber_drl]  snr=+10.0dB [ber_drl]  snr=+12.0dB [ber_drl]  snr=+14.0dB [ber_drl]  snr=+16.0dB [ber_drl]  snr=+18.0dB [ber_drl]  snr=+20.0dB [ber_drl]Done (7.00s)
Batch 1214/2000 (active points 11/11) [2h 21m 37s elapsed] ...   snr=+0.0dB [ber_drl]  snr=+2.0dB [ber_drl]  snr=+4.0dB [ber_drl]  snr=+6.0dB [ber_drl]  snr=+8.0dB [ber_drl]  snr=+10.0dB [ber_drl]  snr=+12.0dB [ber_drl]  snr=+14.0dB [ber_drl]  snr=+16.0dB [ber_drl]  snr=+18.0dB [ber_drl]  snr=+20.0dB [ber_drl]Done (7.03s)
Batch 1215/2000 (active points 11/11) [2h 21m 44s elapsed] ...   snr=+0.0dB [ber_drl]  snr=+2.0dB [ber_drl]  snr=+4.0dB [ber_drl]  snr=+6.0dB [ber_drl]  snr=+8.0dB [ber_drl]  snr=+10.0dB [ber_drl]  snr=+12.0dB [ber_drl]  snr=+14.0dB [ber_drl]  snr=+16.0dB [ber_drl]  snr=+18.0dB [ber_drl]  snr=+20.0dB [ber_drl]Done (6.90s)
Batch 1216/2000 (active points 11/11) [2h 21m 50s elapsed] ...   snr=+0.0dB [ber_drl]  snr=+2.0dB [ber_drl]  snr=+4.0dB [ber_drl]  snr=+6.0dB [ber_drl]  snr=+8.0dB [ber_drl]  snr=+10.0dB [ber_drl]  snr=+12.0dB [ber_drl]  snr=+14.0dB [ber_drl]  snr=+16.0dB [ber_drl]  snr=+18.0dB [ber_drl]  snr=+20.0dB [ber_drl]Done (6.98s)
Batch 1217/2000 (active points 11/11) [2h 21m 57s elapsed] ...   snr=+0.0dB [ber_drl]  snr=+2.0dB [ber_drl]  snr=+4.0dB [ber_drl]  snr=+6.0dB [ber_drl]  snr=+8.0dB [ber_drl]  snr=+10.0dB [ber_drl]  snr=+12.0dB [ber_drl]  snr=+14.0dB [ber_drl]  snr=+16.0dB [ber_drl]  snr=+18.0dB [ber_drl]  snr=+20.0dB [ber_drl]Done (6.98s)
Batch 1218/2000 (active points 11/11) [2h 22m 04s elapsed] ...   snr=+0.0dB [ber_drl]  snr=+2.0dB [ber_drl]  snr=+4.0dB [ber_drl]  snr=+6.0dB [ber_drl]  snr=+8.0dB [ber_drl]  snr=+10.0dB [ber_drl]  snr=+12.0dB [ber_drl]  snr=+14.0dB [ber_drl]  snr=+16.0dB [ber_drl]  snr=+18.0dB [ber_drl]  snr=+20.0dB [ber_drl]Done (6.97s)
Batch 1219/2000 (active points 11/11) [2h 22m 11s elapsed] ...   snr=+0.0dB [ber_drl]  snr=+2.0dB [ber_drl]  snr=+4.0dB [ber_drl]  snr=+6.0dB [ber_drl]  snr=+8.0dB [ber_drl]  snr=+10.0dB [ber_drl]  snr=+12.0dB [ber_drl]  snr=+14.0dB [ber_drl]  snr=+16.0dB [ber_drl]  snr=+18.0dB [ber_drl]  snr=+20.0dB [ber_drl]Done (6.98s)
Batch 1220/2000 (active points 11/11) [2h 22m 18s elapsed] ...   snr=+0.0dB [ber_drl]  snr=+2.0dB [ber_drl]  snr=+4.0dB [ber_drl]  snr=+6.0dB [ber_drl]  snr=+8.0dB [ber_drl]  snr=+10.0dB [ber_drl]  snr=+12.0dB [ber_drl]  snr=+14.0dB [ber_drl]  snr=+16.0dB [ber_drl]  snr=+18.0dB [ber_drl]  snr=+20.0dB [ber_drl]Done (7.11s)
Batch 1221/2000 (active points 11/11) [2h 22m 26s elapsed] ...   snr=+0.0dB [ber_drl]  snr=+2.0dB [ber_drl]  snr=+4.0dB [ber_drl]  snr=+6.0dB [ber_drl]  snr=+8.0dB [ber_drl]  snr=+10.0dB [ber_drl]  snr=+12.0dB [ber_drl]  snr=+14.0dB [ber_drl]  snr=+16.0dB [ber_drl]  snr=+18.0dB [ber_drl]  snr=+20.0dB [ber_drl]Done (7.01s)
Batch 1222/2000 (active points 11/11) [2h 22m 33s elapsed] ...   snr=+0.0dB [ber_drl]  snr=+2.0dB [ber_drl]  snr=+4.0dB [ber_drl]  snr=+6.0dB [ber_drl]  snr=+8.0dB [ber_drl]  snr=+10.0dB [ber_drl]  snr=+12.0dB [ber_drl]  snr=+14.0dB [ber_drl]  snr=+16.0dB [ber_drl]  snr=+18.0dB [ber_drl]  snr=+20.0dB [ber_drl]Done (7.04s)
Batch 1223/2000 (active points 11/11) [2h 22m 40s elapsed] ...   snr=+0.0dB [ber_drl]  snr=+2.0dB [ber_drl]  snr=+4.0dB [ber_drl]  snr=+6.0dB [ber_drl]  snr=+8.0dB [ber_drl]  snr=+10.0dB [ber_drl]  snr=+12.0dB [ber_drl]  snr=+14.0dB [ber_drl]  snr=+16.0dB [ber_drl]  snr=+18.0dB [ber_drl]  snr=+20.0dB [ber_drl]Done (6.98s)
Batch 1224/2000 (active points 11/11) [2h 22m 47s elapsed] ...   snr=+0.0dB [ber_drl]  snr=+2.0dB [ber_drl]  snr=+4.0dB [ber_drl]  snr=+6.0dB [ber_drl]  snr=+8.0dB [ber_drl]  snr=+10.0dB [ber_drl]  snr=+12.0dB [ber_drl]  snr=+14.0dB [ber_drl]  snr=+16.0dB [ber_drl]  snr=+18.0dB [ber_drl]  snr=+20.0dB [ber_drl]Done (7.01s)
Batch 1225/2000 (active points 11/11) [2h 22m 54s elapsed] ...   snr=+0.0dB [ber_drl]  snr=+2.0dB [ber_drl]  snr=+4.0dB [ber_drl]  snr=+6.0dB [ber_drl]  snr=+8.0dB [ber_drl]  snr=+10.0dB [ber_drl]  snr=+12.0dB [ber_drl]  snr=+14.0dB [ber_drl]  snr=+16.0dB [ber_drl]  snr=+18.0dB [ber_drl]  snr=+20.0dB [ber_drl]Done (7.01s)
Batch 1226/2000 (active points 11/11) [2h 23m 01s elapsed] ...   snr=+0.0dB [ber_drl]  snr=+2.0dB [ber_drl]  snr=+4.0dB [ber_drl]  snr=+6.0dB [ber_drl]  snr=+8.0dB [ber_drl]  snr=+10.0dB [ber_drl]  snr=+12.0dB [ber_drl]  snr=+14.0dB [ber_drl]  snr=+16.0dB [ber_drl]  snr=+18.0dB [ber_drl]  snr=+20.0dB [ber_drl]Done (6.98s)
Batch 1227/2000 (active points 11/11) [2h 23m 08s elapsed] ...   snr=+0.0dB [ber_drl]  snr=+2.0dB [ber_drl]  snr=+4.0dB [ber_drl]  snr=+6.0dB [ber_drl]  snr=+8.0dB [ber_drl]  snr=+10.0dB [ber_drl]  snr=+12.0dB [ber_drl]  snr=+14.0dB [ber_drl]  snr=+16.0dB [ber_drl]  snr=+18.0dB [ber_drl]  snr=+20.0dB [ber_drl]Done (6.96s)
Batch 1228/2000 (active points 11/11) [2h 23m 14s elapsed] ...   snr=+0.0dB [ber_drl]  snr=+2.0dB [ber_drl]  snr=+4.0dB [ber_drl]  snr=+6.0dB [ber_drl]  snr=+8.0dB [ber_drl]  snr=+10.0dB [ber_drl]  snr=+12.0dB [ber_drl]  snr=+14.0dB [ber_drl]  snr=+16.0dB [ber_drl]  snr=+18.0dB [ber_drl]  snr=+20.0dB [ber_drl]Done (7.00s)
Batch 1229/2000 (active points 11/11) [2h 23m 21s elapsed] ...   snr=+0.0dB [ber_drl]  snr=+2.0dB [ber_drl]  snr=+4.0dB [ber_drl]  snr=+6.0dB [ber_drl]  snr=+8.0dB [ber_drl]  snr=+10.0dB [ber_drl]  snr=+12.0dB [ber_drl]  snr=+14.0dB [ber_drl]  snr=+16.0dB [ber_drl]  snr=+18.0dB [ber_drl]  snr=+20.0dB [ber_drl]Done (6.97s)
Batch 1230/2000 (active points 11/11) [2h 23m 28s elapsed] ...   snr=+0.0dB [ber_drl]  snr=+2.0dB [ber_drl]  snr=+4.0dB [ber_drl]  snr=+6.0dB [ber_drl]  snr=+8.0dB [ber_drl]  snr=+10.0dB [ber_drl]  snr=+12.0dB [ber_drl]  snr=+14.0dB [ber_drl]  snr=+16.0dB [ber_drl]  snr=+18.0dB [ber_drl]  snr=+20.0dB [ber_drl]Done (7.05s)
Batch 1231/2000 (active points 11/11) [2h 23m 36s elapsed] ...   snr=+0.0dB [ber_drl]  snr=+2.0dB [ber_drl]  snr=+4.0dB [ber_drl]  snr=+6.0dB [ber_drl]  snr=+8.0dB [ber_drl]  snr=+10.0dB [ber_drl]  snr=+12.0dB [ber_drl]  snr=+14.0dB [ber_drl]  snr=+16.0dB [ber_drl]  snr=+18.0dB [ber_drl]  snr=+20.0dB [ber_drl]Done (6.91s)
Batch 1232/2000 (active points 11/11) [2h 23m 42s elapsed] ...   snr=+0.0dB [ber_drl]  snr=+2.0dB [ber_drl]  snr=+4.0dB [ber_drl]  snr=+6.0dB [ber_drl]  snr=+8.0dB [ber_drl]  snr=+10.0dB [ber_drl]  snr=+12.0dB [ber_drl]  snr=+14.0dB [ber_drl]  snr=+16.0dB [ber_drl]  snr=+18.0dB [ber_drl]  snr=+20.0dB [ber_drl]Done (7.06s)
Batch 1233/2000 (active points 11/11) [2h 23m 49s elapsed] ...   snr=+0.0dB [ber_drl]  snr=+2.0dB [ber_drl]  snr=+4.0dB [ber_drl]  snr=+6.0dB [ber_drl]  snr=+8.0dB [ber_drl]  snr=+10.0dB [ber_drl]  snr=+12.0dB [ber_drl]  snr=+14.0dB [ber_drl]  snr=+16.0dB [ber_drl]  snr=+18.0dB [ber_drl]  snr=+20.0dB [ber_drl]Done (6.99s)
Batch 1234/2000 (active points 11/11) [2h 23m 56s elapsed] ...   snr=+0.0dB [ber_drl]  snr=+2.0dB [ber_drl]  snr=+4.0dB [ber_drl]  snr=+6.0dB [ber_drl]  snr=+8.0dB [ber_drl]  snr=+10.0dB [ber_drl]  snr=+12.0dB [ber_drl]  snr=+14.0dB [ber_drl]  snr=+16.0dB [ber_drl]  snr=+18.0dB [ber_drl]  snr=+20.0dB [ber_drl]Done (7.00s)
Batch 1235/2000 (active points 11/11) [2h 24m 03s elapsed] ...   snr=+0.0dB [ber_drl]  snr=+2.0dB [ber_drl]  snr=+4.0dB [ber_drl]  snr=+6.0dB [ber_drl]  snr=+8.0dB [ber_drl]  snr=+10.0dB [ber_drl]  snr=+12.0dB [ber_drl]  snr=+14.0dB [ber_drl]  snr=+16.0dB [ber_drl]  snr=+18.0dB [ber_drl]  snr=+20.0dB [ber_drl]Done (6.91s)
Batch 1236/2000 (active points 11/11) [2h 24m 10s elapsed] ...   snr=+0.0dB [ber_drl]  snr=+2.0dB [ber_drl]  snr=+4.0dB [ber_drl]  snr=+6.0dB [ber_drl]  snr=+8.0dB [ber_drl]  snr=+10.0dB [ber_drl]  snr=+12.0dB [ber_drl]  snr=+14.0dB [ber_drl]  snr=+16.0dB [ber_drl]  snr=+18.0dB [ber_drl]  snr=+20.0dB [ber_drl]Done (7.00s)
Batch 1237/2000 (active points 11/11) [2h 24m 17s elapsed] ...   snr=+0.0dB [ber_drl]  snr=+2.0dB [ber_drl]  snr=+4.0dB [ber_drl]  snr=+6.0dB [ber_drl]  snr=+8.0dB [ber_drl]  snr=+10.0dB [ber_drl]  snr=+12.0dB [ber_drl]  snr=+14.0dB [ber_drl]  snr=+16.0dB [ber_drl]  snr=+18.0dB [ber_drl]  snr=+20.0dB [ber_drl]Done (7.01s)
Batch 1238/2000 (active points 11/11) [2h 24m 24s elapsed] ...   snr=+0.0dB [ber_drl]  snr=+2.0dB [ber_drl]  snr=+4.0dB [ber_drl]  snr=+6.0dB [ber_drl]  snr=+8.0dB [ber_drl]  snr=+10.0dB [ber_drl]  snr=+12.0dB [ber_drl]  snr=+14.0dB [ber_drl]  snr=+16.0dB [ber_drl]  snr=+18.0dB [ber_drl]  snr=+20.0dB [ber_drl]Done (7.06s)
Batch 1239/2000 (active points 11/11) [2h 24m 31s elapsed] ...   snr=+0.0dB [ber_drl]  snr=+2.0dB [ber_drl]  snr=+4.0dB [ber_drl]  snr=+6.0dB [ber_drl]  snr=+8.0dB [ber_drl]  snr=+10.0dB [ber_drl]  snr=+12.0dB [ber_drl]  snr=+14.0dB [ber_drl]  snr=+16.0dB [ber_drl]  snr=+18.0dB [ber_drl]  snr=+20.0dB [ber_drl]Done (6.97s)
Batch 1240/2000 (active points 11/11) [2h 24m 38s elapsed] ...   snr=+0.0dB [ber_drl]  snr=+2.0dB [ber_drl]  snr=+4.0dB [ber_drl]  snr=+6.0dB [ber_drl]  snr=+8.0dB [ber_drl]  snr=+10.0dB [ber_drl]  snr=+12.0dB [ber_drl]  snr=+14.0dB [ber_drl]  snr=+16.0dB [ber_drl]  snr=+18.0dB [ber_drl]  snr=+20.0dB [ber_drl]Done (7.03s)
Batch 1241/2000 (active points 11/11) [2h 24m 45s elapsed] ...   snr=+0.0dB [ber_drl]  snr=+2.0dB [ber_drl]  snr=+4.0dB [ber_drl]  snr=+6.0dB [ber_drl]  snr=+8.0dB [ber_drl]  snr=+10.0dB [ber_drl]  snr=+12.0dB [ber_drl]  snr=+14.0dB [ber_drl]  snr=+16.0dB [ber_drl]  snr=+18.0dB [ber_drl]  snr=+20.0dB [ber_drl]Done (7.02s)
Batch 1242/2000 (active points 11/11) [2h 24m 52s elapsed] ...   snr=+0.0dB [ber_drl]  snr=+2.0dB [ber_drl]  snr=+4.0dB [ber_drl]  snr=+6.0dB [ber_drl]  snr=+8.0dB [ber_drl]  snr=+10.0dB [ber_drl]  snr=+12.0dB [ber_drl]  snr=+14.0dB [ber_drl]  snr=+16.0dB [ber_drl]  snr=+18.0dB [ber_drl]  snr=+20.0dB [ber_drl]Done (7.00s)
Batch 1243/2000 (active points 11/11) [2h 24m 59s elapsed] ...   snr=+0.0dB [ber_drl]  snr=+2.0dB [ber_drl]  snr=+4.0dB [ber_drl]  snr=+6.0dB [ber_drl]  snr=+8.0dB [ber_drl]  snr=+10.0dB [ber_drl]  snr=+12.0dB [ber_drl]  snr=+14.0dB [ber_drl]  snr=+16.0dB [ber_drl]  snr=+18.0dB [ber_drl]  snr=+20.0dB [ber_drl]Done (6.92s)
Batch 1244/2000 (active points 11/11) [2h 25m 06s elapsed] ...   snr=+0.0dB [ber_drl]  snr=+2.0dB [ber_drl]  snr=+4.0dB [ber_drl]  snr=+6.0dB [ber_drl]  snr=+8.0dB [ber_drl]  snr=+10.0dB [ber_drl]  snr=+12.0dB [ber_drl]  snr=+14.0dB [ber_drl]  snr=+16.0dB [ber_drl]  snr=+18.0dB [ber_drl]  snr=+20.0dB [ber_drl]Done (7.02s)
Batch 1245/2000 (active points 11/11) [2h 25m 13s elapsed] ...   snr=+0.0dB [ber_drl]  snr=+2.0dB [ber_drl]  snr=+4.0dB [ber_drl]  snr=+6.0dB [ber_drl]  snr=+8.0dB [ber_drl]  snr=+10.0dB [ber_drl]  snr=+12.0dB [ber_drl]  snr=+14.0dB [ber_drl]  snr=+16.0dB [ber_drl]  snr=+18.0dB [ber_drl]  snr=+20.0dB [ber_drl]Done (6.97s)
Batch 1246/2000 (active points 11/11) [2h 25m 20s elapsed] ...   snr=+0.0dB [ber_drl]  snr=+2.0dB [ber_drl]  snr=+4.0dB [ber_drl]  snr=+6.0dB [ber_drl]  snr=+8.0dB [ber_drl]  snr=+10.0dB [ber_drl]  snr=+12.0dB [ber_drl]  snr=+14.0dB [ber_drl]  snr=+16.0dB [ber_drl]  snr=+18.0dB [ber_drl]  snr=+20.0dB [ber_drl]Done (7.01s)
Batch 1247/2000 (active points 11/11) [2h 25m 27s elapsed] ...   snr=+0.0dB [ber_drl]  snr=+2.0dB [ber_drl]  snr=+4.0dB [ber_drl]  snr=+6.0dB [ber_drl]  snr=+8.0dB [ber_drl]  snr=+10.0dB [ber_drl]  snr=+12.0dB [ber_drl]  snr=+14.0dB [ber_drl]  snr=+16.0dB [ber_drl]  snr=+18.0dB [ber_drl]  snr=+20.0dB [ber_drl]Done (6.95s)
Batch 1248/2000 (active points 11/11) [2h 25m 34s elapsed] ...   snr=+0.0dB [ber_drl]  snr=+2.0dB [ber_drl]  snr=+4.0dB [ber_drl]  snr=+6.0dB [ber_drl]  snr=+8.0dB [ber_drl]  snr=+10.0dB [ber_drl]  snr=+12.0dB [ber_drl]  snr=+14.0dB [ber_drl]  snr=+16.0dB [ber_drl]  snr=+18.0dB [ber_drl]  snr=+20.0dB [ber_drl]Done (7.03s)
Batch 1249/2000 (active points 11/11) [2h 25m 41s elapsed] ...   snr=+0.0dB [ber_drl]  snr=+2.0dB [ber_drl]  snr=+4.0dB [ber_drl]  snr=+6.0dB [ber_drl]  snr=+8.0dB [ber_drl]  snr=+10.0dB [ber_drl]  snr=+12.0dB [ber_drl]  snr=+14.0dB [ber_drl]  snr=+16.0dB [ber_drl]  snr=+18.0dB [ber_drl]  snr=+20.0dB [ber_drl]Done (6.98s)
Batch 1250/2000 (active points 11/11) [2h 25m 48s elapsed] ...   snr=+0.0dB [ber_drl]  snr=+2.0dB [ber_drl]  snr=+4.0dB [ber_drl]  snr=+6.0dB [ber_drl]  snr=+8.0dB [ber_drl]  snr=+10.0dB [ber_drl]  snr=+12.0dB [ber_drl]  snr=+14.0dB [ber_drl]  snr=+16.0dB [ber_drl]  snr=+18.0dB [ber_drl]  snr=+20.0dB [ber_drl]Done (7.03s)
Batch 1251/2000 (active points 11/11) [2h 25m 55s elapsed] ...   snr=+0.0dB [ber_drl]  snr=+2.0dB [ber_drl]  snr=+4.0dB [ber_drl]  snr=+6.0dB [ber_drl]  snr=+8.0dB [ber_drl]  snr=+10.0dB [ber_drl]  snr=+12.0dB [ber_drl]  snr=+14.0dB [ber_drl]  snr=+16.0dB [ber_drl]  snr=+18.0dB [ber_drl]  snr=+20.0dB [ber_drl]Done (6.92s)
Batch 1252/2000 (active points 11/11) [2h 26m 02s elapsed] ...   snr=+0.0dB [ber_drl]  snr=+2.0dB [ber_drl]  snr=+4.0dB [ber_drl]  snr=+6.0dB [ber_drl]  snr=+8.0dB [ber_drl]  snr=+10.0dB [ber_drl]  snr=+12.0dB [ber_drl]  snr=+14.0dB [ber_drl]  snr=+16.0dB [ber_drl]  snr=+18.0dB [ber_drl]  snr=+20.0dB [ber_drl]Done (6.99s)
Batch 1253/2000 (active points 11/11) [2h 26m 09s elapsed] ...   snr=+0.0dB [ber_drl]  snr=+2.0dB [ber_drl]  snr=+4.0dB [ber_drl]  snr=+6.0dB [ber_drl]  snr=+8.0dB [ber_drl]  snr=+10.0dB [ber_drl]  snr=+12.0dB [ber_drl]  snr=+14.0dB [ber_drl]  snr=+16.0dB [ber_drl]  snr=+18.0dB [ber_drl]  snr=+20.0dB [ber_drl]Done (7.02s)
Batch 1254/2000 (active points 11/11) [2h 26m 16s elapsed] ...   snr=+0.0dB [ber_drl]  snr=+2.0dB [ber_drl]  snr=+4.0dB [ber_drl]  snr=+6.0dB [ber_drl]  snr=+8.0dB [ber_drl]  snr=+10.0dB [ber_drl]  snr=+12.0dB [ber_drl]  snr=+14.0dB [ber_drl]  snr=+16.0dB [ber_drl]  snr=+18.0dB [ber_drl]  snr=+20.0dB [ber_drl]Done (6.98s)
Batch 1255/2000 (active points 11/11) [2h 26m 23s elapsed] ...   snr=+0.0dB [ber_drl]  snr=+2.0dB [ber_drl]  snr=+4.0dB [ber_drl]  snr=+6.0dB [ber_drl]  snr=+8.0dB [ber_drl]  snr=+10.0dB [ber_drl]  snr=+12.0dB [ber_drl]  snr=+14.0dB [ber_drl]  snr=+16.0dB [ber_drl]  snr=+18.0dB [ber_drl]  snr=+20.0dB [ber_drl]Done (7.01s)
Batch 1256/2000 (active points 11/11) [2h 26m 30s elapsed] ...   snr=+0.0dB [ber_drl]  snr=+2.0dB [ber_drl]  snr=+4.0dB [ber_drl]  snr=+6.0dB [ber_drl]  snr=+8.0dB [ber_drl]  snr=+10.0dB [ber_drl]  snr=+12.0dB [ber_drl]  snr=+14.0dB [ber_drl]  snr=+16.0dB [ber_drl]  snr=+18.0dB [ber_drl]  snr=+20.0dB [ber_drl]Done (7.04s)
Batch 1257/2000 (active points 11/11) [2h 26m 37s elapsed] ...   snr=+0.0dB [ber_drl]  snr=+2.0dB [ber_drl]  snr=+4.0dB [ber_drl]  snr=+6.0dB [ber_drl]  snr=+8.0dB [ber_drl]  snr=+10.0dB [ber_drl]  snr=+12.0dB [ber_drl]  snr=+14.0dB [ber_drl]  snr=+16.0dB [ber_drl]  snr=+18.0dB [ber_drl]  snr=+20.0dB [ber_drl]Done (7.02s)
Batch 1258/2000 (active points 11/11) [2h 26m 44s elapsed] ...   snr=+0.0dB [ber_drl]  snr=+2.0dB [ber_drl]  snr=+4.0dB [ber_drl]  snr=+6.0dB [ber_drl]  snr=+8.0dB [ber_drl]  snr=+10.0dB [ber_drl]  snr=+12.0dB [ber_drl]  snr=+14.0dB [ber_drl]  snr=+16.0dB [ber_drl]  snr=+18.0dB [ber_drl]  snr=+20.0dB [ber_drl]Done (7.02s)
Batch 1259/2000 (active points 11/11) [2h 26m 51s elapsed] ...   snr=+0.0dB [ber_drl]  snr=+2.0dB [ber_drl]  snr=+4.0dB [ber_drl]  snr=+6.0dB [ber_drl]  snr=+8.0dB [ber_drl]  snr=+10.0dB [ber_drl]  snr=+12.0dB [ber_drl]  snr=+14.0dB [ber_drl]  snr=+16.0dB [ber_drl]  snr=+18.0dB [ber_drl]  snr=+20.0dB [ber_drl]Done (7.02s)
Batch 1260/2000 (active points 11/11) [2h 26m 58s elapsed] ...   snr=+0.0dB [ber_drl]  snr=+2.0dB [ber_drl]  snr=+4.0dB [ber_drl]  snr=+6.0dB [ber_drl]  snr=+8.0dB [ber_drl]  snr=+10.0dB [ber_drl]  snr=+12.0dB [ber_drl]  snr=+14.0dB [ber_drl]  snr=+16.0dB [ber_drl]  snr=+18.0dB [ber_drl]  snr=+20.0dB [ber_drl]Done (7.01s)
Batch 1261/2000 (active points 11/11) [2h 27m 05s elapsed] ...   snr=+0.0dB [ber_drl]  snr=+2.0dB [ber_drl]  snr=+4.0dB [ber_drl]  snr=+6.0dB [ber_drl]  snr=+8.0dB [ber_drl]  snr=+10.0dB [ber_drl]  snr=+12.0dB [ber_drl]  snr=+14.0dB [ber_drl]  snr=+16.0dB [ber_drl]  snr=+18.0dB [ber_drl]  snr=+20.0dB [ber_drl]Done (7.01s)
Batch 1262/2000 (active points 11/11) [2h 27m 12s elapsed] ...   snr=+0.0dB [ber_drl]  snr=+2.0dB [ber_drl]  snr=+4.0dB [ber_drl]  snr=+6.0dB [ber_drl]  snr=+8.0dB [ber_drl]  snr=+10.0dB [ber_drl]  snr=+12.0dB [ber_drl]  snr=+14.0dB [ber_drl]  snr=+16.0dB [ber_drl]  snr=+18.0dB [ber_drl]  snr=+20.0dB [ber_drl]Done (6.96s)
Batch 1263/2000 (active points 11/11) [2h 27m 19s elapsed] ...   snr=+0.0dB [ber_drl]  snr=+2.0dB [ber_drl]  snr=+4.0dB [ber_drl]  snr=+6.0dB [ber_drl]  snr=+8.0dB [ber_drl]  snr=+10.0dB [ber_drl]  snr=+12.0dB [ber_drl]  snr=+14.0dB [ber_drl]  snr=+16.0dB [ber_drl]  snr=+18.0dB [ber_drl]  snr=+20.0dB [ber_drl]Done (7.07s)
Batch 1264/2000 (active points 11/11) [2h 27m 26s elapsed] ...   snr=+0.0dB [ber_drl]  snr=+2.0dB [ber_drl]  snr=+4.0dB [ber_drl]  snr=+6.0dB [ber_drl]  snr=+8.0dB [ber_drl]  snr=+10.0dB [ber_drl]  snr=+12.0dB [ber_drl]  snr=+14.0dB [ber_drl]  snr=+16.0dB [ber_drl]  snr=+18.0dB [ber_drl]  snr=+20.0dB [ber_drl]Done (7.03s)
Batch 1265/2000 (active points 11/11) [2h 27m 33s elapsed] ...   snr=+0.0dB [ber_drl]  snr=+2.0dB [ber_drl]  snr=+4.0dB [ber_drl]  snr=+6.0dB [ber_drl]  snr=+8.0dB [ber_drl]  snr=+10.0dB [ber_drl]  snr=+12.0dB [ber_drl]  snr=+14.0dB [ber_drl]  snr=+16.0dB [ber_drl]  snr=+18.0dB [ber_drl]  snr=+20.0dB [ber_drl]Done (7.08s)
Batch 1266/2000 (active points 11/11) [2h 27m 41s elapsed] ...   snr=+0.0dB [ber_drl]  snr=+2.0dB [ber_drl]  snr=+4.0dB [ber_drl]  snr=+6.0dB [ber_drl]  snr=+8.0dB [ber_drl]  snr=+10.0dB [ber_drl]  snr=+12.0dB [ber_drl]  snr=+14.0dB [ber_drl]  snr=+16.0dB [ber_drl]  snr=+18.0dB [ber_drl]  snr=+20.0dB [ber_drl]Done (7.06s)
Batch 1267/2000 (active points 11/11) [2h 27m 48s elapsed] ...   snr=+0.0dB [ber_drl]  snr=+2.0dB [ber_drl]  snr=+4.0dB [ber_drl]  snr=+6.0dB [ber_drl]  snr=+8.0dB [ber_drl]  snr=+10.0dB [ber_drl]  snr=+12.0dB [ber_drl]  snr=+14.0dB [ber_drl]  snr=+16.0dB [ber_drl]  snr=+18.0dB [ber_drl]  snr=+20.0dB [ber_drl]Done (6.94s)
Batch 1268/2000 (active points 11/11) [2h 27m 55s elapsed] ...   snr=+0.0dB [ber_drl]  snr=+2.0dB [ber_drl]  snr=+4.0dB [ber_drl]  snr=+6.0dB [ber_drl]  snr=+8.0dB [ber_drl]  snr=+10.0dB [ber_drl]  snr=+12.0dB [ber_drl]  snr=+14.0dB [ber_drl]  snr=+16.0dB [ber_drl]  snr=+18.0dB [ber_drl]  snr=+20.0dB [ber_drl]Done (7.03s)
Batch 1269/2000 (active points 11/11) [2h 28m 02s elapsed] ...   snr=+0.0dB [ber_drl]  snr=+2.0dB [ber_drl]  snr=+4.0dB [ber_drl]  snr=+6.0dB [ber_drl]  snr=+8.0dB [ber_drl]  snr=+10.0dB [ber_drl]  snr=+12.0dB [ber_drl]  snr=+14.0dB [ber_drl]  snr=+16.0dB [ber_drl]  snr=+18.0dB [ber_drl]  snr=+20.0dB [ber_drl]Done (7.05s)
Batch 1270/2000 (active points 11/11) [2h 28m 09s elapsed] ...   snr=+0.0dB [ber_drl]  snr=+2.0dB [ber_drl]  snr=+4.0dB [ber_drl]  snr=+6.0dB [ber_drl]  snr=+8.0dB [ber_drl]  snr=+10.0dB [ber_drl]  snr=+12.0dB [ber_drl]  snr=+14.0dB [ber_drl]  snr=+16.0dB [ber_drl]  snr=+18.0dB [ber_drl]  snr=+20.0dB [ber_drl]Done (7.03s)
Batch 1271/2000 (active points 11/11) [2h 28m 16s elapsed] ...   snr=+0.0dB [ber_drl]  snr=+2.0dB [ber_drl]  snr=+4.0dB [ber_drl]  snr=+6.0dB [ber_drl]  snr=+8.0dB [ber_drl]  snr=+10.0dB [ber_drl]  snr=+12.0dB [ber_drl]  snr=+14.0dB [ber_drl]  snr=+16.0dB [ber_drl]  snr=+18.0dB [ber_drl]  snr=+20.0dB [ber_drl]Done (6.93s)
Batch 1272/2000 (active points 11/11) [2h 28m 23s elapsed] ...   snr=+0.0dB [ber_drl]  snr=+2.0dB [ber_drl]  snr=+4.0dB [ber_drl]  snr=+6.0dB [ber_drl]  snr=+8.0dB [ber_drl]  snr=+10.0dB [ber_drl]  snr=+12.0dB [ber_drl]  snr=+14.0dB [ber_drl]  snr=+16.0dB [ber_drl]  snr=+18.0dB [ber_drl]  snr=+20.0dB [ber_drl]Done (7.04s)
Batch 1273/2000 (active points 11/11) [2h 28m 30s elapsed] ...   snr=+0.0dB [ber_drl]  snr=+2.0dB [ber_drl]  snr=+4.0dB [ber_drl]  snr=+6.0dB [ber_drl]  snr=+8.0dB [ber_drl]  snr=+10.0dB [ber_drl]  snr=+12.0dB [ber_drl]  snr=+14.0dB [ber_drl]  snr=+16.0dB [ber_drl]  snr=+18.0dB [ber_drl]  snr=+20.0dB [ber_drl]Done (7.06s)
Batch 1274/2000 (active points 11/11) [2h 28m 37s elapsed] ...   snr=+0.0dB [ber_drl]  snr=+2.0dB [ber_drl]  snr=+4.0dB [ber_drl]  snr=+6.0dB [ber_drl]  snr=+8.0dB [ber_drl]  snr=+10.0dB [ber_drl]  snr=+12.0dB [ber_drl]  snr=+14.0dB [ber_drl]  snr=+16.0dB [ber_drl]  snr=+18.0dB [ber_drl]  snr=+20.0dB [ber_drl]Done (7.03s)
Batch 1275/2000 (active points 11/11) [2h 28m 44s elapsed] ...   snr=+0.0dB [ber_drl]  snr=+2.0dB [ber_drl]  snr=+4.0dB [ber_drl]  snr=+6.0dB [ber_drl]  snr=+8.0dB [ber_drl]  snr=+10.0dB [ber_drl]  snr=+12.0dB [ber_drl]  snr=+14.0dB [ber_drl]  snr=+16.0dB [ber_drl]  snr=+18.0dB [ber_drl]  snr=+20.0dB [ber_drl]Done (7.00s)
Batch 1276/2000 (active points 11/11) [2h 28m 51s elapsed] ...   snr=+0.0dB [ber_drl]  snr=+2.0dB [ber_drl]  snr=+4.0dB [ber_drl]  snr=+6.0dB [ber_drl]  snr=+8.0dB [ber_drl]  snr=+10.0dB [ber_drl]  snr=+12.0dB [ber_drl]  snr=+14.0dB [ber_drl]  snr=+16.0dB [ber_drl]  snr=+18.0dB [ber_drl]  snr=+20.0dB [ber_drl]Done (6.98s)
Batch 1277/2000 (active points 11/11) [2h 28m 58s elapsed] ...   snr=+0.0dB [ber_drl]  snr=+2.0dB [ber_drl]  snr=+4.0dB [ber_drl]  snr=+6.0dB [ber_drl]  snr=+8.0dB [ber_drl]  snr=+10.0dB [ber_drl]  snr=+12.0dB [ber_drl]  snr=+14.0dB [ber_drl]  snr=+16.0dB [ber_drl]  snr=+18.0dB [ber_drl]  snr=+20.0dB [ber_drl]Done (7.02s)
Batch 1278/2000 (active points 11/11) [2h 29m 05s elapsed] ...   snr=+0.0dB [ber_drl]  snr=+2.0dB [ber_drl]  snr=+4.0dB [ber_drl]  snr=+6.0dB [ber_drl]  snr=+8.0dB [ber_drl]  snr=+10.0dB [ber_drl]  snr=+12.0dB [ber_drl]  snr=+14.0dB [ber_drl]  snr=+16.0dB [ber_drl]  snr=+18.0dB [ber_drl]  snr=+20.0dB [ber_drl]Done (7.13s)
Batch 1279/2000 (active points 11/11) [2h 29m 12s elapsed] ...   snr=+0.0dB [ber_drl]  snr=+2.0dB [ber_drl]  snr=+4.0dB [ber_drl]  snr=+6.0dB [ber_drl]  snr=+8.0dB [ber_drl]  snr=+10.0dB [ber_drl]  snr=+12.0dB [ber_drl]  snr=+14.0dB [ber_drl]  snr=+16.0dB [ber_drl]  snr=+18.0dB [ber_drl]  snr=+20.0dB [ber_drl]Done (6.92s)
Batch 1280/2000 (active points 11/11) [2h 29m 19s elapsed] ...   snr=+0.0dB [ber_drl]  snr=+2.0dB [ber_drl]  snr=+4.0dB [ber_drl]  snr=+6.0dB [ber_drl]  snr=+8.0dB [ber_drl]  snr=+10.0dB [ber_drl]  snr=+12.0dB [ber_drl]  snr=+14.0dB [ber_drl]  snr=+16.0dB [ber_drl]  snr=+18.0dB [ber_drl]  snr=+20.0dB [ber_drl]Done (6.98s)
Batch 1281/2000 (active points 11/11) [2h 29m 26s elapsed] ...   snr=+0.0dB [ber_drl]  snr=+2.0dB [ber_drl]  snr=+4.0dB [ber_drl]  snr=+6.0dB [ber_drl]  snr=+8.0dB [ber_drl]  snr=+10.0dB [ber_drl]  snr=+12.0dB [ber_drl]  snr=+14.0dB [ber_drl]  snr=+16.0dB [ber_drl]  snr=+18.0dB [ber_drl]  snr=+20.0dB [ber_drl]Done (7.14s)
Batch 1282/2000 (active points 11/11) [2h 29m 33s elapsed] ...   snr=+0.0dB [ber_drl]  snr=+2.0dB [ber_drl]  snr=+4.0dB [ber_drl]  snr=+6.0dB [ber_drl]  snr=+8.0dB [ber_drl]  snr=+10.0dB [ber_drl]  snr=+12.0dB [ber_drl]  snr=+14.0dB [ber_drl]  snr=+16.0dB [ber_drl]  snr=+18.0dB [ber_drl]  snr=+20.0dB [ber_drl]Done (7.03s)
Batch 1283/2000 (active points 11/11) [2h 29m 40s elapsed] ...   snr=+0.0dB [ber_drl]  snr=+2.0dB [ber_drl]  snr=+4.0dB [ber_drl]  snr=+6.0dB [ber_drl]  snr=+8.0dB [ber_drl]  snr=+10.0dB [ber_drl]  snr=+12.0dB [ber_drl]  snr=+14.0dB [ber_drl]  snr=+16.0dB [ber_drl]  snr=+18.0dB [ber_drl]  snr=+20.0dB [ber_drl]Done (6.95s)
Batch 1284/2000 (active points 11/11) [2h 29m 47s elapsed] ...   snr=+0.0dB [ber_drl]  snr=+2.0dB [ber_drl]  snr=+4.0dB [ber_drl]  snr=+6.0dB [ber_drl]  snr=+8.0dB [ber_drl]  snr=+10.0dB [ber_drl]  snr=+12.0dB [ber_drl]  snr=+14.0dB [ber_drl]  snr=+16.0dB [ber_drl]  snr=+18.0dB [ber_drl]  snr=+20.0dB [ber_drl]Done (7.11s)
Batch 1285/2000 (active points 11/11) [2h 29m 54s elapsed] ...   snr=+0.0dB [ber_drl]  snr=+2.0dB [ber_drl]  snr=+4.0dB [ber_drl]  snr=+6.0dB [ber_drl]  snr=+8.0dB [ber_drl]  snr=+10.0dB [ber_drl]  snr=+12.0dB [ber_drl]  snr=+14.0dB [ber_drl]  snr=+16.0dB [ber_drl]  snr=+18.0dB [ber_drl]  snr=+20.0dB [ber_drl]Done (7.02s)
Batch 1286/2000 (active points 11/11) [2h 30m 01s elapsed] ...   snr=+0.0dB [ber_drl]  snr=+2.0dB [ber_drl]  snr=+4.0dB [ber_drl]  snr=+6.0dB [ber_drl]  snr=+8.0dB [ber_drl]  snr=+10.0dB [ber_drl]  snr=+12.0dB [ber_drl]  snr=+14.0dB [ber_drl]  snr=+16.0dB [ber_drl]  snr=+18.0dB [ber_drl]  snr=+20.0dB [ber_drl]Done (6.99s)
Batch 1287/2000 (active points 11/11) [2h 30m 08s elapsed] ...   snr=+0.0dB [ber_drl]  snr=+2.0dB [ber_drl]  snr=+4.0dB [ber_drl]  snr=+6.0dB [ber_drl]  snr=+8.0dB [ber_drl]  snr=+10.0dB [ber_drl]  snr=+12.0dB [ber_drl]  snr=+14.0dB [ber_drl]  snr=+16.0dB [ber_drl]  snr=+18.0dB [ber_drl]  snr=+20.0dB [ber_drl]Done (7.01s)
Batch 1288/2000 (active points 11/11) [2h 30m 15s elapsed] ...   snr=+0.0dB [ber_drl]  snr=+2.0dB [ber_drl]  snr=+4.0dB [ber_drl]  snr=+6.0dB [ber_drl]  snr=+8.0dB [ber_drl]  snr=+10.0dB [ber_drl]  snr=+12.0dB [ber_drl]  snr=+14.0dB [ber_drl]  snr=+16.0dB [ber_drl]  snr=+18.0dB [ber_drl]  snr=+20.0dB [ber_drl]Done (6.97s)
Batch 1289/2000 (active points 11/11) [2h 30m 22s elapsed] ...   snr=+0.0dB [ber_drl]  snr=+2.0dB [ber_drl]  snr=+4.0dB [ber_drl]  snr=+6.0dB [ber_drl]  snr=+8.0dB [ber_drl]  snr=+10.0dB [ber_drl]  snr=+12.0dB [ber_drl]  snr=+14.0dB [ber_drl]  snr=+16.0dB [ber_drl]  snr=+18.0dB [ber_drl]  snr=+20.0dB [ber_drl]Done (7.03s)
Batch 1290/2000 (active points 11/11) [2h 30m 29s elapsed] ...   snr=+0.0dB [ber_drl]  snr=+2.0dB [ber_drl]  snr=+4.0dB [ber_drl]  snr=+6.0dB [ber_drl]  snr=+8.0dB [ber_drl]  snr=+10.0dB [ber_drl]  snr=+12.0dB [ber_drl]  snr=+14.0dB [ber_drl]  snr=+16.0dB [ber_drl]  snr=+18.0dB [ber_drl]  snr=+20.0dB [ber_drl]Done (7.03s)
Batch 1291/2000 (active points 11/11) [2h 30m 36s elapsed] ...   snr=+0.0dB [ber_drl]  snr=+2.0dB [ber_drl]  snr=+4.0dB [ber_drl]  snr=+6.0dB [ber_drl]  snr=+8.0dB [ber_drl]  snr=+10.0dB [ber_drl]  snr=+12.0dB [ber_drl]  snr=+14.0dB [ber_drl]  snr=+16.0dB [ber_drl]  snr=+18.0dB [ber_drl]  snr=+20.0dB [ber_drl]Done (7.03s)
Batch 1292/2000 (active points 11/11) [2h 30m 43s elapsed] ...   snr=+0.0dB [ber_drl]  snr=+2.0dB [ber_drl]  snr=+4.0dB [ber_drl]  snr=+6.0dB [ber_drl]  snr=+8.0dB [ber_drl]  snr=+10.0dB [ber_drl]  snr=+12.0dB [ber_drl]  snr=+14.0dB [ber_drl]  snr=+16.0dB [ber_drl]  snr=+18.0dB [ber_drl]  snr=+20.0dB [ber_drl]Done (6.98s)
Batch 1293/2000 (active points 11/11) [2h 30m 50s elapsed] ...   snr=+0.0dB [ber_drl]  snr=+2.0dB [ber_drl]  snr=+4.0dB [ber_drl]  snr=+6.0dB [ber_drl]  snr=+8.0dB [ber_drl]  snr=+10.0dB [ber_drl]  snr=+12.0dB [ber_drl]  snr=+14.0dB [ber_drl]  snr=+16.0dB [ber_drl]  snr=+18.0dB [ber_drl]  snr=+20.0dB [ber_drl]Done (7.01s)
Batch 1294/2000 (active points 11/11) [2h 30m 57s elapsed] ...   snr=+0.0dB [ber_drl]  snr=+2.0dB [ber_drl]  snr=+4.0dB [ber_drl]  snr=+6.0dB [ber_drl]  snr=+8.0dB [ber_drl]  snr=+10.0dB [ber_drl]  snr=+12.0dB [ber_drl]  snr=+14.0dB [ber_drl]  snr=+16.0dB [ber_drl]  snr=+18.0dB [ber_drl]  snr=+20.0dB [ber_drl]Done (7.02s)
Batch 1295/2000 (active points 11/11) [2h 31m 04s elapsed] ...   snr=+0.0dB [ber_drl]  snr=+2.0dB [ber_drl]  snr=+4.0dB [ber_drl]  snr=+6.0dB [ber_drl]  snr=+8.0dB [ber_drl]  snr=+10.0dB [ber_drl]  snr=+12.0dB [ber_drl]  snr=+14.0dB [ber_drl]  snr=+16.0dB [ber_drl]  snr=+18.0dB [ber_drl]  snr=+20.0dB [ber_drl]Done (6.94s)
Batch 1296/2000 (active points 11/11) [2h 31m 11s elapsed] ...   snr=+0.0dB [ber_drl]  snr=+2.0dB [ber_drl]  snr=+4.0dB [ber_drl]  snr=+6.0dB [ber_drl]  snr=+8.0dB [ber_drl]  snr=+10.0dB [ber_drl]  snr=+12.0dB [ber_drl]  snr=+14.0dB [ber_drl]  snr=+16.0dB [ber_drl]  snr=+18.0dB [ber_drl]  snr=+20.0dB [ber_drl]Done (7.01s)
Batch 1297/2000 (active points 11/11) [2h 31m 18s elapsed] ...   snr=+0.0dB [ber_drl]  snr=+2.0dB [ber_drl]  snr=+4.0dB [ber_drl]  snr=+6.0dB [ber_drl]  snr=+8.0dB [ber_drl]  snr=+10.0dB [ber_drl]  snr=+12.0dB [ber_drl]  snr=+14.0dB [ber_drl]  snr=+16.0dB [ber_drl]  snr=+18.0dB [ber_drl]  snr=+20.0dB [ber_drl]Done (7.00s)
Batch 1298/2000 (active points 11/11) [2h 31m 25s elapsed] ...   snr=+0.0dB [ber_drl]  snr=+2.0dB [ber_drl]  snr=+4.0dB [ber_drl]  snr=+6.0dB [ber_drl]  snr=+8.0dB [ber_drl]  snr=+10.0dB [ber_drl]  snr=+12.0dB [ber_drl]  snr=+14.0dB [ber_drl]  snr=+16.0dB [ber_drl]  snr=+18.0dB [ber_drl]  snr=+20.0dB [ber_drl]Done (6.99s)
Batch 1299/2000 (active points 11/11) [2h 31m 32s elapsed] ...   snr=+0.0dB [ber_drl]  snr=+2.0dB [ber_drl]  snr=+4.0dB [ber_drl]  snr=+6.0dB [ber_drl]  snr=+8.0dB [ber_drl]  snr=+10.0dB [ber_drl]  snr=+12.0dB [ber_drl]  snr=+14.0dB [ber_drl]  snr=+16.0dB [ber_drl]  snr=+18.0dB [ber_drl]  snr=+20.0dB [ber_drl]Done (6.91s)
Batch 1300/2000 (active points 11/11) [2h 31m 39s elapsed] ...   snr=+0.0dB [ber_drl]  snr=+2.0dB [ber_drl]  snr=+4.0dB [ber_drl]  snr=+6.0dB [ber_drl]  snr=+8.0dB [ber_drl]  snr=+10.0dB [ber_drl]  snr=+12.0dB [ber_drl]  snr=+14.0dB [ber_drl]  snr=+16.0dB [ber_drl]  snr=+18.0dB [ber_drl]  snr=+20.0dB [ber_drl]Done (7.00s)
Batch 1301/2000 (active points 11/11) [2h 31m 46s elapsed] ...   snr=+0.0dB [ber_drl]  snr=+2.0dB [ber_drl]  snr=+4.0dB [ber_drl]  snr=+6.0dB [ber_drl]  snr=+8.0dB [ber_drl]  snr=+10.0dB [ber_drl]  snr=+12.0dB [ber_drl]  snr=+14.0dB [ber_drl]  snr=+16.0dB [ber_drl]  snr=+18.0dB [ber_drl]  snr=+20.0dB [ber_drl]Done (7.00s)
Batch 1302/2000 (active points 11/11) [2h 31m 53s elapsed] ...   snr=+0.0dB [ber_drl]  snr=+2.0dB [ber_drl]  snr=+4.0dB [ber_drl]  snr=+6.0dB [ber_drl]  snr=+8.0dB [ber_drl]  snr=+10.0dB [ber_drl]  snr=+12.0dB [ber_drl]  snr=+14.0dB [ber_drl]  snr=+16.0dB [ber_drl]  snr=+18.0dB [ber_drl]  snr=+20.0dB [ber_drl]Done (6.99s)
Batch 1303/2000 (active points 11/11) [2h 32m 00s elapsed] ...   snr=+0.0dB [ber_drl]  snr=+2.0dB [ber_drl]  snr=+4.0dB [ber_drl]  snr=+6.0dB [ber_drl]  snr=+8.0dB [ber_drl]  snr=+10.0dB [ber_drl]  snr=+12.0dB [ber_drl]  snr=+14.0dB [ber_drl]  snr=+16.0dB [ber_drl]  snr=+18.0dB [ber_drl]  snr=+20.0dB [ber_drl]Done (6.95s)
Batch 1304/2000 (active points 11/11) [2h 32m 07s elapsed] ...   snr=+0.0dB [ber_drl]  snr=+2.0dB [ber_drl]  snr=+4.0dB [ber_drl]  snr=+6.0dB [ber_drl]  snr=+8.0dB [ber_drl]  snr=+10.0dB [ber_drl]  snr=+12.0dB [ber_drl]  snr=+14.0dB [ber_drl]  snr=+16.0dB [ber_drl]  snr=+18.0dB [ber_drl]  snr=+20.0dB [ber_drl]Done (7.01s)
Batch 1305/2000 (active points 11/11) [2h 32m 14s elapsed] ...   snr=+0.0dB [ber_drl]  snr=+2.0dB [ber_drl]  snr=+4.0dB [ber_drl]  snr=+6.0dB [ber_drl]  snr=+8.0dB [ber_drl]  snr=+10.0dB [ber_drl]  snr=+12.0dB [ber_drl]  snr=+14.0dB [ber_drl]  snr=+16.0dB [ber_drl]  snr=+18.0dB [ber_drl]  snr=+20.0dB [ber_drl]Done (7.03s)
Batch 1306/2000 (active points 11/11) [2h 32m 21s elapsed] ...   snr=+0.0dB [ber_drl]  snr=+2.0dB [ber_drl]  snr=+4.0dB [ber_drl]  snr=+6.0dB [ber_drl]  snr=+8.0dB [ber_drl]  snr=+10.0dB [ber_drl]  snr=+12.0dB [ber_drl]  snr=+14.0dB [ber_drl]  snr=+16.0dB [ber_drl]  snr=+18.0dB [ber_drl]  snr=+20.0dB [ber_drl]Done (7.11s)
Batch 1307/2000 (active points 11/11) [2h 32m 28s elapsed] ...   snr=+0.0dB [ber_drl]  snr=+2.0dB [ber_drl]  snr=+4.0dB [ber_drl]  snr=+6.0dB [ber_drl]  snr=+8.0dB [ber_drl]  snr=+10.0dB [ber_drl]  snr=+12.0dB [ber_drl]  snr=+14.0dB [ber_drl]  snr=+16.0dB [ber_drl]  snr=+18.0dB [ber_drl]  snr=+20.0dB [ber_drl]Done (6.96s)
Batch 1308/2000 (active points 11/11) [2h 32m 35s elapsed] ...   snr=+0.0dB [ber_drl]  snr=+2.0dB [ber_drl]  snr=+4.0dB [ber_drl]  snr=+6.0dB [ber_drl]  snr=+8.0dB [ber_drl]  snr=+10.0dB [ber_drl]  snr=+12.0dB [ber_drl]  snr=+14.0dB [ber_drl]  snr=+16.0dB [ber_drl]  snr=+18.0dB [ber_drl]  snr=+20.0dB [ber_drl]Done (7.01s)
Batch 1309/2000 (active points 11/11) [2h 32m 42s elapsed] ...   snr=+0.0dB [ber_drl]  snr=+2.0dB [ber_drl]  snr=+4.0dB [ber_drl]  snr=+6.0dB [ber_drl]  snr=+8.0dB [ber_drl]  snr=+10.0dB [ber_drl]  snr=+12.0dB [ber_drl]  snr=+14.0dB [ber_drl]  snr=+16.0dB [ber_drl]  snr=+18.0dB [ber_drl]  snr=+20.0dB [ber_drl]Done (7.01s)
Batch 1310/2000 (active points 11/11) [2h 32m 49s elapsed] ...   snr=+0.0dB [ber_drl]  snr=+2.0dB [ber_drl]  snr=+4.0dB [ber_drl]  snr=+6.0dB [ber_drl]  snr=+8.0dB [ber_drl]  snr=+10.0dB [ber_drl]  snr=+12.0dB [ber_drl]  snr=+14.0dB [ber_drl]  snr=+16.0dB [ber_drl]  snr=+18.0dB [ber_drl]  snr=+20.0dB [ber_drl]Done (7.02s)
Batch 1311/2000 (active points 11/11) [2h 32m 56s elapsed] ...   snr=+0.0dB [ber_drl]  snr=+2.0dB [ber_drl]  snr=+4.0dB [ber_drl]  snr=+6.0dB [ber_drl]  snr=+8.0dB [ber_drl]  snr=+10.0dB [ber_drl]  snr=+12.0dB [ber_drl]  snr=+14.0dB [ber_drl]  snr=+16.0dB [ber_drl]  snr=+18.0dB [ber_drl]  snr=+20.0dB [ber_drl]Done (7.00s)
Batch 1312/2000 (active points 11/11) [2h 33m 03s elapsed] ...   snr=+0.0dB [ber_drl]  snr=+2.0dB [ber_drl]  snr=+4.0dB [ber_drl]  snr=+6.0dB [ber_drl]  snr=+8.0dB [ber_drl]  snr=+10.0dB [ber_drl]  snr=+12.0dB [ber_drl]  snr=+14.0dB [ber_drl]  snr=+16.0dB [ber_drl]  snr=+18.0dB [ber_drl]  snr=+20.0dB [ber_drl]Done (7.01s)
Batch 1313/2000 (active points 11/11) [2h 33m 10s elapsed] ...   snr=+0.0dB [ber_drl]  snr=+2.0dB [ber_drl]  snr=+4.0dB [ber_drl]  snr=+6.0dB [ber_drl]  snr=+8.0dB [ber_drl]  snr=+10.0dB [ber_drl]  snr=+12.0dB [ber_drl]  snr=+14.0dB [ber_drl]  snr=+16.0dB [ber_drl]  snr=+18.0dB [ber_drl]  snr=+20.0dB [ber_drl]Done (7.01s)
Batch 1314/2000 (active points 11/11) [2h 33m 17s elapsed] ...   snr=+0.0dB [ber_drl]  snr=+2.0dB [ber_drl]  snr=+4.0dB [ber_drl]  snr=+6.0dB [ber_drl]  snr=+8.0dB [ber_drl]  snr=+10.0dB [ber_drl]  snr=+12.0dB [ber_drl]  snr=+14.0dB [ber_drl]  snr=+16.0dB [ber_drl]  snr=+18.0dB [ber_drl]  snr=+20.0dB [ber_drl]Done (7.04s)
Batch 1315/2000 (active points 11/11) [2h 33m 24s elapsed] ...   snr=+0.0dB [ber_drl]  snr=+2.0dB [ber_drl]  snr=+4.0dB [ber_drl]  snr=+6.0dB [ber_drl]  snr=+8.0dB [ber_drl]  snr=+10.0dB [ber_drl]  snr=+12.0dB [ber_drl]  snr=+14.0dB [ber_drl]  snr=+16.0dB [ber_drl]  snr=+18.0dB [ber_drl]  snr=+20.0dB [ber_drl]Done (6.95s)
Batch 1316/2000 (active points 11/11) [2h 33m 31s elapsed] ...   snr=+0.0dB [ber_drl]  snr=+2.0dB [ber_drl]  snr=+4.0dB [ber_drl]  snr=+6.0dB [ber_drl]  snr=+8.0dB [ber_drl]  snr=+10.0dB [ber_drl]  snr=+12.0dB [ber_drl]  snr=+14.0dB [ber_drl]  snr=+16.0dB [ber_drl]  snr=+18.0dB [ber_drl]  snr=+20.0dB [ber_drl]Done (7.00s)
Batch 1317/2000 (active points 11/11) [2h 33m 38s elapsed] ...   snr=+0.0dB [ber_drl]  snr=+2.0dB [ber_drl]  snr=+4.0dB [ber_drl]  snr=+6.0dB [ber_drl]  snr=+8.0dB [ber_drl]  snr=+10.0dB [ber_drl]  snr=+12.0dB [ber_drl]  snr=+14.0dB [ber_drl]  snr=+16.0dB [ber_drl]  snr=+18.0dB [ber_drl]  snr=+20.0dB [ber_drl]Done (7.05s)
Batch 1318/2000 (active points 11/11) [2h 33m 45s elapsed] ...   snr=+0.0dB [ber_drl]  snr=+2.0dB [ber_drl]  snr=+4.0dB [ber_drl]  snr=+6.0dB [ber_drl]  snr=+8.0dB [ber_drl]  snr=+10.0dB [ber_drl]  snr=+12.0dB [ber_drl]  snr=+14.0dB [ber_drl]  snr=+16.0dB [ber_drl]  snr=+18.0dB [ber_drl]  snr=+20.0dB [ber_drl]Done (7.11s)
Batch 1319/2000 (active points 11/11) [2h 33m 52s elapsed] ...   snr=+0.0dB [ber_drl]  snr=+2.0dB [ber_drl]  snr=+4.0dB [ber_drl]  snr=+6.0dB [ber_drl]  snr=+8.0dB [ber_drl]  snr=+10.0dB [ber_drl]  snr=+12.0dB [ber_drl]  snr=+14.0dB [ber_drl]  snr=+16.0dB [ber_drl]  snr=+18.0dB [ber_drl]  snr=+20.0dB [ber_drl]Done (7.00s)
Batch 1320/2000 (active points 11/11) [2h 33m 59s elapsed] ...   snr=+0.0dB [ber_drl]  snr=+2.0dB [ber_drl]  snr=+4.0dB [ber_drl]  snr=+6.0dB [ber_drl]  snr=+8.0dB [ber_drl]  snr=+10.0dB [ber_drl]  snr=+12.0dB [ber_drl]  snr=+14.0dB [ber_drl]  snr=+16.0dB [ber_drl]  snr=+18.0dB [ber_drl]  snr=+20.0dB [ber_drl]Done (6.99s)
Batch 1321/2000 (active points 11/11) [2h 34m 06s elapsed] ...   snr=+0.0dB [ber_drl]  snr=+2.0dB [ber_drl]  snr=+4.0dB [ber_drl]  snr=+6.0dB [ber_drl]  snr=+8.0dB [ber_drl]  snr=+10.0dB [ber_drl]  snr=+12.0dB [ber_drl]  snr=+14.0dB [ber_drl]  snr=+16.0dB [ber_drl]  snr=+18.0dB [ber_drl]  snr=+20.0dB [ber_drl]Done (7.02s)
Batch 1322/2000 (active points 11/11) [2h 34m 13s elapsed] ...   snr=+0.0dB [ber_drl]  snr=+2.0dB [ber_drl]  snr=+4.0dB [ber_drl]  snr=+6.0dB [ber_drl]  snr=+8.0dB [ber_drl]  snr=+10.0dB [ber_drl]  snr=+12.0dB [ber_drl]  snr=+14.0dB [ber_drl]  snr=+16.0dB [ber_drl]  snr=+18.0dB [ber_drl]  snr=+20.0dB [ber_drl]Done (7.04s)
Batch 1323/2000 (active points 11/11) [2h 34m 20s elapsed] ...   snr=+0.0dB [ber_drl]  snr=+2.0dB [ber_drl]  snr=+4.0dB [ber_drl]  snr=+6.0dB [ber_drl]  snr=+8.0dB [ber_drl]  snr=+10.0dB [ber_drl]  snr=+12.0dB [ber_drl]  snr=+14.0dB [ber_drl]  snr=+16.0dB [ber_drl]  snr=+18.0dB [ber_drl]  snr=+20.0dB [ber_drl]Done (7.04s)
Batch 1324/2000 (active points 11/11) [2h 34m 27s elapsed] ...   snr=+0.0dB [ber_drl]  snr=+2.0dB [ber_drl]  snr=+4.0dB [ber_drl]  snr=+6.0dB [ber_drl]  snr=+8.0dB [ber_drl]  snr=+10.0dB [ber_drl]  snr=+12.0dB [ber_drl]  snr=+14.0dB [ber_drl]  snr=+16.0dB [ber_drl]  snr=+18.0dB [ber_drl]  snr=+20.0dB [ber_drl]Done (6.95s)
Batch 1325/2000 (active points 11/11) [2h 34m 34s elapsed] ...   snr=+0.0dB [ber_drl]  snr=+2.0dB [ber_drl]  snr=+4.0dB [ber_drl]  snr=+6.0dB [ber_drl]  snr=+8.0dB [ber_drl]  snr=+10.0dB [ber_drl]  snr=+12.0dB [ber_drl]  snr=+14.0dB [ber_drl]  snr=+16.0dB [ber_drl]  snr=+18.0dB [ber_drl]  snr=+20.0dB [ber_drl]Done (7.02s)
Batch 1326/2000 (active points 11/11) [2h 34m 41s elapsed] ...   snr=+0.0dB [ber_drl]  snr=+2.0dB [ber_drl]  snr=+4.0dB [ber_drl]  snr=+6.0dB [ber_drl]  snr=+8.0dB [ber_drl]  snr=+10.0dB [ber_drl]  snr=+12.0dB [ber_drl]  snr=+14.0dB [ber_drl]  snr=+16.0dB [ber_drl]  snr=+18.0dB [ber_drl]  snr=+20.0dB [ber_drl]Done (7.04s)
Batch 1327/2000 (active points 11/11) [2h 34m 48s elapsed] ...   snr=+0.0dB [ber_drl]  snr=+2.0dB [ber_drl]  snr=+4.0dB [ber_drl]  snr=+6.0dB [ber_drl]  snr=+8.0dB [ber_drl]  snr=+10.0dB [ber_drl]  snr=+12.0dB [ber_drl]  snr=+14.0dB [ber_drl]  snr=+16.0dB [ber_drl]  snr=+18.0dB [ber_drl]  snr=+20.0dB [ber_drl]Done (6.99s)
Batch 1328/2000 (active points 11/11) [2h 34m 55s elapsed] ...   snr=+0.0dB [ber_drl]  snr=+2.0dB [ber_drl]  snr=+4.0dB [ber_drl]  snr=+6.0dB [ber_drl]  snr=+8.0dB [ber_drl]  snr=+10.0dB [ber_drl]  snr=+12.0dB [ber_drl]  snr=+14.0dB [ber_drl]  snr=+16.0dB [ber_drl]  snr=+18.0dB [ber_drl]  snr=+20.0dB [ber_drl]Done (6.94s)
Batch 1329/2000 (active points 11/11) [2h 35m 02s elapsed] ...   snr=+0.0dB [ber_drl]  snr=+2.0dB [ber_drl]  snr=+4.0dB [ber_drl]  snr=+6.0dB [ber_drl]  snr=+8.0dB [ber_drl]  snr=+10.0dB [ber_drl]  snr=+12.0dB [ber_drl]  snr=+14.0dB [ber_drl]  snr=+16.0dB [ber_drl]  snr=+18.0dB [ber_drl]  snr=+20.0dB [ber_drl]Done (6.99s)
Batch 1330/2000 (active points 11/11) [2h 35m 09s elapsed] ...   snr=+0.0dB [ber_drl]  snr=+2.0dB [ber_drl]  snr=+4.0dB [ber_drl]  snr=+6.0dB [ber_drl]  snr=+8.0dB [ber_drl]  snr=+10.0dB [ber_drl]  snr=+12.0dB [ber_drl]  snr=+14.0dB [ber_drl]  snr=+16.0dB [ber_drl]  snr=+18.0dB [ber_drl]  snr=+20.0dB [ber_drl]Done (7.02s)
Batch 1331/2000 (active points 11/11) [2h 35m 16s elapsed] ...   snr=+0.0dB [ber_drl]  snr=+2.0dB [ber_drl]  snr=+4.0dB [ber_drl]  snr=+6.0dB [ber_drl]  snr=+8.0dB [ber_drl]  snr=+10.0dB [ber_drl]  snr=+12.0dB [ber_drl]  snr=+14.0dB [ber_drl]  snr=+16.0dB [ber_drl]  snr=+18.0dB [ber_drl]  snr=+20.0dB [ber_drl]Done (6.94s)
Batch 1332/2000 (active points 11/11) [2h 35m 23s elapsed] ...   snr=+0.0dB [ber_drl]  snr=+2.0dB [ber_drl]  snr=+4.0dB [ber_drl]  snr=+6.0dB [ber_drl]  snr=+8.0dB [ber_drl]  snr=+10.0dB [ber_drl]  snr=+12.0dB [ber_drl]  snr=+14.0dB [ber_drl]  snr=+16.0dB [ber_drl]  snr=+18.0dB [ber_drl]  snr=+20.0dB [ber_drl]Done (7.02s)
Batch 1333/2000 (active points 11/11) [2h 35m 30s elapsed] ...   snr=+0.0dB [ber_drl]  snr=+2.0dB [ber_drl]  snr=+4.0dB [ber_drl]  snr=+6.0dB [ber_drl]  snr=+8.0dB [ber_drl]  snr=+10.0dB [ber_drl]  snr=+12.0dB [ber_drl]  snr=+14.0dB [ber_drl]  snr=+16.0dB [ber_drl]  snr=+18.0dB [ber_drl]  snr=+20.0dB [ber_drl]Done (7.01s)
Batch 1334/2000 (active points 11/11) [2h 35m 37s elapsed] ...   snr=+0.0dB [ber_drl]  snr=+2.0dB [ber_drl]  snr=+4.0dB [ber_drl]  snr=+6.0dB [ber_drl]  snr=+8.0dB [ber_drl]  snr=+10.0dB [ber_drl]  snr=+12.0dB [ber_drl]  snr=+14.0dB [ber_drl]  snr=+16.0dB [ber_drl]  snr=+18.0dB [ber_drl]  snr=+20.0dB [ber_drl]Done (7.04s)
Batch 1335/2000 (active points 11/11) [2h 35m 44s elapsed] ...   snr=+0.0dB [ber_drl]  snr=+2.0dB [ber_drl]  snr=+4.0dB [ber_drl]  snr=+6.0dB [ber_drl]  snr=+8.0dB [ber_drl]  snr=+10.0dB [ber_drl]  snr=+12.0dB [ber_drl]  snr=+14.0dB [ber_drl]  snr=+16.0dB [ber_drl]  snr=+18.0dB [ber_drl]  snr=+20.0dB [ber_drl]Done (7.00s)
Batch 1336/2000 (active points 11/11) [2h 35m 51s elapsed] ...   snr=+0.0dB [ber_drl]  snr=+2.0dB [ber_drl]  snr=+4.0dB [ber_drl]  snr=+6.0dB [ber_drl]  snr=+8.0dB [ber_drl]  snr=+10.0dB [ber_drl]  snr=+12.0dB [ber_drl]  snr=+14.0dB [ber_drl]  snr=+16.0dB [ber_drl]  snr=+18.0dB [ber_drl]  snr=+20.0dB [ber_drl]Done (6.95s)
Batch 1337/2000 (active points 11/11) [2h 35m 58s elapsed] ...   snr=+0.0dB [ber_drl]  snr=+2.0dB [ber_drl]  snr=+4.0dB [ber_drl]  snr=+6.0dB [ber_drl]  snr=+8.0dB [ber_drl]  snr=+10.0dB [ber_drl]  snr=+12.0dB [ber_drl]  snr=+14.0dB [ber_drl]  snr=+16.0dB [ber_drl]  snr=+18.0dB [ber_drl]  snr=+20.0dB [ber_drl]Done (6.98s)
Batch 1338/2000 (active points 11/11) [2h 36m 05s elapsed] ...   snr=+0.0dB [ber_drl]  snr=+2.0dB [ber_drl]  snr=+4.0dB [ber_drl]  snr=+6.0dB [ber_drl]  snr=+8.0dB [ber_drl]  snr=+10.0dB [ber_drl]  snr=+12.0dB [ber_drl]  snr=+14.0dB [ber_drl]  snr=+16.0dB [ber_drl]  snr=+18.0dB [ber_drl]  snr=+20.0dB [ber_drl]Done (7.04s)
Batch 1339/2000 (active points 11/11) [2h 36m 12s elapsed] ...   snr=+0.0dB [ber_drl]  snr=+2.0dB [ber_drl]  snr=+4.0dB [ber_drl]  snr=+6.0dB [ber_drl]  snr=+8.0dB [ber_drl]  snr=+10.0dB [ber_drl]  snr=+12.0dB [ber_drl]  snr=+14.0dB [ber_drl]  snr=+16.0dB [ber_drl]  snr=+18.0dB [ber_drl]  snr=+20.0dB [ber_drl]Done (6.96s)
Batch 1340/2000 (active points 11/11) [2h 36m 19s elapsed] ...   snr=+0.0dB [ber_drl]  snr=+2.0dB [ber_drl]  snr=+4.0dB [ber_drl]  snr=+6.0dB [ber_drl]  snr=+8.0dB [ber_drl]  snr=+10.0dB [ber_drl]  snr=+12.0dB [ber_drl]  snr=+14.0dB [ber_drl]  snr=+16.0dB [ber_drl]  snr=+18.0dB [ber_drl]  snr=+20.0dB [ber_drl]Done (6.96s)
Batch 1341/2000 (active points 11/11) [2h 36m 26s elapsed] ...   snr=+0.0dB [ber_drl]  snr=+2.0dB [ber_drl]  snr=+4.0dB [ber_drl]  snr=+6.0dB [ber_drl]  snr=+8.0dB [ber_drl]  snr=+10.0dB [ber_drl]  snr=+12.0dB [ber_drl]  snr=+14.0dB [ber_drl]  snr=+16.0dB [ber_drl]  snr=+18.0dB [ber_drl]  snr=+20.0dB [ber_drl]Done (7.03s)
Batch 1342/2000 (active points 11/11) [2h 36m 33s elapsed] ...   snr=+0.0dB [ber_drl]  snr=+2.0dB [ber_drl]  snr=+4.0dB [ber_drl]  snr=+6.0dB [ber_drl]  snr=+8.0dB [ber_drl]  snr=+10.0dB [ber_drl]  snr=+12.0dB [ber_drl]  snr=+14.0dB [ber_drl]  snr=+16.0dB [ber_drl]  snr=+18.0dB [ber_drl]  snr=+20.0dB [ber_drl]Done (7.04s)
Batch 1343/2000 (active points 11/11) [2h 36m 40s elapsed] ...   snr=+0.0dB [ber_drl]  snr=+2.0dB [ber_drl]  snr=+4.0dB [ber_drl]  snr=+6.0dB [ber_drl]  snr=+8.0dB [ber_drl]  snr=+10.0dB [ber_drl]  snr=+12.0dB [ber_drl]  snr=+14.0dB [ber_drl]  snr=+16.0dB [ber_drl]  snr=+18.0dB [ber_drl]  snr=+20.0dB [ber_drl]Done (6.97s)
Batch 1344/2000 (active points 11/11) [2h 36m 47s elapsed] ...   snr=+0.0dB [ber_drl]  snr=+2.0dB [ber_drl]  snr=+4.0dB [ber_drl]  snr=+6.0dB [ber_drl]  snr=+8.0dB [ber_drl]  snr=+10.0dB [ber_drl]  snr=+12.0dB [ber_drl]  snr=+14.0dB [ber_drl]  snr=+16.0dB [ber_drl]  snr=+18.0dB [ber_drl]  snr=+20.0dB [ber_drl]Done (6.99s)
Batch 1345/2000 (active points 11/11) [2h 36m 54s elapsed] ...   snr=+0.0dB [ber_drl]  snr=+2.0dB [ber_drl]  snr=+4.0dB [ber_drl]  snr=+6.0dB [ber_drl]  snr=+8.0dB [ber_drl]  snr=+10.0dB [ber_drl]  snr=+12.0dB [ber_drl]  snr=+14.0dB [ber_drl]  snr=+16.0dB [ber_drl]  snr=+18.0dB [ber_drl]  snr=+20.0dB [ber_drl]Done (7.04s)
Batch 1346/2000 (active points 11/11) [2h 37m 01s elapsed] ...   snr=+0.0dB [ber_drl]  snr=+2.0dB [ber_drl]  snr=+4.0dB [ber_drl]  snr=+6.0dB [ber_drl]  snr=+8.0dB [ber_drl]  snr=+10.0dB [ber_drl]  snr=+12.0dB [ber_drl]  snr=+14.0dB [ber_drl]  snr=+16.0dB [ber_drl]  snr=+18.0dB [ber_drl]  snr=+20.0dB [ber_drl]Done (7.08s)
Batch 1347/2000 (active points 11/11) [2h 37m 08s elapsed] ...   snr=+0.0dB [ber_drl]  snr=+2.0dB [ber_drl]  snr=+4.0dB [ber_drl]  snr=+6.0dB [ber_drl]  snr=+8.0dB [ber_drl]  snr=+10.0dB [ber_drl]  snr=+12.0dB [ber_drl]  snr=+14.0dB [ber_drl]  snr=+16.0dB [ber_drl]  snr=+18.0dB [ber_drl]  snr=+20.0dB [ber_drl]Done (7.03s)
Batch 1348/2000 (active points 11/11) [2h 37m 15s elapsed] ...   snr=+0.0dB [ber_drl]  snr=+2.0dB [ber_drl]  snr=+4.0dB [ber_drl]  snr=+6.0dB [ber_drl]  snr=+8.0dB [ber_drl]  snr=+10.0dB [ber_drl]  snr=+12.0dB [ber_drl]  snr=+14.0dB [ber_drl]  snr=+16.0dB [ber_drl]  snr=+18.0dB [ber_drl]  snr=+20.0dB [ber_drl]Done (6.93s)
Batch 1349/2000 (active points 11/11) [2h 37m 22s elapsed] ...   snr=+0.0dB [ber_drl]  snr=+2.0dB [ber_drl]  snr=+4.0dB [ber_drl]  snr=+6.0dB [ber_drl]  snr=+8.0dB [ber_drl]  snr=+10.0dB [ber_drl]  snr=+12.0dB [ber_drl]  snr=+14.0dB [ber_drl]  snr=+16.0dB [ber_drl]  snr=+18.0dB [ber_drl]  snr=+20.0dB [ber_drl]Done (6.97s)
Batch 1350/2000 (active points 11/11) [2h 37m 29s elapsed] ...   snr=+0.0dB [ber_drl]  snr=+2.0dB [ber_drl]  snr=+4.0dB [ber_drl]  snr=+6.0dB [ber_drl]  snr=+8.0dB [ber_drl]  snr=+10.0dB [ber_drl]  snr=+12.0dB [ber_drl]  snr=+14.0dB [ber_drl]  snr=+16.0dB [ber_drl]  snr=+18.0dB [ber_drl]  snr=+20.0dB [ber_drl]Done (7.22s)
Batch 1351/2000 (active points 11/11) [2h 37m 36s elapsed] ...   snr=+0.0dB [ber_drl]  snr=+2.0dB [ber_drl]  snr=+4.0dB [ber_drl]  snr=+6.0dB [ber_drl]  snr=+8.0dB [ber_drl]  snr=+10.0dB [ber_drl]  snr=+12.0dB [ber_drl]  snr=+14.0dB [ber_drl]  snr=+16.0dB [ber_drl]  snr=+18.0dB [ber_drl]  snr=+20.0dB [ber_drl]Done (7.07s)
Batch 1352/2000 (active points 11/11) [2h 37m 44s elapsed] ...   snr=+0.0dB [ber_drl]  snr=+2.0dB [ber_drl]  snr=+4.0dB [ber_drl]  snr=+6.0dB [ber_drl]  snr=+8.0dB [ber_drl]  snr=+10.0dB [ber_drl]  snr=+12.0dB [ber_drl]  snr=+14.0dB [ber_drl]  snr=+16.0dB [ber_drl]  snr=+18.0dB [ber_drl]  snr=+20.0dB [ber_drl]Done (6.95s)
Batch 1353/2000 (active points 11/11) [2h 37m 50s elapsed] ...   snr=+0.0dB [ber_drl]  snr=+2.0dB [ber_drl]  snr=+4.0dB [ber_drl]  snr=+6.0dB [ber_drl]  snr=+8.0dB [ber_drl]  snr=+10.0dB [ber_drl]  snr=+12.0dB [ber_drl]  snr=+14.0dB [ber_drl]  snr=+16.0dB [ber_drl]  snr=+18.0dB [ber_drl]  snr=+20.0dB [ber_drl]Done (6.99s)
Batch 1354/2000 (active points 11/11) [2h 37m 57s elapsed] ...   snr=+0.0dB [ber_drl]  snr=+2.0dB [ber_drl]  snr=+4.0dB [ber_drl]  snr=+6.0dB [ber_drl]  snr=+8.0dB [ber_drl]  snr=+10.0dB [ber_drl]  snr=+12.0dB [ber_drl]  snr=+14.0dB [ber_drl]  snr=+16.0dB [ber_drl]  snr=+18.0dB [ber_drl]  snr=+20.0dB [ber_drl]Done (7.04s)
Batch 1355/2000 (active points 11/11) [2h 38m 04s elapsed] ...   snr=+0.0dB [ber_drl]  snr=+2.0dB [ber_drl]  snr=+4.0dB [ber_drl]  snr=+6.0dB [ber_drl]  snr=+8.0dB [ber_drl]  snr=+10.0dB [ber_drl]  snr=+12.0dB [ber_drl]  snr=+14.0dB [ber_drl]  snr=+16.0dB [ber_drl]  snr=+18.0dB [ber_drl]  snr=+20.0dB [ber_drl]Done (7.08s)
Batch 1356/2000 (active points 11/11) [2h 38m 12s elapsed] ...   snr=+0.0dB [ber_drl]  snr=+2.0dB [ber_drl]  snr=+4.0dB [ber_drl]  snr=+6.0dB [ber_drl]  snr=+8.0dB [ber_drl]  snr=+10.0dB [ber_drl]  snr=+12.0dB [ber_drl]  snr=+14.0dB [ber_drl]  snr=+16.0dB [ber_drl]  snr=+18.0dB [ber_drl]  snr=+20.0dB [ber_drl]Done (7.01s)
Batch 1357/2000 (active points 11/11) [2h 38m 19s elapsed] ...   snr=+0.0dB [ber_drl]  snr=+2.0dB [ber_drl]  snr=+4.0dB [ber_drl]  snr=+6.0dB [ber_drl]  snr=+8.0dB [ber_drl]  snr=+10.0dB [ber_drl]  snr=+12.0dB [ber_drl]  snr=+14.0dB [ber_drl]  snr=+16.0dB [ber_drl]  snr=+18.0dB [ber_drl]  snr=+20.0dB [ber_drl]Done (7.02s)
Batch 1358/2000 (active points 11/11) [2h 38m 26s elapsed] ...   snr=+0.0dB [ber_drl]  snr=+2.0dB [ber_drl]  snr=+4.0dB [ber_drl]  snr=+6.0dB [ber_drl]  snr=+8.0dB [ber_drl]  snr=+10.0dB [ber_drl]  snr=+12.0dB [ber_drl]  snr=+14.0dB [ber_drl]  snr=+16.0dB [ber_drl]  snr=+18.0dB [ber_drl]  snr=+20.0dB [ber_drl]Done (7.08s)
Batch 1359/2000 (active points 11/11) [2h 38m 33s elapsed] ...   snr=+0.0dB [ber_drl]  snr=+2.0dB [ber_drl]  snr=+4.0dB [ber_drl]  snr=+6.0dB [ber_drl]  snr=+8.0dB [ber_drl]  snr=+10.0dB [ber_drl]  snr=+12.0dB [ber_drl]  snr=+14.0dB [ber_drl]  snr=+16.0dB [ber_drl]  snr=+18.0dB [ber_drl]  snr=+20.0dB [ber_drl]Done (7.04s)
Batch 1360/2000 (active points 11/11) [2h 38m 40s elapsed] ...   snr=+0.0dB [ber_drl]  snr=+2.0dB [ber_drl]  snr=+4.0dB [ber_drl]  snr=+6.0dB [ber_drl]  snr=+8.0dB [ber_drl]  snr=+10.0dB [ber_drl]  snr=+12.0dB [ber_drl]  snr=+14.0dB [ber_drl]  snr=+16.0dB [ber_drl]  snr=+18.0dB [ber_drl]  snr=+20.0dB [ber_drl]Done (6.97s)
Batch 1361/2000 (active points 11/11) [2h 38m 47s elapsed] ...   snr=+0.0dB [ber_drl]  snr=+2.0dB [ber_drl]  snr=+4.0dB [ber_drl]  snr=+6.0dB [ber_drl]  snr=+8.0dB [ber_drl]  snr=+10.0dB [ber_drl]  snr=+12.0dB [ber_drl]  snr=+14.0dB [ber_drl]  snr=+16.0dB [ber_drl]  snr=+18.0dB [ber_drl]  snr=+20.0dB [ber_drl]Done (7.00s)
Batch 1362/2000 (active points 11/11) [2h 38m 54s elapsed] ...   snr=+0.0dB [ber_drl]  snr=+2.0dB [ber_drl]  snr=+4.0dB [ber_drl]  snr=+6.0dB [ber_drl]  snr=+8.0dB [ber_drl]  snr=+10.0dB [ber_drl]  snr=+12.0dB [ber_drl]  snr=+14.0dB [ber_drl]  snr=+16.0dB [ber_drl]  snr=+18.0dB [ber_drl]  snr=+20.0dB [ber_drl]Done (7.04s)
Batch 1363/2000 (active points 11/11) [2h 39m 01s elapsed] ...   snr=+0.0dB [ber_drl]  snr=+2.0dB [ber_drl]  snr=+4.0dB [ber_drl]  snr=+6.0dB [ber_drl]  snr=+8.0dB [ber_drl]  snr=+10.0dB [ber_drl]  snr=+12.0dB [ber_drl]  snr=+14.0dB [ber_drl]  snr=+16.0dB [ber_drl]  snr=+18.0dB [ber_drl]  snr=+20.0dB [ber_drl]Done (6.94s)
Batch 1364/2000 (active points 11/11) [2h 39m 08s elapsed] ...   snr=+0.0dB [ber_drl]  snr=+2.0dB [ber_drl]  snr=+4.0dB [ber_drl]  snr=+6.0dB [ber_drl]  snr=+8.0dB [ber_drl]  snr=+10.0dB [ber_drl]  snr=+12.0dB [ber_drl]  snr=+14.0dB [ber_drl]  snr=+16.0dB [ber_drl]  snr=+18.0dB [ber_drl]  snr=+20.0dB [ber_drl]Done (6.96s)
Batch 1365/2000 (active points 11/11) [2h 39m 15s elapsed] ...   snr=+0.0dB [ber_drl]  snr=+2.0dB [ber_drl]  snr=+4.0dB [ber_drl]  snr=+6.0dB [ber_drl]  snr=+8.0dB [ber_drl]  snr=+10.0dB [ber_drl]  snr=+12.0dB [ber_drl]  snr=+14.0dB [ber_drl]  snr=+16.0dB [ber_drl]  snr=+18.0dB [ber_drl]  snr=+20.0dB [ber_drl]Done (6.99s)
Batch 1366/2000 (active points 11/11) [2h 39m 22s elapsed] ...   snr=+0.0dB [ber_drl]  snr=+2.0dB [ber_drl]  snr=+4.0dB [ber_drl]  snr=+6.0dB [ber_drl]  snr=+8.0dB [ber_drl]  snr=+10.0dB [ber_drl]  snr=+12.0dB [ber_drl]  snr=+14.0dB [ber_drl]  snr=+16.0dB [ber_drl]  snr=+18.0dB [ber_drl]  snr=+20.0dB [ber_drl]Done (7.03s)
Batch 1367/2000 (active points 11/11) [2h 39m 29s elapsed] ...   snr=+0.0dB [ber_drl]  snr=+2.0dB [ber_drl]  snr=+4.0dB [ber_drl]  snr=+6.0dB [ber_drl]  snr=+8.0dB [ber_drl]  snr=+10.0dB [ber_drl]  snr=+12.0dB [ber_drl]  snr=+14.0dB [ber_drl]  snr=+16.0dB [ber_drl]  snr=+18.0dB [ber_drl]  snr=+20.0dB [ber_drl]Done (7.01s)
Batch 1368/2000 (active points 11/11) [2h 39m 36s elapsed] ...   snr=+0.0dB [ber_drl]  snr=+2.0dB [ber_drl]  snr=+4.0dB [ber_drl]  snr=+6.0dB [ber_drl]  snr=+8.0dB [ber_drl]  snr=+10.0dB [ber_drl]  snr=+12.0dB [ber_drl]  snr=+14.0dB [ber_drl]  snr=+16.0dB [ber_drl]  snr=+18.0dB [ber_drl]  snr=+20.0dB [ber_drl]Done (6.95s)
Batch 1369/2000 (active points 11/11) [2h 39m 43s elapsed] ...   snr=+0.0dB [ber_drl]  snr=+2.0dB [ber_drl]  snr=+4.0dB [ber_drl]  snr=+6.0dB [ber_drl]  snr=+8.0dB [ber_drl]  snr=+10.0dB [ber_drl]  snr=+12.0dB [ber_drl]  snr=+14.0dB [ber_drl]  snr=+16.0dB [ber_drl]  snr=+18.0dB [ber_drl]  snr=+20.0dB [ber_drl]Done (7.01s)
Batch 1370/2000 (active points 11/11) [2h 39m 50s elapsed] ...   snr=+0.0dB [ber_drl]  snr=+2.0dB [ber_drl]  snr=+4.0dB [ber_drl]  snr=+6.0dB [ber_drl]  snr=+8.0dB [ber_drl]  snr=+10.0dB [ber_drl]  snr=+12.0dB [ber_drl]  snr=+14.0dB [ber_drl]  snr=+16.0dB [ber_drl]  snr=+18.0dB [ber_drl]  snr=+20.0dB [ber_drl]Done (7.01s)
Batch 1371/2000 (active points 11/11) [2h 39m 57s elapsed] ...   snr=+0.0dB [ber_drl]  snr=+2.0dB [ber_drl]  snr=+4.0dB [ber_drl]  snr=+6.0dB [ber_drl]  snr=+8.0dB [ber_drl]  snr=+10.0dB [ber_drl]  snr=+12.0dB [ber_drl]  snr=+14.0dB [ber_drl]  snr=+16.0dB [ber_drl]  snr=+18.0dB [ber_drl]  snr=+20.0dB [ber_drl]Done (7.02s)
Batch 1372/2000 (active points 11/11) [2h 40m 04s elapsed] ...   snr=+0.0dB [ber_drl]  snr=+2.0dB [ber_drl]  snr=+4.0dB [ber_drl]  snr=+6.0dB [ber_drl]  snr=+8.0dB [ber_drl]  snr=+10.0dB [ber_drl]  snr=+12.0dB [ber_drl]  snr=+14.0dB [ber_drl]  snr=+16.0dB [ber_drl]  snr=+18.0dB [ber_drl]  snr=+20.0dB [ber_drl]Done (6.97s)
Batch 1373/2000 (active points 11/11) [2h 40m 11s elapsed] ...   snr=+0.0dB [ber_drl]  snr=+2.0dB [ber_drl]  snr=+4.0dB [ber_drl]  snr=+6.0dB [ber_drl]  snr=+8.0dB [ber_drl]  snr=+10.0dB [ber_drl]  snr=+12.0dB [ber_drl]  snr=+14.0dB [ber_drl]  snr=+16.0dB [ber_drl]  snr=+18.0dB [ber_drl]  snr=+20.0dB [ber_drl]Done (7.08s)
Batch 1374/2000 (active points 11/11) [2h 40m 18s elapsed] ...   snr=+0.0dB [ber_drl]  snr=+2.0dB [ber_drl]  snr=+4.0dB [ber_drl]  snr=+6.0dB [ber_drl]  snr=+8.0dB [ber_drl]  snr=+10.0dB [ber_drl]  snr=+12.0dB [ber_drl]  snr=+14.0dB [ber_drl]  snr=+16.0dB [ber_drl]  snr=+18.0dB [ber_drl]  snr=+20.0dB [ber_drl]Done (7.20s)
Batch 1375/2000 (active points 11/11) [2h 40m 25s elapsed] ...   snr=+0.0dB [ber_drl]  snr=+2.0dB [ber_drl]  snr=+4.0dB [ber_drl]  snr=+6.0dB [ber_drl]  snr=+8.0dB [ber_drl]  snr=+10.0dB [ber_drl]  snr=+12.0dB [ber_drl]  snr=+14.0dB [ber_drl]  snr=+16.0dB [ber_drl]  snr=+18.0dB [ber_drl]  snr=+20.0dB [ber_drl]Done (7.21s)
Batch 1376/2000 (active points 11/11) [2h 40m 32s elapsed] ...   snr=+0.0dB [ber_drl]  snr=+2.0dB [ber_drl]  snr=+4.0dB [ber_drl]  snr=+6.0dB [ber_drl]  snr=+8.0dB [ber_drl]  snr=+10.0dB [ber_drl]  snr=+12.0dB [ber_drl]  snr=+14.0dB [ber_drl]  snr=+16.0dB [ber_drl]  snr=+18.0dB [ber_drl]  snr=+20.0dB [ber_drl]Done (7.10s)
Batch 1377/2000 (active points 11/11) [2h 40m 39s elapsed] ...   snr=+0.0dB [ber_drl]  snr=+2.0dB [ber_drl]  snr=+4.0dB [ber_drl]  snr=+6.0dB [ber_drl]  snr=+8.0dB [ber_drl]  snr=+10.0dB [ber_drl]  snr=+12.0dB [ber_drl]  snr=+14.0dB [ber_drl]  snr=+16.0dB [ber_drl]  snr=+18.0dB [ber_drl]  snr=+20.0dB [ber_drl]Done (7.12s)
Batch 1378/2000 (active points 11/11) [2h 40m 46s elapsed] ...   snr=+0.0dB [ber_drl]  snr=+2.0dB [ber_drl]  snr=+4.0dB [ber_drl]  snr=+6.0dB [ber_drl]  snr=+8.0dB [ber_drl]  snr=+10.0dB [ber_drl]  snr=+12.0dB [ber_drl]  snr=+14.0dB [ber_drl]  snr=+16.0dB [ber_drl]  snr=+18.0dB [ber_drl]  snr=+20.0dB [ber_drl]Done (7.22s)
Batch 1379/2000 (active points 11/11) [2h 40m 54s elapsed] ...   snr=+0.0dB [ber_drl]  snr=+2.0dB [ber_drl]  snr=+4.0dB [ber_drl]  snr=+6.0dB [ber_drl]  snr=+8.0dB [ber_drl]  snr=+10.0dB [ber_drl]  snr=+12.0dB [ber_drl]  snr=+14.0dB [ber_drl]  snr=+16.0dB [ber_drl]  snr=+18.0dB [ber_drl]  snr=+20.0dB [ber_drl]Done (7.29s)
Batch 1380/2000 (active points 11/11) [2h 41m 01s elapsed] ...   snr=+0.0dB [ber_drl]  snr=+2.0dB [ber_drl]  snr=+4.0dB [ber_drl]  snr=+6.0dB [ber_drl]  snr=+8.0dB [ber_drl]  snr=+10.0dB [ber_drl]  snr=+12.0dB [ber_drl]  snr=+14.0dB [ber_drl]  snr=+16.0dB [ber_drl]  snr=+18.0dB [ber_drl]  snr=+20.0dB [ber_drl]Done (7.23s)
Batch 1381/2000 (active points 11/11) [2h 41m 08s elapsed] ...   snr=+0.0dB [ber_drl]  snr=+2.0dB [ber_drl]  snr=+4.0dB [ber_drl]  snr=+6.0dB [ber_drl]  snr=+8.0dB [ber_drl]  snr=+10.0dB [ber_drl]  snr=+12.0dB [ber_drl]  snr=+14.0dB [ber_drl]  snr=+16.0dB [ber_drl]  snr=+18.0dB [ber_drl]  snr=+20.0dB [ber_drl]Done (7.05s)
Batch 1382/2000 (active points 11/11) [2h 41m 15s elapsed] ...   snr=+0.0dB [ber_drl]  snr=+2.0dB [ber_drl]  snr=+4.0dB [ber_drl]  snr=+6.0dB [ber_drl]  snr=+8.0dB [ber_drl]  snr=+10.0dB [ber_drl]  snr=+12.0dB [ber_drl]  snr=+14.0dB [ber_drl]  snr=+16.0dB [ber_drl]  snr=+18.0dB [ber_drl]  snr=+20.0dB [ber_drl]Done (7.15s)
Batch 1383/2000 (active points 11/11) [2h 41m 22s elapsed] ...   snr=+0.0dB [ber_drl]  snr=+2.0dB [ber_drl]  snr=+4.0dB [ber_drl]  snr=+6.0dB [ber_drl]  snr=+8.0dB [ber_drl]  snr=+10.0dB [ber_drl]  snr=+12.0dB [ber_drl]  snr=+14.0dB [ber_drl]  snr=+16.0dB [ber_drl]  snr=+18.0dB [ber_drl]  snr=+20.0dB [ber_drl]Done (7.23s)
Batch 1384/2000 (active points 11/11) [2h 41m 30s elapsed] ...   snr=+0.0dB [ber_drl]  snr=+2.0dB [ber_drl]  snr=+4.0dB [ber_drl]  snr=+6.0dB [ber_drl]  snr=+8.0dB [ber_drl]  snr=+10.0dB [ber_drl]  snr=+12.0dB [ber_drl]  snr=+14.0dB [ber_drl]  snr=+16.0dB [ber_drl]  snr=+18.0dB [ber_drl]  snr=+20.0dB [ber_drl]Done (7.17s)
Batch 1385/2000 (active points 11/11) [2h 41m 37s elapsed] ...   snr=+0.0dB [ber_drl]  snr=+2.0dB [ber_drl]  snr=+4.0dB [ber_drl]  snr=+6.0dB [ber_drl]  snr=+8.0dB [ber_drl]  snr=+10.0dB [ber_drl]  snr=+12.0dB [ber_drl]  snr=+14.0dB [ber_drl]  snr=+16.0dB [ber_drl]  snr=+18.0dB [ber_drl]  snr=+20.0dB [ber_drl]Done (7.12s)
Batch 1386/2000 (active points 11/11) [2h 41m 44s elapsed] ...   snr=+0.0dB [ber_drl]  snr=+2.0dB [ber_drl]  snr=+4.0dB [ber_drl]  snr=+6.0dB [ber_drl]  snr=+8.0dB [ber_drl]  snr=+10.0dB [ber_drl]  snr=+12.0dB [ber_drl]  snr=+14.0dB [ber_drl]  snr=+16.0dB [ber_drl]  snr=+18.0dB [ber_drl]  snr=+20.0dB [ber_drl]Done (7.21s)
Batch 1387/2000 (active points 11/11) [2h 41m 51s elapsed] ...   snr=+0.0dB [ber_drl]  snr=+2.0dB [ber_drl]  snr=+4.0dB [ber_drl]  snr=+6.0dB [ber_drl]  snr=+8.0dB [ber_drl]  snr=+10.0dB [ber_drl]  snr=+12.0dB [ber_drl]  snr=+14.0dB [ber_drl]  snr=+16.0dB [ber_drl]  snr=+18.0dB [ber_drl]  snr=+20.0dB [ber_drl]Done (7.10s)
Batch 1388/2000 (active points 11/11) [2h 41m 58s elapsed] ...   snr=+0.0dB [ber_drl]  snr=+2.0dB [ber_drl]  snr=+4.0dB [ber_drl]  snr=+6.0dB [ber_drl]  snr=+8.0dB [ber_drl]  snr=+10.0dB [ber_drl]  snr=+12.0dB [ber_drl]  snr=+14.0dB [ber_drl]  snr=+16.0dB [ber_drl]  snr=+18.0dB [ber_drl]  snr=+20.0dB [ber_drl]Done (7.13s)
Batch 1389/2000 (active points 11/11) [2h 42m 05s elapsed] ...   snr=+0.0dB [ber_drl]  snr=+2.0dB [ber_drl]  snr=+4.0dB [ber_drl]  snr=+6.0dB [ber_drl]  snr=+8.0dB [ber_drl]  snr=+10.0dB [ber_drl]  snr=+12.0dB [ber_drl]  snr=+14.0dB [ber_drl]  snr=+16.0dB [ber_drl]  snr=+18.0dB [ber_drl]  snr=+20.0dB [ber_drl]Done (7.09s)
Batch 1390/2000 (active points 11/11) [2h 42m 12s elapsed] ...   snr=+0.0dB [ber_drl]  snr=+2.0dB [ber_drl]  snr=+4.0dB [ber_drl]  snr=+6.0dB [ber_drl]  snr=+8.0dB [ber_drl]  snr=+10.0dB [ber_drl]  snr=+12.0dB [ber_drl]  snr=+14.0dB [ber_drl]  snr=+16.0dB [ber_drl]  snr=+18.0dB [ber_drl]  snr=+20.0dB [ber_drl]Done (7.26s)
Batch 1391/2000 (active points 11/11) [2h 42m 20s elapsed] ...   snr=+0.0dB [ber_drl]  snr=+2.0dB [ber_drl]  snr=+4.0dB [ber_drl]  snr=+6.0dB [ber_drl]  snr=+8.0dB [ber_drl]  snr=+10.0dB [ber_drl]  snr=+12.0dB [ber_drl]  snr=+14.0dB [ber_drl]  snr=+16.0dB [ber_drl]  snr=+18.0dB [ber_drl]  snr=+20.0dB [ber_drl]Done (7.08s)
Batch 1392/2000 (active points 11/11) [2h 42m 27s elapsed] ...   snr=+0.0dB [ber_drl]  snr=+2.0dB [ber_drl]  snr=+4.0dB [ber_drl]  snr=+6.0dB [ber_drl]  snr=+8.0dB [ber_drl]  snr=+10.0dB [ber_drl]  snr=+12.0dB [ber_drl]  snr=+14.0dB [ber_drl]  snr=+16.0dB [ber_drl]  snr=+18.0dB [ber_drl]  snr=+20.0dB [ber_drl]Done (7.07s)
Batch 1393/2000 (active points 11/11) [2h 42m 34s elapsed] ...   snr=+0.0dB [ber_drl]  snr=+2.0dB [ber_drl]  snr=+4.0dB [ber_drl]  snr=+6.0dB [ber_drl]  snr=+8.0dB [ber_drl]  snr=+10.0dB [ber_drl]  snr=+12.0dB [ber_drl]  snr=+14.0dB [ber_drl]  snr=+16.0dB [ber_drl]  snr=+18.0dB [ber_drl]  snr=+20.0dB [ber_drl]Done (7.21s)
Batch 1394/2000 (active points 11/11) [2h 42m 41s elapsed] ...   snr=+0.0dB [ber_drl]  snr=+2.0dB [ber_drl]  snr=+4.0dB [ber_drl]  snr=+6.0dB [ber_drl]  snr=+8.0dB [ber_drl]  snr=+10.0dB [ber_drl]  snr=+12.0dB [ber_drl]  snr=+14.0dB [ber_drl]  snr=+16.0dB [ber_drl]  snr=+18.0dB [ber_drl]  snr=+20.0dB [ber_drl]Done (7.08s)
Batch 1395/2000 (active points 11/11) [2h 42m 48s elapsed] ...   snr=+0.0dB [ber_drl]  snr=+2.0dB [ber_drl]  snr=+4.0dB [ber_drl]  snr=+6.0dB [ber_drl]  snr=+8.0dB [ber_drl]  snr=+10.0dB [ber_drl]  snr=+12.0dB [ber_drl]  snr=+14.0dB [ber_drl]  snr=+16.0dB [ber_drl]  snr=+18.0dB [ber_drl]  snr=+20.0dB [ber_drl]Done (7.04s)
Batch 1396/2000 (active points 11/11) [2h 42m 55s elapsed] ...   snr=+0.0dB [ber_drl]  snr=+2.0dB [ber_drl]  snr=+4.0dB [ber_drl]  snr=+6.0dB [ber_drl]  snr=+8.0dB [ber_drl]  snr=+10.0dB [ber_drl]  snr=+12.0dB [ber_drl]  snr=+14.0dB [ber_drl]  snr=+16.0dB [ber_drl]  snr=+18.0dB [ber_drl]  snr=+20.0dB [ber_drl]Done (7.04s)
Batch 1397/2000 (active points 11/11) [2h 43m 02s elapsed] ...   snr=+0.0dB [ber_drl]  snr=+2.0dB [ber_drl]  snr=+4.0dB [ber_drl]  snr=+6.0dB [ber_drl]  snr=+8.0dB [ber_drl]  snr=+10.0dB [ber_drl]  snr=+12.0dB [ber_drl]  snr=+14.0dB [ber_drl]  snr=+16.0dB [ber_drl]  snr=+18.0dB [ber_drl]  snr=+20.0dB [ber_drl]Done (7.07s)
Batch 1398/2000 (active points 11/11) [2h 43m 09s elapsed] ...   snr=+0.0dB [ber_drl]  snr=+2.0dB [ber_drl]  snr=+4.0dB [ber_drl]  snr=+6.0dB [ber_drl]  snr=+8.0dB [ber_drl]  snr=+10.0dB [ber_drl]  snr=+12.0dB [ber_drl]  snr=+14.0dB [ber_drl]  snr=+16.0dB [ber_drl]  snr=+18.0dB [ber_drl]  snr=+20.0dB [ber_drl]Done (7.10s)
Batch 1399/2000 (active points 11/11) [2h 43m 16s elapsed] ...   snr=+0.0dB [ber_drl]  snr=+2.0dB [ber_drl]  snr=+4.0dB [ber_drl]  snr=+6.0dB [ber_drl]  snr=+8.0dB [ber_drl]  snr=+10.0dB [ber_drl]  snr=+12.0dB [ber_drl]  snr=+14.0dB [ber_drl]  snr=+16.0dB [ber_drl]  snr=+18.0dB [ber_drl]  snr=+20.0dB [ber_drl]Done (7.10s)
Batch 1400/2000 (active points 11/11) [2h 43m 23s elapsed] ...   snr=+0.0dB [ber_drl]  snr=+2.0dB [ber_drl]  snr=+4.0dB [ber_drl]  snr=+6.0dB [ber_drl]  snr=+8.0dB [ber_drl]  snr=+10.0dB [ber_drl]  snr=+12.0dB [ber_drl]  snr=+14.0dB [ber_drl]  snr=+16.0dB [ber_drl]  snr=+18.0dB [ber_drl]  snr=+20.0dB [ber_drl]Done (7.01s)
Batch 1401/2000 (active points 11/11) [2h 43m 30s elapsed] ...   snr=+0.0dB [ber_drl]  snr=+2.0dB [ber_drl]  snr=+4.0dB [ber_drl]  snr=+6.0dB [ber_drl]  snr=+8.0dB [ber_drl]  snr=+10.0dB [ber_drl]  snr=+12.0dB [ber_drl]  snr=+14.0dB [ber_drl]  snr=+16.0dB [ber_drl]  snr=+18.0dB [ber_drl]  snr=+20.0dB [ber_drl]Done (7.09s)
Batch 1402/2000 (active points 11/11) [2h 43m 38s elapsed] ...   snr=+0.0dB [ber_drl]  snr=+2.0dB [ber_drl]  snr=+4.0dB [ber_drl]  snr=+6.0dB [ber_drl]  snr=+8.0dB [ber_drl]  snr=+10.0dB [ber_drl]  snr=+12.0dB [ber_drl]  snr=+14.0dB [ber_drl]  snr=+16.0dB [ber_drl]  snr=+18.0dB [ber_drl]  snr=+20.0dB [ber_drl]Done (7.06s)
Batch 1403/2000 (active points 11/11) [2h 43m 45s elapsed] ...   snr=+0.0dB [ber_drl]  snr=+2.0dB [ber_drl]  snr=+4.0dB [ber_drl]  snr=+6.0dB [ber_drl]  snr=+8.0dB [ber_drl]  snr=+10.0dB [ber_drl]  snr=+12.0dB [ber_drl]  snr=+14.0dB [ber_drl]  snr=+16.0dB [ber_drl]  snr=+18.0dB [ber_drl]  snr=+20.0dB [ber_drl]Done (7.13s)
Batch 1404/2000 (active points 11/11) [2h 43m 52s elapsed] ...   snr=+0.0dB [ber_drl]  snr=+2.0dB [ber_drl]  snr=+4.0dB [ber_drl]  snr=+6.0dB [ber_drl]  snr=+8.0dB [ber_drl]  snr=+10.0dB [ber_drl]  snr=+12.0dB [ber_drl]  snr=+14.0dB [ber_drl]  snr=+16.0dB [ber_drl]  snr=+18.0dB [ber_drl]  snr=+20.0dB [ber_drl]Done (7.00s)
Batch 1405/2000 (active points 11/11) [2h 43m 59s elapsed] ...   snr=+0.0dB [ber_drl]  snr=+2.0dB [ber_drl]  snr=+4.0dB [ber_drl]  snr=+6.0dB [ber_drl]  snr=+8.0dB [ber_drl]  snr=+10.0dB [ber_drl]  snr=+12.0dB [ber_drl]  snr=+14.0dB [ber_drl]  snr=+16.0dB [ber_drl]  snr=+18.0dB [ber_drl]  snr=+20.0dB [ber_drl]Done (7.10s)
Batch 1406/2000 (active points 11/11) [2h 44m 06s elapsed] ...   snr=+0.0dB [ber_drl]  snr=+2.0dB [ber_drl]  snr=+4.0dB [ber_drl]  snr=+6.0dB [ber_drl]  snr=+8.0dB [ber_drl]  snr=+10.0dB [ber_drl]  snr=+12.0dB [ber_drl]  snr=+14.0dB [ber_drl]  snr=+16.0dB [ber_drl]  snr=+18.0dB [ber_drl]  snr=+20.0dB [ber_drl]Done (7.10s)
Batch 1407/2000 (active points 11/11) [2h 44m 13s elapsed] ...   snr=+0.0dB [ber_drl]  snr=+2.0dB [ber_drl]  snr=+4.0dB [ber_drl]  snr=+6.0dB [ber_drl]  snr=+8.0dB [ber_drl]  snr=+10.0dB [ber_drl]  snr=+12.0dB [ber_drl]  snr=+14.0dB [ber_drl]  snr=+16.0dB [ber_drl]  snr=+18.0dB [ber_drl]  snr=+20.0dB [ber_drl]Done (7.08s)
Batch 1408/2000 (active points 11/11) [2h 44m 20s elapsed] ...   snr=+0.0dB [ber_drl]  snr=+2.0dB [ber_drl]  snr=+4.0dB [ber_drl]  snr=+6.0dB [ber_drl]  snr=+8.0dB [ber_drl]  snr=+10.0dB [ber_drl]  snr=+12.0dB [ber_drl]  snr=+14.0dB [ber_drl]  snr=+16.0dB [ber_drl]  snr=+18.0dB [ber_drl]  snr=+20.0dB [ber_drl]Done (7.06s)
Batch 1409/2000 (active points 11/11) [2h 44m 27s elapsed] ...   snr=+0.0dB [ber_drl]  snr=+2.0dB [ber_drl]  snr=+4.0dB [ber_drl]  snr=+6.0dB [ber_drl]  snr=+8.0dB [ber_drl]  snr=+10.0dB [ber_drl]  snr=+12.0dB [ber_drl]  snr=+14.0dB [ber_drl]  snr=+16.0dB [ber_drl]  snr=+18.0dB [ber_drl]  snr=+20.0dB [ber_drl]Done (7.09s)
Batch 1410/2000 (active points 11/11) [2h 44m 34s elapsed] ...   snr=+0.0dB [ber_drl]  snr=+2.0dB [ber_drl]  snr=+4.0dB [ber_drl]  snr=+6.0dB [ber_drl]  snr=+8.0dB [ber_drl]  snr=+10.0dB [ber_drl]  snr=+12.0dB [ber_drl]  snr=+14.0dB [ber_drl]  snr=+16.0dB [ber_drl]  snr=+18.0dB [ber_drl]  snr=+20.0dB [ber_drl]Done (7.05s)
Batch 1411/2000 (active points 11/11) [2h 44m 41s elapsed] ...   snr=+0.0dB [ber_drl]  snr=+2.0dB [ber_drl]  snr=+4.0dB [ber_drl]  snr=+6.0dB [ber_drl]  snr=+8.0dB [ber_drl]  snr=+10.0dB [ber_drl]  snr=+12.0dB [ber_drl]  snr=+14.0dB [ber_drl]  snr=+16.0dB [ber_drl]  snr=+18.0dB [ber_drl]  snr=+20.0dB [ber_drl]Done (7.13s)
Batch 1412/2000 (active points 11/11) [2h 44m 48s elapsed] ...   snr=+0.0dB [ber_drl]  snr=+2.0dB [ber_drl]  snr=+4.0dB [ber_drl]  snr=+6.0dB [ber_drl]  snr=+8.0dB [ber_drl]  snr=+10.0dB [ber_drl]  snr=+12.0dB [ber_drl]  snr=+14.0dB [ber_drl]  snr=+16.0dB [ber_drl]  snr=+18.0dB [ber_drl]  snr=+20.0dB [ber_drl]Done (7.10s)
Batch 1413/2000 (active points 11/11) [2h 44m 55s elapsed] ...   snr=+0.0dB [ber_drl]  snr=+2.0dB [ber_drl]  snr=+4.0dB [ber_drl]  snr=+6.0dB [ber_drl]  snr=+8.0dB [ber_drl]  snr=+10.0dB [ber_drl]  snr=+12.0dB [ber_drl]  snr=+14.0dB [ber_drl]  snr=+16.0dB [ber_drl]  snr=+18.0dB [ber_drl]  snr=+20.0dB [ber_drl]Done (6.99s)
Batch 1414/2000 (active points 11/11) [2h 45m 02s elapsed] ...   snr=+0.0dB [ber_drl]  snr=+2.0dB [ber_drl]  snr=+4.0dB [ber_drl]  snr=+6.0dB [ber_drl]  snr=+8.0dB [ber_drl]  snr=+10.0dB [ber_drl]  snr=+12.0dB [ber_drl]  snr=+14.0dB [ber_drl]  snr=+16.0dB [ber_drl]  snr=+18.0dB [ber_drl]  snr=+20.0dB [ber_drl]Done (7.11s)
Batch 1415/2000 (active points 11/11) [2h 45m 10s elapsed] ...   snr=+0.0dB [ber_drl]  snr=+2.0dB [ber_drl]  snr=+4.0dB [ber_drl]  snr=+6.0dB [ber_drl]  snr=+8.0dB [ber_drl]  snr=+10.0dB [ber_drl]  snr=+12.0dB [ber_drl]  snr=+14.0dB [ber_drl]  snr=+16.0dB [ber_drl]  snr=+18.0dB [ber_drl]  snr=+20.0dB [ber_drl]Done (7.10s)
Batch 1416/2000 (active points 11/11) [2h 45m 17s elapsed] ...   snr=+0.0dB [ber_drl]  snr=+2.0dB [ber_drl]  snr=+4.0dB [ber_drl]  snr=+6.0dB [ber_drl]  snr=+8.0dB [ber_drl]  snr=+10.0dB [ber_drl]  snr=+12.0dB [ber_drl]  snr=+14.0dB [ber_drl]  snr=+16.0dB [ber_drl]  snr=+18.0dB [ber_drl]  snr=+20.0dB [ber_drl]Done (7.08s)
Batch 1417/2000 (active points 11/11) [2h 45m 24s elapsed] ...   snr=+0.0dB [ber_drl]  snr=+2.0dB [ber_drl]  snr=+4.0dB [ber_drl]  snr=+6.0dB [ber_drl]  snr=+8.0dB [ber_drl]  snr=+10.0dB [ber_drl]  snr=+12.0dB [ber_drl]  snr=+14.0dB [ber_drl]  snr=+16.0dB [ber_drl]  snr=+18.0dB [ber_drl]  snr=+20.0dB [ber_drl]Done (7.04s)
Batch 1418/2000 (active points 11/11) [2h 45m 31s elapsed] ...   snr=+0.0dB [ber_drl]  snr=+2.0dB [ber_drl]  snr=+4.0dB [ber_drl]  snr=+6.0dB [ber_drl]  snr=+8.0dB [ber_drl]  snr=+10.0dB [ber_drl]  snr=+12.0dB [ber_drl]  snr=+14.0dB [ber_drl]  snr=+16.0dB [ber_drl]  snr=+18.0dB [ber_drl]  snr=+20.0dB [ber_drl]Done (7.01s)
Batch 1419/2000 (active points 11/11) [2h 45m 38s elapsed] ...   snr=+0.0dB [ber_drl]  snr=+2.0dB [ber_drl]  snr=+4.0dB [ber_drl]  snr=+6.0dB [ber_drl]  snr=+8.0dB [ber_drl]  snr=+10.0dB [ber_drl]  snr=+12.0dB [ber_drl]  snr=+14.0dB [ber_drl]  snr=+16.0dB [ber_drl]  snr=+18.0dB [ber_drl]  snr=+20.0dB [ber_drl]Done (7.09s)
Batch 1420/2000 (active points 11/11) [2h 45m 45s elapsed] ...   snr=+0.0dB [ber_drl]  snr=+2.0dB [ber_drl]  snr=+4.0dB [ber_drl]  snr=+6.0dB [ber_drl]  snr=+8.0dB [ber_drl]  snr=+10.0dB [ber_drl]  snr=+12.0dB [ber_drl]  snr=+14.0dB [ber_drl]  snr=+16.0dB [ber_drl]  snr=+18.0dB [ber_drl]  snr=+20.0dB [ber_drl]Done (7.11s)
Batch 1421/2000 (active points 11/11) [2h 45m 52s elapsed] ...   snr=+0.0dB [ber_drl]  snr=+2.0dB [ber_drl]  snr=+4.0dB [ber_drl]  snr=+6.0dB [ber_drl]  snr=+8.0dB [ber_drl]  snr=+10.0dB [ber_drl]  snr=+12.0dB [ber_drl]  snr=+14.0dB [ber_drl]  snr=+16.0dB [ber_drl]  snr=+18.0dB [ber_drl]  snr=+20.0dB [ber_drl]Done (7.03s)
Batch 1422/2000 (active points 11/11) [2h 45m 59s elapsed] ...   snr=+0.0dB [ber_drl]  snr=+2.0dB [ber_drl]  snr=+4.0dB [ber_drl]  snr=+6.0dB [ber_drl]  snr=+8.0dB [ber_drl]  snr=+10.0dB [ber_drl]  snr=+12.0dB [ber_drl]  snr=+14.0dB [ber_drl]  snr=+16.0dB [ber_drl]  snr=+18.0dB [ber_drl]  snr=+20.0dB [ber_drl]Done (7.06s)
Batch 1423/2000 (active points 11/11) [2h 46m 06s elapsed] ...   snr=+0.0dB [ber_drl]  snr=+2.0dB [ber_drl]  snr=+4.0dB [ber_drl]  snr=+6.0dB [ber_drl]  snr=+8.0dB [ber_drl]  snr=+10.0dB [ber_drl]  snr=+12.0dB [ber_drl]  snr=+14.0dB [ber_drl]  snr=+16.0dB [ber_drl]  snr=+18.0dB [ber_drl]  snr=+20.0dB [ber_drl]Done (7.07s)
Batch 1424/2000 (active points 11/11) [2h 46m 13s elapsed] ...   snr=+0.0dB [ber_drl]  snr=+2.0dB [ber_drl]  snr=+4.0dB [ber_drl]  snr=+6.0dB [ber_drl]  snr=+8.0dB [ber_drl]  snr=+10.0dB [ber_drl]  snr=+12.0dB [ber_drl]  snr=+14.0dB [ber_drl]  snr=+16.0dB [ber_drl]  snr=+18.0dB [ber_drl]  snr=+20.0dB [ber_drl]Done (7.05s)
Batch 1425/2000 (active points 11/11) [2h 46m 20s elapsed] ...   snr=+0.0dB [ber_drl]  snr=+2.0dB [ber_drl]  snr=+4.0dB [ber_drl]  snr=+6.0dB [ber_drl]  snr=+8.0dB [ber_drl]  snr=+10.0dB [ber_drl]  snr=+12.0dB [ber_drl]  snr=+14.0dB [ber_drl]  snr=+16.0dB [ber_drl]  snr=+18.0dB [ber_drl]  snr=+20.0dB [ber_drl]Done (7.08s)
Batch 1426/2000 (active points 11/11) [2h 46m 27s elapsed] ...   snr=+0.0dB [ber_drl]  snr=+2.0dB [ber_drl]  snr=+4.0dB [ber_drl]  snr=+6.0dB [ber_drl]  snr=+8.0dB [ber_drl]  snr=+10.0dB [ber_drl]  snr=+12.0dB [ber_drl]  snr=+14.0dB [ber_drl]  snr=+16.0dB [ber_drl]  snr=+18.0dB [ber_drl]  snr=+20.0dB [ber_drl]Done (7.01s)
Batch 1427/2000 (active points 11/11) [2h 46m 34s elapsed] ...   snr=+0.0dB [ber_drl]  snr=+2.0dB [ber_drl]  snr=+4.0dB [ber_drl]  snr=+6.0dB [ber_drl]  snr=+8.0dB [ber_drl]  snr=+10.0dB [ber_drl]  snr=+12.0dB [ber_drl]  snr=+14.0dB [ber_drl]  snr=+16.0dB [ber_drl]  snr=+18.0dB [ber_drl]  snr=+20.0dB [ber_drl]Done (7.10s)
Batch 1428/2000 (active points 11/11) [2h 46m 41s elapsed] ...   snr=+0.0dB [ber_drl]  snr=+2.0dB [ber_drl]  snr=+4.0dB [ber_drl]  snr=+6.0dB [ber_drl]  snr=+8.0dB [ber_drl]  snr=+10.0dB [ber_drl]  snr=+12.0dB [ber_drl]  snr=+14.0dB [ber_drl]  snr=+16.0dB [ber_drl]  snr=+18.0dB [ber_drl]  snr=+20.0dB [ber_drl]Done (7.09s)
Batch 1429/2000 (active points 11/11) [2h 46m 48s elapsed] ...   snr=+0.0dB [ber_drl]  snr=+2.0dB [ber_drl]  snr=+4.0dB [ber_drl]  snr=+6.0dB [ber_drl]  snr=+8.0dB [ber_drl]  snr=+10.0dB [ber_drl]  snr=+12.0dB [ber_drl]  snr=+14.0dB [ber_drl]  snr=+16.0dB [ber_drl]  snr=+18.0dB [ber_drl]  snr=+20.0dB [ber_drl]Done (7.13s)
Batch 1430/2000 (active points 11/11) [2h 46m 56s elapsed] ...   snr=+0.0dB [ber_drl]  snr=+2.0dB [ber_drl]  snr=+4.0dB [ber_drl]  snr=+6.0dB [ber_drl]  snr=+8.0dB [ber_drl]  snr=+10.0dB [ber_drl]  snr=+12.0dB [ber_drl]  snr=+14.0dB [ber_drl]  snr=+16.0dB [ber_drl]  snr=+18.0dB [ber_drl]  snr=+20.0dB [ber_drl]Done (7.01s)
Batch 1431/2000 (active points 11/11) [2h 47m 03s elapsed] ...   snr=+0.0dB [ber_drl]  snr=+2.0dB [ber_drl]  snr=+4.0dB [ber_drl]  snr=+6.0dB [ber_drl]  snr=+8.0dB [ber_drl]  snr=+10.0dB [ber_drl]  snr=+12.0dB [ber_drl]  snr=+14.0dB [ber_drl]  snr=+16.0dB [ber_drl]  snr=+18.0dB [ber_drl]  snr=+20.0dB [ber_drl]Done (7.13s)
Batch 1432/2000 (active points 11/11) [2h 47m 10s elapsed] ...   snr=+0.0dB [ber_drl]  snr=+2.0dB [ber_drl]  snr=+4.0dB [ber_drl]  snr=+6.0dB [ber_drl]  snr=+8.0dB [ber_drl]  snr=+10.0dB [ber_drl]  snr=+12.0dB [ber_drl]  snr=+14.0dB [ber_drl]  snr=+16.0dB [ber_drl]  snr=+18.0dB [ber_drl]  snr=+20.0dB [ber_drl]Done (7.11s)
Batch 1433/2000 (active points 11/11) [2h 47m 17s elapsed] ...   snr=+0.0dB [ber_drl]  snr=+2.0dB [ber_drl]  snr=+4.0dB [ber_drl]  snr=+6.0dB [ber_drl]  snr=+8.0dB [ber_drl]  snr=+10.0dB [ber_drl]  snr=+12.0dB [ber_drl]  snr=+14.0dB [ber_drl]  snr=+16.0dB [ber_drl]  snr=+18.0dB [ber_drl]  snr=+20.0dB [ber_drl]Done (7.11s)
Batch 1434/2000 (active points 11/11) [2h 47m 24s elapsed] ...   snr=+0.0dB [ber_drl]  snr=+2.0dB [ber_drl]  snr=+4.0dB [ber_drl]  snr=+6.0dB [ber_drl]  snr=+8.0dB [ber_drl]  snr=+10.0dB [ber_drl]  snr=+12.0dB [ber_drl]  snr=+14.0dB [ber_drl]  snr=+16.0dB [ber_drl]  snr=+18.0dB [ber_drl]  snr=+20.0dB [ber_drl]Done (7.08s)
Batch 1435/2000 (active points 11/11) [2h 47m 31s elapsed] ...   snr=+0.0dB [ber_drl]  snr=+2.0dB [ber_drl]  snr=+4.0dB [ber_drl]  snr=+6.0dB [ber_drl]  snr=+8.0dB [ber_drl]  snr=+10.0dB [ber_drl]  snr=+12.0dB [ber_drl]  snr=+14.0dB [ber_drl]  snr=+16.0dB [ber_drl]  snr=+18.0dB [ber_drl]  snr=+20.0dB [ber_drl]Done (7.08s)
Batch 1436/2000 (active points 11/11) [2h 47m 38s elapsed] ...   snr=+0.0dB [ber_drl]  snr=+2.0dB [ber_drl]  snr=+4.0dB [ber_drl]  snr=+6.0dB [ber_drl]  snr=+8.0dB [ber_drl]  snr=+10.0dB [ber_drl]  snr=+12.0dB [ber_drl]  snr=+14.0dB [ber_drl]  snr=+16.0dB [ber_drl]  snr=+18.0dB [ber_drl]  snr=+20.0dB [ber_drl]Done (7.24s)
Batch 1437/2000 (active points 11/11) [2h 47m 45s elapsed] ...   snr=+0.0dB [ber_drl]  snr=+2.0dB [ber_drl]  snr=+4.0dB [ber_drl]  snr=+6.0dB [ber_drl]  snr=+8.0dB [ber_drl]  snr=+10.0dB [ber_drl]  snr=+12.0dB [ber_drl]  snr=+14.0dB [ber_drl]  snr=+16.0dB [ber_drl]  snr=+18.0dB [ber_drl]  snr=+20.0dB [ber_drl]Done (7.11s)
Batch 1438/2000 (active points 11/11) [2h 47m 52s elapsed] ...   snr=+0.0dB [ber_drl]  snr=+2.0dB [ber_drl]  snr=+4.0dB [ber_drl]  snr=+6.0dB [ber_drl]  snr=+8.0dB [ber_drl]  snr=+10.0dB [ber_drl]  snr=+12.0dB [ber_drl]  snr=+14.0dB [ber_drl]  snr=+16.0dB [ber_drl]  snr=+18.0dB [ber_drl]  snr=+20.0dB [ber_drl]Done (7.07s)
Batch 1439/2000 (active points 11/11) [2h 48m 00s elapsed] ...   snr=+0.0dB [ber_drl]  snr=+2.0dB [ber_drl]  snr=+4.0dB [ber_drl]  snr=+6.0dB [ber_drl]  snr=+8.0dB [ber_drl]  snr=+10.0dB [ber_drl]  snr=+12.0dB [ber_drl]  snr=+14.0dB [ber_drl]  snr=+16.0dB [ber_drl]  snr=+18.0dB [ber_drl]  snr=+20.0dB [ber_drl]Done (7.00s)
Batch 1440/2000 (active points 11/11) [2h 48m 07s elapsed] ...   snr=+0.0dB [ber_drl]  snr=+2.0dB [ber_drl]  snr=+4.0dB [ber_drl]  snr=+6.0dB [ber_drl]  snr=+8.0dB [ber_drl]  snr=+10.0dB [ber_drl]  snr=+12.0dB [ber_drl]  snr=+14.0dB [ber_drl]  snr=+16.0dB [ber_drl]  snr=+18.0dB [ber_drl]  snr=+20.0dB [ber_drl]Done (7.09s)
Batch 1441/2000 (active points 11/11) [2h 48m 14s elapsed] ...   snr=+0.0dB [ber_drl]  snr=+2.0dB [ber_drl]  snr=+4.0dB [ber_drl]  snr=+6.0dB [ber_drl]  snr=+8.0dB [ber_drl]  snr=+10.0dB [ber_drl]  snr=+12.0dB [ber_drl]  snr=+14.0dB [ber_drl]  snr=+16.0dB [ber_drl]  snr=+18.0dB [ber_drl]  snr=+20.0dB [ber_drl]Done (7.11s)
Batch 1442/2000 (active points 11/11) [2h 48m 21s elapsed] ...   snr=+0.0dB [ber_drl]  snr=+2.0dB [ber_drl]  snr=+4.0dB [ber_drl]  snr=+6.0dB [ber_drl]  snr=+8.0dB [ber_drl]  snr=+10.0dB [ber_drl]  snr=+12.0dB [ber_drl]  snr=+14.0dB [ber_drl]  snr=+16.0dB [ber_drl]  snr=+18.0dB [ber_drl]  snr=+20.0dB [ber_drl]Done (7.09s)
Batch 1443/2000 (active points 11/11) [2h 48m 28s elapsed] ...   snr=+0.0dB [ber_drl]  snr=+2.0dB [ber_drl]  snr=+4.0dB [ber_drl]  snr=+6.0dB [ber_drl]  snr=+8.0dB [ber_drl]  snr=+10.0dB [ber_drl]  snr=+12.0dB [ber_drl]  snr=+14.0dB [ber_drl]  snr=+16.0dB [ber_drl]  snr=+18.0dB [ber_drl]  snr=+20.0dB [ber_drl]Done (7.01s)
Batch 1444/2000 (active points 11/11) [2h 48m 35s elapsed] ...   snr=+0.0dB [ber_drl]  snr=+2.0dB [ber_drl]  snr=+4.0dB [ber_drl]  snr=+6.0dB [ber_drl]  snr=+8.0dB [ber_drl]  snr=+10.0dB [ber_drl]  snr=+12.0dB [ber_drl]  snr=+14.0dB [ber_drl]  snr=+16.0dB [ber_drl]  snr=+18.0dB [ber_drl]  snr=+20.0dB [ber_drl]Done (7.07s)
Batch 1445/2000 (active points 11/11) [2h 48m 42s elapsed] ...   snr=+0.0dB [ber_drl]  snr=+2.0dB [ber_drl]  snr=+4.0dB [ber_drl]  snr=+6.0dB [ber_drl]  snr=+8.0dB [ber_drl]  snr=+10.0dB [ber_drl]  snr=+12.0dB [ber_drl]  snr=+14.0dB [ber_drl]  snr=+16.0dB [ber_drl]  snr=+18.0dB [ber_drl]  snr=+20.0dB [ber_drl]Done (7.09s)
Batch 1446/2000 (active points 11/11) [2h 48m 49s elapsed] ...   snr=+0.0dB [ber_drl]  snr=+2.0dB [ber_drl]  snr=+4.0dB [ber_drl]  snr=+6.0dB [ber_drl]  snr=+8.0dB [ber_drl]  snr=+10.0dB [ber_drl]  snr=+12.0dB [ber_drl]  snr=+14.0dB [ber_drl]  snr=+16.0dB [ber_drl]  snr=+18.0dB [ber_drl]  snr=+20.0dB [ber_drl]Done (7.11s)
Batch 1447/2000 (active points 11/11) [2h 48m 56s elapsed] ...   snr=+0.0dB [ber_drl]  snr=+2.0dB [ber_drl]  snr=+4.0dB [ber_drl]  snr=+6.0dB [ber_drl]  snr=+8.0dB [ber_drl]  snr=+10.0dB [ber_drl]  snr=+12.0dB [ber_drl]  snr=+14.0dB [ber_drl]  snr=+16.0dB [ber_drl]  snr=+18.0dB [ber_drl]  snr=+20.0dB [ber_drl]Done (7.02s)
Batch 1448/2000 (active points 11/11) [2h 49m 03s elapsed] ...   snr=+0.0dB [ber_drl]  snr=+2.0dB [ber_drl]  snr=+4.0dB [ber_drl]  snr=+6.0dB [ber_drl]  snr=+8.0dB [ber_drl]  snr=+10.0dB [ber_drl]  snr=+12.0dB [ber_drl]  snr=+14.0dB [ber_drl]  snr=+16.0dB [ber_drl]  snr=+18.0dB [ber_drl]  snr=+20.0dB [ber_drl]Done (7.04s)
Batch 1449/2000 (active points 11/11) [2h 49m 10s elapsed] ...   snr=+0.0dB [ber_drl]  snr=+2.0dB [ber_drl]  snr=+4.0dB [ber_drl]  snr=+6.0dB [ber_drl]  snr=+8.0dB [ber_drl]  snr=+10.0dB [ber_drl]  snr=+12.0dB [ber_drl]  snr=+14.0dB [ber_drl]  snr=+16.0dB [ber_drl]  snr=+18.0dB [ber_drl]  snr=+20.0dB [ber_drl]Done (7.07s)
Batch 1450/2000 (active points 11/11) [2h 49m 17s elapsed] ...   snr=+0.0dB [ber_drl]  snr=+2.0dB [ber_drl]  snr=+4.0dB [ber_drl]  snr=+6.0dB [ber_drl]  snr=+8.0dB [ber_drl]  snr=+10.0dB [ber_drl]  snr=+12.0dB [ber_drl]  snr=+14.0dB [ber_drl]  snr=+16.0dB [ber_drl]  snr=+18.0dB [ber_drl]  snr=+20.0dB [ber_drl]Done (7.08s)
Batch 1451/2000 (active points 11/11) [2h 49m 24s elapsed] ...   snr=+0.0dB [ber_drl]  snr=+2.0dB [ber_drl]  snr=+4.0dB [ber_drl]  snr=+6.0dB [ber_drl]  snr=+8.0dB [ber_drl]  snr=+10.0dB [ber_drl]  snr=+12.0dB [ber_drl]  snr=+14.0dB [ber_drl]  snr=+16.0dB [ber_drl]  snr=+18.0dB [ber_drl]  snr=+20.0dB [ber_drl]Done (7.17s)
Batch 1452/2000 (active points 11/11) [2h 49m 31s elapsed] ...   snr=+0.0dB [ber_drl]  snr=+2.0dB [ber_drl]  snr=+4.0dB [ber_drl]  snr=+6.0dB [ber_drl]  snr=+8.0dB [ber_drl]  snr=+10.0dB [ber_drl]  snr=+12.0dB [ber_drl]  snr=+14.0dB [ber_drl]  snr=+16.0dB [ber_drl]  snr=+18.0dB [ber_drl]  snr=+20.0dB [ber_drl]Done (6.98s)
Batch 1453/2000 (active points 11/11) [2h 49m 38s elapsed] ...   snr=+0.0dB [ber_drl]  snr=+2.0dB [ber_drl]  snr=+4.0dB [ber_drl]  snr=+6.0dB [ber_drl]  snr=+8.0dB [ber_drl]  snr=+10.0dB [ber_drl]  snr=+12.0dB [ber_drl]  snr=+14.0dB [ber_drl]  snr=+16.0dB [ber_drl]  snr=+18.0dB [ber_drl]  snr=+20.0dB [ber_drl]Done (7.12s)
Batch 1454/2000 (active points 11/11) [2h 49m 46s elapsed] ...   snr=+0.0dB [ber_drl]  snr=+2.0dB [ber_drl]  snr=+4.0dB [ber_drl]  snr=+6.0dB [ber_drl]  snr=+8.0dB [ber_drl]  snr=+10.0dB [ber_drl]  snr=+12.0dB [ber_drl]  snr=+14.0dB [ber_drl]  snr=+16.0dB [ber_drl]  snr=+18.0dB [ber_drl]  snr=+20.0dB [ber_drl]Done (7.16s)
Batch 1455/2000 (active points 11/11) [2h 49m 53s elapsed] ...   snr=+0.0dB [ber_drl]  snr=+2.0dB [ber_drl]  snr=+4.0dB [ber_drl]  snr=+6.0dB [ber_drl]  snr=+8.0dB [ber_drl]  snr=+10.0dB [ber_drl]  snr=+12.0dB [ber_drl]  snr=+14.0dB [ber_drl]  snr=+16.0dB [ber_drl]  snr=+18.0dB [ber_drl]  snr=+20.0dB [ber_drl]Done (7.18s)
Batch 1456/2000 (active points 11/11) [2h 50m 00s elapsed] ...   snr=+0.0dB [ber_drl]  snr=+2.0dB [ber_drl]  snr=+4.0dB [ber_drl]  snr=+6.0dB [ber_drl]  snr=+8.0dB [ber_drl]  snr=+10.0dB [ber_drl]  snr=+12.0dB [ber_drl]  snr=+14.0dB [ber_drl]  snr=+16.0dB [ber_drl]  snr=+18.0dB [ber_drl]  snr=+20.0dB [ber_drl]Done (7.00s)
Batch 1457/2000 (active points 11/11) [2h 50m 07s elapsed] ...   snr=+0.0dB [ber_drl]  snr=+2.0dB [ber_drl]  snr=+4.0dB [ber_drl]  snr=+6.0dB [ber_drl]  snr=+8.0dB [ber_drl]  snr=+10.0dB [ber_drl]  snr=+12.0dB [ber_drl]  snr=+14.0dB [ber_drl]  snr=+16.0dB [ber_drl]  snr=+18.0dB [ber_drl]  snr=+20.0dB [ber_drl]Done (7.06s)
Batch 1458/2000 (active points 11/11) [2h 50m 14s elapsed] ...   snr=+0.0dB [ber_drl]  snr=+2.0dB [ber_drl]  snr=+4.0dB [ber_drl]  snr=+6.0dB [ber_drl]  snr=+8.0dB [ber_drl]  snr=+10.0dB [ber_drl]  snr=+12.0dB [ber_drl]  snr=+14.0dB [ber_drl]  snr=+16.0dB [ber_drl]  snr=+18.0dB [ber_drl]  snr=+20.0dB [ber_drl]Done (7.06s)
Batch 1459/2000 (active points 11/11) [2h 50m 21s elapsed] ...   snr=+0.0dB [ber_drl]  snr=+2.0dB [ber_drl]  snr=+4.0dB [ber_drl]  snr=+6.0dB [ber_drl]  snr=+8.0dB [ber_drl]  snr=+10.0dB [ber_drl]  snr=+12.0dB [ber_drl]  snr=+14.0dB [ber_drl]  snr=+16.0dB [ber_drl]  snr=+18.0dB [ber_drl]  snr=+20.0dB [ber_drl]Done (7.11s)
Batch 1460/2000 (active points 11/11) [2h 50m 28s elapsed] ...   snr=+0.0dB [ber_drl]  snr=+2.0dB [ber_drl]  snr=+4.0dB [ber_drl]  snr=+6.0dB [ber_drl]  snr=+8.0dB [ber_drl]  snr=+10.0dB [ber_drl]  snr=+12.0dB [ber_drl]  snr=+14.0dB [ber_drl]  snr=+16.0dB [ber_drl]  snr=+18.0dB [ber_drl]  snr=+20.0dB [ber_drl]Done (7.04s)
Batch 1461/2000 (active points 11/11) [2h 50m 35s elapsed] ...   snr=+0.0dB [ber_drl]  snr=+2.0dB [ber_drl]  snr=+4.0dB [ber_drl]  snr=+6.0dB [ber_drl]  snr=+8.0dB [ber_drl]  snr=+10.0dB [ber_drl]  snr=+12.0dB [ber_drl]  snr=+14.0dB [ber_drl]  snr=+16.0dB [ber_drl]  snr=+18.0dB [ber_drl]  snr=+20.0dB [ber_drl]Done (7.05s)
Batch 1462/2000 (active points 11/11) [2h 50m 42s elapsed] ...   snr=+0.0dB [ber_drl]  snr=+2.0dB [ber_drl]  snr=+4.0dB [ber_drl]  snr=+6.0dB [ber_drl]  snr=+8.0dB [ber_drl]  snr=+10.0dB [ber_drl]  snr=+12.0dB [ber_drl]  snr=+14.0dB [ber_drl]  snr=+16.0dB [ber_drl]  snr=+18.0dB [ber_drl]  snr=+20.0dB [ber_drl]Done (7.11s)
Batch 1463/2000 (active points 11/11) [2h 50m 49s elapsed] ...   snr=+0.0dB [ber_drl]  snr=+2.0dB [ber_drl]  snr=+4.0dB [ber_drl]  snr=+6.0dB [ber_drl]  snr=+8.0dB [ber_drl]  snr=+10.0dB [ber_drl]  snr=+12.0dB [ber_drl]  snr=+14.0dB [ber_drl]  snr=+16.0dB [ber_drl]  snr=+18.0dB [ber_drl]  snr=+20.0dB [ber_drl]Done (7.11s)
Batch 1464/2000 (active points 11/11) [2h 50m 57s elapsed] ...   snr=+0.0dB [ber_drl]  snr=+2.0dB [ber_drl]  snr=+4.0dB [ber_drl]  snr=+6.0dB [ber_drl]  snr=+8.0dB [ber_drl]  snr=+10.0dB [ber_drl]  snr=+12.0dB [ber_drl]  snr=+14.0dB [ber_drl]  snr=+16.0dB [ber_drl]  snr=+18.0dB [ber_drl]  snr=+20.0dB [ber_drl]Done (7.07s)
Batch 1465/2000 (active points 11/11) [2h 51m 04s elapsed] ...   snr=+0.0dB [ber_drl]  snr=+2.0dB [ber_drl]  snr=+4.0dB [ber_drl]  snr=+6.0dB [ber_drl]  snr=+8.0dB [ber_drl]  snr=+10.0dB [ber_drl]  snr=+12.0dB [ber_drl]  snr=+14.0dB [ber_drl]  snr=+16.0dB [ber_drl]  snr=+18.0dB [ber_drl]  snr=+20.0dB [ber_drl]Done (6.99s)
Batch 1466/2000 (active points 11/11) [2h 51m 11s elapsed] ...   snr=+0.0dB [ber_drl]  snr=+2.0dB [ber_drl]  snr=+4.0dB [ber_drl]  snr=+6.0dB [ber_drl]  snr=+8.0dB [ber_drl]  snr=+10.0dB [ber_drl]  snr=+12.0dB [ber_drl]  snr=+14.0dB [ber_drl]  snr=+16.0dB [ber_drl]  snr=+18.0dB [ber_drl]  snr=+20.0dB [ber_drl]Done (7.09s)
Batch 1467/2000 (active points 11/11) [2h 51m 18s elapsed] ...   snr=+0.0dB [ber_drl]  snr=+2.0dB [ber_drl]  snr=+4.0dB [ber_drl]  snr=+6.0dB [ber_drl]  snr=+8.0dB [ber_drl]  snr=+10.0dB [ber_drl]  snr=+12.0dB [ber_drl]  snr=+14.0dB [ber_drl]  snr=+16.0dB [ber_drl]  snr=+18.0dB [ber_drl]  snr=+20.0dB [ber_drl]Done (7.10s)
Batch 1468/2000 (active points 11/11) [2h 51m 25s elapsed] ...   snr=+0.0dB [ber_drl]  snr=+2.0dB [ber_drl]  snr=+4.0dB [ber_drl]  snr=+6.0dB [ber_drl]  snr=+8.0dB [ber_drl]  snr=+10.0dB [ber_drl]  snr=+12.0dB [ber_drl]  snr=+14.0dB [ber_drl]  snr=+16.0dB [ber_drl]  snr=+18.0dB [ber_drl]  snr=+20.0dB [ber_drl]Done (7.09s)
Batch 1469/2000 (active points 11/11) [2h 51m 32s elapsed] ...   snr=+0.0dB [ber_drl]  snr=+2.0dB [ber_drl]  snr=+4.0dB [ber_drl]  snr=+6.0dB [ber_drl]  snr=+8.0dB [ber_drl]  snr=+10.0dB [ber_drl]  snr=+12.0dB [ber_drl]  snr=+14.0dB [ber_drl]  snr=+16.0dB [ber_drl]  snr=+18.0dB [ber_drl]  snr=+20.0dB [ber_drl]Done (6.99s)
Batch 1470/2000 (active points 11/11) [2h 51m 39s elapsed] ...   snr=+0.0dB [ber_drl]  snr=+2.0dB [ber_drl]  snr=+4.0dB [ber_drl]  snr=+6.0dB [ber_drl]  snr=+8.0dB [ber_drl]  snr=+10.0dB [ber_drl]  snr=+12.0dB [ber_drl]  snr=+14.0dB [ber_drl]  snr=+16.0dB [ber_drl]  snr=+18.0dB [ber_drl]  snr=+20.0dB [ber_drl]Done (7.08s)
Batch 1471/2000 (active points 11/11) [2h 51m 46s elapsed] ...   snr=+0.0dB [ber_drl]  snr=+2.0dB [ber_drl]  snr=+4.0dB [ber_drl]  snr=+6.0dB [ber_drl]  snr=+8.0dB [ber_drl]  snr=+10.0dB [ber_drl]  snr=+12.0dB [ber_drl]  snr=+14.0dB [ber_drl]  snr=+16.0dB [ber_drl]  snr=+18.0dB [ber_drl]  snr=+20.0dB [ber_drl]Done (7.10s)
Batch 1472/2000 (active points 11/11) [2h 51m 53s elapsed] ...   snr=+0.0dB [ber_drl]  snr=+2.0dB [ber_drl]  snr=+4.0dB [ber_drl]  snr=+6.0dB [ber_drl]  snr=+8.0dB [ber_drl]  snr=+10.0dB [ber_drl]  snr=+12.0dB [ber_drl]  snr=+14.0dB [ber_drl]  snr=+16.0dB [ber_drl]  snr=+18.0dB [ber_drl]  snr=+20.0dB [ber_drl]Done (7.10s)
Batch 1473/2000 (active points 11/11) [2h 52m 00s elapsed] ...   snr=+0.0dB [ber_drl]  snr=+2.0dB [ber_drl]  snr=+4.0dB [ber_drl]  snr=+6.0dB [ber_drl]  snr=+8.0dB [ber_drl]  snr=+10.0dB [ber_drl]  snr=+12.0dB [ber_drl]  snr=+14.0dB [ber_drl]  snr=+16.0dB [ber_drl]  snr=+18.0dB [ber_drl]  snr=+20.0dB [ber_drl]Done (7.04s)
Batch 1474/2000 (active points 11/11) [2h 52m 07s elapsed] ...   snr=+0.0dB [ber_drl]  snr=+2.0dB [ber_drl]  snr=+4.0dB [ber_drl]  snr=+6.0dB [ber_drl]  snr=+8.0dB [ber_drl]  snr=+10.0dB [ber_drl]  snr=+12.0dB [ber_drl]  snr=+14.0dB [ber_drl]  snr=+16.0dB [ber_drl]  snr=+18.0dB [ber_drl]  snr=+20.0dB [ber_drl]Done (7.05s)
Batch 1475/2000 (active points 11/11) [2h 52m 14s elapsed] ...   snr=+0.0dB [ber_drl]  snr=+2.0dB [ber_drl]  snr=+4.0dB [ber_drl]  snr=+6.0dB [ber_drl]  snr=+8.0dB [ber_drl]  snr=+10.0dB [ber_drl]  snr=+12.0dB [ber_drl]  snr=+14.0dB [ber_drl]  snr=+16.0dB [ber_drl]  snr=+18.0dB [ber_drl]  snr=+20.0dB [ber_drl]Done (7.05s)
Batch 1476/2000 (active points 11/11) [2h 52m 21s elapsed] ...   snr=+0.0dB [ber_drl]  snr=+2.0dB [ber_drl]  snr=+4.0dB [ber_drl]  snr=+6.0dB [ber_drl]  snr=+8.0dB [ber_drl]  snr=+10.0dB [ber_drl]  snr=+12.0dB [ber_drl]  snr=+14.0dB [ber_drl]  snr=+16.0dB [ber_drl]  snr=+18.0dB [ber_drl]  snr=+20.0dB [ber_drl]Done (7.08s)
Batch 1477/2000 (active points 11/11) [2h 52m 28s elapsed] ...   snr=+0.0dB [ber_drl]  snr=+2.0dB [ber_drl]  snr=+4.0dB [ber_drl]  snr=+6.0dB [ber_drl]  snr=+8.0dB [ber_drl]  snr=+10.0dB [ber_drl]  snr=+12.0dB [ber_drl]  snr=+14.0dB [ber_drl]  snr=+16.0dB [ber_drl]  snr=+18.0dB [ber_drl]  snr=+20.0dB [ber_drl]Done (7.13s)
Batch 1478/2000 (active points 11/11) [2h 52m 35s elapsed] ...   snr=+0.0dB [ber_drl]  snr=+2.0dB [ber_drl]  snr=+4.0dB [ber_drl]  snr=+6.0dB [ber_drl]  snr=+8.0dB [ber_drl]  snr=+10.0dB [ber_drl]  snr=+12.0dB [ber_drl]  snr=+14.0dB [ber_drl]  snr=+16.0dB [ber_drl]  snr=+18.0dB [ber_drl]  snr=+20.0dB [ber_drl]Done (6.99s)
Batch 1479/2000 (active points 11/11) [2h 52m 42s elapsed] ...   snr=+0.0dB [ber_drl]  snr=+2.0dB [ber_drl]  snr=+4.0dB [ber_drl]  snr=+6.0dB [ber_drl]  snr=+8.0dB [ber_drl]  snr=+10.0dB [ber_drl]  snr=+12.0dB [ber_drl]  snr=+14.0dB [ber_drl]  snr=+16.0dB [ber_drl]  snr=+18.0dB [ber_drl]  snr=+20.0dB [ber_drl]Done (7.26s)
Batch 1480/2000 (active points 11/11) [2h 52m 50s elapsed] ...   snr=+0.0dB [ber_drl]  snr=+2.0dB [ber_drl]  snr=+4.0dB [ber_drl]  snr=+6.0dB [ber_drl]  snr=+8.0dB [ber_drl]  snr=+10.0dB [ber_drl]  snr=+12.0dB [ber_drl]  snr=+14.0dB [ber_drl]  snr=+16.0dB [ber_drl]  snr=+18.0dB [ber_drl]  snr=+20.0dB [ber_drl]Done (7.60s)
Batch 1481/2000 (active points 11/11) [2h 52m 57s elapsed] ...   snr=+0.0dB [ber_drl]  snr=+2.0dB [ber_drl]  snr=+4.0dB [ber_drl]  snr=+6.0dB [ber_drl]  snr=+8.0dB [ber_drl]  snr=+10.0dB [ber_drl]  snr=+12.0dB [ber_drl]  snr=+14.0dB [ber_drl]  snr=+16.0dB [ber_drl]  snr=+18.0dB [ber_drl]  snr=+20.0dB [ber_drl]Done (7.13s)
Batch 1482/2000 (active points 11/11) [2h 53m 04s elapsed] ...   snr=+0.0dB [ber_drl]  snr=+2.0dB [ber_drl]  snr=+4.0dB [ber_drl]  snr=+6.0dB [ber_drl]  snr=+8.0dB [ber_drl]  snr=+10.0dB [ber_drl]  snr=+12.0dB [ber_drl]  snr=+14.0dB [ber_drl]  snr=+16.0dB [ber_drl]  snr=+18.0dB [ber_drl]  snr=+20.0dB [ber_drl]Done (7.11s)
Batch 1483/2000 (active points 11/11) [2h 53m 12s elapsed] ...   snr=+0.0dB [ber_drl]  snr=+2.0dB [ber_drl]  snr=+4.0dB [ber_drl]  snr=+6.0dB [ber_drl]  snr=+8.0dB [ber_drl]  snr=+10.0dB [ber_drl]  snr=+12.0dB [ber_drl]  snr=+14.0dB [ber_drl]  snr=+16.0dB [ber_drl]  snr=+18.0dB [ber_drl]  snr=+20.0dB [ber_drl]Done (7.00s)
Batch 1484/2000 (active points 11/11) [2h 53m 19s elapsed] ...   snr=+0.0dB [ber_drl]  snr=+2.0dB [ber_drl]  snr=+4.0dB [ber_drl]  snr=+6.0dB [ber_drl]  snr=+8.0dB [ber_drl]  snr=+10.0dB [ber_drl]  snr=+12.0dB [ber_drl]  snr=+14.0dB [ber_drl]  snr=+16.0dB [ber_drl]  snr=+18.0dB [ber_drl]  snr=+20.0dB [ber_drl]Done (7.10s)
Batch 1485/2000 (active points 11/11) [2h 53m 26s elapsed] ...   snr=+0.0dB [ber_drl]  snr=+2.0dB [ber_drl]  snr=+4.0dB [ber_drl]  snr=+6.0dB [ber_drl]  snr=+8.0dB [ber_drl]  snr=+10.0dB [ber_drl]  snr=+12.0dB [ber_drl]  snr=+14.0dB [ber_drl]  snr=+16.0dB [ber_drl]  snr=+18.0dB [ber_drl]  snr=+20.0dB [ber_drl]Done (7.07s)
Batch 1486/2000 (active points 11/11) [2h 53m 33s elapsed] ...   snr=+0.0dB [ber_drl]  snr=+2.0dB [ber_drl]  snr=+4.0dB [ber_drl]  snr=+6.0dB [ber_drl]  snr=+8.0dB [ber_drl]  snr=+10.0dB [ber_drl]  snr=+12.0dB [ber_drl]  snr=+14.0dB [ber_drl]  snr=+16.0dB [ber_drl]  snr=+18.0dB [ber_drl]  snr=+20.0dB [ber_drl]Done (7.07s)
Batch 1487/2000 (active points 11/11) [2h 53m 40s elapsed] ...   snr=+0.0dB [ber_drl]  snr=+2.0dB [ber_drl]  snr=+4.0dB [ber_drl]  snr=+6.0dB [ber_drl]  snr=+8.0dB [ber_drl]  snr=+10.0dB [ber_drl]  snr=+12.0dB [ber_drl]  snr=+14.0dB [ber_drl]  snr=+16.0dB [ber_drl]  snr=+18.0dB [ber_drl]  snr=+20.0dB [ber_drl]Done (7.11s)
Batch 1488/2000 (active points 11/11) [2h 53m 47s elapsed] ...   snr=+0.0dB [ber_drl]  snr=+2.0dB [ber_drl]  snr=+4.0dB [ber_drl]  snr=+6.0dB [ber_drl]  snr=+8.0dB [ber_drl]  snr=+10.0dB [ber_drl]  snr=+12.0dB [ber_drl]  snr=+14.0dB [ber_drl]  snr=+16.0dB [ber_drl]  snr=+18.0dB [ber_drl]  snr=+20.0dB [ber_drl]Done (7.05s)
Batch 1489/2000 (active points 11/11) [2h 53m 54s elapsed] ...   snr=+0.0dB [ber_drl]  snr=+2.0dB [ber_drl]  snr=+4.0dB [ber_drl]  snr=+6.0dB [ber_drl]  snr=+8.0dB [ber_drl]  snr=+10.0dB [ber_drl]  snr=+12.0dB [ber_drl]  snr=+14.0dB [ber_drl]  snr=+16.0dB [ber_drl]  snr=+18.0dB [ber_drl]  snr=+20.0dB [ber_drl]Done (7.15s)
Batch 1490/2000 (active points 11/11) [2h 54m 01s elapsed] ...   snr=+0.0dB [ber_drl]  snr=+2.0dB [ber_drl]  snr=+4.0dB [ber_drl]  snr=+6.0dB [ber_drl]  snr=+8.0dB [ber_drl]  snr=+10.0dB [ber_drl]  snr=+12.0dB [ber_drl]  snr=+14.0dB [ber_drl]  snr=+16.0dB [ber_drl]  snr=+18.0dB [ber_drl]  snr=+20.0dB [ber_drl]Done (7.07s)
Batch 1491/2000 (active points 11/11) [2h 54m 08s elapsed] ...   snr=+0.0dB [ber_drl]  snr=+2.0dB [ber_drl]  snr=+4.0dB [ber_drl]  snr=+6.0dB [ber_drl]  snr=+8.0dB [ber_drl]  snr=+10.0dB [ber_drl]  snr=+12.0dB [ber_drl]  snr=+14.0dB [ber_drl]  snr=+16.0dB [ber_drl]  snr=+18.0dB [ber_drl]  snr=+20.0dB [ber_drl]Done (7.05s)
Batch 1492/2000 (active points 11/11) [2h 54m 15s elapsed] ...   snr=+0.0dB [ber_drl]  snr=+2.0dB [ber_drl]  snr=+4.0dB [ber_drl]  snr=+6.0dB [ber_drl]  snr=+8.0dB [ber_drl]  snr=+10.0dB [ber_drl]  snr=+12.0dB [ber_drl]  snr=+14.0dB [ber_drl]  snr=+16.0dB [ber_drl]  snr=+18.0dB [ber_drl]  snr=+20.0dB [ber_drl]Done (7.02s)
Batch 1493/2000 (active points 11/11) [2h 54m 22s elapsed] ...   snr=+0.0dB [ber_drl]  snr=+2.0dB [ber_drl]  snr=+4.0dB [ber_drl]  snr=+6.0dB [ber_drl]  snr=+8.0dB [ber_drl]  snr=+10.0dB [ber_drl]  snr=+12.0dB [ber_drl]  snr=+14.0dB [ber_drl]  snr=+16.0dB [ber_drl]  snr=+18.0dB [ber_drl]  snr=+20.0dB [ber_drl]Done (7.16s)
Batch 1494/2000 (active points 11/11) [2h 54m 29s elapsed] ...   snr=+0.0dB [ber_drl]  snr=+2.0dB [ber_drl]  snr=+4.0dB [ber_drl]  snr=+6.0dB [ber_drl]  snr=+8.0dB [ber_drl]  snr=+10.0dB [ber_drl]  snr=+12.0dB [ber_drl]  snr=+14.0dB [ber_drl]  snr=+16.0dB [ber_drl]  snr=+18.0dB [ber_drl]  snr=+20.0dB [ber_drl]Done (7.07s)
Batch 1495/2000 (active points 11/11) [2h 54m 37s elapsed] ...   snr=+0.0dB [ber_drl]  snr=+2.0dB [ber_drl]  snr=+4.0dB [ber_drl]  snr=+6.0dB [ber_drl]  snr=+8.0dB [ber_drl]  snr=+10.0dB [ber_drl]  snr=+12.0dB [ber_drl]  snr=+14.0dB [ber_drl]  snr=+16.0dB [ber_drl]  snr=+18.0dB [ber_drl]  snr=+20.0dB [ber_drl]Done (7.13s)
Batch 1496/2000 (active points 11/11) [2h 54m 44s elapsed] ...   snr=+0.0dB [ber_drl]  snr=+2.0dB [ber_drl]  snr=+4.0dB [ber_drl]  snr=+6.0dB [ber_drl]  snr=+8.0dB [ber_drl]  snr=+10.0dB [ber_drl]  snr=+12.0dB [ber_drl]  snr=+14.0dB [ber_drl]  snr=+16.0dB [ber_drl]  snr=+18.0dB [ber_drl]  snr=+20.0dB [ber_drl]Done (7.00s)
Batch 1497/2000 (active points 11/11) [2h 54m 51s elapsed] ...   snr=+0.0dB [ber_drl]  snr=+2.0dB [ber_drl]  snr=+4.0dB [ber_drl]  snr=+6.0dB [ber_drl]  snr=+8.0dB [ber_drl]  snr=+10.0dB [ber_drl]  snr=+12.0dB [ber_drl]  snr=+14.0dB [ber_drl]  snr=+16.0dB [ber_drl]  snr=+18.0dB [ber_drl]  snr=+20.0dB [ber_drl]Done (7.11s)
Batch 1498/2000 (active points 11/11) [2h 54m 58s elapsed] ...   snr=+0.0dB [ber_drl]  snr=+2.0dB [ber_drl]  snr=+4.0dB [ber_drl]  snr=+6.0dB [ber_drl]  snr=+8.0dB [ber_drl]  snr=+10.0dB [ber_drl]  snr=+12.0dB [ber_drl]  snr=+14.0dB [ber_drl]  snr=+16.0dB [ber_drl]  snr=+18.0dB [ber_drl]  snr=+20.0dB [ber_drl]Done (7.11s)
Batch 1499/2000 (active points 11/11) [2h 55m 05s elapsed] ...   snr=+0.0dB [ber_drl]  snr=+2.0dB [ber_drl]  snr=+4.0dB [ber_drl]  snr=+6.0dB [ber_drl]  snr=+8.0dB [ber_drl]  snr=+10.0dB [ber_drl]  snr=+12.0dB [ber_drl]  snr=+14.0dB [ber_drl]  snr=+16.0dB [ber_drl]  snr=+18.0dB [ber_drl]  snr=+20.0dB [ber_drl]Done (7.09s)
Batch 1500/2000 (active points 11/11) [2h 55m 12s elapsed] ...   snr=+0.0dB [ber_drl]  snr=+2.0dB [ber_drl]  snr=+4.0dB [ber_drl]  snr=+6.0dB [ber_drl]  snr=+8.0dB [ber_drl]  snr=+10.0dB [ber_drl]  snr=+12.0dB [ber_drl]  snr=+14.0dB [ber_drl]  snr=+16.0dB [ber_drl]  snr=+18.0dB [ber_drl]  snr=+20.0dB [ber_drl]Done (7.10s)
Batch 1501/2000 (active points 11/11) [2h 55m 19s elapsed] ...   snr=+0.0dB [ber_drl]  snr=+2.0dB [ber_drl]  snr=+4.0dB [ber_drl]  snr=+6.0dB [ber_drl]  snr=+8.0dB [ber_drl]  snr=+10.0dB [ber_drl]  snr=+12.0dB [ber_drl]  snr=+14.0dB [ber_drl]  snr=+16.0dB [ber_drl]  snr=+18.0dB [ber_drl]  snr=+20.0dB [ber_drl]Done (7.04s)
Batch 1502/2000 (active points 11/11) [2h 55m 26s elapsed] ...   snr=+0.0dB [ber_drl]  snr=+2.0dB [ber_drl]  snr=+4.0dB [ber_drl]  snr=+6.0dB [ber_drl]  snr=+8.0dB [ber_drl]  snr=+10.0dB [ber_drl]  snr=+12.0dB [ber_drl]  snr=+14.0dB [ber_drl]  snr=+16.0dB [ber_drl]  snr=+18.0dB [ber_drl]  snr=+20.0dB [ber_drl]Done (7.08s)
Batch 1503/2000 (active points 11/11) [2h 55m 33s elapsed] ...   snr=+0.0dB [ber_drl]  snr=+2.0dB [ber_drl]  snr=+4.0dB [ber_drl]  snr=+6.0dB [ber_drl]  snr=+8.0dB [ber_drl]  snr=+10.0dB [ber_drl]  snr=+12.0dB [ber_drl]  snr=+14.0dB [ber_drl]  snr=+16.0dB [ber_drl]  snr=+18.0dB [ber_drl]  snr=+20.0dB [ber_drl]Done (7.08s)
Batch 1504/2000 (active points 11/11) [2h 55m 40s elapsed] ...   snr=+0.0dB [ber_drl]  snr=+2.0dB [ber_drl]  snr=+4.0dB [ber_drl]  snr=+6.0dB [ber_drl]  snr=+8.0dB [ber_drl]  snr=+10.0dB [ber_drl]  snr=+12.0dB [ber_drl]  snr=+14.0dB [ber_drl]  snr=+16.0dB [ber_drl]  snr=+18.0dB [ber_drl]  snr=+20.0dB [ber_drl]Done (7.06s)
Batch 1505/2000 (active points 11/11) [2h 55m 47s elapsed] ...   snr=+0.0dB [ber_drl]  snr=+2.0dB [ber_drl]  snr=+4.0dB [ber_drl]  snr=+6.0dB [ber_drl]  snr=+8.0dB [ber_drl]  snr=+10.0dB [ber_drl]  snr=+12.0dB [ber_drl]  snr=+14.0dB [ber_drl]  snr=+16.0dB [ber_drl]  snr=+18.0dB [ber_drl]  snr=+20.0dB [ber_drl]Done (7.07s)
Batch 1506/2000 (active points 11/11) [2h 55m 54s elapsed] ...   snr=+0.0dB [ber_drl]  snr=+2.0dB [ber_drl]  snr=+4.0dB [ber_drl]  snr=+6.0dB [ber_drl]  snr=+8.0dB [ber_drl]  snr=+10.0dB [ber_drl]  snr=+12.0dB [ber_drl]  snr=+14.0dB [ber_drl]  snr=+16.0dB [ber_drl]  snr=+18.0dB [ber_drl]  snr=+20.0dB [ber_drl]Done (7.08s)
Batch 1507/2000 (active points 11/11) [2h 56m 01s elapsed] ...   snr=+0.0dB [ber_drl]  snr=+2.0dB [ber_drl]  snr=+4.0dB [ber_drl]  snr=+6.0dB [ber_drl]  snr=+8.0dB [ber_drl]  snr=+10.0dB [ber_drl]  snr=+12.0dB [ber_drl]  snr=+14.0dB [ber_drl]  snr=+16.0dB [ber_drl]  snr=+18.0dB [ber_drl]  snr=+20.0dB [ber_drl]Done (7.07s)
Batch 1508/2000 (active points 11/11) [2h 56m 09s elapsed] ...   snr=+0.0dB [ber_drl]  snr=+2.0dB [ber_drl]  snr=+4.0dB [ber_drl]  snr=+6.0dB [ber_drl]  snr=+8.0dB [ber_drl]  snr=+10.0dB [ber_drl]  snr=+12.0dB [ber_drl]  snr=+14.0dB [ber_drl]  snr=+16.0dB [ber_drl]  snr=+18.0dB [ber_drl]  snr=+20.0dB [ber_drl]Done (7.13s)
Batch 1509/2000 (active points 11/11) [2h 56m 16s elapsed] ...   snr=+0.0dB [ber_drl]  snr=+2.0dB [ber_drl]  snr=+4.0dB [ber_drl]  snr=+6.0dB [ber_drl]  snr=+8.0dB [ber_drl]  snr=+10.0dB [ber_drl]  snr=+12.0dB [ber_drl]  snr=+14.0dB [ber_drl]  snr=+16.0dB [ber_drl]  snr=+18.0dB [ber_drl]  snr=+20.0dB [ber_drl]Done (6.97s)
Batch 1510/2000 (active points 11/11) [2h 56m 23s elapsed] ...   snr=+0.0dB [ber_drl]  snr=+2.0dB [ber_drl]  snr=+4.0dB [ber_drl]  snr=+6.0dB [ber_drl]  snr=+8.0dB [ber_drl]  snr=+10.0dB [ber_drl]  snr=+12.0dB [ber_drl]  snr=+14.0dB [ber_drl]  snr=+16.0dB [ber_drl]  snr=+18.0dB [ber_drl]  snr=+20.0dB [ber_drl]Done (7.06s)
Batch 1511/2000 (active points 11/11) [2h 56m 30s elapsed] ...   snr=+0.0dB [ber_drl]  snr=+2.0dB [ber_drl]  snr=+4.0dB [ber_drl]  snr=+6.0dB [ber_drl]  snr=+8.0dB [ber_drl]  snr=+10.0dB [ber_drl]  snr=+12.0dB [ber_drl]  snr=+14.0dB [ber_drl]  snr=+16.0dB [ber_drl]  snr=+18.0dB [ber_drl]  snr=+20.0dB [ber_drl]Done (7.10s)
Batch 1512/2000 (active points 11/11) [2h 56m 37s elapsed] ...   snr=+0.0dB [ber_drl]  snr=+2.0dB [ber_drl]  snr=+4.0dB [ber_drl]  snr=+6.0dB [ber_drl]  snr=+8.0dB [ber_drl]  snr=+10.0dB [ber_drl]  snr=+12.0dB [ber_drl]  snr=+14.0dB [ber_drl]  snr=+16.0dB [ber_drl]  snr=+18.0dB [ber_drl]  snr=+20.0dB [ber_drl]Done (7.07s)
Batch 1513/2000 (active points 11/11) [2h 56m 44s elapsed] ...   snr=+0.0dB [ber_drl]  snr=+2.0dB [ber_drl]  snr=+4.0dB [ber_drl]  snr=+6.0dB [ber_drl]  snr=+8.0dB [ber_drl]  snr=+10.0dB [ber_drl]  snr=+12.0dB [ber_drl]  snr=+14.0dB [ber_drl]  snr=+16.0dB [ber_drl]  snr=+18.0dB [ber_drl]  snr=+20.0dB [ber_drl]Done (7.05s)
Batch 1514/2000 (active points 11/11) [2h 56m 51s elapsed] ...   snr=+0.0dB [ber_drl]  snr=+2.0dB [ber_drl]  snr=+4.0dB [ber_drl]  snr=+6.0dB [ber_drl]  snr=+8.0dB [ber_drl]  snr=+10.0dB [ber_drl]  snr=+12.0dB [ber_drl]  snr=+14.0dB [ber_drl]  snr=+16.0dB [ber_drl]  snr=+18.0dB [ber_drl]  snr=+20.0dB [ber_drl]Done (7.08s)
Batch 1515/2000 (active points 11/11) [2h 56m 58s elapsed] ...   snr=+0.0dB [ber_drl]  snr=+2.0dB [ber_drl]  snr=+4.0dB [ber_drl]  snr=+6.0dB [ber_drl]  snr=+8.0dB [ber_drl]  snr=+10.0dB [ber_drl]  snr=+12.0dB [ber_drl]  snr=+14.0dB [ber_drl]  snr=+16.0dB [ber_drl]  snr=+18.0dB [ber_drl]  snr=+20.0dB [ber_drl]Done (7.09s)
Batch 1516/2000 (active points 11/11) [2h 57m 05s elapsed] ...   snr=+0.0dB [ber_drl]  snr=+2.0dB [ber_drl]  snr=+4.0dB [ber_drl]  snr=+6.0dB [ber_drl]  snr=+8.0dB [ber_drl]  snr=+10.0dB [ber_drl]  snr=+12.0dB [ber_drl]  snr=+14.0dB [ber_drl]  snr=+16.0dB [ber_drl]  snr=+18.0dB [ber_drl]  snr=+20.0dB [ber_drl]Done (7.10s)
Batch 1517/2000 (active points 11/11) [2h 57m 12s elapsed] ...   snr=+0.0dB [ber_drl]  snr=+2.0dB [ber_drl]  snr=+4.0dB [ber_drl]  snr=+6.0dB [ber_drl]  snr=+8.0dB [ber_drl]  snr=+10.0dB [ber_drl]  snr=+12.0dB [ber_drl]  snr=+14.0dB [ber_drl]  snr=+16.0dB [ber_drl]  snr=+18.0dB [ber_drl]  snr=+20.0dB [ber_drl]Done (7.06s)
Batch 1518/2000 (active points 11/11) [2h 57m 19s elapsed] ...   snr=+0.0dB [ber_drl]  snr=+2.0dB [ber_drl]  snr=+4.0dB [ber_drl]  snr=+6.0dB [ber_drl]  snr=+8.0dB [ber_drl]  snr=+10.0dB [ber_drl]  snr=+12.0dB [ber_drl]  snr=+14.0dB [ber_drl]  snr=+16.0dB [ber_drl]  snr=+18.0dB [ber_drl]  snr=+20.0dB [ber_drl]Done (7.01s)
Batch 1519/2000 (active points 11/11) [2h 57m 26s elapsed] ...   snr=+0.0dB [ber_drl]  snr=+2.0dB [ber_drl]  snr=+4.0dB [ber_drl]  snr=+6.0dB [ber_drl]  snr=+8.0dB [ber_drl]  snr=+10.0dB [ber_drl]  snr=+12.0dB [ber_drl]  snr=+14.0dB [ber_drl]  snr=+16.0dB [ber_drl]  snr=+18.0dB [ber_drl]  snr=+20.0dB [ber_drl]Done (7.09s)
Batch 1520/2000 (active points 11/11) [2h 57m 33s elapsed] ...   snr=+0.0dB [ber_drl]  snr=+2.0dB [ber_drl]  snr=+4.0dB [ber_drl]  snr=+6.0dB [ber_drl]  snr=+8.0dB [ber_drl]  snr=+10.0dB [ber_drl]  snr=+12.0dB [ber_drl]  snr=+14.0dB [ber_drl]  snr=+16.0dB [ber_drl]  snr=+18.0dB [ber_drl]  snr=+20.0dB [ber_drl]Done (7.12s)
Batch 1521/2000 (active points 11/11) [2h 57m 40s elapsed] ...   snr=+0.0dB [ber_drl]  snr=+2.0dB [ber_drl]  snr=+4.0dB [ber_drl]  snr=+6.0dB [ber_drl]  snr=+8.0dB [ber_drl]  snr=+10.0dB [ber_drl]  snr=+12.0dB [ber_drl]  snr=+14.0dB [ber_drl]  snr=+16.0dB [ber_drl]  snr=+18.0dB [ber_drl]  snr=+20.0dB [ber_drl]Done (7.13s)
Batch 1522/2000 (active points 11/11) [2h 57m 48s elapsed] ...   snr=+0.0dB [ber_drl]  snr=+2.0dB [ber_drl]  snr=+4.0dB [ber_drl]  snr=+6.0dB [ber_drl]  snr=+8.0dB [ber_drl]  snr=+10.0dB [ber_drl]  snr=+12.0dB [ber_drl]  snr=+14.0dB [ber_drl]  snr=+16.0dB [ber_drl]  snr=+18.0dB [ber_drl]  snr=+20.0dB [ber_drl]Done (7.24s)
Batch 1523/2000 (active points 11/11) [2h 57m 55s elapsed] ...   snr=+0.0dB [ber_drl]  snr=+2.0dB [ber_drl]  snr=+4.0dB [ber_drl]  snr=+6.0dB [ber_drl]  snr=+8.0dB [ber_drl]  snr=+10.0dB [ber_drl]  snr=+12.0dB [ber_drl]  snr=+14.0dB [ber_drl]  snr=+16.0dB [ber_drl]  snr=+18.0dB [ber_drl]  snr=+20.0dB [ber_drl]Done (7.09s)
Batch 1524/2000 (active points 11/11) [2h 58m 02s elapsed] ...   snr=+0.0dB [ber_drl]  snr=+2.0dB [ber_drl]  snr=+4.0dB [ber_drl]  snr=+6.0dB [ber_drl]  snr=+8.0dB [ber_drl]  snr=+10.0dB [ber_drl]  snr=+12.0dB [ber_drl]  snr=+14.0dB [ber_drl]  snr=+16.0dB [ber_drl]  snr=+18.0dB [ber_drl]  snr=+20.0dB [ber_drl]Done (7.06s)
Batch 1525/2000 (active points 11/11) [2h 58m 09s elapsed] ...   snr=+0.0dB [ber_drl]  snr=+2.0dB [ber_drl]  snr=+4.0dB [ber_drl]  snr=+6.0dB [ber_drl]  snr=+8.0dB [ber_drl]  snr=+10.0dB [ber_drl]  snr=+12.0dB [ber_drl]  snr=+14.0dB [ber_drl]  snr=+16.0dB [ber_drl]  snr=+18.0dB [ber_drl]  snr=+20.0dB [ber_drl]Done (7.09s)
Batch 1526/2000 (active points 11/11) [2h 58m 16s elapsed] ...   snr=+0.0dB [ber_drl]  snr=+2.0dB [ber_drl]  snr=+4.0dB [ber_drl]  snr=+6.0dB [ber_drl]  snr=+8.0dB [ber_drl]  snr=+10.0dB [ber_drl]  snr=+12.0dB [ber_drl]  snr=+14.0dB [ber_drl]  snr=+16.0dB [ber_drl]  snr=+18.0dB [ber_drl]  snr=+20.0dB [ber_drl]Done (7.24s)
Batch 1527/2000 (active points 11/11) [2h 58m 23s elapsed] ...   snr=+0.0dB [ber_drl]  snr=+2.0dB [ber_drl]  snr=+4.0dB [ber_drl]  snr=+6.0dB [ber_drl]  snr=+8.0dB [ber_drl]  snr=+10.0dB [ber_drl]  snr=+12.0dB [ber_drl]  snr=+14.0dB [ber_drl]  snr=+16.0dB [ber_drl]  snr=+18.0dB [ber_drl]  snr=+20.0dB [ber_drl]Done (7.04s)
Batch 1528/2000 (active points 11/11) [2h 58m 30s elapsed] ...   snr=+0.0dB [ber_drl]  snr=+2.0dB [ber_drl]  snr=+4.0dB [ber_drl]  snr=+6.0dB [ber_drl]  snr=+8.0dB [ber_drl]  snr=+10.0dB [ber_drl]  snr=+12.0dB [ber_drl]  snr=+14.0dB [ber_drl]  snr=+16.0dB [ber_drl]  snr=+18.0dB [ber_drl]  snr=+20.0dB [ber_drl]Done (7.11s)
Batch 1529/2000 (active points 11/11) [2h 58m 37s elapsed] ...   snr=+0.0dB [ber_drl]  snr=+2.0dB [ber_drl]  snr=+4.0dB [ber_drl]  snr=+6.0dB [ber_drl]  snr=+8.0dB [ber_drl]  snr=+10.0dB [ber_drl]  snr=+12.0dB [ber_drl]  snr=+14.0dB [ber_drl]  snr=+16.0dB [ber_drl]  snr=+18.0dB [ber_drl]  snr=+20.0dB [ber_drl]Done (7.04s)
Batch 1530/2000 (active points 11/11) [2h 58m 45s elapsed] ...   snr=+0.0dB [ber_drl]  snr=+2.0dB [ber_drl]  snr=+4.0dB [ber_drl]  snr=+6.0dB [ber_drl]  snr=+8.0dB [ber_drl]  snr=+10.0dB [ber_drl]  snr=+12.0dB [ber_drl]  snr=+14.0dB [ber_drl]  snr=+16.0dB [ber_drl]  snr=+18.0dB [ber_drl]  snr=+20.0dB [ber_drl]Done (7.09s)
Batch 1531/2000 (active points 11/11) [2h 58m 52s elapsed] ...   snr=+0.0dB [ber_drl]  snr=+2.0dB [ber_drl]  snr=+4.0dB [ber_drl]  snr=+6.0dB [ber_drl]  snr=+8.0dB [ber_drl]  snr=+10.0dB [ber_drl]  snr=+12.0dB [ber_drl]  snr=+14.0dB [ber_drl]  snr=+16.0dB [ber_drl]  snr=+18.0dB [ber_drl]  snr=+20.0dB [ber_drl]Done (7.02s)
Batch 1532/2000 (active points 11/11) [2h 58m 59s elapsed] ...   snr=+0.0dB [ber_drl]  snr=+2.0dB [ber_drl]  snr=+4.0dB [ber_drl]  snr=+6.0dB [ber_drl]  snr=+8.0dB [ber_drl]  snr=+10.0dB [ber_drl]  snr=+12.0dB [ber_drl]  snr=+14.0dB [ber_drl]  snr=+16.0dB [ber_drl]  snr=+18.0dB [ber_drl]  snr=+20.0dB [ber_drl]Done (7.08s)
Batch 1533/2000 (active points 11/11) [2h 59m 06s elapsed] ...   snr=+0.0dB [ber_drl]  snr=+2.0dB [ber_drl]  snr=+4.0dB [ber_drl]  snr=+6.0dB [ber_drl]  snr=+8.0dB [ber_drl]  snr=+10.0dB [ber_drl]  snr=+12.0dB [ber_drl]  snr=+14.0dB [ber_drl]  snr=+16.0dB [ber_drl]  snr=+18.0dB [ber_drl]  snr=+20.0dB [ber_drl]Done (7.10s)
Batch 1534/2000 (active points 11/11) [2h 59m 13s elapsed] ...   snr=+0.0dB [ber_drl]  snr=+2.0dB [ber_drl]  snr=+4.0dB [ber_drl]  snr=+6.0dB [ber_drl]  snr=+8.0dB [ber_drl]  snr=+10.0dB [ber_drl]  snr=+12.0dB [ber_drl]  snr=+14.0dB [ber_drl]  snr=+16.0dB [ber_drl]  snr=+18.0dB [ber_drl]  snr=+20.0dB [ber_drl]Done (7.05s)
Batch 1535/2000 (active points 11/11) [2h 59m 20s elapsed] ...   snr=+0.0dB [ber_drl]  snr=+2.0dB [ber_drl]  snr=+4.0dB [ber_drl]  snr=+6.0dB [ber_drl]  snr=+8.0dB [ber_drl]  snr=+10.0dB [ber_drl]  snr=+12.0dB [ber_drl]  snr=+14.0dB [ber_drl]  snr=+16.0dB [ber_drl]  snr=+18.0dB [ber_drl]  snr=+20.0dB [ber_drl]Done (7.06s)
Batch 1536/2000 (active points 11/11) [2h 59m 27s elapsed] ...   snr=+0.0dB [ber_drl]  snr=+2.0dB [ber_drl]  snr=+4.0dB [ber_drl]  snr=+6.0dB [ber_drl]  snr=+8.0dB [ber_drl]  snr=+10.0dB [ber_drl]  snr=+12.0dB [ber_drl]  snr=+14.0dB [ber_drl]  snr=+16.0dB [ber_drl]  snr=+18.0dB [ber_drl]  snr=+20.0dB [ber_drl]Done (7.20s)
Batch 1537/2000 (active points 11/11) [2h 59m 34s elapsed] ...   snr=+0.0dB [ber_drl]  snr=+2.0dB [ber_drl]  snr=+4.0dB [ber_drl]  snr=+6.0dB [ber_drl]  snr=+8.0dB [ber_drl]  snr=+10.0dB [ber_drl]  snr=+12.0dB [ber_drl]  snr=+14.0dB [ber_drl]  snr=+16.0dB [ber_drl]  snr=+18.0dB [ber_drl]  snr=+20.0dB [ber_drl]Done (7.12s)
Batch 1538/2000 (active points 11/11) [2h 59m 41s elapsed] ...   snr=+0.0dB [ber_drl]  snr=+2.0dB [ber_drl]  snr=+4.0dB [ber_drl]  snr=+6.0dB [ber_drl]  snr=+8.0dB [ber_drl]  snr=+10.0dB [ber_drl]  snr=+12.0dB [ber_drl]  snr=+14.0dB [ber_drl]  snr=+16.0dB [ber_drl]  snr=+18.0dB [ber_drl]  snr=+20.0dB [ber_drl]Done (7.09s)
Batch 1539/2000 (active points 11/11) [2h 59m 48s elapsed] ...   snr=+0.0dB [ber_drl]  snr=+2.0dB [ber_drl]  snr=+4.0dB [ber_drl]  snr=+6.0dB [ber_drl]  snr=+8.0dB [ber_drl]  snr=+10.0dB [ber_drl]  snr=+12.0dB [ber_drl]  snr=+14.0dB [ber_drl]  snr=+16.0dB [ber_drl]  snr=+18.0dB [ber_drl]  snr=+20.0dB [ber_drl]Done (7.09s)
Batch 1540/2000 (active points 11/11) [2h 59m 55s elapsed] ...   snr=+0.0dB [ber_drl]  snr=+2.0dB [ber_drl]  snr=+4.0dB [ber_drl]  snr=+6.0dB [ber_drl]  snr=+8.0dB [ber_drl]  snr=+10.0dB [ber_drl]  snr=+12.0dB [ber_drl]  snr=+14.0dB [ber_drl]  snr=+16.0dB [ber_drl]  snr=+18.0dB [ber_drl]  snr=+20.0dB [ber_drl]Done (7.03s)
Batch 1541/2000 (active points 11/11) [3h 00m 02s elapsed] ...   snr=+0.0dB [ber_drl]  snr=+2.0dB [ber_drl]  snr=+4.0dB [ber_drl]  snr=+6.0dB [ber_drl]  snr=+8.0dB [ber_drl]  snr=+10.0dB [ber_drl]  snr=+12.0dB [ber_drl]  snr=+14.0dB [ber_drl]  snr=+16.0dB [ber_drl]  snr=+18.0dB [ber_drl]  snr=+20.0dB [ber_drl]Done (7.08s)
Batch 1542/2000 (active points 11/11) [3h 00m 10s elapsed] ...   snr=+0.0dB [ber_drl]  snr=+2.0dB [ber_drl]  snr=+4.0dB [ber_drl]  snr=+6.0dB [ber_drl]  snr=+8.0dB [ber_drl]  snr=+10.0dB [ber_drl]  snr=+12.0dB [ber_drl]  snr=+14.0dB [ber_drl]  snr=+16.0dB [ber_drl]  snr=+18.0dB [ber_drl]  snr=+20.0dB [ber_drl]Done (7.09s)
Batch 1543/2000 (active points 11/11) [3h 00m 17s elapsed] ...   snr=+0.0dB [ber_drl]  snr=+2.0dB [ber_drl]  snr=+4.0dB [ber_drl]  snr=+6.0dB [ber_drl]  snr=+8.0dB [ber_drl]  snr=+10.0dB [ber_drl]  snr=+12.0dB [ber_drl]  snr=+14.0dB [ber_drl]  snr=+16.0dB [ber_drl]  snr=+18.0dB [ber_drl]  snr=+20.0dB [ber_drl]Done (7.10s)
Batch 1544/2000 (active points 11/11) [3h 00m 24s elapsed] ...   snr=+0.0dB [ber_drl]  snr=+2.0dB [ber_drl]  snr=+4.0dB [ber_drl]  snr=+6.0dB [ber_drl]  snr=+8.0dB [ber_drl]  snr=+10.0dB [ber_drl]  snr=+12.0dB [ber_drl]  snr=+14.0dB [ber_drl]  snr=+16.0dB [ber_drl]  snr=+18.0dB [ber_drl]  snr=+20.0dB [ber_drl]Done (7.02s)
Batch 1545/2000 (active points 11/11) [3h 00m 31s elapsed] ...   snr=+0.0dB [ber_drl]  snr=+2.0dB [ber_drl]  snr=+4.0dB [ber_drl]  snr=+6.0dB [ber_drl]  snr=+8.0dB [ber_drl]  snr=+10.0dB [ber_drl]  snr=+12.0dB [ber_drl]  snr=+14.0dB [ber_drl]  snr=+16.0dB [ber_drl]  snr=+18.0dB [ber_drl]  snr=+20.0dB [ber_drl]Done (7.07s)
Batch 1546/2000 (active points 11/11) [3h 00m 38s elapsed] ...   snr=+0.0dB [ber_drl]  snr=+2.0dB [ber_drl]  snr=+4.0dB [ber_drl]  snr=+6.0dB [ber_drl]  snr=+8.0dB [ber_drl]  snr=+10.0dB [ber_drl]  snr=+12.0dB [ber_drl]  snr=+14.0dB [ber_drl]  snr=+16.0dB [ber_drl]  snr=+18.0dB [ber_drl]  snr=+20.0dB [ber_drl]Done (7.13s)
Batch 1547/2000 (active points 11/11) [3h 00m 45s elapsed] ...   snr=+0.0dB [ber_drl]  snr=+2.0dB [ber_drl]  snr=+4.0dB [ber_drl]  snr=+6.0dB [ber_drl]  snr=+8.0dB [ber_drl]  snr=+10.0dB [ber_drl]  snr=+12.0dB [ber_drl]  snr=+14.0dB [ber_drl]  snr=+16.0dB [ber_drl]  snr=+18.0dB [ber_drl]  snr=+20.0dB [ber_drl]Done (7.08s)
Batch 1548/2000 (active points 11/11) [3h 00m 52s elapsed] ...   snr=+0.0dB [ber_drl]  snr=+2.0dB [ber_drl]  snr=+4.0dB [ber_drl]  snr=+6.0dB [ber_drl]  snr=+8.0dB [ber_drl]  snr=+10.0dB [ber_drl]  snr=+12.0dB [ber_drl]  snr=+14.0dB [ber_drl]  snr=+16.0dB [ber_drl]  snr=+18.0dB [ber_drl]  snr=+20.0dB [ber_drl]Done (7.03s)
Batch 1549/2000 (active points 11/11) [3h 00m 59s elapsed] ...   snr=+0.0dB [ber_drl]  snr=+2.0dB [ber_drl]  snr=+4.0dB [ber_drl]  snr=+6.0dB [ber_drl]  snr=+8.0dB [ber_drl]  snr=+10.0dB [ber_drl]  snr=+12.0dB [ber_drl]  snr=+14.0dB [ber_drl]  snr=+16.0dB [ber_drl]  snr=+18.0dB [ber_drl]  snr=+20.0dB [ber_drl]Done (7.11s)
Batch 1550/2000 (active points 11/11) [3h 01m 06s elapsed] ...   snr=+0.0dB [ber_drl]  snr=+2.0dB [ber_drl]  snr=+4.0dB [ber_drl]  snr=+6.0dB [ber_drl]  snr=+8.0dB [ber_drl]  snr=+10.0dB [ber_drl]  snr=+12.0dB [ber_drl]  snr=+14.0dB [ber_drl]  snr=+16.0dB [ber_drl]  snr=+18.0dB [ber_drl]  snr=+20.0dB [ber_drl]Done (7.11s)
Batch 1551/2000 (active points 11/11) [3h 01m 13s elapsed] ...   snr=+0.0dB [ber_drl]  snr=+2.0dB [ber_drl]  snr=+4.0dB [ber_drl]  snr=+6.0dB [ber_drl]  snr=+8.0dB [ber_drl]  snr=+10.0dB [ber_drl]  snr=+12.0dB [ber_drl]  snr=+14.0dB [ber_drl]  snr=+16.0dB [ber_drl]  snr=+18.0dB [ber_drl]  snr=+20.0dB [ber_drl]Done (7.04s)
Batch 1552/2000 (active points 11/11) [3h 01m 20s elapsed] ...   snr=+0.0dB [ber_drl]  snr=+2.0dB [ber_drl]  snr=+4.0dB [ber_drl]  snr=+6.0dB [ber_drl]  snr=+8.0dB [ber_drl]  snr=+10.0dB [ber_drl]  snr=+12.0dB [ber_drl]  snr=+14.0dB [ber_drl]  snr=+16.0dB [ber_drl]  snr=+18.0dB [ber_drl]  snr=+20.0dB [ber_drl]Done (7.12s)
Batch 1553/2000 (active points 11/11) [3h 01m 27s elapsed] ...   snr=+0.0dB [ber_drl]  snr=+2.0dB [ber_drl]  snr=+4.0dB [ber_drl]  snr=+6.0dB [ber_drl]  snr=+8.0dB [ber_drl]  snr=+10.0dB [ber_drl]  snr=+12.0dB [ber_drl]  snr=+14.0dB [ber_drl]  snr=+16.0dB [ber_drl]  snr=+18.0dB [ber_drl]  snr=+20.0dB [ber_drl]Done (6.97s)
Batch 1554/2000 (active points 11/11) [3h 01m 34s elapsed] ...   snr=+0.0dB [ber_drl]  snr=+2.0dB [ber_drl]  snr=+4.0dB [ber_drl]  snr=+6.0dB [ber_drl]  snr=+8.0dB [ber_drl]  snr=+10.0dB [ber_drl]  snr=+12.0dB [ber_drl]  snr=+14.0dB [ber_drl]  snr=+16.0dB [ber_drl]  snr=+18.0dB [ber_drl]  snr=+20.0dB [ber_drl]Done (7.07s)
Batch 1555/2000 (active points 11/11) [3h 01m 42s elapsed] ...   snr=+0.0dB [ber_drl]  snr=+2.0dB [ber_drl]  snr=+4.0dB [ber_drl]  snr=+6.0dB [ber_drl]  snr=+8.0dB [ber_drl]  snr=+10.0dB [ber_drl]  snr=+12.0dB [ber_drl]  snr=+14.0dB [ber_drl]  snr=+16.0dB [ber_drl]  snr=+18.0dB [ber_drl]  snr=+20.0dB [ber_drl]Done (7.07s)
Batch 1556/2000 (active points 11/11) [3h 01m 49s elapsed] ...   snr=+0.0dB [ber_drl]  snr=+2.0dB [ber_drl]  snr=+4.0dB [ber_drl]  snr=+6.0dB [ber_drl]  snr=+8.0dB [ber_drl]  snr=+10.0dB [ber_drl]  snr=+12.0dB [ber_drl]  snr=+14.0dB [ber_drl]  snr=+16.0dB [ber_drl]  snr=+18.0dB [ber_drl]  snr=+20.0dB [ber_drl]Done (7.08s)
Batch 1557/2000 (active points 11/11) [3h 01m 56s elapsed] ...   snr=+0.0dB [ber_drl]  snr=+2.0dB [ber_drl]  snr=+4.0dB [ber_drl]  snr=+6.0dB [ber_drl]  snr=+8.0dB [ber_drl]  snr=+10.0dB [ber_drl]  snr=+12.0dB [ber_drl]  snr=+14.0dB [ber_drl]  snr=+16.0dB [ber_drl]  snr=+18.0dB [ber_drl]  snr=+20.0dB [ber_drl]Done (7.01s)
Batch 1558/2000 (active points 11/11) [3h 02m 03s elapsed] ...   snr=+0.0dB [ber_drl]  snr=+2.0dB [ber_drl]  snr=+4.0dB [ber_drl]  snr=+6.0dB [ber_drl]  snr=+8.0dB [ber_drl]  snr=+10.0dB [ber_drl]  snr=+12.0dB [ber_drl]  snr=+14.0dB [ber_drl]  snr=+16.0dB [ber_drl]  snr=+18.0dB [ber_drl]  snr=+20.0dB [ber_drl]Done (7.06s)
Batch 1559/2000 (active points 11/11) [3h 02m 10s elapsed] ...   snr=+0.0dB [ber_drl]  snr=+2.0dB [ber_drl]  snr=+4.0dB [ber_drl]  snr=+6.0dB [ber_drl]  snr=+8.0dB [ber_drl]  snr=+10.0dB [ber_drl]  snr=+12.0dB [ber_drl]  snr=+14.0dB [ber_drl]  snr=+16.0dB [ber_drl]  snr=+18.0dB [ber_drl]  snr=+20.0dB [ber_drl]Done (7.13s)
Batch 1560/2000 (active points 11/11) [3h 02m 17s elapsed] ...   snr=+0.0dB [ber_drl]  snr=+2.0dB [ber_drl]  snr=+4.0dB [ber_drl]  snr=+6.0dB [ber_drl]  snr=+8.0dB [ber_drl]  snr=+10.0dB [ber_drl]  snr=+12.0dB [ber_drl]  snr=+14.0dB [ber_drl]  snr=+16.0dB [ber_drl]  snr=+18.0dB [ber_drl]  snr=+20.0dB [ber_drl]Done (7.09s)
Batch 1561/2000 (active points 11/11) [3h 02m 24s elapsed] ...   snr=+0.0dB [ber_drl]  snr=+2.0dB [ber_drl]  snr=+4.0dB [ber_drl]  snr=+6.0dB [ber_drl]  snr=+8.0dB [ber_drl]  snr=+10.0dB [ber_drl]  snr=+12.0dB [ber_drl]  snr=+14.0dB [ber_drl]  snr=+16.0dB [ber_drl]  snr=+18.0dB [ber_drl]  snr=+20.0dB [ber_drl]Done (7.07s)
Batch 1562/2000 (active points 11/11) [3h 02m 31s elapsed] ...   snr=+0.0dB [ber_drl]  snr=+2.0dB [ber_drl]  snr=+4.0dB [ber_drl]  snr=+6.0dB [ber_drl]  snr=+8.0dB [ber_drl]  snr=+10.0dB [ber_drl]  snr=+12.0dB [ber_drl]  snr=+14.0dB [ber_drl]  snr=+16.0dB [ber_drl]  snr=+18.0dB [ber_drl]  snr=+20.0dB [ber_drl]Done (7.07s)
Batch 1563/2000 (active points 11/11) [3h 02m 38s elapsed] ...   snr=+0.0dB [ber_drl]  snr=+2.0dB [ber_drl]  snr=+4.0dB [ber_drl]  snr=+6.0dB [ber_drl]  snr=+8.0dB [ber_drl]  snr=+10.0dB [ber_drl]  snr=+12.0dB [ber_drl]  snr=+14.0dB [ber_drl]  snr=+16.0dB [ber_drl]  snr=+18.0dB [ber_drl]  snr=+20.0dB [ber_drl]Done (7.08s)
Batch 1564/2000 (active points 11/11) [3h 02m 45s elapsed] ...   snr=+0.0dB [ber_drl]  snr=+2.0dB [ber_drl]  snr=+4.0dB [ber_drl]  snr=+6.0dB [ber_drl]  snr=+8.0dB [ber_drl]  snr=+10.0dB [ber_drl]  snr=+12.0dB [ber_drl]  snr=+14.0dB [ber_drl]  snr=+16.0dB [ber_drl]  snr=+18.0dB [ber_drl]  snr=+20.0dB [ber_drl]Done (7.25s)
Batch 1565/2000 (active points 11/11) [3h 02m 52s elapsed] ...   snr=+0.0dB [ber_drl]  snr=+2.0dB [ber_drl]  snr=+4.0dB [ber_drl]  snr=+6.0dB [ber_drl]  snr=+8.0dB [ber_drl]  snr=+10.0dB [ber_drl]  snr=+12.0dB [ber_drl]  snr=+14.0dB [ber_drl]  snr=+16.0dB [ber_drl]  snr=+18.0dB [ber_drl]  snr=+20.0dB [ber_drl]Done (7.30s)
Batch 1566/2000 (active points 11/11) [3h 03m 00s elapsed] ...   snr=+0.0dB [ber_drl]  snr=+2.0dB [ber_drl]  snr=+4.0dB [ber_drl]  snr=+6.0dB [ber_drl]  snr=+8.0dB [ber_drl]  snr=+10.0dB [ber_drl]  snr=+12.0dB [ber_drl]  snr=+14.0dB [ber_drl]  snr=+16.0dB [ber_drl]  snr=+18.0dB [ber_drl]  snr=+20.0dB [ber_drl]Done (7.03s)
Batch 1567/2000 (active points 11/11) [3h 03m 07s elapsed] ...   snr=+0.0dB [ber_drl]  snr=+2.0dB [ber_drl]  snr=+4.0dB [ber_drl]  snr=+6.0dB [ber_drl]  snr=+8.0dB [ber_drl]  snr=+10.0dB [ber_drl]  snr=+12.0dB [ber_drl]  snr=+14.0dB [ber_drl]  snr=+16.0dB [ber_drl]  snr=+18.0dB [ber_drl]  snr=+20.0dB [ber_drl]Done (7.12s)
Batch 1568/2000 (active points 11/11) [3h 03m 14s elapsed] ...   snr=+0.0dB [ber_drl]  snr=+2.0dB [ber_drl]  snr=+4.0dB [ber_drl]  snr=+6.0dB [ber_drl]  snr=+8.0dB [ber_drl]  snr=+10.0dB [ber_drl]  snr=+12.0dB [ber_drl]  snr=+14.0dB [ber_drl]  snr=+16.0dB [ber_drl]  snr=+18.0dB [ber_drl]  snr=+20.0dB [ber_drl]Done (7.08s)
Batch 1569/2000 (active points 11/11) [3h 03m 21s elapsed] ...   snr=+0.0dB [ber_drl]  snr=+2.0dB [ber_drl]  snr=+4.0dB [ber_drl]  snr=+6.0dB [ber_drl]  snr=+8.0dB [ber_drl]  snr=+10.0dB [ber_drl]  snr=+12.0dB [ber_drl]  snr=+14.0dB [ber_drl]  snr=+16.0dB [ber_drl]  snr=+18.0dB [ber_drl]  snr=+20.0dB [ber_drl]Done (7.13s)
Batch 1570/2000 (active points 11/11) [3h 03m 28s elapsed] ...   snr=+0.0dB [ber_drl]  snr=+2.0dB [ber_drl]  snr=+4.0dB [ber_drl]  snr=+6.0dB [ber_drl]  snr=+8.0dB [ber_drl]  snr=+10.0dB [ber_drl]  snr=+12.0dB [ber_drl]  snr=+14.0dB [ber_drl]  snr=+16.0dB [ber_drl]  snr=+18.0dB [ber_drl]  snr=+20.0dB [ber_drl]Done (7.04s)
Batch 1571/2000 (active points 11/11) [3h 03m 35s elapsed] ...   snr=+0.0dB [ber_drl]  snr=+2.0dB [ber_drl]  snr=+4.0dB [ber_drl]  snr=+6.0dB [ber_drl]  snr=+8.0dB [ber_drl]  snr=+10.0dB [ber_drl]  snr=+12.0dB [ber_drl]  snr=+14.0dB [ber_drl]  snr=+16.0dB [ber_drl]  snr=+18.0dB [ber_drl]  snr=+20.0dB [ber_drl]Done (7.06s)
Batch 1572/2000 (active points 11/11) [3h 03m 42s elapsed] ...   snr=+0.0dB [ber_drl]  snr=+2.0dB [ber_drl]  snr=+4.0dB [ber_drl]  snr=+6.0dB [ber_drl]  snr=+8.0dB [ber_drl]  snr=+10.0dB [ber_drl]  snr=+12.0dB [ber_drl]  snr=+14.0dB [ber_drl]  snr=+16.0dB [ber_drl]  snr=+18.0dB [ber_drl]  snr=+20.0dB [ber_drl]Done (7.20s)
Batch 1573/2000 (active points 11/11) [3h 03m 49s elapsed] ...   snr=+0.0dB [ber_drl]  snr=+2.0dB [ber_drl]  snr=+4.0dB [ber_drl]  snr=+6.0dB [ber_drl]  snr=+8.0dB [ber_drl]  snr=+10.0dB [ber_drl]  snr=+12.0dB [ber_drl]  snr=+14.0dB [ber_drl]  snr=+16.0dB [ber_drl]  snr=+18.0dB [ber_drl]  snr=+20.0dB [ber_drl]Done (7.30s)
Batch 1574/2000 (active points 11/11) [3h 03m 57s elapsed] ...   snr=+0.0dB [ber_drl]  snr=+2.0dB [ber_drl]  snr=+4.0dB [ber_drl]  snr=+6.0dB [ber_drl]  snr=+8.0dB [ber_drl]  snr=+10.0dB [ber_drl]  snr=+12.0dB [ber_drl]  snr=+14.0dB [ber_drl]  snr=+16.0dB [ber_drl]  snr=+18.0dB [ber_drl]  snr=+20.0dB [ber_drl]Done (7.16s)
Batch 1575/2000 (active points 11/11) [3h 04m 04s elapsed] ...   snr=+0.0dB [ber_drl]  snr=+2.0dB [ber_drl]  snr=+4.0dB [ber_drl]  snr=+6.0dB [ber_drl]  snr=+8.0dB [ber_drl]  snr=+10.0dB [ber_drl]  snr=+12.0dB [ber_drl]  snr=+14.0dB [ber_drl]  snr=+16.0dB [ber_drl]  snr=+18.0dB [ber_drl]  snr=+20.0dB [ber_drl]Done (7.00s)
Batch 1576/2000 (active points 11/11) [3h 04m 11s elapsed] ...   snr=+0.0dB [ber_drl]  snr=+2.0dB [ber_drl]  snr=+4.0dB [ber_drl]  snr=+6.0dB [ber_drl]  snr=+8.0dB [ber_drl]  snr=+10.0dB [ber_drl]  snr=+12.0dB [ber_drl]  snr=+14.0dB [ber_drl]  snr=+16.0dB [ber_drl]  snr=+18.0dB [ber_drl]  snr=+20.0dB [ber_drl]Done (7.10s)
Batch 1577/2000 (active points 11/11) [3h 04m 18s elapsed] ...   snr=+0.0dB [ber_drl]  snr=+2.0dB [ber_drl]  snr=+4.0dB [ber_drl]  snr=+6.0dB [ber_drl]  snr=+8.0dB [ber_drl]  snr=+10.0dB [ber_drl]  snr=+12.0dB [ber_drl]  snr=+14.0dB [ber_drl]  snr=+16.0dB [ber_drl]  snr=+18.0dB [ber_drl]  snr=+20.0dB [ber_drl]Done (7.12s)
Batch 1578/2000 (active points 11/11) [3h 04m 25s elapsed] ...   snr=+0.0dB [ber_drl]  snr=+2.0dB [ber_drl]  snr=+4.0dB [ber_drl]  snr=+6.0dB [ber_drl]  snr=+8.0dB [ber_drl]  snr=+10.0dB [ber_drl]  snr=+12.0dB [ber_drl]  snr=+14.0dB [ber_drl]  snr=+16.0dB [ber_drl]  snr=+18.0dB [ber_drl]  snr=+20.0dB [ber_drl]Done (7.19s)
Batch 1579/2000 (active points 11/11) [3h 04m 32s elapsed] ...   snr=+0.0dB [ber_drl]  snr=+2.0dB [ber_drl]  snr=+4.0dB [ber_drl]  snr=+6.0dB [ber_drl]  snr=+8.0dB [ber_drl]  snr=+10.0dB [ber_drl]  snr=+12.0dB [ber_drl]  snr=+14.0dB [ber_drl]  snr=+16.0dB [ber_drl]  snr=+18.0dB [ber_drl]  snr=+20.0dB [ber_drl]Done (7.09s)
Batch 1580/2000 (active points 11/11) [3h 04m 39s elapsed] ...   snr=+0.0dB [ber_drl]  snr=+2.0dB [ber_drl]  snr=+4.0dB [ber_drl]  snr=+6.0dB [ber_drl]  snr=+8.0dB [ber_drl]  snr=+10.0dB [ber_drl]  snr=+12.0dB [ber_drl]  snr=+14.0dB [ber_drl]  snr=+16.0dB [ber_drl]  snr=+18.0dB [ber_drl]  snr=+20.0dB [ber_drl]Done (7.02s)
Batch 1581/2000 (active points 11/11) [3h 04m 46s elapsed] ...   snr=+0.0dB [ber_drl]  snr=+2.0dB [ber_drl]  snr=+4.0dB [ber_drl]  snr=+6.0dB [ber_drl]  snr=+8.0dB [ber_drl]  snr=+10.0dB [ber_drl]  snr=+12.0dB [ber_drl]  snr=+14.0dB [ber_drl]  snr=+16.0dB [ber_drl]  snr=+18.0dB [ber_drl]  snr=+20.0dB [ber_drl]Done (7.06s)
Batch 1582/2000 (active points 11/11) [3h 04m 53s elapsed] ...   snr=+0.0dB [ber_drl]  snr=+2.0dB [ber_drl]  snr=+4.0dB [ber_drl]  snr=+6.0dB [ber_drl]  snr=+8.0dB [ber_drl]  snr=+10.0dB [ber_drl]  snr=+12.0dB [ber_drl]  snr=+14.0dB [ber_drl]  snr=+16.0dB [ber_drl]  snr=+18.0dB [ber_drl]  snr=+20.0dB [ber_drl]Done (7.04s)
Batch 1583/2000 (active points 11/11) [3h 05m 00s elapsed] ...   snr=+0.0dB [ber_drl]  snr=+2.0dB [ber_drl]  snr=+4.0dB [ber_drl]  snr=+6.0dB [ber_drl]  snr=+8.0dB [ber_drl]  snr=+10.0dB [ber_drl]  snr=+12.0dB [ber_drl]  snr=+14.0dB [ber_drl]  snr=+16.0dB [ber_drl]  snr=+18.0dB [ber_drl]  snr=+20.0dB [ber_drl]Done (7.11s)
Batch 1584/2000 (active points 11/11) [3h 05m 08s elapsed] ...   snr=+0.0dB [ber_drl]  snr=+2.0dB [ber_drl]  snr=+4.0dB [ber_drl]  snr=+6.0dB [ber_drl]  snr=+8.0dB [ber_drl]  snr=+10.0dB [ber_drl]  snr=+12.0dB [ber_drl]  snr=+14.0dB [ber_drl]  snr=+16.0dB [ber_drl]  snr=+18.0dB [ber_drl]  snr=+20.0dB [ber_drl]Done (7.00s)
Batch 1585/2000 (active points 11/11) [3h 05m 15s elapsed] ...   snr=+0.0dB [ber_drl]  snr=+2.0dB [ber_drl]  snr=+4.0dB [ber_drl]  snr=+6.0dB [ber_drl]  snr=+8.0dB [ber_drl]  snr=+10.0dB [ber_drl]  snr=+12.0dB [ber_drl]  snr=+14.0dB [ber_drl]  snr=+16.0dB [ber_drl]  snr=+18.0dB [ber_drl]  snr=+20.0dB [ber_drl]Done (7.08s)
Batch 1586/2000 (active points 11/11) [3h 05m 22s elapsed] ...   snr=+0.0dB [ber_drl]  snr=+2.0dB [ber_drl]  snr=+4.0dB [ber_drl]  snr=+6.0dB [ber_drl]  snr=+8.0dB [ber_drl]  snr=+10.0dB [ber_drl]  snr=+12.0dB [ber_drl]  snr=+14.0dB [ber_drl]  snr=+16.0dB [ber_drl]  snr=+18.0dB [ber_drl]  snr=+20.0dB [ber_drl]Done (7.14s)
Batch 1587/2000 (active points 11/11) [3h 05m 29s elapsed] ...   snr=+0.0dB [ber_drl]  snr=+2.0dB [ber_drl]  snr=+4.0dB [ber_drl]  snr=+6.0dB [ber_drl]  snr=+8.0dB [ber_drl]  snr=+10.0dB [ber_drl]  snr=+12.0dB [ber_drl]  snr=+14.0dB [ber_drl]  snr=+16.0dB [ber_drl]  snr=+18.0dB [ber_drl]  snr=+20.0dB [ber_drl]Done (7.09s)
Batch 1588/2000 (active points 11/11) [3h 05m 36s elapsed] ...   snr=+0.0dB [ber_drl]  snr=+2.0dB [ber_drl]  snr=+4.0dB [ber_drl]  snr=+6.0dB [ber_drl]  snr=+8.0dB [ber_drl]  snr=+10.0dB [ber_drl]  snr=+12.0dB [ber_drl]  snr=+14.0dB [ber_drl]  snr=+16.0dB [ber_drl]  snr=+18.0dB [ber_drl]  snr=+20.0dB [ber_drl]Done (7.03s)
Batch 1589/2000 (active points 11/11) [3h 05m 43s elapsed] ...   snr=+0.0dB [ber_drl]  snr=+2.0dB [ber_drl]  snr=+4.0dB [ber_drl]  snr=+6.0dB [ber_drl]  snr=+8.0dB [ber_drl]  snr=+10.0dB [ber_drl]  snr=+12.0dB [ber_drl]  snr=+14.0dB [ber_drl]  snr=+16.0dB [ber_drl]  snr=+18.0dB [ber_drl]  snr=+20.0dB [ber_drl]Done (7.08s)
Batch 1590/2000 (active points 11/11) [3h 05m 50s elapsed] ...   snr=+0.0dB [ber_drl]  snr=+2.0dB [ber_drl]  snr=+4.0dB [ber_drl]  snr=+6.0dB [ber_drl]  snr=+8.0dB [ber_drl]  snr=+10.0dB [ber_drl]  snr=+12.0dB [ber_drl]  snr=+14.0dB [ber_drl]  snr=+16.0dB [ber_drl]  snr=+18.0dB [ber_drl]  snr=+20.0dB [ber_drl]Done (7.05s)
Batch 1591/2000 (active points 11/11) [3h 05m 57s elapsed] ...   snr=+0.0dB [ber_drl]  snr=+2.0dB [ber_drl]  snr=+4.0dB [ber_drl]  snr=+6.0dB [ber_drl]  snr=+8.0dB [ber_drl]  snr=+10.0dB [ber_drl]  snr=+12.0dB [ber_drl]  snr=+14.0dB [ber_drl]  snr=+16.0dB [ber_drl]  snr=+18.0dB [ber_drl]  snr=+20.0dB [ber_drl]Done (7.06s)
Batch 1592/2000 (active points 11/11) [3h 06m 04s elapsed] ...   snr=+0.0dB [ber_drl]  snr=+2.0dB [ber_drl]  snr=+4.0dB [ber_drl]  snr=+6.0dB [ber_drl]  snr=+8.0dB [ber_drl]  snr=+10.0dB [ber_drl]  snr=+12.0dB [ber_drl]  snr=+14.0dB [ber_drl]  snr=+16.0dB [ber_drl]  snr=+18.0dB [ber_drl]  snr=+20.0dB [ber_drl]Done (7.08s)
Batch 1593/2000 (active points 11/11) [3h 06m 11s elapsed] ...   snr=+0.0dB [ber_drl]  snr=+2.0dB [ber_drl]  snr=+4.0dB [ber_drl]  snr=+6.0dB [ber_drl]  snr=+8.0dB [ber_drl]  snr=+10.0dB [ber_drl]  snr=+12.0dB [ber_drl]  snr=+14.0dB [ber_drl]  snr=+16.0dB [ber_drl]  snr=+18.0dB [ber_drl]  snr=+20.0dB [ber_drl]Done (7.00s)
Batch 1594/2000 (active points 11/11) [3h 06m 18s elapsed] ...   snr=+0.0dB [ber_drl]  snr=+2.0dB [ber_drl]  snr=+4.0dB [ber_drl]  snr=+6.0dB [ber_drl]  snr=+8.0dB [ber_drl]  snr=+10.0dB [ber_drl]  snr=+12.0dB [ber_drl]  snr=+14.0dB [ber_drl]  snr=+16.0dB [ber_drl]  snr=+18.0dB [ber_drl]  snr=+20.0dB [ber_drl]Done (7.08s)
Batch 1595/2000 (active points 11/11) [3h 06m 25s elapsed] ...   snr=+0.0dB [ber_drl]  snr=+2.0dB [ber_drl]  snr=+4.0dB [ber_drl]  snr=+6.0dB [ber_drl]  snr=+8.0dB [ber_drl]  snr=+10.0dB [ber_drl]  snr=+12.0dB [ber_drl]  snr=+14.0dB [ber_drl]  snr=+16.0dB [ber_drl]  snr=+18.0dB [ber_drl]  snr=+20.0dB [ber_drl]Done (7.11s)
Batch 1596/2000 (active points 11/11) [3h 06m 32s elapsed] ...   snr=+0.0dB [ber_drl]  snr=+2.0dB [ber_drl]  snr=+4.0dB [ber_drl]  snr=+6.0dB [ber_drl]  snr=+8.0dB [ber_drl]  snr=+10.0dB [ber_drl]  snr=+12.0dB [ber_drl]  snr=+14.0dB [ber_drl]  snr=+16.0dB [ber_drl]  snr=+18.0dB [ber_drl]  snr=+20.0dB [ber_drl]Done (7.04s)
Batch 1597/2000 (active points 11/11) [3h 06m 39s elapsed] ...   snr=+0.0dB [ber_drl]  snr=+2.0dB [ber_drl]  snr=+4.0dB [ber_drl]  snr=+6.0dB [ber_drl]  snr=+8.0dB [ber_drl]  snr=+10.0dB [ber_drl]  snr=+12.0dB [ber_drl]  snr=+14.0dB [ber_drl]  snr=+16.0dB [ber_drl]  snr=+18.0dB [ber_drl]  snr=+20.0dB [ber_drl]Done (7.03s)
Batch 1598/2000 (active points 11/11) [3h 06m 46s elapsed] ...   snr=+0.0dB [ber_drl]  snr=+2.0dB [ber_drl]  snr=+4.0dB [ber_drl]  snr=+6.0dB [ber_drl]  snr=+8.0dB [ber_drl]  snr=+10.0dB [ber_drl]  snr=+12.0dB [ber_drl]  snr=+14.0dB [ber_drl]  snr=+16.0dB [ber_drl]  snr=+18.0dB [ber_drl]  snr=+20.0dB [ber_drl]Done (7.10s)
Batch 1599/2000 (active points 11/11) [3h 06m 54s elapsed] ...   snr=+0.0dB [ber_drl]  snr=+2.0dB [ber_drl]  snr=+4.0dB [ber_drl]  snr=+6.0dB [ber_drl]  snr=+8.0dB [ber_drl]  snr=+10.0dB [ber_drl]  snr=+12.0dB [ber_drl]  snr=+14.0dB [ber_drl]  snr=+16.0dB [ber_drl]  snr=+18.0dB [ber_drl]  snr=+20.0dB [ber_drl]Done (7.06s)
Batch 1600/2000 (active points 11/11) [3h 07m 01s elapsed] ...   snr=+0.0dB [ber_drl]  snr=+2.0dB [ber_drl]  snr=+4.0dB [ber_drl]  snr=+6.0dB [ber_drl]  snr=+8.0dB [ber_drl]  snr=+10.0dB [ber_drl]  snr=+12.0dB [ber_drl]  snr=+14.0dB [ber_drl]  snr=+16.0dB [ber_drl]  snr=+18.0dB [ber_drl]  snr=+20.0dB [ber_drl]Done (7.09s)
Batch 1601/2000 (active points 11/11) [3h 07m 08s elapsed] ...   snr=+0.0dB [ber_drl]  snr=+2.0dB [ber_drl]  snr=+4.0dB [ber_drl]  snr=+6.0dB [ber_drl]  snr=+8.0dB [ber_drl]  snr=+10.0dB [ber_drl]  snr=+12.0dB [ber_drl]  snr=+14.0dB [ber_drl]  snr=+16.0dB [ber_drl]  snr=+18.0dB [ber_drl]  snr=+20.0dB [ber_drl]Done (7.02s)
Batch 1602/2000 (active points 11/11) [3h 07m 15s elapsed] ...   snr=+0.0dB [ber_drl]  snr=+2.0dB [ber_drl]  snr=+4.0dB [ber_drl]  snr=+6.0dB [ber_drl]  snr=+8.0dB [ber_drl]  snr=+10.0dB [ber_drl]  snr=+12.0dB [ber_drl]  snr=+14.0dB [ber_drl]  snr=+16.0dB [ber_drl]  snr=+18.0dB [ber_drl]  snr=+20.0dB [ber_drl]Done (7.06s)
Batch 1603/2000 (active points 11/11) [3h 07m 22s elapsed] ...   snr=+0.0dB [ber_drl]  snr=+2.0dB [ber_drl]  snr=+4.0dB [ber_drl]  snr=+6.0dB [ber_drl]  snr=+8.0dB [ber_drl]  snr=+10.0dB [ber_drl]  snr=+12.0dB [ber_drl]  snr=+14.0dB [ber_drl]  snr=+16.0dB [ber_drl]  snr=+18.0dB [ber_drl]  snr=+20.0dB [ber_drl]Done (7.09s)
Batch 1604/2000 (active points 11/11) [3h 07m 29s elapsed] ...   snr=+0.0dB [ber_drl]  snr=+2.0dB [ber_drl]  snr=+4.0dB [ber_drl]  snr=+6.0dB [ber_drl]  snr=+8.0dB [ber_drl]  snr=+10.0dB [ber_drl]  snr=+12.0dB [ber_drl]  snr=+14.0dB [ber_drl]  snr=+16.0dB [ber_drl]  snr=+18.0dB [ber_drl]  snr=+20.0dB [ber_drl]Done (7.10s)
Batch 1605/2000 (active points 11/11) [3h 07m 36s elapsed] ...   snr=+0.0dB [ber_drl]  snr=+2.0dB [ber_drl]  snr=+4.0dB [ber_drl]  snr=+6.0dB [ber_drl]  snr=+8.0dB [ber_drl]  snr=+10.0dB [ber_drl]  snr=+12.0dB [ber_drl]  snr=+14.0dB [ber_drl]  snr=+16.0dB [ber_drl]  snr=+18.0dB [ber_drl]  snr=+20.0dB [ber_drl]Done (7.06s)
Batch 1606/2000 (active points 11/11) [3h 07m 43s elapsed] ...   snr=+0.0dB [ber_drl]  snr=+2.0dB [ber_drl]  snr=+4.0dB [ber_drl]  snr=+6.0dB [ber_drl]  snr=+8.0dB [ber_drl]  snr=+10.0dB [ber_drl]  snr=+12.0dB [ber_drl]  snr=+14.0dB [ber_drl]  snr=+16.0dB [ber_drl]  snr=+18.0dB [ber_drl]  snr=+20.0dB [ber_drl]Done (7.02s)
Batch 1607/2000 (active points 11/11) [3h 07m 50s elapsed] ...   snr=+0.0dB [ber_drl]  snr=+2.0dB [ber_drl]  snr=+4.0dB [ber_drl]  snr=+6.0dB [ber_drl]  snr=+8.0dB [ber_drl]  snr=+10.0dB [ber_drl]  snr=+12.0dB [ber_drl]  snr=+14.0dB [ber_drl]  snr=+16.0dB [ber_drl]  snr=+18.0dB [ber_drl]  snr=+20.0dB [ber_drl]Done (7.12s)
Batch 1608/2000 (active points 11/11) [3h 07m 57s elapsed] ...   snr=+0.0dB [ber_drl]  snr=+2.0dB [ber_drl]  snr=+4.0dB [ber_drl]  snr=+6.0dB [ber_drl]  snr=+8.0dB [ber_drl]  snr=+10.0dB [ber_drl]  snr=+12.0dB [ber_drl]  snr=+14.0dB [ber_drl]  snr=+16.0dB [ber_drl]  snr=+18.0dB [ber_drl]  snr=+20.0dB [ber_drl]Done (7.27s)
Batch 1609/2000 (active points 11/11) [3h 08m 04s elapsed] ...   snr=+0.0dB [ber_drl]  snr=+2.0dB [ber_drl]  snr=+4.0dB [ber_drl]  snr=+6.0dB [ber_drl]  snr=+8.0dB [ber_drl]  snr=+10.0dB [ber_drl]  snr=+12.0dB [ber_drl]  snr=+14.0dB [ber_drl]  snr=+16.0dB [ber_drl]  snr=+18.0dB [ber_drl]  snr=+20.0dB [ber_drl]Done (7.12s)
Batch 1610/2000 (active points 11/11) [3h 08m 12s elapsed] ...   snr=+0.0dB [ber_drl]  snr=+2.0dB [ber_drl]  snr=+4.0dB [ber_drl]  snr=+6.0dB [ber_drl]  snr=+8.0dB [ber_drl]  snr=+10.0dB [ber_drl]  snr=+12.0dB [ber_drl]  snr=+14.0dB [ber_drl]  snr=+16.0dB [ber_drl]  snr=+18.0dB [ber_drl]  snr=+20.0dB [ber_drl]Done (6.99s)
Batch 1611/2000 (active points 11/11) [3h 08m 19s elapsed] ...   snr=+0.0dB [ber_drl]  snr=+2.0dB [ber_drl]  snr=+4.0dB [ber_drl]  snr=+6.0dB [ber_drl]  snr=+8.0dB [ber_drl]  snr=+10.0dB [ber_drl]  snr=+12.0dB [ber_drl]  snr=+14.0dB [ber_drl]  snr=+16.0dB [ber_drl]  snr=+18.0dB [ber_drl]  snr=+20.0dB [ber_drl]Done (7.06s)
Batch 1612/2000 (active points 11/11) [3h 08m 26s elapsed] ...   snr=+0.0dB [ber_drl]  snr=+2.0dB [ber_drl]  snr=+4.0dB [ber_drl]  snr=+6.0dB [ber_drl]  snr=+8.0dB [ber_drl]  snr=+10.0dB [ber_drl]  snr=+12.0dB [ber_drl]  snr=+14.0dB [ber_drl]  snr=+16.0dB [ber_drl]  snr=+18.0dB [ber_drl]  snr=+20.0dB [ber_drl]Done (7.07s)
Batch 1613/2000 (active points 11/11) [3h 08m 33s elapsed] ...   snr=+0.0dB [ber_drl]  snr=+2.0dB [ber_drl]  snr=+4.0dB [ber_drl]  snr=+6.0dB [ber_drl]  snr=+8.0dB [ber_drl]  snr=+10.0dB [ber_drl]  snr=+12.0dB [ber_drl]  snr=+14.0dB [ber_drl]  snr=+16.0dB [ber_drl]  snr=+18.0dB [ber_drl]  snr=+20.0dB [ber_drl]Done (7.07s)
Batch 1614/2000 (active points 11/11) [3h 08m 40s elapsed] ...   snr=+0.0dB [ber_drl]  snr=+2.0dB [ber_drl]  snr=+4.0dB [ber_drl]  snr=+6.0dB [ber_drl]  snr=+8.0dB [ber_drl]  snr=+10.0dB [ber_drl]  snr=+12.0dB [ber_drl]  snr=+14.0dB [ber_drl]  snr=+16.0dB [ber_drl]  snr=+18.0dB [ber_drl]  snr=+20.0dB [ber_drl]Done (7.07s)
Batch 1615/2000 (active points 11/11) [3h 08m 47s elapsed] ...   snr=+0.0dB [ber_drl]  snr=+2.0dB [ber_drl]  snr=+4.0dB [ber_drl]  snr=+6.0dB [ber_drl]  snr=+8.0dB [ber_drl]  snr=+10.0dB [ber_drl]  snr=+12.0dB [ber_drl]  snr=+14.0dB [ber_drl]  snr=+16.0dB [ber_drl]  snr=+18.0dB [ber_drl]  snr=+20.0dB [ber_drl]Done (7.07s)
Batch 1616/2000 (active points 11/11) [3h 08m 54s elapsed] ...   snr=+0.0dB [ber_drl]  snr=+2.0dB [ber_drl]  snr=+4.0dB [ber_drl]  snr=+6.0dB [ber_drl]  snr=+8.0dB [ber_drl]  snr=+10.0dB [ber_drl]  snr=+12.0dB [ber_drl]  snr=+14.0dB [ber_drl]  snr=+16.0dB [ber_drl]  snr=+18.0dB [ber_drl]  snr=+20.0dB [ber_drl]Done (7.13s)
Batch 1617/2000 (active points 11/11) [3h 09m 01s elapsed] ...   snr=+0.0dB [ber_drl]  snr=+2.0dB [ber_drl]  snr=+4.0dB [ber_drl]  snr=+6.0dB [ber_drl]  snr=+8.0dB [ber_drl]  snr=+10.0dB [ber_drl]  snr=+12.0dB [ber_drl]  snr=+14.0dB [ber_drl]  snr=+16.0dB [ber_drl]  snr=+18.0dB [ber_drl]  snr=+20.0dB [ber_drl]Done (7.14s)
Batch 1618/2000 (active points 11/11) [3h 09m 08s elapsed] ...   snr=+0.0dB [ber_drl]  snr=+2.0dB [ber_drl]  snr=+4.0dB [ber_drl]  snr=+6.0dB [ber_drl]  snr=+8.0dB [ber_drl]  snr=+10.0dB [ber_drl]  snr=+12.0dB [ber_drl]  snr=+14.0dB [ber_drl]  snr=+16.0dB [ber_drl]  snr=+18.0dB [ber_drl]  snr=+20.0dB [ber_drl]Done (7.02s)
Batch 1619/2000 (active points 11/11) [3h 09m 15s elapsed] ...   snr=+0.0dB [ber_drl]  snr=+2.0dB [ber_drl]  snr=+4.0dB [ber_drl]  snr=+6.0dB [ber_drl]  snr=+8.0dB [ber_drl]  snr=+10.0dB [ber_drl]  snr=+12.0dB [ber_drl]  snr=+14.0dB [ber_drl]  snr=+16.0dB [ber_drl]  snr=+18.0dB [ber_drl]  snr=+20.0dB [ber_drl]Done (7.05s)
Batch 1620/2000 (active points 11/11) [3h 09m 22s elapsed] ...   snr=+0.0dB [ber_drl]  snr=+2.0dB [ber_drl]  snr=+4.0dB [ber_drl]  snr=+6.0dB [ber_drl]  snr=+8.0dB [ber_drl]  snr=+10.0dB [ber_drl]  snr=+12.0dB [ber_drl]  snr=+14.0dB [ber_drl]  snr=+16.0dB [ber_drl]  snr=+18.0dB [ber_drl]  snr=+20.0dB [ber_drl]Done (7.16s)
Batch 1621/2000 (active points 11/11) [3h 09m 29s elapsed] ...   snr=+0.0dB [ber_drl]  snr=+2.0dB [ber_drl]  snr=+4.0dB [ber_drl]  snr=+6.0dB [ber_drl]  snr=+8.0dB [ber_drl]  snr=+10.0dB [ber_drl]  snr=+12.0dB [ber_drl]  snr=+14.0dB [ber_drl]  snr=+16.0dB [ber_drl]  snr=+18.0dB [ber_drl]  snr=+20.0dB [ber_drl]Done (7.06s)
Batch 1622/2000 (active points 11/11) [3h 09m 37s elapsed] ...   snr=+0.0dB [ber_drl]  snr=+2.0dB [ber_drl]  snr=+4.0dB [ber_drl]  snr=+6.0dB [ber_drl]  snr=+8.0dB [ber_drl]  snr=+10.0dB [ber_drl]  snr=+12.0dB [ber_drl]  snr=+14.0dB [ber_drl]  snr=+16.0dB [ber_drl]  snr=+18.0dB [ber_drl]  snr=+20.0dB [ber_drl]Done (7.12s)
Batch 1623/2000 (active points 11/11) [3h 09m 44s elapsed] ...   snr=+0.0dB [ber_drl]  snr=+2.0dB [ber_drl]  snr=+4.0dB [ber_drl]  snr=+6.0dB [ber_drl]  snr=+8.0dB [ber_drl]  snr=+10.0dB [ber_drl]  snr=+12.0dB [ber_drl]  snr=+14.0dB [ber_drl]  snr=+16.0dB [ber_drl]  snr=+18.0dB [ber_drl]  snr=+20.0dB [ber_drl]Done (7.03s)
Batch 1624/2000 (active points 11/11) [3h 09m 51s elapsed] ...   snr=+0.0dB [ber_drl]  snr=+2.0dB [ber_drl]  snr=+4.0dB [ber_drl]  snr=+6.0dB [ber_drl]  snr=+8.0dB [ber_drl]  snr=+10.0dB [ber_drl]  snr=+12.0dB [ber_drl]  snr=+14.0dB [ber_drl]  snr=+16.0dB [ber_drl]  snr=+18.0dB [ber_drl]  snr=+20.0dB [ber_drl]Done (7.07s)
Batch 1625/2000 (active points 11/11) [3h 09m 58s elapsed] ...   snr=+0.0dB [ber_drl]  snr=+2.0dB [ber_drl]  snr=+4.0dB [ber_drl]  snr=+6.0dB [ber_drl]  snr=+8.0dB [ber_drl]  snr=+10.0dB [ber_drl]  snr=+12.0dB [ber_drl]  snr=+14.0dB [ber_drl]  snr=+16.0dB [ber_drl]  snr=+18.0dB [ber_drl]  snr=+20.0dB [ber_drl]Done (7.11s)
Batch 1626/2000 (active points 11/11) [3h 10m 05s elapsed] ...   snr=+0.0dB [ber_drl]  snr=+2.0dB [ber_drl]  snr=+4.0dB [ber_drl]  snr=+6.0dB [ber_drl]  snr=+8.0dB [ber_drl]  snr=+10.0dB [ber_drl]  snr=+12.0dB [ber_drl]  snr=+14.0dB [ber_drl]  snr=+16.0dB [ber_drl]  snr=+18.0dB [ber_drl]  snr=+20.0dB [ber_drl]Done (7.07s)
Batch 1627/2000 (active points 11/11) [3h 10m 12s elapsed] ...   snr=+0.0dB [ber_drl]  snr=+2.0dB [ber_drl]  snr=+4.0dB [ber_drl]  snr=+6.0dB [ber_drl]  snr=+8.0dB [ber_drl]  snr=+10.0dB [ber_drl]  snr=+12.0dB [ber_drl]  snr=+14.0dB [ber_drl]  snr=+16.0dB [ber_drl]  snr=+18.0dB [ber_drl]  snr=+20.0dB [ber_drl]Done (7.04s)
Batch 1628/2000 (active points 11/11) [3h 10m 19s elapsed] ...   snr=+0.0dB [ber_drl]  snr=+2.0dB [ber_drl]  snr=+4.0dB [ber_drl]  snr=+6.0dB [ber_drl]  snr=+8.0dB [ber_drl]  snr=+10.0dB [ber_drl]  snr=+12.0dB [ber_drl]  snr=+14.0dB [ber_drl]  snr=+16.0dB [ber_drl]  snr=+18.0dB [ber_drl]  snr=+20.0dB [ber_drl]Done (7.07s)
Batch 1629/2000 (active points 11/11) [3h 10m 26s elapsed] ...   snr=+0.0dB [ber_drl]  snr=+2.0dB [ber_drl]  snr=+4.0dB [ber_drl]  snr=+6.0dB [ber_drl]  snr=+8.0dB [ber_drl]  snr=+10.0dB [ber_drl]  snr=+12.0dB [ber_drl]  snr=+14.0dB [ber_drl]  snr=+16.0dB [ber_drl]  snr=+18.0dB [ber_drl]  snr=+20.0dB [ber_drl]Done (7.07s)
Batch 1630/2000 (active points 11/11) [3h 10m 33s elapsed] ...   snr=+0.0dB [ber_drl]  snr=+2.0dB [ber_drl]  snr=+4.0dB [ber_drl]  snr=+6.0dB [ber_drl]  snr=+8.0dB [ber_drl]  snr=+10.0dB [ber_drl]  snr=+12.0dB [ber_drl]  snr=+14.0dB [ber_drl]  snr=+16.0dB [ber_drl]  snr=+18.0dB [ber_drl]  snr=+20.0dB [ber_drl]Done (7.05s)
Batch 1631/2000 (active points 11/11) [3h 10m 40s elapsed] ...   snr=+0.0dB [ber_drl]  snr=+2.0dB [ber_drl]  snr=+4.0dB [ber_drl]  snr=+6.0dB [ber_drl]  snr=+8.0dB [ber_drl]  snr=+10.0dB [ber_drl]  snr=+12.0dB [ber_drl]  snr=+14.0dB [ber_drl]  snr=+16.0dB [ber_drl]  snr=+18.0dB [ber_drl]  snr=+20.0dB [ber_drl]Done (7.10s)
Batch 1632/2000 (active points 11/11) [3h 10m 47s elapsed] ...   snr=+0.0dB [ber_drl]  snr=+2.0dB [ber_drl]  snr=+4.0dB [ber_drl]  snr=+6.0dB [ber_drl]  snr=+8.0dB [ber_drl]  snr=+10.0dB [ber_drl]  snr=+12.0dB [ber_drl]  snr=+14.0dB [ber_drl]  snr=+16.0dB [ber_drl]  snr=+18.0dB [ber_drl]  snr=+20.0dB [ber_drl]Done (7.02s)
Batch 1633/2000 (active points 11/11) [3h 10m 54s elapsed] ...   snr=+0.0dB [ber_drl]  snr=+2.0dB [ber_drl]  snr=+4.0dB [ber_drl]  snr=+6.0dB [ber_drl]  snr=+8.0dB [ber_drl]  snr=+10.0dB [ber_drl]  snr=+12.0dB [ber_drl]  snr=+14.0dB [ber_drl]  snr=+16.0dB [ber_drl]  snr=+18.0dB [ber_drl]  snr=+20.0dB [ber_drl]Done (7.07s)
Batch 1634/2000 (active points 11/11) [3h 11m 01s elapsed] ...   snr=+0.0dB [ber_drl]  snr=+2.0dB [ber_drl]  snr=+4.0dB [ber_drl]  snr=+6.0dB [ber_drl]  snr=+8.0dB [ber_drl]  snr=+10.0dB [ber_drl]  snr=+12.0dB [ber_drl]  snr=+14.0dB [ber_drl]  snr=+16.0dB [ber_drl]  snr=+18.0dB [ber_drl]  snr=+20.0dB [ber_drl]Done (7.10s)
Batch 1635/2000 (active points 11/11) [3h 11m 08s elapsed] ...   snr=+0.0dB [ber_drl]  snr=+2.0dB [ber_drl]  snr=+4.0dB [ber_drl]  snr=+6.0dB [ber_drl]  snr=+8.0dB [ber_drl]  snr=+10.0dB [ber_drl]  snr=+12.0dB [ber_drl]  snr=+14.0dB [ber_drl]  snr=+16.0dB [ber_drl]  snr=+18.0dB [ber_drl]  snr=+20.0dB [ber_drl]Done (7.10s)
Batch 1636/2000 (active points 11/11) [3h 11m 16s elapsed] ...   snr=+0.0dB [ber_drl]  snr=+2.0dB [ber_drl]  snr=+4.0dB [ber_drl]  snr=+6.0dB [ber_drl]  snr=+8.0dB [ber_drl]  snr=+10.0dB [ber_drl]  snr=+12.0dB [ber_drl]  snr=+14.0dB [ber_drl]  snr=+16.0dB [ber_drl]  snr=+18.0dB [ber_drl]  snr=+20.0dB [ber_drl]Done (7.02s)
Batch 1637/2000 (active points 11/11) [3h 11m 23s elapsed] ...   snr=+0.0dB [ber_drl]  snr=+2.0dB [ber_drl]  snr=+4.0dB [ber_drl]  snr=+6.0dB [ber_drl]  snr=+8.0dB [ber_drl]  snr=+10.0dB [ber_drl]  snr=+12.0dB [ber_drl]  snr=+14.0dB [ber_drl]  snr=+16.0dB [ber_drl]  snr=+18.0dB [ber_drl]  snr=+20.0dB [ber_drl]Done (7.09s)
Batch 1638/2000 (active points 11/11) [3h 11m 30s elapsed] ...   snr=+0.0dB [ber_drl]  snr=+2.0dB [ber_drl]  snr=+4.0dB [ber_drl]  snr=+6.0dB [ber_drl]  snr=+8.0dB [ber_drl]  snr=+10.0dB [ber_drl]  snr=+12.0dB [ber_drl]  snr=+14.0dB [ber_drl]  snr=+16.0dB [ber_drl]  snr=+18.0dB [ber_drl]  snr=+20.0dB [ber_drl]Done (7.10s)
Batch 1639/2000 (active points 11/11) [3h 11m 37s elapsed] ...   snr=+0.0dB [ber_drl]  snr=+2.0dB [ber_drl]  snr=+4.0dB [ber_drl]  snr=+6.0dB [ber_drl]  snr=+8.0dB [ber_drl]  snr=+10.0dB [ber_drl]  snr=+12.0dB [ber_drl]  snr=+14.0dB [ber_drl]  snr=+16.0dB [ber_drl]  snr=+18.0dB [ber_drl]  snr=+20.0dB [ber_drl]Done (7.07s)
Batch 1640/2000 (active points 11/11) [3h 11m 44s elapsed] ...   snr=+0.0dB [ber_drl]  snr=+2.0dB [ber_drl]  snr=+4.0dB [ber_drl]  snr=+6.0dB [ber_drl]  snr=+8.0dB [ber_drl]  snr=+10.0dB [ber_drl]  snr=+12.0dB [ber_drl]  snr=+14.0dB [ber_drl]  snr=+16.0dB [ber_drl]  snr=+18.0dB [ber_drl]  snr=+20.0dB [ber_drl]Done (7.02s)
Batch 1641/2000 (active points 11/11) [3h 11m 51s elapsed] ...   snr=+0.0dB [ber_drl]  snr=+2.0dB [ber_drl]  snr=+4.0dB [ber_drl]  snr=+6.0dB [ber_drl]  snr=+8.0dB [ber_drl]  snr=+10.0dB [ber_drl]  snr=+12.0dB [ber_drl]  snr=+14.0dB [ber_drl]  snr=+16.0dB [ber_drl]  snr=+18.0dB [ber_drl]  snr=+20.0dB [ber_drl]Done (7.08s)
Batch 1642/2000 (active points 11/11) [3h 11m 58s elapsed] ...   snr=+0.0dB [ber_drl]  snr=+2.0dB [ber_drl]  snr=+4.0dB [ber_drl]  snr=+6.0dB [ber_drl]  snr=+8.0dB [ber_drl]  snr=+10.0dB [ber_drl]  snr=+12.0dB [ber_drl]  snr=+14.0dB [ber_drl]  snr=+16.0dB [ber_drl]  snr=+18.0dB [ber_drl]  snr=+20.0dB [ber_drl]Done (7.07s)
Batch 1643/2000 (active points 11/11) [3h 12m 05s elapsed] ...   snr=+0.0dB [ber_drl]  snr=+2.0dB [ber_drl]  snr=+4.0dB [ber_drl]  snr=+6.0dB [ber_drl]  snr=+8.0dB [ber_drl]  snr=+10.0dB [ber_drl]  snr=+12.0dB [ber_drl]  snr=+14.0dB [ber_drl]  snr=+16.0dB [ber_drl]  snr=+18.0dB [ber_drl]  snr=+20.0dB [ber_drl]Done (7.09s)
Batch 1644/2000 (active points 11/11) [3h 12m 12s elapsed] ...   snr=+0.0dB [ber_drl]  snr=+2.0dB [ber_drl]  snr=+4.0dB [ber_drl]  snr=+6.0dB [ber_drl]  snr=+8.0dB [ber_drl]  snr=+10.0dB [ber_drl]  snr=+12.0dB [ber_drl]  snr=+14.0dB [ber_drl]  snr=+16.0dB [ber_drl]  snr=+18.0dB [ber_drl]  snr=+20.0dB [ber_drl]Done (7.07s)
Batch 1645/2000 (active points 11/11) [3h 12m 19s elapsed] ...   snr=+0.0dB [ber_drl]  snr=+2.0dB [ber_drl]  snr=+4.0dB [ber_drl]  snr=+6.0dB [ber_drl]  snr=+8.0dB [ber_drl]  snr=+10.0dB [ber_drl]  snr=+12.0dB [ber_drl]  snr=+14.0dB [ber_drl]  snr=+16.0dB [ber_drl]  snr=+18.0dB [ber_drl]  snr=+20.0dB [ber_drl]Done (7.05s)
Batch 1646/2000 (active points 11/11) [3h 12m 26s elapsed] ...   snr=+0.0dB [ber_drl]  snr=+2.0dB [ber_drl]  snr=+4.0dB [ber_drl]  snr=+6.0dB [ber_drl]  snr=+8.0dB [ber_drl]  snr=+10.0dB [ber_drl]  snr=+12.0dB [ber_drl]  snr=+14.0dB [ber_drl]  snr=+16.0dB [ber_drl]  snr=+18.0dB [ber_drl]  snr=+20.0dB [ber_drl]Done (7.07s)
Batch 1647/2000 (active points 11/11) [3h 12m 33s elapsed] ...   snr=+0.0dB [ber_drl]  snr=+2.0dB [ber_drl]  snr=+4.0dB [ber_drl]  snr=+6.0dB [ber_drl]  snr=+8.0dB [ber_drl]  snr=+10.0dB [ber_drl]  snr=+12.0dB [ber_drl]  snr=+14.0dB [ber_drl]  snr=+16.0dB [ber_drl]  snr=+18.0dB [ber_drl]  snr=+20.0dB [ber_drl]Done (7.09s)
Batch 1648/2000 (active points 11/11) [3h 12m 40s elapsed] ...   snr=+0.0dB [ber_drl]  snr=+2.0dB [ber_drl]  snr=+4.0dB [ber_drl]  snr=+6.0dB [ber_drl]  snr=+8.0dB [ber_drl]  snr=+10.0dB [ber_drl]  snr=+12.0dB [ber_drl]  snr=+14.0dB [ber_drl]  snr=+16.0dB [ber_drl]  snr=+18.0dB [ber_drl]  snr=+20.0dB [ber_drl]Done (7.11s)
Batch 1649/2000 (active points 11/11) [3h 12m 47s elapsed] ...   snr=+0.0dB [ber_drl]  snr=+2.0dB [ber_drl]  snr=+4.0dB [ber_drl]  snr=+6.0dB [ber_drl]  snr=+8.0dB [ber_drl]  snr=+10.0dB [ber_drl]  snr=+12.0dB [ber_drl]  snr=+14.0dB [ber_drl]  snr=+16.0dB [ber_drl]  snr=+18.0dB [ber_drl]  snr=+20.0dB [ber_drl]Done (7.00s)
Batch 1650/2000 (active points 11/11) [3h 12m 55s elapsed] ...   snr=+0.0dB [ber_drl]  snr=+2.0dB [ber_drl]  snr=+4.0dB [ber_drl]  snr=+6.0dB [ber_drl]  snr=+8.0dB [ber_drl]  snr=+10.0dB [ber_drl]  snr=+12.0dB [ber_drl]  snr=+14.0dB [ber_drl]  snr=+16.0dB [ber_drl]  snr=+18.0dB [ber_drl]  snr=+20.0dB [ber_drl]Done (7.16s)
Batch 1651/2000 (active points 11/11) [3h 13m 02s elapsed] ...   snr=+0.0dB [ber_drl]  snr=+2.0dB [ber_drl]  snr=+4.0dB [ber_drl]  snr=+6.0dB [ber_drl]  snr=+8.0dB [ber_drl]  snr=+10.0dB [ber_drl]  snr=+12.0dB [ber_drl]  snr=+14.0dB [ber_drl]  snr=+16.0dB [ber_drl]  snr=+18.0dB [ber_drl]  snr=+20.0dB [ber_drl]Done (7.21s)
Batch 1652/2000 (active points 11/11) [3h 13m 09s elapsed] ...   snr=+0.0dB [ber_drl]  snr=+2.0dB [ber_drl]  snr=+4.0dB [ber_drl]  snr=+6.0dB [ber_drl]  snr=+8.0dB [ber_drl]  snr=+10.0dB [ber_drl]  snr=+12.0dB [ber_drl]  snr=+14.0dB [ber_drl]  snr=+16.0dB [ber_drl]  snr=+18.0dB [ber_drl]  snr=+20.0dB [ber_drl]Done (7.10s)
Batch 1653/2000 (active points 11/11) [3h 13m 16s elapsed] ...   snr=+0.0dB [ber_drl]  snr=+2.0dB [ber_drl]  snr=+4.0dB [ber_drl]  snr=+6.0dB [ber_drl]  snr=+8.0dB [ber_drl]  snr=+10.0dB [ber_drl]  snr=+12.0dB [ber_drl]  snr=+14.0dB [ber_drl]  snr=+16.0dB [ber_drl]  snr=+18.0dB [ber_drl]  snr=+20.0dB [ber_drl]Done (7.01s)
Batch 1654/2000 (active points 11/11) [3h 13m 23s elapsed] ...   snr=+0.0dB [ber_drl]  snr=+2.0dB [ber_drl]  snr=+4.0dB [ber_drl]  snr=+6.0dB [ber_drl]  snr=+8.0dB [ber_drl]  snr=+10.0dB [ber_drl]  snr=+12.0dB [ber_drl]  snr=+14.0dB [ber_drl]  snr=+16.0dB [ber_drl]  snr=+18.0dB [ber_drl]  snr=+20.0dB [ber_drl]Done (7.04s)
Batch 1655/2000 (active points 11/11) [3h 13m 30s elapsed] ...   snr=+0.0dB [ber_drl]  snr=+2.0dB [ber_drl]  snr=+4.0dB [ber_drl]  snr=+6.0dB [ber_drl]  snr=+8.0dB [ber_drl]  snr=+10.0dB [ber_drl]  snr=+12.0dB [ber_drl]  snr=+14.0dB [ber_drl]  snr=+16.0dB [ber_drl]  snr=+18.0dB [ber_drl]  snr=+20.0dB [ber_drl]Done (7.05s)
Batch 1656/2000 (active points 11/11) [3h 13m 37s elapsed] ...   snr=+0.0dB [ber_drl]  snr=+2.0dB [ber_drl]  snr=+4.0dB [ber_drl]  snr=+6.0dB [ber_drl]  snr=+8.0dB [ber_drl]  snr=+10.0dB [ber_drl]  snr=+12.0dB [ber_drl]  snr=+14.0dB [ber_drl]  snr=+16.0dB [ber_drl]  snr=+18.0dB [ber_drl]  snr=+20.0dB [ber_drl]Done (7.10s)
Batch 1657/2000 (active points 11/11) [3h 13m 44s elapsed] ...   snr=+0.0dB [ber_drl]  snr=+2.0dB [ber_drl]  snr=+4.0dB [ber_drl]  snr=+6.0dB [ber_drl]  snr=+8.0dB [ber_drl]  snr=+10.0dB [ber_drl]  snr=+12.0dB [ber_drl]  snr=+14.0dB [ber_drl]  snr=+16.0dB [ber_drl]  snr=+18.0dB [ber_drl]  snr=+20.0dB [ber_drl]Done (7.08s)
Batch 1658/2000 (active points 11/11) [3h 13m 51s elapsed] ...   snr=+0.0dB [ber_drl]  snr=+2.0dB [ber_drl]  snr=+4.0dB [ber_drl]  snr=+6.0dB [ber_drl]  snr=+8.0dB [ber_drl]  snr=+10.0dB [ber_drl]  snr=+12.0dB [ber_drl]  snr=+14.0dB [ber_drl]  snr=+16.0dB [ber_drl]  snr=+18.0dB [ber_drl]  snr=+20.0dB [ber_drl]Done (7.07s)
Batch 1659/2000 (active points 11/11) [3h 13m 58s elapsed] ...   snr=+0.0dB [ber_drl]  snr=+2.0dB [ber_drl]  snr=+4.0dB [ber_drl]  snr=+6.0dB [ber_drl]  snr=+8.0dB [ber_drl]  snr=+10.0dB [ber_drl]  snr=+12.0dB [ber_drl]  snr=+14.0dB [ber_drl]  snr=+16.0dB [ber_drl]  snr=+18.0dB [ber_drl]  snr=+20.0dB [ber_drl]Done (7.08s)
Batch 1660/2000 (active points 11/11) [3h 14m 05s elapsed] ...   snr=+0.0dB [ber_drl]  snr=+2.0dB [ber_drl]  snr=+4.0dB [ber_drl]  snr=+6.0dB [ber_drl]  snr=+8.0dB [ber_drl]  snr=+10.0dB [ber_drl]  snr=+12.0dB [ber_drl]  snr=+14.0dB [ber_drl]  snr=+16.0dB [ber_drl]  snr=+18.0dB [ber_drl]  snr=+20.0dB [ber_drl]Done (7.06s)
Batch 1661/2000 (active points 11/11) [3h 14m 12s elapsed] ...   snr=+0.0dB [ber_drl]  snr=+2.0dB [ber_drl]  snr=+4.0dB [ber_drl]  snr=+6.0dB [ber_drl]  snr=+8.0dB [ber_drl]  snr=+10.0dB [ber_drl]  snr=+12.0dB [ber_drl]  snr=+14.0dB [ber_drl]  snr=+16.0dB [ber_drl]  snr=+18.0dB [ber_drl]  snr=+20.0dB [ber_drl]Done (7.11s)
Batch 1662/2000 (active points 11/11) [3h 14m 20s elapsed] ...   snr=+0.0dB [ber_drl]  snr=+2.0dB [ber_drl]  snr=+4.0dB [ber_drl]  snr=+6.0dB [ber_drl]  snr=+8.0dB [ber_drl]  snr=+10.0dB [ber_drl]  snr=+12.0dB [ber_drl]  snr=+14.0dB [ber_drl]  snr=+16.0dB [ber_drl]  snr=+18.0dB [ber_drl]  snr=+20.0dB [ber_drl]Done (7.08s)
Batch 1663/2000 (active points 11/11) [3h 14m 27s elapsed] ...   snr=+0.0dB [ber_drl]  snr=+2.0dB [ber_drl]  snr=+4.0dB [ber_drl]  snr=+6.0dB [ber_drl]  snr=+8.0dB [ber_drl]  snr=+10.0dB [ber_drl]  snr=+12.0dB [ber_drl]  snr=+14.0dB [ber_drl]  snr=+16.0dB [ber_drl]  snr=+18.0dB [ber_drl]  snr=+20.0dB [ber_drl]Done (7.13s)
Batch 1664/2000 (active points 11/11) [3h 14m 34s elapsed] ...   snr=+0.0dB [ber_drl]  snr=+2.0dB [ber_drl]  snr=+4.0dB [ber_drl]  snr=+6.0dB [ber_drl]  snr=+8.0dB [ber_drl]  snr=+10.0dB [ber_drl]  snr=+12.0dB [ber_drl]  snr=+14.0dB [ber_drl]  snr=+16.0dB [ber_drl]  snr=+18.0dB [ber_drl]  snr=+20.0dB [ber_drl]Done (7.17s)
Batch 1665/2000 (active points 11/11) [3h 14m 41s elapsed] ...   snr=+0.0dB [ber_drl]  snr=+2.0dB [ber_drl]  snr=+4.0dB [ber_drl]  snr=+6.0dB [ber_drl]  snr=+8.0dB [ber_drl]  snr=+10.0dB [ber_drl]  snr=+12.0dB [ber_drl]  snr=+14.0dB [ber_drl]  snr=+16.0dB [ber_drl]  snr=+18.0dB [ber_drl]  snr=+20.0dB [ber_drl]Done (7.17s)
Batch 1666/2000 (active points 11/11) [3h 14m 48s elapsed] ...   snr=+0.0dB [ber_drl]  snr=+2.0dB [ber_drl]  snr=+4.0dB [ber_drl]  snr=+6.0dB [ber_drl]  snr=+8.0dB [ber_drl]  snr=+10.0dB [ber_drl]  snr=+12.0dB [ber_drl]  snr=+14.0dB [ber_drl]  snr=+16.0dB [ber_drl]  snr=+18.0dB [ber_drl]  snr=+20.0dB [ber_drl]Done (7.05s)
Batch 1667/2000 (active points 11/11) [3h 14m 55s elapsed] ...   snr=+0.0dB [ber_drl]  snr=+2.0dB [ber_drl]  snr=+4.0dB [ber_drl]  snr=+6.0dB [ber_drl]  snr=+8.0dB [ber_drl]  snr=+10.0dB [ber_drl]  snr=+12.0dB [ber_drl]  snr=+14.0dB [ber_drl]  snr=+16.0dB [ber_drl]  snr=+18.0dB [ber_drl]  snr=+20.0dB [ber_drl]Done (7.09s)
Batch 1668/2000 (active points 11/11) [3h 15m 02s elapsed] ...   snr=+0.0dB [ber_drl]  snr=+2.0dB [ber_drl]  snr=+4.0dB [ber_drl]  snr=+6.0dB [ber_drl]  snr=+8.0dB [ber_drl]  snr=+10.0dB [ber_drl]  snr=+12.0dB [ber_drl]  snr=+14.0dB [ber_drl]  snr=+16.0dB [ber_drl]  snr=+18.0dB [ber_drl]  snr=+20.0dB [ber_drl]Done (7.07s)
Batch 1669/2000 (active points 11/11) [3h 15m 09s elapsed] ...   snr=+0.0dB [ber_drl]  snr=+2.0dB [ber_drl]  snr=+4.0dB [ber_drl]  snr=+6.0dB [ber_drl]  snr=+8.0dB [ber_drl]  snr=+10.0dB [ber_drl]  snr=+12.0dB [ber_drl]  snr=+14.0dB [ber_drl]  snr=+16.0dB [ber_drl]  snr=+18.0dB [ber_drl]  snr=+20.0dB [ber_drl]Done (7.06s)
Batch 1670/2000 (active points 11/11) [3h 15m 16s elapsed] ...   snr=+0.0dB [ber_drl]  snr=+2.0dB [ber_drl]  snr=+4.0dB [ber_drl]  snr=+6.0dB [ber_drl]  snr=+8.0dB [ber_drl]  snr=+10.0dB [ber_drl]  snr=+12.0dB [ber_drl]  snr=+14.0dB [ber_drl]  snr=+16.0dB [ber_drl]  snr=+18.0dB [ber_drl]  snr=+20.0dB [ber_drl]Done (7.07s)
Batch 1671/2000 (active points 11/11) [3h 15m 23s elapsed] ...   snr=+0.0dB [ber_drl]  snr=+2.0dB [ber_drl]  snr=+4.0dB [ber_drl]  snr=+6.0dB [ber_drl]  snr=+8.0dB [ber_drl]  snr=+10.0dB [ber_drl]  snr=+12.0dB [ber_drl]  snr=+14.0dB [ber_drl]  snr=+16.0dB [ber_drl]  snr=+18.0dB [ber_drl]  snr=+20.0dB [ber_drl]Done (7.00s)
Batch 1672/2000 (active points 11/11) [3h 15m 30s elapsed] ...   snr=+0.0dB [ber_drl]  snr=+2.0dB [ber_drl]  snr=+4.0dB [ber_drl]  snr=+6.0dB [ber_drl]  snr=+8.0dB [ber_drl]  snr=+10.0dB [ber_drl]  snr=+12.0dB [ber_drl]  snr=+14.0dB [ber_drl]  snr=+16.0dB [ber_drl]  snr=+18.0dB [ber_drl]  snr=+20.0dB [ber_drl]Done (7.08s)
Batch 1673/2000 (active points 11/11) [3h 15m 38s elapsed] ...   snr=+0.0dB [ber_drl]  snr=+2.0dB [ber_drl]  snr=+4.0dB [ber_drl]  snr=+6.0dB [ber_drl]  snr=+8.0dB [ber_drl]  snr=+10.0dB [ber_drl]  snr=+12.0dB [ber_drl]  snr=+14.0dB [ber_drl]  snr=+16.0dB [ber_drl]  snr=+18.0dB [ber_drl]  snr=+20.0dB [ber_drl]Done (7.11s)
Batch 1674/2000 (active points 11/11) [3h 15m 45s elapsed] ...   snr=+0.0dB [ber_drl]  snr=+2.0dB [ber_drl]  snr=+4.0dB [ber_drl]  snr=+6.0dB [ber_drl]  snr=+8.0dB [ber_drl]  snr=+10.0dB [ber_drl]  snr=+12.0dB [ber_drl]  snr=+14.0dB [ber_drl]  snr=+16.0dB [ber_drl]  snr=+18.0dB [ber_drl]  snr=+20.0dB [ber_drl]Done (7.10s)
Batch 1675/2000 (active points 11/11) [3h 15m 52s elapsed] ...   snr=+0.0dB [ber_drl]  snr=+2.0dB [ber_drl]  snr=+4.0dB [ber_drl]  snr=+6.0dB [ber_drl]  snr=+8.0dB [ber_drl]  snr=+10.0dB [ber_drl]  snr=+12.0dB [ber_drl]  snr=+14.0dB [ber_drl]  snr=+16.0dB [ber_drl]  snr=+18.0dB [ber_drl]  snr=+20.0dB [ber_drl]Done (7.01s)
Batch 1676/2000 (active points 11/11) [3h 15m 59s elapsed] ...   snr=+0.0dB [ber_drl]  snr=+2.0dB [ber_drl]  snr=+4.0dB [ber_drl]  snr=+6.0dB [ber_drl]  snr=+8.0dB [ber_drl]  snr=+10.0dB [ber_drl]  snr=+12.0dB [ber_drl]  snr=+14.0dB [ber_drl]  snr=+16.0dB [ber_drl]  snr=+18.0dB [ber_drl]  snr=+20.0dB [ber_drl]Done (7.08s)
Batch 1677/2000 (active points 11/11) [3h 16m 06s elapsed] ...   snr=+0.0dB [ber_drl]  snr=+2.0dB [ber_drl]  snr=+4.0dB [ber_drl]  snr=+6.0dB [ber_drl]  snr=+8.0dB [ber_drl]  snr=+10.0dB [ber_drl]  snr=+12.0dB [ber_drl]  snr=+14.0dB [ber_drl]  snr=+16.0dB [ber_drl]  snr=+18.0dB [ber_drl]  snr=+20.0dB [ber_drl]Done (7.08s)
Batch 1678/2000 (active points 11/11) [3h 16m 13s elapsed] ...   snr=+0.0dB [ber_drl]  snr=+2.0dB [ber_drl]  snr=+4.0dB [ber_drl]  snr=+6.0dB [ber_drl]  snr=+8.0dB [ber_drl]  snr=+10.0dB [ber_drl]  snr=+12.0dB [ber_drl]  snr=+14.0dB [ber_drl]  snr=+16.0dB [ber_drl]  snr=+18.0dB [ber_drl]  snr=+20.0dB [ber_drl]Done (7.07s)
Batch 1679/2000 (active points 11/11) [3h 16m 20s elapsed] ...   snr=+0.0dB [ber_drl]  snr=+2.0dB [ber_drl]  snr=+4.0dB [ber_drl]  snr=+6.0dB [ber_drl]  snr=+8.0dB [ber_drl]  snr=+10.0dB [ber_drl]  snr=+12.0dB [ber_drl]  snr=+14.0dB [ber_drl]  snr=+16.0dB [ber_drl]  snr=+18.0dB [ber_drl]  snr=+20.0dB [ber_drl]Done (7.12s)
Batch 1680/2000 (active points 11/11) [3h 16m 27s elapsed] ...   snr=+0.0dB [ber_drl]  snr=+2.0dB [ber_drl]  snr=+4.0dB [ber_drl]  snr=+6.0dB [ber_drl]  snr=+8.0dB [ber_drl]  snr=+10.0dB [ber_drl]  snr=+12.0dB [ber_drl]  snr=+14.0dB [ber_drl]  snr=+16.0dB [ber_drl]  snr=+18.0dB [ber_drl]  snr=+20.0dB [ber_drl]Done (7.10s)
Batch 1681/2000 (active points 11/11) [3h 16m 34s elapsed] ...   snr=+0.0dB [ber_drl]  snr=+2.0dB [ber_drl]  snr=+4.0dB [ber_drl]  snr=+6.0dB [ber_drl]  snr=+8.0dB [ber_drl]  snr=+10.0dB [ber_drl]  snr=+12.0dB [ber_drl]  snr=+14.0dB [ber_drl]  snr=+16.0dB [ber_drl]  snr=+18.0dB [ber_drl]  snr=+20.0dB [ber_drl]Done (7.10s)
Batch 1682/2000 (active points 11/11) [3h 16m 41s elapsed] ...   snr=+0.0dB [ber_drl]  snr=+2.0dB [ber_drl]  snr=+4.0dB [ber_drl]  snr=+6.0dB [ber_drl]  snr=+8.0dB [ber_drl]  snr=+10.0dB [ber_drl]  snr=+12.0dB [ber_drl]  snr=+14.0dB [ber_drl]  snr=+16.0dB [ber_drl]  snr=+18.0dB [ber_drl]  snr=+20.0dB [ber_drl]Done (7.08s)
Batch 1683/2000 (active points 11/11) [3h 16m 48s elapsed] ...   snr=+0.0dB [ber_drl]  snr=+2.0dB [ber_drl]  snr=+4.0dB [ber_drl]  snr=+6.0dB [ber_drl]  snr=+8.0dB [ber_drl]  snr=+10.0dB [ber_drl]  snr=+12.0dB [ber_drl]  snr=+14.0dB [ber_drl]  snr=+16.0dB [ber_drl]  snr=+18.0dB [ber_drl]  snr=+20.0dB [ber_drl]Done (7.13s)
Batch 1684/2000 (active points 11/11) [3h 16m 56s elapsed] ...   snr=+0.0dB [ber_drl]  snr=+2.0dB [ber_drl]  snr=+4.0dB [ber_drl]  snr=+6.0dB [ber_drl]  snr=+8.0dB [ber_drl]  snr=+10.0dB [ber_drl]  snr=+12.0dB [ber_drl]  snr=+14.0dB [ber_drl]  snr=+16.0dB [ber_drl]  snr=+18.0dB [ber_drl]  snr=+20.0dB [ber_drl]Done (7.18s)
Batch 1685/2000 (active points 11/11) [3h 17m 03s elapsed] ...   snr=+0.0dB [ber_drl]  snr=+2.0dB [ber_drl]  snr=+4.0dB [ber_drl]  snr=+6.0dB [ber_drl]  snr=+8.0dB [ber_drl]  snr=+10.0dB [ber_drl]  snr=+12.0dB [ber_drl]  snr=+14.0dB [ber_drl]  snr=+16.0dB [ber_drl]  snr=+18.0dB [ber_drl]  snr=+20.0dB [ber_drl]Done (7.11s)
Batch 1686/2000 (active points 11/11) [3h 17m 10s elapsed] ...   snr=+0.0dB [ber_drl]  snr=+2.0dB [ber_drl]  snr=+4.0dB [ber_drl]  snr=+6.0dB [ber_drl]  snr=+8.0dB [ber_drl]  snr=+10.0dB [ber_drl]  snr=+12.0dB [ber_drl]  snr=+14.0dB [ber_drl]  snr=+16.0dB [ber_drl]  snr=+18.0dB [ber_drl]  snr=+20.0dB [ber_drl]Done (7.14s)
Batch 1687/2000 (active points 11/11) [3h 17m 17s elapsed] ...   snr=+0.0dB [ber_drl]  snr=+2.0dB [ber_drl]  snr=+4.0dB [ber_drl]  snr=+6.0dB [ber_drl]  snr=+8.0dB [ber_drl]  snr=+10.0dB [ber_drl]  snr=+12.0dB [ber_drl]  snr=+14.0dB [ber_drl]  snr=+16.0dB [ber_drl]  snr=+18.0dB [ber_drl]  snr=+20.0dB [ber_drl]Done (7.09s)
Batch 1688/2000 (active points 11/11) [3h 17m 24s elapsed] ...   snr=+0.0dB [ber_drl]  snr=+2.0dB [ber_drl]  snr=+4.0dB [ber_drl]  snr=+6.0dB [ber_drl]  snr=+8.0dB [ber_drl]  snr=+10.0dB [ber_drl]  snr=+12.0dB [ber_drl]  snr=+14.0dB [ber_drl]  snr=+16.0dB [ber_drl]  snr=+18.0dB [ber_drl]  snr=+20.0dB [ber_drl]Done (7.01s)
Batch 1689/2000 (active points 11/11) [3h 17m 31s elapsed] ...   snr=+0.0dB [ber_drl]  snr=+2.0dB [ber_drl]  snr=+4.0dB [ber_drl]  snr=+6.0dB [ber_drl]  snr=+8.0dB [ber_drl]  snr=+10.0dB [ber_drl]  snr=+12.0dB [ber_drl]  snr=+14.0dB [ber_drl]  snr=+16.0dB [ber_drl]  snr=+18.0dB [ber_drl]  snr=+20.0dB [ber_drl]Done (7.08s)
Batch 1690/2000 (active points 11/11) [3h 17m 38s elapsed] ...   snr=+0.0dB [ber_drl]  snr=+2.0dB [ber_drl]  snr=+4.0dB [ber_drl]  snr=+6.0dB [ber_drl]  snr=+8.0dB [ber_drl]  snr=+10.0dB [ber_drl]  snr=+12.0dB [ber_drl]  snr=+14.0dB [ber_drl]  snr=+16.0dB [ber_drl]  snr=+18.0dB [ber_drl]  snr=+20.0dB [ber_drl]Done (7.09s)
Batch 1691/2000 (active points 11/11) [3h 17m 45s elapsed] ...   snr=+0.0dB [ber_drl]  snr=+2.0dB [ber_drl]  snr=+4.0dB [ber_drl]  snr=+6.0dB [ber_drl]  snr=+8.0dB [ber_drl]  snr=+10.0dB [ber_drl]  snr=+12.0dB [ber_drl]  snr=+14.0dB [ber_drl]  snr=+16.0dB [ber_drl]  snr=+18.0dB [ber_drl]  snr=+20.0dB [ber_drl]Done (7.04s)
Batch 1692/2000 (active points 11/11) [3h 17m 52s elapsed] ...   snr=+0.0dB [ber_drl]  snr=+2.0dB [ber_drl]  snr=+4.0dB [ber_drl]  snr=+6.0dB [ber_drl]  snr=+8.0dB [ber_drl]  snr=+10.0dB [ber_drl]  snr=+12.0dB [ber_drl]  snr=+14.0dB [ber_drl]  snr=+16.0dB [ber_drl]  snr=+18.0dB [ber_drl]  snr=+20.0dB [ber_drl]Done (7.06s)
Batch 1693/2000 (active points 11/11) [3h 17m 59s elapsed] ...   snr=+0.0dB [ber_drl]  snr=+2.0dB [ber_drl]  snr=+4.0dB [ber_drl]  snr=+6.0dB [ber_drl]  snr=+8.0dB [ber_drl]  snr=+10.0dB [ber_drl]  snr=+12.0dB [ber_drl]  snr=+14.0dB [ber_drl]  snr=+16.0dB [ber_drl]  snr=+18.0dB [ber_drl]  snr=+20.0dB [ber_drl]Done (7.00s)
Batch 1694/2000 (active points 11/11) [3h 18m 06s elapsed] ...   snr=+0.0dB [ber_drl]  snr=+2.0dB [ber_drl]  snr=+4.0dB [ber_drl]  snr=+6.0dB [ber_drl]  snr=+8.0dB [ber_drl]  snr=+10.0dB [ber_drl]  snr=+12.0dB [ber_drl]  snr=+14.0dB [ber_drl]  snr=+16.0dB [ber_drl]  snr=+18.0dB [ber_drl]  snr=+20.0dB [ber_drl]Done (7.40s)
Batch 1695/2000 (active points 11/11) [3h 18m 14s elapsed] ...   snr=+0.0dB [ber_drl]  snr=+2.0dB [ber_drl]  snr=+4.0dB [ber_drl]  snr=+6.0dB [ber_drl]  snr=+8.0dB [ber_drl]  snr=+10.0dB [ber_drl]  snr=+12.0dB [ber_drl]  snr=+14.0dB [ber_drl]  snr=+16.0dB [ber_drl]  snr=+18.0dB [ber_drl]  snr=+20.0dB [ber_drl]Done (7.10s)
Batch 1696/2000 (active points 11/11) [3h 18m 21s elapsed] ...   snr=+0.0dB [ber_drl]  snr=+2.0dB [ber_drl]  snr=+4.0dB [ber_drl]  snr=+6.0dB [ber_drl]  snr=+8.0dB [ber_drl]  snr=+10.0dB [ber_drl]  snr=+12.0dB [ber_drl]  snr=+14.0dB [ber_drl]  snr=+16.0dB [ber_drl]  snr=+18.0dB [ber_drl]  snr=+20.0dB [ber_drl]Done (7.11s)
Batch 1697/2000 (active points 11/11) [3h 18m 28s elapsed] ...   snr=+0.0dB [ber_drl]  snr=+2.0dB [ber_drl]  snr=+4.0dB [ber_drl]  snr=+6.0dB [ber_drl]  snr=+8.0dB [ber_drl]  snr=+10.0dB [ber_drl]  snr=+12.0dB [ber_drl]  snr=+14.0dB [ber_drl]  snr=+16.0dB [ber_drl]  snr=+18.0dB [ber_drl]  snr=+20.0dB [ber_drl]Done (7.04s)
Batch 1698/2000 (active points 11/11) [3h 18m 35s elapsed] ...   snr=+0.0dB [ber_drl]  snr=+2.0dB [ber_drl]  snr=+4.0dB [ber_drl]  snr=+6.0dB [ber_drl]  snr=+8.0dB [ber_drl]  snr=+10.0dB [ber_drl]  snr=+12.0dB [ber_drl]  snr=+14.0dB [ber_drl]  snr=+16.0dB [ber_drl]  snr=+18.0dB [ber_drl]  snr=+20.0dB [ber_drl]Done (7.07s)
Batch 1699/2000 (active points 11/11) [3h 18m 42s elapsed] ...   snr=+0.0dB [ber_drl]  snr=+2.0dB [ber_drl]  snr=+4.0dB [ber_drl]  snr=+6.0dB [ber_drl]  snr=+8.0dB [ber_drl]  snr=+10.0dB [ber_drl]  snr=+12.0dB [ber_drl]  snr=+14.0dB [ber_drl]  snr=+16.0dB [ber_drl]  snr=+18.0dB [ber_drl]  snr=+20.0dB [ber_drl]Done (7.17s)
Batch 1700/2000 (active points 11/11) [3h 18m 49s elapsed] ...   snr=+0.0dB [ber_drl]  snr=+2.0dB [ber_drl]  snr=+4.0dB [ber_drl]  snr=+6.0dB [ber_drl]  snr=+8.0dB [ber_drl]  snr=+10.0dB [ber_drl]  snr=+12.0dB [ber_drl]  snr=+14.0dB [ber_drl]  snr=+16.0dB [ber_drl]  snr=+18.0dB [ber_drl]  snr=+20.0dB [ber_drl]Done (7.14s)
Batch 1701/2000 (active points 11/11) [3h 18m 56s elapsed] ...   snr=+0.0dB [ber_drl]  snr=+2.0dB [ber_drl]  snr=+4.0dB [ber_drl]  snr=+6.0dB [ber_drl]  snr=+8.0dB [ber_drl]  snr=+10.0dB [ber_drl]  snr=+12.0dB [ber_drl]  snr=+14.0dB [ber_drl]  snr=+16.0dB [ber_drl]  snr=+18.0dB [ber_drl]  snr=+20.0dB [ber_drl]Done (7.09s)
Batch 1702/2000 (active points 11/11) [3h 19m 03s elapsed] ...   snr=+0.0dB [ber_drl]  snr=+2.0dB [ber_drl]  snr=+4.0dB [ber_drl]  snr=+6.0dB [ber_drl]  snr=+8.0dB [ber_drl]  snr=+10.0dB [ber_drl]  snr=+12.0dB [ber_drl]  snr=+14.0dB [ber_drl]  snr=+16.0dB [ber_drl]  snr=+18.0dB [ber_drl]  snr=+20.0dB [ber_drl]Done (7.01s)
Batch 1703/2000 (active points 11/11) [3h 19m 10s elapsed] ...   snr=+0.0dB [ber_drl]  snr=+2.0dB [ber_drl]  snr=+4.0dB [ber_drl]  snr=+6.0dB [ber_drl]  snr=+8.0dB [ber_drl]  snr=+10.0dB [ber_drl]  snr=+12.0dB [ber_drl]  snr=+14.0dB [ber_drl]  snr=+16.0dB [ber_drl]  snr=+18.0dB [ber_drl]  snr=+20.0dB [ber_drl]Done (7.15s)
Batch 1704/2000 (active points 11/11) [3h 19m 18s elapsed] ...   snr=+0.0dB [ber_drl]  snr=+2.0dB [ber_drl]  snr=+4.0dB [ber_drl]  snr=+6.0dB [ber_drl]  snr=+8.0dB [ber_drl]  snr=+10.0dB [ber_drl]  snr=+12.0dB [ber_drl]  snr=+14.0dB [ber_drl]  snr=+16.0dB [ber_drl]  snr=+18.0dB [ber_drl]  snr=+20.0dB [ber_drl]Done (7.08s)
Batch 1705/2000 (active points 11/11) [3h 19m 25s elapsed] ...   snr=+0.0dB [ber_drl]  snr=+2.0dB [ber_drl]  snr=+4.0dB [ber_drl]  snr=+6.0dB [ber_drl]  snr=+8.0dB [ber_drl]  snr=+10.0dB [ber_drl]  snr=+12.0dB [ber_drl]  snr=+14.0dB [ber_drl]  snr=+16.0dB [ber_drl]  snr=+18.0dB [ber_drl]  snr=+20.0dB [ber_drl]Done (7.13s)
Batch 1706/2000 (active points 11/11) [3h 19m 32s elapsed] ...   snr=+0.0dB [ber_drl]  snr=+2.0dB [ber_drl]  snr=+4.0dB [ber_drl]  snr=+6.0dB [ber_drl]  snr=+8.0dB [ber_drl]  snr=+10.0dB [ber_drl]  snr=+12.0dB [ber_drl]  snr=+14.0dB [ber_drl]  snr=+16.0dB [ber_drl]  snr=+18.0dB [ber_drl]  snr=+20.0dB [ber_drl]Done (7.06s)
Batch 1707/2000 (active points 11/11) [3h 19m 39s elapsed] ...   snr=+0.0dB [ber_drl]  snr=+2.0dB [ber_drl]  snr=+4.0dB [ber_drl]  snr=+6.0dB [ber_drl]  snr=+8.0dB [ber_drl]  snr=+10.0dB [ber_drl]  snr=+12.0dB [ber_drl]  snr=+14.0dB [ber_drl]  snr=+16.0dB [ber_drl]  snr=+18.0dB [ber_drl]  snr=+20.0dB [ber_drl]Done (7.09s)
Batch 1708/2000 (active points 11/11) [3h 19m 46s elapsed] ...   snr=+0.0dB [ber_drl]  snr=+2.0dB [ber_drl]  snr=+4.0dB [ber_drl]  snr=+6.0dB [ber_drl]  snr=+8.0dB [ber_drl]  snr=+10.0dB [ber_drl]  snr=+12.0dB [ber_drl]  snr=+14.0dB [ber_drl]  snr=+16.0dB [ber_drl]  snr=+18.0dB [ber_drl]  snr=+20.0dB [ber_drl]Done (7.09s)
Batch 1709/2000 (active points 11/11) [3h 19m 53s elapsed] ...   snr=+0.0dB [ber_drl]  snr=+2.0dB [ber_drl]  snr=+4.0dB [ber_drl]  snr=+6.0dB [ber_drl]  snr=+8.0dB [ber_drl]  snr=+10.0dB [ber_drl]  snr=+12.0dB [ber_drl]  snr=+14.0dB [ber_drl]  snr=+16.0dB [ber_drl]  snr=+18.0dB [ber_drl]  snr=+20.0dB [ber_drl]Done (7.14s)
Batch 1710/2000 (active points 11/11) [3h 20m 00s elapsed] ...   snr=+0.0dB [ber_drl]  snr=+2.0dB [ber_drl]  snr=+4.0dB [ber_drl]  snr=+6.0dB [ber_drl]  snr=+8.0dB [ber_drl]  snr=+10.0dB [ber_drl]  snr=+12.0dB [ber_drl]  snr=+14.0dB [ber_drl]  snr=+16.0dB [ber_drl]  snr=+18.0dB [ber_drl]  snr=+20.0dB [ber_drl]Done (7.09s)
Batch 1711/2000 (active points 11/11) [3h 20m 07s elapsed] ...   snr=+0.0dB [ber_drl]  snr=+2.0dB [ber_drl]  snr=+4.0dB [ber_drl]  snr=+6.0dB [ber_drl]  snr=+8.0dB [ber_drl]  snr=+10.0dB [ber_drl]  snr=+12.0dB [ber_drl]  snr=+14.0dB [ber_drl]  snr=+16.0dB [ber_drl]  snr=+18.0dB [ber_drl]  snr=+20.0dB [ber_drl]Done (7.01s)
Batch 1712/2000 (active points 11/11) [3h 20m 14s elapsed] ...   snr=+0.0dB [ber_drl]  snr=+2.0dB [ber_drl]  snr=+4.0dB [ber_drl]  snr=+6.0dB [ber_drl]  snr=+8.0dB [ber_drl]  snr=+10.0dB [ber_drl]  snr=+12.0dB [ber_drl]  snr=+14.0dB [ber_drl]  snr=+16.0dB [ber_drl]  snr=+18.0dB [ber_drl]  snr=+20.0dB [ber_drl]Done (7.13s)
Batch 1713/2000 (active points 11/11) [3h 20m 21s elapsed] ...   snr=+0.0dB [ber_drl]  snr=+2.0dB [ber_drl]  snr=+4.0dB [ber_drl]  snr=+6.0dB [ber_drl]  snr=+8.0dB [ber_drl]  snr=+10.0dB [ber_drl]  snr=+12.0dB [ber_drl]  snr=+14.0dB [ber_drl]  snr=+16.0dB [ber_drl]  snr=+18.0dB [ber_drl]  snr=+20.0dB [ber_drl]Done (7.14s)
Batch 1714/2000 (active points 11/11) [3h 20m 29s elapsed] ...   snr=+0.0dB [ber_drl]  snr=+2.0dB [ber_drl]  snr=+4.0dB [ber_drl]  snr=+6.0dB [ber_drl]  snr=+8.0dB [ber_drl]  snr=+10.0dB [ber_drl]  snr=+12.0dB [ber_drl]  snr=+14.0dB [ber_drl]  snr=+16.0dB [ber_drl]  snr=+18.0dB [ber_drl]  snr=+20.0dB [ber_drl]Done (7.08s)
Batch 1715/2000 (active points 11/11) [3h 20m 36s elapsed] ...   snr=+0.0dB [ber_drl]  snr=+2.0dB [ber_drl]  snr=+4.0dB [ber_drl]  snr=+6.0dB [ber_drl]  snr=+8.0dB [ber_drl]  snr=+10.0dB [ber_drl]  snr=+12.0dB [ber_drl]  snr=+14.0dB [ber_drl]  snr=+16.0dB [ber_drl]  snr=+18.0dB [ber_drl]  snr=+20.0dB [ber_drl]Done (7.02s)
Batch 1716/2000 (active points 11/11) [3h 20m 43s elapsed] ...   snr=+0.0dB [ber_drl]  snr=+2.0dB [ber_drl]  snr=+4.0dB [ber_drl]  snr=+6.0dB [ber_drl]  snr=+8.0dB [ber_drl]  snr=+10.0dB [ber_drl]  snr=+12.0dB [ber_drl]  snr=+14.0dB [ber_drl]  snr=+16.0dB [ber_drl]  snr=+18.0dB [ber_drl]  snr=+20.0dB [ber_drl]Done (7.10s)
Batch 1717/2000 (active points 11/11) [3h 20m 50s elapsed] ...   snr=+0.0dB [ber_drl]  snr=+2.0dB [ber_drl]  snr=+4.0dB [ber_drl]  snr=+6.0dB [ber_drl]  snr=+8.0dB [ber_drl]  snr=+10.0dB [ber_drl]  snr=+12.0dB [ber_drl]  snr=+14.0dB [ber_drl]  snr=+16.0dB [ber_drl]  snr=+18.0dB [ber_drl]  snr=+20.0dB [ber_drl]Done (7.10s)
Batch 1718/2000 (active points 11/11) [3h 20m 57s elapsed] ...   snr=+0.0dB [ber_drl]  snr=+2.0dB [ber_drl]  snr=+4.0dB [ber_drl]  snr=+6.0dB [ber_drl]  snr=+8.0dB [ber_drl]  snr=+10.0dB [ber_drl]  snr=+12.0dB [ber_drl]  snr=+14.0dB [ber_drl]  snr=+16.0dB [ber_drl]  snr=+18.0dB [ber_drl]  snr=+20.0dB [ber_drl]Done (7.08s)
Batch 1719/2000 (active points 11/11) [3h 21m 04s elapsed] ...   snr=+0.0dB [ber_drl]  snr=+2.0dB [ber_drl]  snr=+4.0dB [ber_drl]  snr=+6.0dB [ber_drl]  snr=+8.0dB [ber_drl]  snr=+10.0dB [ber_drl]  snr=+12.0dB [ber_drl]  snr=+14.0dB [ber_drl]  snr=+16.0dB [ber_drl]  snr=+18.0dB [ber_drl]  snr=+20.0dB [ber_drl]Done (7.04s)
Batch 1720/2000 (active points 11/11) [3h 21m 11s elapsed] ...   snr=+0.0dB [ber_drl]  snr=+2.0dB [ber_drl]  snr=+4.0dB [ber_drl]  snr=+6.0dB [ber_drl]  snr=+8.0dB [ber_drl]  snr=+10.0dB [ber_drl]  snr=+12.0dB [ber_drl]  snr=+14.0dB [ber_drl]  snr=+16.0dB [ber_drl]  snr=+18.0dB [ber_drl]  snr=+20.0dB [ber_drl]Done (7.08s)
Batch 1721/2000 (active points 11/11) [3h 21m 18s elapsed] ...   snr=+0.0dB [ber_drl]  snr=+2.0dB [ber_drl]  snr=+4.0dB [ber_drl]  snr=+6.0dB [ber_drl]  snr=+8.0dB [ber_drl]  snr=+10.0dB [ber_drl]  snr=+12.0dB [ber_drl]  snr=+14.0dB [ber_drl]  snr=+16.0dB [ber_drl]  snr=+18.0dB [ber_drl]  snr=+20.0dB [ber_drl]Done (7.12s)
Batch 1722/2000 (active points 11/11) [3h 21m 25s elapsed] ...   snr=+0.0dB [ber_drl]  snr=+2.0dB [ber_drl]  snr=+4.0dB [ber_drl]  snr=+6.0dB [ber_drl]  snr=+8.0dB [ber_drl]  snr=+10.0dB [ber_drl]  snr=+12.0dB [ber_drl]  snr=+14.0dB [ber_drl]  snr=+16.0dB [ber_drl]  snr=+18.0dB [ber_drl]  snr=+20.0dB [ber_drl]Done (7.11s)
Batch 1723/2000 (active points 11/11) [3h 21m 32s elapsed] ...   snr=+0.0dB [ber_drl]  snr=+2.0dB [ber_drl]  snr=+4.0dB [ber_drl]  snr=+6.0dB [ber_drl]  snr=+8.0dB [ber_drl]  snr=+10.0dB [ber_drl]  snr=+12.0dB [ber_drl]  snr=+14.0dB [ber_drl]  snr=+16.0dB [ber_drl]  snr=+18.0dB [ber_drl]  snr=+20.0dB [ber_drl]Done (7.10s)
Batch 1724/2000 (active points 11/11) [3h 21m 39s elapsed] ...   snr=+0.0dB [ber_drl]  snr=+2.0dB [ber_drl]  snr=+4.0dB [ber_drl]  snr=+6.0dB [ber_drl]  snr=+8.0dB [ber_drl]  snr=+10.0dB [ber_drl]  snr=+12.0dB [ber_drl]  snr=+14.0dB [ber_drl]  snr=+16.0dB [ber_drl]  snr=+18.0dB [ber_drl]  snr=+20.0dB [ber_drl]Done (6.97s)
Batch 1725/2000 (active points 11/11) [3h 21m 46s elapsed] ...   snr=+0.0dB [ber_drl]  snr=+2.0dB [ber_drl]  snr=+4.0dB [ber_drl]  snr=+6.0dB [ber_drl]  snr=+8.0dB [ber_drl]  snr=+10.0dB [ber_drl]  snr=+12.0dB [ber_drl]  snr=+14.0dB [ber_drl]  snr=+16.0dB [ber_drl]  snr=+18.0dB [ber_drl]  snr=+20.0dB [ber_drl]Done (7.11s)
Batch 1726/2000 (active points 11/11) [3h 21m 54s elapsed] ...   snr=+0.0dB [ber_drl]  snr=+2.0dB [ber_drl]  snr=+4.0dB [ber_drl]  snr=+6.0dB [ber_drl]  snr=+8.0dB [ber_drl]  snr=+10.0dB [ber_drl]  snr=+12.0dB [ber_drl]  snr=+14.0dB [ber_drl]  snr=+16.0dB [ber_drl]  snr=+18.0dB [ber_drl]  snr=+20.0dB [ber_drl]Done (7.10s)
Batch 1727/2000 (active points 11/11) [3h 22m 01s elapsed] ...   snr=+0.0dB [ber_drl]  snr=+2.0dB [ber_drl]  snr=+4.0dB [ber_drl]  snr=+6.0dB [ber_drl]  snr=+8.0dB [ber_drl]  snr=+10.0dB [ber_drl]  snr=+12.0dB [ber_drl]  snr=+14.0dB [ber_drl]  snr=+16.0dB [ber_drl]  snr=+18.0dB [ber_drl]  snr=+20.0dB [ber_drl]Done (7.09s)
Batch 1728/2000 (active points 11/11) [3h 22m 08s elapsed] ...   snr=+0.0dB [ber_drl]  snr=+2.0dB [ber_drl]  snr=+4.0dB [ber_drl]  snr=+6.0dB [ber_drl]  snr=+8.0dB [ber_drl]  snr=+10.0dB [ber_drl]  snr=+12.0dB [ber_drl]  snr=+14.0dB [ber_drl]  snr=+16.0dB [ber_drl]  snr=+18.0dB [ber_drl]  snr=+20.0dB [ber_drl]Done (7.08s)
Batch 1729/2000 (active points 11/11) [3h 22m 15s elapsed] ...   snr=+0.0dB [ber_drl]  snr=+2.0dB [ber_drl]  snr=+4.0dB [ber_drl]  snr=+6.0dB [ber_drl]  snr=+8.0dB [ber_drl]  snr=+10.0dB [ber_drl]  snr=+12.0dB [ber_drl]  snr=+14.0dB [ber_drl]  snr=+16.0dB [ber_drl]  snr=+18.0dB [ber_drl]  snr=+20.0dB [ber_drl]Done (7.04s)
Batch 1730/2000 (active points 11/11) [3h 22m 22s elapsed] ...   snr=+0.0dB [ber_drl]  snr=+2.0dB [ber_drl]  snr=+4.0dB [ber_drl]  snr=+6.0dB [ber_drl]  snr=+8.0dB [ber_drl]  snr=+10.0dB [ber_drl]  snr=+12.0dB [ber_drl]  snr=+14.0dB [ber_drl]  snr=+16.0dB [ber_drl]  snr=+18.0dB [ber_drl]  snr=+20.0dB [ber_drl]Done (7.19s)
Batch 1731/2000 (active points 11/11) [3h 22m 29s elapsed] ...   snr=+0.0dB [ber_drl]  snr=+2.0dB [ber_drl]  snr=+4.0dB [ber_drl]  snr=+6.0dB [ber_drl]  snr=+8.0dB [ber_drl]  snr=+10.0dB [ber_drl]  snr=+12.0dB [ber_drl]  snr=+14.0dB [ber_drl]  snr=+16.0dB [ber_drl]  snr=+18.0dB [ber_drl]  snr=+20.0dB [ber_drl]Done (7.08s)
Batch 1732/2000 (active points 11/11) [3h 22m 36s elapsed] ...   snr=+0.0dB [ber_drl]  snr=+2.0dB [ber_drl]  snr=+4.0dB [ber_drl]  snr=+6.0dB [ber_drl]  snr=+8.0dB [ber_drl]  snr=+10.0dB [ber_drl]  snr=+12.0dB [ber_drl]  snr=+14.0dB [ber_drl]  snr=+16.0dB [ber_drl]  snr=+18.0dB [ber_drl]  snr=+20.0dB [ber_drl]Done (7.14s)
Batch 1733/2000 (active points 11/11) [3h 22m 43s elapsed] ...   snr=+0.0dB [ber_drl]  snr=+2.0dB [ber_drl]  snr=+4.0dB [ber_drl]  snr=+6.0dB [ber_drl]  snr=+8.0dB [ber_drl]  snr=+10.0dB [ber_drl]  snr=+12.0dB [ber_drl]  snr=+14.0dB [ber_drl]  snr=+16.0dB [ber_drl]  snr=+18.0dB [ber_drl]  snr=+20.0dB [ber_drl]Done (7.04s)
Batch 1734/2000 (active points 11/11) [3h 22m 50s elapsed] ...   snr=+0.0dB [ber_drl]  snr=+2.0dB [ber_drl]  snr=+4.0dB [ber_drl]  snr=+6.0dB [ber_drl]  snr=+8.0dB [ber_drl]  snr=+10.0dB [ber_drl]  snr=+12.0dB [ber_drl]  snr=+14.0dB [ber_drl]  snr=+16.0dB [ber_drl]  snr=+18.0dB [ber_drl]  snr=+20.0dB [ber_drl]Done (7.13s)
Batch 1735/2000 (active points 11/11) [3h 22m 57s elapsed] ...   snr=+0.0dB [ber_drl]  snr=+2.0dB [ber_drl]  snr=+4.0dB [ber_drl]  snr=+6.0dB [ber_drl]  snr=+8.0dB [ber_drl]  snr=+10.0dB [ber_drl]  snr=+12.0dB [ber_drl]  snr=+14.0dB [ber_drl]  snr=+16.0dB [ber_drl]  snr=+18.0dB [ber_drl]  snr=+20.0dB [ber_drl]Done (7.06s)
Batch 1736/2000 (active points 11/11) [3h 23m 04s elapsed] ...   snr=+0.0dB [ber_drl]  snr=+2.0dB [ber_drl]  snr=+4.0dB [ber_drl]  snr=+6.0dB [ber_drl]  snr=+8.0dB [ber_drl]  snr=+10.0dB [ber_drl]  snr=+12.0dB [ber_drl]  snr=+14.0dB [ber_drl]  snr=+16.0dB [ber_drl]  snr=+18.0dB [ber_drl]  snr=+20.0dB [ber_drl]Done (7.18s)
Batch 1737/2000 (active points 11/11) [3h 23m 12s elapsed] ...   snr=+0.0dB [ber_drl]  snr=+2.0dB [ber_drl]  snr=+4.0dB [ber_drl]  snr=+6.0dB [ber_drl]  snr=+8.0dB [ber_drl]  snr=+10.0dB [ber_drl]  snr=+12.0dB [ber_drl]  snr=+14.0dB [ber_drl]  snr=+16.0dB [ber_drl]  snr=+18.0dB [ber_drl]  snr=+20.0dB [ber_drl]Done (7.16s)
Batch 1738/2000 (active points 11/11) [3h 23m 19s elapsed] ...   snr=+0.0dB [ber_drl]  snr=+2.0dB [ber_drl]  snr=+4.0dB [ber_drl]  snr=+6.0dB [ber_drl]  snr=+8.0dB [ber_drl]  snr=+10.0dB [ber_drl]  snr=+12.0dB [ber_drl]  snr=+14.0dB [ber_drl]  snr=+16.0dB [ber_drl]  snr=+18.0dB [ber_drl]  snr=+20.0dB [ber_drl]Done (7.07s)
Batch 1739/2000 (active points 11/11) [3h 23m 26s elapsed] ...   snr=+0.0dB [ber_drl]  snr=+2.0dB [ber_drl]  snr=+4.0dB [ber_drl]  snr=+6.0dB [ber_drl]  snr=+8.0dB [ber_drl]  snr=+10.0dB [ber_drl]  snr=+12.0dB [ber_drl]  snr=+14.0dB [ber_drl]  snr=+16.0dB [ber_drl]  snr=+18.0dB [ber_drl]  snr=+20.0dB [ber_drl]Done (7.09s)
Batch 1740/2000 (active points 11/11) [3h 23m 33s elapsed] ...   snr=+0.0dB [ber_drl]  snr=+2.0dB [ber_drl]  snr=+4.0dB [ber_drl]  snr=+6.0dB [ber_drl]  snr=+8.0dB [ber_drl]  snr=+10.0dB [ber_drl]  snr=+12.0dB [ber_drl]  snr=+14.0dB [ber_drl]  snr=+16.0dB [ber_drl]  snr=+18.0dB [ber_drl]  snr=+20.0dB [ber_drl]Done (7.17s)
Batch 1741/2000 (active points 11/11) [3h 23m 40s elapsed] ...   snr=+0.0dB [ber_drl]  snr=+2.0dB [ber_drl]  snr=+4.0dB [ber_drl]  snr=+6.0dB [ber_drl]  snr=+8.0dB [ber_drl]  snr=+10.0dB [ber_drl]  snr=+12.0dB [ber_drl]  snr=+14.0dB [ber_drl]  snr=+16.0dB [ber_drl]  snr=+18.0dB [ber_drl]  snr=+20.0dB [ber_drl]Done (7.06s)
Batch 1742/2000 (active points 11/11) [3h 23m 47s elapsed] ...   snr=+0.0dB [ber_drl]  snr=+2.0dB [ber_drl]  snr=+4.0dB [ber_drl]  snr=+6.0dB [ber_drl]  snr=+8.0dB [ber_drl]  snr=+10.0dB [ber_drl]  snr=+12.0dB [ber_drl]  snr=+14.0dB [ber_drl]  snr=+16.0dB [ber_drl]  snr=+18.0dB [ber_drl]  snr=+20.0dB [ber_drl]Done (7.02s)
Batch 1743/2000 (active points 11/11) [3h 23m 54s elapsed] ...   snr=+0.0dB [ber_drl]  snr=+2.0dB [ber_drl]  snr=+4.0dB [ber_drl]  snr=+6.0dB [ber_drl]  snr=+8.0dB [ber_drl]  snr=+10.0dB [ber_drl]  snr=+12.0dB [ber_drl]  snr=+14.0dB [ber_drl]  snr=+16.0dB [ber_drl]  snr=+18.0dB [ber_drl]  snr=+20.0dB [ber_drl]Done (7.16s)
Batch 1744/2000 (active points 11/11) [3h 24m 01s elapsed] ...   snr=+0.0dB [ber_drl]  snr=+2.0dB [ber_drl]  snr=+4.0dB [ber_drl]  snr=+6.0dB [ber_drl]  snr=+8.0dB [ber_drl]  snr=+10.0dB [ber_drl]  snr=+12.0dB [ber_drl]  snr=+14.0dB [ber_drl]  snr=+16.0dB [ber_drl]  snr=+18.0dB [ber_drl]  snr=+20.0dB [ber_drl]Done (7.08s)
Batch 1745/2000 (active points 11/11) [3h 24m 08s elapsed] ...   snr=+0.0dB [ber_drl]  snr=+2.0dB [ber_drl]  snr=+4.0dB [ber_drl]  snr=+6.0dB [ber_drl]  snr=+8.0dB [ber_drl]  snr=+10.0dB [ber_drl]  snr=+12.0dB [ber_drl]  snr=+14.0dB [ber_drl]  snr=+16.0dB [ber_drl]  snr=+18.0dB [ber_drl]  snr=+20.0dB [ber_drl]Done (7.07s)
Batch 1746/2000 (active points 11/11) [3h 24m 16s elapsed] ...   snr=+0.0dB [ber_drl]  snr=+2.0dB [ber_drl]  snr=+4.0dB [ber_drl]  snr=+6.0dB [ber_drl]  snr=+8.0dB [ber_drl]  snr=+10.0dB [ber_drl]  snr=+12.0dB [ber_drl]  snr=+14.0dB [ber_drl]  snr=+16.0dB [ber_drl]  snr=+18.0dB [ber_drl]  snr=+20.0dB [ber_drl]Done (7.00s)
Batch 1747/2000 (active points 11/11) [3h 24m 23s elapsed] ...   snr=+0.0dB [ber_drl]  snr=+2.0dB [ber_drl]  snr=+4.0dB [ber_drl]  snr=+6.0dB [ber_drl]  snr=+8.0dB [ber_drl]  snr=+10.0dB [ber_drl]  snr=+12.0dB [ber_drl]  snr=+14.0dB [ber_drl]  snr=+16.0dB [ber_drl]  snr=+18.0dB [ber_drl]  snr=+20.0dB [ber_drl]Done (7.16s)
Batch 1748/2000 (active points 11/11) [3h 24m 30s elapsed] ...   snr=+0.0dB [ber_drl]  snr=+2.0dB [ber_drl]  snr=+4.0dB [ber_drl]  snr=+6.0dB [ber_drl]  snr=+8.0dB [ber_drl]  snr=+10.0dB [ber_drl]  snr=+12.0dB [ber_drl]  snr=+14.0dB [ber_drl]  snr=+16.0dB [ber_drl]  snr=+18.0dB [ber_drl]  snr=+20.0dB [ber_drl]Done (7.09s)
Batch 1749/2000 (active points 11/11) [3h 24m 37s elapsed] ...   snr=+0.0dB [ber_drl]  snr=+2.0dB [ber_drl]  snr=+4.0dB [ber_drl]  snr=+6.0dB [ber_drl]  snr=+8.0dB [ber_drl]  snr=+10.0dB [ber_drl]  snr=+12.0dB [ber_drl]  snr=+14.0dB [ber_drl]  snr=+16.0dB [ber_drl]  snr=+18.0dB [ber_drl]  snr=+20.0dB [ber_drl]Done (7.09s)
Batch 1750/2000 (active points 11/11) [3h 24m 44s elapsed] ...   snr=+0.0dB [ber_drl]  snr=+2.0dB [ber_drl]  snr=+4.0dB [ber_drl]  snr=+6.0dB [ber_drl]  snr=+8.0dB [ber_drl]  snr=+10.0dB [ber_drl]  snr=+12.0dB [ber_drl]  snr=+14.0dB [ber_drl]  snr=+16.0dB [ber_drl]  snr=+18.0dB [ber_drl]  snr=+20.0dB [ber_drl]Done (7.03s)
Batch 1751/2000 (active points 11/11) [3h 24m 51s elapsed] ...   snr=+0.0dB [ber_drl]  snr=+2.0dB [ber_drl]  snr=+4.0dB [ber_drl]  snr=+6.0dB [ber_drl]  snr=+8.0dB [ber_drl]  snr=+10.0dB [ber_drl]  snr=+12.0dB [ber_drl]  snr=+14.0dB [ber_drl]  snr=+16.0dB [ber_drl]  snr=+18.0dB [ber_drl]  snr=+20.0dB [ber_drl]Done (7.05s)
Batch 1752/2000 (active points 11/11) [3h 24m 58s elapsed] ...   snr=+0.0dB [ber_drl]  snr=+2.0dB [ber_drl]  snr=+4.0dB [ber_drl]  snr=+6.0dB [ber_drl]  snr=+8.0dB [ber_drl]  snr=+10.0dB [ber_drl]  snr=+12.0dB [ber_drl]  snr=+14.0dB [ber_drl]  snr=+16.0dB [ber_drl]  snr=+18.0dB [ber_drl]  snr=+20.0dB [ber_drl]Done (7.07s)
Batch 1753/2000 (active points 11/11) [3h 25m 05s elapsed] ...   snr=+0.0dB [ber_drl]  snr=+2.0dB [ber_drl]  snr=+4.0dB [ber_drl]  snr=+6.0dB [ber_drl]  snr=+8.0dB [ber_drl]  snr=+10.0dB [ber_drl]  snr=+12.0dB [ber_drl]  snr=+14.0dB [ber_drl]  snr=+16.0dB [ber_drl]  snr=+18.0dB [ber_drl]  snr=+20.0dB [ber_drl]Done (7.10s)
Batch 1754/2000 (active points 11/11) [3h 25m 12s elapsed] ...   snr=+0.0dB [ber_drl]  snr=+2.0dB [ber_drl]  snr=+4.0dB [ber_drl]  snr=+6.0dB [ber_drl]  snr=+8.0dB [ber_drl]  snr=+10.0dB [ber_drl]  snr=+12.0dB [ber_drl]  snr=+14.0dB [ber_drl]  snr=+16.0dB [ber_drl]  snr=+18.0dB [ber_drl]  snr=+20.0dB [ber_drl]Done (7.07s)
Batch 1755/2000 (active points 11/11) [3h 25m 19s elapsed] ...   snr=+0.0dB [ber_drl]  snr=+2.0dB [ber_drl]  snr=+4.0dB [ber_drl]  snr=+6.0dB [ber_drl]  snr=+8.0dB [ber_drl]  snr=+10.0dB [ber_drl]  snr=+12.0dB [ber_drl]  snr=+14.0dB [ber_drl]  snr=+16.0dB [ber_drl]  snr=+18.0dB [ber_drl]  snr=+20.0dB [ber_drl]Done (7.05s)
Batch 1756/2000 (active points 11/11) [3h 25m 26s elapsed] ...   snr=+0.0dB [ber_drl]  snr=+2.0dB [ber_drl]  snr=+4.0dB [ber_drl]  snr=+6.0dB [ber_drl]  snr=+8.0dB [ber_drl]  snr=+10.0dB [ber_drl]  snr=+12.0dB [ber_drl]  snr=+14.0dB [ber_drl]  snr=+16.0dB [ber_drl]  snr=+18.0dB [ber_drl]  snr=+20.0dB [ber_drl]Done (7.09s)
Batch 1757/2000 (active points 11/11) [3h 25m 33s elapsed] ...   snr=+0.0dB [ber_drl]  snr=+2.0dB [ber_drl]  snr=+4.0dB [ber_drl]  snr=+6.0dB [ber_drl]  snr=+8.0dB [ber_drl]  snr=+10.0dB [ber_drl]  snr=+12.0dB [ber_drl]  snr=+14.0dB [ber_drl]  snr=+16.0dB [ber_drl]  snr=+18.0dB [ber_drl]  snr=+20.0dB [ber_drl]Done (7.12s)
Batch 1758/2000 (active points 11/11) [3h 25m 40s elapsed] ...   snr=+0.0dB [ber_drl]  snr=+2.0dB [ber_drl]  snr=+4.0dB [ber_drl]  snr=+6.0dB [ber_drl]  snr=+8.0dB [ber_drl]  snr=+10.0dB [ber_drl]  snr=+12.0dB [ber_drl]  snr=+14.0dB [ber_drl]  snr=+16.0dB [ber_drl]  snr=+18.0dB [ber_drl]  snr=+20.0dB [ber_drl]Done (7.10s)
Batch 1759/2000 (active points 11/11) [3h 25m 48s elapsed] ...   snr=+0.0dB [ber_drl]  snr=+2.0dB [ber_drl]  snr=+4.0dB [ber_drl]  snr=+6.0dB [ber_drl]  snr=+8.0dB [ber_drl]  snr=+10.0dB [ber_drl]  snr=+12.0dB [ber_drl]  snr=+14.0dB [ber_drl]  snr=+16.0dB [ber_drl]  snr=+18.0dB [ber_drl]  snr=+20.0dB [ber_drl]Done (7.02s)
Batch 1760/2000 (active points 11/11) [3h 25m 55s elapsed] ...   snr=+0.0dB [ber_drl]  snr=+2.0dB [ber_drl]  snr=+4.0dB [ber_drl]  snr=+6.0dB [ber_drl]  snr=+8.0dB [ber_drl]  snr=+10.0dB [ber_drl]  snr=+12.0dB [ber_drl]  snr=+14.0dB [ber_drl]  snr=+16.0dB [ber_drl]  snr=+18.0dB [ber_drl]  snr=+20.0dB [ber_drl]Done (7.08s)
Batch 1761/2000 (active points 11/11) [3h 26m 02s elapsed] ...   snr=+0.0dB [ber_drl]  snr=+2.0dB [ber_drl]  snr=+4.0dB [ber_drl]  snr=+6.0dB [ber_drl]  snr=+8.0dB [ber_drl]  snr=+10.0dB [ber_drl]  snr=+12.0dB [ber_drl]  snr=+14.0dB [ber_drl]  snr=+16.0dB [ber_drl]  snr=+18.0dB [ber_drl]  snr=+20.0dB [ber_drl]Done (7.08s)
Batch 1762/2000 (active points 11/11) [3h 26m 09s elapsed] ...   snr=+0.0dB [ber_drl]  snr=+2.0dB [ber_drl]  snr=+4.0dB [ber_drl]  snr=+6.0dB [ber_drl]  snr=+8.0dB [ber_drl]  snr=+10.0dB [ber_drl]  snr=+12.0dB [ber_drl]  snr=+14.0dB [ber_drl]  snr=+16.0dB [ber_drl]  snr=+18.0dB [ber_drl]  snr=+20.0dB [ber_drl]Done (7.07s)
Batch 1763/2000 (active points 11/11) [3h 26m 16s elapsed] ...   snr=+0.0dB [ber_drl]  snr=+2.0dB [ber_drl]  snr=+4.0dB [ber_drl]  snr=+6.0dB [ber_drl]  snr=+8.0dB [ber_drl]  snr=+10.0dB [ber_drl]  snr=+12.0dB [ber_drl]  snr=+14.0dB [ber_drl]  snr=+16.0dB [ber_drl]  snr=+18.0dB [ber_drl]  snr=+20.0dB [ber_drl]Done (7.01s)
Batch 1764/2000 (active points 11/11) [3h 26m 23s elapsed] ...   snr=+0.0dB [ber_drl]  snr=+2.0dB [ber_drl]  snr=+4.0dB [ber_drl]  snr=+6.0dB [ber_drl]  snr=+8.0dB [ber_drl]  snr=+10.0dB [ber_drl]  snr=+12.0dB [ber_drl]  snr=+14.0dB [ber_drl]  snr=+16.0dB [ber_drl]  snr=+18.0dB [ber_drl]  snr=+20.0dB [ber_drl]Done (7.06s)
Batch 1765/2000 (active points 11/11) [3h 26m 30s elapsed] ...   snr=+0.0dB [ber_drl]  snr=+2.0dB [ber_drl]  snr=+4.0dB [ber_drl]  snr=+6.0dB [ber_drl]  snr=+8.0dB [ber_drl]  snr=+10.0dB [ber_drl]  snr=+12.0dB [ber_drl]  snr=+14.0dB [ber_drl]  snr=+16.0dB [ber_drl]  snr=+18.0dB [ber_drl]  snr=+20.0dB [ber_drl]Done (7.07s)
Batch 1766/2000 (active points 11/11) [3h 26m 37s elapsed] ...   snr=+0.0dB [ber_drl]  snr=+2.0dB [ber_drl]  snr=+4.0dB [ber_drl]  snr=+6.0dB [ber_drl]  snr=+8.0dB [ber_drl]  snr=+10.0dB [ber_drl]  snr=+12.0dB [ber_drl]  snr=+14.0dB [ber_drl]  snr=+16.0dB [ber_drl]  snr=+18.0dB [ber_drl]  snr=+20.0dB [ber_drl]Done (7.14s)
Batch 1767/2000 (active points 11/11) [3h 26m 44s elapsed] ...   snr=+0.0dB [ber_drl]  snr=+2.0dB [ber_drl]  snr=+4.0dB [ber_drl]  snr=+6.0dB [ber_drl]  snr=+8.0dB [ber_drl]  snr=+10.0dB [ber_drl]  snr=+12.0dB [ber_drl]  snr=+14.0dB [ber_drl]  snr=+16.0dB [ber_drl]  snr=+18.0dB [ber_drl]  snr=+20.0dB [ber_drl]Done (7.02s)
Batch 1768/2000 (active points 11/11) [3h 26m 51s elapsed] ...   snr=+0.0dB [ber_drl]  snr=+2.0dB [ber_drl]  snr=+4.0dB [ber_drl]  snr=+6.0dB [ber_drl]  snr=+8.0dB [ber_drl]  snr=+10.0dB [ber_drl]  snr=+12.0dB [ber_drl]  snr=+14.0dB [ber_drl]  snr=+16.0dB [ber_drl]  snr=+18.0dB [ber_drl]  snr=+20.0dB [ber_drl]Done (7.05s)
Batch 1769/2000 (active points 11/11) [3h 26m 58s elapsed] ...   snr=+0.0dB [ber_drl]  snr=+2.0dB [ber_drl]  snr=+4.0dB [ber_drl]  snr=+6.0dB [ber_drl]  snr=+8.0dB [ber_drl]  snr=+10.0dB [ber_drl]  snr=+12.0dB [ber_drl]  snr=+14.0dB [ber_drl]  snr=+16.0dB [ber_drl]  snr=+18.0dB [ber_drl]  snr=+20.0dB [ber_drl]Done (7.11s)
Batch 1770/2000 (active points 11/11) [3h 27m 05s elapsed] ...   snr=+0.0dB [ber_drl]  snr=+2.0dB [ber_drl]  snr=+4.0dB [ber_drl]  snr=+6.0dB [ber_drl]  snr=+8.0dB [ber_drl]  snr=+10.0dB [ber_drl]  snr=+12.0dB [ber_drl]  snr=+14.0dB [ber_drl]  snr=+16.0dB [ber_drl]  snr=+18.0dB [ber_drl]  snr=+20.0dB [ber_drl]Done (7.08s)
Batch 1771/2000 (active points 11/11) [3h 27m 12s elapsed] ...   snr=+0.0dB [ber_drl]  snr=+2.0dB [ber_drl]  snr=+4.0dB [ber_drl]  snr=+6.0dB [ber_drl]  snr=+8.0dB [ber_drl]  snr=+10.0dB [ber_drl]  snr=+12.0dB [ber_drl]  snr=+14.0dB [ber_drl]  snr=+16.0dB [ber_drl]  snr=+18.0dB [ber_drl]  snr=+20.0dB [ber_drl]Done (7.11s)
Batch 1772/2000 (active points 11/11) [3h 27m 19s elapsed] ...   snr=+0.0dB [ber_drl]  snr=+2.0dB [ber_drl]  snr=+4.0dB [ber_drl]  snr=+6.0dB [ber_drl]  snr=+8.0dB [ber_drl]  snr=+10.0dB [ber_drl]  snr=+12.0dB [ber_drl]  snr=+14.0dB [ber_drl]  snr=+16.0dB [ber_drl]  snr=+18.0dB [ber_drl]  snr=+20.0dB [ber_drl]Done (7.02s)
Batch 1773/2000 (active points 11/11) [3h 27m 27s elapsed] ...   snr=+0.0dB [ber_drl]  snr=+2.0dB [ber_drl]  snr=+4.0dB [ber_drl]  snr=+6.0dB [ber_drl]  snr=+8.0dB [ber_drl]  snr=+10.0dB [ber_drl]  snr=+12.0dB [ber_drl]  snr=+14.0dB [ber_drl]  snr=+16.0dB [ber_drl]  snr=+18.0dB [ber_drl]  snr=+20.0dB [ber_drl]Done (7.09s)
Batch 1774/2000 (active points 11/11) [3h 27m 34s elapsed] ...   snr=+0.0dB [ber_drl]  snr=+2.0dB [ber_drl]  snr=+4.0dB [ber_drl]  snr=+6.0dB [ber_drl]  snr=+8.0dB [ber_drl]  snr=+10.0dB [ber_drl]  snr=+12.0dB [ber_drl]  snr=+14.0dB [ber_drl]  snr=+16.0dB [ber_drl]  snr=+18.0dB [ber_drl]  snr=+20.0dB [ber_drl]Done (7.06s)
Batch 1775/2000 (active points 11/11) [3h 27m 41s elapsed] ...   snr=+0.0dB [ber_drl]  snr=+2.0dB [ber_drl]  snr=+4.0dB [ber_drl]  snr=+6.0dB [ber_drl]  snr=+8.0dB [ber_drl]  snr=+10.0dB [ber_drl]  snr=+12.0dB [ber_drl]  snr=+14.0dB [ber_drl]  snr=+16.0dB [ber_drl]  snr=+18.0dB [ber_drl]  snr=+20.0dB [ber_drl]Done (7.16s)
Batch 1776/2000 (active points 11/11) [3h 27m 48s elapsed] ...   snr=+0.0dB [ber_drl]  snr=+2.0dB [ber_drl]  snr=+4.0dB [ber_drl]  snr=+6.0dB [ber_drl]  snr=+8.0dB [ber_drl]  snr=+10.0dB [ber_drl]  snr=+12.0dB [ber_drl]  snr=+14.0dB [ber_drl]  snr=+16.0dB [ber_drl]  snr=+18.0dB [ber_drl]  snr=+20.0dB [ber_drl]Done (7.08s)
Batch 1777/2000 (active points 11/11) [3h 27m 55s elapsed] ...   snr=+0.0dB [ber_drl]  snr=+2.0dB [ber_drl]  snr=+4.0dB [ber_drl]  snr=+6.0dB [ber_drl]  snr=+8.0dB [ber_drl]  snr=+10.0dB [ber_drl]  snr=+12.0dB [ber_drl]  snr=+14.0dB [ber_drl]  snr=+16.0dB [ber_drl]  snr=+18.0dB [ber_drl]  snr=+20.0dB [ber_drl]Done (7.07s)
Batch 1778/2000 (active points 11/11) [3h 28m 02s elapsed] ...   snr=+0.0dB [ber_drl]  snr=+2.0dB [ber_drl]  snr=+4.0dB [ber_drl]  snr=+6.0dB [ber_drl]  snr=+8.0dB [ber_drl]  snr=+10.0dB [ber_drl]  snr=+12.0dB [ber_drl]  snr=+14.0dB [ber_drl]  snr=+16.0dB [ber_drl]  snr=+18.0dB [ber_drl]  snr=+20.0dB [ber_drl]Done (7.07s)
Batch 1779/2000 (active points 11/11) [3h 28m 09s elapsed] ...   snr=+0.0dB [ber_drl]  snr=+2.0dB [ber_drl]  snr=+4.0dB [ber_drl]  snr=+6.0dB [ber_drl]  snr=+8.0dB [ber_drl]  snr=+10.0dB [ber_drl]  snr=+12.0dB [ber_drl]  snr=+14.0dB [ber_drl]  snr=+16.0dB [ber_drl]  snr=+18.0dB [ber_drl]  snr=+20.0dB [ber_drl]Done (7.30s)
Batch 1780/2000 (active points 11/11) [3h 28m 16s elapsed] ...   snr=+0.0dB [ber_drl]  snr=+2.0dB [ber_drl]  snr=+4.0dB [ber_drl]  snr=+6.0dB [ber_drl]  snr=+8.0dB [ber_drl]  snr=+10.0dB [ber_drl]  snr=+12.0dB [ber_drl]  snr=+14.0dB [ber_drl]  snr=+16.0dB [ber_drl]  snr=+18.0dB [ber_drl]  snr=+20.0dB [ber_drl]Done (7.06s)
Batch 1781/2000 (active points 11/11) [3h 28m 23s elapsed] ...   snr=+0.0dB [ber_drl]  snr=+2.0dB [ber_drl]  snr=+4.0dB [ber_drl]  snr=+6.0dB [ber_drl]  snr=+8.0dB [ber_drl]  snr=+10.0dB [ber_drl]  snr=+12.0dB [ber_drl]  snr=+14.0dB [ber_drl]  snr=+16.0dB [ber_drl]  snr=+18.0dB [ber_drl]  snr=+20.0dB [ber_drl]Done (7.01s)
Batch 1782/2000 (active points 11/11) [3h 28m 30s elapsed] ...   snr=+0.0dB [ber_drl]  snr=+2.0dB [ber_drl]  snr=+4.0dB [ber_drl]  snr=+6.0dB [ber_drl]  snr=+8.0dB [ber_drl]  snr=+10.0dB [ber_drl]  snr=+12.0dB [ber_drl]  snr=+14.0dB [ber_drl]  snr=+16.0dB [ber_drl]  snr=+18.0dB [ber_drl]  snr=+20.0dB [ber_drl]Done (7.08s)
Batch 1783/2000 (active points 11/11) [3h 28m 38s elapsed] ...   snr=+0.0dB [ber_drl]  snr=+2.0dB [ber_drl]  snr=+4.0dB [ber_drl]  snr=+6.0dB [ber_drl]  snr=+8.0dB [ber_drl]  snr=+10.0dB [ber_drl]  snr=+12.0dB [ber_drl]  snr=+14.0dB [ber_drl]  snr=+16.0dB [ber_drl]  snr=+18.0dB [ber_drl]  snr=+20.0dB [ber_drl]Done (7.10s)
Batch 1784/2000 (active points 11/11) [3h 28m 45s elapsed] ...   snr=+0.0dB [ber_drl]  snr=+2.0dB [ber_drl]  snr=+4.0dB [ber_drl]  snr=+6.0dB [ber_drl]  snr=+8.0dB [ber_drl]  snr=+10.0dB [ber_drl]  snr=+12.0dB [ber_drl]  snr=+14.0dB [ber_drl]  snr=+16.0dB [ber_drl]  snr=+18.0dB [ber_drl]  snr=+20.0dB [ber_drl]Done (7.12s)
Batch 1785/2000 (active points 11/11) [3h 28m 52s elapsed] ...   snr=+0.0dB [ber_drl]  snr=+2.0dB [ber_drl]  snr=+4.0dB [ber_drl]  snr=+6.0dB [ber_drl]  snr=+8.0dB [ber_drl]  snr=+10.0dB [ber_drl]  snr=+12.0dB [ber_drl]  snr=+14.0dB [ber_drl]  snr=+16.0dB [ber_drl]  snr=+18.0dB [ber_drl]  snr=+20.0dB [ber_drl]Done (7.09s)
Batch 1786/2000 (active points 11/11) [3h 28m 59s elapsed] ...   snr=+0.0dB [ber_drl]  snr=+2.0dB [ber_drl]  snr=+4.0dB [ber_drl]  snr=+6.0dB [ber_drl]  snr=+8.0dB [ber_drl]  snr=+10.0dB [ber_drl]  snr=+12.0dB [ber_drl]  snr=+14.0dB [ber_drl]  snr=+16.0dB [ber_drl]  snr=+18.0dB [ber_drl]  snr=+20.0dB [ber_drl]Done (7.04s)
Batch 1787/2000 (active points 11/11) [3h 29m 06s elapsed] ...   snr=+0.0dB [ber_drl]  snr=+2.0dB [ber_drl]  snr=+4.0dB [ber_drl]  snr=+6.0dB [ber_drl]  snr=+8.0dB [ber_drl]  snr=+10.0dB [ber_drl]  snr=+12.0dB [ber_drl]  snr=+14.0dB [ber_drl]  snr=+16.0dB [ber_drl]  snr=+18.0dB [ber_drl]  snr=+20.0dB [ber_drl]Done (7.09s)
Batch 1788/2000 (active points 11/11) [3h 29m 13s elapsed] ...   snr=+0.0dB [ber_drl]  snr=+2.0dB [ber_drl]  snr=+4.0dB [ber_drl]  snr=+6.0dB [ber_drl]  snr=+8.0dB [ber_drl]  snr=+10.0dB [ber_drl]  snr=+12.0dB [ber_drl]  snr=+14.0dB [ber_drl]  snr=+16.0dB [ber_drl]  snr=+18.0dB [ber_drl]  snr=+20.0dB [ber_drl]Done (7.09s)
Batch 1789/2000 (active points 11/11) [3h 29m 20s elapsed] ...   snr=+0.0dB [ber_drl]  snr=+2.0dB [ber_drl]  snr=+4.0dB [ber_drl]  snr=+6.0dB [ber_drl]  snr=+8.0dB [ber_drl]  snr=+10.0dB [ber_drl]  snr=+12.0dB [ber_drl]  snr=+14.0dB [ber_drl]  snr=+16.0dB [ber_drl]  snr=+18.0dB [ber_drl]  snr=+20.0dB [ber_drl]Done (7.06s)
Batch 1790/2000 (active points 11/11) [3h 29m 27s elapsed] ...   snr=+0.0dB [ber_drl]  snr=+2.0dB [ber_drl]  snr=+4.0dB [ber_drl]  snr=+6.0dB [ber_drl]  snr=+8.0dB [ber_drl]  snr=+10.0dB [ber_drl]  snr=+12.0dB [ber_drl]  snr=+14.0dB [ber_drl]  snr=+16.0dB [ber_drl]  snr=+18.0dB [ber_drl]  snr=+20.0dB [ber_drl]Done (7.08s)
Batch 1791/2000 (active points 11/11) [3h 29m 34s elapsed] ...   snr=+0.0dB [ber_drl]  snr=+2.0dB [ber_drl]  snr=+4.0dB [ber_drl]  snr=+6.0dB [ber_drl]  snr=+8.0dB [ber_drl]  snr=+10.0dB [ber_drl]  snr=+12.0dB [ber_drl]  snr=+14.0dB [ber_drl]  snr=+16.0dB [ber_drl]  snr=+18.0dB [ber_drl]  snr=+20.0dB [ber_drl]Done (7.10s)
Batch 1792/2000 (active points 11/11) [3h 29m 41s elapsed] ...   snr=+0.0dB [ber_drl]  snr=+2.0dB [ber_drl]  snr=+4.0dB [ber_drl]  snr=+6.0dB [ber_drl]  snr=+8.0dB [ber_drl]  snr=+10.0dB [ber_drl]  snr=+12.0dB [ber_drl]  snr=+14.0dB [ber_drl]  snr=+16.0dB [ber_drl]  snr=+18.0dB [ber_drl]  snr=+20.0dB [ber_drl]Done (7.10s)
Batch 1793/2000 (active points 11/11) [3h 29m 48s elapsed] ...   snr=+0.0dB [ber_drl]  snr=+2.0dB [ber_drl]  snr=+4.0dB [ber_drl]  snr=+6.0dB [ber_drl]  snr=+8.0dB [ber_drl]  snr=+10.0dB [ber_drl]  snr=+12.0dB [ber_drl]  snr=+14.0dB [ber_drl]  snr=+16.0dB [ber_drl]  snr=+18.0dB [ber_drl]  snr=+20.0dB [ber_drl]Done (7.13s)
Batch 1794/2000 (active points 11/11) [3h 29m 55s elapsed] ...   snr=+0.0dB [ber_drl]  snr=+2.0dB [ber_drl]  snr=+4.0dB [ber_drl]  snr=+6.0dB [ber_drl]  snr=+8.0dB [ber_drl]  snr=+10.0dB [ber_drl]  snr=+12.0dB [ber_drl]  snr=+14.0dB [ber_drl]  snr=+16.0dB [ber_drl]  snr=+18.0dB [ber_drl]  snr=+20.0dB [ber_drl]Done (7.05s)
Batch 1795/2000 (active points 11/11) [3h 30m 03s elapsed] ...   snr=+0.0dB [ber_drl]  snr=+2.0dB [ber_drl]  snr=+4.0dB [ber_drl]  snr=+6.0dB [ber_drl]  snr=+8.0dB [ber_drl]  snr=+10.0dB [ber_drl]  snr=+12.0dB [ber_drl]  snr=+14.0dB [ber_drl]  snr=+16.0dB [ber_drl]  snr=+18.0dB [ber_drl]  snr=+20.0dB [ber_drl]Done (7.07s)
Batch 1796/2000 (active points 11/11) [3h 30m 10s elapsed] ...   snr=+0.0dB [ber_drl]  snr=+2.0dB [ber_drl]  snr=+4.0dB [ber_drl]  snr=+6.0dB [ber_drl]  snr=+8.0dB [ber_drl]  snr=+10.0dB [ber_drl]  snr=+12.0dB [ber_drl]  snr=+14.0dB [ber_drl]  snr=+16.0dB [ber_drl]  snr=+18.0dB [ber_drl]  snr=+20.0dB [ber_drl]Done (7.08s)
Batch 1797/2000 (active points 11/11) [3h 30m 17s elapsed] ...   snr=+0.0dB [ber_drl]  snr=+2.0dB [ber_drl]  snr=+4.0dB [ber_drl]  snr=+6.0dB [ber_drl]  snr=+8.0dB [ber_drl]  snr=+10.0dB [ber_drl]  snr=+12.0dB [ber_drl]  snr=+14.0dB [ber_drl]  snr=+16.0dB [ber_drl]  snr=+18.0dB [ber_drl]  snr=+20.0dB [ber_drl]Done (7.09s)
Batch 1798/2000 (active points 11/11) [3h 30m 24s elapsed] ...   snr=+0.0dB [ber_drl]  snr=+2.0dB [ber_drl]  snr=+4.0dB [ber_drl]  snr=+6.0dB [ber_drl]  snr=+8.0dB [ber_drl]  snr=+10.0dB [ber_drl]  snr=+12.0dB [ber_drl]  snr=+14.0dB [ber_drl]  snr=+16.0dB [ber_drl]  snr=+18.0dB [ber_drl]  snr=+20.0dB [ber_drl]Done (7.06s)
Batch 1799/2000 (active points 11/11) [3h 30m 31s elapsed] ...   snr=+0.0dB [ber_drl]  snr=+2.0dB [ber_drl]  snr=+4.0dB [ber_drl]  snr=+6.0dB [ber_drl]  snr=+8.0dB [ber_drl]  snr=+10.0dB [ber_drl]  snr=+12.0dB [ber_drl]  snr=+14.0dB [ber_drl]  snr=+16.0dB [ber_drl]  snr=+18.0dB [ber_drl]  snr=+20.0dB [ber_drl]Done (7.03s)
Batch 1800/2000 (active points 11/11) [3h 30m 38s elapsed] ...   snr=+0.0dB [ber_drl]  snr=+2.0dB [ber_drl]  snr=+4.0dB [ber_drl]  snr=+6.0dB [ber_drl]  snr=+8.0dB [ber_drl]  snr=+10.0dB [ber_drl]  snr=+12.0dB [ber_drl]  snr=+14.0dB [ber_drl]  snr=+16.0dB [ber_drl]  snr=+18.0dB [ber_drl]  snr=+20.0dB [ber_drl]Done (7.12s)
Batch 1801/2000 (active points 11/11) [3h 30m 45s elapsed] ...   snr=+0.0dB [ber_drl]  snr=+2.0dB [ber_drl]  snr=+4.0dB [ber_drl]  snr=+6.0dB [ber_drl]  snr=+8.0dB [ber_drl]  snr=+10.0dB [ber_drl]  snr=+12.0dB [ber_drl]  snr=+14.0dB [ber_drl]  snr=+16.0dB [ber_drl]  snr=+18.0dB [ber_drl]  snr=+20.0dB [ber_drl]Done (7.11s)
Batch 1802/2000 (active points 11/11) [3h 30m 52s elapsed] ...   snr=+0.0dB [ber_drl]  snr=+2.0dB [ber_drl]  snr=+4.0dB [ber_drl]  snr=+6.0dB [ber_drl]  snr=+8.0dB [ber_drl]  snr=+10.0dB [ber_drl]  snr=+12.0dB [ber_drl]  snr=+14.0dB [ber_drl]  snr=+16.0dB [ber_drl]  snr=+18.0dB [ber_drl]  snr=+20.0dB [ber_drl]Done (7.21s)
Batch 1803/2000 (active points 11/11) [3h 30m 59s elapsed] ...   snr=+0.0dB [ber_drl]  snr=+2.0dB [ber_drl]  snr=+4.0dB [ber_drl]  snr=+6.0dB [ber_drl]  snr=+8.0dB [ber_drl]  snr=+10.0dB [ber_drl]  snr=+12.0dB [ber_drl]  snr=+14.0dB [ber_drl]  snr=+16.0dB [ber_drl]  snr=+18.0dB [ber_drl]  snr=+20.0dB [ber_drl]Done (7.05s)
Batch 1804/2000 (active points 11/11) [3h 31m 06s elapsed] ...   snr=+0.0dB [ber_drl]  snr=+2.0dB [ber_drl]  snr=+4.0dB [ber_drl]  snr=+6.0dB [ber_drl]  snr=+8.0dB [ber_drl]  snr=+10.0dB [ber_drl]  snr=+12.0dB [ber_drl]  snr=+14.0dB [ber_drl]  snr=+16.0dB [ber_drl]  snr=+18.0dB [ber_drl]  snr=+20.0dB [ber_drl]Done (7.11s)
Batch 1805/2000 (active points 11/11) [3h 31m 13s elapsed] ...   snr=+0.0dB [ber_drl]  snr=+2.0dB [ber_drl]  snr=+4.0dB [ber_drl]  snr=+6.0dB [ber_drl]  snr=+8.0dB [ber_drl]  snr=+10.0dB [ber_drl]  snr=+12.0dB [ber_drl]  snr=+14.0dB [ber_drl]  snr=+16.0dB [ber_drl]  snr=+18.0dB [ber_drl]  snr=+20.0dB [ber_drl]Done (7.07s)
Batch 1806/2000 (active points 11/11) [3h 31m 21s elapsed] ...   snr=+0.0dB [ber_drl]  snr=+2.0dB [ber_drl]  snr=+4.0dB [ber_drl]  snr=+6.0dB [ber_drl]  snr=+8.0dB [ber_drl]  snr=+10.0dB [ber_drl]  snr=+12.0dB [ber_drl]  snr=+14.0dB [ber_drl]  snr=+16.0dB [ber_drl]  snr=+18.0dB [ber_drl]  snr=+20.0dB [ber_drl]Done (7.10s)
Batch 1807/2000 (active points 11/11) [3h 31m 28s elapsed] ...   snr=+0.0dB [ber_drl]  snr=+2.0dB [ber_drl]  snr=+4.0dB [ber_drl]  snr=+6.0dB [ber_drl]  snr=+8.0dB [ber_drl]  snr=+10.0dB [ber_drl]  snr=+12.0dB [ber_drl]  snr=+14.0dB [ber_drl]  snr=+16.0dB [ber_drl]  snr=+18.0dB [ber_drl]  snr=+20.0dB [ber_drl]Done (7.02s)
Batch 1808/2000 (active points 11/11) [3h 31m 35s elapsed] ...   snr=+0.0dB [ber_drl]  snr=+2.0dB [ber_drl]  snr=+4.0dB [ber_drl]  snr=+6.0dB [ber_drl]  snr=+8.0dB [ber_drl]  snr=+10.0dB [ber_drl]  snr=+12.0dB [ber_drl]  snr=+14.0dB [ber_drl]  snr=+16.0dB [ber_drl]  snr=+18.0dB [ber_drl]  snr=+20.0dB [ber_drl]Done (7.07s)
Batch 1809/2000 (active points 11/11) [3h 31m 42s elapsed] ...   snr=+0.0dB [ber_drl]  snr=+2.0dB [ber_drl]  snr=+4.0dB [ber_drl]  snr=+6.0dB [ber_drl]  snr=+8.0dB [ber_drl]  snr=+10.0dB [ber_drl]  snr=+12.0dB [ber_drl]  snr=+14.0dB [ber_drl]  snr=+16.0dB [ber_drl]  snr=+18.0dB [ber_drl]  snr=+20.0dB [ber_drl]Done (7.14s)
Batch 1810/2000 (active points 11/11) [3h 31m 49s elapsed] ...   snr=+0.0dB [ber_drl]  snr=+2.0dB [ber_drl]  snr=+4.0dB [ber_drl]  snr=+6.0dB [ber_drl]  snr=+8.0dB [ber_drl]  snr=+10.0dB [ber_drl]  snr=+12.0dB [ber_drl]  snr=+14.0dB [ber_drl]  snr=+16.0dB [ber_drl]  snr=+18.0dB [ber_drl]  snr=+20.0dB [ber_drl]Done (7.09s)
Batch 1811/2000 (active points 11/11) [3h 31m 56s elapsed] ...   snr=+0.0dB [ber_drl]  snr=+2.0dB [ber_drl]  snr=+4.0dB [ber_drl]  snr=+6.0dB [ber_drl]  snr=+8.0dB [ber_drl]  snr=+10.0dB [ber_drl]  snr=+12.0dB [ber_drl]  snr=+14.0dB [ber_drl]  snr=+16.0dB [ber_drl]  snr=+18.0dB [ber_drl]  snr=+20.0dB [ber_drl]Done (7.02s)
Batch 1812/2000 (active points 11/11) [3h 32m 03s elapsed] ...   snr=+0.0dB [ber_drl]  snr=+2.0dB [ber_drl]  snr=+4.0dB [ber_drl]  snr=+6.0dB [ber_drl]  snr=+8.0dB [ber_drl]  snr=+10.0dB [ber_drl]  snr=+12.0dB [ber_drl]  snr=+14.0dB [ber_drl]  snr=+16.0dB [ber_drl]  snr=+18.0dB [ber_drl]  snr=+20.0dB [ber_drl]Done (7.10s)
Batch 1813/2000 (active points 11/11) [3h 32m 10s elapsed] ...   snr=+0.0dB [ber_drl]  snr=+2.0dB [ber_drl]  snr=+4.0dB [ber_drl]  snr=+6.0dB [ber_drl]  snr=+8.0dB [ber_drl]  snr=+10.0dB [ber_drl]  snr=+12.0dB [ber_drl]  snr=+14.0dB [ber_drl]  snr=+16.0dB [ber_drl]  snr=+18.0dB [ber_drl]  snr=+20.0dB [ber_drl]Done (7.09s)
Batch 1814/2000 (active points 11/11) [3h 32m 17s elapsed] ...   snr=+0.0dB [ber_drl]  snr=+2.0dB [ber_drl]  snr=+4.0dB [ber_drl]  snr=+6.0dB [ber_drl]  snr=+8.0dB [ber_drl]  snr=+10.0dB [ber_drl]  snr=+12.0dB [ber_drl]  snr=+14.0dB [ber_drl]  snr=+16.0dB [ber_drl]  snr=+18.0dB [ber_drl]  snr=+20.0dB [ber_drl]Done (7.07s)
Batch 1815/2000 (active points 11/11) [3h 32m 24s elapsed] ...   snr=+0.0dB [ber_drl]  snr=+2.0dB [ber_drl]  snr=+4.0dB [ber_drl]  snr=+6.0dB [ber_drl]  snr=+8.0dB [ber_drl]  snr=+10.0dB [ber_drl]  snr=+12.0dB [ber_drl]  snr=+14.0dB [ber_drl]  snr=+16.0dB [ber_drl]  snr=+18.0dB [ber_drl]  snr=+20.0dB [ber_drl]Done (7.06s)
Batch 1816/2000 (active points 11/11) [3h 32m 31s elapsed] ...   snr=+0.0dB [ber_drl]  snr=+2.0dB [ber_drl]  snr=+4.0dB [ber_drl]  snr=+6.0dB [ber_drl]  snr=+8.0dB [ber_drl]  snr=+10.0dB [ber_drl]  snr=+12.0dB [ber_drl]  snr=+14.0dB [ber_drl]  snr=+16.0dB [ber_drl]  snr=+18.0dB [ber_drl]  snr=+20.0dB [ber_drl]Done (7.02s)
Batch 1817/2000 (active points 11/11) [3h 32m 38s elapsed] ...   snr=+0.0dB [ber_drl]  snr=+2.0dB [ber_drl]  snr=+4.0dB [ber_drl]  snr=+6.0dB [ber_drl]  snr=+8.0dB [ber_drl]  snr=+10.0dB [ber_drl]  snr=+12.0dB [ber_drl]  snr=+14.0dB [ber_drl]  snr=+16.0dB [ber_drl]  snr=+18.0dB [ber_drl]  snr=+20.0dB [ber_drl]Done (7.10s)
Batch 1818/2000 (active points 11/11) [3h 32m 45s elapsed] ...   snr=+0.0dB [ber_drl]  snr=+2.0dB [ber_drl]  snr=+4.0dB [ber_drl]  snr=+6.0dB [ber_drl]  snr=+8.0dB [ber_drl]  snr=+10.0dB [ber_drl]  snr=+12.0dB [ber_drl]  snr=+14.0dB [ber_drl]  snr=+16.0dB [ber_drl]  snr=+18.0dB [ber_drl]  snr=+20.0dB [ber_drl]Done (7.08s)
Batch 1819/2000 (active points 11/11) [3h 32m 53s elapsed] ...   snr=+0.0dB [ber_drl]  snr=+2.0dB [ber_drl]  snr=+4.0dB [ber_drl]  snr=+6.0dB [ber_drl]  snr=+8.0dB [ber_drl]  snr=+10.0dB [ber_drl]  snr=+12.0dB [ber_drl]  snr=+14.0dB [ber_drl]  snr=+16.0dB [ber_drl]  snr=+18.0dB [ber_drl]  snr=+20.0dB [ber_drl]Done (7.13s)
Batch 1820/2000 (active points 11/11) [3h 33m 00s elapsed] ...   snr=+0.0dB [ber_drl]  snr=+2.0dB [ber_drl]  snr=+4.0dB [ber_drl]  snr=+6.0dB [ber_drl]  snr=+8.0dB [ber_drl]  snr=+10.0dB [ber_drl]  snr=+12.0dB [ber_drl]  snr=+14.0dB [ber_drl]  snr=+16.0dB [ber_drl]  snr=+18.0dB [ber_drl]  snr=+20.0dB [ber_drl]Done (7.02s)
Batch 1821/2000 (active points 11/11) [3h 33m 07s elapsed] ...   snr=+0.0dB [ber_drl]  snr=+2.0dB [ber_drl]  snr=+4.0dB [ber_drl]  snr=+6.0dB [ber_drl]  snr=+8.0dB [ber_drl]  snr=+10.0dB [ber_drl]  snr=+12.0dB [ber_drl]  snr=+14.0dB [ber_drl]  snr=+16.0dB [ber_drl]  snr=+18.0dB [ber_drl]  snr=+20.0dB [ber_drl]Done (7.10s)
Batch 1822/2000 (active points 11/11) [3h 33m 14s elapsed] ...   snr=+0.0dB [ber_drl]  snr=+2.0dB [ber_drl]  snr=+4.0dB [ber_drl]  snr=+6.0dB [ber_drl]  snr=+8.0dB [ber_drl]  snr=+10.0dB [ber_drl]  snr=+12.0dB [ber_drl]  snr=+14.0dB [ber_drl]  snr=+16.0dB [ber_drl]  snr=+18.0dB [ber_drl]  snr=+20.0dB [ber_drl]Done (7.12s)
Batch 1823/2000 (active points 11/11) [3h 33m 21s elapsed] ...   snr=+0.0dB [ber_drl]  snr=+2.0dB [ber_drl]  snr=+4.0dB [ber_drl]  snr=+6.0dB [ber_drl]  snr=+8.0dB [ber_drl]  snr=+10.0dB [ber_drl]  snr=+12.0dB [ber_drl]  snr=+14.0dB [ber_drl]  snr=+16.0dB [ber_drl]  snr=+18.0dB [ber_drl]  snr=+20.0dB [ber_drl]Done (7.06s)
Batch 1824/2000 (active points 11/11) [3h 33m 28s elapsed] ...   snr=+0.0dB [ber_drl]  snr=+2.0dB [ber_drl]  snr=+4.0dB [ber_drl]  snr=+6.0dB [ber_drl]  snr=+8.0dB [ber_drl]  snr=+10.0dB [ber_drl]  snr=+12.0dB [ber_drl]  snr=+14.0dB [ber_drl]  snr=+16.0dB [ber_drl]  snr=+18.0dB [ber_drl]  snr=+20.0dB [ber_drl]Done (7.27s)
Batch 1825/2000 (active points 11/11) [3h 33m 35s elapsed] ...   snr=+0.0dB [ber_drl]  snr=+2.0dB [ber_drl]  snr=+4.0dB [ber_drl]  snr=+6.0dB [ber_drl]  snr=+8.0dB [ber_drl]  snr=+10.0dB [ber_drl]  snr=+12.0dB [ber_drl]  snr=+14.0dB [ber_drl]  snr=+16.0dB [ber_drl]  snr=+18.0dB [ber_drl]  snr=+20.0dB [ber_drl]Done (7.04s)
Batch 1826/2000 (active points 11/11) [3h 33m 42s elapsed] ...   snr=+0.0dB [ber_drl]  snr=+2.0dB [ber_drl]  snr=+4.0dB [ber_drl]  snr=+6.0dB [ber_drl]  snr=+8.0dB [ber_drl]  snr=+10.0dB [ber_drl]  snr=+12.0dB [ber_drl]  snr=+14.0dB [ber_drl]  snr=+16.0dB [ber_drl]  snr=+18.0dB [ber_drl]  snr=+20.0dB [ber_drl]Done (7.09s)
Batch 1827/2000 (active points 11/11) [3h 33m 49s elapsed] ...   snr=+0.0dB [ber_drl]  snr=+2.0dB [ber_drl]  snr=+4.0dB [ber_drl]  snr=+6.0dB [ber_drl]  snr=+8.0dB [ber_drl]  snr=+10.0dB [ber_drl]  snr=+12.0dB [ber_drl]  snr=+14.0dB [ber_drl]  snr=+16.0dB [ber_drl]  snr=+18.0dB [ber_drl]  snr=+20.0dB [ber_drl]Done (7.10s)
Batch 1828/2000 (active points 11/11) [3h 33m 56s elapsed] ...   snr=+0.0dB [ber_drl]  snr=+2.0dB [ber_drl]  snr=+4.0dB [ber_drl]  snr=+6.0dB [ber_drl]  snr=+8.0dB [ber_drl]  snr=+10.0dB [ber_drl]  snr=+12.0dB [ber_drl]  snr=+14.0dB [ber_drl]  snr=+16.0dB [ber_drl]  snr=+18.0dB [ber_drl]  snr=+20.0dB [ber_drl]Done (7.11s)
Batch 1829/2000 (active points 11/11) [3h 34m 04s elapsed] ...   snr=+0.0dB [ber_drl]  snr=+2.0dB [ber_drl]  snr=+4.0dB [ber_drl]  snr=+6.0dB [ber_drl]  snr=+8.0dB [ber_drl]  snr=+10.0dB [ber_drl]  snr=+12.0dB [ber_drl]  snr=+14.0dB [ber_drl]  snr=+16.0dB [ber_drl]  snr=+18.0dB [ber_drl]  snr=+20.0dB [ber_drl]Done (6.97s)
Batch 1830/2000 (active points 11/11) [3h 34m 11s elapsed] ...   snr=+0.0dB [ber_drl]  snr=+2.0dB [ber_drl]  snr=+4.0dB [ber_drl]  snr=+6.0dB [ber_drl]  snr=+8.0dB [ber_drl]  snr=+10.0dB [ber_drl]  snr=+12.0dB [ber_drl]  snr=+14.0dB [ber_drl]  snr=+16.0dB [ber_drl]  snr=+18.0dB [ber_drl]  snr=+20.0dB [ber_drl]Done (7.14s)
Batch 1831/2000 (active points 11/11) [3h 34m 18s elapsed] ...   snr=+0.0dB [ber_drl]  snr=+2.0dB [ber_drl]  snr=+4.0dB [ber_drl]  snr=+6.0dB [ber_drl]  snr=+8.0dB [ber_drl]  snr=+10.0dB [ber_drl]  snr=+12.0dB [ber_drl]  snr=+14.0dB [ber_drl]  snr=+16.0dB [ber_drl]  snr=+18.0dB [ber_drl]  snr=+20.0dB [ber_drl]Done (7.11s)
Batch 1832/2000 (active points 11/11) [3h 34m 25s elapsed] ...   snr=+0.0dB [ber_drl]  snr=+2.0dB [ber_drl]  snr=+4.0dB [ber_drl]  snr=+6.0dB [ber_drl]  snr=+8.0dB [ber_drl]  snr=+10.0dB [ber_drl]  snr=+12.0dB [ber_drl]  snr=+14.0dB [ber_drl]  snr=+16.0dB [ber_drl]  snr=+18.0dB [ber_drl]  snr=+20.0dB [ber_drl]Done (7.16s)
Batch 1833/2000 (active points 11/11) [3h 34m 32s elapsed] ...   snr=+0.0dB [ber_drl]  snr=+2.0dB [ber_drl]  snr=+4.0dB [ber_drl]  snr=+6.0dB [ber_drl]  snr=+8.0dB [ber_drl]  snr=+10.0dB [ber_drl]  snr=+12.0dB [ber_drl]  snr=+14.0dB [ber_drl]  snr=+16.0dB [ber_drl]  snr=+18.0dB [ber_drl]  snr=+20.0dB [ber_drl]Done (7.15s)
Batch 1834/2000 (active points 11/11) [3h 34m 39s elapsed] ...   snr=+0.0dB [ber_drl]  snr=+2.0dB [ber_drl]  snr=+4.0dB [ber_drl]  snr=+6.0dB [ber_drl]  snr=+8.0dB [ber_drl]  snr=+10.0dB [ber_drl]  snr=+12.0dB [ber_drl]  snr=+14.0dB [ber_drl]  snr=+16.0dB [ber_drl]  snr=+18.0dB [ber_drl]  snr=+20.0dB [ber_drl]Done (7.05s)
Batch 1835/2000 (active points 11/11) [3h 34m 46s elapsed] ...   snr=+0.0dB [ber_drl]  snr=+2.0dB [ber_drl]  snr=+4.0dB [ber_drl]  snr=+6.0dB [ber_drl]  snr=+8.0dB [ber_drl]  snr=+10.0dB [ber_drl]  snr=+12.0dB [ber_drl]  snr=+14.0dB [ber_drl]  snr=+16.0dB [ber_drl]  snr=+18.0dB [ber_drl]  snr=+20.0dB [ber_drl]Done (7.12s)
Batch 1836/2000 (active points 11/11) [3h 34m 53s elapsed] ...   snr=+0.0dB [ber_drl]  snr=+2.0dB [ber_drl]  snr=+4.0dB [ber_drl]  snr=+6.0dB [ber_drl]  snr=+8.0dB [ber_drl]  snr=+10.0dB [ber_drl]  snr=+12.0dB [ber_drl]  snr=+14.0dB [ber_drl]  snr=+16.0dB [ber_drl]  snr=+18.0dB [ber_drl]  snr=+20.0dB [ber_drl]Done (7.11s)
Batch 1837/2000 (active points 11/11) [3h 35m 00s elapsed] ...   snr=+0.0dB [ber_drl]  snr=+2.0dB [ber_drl]  snr=+4.0dB [ber_drl]  snr=+6.0dB [ber_drl]  snr=+8.0dB [ber_drl]  snr=+10.0dB [ber_drl]  snr=+12.0dB [ber_drl]  snr=+14.0dB [ber_drl]  snr=+16.0dB [ber_drl]  snr=+18.0dB [ber_drl]  snr=+20.0dB [ber_drl]Done (7.09s)
Batch 1838/2000 (active points 11/11) [3h 35m 07s elapsed] ...   snr=+0.0dB [ber_drl]  snr=+2.0dB [ber_drl]  snr=+4.0dB [ber_drl]  snr=+6.0dB [ber_drl]  snr=+8.0dB [ber_drl]  snr=+10.0dB [ber_drl]  snr=+12.0dB [ber_drl]  snr=+14.0dB [ber_drl]  snr=+16.0dB [ber_drl]  snr=+18.0dB [ber_drl]  snr=+20.0dB [ber_drl]Done (7.03s)
Batch 1839/2000 (active points 11/11) [3h 35m 15s elapsed] ...   snr=+0.0dB [ber_drl]  snr=+2.0dB [ber_drl]  snr=+4.0dB [ber_drl]  snr=+6.0dB [ber_drl]  snr=+8.0dB [ber_drl]  snr=+10.0dB [ber_drl]  snr=+12.0dB [ber_drl]  snr=+14.0dB [ber_drl]  snr=+16.0dB [ber_drl]  snr=+18.0dB [ber_drl]  snr=+20.0dB [ber_drl]Done (7.06s)
Batch 1840/2000 (active points 11/11) [3h 35m 22s elapsed] ...   snr=+0.0dB [ber_drl]  snr=+2.0dB [ber_drl]  snr=+4.0dB [ber_drl]  snr=+6.0dB [ber_drl]  snr=+8.0dB [ber_drl]  snr=+10.0dB [ber_drl]  snr=+12.0dB [ber_drl]  snr=+14.0dB [ber_drl]  snr=+16.0dB [ber_drl]  snr=+18.0dB [ber_drl]  snr=+20.0dB [ber_drl]Done (7.11s)
Batch 1841/2000 (active points 11/11) [3h 35m 29s elapsed] ...   snr=+0.0dB [ber_drl]  snr=+2.0dB [ber_drl]  snr=+4.0dB [ber_drl]  snr=+6.0dB [ber_drl]  snr=+8.0dB [ber_drl]  snr=+10.0dB [ber_drl]  snr=+12.0dB [ber_drl]  snr=+14.0dB [ber_drl]  snr=+16.0dB [ber_drl]  snr=+18.0dB [ber_drl]  snr=+20.0dB [ber_drl]Done (7.11s)
Batch 1842/2000 (active points 11/11) [3h 35m 36s elapsed] ...   snr=+0.0dB [ber_drl]  snr=+2.0dB [ber_drl]  snr=+4.0dB [ber_drl]  snr=+6.0dB [ber_drl]  snr=+8.0dB [ber_drl]  snr=+10.0dB [ber_drl]  snr=+12.0dB [ber_drl]  snr=+14.0dB [ber_drl]  snr=+16.0dB [ber_drl]  snr=+18.0dB [ber_drl]  snr=+20.0dB [ber_drl]Done (7.01s)
Batch 1843/2000 (active points 11/11) [3h 35m 43s elapsed] ...   snr=+0.0dB [ber_drl]  snr=+2.0dB [ber_drl]  snr=+4.0dB [ber_drl]  snr=+6.0dB [ber_drl]  snr=+8.0dB [ber_drl]  snr=+10.0dB [ber_drl]  snr=+12.0dB [ber_drl]  snr=+14.0dB [ber_drl]  snr=+16.0dB [ber_drl]  snr=+18.0dB [ber_drl]  snr=+20.0dB [ber_drl]Done (7.09s)
Batch 1844/2000 (active points 11/11) [3h 35m 50s elapsed] ...   snr=+0.0dB [ber_drl]  snr=+2.0dB [ber_drl]  snr=+4.0dB [ber_drl]  snr=+6.0dB [ber_drl]  snr=+8.0dB [ber_drl]  snr=+10.0dB [ber_drl]  snr=+12.0dB [ber_drl]  snr=+14.0dB [ber_drl]  snr=+16.0dB [ber_drl]  snr=+18.0dB [ber_drl]  snr=+20.0dB [ber_drl]Done (7.10s)
Batch 1845/2000 (active points 11/11) [3h 35m 57s elapsed] ...   snr=+0.0dB [ber_drl]  snr=+2.0dB [ber_drl]  snr=+4.0dB [ber_drl]  snr=+6.0dB [ber_drl]  snr=+8.0dB [ber_drl]  snr=+10.0dB [ber_drl]  snr=+12.0dB [ber_drl]  snr=+14.0dB [ber_drl]  snr=+16.0dB [ber_drl]  snr=+18.0dB [ber_drl]  snr=+20.0dB [ber_drl]Done (7.08s)
Batch 1846/2000 (active points 11/11) [3h 36m 04s elapsed] ...   snr=+0.0dB [ber_drl]  snr=+2.0dB [ber_drl]  snr=+4.0dB [ber_drl]  snr=+6.0dB [ber_drl]  snr=+8.0dB [ber_drl]  snr=+10.0dB [ber_drl]  snr=+12.0dB [ber_drl]  snr=+14.0dB [ber_drl]  snr=+16.0dB [ber_drl]  snr=+18.0dB [ber_drl]  snr=+20.0dB [ber_drl]Done (7.04s)
Batch 1847/2000 (active points 11/11) [3h 36m 11s elapsed] ...   snr=+0.0dB [ber_drl]  snr=+2.0dB [ber_drl]  snr=+4.0dB [ber_drl]  snr=+6.0dB [ber_drl]  snr=+8.0dB [ber_drl]  snr=+10.0dB [ber_drl]  snr=+12.0dB [ber_drl]  snr=+14.0dB [ber_drl]  snr=+16.0dB [ber_drl]  snr=+18.0dB [ber_drl]  snr=+20.0dB [ber_drl]Done (7.08s)
Batch 1848/2000 (active points 11/11) [3h 36m 18s elapsed] ...   snr=+0.0dB [ber_drl]  snr=+2.0dB [ber_drl]  snr=+4.0dB [ber_drl]  snr=+6.0dB [ber_drl]  snr=+8.0dB [ber_drl]  snr=+10.0dB [ber_drl]  snr=+12.0dB [ber_drl]  snr=+14.0dB [ber_drl]  snr=+16.0dB [ber_drl]  snr=+18.0dB [ber_drl]  snr=+20.0dB [ber_drl]Done (7.11s)
Batch 1849/2000 (active points 11/11) [3h 36m 25s elapsed] ...   snr=+0.0dB [ber_drl]  snr=+2.0dB [ber_drl]  snr=+4.0dB [ber_drl]  snr=+6.0dB [ber_drl]  snr=+8.0dB [ber_drl]  snr=+10.0dB [ber_drl]  snr=+12.0dB [ber_drl]  snr=+14.0dB [ber_drl]  snr=+16.0dB [ber_drl]  snr=+18.0dB [ber_drl]  snr=+20.0dB [ber_drl]Done (7.11s)
Batch 1850/2000 (active points 11/11) [3h 36m 32s elapsed] ...   snr=+0.0dB [ber_drl]  snr=+2.0dB [ber_drl]  snr=+4.0dB [ber_drl]  snr=+6.0dB [ber_drl]  snr=+8.0dB [ber_drl]  snr=+10.0dB [ber_drl]  snr=+12.0dB [ber_drl]  snr=+14.0dB [ber_drl]  snr=+16.0dB [ber_drl]  snr=+18.0dB [ber_drl]  snr=+20.0dB [ber_drl]Done (7.08s)
Batch 1851/2000 (active points 11/11) [3h 36m 40s elapsed] ...   snr=+0.0dB [ber_drl]  snr=+2.0dB [ber_drl]  snr=+4.0dB [ber_drl]  snr=+6.0dB [ber_drl]  snr=+8.0dB [ber_drl]  snr=+10.0dB [ber_drl]  snr=+12.0dB [ber_drl]  snr=+14.0dB [ber_drl]  snr=+16.0dB [ber_drl]  snr=+18.0dB [ber_drl]  snr=+20.0dB [ber_drl]Done (7.00s)
Batch 1852/2000 (active points 11/11) [3h 36m 47s elapsed] ...   snr=+0.0dB [ber_drl]  snr=+2.0dB [ber_drl]  snr=+4.0dB [ber_drl]  snr=+6.0dB [ber_drl]  snr=+8.0dB [ber_drl]  snr=+10.0dB [ber_drl]  snr=+12.0dB [ber_drl]  snr=+14.0dB [ber_drl]  snr=+16.0dB [ber_drl]  snr=+18.0dB [ber_drl]  snr=+20.0dB [ber_drl]Done (7.10s)
Batch 1853/2000 (active points 11/11) [3h 36m 54s elapsed] ...   snr=+0.0dB [ber_drl]  snr=+2.0dB [ber_drl]  snr=+4.0dB [ber_drl]  snr=+6.0dB [ber_drl]  snr=+8.0dB [ber_drl]  snr=+10.0dB [ber_drl]  snr=+12.0dB [ber_drl]  snr=+14.0dB [ber_drl]  snr=+16.0dB [ber_drl]  snr=+18.0dB [ber_drl]  snr=+20.0dB [ber_drl]Done (7.12s)
Batch 1854/2000 (active points 11/11) [3h 37m 01s elapsed] ...   snr=+0.0dB [ber_drl]  snr=+2.0dB [ber_drl]  snr=+4.0dB [ber_drl]  snr=+6.0dB [ber_drl]  snr=+8.0dB [ber_drl]  snr=+10.0dB [ber_drl]  snr=+12.0dB [ber_drl]  snr=+14.0dB [ber_drl]  snr=+16.0dB [ber_drl]  snr=+18.0dB [ber_drl]  snr=+20.0dB [ber_drl]Done (7.08s)
Batch 1855/2000 (active points 11/11) [3h 37m 08s elapsed] ...   snr=+0.0dB [ber_drl]  snr=+2.0dB [ber_drl]  snr=+4.0dB [ber_drl]  snr=+6.0dB [ber_drl]  snr=+8.0dB [ber_drl]  snr=+10.0dB [ber_drl]  snr=+12.0dB [ber_drl]  snr=+14.0dB [ber_drl]  snr=+16.0dB [ber_drl]  snr=+18.0dB [ber_drl]  snr=+20.0dB [ber_drl]Done (7.03s)
Batch 1856/2000 (active points 11/11) [3h 37m 15s elapsed] ...   snr=+0.0dB [ber_drl]  snr=+2.0dB [ber_drl]  snr=+4.0dB [ber_drl]  snr=+6.0dB [ber_drl]  snr=+8.0dB [ber_drl]  snr=+10.0dB [ber_drl]  snr=+12.0dB [ber_drl]  snr=+14.0dB [ber_drl]  snr=+16.0dB [ber_drl]  snr=+18.0dB [ber_drl]  snr=+20.0dB [ber_drl]Done (7.07s)
Batch 1857/2000 (active points 11/11) [3h 37m 22s elapsed] ...   snr=+0.0dB [ber_drl]  snr=+2.0dB [ber_drl]  snr=+4.0dB [ber_drl]  snr=+6.0dB [ber_drl]  snr=+8.0dB [ber_drl]  snr=+10.0dB [ber_drl]  snr=+12.0dB [ber_drl]  snr=+14.0dB [ber_drl]  snr=+16.0dB [ber_drl]  snr=+18.0dB [ber_drl]  snr=+20.0dB [ber_drl]Done (7.13s)
Batch 1858/2000 (active points 11/11) [3h 37m 29s elapsed] ...   snr=+0.0dB [ber_drl]  snr=+2.0dB [ber_drl]  snr=+4.0dB [ber_drl]  snr=+6.0dB [ber_drl]  snr=+8.0dB [ber_drl]  snr=+10.0dB [ber_drl]  snr=+12.0dB [ber_drl]  snr=+14.0dB [ber_drl]  snr=+16.0dB [ber_drl]  snr=+18.0dB [ber_drl]  snr=+20.0dB [ber_drl]Done (7.11s)
Batch 1859/2000 (active points 11/11) [3h 37m 36s elapsed] ...   snr=+0.0dB [ber_drl]  snr=+2.0dB [ber_drl]  snr=+4.0dB [ber_drl]  snr=+6.0dB [ber_drl]  snr=+8.0dB [ber_drl]  snr=+10.0dB [ber_drl]  snr=+12.0dB [ber_drl]  snr=+14.0dB [ber_drl]  snr=+16.0dB [ber_drl]  snr=+18.0dB [ber_drl]  snr=+20.0dB [ber_drl]Done (7.06s)
Batch 1860/2000 (active points 11/11) [3h 37m 43s elapsed] ...   snr=+0.0dB [ber_drl]  snr=+2.0dB [ber_drl]  snr=+4.0dB [ber_drl]  snr=+6.0dB [ber_drl]  snr=+8.0dB [ber_drl]  snr=+10.0dB [ber_drl]  snr=+12.0dB [ber_drl]  snr=+14.0dB [ber_drl]  snr=+16.0dB [ber_drl]  snr=+18.0dB [ber_drl]  snr=+20.0dB [ber_drl]Done (7.02s)
Batch 1861/2000 (active points 11/11) [3h 37m 50s elapsed] ...   snr=+0.0dB [ber_drl]  snr=+2.0dB [ber_drl]  snr=+4.0dB [ber_drl]  snr=+6.0dB [ber_drl]  snr=+8.0dB [ber_drl]  snr=+10.0dB [ber_drl]  snr=+12.0dB [ber_drl]  snr=+14.0dB [ber_drl]  snr=+16.0dB [ber_drl]  snr=+18.0dB [ber_drl]  snr=+20.0dB [ber_drl]Done (7.10s)
Batch 1862/2000 (active points 11/11) [3h 37m 57s elapsed] ...   snr=+0.0dB [ber_drl]  snr=+2.0dB [ber_drl]  snr=+4.0dB [ber_drl]  snr=+6.0dB [ber_drl]  snr=+8.0dB [ber_drl]  snr=+10.0dB [ber_drl]  snr=+12.0dB [ber_drl]  snr=+14.0dB [ber_drl]  snr=+16.0dB [ber_drl]  snr=+18.0dB [ber_drl]  snr=+20.0dB [ber_drl]Done (7.09s)
Batch 1863/2000 (active points 11/11) [3h 38m 04s elapsed] ...   snr=+0.0dB [ber_drl]  snr=+2.0dB [ber_drl]  snr=+4.0dB [ber_drl]  snr=+6.0dB [ber_drl]  snr=+8.0dB [ber_drl]  snr=+10.0dB [ber_drl]  snr=+12.0dB [ber_drl]  snr=+14.0dB [ber_drl]  snr=+16.0dB [ber_drl]  snr=+18.0dB [ber_drl]  snr=+20.0dB [ber_drl]Done (7.09s)
Batch 1864/2000 (active points 11/11) [3h 38m 12s elapsed] ...   snr=+0.0dB [ber_drl]  snr=+2.0dB [ber_drl]  snr=+4.0dB [ber_drl]  snr=+6.0dB [ber_drl]  snr=+8.0dB [ber_drl]  snr=+10.0dB [ber_drl]  snr=+12.0dB [ber_drl]  snr=+14.0dB [ber_drl]  snr=+16.0dB [ber_drl]  snr=+18.0dB [ber_drl]  snr=+20.0dB [ber_drl]Done (7.05s)
Batch 1865/2000 (active points 11/11) [3h 38m 19s elapsed] ...   snr=+0.0dB [ber_drl]  snr=+2.0dB [ber_drl]  snr=+4.0dB [ber_drl]  snr=+6.0dB [ber_drl]  snr=+8.0dB [ber_drl]  snr=+10.0dB [ber_drl]  snr=+12.0dB [ber_drl]  snr=+14.0dB [ber_drl]  snr=+16.0dB [ber_drl]  snr=+18.0dB [ber_drl]  snr=+20.0dB [ber_drl]Done (7.12s)
Batch 1866/2000 (active points 11/11) [3h 38m 26s elapsed] ...   snr=+0.0dB [ber_drl]  snr=+2.0dB [ber_drl]  snr=+4.0dB [ber_drl]  snr=+6.0dB [ber_drl]  snr=+8.0dB [ber_drl]  snr=+10.0dB [ber_drl]  snr=+12.0dB [ber_drl]  snr=+14.0dB [ber_drl]  snr=+16.0dB [ber_drl]  snr=+18.0dB [ber_drl]  snr=+20.0dB [ber_drl]Done (7.11s)
Batch 1867/2000 (active points 11/11) [3h 38m 33s elapsed] ...   snr=+0.0dB [ber_drl]  snr=+2.0dB [ber_drl]  snr=+4.0dB [ber_drl]  snr=+6.0dB [ber_drl]  snr=+8.0dB [ber_drl]  snr=+10.0dB [ber_drl]  snr=+12.0dB [ber_drl]  snr=+14.0dB [ber_drl]  snr=+16.0dB [ber_drl]  snr=+18.0dB [ber_drl]  snr=+20.0dB [ber_drl]Done (7.32s)
Batch 1868/2000 (active points 11/11) [3h 38m 40s elapsed] ...   snr=+0.0dB [ber_drl]  snr=+2.0dB [ber_drl]  snr=+4.0dB [ber_drl]  snr=+6.0dB [ber_drl]  snr=+8.0dB [ber_drl]  snr=+10.0dB [ber_drl]  snr=+12.0dB [ber_drl]  snr=+14.0dB [ber_drl]  snr=+16.0dB [ber_drl]  snr=+18.0dB [ber_drl]  snr=+20.0dB [ber_drl]Done (7.08s)
Batch 1869/2000 (active points 11/11) [3h 38m 47s elapsed] ...   snr=+0.0dB [ber_drl]  snr=+2.0dB [ber_drl]  snr=+4.0dB [ber_drl]  snr=+6.0dB [ber_drl]  snr=+8.0dB [ber_drl]  snr=+10.0dB [ber_drl]  snr=+12.0dB [ber_drl]  snr=+14.0dB [ber_drl]  snr=+16.0dB [ber_drl]  snr=+18.0dB [ber_drl]  snr=+20.0dB [ber_drl]Done (7.04s)
Batch 1870/2000 (active points 11/11) [3h 38m 54s elapsed] ...   snr=+0.0dB [ber_drl]  snr=+2.0dB [ber_drl]  snr=+4.0dB [ber_drl]  snr=+6.0dB [ber_drl]  snr=+8.0dB [ber_drl]  snr=+10.0dB [ber_drl]  snr=+12.0dB [ber_drl]  snr=+14.0dB [ber_drl]  snr=+16.0dB [ber_drl]  snr=+18.0dB [ber_drl]  snr=+20.0dB [ber_drl]Done (7.10s)
Batch 1871/2000 (active points 11/11) [3h 39m 01s elapsed] ...   snr=+0.0dB [ber_drl]  snr=+2.0dB [ber_drl]  snr=+4.0dB [ber_drl]  snr=+6.0dB [ber_drl]  snr=+8.0dB [ber_drl]  snr=+10.0dB [ber_drl]  snr=+12.0dB [ber_drl]  snr=+14.0dB [ber_drl]  snr=+16.0dB [ber_drl]  snr=+18.0dB [ber_drl]  snr=+20.0dB [ber_drl]Done (7.13s)
Batch 1872/2000 (active points 11/11) [3h 39m 08s elapsed] ...   snr=+0.0dB [ber_drl]  snr=+2.0dB [ber_drl]  snr=+4.0dB [ber_drl]  snr=+6.0dB [ber_drl]  snr=+8.0dB [ber_drl]  snr=+10.0dB [ber_drl]  snr=+12.0dB [ber_drl]  snr=+14.0dB [ber_drl]  snr=+16.0dB [ber_drl]  snr=+18.0dB [ber_drl]  snr=+20.0dB [ber_drl]Done (7.18s)
Batch 1873/2000 (active points 11/11) [3h 39m 16s elapsed] ...   snr=+0.0dB [ber_drl]  snr=+2.0dB [ber_drl]  snr=+4.0dB [ber_drl]  snr=+6.0dB [ber_drl]  snr=+8.0dB [ber_drl]  snr=+10.0dB [ber_drl]  snr=+12.0dB [ber_drl]  snr=+14.0dB [ber_drl]  snr=+16.0dB [ber_drl]  snr=+18.0dB [ber_drl]  snr=+20.0dB [ber_drl]Done (7.00s)
Batch 1874/2000 (active points 11/11) [3h 39m 23s elapsed] ...   snr=+0.0dB [ber_drl]  snr=+2.0dB [ber_drl]  snr=+4.0dB [ber_drl]  snr=+6.0dB [ber_drl]  snr=+8.0dB [ber_drl]  snr=+10.0dB [ber_drl]  snr=+12.0dB [ber_drl]  snr=+14.0dB [ber_drl]  snr=+16.0dB [ber_drl]  snr=+18.0dB [ber_drl]  snr=+20.0dB [ber_drl]Done (7.15s)
Batch 1875/2000 (active points 11/11) [3h 39m 30s elapsed] ...   snr=+0.0dB [ber_drl]  snr=+2.0dB [ber_drl]  snr=+4.0dB [ber_drl]  snr=+6.0dB [ber_drl]  snr=+8.0dB [ber_drl]  snr=+10.0dB [ber_drl]  snr=+12.0dB [ber_drl]  snr=+14.0dB [ber_drl]  snr=+16.0dB [ber_drl]  snr=+18.0dB [ber_drl]  snr=+20.0dB [ber_drl]Done (7.15s)
Batch 1876/2000 (active points 11/11) [3h 39m 37s elapsed] ...   snr=+0.0dB [ber_drl]  snr=+2.0dB [ber_drl]  snr=+4.0dB [ber_drl]  snr=+6.0dB [ber_drl]  snr=+8.0dB [ber_drl]  snr=+10.0dB [ber_drl]  snr=+12.0dB [ber_drl]  snr=+14.0dB [ber_drl]  snr=+16.0dB [ber_drl]  snr=+18.0dB [ber_drl]  snr=+20.0dB [ber_drl]Done (7.11s)
Batch 1877/2000 (active points 11/11) [3h 39m 44s elapsed] ...   snr=+0.0dB [ber_drl]  snr=+2.0dB [ber_drl]  snr=+4.0dB [ber_drl]  snr=+6.0dB [ber_drl]  snr=+8.0dB [ber_drl]  snr=+10.0dB [ber_drl]  snr=+12.0dB [ber_drl]  snr=+14.0dB [ber_drl]  snr=+16.0dB [ber_drl]  snr=+18.0dB [ber_drl]  snr=+20.0dB [ber_drl]Done (7.09s)
Batch 1878/2000 (active points 11/11) [3h 39m 51s elapsed] ...   snr=+0.0dB [ber_drl]  snr=+2.0dB [ber_drl]  snr=+4.0dB [ber_drl]  snr=+6.0dB [ber_drl]  snr=+8.0dB [ber_drl]  snr=+10.0dB [ber_drl]  snr=+12.0dB [ber_drl]  snr=+14.0dB [ber_drl]  snr=+16.0dB [ber_drl]  snr=+18.0dB [ber_drl]  snr=+20.0dB [ber_drl]Done (7.07s)
Batch 1879/2000 (active points 11/11) [3h 39m 58s elapsed] ...   snr=+0.0dB [ber_drl]  snr=+2.0dB [ber_drl]  snr=+4.0dB [ber_drl]  snr=+6.0dB [ber_drl]  snr=+8.0dB [ber_drl]  snr=+10.0dB [ber_drl]  snr=+12.0dB [ber_drl]  snr=+14.0dB [ber_drl]  snr=+16.0dB [ber_drl]  snr=+18.0dB [ber_drl]  snr=+20.0dB [ber_drl]Done (7.12s)
Batch 1880/2000 (active points 11/11) [3h 40m 05s elapsed] ...   snr=+0.0dB [ber_drl]  snr=+2.0dB [ber_drl]  snr=+4.0dB [ber_drl]  snr=+6.0dB [ber_drl]  snr=+8.0dB [ber_drl]  snr=+10.0dB [ber_drl]  snr=+12.0dB [ber_drl]  snr=+14.0dB [ber_drl]  snr=+16.0dB [ber_drl]  snr=+18.0dB [ber_drl]  snr=+20.0dB [ber_drl]Done (7.10s)
Batch 1881/2000 (active points 11/11) [3h 40m 12s elapsed] ...   snr=+0.0dB [ber_drl]  snr=+2.0dB [ber_drl]  snr=+4.0dB [ber_drl]  snr=+6.0dB [ber_drl]  snr=+8.0dB [ber_drl]  snr=+10.0dB [ber_drl]  snr=+12.0dB [ber_drl]  snr=+14.0dB [ber_drl]  snr=+16.0dB [ber_drl]  snr=+18.0dB [ber_drl]  snr=+20.0dB [ber_drl]Done (7.14s)
Batch 1882/2000 (active points 11/11) [3h 40m 20s elapsed] ...   snr=+0.0dB [ber_drl]  snr=+2.0dB [ber_drl]  snr=+4.0dB [ber_drl]  snr=+6.0dB [ber_drl]  snr=+8.0dB [ber_drl]  snr=+10.0dB [ber_drl]  snr=+12.0dB [ber_drl]  snr=+14.0dB [ber_drl]  snr=+16.0dB [ber_drl]  snr=+18.0dB [ber_drl]  snr=+20.0dB [ber_drl]Done (7.03s)
Batch 1883/2000 (active points 11/11) [3h 40m 27s elapsed] ...   snr=+0.0dB [ber_drl]  snr=+2.0dB [ber_drl]  snr=+4.0dB [ber_drl]  snr=+6.0dB [ber_drl]  snr=+8.0dB [ber_drl]  snr=+10.0dB [ber_drl]  snr=+12.0dB [ber_drl]  snr=+14.0dB [ber_drl]  snr=+16.0dB [ber_drl]  snr=+18.0dB [ber_drl]  snr=+20.0dB [ber_drl]Done (7.09s)
Batch 1884/2000 (active points 11/11) [3h 40m 34s elapsed] ...   snr=+0.0dB [ber_drl]  snr=+2.0dB [ber_drl]  snr=+4.0dB [ber_drl]  snr=+6.0dB [ber_drl]  snr=+8.0dB [ber_drl]  snr=+10.0dB [ber_drl]  snr=+12.0dB [ber_drl]  snr=+14.0dB [ber_drl]  snr=+16.0dB [ber_drl]  snr=+18.0dB [ber_drl]  snr=+20.0dB [ber_drl]Done (7.11s)
Batch 1885/2000 (active points 11/11) [3h 40m 41s elapsed] ...   snr=+0.0dB [ber_drl]  snr=+2.0dB [ber_drl]  snr=+4.0dB [ber_drl]  snr=+6.0dB [ber_drl]  snr=+8.0dB [ber_drl]  snr=+10.0dB [ber_drl]  snr=+12.0dB [ber_drl]  snr=+14.0dB [ber_drl]  snr=+16.0dB [ber_drl]  snr=+18.0dB [ber_drl]  snr=+20.0dB [ber_drl]Done (7.10s)
Batch 1886/2000 (active points 11/11) [3h 40m 48s elapsed] ...   snr=+0.0dB [ber_drl]  snr=+2.0dB [ber_drl]  snr=+4.0dB [ber_drl]  snr=+6.0dB [ber_drl]  snr=+8.0dB [ber_drl]  snr=+10.0dB [ber_drl]  snr=+12.0dB [ber_drl]  snr=+14.0dB [ber_drl]  snr=+16.0dB [ber_drl]  snr=+18.0dB [ber_drl]  snr=+20.0dB [ber_drl]Done (7.10s)
Batch 1887/2000 (active points 11/11) [3h 40m 55s elapsed] ...   snr=+0.0dB [ber_drl]  snr=+2.0dB [ber_drl]  snr=+4.0dB [ber_drl]  snr=+6.0dB [ber_drl]  snr=+8.0dB [ber_drl]  snr=+10.0dB [ber_drl]  snr=+12.0dB [ber_drl]  snr=+14.0dB [ber_drl]  snr=+16.0dB [ber_drl]  snr=+18.0dB [ber_drl]  snr=+20.0dB [ber_drl]Done (7.07s)
Batch 1888/2000 (active points 11/11) [3h 41m 02s elapsed] ...   snr=+0.0dB [ber_drl]  snr=+2.0dB [ber_drl]  snr=+4.0dB [ber_drl]  snr=+6.0dB [ber_drl]  snr=+8.0dB [ber_drl]  snr=+10.0dB [ber_drl]  snr=+12.0dB [ber_drl]  snr=+14.0dB [ber_drl]  snr=+16.0dB [ber_drl]  snr=+18.0dB [ber_drl]  snr=+20.0dB [ber_drl]Done (7.05s)
Batch 1889/2000 (active points 11/11) [3h 41m 09s elapsed] ...   snr=+0.0dB [ber_drl]  snr=+2.0dB [ber_drl]  snr=+4.0dB [ber_drl]  snr=+6.0dB [ber_drl]  snr=+8.0dB [ber_drl]  snr=+10.0dB [ber_drl]  snr=+12.0dB [ber_drl]  snr=+14.0dB [ber_drl]  snr=+16.0dB [ber_drl]  snr=+18.0dB [ber_drl]  snr=+20.0dB [ber_drl]Done (7.11s)
Batch 1890/2000 (active points 11/11) [3h 41m 16s elapsed] ...   snr=+0.0dB [ber_drl]  snr=+2.0dB [ber_drl]  snr=+4.0dB [ber_drl]  snr=+6.0dB [ber_drl]  snr=+8.0dB [ber_drl]  snr=+10.0dB [ber_drl]  snr=+12.0dB [ber_drl]  snr=+14.0dB [ber_drl]  snr=+16.0dB [ber_drl]  snr=+18.0dB [ber_drl]  snr=+20.0dB [ber_drl]Done (7.13s)
Batch 1891/2000 (active points 11/11) [3h 41m 23s elapsed] ...   snr=+0.0dB [ber_drl]  snr=+2.0dB [ber_drl]  snr=+4.0dB [ber_drl]  snr=+6.0dB [ber_drl]  snr=+8.0dB [ber_drl]  snr=+10.0dB [ber_drl]  snr=+12.0dB [ber_drl]  snr=+14.0dB [ber_drl]  snr=+16.0dB [ber_drl]  snr=+18.0dB [ber_drl]  snr=+20.0dB [ber_drl]Done (7.00s)
Batch 1892/2000 (active points 11/11) [3h 41m 30s elapsed] ...   snr=+0.0dB [ber_drl]  snr=+2.0dB [ber_drl]  snr=+4.0dB [ber_drl]  snr=+6.0dB [ber_drl]  snr=+8.0dB [ber_drl]  snr=+10.0dB [ber_drl]  snr=+12.0dB [ber_drl]  snr=+14.0dB [ber_drl]  snr=+16.0dB [ber_drl]  snr=+18.0dB [ber_drl]  snr=+20.0dB [ber_drl]Done (7.11s)
Batch 1893/2000 (active points 11/11) [3h 41m 38s elapsed] ...   snr=+0.0dB [ber_drl]  snr=+2.0dB [ber_drl]  snr=+4.0dB [ber_drl]  snr=+6.0dB [ber_drl]  snr=+8.0dB [ber_drl]  snr=+10.0dB [ber_drl]  snr=+12.0dB [ber_drl]  snr=+14.0dB [ber_drl]  snr=+16.0dB [ber_drl]  snr=+18.0dB [ber_drl]  snr=+20.0dB [ber_drl]Done (7.16s)
Batch 1894/2000 (active points 11/11) [3h 41m 45s elapsed] ...   snr=+0.0dB [ber_drl]  snr=+2.0dB [ber_drl]  snr=+4.0dB [ber_drl]  snr=+6.0dB [ber_drl]  snr=+8.0dB [ber_drl]  snr=+10.0dB [ber_drl]  snr=+12.0dB [ber_drl]  snr=+14.0dB [ber_drl]  snr=+16.0dB [ber_drl]  snr=+18.0dB [ber_drl]  snr=+20.0dB [ber_drl]Done (7.09s)
Batch 1895/2000 (active points 11/11) [3h 41m 52s elapsed] ...   snr=+0.0dB [ber_drl]  snr=+2.0dB [ber_drl]  snr=+4.0dB [ber_drl]  snr=+6.0dB [ber_drl]  snr=+8.0dB [ber_drl]  snr=+10.0dB [ber_drl]  snr=+12.0dB [ber_drl]  snr=+14.0dB [ber_drl]  snr=+16.0dB [ber_drl]  snr=+18.0dB [ber_drl]  snr=+20.0dB [ber_drl]Done (7.06s)
Batch 1896/2000 (active points 11/11) [3h 41m 59s elapsed] ...   snr=+0.0dB [ber_drl]  snr=+2.0dB [ber_drl]  snr=+4.0dB [ber_drl]  snr=+6.0dB [ber_drl]  snr=+8.0dB [ber_drl]  snr=+10.0dB [ber_drl]  snr=+12.0dB [ber_drl]  snr=+14.0dB [ber_drl]  snr=+16.0dB [ber_drl]  snr=+18.0dB [ber_drl]  snr=+20.0dB [ber_drl]Done (7.11s)
Batch 1897/2000 (active points 11/11) [3h 42m 06s elapsed] ...   snr=+0.0dB [ber_drl]  snr=+2.0dB [ber_drl]  snr=+4.0dB [ber_drl]  snr=+6.0dB [ber_drl]  snr=+8.0dB [ber_drl]  snr=+10.0dB [ber_drl]  snr=+12.0dB [ber_drl]  snr=+14.0dB [ber_drl]  snr=+16.0dB [ber_drl]  snr=+18.0dB [ber_drl]  snr=+20.0dB [ber_drl]Done (7.10s)
Batch 1898/2000 (active points 11/11) [3h 42m 13s elapsed] ...   snr=+0.0dB [ber_drl]  snr=+2.0dB [ber_drl]  snr=+4.0dB [ber_drl]  snr=+6.0dB [ber_drl]  snr=+8.0dB [ber_drl]  snr=+10.0dB [ber_drl]  snr=+12.0dB [ber_drl]  snr=+14.0dB [ber_drl]  snr=+16.0dB [ber_drl]  snr=+18.0dB [ber_drl]  snr=+20.0dB [ber_drl]Done (7.12s)
Batch 1899/2000 (active points 11/11) [3h 42m 20s elapsed] ...   snr=+0.0dB [ber_drl]  snr=+2.0dB [ber_drl]  snr=+4.0dB [ber_drl]  snr=+6.0dB [ber_drl]  snr=+8.0dB [ber_drl]  snr=+10.0dB [ber_drl]  snr=+12.0dB [ber_drl]  snr=+14.0dB [ber_drl]  snr=+16.0dB [ber_drl]  snr=+18.0dB [ber_drl]  snr=+20.0dB [ber_drl]Done (7.11s)
Batch 1900/2000 (active points 11/11) [3h 42m 27s elapsed] ...   snr=+0.0dB [ber_drl]  snr=+2.0dB [ber_drl]  snr=+4.0dB [ber_drl]  snr=+6.0dB [ber_drl]  snr=+8.0dB [ber_drl]  snr=+10.0dB [ber_drl]  snr=+12.0dB [ber_drl]  snr=+14.0dB [ber_drl]  snr=+16.0dB [ber_drl]  snr=+18.0dB [ber_drl]  snr=+20.0dB [ber_drl]Done (7.03s)
Batch 1901/2000 (active points 11/11) [3h 42m 34s elapsed] ...   snr=+0.0dB [ber_drl]  snr=+2.0dB [ber_drl]  snr=+4.0dB [ber_drl]  snr=+6.0dB [ber_drl]  snr=+8.0dB [ber_drl]  snr=+10.0dB [ber_drl]  snr=+12.0dB [ber_drl]  snr=+14.0dB [ber_drl]  snr=+16.0dB [ber_drl]  snr=+18.0dB [ber_drl]  snr=+20.0dB [ber_drl]Done (7.11s)
Batch 1902/2000 (active points 11/11) [3h 42m 41s elapsed] ...   snr=+0.0dB [ber_drl]  snr=+2.0dB [ber_drl]  snr=+4.0dB [ber_drl]  snr=+6.0dB [ber_drl]  snr=+8.0dB [ber_drl]  snr=+10.0dB [ber_drl]  snr=+12.0dB [ber_drl]  snr=+14.0dB [ber_drl]  snr=+16.0dB [ber_drl]  snr=+18.0dB [ber_drl]  snr=+20.0dB [ber_drl]Done (7.16s)
Batch 1903/2000 (active points 11/11) [3h 42m 49s elapsed] ...   snr=+0.0dB [ber_drl]  snr=+2.0dB [ber_drl]  snr=+4.0dB [ber_drl]  snr=+6.0dB [ber_drl]  snr=+8.0dB [ber_drl]  snr=+10.0dB [ber_drl]  snr=+12.0dB [ber_drl]  snr=+14.0dB [ber_drl]  snr=+16.0dB [ber_drl]  snr=+18.0dB [ber_drl]  snr=+20.0dB [ber_drl]Done (7.13s)
Batch 1904/2000 (active points 11/11) [3h 42m 56s elapsed] ...   snr=+0.0dB [ber_drl]  snr=+2.0dB [ber_drl]  snr=+4.0dB [ber_drl]  snr=+6.0dB [ber_drl]  snr=+8.0dB [ber_drl]  snr=+10.0dB [ber_drl]  snr=+12.0dB [ber_drl]  snr=+14.0dB [ber_drl]  snr=+16.0dB [ber_drl]  snr=+18.0dB [ber_drl]  snr=+20.0dB [ber_drl]Done (7.04s)
Batch 1905/2000 (active points 11/11) [3h 43m 03s elapsed] ...   snr=+0.0dB [ber_drl]  snr=+2.0dB [ber_drl]  snr=+4.0dB [ber_drl]  snr=+6.0dB [ber_drl]  snr=+8.0dB [ber_drl]  snr=+10.0dB [ber_drl]  snr=+12.0dB [ber_drl]  snr=+14.0dB [ber_drl]  snr=+16.0dB [ber_drl]  snr=+18.0dB [ber_drl]  snr=+20.0dB [ber_drl]Done (7.14s)
Batch 1906/2000 (active points 11/11) [3h 43m 10s elapsed] ...   snr=+0.0dB [ber_drl]  snr=+2.0dB [ber_drl]  snr=+4.0dB [ber_drl]  snr=+6.0dB [ber_drl]  snr=+8.0dB [ber_drl]  snr=+10.0dB [ber_drl]  snr=+12.0dB [ber_drl]  snr=+14.0dB [ber_drl]  snr=+16.0dB [ber_drl]  snr=+18.0dB [ber_drl]  snr=+20.0dB [ber_drl]Done (7.14s)
Batch 1907/2000 (active points 11/11) [3h 43m 17s elapsed] ...   snr=+0.0dB [ber_drl]  snr=+2.0dB [ber_drl]  snr=+4.0dB [ber_drl]  snr=+6.0dB [ber_drl]  snr=+8.0dB [ber_drl]  snr=+10.0dB [ber_drl]  snr=+12.0dB [ber_drl]  snr=+14.0dB [ber_drl]  snr=+16.0dB [ber_drl]  snr=+18.0dB [ber_drl]  snr=+20.0dB [ber_drl]Done (7.09s)
Batch 1908/2000 (active points 11/11) [3h 43m 24s elapsed] ...   snr=+0.0dB [ber_drl]  snr=+2.0dB [ber_drl]  snr=+4.0dB [ber_drl]  snr=+6.0dB [ber_drl]  snr=+8.0dB [ber_drl]  snr=+10.0dB [ber_drl]  snr=+12.0dB [ber_drl]  snr=+14.0dB [ber_drl]  snr=+16.0dB [ber_drl]  snr=+18.0dB [ber_drl]  snr=+20.0dB [ber_drl]Done (7.09s)
Batch 1909/2000 (active points 11/11) [3h 43m 31s elapsed] ...   snr=+0.0dB [ber_drl]  snr=+2.0dB [ber_drl]  snr=+4.0dB [ber_drl]  snr=+6.0dB [ber_drl]  snr=+8.0dB [ber_drl]  snr=+10.0dB [ber_drl]  snr=+12.0dB [ber_drl]  snr=+14.0dB [ber_drl]  snr=+16.0dB [ber_drl]  snr=+18.0dB [ber_drl]  snr=+20.0dB [ber_drl]Done (7.04s)
Batch 1910/2000 (active points 11/11) [3h 43m 38s elapsed] ...   snr=+0.0dB [ber_drl]  snr=+2.0dB [ber_drl]  snr=+4.0dB [ber_drl]  snr=+6.0dB [ber_drl]  snr=+8.0dB [ber_drl]  snr=+10.0dB [ber_drl]  snr=+12.0dB [ber_drl]  snr=+14.0dB [ber_drl]  snr=+16.0dB [ber_drl]  snr=+18.0dB [ber_drl]  snr=+20.0dB [ber_drl]Done (7.29s)
Batch 1911/2000 (active points 11/11) [3h 43m 46s elapsed] ...   snr=+0.0dB [ber_drl]  snr=+2.0dB [ber_drl]  snr=+4.0dB [ber_drl]  snr=+6.0dB [ber_drl]  snr=+8.0dB [ber_drl]  snr=+10.0dB [ber_drl]  snr=+12.0dB [ber_drl]  snr=+14.0dB [ber_drl]  snr=+16.0dB [ber_drl]  snr=+18.0dB [ber_drl]  snr=+20.0dB [ber_drl]Done (7.11s)
Batch 1912/2000 (active points 11/11) [3h 43m 53s elapsed] ...   snr=+0.0dB [ber_drl]  snr=+2.0dB [ber_drl]  snr=+4.0dB [ber_drl]  snr=+6.0dB [ber_drl]  snr=+8.0dB [ber_drl]  snr=+10.0dB [ber_drl]  snr=+12.0dB [ber_drl]  snr=+14.0dB [ber_drl]  snr=+16.0dB [ber_drl]  snr=+18.0dB [ber_drl]  snr=+20.0dB [ber_drl]Done (7.11s)
Batch 1913/2000 (active points 11/11) [3h 44m 00s elapsed] ...   snr=+0.0dB [ber_drl]  snr=+2.0dB [ber_drl]  snr=+4.0dB [ber_drl]  snr=+6.0dB [ber_drl]  snr=+8.0dB [ber_drl]  snr=+10.0dB [ber_drl]  snr=+12.0dB [ber_drl]  snr=+14.0dB [ber_drl]  snr=+16.0dB [ber_drl]  snr=+18.0dB [ber_drl]  snr=+20.0dB [ber_drl]Done (7.00s)
Batch 1914/2000 (active points 11/11) [3h 44m 07s elapsed] ...   snr=+0.0dB [ber_drl]  snr=+2.0dB [ber_drl]  snr=+4.0dB [ber_drl]  snr=+6.0dB [ber_drl]  snr=+8.0dB [ber_drl]  snr=+10.0dB [ber_drl]  snr=+12.0dB [ber_drl]  snr=+14.0dB [ber_drl]  snr=+16.0dB [ber_drl]  snr=+18.0dB [ber_drl]  snr=+20.0dB [ber_drl]Done (7.15s)
Batch 1915/2000 (active points 11/11) [3h 44m 14s elapsed] ...   snr=+0.0dB [ber_drl]  snr=+2.0dB [ber_drl]  snr=+4.0dB [ber_drl]  snr=+6.0dB [ber_drl]  snr=+8.0dB [ber_drl]  snr=+10.0dB [ber_drl]  snr=+12.0dB [ber_drl]  snr=+14.0dB [ber_drl]  snr=+16.0dB [ber_drl]  snr=+18.0dB [ber_drl]  snr=+20.0dB [ber_drl]Done (7.08s)
Batch 1916/2000 (active points 11/11) [3h 44m 21s elapsed] ...   snr=+0.0dB [ber_drl]  snr=+2.0dB [ber_drl]  snr=+4.0dB [ber_drl]  snr=+6.0dB [ber_drl]  snr=+8.0dB [ber_drl]  snr=+10.0dB [ber_drl]  snr=+12.0dB [ber_drl]  snr=+14.0dB [ber_drl]  snr=+16.0dB [ber_drl]  snr=+18.0dB [ber_drl]  snr=+20.0dB [ber_drl]Done (7.13s)
Batch 1917/2000 (active points 11/11) [3h 44m 28s elapsed] ...   snr=+0.0dB [ber_drl]  snr=+2.0dB [ber_drl]  snr=+4.0dB [ber_drl]  snr=+6.0dB [ber_drl]  snr=+8.0dB [ber_drl]  snr=+10.0dB [ber_drl]  snr=+12.0dB [ber_drl]  snr=+14.0dB [ber_drl]  snr=+16.0dB [ber_drl]  snr=+18.0dB [ber_drl]  snr=+20.0dB [ber_drl]Done (7.14s)
Batch 1918/2000 (active points 11/11) [3h 44m 35s elapsed] ...   snr=+0.0dB [ber_drl]  snr=+2.0dB [ber_drl]  snr=+4.0dB [ber_drl]  snr=+6.0dB [ber_drl]  snr=+8.0dB [ber_drl]  snr=+10.0dB [ber_drl]  snr=+12.0dB [ber_drl]  snr=+14.0dB [ber_drl]  snr=+16.0dB [ber_drl]  snr=+18.0dB [ber_drl]  snr=+20.0dB [ber_drl]Done (7.07s)
Batch 1919/2000 (active points 11/11) [3h 44m 42s elapsed] ...   snr=+0.0dB [ber_drl]  snr=+2.0dB [ber_drl]  snr=+4.0dB [ber_drl]  snr=+6.0dB [ber_drl]  snr=+8.0dB [ber_drl]  snr=+10.0dB [ber_drl]  snr=+12.0dB [ber_drl]  snr=+14.0dB [ber_drl]  snr=+16.0dB [ber_drl]  snr=+18.0dB [ber_drl]  snr=+20.0dB [ber_drl]Done (7.16s)
Batch 1920/2000 (active points 11/11) [3h 44m 50s elapsed] ...   snr=+0.0dB [ber_drl]  snr=+2.0dB [ber_drl]  snr=+4.0dB [ber_drl]  snr=+6.0dB [ber_drl]  snr=+8.0dB [ber_drl]  snr=+10.0dB [ber_drl]  snr=+12.0dB [ber_drl]  snr=+14.0dB [ber_drl]  snr=+16.0dB [ber_drl]  snr=+18.0dB [ber_drl]  snr=+20.0dB [ber_drl]Done (7.15s)
Batch 1921/2000 (active points 11/11) [3h 44m 57s elapsed] ...   snr=+0.0dB [ber_drl]  snr=+2.0dB [ber_drl]  snr=+4.0dB [ber_drl]  snr=+6.0dB [ber_drl]  snr=+8.0dB [ber_drl]  snr=+10.0dB [ber_drl]  snr=+12.0dB [ber_drl]  snr=+14.0dB [ber_drl]  snr=+16.0dB [ber_drl]  snr=+18.0dB [ber_drl]  snr=+20.0dB [ber_drl]Done (7.12s)
Batch 1922/2000 (active points 11/11) [3h 45m 04s elapsed] ...   snr=+0.0dB [ber_drl]  snr=+2.0dB [ber_drl]  snr=+4.0dB [ber_drl]  snr=+6.0dB [ber_drl]  snr=+8.0dB [ber_drl]  snr=+10.0dB [ber_drl]  snr=+12.0dB [ber_drl]  snr=+14.0dB [ber_drl]  snr=+16.0dB [ber_drl]  snr=+18.0dB [ber_drl]  snr=+20.0dB [ber_drl]Done (7.02s)
Batch 1923/2000 (active points 11/11) [3h 45m 11s elapsed] ...   snr=+0.0dB [ber_drl]  snr=+2.0dB [ber_drl]  snr=+4.0dB [ber_drl]  snr=+6.0dB [ber_drl]  snr=+8.0dB [ber_drl]  snr=+10.0dB [ber_drl]  snr=+12.0dB [ber_drl]  snr=+14.0dB [ber_drl]  snr=+16.0dB [ber_drl]  snr=+18.0dB [ber_drl]  snr=+20.0dB [ber_drl]Done (7.16s)
Batch 1924/2000 (active points 11/11) [3h 45m 18s elapsed] ...   snr=+0.0dB [ber_drl]  snr=+2.0dB [ber_drl]  snr=+4.0dB [ber_drl]  snr=+6.0dB [ber_drl]  snr=+8.0dB [ber_drl]  snr=+10.0dB [ber_drl]  snr=+12.0dB [ber_drl]  snr=+14.0dB [ber_drl]  snr=+16.0dB [ber_drl]  snr=+18.0dB [ber_drl]  snr=+20.0dB [ber_drl]Done (7.11s)
Batch 1925/2000 (active points 11/11) [3h 45m 25s elapsed] ...   snr=+0.0dB [ber_drl]  snr=+2.0dB [ber_drl]  snr=+4.0dB [ber_drl]  snr=+6.0dB [ber_drl]  snr=+8.0dB [ber_drl]  snr=+10.0dB [ber_drl]  snr=+12.0dB [ber_drl]  snr=+14.0dB [ber_drl]  snr=+16.0dB [ber_drl]  snr=+18.0dB [ber_drl]  snr=+20.0dB [ber_drl]Done (7.16s)
Batch 1926/2000 (active points 11/11) [3h 45m 32s elapsed] ...   snr=+0.0dB [ber_drl]  snr=+2.0dB [ber_drl]  snr=+4.0dB [ber_drl]  snr=+6.0dB [ber_drl]  snr=+8.0dB [ber_drl]  snr=+10.0dB [ber_drl]  snr=+12.0dB [ber_drl]  snr=+14.0dB [ber_drl]  snr=+16.0dB [ber_drl]  snr=+18.0dB [ber_drl]  snr=+20.0dB [ber_drl]Done (7.09s)
Batch 1927/2000 (active points 11/11) [3h 45m 39s elapsed] ...   snr=+0.0dB [ber_drl]  snr=+2.0dB [ber_drl]  snr=+4.0dB [ber_drl]  snr=+6.0dB [ber_drl]  snr=+8.0dB [ber_drl]  snr=+10.0dB [ber_drl]  snr=+12.0dB [ber_drl]  snr=+14.0dB [ber_drl]  snr=+16.0dB [ber_drl]  snr=+18.0dB [ber_drl]  snr=+20.0dB [ber_drl]Done (7.04s)
Batch 1928/2000 (active points 11/11) [3h 45m 46s elapsed] ...   snr=+0.0dB [ber_drl]  snr=+2.0dB [ber_drl]  snr=+4.0dB [ber_drl]  snr=+6.0dB [ber_drl]  snr=+8.0dB [ber_drl]  snr=+10.0dB [ber_drl]  snr=+12.0dB [ber_drl]  snr=+14.0dB [ber_drl]  snr=+16.0dB [ber_drl]  snr=+18.0dB [ber_drl]  snr=+20.0dB [ber_drl]Done (7.16s)
Batch 1929/2000 (active points 11/11) [3h 45m 54s elapsed] ...   snr=+0.0dB [ber_drl]  snr=+2.0dB [ber_drl]  snr=+4.0dB [ber_drl]  snr=+6.0dB [ber_drl]  snr=+8.0dB [ber_drl]  snr=+10.0dB [ber_drl]  snr=+12.0dB [ber_drl]  snr=+14.0dB [ber_drl]  snr=+16.0dB [ber_drl]  snr=+18.0dB [ber_drl]  snr=+20.0dB [ber_drl]Done (7.15s)
Batch 1930/2000 (active points 11/11) [3h 46m 01s elapsed] ...   snr=+0.0dB [ber_drl]  snr=+2.0dB [ber_drl]  snr=+4.0dB [ber_drl]  snr=+6.0dB [ber_drl]  snr=+8.0dB [ber_drl]  snr=+10.0dB [ber_drl]  snr=+12.0dB [ber_drl]  snr=+14.0dB [ber_drl]  snr=+16.0dB [ber_drl]  snr=+18.0dB [ber_drl]  snr=+20.0dB [ber_drl]Done (7.10s)
Batch 1931/2000 (active points 11/11) [3h 46m 08s elapsed] ...   snr=+0.0dB [ber_drl]  snr=+2.0dB [ber_drl]  snr=+4.0dB [ber_drl]  snr=+6.0dB [ber_drl]  snr=+8.0dB [ber_drl]  snr=+10.0dB [ber_drl]  snr=+12.0dB [ber_drl]  snr=+14.0dB [ber_drl]  snr=+16.0dB [ber_drl]  snr=+18.0dB [ber_drl]  snr=+20.0dB [ber_drl]Done (7.08s)
Batch 1932/2000 (active points 11/11) [3h 46m 15s elapsed] ...   snr=+0.0dB [ber_drl]  snr=+2.0dB [ber_drl]  snr=+4.0dB [ber_drl]  snr=+6.0dB [ber_drl]  snr=+8.0dB [ber_drl]  snr=+10.0dB [ber_drl]  snr=+12.0dB [ber_drl]  snr=+14.0dB [ber_drl]  snr=+16.0dB [ber_drl]  snr=+18.0dB [ber_drl]  snr=+20.0dB [ber_drl]Done (7.44s)
Batch 1933/2000 (active points 11/11) [3h 46m 22s elapsed] ...   snr=+0.0dB [ber_drl]  snr=+2.0dB [ber_drl]  snr=+4.0dB [ber_drl]  snr=+6.0dB [ber_drl]  snr=+8.0dB [ber_drl]  snr=+10.0dB [ber_drl]  snr=+12.0dB [ber_drl]  snr=+14.0dB [ber_drl]  snr=+16.0dB [ber_drl]  snr=+18.0dB [ber_drl]  snr=+20.0dB [ber_drl]Done (7.14s)
Batch 1934/2000 (active points 11/11) [3h 46m 29s elapsed] ...   snr=+0.0dB [ber_drl]  snr=+2.0dB [ber_drl]  snr=+4.0dB [ber_drl]  snr=+6.0dB [ber_drl]  snr=+8.0dB [ber_drl]  snr=+10.0dB [ber_drl]  snr=+12.0dB [ber_drl]  snr=+14.0dB [ber_drl]  snr=+16.0dB [ber_drl]  snr=+18.0dB [ber_drl]  snr=+20.0dB [ber_drl]Done (7.10s)
Batch 1935/2000 (active points 11/11) [3h 46m 37s elapsed] ...   snr=+0.0dB [ber_drl]  snr=+2.0dB [ber_drl]  snr=+4.0dB [ber_drl]  snr=+6.0dB [ber_drl]  snr=+8.0dB [ber_drl]  snr=+10.0dB [ber_drl]  snr=+12.0dB [ber_drl]  snr=+14.0dB [ber_drl]  snr=+16.0dB [ber_drl]  snr=+18.0dB [ber_drl]  snr=+20.0dB [ber_drl]Done (7.16s)
Batch 1936/2000 (active points 11/11) [3h 46m 44s elapsed] ...   snr=+0.0dB [ber_drl]  snr=+2.0dB [ber_drl]  snr=+4.0dB [ber_drl]  snr=+6.0dB [ber_drl]  snr=+8.0dB [ber_drl]  snr=+10.0dB [ber_drl]  snr=+12.0dB [ber_drl]  snr=+14.0dB [ber_drl]  snr=+16.0dB [ber_drl]  snr=+18.0dB [ber_drl]  snr=+20.0dB [ber_drl]Done (7.10s)
Batch 1937/2000 (active points 11/11) [3h 46m 51s elapsed] ...   snr=+0.0dB [ber_drl]  snr=+2.0dB [ber_drl]  snr=+4.0dB [ber_drl]  snr=+6.0dB [ber_drl]  snr=+8.0dB [ber_drl]  snr=+10.0dB [ber_drl]  snr=+12.0dB [ber_drl]  snr=+14.0dB [ber_drl]  snr=+16.0dB [ber_drl]  snr=+18.0dB [ber_drl]  snr=+20.0dB [ber_drl]Done (7.18s)
Batch 1938/2000 (active points 11/11) [3h 46m 58s elapsed] ...   snr=+0.0dB [ber_drl]  snr=+2.0dB [ber_drl]  snr=+4.0dB [ber_drl]  snr=+6.0dB [ber_drl]  snr=+8.0dB [ber_drl]  snr=+10.0dB [ber_drl]  snr=+12.0dB [ber_drl]  snr=+14.0dB [ber_drl]  snr=+16.0dB [ber_drl]  snr=+18.0dB [ber_drl]  snr=+20.0dB [ber_drl]Done (7.15s)
Batch 1939/2000 (active points 11/11) [3h 47m 05s elapsed] ...   snr=+0.0dB [ber_drl]  snr=+2.0dB [ber_drl]  snr=+4.0dB [ber_drl]  snr=+6.0dB [ber_drl]  snr=+8.0dB [ber_drl]  snr=+10.0dB [ber_drl]  snr=+12.0dB [ber_drl]  snr=+14.0dB [ber_drl]  snr=+16.0dB [ber_drl]  snr=+18.0dB [ber_drl]  snr=+20.0dB [ber_drl]Done (7.12s)
Batch 1940/2000 (active points 11/11) [3h 47m 12s elapsed] ...   snr=+0.0dB [ber_drl]  snr=+2.0dB [ber_drl]  snr=+4.0dB [ber_drl]  snr=+6.0dB [ber_drl]  snr=+8.0dB [ber_drl]  snr=+10.0dB [ber_drl]  snr=+12.0dB [ber_drl]  snr=+14.0dB [ber_drl]  snr=+16.0dB [ber_drl]  snr=+18.0dB [ber_drl]  snr=+20.0dB [ber_drl]Done (7.07s)
Batch 1941/2000 (active points 11/11) [3h 47m 19s elapsed] ...   snr=+0.0dB [ber_drl]  snr=+2.0dB [ber_drl]  snr=+4.0dB [ber_drl]  snr=+6.0dB [ber_drl]  snr=+8.0dB [ber_drl]  snr=+10.0dB [ber_drl]  snr=+12.0dB [ber_drl]  snr=+14.0dB [ber_drl]  snr=+16.0dB [ber_drl]  snr=+18.0dB [ber_drl]  snr=+20.0dB [ber_drl]Done (7.08s)
Batch 1942/2000 (active points 11/11) [3h 47m 26s elapsed] ...   snr=+0.0dB [ber_drl]  snr=+2.0dB [ber_drl]  snr=+4.0dB [ber_drl]  snr=+6.0dB [ber_drl]  snr=+8.0dB [ber_drl]  snr=+10.0dB [ber_drl]  snr=+12.0dB [ber_drl]  snr=+14.0dB [ber_drl]  snr=+16.0dB [ber_drl]  snr=+18.0dB [ber_drl]  snr=+20.0dB [ber_drl]Done (7.08s)
Batch 1943/2000 (active points 11/11) [3h 47m 33s elapsed] ...   snr=+0.0dB [ber_drl]  snr=+2.0dB [ber_drl]  snr=+4.0dB [ber_drl]  snr=+6.0dB [ber_drl]  snr=+8.0dB [ber_drl]  snr=+10.0dB [ber_drl]  snr=+12.0dB [ber_drl]  snr=+14.0dB [ber_drl]  snr=+16.0dB [ber_drl]  snr=+18.0dB [ber_drl]  snr=+20.0dB [ber_drl]Done (7.11s)
Batch 1944/2000 (active points 11/11) [3h 47m 41s elapsed] ...   snr=+0.0dB [ber_drl]  snr=+2.0dB [ber_drl]  snr=+4.0dB [ber_drl]  snr=+6.0dB [ber_drl]  snr=+8.0dB [ber_drl]  snr=+10.0dB [ber_drl]  snr=+12.0dB [ber_drl]  snr=+14.0dB [ber_drl]  snr=+16.0dB [ber_drl]  snr=+18.0dB [ber_drl]  snr=+20.0dB [ber_drl]Done (7.14s)
Batch 1945/2000 (active points 11/11) [3h 47m 48s elapsed] ...   snr=+0.0dB [ber_drl]  snr=+2.0dB [ber_drl]  snr=+4.0dB [ber_drl]  snr=+6.0dB [ber_drl]  snr=+8.0dB [ber_drl]  snr=+10.0dB [ber_drl]  snr=+12.0dB [ber_drl]  snr=+14.0dB [ber_drl]  snr=+16.0dB [ber_drl]  snr=+18.0dB [ber_drl]  snr=+20.0dB [ber_drl]Done (7.07s)
Batch 1946/2000 (active points 11/11) [3h 47m 55s elapsed] ...   snr=+0.0dB [ber_drl]  snr=+2.0dB [ber_drl]  snr=+4.0dB [ber_drl]  snr=+6.0dB [ber_drl]  snr=+8.0dB [ber_drl]  snr=+10.0dB [ber_drl]  snr=+12.0dB [ber_drl]  snr=+14.0dB [ber_drl]  snr=+16.0dB [ber_drl]  snr=+18.0dB [ber_drl]  snr=+20.0dB [ber_drl]Done (7.06s)
Batch 1947/2000 (active points 11/11) [3h 48m 02s elapsed] ...   snr=+0.0dB [ber_drl]  snr=+2.0dB [ber_drl]  snr=+4.0dB [ber_drl]  snr=+6.0dB [ber_drl]  snr=+8.0dB [ber_drl]  snr=+10.0dB [ber_drl]  snr=+12.0dB [ber_drl]  snr=+14.0dB [ber_drl]  snr=+16.0dB [ber_drl]  snr=+18.0dB [ber_drl]  snr=+20.0dB [ber_drl]Done (7.11s)
Batch 1948/2000 (active points 11/11) [3h 48m 09s elapsed] ...   snr=+0.0dB [ber_drl]  snr=+2.0dB [ber_drl]  snr=+4.0dB [ber_drl]  snr=+6.0dB [ber_drl]  snr=+8.0dB [ber_drl]  snr=+10.0dB [ber_drl]  snr=+12.0dB [ber_drl]  snr=+14.0dB [ber_drl]  snr=+16.0dB [ber_drl]  snr=+18.0dB [ber_drl]  snr=+20.0dB [ber_drl]Done (7.14s)
Batch 1949/2000 (active points 11/11) [3h 48m 16s elapsed] ...   snr=+0.0dB [ber_drl]  snr=+2.0dB [ber_drl]  snr=+4.0dB [ber_drl]  snr=+6.0dB [ber_drl]  snr=+8.0dB [ber_drl]  snr=+10.0dB [ber_drl]  snr=+12.0dB [ber_drl]  snr=+14.0dB [ber_drl]  snr=+16.0dB [ber_drl]  snr=+18.0dB [ber_drl]  snr=+20.0dB [ber_drl]Done (7.05s)
Batch 1950/2000 (active points 11/11) [3h 48m 23s elapsed] ...   snr=+0.0dB [ber_drl]  snr=+2.0dB [ber_drl]  snr=+4.0dB [ber_drl]  snr=+6.0dB [ber_drl]  snr=+8.0dB [ber_drl]  snr=+10.0dB [ber_drl]  snr=+12.0dB [ber_drl]  snr=+14.0dB [ber_drl]  snr=+16.0dB [ber_drl]  snr=+18.0dB [ber_drl]  snr=+20.0dB [ber_drl]Done (7.08s)
Batch 1951/2000 (active points 11/11) [3h 48m 30s elapsed] ...   snr=+0.0dB [ber_drl]  snr=+2.0dB [ber_drl]  snr=+4.0dB [ber_drl]  snr=+6.0dB [ber_drl]  snr=+8.0dB [ber_drl]  snr=+10.0dB [ber_drl]  snr=+12.0dB [ber_drl]  snr=+14.0dB [ber_drl]  snr=+16.0dB [ber_drl]  snr=+18.0dB [ber_drl]  snr=+20.0dB [ber_drl]Done (7.13s)
Batch 1952/2000 (active points 11/11) [3h 48m 37s elapsed] ...   snr=+0.0dB [ber_drl]  snr=+2.0dB [ber_drl]  snr=+4.0dB [ber_drl]  snr=+6.0dB [ber_drl]  snr=+8.0dB [ber_drl]  snr=+10.0dB [ber_drl]  snr=+12.0dB [ber_drl]  snr=+14.0dB [ber_drl]  snr=+16.0dB [ber_drl]  snr=+18.0dB [ber_drl]  snr=+20.0dB [ber_drl]Done (7.34s)
Batch 1953/2000 (active points 11/11) [3h 48m 45s elapsed] ...   snr=+0.0dB [ber_drl]  snr=+2.0dB [ber_drl]  snr=+4.0dB [ber_drl]  snr=+6.0dB [ber_drl]  snr=+8.0dB [ber_drl]  snr=+10.0dB [ber_drl]  snr=+12.0dB [ber_drl]  snr=+14.0dB [ber_drl]  snr=+16.0dB [ber_drl]  snr=+18.0dB [ber_drl]  snr=+20.0dB [ber_drl]Done (7.16s)
Batch 1954/2000 (active points 11/11) [3h 48m 52s elapsed] ...   snr=+0.0dB [ber_drl]  snr=+2.0dB [ber_drl]  snr=+4.0dB [ber_drl]  snr=+6.0dB [ber_drl]  snr=+8.0dB [ber_drl]  snr=+10.0dB [ber_drl]  snr=+12.0dB [ber_drl]  snr=+14.0dB [ber_drl]  snr=+16.0dB [ber_drl]  snr=+18.0dB [ber_drl]  snr=+20.0dB [ber_drl]Done (7.07s)
Batch 1955/2000 (active points 11/11) [3h 48m 59s elapsed] ...   snr=+0.0dB [ber_drl]  snr=+2.0dB [ber_drl]  snr=+4.0dB [ber_drl]  snr=+6.0dB [ber_drl]  snr=+8.0dB [ber_drl]  snr=+10.0dB [ber_drl]  snr=+12.0dB [ber_drl]  snr=+14.0dB [ber_drl]  snr=+16.0dB [ber_drl]  snr=+18.0dB [ber_drl]  snr=+20.0dB [ber_drl]Done (7.06s)
Batch 1956/2000 (active points 11/11) [3h 49m 06s elapsed] ...   snr=+0.0dB [ber_drl]  snr=+2.0dB [ber_drl]  snr=+4.0dB [ber_drl]  snr=+6.0dB [ber_drl]  snr=+8.0dB [ber_drl]  snr=+10.0dB [ber_drl]  snr=+12.0dB [ber_drl]  snr=+14.0dB [ber_drl]  snr=+16.0dB [ber_drl]  snr=+18.0dB [ber_drl]  snr=+20.0dB [ber_drl]Done (7.13s)
Batch 1957/2000 (active points 11/11) [3h 49m 13s elapsed] ...   snr=+0.0dB [ber_drl]  snr=+2.0dB [ber_drl]  snr=+4.0dB [ber_drl]  snr=+6.0dB [ber_drl]  snr=+8.0dB [ber_drl]  snr=+10.0dB [ber_drl]  snr=+12.0dB [ber_drl]  snr=+14.0dB [ber_drl]  snr=+16.0dB [ber_drl]  snr=+18.0dB [ber_drl]  snr=+20.0dB [ber_drl]Done (7.14s)
Batch 1958/2000 (active points 11/11) [3h 49m 20s elapsed] ...   snr=+0.0dB [ber_drl]  snr=+2.0dB [ber_drl]  snr=+4.0dB [ber_drl]  snr=+6.0dB [ber_drl]  snr=+8.0dB [ber_drl]  snr=+10.0dB [ber_drl]  snr=+12.0dB [ber_drl]  snr=+14.0dB [ber_drl]  snr=+16.0dB [ber_drl]  snr=+18.0dB [ber_drl]  snr=+20.0dB [ber_drl]Done (7.09s)
Batch 1959/2000 (active points 11/11) [3h 49m 27s elapsed] ...   snr=+0.0dB [ber_drl]  snr=+2.0dB [ber_drl]  snr=+4.0dB [ber_drl]  snr=+6.0dB [ber_drl]  snr=+8.0dB [ber_drl]  snr=+10.0dB [ber_drl]  snr=+12.0dB [ber_drl]  snr=+14.0dB [ber_drl]  snr=+16.0dB [ber_drl]  snr=+18.0dB [ber_drl]  snr=+20.0dB [ber_drl]Done (7.15s)
Batch 1960/2000 (active points 11/11) [3h 49m 35s elapsed] ...   snr=+0.0dB [ber_drl]  snr=+2.0dB [ber_drl]  snr=+4.0dB [ber_drl]  snr=+6.0dB [ber_drl]  snr=+8.0dB [ber_drl]  snr=+10.0dB [ber_drl]  snr=+12.0dB [ber_drl]  snr=+14.0dB [ber_drl]  snr=+16.0dB [ber_drl]  snr=+18.0dB [ber_drl]  snr=+20.0dB [ber_drl]Done (7.23s)
Batch 1961/2000 (active points 11/11) [3h 49m 42s elapsed] ...   snr=+0.0dB [ber_drl]  snr=+2.0dB [ber_drl]  snr=+4.0dB [ber_drl]  snr=+6.0dB [ber_drl]  snr=+8.0dB [ber_drl]  snr=+10.0dB [ber_drl]  snr=+12.0dB [ber_drl]  snr=+14.0dB [ber_drl]  snr=+16.0dB [ber_drl]  snr=+18.0dB [ber_drl]  snr=+20.0dB [ber_drl]Done (7.18s)
Batch 1962/2000 (active points 11/11) [3h 49m 49s elapsed] ...   snr=+0.0dB [ber_drl]  snr=+2.0dB [ber_drl]  snr=+4.0dB [ber_drl]  snr=+6.0dB [ber_drl]  snr=+8.0dB [ber_drl]  snr=+10.0dB [ber_drl]  snr=+12.0dB [ber_drl]  snr=+14.0dB [ber_drl]  snr=+16.0dB [ber_drl]  snr=+18.0dB [ber_drl]  snr=+20.0dB [ber_drl]Done (7.11s)
Batch 1963/2000 (active points 11/11) [3h 49m 56s elapsed] ...   snr=+0.0dB [ber_drl]  snr=+2.0dB [ber_drl]  snr=+4.0dB [ber_drl]  snr=+6.0dB [ber_drl]  snr=+8.0dB [ber_drl]  snr=+10.0dB [ber_drl]  snr=+12.0dB [ber_drl]  snr=+14.0dB [ber_drl]  snr=+16.0dB [ber_drl]  snr=+18.0dB [ber_drl]  snr=+20.0dB [ber_drl]Done (7.16s)
Batch 1964/2000 (active points 11/11) [3h 50m 03s elapsed] ...   snr=+0.0dB [ber_drl]  snr=+2.0dB [ber_drl]  snr=+4.0dB [ber_drl]  snr=+6.0dB [ber_drl]  snr=+8.0dB [ber_drl]  snr=+10.0dB [ber_drl]  snr=+12.0dB [ber_drl]  snr=+14.0dB [ber_drl]  snr=+16.0dB [ber_drl]  snr=+18.0dB [ber_drl]  snr=+20.0dB [ber_drl]Done (7.09s)
Batch 1965/2000 (active points 11/11) [3h 50m 10s elapsed] ...   snr=+0.0dB [ber_drl]  snr=+2.0dB [ber_drl]  snr=+4.0dB [ber_drl]  snr=+6.0dB [ber_drl]  snr=+8.0dB [ber_drl]  snr=+10.0dB [ber_drl]  snr=+12.0dB [ber_drl]  snr=+14.0dB [ber_drl]  snr=+16.0dB [ber_drl]  snr=+18.0dB [ber_drl]  snr=+20.0dB [ber_drl]Done (7.18s)
Batch 1966/2000 (active points 11/11) [3h 50m 17s elapsed] ...   snr=+0.0dB [ber_drl]  snr=+2.0dB [ber_drl]  snr=+4.0dB [ber_drl]  snr=+6.0dB [ber_drl]  snr=+8.0dB [ber_drl]  snr=+10.0dB [ber_drl]  snr=+12.0dB [ber_drl]  snr=+14.0dB [ber_drl]  snr=+16.0dB [ber_drl]  snr=+18.0dB [ber_drl]  snr=+20.0dB [ber_drl]Done (7.14s)
Batch 1967/2000 (active points 11/11) [3h 50m 25s elapsed] ...   snr=+0.0dB [ber_drl]  snr=+2.0dB [ber_drl]  snr=+4.0dB [ber_drl]  snr=+6.0dB [ber_drl]  snr=+8.0dB [ber_drl]  snr=+10.0dB [ber_drl]  snr=+12.0dB [ber_drl]  snr=+14.0dB [ber_drl]  snr=+16.0dB [ber_drl]  snr=+18.0dB [ber_drl]  snr=+20.0dB [ber_drl]Done (7.13s)
Batch 1968/2000 (active points 11/11) [3h 50m 32s elapsed] ...   snr=+0.0dB [ber_drl]  snr=+2.0dB [ber_drl]  snr=+4.0dB [ber_drl]  snr=+6.0dB [ber_drl]  snr=+8.0dB [ber_drl]  snr=+10.0dB [ber_drl]  snr=+12.0dB [ber_drl]  snr=+14.0dB [ber_drl]  snr=+16.0dB [ber_drl]  snr=+18.0dB [ber_drl]  snr=+20.0dB [ber_drl]Done (7.10s)
Batch 1969/2000 (active points 11/11) [3h 50m 39s elapsed] ...   snr=+0.0dB [ber_drl]  snr=+2.0dB [ber_drl]  snr=+4.0dB [ber_drl]  snr=+6.0dB [ber_drl]  snr=+8.0dB [ber_drl]  snr=+10.0dB [ber_drl]  snr=+12.0dB [ber_drl]  snr=+14.0dB [ber_drl]  snr=+16.0dB [ber_drl]  snr=+18.0dB [ber_drl]  snr=+20.0dB [ber_drl]Done (7.11s)
Batch 1970/2000 (active points 11/11) [3h 50m 46s elapsed] ...   snr=+0.0dB [ber_drl]  snr=+2.0dB [ber_drl]  snr=+4.0dB [ber_drl]  snr=+6.0dB [ber_drl]  snr=+8.0dB [ber_drl]  snr=+10.0dB [ber_drl]  snr=+12.0dB [ber_drl]  snr=+14.0dB [ber_drl]  snr=+16.0dB [ber_drl]  snr=+18.0dB [ber_drl]  snr=+20.0dB [ber_drl]Done (7.19s)
Batch 1971/2000 (active points 11/11) [3h 50m 53s elapsed] ...   snr=+0.0dB [ber_drl]  snr=+2.0dB [ber_drl]  snr=+4.0dB [ber_drl]  snr=+6.0dB [ber_drl]  snr=+8.0dB [ber_drl]  snr=+10.0dB [ber_drl]  snr=+12.0dB [ber_drl]  snr=+14.0dB [ber_drl]  snr=+16.0dB [ber_drl]  snr=+18.0dB [ber_drl]  snr=+20.0dB [ber_drl]Done (7.25s)
Batch 1972/2000 (active points 11/11) [3h 51m 00s elapsed] ...   snr=+0.0dB [ber_drl]  snr=+2.0dB [ber_drl]  snr=+4.0dB [ber_drl]  snr=+6.0dB [ber_drl]  snr=+8.0dB [ber_drl]  snr=+10.0dB [ber_drl]  snr=+12.0dB [ber_drl]  snr=+14.0dB [ber_drl]  snr=+16.0dB [ber_drl]  snr=+18.0dB [ber_drl]  snr=+20.0dB [ber_drl]Done (7.22s)
Batch 1973/2000 (active points 11/11) [3h 51m 08s elapsed] ...   snr=+0.0dB [ber_drl]  snr=+2.0dB [ber_drl]  snr=+4.0dB [ber_drl]  snr=+6.0dB [ber_drl]  snr=+8.0dB [ber_drl]  snr=+10.0dB [ber_drl]  snr=+12.0dB [ber_drl]  snr=+14.0dB [ber_drl]  snr=+16.0dB [ber_drl]  snr=+18.0dB [ber_drl]  snr=+20.0dB [ber_drl]Done (7.18s)
Batch 1974/2000 (active points 11/11) [3h 51m 15s elapsed] ...   snr=+0.0dB [ber_drl]  snr=+2.0dB [ber_drl]  snr=+4.0dB [ber_drl]  snr=+6.0dB [ber_drl]  snr=+8.0dB [ber_drl]  snr=+10.0dB [ber_drl]  snr=+12.0dB [ber_drl]  snr=+14.0dB [ber_drl]  snr=+16.0dB [ber_drl]  snr=+18.0dB [ber_drl]  snr=+20.0dB [ber_drl]Done (7.18s)
Batch 1975/2000 (active points 11/11) [3h 51m 22s elapsed] ...   snr=+0.0dB [ber_drl]  snr=+2.0dB [ber_drl]  snr=+4.0dB [ber_drl]  snr=+6.0dB [ber_drl]  snr=+8.0dB [ber_drl]  snr=+10.0dB [ber_drl]  snr=+12.0dB [ber_drl]  snr=+14.0dB [ber_drl]  snr=+16.0dB [ber_drl]  snr=+18.0dB [ber_drl]  snr=+20.0dB [ber_drl]Done (7.17s)
Batch 1976/2000 (active points 11/11) [3h 51m 29s elapsed] ...   snr=+0.0dB [ber_drl]  snr=+2.0dB [ber_drl]  snr=+4.0dB [ber_drl]  snr=+6.0dB [ber_drl]  snr=+8.0dB [ber_drl]  snr=+10.0dB [ber_drl]  snr=+12.0dB [ber_drl]  snr=+14.0dB [ber_drl]  snr=+16.0dB [ber_drl]  snr=+18.0dB [ber_drl]  snr=+20.0dB [ber_drl]Done (7.23s)
Batch 1977/2000 (active points 11/11) [3h 51m 36s elapsed] ...   snr=+0.0dB [ber_drl]  snr=+2.0dB [ber_drl]  snr=+4.0dB [ber_drl]  snr=+6.0dB [ber_drl]  snr=+8.0dB [ber_drl]  snr=+10.0dB [ber_drl]  snr=+12.0dB [ber_drl]  snr=+14.0dB [ber_drl]  snr=+16.0dB [ber_drl]  snr=+18.0dB [ber_drl]  snr=+20.0dB [ber_drl]Done (7.28s)
Batch 1978/2000 (active points 11/11) [3h 51m 44s elapsed] ...   snr=+0.0dB [ber_drl]  snr=+2.0dB [ber_drl]  snr=+4.0dB [ber_drl]  snr=+6.0dB [ber_drl]  snr=+8.0dB [ber_drl]  snr=+10.0dB [ber_drl]  snr=+12.0dB [ber_drl]  snr=+14.0dB [ber_drl]  snr=+16.0dB [ber_drl]  snr=+18.0dB [ber_drl]  snr=+20.0dB [ber_drl]Done (7.20s)
Batch 1979/2000 (active points 11/11) [3h 51m 51s elapsed] ...   snr=+0.0dB [ber_drl]  snr=+2.0dB [ber_drl]  snr=+4.0dB [ber_drl]  snr=+6.0dB [ber_drl]  snr=+8.0dB [ber_drl]  snr=+10.0dB [ber_drl]  snr=+12.0dB [ber_drl]  snr=+14.0dB [ber_drl]  snr=+16.0dB [ber_drl]  snr=+18.0dB [ber_drl]  snr=+20.0dB [ber_drl]Done (7.25s)
Batch 1980/2000 (active points 11/11) [3h 51m 58s elapsed] ...   snr=+0.0dB [ber_drl]  snr=+2.0dB [ber_drl]  snr=+4.0dB [ber_drl]  snr=+6.0dB [ber_drl]  snr=+8.0dB [ber_drl]  snr=+10.0dB [ber_drl]  snr=+12.0dB [ber_drl]  snr=+14.0dB [ber_drl]  snr=+16.0dB [ber_drl]  snr=+18.0dB [ber_drl]  snr=+20.0dB [ber_drl]Done (7.27s)
Batch 1981/2000 (active points 11/11) [3h 52m 05s elapsed] ...   snr=+0.0dB [ber_drl]  snr=+2.0dB [ber_drl]  snr=+4.0dB [ber_drl]  snr=+6.0dB [ber_drl]  snr=+8.0dB [ber_drl]  snr=+10.0dB [ber_drl]  snr=+12.0dB [ber_drl]  snr=+14.0dB [ber_drl]  snr=+16.0dB [ber_drl]  snr=+18.0dB [ber_drl]  snr=+20.0dB [ber_drl]Done (7.16s)
Batch 1982/2000 (active points 11/11) [3h 52m 13s elapsed] ...   snr=+0.0dB [ber_drl]  snr=+2.0dB [ber_drl]  snr=+4.0dB [ber_drl]  snr=+6.0dB [ber_drl]  snr=+8.0dB [ber_drl]  snr=+10.0dB [ber_drl]  snr=+12.0dB [ber_drl]  snr=+14.0dB [ber_drl]  snr=+16.0dB [ber_drl]  snr=+18.0dB [ber_drl]  snr=+20.0dB [ber_drl]Done (7.27s)
Batch 1983/2000 (active points 11/11) [3h 52m 20s elapsed] ...   snr=+0.0dB [ber_drl]  snr=+2.0dB [ber_drl]  snr=+4.0dB [ber_drl]  snr=+6.0dB [ber_drl]  snr=+8.0dB [ber_drl]  snr=+10.0dB [ber_drl]  snr=+12.0dB [ber_drl]  snr=+14.0dB [ber_drl]  snr=+16.0dB [ber_drl]  snr=+18.0dB [ber_drl]  snr=+20.0dB [ber_drl]Done (7.16s)
Batch 1984/2000 (active points 11/11) [3h 52m 27s elapsed] ...   snr=+0.0dB [ber_drl]  snr=+2.0dB [ber_drl]  snr=+4.0dB [ber_drl]  snr=+6.0dB [ber_drl]  snr=+8.0dB [ber_drl]  snr=+10.0dB [ber_drl]  snr=+12.0dB [ber_drl]  snr=+14.0dB [ber_drl]  snr=+16.0dB [ber_drl]  snr=+18.0dB [ber_drl]  snr=+20.0dB [ber_drl]Done (7.16s)
Batch 1985/2000 (active points 11/11) [3h 52m 34s elapsed] ...   snr=+0.0dB [ber_drl]  snr=+2.0dB [ber_drl]  snr=+4.0dB [ber_drl]  snr=+6.0dB [ber_drl]  snr=+8.0dB [ber_drl]  snr=+10.0dB [ber_drl]  snr=+12.0dB [ber_drl]  snr=+14.0dB [ber_drl]  snr=+16.0dB [ber_drl]  snr=+18.0dB [ber_drl]  snr=+20.0dB [ber_drl]Done (7.35s)
Batch 1986/2000 (active points 11/11) [3h 52m 41s elapsed] ...   snr=+0.0dB [ber_drl]  snr=+2.0dB [ber_drl]  snr=+4.0dB [ber_drl]  snr=+6.0dB [ber_drl]  snr=+8.0dB [ber_drl]  snr=+10.0dB [ber_drl]  snr=+12.0dB [ber_drl]  snr=+14.0dB [ber_drl]  snr=+16.0dB [ber_drl]  snr=+18.0dB [ber_drl]  snr=+20.0dB [ber_drl]Done (7.26s)
Batch 1987/2000 (active points 11/11) [3h 52m 49s elapsed] ...   snr=+0.0dB [ber_drl]  snr=+2.0dB [ber_drl]  snr=+4.0dB [ber_drl]  snr=+6.0dB [ber_drl]  snr=+8.0dB [ber_drl]  snr=+10.0dB [ber_drl]  snr=+12.0dB [ber_drl]  snr=+14.0dB [ber_drl]  snr=+16.0dB [ber_drl]  snr=+18.0dB [ber_drl]  snr=+20.0dB [ber_drl]Done (7.21s)
Batch 1988/2000 (active points 11/11) [3h 52m 56s elapsed] ...   snr=+0.0dB [ber_drl]  snr=+2.0dB [ber_drl]  snr=+4.0dB [ber_drl]  snr=+6.0dB [ber_drl]  snr=+8.0dB [ber_drl]  snr=+10.0dB [ber_drl]  snr=+12.0dB [ber_drl]  snr=+14.0dB [ber_drl]  snr=+16.0dB [ber_drl]  snr=+18.0dB [ber_drl]  snr=+20.0dB [ber_drl]Done (7.18s)
Batch 1989/2000 (active points 11/11) [3h 53m 03s elapsed] ...   snr=+0.0dB [ber_drl]  snr=+2.0dB [ber_drl]  snr=+4.0dB [ber_drl]  snr=+6.0dB [ber_drl]  snr=+8.0dB [ber_drl]  snr=+10.0dB [ber_drl]  snr=+12.0dB [ber_drl]  snr=+14.0dB [ber_drl]  snr=+16.0dB [ber_drl]  snr=+18.0dB [ber_drl]  snr=+20.0dB [ber_drl]Done (7.18s)
Batch 1990/2000 (active points 11/11) [3h 53m 10s elapsed] ...   snr=+0.0dB [ber_drl]  snr=+2.0dB [ber_drl]  snr=+4.0dB [ber_drl]  snr=+6.0dB [ber_drl]  snr=+8.0dB [ber_drl]  snr=+10.0dB [ber_drl]  snr=+12.0dB [ber_drl]  snr=+14.0dB [ber_drl]  snr=+16.0dB [ber_drl]  snr=+18.0dB [ber_drl]  snr=+20.0dB [ber_drl]Done (7.23s)
Batch 1991/2000 (active points 11/11) [3h 53m 18s elapsed] ...   snr=+0.0dB [ber_drl]  snr=+2.0dB [ber_drl]  snr=+4.0dB [ber_drl]  snr=+6.0dB [ber_drl]  snr=+8.0dB [ber_drl]  snr=+10.0dB [ber_drl]  snr=+12.0dB [ber_drl]  snr=+14.0dB [ber_drl]  snr=+16.0dB [ber_drl]  snr=+18.0dB [ber_drl]  snr=+20.0dB [ber_drl]Done (7.17s)
Batch 1992/2000 (active points 11/11) [3h 53m 25s elapsed] ...   snr=+0.0dB [ber_drl]  snr=+2.0dB [ber_drl]  snr=+4.0dB [ber_drl]  snr=+6.0dB [ber_drl]  snr=+8.0dB [ber_drl]  snr=+10.0dB [ber_drl]  snr=+12.0dB [ber_drl]  snr=+14.0dB [ber_drl]  snr=+16.0dB [ber_drl]  snr=+18.0dB [ber_drl]  snr=+20.0dB [ber_drl]Done (7.20s)
Batch 1993/2000 (active points 11/11) [3h 53m 32s elapsed] ...   snr=+0.0dB [ber_drl]  snr=+2.0dB [ber_drl]  snr=+4.0dB [ber_drl]  snr=+6.0dB [ber_drl]  snr=+8.0dB [ber_drl]  snr=+10.0dB [ber_drl]  snr=+12.0dB [ber_drl]  snr=+14.0dB [ber_drl]  snr=+16.0dB [ber_drl]  snr=+18.0dB [ber_drl]  snr=+20.0dB [ber_drl]Done (7.16s)
Batch 1994/2000 (active points 11/11) [3h 53m 39s elapsed] ...   snr=+0.0dB [ber_drl]  snr=+2.0dB [ber_drl]  snr=+4.0dB [ber_drl]  snr=+6.0dB [ber_drl]  snr=+8.0dB [ber_drl]  snr=+10.0dB [ber_drl]  snr=+12.0dB [ber_drl]  snr=+14.0dB [ber_drl]  snr=+16.0dB [ber_drl]  snr=+18.0dB [ber_drl]  snr=+20.0dB [ber_drl]Done (7.17s)
Batch 1995/2000 (active points 11/11) [3h 53m 46s elapsed] ...   snr=+0.0dB [ber_drl]  snr=+2.0dB [ber_drl]  snr=+4.0dB [ber_drl]  snr=+6.0dB [ber_drl]  snr=+8.0dB [ber_drl]  snr=+10.0dB [ber_drl]  snr=+12.0dB [ber_drl]  snr=+14.0dB [ber_drl]  snr=+16.0dB [ber_drl]  snr=+18.0dB [ber_drl]  snr=+20.0dB [ber_drl]Done (7.37s)
Batch 1996/2000 (active points 11/11) [3h 53m 54s elapsed] ...   snr=+0.0dB [ber_drl]  snr=+2.0dB [ber_drl]  snr=+4.0dB [ber_drl]  snr=+6.0dB [ber_drl]  snr=+8.0dB [ber_drl]  snr=+10.0dB [ber_drl]  snr=+12.0dB [ber_drl]  snr=+14.0dB [ber_drl]  snr=+16.0dB [ber_drl]  snr=+18.0dB [ber_drl]  snr=+20.0dB [ber_drl]Done (7.23s)
Batch 1997/2000 (active points 11/11) [3h 54m 01s elapsed] ...   snr=+0.0dB [ber_drl]  snr=+2.0dB [ber_drl]  snr=+4.0dB [ber_drl]  snr=+6.0dB [ber_drl]  snr=+8.0dB [ber_drl]  snr=+10.0dB [ber_drl]  snr=+12.0dB [ber_drl]  snr=+14.0dB [ber_drl]  snr=+16.0dB [ber_drl]  snr=+18.0dB [ber_drl]  snr=+20.0dB [ber_drl]Done (7.16s)
Batch 1998/2000 (active points 11/11) [3h 54m 08s elapsed] ...   snr=+0.0dB [ber_drl]  snr=+2.0dB [ber_drl]  snr=+4.0dB [ber_drl]  snr=+6.0dB [ber_drl]  snr=+8.0dB [ber_drl]  snr=+10.0dB [ber_drl]  snr=+12.0dB [ber_drl]  snr=+14.0dB [ber_drl]  snr=+16.0dB [ber_drl]  snr=+18.0dB [ber_drl]  snr=+20.0dB [ber_drl]Done (7.11s)
Batch 1999/2000 (active points 11/11) [3h 54m 15s elapsed] ...   snr=+0.0dB [ber_drl]  snr=+2.0dB [ber_drl]  snr=+4.0dB [ber_drl]  snr=+6.0dB [ber_drl]  snr=+8.0dB [ber_drl]  snr=+10.0dB [ber_drl]  snr=+12.0dB [ber_drl]  snr=+14.0dB [ber_drl]  snr=+16.0dB [ber_drl]  snr=+18.0dB [ber_drl]  snr=+20.0dB [ber_drl]Done (7.16s)
Batch 2000/2000 (active points 11/11) [3h 54m 22s elapsed] ...   snr=+0.0dB [ber_drl]  snr=+2.0dB [ber_drl]  snr=+4.0dB [ber_drl]  snr=+6.0dB [ber_drl]  snr=+8.0dB [ber_drl]  snr=+10.0dB [ber_drl]  snr=+12.0dB [ber_drl]  snr=+14.0dB [ber_drl]  snr=+16.0dB [ber_drl]  snr=+18.0dB [ber_drl]  snr=+20.0dB [ber_drl]Done (7.25s)
[resource_managers] Done in 3h 54m 30s

Simulation complete. Total time: 3h 54m 31s
Wall-clock time (incl. setup): 3h 54m 31s
