stage,method,metric,ebno_db,value
estimators,ls,ber,-5.0,0.28729502360026044
estimators,ls,ber,-4.5,0.2711353302001953
estimators,ls,ber,-4.0,0.2520332336425781
estimators,ls,ber,-3.5,0.23460261027018228
estimators,ls,ber,-3.0,0.20721054077148438
estimators,ls,ber,-2.5,0.17173976524203433
estimators,ls,ber,-2.0,0.1239347912016369
estimators,ls,ber,-1.5,0.09300514503761574
estimators,ls,ber,-1.0,0.057027963491586536
estimators,ls,ber,-0.5,0.03545470156912076
estimators,ls,ber,0.0,0.022391151783714158
estimators,ls,ber,0.5,0.014632940292358398
estimators,ls,ber,1.0,0.011430660883585611
estimators,ls,ber,1.5,0.006412665049235026
estimators,ls,ber,2.0,0.003383080164591471
estimators,ls,ber,2.5,0.0030139287312825522
estimators,ls,ber,3.0,0.0020956993103027344
estimators,ls,ber,3.5,0.0012785593668619792
estimators,ls,ber,4.0,0.0008204778035481771
estimators,ls,ber,4.5,0.0009857018788655598
estimators,ls,ber,5.0,0.0007364749908447266
estimators,ls,ber,5.5,0.0006067752838134766
estimators,ls,ber,6.0,0.0005857944488525391
estimators,ls,ber,6.5,0.00046102205912272137
estimators,ls,ber,7.0,0.00032941500345865887
estimators,ls,ber,7.5,0.00032202402750651043
estimators,ls,ber,8.0,0.00023635228474934897
estimators,ls,ber,8.5,0.0003566741943359375
estimators,ls,ber,9.0,0.0005127588907877604
estimators,ls,ber,9.5,0.00030604998270670575
estimators,ls,ber,10.0,0.0001239776611328125
estimators,ls,ber_upper_confidence,-5.0,0.2878888616089241
estimators,ls,ber_upper_confidence,-4.5,0.2717187632751807
estimators,ls,ber_upper_confidence,-4.0,0.2526031047745663
estimators,ls,ber_upper_confidence,-3.5,0.23515883199295048
estimators,ls,ber_upper_confidence,-3.0,0.20774262161195886
estimators,ls,ber_upper_confidence,-2.5,0.17222018032992994
estimators,ls,ber_upper_confidence,-2.0,0.12431250599893844
estimators,ls,ber_upper_confidence,-1.5,0.09329879496215424
estimators,ls,ber_upper_confidence,-1.0,0.057223082442859514
estimators,ls,ber_upper_confidence,-0.5,0.03558122149003015
estimators,ls,ber_upper_confidence,0.0,0.02247177935365987
estimators,ls,ber_upper_confidence,0.5,0.014688725037586968
estimators,ls,ber_upper_confidence,1.0,0.011480057981567022
estimators,ls,ber_upper_confidence,1.5,0.006449784727027831
estimators,ls,ber_upper_confidence,2.0,0.0034101122313573195
estimators,ls,ber_upper_confidence,2.5,0.0030394541846013104
estimators,ls,ber_upper_confidence,3.0,0.0021170119943055205
estimators,ls,ber_upper_confidence,3.5,0.0012952368238486139
estimators,ls,ber_upper_confidence,4.0,0.0008338623206110301
estimators,ls,ber_upper_confidence,4.5,0.001000360652671693
estimators,ls,ber_upper_confidence,5.0,0.0007491620752653668
estimators,ls,ber_upper_confidence,5.5,0.000618301922271771
estimators,ls,ber_upper_confidence,6.0,0.000597122065287202
estimators,ls,ber_upper_confidence,6.5,0.0004710840415516393
estimators,ls,ber_upper_confidence,7.0,0.0003379377910111985
estimators,ls,ber_upper_confidence,7.5,0.000330451921203659
estimators,ls,ber_upper_confidence,8.0,0.00024358851166357586
estimators,ls,ber_upper_confidence,8.5,0.0003655380687358576
estimators,ls,ber_upper_confidence,9.0,0.00052336424121799
estimators,ls,ber_upper_confidence,9.5,0.00031426898660274875
estimators,ls,ber_upper_confidence,10.0,0.00012924901572841736
estimators,ls,latency_ms,-5.0,742.1857145833543
estimators,ls,latency_ms,-4.5,708.8821520833387
estimators,ls,latency_ms,-4.0,743.5206583333808
estimators,ls,latency_ms,-3.5,716.5487583333085
estimators,ls,latency_ms,-3.0,711.3667020833726
estimators,ls,latency_ms,-2.5,688.4447303921187
estimators,ls,latency_ms,-2.0,707.1877071429161
estimators,ls,latency_ms,-1.5,697.832061111167
estimators,ls,latency_ms,-1.0,760.0018217948434
estimators,ls,latency_ms,-0.5,793.0681070620109
estimators,ls,latency_ms,0.0,795.4885854840401
estimators,ls,latency_ms,0.5,855.3687309896552
estimators,ls,latency_ms,1.0,856.1078388020147
estimators,ls,latency_ms,1.5,865.6140692709808
estimators,ls,latency_ms,2.0,866.9038856771341
estimators,ls,latency_ms,2.5,855.6870091148774
estimators,ls,latency_ms,3.0,861.2819317707721
estimators,ls,latency_ms,3.5,870.3819661459797
estimators,ls,latency_ms,4.0,862.221416927044
estimators,ls,latency_ms,4.5,860.4443716145327
estimators,ls,latency_ms,5.0,862.999252864257
estimators,ls,latency_ms,5.5,864.5230606770489
estimators,ls,latency_ms,6.0,869.7331106772328
estimators,ls,latency_ms,6.5,863.3911450518527
estimators,ls,latency_ms,7.0,867.8859567706093
estimators,ls,latency_ms,7.5,865.5925645836784
estimators,ls,latency_ms,8.0,868.0806739583406
estimators,ls,latency_ms,8.5,870.2033567708307
estimators,ls,latency_ms,9.0,873.1179114582677
estimators,ls,latency_ms,9.5,874.1952473957326
estimators,ls,latency_ms,10.0,852.4738270833483
estimators,ls,throughput_bits_per_batch,-5.0,70061.75
estimators,ls,throughput_bits_per_batch,-4.5,71650.3125
estimators,ls,throughput_bits_per_batch,-4.0,73528.125
estimators,ls,throughput_bits_per_batch,-3.5,75241.625
estimators,ls,throughput_bits_per_batch,-3.0,77934.375
estimators,ls,throughput_bits_per_batch,-2.5,81421.29411764706
estimators,ls,throughput_bits_per_batch,-2.0,86120.71428571429
estimators,ls,throughput_bits_per_batch,-1.5,89161.22222222222
estimators,ls,throughput_bits_per_batch,-1.0,92697.92307692308
estimators,ls,throughput_bits_per_batch,-0.5,94818.66101694915
estimators,ls,throughput_bits_per_batch,0.0,96102.86021505376
estimators,ls,throughput_bits_per_batch,0.5,96865.5234375
estimators,ls,throughput_bits_per_batch,1.0,97180.3203125
estimators,ls,throughput_bits_per_batch,1.5,97673.609375
estimators,ls,throughput_bits_per_batch,2.0,97971.4296875
estimators,ls,throughput_bits_per_batch,2.5,98007.71875
estimators,ls,throughput_bits_per_batch,3.0,98097.984375
estimators,ls,throughput_bits_per_batch,3.5,98178.3125
estimators,ls,throughput_bits_per_batch,4.0,98223.34375
estimators,ls,throughput_bits_per_batch,4.5,98207.1015625
estimators,ls,throughput_bits_per_batch,5.0,98231.6015625
estimators,ls,throughput_bits_per_batch,5.5,98244.3515625
estimators,ls,throughput_bits_per_batch,6.0,98246.4140625
estimators,ls,throughput_bits_per_batch,6.5,98258.6796875
estimators,ls,throughput_bits_per_batch,7.0,98271.6171875
estimators,ls,throughput_bits_per_batch,7.5,98272.34375
estimators,ls,throughput_bits_per_batch,8.0,98280.765625
estimators,ls,throughput_bits_per_batch,8.5,98268.9375
estimators,ls,throughput_bits_per_batch,9.0,98253.59375
estimators,ls,throughput_bits_per_batch,9.5,98273.9140625
estimators,ls,throughput_bits_per_batch,10.0,98291.8125
estimators,ls,energy_joules_per_batch,-5.0,0.00018645100000000002
estimators,ls,energy_joules_per_batch,-4.5,0.00018645100000000005
estimators,ls,energy_joules_per_batch,-4.0,0.00018645100000000005
estimators,ls,energy_joules_per_batch,-3.5,0.00018645100000000005
estimators,ls,energy_joules_per_batch,-3.0,0.00018645100000000008
estimators,ls,energy_joules_per_batch,-2.5,0.00018645099999999997
estimators,ls,energy_joules_per_batch,-2.0,0.00018645100000000002
estimators,ls,energy_joules_per_batch,-1.5,0.00018645099999999997
estimators,ls,energy_joules_per_batch,-1.0,0.00018645099999999994
estimators,ls,energy_joules_per_batch,-0.5,0.0001864510000000001
estimators,ls,energy_joules_per_batch,0.0,0.00018645100000000035
estimators,ls,energy_joules_per_batch,0.5,0.0001864510000000004
estimators,ls,energy_joules_per_batch,1.0,0.00018645100000000043
estimators,ls,energy_joules_per_batch,1.5,0.00018645100000000043
estimators,ls,energy_joules_per_batch,2.0,0.00018645100000000043
estimators,ls,energy_joules_per_batch,2.5,0.00018645100000000043
estimators,ls,energy_joules_per_batch,3.0,0.00018645100000000043
estimators,ls,energy_joules_per_batch,3.5,0.00018645100000000043
estimators,ls,energy_joules_per_batch,4.0,0.00018645100000000043
estimators,ls,energy_joules_per_batch,4.5,0.00018645100000000043
estimators,ls,energy_joules_per_batch,5.0,0.00018645100000000043
estimators,ls,energy_joules_per_batch,5.5,0.00018645100000000043
estimators,ls,energy_joules_per_batch,6.0,0.00018645100000000043
estimators,ls,energy_joules_per_batch,6.5,0.00018645100000000043
estimators,ls,energy_joules_per_batch,7.0,0.00018645100000000043
estimators,ls,energy_joules_per_batch,7.5,0.00018645100000000043
estimators,ls,energy_joules_per_batch,8.0,0.00018645100000000043
estimators,ls,energy_joules_per_batch,8.5,0.00018645100000000043
estimators,ls,energy_joules_per_batch,9.0,0.00018645100000000043
estimators,ls,energy_joules_per_batch,9.5,0.00018645100000000043
estimators,ls,energy_joules_per_batch,10.0,0.00018645100000000043
estimators,ls,avg_power_w,-5.0,0.00025121879380913344
estimators,ls,avg_power_w,-4.5,0.000263021151614606
estimators,ls,avg_power_w,-4.0,0.000250767746545112
estimators,ls,avg_power_w,-3.5,0.0002602069961487127
estimators,ls,avg_power_w,-3.0,0.0002621025126055843
estimators,ls,avg_power_w,-2.5,0.00027082929357858944
estimators,ls,avg_power_w,-2.0,0.0002636513589203552
estimators,ls,avg_power_w,-1.5,0.0002671860615047002
estimators,ls,avg_power_w,-1.0,0.00024532967507850386
estimators,ls,avg_power_w,-0.5,0.0002351008675543944
estimators,ls,avg_power_w,0.0,0.00023438551275572152
estimators,ls,avg_power_w,0.5,0.00021797733918128853
estimators,ls,avg_power_w,1.0,0.00021778915172755413
estimators,ls,avg_power_w,1.5,0.00021539737698236496
estimators,ls,avg_power_w,2.0,0.00021507689962003634
estimators,ls,avg_power_w,2.5,0.00021789626114911495
estimators,ls,avg_power_w,3.0,0.000216480798124561
estimators,ls,avg_power_w,3.5,0.00021421744389488997
estimators,ls,avg_power_w,4.0,0.0002162449184624891
estimators,ls,avg_power_w,4.5,0.0002166915214404214
estimators,ls,avg_power_w,5.0,0.0002160500132313877
estimators,ls,avg_power_w,5.5,0.00021566920361150557
estimators,ls,avg_power_w,6.0,0.0002143772586222653
estimators,ls,avg_power_w,6.5,0.00021595194839391446
estimators,ls,avg_power_w,7.0,0.0002148335257016738
estimators,ls,avg_power_w,7.5,0.0002154027282913148
estimators,ls,avg_power_w,8.0,0.00021478533688557643
estimators,ls,avg_power_w,8.5,0.00021426141205877072
estimators,ls,avg_power_w,9.0,0.0002135461860913985
estimators,ls,avg_power_w,9.5,0.0002132830172154864
estimators,ls,avg_power_w,10.0,0.0002187175653684564
estimators,ls,runtime_sec,-5.0,12.521370399999824
estimators,ls,runtime_sec,-4.5,11.93843520000064
estimators,ls,runtime_sec,-4.0,12.511528899999234
estimators,ls,runtime_sec,-3.5,12.070098599999085
estimators,ls,runtime_sec,-3.0,11.98104109999926
estimators,ls,runtime_sec,-2.5,12.336283200000224
estimators,ls,runtime_sec,-2.0,15.642675699998563
estimators,ls,runtime_sec,-1.5,19.842515900000365
estimators,ls,runtime_sec,-1.0,31.202950899997234
estimators,ls,runtime_sec,-0.5,49.2491180999931
estimators,ls,runtime_sec,0.0,77.91909069998675
estimators,ls,runtime_sec,0.5,115.30845970000468
estimators,ls,runtime_sec,1.0,115.43419729999616
estimators,ls,runtime_sec,1.5,116.74226910000172
estimators,ls,runtime_sec,2.0,116.81504860000183
estimators,ls,runtime_sec,2.5,115.33457239999484
estimators,ls,runtime_sec,3.0,116.09171460000681
estimators,ls,runtime_sec,3.5,117.31874219997803
estimators,ls,runtime_sec,4.0,116.2533380000034
estimators,ls,runtime_sec,4.5,116.05268210000662
estimators,ls,runtime_sec,5.0,116.3735090000016
estimators,ls,runtime_sec,5.5,116.61541320001288
estimators,ls,runtime_sec,6.0,117.24628319998232
estimators,ls,runtime_sec,6.5,116.37813419999105
estimators,ls,runtime_sec,7.0,116.98545629999796
estimators,ls,runtime_sec,7.5,116.76420260000532
estimators,ls,runtime_sec,8.0,117.05722809996678
estimators,ls,runtime_sec,8.5,117.33177899998401
estimators,ls,runtime_sec,9.0,117.68684979998687
estimators,ls,runtime_sec,9.5,117.83608259999164
estimators,ls,runtime_sec,10.0,114.98434569999262
estimators,ls,bit_errors,-5.0,451876.0
estimators,ls,bit_errors,-4.5,426459.0
estimators,ls,bit_errors,-4.0,396414.0
estimators,ls,bit_errors,-3.5,368998.0
estimators,ls,bit_errors,-3.0,325914.0
estimators,ls,bit_errors,-2.5,287006.0
estimators,ls,bit_errors,-2.0,255849.0
estimators,ls,bit_errors,-1.5,246855.0
estimators,ls,bit_errors,-1.0,218637.0
estimators,ls,bit_errors,-0.5,205635.0
estimators,ls,bit_errors,0.0,204706.0
estimators,ls,bit_errors,0.5,184125.0
estimators,ls,bit_errors,1.0,143831.0
estimators,ls,bit_errors,1.5,80690.0
estimators,ls,bit_errors,2.0,42569.0
estimators,ls,bit_errors,2.5,37924.0
estimators,ls,bit_errors,3.0,26370.0
estimators,ls,bit_errors,3.5,16088.0
estimators,ls,bit_errors,4.0,10324.0
estimators,ls,bit_errors,4.5,12403.0
estimators,ls,bit_errors,5.0,9267.0
estimators,ls,bit_errors,5.5,7635.0
estimators,ls,bit_errors,6.0,7371.0
estimators,ls,bit_errors,6.5,5801.0
estimators,ls,bit_errors,7.0,4145.0
estimators,ls,bit_errors,7.5,4052.0
estimators,ls,bit_errors,8.0,2974.0
estimators,ls,bit_errors,8.5,4488.0
estimators,ls,bit_errors,9.0,6452.0
estimators,ls,bit_errors,9.5,3851.0
estimators,ls,bit_errors,10.0,1560.0
estimators,ls,total_bits,-5.0,1572864.0
estimators,ls,total_bits,-4.5,1572864.0
estimators,ls,total_bits,-4.0,1572864.0
estimators,ls,total_bits,-3.5,1572864.0
estimators,ls,total_bits,-3.0,1572864.0
estimators,ls,total_bits,-2.5,1671168.0
estimators,ls,total_bits,-2.0,2064384.0
estimators,ls,total_bits,-1.5,2654208.0
estimators,ls,total_bits,-1.0,3833856.0
estimators,ls,total_bits,-0.5,5799936.0
estimators,ls,total_bits,0.0,9142272.0
estimators,ls,total_bits,0.5,12582912.0
estimators,ls,total_bits,1.0,12582912.0
estimators,ls,total_bits,1.5,12582912.0
estimators,ls,total_bits,2.0,12582912.0
estimators,ls,total_bits,2.5,12582912.0
estimators,ls,total_bits,3.0,12582912.0
estimators,ls,total_bits,3.5,12582912.0
estimators,ls,total_bits,4.0,12582912.0
estimators,ls,total_bits,4.5,12582912.0
estimators,ls,total_bits,5.0,12582912.0
estimators,ls,total_bits,5.5,12582912.0
estimators,ls,total_bits,6.0,12582912.0
estimators,ls,total_bits,6.5,12582912.0
estimators,ls,total_bits,7.0,12582912.0
estimators,ls,total_bits,7.5,12582912.0
estimators,ls,total_bits,8.0,12582912.0
estimators,ls,total_bits,8.5,12582912.0
estimators,ls,total_bits,9.0,12582912.0
estimators,ls,total_bits,9.5,12582912.0
estimators,ls,total_bits,10.0,12582912.0
estimators,ls,block_errors,-5.0,1024.0
estimators,ls,block_errors,-4.5,1024.0
estimators,ls,block_errors,-4.0,1024.0
estimators,ls,block_errors,-3.5,1024.0
estimators,ls,block_errors,-3.0,1021.0
estimators,ls,block_errors,-2.5,1022.0
estimators,ls,block_errors,-2.0,1012.0
estimators,ls,block_errors,-1.5,1041.0
estimators,ls,block_errors,-1.0,1002.0
estimators,ls,block_errors,-0.5,1003.0
estimators,ls,block_errors,0.0,1001.0
estimators,ls,block_errors,0.5,874.0
estimators,ls,block_errors,1.0,668.0
estimators,ls,block_errors,1.5,372.0
estimators,ls,block_errors,2.0,211.0
estimators,ls,block_errors,2.5,169.0
estimators,ls,block_errors,3.0,110.0
estimators,ls,block_errors,3.5,67.0
estimators,ls,block_errors,4.0,40.0
estimators,ls,block_errors,4.5,47.0
estimators,ls,block_errors,5.0,29.0
estimators,ls,block_errors,5.5,26.0
estimators,ls,block_errors,6.0,25.0
estimators,ls,block_errors,6.5,18.0
estimators,ls,block_errors,7.0,14.0
estimators,ls,block_errors,7.5,12.0
estimators,ls,block_errors,8.0,9.0
estimators,ls,block_errors,8.5,13.0
estimators,ls,block_errors,9.0,19.0
estimators,ls,block_errors,9.5,12.0
estimators,ls,block_errors,10.0,5.0
estimators,ls,total_blocks,-5.0,1024.0
estimators,ls,total_blocks,-4.5,1024.0
estimators,ls,total_blocks,-4.0,1024.0
estimators,ls,total_blocks,-3.5,1024.0
estimators,ls,total_blocks,-3.0,1024.0
estimators,ls,total_blocks,-2.5,1088.0
estimators,ls,total_blocks,-2.0,1344.0
estimators,ls,total_blocks,-1.5,1728.0
estimators,ls,total_blocks,-1.0,2496.0
estimators,ls,total_blocks,-0.5,3776.0
estimators,ls,total_blocks,0.0,5952.0
estimators,ls,total_blocks,0.5,8192.0
estimators,ls,total_blocks,1.0,8192.0
estimators,ls,total_blocks,1.5,8192.0
estimators,ls,total_blocks,2.0,8192.0
estimators,ls,total_blocks,2.5,8192.0
estimators,ls,total_blocks,3.0,8192.0
estimators,ls,total_blocks,3.5,8192.0
estimators,ls,total_blocks,4.0,8192.0
estimators,ls,total_blocks,4.5,8192.0
estimators,ls,total_blocks,5.0,8192.0
estimators,ls,total_blocks,5.5,8192.0
estimators,ls,total_blocks,6.0,8192.0
estimators,ls,total_blocks,6.5,8192.0
estimators,ls,total_blocks,7.0,8192.0
estimators,ls,total_blocks,7.5,8192.0
estimators,ls,total_blocks,8.0,8192.0
estimators,ls,total_blocks,8.5,8192.0
estimators,ls,total_blocks,9.0,8192.0
estimators,ls,total_blocks,9.5,8192.0
estimators,ls,total_blocks,10.0,8192.0
estimators,ls,num_batches,-5.0,16.0
estimators,ls,num_batches,-4.5,16.0
estimators,ls,num_batches,-4.0,16.0
estimators,ls,num_batches,-3.5,16.0
estimators,ls,num_batches,-3.0,16.0
estimators,ls,num_batches,-2.5,17.0
estimators,ls,num_batches,-2.0,21.0
estimators,ls,num_batches,-1.5,27.0
estimators,ls,num_batches,-1.0,39.0
estimators,ls,num_batches,-0.5,59.0
estimators,ls,num_batches,0.0,93.0
estimators,ls,num_batches,0.5,128.0
estimators,ls,num_batches,1.0,128.0
estimators,ls,num_batches,1.5,128.0
estimators,ls,num_batches,2.0,128.0
estimators,ls,num_batches,2.5,128.0
estimators,ls,num_batches,3.0,128.0
estimators,ls,num_batches,3.5,128.0
estimators,ls,num_batches,4.0,128.0
estimators,ls,num_batches,4.5,128.0
estimators,ls,num_batches,5.0,128.0
estimators,ls,num_batches,5.5,128.0
estimators,ls,num_batches,6.0,128.0
estimators,ls,num_batches,6.5,128.0
estimators,ls,num_batches,7.0,128.0
estimators,ls,num_batches,7.5,128.0
estimators,ls,num_batches,8.0,128.0
estimators,ls,num_batches,8.5,128.0
estimators,ls,num_batches,9.0,128.0
estimators,ls,num_batches,9.5,128.0
estimators,ls,num_batches,10.0,128.0
estimators,ls,stop_reason,-5.0,target_block_errors
estimators,ls,stop_reason,-4.5,target_block_errors
estimators,ls,stop_reason,-4.0,target_block_errors
estimators,ls,stop_reason,-3.5,target_block_errors
estimators,ls,stop_reason,-3.0,target_block_errors
estimators,ls,stop_reason,-2.5,target_block_errors
estimators,ls,stop_reason,-2.0,target_block_errors
estimators,ls,stop_reason,-1.5,target_block_errors
estimators,ls,stop_reason,-1.0,target_block_errors
estimators,ls,stop_reason,-0.5,target_block_errors
estimators,ls,stop_reason,0.0,target_block_errors
estimators,ls,stop_reason,0.5,max_batches
estimators,ls,stop_reason,1.0,max_batches
estimators,ls,stop_reason,1.5,max_batches
estimators,ls,stop_reason,2.0,max_batches
estimators,ls,stop_reason,2.5,max_batches
estimators,ls,stop_reason,3.0,max_batches
estimators,ls,stop_reason,3.5,max_batches
estimators,ls,stop_reason,4.0,max_batches
estimators,ls,stop_reason,4.5,max_batches
estimators,ls,stop_reason,5.0,max_batches
estimators,ls,stop_reason,5.5,max_batches
estimators,ls,stop_reason,6.0,max_batches
estimators,ls,stop_reason,6.5,max_batches
estimators,ls,stop_reason,7.0,max_batches
estimators,ls,stop_reason,7.5,max_batches
estimators,ls,stop_reason,8.0,max_batches
estimators,ls,stop_reason,8.5,max_batches
estimators,ls,stop_reason,9.0,max_batches
estimators,ls,stop_reason,9.5,max_batches
estimators,ls,stop_reason,10.0,max_batches
estimators,ls,point_status,-5.0,resolved
estimators,ls,point_status,-4.5,resolved
estimators,ls,point_status,-4.0,resolved
estimators,ls,point_status,-3.5,resolved
estimators,ls,point_status,-3.0,resolved
estimators,ls,point_status,-2.5,resolved
estimators,ls,point_status,-2.0,resolved
estimators,ls,point_status,-1.5,resolved
estimators,ls,point_status,-1.0,resolved
estimators,ls,point_status,-0.5,resolved
estimators,ls,point_status,0.0,resolved
estimators,ls,point_status,0.5,resolved
estimators,ls,point_status,1.0,resolved
estimators,ls,point_status,1.5,resolved
estimators,ls,point_status,2.0,resolved
estimators,ls,point_status,2.5,resolved
estimators,ls,point_status,3.0,resolved
estimators,ls,point_status,3.5,resolved
estimators,ls,point_status,4.0,resolved
estimators,ls,point_status,4.5,resolved
estimators,ls,point_status,5.0,resolved
estimators,ls,point_status,5.5,resolved
estimators,ls,point_status,6.0,resolved
estimators,ls,point_status,6.5,resolved
estimators,ls,point_status,7.0,resolved
estimators,ls,point_status,7.5,resolved
estimators,ls,point_status,8.0,resolved
estimators,ls,point_status,8.5,resolved
estimators,ls,point_status,9.0,resolved
estimators,ls,point_status,9.5,resolved
estimators,ls,point_status,10.0,resolved
estimators,ls,runtime_total_sec,,2597.8254163998813
estimators,dft,ber,-5.0,0.24774551391601562
estimators,dft,ber,-4.5,0.22887166341145834
estimators,dft,ber,-4.0,0.20213635762532553
estimators,dft,ber,-3.5,0.16832252785011573
estimators,dft,ber,-3.0,0.12715657552083334
estimators,dft,ber,-2.5,0.08708699544270833
estimators,dft,ber,-2.0,0.05573385076005329
estimators,dft,ber,-1.5,0.04004173948053728
estimators,dft,ber,-1.0,0.022444356282552085
estimators,dft,ber,-0.5,0.013698339462280273
estimators,dft,ber,0.0,0.008701721827189127
estimators,dft,ber,0.5,0.0056972503662109375
estimators,dft,ber,1.0,0.004594643910725911
estimators,dft,ber,1.5,0.002417405446370443
estimators,dft,ber,2.0,0.0012688636779785156
estimators,dft,ber,2.5,0.001095136006673177
estimators,dft,ber,3.0,0.000847021738688151
estimators,dft,ber,3.5,0.00040141741434733075
estimators,dft,ber,4.0,0.00030732154846191406
estimators,dft,ber,4.5,0.0003096262613932292
estimators,dft,ber,5.0,0.00018676122029622397
estimators,dft,ber,5.5,0.00012350082397460938
estimators,dft,ber,6.0,0.00010728836059570312
estimators,dft,ber,6.5,0.00014821688334147135
estimators,dft,ber,7.0,6.000200907389323e-05
estimators,dft,ber,7.5,1.5894571940104166e-07
estimators,dft,ber,8.0,0.0
estimators,dft,ber,8.5,2.1537144978841145e-05
estimators,dft,ber,9.0,0.00016419092814127603
estimators,dft,ber,9.5,4.657109578450521e-05
estimators,dft,ber,10.0,0.0
estimators,dft,ber_upper_confidence,-5.0,0.248312143724224
estimators,dft,ber_upper_confidence,-4.5,0.229423116084329
estimators,dft,ber_upper_confidence,-4.0,0.20266357573931018
estimators,dft,ber_upper_confidence,-3.5,0.16878568644013484
estimators,dft,ber_upper_confidence,-3.0,0.1275384544856359
estimators,dft,ber_upper_confidence,-2.5,0.08736694792654415
estimators,dft,ber_upper_confidence,-2.0,0.05591766827725372
estimators,dft,ber_upper_confidence,-1.5,0.040178196146858296
estimators,dft,ber_upper_confidence,-1.0,0.022522195861791314
estimators,dft,ber_upper_confidence,-0.5,0.013752342477504046
estimators,dft,ber_upper_confidence,0.0,0.008744894275420955
estimators,dft,ber_upper_confidence,0.5,0.005732257066893072
estimators,dft,ber_upper_confidence,1.0,0.004626109636975805
estimators,dft,ber_upper_confidence,1.5,0.0024402838808970763
estimators,dft,ber_upper_confidence,2.0,0.001285478271842999
estimators,dft,ber_upper_confidence,2.5,0.0011105803832601154
estimators,dft,ber_upper_confidence,3.0,0.0008606191179214582
estimators,dft,ber_upper_confidence,3.5,0.0004108139998362499
estimators,dft,ber_upper_confidence,4.0,0.0003155573773105667
estimators,dft,ber_upper_confidence,4.5,0.00031789249692286496
estimators,dft,ber_upper_confidence,5.0,0.00019320595392228858
estimators,dft,ber_upper_confidence,5.5,0.00012876224412251226
estimators,dft,ber_upper_confidence,6.0,0.00011219979494783678
estimators,dft,ber_upper_confidence,6.5,0.00015397024454039975
estimators,dft,ber_upper_confidence,7.0,6.370286629766843e-05
estimators,dft,ber_upper_confidence,7.5,4.803097593473491e-07
estimators,dft,ber_upper_confidence,8.0,2.3807941067647855e-07
estimators,dft,ber_upper_confidence,8.5,2.3799252083144632e-05
estimators,dft,ber_upper_confidence,9.0,0.00017024059232314122
estimators,dft,ber_upper_confidence,9.5,4.9844771509003804e-05
estimators,dft,ber_upper_confidence,10.0,2.3807941067647855e-07
estimators,dft,latency_ms,-5.0,716.1257708333525
estimators,dft,latency_ms,-4.5,718.1436145833899
estimators,dft,latency_ms,-4.0,718.3000395834201
estimators,dft,latency_ms,-3.5,707.3949666665569
estimators,dft,latency_ms,-3.0,705.5262261904874
estimators,dft,latency_ms,-2.5,696.5586154762348
estimators,dft,latency_ms,-2.0,792.9935624030572
estimators,dft,latency_ms,-1.5,779.5466991228081
estimators,dft,latency_ms,-1.0,796.4301173333484
estimators,dft,latency_ms,-0.5,849.9147973961243
estimators,dft,latency_ms,0.0,853.3691614583296
estimators,dft,latency_ms,0.5,848.0643192708114
estimators,dft,latency_ms,1.0,858.4065520834127
estimators,dft,latency_ms,1.5,872.6998052082502
estimators,dft,latency_ms,2.0,857.268144270826
estimators,dft,latency_ms,2.5,848.9302013021842
estimators,dft,latency_ms,3.0,857.9379848956361
estimators,dft,latency_ms,3.5,864.0802177081755
estimators,dft,latency_ms,4.0,859.8753591145223
estimators,dft,latency_ms,4.5,856.4651895832714
estimators,dft,latency_ms,5.0,857.9699731773527
estimators,dft,latency_ms,5.5,865.7911153644768
estimators,dft,latency_ms,6.0,861.7496786459187
estimators,dft,latency_ms,6.5,857.4581411457265
estimators,dft,latency_ms,7.0,860.1159356771358
estimators,dft,latency_ms,7.5,861.8561020834408
estimators,dft,latency_ms,8.0,858.7143755209498
estimators,dft,latency_ms,8.5,863.6910927082236
estimators,dft,latency_ms,9.0,871.2911098956422
estimators,dft,latency_ms,9.5,863.1839427084111
estimators,dft,latency_ms,10.0,851.490255989531
estimators,dft,throughput_bits_per_batch,-5.0,73949.625
estimators,dft,throughput_bits_per_batch,-4.5,75805.0
estimators,dft,throughput_bits_per_batch,-4.0,78433.1875
estimators,dft,throughput_bits_per_batch,-3.5,81757.22222222222
estimators,dft,throughput_bits_per_batch,-3.0,85804.0
estimators,dft,throughput_bits_per_batch,-2.5,89743.0
estimators,dft,throughput_bits_per_batch,-2.0,92825.13953488372
estimators,dft,throughput_bits_per_batch,-1.5,94367.73684210527
estimators,dft,throughput_bits_per_batch,-1.0,96097.63
estimators,dft,throughput_bits_per_batch,-0.5,96957.3984375
estimators,dft,throughput_bits_per_batch,0.0,97448.5859375
estimators,dft,throughput_bits_per_batch,0.5,97743.9375
estimators,dft,throughput_bits_per_batch,1.0,97852.328125
estimators,dft,throughput_bits_per_batch,1.5,98066.359375
estimators,dft,throughput_bits_per_batch,2.0,98179.265625
estimators,dft,throughput_bits_per_batch,2.5,98196.34375
estimators,dft,throughput_bits_per_batch,3.0,98220.734375
estimators,dft,throughput_bits_per_batch,3.5,98264.5390625
estimators,dft,throughput_bits_per_batch,4.0,98273.7890625
estimators,dft,throughput_bits_per_batch,4.5,98273.5625
estimators,dft,throughput_bits_per_batch,5.0,98285.640625
estimators,dft,throughput_bits_per_batch,5.5,98291.859375
estimators,dft,throughput_bits_per_batch,6.0,98293.453125
estimators,dft,throughput_bits_per_batch,6.5,98289.4296875
estimators,dft,throughput_bits_per_batch,7.0,98298.1015625
estimators,dft,throughput_bits_per_batch,7.5,98303.984375
estimators,dft,throughput_bits_per_batch,8.0,98304.0
estimators,dft,throughput_bits_per_batch,8.5,98301.8828125
estimators,dft,throughput_bits_per_batch,9.0,98287.859375
estimators,dft,throughput_bits_per_batch,9.5,98299.421875
estimators,dft,throughput_bits_per_batch,10.0,98304.0
estimators,dft,energy_joules_per_batch,-5.0,0.00018645100000000008
estimators,dft,energy_joules_per_batch,-4.5,0.0001864510000000001
estimators,dft,energy_joules_per_batch,-4.0,0.00018645100000000008
estimators,dft,energy_joules_per_batch,-3.5,0.00018645100000000008
estimators,dft,energy_joules_per_batch,-3.0,0.00018645100000000002
estimators,dft,energy_joules_per_batch,-2.5,0.00018645099999999994
estimators,dft,energy_joules_per_batch,-2.0,0.000186451
estimators,dft,energy_joules_per_batch,-1.5,0.00018645100000000016
estimators,dft,energy_joules_per_batch,-1.0,0.00018645100000000035
estimators,dft,energy_joules_per_batch,-0.5,0.00018645100000000043
estimators,dft,energy_joules_per_batch,0.0,0.00018645100000000043
estimators,dft,energy_joules_per_batch,0.5,0.00018645100000000043
estimators,dft,energy_joules_per_batch,1.0,0.00018645100000000043
estimators,dft,energy_joules_per_batch,1.5,0.00018645100000000043
estimators,dft,energy_joules_per_batch,2.0,0.00018645100000000043
estimators,dft,energy_joules_per_batch,2.5,0.00018645100000000043
estimators,dft,energy_joules_per_batch,3.0,0.00018645100000000043
estimators,dft,energy_joules_per_batch,3.5,0.00018645100000000043
estimators,dft,energy_joules_per_batch,4.0,0.00018645100000000043
estimators,dft,energy_joules_per_batch,4.5,0.00018645100000000043
estimators,dft,energy_joules_per_batch,5.0,0.00018645100000000043
estimators,dft,energy_joules_per_batch,5.5,0.00018645100000000043
estimators,dft,energy_joules_per_batch,6.0,0.00018645100000000043
estimators,dft,energy_joules_per_batch,6.5,0.00018645100000000043
estimators,dft,energy_joules_per_batch,7.0,0.00018645100000000043
estimators,dft,energy_joules_per_batch,7.5,0.00018645100000000043
estimators,dft,energy_joules_per_batch,8.0,0.00018645100000000043
estimators,dft,energy_joules_per_batch,8.5,0.00018645100000000043
estimators,dft,energy_joules_per_batch,9.0,0.00018645100000000043
estimators,dft,energy_joules_per_batch,9.5,0.00018645100000000043
estimators,dft,energy_joules_per_batch,10.0,0.0001864510000000004
estimators,dft,avg_power_w,-5.0,0.0002603606902500211
estimators,dft,avg_power_w,-4.5,0.00025962912739698206
estimators,dft,avg_power_w,-4.0,0.00025957258767260097
estimators,dft,avg_power_w,-3.5,0.00026357411175627864
estimators,dft,avg_power_w,-3.0,0.0002642722454227513
estimators,dft,avg_power_w,-2.5,0.000267674529978391
estimators,dft,avg_power_w,-2.0,0.00023512296800365696
estimators,dft,avg_power_w,-1.5,0.0002391787435054318
estimators,dft,avg_power_w,-1.0,0.00023410842450846277
estimators,dft,avg_power_w,-0.5,0.00021937610754775485
estimators,dft,avg_power_w,0.0,0.0002184880921656142
estimators,dft,avg_power_w,0.5,0.00021985478667504372
estimators,dft,avg_power_w,1.0,0.0002172059376148409
estimators,dft,avg_power_w,1.5,0.00021364849503490848
estimators,dft,avg_power_w,2.0,0.0002174943758800132
estimators,dft,avg_power_w,2.5,0.00021963054172651769
estimators,dft,avg_power_w,3.0,0.00021732456574082248
estimators,dft,avg_power_w,3.5,0.0002157797345419268
estimators,dft,avg_power_w,4.0,0.00021683491452994177
estimators,dft,avg_power_w,4.5,0.00021769828157373395
estimators,dft,avg_power_w,5.0,0.000217316463080298
estimators,dft,avg_power_w,5.5,0.00021535333025623522
estimators,dft,avg_power_w,6.0,0.00021636329507308192
estimators,dft,avg_power_w,6.5,0.00021744618314646424
estimators,dft,avg_power_w,7.0,0.00021677426526601305
estimators,dft,avg_power_w,7.5,0.00021633657817038827
estimators,dft,avg_power_w,8.0,0.00021712807577826748
estimators,dft,avg_power_w,8.5,0.0002158769513476831
estimators,dft,avg_power_w,9.0,0.0002139939199222776
estimators,dft,avg_power_w,9.5,0.0002160037864177285
estimators,dft,avg_power_w,10.0,0.00021897020980389564
estimators,dft,runtime_sec,-5.0,12.15259659999947
estimators,dft,runtime_sec,-4.5,12.152810899999707
estimators,dft,runtime_sec,-4.0,12.156855599999972
estimators,dft,runtime_sec,-3.5,13.47588969999947
estimators,dft,runtime_sec,-3.0,15.69094219999954
estimators,dft,runtime_sec,-2.5,20.62456679999815
estimators,dft,runtime_sec,-2.0,36.02821689999337
estimators,dft,runtime_sec,-1.5,47.008591000001815
estimators,dft,runtime_sec,-1.0,84.24652690002014
estimators,dft,runtime_sec,-0.5,115.06269780000528
estimators,dft,runtime_sec,0.0,115.53643079999202
estimators,dft,runtime_sec,0.5,114.87789269998106
estimators,dft,runtime_sec,1.0,116.26111530000722
estimators,dft,runtime_sec,1.5,118.14767629998022
estimators,dft,runtime_sec,2.0,116.07240779999245
estimators,dft,runtime_sec,2.5,114.97945089999754
estimators,dft,runtime_sec,3.0,116.18403799999055
estimators,dft,runtime_sec,3.5,117.06816530000629
estimators,dft,runtime_sec,4.0,116.4054729999844
estimators,dft,runtime_sec,4.5,115.9681554000282
estimators,dft,runtime_sec,5.0,116.18505229999789
estimators,dft,runtime_sec,5.5,117.27940549997749
estimators,dft,runtime_sec,6.0,116.70786419998751
estimators,dft,runtime_sec,6.5,116.17108679996886
estimators,dft,runtime_sec,7.0,116.47143690000166
estimators,dft,runtime_sec,7.5,116.71848920000764
estimators,dft,runtime_sec,8.0,116.36992879999121
estimators,dft,runtime_sec,8.5,116.9390630000143
estimators,dft,runtime_sec,9.0,117.98135459997599
estimators,dft,runtime_sec,9.5,116.87543920002173
estimators,dft,runtime_sec,10.0,115.27949040001795
estimators,dft,bit_errors,-5.0,389670.0
estimators,dft,bit_errors,-4.5,359984.0
estimators,dft,bit_errors,-4.0,317933.0
estimators,dft,bit_errors,-3.5,297842.0
estimators,dft,bit_errors,-3.0,262500.0
estimators,dft,bit_errors,-2.5,239708.0
estimators,dft,bit_errors,-2.0,235591.0
estimators,dft,bit_errors,-1.5,224367.0
estimators,dft,bit_errors,-1.0,220637.0
estimators,dft,bit_errors,-0.5,172365.0
estimators,dft,bit_errors,0.0,109493.0
estimators,dft,bit_errors,0.5,71688.0
estimators,dft,bit_errors,1.0,57814.0
estimators,dft,bit_errors,1.5,30418.0
estimators,dft,bit_errors,2.0,15966.0
estimators,dft,bit_errors,2.5,13780.0
estimators,dft,bit_errors,3.0,10658.0
estimators,dft,bit_errors,3.5,5051.0
estimators,dft,bit_errors,4.0,3867.0
estimators,dft,bit_errors,4.5,3896.0
estimators,dft,bit_errors,5.0,2350.0
estimators,dft,bit_errors,5.5,1554.0
estimators,dft,bit_errors,6.0,1350.0
estimators,dft,bit_errors,6.5,1865.0
estimators,dft,bit_errors,7.0,755.0
estimators,dft,bit_errors,7.5,2.0
estimators,dft,bit_errors,8.0,0.0
estimators,dft,bit_errors,8.5,271.0
estimators,dft,bit_errors,9.0,2066.0
estimators,dft,bit_errors,9.5,586.0
estimators,dft,bit_errors,10.0,0.0
estimators,dft,total_bits,-5.0,1572864.0
estimators,dft,total_bits,-4.5,1572864.0
estimators,dft,total_bits,-4.0,1572864.0
estimators,dft,total_bits,-3.5,1769472.0
estimators,dft,total_bits,-3.0,2064384.0
estimators,dft,total_bits,-2.5,2752512.0
estimators,dft,total_bits,-2.0,4227072.0
estimators,dft,total_bits,-1.5,5603328.0
estimators,dft,total_bits,-1.0,9830400.0
estimators,dft,total_bits,-0.5,12582912.0
estimators,dft,total_bits,0.0,12582912.0
estimators,dft,total_bits,0.5,12582912.0
estimators,dft,total_bits,1.0,12582912.0
estimators,dft,total_bits,1.5,12582912.0
estimators,dft,total_bits,2.0,12582912.0
estimators,dft,total_bits,2.5,12582912.0
estimators,dft,total_bits,3.0,12582912.0
estimators,dft,total_bits,3.5,12582912.0
estimators,dft,total_bits,4.0,12582912.0
estimators,dft,total_bits,4.5,12582912.0
estimators,dft,total_bits,5.0,12582912.0
estimators,dft,total_bits,5.5,12582912.0
estimators,dft,total_bits,6.0,12582912.0
estimators,dft,total_bits,6.5,12582912.0
estimators,dft,total_bits,7.0,12582912.0
estimators,dft,total_bits,7.5,12582912.0
estimators,dft,total_bits,8.0,12582912.0
estimators,dft,total_bits,8.5,12582912.0
estimators,dft,total_bits,9.0,12582912.0
estimators,dft,total_bits,9.5,12582912.0
estimators,dft,total_bits,10.0,12582912.0
estimators,dft,block_errors,-5.0,1024.0
estimators,dft,block_errors,-4.5,1024.0
estimators,dft,block_errors,-4.0,1004.0
estimators,dft,block_errors,-3.5,1043.0
estimators,dft,block_errors,-3.0,1017.0
estimators,dft,block_errors,-2.5,1012.0
estimators,dft,block_errors,-2.0,1022.0
estimators,dft,block_errors,-1.5,1000.0
estimators,dft,block_errors,-1.0,1002.0
estimators,dft,block_errors,-0.5,790.0
estimators,dft,block_errors,0.0,489.0
estimators,dft,block_errors,0.5,309.0
estimators,dft,block_errors,1.0,264.0
estimators,dft,block_errors,1.5,140.0
estimators,dft,block_errors,2.0,74.0
estimators,dft,block_errors,2.5,55.0
estimators,dft,block_errors,3.0,44.0
estimators,dft,block_errors,3.5,21.0
estimators,dft,block_errors,4.0,16.0
estimators,dft,block_errors,4.5,15.0
estimators,dft,block_errors,5.0,8.0
estimators,dft,block_errors,5.5,5.0
estimators,dft,block_errors,6.0,8.0
estimators,dft,block_errors,6.5,6.0
estimators,dft,block_errors,7.0,2.0
estimators,dft,block_errors,7.5,1.0
estimators,dft,block_errors,8.0,0.0
estimators,dft,block_errors,8.5,1.0
estimators,dft,block_errors,9.0,6.0
estimators,dft,block_errors,9.5,2.0
estimators,dft,block_errors,10.0,0.0
estimators,dft,total_blocks,-5.0,1024.0
estimators,dft,total_blocks,-4.5,1024.0
estimators,dft,total_blocks,-4.0,1024.0
estimators,dft,total_blocks,-3.5,1152.0
estimators,dft,total_blocks,-3.0,1344.0
estimators,dft,total_blocks,-2.5,1792.0
estimators,dft,total_blocks,-2.0,2752.0
estimators,dft,total_blocks,-1.5,3648.0
estimators,dft,total_blocks,-1.0,6400.0
estimators,dft,total_blocks,-0.5,8192.0
estimators,dft,total_blocks,0.0,8192.0
estimators,dft,total_blocks,0.5,8192.0
estimators,dft,total_blocks,1.0,8192.0
estimators,dft,total_blocks,1.5,8192.0
estimators,dft,total_blocks,2.0,8192.0
estimators,dft,total_blocks,2.5,8192.0
estimators,dft,total_blocks,3.0,8192.0
estimators,dft,total_blocks,3.5,8192.0
estimators,dft,total_blocks,4.0,8192.0
estimators,dft,total_blocks,4.5,8192.0
estimators,dft,total_blocks,5.0,8192.0
estimators,dft,total_blocks,5.5,8192.0
estimators,dft,total_blocks,6.0,8192.0
estimators,dft,total_blocks,6.5,8192.0
estimators,dft,total_blocks,7.0,8192.0
estimators,dft,total_blocks,7.5,8192.0
estimators,dft,total_blocks,8.0,8192.0
estimators,dft,total_blocks,8.5,8192.0
estimators,dft,total_blocks,9.0,8192.0
estimators,dft,total_blocks,9.5,8192.0
estimators,dft,total_blocks,10.0,8192.0
estimators,dft,num_batches,-5.0,16.0
estimators,dft,num_batches,-4.5,16.0
estimators,dft,num_batches,-4.0,16.0
estimators,dft,num_batches,-3.5,18.0
estimators,dft,num_batches,-3.0,21.0
estimators,dft,num_batches,-2.5,28.0
estimators,dft,num_batches,-2.0,43.0
estimators,dft,num_batches,-1.5,57.0
estimators,dft,num_batches,-1.0,100.0
estimators,dft,num_batches,-0.5,128.0
estimators,dft,num_batches,0.0,128.0
estimators,dft,num_batches,0.5,128.0
estimators,dft,num_batches,1.0,128.0
estimators,dft,num_batches,1.5,128.0
estimators,dft,num_batches,2.0,128.0
estimators,dft,num_batches,2.5,128.0
estimators,dft,num_batches,3.0,128.0
estimators,dft,num_batches,3.5,128.0
estimators,dft,num_batches,4.0,128.0
estimators,dft,num_batches,4.5,128.0
estimators,dft,num_batches,5.0,128.0
estimators,dft,num_batches,5.5,128.0
estimators,dft,num_batches,6.0,128.0
estimators,dft,num_batches,6.5,128.0
estimators,dft,num_batches,7.0,128.0
estimators,dft,num_batches,7.5,128.0
estimators,dft,num_batches,8.0,128.0
estimators,dft,num_batches,8.5,128.0
estimators,dft,num_batches,9.0,128.0
estimators,dft,num_batches,9.5,128.0
estimators,dft,num_batches,10.0,128.0
estimators,dft,stop_reason,-5.0,target_block_errors
estimators,dft,stop_reason,-4.5,target_block_errors
estimators,dft,stop_reason,-4.0,target_block_errors
estimators,dft,stop_reason,-3.5,target_block_errors
estimators,dft,stop_reason,-3.0,target_block_errors
estimators,dft,stop_reason,-2.5,target_block_errors
estimators,dft,stop_reason,-2.0,target_block_errors
estimators,dft,stop_reason,-1.5,target_block_errors
estimators,dft,stop_reason,-1.0,target_block_errors
estimators,dft,stop_reason,-0.5,max_batches
estimators,dft,stop_reason,0.0,max_batches
estimators,dft,stop_reason,0.5,max_batches
estimators,dft,stop_reason,1.0,max_batches
estimators,dft,stop_reason,1.5,max_batches
estimators,dft,stop_reason,2.0,max_batches
estimators,dft,stop_reason,2.5,max_batches
estimators,dft,stop_reason,3.0,max_batches
estimators,dft,stop_reason,3.5,max_batches
estimators,dft,stop_reason,4.0,max_batches
estimators,dft,stop_reason,4.5,max_batches
estimators,dft,stop_reason,5.0,max_batches
estimators,dft,stop_reason,5.5,max_batches
estimators,dft,stop_reason,6.0,max_batches
estimators,dft,stop_reason,6.5,max_batches
estimators,dft,stop_reason,7.0,max_batches
estimators,dft,stop_reason,7.5,max_batches
estimators,dft,stop_reason,8.0,max_batches
estimators,dft,stop_reason,8.5,max_batches
estimators,dft,stop_reason,9.0,max_batches
estimators,dft,stop_reason,9.5,max_batches
estimators,dft,stop_reason,10.0,max_batches
estimators,dft,point_status,-5.0,resolved
estimators,dft,point_status,-4.5,resolved
estimators,dft,point_status,-4.0,resolved
estimators,dft,point_status,-3.5,resolved
estimators,dft,point_status,-3.0,resolved
estimators,dft,point_status,-2.5,resolved
estimators,dft,point_status,-2.0,resolved
estimators,dft,point_status,-1.5,resolved
estimators,dft,point_status,-1.0,resolved
estimators,dft,point_status,-0.5,resolved
estimators,dft,point_status,0.0,resolved
estimators,dft,point_status,0.5,resolved
estimators,dft,point_status,1.0,resolved
estimators,dft,point_status,1.5,resolved
estimators,dft,point_status,2.0,resolved
estimators,dft,point_status,2.5,resolved
estimators,dft,point_status,3.0,resolved
estimators,dft,point_status,3.5,resolved
estimators,dft,point_status,4.0,resolved
estimators,dft,point_status,4.5,resolved
estimators,dft,point_status,5.0,resolved
estimators,dft,point_status,5.5,resolved
estimators,dft,point_status,6.0,resolved
estimators,dft,point_status,6.5,resolved
estimators,dft,point_status,7.0,resolved
estimators,dft,point_status,7.5,upper_bound_only
estimators,dft,point_status,8.0,upper_bound_only
estimators,dft,point_status,8.5,resolved
estimators,dft,point_status,9.0,resolved
estimators,dft,point_status,9.5,resolved
estimators,dft,point_status,10.0,upper_bound_only
estimators,dft,runtime_total_sec,,2813.0791107999394
estimators,lmmse,ber,-5.0,0.15186082271107457
estimators,lmmse,ber,-4.5,0.11879845821496213
estimators,lmmse,ber,-4.0,0.08479672386532738
estimators,lmmse,ber,-3.5,0.06117509721635698
estimators,lmmse,ber,-3.0,0.045157638250612746
estimators,lmmse,ber,-2.5,0.029284125434027777
estimators,lmmse,ber,-2.0,0.020543939227998444
estimators,lmmse,ber,-1.5,0.01498087247212728
estimators,lmmse,ber,-1.0,0.009668191274007162
estimators,lmmse,ber,-0.5,0.006013790766398112
estimators,lmmse,ber,0.0,0.004802544911702474
estimators,lmmse,ber,0.5,0.0030394395192464194
estimators,lmmse,ber,1.0,0.0027229785919189453
estimators,lmmse,ber,1.5,0.0015834967295328777
estimators,lmmse,ber,2.0,0.0007804234822591146
estimators,lmmse,ber,2.5,0.0009172757466634115
estimators,lmmse,ber,3.0,0.0006077289581298828
estimators,lmmse,ber,3.5,0.0004162788391113281
estimators,lmmse,ber,4.0,0.0001961390177408854
estimators,lmmse,ber,4.5,0.0003495216369628906
estimators,lmmse,ber,5.0,0.00031908353169759113
estimators,lmmse,ber,5.5,0.0002036889394124349
estimators,lmmse,ber,6.0,0.00020686785380045572
estimators,lmmse,ber,6.5,0.00016395250956217447
estimators,lmmse,ber,7.0,0.00011356671651204427
estimators,lmmse,ber,7.5,0.00015616416931152344
estimators,lmmse,ber,8.0,0.0001342296600341797
estimators,lmmse,ber,8.5,0.00017627080281575522
estimators,lmmse,ber,9.0,0.00023134549458821615
estimators,lmmse,ber,9.5,0.00012699762980143228
estimators,lmmse,ber,10.0,1.7484029134114583e-06
estimators,lmmse,ber_upper_confidence,-5.0,0.15229326487006875
estimators,lmmse,ber_upper_confidence,-4.5,0.11916082249363079
estimators,lmmse,ber_upper_confidence,-4.0,0.08507332406708128
estimators,lmmse,ber_upper_confidence,-3.5,0.061382114275338046
estimators,lmmse,ber_upper_confidence,-3.0,0.045310425366718234
estimators,lmmse,ber_upper_confidence,-2.5,0.029386432974841604
estimators,lmmse,ber_upper_confidence,-2.0,0.02061600491463891
estimators,lmmse,ber_upper_confidence,-1.5,0.015037305269177768
estimators,lmmse,ber_upper_confidence,-1.0,0.009713670047398567
estimators,lmmse,ber_upper_confidence,-0.5,0.006049748113928989
estimators,lmmse,ber_upper_confidence,0.0,0.004834708867083505
estimators,lmmse,ber_upper_confidence,0.5,0.003065071987170083
estimators,lmmse,ber_upper_confidence,1.0,0.0027472496304840797
estimators,lmmse,ber_upper_confidence,1.5,0.0016020416691331393
estimators,lmmse,ber_upper_confidence,2.0,0.0007934801496218578
estimators,lmmse,ber_upper_confidence,2.5,0.0009314208887468056
estimators,lmmse,ber_upper_confidence,3.0,0.0006192645604912269
estimators,lmmse,ber_upper_confidence,3.5,0.0004258457191688265
estimators,lmmse,ber_upper_confidence,4.0,0.00020274083136470974
estimators,lmmse,ber_upper_confidence,4.5,0.000358297314086139
estimators,lmmse,ber_upper_confidence,5.0,0.00032747336920477423
estimators,lmmse,ber_upper_confidence,5.5,0.00021041450510222632
estimators,lmmse,ber_upper_confidence,6.0,0.0002136448381381601
estimators,lmmse,ber_upper_confidence,6.5,0.00016999786007680098
estimators,lmmse,ber_upper_confidence,7.0,0.00011861662727707511
estimators,lmmse,ber_upper_confidence,7.5,0.00016206684013222504
estimators,lmmse,ber_upper_confidence,8.0,0.00013971016196894837
estimators,lmmse,ber_upper_confidence,8.5,0.00018253506885315695
estimators,lmmse,ber_upper_confidence,9.0,0.00023850584696085233
estimators,lmmse,ber_upper_confidence,9.5,0.00013233146383480988
estimators,lmmse,ber_upper_confidence,10.0,2.4784014040722e-06
estimators,lmmse,latency_ms,-5.0,726.7856833333293
estimators,lmmse,latency_ms,-4.5,722.0962378787765
estimators,lmmse,latency_ms,-4.0,703.2002583333332
estimators,lmmse,latency_ms,-3.5,763.4602184685069
estimators,lmmse,latency_ms,-3.0,792.8703107842925
estimators,lmmse,latency_ms,-2.5,806.0287246667178
estimators,lmmse,latency_ms,-2.0,816.4634524921886
estimators,lmmse,latency_ms,-1.5,849.3802895834424
estimators,lmmse,latency_ms,-1.0,856.8657848957553
estimators,lmmse,latency_ms,-0.5,850.9388794270031
estimators,lmmse,latency_ms,0.0,855.212048177138
estimators,lmmse,latency_ms,0.5,854.7940153644678
estimators,lmmse,latency_ms,1.0,859.9115872395364
estimators,lmmse,latency_ms,1.5,879.3730700519702
estimators,lmmse,latency_ms,2.0,852.5296013021282
estimators,lmmse,latency_ms,2.5,865.9098286458151
estimators,lmmse,latency_ms,3.0,862.8156489584846
estimators,lmmse,latency_ms,3.5,865.2995106769947
estimators,lmmse,latency_ms,4.0,860.5390419269971
estimators,lmmse,latency_ms,4.5,859.8552513021099
estimators,lmmse,latency_ms,5.0,859.3286083333345
estimators,lmmse,latency_ms,5.5,871.8823059894056
estimators,lmmse,latency_ms,6.0,863.4905934896002
estimators,lmmse,latency_ms,6.5,861.8299981768955
estimators,lmmse,latency_ms,7.0,858.6372177083219
estimators,lmmse,latency_ms,7.5,858.4179442707866
estimators,lmmse,latency_ms,8.0,870.3353591144105
estimators,lmmse,latency_ms,8.5,876.9885567706818
estimators,lmmse,latency_ms,9.0,875.4607427082606
estimators,lmmse,latency_ms,9.5,863.9718544271933
estimators,lmmse,latency_ms,10.0,859.1543786457389
estimators,lmmse,throughput_bits_per_batch,-5.0,83375.47368421052
estimators,lmmse,throughput_bits_per_batch,-4.5,86625.63636363637
estimators,lmmse,throughput_bits_per_batch,-4.0,89968.14285714286
estimators,lmmse,throughput_bits_per_batch,-3.5,92290.24324324324
estimators,lmmse,throughput_bits_per_batch,-3.0,93864.82352941176
estimators,lmmse,throughput_bits_per_batch,-2.5,95425.25333333333
estimators,lmmse,throughput_bits_per_batch,-2.0,96284.44859813084
estimators,lmmse,throughput_bits_per_batch,-1.5,96831.3203125
estimators,lmmse,throughput_bits_per_batch,-1.0,97353.578125
estimators,lmmse,throughput_bits_per_batch,-0.5,97712.8203125
estimators,lmmse,throughput_bits_per_batch,0.0,97831.890625
estimators,lmmse,throughput_bits_per_batch,0.5,98005.2109375
estimators,lmmse,throughput_bits_per_batch,1.0,98036.3203125
estimators,lmmse,throughput_bits_per_batch,1.5,98148.3359375
estimators,lmmse,throughput_bits_per_batch,2.0,98227.28125
estimators,lmmse,throughput_bits_per_batch,2.5,98213.828125
estimators,lmmse,throughput_bits_per_batch,3.0,98244.2578125
estimators,lmmse,throughput_bits_per_batch,3.5,98263.078125
estimators,lmmse,throughput_bits_per_batch,4.0,98284.71875
estimators,lmmse,throughput_bits_per_batch,4.5,98269.640625
estimators,lmmse,throughput_bits_per_batch,5.0,98272.6328125
estimators,lmmse,throughput_bits_per_batch,5.5,98283.9765625
estimators,lmmse,throughput_bits_per_batch,6.0,98283.6640625
estimators,lmmse,throughput_bits_per_batch,6.5,98287.8828125
estimators,lmmse,throughput_bits_per_batch,7.0,98292.8359375
estimators,lmmse,throughput_bits_per_batch,7.5,98288.6484375
estimators,lmmse,throughput_bits_per_batch,8.0,98290.8046875
estimators,lmmse,throughput_bits_per_batch,8.5,98286.671875
estimators,lmmse,throughput_bits_per_batch,9.0,98281.2578125
estimators,lmmse,throughput_bits_per_batch,9.5,98291.515625
estimators,lmmse,throughput_bits_per_batch,10.0,98303.828125
estimators,lmmse,energy_joules_per_batch,-5.0,0.00018645100000000002
estimators,lmmse,energy_joules_per_batch,-4.5,0.00018645100000000005
estimators,lmmse,energy_joules_per_batch,-4.0,0.00018645099999999997
estimators,lmmse,energy_joules_per_batch,-3.5,0.00018645099999999994
estimators,lmmse,energy_joules_per_batch,-3.0,0.0001864510000000001
estimators,lmmse,energy_joules_per_batch,-2.5,0.00018645100000000027
estimators,lmmse,energy_joules_per_batch,-2.0,0.00018645100000000037
estimators,lmmse,energy_joules_per_batch,-1.5,0.00018645100000000043
estimators,lmmse,energy_joules_per_batch,-1.0,0.00018645100000000043
estimators,lmmse,energy_joules_per_batch,-0.5,0.00018645100000000043
estimators,lmmse,energy_joules_per_batch,0.0,0.00018645100000000043
estimators,lmmse,energy_joules_per_batch,0.5,0.00018645100000000043
estimators,lmmse,energy_joules_per_batch,1.0,0.00018645100000000043
estimators,lmmse,energy_joules_per_batch,1.5,0.00018645100000000043
estimators,lmmse,energy_joules_per_batch,2.0,0.00018645100000000043
estimators,lmmse,energy_joules_per_batch,2.5,0.00018645100000000043
estimators,lmmse,energy_joules_per_batch,3.0,0.00018645100000000043
estimators,lmmse,energy_joules_per_batch,3.5,0.00018645100000000043
estimators,lmmse,energy_joules_per_batch,4.0,0.00018645100000000043
estimators,lmmse,energy_joules_per_batch,4.5,0.00018645100000000043
estimators,lmmse,energy_joules_per_batch,5.0,0.00018645100000000043
estimators,lmmse,energy_joules_per_batch,5.5,0.00018645100000000043
estimators,lmmse,energy_joules_per_batch,6.0,0.00018645100000000043
estimators,lmmse,energy_joules_per_batch,6.5,0.00018645100000000043
estimators,lmmse,energy_joules_per_batch,7.0,0.00018645100000000043
estimators,lmmse,energy_joules_per_batch,7.5,0.00018645100000000043
estimators,lmmse,energy_joules_per_batch,8.0,0.00018645100000000043
estimators,lmmse,energy_joules_per_batch,8.5,0.00018645100000000043
estimators,lmmse,energy_joules_per_batch,9.0,0.00018645100000000043
estimators,lmmse,energy_joules_per_batch,9.5,0.00018645100000000043
estimators,lmmse,energy_joules_per_batch,10.0,0.00018645100000000043
estimators,lmmse,avg_power_w,-5.0,0.00025654192738753644
estimators,lmmse,avg_power_w,-4.5,0.0002582079648382006
estimators,lmmse,avg_power_w,-4.0,0.00026514637585872144
estimators,lmmse,avg_power_w,-3.5,0.0002442183567521287
estimators,lmmse,avg_power_w,-3.0,0.0002351595178479646
estimators,lmmse,avg_power_w,-2.5,0.00023132054019178445
estimators,lmmse,avg_power_w,-2.0,0.00022836417163667744
estimators,lmmse,avg_power_w,-1.5,0.00021951415907171655
estimators,lmmse,avg_power_w,-1.0,0.0002175965049446848
estimators,lmmse,avg_power_w,-0.5,0.0002191120943087604
estimators,lmmse,avg_power_w,0.0,0.0002180172746600283
estimators,lmmse,avg_power_w,0.5,0.00021812389493684194
estimators,lmmse,avg_power_w,1.0,0.00021682577926242406
estimators,lmmse,avg_power_w,1.5,0.00021202718885737692
estimators,lmmse,avg_power_w,2.0,0.00021870325642091577
estimators,lmmse,avg_power_w,2.5,0.00021532380604986166
estimators,lmmse,avg_power_w,3.0,0.00021609598785681243
estimators,lmmse,avg_power_w,3.5,0.00021547567946054254
estimators,lmmse,avg_power_w,4.0,0.00021666768259866794
estimators,lmmse,avg_power_w,4.5,0.0002168399852389701
estimators,lmmse,avg_power_w,5.0,0.00021697287648973033
estimators,lmmse,avg_power_w,5.5,0.0002138488173451544
estimators,lmmse,avg_power_w,6.0,0.00021592707715147337
estimators,lmmse,avg_power_w,6.5,0.00021634313077337357
estimators,lmmse,avg_power_w,7.0,0.00021714758707715092
estimators,lmmse,avg_power_w,7.5,0.0002172030550437617
estimators,lmmse,avg_power_w,8.0,0.00021422891538006603
estimators,lmmse,avg_power_w,8.5,0.00021260368628590247
estimators,lmmse,avg_power_w,9.0,0.00021297471251904387
estimators,lmmse,avg_power_w,9.5,0.00021580679861801287
estimators,lmmse,avg_power_w,10.0,0.00021701687686664407
estimators,lmmse,runtime_sec,-5.0,14.778637499999405
estimators,lmmse,runtime_sec,-4.5,17.014601099999823
estimators,lmmse,runtime_sec,-4.0,21.103952199999497
estimators,lmmse,runtime_sec,-3.5,30.25821449999961
estimators,lmmse,runtime_sec,-3.0,43.344837999997964
estimators,lmmse,runtime_sec,-2.5,64.95203160000074
estimators,lmmse,runtime_sec,-2.0,93.6911312999903
estimators,lmmse,runtime_sec,-1.5,116.61189359997707
estimators,lmmse,runtime_sec,-1.0,117.62080670001285
estimators,lmmse,runtime_sec,-0.5,116.88865289998392
estimators,lmmse,runtime_sec,0.0,117.4577083999801
estimators,lmmse,runtime_sec,0.5,117.35960909999906
estimators,lmmse,runtime_sec,1.0,118.0838814000027
estimators,lmmse,runtime_sec,1.5,120.63060580000018
estimators,lmmse,runtime_sec,2.0,117.12277110001628
estimators,lmmse,runtime_sec,2.5,118.80400420001985
estimators,lmmse,runtime_sec,3.0,118.45563620000252
estimators,lmmse,runtime_sec,3.5,118.78242220000726
estimators,lmmse,runtime_sec,4.0,118.19129800001366
estimators,lmmse,runtime_sec,4.5,118.0665848000304
estimators,lmmse,runtime_sec,5.0,117.97626059999345
estimators,lmmse,runtime_sec,5.5,119.69160800002118
estimators,lmmse,runtime_sec,6.0,118.60769430003387
estimators,lmmse,runtime_sec,6.5,118.34876980000001
estimators,lmmse,runtime_sec,7.0,117.93607460000732
estimators,lmmse,runtime_sec,7.5,117.95264350003237
estimators,lmmse,runtime_sec,8.0,119.41871499997825
estimators,lmmse,runtime_sec,8.5,120.38450639998871
estimators,lmmse,runtime_sec,9.0,120.15581199998843
estimators,lmmse,runtime_sec,9.5,118.71192779998415
estimators,lmmse,runtime_sec,10.0,117.96362450000885
estimators,lmmse,bit_errors,-5.0,283642.0
estimators,lmmse,bit_errors,-4.5,256924.0
estimators,lmmse,bit_errors,-4.0,233404.0
estimators,lmmse,bit_errors,-3.5,222509.0
estimators,lmmse,bit_errors,-3.0,226398.0
estimators,lmmse,bit_errors,-2.5,215906.0
estimators,lmmse,bit_errors,-2.0,216092.0
estimators,lmmse,bit_errors,-1.5,188503.0
estimators,lmmse,bit_errors,-1.0,121654.0
estimators,lmmse,bit_errors,-0.5,75671.0
estimators,lmmse,bit_errors,0.0,60430.0
estimators,lmmse,bit_errors,0.5,38245.0
estimators,lmmse,bit_errors,1.0,34263.0
estimators,lmmse,bit_errors,1.5,19925.0
estimators,lmmse,bit_errors,2.0,9820.0
estimators,lmmse,bit_errors,2.5,11542.0
estimators,lmmse,bit_errors,3.0,7647.0
estimators,lmmse,bit_errors,3.5,5238.0
estimators,lmmse,bit_errors,4.0,2468.0
estimators,lmmse,bit_errors,4.5,4398.0
estimators,lmmse,bit_errors,5.0,4015.0
estimators,lmmse,bit_errors,5.5,2563.0
estimators,lmmse,bit_errors,6.0,2603.0
estimators,lmmse,bit_errors,6.5,2063.0
estimators,lmmse,bit_errors,7.0,1429.0
estimators,lmmse,bit_errors,7.5,1965.0
estimators,lmmse,bit_errors,8.0,1689.0
estimators,lmmse,bit_errors,8.5,2218.0
estimators,lmmse,bit_errors,9.0,2911.0
estimators,lmmse,bit_errors,9.5,1598.0
estimators,lmmse,bit_errors,10.0,22.0
estimators,lmmse,total_bits,-5.0,1867776.0
estimators,lmmse,total_bits,-4.5,2162688.0
estimators,lmmse,total_bits,-4.0,2752512.0
estimators,lmmse,total_bits,-3.5,3637248.0
estimators,lmmse,total_bits,-3.0,5013504.0
estimators,lmmse,total_bits,-2.5,7372800.0
estimators,lmmse,total_bits,-2.0,10518528.0
estimators,lmmse,total_bits,-1.5,12582912.0
estimators,lmmse,total_bits,-1.0,12582912.0
estimators,lmmse,total_bits,-0.5,12582912.0
estimators,lmmse,total_bits,0.0,12582912.0
estimators,lmmse,total_bits,0.5,12582912.0
estimators,lmmse,total_bits,1.0,12582912.0
estimators,lmmse,total_bits,1.5,12582912.0
estimators,lmmse,total_bits,2.0,12582912.0
estimators,lmmse,total_bits,2.5,12582912.0
estimators,lmmse,total_bits,3.0,12582912.0
estimators,lmmse,total_bits,3.5,12582912.0
estimators,lmmse,total_bits,4.0,12582912.0
estimators,lmmse,total_bits,4.5,12582912.0
estimators,lmmse,total_bits,5.0,12582912.0
estimators,lmmse,total_bits,5.5,12582912.0
estimators,lmmse,total_bits,6.0,12582912.0
estimators,lmmse,total_bits,6.5,12582912.0
estimators,lmmse,total_bits,7.0,12582912.0
estimators,lmmse,total_bits,7.5,12582912.0
estimators,lmmse,total_bits,8.0,12582912.0
estimators,lmmse,total_bits,8.5,12582912.0
estimators,lmmse,total_bits,9.0,12582912.0
estimators,lmmse,total_bits,9.5,12582912.0
estimators,lmmse,total_bits,10.0,12582912.0
estimators,lmmse,block_errors,-5.0,1038.0
estimators,lmmse,block_errors,-4.5,1017.0
estimators,lmmse,block_errors,-4.0,1002.0
estimators,lmmse,block_errors,-3.5,1023.0
estimators,lmmse,block_errors,-3.0,1018.0
estimators,lmmse,block_errors,-2.5,1004.0
estimators,lmmse,block_errors,-2.0,1004.0
estimators,lmmse,block_errors,-1.5,845.0
estimators,lmmse,block_errors,-1.0,546.0
estimators,lmmse,block_errors,-0.5,342.0
estimators,lmmse,block_errors,0.0,251.0
estimators,lmmse,block_errors,0.5,158.0
estimators,lmmse,block_errors,1.0,137.0
estimators,lmmse,block_errors,1.5,87.0
estimators,lmmse,block_errors,2.0,44.0
estimators,lmmse,block_errors,2.5,38.0
estimators,lmmse,block_errors,3.0,30.0
estimators,lmmse,block_errors,3.5,20.0
estimators,lmmse,block_errors,4.0,13.0
estimators,lmmse,block_errors,4.5,17.0
estimators,lmmse,block_errors,5.0,12.0
estimators,lmmse,block_errors,5.5,9.0
estimators,lmmse,block_errors,6.0,7.0
estimators,lmmse,block_errors,6.5,5.0
estimators,lmmse,block_errors,7.0,3.0
estimators,lmmse,block_errors,7.5,7.0
estimators,lmmse,block_errors,8.0,5.0
estimators,lmmse,block_errors,8.5,6.0
estimators,lmmse,block_errors,9.0,5.0
estimators,lmmse,block_errors,9.5,5.0
estimators,lmmse,block_errors,10.0,2.0
estimators,lmmse,total_blocks,-5.0,1216.0
estimators,lmmse,total_blocks,-4.5,1408.0
estimators,lmmse,total_blocks,-4.0,1792.0
estimators,lmmse,total_blocks,-3.5,2368.0
estimators,lmmse,total_blocks,-3.0,3264.0
estimators,lmmse,total_blocks,-2.5,4800.0
estimators,lmmse,total_blocks,-2.0,6848.0
estimators,lmmse,total_blocks,-1.5,8192.0
estimators,lmmse,total_blocks,-1.0,8192.0
estimators,lmmse,total_blocks,-0.5,8192.0
estimators,lmmse,total_blocks,0.0,8192.0
estimators,lmmse,total_blocks,0.5,8192.0
estimators,lmmse,total_blocks,1.0,8192.0
estimators,lmmse,total_blocks,1.5,8192.0
estimators,lmmse,total_blocks,2.0,8192.0
estimators,lmmse,total_blocks,2.5,8192.0
estimators,lmmse,total_blocks,3.0,8192.0
estimators,lmmse,total_blocks,3.5,8192.0
estimators,lmmse,total_blocks,4.0,8192.0
estimators,lmmse,total_blocks,4.5,8192.0
estimators,lmmse,total_blocks,5.0,8192.0
estimators,lmmse,total_blocks,5.5,8192.0
estimators,lmmse,total_blocks,6.0,8192.0
estimators,lmmse,total_blocks,6.5,8192.0
estimators,lmmse,total_blocks,7.0,8192.0
estimators,lmmse,total_blocks,7.5,8192.0
estimators,lmmse,total_blocks,8.0,8192.0
estimators,lmmse,total_blocks,8.5,8192.0
estimators,lmmse,total_blocks,9.0,8192.0
estimators,lmmse,total_blocks,9.5,8192.0
estimators,lmmse,total_blocks,10.0,8192.0
estimators,lmmse,num_batches,-5.0,19.0
estimators,lmmse,num_batches,-4.5,22.0
estimators,lmmse,num_batches,-4.0,28.0
estimators,lmmse,num_batches,-3.5,37.0
estimators,lmmse,num_batches,-3.0,51.0
estimators,lmmse,num_batches,-2.5,75.0
estimators,lmmse,num_batches,-2.0,107.0
estimators,lmmse,num_batches,-1.5,128.0
estimators,lmmse,num_batches,-1.0,128.0
estimators,lmmse,num_batches,-0.5,128.0
estimators,lmmse,num_batches,0.0,128.0
estimators,lmmse,num_batches,0.5,128.0
estimators,lmmse,num_batches,1.0,128.0
estimators,lmmse,num_batches,1.5,128.0
estimators,lmmse,num_batches,2.0,128.0
estimators,lmmse,num_batches,2.5,128.0
estimators,lmmse,num_batches,3.0,128.0
estimators,lmmse,num_batches,3.5,128.0
estimators,lmmse,num_batches,4.0,128.0
estimators,lmmse,num_batches,4.5,128.0
estimators,lmmse,num_batches,5.0,128.0
estimators,lmmse,num_batches,5.5,128.0
estimators,lmmse,num_batches,6.0,128.0
estimators,lmmse,num_batches,6.5,128.0
estimators,lmmse,num_batches,7.0,128.0
estimators,lmmse,num_batches,7.5,128.0
estimators,lmmse,num_batches,8.0,128.0
estimators,lmmse,num_batches,8.5,128.0
estimators,lmmse,num_batches,9.0,128.0
estimators,lmmse,num_batches,9.5,128.0
estimators,lmmse,num_batches,10.0,128.0
estimators,lmmse,stop_reason,-5.0,target_block_errors
estimators,lmmse,stop_reason,-4.5,target_block_errors
estimators,lmmse,stop_reason,-4.0,target_block_errors
estimators,lmmse,stop_reason,-3.5,target_block_errors
estimators,lmmse,stop_reason,-3.0,target_block_errors
estimators,lmmse,stop_reason,-2.5,target_block_errors
estimators,lmmse,stop_reason,-2.0,target_block_errors
estimators,lmmse,stop_reason,-1.5,max_batches
estimators,lmmse,stop_reason,-1.0,max_batches
estimators,lmmse,stop_reason,-0.5,max_batches
estimators,lmmse,stop_reason,0.0,max_batches
estimators,lmmse,stop_reason,0.5,max_batches
estimators,lmmse,stop_reason,1.0,max_batches
estimators,lmmse,stop_reason,1.5,max_batches
estimators,lmmse,stop_reason,2.0,max_batches
estimators,lmmse,stop_reason,2.5,max_batches
estimators,lmmse,stop_reason,3.0,max_batches
estimators,lmmse,stop_reason,3.5,max_batches
estimators,lmmse,stop_reason,4.0,max_batches
estimators,lmmse,stop_reason,4.5,max_batches
estimators,lmmse,stop_reason,5.0,max_batches
estimators,lmmse,stop_reason,5.5,max_batches
estimators,lmmse,stop_reason,6.0,max_batches
estimators,lmmse,stop_reason,6.5,max_batches
estimators,lmmse,stop_reason,7.0,max_batches
estimators,lmmse,stop_reason,7.5,max_batches
estimators,lmmse,stop_reason,8.0,max_batches
estimators,lmmse,stop_reason,8.5,max_batches
estimators,lmmse,stop_reason,9.0,max_batches
estimators,lmmse,stop_reason,9.5,max_batches
estimators,lmmse,stop_reason,10.0,max_batches
estimators,lmmse,point_status,-5.0,resolved
estimators,lmmse,point_status,-4.5,resolved
estimators,lmmse,point_status,-4.0,resolved
estimators,lmmse,point_status,-3.5,resolved
estimators,lmmse,point_status,-3.0,resolved
estimators,lmmse,point_status,-2.5,resolved
estimators,lmmse,point_status,-2.0,resolved
estimators,lmmse,point_status,-1.5,resolved
estimators,lmmse,point_status,-1.0,resolved
estimators,lmmse,point_status,-0.5,resolved
estimators,lmmse,point_status,0.0,resolved
estimators,lmmse,point_status,0.5,resolved
estimators,lmmse,point_status,1.0,resolved
estimators,lmmse,point_status,1.5,resolved
estimators,lmmse,point_status,2.0,resolved
estimators,lmmse,point_status,2.5,resolved
estimators,lmmse,point_status,3.0,resolved
estimators,lmmse,point_status,3.5,resolved
estimators,lmmse,point_status,4.0,resolved
estimators,lmmse,point_status,4.5,resolved
estimators,lmmse,point_status,5.0,resolved
estimators,lmmse,point_status,5.5,resolved
estimators,lmmse,point_status,6.0,resolved
estimators,lmmse,point_status,6.5,resolved
estimators,lmmse,point_status,7.0,resolved
estimators,lmmse,point_status,7.5,resolved
estimators,lmmse,point_status,8.0,resolved
estimators,lmmse,point_status,8.5,resolved
estimators,lmmse,point_status,9.0,resolved
estimators,lmmse,point_status,9.5,resolved
estimators,lmmse,point_status,10.0,upper_bound_only
estimators,lmmse,runtime_total_sec,,3126.3669171000697
estimators,adaptive,ber,-5.0,0.15186082271107457
estimators,adaptive,ber,-4.5,0.11879845821496213
estimators,adaptive,ber,-4.0,0.08479672386532738
estimators,adaptive,ber,-3.5,0.06117509721635698
estimators,adaptive,ber,-3.0,0.045157638250612746
estimators,adaptive,ber,-2.5,0.029284125434027777
estimators,adaptive,ber,-2.0,0.020543939227998444
estimators,adaptive,ber,-1.5,0.01498087247212728
estimators,adaptive,ber,-1.0,0.009668191274007162
estimators,adaptive,ber,-0.5,0.006013790766398112
estimators,adaptive,ber,0.0,0.004802544911702474
estimators,adaptive,ber,0.5,0.0030394395192464194
estimators,adaptive,ber,1.0,0.0027229785919189453
estimators,adaptive,ber,1.5,0.0015834967295328777
estimators,adaptive,ber,2.0,0.0007804234822591146
estimators,adaptive,ber,2.5,0.0009172757466634115
estimators,adaptive,ber,3.0,0.0006077289581298828
estimators,adaptive,ber,3.5,0.0004162788391113281
estimators,adaptive,ber,4.0,0.0001961390177408854
estimators,adaptive,ber,4.5,0.0003495216369628906
estimators,adaptive,ber,5.0,0.00031908353169759113
estimators,adaptive,ber,5.5,0.0002036889394124349
estimators,adaptive,ber,6.0,8.495648701985677e-05
estimators,adaptive,ber,6.5,6.18298848470052e-05
estimators,adaptive,ber,7.0,6.779034932454427e-05
estimators,adaptive,ber,7.5,0.0
estimators,adaptive,ber,8.0,0.0
estimators,adaptive,ber,8.5,0.0
estimators,adaptive,ber,9.0,0.0001663366953531901
estimators,adaptive,ber,9.5,2.4398167928059895e-05
estimators,adaptive,ber,10.0,0.0
estimators,adaptive,ber_upper_confidence,-5.0,0.15229326487006875
estimators,adaptive,ber_upper_confidence,-4.5,0.11916082249363079
estimators,adaptive,ber_upper_confidence,-4.0,0.08507332406708128
estimators,adaptive,ber_upper_confidence,-3.5,0.061382114275338046
estimators,adaptive,ber_upper_confidence,-3.0,0.045310425366718234
estimators,adaptive,ber_upper_confidence,-2.5,0.029386432974841604
estimators,adaptive,ber_upper_confidence,-2.0,0.02061600491463891
estimators,adaptive,ber_upper_confidence,-1.5,0.015037305269177768
estimators,adaptive,ber_upper_confidence,-1.0,0.009713670047398567
estimators,adaptive,ber_upper_confidence,-0.5,0.006049748113928989
estimators,adaptive,ber_upper_confidence,0.0,0.004834708867083505
estimators,adaptive,ber_upper_confidence,0.5,0.003065071987170083
estimators,adaptive,ber_upper_confidence,1.0,0.0027472496304840797
estimators,adaptive,ber_upper_confidence,1.5,0.0016020416691331393
estimators,adaptive,ber_upper_confidence,2.0,0.0007934801496218578
estimators,adaptive,ber_upper_confidence,2.5,0.0009314208887468056
estimators,adaptive,ber_upper_confidence,3.0,0.0006192645604912269
estimators,adaptive,ber_upper_confidence,3.5,0.0004258457191688265
estimators,adaptive,ber_upper_confidence,4.0,0.00020274083136470974
estimators,adaptive,ber_upper_confidence,4.5,0.000358297314086139
estimators,adaptive,ber_upper_confidence,5.0,0.00032747336920477423
estimators,adaptive,ber_upper_confidence,5.5,0.00021041450510222632
estimators,adaptive,ber_upper_confidence,6.0,8.933915112976434e-05
estimators,adaptive,ber_upper_confidence,6.5,6.558501279151497e-05
estimators,adaptive,ber_upper_confidence,7.0,7.171709196998682e-05
estimators,adaptive,ber_upper_confidence,7.5,2.3807941067647855e-07
estimators,adaptive,ber_upper_confidence,8.0,2.3807941067647855e-07
estimators,adaptive,ber_upper_confidence,8.5,2.3807941067647855e-07
estimators,adaptive,ber_upper_confidence,9.0,0.00017242504244233684
estimators,adaptive,ber_upper_confidence,9.5,2.6798585478153873e-05
estimators,adaptive,ber_upper_confidence,10.0,2.3807941067647855e-07
estimators,adaptive,latency_ms,-5.0,740.7428201754342
estimators,adaptive,latency_ms,-4.5,730.3426333333434
estimators,adaptive,latency_ms,-4.0,714.5798726190395
estimators,adaptive,latency_ms,-3.5,758.3830157656464
estimators,adaptive,latency_ms,-3.0,784.6976186275153
estimators,adaptive,latency_ms,-2.5,805.4279753334697
estimators,adaptive,latency_ms,-2.0,814.4371356697892
estimators,adaptive,latency_ms,-1.5,849.6295841148018
estimators,adaptive,latency_ms,-1.0,867.0155341144574
estimators,adaptive,latency_ms,-0.5,855.2531114582913
estimators,adaptive,latency_ms,0.0,857.8888536460377
estimators,adaptive,latency_ms,0.5,856.0996419271091
estimators,adaptive,latency_ms,1.0,861.0933450520517
estimators,adaptive,latency_ms,1.5,865.5969927083261
estimators,adaptive,latency_ms,2.0,858.4937388020106
estimators,adaptive,latency_ms,2.5,857.5545091145418
estimators,adaptive,latency_ms,3.0,859.6156130207846
estimators,adaptive,latency_ms,3.5,864.8755942708792
estimators,adaptive,latency_ms,4.0,861.194859114308
estimators,adaptive,latency_ms,4.5,860.2036755208085
estimators,adaptive,latency_ms,5.0,881.1841575521084
estimators,adaptive,latency_ms,5.5,866.040644270829
estimators,adaptive,latency_ms,6.0,863.8591255208574
estimators,adaptive,latency_ms,6.5,865.1522677083357
estimators,adaptive,latency_ms,7.0,862.6453341145433
estimators,adaptive,latency_ms,7.5,859.7679911459286
estimators,adaptive,latency_ms,8.0,872.91543020843
estimators,adaptive,latency_ms,8.5,870.3493716146684
estimators,adaptive,latency_ms,9.0,875.9316411458472
estimators,adaptive,latency_ms,9.5,862.2696513019558
estimators,adaptive,latency_ms,10.0,856.174588020652
estimators,adaptive,throughput_bits_per_batch,-5.0,83375.47368421052
estimators,adaptive,throughput_bits_per_batch,-4.5,86625.63636363637
estimators,adaptive,throughput_bits_per_batch,-4.0,89968.14285714286
estimators,adaptive,throughput_bits_per_batch,-3.5,92290.24324324324
estimators,adaptive,throughput_bits_per_batch,-3.0,93864.82352941176
estimators,adaptive,throughput_bits_per_batch,-2.5,95425.25333333333
estimators,adaptive,throughput_bits_per_batch,-2.0,96284.44859813084
estimators,adaptive,throughput_bits_per_batch,-1.5,96831.3203125
estimators,adaptive,throughput_bits_per_batch,-1.0,97353.578125
estimators,adaptive,throughput_bits_per_batch,-0.5,97712.8203125
estimators,adaptive,throughput_bits_per_batch,0.0,97831.890625
estimators,adaptive,throughput_bits_per_batch,0.5,98005.2109375
estimators,adaptive,throughput_bits_per_batch,1.0,98036.3203125
estimators,adaptive,throughput_bits_per_batch,1.5,98148.3359375
estimators,adaptive,throughput_bits_per_batch,2.0,98227.28125
estimators,adaptive,throughput_bits_per_batch,2.5,98213.828125
estimators,adaptive,throughput_bits_per_batch,3.0,98244.2578125
estimators,adaptive,throughput_bits_per_batch,3.5,98263.078125
estimators,adaptive,throughput_bits_per_batch,4.0,98284.71875
estimators,adaptive,throughput_bits_per_batch,4.5,98269.640625
estimators,adaptive,throughput_bits_per_batch,5.0,98272.6328125
estimators,adaptive,throughput_bits_per_batch,5.5,98283.9765625
estimators,adaptive,throughput_bits_per_batch,6.0,98295.6484375
estimators,adaptive,throughput_bits_per_batch,6.5,98297.921875
estimators,adaptive,throughput_bits_per_batch,7.0,98297.3359375
estimators,adaptive,throughput_bits_per_batch,7.5,98304.0
estimators,adaptive,throughput_bits_per_batch,8.0,98304.0
estimators,adaptive,throughput_bits_per_batch,8.5,98304.0
estimators,adaptive,throughput_bits_per_batch,9.0,98287.6484375
estimators,adaptive,throughput_bits_per_batch,9.5,98301.6015625
estimators,adaptive,throughput_bits_per_batch,10.0,98304.0
estimators,adaptive,energy_joules_per_batch,-5.0,0.00018645100000000002
estimators,adaptive,energy_joules_per_batch,-4.5,0.00018645100000000008
estimators,adaptive,energy_joules_per_batch,-4.0,0.000186451
estimators,adaptive,energy_joules_per_batch,-3.5,0.000186451
estimators,adaptive,energy_joules_per_batch,-3.0,0.00018645100000000005
estimators,adaptive,energy_joules_per_batch,-2.5,0.00018645100000000027
estimators,adaptive,energy_joules_per_batch,-2.0,0.00018645100000000037
estimators,adaptive,energy_joules_per_batch,-1.5,0.00018645100000000043
estimators,adaptive,energy_joules_per_batch,-1.0,0.00018645100000000043
estimators,adaptive,energy_joules_per_batch,-0.5,0.00018645100000000043
estimators,adaptive,energy_joules_per_batch,0.0,0.00018645100000000043
estimators,adaptive,energy_joules_per_batch,0.5,0.00018645100000000043
estimators,adaptive,energy_joules_per_batch,1.0,0.00018645100000000043
estimators,adaptive,energy_joules_per_batch,1.5,0.00018645100000000043
estimators,adaptive,energy_joules_per_batch,2.0,0.00018645100000000043
estimators,adaptive,energy_joules_per_batch,2.5,0.00018645100000000043
estimators,adaptive,energy_joules_per_batch,3.0,0.00018645100000000043
estimators,adaptive,energy_joules_per_batch,3.5,0.00018645100000000043
estimators,adaptive,energy_joules_per_batch,4.0,0.00018645100000000043
estimators,adaptive,energy_joules_per_batch,4.5,0.00018645100000000043
estimators,adaptive,energy_joules_per_batch,5.0,0.00018645100000000043
estimators,adaptive,energy_joules_per_batch,5.5,0.00018645100000000043
estimators,adaptive,energy_joules_per_batch,6.0,0.00018645100000000043
estimators,adaptive,energy_joules_per_batch,6.5,0.00018645100000000043
estimators,adaptive,energy_joules_per_batch,7.0,0.00018645100000000043
estimators,adaptive,energy_joules_per_batch,7.5,0.00018645100000000043
estimators,adaptive,energy_joules_per_batch,8.0,0.00018645100000000043
estimators,adaptive,energy_joules_per_batch,8.5,0.00018645100000000043
estimators,adaptive,energy_joules_per_batch,9.0,0.00018645100000000043
estimators,adaptive,energy_joules_per_batch,9.5,0.00018645100000000043
estimators,adaptive,energy_joules_per_batch,10.0,0.00018645100000000043
estimators,adaptive,avg_power_w,-5.0,0.0002517081433956279
estimators,adaptive,avg_power_w,-4.5,0.00025529250449069706
estimators,adaptive,avg_power_w,-4.0,0.00026092394586574324
estimators,adaptive,avg_power_w,-3.5,0.0002458533433950433
estimators,adaptive,avg_power_w,-3.0,0.00023760872414282892
estimators,adaptive,avg_power_w,-2.5,0.0002314930766128459
estimators,adaptive,avg_power_w,-2.0,0.00022893234091869347
estimators,adaptive,avg_power_w,-1.5,0.0002194497502040927
estimators,adaptive,avg_power_w,-1.0,0.00021504920346143008
estimators,adaptive,avg_power_w,-0.5,0.00021800680699317538
estimators,adaptive,avg_power_w,0.0,0.0002173370119072902
estimators,adaptive,avg_power_w,0.5,0.00021779123698766295
estimators,adaptive,avg_power_w,1.0,0.0002165282092485917
estimators,adaptive,avg_power_w,1.5,0.0002154016263580383
estimators,adaptive,avg_power_w,2.0,0.00021718387866192758
estimators,adaptive,avg_power_w,2.5,0.0002174217475604184
estimators,adaptive,avg_power_w,3.0,0.00021690043453816634
estimators,adaptive,avg_power_w,3.5,0.00021558129427525958
estimators,adaptive,avg_power_w,4.0,0.0002165026858053416
estimators,adaptive,avg_power_w,4.5,0.00021675215452562915
estimators,adaptive,avg_power_w,5.0,0.00021159141185419546
estimators,adaptive,avg_power_w,5.5,0.00021529128134278798
estimators,adaptive,avg_power_w,6.0,0.00021583496022870764
estimators,adaptive,avg_power_w,6.5,0.0002155123519399451
estimators,adaptive,avg_power_w,7.0,0.00021613865238300032
estimators,adaptive,avg_power_w,7.5,0.00021686199290984543
estimators,adaptive,avg_power_w,8.0,0.0002135957202125304
estimators,adaptive,avg_power_w,8.5,0.00021422546632520378
estimators,adaptive,avg_power_w,9.0,0.00021286021790021783
estimators,adaptive,avg_power_w,9.5,0.00021623282196987315
estimators,adaptive,avg_power_w,10.0,0.00021777217241526327
estimators,adaptive,runtime_sec,-5.0,15.154455300000393
estimators,adaptive,runtime_sec,-4.5,17.27498930000243
estimators,adaptive,runtime_sec,-4.0,21.492525600000164
estimators,adaptive,runtime_sec,-3.5,30.189270500003374
estimators,adaptive,runtime_sec,-3.0,43.12648739999665
estimators,adaptive,runtime_sec,-2.5,65.15910250000547
estimators,adaptive,runtime_sec,-2.0,93.94423199999633
estimators,adaptive,runtime_sec,-1.5,117.33635950000658
estimators,adaptive,runtime_sec,-1.0,119.62549659998342
estimators,adaptive,runtime_sec,-0.5,118.08260759998379
estimators,adaptive,runtime_sec,0.0,118.50462840000614
estimators,adaptive,runtime_sec,0.5,118.20299540001201
estimators,adaptive,runtime_sec,1.0,118.8028088000012
estimators,adaptive,runtime_sec,1.5,119.61485249997756
estimators,adaptive,runtime_sec,2.0,118.4874679000107
estimators,adaptive,runtime_sec,2.5,118.36466289999504
estimators,adaptive,runtime_sec,3.0,118.71933520003452
estimators,adaptive,runtime_sec,3.5,119.38300050001004
estimators,adaptive,runtime_sec,4.0,118.91535309999551
estimators,adaptive,runtime_sec,4.5,118.78917439998321
estimators,adaptive,runtime_sec,5.0,121.56419060001025
estimators,adaptive,runtime_sec,5.5,119.60168549996786
estimators,adaptive,runtime_sec,6.0,120.41637290001495
estimators,adaptive,runtime_sec,6.5,120.47440990004031
estimators,adaptive,runtime_sec,7.0,120.20602370000864
estimators,adaptive,runtime_sec,7.5,119.69109039999495
estimators,adaptive,runtime_sec,8.0,121.53581749998295
estimators,adaptive,runtime_sec,8.5,121.22385829996654
estimators,adaptive,runtime_sec,9.0,122.21129889999514
estimators,adaptive,runtime_sec,9.5,120.10290930000741
estimators,adaptive,runtime_sec,10.0,119.16241129998463
estimators,adaptive,bit_errors,-5.0,283642.0
estimators,adaptive,bit_errors,-4.5,256924.0
estimators,adaptive,bit_errors,-4.0,233404.0
estimators,adaptive,bit_errors,-3.5,222509.0
estimators,adaptive,bit_errors,-3.0,226398.0
estimators,adaptive,bit_errors,-2.5,215906.0
estimators,adaptive,bit_errors,-2.0,216092.0
estimators,adaptive,bit_errors,-1.5,188503.0
estimators,adaptive,bit_errors,-1.0,121654.0
estimators,adaptive,bit_errors,-0.5,75671.0
estimators,adaptive,bit_errors,0.0,60430.0
estimators,adaptive,bit_errors,0.5,38245.0
estimators,adaptive,bit_errors,1.0,34263.0
estimators,adaptive,bit_errors,1.5,19925.0
estimators,adaptive,bit_errors,2.0,9820.0
estimators,adaptive,bit_errors,2.5,11542.0
estimators,adaptive,bit_errors,3.0,7647.0
estimators,adaptive,bit_errors,3.5,5238.0
estimators,adaptive,bit_errors,4.0,2468.0
estimators,adaptive,bit_errors,4.5,4398.0
estimators,adaptive,bit_errors,5.0,4015.0
estimators,adaptive,bit_errors,5.5,2563.0
estimators,adaptive,bit_errors,6.0,1069.0
estimators,adaptive,bit_errors,6.5,778.0
estimators,adaptive,bit_errors,7.0,853.0
estimators,adaptive,bit_errors,7.5,0.0
estimators,adaptive,bit_errors,8.0,0.0
estimators,adaptive,bit_errors,8.5,0.0
estimators,adaptive,bit_errors,9.0,2093.0
estimators,adaptive,bit_errors,9.5,307.0
estimators,adaptive,bit_errors,10.0,0.0
estimators,adaptive,total_bits,-5.0,1867776.0
estimators,adaptive,total_bits,-4.5,2162688.0
estimators,adaptive,total_bits,-4.0,2752512.0
estimators,adaptive,total_bits,-3.5,3637248.0
estimators,adaptive,total_bits,-3.0,5013504.0
estimators,adaptive,total_bits,-2.5,7372800.0
estimators,adaptive,total_bits,-2.0,10518528.0
estimators,adaptive,total_bits,-1.5,12582912.0
estimators,adaptive,total_bits,-1.0,12582912.0
estimators,adaptive,total_bits,-0.5,12582912.0
estimators,adaptive,total_bits,0.0,12582912.0
estimators,adaptive,total_bits,0.5,12582912.0
estimators,adaptive,total_bits,1.0,12582912.0
estimators,adaptive,total_bits,1.5,12582912.0
estimators,adaptive,total_bits,2.0,12582912.0
estimators,adaptive,total_bits,2.5,12582912.0
estimators,adaptive,total_bits,3.0,12582912.0
estimators,adaptive,total_bits,3.5,12582912.0
estimators,adaptive,total_bits,4.0,12582912.0
estimators,adaptive,total_bits,4.5,12582912.0
estimators,adaptive,total_bits,5.0,12582912.0
estimators,adaptive,total_bits,5.5,12582912.0
estimators,adaptive,total_bits,6.0,12582912.0
estimators,adaptive,total_bits,6.5,12582912.0
estimators,adaptive,total_bits,7.0,12582912.0
estimators,adaptive,total_bits,7.5,12582912.0
estimators,adaptive,total_bits,8.0,12582912.0
estimators,adaptive,total_bits,8.5,12582912.0
estimators,adaptive,total_bits,9.0,12582912.0
estimators,adaptive,total_bits,9.5,12582912.0
estimators,adaptive,total_bits,10.0,12582912.0
estimators,adaptive,block_errors,-5.0,1038.0
estimators,adaptive,block_errors,-4.5,1017.0
estimators,adaptive,block_errors,-4.0,1002.0
estimators,adaptive,block_errors,-3.5,1023.0
estimators,adaptive,block_errors,-3.0,1018.0
estimators,adaptive,block_errors,-2.5,1004.0
estimators,adaptive,block_errors,-2.0,1004.0
estimators,adaptive,block_errors,-1.5,845.0
estimators,adaptive,block_errors,-1.0,546.0
estimators,adaptive,block_errors,-0.5,342.0
estimators,adaptive,block_errors,0.0,251.0
estimators,adaptive,block_errors,0.5,158.0
estimators,adaptive,block_errors,1.0,137.0
estimators,adaptive,block_errors,1.5,87.0
estimators,adaptive,block_errors,2.0,44.0
estimators,adaptive,block_errors,2.5,38.0
estimators,adaptive,block_errors,3.0,30.0
estimators,adaptive,block_errors,3.5,20.0
estimators,adaptive,block_errors,4.0,13.0
estimators,adaptive,block_errors,4.5,17.0
estimators,adaptive,block_errors,5.0,12.0
estimators,adaptive,block_errors,5.5,9.0
estimators,adaptive,block_errors,6.0,4.0
estimators,adaptive,block_errors,6.5,2.0
estimators,adaptive,block_errors,7.0,2.0
estimators,adaptive,block_errors,7.5,0.0
estimators,adaptive,block_errors,8.0,0.0
estimators,adaptive,block_errors,8.5,0.0
estimators,adaptive,block_errors,9.0,4.0
estimators,adaptive,block_errors,9.5,1.0
estimators,adaptive,block_errors,10.0,0.0
estimators,adaptive,total_blocks,-5.0,1216.0
estimators,adaptive,total_blocks,-4.5,1408.0
estimators,adaptive,total_blocks,-4.0,1792.0
estimators,adaptive,total_blocks,-3.5,2368.0
estimators,adaptive,total_blocks,-3.0,3264.0
estimators,adaptive,total_blocks,-2.5,4800.0
estimators,adaptive,total_blocks,-2.0,6848.0
estimators,adaptive,total_blocks,-1.5,8192.0
estimators,adaptive,total_blocks,-1.0,8192.0
estimators,adaptive,total_blocks,-0.5,8192.0
estimators,adaptive,total_blocks,0.0,8192.0
estimators,adaptive,total_blocks,0.5,8192.0
estimators,adaptive,total_blocks,1.0,8192.0
estimators,adaptive,total_blocks,1.5,8192.0
estimators,adaptive,total_blocks,2.0,8192.0
estimators,adaptive,total_blocks,2.5,8192.0
estimators,adaptive,total_blocks,3.0,8192.0
estimators,adaptive,total_blocks,3.5,8192.0
estimators,adaptive,total_blocks,4.0,8192.0
estimators,adaptive,total_blocks,4.5,8192.0
estimators,adaptive,total_blocks,5.0,8192.0
estimators,adaptive,total_blocks,5.5,8192.0
estimators,adaptive,total_blocks,6.0,8192.0
estimators,adaptive,total_blocks,6.5,8192.0
estimators,adaptive,total_blocks,7.0,8192.0
estimators,adaptive,total_blocks,7.5,8192.0
estimators,adaptive,total_blocks,8.0,8192.0
estimators,adaptive,total_blocks,8.5,8192.0
estimators,adaptive,total_blocks,9.0,8192.0
estimators,adaptive,total_blocks,9.5,8192.0
estimators,adaptive,total_blocks,10.0,8192.0
estimators,adaptive,num_batches,-5.0,19.0
estimators,adaptive,num_batches,-4.5,22.0
estimators,adaptive,num_batches,-4.0,28.0
estimators,adaptive,num_batches,-3.5,37.0
estimators,adaptive,num_batches,-3.0,51.0
estimators,adaptive,num_batches,-2.5,75.0
estimators,adaptive,num_batches,-2.0,107.0
estimators,adaptive,num_batches,-1.5,128.0
estimators,adaptive,num_batches,-1.0,128.0
estimators,adaptive,num_batches,-0.5,128.0
estimators,adaptive,num_batches,0.0,128.0
estimators,adaptive,num_batches,0.5,128.0
estimators,adaptive,num_batches,1.0,128.0
estimators,adaptive,num_batches,1.5,128.0
estimators,adaptive,num_batches,2.0,128.0
estimators,adaptive,num_batches,2.5,128.0
estimators,adaptive,num_batches,3.0,128.0
estimators,adaptive,num_batches,3.5,128.0
estimators,adaptive,num_batches,4.0,128.0
estimators,adaptive,num_batches,4.5,128.0
estimators,adaptive,num_batches,5.0,128.0
estimators,adaptive,num_batches,5.5,128.0
estimators,adaptive,num_batches,6.0,128.0
estimators,adaptive,num_batches,6.5,128.0
estimators,adaptive,num_batches,7.0,128.0
estimators,adaptive,num_batches,7.5,128.0
estimators,adaptive,num_batches,8.0,128.0
estimators,adaptive,num_batches,8.5,128.0
estimators,adaptive,num_batches,9.0,128.0
estimators,adaptive,num_batches,9.5,128.0
estimators,adaptive,num_batches,10.0,128.0
estimators,adaptive,stop_reason,-5.0,target_block_errors
estimators,adaptive,stop_reason,-4.5,target_block_errors
estimators,adaptive,stop_reason,-4.0,target_block_errors
estimators,adaptive,stop_reason,-3.5,target_block_errors
estimators,adaptive,stop_reason,-3.0,target_block_errors
estimators,adaptive,stop_reason,-2.5,target_block_errors
estimators,adaptive,stop_reason,-2.0,target_block_errors
estimators,adaptive,stop_reason,-1.5,max_batches
estimators,adaptive,stop_reason,-1.0,max_batches
estimators,adaptive,stop_reason,-0.5,max_batches
estimators,adaptive,stop_reason,0.0,max_batches
estimators,adaptive,stop_reason,0.5,max_batches
estimators,adaptive,stop_reason,1.0,max_batches
estimators,adaptive,stop_reason,1.5,max_batches
estimators,adaptive,stop_reason,2.0,max_batches
estimators,adaptive,stop_reason,2.5,max_batches
estimators,adaptive,stop_reason,3.0,max_batches
estimators,adaptive,stop_reason,3.5,max_batches
estimators,adaptive,stop_reason,4.0,max_batches
estimators,adaptive,stop_reason,4.5,max_batches
estimators,adaptive,stop_reason,5.0,max_batches
estimators,adaptive,stop_reason,5.5,max_batches
estimators,adaptive,stop_reason,6.0,max_batches
estimators,adaptive,stop_reason,6.5,max_batches
estimators,adaptive,stop_reason,7.0,max_batches
estimators,adaptive,stop_reason,7.5,max_batches
estimators,adaptive,stop_reason,8.0,max_batches
estimators,adaptive,stop_reason,8.5,max_batches
estimators,adaptive,stop_reason,9.0,max_batches
estimators,adaptive,stop_reason,9.5,max_batches
estimators,adaptive,stop_reason,10.0,max_batches
estimators,adaptive,point_status,-5.0,resolved
estimators,adaptive,point_status,-4.5,resolved
estimators,adaptive,point_status,-4.0,resolved
estimators,adaptive,point_status,-3.5,resolved
estimators,adaptive,point_status,-3.0,resolved
estimators,adaptive,point_status,-2.5,resolved
estimators,adaptive,point_status,-2.0,resolved
estimators,adaptive,point_status,-1.5,resolved
estimators,adaptive,point_status,-1.0,resolved
estimators,adaptive,point_status,-0.5,resolved
estimators,adaptive,point_status,0.0,resolved
estimators,adaptive,point_status,0.5,resolved
estimators,adaptive,point_status,1.0,resolved
estimators,adaptive,point_status,1.5,resolved
estimators,adaptive,point_status,2.0,resolved
estimators,adaptive,point_status,2.5,resolved
estimators,adaptive,point_status,3.0,resolved
estimators,adaptive,point_status,3.5,resolved
estimators,adaptive,point_status,4.0,resolved
estimators,adaptive,point_status,4.5,resolved
estimators,adaptive,point_status,5.0,resolved
estimators,adaptive,point_status,5.5,resolved
estimators,adaptive,point_status,6.0,resolved
estimators,adaptive,point_status,6.5,resolved
estimators,adaptive,point_status,7.0,resolved
estimators,adaptive,point_status,7.5,upper_bound_only
estimators,adaptive,point_status,8.0,upper_bound_only
estimators,adaptive,point_status,8.5,upper_bound_only
estimators,adaptive,point_status,9.0,resolved
estimators,adaptive,point_status,9.5,resolved
estimators,adaptive,point_status,10.0,upper_bound_only
estimators,adaptive,runtime_total_sec,,3155.3598736999784
estimators,pso,ber,-5.0,0.2264385223388672
estimators,pso,ber,-4.5,0.1994349161783854
estimators,pso,ber,-4.0,0.16092371057581017
estimators,pso,ber,-3.5,0.12056720067584326
estimators,pso,ber,-3.0,0.08010513481052442
estimators,pso,ber,-2.5,0.04908266934481534
estimators,pso,ber,-2.0,0.03156579059103261
estimators,pso,ber,-1.5,0.020005807936566432
estimators,pso,ber,-1.0,0.010825395584106445
estimators,pso,ber,-0.5,0.006506045659383138
estimators,pso,ber,0.0,0.0042417049407958984
estimators,pso,ber,0.5,0.002883354822794596
estimators,pso,ber,1.0,0.001988013585408529
estimators,pso,ber,1.5,0.001097281773885091
estimators,pso,ber,2.0,0.0006302992502848307
estimators,pso,ber,2.5,0.0005759398142496744
estimators,pso,ber,3.0,0.00042311350504557293
estimators,pso,ber,3.5,0.0002399285634358724
estimators,pso,ber,4.0,0.00016808509826660156
estimators,pso,ber,4.5,0.00022220611572265625
estimators,pso,ber,5.0,0.0001163482666015625
estimators,pso,ber,5.5,9.576479593912761e-05
estimators,pso,ber,6.0,0.00010013580322265625
estimators,pso,ber,6.5,7.446606953938802e-05
estimators,pso,ber,7.0,6.421407063802083e-05
estimators,pso,ber,7.5,2.1457672119140625e-05
estimators,pso,ber,8.0,0.0
estimators,pso,ber,8.5,0.0
estimators,pso,ber,9.0,0.00015918413798014322
estimators,pso,ber,9.5,2.3523966471354168e-05
estimators,pso,ber,10.0,0.0
estimators,pso,ber_upper_confidence,-5.0,0.22698790655069587
estimators,pso,ber_upper_confidence,-4.5,0.19995949248599046
estimators,pso,ber_upper_confidence,-4.0,0.1613786057794774
estimators,pso,ber_upper_confidence,-3.5,0.12094047403074852
estimators,pso,ber_upper_confidence,-3.0,0.08036998248818497
estimators,pso,ber_upper_confidence,-2.5,0.0492538156625516
estimators,pso,ber_upper_confidence,-2.0,0.03167640081954861
estimators,pso,ber_upper_confidence,-1.5,0.020077280125321954
estimators,pso,ber_upper_confidence,-1.0,0.010873484720004349
estimators,pso,ber_upper_confidence,-0.5,0.0065434320827196905
estimators,pso,ber_upper_confidence,0.0,0.004271947602190816
estimators,pso,ber_upper_confidence,0.5,0.0029083252347895873
estimators,pso,ber_upper_confidence,1.0,0.00200877542021423
estimators,pso,ber_upper_confidence,1.5,0.0011127411508960981
estimators,pso,ber_upper_confidence,2.0,0.0006420449783204359
estimators,pso,ber_upper_confidence,2.5,0.0005871727188728412
estimators,pso,ber_upper_confidence,3.0,0.0004327576799171371
estimators,pso,ber_upper_confidence,3.5,0.000247218495263955
estimators,pso,ber_upper_confidence,4.0,0.0001742047806182393
estimators,pso,ber_upper_confidence,4.5,0.0002292258174785801
estimators,pso,ber_upper_confidence,5.0,0.00012145830194301298
estimators,pso,ber_upper_confidence,5.5,0.00010041107927011274
estimators,pso,ber_upper_confidence,6.0,0.00010488444537807532
estimators,pso,ber_upper_confidence,6.5,7.85762924958638e-05
estimators,pso,ber_upper_confidence,7.0,6.803879560510171e-05
estimators,pso,ber_upper_confidence,7.5,2.3715810284914218e-05
estimators,pso,ber_upper_confidence,8.0,2.3807941067647855e-07
estimators,pso,ber_upper_confidence,8.5,2.3807941067647855e-07
estimators,pso,ber_upper_confidence,9.0,0.00016514254687067777
estimators,pso,ber_upper_confidence,9.5,2.5883024183846592e-05
estimators,pso,ber_upper_confidence,10.0,2.3807941067647855e-07
estimators,pso,latency_ms,-5.0,716.4971895833626
estimators,pso,latency_ms,-4.5,747.0284895833482
estimators,pso,latency_ms,-4.0,700.0865833334126
estimators,pso,latency_ms,-3.5,702.0234642857
estimators,pso,latency_ms,-3.0,702.1485005746922
estimators,pso,latency_ms,-2.5,766.7312083333711
estimators,pso,latency_ms,-2.0,797.4197514493981
estimators,pso,latency_ms,-1.5,819.9940908806303
estimators,pso,latency_ms,-1.0,855.056222395792
estimators,pso,latency_ms,-0.5,859.4963606769544
estimators,pso,latency_ms,0.0,861.2339247396945
estimators,pso,latency_ms,0.5,860.0011450518781
estimators,pso,latency_ms,1.0,863.1555973958074
estimators,pso,latency_ms,1.5,858.1048364583221
estimators,pso,latency_ms,2.0,870.8723481769994
estimators,pso,latency_ms,2.5,859.2923950519611
estimators,pso,latency_ms,3.0,858.614141145909
estimators,pso,latency_ms,3.5,863.6933044272888
estimators,pso,latency_ms,4.0,872.1874809894979
estimators,pso,latency_ms,4.5,866.2615645834605
estimators,pso,latency_ms,5.0,871.5898950521068
estimators,pso,latency_ms,5.5,874.8014333332405
estimators,pso,latency_ms,6.0,862.5665864583194
estimators,pso,latency_ms,6.5,861.7440083332925
estimators,pso,latency_ms,7.0,865.2213638018961
estimators,pso,latency_ms,7.5,871.7802513020612
estimators,pso,latency_ms,8.0,877.9893114583452
estimators,pso,latency_ms,8.5,876.3239934896983
estimators,pso,latency_ms,9.0,874.2675583332868
estimators,pso,latency_ms,9.5,870.0866716145681
estimators,pso,latency_ms,10.0,854.2634333333212
estimators,pso,throughput_bits_per_batch,-5.0,76044.1875
estimators,pso,throughput_bits_per_batch,-4.5,78698.75
estimators,pso,throughput_bits_per_batch,-4.0,82484.55555555556
estimators,pso,throughput_bits_per_batch,-3.5,86451.76190476191
estimators,pso,throughput_bits_per_batch,-3.0,90429.3448275862
estimators,pso,throughput_bits_per_batch,-2.5,93478.97727272728
estimators,pso,throughput_bits_per_batch,-2.0,95200.95652173914
estimators,pso,throughput_bits_per_batch,-1.5,96337.34905660378
estimators,pso,throughput_bits_per_batch,-1.0,97239.8203125
estimators,pso,throughput_bits_per_batch,-0.5,97664.4296875
estimators,pso,throughput_bits_per_batch,0.0,97887.0234375
estimators,pso,throughput_bits_per_batch,0.5,98020.5546875
estimators,pso,throughput_bits_per_batch,1.0,98108.5703125
estimators,pso,throughput_bits_per_batch,1.5,98196.1328125
estimators,pso,throughput_bits_per_batch,2.0,98242.0390625
estimators,pso,throughput_bits_per_batch,2.5,98247.3828125
estimators,pso,throughput_bits_per_batch,3.0,98262.40625
estimators,pso,throughput_bits_per_batch,3.5,98280.4140625
estimators,pso,throughput_bits_per_batch,4.0,98287.4765625
estimators,pso,throughput_bits_per_batch,4.5,98282.15625
estimators,pso,throughput_bits_per_batch,5.0,98292.5625
estimators,pso,throughput_bits_per_batch,5.5,98294.5859375
estimators,pso,throughput_bits_per_batch,6.0,98294.15625
estimators,pso,throughput_bits_per_batch,6.5,98296.6796875
estimators,pso,throughput_bits_per_batch,7.0,98297.6875
estimators,pso,throughput_bits_per_batch,7.5,98301.890625
estimators,pso,throughput_bits_per_batch,8.0,98304.0
estimators,pso,throughput_bits_per_batch,8.5,98304.0
estimators,pso,throughput_bits_per_batch,9.0,98288.3515625
estimators,pso,throughput_bits_per_batch,9.5,98301.6875
estimators,pso,throughput_bits_per_batch,10.0,98304.0
estimators,pso,energy_joules_per_batch,-5.0,0.00018645100000000008
estimators,pso,energy_joules_per_batch,-4.5,0.00018645100000000008
estimators,pso,energy_joules_per_batch,-4.0,0.000186451
estimators,pso,energy_joules_per_batch,-3.5,0.00018645100000000005
estimators,pso,energy_joules_per_batch,-3.0,0.00018645100000000002
estimators,pso,energy_joules_per_batch,-2.5,0.00018645099999999997
estimators,pso,energy_joules_per_batch,-2.0,0.00018645100000000024
estimators,pso,energy_joules_per_batch,-1.5,0.00018645100000000037
estimators,pso,energy_joules_per_batch,-1.0,0.00018645100000000043
estimators,pso,energy_joules_per_batch,-0.5,0.00018645100000000043
estimators,pso,energy_joules_per_batch,0.0,0.00018645100000000043
estimators,pso,energy_joules_per_batch,0.5,0.00018645100000000043
estimators,pso,energy_joules_per_batch,1.0,0.00018645100000000043
estimators,pso,energy_joules_per_batch,1.5,0.00018645100000000043
estimators,pso,energy_joules_per_batch,2.0,0.00018645100000000043
estimators,pso,energy_joules_per_batch,2.5,0.00018645100000000043
estimators,pso,energy_joules_per_batch,3.0,0.00018645100000000043
estimators,pso,energy_joules_per_batch,3.5,0.00018645100000000043
estimators,pso,energy_joules_per_batch,4.0,0.00018645100000000043
estimators,pso,energy_joules_per_batch,4.5,0.00018645100000000043
estimators,pso,energy_joules_per_batch,5.0,0.00018645100000000043
estimators,pso,energy_joules_per_batch,5.5,0.00018645100000000043
estimators,pso,energy_joules_per_batch,6.0,0.00018645100000000043
estimators,pso,energy_joules_per_batch,6.5,0.00018645100000000043
estimators,pso,energy_joules_per_batch,7.0,0.00018645100000000043
estimators,pso,energy_joules_per_batch,7.5,0.00018645100000000043
estimators,pso,energy_joules_per_batch,8.0,0.00018645100000000043
estimators,pso,energy_joules_per_batch,8.5,0.00018645100000000043
estimators,pso,energy_joules_per_batch,9.0,0.00018645100000000043
estimators,pso,energy_joules_per_batch,9.5,0.00018645100000000043
estimators,pso,energy_joules_per_batch,10.0,0.00018645100000000043
estimators,pso,avg_power_w,-5.0,0.00026022572413496813
estimators,pso,avg_power_w,-4.5,0.0002495902132246553
estimators,pso,avg_power_w,-4.0,0.00026632562948460857
estimators,pso,avg_power_w,-3.5,0.00026559083775029026
estimators,pso,avg_power_w,-3.0,0.00026554354220993735
estimators,pso,avg_power_w,-2.5,0.00024317648476222182
estimators,pso,avg_power_w,-2.0,0.00023381788532464247
estimators,pso,avg_power_w,-1.5,0.00022738090685478214
estimators,pso,avg_power_w,-1.0,0.0002180570062136747
estimators,pso,avg_power_w,-0.5,0.00021693052877285991
estimators,pso,avg_power_w,0.0,0.0002164928652297977
estimators,pso,avg_power_w,0.5,0.00021680319970824352
estimators,pso,avg_power_w,1.0,0.0002160108798025922
estimators,pso,avg_power_w,1.5,0.00021728230873228075
estimators,pso,avg_power_w,2.0,0.00021409681957441763
estimators,pso,avg_power_w,2.5,0.00021698202040846155
estimators,pso,avg_power_w,3.0,0.0002171534232491936
estimators,pso,avg_power_w,3.5,0.00021587639853667184
estimators,pso,avg_power_w,4.0,0.0002137739924774792
estimators,pso,avg_power_w,4.5,0.0002152363761973612
estimators,pso,avg_power_w,5.0,0.00021392056178996168
estimators,pso,avg_power_w,5.5,0.00021313522462985623
estimators,pso,avg_power_w,6.0,0.0002161583846709903
estimators,pso,avg_power_w,6.5,0.0002163647187528662
estimators,pso,avg_power_w,7.0,0.00021549514124421325
estimators,pso,avg_power_w,7.5,0.00021387385149127157
estimators,pso,avg_power_w,8.0,0.00021236135516308763
estimators,pso,avg_power_w,8.5,0.00021276491501449717
estimators,pso,avg_power_w,9.0,0.00021326537651179993
estimators,pso,avg_power_w,9.5,0.00021429014612304588
estimators,pso,avg_power_w,10.0,0.00021825937143589517
estimators,pso,runtime_sec,-5.0,77.31912779999962
estimators,pso,runtime_sec,-4.5,83.48363299999994
estimators,pso,runtime_sec,-4.0,95.8102967000016
estimators,pso,runtime_sec,-3.5,102.48643109999978
estimators,pso,runtime_sec,-3.0,145.61788020000185
estimators,pso,runtime_sec,-2.5,225.20426609999743
estimators,pso,runtime_sec,-2.0,356.98610290000215
estimators,pso,runtime_sec,-1.5,573.6464889000249
estimators,pso,runtime_sec,-1.0,708.7806080999908
estimators,pso,runtime_sec,-0.5,700.3363020000029
estimators,pso,runtime_sec,0.0,719.4447078000309
estimators,pso,runtime_sec,0.5,726.9655775999779
estimators,pso,runtime_sec,1.0,723.6135658000218
estimators,pso,runtime_sec,1.5,714.7484903000048
estimators,pso,runtime_sec,2.0,701.8420036999911
estimators,pso,runtime_sec,2.5,715.2778371000109
estimators,pso,runtime_sec,3.0,734.284653199995
estimators,pso,runtime_sec,3.5,711.090386799995
estimators,pso,runtime_sec,4.0,729.0063337999975
estimators,pso,runtime_sec,4.5,737.0845374000039
estimators,pso,runtime_sec,5.0,750.9744930999973
estimators,pso,runtime_sec,5.5,747.3961240000033
estimators,pso,runtime_sec,6.0,738.1956601999893
estimators,pso,runtime_sec,6.5,756.5517969999946
estimators,pso,runtime_sec,7.0,731.3804858000059
estimators,pso,runtime_sec,7.5,725.004675900009
estimators,pso,runtime_sec,8.0,756.5549117000074
estimators,pso,runtime_sec,8.5,755.5021842999879
estimators,pso,runtime_sec,9.0,755.985884700005
estimators,pso,runtime_sec,9.5,750.6618070000029
estimators,pso,runtime_sec,10.0,737.5696721999745
estimators,pso,bit_errors,-5.0,356157.0
estimators,pso,bit_errors,-4.5,313684.0
estimators,pso,bit_errors,-4.0,284750.0
estimators,pso,bit_errors,-3.5,248897.0
estimators,pso,bit_errors,-3.0,228365.0
estimators,pso,bit_errors,-2.5,212301.0
estimators,pso,bit_errors,-2.0,214110.0
estimators,pso,bit_errors,-1.5,208465.0
estimators,pso,bit_errors,-1.0,136215.0
estimators,pso,bit_errors,-0.5,81865.0
estimators,pso,bit_errors,0.0,53373.0
estimators,pso,bit_errors,0.5,36281.0
estimators,pso,bit_errors,1.0,25015.0
estimators,pso,bit_errors,1.5,13807.0
estimators,pso,bit_errors,2.0,7931.0
estimators,pso,bit_errors,2.5,7247.0
estimators,pso,bit_errors,3.0,5324.0
estimators,pso,bit_errors,3.5,3019.0
estimators,pso,bit_errors,4.0,2115.0
estimators,pso,bit_errors,4.5,2796.0
estimators,pso,bit_errors,5.0,1464.0
estimators,pso,bit_errors,5.5,1205.0
estimators,pso,bit_errors,6.0,1260.0
estimators,pso,bit_errors,6.5,937.0
estimators,pso,bit_errors,7.0,808.0
estimators,pso,bit_errors,7.5,270.0
estimators,pso,bit_errors,8.0,0.0
estimators,pso,bit_errors,8.5,0.0
estimators,pso,bit_errors,9.0,2003.0
estimators,pso,bit_errors,9.5,296.0
estimators,pso,bit_errors,10.0,0.0
estimators,pso,total_bits,-5.0,1572864.0
estimators,pso,total_bits,-4.5,1572864.0
estimators,pso,total_bits,-4.0,1769472.0
estimators,pso,total_bits,-3.5,2064384.0
estimators,pso,total_bits,-3.0,2850816.0
estimators,pso,total_bits,-2.5,4325376.0
estimators,pso,total_bits,-2.0,6782976.0
estimators,pso,total_bits,-1.5,10420224.0
estimators,pso,total_bits,-1.0,12582912.0
estimators,pso,total_bits,-0.5,12582912.0
estimators,pso,total_bits,0.0,12582912.0
estimators,pso,total_bits,0.5,12582912.0
estimators,pso,total_bits,1.0,12582912.0
estimators,pso,total_bits,1.5,12582912.0
estimators,pso,total_bits,2.0,12582912.0
estimators,pso,total_bits,2.5,12582912.0
estimators,pso,total_bits,3.0,12582912.0
estimators,pso,total_bits,3.5,12582912.0
estimators,pso,total_bits,4.0,12582912.0
estimators,pso,total_bits,4.5,12582912.0
estimators,pso,total_bits,5.0,12582912.0
estimators,pso,total_bits,5.5,12582912.0
estimators,pso,total_bits,6.0,12582912.0
estimators,pso,total_bits,6.5,12582912.0
estimators,pso,total_bits,7.0,12582912.0
estimators,pso,total_bits,7.5,12582912.0
estimators,pso,total_bits,8.0,12582912.0
estimators,pso,total_bits,8.5,12582912.0
estimators,pso,total_bits,9.0,12582912.0
estimators,pso,total_bits,9.5,12582912.0
estimators,pso,total_bits,10.0,12582912.0
estimators,pso,block_errors,-5.0,1024.0
estimators,pso,block_errors,-4.5,1013.0
estimators,pso,block_errors,-4.0,1050.0
estimators,pso,block_errors,-3.5,1006.0
estimators,pso,block_errors,-3.0,1013.0
estimators,pso,block_errors,-2.5,1009.0
estimators,pso,block_errors,-2.0,1007.0
estimators,pso,block_errors,-1.5,1001.0
estimators,pso,block_errors,-1.0,706.0
estimators,pso,block_errors,-0.5,396.0
estimators,pso,block_errors,0.0,248.0
estimators,pso,block_errors,0.5,162.0
estimators,pso,block_errors,1.0,121.0
estimators,pso,block_errors,1.5,67.0
estimators,pso,block_errors,2.0,38.0
estimators,pso,block_errors,2.5,31.0
estimators,pso,block_errors,3.0,25.0
estimators,pso,block_errors,3.5,13.0
estimators,pso,block_errors,4.0,8.0
estimators,pso,block_errors,4.5,10.0
estimators,pso,block_errors,5.0,4.0
estimators,pso,block_errors,5.5,5.0
estimators,pso,block_errors,6.0,5.0
estimators,pso,block_errors,6.5,3.0
estimators,pso,block_errors,7.0,2.0
estimators,pso,block_errors,7.5,1.0
estimators,pso,block_errors,8.0,0.0
estimators,pso,block_errors,8.5,0.0
estimators,pso,block_errors,9.0,5.0
estimators,pso,block_errors,9.5,1.0
estimators,pso,block_errors,10.0,0.0
estimators,pso,total_blocks,-5.0,1024.0
estimators,pso,total_blocks,-4.5,1024.0
estimators,pso,total_blocks,-4.0,1152.0
estimators,pso,total_blocks,-3.5,1344.0
estimators,pso,total_blocks,-3.0,1856.0
estimators,pso,total_blocks,-2.5,2816.0
estimators,pso,total_blocks,-2.0,4416.0
estimators,pso,total_blocks,-1.5,6784.0
estimators,pso,total_blocks,-1.0,8192.0
estimators,pso,total_blocks,-0.5,8192.0
estimators,pso,total_blocks,0.0,8192.0
estimators,pso,total_blocks,0.5,8192.0
estimators,pso,total_blocks,1.0,8192.0
estimators,pso,total_blocks,1.5,8192.0
estimators,pso,total_blocks,2.0,8192.0
estimators,pso,total_blocks,2.5,8192.0
estimators,pso,total_blocks,3.0,8192.0
estimators,pso,total_blocks,3.5,8192.0
estimators,pso,total_blocks,4.0,8192.0
estimators,pso,total_blocks,4.5,8192.0
estimators,pso,total_blocks,5.0,8192.0
estimators,pso,total_blocks,5.5,8192.0
estimators,pso,total_blocks,6.0,8192.0
estimators,pso,total_blocks,6.5,8192.0
estimators,pso,total_blocks,7.0,8192.0
estimators,pso,total_blocks,7.5,8192.0
estimators,pso,total_blocks,8.0,8192.0
estimators,pso,total_blocks,8.5,8192.0
estimators,pso,total_blocks,9.0,8192.0
estimators,pso,total_blocks,9.5,8192.0
estimators,pso,total_blocks,10.0,8192.0
estimators,pso,num_batches,-5.0,16.0
estimators,pso,num_batches,-4.5,16.0
estimators,pso,num_batches,-4.0,18.0
estimators,pso,num_batches,-3.5,21.0
estimators,pso,num_batches,-3.0,29.0
estimators,pso,num_batches,-2.5,44.0
estimators,pso,num_batches,-2.0,69.0
estimators,pso,num_batches,-1.5,106.0
estimators,pso,num_batches,-1.0,128.0
estimators,pso,num_batches,-0.5,128.0
estimators,pso,num_batches,0.0,128.0
estimators,pso,num_batches,0.5,128.0
estimators,pso,num_batches,1.0,128.0
estimators,pso,num_batches,1.5,128.0
estimators,pso,num_batches,2.0,128.0
estimators,pso,num_batches,2.5,128.0
estimators,pso,num_batches,3.0,128.0
estimators,pso,num_batches,3.5,128.0
estimators,pso,num_batches,4.0,128.0
estimators,pso,num_batches,4.5,128.0
estimators,pso,num_batches,5.0,128.0
estimators,pso,num_batches,5.5,128.0
estimators,pso,num_batches,6.0,128.0
estimators,pso,num_batches,6.5,128.0
estimators,pso,num_batches,7.0,128.0
estimators,pso,num_batches,7.5,128.0
estimators,pso,num_batches,8.0,128.0
estimators,pso,num_batches,8.5,128.0
estimators,pso,num_batches,9.0,128.0
estimators,pso,num_batches,9.5,128.0
estimators,pso,num_batches,10.0,128.0
estimators,pso,stop_reason,-5.0,target_block_errors
estimators,pso,stop_reason,-4.5,target_block_errors
estimators,pso,stop_reason,-4.0,target_block_errors
estimators,pso,stop_reason,-3.5,target_block_errors
estimators,pso,stop_reason,-3.0,target_block_errors
estimators,pso,stop_reason,-2.5,target_block_errors
estimators,pso,stop_reason,-2.0,target_block_errors
estimators,pso,stop_reason,-1.5,target_block_errors
estimators,pso,stop_reason,-1.0,max_batches
estimators,pso,stop_reason,-0.5,max_batches
estimators,pso,stop_reason,0.0,max_batches
estimators,pso,stop_reason,0.5,max_batches
estimators,pso,stop_reason,1.0,max_batches
estimators,pso,stop_reason,1.5,max_batches
estimators,pso,stop_reason,2.0,max_batches
estimators,pso,stop_reason,2.5,max_batches
estimators,pso,stop_reason,3.0,max_batches
estimators,pso,stop_reason,3.5,max_batches
estimators,pso,stop_reason,4.0,max_batches
estimators,pso,stop_reason,4.5,max_batches
estimators,pso,stop_reason,5.0,max_batches
estimators,pso,stop_reason,5.5,max_batches
estimators,pso,stop_reason,6.0,max_batches
estimators,pso,stop_reason,6.5,max_batches
estimators,pso,stop_reason,7.0,max_batches
estimators,pso,stop_reason,7.5,max_batches
estimators,pso,stop_reason,8.0,max_batches
estimators,pso,stop_reason,8.5,max_batches
estimators,pso,stop_reason,9.0,max_batches
estimators,pso,stop_reason,9.5,max_batches
estimators,pso,stop_reason,10.0,max_batches
estimators,pso,point_status,-5.0,resolved
estimators,pso,point_status,-4.5,resolved
estimators,pso,point_status,-4.0,resolved
estimators,pso,point_status,-3.5,resolved
estimators,pso,point_status,-3.0,resolved
estimators,pso,point_status,-2.5,resolved
estimators,pso,point_status,-2.0,resolved
estimators,pso,point_status,-1.5,resolved
estimators,pso,point_status,-1.0,resolved
estimators,pso,point_status,-0.5,resolved
estimators,pso,point_status,0.0,resolved
estimators,pso,point_status,0.5,resolved
estimators,pso,point_status,1.0,resolved
estimators,pso,point_status,1.5,resolved
estimators,pso,point_status,2.0,resolved
estimators,pso,point_status,2.5,resolved
estimators,pso,point_status,3.0,resolved
estimators,pso,point_status,3.5,resolved
estimators,pso,point_status,4.0,resolved
estimators,pso,point_status,4.5,resolved
estimators,pso,point_status,5.0,resolved
estimators,pso,point_status,5.5,resolved
estimators,pso,point_status,6.0,resolved
estimators,pso,point_status,6.5,resolved
estimators,pso,point_status,7.0,resolved
estimators,pso,point_status,7.5,resolved
estimators,pso,point_status,8.0,upper_bound_only
estimators,pso,point_status,8.5,upper_bound_only
estimators,pso,point_status,9.0,resolved
estimators,pso,point_status,9.5,resolved
estimators,pso,point_status,10.0,upper_bound_only
estimators,pso,runtime_total_sec,,18488.806926200028
estimators,perfect,ber,-5.0,0.03318547878135629
estimators,perfect,ber,-4.5,0.0166226256127451
estimators,perfect,ber,-4.0,0.007728020350138347
estimators,perfect,ber,-3.5,0.004010677337646484
estimators,perfect,ber,-3.0,0.0025087197621663413
estimators,perfect,ber,-2.5,0.0012755393981933594
estimators,perfect,ber,-2.0,0.0008361339569091797
estimators,perfect,ber,-1.5,0.00041023890177408856
estimators,perfect,ber,-1.0,0.00016848246256510416
estimators,perfect,ber,-0.5,0.00012969970703125
estimators,perfect,ber,0.0,6.818771362304688e-05
estimators,perfect,ber,0.5,0.00010259946187337239
estimators,perfect,ber,1.0,7.971127827962239e-05
estimators,perfect,ber,1.5,5.0067901611328125e-05
estimators,perfect,ber,2.0,6.357828776041666e-07
estimators,perfect,ber,2.5,0.0
estimators,perfect,ber,3.0,6.389617919921875e-05
estimators,perfect,ber,3.5,0.0
estimators,perfect,ber,4.0,0.0
estimators,perfect,ber,4.5,1.6689300537109375e-06
estimators,perfect,ber,5.0,0.0
estimators,perfect,ber,5.5,0.0
estimators,perfect,ber,6.0,0.0
estimators,perfect,ber,6.5,0.0
estimators,perfect,ber,7.0,0.0
estimators,perfect,ber,7.5,0.0
estimators,perfect,ber,8.0,0.0
estimators,perfect,ber,8.5,0.0
estimators,perfect,ber,9.0,0.0
estimators,perfect,ber,9.5,0.0
estimators,perfect,ber,10.0,0.0
estimators,perfect,ber_upper_confidence,-5.0,0.03331998345681212
estimators,perfect,ber_upper_confidence,-4.5,0.01669553380996109
estimators,perfect,ber_upper_confidence,-4.0,0.007768731952877205
estimators,perfect,ber_upper_confidence,-3.5,0.004040091277096819
estimators,perfect,ber_upper_confidence,-3.0,0.002532023200183713
estimators,perfect,ber_upper_confidence,-2.5,0.0012921973005988589
estimators,perfect,ber_upper_confidence,-2.0,0.0008496444347441135
estimators,perfect,ber_upper_confidence,-1.5,0.00041973694433986654
estimators,perfect,ber_upper_confidence,-1.0,0.0001746092438017305
estimators,perfect,ber_upper_confidence,-0.5,0.0001350888169296918
estimators,perfect,ber_upper_confidence,0.0,7.212562380096858e-05
estimators,perfect,ber_upper_confidence,0.5,0.00010740481410737758
estimators,perfect,ber_upper_confidence,1.0,8.39599635931662e-05
estimators,perfect,ber_upper_confidence,1.5,5.345815413526979e-05
estimators,perfect,ber_upper_confidence,2.0,1.1283397401443499e-06
estimators,perfect,ber_upper_confidence,2.5,2.3807941067647855e-07
estimators,perfect,ber_upper_confidence,3.0,6.7711700058566e-05
estimators,perfect,ber_upper_confidence,3.5,2.3807941067647855e-07
estimators,perfect,ber_upper_confidence,4.0,2.3807941067647855e-07
estimators,perfect,ber_upper_confidence,4.5,2.38504831744824e-06
estimators,perfect,ber_upper_confidence,5.0,2.3807941067647855e-07
estimators,perfect,ber_upper_confidence,5.5,2.3807941067647855e-07
estimators,perfect,ber_upper_confidence,6.0,2.3807941067647855e-07
estimators,perfect,ber_upper_confidence,6.5,2.3807941067647855e-07
estimators,perfect,ber_upper_confidence,7.0,2.3807941067647855e-07
estimators,perfect,ber_upper_confidence,7.5,2.3807941067647855e-07
estimators,perfect,ber_upper_confidence,8.0,2.3807941067647855e-07
estimators,perfect,ber_upper_confidence,8.5,2.3807941067647855e-07
estimators,perfect,ber_upper_confidence,9.0,2.3807941067647855e-07
estimators,perfect,ber_upper_confidence,9.5,2.3807941067647855e-07
estimators,perfect,ber_upper_confidence,10.0,2.3807941067647855e-07
estimators,perfect,latency_ms,-5.0,789.6623486394095
estimators,perfect,latency_ms,-4.5,828.4901374509067
estimators,perfect,latency_ms,-4.0,871.2246317708989
estimators,perfect,latency_ms,-3.5,852.4115294269372
estimators,perfect,latency_ms,-3.0,844.7670098959463
estimators,perfect,latency_ms,-2.5,851.4642692709689
estimators,perfect,latency_ms,-2.0,853.310302083455
estimators,perfect,latency_ms,-1.5,854.0303098958888
estimators,perfect,latency_ms,-1.0,850.4146755205751
estimators,perfect,latency_ms,-0.5,853.5653669271288
estimators,perfect,latency_ms,0.0,855.5419583333738
estimators,perfect,latency_ms,0.5,854.3143880205693
estimators,perfect,latency_ms,1.0,865.9439263020672
estimators,perfect,latency_ms,1.5,857.8700302082791
estimators,perfect,latency_ms,2.0,856.3113302083572
estimators,perfect,latency_ms,2.5,859.9830388020207
estimators,perfect,latency_ms,3.0,865.323436458286
estimators,perfect,latency_ms,3.5,863.2297333332577
estimators,perfect,latency_ms,4.0,864.5942841145633
estimators,perfect,latency_ms,4.5,869.8338114582556
estimators,perfect,latency_ms,5.0,870.7869786458389
estimators,perfect,latency_ms,5.5,866.4595544272045
estimators,perfect,latency_ms,6.0,858.4154270832345
estimators,perfect,latency_ms,6.5,863.5221177083645
estimators,perfect,latency_ms,7.0,861.6872177082522
estimators,perfect,latency_ms,7.5,869.272855989649
estimators,perfect,latency_ms,8.0,867.602888802153
estimators,perfect,latency_ms,8.5,873.4210247395508
estimators,perfect,latency_ms,9.0,872.6139653645562
estimators,perfect,latency_ms,9.5,865.1622434895643
estimators,perfect,latency_ms,10.0,855.914082552149
estimators,perfect,throughput_bits_per_batch,-5.0,95041.73469387754
estimators,perfect,throughput_bits_per_batch,-4.5,96669.92941176471
estimators,perfect,throughput_bits_per_batch,-4.0,97544.3046875
estimators,perfect,throughput_bits_per_batch,-3.5,97909.734375
estimators,perfect,throughput_bits_per_batch,-3.0,98057.3828125
estimators,perfect,throughput_bits_per_batch,-2.5,98178.609375
estimators,perfect,throughput_bits_per_batch,-2.0,98221.8046875
estimators,perfect,throughput_bits_per_batch,-1.5,98263.671875
estimators,perfect,throughput_bits_per_batch,-1.0,98287.4375
estimators,perfect,throughput_bits_per_batch,-0.5,98291.25
estimators,perfect,throughput_bits_per_batch,0.0,98297.296875
estimators,perfect,throughput_bits_per_batch,0.5,98293.9140625
estimators,perfect,throughput_bits_per_batch,1.0,98296.1640625
estimators,perfect,throughput_bits_per_batch,1.5,98299.078125
estimators,perfect,throughput_bits_per_batch,2.0,98303.9375
estimators,perfect,throughput_bits_per_batch,2.5,98304.0
estimators,perfect,throughput_bits_per_batch,3.0,98297.71875
estimators,perfect,throughput_bits_per_batch,3.5,98304.0
estimators,perfect,throughput_bits_per_batch,4.0,98304.0
estimators,perfect,throughput_bits_per_batch,4.5,98303.8359375
estimators,perfect,throughput_bits_per_batch,5.0,98304.0
estimators,perfect,throughput_bits_per_batch,5.5,98304.0
estimators,perfect,throughput_bits_per_batch,6.0,98304.0
estimators,perfect,throughput_bits_per_batch,6.5,98304.0
estimators,perfect,throughput_bits_per_batch,7.0,98304.0
estimators,perfect,throughput_bits_per_batch,7.5,98304.0
estimators,perfect,throughput_bits_per_batch,8.0,98304.0
estimators,perfect,throughput_bits_per_batch,8.5,98304.0
estimators,perfect,throughput_bits_per_batch,9.0,98304.0
estimators,perfect,throughput_bits_per_batch,9.5,98304.0
estimators,perfect,throughput_bits_per_batch,10.0,98304.0
estimators,perfect,energy_joules_per_batch,-5.0,0.00018645100000000008
estimators,perfect,energy_joules_per_batch,-4.5,0.0001864510000000003
estimators,perfect,energy_joules_per_batch,-4.0,0.00018645100000000043
estimators,perfect,energy_joules_per_batch,-3.5,0.00018645100000000043
estimators,perfect,energy_joules_per_batch,-3.0,0.00018645100000000043
estimators,perfect,energy_joules_per_batch,-2.5,0.00018645100000000043
estimators,perfect,energy_joules_per_batch,-2.0,0.00018645100000000043
estimators,perfect,energy_joules_per_batch,-1.5,0.00018645100000000043
estimators,perfect,energy_joules_per_batch,-1.0,0.00018645100000000043
estimators,perfect,energy_joules_per_batch,-0.5,0.00018645100000000043
estimators,perfect,energy_joules_per_batch,0.0,0.00018645100000000043
estimators,perfect,energy_joules_per_batch,0.5,0.00018645100000000043
estimators,perfect,energy_joules_per_batch,1.0,0.00018645100000000043
estimators,perfect,energy_joules_per_batch,1.5,0.00018645100000000043
estimators,perfect,energy_joules_per_batch,2.0,0.00018645100000000043
estimators,perfect,energy_joules_per_batch,2.5,0.00018645100000000043
estimators,perfect,energy_joules_per_batch,3.0,0.00018645100000000043
estimators,perfect,energy_joules_per_batch,3.5,0.00018645100000000043
estimators,perfect,energy_joules_per_batch,4.0,0.00018645100000000043
estimators,perfect,energy_joules_per_batch,4.5,0.00018645100000000043
estimators,perfect,energy_joules_per_batch,5.0,0.00018645100000000043
estimators,perfect,energy_joules_per_batch,5.5,0.00018645100000000043
estimators,perfect,energy_joules_per_batch,6.0,0.00018645100000000043
estimators,perfect,energy_joules_per_batch,6.5,0.00018645100000000043
estimators,perfect,energy_joules_per_batch,7.0,0.00018645100000000043
estimators,perfect,energy_joules_per_batch,7.5,0.00018645100000000043
estimators,perfect,energy_joules_per_batch,8.0,0.00018645100000000043
estimators,perfect,energy_joules_per_batch,8.5,0.00018645100000000043
estimators,perfect,energy_joules_per_batch,9.0,0.00018645100000000043
estimators,perfect,energy_joules_per_batch,9.5,0.00018645100000000043
estimators,perfect,energy_joules_per_batch,10.0,0.00018645100000000043
estimators,perfect,avg_power_w,-5.0,0.00023611484113590534
estimators,perfect,avg_power_w,-4.5,0.0002250491485314135
estimators,perfect,avg_power_w,-4.0,0.00021401024856357643
estimators,perfect,avg_power_w,-3.5,0.00021873355012613273
estimators,perfect,avg_power_w,-3.0,0.00022071292772544044
estimators,perfect,avg_power_w,-2.5,0.00021897689278217323
estimators,perfect,avg_power_w,-2.0,0.0002185031629698586
estimators,perfect,avg_power_w,-1.5,0.00021831894938568384
estimators,perfect,avg_power_w,-1.0,0.00021924715714232687
estimators,perfect,avg_power_w,-0.5,0.00021843786922990077
estimators,perfect,avg_power_w,0.0,0.00021793320384100575
estimators,perfect,avg_power_w,0.5,0.00021824635358419278
estimators,perfect,avg_power_w,1.0,0.00021531532739795526
estimators,perfect,avg_power_w,1.5,0.00021734178072957354
estimators,perfect,avg_power_w,2.0,0.0002177373969285602
estimators,perfect,avg_power_w,2.5,0.0002168077643249007
estimators,perfect,avg_power_w,3.0,0.00021546972166053025
estimators,perfect,avg_power_w,3.5,0.00021599232834583018
estimators,perfect,avg_power_w,4.0,0.0002156514372413948
estimators,perfect,avg_power_w,4.5,0.0002143524401372945
estimators,perfect,avg_power_w,5.0,0.00021411780903057422
estimators,perfect,avg_power_w,5.5,0.00021518719373261305
estimators,perfect,avg_power_w,6.0,0.00021720369196244837
estimators,perfect,avg_power_w,6.5,0.00021591919439748516
estimators,perfect,avg_power_w,7.0,0.0002163789785531303
estimators,perfect,avg_power_w,7.5,0.00021449076514385102
estimators,perfect,avg_power_w,8.0,0.00021490361824108502
estimators,perfect,avg_power_w,8.5,0.0002134720767176392
estimators,perfect,avg_power_w,9.0,0.00021366951183517433
estimators,perfect,avg_power_w,9.5,0.0002155098669678012
estimators,perfect,avg_power_w,10.0,0.00021783845341584316
estimators,perfect,runtime_sec,-5.0,40.08235509999983
estimators,perfect,runtime_sec,-4.5,72.905479799999
estimators,perfect,runtime_sec,-4.0,115.61655369999175
estimators,perfect,runtime_sec,-3.5,113.09220000000104
estimators,perfect,runtime_sec,-3.0,112.08317009998882
estimators,perfect,runtime_sec,-2.5,112.95360629997114
estimators,perfect,runtime_sec,-2.0,113.21889729997704
estimators,perfect,runtime_sec,-1.5,113.33010119997925
estimators,perfect,runtime_sec,-1.0,112.8285253000301
estimators,perfect,runtime_sec,-0.5,113.25601850001601
estimators,perfect,runtime_sec,0.0,113.54786550002115
estimators,perfect,runtime_sec,0.5,113.34797349998621
estimators,perfect,runtime_sec,1.0,114.91799509999746
estimators,perfect,runtime_sec,1.5,113.80431340000257
estimators,perfect,runtime_sec,2.0,113.61062519997316
estimators,perfect,runtime_sec,2.5,114.05938039999506
estimators,perfect,runtime_sec,3.0,114.84179950001032
estimators,perfect,runtime_sec,3.5,114.5178238000002
estimators,perfect,runtime_sec,4.0,114.7649845999918
estimators,perfect,runtime_sec,4.5,115.45719559998679
estimators,perfect,runtime_sec,5.0,115.51923870000604
estimators,perfect,runtime_sec,5.5,114.98284889999161
estimators,perfect,runtime_sec,6.0,113.90199619998435
estimators,perfect,runtime_sec,6.5,114.60772819999886
estimators,perfect,runtime_sec,7.0,114.32791989998668
estimators,perfect,runtime_sec,7.5,115.32710469999455
estimators,perfect,runtime_sec,8.0,115.15426870001289
estimators,perfect,runtime_sec,8.5,115.89664679997736
estimators,perfect,runtime_sec,9.0,115.82740600000653
estimators,perfect,runtime_sec,9.5,114.77187600000929
estimators,perfect,runtime_sec,10.0,113.53764950001016
estimators,perfect,bit_errors,-5.0,159851.0
estimators,perfect,bit_errors,-4.5,138896.0
estimators,perfect,bit_errors,-4.0,97241.0
estimators,perfect,bit_errors,-3.5,50466.0
estimators,perfect,bit_errors,-3.0,31567.0
estimators,perfect,bit_errors,-2.5,16050.0
estimators,perfect,bit_errors,-2.0,10521.0
estimators,perfect,bit_errors,-1.5,5162.0
estimators,perfect,bit_errors,-1.0,2120.0
estimators,perfect,bit_errors,-0.5,1632.0
estimators,perfect,bit_errors,0.0,858.0
estimators,perfect,bit_errors,0.5,1291.0
estimators,perfect,bit_errors,1.0,1003.0
estimators,perfect,bit_errors,1.5,630.0
estimators,perfect,bit_errors,2.0,8.0
estimators,perfect,bit_errors,2.5,0.0
estimators,perfect,bit_errors,3.0,804.0
estimators,perfect,bit_errors,3.5,0.0
estimators,perfect,bit_errors,4.0,0.0
estimators,perfect,bit_errors,4.5,21.0
estimators,perfect,bit_errors,5.0,0.0
estimators,perfect,bit_errors,5.5,0.0
estimators,perfect,bit_errors,6.0,0.0
estimators,perfect,bit_errors,6.5,0.0
estimators,perfect,bit_errors,7.0,0.0
estimators,perfect,bit_errors,7.5,0.0
estimators,perfect,bit_errors,8.0,0.0
estimators,perfect,bit_errors,8.5,0.0
estimators,perfect,bit_errors,9.0,0.0
estimators,perfect,bit_errors,9.5,0.0
estimators,perfect,bit_errors,10.0,0.0
estimators,perfect,total_bits,-5.0,4816896.0
estimators,perfect,total_bits,-4.5,8355840.0
estimators,perfect,total_bits,-4.0,12582912.0
estimators,perfect,total_bits,-3.5,12582912.0
estimators,perfect,total_bits,-3.0,12582912.0
estimators,perfect,total_bits,-2.5,12582912.0
estimators,perfect,total_bits,-2.0,12582912.0
estimators,perfect,total_bits,-1.5,12582912.0
estimators,perfect,total_bits,-1.0,12582912.0
estimators,perfect,total_bits,-0.5,12582912.0
estimators,perfect,total_bits,0.0,12582912.0
estimators,perfect,total_bits,0.5,12582912.0
estimators,perfect,total_bits,1.0,12582912.0
estimators,perfect,total_bits,1.5,12582912.0
estimators,perfect,total_bits,2.0,12582912.0
estimators,perfect,total_bits,2.5,12582912.0
estimators,perfect,total_bits,3.0,12582912.0
estimators,perfect,total_bits,3.5,12582912.0
estimators,perfect,total_bits,4.0,12582912.0
estimators,perfect,total_bits,4.5,12582912.0
estimators,perfect,total_bits,5.0,12582912.0
estimators,perfect,total_bits,5.5,12582912.0
estimators,perfect,total_bits,6.0,12582912.0
estimators,perfect,total_bits,6.5,12582912.0
estimators,perfect,total_bits,7.0,12582912.0
estimators,perfect,total_bits,7.5,12582912.0
estimators,perfect,total_bits,8.0,12582912.0
estimators,perfect,total_bits,8.5,12582912.0
estimators,perfect,total_bits,9.0,12582912.0
estimators,perfect,total_bits,9.5,12582912.0
estimators,perfect,total_bits,10.0,12582912.0
estimators,perfect,block_errors,-5.0,1028.0
estimators,perfect,block_errors,-4.5,1002.0
estimators,perfect,block_errors,-4.0,728.0
estimators,perfect,block_errors,-3.5,368.0
estimators,perfect,block_errors,-3.0,213.0
estimators,perfect,block_errors,-2.5,103.0
estimators,perfect,block_errors,-2.0,77.0
estimators,perfect,block_errors,-1.5,36.0
estimators,perfect,block_errors,-1.0,19.0
estimators,perfect,block_errors,-0.5,13.0
estimators,perfect,block_errors,0.0,11.0
estimators,perfect,block_errors,0.5,8.0
estimators,perfect,block_errors,1.0,7.0
estimators,perfect,block_errors,1.5,3.0
estimators,perfect,block_errors,2.0,2.0
estimators,perfect,block_errors,2.5,0.0
estimators,perfect,block_errors,3.0,3.0
estimators,perfect,block_errors,3.5,0.0
estimators,perfect,block_errors,4.0,0.0
estimators,perfect,block_errors,4.5,1.0
estimators,perfect,block_errors,5.0,0.0
estimators,perfect,block_errors,5.5,0.0
estimators,perfect,block_errors,6.0,0.0
estimators,perfect,block_errors,6.5,0.0
estimators,perfect,block_errors,7.0,0.0
estimators,perfect,block_errors,7.5,0.0
estimators,perfect,block_errors,8.0,0.0
estimators,perfect,block_errors,8.5,0.0
estimators,perfect,block_errors,9.0,0.0
estimators,perfect,block_errors,9.5,0.0
estimators,perfect,block_errors,10.0,0.0
estimators,perfect,total_blocks,-5.0,3136.0
estimators,perfect,total_blocks,-4.5,5440.0
estimators,perfect,total_blocks,-4.0,8192.0
estimators,perfect,total_blocks,-3.5,8192.0
estimators,perfect,total_blocks,-3.0,8192.0
estimators,perfect,total_blocks,-2.5,8192.0
estimators,perfect,total_blocks,-2.0,8192.0
estimators,perfect,total_blocks,-1.5,8192.0
estimators,perfect,total_blocks,-1.0,8192.0
estimators,perfect,total_blocks,-0.5,8192.0
estimators,perfect,total_blocks,0.0,8192.0
estimators,perfect,total_blocks,0.5,8192.0
estimators,perfect,total_blocks,1.0,8192.0
estimators,perfect,total_blocks,1.5,8192.0
estimators,perfect,total_blocks,2.0,8192.0
estimators,perfect,total_blocks,2.5,8192.0
estimators,perfect,total_blocks,3.0,8192.0
estimators,perfect,total_blocks,3.5,8192.0
estimators,perfect,total_blocks,4.0,8192.0
estimators,perfect,total_blocks,4.5,8192.0
estimators,perfect,total_blocks,5.0,8192.0
estimators,perfect,total_blocks,5.5,8192.0
estimators,perfect,total_blocks,6.0,8192.0
estimators,perfect,total_blocks,6.5,8192.0
estimators,perfect,total_blocks,7.0,8192.0
estimators,perfect,total_blocks,7.5,8192.0
estimators,perfect,total_blocks,8.0,8192.0
estimators,perfect,total_blocks,8.5,8192.0
estimators,perfect,total_blocks,9.0,8192.0
estimators,perfect,total_blocks,9.5,8192.0
estimators,perfect,total_blocks,10.0,8192.0
estimators,perfect,num_batches,-5.0,49.0
estimators,perfect,num_batches,-4.5,85.0
estimators,perfect,num_batches,-4.0,128.0
estimators,perfect,num_batches,-3.5,128.0
estimators,perfect,num_batches,-3.0,128.0
estimators,perfect,num_batches,-2.5,128.0
estimators,perfect,num_batches,-2.0,128.0
estimators,perfect,num_batches,-1.5,128.0
estimators,perfect,num_batches,-1.0,128.0
estimators,perfect,num_batches,-0.5,128.0
estimators,perfect,num_batches,0.0,128.0
estimators,perfect,num_batches,0.5,128.0
estimators,perfect,num_batches,1.0,128.0
estimators,perfect,num_batches,1.5,128.0
estimators,perfect,num_batches,2.0,128.0
estimators,perfect,num_batches,2.5,128.0
estimators,perfect,num_batches,3.0,128.0
estimators,perfect,num_batches,3.5,128.0
estimators,perfect,num_batches,4.0,128.0
estimators,perfect,num_batches,4.5,128.0
estimators,perfect,num_batches,5.0,128.0
estimators,perfect,num_batches,5.5,128.0
estimators,perfect,num_batches,6.0,128.0
estimators,perfect,num_batches,6.5,128.0
estimators,perfect,num_batches,7.0,128.0
estimators,perfect,num_batches,7.5,128.0
estimators,perfect,num_batches,8.0,128.0
estimators,perfect,num_batches,8.5,128.0
estimators,perfect,num_batches,9.0,128.0
estimators,perfect,num_batches,9.5,128.0
estimators,perfect,num_batches,10.0,128.0
estimators,perfect,stop_reason,-5.0,target_block_errors
estimators,perfect,stop_reason,-4.5,target_block_errors
estimators,perfect,stop_reason,-4.0,max_batches
estimators,perfect,stop_reason,-3.5,max_batches
estimators,perfect,stop_reason,-3.0,max_batches
estimators,perfect,stop_reason,-2.5,max_batches
estimators,perfect,stop_reason,-2.0,max_batches
estimators,perfect,stop_reason,-1.5,max_batches
estimators,perfect,stop_reason,-1.0,max_batches
estimators,perfect,stop_reason,-0.5,max_batches
estimators,perfect,stop_reason,0.0,max_batches
estimators,perfect,stop_reason,0.5,max_batches
estimators,perfect,stop_reason,1.0,max_batches
estimators,perfect,stop_reason,1.5,max_batches
estimators,perfect,stop_reason,2.0,max_batches
estimators,perfect,stop_reason,2.5,max_batches
estimators,perfect,stop_reason,3.0,max_batches
estimators,perfect,stop_reason,3.5,max_batches
estimators,perfect,stop_reason,4.0,max_batches
estimators,perfect,stop_reason,4.5,max_batches
estimators,perfect,stop_reason,5.0,max_batches
estimators,perfect,stop_reason,5.5,max_batches
estimators,perfect,stop_reason,6.0,max_batches
estimators,perfect,stop_reason,6.5,max_batches
estimators,perfect,stop_reason,7.0,max_batches
estimators,perfect,stop_reason,7.5,max_batches
estimators,perfect,stop_reason,8.0,max_batches
estimators,perfect,stop_reason,8.5,max_batches
estimators,perfect,stop_reason,9.0,max_batches
estimators,perfect,stop_reason,9.5,max_batches
estimators,perfect,stop_reason,10.0,max_batches
estimators,perfect,point_status,-5.0,resolved
estimators,perfect,point_status,-4.5,resolved
estimators,perfect,point_status,-4.0,resolved
estimators,perfect,point_status,-3.5,resolved
estimators,perfect,point_status,-3.0,resolved
estimators,perfect,point_status,-2.5,resolved
estimators,perfect,point_status,-2.0,resolved
estimators,perfect,point_status,-1.5,resolved
estimators,perfect,point_status,-1.0,resolved
estimators,perfect,point_status,-0.5,resolved
estimators,perfect,point_status,0.0,resolved
estimators,perfect,point_status,0.5,resolved
estimators,perfect,point_status,1.0,resolved
estimators,perfect,point_status,1.5,resolved
estimators,perfect,point_status,2.0,upper_bound_only
estimators,perfect,point_status,2.5,upper_bound_only
estimators,perfect,point_status,3.0,resolved
estimators,perfect,point_status,3.5,upper_bound_only
estimators,perfect,point_status,4.0,upper_bound_only
estimators,perfect,point_status,4.5,upper_bound_only
estimators,perfect,point_status,5.0,upper_bound_only
estimators,perfect,point_status,5.5,upper_bound_only
estimators,perfect,point_status,6.0,upper_bound_only
estimators,perfect,point_status,6.5,upper_bound_only
estimators,perfect,point_status,7.0,upper_bound_only
estimators,perfect,point_status,7.5,upper_bound_only
estimators,perfect,point_status,8.0,upper_bound_only
estimators,perfect,point_status,8.5,upper_bound_only
estimators,perfect,point_status,9.0,upper_bound_only
estimators,perfect,point_status,9.5,upper_bound_only
estimators,perfect,point_status,10.0,upper_bound_only
estimators,perfect,runtime_total_sec,,3426.091547499897
